chr,start,end,motif,gap_size
1,72142111,72142129,TGTT[TG]_ATGCA,5
1,72142111,72142128,TGTTT_AATGC,5
1,184061808,184061824,TGTT[TG]_[CA]AACA,2
1,87922920,87922940,TGTTT_AATGC,8
1,186693405,186693422,TGTT[TG]_ATGCA,4
1,186693405,186693421,TGTTT_AATGC,4
1,58156865,58156888,TGTT[TG]_[CA]AACA,9
1,134473316,134473334,TGTT[TG]_[CA]AACA,4
1,22427625,22427640,TGTT[TG]_[CA]AACA,1
1,22427622,22427640,TGTT[TG]_[CA]AACA,4
1,22427625,22427647,TGTT[TG]_[CA]AACA,8
1,52245471,52245489,TGTT[TG]_[CA]AACA,4
1,30921395,30921409,TGTT[TG]_ATGCA,1
1,181240704,181240722,TGTT[TG]_[CA]AACA,4
1,155741500,155741515,TGTT[TG]_[CA]AACA,1
1,131489139,131489157,TGTT[TG]_[CA]AACA,4
1,131489139,131489161,TGTT[TG]_[CA]AACA,8
1,160058269,160058284,TGTT[TG]_GATGC,3
1,53350214,53350231,TGTT[TG]_ATGCA,4
1,36470833,36470854,GCAT[TC]_AAACA,9
1,36470832,36470854,[TC]GCAT_AAACA,9
1,58975291,58975308,TGTT[TG]_[CA]AACA,3
1,58975286,58975305,TGTT[TG]_[CA]AACA,5
1,58975286,58975308,TGTT[TG]_[CA]AACA,8
1,156263436,156263451,TGTT[TG]_[CA]AACA,1
1,156263620,156263638,TGTT[TG]_[CA]AACA,4
1,156263617,156263638,TGTT[TG]_[CA]AACA,7
1,165200727,165200749,[TC]GCAT_AAACA,9
1,151615444,151615459,TGTT[TG]_[CA]AACA,1
1,151615441,151615459,TGTT[TG]_[CA]AACA,4
1,9976309,9976327,TGTT[TG]_[CA]AACA,4
1,13155539,13155560,TGTT[TG]_[CA]AACA,7
1,95590368,95590384,TGTT[TG]_ATGCA,3
1,95590365,95590384,TGTT[TG]_ATGCA,6
1,95590368,95590383,TGTTT_AATGC,3
1,161975375,161975393,TGTT[TG]_[CA]AACA,4
1,69420194,69420209,TGTT[TG]_[CA]AACA,1
1,69420191,69420209,TGTT[TG]_[CA]AACA,4
1,64088703,64088725,TGTT[TG]_[CA]AACA,8
1,39983440,39983463,TGTT[TG]_[CA]AACA,9
1,73928913,73928931,TGTT[TG]_[CA]AACA,4
1,188027545,188027563,TGTT[TG]_[CA]AACA,4
1,43464056,43464073,TGTTT_AATGC,5
1,77831945,77831963,TGTT[TG]_[CA]AACA,4
1,77831940,77831963,TGTT[TG]_[CA]AACA,9
1,13667837,13667855,TGTT[TG]_[CA]AACA,4
1,74758837,74758854,TGTT[TG]_ATGCA,4
1,74758750,74758772,TGTT[TG]_ATGCA,9
1,20135504,20135522,TGTT[TG]_[CA]AACA,4
1,147928963,147928981,TGTT[TG]_[CA]AACA,4
1,157990627,157990645,TGTT[TG]_[CA]AACA,4
1,157990668,157990687,GCAT[TC]_AAACA,7
1,36267724,36267744,TGTT[TG]_ATGCA,7
1,10146949,10146964,TGTT[TG]_[CA]AACA,1
1,10146946,10146964,TGTT[TG]_[CA]AACA,4
1,128077458,128077475,TGTT[TG]_[CA]AACA,3
1,128077371,128077392,TGTT[TG]_[CA]AACA,7
1,95744505,95744528,TGTT[TG]_[CA]AACA,9
1,63423555,63423573,TGTT[TG]_[CA]AACA,4
1,171412777,171412793,TGTT[TG]_GATGC,4
1,64308858,64308880,TGTT[TG]_[CA]AACA,8
1,157110227,157110249,TGTT[TG]_[CA]AACA,8
1,86153406,86153424,TGTT[TG]_[CA]AACA,4
1,118390947,118390965,TGTT[TG]_[CA]AACA,4
1,46055603,46055620,[TC]GCAT_AAACA,4
1,52303059,52303077,TGTT[TG]_[CA]AACA,4
1,64303165,64303186,[TC]GCAT_AAACA,8
1,164136740,164136755,TGTT[TG]_[CA]AACA,1
1,164136736,164136755,GCAT[TC]_AAACA,7
1,171840503,171840522,TGTT[TG]_[CA]AACA,5
1,144267620,144267638,TGTT[TG]_[CA]AACA,4
1,74617141,74617159,TGTT[TG]_[CA]AACA,4
1,74617137,74617159,TGTT[TG]_[CA]AACA,8
1,131379850,131379868,TGTT[TG]_[CA]AACA,4
1,131379850,131379873,TGTT[TG]_[CA]AACA,9
1,69119700,69119718,TGTT[TG]_[CA]AACA,4
1,173680824,173680842,TGTT[TG]_[CA]AACA,4
1,60760077,60760094,GCAT[TC]_AAACA,5
1,122837252,122837270,TGTT[TG]_[CA]AACA,4
1,83006456,83006479,TGTT[TG]_[CA]AACA,9
1,92774189,92774210,TGTT[TG]_[CA]AACA,7
1,58965413,58965434,TGTT[TG]_[CA]AACA,7
1,13464886,13464902,TGTT[TG]_GATGC,4
1,13464886,13464903,TGTT[TG]_ATGCA,4
1,7709349,7709370,TGTT[TG]_GATGC,9
1,7709349,7709371,TGTT[TG]_ATGCA,9
1,138125376,138125396,GCAT[TC]_AAACA,8
1,138125464,138125485,GCAT[TC]_AAACA,9
1,138125375,138125396,[TC]GCAT_AAACA,8
1,168891258,168891276,TGTT[TG]_[CA]AACA,4
1,61016227,61016244,TGTT[TG]_[CA]AACA,3
1,131154501,131154519,TGTT[TG]_[CA]AACA,4
1,165791657,165791672,TGTT[TG]_[CA]AACA,1
1,165791657,165791678,TGTT[TG]_[CA]AACA,7
1,165791652,165791672,GCAT[TC]_AAACA,8
1,165791651,165791672,[TC]GCAT_AAACA,8
1,37246918,37246936,TGTT[TG]_[CA]AACA,4
1,43519862,43519876,TGTTT_AATGC,2
1,43519858,43519876,TGTTT_AATGC,6
1,193839234,193839252,TGTT[TG]_[CA]AACA,4
1,193839234,193839257,TGTT[TG]_[CA]AACA,9
1,69704048,69704071,TGTT[TG]_[CA]AACA,9
1,53909213,53909232,GCAT[TC]_AAACA,7
1,82803852,82803866,TGTT[TG]_ATGCA,1
1,82803849,82803866,TGTT[TG]_ATGCA,4
1,77855309,77855327,TGTT[TG]_[CA]AACA,4
1,77855328,77855343,[TC]GCAT_AAACA,2
1,82764666,82764684,TGTT[TG]_[CA]AACA,4
1,82764662,82764684,TGTT[TG]_[CA]AACA,8
1,126781037,126781055,TGTT[TG]_[CA]AACA,4
1,43403484,43403500,GCAT[TC]_AAACA,4
1,177338240,177338255,TGTT[TG]_[CA]AACA,1
1,177338240,177338258,TGTT[TG]_[CA]AACA,4
1,177338405,177338423,[TC]GCAT_AAACA,5
1,3932145,3932163,TGTT[TG]_[CA]AACA,4
1,98093022,98093043,TGTT[TG]_[CA]AACA,7
1,193421381,193421396,GCAT[TC]_AAACA,3
1,87632854,87632872,TGTT[TG]_[CA]AACA,4
1,145413860,145413878,TGTT[TG]_[CA]AACA,4
1,70893067,70893085,TGTT[TG]_[CA]AACA,4
1,161750866,161750885,GCAT[TC]_AAACA,7
1,161750865,161750885,[TC]GCAT_AAACA,7
1,70134495,70134513,TGTT[TG]_[CA]AACA,4
1,78017177,78017195,TGTT[TG]_[CA]AACA,4
1,78017171,78017191,TGTT[TG]_[CA]AACA,6
1,78017177,78017199,TGTT[TG]_[CA]AACA,8
1,43534931,43534946,TGTT[TG]_[CA]AACA,1
1,156847969,156847984,TGTT[TG]_[CA]AACA,1
1,156848121,156848139,TGTT[TG]_[CA]AACA,4
1,153347095,153347117,TGTT[TG]_[CA]AACA,8
1,191409780,191409798,TGTT[TG]_[CA]AACA,4
1,169950757,169950777,TGTT[TG]_GATGC,8
1,75248592,75248607,TGTT[TG]_[CA]AACA,1
1,194728179,194728195,TGTT[TG]_GATGC,4
1,194728179,194728196,TGTT[TG]_ATGCA,4
1,36273487,36273505,TGTT[TG]_GATGC,6
1,36273676,36273692,[TC]GCAT_AAACA,3
1,22653498,22653516,TGTT[TG]_[CA]AACA,4
1,60913398,60913420,TGTT[TG]_[CA]AACA,8
1,138610812,138610826,TGTT[TG]_GATGC,2
1,42300254,42300272,TGTT[TG]_[CA]AACA,4
1,138700602,138700620,TGTT[TG]_ATGCA,5
1,70414056,70414074,TGTT[TG]_[CA]AACA,4
1,146595569,146595587,TGTT[TG]_[CA]AACA,4
1,66816229,66816242,GCAT[TC]_AAACA,1
1,95605430,95605446,TGTT[TG]_[CA]AACA,2
1,95605430,95605450,TGTT[TG]_[CA]AACA,6
1,95605482,95605499,[TC]GCAT_AAACA,4
1,120100452,120100467,TGTT[TG]_[CA]AACA,1
1,120100449,120100467,TGTT[TG]_[CA]AACA,4
1,120100449,120100470,TGTT[TG]_[CA]AACA,7
1,31262843,31262858,TGTT[TG]_[CA]AACA,1
1,31262843,31262861,TGTT[TG]_[CA]AACA,4
1,31262843,31262864,TGTT[TG]_[CA]AACA,7
1,40079758,40079773,TGTT[TG]_[CA]AACA,1
1,111864075,111864090,TGTT[TG]_GATGC,3
1,54860705,54860723,TGTT[TG]_[CA]AACA,4
1,11022282,11022300,TGTT[TG]_[CA]AACA,4
1,11022278,11022300,TGTT[TG]_[CA]AACA,8
1,11022282,11022296,TGTT[TG]_ATGCA,1
1,11022278,11022296,TGTT[TG]_ATGCA,5
1,114175251,114175273,TGTT[TG]_[CA]AACA,8
1,16613695,16613713,TGTT[TG]_[CA]AACA,4
1,74991242,74991261,TGTT[TG]_ATGCA,6
1,108209278,108209296,TGTT[TG]_[CA]AACA,4
1,64709594,64709612,TGTT[TG]_[CA]AACA,4
1,152289465,152289483,TGTT[TG]_[CA]AACA,4
1,160926454,160926469,TGTT[TG]_[CA]AACA,1
1,160926454,160926472,TGTT[TG]_[CA]AACA,4
1,161903288,161903305,TGTT[TG]_[CA]AACA,3
1,36708939,36708955,TGTT[TG]_[CA]AACA,2
1,63730429,63730450,TGTT[TG]_[CA]AACA,7
1,151457201,151457216,[TC]GCAT_AAACA,2
1,15985173,15985188,TGTT[TG]_[CA]AACA,1
1,15985170,15985188,TGTT[TG]_[CA]AACA,4
1,36922084,36922098,TGTT[TG]_ATGCA,1
1,36922084,36922097,TGTTT_AATGC,1
1,160397472,160397491,TGTT[TG]_[CA]AACA,5
1,160397443,160397459,GCAT[TC]_AAACA,4
1,160397442,160397459,[TC]GCAT_AAACA,4
1,147519479,147519499,TGTT[TG]_[CA]AACA,6
1,147519581,147519603,[TC]GCAT_AAACA,9
1,118641723,118641741,TGTT[TG]_[CA]AACA,4
1,138348820,138348834,GCAT[TC]_AAACA,2
1,164494834,164494854,TGTT[TG]_[CA]AACA,6
1,138542769,138542782,TGTTT_AATGC,1
1,138542762,138542782,TGTTT_AATGC,8
1,138542527,138542547,[TC]GCAT_AAACA,7
1,125441928,125441942,TGTT[TG]_ATGCA,1
1,150465511,150465529,TGTT[TG]_[CA]AACA,4
1,150465668,150465681,GCAT[TC]_AAACA,1
1,106757808,106757826,TGTT[TG]_[CA]AACA,4
1,106757805,106757826,TGTT[TG]_[CA]AACA,7
1,183238065,183238083,TGTT[TG]_[CA]AACA,4
1,81212518,81212536,TGTT[TG]_[CA]AACA,4
1,125399051,125399068,TGTT[TG]_[CA]AACA,3
1,125398942,125398964,TGTT[TG]_[CA]AACA,8
1,39185929,39185947,TGTT[TG]_ATGCA,5
1,191446154,191446169,TGTT[TG]_[CA]AACA,1
1,191446148,191446169,TGTT[TG]_[CA]AACA,7
1,94091890,94091910,TGTT[TG]_[CA]AACA,6
1,26965974,26965990,TGTT[TG]_[CA]AACA,2
1,26965921,26965939,TGTT[TG]_[CA]AACA,4
1,64266337,64266355,TGTT[TG]_[CA]AACA,4
1,53774087,53774100,GCAT[TC]_AAACA,1
1,156905646,156905664,GCAT[TC]_AAACA,6
1,191988758,191988776,TGTT[TG]_[CA]AACA,4
1,33453824,33453842,TGTT[TG]_[CA]AACA,4
1,33453821,33453842,TGTT[TG]_[CA]AACA,7
1,33453742,33453758,GCAT[TC]_AAACA,4
1,37419406,37419422,GCAT[TC]_AAACA,4
1,60911426,60911440,TGTT[TG]_GATGC,2
1,60911423,60911440,TGTT[TG]_GATGC,5
1,51361529,51361545,TGTT[TG]_GATGC,4
1,51361529,51361546,TGTT[TG]_ATGCA,4
1,186193512,186193530,TGTT[TG]_[CA]AACA,4
1,61107462,61107477,[TC]GCAT_AAACA,2
1,40479462,40479482,TGTT[TG]_[CA]AACA,6
1,134560037,134560053,GCAT[TC]_AAACA,4
1,153614398,153614416,TGTT[TG]_[CA]AACA,4
1,153742547,153742565,TGTTT_AATGC,6
1,137901014,137901035,TGTT[TG]_[CA]AACA,7
1,155530826,155530843,TGTT[TG]_[CA]AACA,3
1,155072637,155072657,GCAT[TC]_AAACA,8
1,133039475,133039490,TGTT[TG]_[CA]AACA,1
1,57208617,57208635,TGTT[TG]_[CA]AACA,4
1,16177588,16177607,TGTT[TG]_[CA]AACA,5
1,130716008,130716023,TGTT[TG]_[CA]AACA,1
1,130716004,130716023,GCAT[TC]_AAACA,7
1,138144949,138144966,TGTT[TG]_[CA]AACA,3
1,138145129,138145144,GCAT[TC]_AAACA,3
1,138145128,138145144,[TC]GCAT_AAACA,3
1,132010924,132010939,TGTT[TG]_ATGCA,2
1,88644624,88644647,TGTT[TG]_[CA]AACA,9
1,52052816,52052834,TGTT[TG]_[CA]AACA,4
1,52052813,52052834,TGTT[TG]_[CA]AACA,7
1,52052646,52052661,TGTTT_AATGC,3
1,52052642,52052661,TGTTT_AATGC,7
1,82833554,82833572,TGTT[TG]_[CA]AACA,4
1,82833754,82833767,GCAT[TC]_AAACA,1
1,82833754,82833775,GCAT[TC]_AAACA,9
1,82833753,82833767,[TC]GCAT_AAACA,1
1,82833753,82833775,[TC]GCAT_AAACA,9
1,54871470,54871487,TGTT[TG]_[CA]AACA,3
1,147489669,147489687,TGTT[TG]_[CA]AACA,4
1,127363896,127363914,TGTT[TG]_[CA]AACA,4
1,56236919,56236937,TGTT[TG]_[CA]AACA,4
1,130475210,130475231,TGTT[TG]_[CA]AACA,7
1,172148861,172148882,TGTT[TG]_[CA]AACA,7
1,54251309,54251327,TGTT[TG]_[CA]AACA,4
1,54250816,54250837,TGTT[TG]_[CA]AACA,7
1,125467872,125467886,[TC]GCAT_AAACA,1
1,95268504,95268525,TGTT[TG]_[CA]AACA,7
1,155914620,155914638,TGTT[TG]_[CA]AACA,4
1,155914615,155914638,TGTT[TG]_[CA]AACA,9
1,37473298,37473312,GCAT[TC]_AAACA,2
1,173657472,173657490,TGTT[TG]_[CA]AACA,4
1,60758525,60758540,TGTT[TG]_ATGCA,2
1,60758203,60758220,GCAT[TC]_AAACA,5
1,60758202,60758220,[TC]GCAT_AAACA,5
1,43939583,43939600,GCAT[TC]_AAACA,5
1,128399372,128399391,TGTT[TG]_[CA]AACA,5
1,164009472,164009493,TGTT[TG]_[CA]AACA,7
1,16029470,16029488,TGTT[TG]_[CA]AACA,4
1,60460688,60460711,TGTT[TG]_[CA]AACA,9
1,60825416,60825434,TGTT[TG]_[CA]AACA,4
1,138327389,138327410,TGTT[TG]_[CA]AACA,7
1,42851274,42851292,TGTT[TG]_[CA]AACA,4
1,170861730,170861749,TGTT[TG]_[CA]AACA,5
1,128611889,128611906,TGTT[TG]_[CA]AACA,3
1,128611838,128611853,TGTTT_AATGC,3
1,85740369,85740387,TGTT[TG]_[CA]AACA,4
1,85740365,85740387,TGTT[TG]_[CA]AACA,8
1,69759983,69760001,GCAT[TC]_AAACA,6
1,138166737,138166754,TGTT[TG]_[CA]AACA,3
1,192770510,192770529,TGTT[TG]_[CA]AACA,5
1,176986373,176986387,TGTT[TG]_ATGCA,1
1,176986373,176986386,TGTTT_AATGC,1
1,176986306,176986322,GCAT[TC]_AAACA,4
1,176986305,176986322,[TC]GCAT_AAACA,4
1,88587628,88587645,TGTT[TG]_[CA]AACA,3
1,156615591,156615614,TGTT[TG]_[CA]AACA,9
1,40618126,40618144,TGTT[TG]_[CA]AACA,4
1,144500081,144500099,TGTT[TG]_[CA]AACA,4
1,186562569,186562587,TGTT[TG]_[CA]AACA,4
1,36767055,36767075,TGTT[TG]_[CA]AACA,6
1,130993790,130993809,TGTT[TG]_[CA]AACA,5
1,170215495,170215511,TGTT[TG]_[CA]AACA,2
1,39714300,39714317,TGTT[TG]_[CA]AACA,3
1,39714297,39714317,TGTT[TG]_[CA]AACA,6
1,135670212,135670230,TGTT[TG]_[CA]AACA,4
1,135670241,135670260,TGTT[TG]_[CA]AACA,5
1,165643490,165643508,TGTT[TG]_[CA]AACA,4
1,165643490,165643511,TGTT[TG]_[CA]AACA,7
1,92119164,92119186,TGTT[TG]_[CA]AACA,8
1,118311346,118311361,GCAT[TC]_AAACA,3
1,118311445,118311460,GCAT[TC]_AAACA,3
1,80441026,80441045,[TC]GCAT_AAACA,6
1,60087647,60087665,TGTT[TG]_[CA]AACA,4
1,40475682,40475704,[TC]GCAT_AAACA,9
1,34545778,34545796,TGTT[TG]_[CA]AACA,4
1,164882347,164882367,TGTT[TG]_[CA]AACA,6
1,171975954,171975973,GCAT[TC]_AAACA,7
1,179169792,179169809,GCAT[TC]_AAACA,5
1,179169791,179169809,[TC]GCAT_AAACA,5
1,183180154,183180170,TGTT[TG]_[CA]AACA,2
1,183180150,183180167,TGTT[TG]_[CA]AACA,3
1,183180150,183180170,TGTT[TG]_[CA]AACA,6
1,183180146,183180167,TGTT[TG]_[CA]AACA,7
1,181256646,181256669,TGTT[TG]_[CA]AACA,9
1,60755644,60755660,GCAT[TC]_AAACA,4
1,60755643,60755660,[TC]GCAT_AAACA,4
1,153723935,153723954,GCAT[TC]_AAACA,7
1,153723934,153723954,[TC]GCAT_AAACA,7
1,118389024,118389046,TGTT[TG]_[CA]AACA,8
1,184074698,184074716,TGTT[TG]_[CA]AACA,4
1,184074838,184074856,TGTT[TG]_[CA]AACA,4
1,184074833,184074856,TGTT[TG]_[CA]AACA,9
1,134063531,134063548,TGTT[TG]_[CA]AACA,3
1,193193971,193193986,TGTT[TG]_[CA]AACA,1
1,193193968,193193986,TGTT[TG]_[CA]AACA,4
1,193193968,193193989,TGTT[TG]_[CA]AACA,7
1,82725239,82725259,GCAT[TC]_AAACA,8
1,82725238,82725259,[TC]GCAT_AAACA,8
1,161705037,161705057,TGTT[TG]_[CA]AACA,6
1,160307001,160307018,TGTT[TG]_[CA]AACA,3
1,93344186,93344203,TGTT[TG]_ATGCA,4
1,6417656,6417671,TGTT[TG]_[CA]AACA,1
1,6417656,6417674,TGTT[TG]_[CA]AACA,4
1,161804903,161804921,TGTT[TG]_ATGCA,5
1,87847431,87847451,TGTT[TG]_ATGCA,7
1,155159312,155159328,TGTT[TG]_[CA]AACA,2
1,155159537,155159555,TGTT[TG]_[CA]AACA,4
1,139421967,139421990,TGTT[TG]_[CA]AACA,9
1,136609012,136609028,GCAT[TC]_AAACA,4
1,136609011,136609028,[TC]GCAT_AAACA,4
1,103899506,103899524,TGTT[TG]_[CA]AACA,4
1,103899115,103899138,TGTT[TG]_[CA]AACA,9
1,44102773,44102791,[TC]GCAT_AAACA,5
1,132417910,132417930,GCAT[TC]_AAACA,8
1,161671445,161671464,TGTT[TG]_[CA]AACA,5
1,33883182,33883200,TGTT[TG]_[CA]AACA,4
1,39936772,39936786,TGTT[TG]_GATGC,2
1,75142250,75142267,TGTT[TG]_[CA]AACA,3
1,184845323,184845341,TGTT[TG]_[CA]AACA,4
1,127774603,127774623,TGTT[TG]_GATGC,8
1,61434944,61434962,TGTT[TG]_[CA]AACA,4
1,61434941,61434962,TGTT[TG]_[CA]AACA,7
1,61434650,61434665,GCAT[TC]_AAACA,3
1,58423150,58423169,TGTT[TG]_[CA]AACA,5
1,69544771,69544791,TGTTT_AATGC,8
1,173398823,173398841,TGTT[TG]_[CA]AACA,4
1,52375508,52375525,TGTT[TG]_[CA]AACA,3
1,177441159,177441180,TGTT[TG]_ATGCA,8
1,24679142,24679161,TGTTT_AATGC,7
1,153413764,153413781,TGTT[TG]_ATGCA,4
1,144306635,144306650,GCAT[TC]_AAACA,3
1,144306634,144306650,[TC]GCAT_AAACA,3
1,161767113,161767130,[TC]GCAT_AAACA,4
2,50814115,50814136,TGTT[TG]_[CA]AACA,7
2,48395130,48395146,TGTTT_AATGC,4
2,23848409,23848427,TGTT[TG]_[CA]AACA,4
2,23848405,23848427,TGTT[TG]_[CA]AACA,8
2,45789720,45789737,TGTT[TG]_[CA]AACA,3
2,45789720,45789740,TGTT[TG]_[CA]AACA,6
2,137418249,137418267,TGTT[TG]_[CA]AACA,4
2,24447804,24447822,TGTT[TG]_[CA]AACA,4
2,49177133,49177152,GCAT[TC]_AAACA,7
2,49177132,49177152,[TC]GCAT_AAACA,7
2,104179847,104179863,TGTT[TG]_[CA]AACA,2
2,76013681,76013699,TGTT[TG]_[CA]AACA,4
2,161959838,161959854,GCAT[TC]_AAACA,4
2,161959837,161959854,[TC]GCAT_AAACA,4
2,118100906,118100924,TGTT[TG]_[CA]AACA,4
2,11689486,11689504,TGTT[TG]_[CA]AACA,4
2,11689482,11689504,TGTT[TG]_[CA]AACA,8
2,70538511,70538528,[TC]GCAT_AAACA,4
2,174067923,174067941,TGTT[TG]_[CA]AACA,4
2,132670615,132670634,TGTT[TG]_[CA]AACA,5
2,102384284,102384302,[TC]GCAT_AAACA,5
2,111668222,111668240,TGTT[TG]_[CA]AACA,4
2,72886255,72886273,TGTT[TG]_[CA]AACA,4
2,9893487,9893501,TGTT[TG]_ATGCA,1
2,62540386,62540404,TGTT[TG]_[CA]AACA,4
2,131954211,131954231,TGTT[TG]_GATGC,8
2,68243442,68243460,TGTT[TG]_GATGC,6
2,123876208,123876224,GCAT[TC]_AAACA,4
2,15258334,15258350,TGTTT_AATGC,4
2,87570852,87570870,TGTT[TG]_[CA]AACA,4
2,72315366,72315382,GCAT[TC]_AAACA,4
2,106649199,106649217,TGTT[TG]_[CA]AACA,4
2,14959597,14959615,TGTT[TG]_[CA]AACA,4
2,27209924,27209945,GCAT[TC]_AAACA,9
2,27209923,27209945,[TC]GCAT_AAACA,9
2,93438086,93438102,GCAT[TC]_AAACA,4
2,169778882,169778899,TGTT[TG]_ATGCA,4
2,61271502,61271518,TGTT[TG]_ATGCA,3
2,61271497,61271518,TGTT[TG]_ATGCA,8
2,92212617,92212634,[TC]GCAT_AAACA,4
2,6337781,6337796,TGTTT_AATGC,3
2,6337777,6337796,TGTTT_AATGC,7
2,114119550,114119567,TGTT[TG]_[CA]AACA,3
2,118549658,118549672,GCAT[TC]_AAACA,2
2,76254841,76254857,TGTT[TG]_GATGC,4
2,52086067,52086083,TGTT[TG]_GATGC,4
2,166886337,166886355,TGTT[TG]_[CA]AACA,4
2,166886332,166886355,TGTT[TG]_[CA]AACA,9
2,91954093,91954108,TGTT[TG]_[CA]AACA,1
2,91954093,91954111,TGTT[TG]_[CA]AACA,4
2,16461254,16461272,TGTT[TG]_[CA]AACA,4
2,16461254,16461276,TGTT[TG]_[CA]AACA,8
2,44748030,44748048,TGTT[TG]_[CA]AACA,4
2,44748027,44748048,TGTT[TG]_[CA]AACA,7
2,35233358,35233374,[TC]GCAT_AAACA,3
2,17873269,17873287,TGTT[TG]_[CA]AACA,4
2,97701619,97701637,TGTT[TG]_[CA]AACA,4
2,92442917,92442932,GCAT[TC]_AAACA,3
2,103583480,103583502,TGTT[TG]_[CA]AACA,8
2,79010148,79010165,TGTT[TG]_[CA]AACA,3
2,79010145,79010165,TGTT[TG]_[CA]AACA,6
2,71715925,71715942,TGTT[TG]_ATGCA,4
2,71715925,71715941,TGTTT_AATGC,4
2,121013811,121013829,TGTT[TG]_[CA]AACA,4
2,170401691,170401711,TGTT[TG]_[CA]AACA,6
2,18065186,18065201,GCAT[TC]_AAACA,3
2,18065185,18065201,[TC]GCAT_AAACA,3
2,127252388,127252406,TGTT[TG]_[CA]AACA,4
2,112513199,112513218,TGTT[TG]_ATGCA,6
2,30129099,30129116,TGTT[TG]_[CA]AACA,3
2,11166865,11166879,TGTT[TG]_GATGC,2
2,103049205,103049223,TGTT[TG]_[CA]AACA,4
2,123110364,123110382,TGTT[TG]_[CA]AACA,4
2,123110364,123110386,TGTT[TG]_[CA]AACA,8
2,158735591,158735610,TGTT[TG]_[CA]AACA,5
2,170127575,170127598,TGTT[TG]_[CA]AACA,9
2,32353471,32353491,TGTT[TG]_GATGC,8
2,169786353,169786371,TGTT[TG]_[CA]AACA,4
2,57117928,57117946,TGTT[TG]_[CA]AACA,4
2,84793740,84793758,TGTT[TG]_[CA]AACA,4
2,23049575,23049593,TGTT[TG]_[CA]AACA,4
2,11706513,11706534,GCAT[TC]_AAACA,9
2,11706512,11706534,[TC]GCAT_AAACA,9
2,60256624,60256642,TGTT[TG]_[CA]AACA,4
2,15862746,15862760,[TC]GCAT_AAACA,1
2,164600412,164600432,TGTT[TG]_[CA]AACA,6
2,9889478,9889493,TGTT[TG]_ATGCA,2
2,143916613,143916629,TGTTT_AATGC,4
2,29936011,29936028,TGTT[TG]_ATGCA,4
2,29936011,29936027,TGTTT_AATGC,4
2,153865738,153865756,TGTT[TG]_[CA]AACA,4
2,153865715,153865734,TGTT[TG]_[CA]AACA,5
2,27994890,27994908,TGTT[TG]_[CA]AACA,4
2,27994890,27994912,TGTT[TG]_[CA]AACA,8
2,27994947,27994961,TGTTT_AATGC,2
2,86784013,86784031,TGTT[TG]_[CA]AACA,4
2,135874129,135874145,TGTT[TG]_[CA]AACA,2
2,70489604,70489622,TGTT[TG]_[CA]AACA,4
2,102896073,102896090,[TC]GCAT_AAACA,4
2,90667878,90667893,TGTT[TG]_ATGCA,2
2,90667878,90667892,TGTTT_AATGC,2
2,173385635,173385656,TGTT[TG]_GATGC,9
2,54779836,54779854,TGTT[TG]_[CA]AACA,4
2,54779836,54779857,TGTT[TG]_[CA]AACA,7
2,73385464,73385480,TGTT[TG]_[CA]AACA,2
2,61810404,61810425,TGTT[TG]_[CA]AACA,7
2,61810404,61810420,TGTT[TG]_GATGC,4
2,61810404,61810421,TGTT[TG]_ATGCA,4
2,59527854,59527872,TGTT[TG]_[CA]AACA,4
2,75975497,75975515,TGTT[TG]_[CA]AACA,4
2,75975497,75975518,TGTT[TG]_[CA]AACA,7
2,136754198,136754214,GCAT[TC]_AAACA,4
2,90756400,90756416,TGTT[TG]_GATGC,4
2,90756396,90756416,TGTT[TG]_GATGC,8
2,117433347,117433362,GCAT[TC]_AAACA,3
2,72725193,72725211,TGTT[TG]_[CA]AACA,4
2,72725190,72725211,TGTT[TG]_[CA]AACA,7
2,27404415,27404430,TGTT[TG]_ATGCA,2
2,27404415,27404429,TGTTT_AATGC,2
2,65414567,65414585,TGTT[TG]_GATGC,6
2,25663673,25663695,TGTT[TG]_ATGCA,9
2,114426907,114426930,TGTT[TG]_[CA]AACA,9
2,101991934,101991955,TGTT[TG]_ATGCA,8
2,101991934,101991954,TGTTT_AATGC,8
2,32062228,32062243,TGTT[TG]_[CA]AACA,1
2,101979082,101979103,TGTT[TG]_GATGC,9
2,101979082,101979104,TGTT[TG]_ATGCA,9
2,78835264,78835282,TGTT[TG]_[CA]AACA,4
2,127590984,127591003,TGTT[TG]_[CA]AACA,5
2,38512041,38512057,TGTT[TG]_GATGC,4
2,167742713,167742729,TGTT[TG]_[CA]AACA,2
2,158674810,158674826,TGTTT_AATGC,4
2,71358877,71358893,GCAT[TC]_AAACA,4
2,71358876,71358893,[TC]GCAT_AAACA,4
2,68289238,68289259,TGTT[TG]_ATGCA,8
2,44960881,44960899,TGTT[TG]_GATGC,6
2,73856396,73856414,TGTT[TG]_[CA]AACA,4
2,35208802,35208822,[TC]GCAT_AAACA,7
2,8896900,8896915,TGTT[TG]_[CA]AACA,1
2,8896900,8896918,TGTT[TG]_[CA]AACA,4
2,173077051,173077068,TGTT[TG]_ATGCA,4
2,154658253,154658269,TGTT[TG]_[CA]AACA,2
2,133393103,133393121,TGTT[TG]_[CA]AACA,4
2,42569601,42569619,TGTT[TG]_[CA]AACA,4
2,7401972,7401991,TGTT[TG]_[CA]AACA,5
2,7401832,7401848,TGTT[TG]_GATGC,4
2,7401828,7401848,TGTT[TG]_GATGC,8
2,7401832,7401849,TGTT[TG]_ATGCA,4
2,7401828,7401849,TGTT[TG]_ATGCA,8
2,93453186,93453206,TGTT[TG]_[CA]AACA,6
2,29489435,29489453,TGTT[TG]_[CA]AACA,4
2,11159873,11159890,GCAT[TC]_AAACA,5
2,11159872,11159890,[TC]GCAT_AAACA,5
2,29629253,29629271,TGTT[TG]_[CA]AACA,4
2,103012823,103012838,TGTTT_AATGC,3
2,104455366,104455384,TGTT[TG]_[CA]AACA,4
2,104455389,104455410,TGTT[TG]_[CA]AACA,7
2,73539958,73539981,TGTT[TG]_[CA]AACA,9
2,73539919,73539938,[TC]GCAT_AAACA,6
2,17742320,17742343,TGTT[TG]_[CA]AACA,9
2,28755660,28755677,[TC]GCAT_AAACA,4
2,6357667,6357685,TGTT[TG]_[CA]AACA,4
2,6021885,6021902,TGTT[TG]_[CA]AACA,3
2,101990510,101990528,TGTT[TG]_[CA]AACA,4
2,163238241,163238256,TGTT[TG]_[CA]AACA,1
2,163238241,163238259,TGTT[TG]_[CA]AACA,4
2,112238718,112238736,TGTT[TG]_[CA]AACA,4
2,153350960,153350974,GCAT[TC]_AAACA,2
2,52304878,52304898,TGTT[TG]_[CA]AACA,6
2,131190143,131190163,TGTT[TG]_[CA]AACA,6
2,61483844,61483860,TGTT[TG]_[CA]AACA,2
2,77305373,77305391,TGTT[TG]_[CA]AACA,4
2,92255483,92255501,TGTT[TG]_[CA]AACA,4
2,92255483,92255504,TGTT[TG]_[CA]AACA,7
2,92255752,92255773,GCAT[TC]_AAACA,9
2,92255751,92255773,[TC]GCAT_AAACA,9
2,127389930,127389948,TGTT[TG]_[CA]AACA,4
2,127389926,127389948,TGTT[TG]_[CA]AACA,8
2,155553308,155553324,TGTT[TG]_[CA]AACA,2
2,91081073,91081095,TGTT[TG]_[CA]AACA,8
2,153002626,153002649,TGTT[TG]_[CA]AACA,9
2,113829834,113829857,TGTT[TG]_[CA]AACA,9
2,38548414,38548432,TGTT[TG]_ATGCA,5
2,128422741,128422758,TGTT[TG]_[CA]AACA,3
2,158166923,158166939,TGTT[TG]_GATGC,4
2,43737853,43737870,TGTT[TG]_[CA]AACA,3
2,19414819,19414838,TGTT[TG]_[CA]AACA,5
2,152848487,152848503,TGTT[TG]_[CA]AACA,2
2,24366496,24366517,GCAT[TC]_AAACA,9
2,11205986,11206008,TGTT[TG]_ATGCA,9
2,11205986,11206007,TGTTT_AATGC,9
2,117312627,117312649,TGTT[TG]_[CA]AACA,8
2,168229697,168229714,TGTT[TG]_[CA]AACA,3
2,144712192,144712210,TGTT[TG]_[CA]AACA,4
2,73495958,73495980,[TC]GCAT_AAACA,9
2,32917876,32917898,TGTT[TG]_[CA]AACA,8
2,178700061,178700078,TGTT[TG]_ATGCA,4
2,178700061,178700077,TGTTT_AATGC,4
2,150552270,150552289,GCAT[TC]_AAACA,7
2,52561657,52561675,TGTT[TG]_[CA]AACA,4
2,167775411,167775425,[TC]GCAT_AAACA,1
2,126597641,126597658,TGTT[TG]_[CA]AACA,3
2,112284888,112284904,TGTT[TG]_GATGC,4
2,31108375,31108393,TGTT[TG]_[CA]AACA,4
2,181319500,181319516,TGTT[TG]_[CA]AACA,2
2,104816976,104816996,TGTT[TG]_GATGC,8
2,104816976,104816997,TGTT[TG]_ATGCA,8
2,3717947,3717965,GCAT[TC]_AAACA,6
2,3728103,3728121,TGTT[TG]_[CA]AACA,4
2,164822713,164822731,TGTT[TG]_[CA]AACA,4
2,22895353,22895367,GCAT[TC]_AAACA,2
2,157119333,157119348,GCAT[TC]_AAACA,3
2,174614246,174614265,TGTT[TG]_[CA]AACA,5
2,73716272,73716290,TGTT[TG]_[CA]AACA,4
2,65001232,65001250,TGTT[TG]_[CA]AACA,4
2,152775614,152775631,[TC]GCAT_AAACA,4
2,79121210,79121230,TGTT[TG]_[CA]AACA,6
2,3423891,3423908,GCAT[TC]_AAACA,5
2,3423890,3423908,[TC]GCAT_AAACA,5
2,72114079,72114096,TGTT[TG]_[CA]AACA,3
2,166553576,166553599,TGTT[TG]_[CA]AACA,9
2,30464228,30464251,TGTT[TG]_[CA]AACA,9
2,119239357,119239375,TGTT[TG]_[CA]AACA,4
2,119239404,119239422,TGTT[TG]_[CA]AACA,4
2,50741285,50741303,TGTT[TG]_[CA]AACA,4
2,50741285,50741307,TGTT[TG]_[CA]AACA,8
2,32151654,32151670,TGTT[TG]_[CA]AACA,2
2,48381656,48381677,TGTT[TG]_[CA]AACA,7
2,164544762,164544777,TGTT[TG]_[CA]AACA,1
2,164544683,164544700,[TC]GCAT_AAACA,4
2,35169230,35169248,TGTT[TG]_[CA]AACA,4
2,35169001,35169018,TGTT[TG]_ATGCA,4
2,62352167,62352182,TGTT[TG]_ATGCA,2
2,72137363,72137381,TGTT[TG]_[CA]AACA,4
2,72137363,72137384,TGTT[TG]_[CA]AACA,7
2,31088532,31088548,TGTT[TG]_[CA]AACA,2
2,31088529,31088548,TGTT[TG]_[CA]AACA,5
2,170174701,170174720,TGTT[TG]_[CA]AACA,5
2,126920793,126920813,TGTT[TG]_[CA]AACA,6
2,85036924,85036943,[TC]GCAT_AAACA,6
2,11193293,11193306,GCAT[TC]_AAACA,1
2,18958054,18958071,TGTT[TG]_[CA]AACA,3
2,68435103,68435124,TGTT[TG]_[CA]AACA,7
2,68435186,68435205,TGTT[TG]_ATGCA,6
2,68435186,68435204,TGTTT_AATGC,6
2,147860701,147860719,TGTT[TG]_[CA]AACA,4
2,181411208,181411230,[TC]GCAT_AAACA,9
2,118479982,118479997,TGTT[TG]_GATGC,3
2,118479982,118479998,TGTT[TG]_ATGCA,3
2,172440860,172440875,TGTT[TG]_[CA]AACA,1
2,168990293,168990306,GCAT[TC]_AAACA,1
2,73775885,73775903,TGTT[TG]_[CA]AACA,4
2,128060655,128060674,TGTT[TG]_[CA]AACA,5
2,23068854,23068875,TGTT[TG]_[CA]AACA,7
2,166031730,166031746,TGTT[TG]_ATGCA,3
2,166031730,166031745,TGTTT_AATGC,3
2,10153210,10153225,TGTT[TG]_ATGCA,2
2,91526508,91526528,TGTT[TG]_[CA]AACA,6
2,47418462,47418480,TGTT[TG]_[CA]AACA,4
2,144600394,144600410,TGTT[TG]_[CA]AACA,2
2,119046933,119046950,TGTT[TG]_[CA]AACA,3
2,125859406,125859421,TGTT[TG]_[CA]AACA,1
2,125859342,125859358,TGTT[TG]_[CA]AACA,2
2,19276522,19276537,TGTT[TG]_[CA]AACA,1
2,150136359,150136375,TGTT[TG]_GATGC,4
2,150136359,150136376,TGTT[TG]_ATGCA,4
2,30049028,30049049,TGTT[TG]_[CA]AACA,7
2,102948518,102948533,TGTT[TG]_[CA]AACA,1
2,119897812,119897834,TGTT[TG]_[CA]AACA,8
2,89017048,89017066,TGTT[TG]_[CA]AACA,4
2,89017048,89017069,TGTT[TG]_[CA]AACA,7
2,93454740,93454757,TGTT[TG]_[CA]AACA,3
2,22784367,22784384,TGTT[TG]_[CA]AACA,3
2,128395750,128395768,TGTT[TG]_[CA]AACA,4
2,30547641,30547657,TGTT[TG]_GATGC,4
2,52425083,52425103,TGTT[TG]_ATGCA,7
2,52425083,52425102,TGTTT_AATGC,7
2,17703369,17703390,TGTT[TG]_GATGC,9
2,11636366,11636386,TGTT[TG]_[CA]AACA,6
2,9594076,9594090,TGTT[TG]_GATGC,2
2,26408671,26408686,TGTT[TG]_GATGC,3
2,26408671,26408687,TGTT[TG]_ATGCA,3
2,127927915,127927931,TGTTT_AATGC,4
2,25535007,25535024,TGTT[TG]_[CA]AACA,3
2,122028168,122028184,TGTT[TG]_[CA]AACA,2
2,93186887,93186905,TGTT[TG]_[CA]AACA,4
2,83724144,83724157,GCAT[TC]_AAACA,1
2,83724143,83724157,[TC]GCAT_AAACA,1
2,70835736,70835758,TGTT[TG]_[CA]AACA,8
2,70835566,70835585,TGTT[TG]_ATGCA,6
2,70835566,70835584,TGTTT_AATGC,6
2,70836045,70836061,GCAT[TC]_AAACA,4
2,70836044,70836061,[TC]GCAT_AAACA,4
2,52224308,52224323,TGTT[TG]_[CA]AACA,1
2,52224305,52224323,TGTT[TG]_[CA]AACA,4
2,52224308,52224328,TGTT[TG]_ATGCA,7
2,15055844,15055860,TGTT[TG]_[CA]AACA,2
2,130424685,130424706,TGTT[TG]_GATGC,9
2,153345171,153345187,GCAT[TC]_AAACA,4
2,153345170,153345187,[TC]GCAT_AAACA,4
2,167778420,167778440,TGTT[TG]_[CA]AACA,6
2,140043208,140043223,TGTT[TG]_[CA]AACA,1
2,4882666,4882685,TGTT[TG]_[CA]AACA,5
3,144232187,144232202,TGTT[TG]_[CA]AACA,1
3,91032453,91032472,TGTTT_AATGC,7
3,14886084,14886106,TGTT[TG]_[CA]AACA,8
3,41332722,41332737,TGTT[TG]_ATGCA,2
3,41332722,41332736,TGTTT_AATGC,2
3,121150658,121150672,GCAT[TC]_AAACA,2
3,133052669,133052687,TGTT[TG]_[CA]AACA,4
3,133052669,133052691,TGTT[TG]_[CA]AACA,8
3,102738643,102738664,TGTT[TG]_[CA]AACA,7
3,102738646,102738664,[TC]GCAT_AAACA,5
3,14806623,14806641,TGTT[TG]_[CA]AACA,4
3,91280803,91280816,TGTTT_AATGC,1
3,19818812,19818829,GCAT[TC]_AAACA,5
3,154958392,154958410,TGTT[TG]_[CA]AACA,4
3,20175756,20175777,[TC]GCAT_AAACA,8
3,157616979,157616997,TGTT[TG]_[CA]AACA,4
3,65962064,65962080,TGTT[TG]_GATGC,4
3,45356294,45356312,TGTT[TG]_[CA]AACA,4
3,96675375,96675389,TGTT[TG]_GATGC,2
3,96675370,96675389,TGTT[TG]_GATGC,7
3,129730790,129730808,TGTT[TG]_[CA]AACA,4
3,131094004,131094025,TGTT[TG]_[CA]AACA,7
3,143647452,143647473,TGTT[TG]_[CA]AACA,7
3,94380006,94380027,TGTT[TG]_[CA]AACA,7
3,8665329,8665344,TGTT[TG]_[CA]AACA,1
3,8665329,8665347,TGTT[TG]_[CA]AACA,4
3,8665329,8665350,TGTT[TG]_[CA]AACA,7
3,89700847,89700863,TGTT[TG]_[CA]AACA,2
3,57844061,57844076,TGTT[TG]_ATGCA,2
3,116712990,116713006,GCAT[TC]_AAACA,4
3,52784950,52784966,[TC]GCAT_AAACA,3
3,52784946,52784966,[TC]GCAT_AAACA,7
3,107336473,107336491,TGTT[TG]_[CA]AACA,4
3,25451238,25451255,TGTT[TG]_[CA]AACA,3
3,91600982,91601000,TGTT[TG]_[CA]AACA,4
3,85697525,85697540,TGTT[TG]_[CA]AACA,1
3,85697522,85697540,TGTT[TG]_[CA]AACA,4
3,10130143,10130161,TGTT[TG]_[CA]AACA,4
3,134255983,134256001,TGTT[TG]_[CA]AACA,4
3,142295048,142295064,GCAT[TC]_AAACA,4
3,142295047,142295064,[TC]GCAT_AAACA,4
3,149665652,149665668,TGTT[TG]_[CA]AACA,2
3,158768512,158768529,TGTT[TG]_[CA]AACA,3
3,109011168,109011189,TGTT[TG]_[CA]AACA,7
3,29984309,29984327,TGTT[TG]_[CA]AACA,4
3,29984309,29984331,TGTT[TG]_[CA]AACA,8
3,122869361,122869379,TGTT[TG]_[CA]AACA,4
3,129687188,129687208,TGTT[TG]_GATGC,8
3,137753137,137753156,TGTT[TG]_[CA]AACA,5
3,9403076,9403094,TGTT[TG]_GATGC,6
3,110707058,110707076,TGTT[TG]_[CA]AACA,4
3,110707058,110707080,TGTT[TG]_[CA]AACA,8
3,108796499,108796519,TGTT[TG]_GATGC,8
3,108796499,108796520,TGTT[TG]_ATGCA,8
3,126661871,126661886,[TC]GCAT_AAACA,2
3,153959520,153959536,TGTT[TG]_[CA]AACA,2
3,118405268,118405285,TGTT[TG]_[CA]AACA,3
3,118405264,118405282,TGTT[TG]_[CA]AACA,4
3,118405264,118405285,TGTT[TG]_[CA]AACA,7
3,52323072,52323094,TGTT[TG]_[CA]AACA,8
3,22044658,22044678,TGTT[TG]_[CA]AACA,6
3,137880057,137880075,TGTT[TG]_GATGC,6
3,137880054,137880075,TGTT[TG]_GATGC,9
3,43800684,43800699,TGTT[TG]_[CA]AACA,1
3,43800681,43800699,TGTT[TG]_[CA]AACA,4
3,152952445,152952464,TGTT[TG]_[CA]AACA,5
3,152952450,152952464,GCAT[TC]_AAACA,2
3,152952449,152952464,[TC]GCAT_AAACA,2
3,153806385,153806404,TGTT[TG]_[CA]AACA,5
3,30601400,30601423,TGTT[TG]_[CA]AACA,9
3,9677319,9677337,TGTT[TG]_[CA]AACA,4
3,128271870,128271888,TGTT[TG]_[CA]AACA,4
3,95517777,95517799,[TC]GCAT_AAACA,9
3,82047461,82047483,TGTT[TG]_[CA]AACA,8
3,91823621,91823639,TGTT[TG]_[CA]AACA,4
3,123176323,123176339,GCAT[TC]_AAACA,4
3,17842156,17842174,TGTT[TG]_[CA]AACA,4
3,17842181,17842201,TGTT[TG]_[CA]AACA,6
3,142443234,142443256,TGTT[TG]_[CA]AACA,8
3,69481953,69481970,TGTT[TG]_[CA]AACA,3
3,36060595,36060613,TGTT[TG]_ATGCA,5
3,37273180,37273201,TGTT[TG]_[CA]AACA,7
3,96557029,96557046,TGTT[TG]_[CA]AACA,3
3,89860138,89860157,TGTTT_AATGC,7
3,144050303,144050321,TGTT[TG]_[CA]AACA,4
3,144050303,144050324,TGTT[TG]_[CA]AACA,7
3,132125575,132125593,TGTT[TG]_[CA]AACA,4
3,55374007,55374025,TGTT[TG]_[CA]AACA,4
3,95385775,95385793,TGTT[TG]_ATGCA,5
3,107206245,107206262,TGTT[TG]_[CA]AACA,3
3,107206241,107206262,TGTT[TG]_[CA]AACA,7
3,123489109,123489127,TGTT[TG]_[CA]AACA,4
3,21953682,21953702,TGTT[TG]_[CA]AACA,6
3,88579551,88579569,TGTT[TG]_[CA]AACA,4
3,106003397,106003414,TGTT[TG]_[CA]AACA,3
3,46530559,46530574,TGTT[TG]_[CA]AACA,1
3,46530556,46530574,TGTT[TG]_[CA]AACA,4
3,46530553,46530574,TGTT[TG]_[CA]AACA,7
3,9066655,9066672,TGTT[TG]_[CA]AACA,3
3,146946286,146946306,[TC]GCAT_AAACA,7
3,68794439,68794455,GCAT[TC]_AAACA,4
3,38568660,38568675,TGTT[TG]_[CA]AACA,1
3,103377685,103377703,TGTT[TG]_[CA]AACA,4
3,100906944,100906963,TGTT[TG]_GATGC,7
3,90587597,90587614,GCAT[TC]_AAACA,5
3,70930719,70930737,TGTT[TG]_[CA]AACA,4
3,60537485,60537501,TGTTT_AATGC,4
3,116279245,116279260,TGTT[TG]_[CA]AACA,1
3,116279245,116279263,TGTT[TG]_[CA]AACA,4
3,129659100,129659114,TGTT[TG]_GATGC,2
3,52029835,52029850,TGTT[TG]_[CA]AACA,1
3,91637867,91637885,TGTT[TG]_[CA]AACA,4
3,52262761,52262776,TGTT[TG]_GATGC,3
3,52262761,52262777,TGTT[TG]_ATGCA,3
3,85195032,85195047,TGTT[TG]_[CA]AACA,1
3,21953276,21953292,TGTT[TG]_[CA]AACA,2
3,136742856,136742876,TGTT[TG]_[CA]AACA,6
3,146781461,146781483,TGTT[TG]_[CA]AACA,8
3,21961713,21961734,[TC]GCAT_AAACA,8
3,93597339,93597356,GCAT[TC]_AAACA,5
3,93597338,93597356,[TC]GCAT_AAACA,5
3,113611416,113611434,TGTT[TG]_[CA]AACA,4
3,68883563,68883581,TGTT[TG]_[CA]AACA,4
3,79177520,79177540,TGTT[TG]_[CA]AACA,6
3,8635570,8635587,TGTT[TG]_[CA]AACA,3
3,8635570,8635592,TGTT[TG]_[CA]AACA,8
3,52906953,52906969,TGTT[TG]_GATGC,4
3,52906953,52906970,TGTT[TG]_ATGCA,4
3,9828630,9828647,GCAT[TC]_AAACA,5
3,9828629,9828647,[TC]GCAT_AAACA,5
3,27921065,27921081,TGTT[TG]_GATGC,4
3,27921065,27921082,TGTT[TG]_ATGCA,4
3,91779741,91779759,TGTT[TG]_[CA]AACA,4
3,10703766,10703784,TGTT[TG]_[CA]AACA,4
3,142493992,142494009,TGTT[TG]_[CA]AACA,3
3,37753541,37753559,TGTT[TG]_[CA]AACA,4
3,21963129,21963142,GCAT[TC]_AAACA,1
3,91696265,91696283,TGTT[TG]_[CA]AACA,4
3,84155684,84155705,TGTT[TG]_[CA]AACA,7
3,156878317,156878335,TGTT[TG]_[CA]AACA,4
3,156878317,156878338,TGTT[TG]_[CA]AACA,7
3,30378141,30378157,TGTT[TG]_GATGC,4
3,30378141,30378158,TGTT[TG]_ATGCA,4
3,139064265,139064282,TGTTT_AATGC,5
3,129970346,129970367,TGTT[TG]_[CA]AACA,7
3,95894183,95894197,TGTT[TG]_GATGC,2
3,95894183,95894198,TGTT[TG]_ATGCA,2
3,122096485,122096503,TGTT[TG]_[CA]AACA,4
3,122096480,122096503,TGTT[TG]_[CA]AACA,9
3,122096164,122096186,TGTT[TG]_ATGCA,9
3,122096164,122096185,TGTTT_AATGC,9
3,68183501,68183519,TGTT[TG]_[CA]AACA,4
3,103781022,103781039,TGTT[TG]_ATGCA,4
3,103781022,103781038,TGTTT_AATGC,4
3,95722690,95722713,TGTT[TG]_[CA]AACA,9
3,86870943,86870964,TGTTT_AATGC,9
3,95135584,95135604,TGTT[TG]_[CA]AACA,6
3,100688138,100688156,TGTT[TG]_[CA]AACA,4
3,100688138,100688161,TGTT[TG]_[CA]AACA,9
3,59702799,59702817,TGTT[TG]_[CA]AACA,4
3,131157586,131157604,GCAT[TC]_AAACA,6
3,131157585,131157604,[TC]GCAT_AAACA,6
3,51745116,51745136,TGTT[TG]_[CA]AACA,6
3,86845546,86845564,TGTT[TG]_[CA]AACA,4
3,9984027,9984045,TGTT[TG]_[CA]AACA,4
3,105991777,105991795,TGTT[TG]_[CA]AACA,4
3,137980513,137980534,TGTT[TG]_ATGCA,8
3,152941931,152941949,TGTT[TG]_[CA]AACA,4
3,152941931,152941952,TGTT[TG]_[CA]AACA,7
3,61123206,61123224,TGTT[TG]_[CA]AACA,4
3,103753858,103753876,TGTT[TG]_[CA]AACA,4
3,54232278,54232296,TGTT[TG]_[CA]AACA,4
3,105815810,105815825,TGTT[TG]_[CA]AACA,1
3,119766072,119766090,TGTT[TG]_[CA]AACA,4
3,119766072,119766093,TGTT[TG]_[CA]AACA,7
3,79274907,79274925,TGTT[TG]_[CA]AACA,4
3,52670884,52670907,TGTT[TG]_[CA]AACA,9
3,91905105,91905123,TGTT[TG]_[CA]AACA,4
3,95588827,95588847,TGTT[TG]_[CA]AACA,6
3,84956882,84956899,TGTT[TG]_[CA]AACA,3
3,129987142,129987157,TGTT[TG]_[CA]AACA,1
3,129987142,129987160,TGTT[TG]_[CA]AACA,4
3,129987142,129987163,TGTT[TG]_[CA]AACA,7
3,138854818,138854836,TGTT[TG]_[CA]AACA,4
3,142619865,142619881,TGTT[TG]_[CA]AACA,2
3,136044155,136044173,TGTT[TG]_[CA]AACA,4
3,121639855,121639873,TGTT[TG]_[CA]AACA,4
3,33956501,33956517,TGTT[TG]_[CA]AACA,2
3,33956833,33956847,[TC]GCAT_AAACA,1
3,52499197,52499215,TGTT[TG]_[CA]AACA,4
3,52499306,52499325,TGTT[TG]_[CA]AACA,5
3,20142147,20142163,TGTT[TG]_[CA]AACA,2
3,20142554,20142567,GCAT[TC]_AAACA,1
3,20142553,20142567,[TC]GCAT_AAACA,1
3,20142537,20142553,[TC]GCAT_AAACA,3
3,19894580,19894601,[TC]GCAT_AAACA,8
3,27154104,27154121,TGTT[TG]_[CA]AACA,3
3,138474810,138474828,TGTT[TG]_[CA]AACA,4
3,115972689,115972704,TGTT[TG]_ATGCA,2
3,146813110,146813124,TGTT[TG]_GATGC,2
3,52572341,52572362,TGTT[TG]_GATGC,9
3,88510243,88510259,TGTT[TG]_[CA]AACA,2
3,88510243,88510263,TGTT[TG]_[CA]AACA,6
3,131014123,131014143,TGTT[TG]_[CA]AACA,6
3,131014123,131014146,TGTT[TG]_[CA]AACA,9
3,31056943,31056961,TGTT[TG]_[CA]AACA,4
3,31056943,31056965,TGTT[TG]_[CA]AACA,8
3,107038645,107038659,GCAT[TC]_AAACA,2
3,37724165,37724181,TGTT[TG]_[CA]AACA,2
3,37724649,37724672,TGTT[TG]_[CA]AACA,9
3,60486387,60486407,TGTT[TG]_[CA]AACA,6
3,153591704,153591722,TGTT[TG]_[CA]AACA,4
3,131117902,131117922,TGTT[TG]_[CA]AACA,6
3,135486114,135486134,TGTT[TG]_GATGC,8
3,20222830,20222846,GCAT[TC]_AAACA,4
3,20222829,20222846,[TC]GCAT_AAACA,4
3,95972387,95972402,TGTT[TG]_[CA]AACA,1
3,95972384,95972402,TGTT[TG]_[CA]AACA,4
3,95043154,95043177,TGTT[TG]_[CA]AACA,9
3,51339926,51339942,TGTT[TG]_[CA]AACA,2
3,51339923,51339942,TGTT[TG]_[CA]AACA,5
3,65975606,65975622,TGTT[TG]_[CA]AACA,2
4,68778065,68778083,TGTT[TG]_[CA]AACA,4
4,68778062,68778083,TGTT[TG]_[CA]AACA,7
4,62734759,62734776,[TC]GCAT_AAACA,4
4,56915887,56915908,TGTT[TG]_[CA]AACA,7
4,103154909,103154927,TGTT[TG]_[CA]AACA,4
4,81678932,81678949,TGTT[TG]_ATGCA,4
4,81678932,81678948,TGTTT_AATGC,4
4,128741014,128741030,TGTT[TG]_GATGC,4
4,128740993,128741014,TGTT[TG]_GATGC,9
4,149283295,149283313,TGTT[TG]_[CA]AACA,4
4,46761971,46761988,[TC]GCAT_AAACA,4
4,32481901,32481916,TGTT[TG]_[CA]AACA,1
4,133174634,133174654,TGTT[TG]_[CA]AACA,6
4,46657147,46657162,TGTT[TG]_[CA]AACA,1
4,19697037,19697053,TGTT[TG]_[CA]AACA,2
4,26790379,26790397,TGTT[TG]_[CA]AACA,4
4,26790375,26790397,TGTT[TG]_[CA]AACA,8
4,100952957,100952974,TGTT[TG]_[CA]AACA,3
4,100952960,100952978,TGTT[TG]_[CA]AACA,4
4,100952957,100952978,TGTT[TG]_[CA]AACA,7
4,100952960,100952982,TGTT[TG]_[CA]AACA,8
4,57903397,57903412,TGTT[TG]_[CA]AACA,1
4,57903397,57903415,TGTT[TG]_[CA]AACA,4
4,57903393,57903412,TGTT[TG]_[CA]AACA,5
4,57903393,57903415,TGTT[TG]_[CA]AACA,8
4,38629876,38629891,TGTT[TG]_[CA]AACA,1
4,38629873,38629891,TGTT[TG]_[CA]AACA,4
4,38629870,38629891,TGTT[TG]_[CA]AACA,7
4,33375639,33375657,TGTT[TG]_[CA]AACA,4
4,59654037,59654055,TGTT[TG]_[CA]AACA,4
4,150565744,150565761,[TC]GCAT_AAACA,4
4,98280810,98280826,GCAT[TC]_AAACA,4
4,98280809,98280826,[TC]GCAT_AAACA,4
4,40680450,40680470,TGTT[TG]_[CA]AACA,6
4,40680487,40680502,GCAT[TC]_AAACA,3
4,40680486,40680502,[TC]GCAT_AAACA,3
4,126194457,126194475,TGTT[TG]_[CA]AACA,4
4,44202961,44202982,TGTT[TG]_[CA]AACA,7
4,101186015,101186031,TGTT[TG]_GATGC,4
4,101186012,101186031,TGTT[TG]_GATGC,7
4,24002521,24002539,TGTT[TG]_[CA]AACA,4
4,134505225,134505243,TGTT[TG]_[CA]AACA,4
4,47313969,47313987,[TC]GCAT_AAACA,5
4,7443392,7443410,TGTT[TG]_[CA]AACA,4
4,43038145,43038163,TGTT[TG]_[CA]AACA,4
4,20547301,20547321,TGTT[TG]_[CA]AACA,6
4,20547305,20547321,GCAT[TC]_AAACA,4
4,20547304,20547321,[TC]GCAT_AAACA,4
4,150454166,150454184,TGTT[TG]_[CA]AACA,4
4,150454158,150454180,TGTT[TG]_[CA]AACA,8
4,108781524,108781537,TGTTT_AATGC,1
4,26766627,26766645,TGTT[TG]_[CA]AACA,4
4,10981371,10981389,TGTT[TG]_[CA]AACA,4
4,20304168,20304186,TGTT[TG]_[CA]AACA,4
4,135271670,135271686,GCAT[TC]_AAACA,4
4,135271669,135271686,[TC]GCAT_AAACA,4
4,101391855,101391870,TGTT[TG]_[CA]AACA,1
4,101391855,101391873,TGTT[TG]_[CA]AACA,4
4,6622282,6622299,TGTT[TG]_ATGCA,4
4,6622282,6622298,TGTTT_AATGC,4
4,136123168,136123186,TGTT[TG]_GATGC,6
4,136123168,136123187,TGTT[TG]_ATGCA,6
4,127146897,127146915,TGTT[TG]_[CA]AACA,4
4,127146897,127146918,TGTT[TG]_[CA]AACA,7
4,41256955,41256973,TGTT[TG]_[CA]AACA,4
4,135483946,135483963,TGTT[TG]_[CA]AACA,3
4,116453486,116453501,TGTT[TG]_[CA]AACA,1
4,116453483,116453501,TGTT[TG]_[CA]AACA,4
4,32133033,32133050,TGTT[TG]_[CA]AACA,3
4,133182633,133182649,[TC]GCAT_AAACA,3
4,133182633,133182655,[TC]GCAT_AAACA,9
4,35130939,35130955,TGTT[TG]_[CA]AACA,2
4,51286612,51286630,TGTT[TG]_[CA]AACA,4
4,137892347,137892362,TGTT[TG]_[CA]AACA,1
4,137892347,137892365,TGTT[TG]_[CA]AACA,4
4,137892323,137892341,TGTT[TG]_GATGC,6
4,44045146,44045167,GCAT[TC]_AAACA,9
4,44045145,44045167,[TC]GCAT_AAACA,9
4,6475111,6475126,TGTT[TG]_[CA]AACA,1
4,6475111,6475129,TGTT[TG]_[CA]AACA,4
4,20456292,20456310,TGTT[TG]_[CA]AACA,4
4,89550820,89550841,TGTT[TG]_[CA]AACA,7
4,9771187,9771202,TGTT[TG]_ATGCA,2
4,25338271,25338288,TGTT[TG]_[CA]AACA,3
4,25338267,25338288,[TC]GCAT_AAACA,8
4,85548956,85548973,TGTT[TG]_[CA]AACA,3
4,85548820,85548836,GCAT[TC]_AAACA,4
4,149871949,149871964,TGTT[TG]_ATGCA,2
4,149871949,149871963,TGTTT_AATGC,2
4,11499037,11499054,[TC]GCAT_AAACA,4
4,80231470,80231489,TGTT[TG]_[CA]AACA,5
4,134370527,134370544,TGTT[TG]_[CA]AACA,3
4,76149737,76149758,TGTT[TG]_[CA]AACA,7
4,133170450,133170465,TGTT[TG]_[CA]AACA,1
4,133170446,133170465,TGTT[TG]_[CA]AACA,5
4,102636011,102636029,TGTT[TG]_[CA]AACA,4
4,106787867,106787883,TGTT[TG]_[CA]AACA,2
4,139456527,139456545,TGTT[TG]_[CA]AACA,4
4,139456524,139456545,TGTT[TG]_[CA]AACA,7
4,136089830,136089847,[TC]GCAT_AAACA,4
4,137334324,137334337,TGTT[TG]_GATGC,1
4,137334324,137334338,TGTT[TG]_ATGCA,1
4,120120244,120120261,TGTT[TG]_ATGCA,4
4,120120244,120120260,TGTTT_AATGC,4
4,117139348,117139364,TGTT[TG]_[CA]AACA,2
4,85430724,85430742,TGTT[TG]_[CA]AACA,4
4,85430631,85430652,TGTT[TG]_ATGCA,8
4,86319472,86319490,TGTT[TG]_[CA]AACA,4
4,148155170,148155184,TGTT[TG]_ATGCA,1
4,3990043,3990060,TGTT[TG]_[CA]AACA,3
4,32342601,32342618,TGTT[TG]_[CA]AACA,3
4,32342598,32342618,TGTT[TG]_[CA]AACA,6
4,143143841,143143860,[TC]GCAT_AAACA,6
4,40238970,40238990,TGTT[TG]_[CA]AACA,6
4,90840193,90840211,TGTT[TG]_[CA]AACA,4
4,62505798,62505816,TGTT[TG]_[CA]AACA,4
4,62505766,62505787,TGTT[TG]_[CA]AACA,7
4,129805563,129805581,TGTT[TG]_[CA]AACA,4
4,129805558,129805581,TGTT[TG]_[CA]AACA,9
4,88761972,88761987,TGTT[TG]_[CA]AACA,1
4,107164155,107164168,GCAT[TC]_AAACA,1
4,107164154,107164168,[TC]GCAT_AAACA,1
4,129344952,129344965,TGTT[TG]_GATGC,1
4,129344952,129344966,TGTT[TG]_ATGCA,1
4,136016109,136016130,TGTT[TG]_[CA]AACA,7
4,62695871,62695886,GCAT[TC]_AAACA,3
4,62695871,62695890,GCAT[TC]_AAACA,7
4,12046711,12046729,TGTT[TG]_[CA]AACA,4
4,42961828,42961844,GCAT[TC]_AAACA,4
4,42961827,42961844,[TC]GCAT_AAACA,4
4,57784881,57784903,TGTT[TG]_[CA]AACA,8
4,57785024,57785047,TGTT[TG]_[CA]AACA,9
4,41341441,41341459,TGTT[TG]_[CA]AACA,4
4,148050465,148050483,TGTT[TG]_[CA]AACA,4
4,43960482,43960497,TGTT[TG]_[CA]AACA,1
4,139086271,139086286,TGTT[TG]_[CA]AACA,1
4,116703966,116703983,TGTT[TG]_ATGCA,4
4,84305576,84305592,TGTT[TG]_GATGC,4
4,84305576,84305593,TGTT[TG]_ATGCA,4
4,40218512,40218533,TGTT[TG]_[CA]AACA,7
4,62561590,62561609,TGTT[TG]_[CA]AACA,5
4,91336445,91336461,TGTT[TG]_[CA]AACA,2
4,91336426,91336443,TGTT[TG]_[CA]AACA,3
4,91336422,91336440,GCAT[TC]_AAACA,6
4,130914340,130914360,TGTT[TG]_[CA]AACA,6
4,41523178,41523198,TGTT[TG]_[CA]AACA,6
4,8634537,8634555,TGTT[TG]_[CA]AACA,4
4,8634537,8634559,TGTT[TG]_[CA]AACA,8
4,41774327,41774342,TGTT[TG]_GATGC,3
4,105333311,105333329,TGTT[TG]_[CA]AACA,4
4,133250878,133250894,TGTT[TG]_GATGC,4
4,120793655,120793672,TGTT[TG]_[CA]AACA,3
4,128735516,128735534,TGTT[TG]_[CA]AACA,4
4,32263291,32263312,TGTT[TG]_[CA]AACA,7
4,140601363,140601381,TGTT[TG]_[CA]AACA,4
4,155197872,155197886,GCAT[TC]_AAACA,2
4,138935266,138935287,TGTT[TG]_[CA]AACA,7
4,123411382,123411404,TGTT[TG]_[CA]AACA,8
4,8649826,8649844,TGTT[TG]_[CA]AACA,4
4,10770280,10770295,TGTT[TG]_[CA]AACA,1
4,101213580,101213602,[TC]GCAT_AAACA,9
4,59266056,59266071,TGTT[TG]_[CA]AACA,1
4,95120661,95120679,TGTT[TG]_[CA]AACA,4
4,135954392,135954413,TGTT[TG]_ATGCA,8
4,62756802,62756817,TGTT[TG]_[CA]AACA,1
4,88867618,88867635,TGTT[TG]_[CA]AACA,3
4,119464415,119464430,TGTT[TG]_[CA]AACA,1
4,108960641,108960659,TGTT[TG]_[CA]AACA,4
4,6958444,6958463,TGTT[TG]_[CA]AACA,5
4,3982595,3982610,TGTT[TG]_[CA]AACA,1
4,3982595,3982613,TGTT[TG]_[CA]AACA,4
4,6817247,6817264,TGTT[TG]_ATGCA,4
4,92560358,92560373,TGTT[TG]_[CA]AACA,1
4,92560303,92560321,TGTT[TG]_[CA]AACA,4
4,46390385,46390404,TGTT[TG]_[CA]AACA,5
4,46390557,46390578,TGTT[TG]_[CA]AACA,7
4,46390381,46390404,TGTT[TG]_[CA]AACA,9
4,101320831,101320852,TGTT[TG]_ATGCA,8
4,127061114,127061133,GCAT[TC]_AAACA,7
4,127061113,127061133,[TC]GCAT_AAACA,7
4,155245883,155245899,TGTT[TG]_GATGC,4
4,44973836,44973854,TGTT[TG]_[CA]AACA,4
4,155178476,155178498,TGTT[TG]_[CA]AACA,8
4,122934317,122934333,TGTT[TG]_ATGCA,3
4,122934317,122934332,TGTTT_AATGC,3
4,24372938,24372956,TGTT[TG]_[CA]AACA,4
4,123577565,123577584,TGTT[TG]_[CA]AACA,5
4,103803464,103803482,TGTT[TG]_[CA]AACA,4
4,150915463,150915480,TGTT[TG]_ATGCA,4
4,59528318,59528333,TGTT[TG]_[CA]AACA,1
4,59528492,59528508,GCAT[TC]_AAACA,4
4,59528491,59528508,[TC]GCAT_AAACA,4
4,133836954,133836972,TGTT[TG]_[CA]AACA,4
4,101217355,101217370,GCAT[TC]_AAACA,3
4,101217355,101217375,GCAT[TC]_AAACA,8
4,139289526,139289544,TGTT[TG]_[CA]AACA,4
4,109280394,109280409,[TC]GCAT_AAACA,2
4,70596655,70596673,TGTT[TG]_[CA]AACA,4
4,155162350,155162367,[TC]GCAT_AAACA,4
4,108071634,108071651,TGTT[TG]_[CA]AACA,3
4,108071180,108071198,TGTT[TG]_ATGCA,5
4,108071176,108071198,TGTT[TG]_ATGCA,9
4,23404126,23404144,TGTT[TG]_[CA]AACA,4
4,149658331,149658348,TGTT[TG]_[CA]AACA,3
4,149658539,149658554,TGTT[TG]_ATGCA,2
4,131896168,131896182,GCAT[TC]_AAACA,2
4,135406005,135406023,TGTT[TG]_ATGCA,5
4,135406005,135406027,TGTT[TG]_ATGCA,9
4,135963527,135963542,TGTT[TG]_[CA]AACA,1
4,134535543,134535558,TGTT[TG]_[CA]AACA,1
4,32387790,32387812,TGTT[TG]_[CA]AACA,8
4,106651335,106651350,TGTT[TG]_[CA]AACA,1
4,6803595,6803610,TGTT[TG]_[CA]AACA,1
4,133707361,133707376,TGTTT_AATGC,3
4,150545246,150545261,[TC]GCAT_AAACA,2
4,15986709,15986726,TGTT[TG]_[CA]AACA,3
4,15986700,15986723,TGTT[TG]_[CA]AACA,9
4,15986705,15986723,GCAT[TC]_AAACA,6
4,15986704,15986723,[TC]GCAT_AAACA,6
4,95161564,95161584,TGTT[TG]_[CA]AACA,6
4,103169582,103169600,TGTT[TG]_[CA]AACA,4
4,88046523,88046541,GCAT[TC]_AAACA,6
4,88046522,88046541,[TC]GCAT_AAACA,6
4,129883136,129883156,TGTT[TG]_[CA]AACA,6
4,151933368,151933389,GCAT[TC]_AAACA,9
4,151933367,151933389,[TC]GCAT_AAACA,9
4,143412612,143412635,TGTT[TG]_[CA]AACA,9
4,129249663,129249681,TGTT[TG]_[CA]AACA,4
4,129249659,129249681,TGTT[TG]_[CA]AACA,8
4,135877064,135877087,TGTT[TG]_[CA]AACA,9
4,132659281,132659298,TGTT[TG]_[CA]AACA,3
4,127022512,127022528,TGTT[TG]_[CA]AACA,2
4,52439271,52439290,TGTT[TG]_GATGC,7
4,137367808,137367824,TGTT[TG]_[CA]AACA,2
4,137367808,137367827,TGTT[TG]_[CA]AACA,5
4,155831493,155831511,TGTT[TG]_[CA]AACA,4
4,129570652,129570670,TGTT[TG]_[CA]AACA,4
4,137388756,137388773,TGTT[TG]_[CA]AACA,3
4,133879223,133879243,TGTT[TG]_[CA]AACA,6
4,132212447,132212467,TGTT[TG]_[CA]AACA,6
4,108327770,108327783,TGTT[TG]_GATGC,1
4,102507187,102507207,TGTT[TG]_[CA]AACA,6
4,118409057,118409072,GCAT[TC]_AAACA,3
4,118409057,118409077,GCAT[TC]_AAACA,8
4,138914335,138914351,TGTTT_AATGC,4
4,62407523,62407540,GCAT[TC]_AAACA,5
4,62407522,62407540,[TC]GCAT_AAACA,5
4,102569298,102569319,[TC]GCAT_AAACA,8
4,21727229,21727245,TGTT[TG]_[CA]AACA,2
4,102517173,102517191,TGTT[TG]_[CA]AACA,4
4,13519319,13519337,TGTT[TG]_[CA]AACA,4
4,13519734,13519752,TGTT[TG]_[CA]AACA,4
4,13519280,13519294,TGTT[TG]_ATGCA,1
4,13519276,13519294,TGTT[TG]_ATGCA,5
4,13519276,13519293,TGTTT_AATGC,5
4,13519692,13519710,GCAT[TC]_AAACA,6
4,98436725,98436742,TGTT[TG]_[CA]AACA,3
4,98436776,98436793,TGTT[TG]_[CA]AACA,3
4,98436673,98436691,TGTT[TG]_[CA]AACA,4
4,98436553,98436571,[TC]GCAT_AAACA,5
4,8800043,8800063,TGTTT_AATGC,8
4,135080654,135080673,[TC]GCAT_AAACA,6
4,48012823,48012841,TGTT[TG]_[CA]AACA,4
4,8913564,8913584,TGTT[TG]_[CA]AACA,6
4,120925506,120925523,TGTT[TG]_ATGCA,4
4,133278062,133278080,TGTT[TG]_[CA]AACA,4
4,6453569,6453582,GCAT[TC]_AAACA,1
4,6453569,6453586,GCAT[TC]_AAACA,5
4,6453569,6453590,GCAT[TC]_AAACA,9
4,6453568,6453582,[TC]GCAT_AAACA,1
4,6453568,6453586,[TC]GCAT_AAACA,5
4,6453568,6453590,[TC]GCAT_AAACA,9
4,137593543,137593563,TGTT[TG]_[CA]AACA,6
4,108319229,108319248,TGTT[TG]_[CA]AACA,5
4,108319226,108319248,TGTT[TG]_[CA]AACA,8
4,116626741,116626757,GCAT[TC]_AAACA,4
4,129641604,129641622,TGTT[TG]_[CA]AACA,4
4,108999928,108999943,GCAT[TC]_AAACA,3
4,108999928,108999949,GCAT[TC]_AAACA,9
4,32983664,32983685,TGTT[TG]_GATGC,9
5,51069465,51069483,TGTT[TG]_[CA]AACA,4
5,50206193,50206210,TGTT[TG]_[CA]AACA,3
5,50206193,50206213,TGTT[TG]_[CA]AACA,6
5,23974034,23974052,TGTT[TG]_[CA]AACA,4
5,129105946,129105962,GCAT[TC]_AAACA,4
5,129105945,129105962,[TC]GCAT_AAACA,4
5,140638238,140638254,TGTT[TG]_GATGC,4
5,67261181,67261200,TGTT[TG]_[CA]AACA,5
5,31985434,31985452,TGTT[TG]_[CA]AACA,4
5,31985520,31985542,TGTT[TG]_[CA]AACA,8
5,86037963,86037980,TGTT[TG]_[CA]AACA,3
5,45615829,45615847,TGTT[TG]_[CA]AACA,4
5,63962713,63962731,TGTT[TG]_[CA]AACA,4
5,121562520,121562538,TGTT[TG]_[CA]AACA,4
5,137694035,137694053,TGTT[TG]_[CA]AACA,4
5,137694031,137694053,TGTT[TG]_[CA]AACA,8
5,137694039,137694057,TGTTT_AATGC,6
5,3654483,3654501,TGTT[TG]_[CA]AACA,4
5,60868282,60868297,TGTT[TG]_[CA]AACA,1
5,60868279,60868297,TGTT[TG]_[CA]AACA,4
5,60868275,60868297,TGTT[TG]_[CA]AACA,8
5,20881441,20881461,TGTTT_AATGC,8
5,33392686,33392701,TGTT[TG]_[CA]AACA,1
5,33392686,33392704,TGTT[TG]_[CA]AACA,4
5,128588721,128588739,TGTT[TG]_[CA]AACA,4
5,93133452,93133473,TGTT[TG]_[CA]AACA,7
5,97180353,97180370,TGTT[TG]_ATGCA,4
5,97180353,97180369,TGTTT_AATGC,4
5,55907558,55907576,TGTT[TG]_[CA]AACA,4
5,150186474,150186492,TGTT[TG]_[CA]AACA,4
5,119726253,119726267,TGTT[TG]_GATGC,2
5,55182880,55182898,TGTT[TG]_[CA]AACA,4
5,58883086,58883104,TGTT[TG]_[CA]AACA,4
5,117378010,117378025,TGTT[TG]_[CA]AACA,1
5,122945861,122945879,TGTT[TG]_[CA]AACA,4
5,32477628,32477646,TGTT[TG]_[CA]AACA,4
5,75640923,75640939,TGTT[TG]_[CA]AACA,2
5,72340624,72340642,TGTT[TG]_[CA]AACA,4
5,21213143,21213160,TGTT[TG]_[CA]AACA,3
5,9108138,9108158,TGTT[TG]_[CA]AACA,6
5,110839078,110839096,TGTT[TG]_[CA]AACA,4
5,110839074,110839096,TGTT[TG]_[CA]AACA,8
5,74019921,74019939,TGTT[TG]_[CA]AACA,4
5,116625530,116625548,TGTT[TG]_[CA]AACA,4
5,116625530,116625553,TGTT[TG]_[CA]AACA,9
5,147331869,147331886,TGTT[TG]_[CA]AACA,3
5,11884373,11884391,TGTT[TG]_[CA]AACA,4
5,18629676,18629693,TGTT[TG]_[CA]AACA,3
5,34232756,34232778,TGTT[TG]_[CA]AACA,8
5,80520608,80520623,TGTT[TG]_[CA]AACA,1
5,80520587,80520605,TGTT[TG]_[CA]AACA,4
5,80520584,80520605,TGTT[TG]_[CA]AACA,7
5,138603650,138603666,TGTTT_AATGC,4
5,67116592,67116610,TGTT[TG]_[CA]AACA,4
5,44071670,44071688,TGTT[TG]_[CA]AACA,4
5,49630100,49630118,TGTT[TG]_[CA]AACA,4
5,72646388,72646405,GCAT[TC]_AAACA,5
5,72646387,72646405,[TC]GCAT_AAACA,5
5,143132992,143133013,TGTT[TG]_[CA]AACA,7
5,79419207,79419224,TGTT[TG]_[CA]AACA,3
5,31785295,31785313,TGTT[TG]_[CA]AACA,4
5,91697121,91697139,TGTT[TG]_[CA]AACA,4
5,127904225,127904243,TGTT[TG]_[CA]AACA,4
5,105701582,105701599,TGTT[TG]_[CA]AACA,3
5,41008189,41008205,TGTT[TG]_[CA]AACA,2
5,41008059,41008077,TGTT[TG]_[CA]AACA,4
5,41008145,41008161,GCAT[TC]_AAACA,4
5,41008144,41008161,[TC]GCAT_AAACA,4
5,38598800,38598818,TGTT[TG]_[CA]AACA,4
5,105508923,105508938,TGTT[TG]_[CA]AACA,1
5,27608688,27608708,TGTT[TG]_[CA]AACA,6
5,27608688,27608704,TGTT[TG]_GATGC,4
5,27608688,27608705,TGTT[TG]_ATGCA,4
5,100728788,100728806,TGTT[TG]_[CA]AACA,4
5,123150899,123150912,TGTT[TG]_GATGC,1
5,36860500,36860518,TGTT[TG]_[CA]AACA,4
5,36860590,36860606,TGTT[TG]_ATGCA,3
5,110274090,110274109,TGTT[TG]_[CA]AACA,5
5,110274192,110274212,TGTT[TG]_[CA]AACA,6
5,110274189,110274212,TGTT[TG]_[CA]AACA,9
5,74402662,74402685,TGTT[TG]_[CA]AACA,9
5,74402667,74402685,GCAT[TC]_AAACA,6
5,113772585,113772606,[TC]GCAT_AAACA,8
5,150379437,150379455,TGTT[TG]_[CA]AACA,4
5,122591392,122591410,TGTT[TG]_[CA]AACA,4
5,115204009,115204026,[TC]GCAT_AAACA,4
5,30961918,30961939,TGTT[TG]_[CA]AACA,7
5,102482103,102482123,TGTT[TG]_[CA]AACA,6
5,19444898,19444916,TGTT[TG]_[CA]AACA,4
5,19444802,19444822,TGTT[TG]_[CA]AACA,6
5,19444888,19444910,TGTT[TG]_ATGCA,9
5,106803155,106803171,TGTTT_AATGC,4
5,148819737,148819760,TGTT[TG]_[CA]AACA,9
5,111414404,111414419,TGTT[TG]_[CA]AACA,1
5,123133739,123133755,TGTT[TG]_[CA]AACA,2
5,97983531,97983549,TGTTT_AATGC,6
5,7122894,7122912,TGTT[TG]_[CA]AACA,4
5,130036479,130036498,TGTT[TG]_GATGC,7
5,73286726,73286743,TGTT[TG]_[CA]AACA,3
5,141305957,141305975,TGTT[TG]_[CA]AACA,4
5,114505454,114505469,TGTT[TG]_[CA]AACA,1
5,114505451,114505469,TGTT[TG]_[CA]AACA,4
5,51949519,51949537,TGTT[TG]_[CA]AACA,4
5,20941573,20941592,TGTT[TG]_[CA]AACA,5
5,20941340,20941361,TGTT[TG]_[CA]AACA,7
5,20941573,20941595,TGTT[TG]_[CA]AACA,8
5,57519505,57519523,TGTT[TG]_[CA]AACA,4
5,88458523,88458541,TGTT[TG]_[CA]AACA,4
5,118381259,118381277,TGTT[TG]_[CA]AACA,4
5,146781925,146781948,TGTT[TG]_[CA]AACA,9
5,114378432,114378446,[TC]GCAT_AAACA,1
5,102700277,102700291,TGTT[TG]_GATGC,2
5,17605609,17605625,TGTT[TG]_[CA]AACA,2
5,22487548,22487566,TGTT[TG]_[CA]AACA,4
5,22487568,22487590,TGTT[TG]_ATGCA,9
5,105062384,105062404,TGTT[TG]_ATGCA,7
5,5775633,5775646,GCAT[TC]_AAACA,1
5,143670223,143670242,TGTT[TG]_ATGCA,6
5,143670033,143670046,GCAT[TC]_AAACA,1
5,143670032,143670046,[TC]GCAT_AAACA,1
5,11144975,11144993,TGTT[TG]_[CA]AACA,4
5,45730141,45730159,TGTT[TG]_[CA]AACA,4
5,45730137,45730159,TGTT[TG]_[CA]AACA,8
5,110881309,110881327,TGTT[TG]_[CA]AACA,4
5,3670101,3670118,TGTT[TG]_[CA]AACA,3
5,135968935,135968956,TGTT[TG]_ATGCA,8
5,44862095,44862113,TGTT[TG]_[CA]AACA,4
5,92349114,92349133,TGTT[TG]_GATGC,7
5,92349114,92349134,TGTT[TG]_ATGCA,7
5,50071873,50071891,TGTT[TG]_[CA]AACA,4
5,50071873,50071894,TGTT[TG]_[CA]AACA,7
5,91342019,91342034,TGTT[TG]_[CA]AACA,1
5,65863694,65863713,TGTT[TG]_[CA]AACA,5
5,122733699,122733719,TGTT[TG]_[CA]AACA,6
5,82171383,82171401,TGTT[TG]_[CA]AACA,4
5,82171308,82171330,TGTT[TG]_ATGCA,9
5,123244505,123244520,TGTT[TG]_[CA]AACA,1
5,123244502,123244520,TGTT[TG]_[CA]AACA,4
5,123244499,123244520,TGTT[TG]_[CA]AACA,7
5,40017647,40017665,TGTT[TG]_[CA]AACA,4
5,99363339,99363360,TGTT[TG]_[CA]AACA,7
5,113035187,113035206,TGTT[TG]_ATGCA,6
5,100846034,100846053,TGTT[TG]_[CA]AACA,5
5,42462158,42462176,TGTT[TG]_[CA]AACA,4
5,28382266,28382285,TGTT[TG]_[CA]AACA,5
5,28382260,28382280,TGTT[TG]_[CA]AACA,6
5,122833036,122833052,TGTT[TG]_[CA]AACA,2
5,122220409,122220429,TGTT[TG]_[CA]AACA,6
5,3509722,3509744,TGTT[TG]_[CA]AACA,8
5,148977057,148977077,TGTT[TG]_[CA]AACA,6
5,146867516,146867537,GCAT[TC]_AAACA,9
5,100483794,100483811,GCAT[TC]_AAACA,5
5,100483793,100483811,[TC]GCAT_AAACA,5
5,70670432,70670450,TGTT[TG]_[CA]AACA,4
5,70670496,70670519,TGTT[TG]_[CA]AACA,9
5,134966243,134966265,[TC]GCAT_AAACA,9
5,5014679,5014697,TGTT[TG]_[CA]AACA,4
5,39048402,39048420,TGTT[TG]_[CA]AACA,4
5,51198101,51198119,TGTT[TG]_[CA]AACA,4
5,86004543,86004561,TGTT[TG]_[CA]AACA,4
5,65091764,65091785,TGTT[TG]_[CA]AACA,7
5,92491726,92491748,TGTT[TG]_[CA]AACA,8
5,53490965,53490985,TGTT[TG]_[CA]AACA,6
5,65795486,65795504,TGTT[TG]_[CA]AACA,4
5,118604721,118604739,TGTT[TG]_[CA]AACA,4
5,150223730,150223753,TGTT[TG]_[CA]AACA,9
5,141196396,141196409,TGTT[TG]_GATGC,1
5,32479063,32479084,TGTT[TG]_[CA]AACA,7
5,135115495,135115511,TGTT[TG]_[CA]AACA,2
5,64651435,64651458,TGTT[TG]_[CA]AACA,9
5,105292431,105292449,TGTT[TG]_[CA]AACA,4
5,32760135,32760150,TGTT[TG]_[CA]AACA,1
5,32760135,32760153,TGTT[TG]_[CA]AACA,4
5,72634768,72634788,TGTT[TG]_[CA]AACA,6
5,72204650,72204667,TGTT[TG]_[CA]AACA,3
5,122228564,122228582,TGTT[TG]_[CA]AACA,4
5,122228560,122228582,TGTT[TG]_[CA]AACA,8
5,114897360,114897377,TGTT[TG]_[CA]AACA,3
5,72812002,72812019,TGTT[TG]_[CA]AACA,3
5,103760795,103760814,TGTT[TG]_GATGC,7
5,107960756,107960774,TGTT[TG]_[CA]AACA,4
5,65857144,65857158,GCAT[TC]_AAACA,2
5,65857000,65857015,GCAT[TC]_AAACA,3
5,65857136,65857158,[TC]GCAT_AAACA,9
5,107264868,107264890,[TC]GCAT_AAACA,9
5,25478991,25479009,TGTT[TG]_[CA]AACA,4
5,86086900,86086918,TGTT[TG]_GATGC,6
5,125466099,125466114,GCAT[TC]_AAACA,3
5,147418146,147418166,TGTT[TG]_[CA]AACA,6
5,140702486,140702501,TGTT[TG]_GATGC,3
5,140702481,140702501,TGTT[TG]_GATGC,8
5,57706313,57706331,TGTT[TG]_[CA]AACA,4
5,57706309,57706331,TGTT[TG]_[CA]AACA,8
5,129887698,129887714,TGTTT_AATGC,4
5,129887693,129887714,TGTTT_AATGC,9
5,134236651,134236667,TGTT[TG]_[CA]AACA,2
5,134236648,134236667,TGTT[TG]_[CA]AACA,5
5,28270202,28270217,TGTT[TG]_[CA]AACA,1
5,12427407,12427425,TGTT[TG]_[CA]AACA,4
5,31516818,31516836,TGTT[TG]_[CA]AACA,4
5,134571661,134571682,TGTT[TG]_[CA]AACA,7
5,72178726,72178744,TGTT[TG]_[CA]AACA,4
5,122698585,122698603,TGTT[TG]_[CA]AACA,4
5,151247726,151247747,TGTT[TG]_[CA]AACA,7
5,127617526,127617540,TGTT[TG]_GATGC,2
5,38260873,38260892,TGTT[TG]_GATGC,7
5,38260873,38260893,TGTT[TG]_ATGCA,7
5,124955179,124955199,TGTT[TG]_[CA]AACA,6
5,124955102,124955123,GCAT[TC]_AAACA,9
5,64684081,64684097,TGTTT_AATGC,4
5,72161156,72161171,TGTT[TG]_GATGC,3
5,72869073,72869090,TGTT[TG]_ATGCA,4
5,148501326,148501342,TGTT[TG]_[CA]AACA,2
5,148501236,148501253,TGTT[TG]_[CA]AACA,3
5,148501326,148501345,TGTT[TG]_[CA]AACA,5
5,149526724,149526741,TGTTT_AATGC,5
5,130255653,130255676,TGTT[TG]_[CA]AACA,9
5,88897626,88897644,TGTT[TG]_[CA]AACA,4
5,77460375,77460389,[TC]GCAT_AAACA,1
5,115301094,115301113,TGTT[TG]_ATGCA,6
5,73586162,73586180,TGTT[TG]_[CA]AACA,4
5,148553093,148553108,TGTT[TG]_[CA]AACA,1
5,77070219,77070237,TGTT[TG]_[CA]AACA,4
5,105305980,105306000,TGTT[TG]_ATGCA,7
5,113842325,113842343,TGTT[TG]_[CA]AACA,4
5,18746398,18746416,TGTT[TG]_[CA]AACA,4
5,124944682,124944700,TGTT[TG]_[CA]AACA,4
5,37067493,37067515,TGTT[TG]_[CA]AACA,8
5,37066883,37066897,GCAT[TC]_AAACA,2
5,37066882,37066897,[TC]GCAT_AAACA,2
5,31614401,31614423,TGTT[TG]_[CA]AACA,8
5,140419167,140419187,TGTT[TG]_ATGCA,7
5,122131643,122131661,TGTT[TG]_[CA]AACA,4
5,28647572,28647590,TGTT[TG]_[CA]AACA,4
5,140618631,140618644,GCAT[TC]_AAACA,1
5,148399497,148399511,TGTT[TG]_ATGCA,1
5,23432641,23432664,TGTT[TG]_[CA]AACA,9
5,23387411,23387427,TGTT[TG]_[CA]AACA,2
5,23386607,23386624,TGTT[TG]_ATGCA,4
5,23386607,23386623,TGTTT_AATGC,4
5,23386464,23386485,TGTTT_AATGC,9
5,23386817,23386834,GCAT[TC]_AAACA,5
5,52189706,52189723,TGTT[TG]_[CA]AACA,3
5,64161182,64161200,TGTT[TG]_[CA]AACA,4
5,34187847,34187860,TGTT[TG]_GATGC,1
5,115490564,115490580,TGTT[TG]_GATGC,4
5,115490487,115490504,[TC]GCAT_AAACA,4
5,30887853,30887872,GCAT[TC]_AAACA,7
6,5271728,5271744,TGTT[TG]_GATGC,4
6,5271724,5271744,TGTT[TG]_GATGC,8
6,5271728,5271745,TGTT[TG]_ATGCA,4
6,5271724,5271745,TGTT[TG]_ATGCA,8
6,99540848,99540863,TGTT[TG]_[CA]AACA,1
6,136978200,136978218,TGTT[TG]_[CA]AACA,4
6,34988149,34988167,TGTT[TG]_[CA]AACA,4
6,51618467,51618485,TGTT[TG]_[CA]AACA,4
6,99719500,99719516,TGTT[TG]_GATGC,4
6,27289461,27289479,TGTT[TG]_[CA]AACA,4
6,61177774,61177792,TGTT[TG]_[CA]AACA,4
6,22395083,22395100,TGTT[TG]_[CA]AACA,3
6,17099046,17099064,TGTT[TG]_[CA]AACA,4
6,17099084,17099102,TGTT[TG]_ATGCA,5
6,127104382,127104400,TGTT[TG]_[CA]AACA,4
6,6754549,6754566,TGTT[TG]_[CA]AACA,3
6,6754553,6754571,TGTT[TG]_[CA]AACA,4
6,6754673,6754691,TGTT[TG]_[CA]AACA,4
6,6754549,6754571,TGTT[TG]_[CA]AACA,8
6,108657541,108657558,[TC]GCAT_AAACA,4
6,31489992,31490010,TGTT[TG]_[CA]AACA,4
6,49356548,49356566,TGTT[TG]_[CA]AACA,4
6,142659299,142659316,[TC]GCAT_AAACA,4
6,68581796,68581811,TGTT[TG]_[CA]AACA,1
6,68581793,68581811,TGTT[TG]_[CA]AACA,4
6,70798419,70798432,TGTT[TG]_GATGC,1
6,70798416,70798432,TGTT[TG]_GATGC,4
6,70798413,70798432,TGTT[TG]_GATGC,7
6,124423359,124423375,TGTT[TG]_[CA]AACA,2
6,124423389,124423405,TGTT[TG]_[CA]AACA,2
6,119541845,119541861,GCAT[TC]_AAACA,4
6,79291331,79291349,TGTT[TG]_[CA]AACA,4
6,99397833,99397849,TGTT[TG]_[CA]AACA,2
6,79605061,79605079,TGTT[TG]_[CA]AACA,4
6,4888762,4888780,TGTT[TG]_[CA]AACA,4
6,71593241,71593259,TGTT[TG]_[CA]AACA,4
6,47060849,47060870,TGTT[TG]_[CA]AACA,7
6,93205464,93205482,TGTT[TG]_[CA]AACA,4
6,83688910,83688928,TGTT[TG]_[CA]AACA,4
6,73118224,73118242,TGTT[TG]_[CA]AACA,4
6,73118221,73118242,TGTT[TG]_[CA]AACA,7
6,4167230,4167248,TGTT[TG]_[CA]AACA,4
6,120065984,120066006,TGTT[TG]_[CA]AACA,8
6,12783389,12783406,TGTT[TG]_ATGCA,4
6,97405150,97405168,TGTT[TG]_[CA]AACA,4
6,54705357,54705374,TGTT[TG]_[CA]AACA,3
6,56808811,56808830,TGTT[TG]_[CA]AACA,5
6,52957703,52957725,TGTT[TG]_[CA]AACA,8
6,119737966,119737984,TGTT[TG]_[CA]AACA,4
6,122761354,122761370,TGTT[TG]_GATGC,4
6,122761354,122761371,TGTT[TG]_ATGCA,4
6,141889599,141889617,TGTT[TG]_[CA]AACA,4
6,18860547,18860565,TGTT[TG]_[CA]AACA,4
6,125237616,125237632,GCAT[TC]_AAACA,4
6,125237615,125237632,[TC]GCAT_AAACA,4
6,75960913,75960927,TGTT[TG]_GATGC,2
6,31191744,31191764,TGTT[TG]_GATGC,8
6,31191744,31191765,TGTT[TG]_ATGCA,8
6,129306873,129306891,TGTT[TG]_[CA]AACA,4
6,147952423,147952441,TGTT[TG]_[CA]AACA,4
6,114849226,114849244,TGTT[TG]_[CA]AACA,4
6,111108979,111108994,TGTT[TG]_[CA]AACA,1
6,111108874,111108892,TGTT[TG]_[CA]AACA,4
6,148165431,148165449,TGTT[TG]_[CA]AACA,4
6,29841743,29841765,TGTT[TG]_[CA]AACA,8
6,15728452,15728470,TGTT[TG]_[CA]AACA,4
6,15728452,15728473,TGTT[TG]_[CA]AACA,7
6,28729555,28729573,TGTT[TG]_[CA]AACA,4
6,32767314,32767332,TGTT[TG]_[CA]AACA,4
6,146636439,146636457,TGTT[TG]_[CA]AACA,4
6,146636435,146636457,TGTT[TG]_[CA]AACA,8
6,49586753,49586773,TGTT[TG]_GATGC,8
6,127635038,127635055,TGTT[TG]_[CA]AACA,3
6,127372754,127372769,TGTT[TG]_GATGC,3
6,127372574,127372588,[TC]GCAT_AAACA,1
6,108830479,108830498,TGTT[TG]_[CA]AACA,5
6,81679062,81679080,TGTT[TG]_[CA]AACA,4
6,39451269,39451286,[TC]GCAT_AAACA,4
6,129216537,129216552,TGTT[TG]_[CA]AACA,1
6,11062528,11062550,TGTT[TG]_[CA]AACA,8
6,31233314,31233332,TGTT[TG]_[CA]AACA,4
6,115405702,115405720,TGTT[TG]_[CA]AACA,4
6,115405697,115405720,TGTT[TG]_[CA]AACA,9
6,8512658,8512675,[TC]GCAT_AAACA,4
6,15322282,15322298,TGTT[TG]_GATGC,4
6,126811634,126811654,TGTT[TG]_[CA]AACA,6
6,124779751,124779767,TGTT[TG]_[CA]AACA,2
6,49036467,49036486,GCAT[TC]_AAACA,7
6,38806060,38806081,TGTT[TG]_ATGCA,8
6,94967287,94967303,TGTT[TG]_[CA]AACA,2
6,136744030,136744047,TGTT[TG]_[CA]AACA,3
6,26392268,26392283,TGTT[TG]_[CA]AACA,1
6,26392233,26392251,TGTT[TG]_GATGC,6
6,26392233,26392252,TGTT[TG]_ATGCA,6
6,21313837,21313855,TGTT[TG]_[CA]AACA,4
6,21313834,21313855,TGTT[TG]_[CA]AACA,7
6,140514523,140514540,TGTT[TG]_[CA]AACA,3
6,58759017,58759033,TGTT[TG]_GATGC,4
6,58759017,58759034,TGTT[TG]_ATGCA,4
6,50937368,50937388,TGTT[TG]_[CA]AACA,6
6,22496023,22496041,TGTT[TG]_[CA]AACA,4
6,51529319,51529337,TGTT[TG]_[CA]AACA,4
6,120567622,120567643,TGTT[TG]_[CA]AACA,7
6,72401984,72402005,TGTT[TG]_GATGC,9
6,49656705,49656723,TGTT[TG]_ATGCA,5
6,139811256,139811274,TGTT[TG]_[CA]AACA,4
6,47561235,47561252,TGTT[TG]_[CA]AACA,3
6,108113048,108113066,TGTT[TG]_[CA]AACA,4
6,108113043,108113066,TGTT[TG]_[CA]AACA,9
6,127094784,127094806,[TC]GCAT_AAACA,9
6,50390404,50390423,TGTT[TG]_ATGCA,6
6,50390404,50390422,TGTTT_AATGC,6
6,85159221,85159237,GCAT[TC]_AAACA,4
6,47350057,47350073,TGTT[TG]_[CA]AACA,2
6,99328228,99328243,TGTTT_AATGC,3
6,137456675,137456693,TGTT[TG]_[CA]AACA,4
6,54715803,54715816,GCAT[TC]_AAACA,1
6,14751441,14751459,TGTT[TG]_[CA]AACA,4
6,142877083,142877104,TGTT[TG]_[CA]AACA,7
6,114894997,114895018,[TC]GCAT_AAACA,8
6,82996953,82996968,TGTT[TG]_GATGC,3
6,82997062,82997078,TGTTT_AATGC,4
6,48546631,48546647,TGTTT_AATGC,4
6,48700486,48700504,TGTT[TG]_[CA]AACA,4
6,48700375,48700395,TGTT[TG]_[CA]AACA,6
6,143990974,143990991,TGTT[TG]_[CA]AACA,3
6,54229036,54229054,TGTT[TG]_[CA]AACA,4
6,54229036,54229058,TGTT[TG]_[CA]AACA,8
6,88419616,88419634,TGTT[TG]_[CA]AACA,4
6,98085305,98085323,TGTT[TG]_[CA]AACA,4
6,108435584,108435604,GCAT[TC]_AAACA,8
6,136947210,136947228,TGTT[TG]_[CA]AACA,4
6,136947213,136947228,[TC]GCAT_AAACA,2
6,143957205,143957222,TGTT[TG]_[CA]AACA,3
6,143957369,143957392,TGTT[TG]_[CA]AACA,9
6,41151156,41151174,TGTT[TG]_[CA]AACA,4
6,149193711,149193728,TGTT[TG]_[CA]AACA,3
6,119903789,119903807,TGTT[TG]_[CA]AACA,4
6,119903789,119903812,TGTT[TG]_[CA]AACA,9
6,50303420,50303437,TGTT[TG]_[CA]AACA,3
6,125381877,125381894,TGTT[TG]_ATGCA,4
6,125381877,125381893,TGTTT_AATGC,4
6,115365604,115365622,TGTT[TG]_[CA]AACA,4
6,30300578,30300599,[TC]GCAT_AAACA,8
6,119482055,119482071,TGTT[TG]_GATGC,4
6,119482051,119482071,TGTT[TG]_GATGC,8
6,119482055,119482072,TGTT[TG]_ATGCA,4
6,119482051,119482072,TGTT[TG]_ATGCA,8
6,94690465,94690487,TGTT[TG]_[CA]AACA,8
6,94690733,94690751,[TC]GCAT_AAACA,5
6,28421928,28421946,GCAT[TC]_AAACA,6
6,28421927,28421946,[TC]GCAT_AAACA,6
6,145360251,145360271,TGTT[TG]_[CA]AACA,6
6,87829855,87829870,TGTT[TG]_[CA]AACA,1
6,87829852,87829870,TGTT[TG]_[CA]AACA,4
6,17259693,17259711,TGTT[TG]_[CA]AACA,4
6,17259669,17259690,TGTT[TG]_[CA]AACA,7
6,99266582,99266598,[TC]GCAT_AAACA,3
6,119389013,119389034,TGTT[TG]_[CA]AACA,7
6,115538817,115538834,TGTT[TG]_[CA]AACA,3
6,129260187,129260204,TGTT[TG]_[CA]AACA,3
6,129260372,129260391,TGTT[TG]_[CA]AACA,5
6,129260262,129260283,TGTT[TG]_[CA]AACA,7
6,53700027,53700045,TGTT[TG]_[CA]AACA,4
6,100210411,100210427,TGTT[TG]_GATGC,4
6,100210407,100210427,TGTT[TG]_GATGC,8
6,59013960,59013978,TGTT[TG]_[CA]AACA,4
6,59013960,59013983,TGTT[TG]_[CA]AACA,9
6,54809892,54809913,GCAT[TC]_AAACA,9
6,129283624,129283642,TGTT[TG]_[CA]AACA,4
6,119902365,119902385,TGTT[TG]_GATGC,8
6,142942122,142942137,TGTT[TG]_GATGC,3
6,119635439,119635457,TGTT[TG]_[CA]AACA,4
6,87535618,87535637,GCAT[TC]_AAACA,7
6,95971966,95971984,TGTT[TG]_[CA]AACA,4
6,12315313,12315336,TGTT[TG]_[CA]AACA,9
6,135417839,135417857,TGTT[TG]_[CA]AACA,4
6,142885645,142885663,TGTT[TG]_[CA]AACA,4
6,127434147,127434165,TGTT[TG]_GATGC,6
6,127434147,127434166,TGTT[TG]_ATGCA,6
6,54849724,54849739,TGTT[TG]_[CA]AACA,1
6,39348375,39348390,TGTT[TG]_[CA]AACA,1
6,38352204,38352219,TGTT[TG]_[CA]AACA,1
6,38352465,38352486,TGTT[TG]_[CA]AACA,7
6,114893941,114893964,TGTT[TG]_[CA]AACA,9
6,108549433,108549450,TGTT[TG]_[CA]AACA,3
6,122527926,122527947,TGTT[TG]_ATGCA,8
6,108098687,108098705,TGTT[TG]_[CA]AACA,4
6,37821680,37821702,TGTT[TG]_[CA]AACA,8
6,136450404,136450421,TGTT[TG]_[CA]AACA,3
6,136450407,136450421,[TC]GCAT_AAACA,1
6,33307349,33307367,TGTT[TG]_[CA]AACA,4
6,33307346,33307367,TGTT[TG]_[CA]AACA,7
6,99380208,99380224,GCAT[TC]_AAACA,4
6,145992817,145992834,TGTT[TG]_GATGC,5
6,134701030,134701049,TGTT[TG]_[CA]AACA,5
6,65599867,65599882,TGTT[TG]_[CA]AACA,1
6,50394611,50394631,TGTT[TG]_[CA]AACA,6
6,54737472,54737488,[TC]GCAT_AAACA,3
6,129234618,129234638,TGTT[TG]_[CA]AACA,6
6,41216328,41216346,TGTT[TG]_[CA]AACA,4
6,119509015,119509036,GCAT[TC]_AAACA,9
6,83506750,83506766,TGTT[TG]_ATGCA,3
6,147999939,147999957,TGTT[TG]_[CA]AACA,4
6,129532919,129532937,TGTT[TG]_[CA]AACA,4
6,129532915,129532937,TGTT[TG]_[CA]AACA,8
6,8735175,8735192,TGTT[TG]_[CA]AACA,3
6,8735502,8735520,TGTT[TG]_[CA]AACA,4
6,30401551,30401565,TGTT[TG]_ATGCA,1
6,30401551,30401564,TGTTT_AATGC,1
6,94665230,94665251,TGTT[TG]_[CA]AACA,7
6,99374637,99374654,TGTT[TG]_[CA]AACA,3
6,147476285,147476300,TGTT[TG]_GATGC,3
6,48554855,48554869,TGTT[TG]_GATGC,2
6,48554851,48554869,TGTT[TG]_GATGC,6
6,118455690,118455707,TGTT[TG]_[CA]AACA,3
6,54759825,54759845,TGTT[TG]_[CA]AACA,6
6,136828508,136828524,TGTTT_AATGC,4
6,87502934,87502950,GCAT[TC]_AAACA,4
6,99394682,99394698,TGTT[TG]_[CA]AACA,2
6,13070174,13070190,TGTT[TG]_GATGC,4
6,41554281,41554297,TGTT[TG]_[CA]AACA,2
6,99261639,99261656,TGTT[TG]_[CA]AACA,3
6,99261636,99261656,TGTT[TG]_[CA]AACA,6
6,99261633,99261656,TGTT[TG]_[CA]AACA,9
6,99261198,99261215,TGTT[TG]_GATGC,5
6,37054471,37054486,TGTT[TG]_[CA]AACA,1
6,37054468,37054486,TGTT[TG]_[CA]AACA,4
6,37054944,37054962,TGTT[TG]_[CA]AACA,4
6,37054606,37054627,TGTT[TG]_ATGCA,8
6,37054606,37054626,TGTTT_AATGC,8
6,54120103,54120121,TGTT[TG]_[CA]AACA,4
6,51060397,51060418,TGTT[TG]_[CA]AACA,7
6,142867471,142867487,TGTT[TG]_[CA]AACA,2
6,15748288,15748302,TGTTT_AATGC,2
6,121130854,121130871,TGTT[TG]_ATGCA,4
6,8486110,8486132,TGTT[TG]_[CA]AACA,8
6,8486248,8486271,TGTT[TG]_[CA]AACA,9
6,125572953,125572971,TGTT[TG]_[CA]AACA,4
6,125572948,125572971,TGTT[TG]_[CA]AACA,9
6,39380195,39380214,TGTT[TG]_[CA]AACA,5
6,39380191,39380214,TGTT[TG]_[CA]AACA,9
6,147091160,147091175,TGTT[TG]_[CA]AACA,1
6,147091156,147091175,TGTT[TG]_[CA]AACA,5
6,124885747,124885766,TGTT[TG]_[CA]AACA,5
6,124885747,124885770,TGTT[TG]_[CA]AACA,9
6,71633198,71633217,TGTT[TG]_ATGCA,6
6,99522467,99522487,TGTT[TG]_[CA]AACA,6
6,99522464,99522487,TGTT[TG]_[CA]AACA,9
6,70824573,70824589,GCAT[TC]_AAACA,4
6,34176365,34176387,TGTT[TG]_[CA]AACA,8
6,134898638,134898654,TGTT[TG]_GATGC,4
6,134898638,134898655,TGTT[TG]_ATGCA,4
6,56703977,56703995,TGTT[TG]_[CA]AACA,4
6,115852779,115852796,TGTT[TG]_[CA]AACA,3
6,83457189,83457207,TGTT[TG]_[CA]AACA,4
6,17066540,17066553,TGTTT_AATGC,1
7,102284213,102284230,TGTT[TG]_ATGCA,4
7,78400826,78400844,TGTT[TG]_[CA]AACA,4
7,125544058,125544073,TGTT[TG]_GATGC,3
7,101595123,101595136,GCAT[TC]_AAACA,1
7,101595122,101595136,[TC]GCAT_AAACA,1
7,75560067,75560084,TGTT[TG]_ATGCA,4
7,70995892,70995910,TGTT[TG]_[CA]AACA,4
7,54414525,54414543,TGTT[TG]_[CA]AACA,4
7,90341622,90341639,GCAT[TC]_AAACA,5
7,90341621,90341639,[TC]GCAT_AAACA,5
7,43756369,43756387,TGTT[TG]_[CA]AACA,4
7,25107286,25107302,[TC]GCAT_AAACA,3
7,16262319,16262337,TGTT[TG]_[CA]AACA,4
7,101094874,101094892,TGTT[TG]_[CA]AACA,4
7,75982303,75982318,TGTT[TG]_[CA]AACA,1
7,105399271,105399286,TGTT[TG]_GATGC,3
7,30685330,30685348,TGTT[TG]_[CA]AACA,4
7,97536803,97536821,TGTT[TG]_[CA]AACA,4
7,87288112,87288130,TGTT[TG]_[CA]AACA,4
7,67672799,67672814,TGTT[TG]_[CA]AACA,1
7,29590556,29590569,TGTTT_AATGC,1
7,141178242,141178258,GCAT[TC]_AAACA,4
7,118305079,118305096,TGTT[TG]_[CA]AACA,3
7,125190207,125190230,TGTT[TG]_[CA]AACA,9
7,118867410,118867424,GCAT[TC]_AAACA,2
7,16493642,16493660,TGTT[TG]_[CA]AACA,4
7,16493607,16493626,GCAT[TC]_AAACA,7
7,16493606,16493626,[TC]GCAT_AAACA,7
7,84196563,84196586,TGTT[TG]_[CA]AACA,9
7,101735553,101735568,TGTT[TG]_[CA]AACA,1
7,100234396,100234409,TGTT[TG]_GATGC,1
7,30940496,30940514,TGTT[TG]_[CA]AACA,4
7,139648315,139648333,TGTT[TG]_ATGCA,5
7,45715455,45715471,TGTT[TG]_[CA]AACA,2
7,72408565,72408583,TGTT[TG]_[CA]AACA,4
7,43049467,43049480,TGTT[TG]_GATGC,1
7,43049467,43049481,TGTT[TG]_ATGCA,1
7,119200559,119200577,TGTT[TG]_[CA]AACA,4
7,15853239,15853258,TGTTT_AATGC,7
7,51710021,51710039,TGTT[TG]_[CA]AACA,4
7,128134087,128134103,GCAT[TC]_AAACA,4
7,67653892,67653910,TGTT[TG]_[CA]AACA,4
7,19859863,19859879,TGTT[TG]_[CA]AACA,2
7,99674488,99674506,TGTT[TG]_[CA]AACA,4
7,68283002,68283024,TGTT[TG]_[CA]AACA,8
7,145213716,145213734,TGTT[TG]_[CA]AACA,4
7,47111830,47111846,TGTTT_AATGC,4
7,115753154,115753172,TGTT[TG]_[CA]AACA,4
7,115753122,115753139,[TC]GCAT_AAACA,4
7,25417160,25417178,TGTT[TG]_[CA]AACA,4
7,17945363,17945381,TGTT[TG]_[CA]AACA,4
7,80192668,80192684,[TC]GCAT_AAACA,3
7,132859300,132859319,TGTT[TG]_[CA]AACA,5
7,16023659,16023677,TGTT[TG]_[CA]AACA,4
7,16322134,16322152,TGTT[TG]_[CA]AACA,4
7,63752344,63752358,TGTT[TG]_GATGC,2
7,75420361,75420377,TGTT[TG]_[CA]AACA,2
7,101869511,101869527,GCAT[TC]_AAACA,4
7,101869590,101869610,GCAT[TC]_AAACA,8
7,134232343,134232360,GCAT[TC]_AAACA,5
7,19927331,19927350,TGTT[TG]_[CA]AACA,5
7,135520457,135520475,TGTT[TG]_[CA]AACA,4
7,30887696,30887713,TGTT[TG]_ATGCA,4
7,62915551,62915569,TGTT[TG]_[CA]AACA,4
7,143420378,143420396,TGTT[TG]_[CA]AACA,4
7,126759293,126759308,TGTT[TG]_[CA]AACA,1
7,99862995,99863013,TGTT[TG]_[CA]AACA,4
7,140078846,140078863,TGTT[TG]_ATGCA,4
7,140078846,140078862,TGTTT_AATGC,4
7,26246843,26246856,TGTT[TG]_GATGC,1
7,26246843,26246857,TGTT[TG]_ATGCA,1
7,123322517,123322530,GCAT[TC]_AAACA,1
7,25826151,25826171,TGTT[TG]_[CA]AACA,6
7,51696618,51696636,TGTT[TG]_[CA]AACA,4
7,95884416,95884434,TGTT[TG]_[CA]AACA,4
7,112180222,112180238,TGTT[TG]_GATGC,4
7,112180222,112180239,TGTT[TG]_ATGCA,4
7,31089805,31089827,TGTT[TG]_[CA]AACA,8
7,41632341,41632359,TGTT[TG]_[CA]AACA,4
7,38200920,38200933,TGTT[TG]_GATGC,1
7,38200920,38200934,TGTT[TG]_ATGCA,1
7,120918631,120918649,TGTT[TG]_[CA]AACA,4
7,80404051,80404066,GCAT[TC]_AAACA,3
7,127229152,127229170,TGTT[TG]_GATGC,6
7,127229152,127229171,TGTT[TG]_ATGCA,6
7,125607502,125607525,TGTT[TG]_[CA]AACA,9
7,126470206,126470220,GCAT[TC]_AAACA,2
7,11826087,11826105,TGTT[TG]_[CA]AACA,4
7,122025535,122025552,TGTT[TG]_ATGCA,4
7,80370118,80370140,TGTT[TG]_ATGCA,9
7,126643490,126643506,TGTT[TG]_[CA]AACA,2
7,80697095,80697116,TGTT[TG]_[CA]AACA,7
7,43465655,43465670,TGTT[TG]_GATGC,3
7,118999592,118999610,TGTT[TG]_[CA]AACA,4
7,116698392,116698414,TGTT[TG]_[CA]AACA,8
7,28823799,28823817,TGTT[TG]_[CA]AACA,4
7,138909669,138909689,TGTT[TG]_ATGCA,7
7,138909669,138909688,TGTTT_AATGC,7
7,99864242,99864260,TGTT[TG]_[CA]AACA,4
7,99864238,99864260,TGTT[TG]_[CA]AACA,8
7,122414586,122414603,TGTT[TG]_[CA]AACA,3
7,132785415,132785433,TGTT[TG]_[CA]AACA,4
7,30609141,30609158,[TC]GCAT_AAACA,4
7,46033507,46033528,TGTT[TG]_[CA]AACA,7
7,133454518,133454534,TGTT[TG]_GATGC,4
7,133454518,133454535,TGTT[TG]_ATGCA,4
7,142353907,142353921,TGTT[TG]_GATGC,2
7,131055263,131055280,TGTT[TG]_[CA]AACA,3
7,84119910,84119931,TGTT[TG]_[CA]AACA,7
7,118297763,118297779,TGTT[TG]_GATGC,4
7,104291084,104291102,TGTT[TG]_[CA]AACA,4
7,44849755,44849776,TGTT[TG]_[CA]AACA,7
7,142056947,142056966,TGTT[TG]_ATGCA,6
7,142056947,142056965,TGTTT_AATGC,6
7,101538364,101538381,TGTT[TG]_GATGC,5
7,25774927,25774945,TGTT[TG]_[CA]AACA,4
7,102322779,102322797,TGTT[TG]_[CA]AACA,4
7,102322774,102322797,TGTT[TG]_[CA]AACA,9
7,75531338,75531356,TGTT[TG]_[CA]AACA,4
7,58711895,58711917,[TC]GCAT_AAACA,9
7,67389959,67389975,GCAT[TC]_AAACA,4
7,67389958,67389975,[TC]GCAT_AAACA,4
7,73572661,73572680,TGTT[TG]_[CA]AACA,5
7,104287903,104287916,GCAT[TC]_AAACA,1
7,104287902,104287916,[TC]GCAT_AAACA,1
7,19149487,19149505,GCAT[TC]_AAACA,6
7,110109172,110109192,TGTT[TG]_ATGCA,7
7,35232537,35232554,TGTT[TG]_[CA]AACA,3
7,35232649,35232667,TGTT[TG]_[CA]AACA,4
7,110636422,110636440,TGTT[TG]_[CA]AACA,4
7,59293402,59293418,GCAT[TC]_AAACA,4
7,59293401,59293418,[TC]GCAT_AAACA,4
7,71721582,71721599,TGTT[TG]_[CA]AACA,3
7,71721646,71721664,TGTT[TG]_[CA]AACA,4
7,71721646,71721668,TGTT[TG]_[CA]AACA,8
7,16682597,16682612,TGTT[TG]_[CA]AACA,1
7,16682594,16682612,TGTT[TG]_[CA]AACA,4
7,112565931,112565950,TGTT[TG]_[CA]AACA,5
7,143649396,143649412,TGTT[TG]_GATGC,4
7,101551169,101551188,TGTT[TG]_[CA]AACA,5
7,80978798,80978816,TGTT[TG]_[CA]AACA,4
7,80978795,80978816,TGTT[TG]_[CA]AACA,7
7,80978988,80979002,TGTTT_AATGC,2
7,28014078,28014098,TGTT[TG]_GATGC,8
7,75399342,75399358,[TC]GCAT_AAACA,3
7,130674145,130674163,TGTT[TG]_[CA]AACA,4
7,83412893,83412908,TGTT[TG]_GATGC,3
7,127244089,127244105,[TC]GCAT_AAACA,3
7,99889686,99889702,TGTT[TG]_GATGC,4
7,99889686,99889703,TGTT[TG]_ATGCA,4
7,83655639,83655655,TGTT[TG]_ATGCA,3
7,82773873,82773896,TGTT[TG]_[CA]AACA,9
7,128633490,128633508,TGTT[TG]_[CA]AACA,4
7,120688167,120688185,TGTT[TG]_[CA]AACA,4
7,120688167,120688189,TGTT[TG]_[CA]AACA,8
7,28982487,28982508,[TC]GCAT_AAACA,8
7,48909077,48909093,GCAT[TC]_AAACA,4
7,127208920,127208939,GCAT[TC]_AAACA,7
7,114317331,114317352,GCAT[TC]_AAACA,9
7,114317330,114317352,[TC]GCAT_AAACA,9
7,25205878,25205899,TGTT[TG]_[CA]AACA,7
7,117486676,117486691,TGTT[TG]_GATGC,3
7,98580891,98580912,TGTT[TG]_ATGCA,8
7,64042898,64042916,TGTT[TG]_[CA]AACA,4
7,25680794,25680810,TGTT[TG]_[CA]AACA,2
7,106551407,106551425,GCAT[TC]_AAACA,6
7,106551406,106551425,[TC]GCAT_AAACA,6
7,48916416,48916434,TGTT[TG]_[CA]AACA,4
7,4685153,4685171,TGTT[TG]_[CA]AACA,4
7,101896323,101896340,TGTT[TG]_[CA]AACA,3
7,16406112,16406128,TGTT[TG]_GATGC,4
7,94233749,94233767,TGTT[TG]_[CA]AACA,4
7,76237706,76237722,TGTT[TG]_[CA]AACA,2
7,76237640,76237660,GCAT[TC]_AAACA,8
7,114479722,114479743,TGTT[TG]_[CA]AACA,7
7,114479927,114479942,TGTT[TG]_GATGC,3
7,114479927,114479943,TGTT[TG]_ATGCA,3
7,75385252,75385270,TGTT[TG]_[CA]AACA,4
7,113372560,113372578,TGTT[TG]_[CA]AACA,4
7,73556639,73556658,GCAT[TC]_AAACA,7
7,127572851,127572870,TGTT[TG]_[CA]AACA,5
7,80554867,80554886,TGTT[TG]_[CA]AACA,5
7,16053250,16053269,TGTT[TG]_GATGC,7
7,16053250,16053270,TGTT[TG]_ATGCA,7
7,141072739,141072758,TGTT[TG]_ATGCA,6
7,100227453,100227467,GCAT[TC]_AAACA,2
7,40966012,40966030,TGTT[TG]_[CA]AACA,4
7,119720587,119720608,TGTT[TG]_GATGC,9
7,88277809,88277822,GCAT[TC]_AAACA,1
7,84689418,84689435,TGTT[TG]_[CA]AACA,3
7,117429389,117429410,TGTTT_AATGC,9
7,28372921,28372943,TGTT[TG]_[CA]AACA,8
7,63815964,63815978,TGTT[TG]_ATGCA,1
7,27473048,27473064,TGTTT_AATGC,4
7,35057196,35057218,TGTT[TG]_[CA]AACA,8
7,75656479,75656499,TGTT[TG]_[CA]AACA,6
7,97748877,97748893,TGTT[TG]_[CA]AACA,2
7,97748872,97748893,TGTT[TG]_[CA]AACA,7
7,102251151,102251170,TGTT[TG]_[CA]AACA,5
8,55732813,55732831,TGTT[TG]_[CA]AACA,4
8,118568177,118568195,TGTT[TG]_[CA]AACA,4
8,57520331,57520349,TGTT[TG]_[CA]AACA,4
8,113515119,113515137,TGTT[TG]_[CA]AACA,4
8,84726050,84726068,TGTT[TG]_[CA]AACA,4
8,102411956,102411974,TGTT[TG]_[CA]AACA,4
8,90386521,90386539,TGTTT_AATGC,6
8,83427712,83427728,TGTT[TG]_GATGC,4
8,83427712,83427729,TGTT[TG]_ATGCA,4
8,72163179,72163200,TGTT[TG]_ATGCA,8
8,115110561,115110583,TGTT[TG]_[CA]AACA,8
8,24364111,24364129,TGTT[TG]_[CA]AACA,4
8,61447366,61447384,TGTT[TG]_[CA]AACA,4
8,127154029,127154047,TGTT[TG]_[CA]AACA,4
8,19161704,19161722,GCAT[TC]_AAACA,6
8,65064537,65064553,TGTT[TG]_GATGC,4
8,65064537,65064554,TGTT[TG]_ATGCA,4
8,22806585,22806605,TGTT[TG]_ATGCA,7
8,22806585,22806604,TGTTT_AATGC,7
8,41043580,41043598,TGTT[TG]_[CA]AACA,4
8,114827338,114827355,TGTT[TG]_GATGC,5
8,96216935,96216953,TGTT[TG]_[CA]AACA,4
8,25948942,25948960,TGTT[TG]_[CA]AACA,4
8,94478348,94478366,TGTT[TG]_[CA]AACA,4
8,122961360,122961378,TGTT[TG]_[CA]AACA,4
8,34938957,34938977,TGTT[TG]_[CA]AACA,6
8,46859628,46859649,TGTT[TG]_[CA]AACA,7
8,107118961,107118977,TGTT[TG]_[CA]AACA,2
8,107118954,107118977,TGTT[TG]_[CA]AACA,9
8,102504136,102504154,TGTT[TG]_[CA]AACA,4
8,69952785,69952808,TGTT[TG]_[CA]AACA,9
8,51429618,51429636,TGTT[TG]_[CA]AACA,4
8,51429618,51429639,TGTT[TG]_[CA]AACA,7
8,27022366,27022384,TGTT[TG]_[CA]AACA,4
8,27022366,27022388,TGTT[TG]_[CA]AACA,8
8,97823417,97823435,TGTT[TG]_[CA]AACA,4
8,97823440,97823458,TGTT[TG]_[CA]AACA,4
8,32837816,32837834,TGTT[TG]_[CA]AACA,4
8,50908043,50908061,TGTT[TG]_[CA]AACA,4
8,7277312,7277329,TGTT[TG]_[CA]AACA,3
8,7277199,7277217,TGTT[TG]_[CA]AACA,4
8,7277199,7277221,TGTT[TG]_[CA]AACA,8
8,67689205,67689220,TGTT[TG]_[CA]AACA,1
8,67689205,67689223,TGTT[TG]_[CA]AACA,4
8,15043088,15043107,GCAT[TC]_AAACA,7
8,15043087,15043107,[TC]GCAT_AAACA,7
8,105204716,105204733,TGTT[TG]_[CA]AACA,3
8,7615980,7615998,TGTT[TG]_[CA]AACA,4
8,14009771,14009787,GCAT[TC]_AAACA,4
8,14009770,14009787,[TC]GCAT_AAACA,4
8,26714948,26714969,TGTT[TG]_ATGCA,8
8,72291304,72291321,TGTT[TG]_ATGCA,4
8,33492170,33492188,TGTT[TG]_[CA]AACA,4
8,105326516,105326535,TGTT[TG]_[CA]AACA,5
8,127883548,127883569,TGTT[TG]_[CA]AACA,7
8,128595082,128595100,TGTT[TG]_[CA]AACA,4
8,128595082,128595103,TGTT[TG]_[CA]AACA,7
8,84706551,84706569,TGTT[TG]_[CA]AACA,4
8,93363640,93363656,GCAT[TC]_AAACA,4
8,93363639,93363656,[TC]GCAT_AAACA,4
8,119897897,119897914,TGTT[TG]_[CA]AACA,3
8,119897897,119897918,TGTT[TG]_[CA]AACA,7
8,70752210,70752227,TGTT[TG]_[CA]AACA,3
8,53144199,53144217,TGTT[TG]_[CA]AACA,4
8,53144199,53144222,TGTT[TG]_[CA]AACA,9
8,77209202,77209219,TGTT[TG]_[CA]AACA,3
8,77209202,77209223,TGTT[TG]_ATGCA,8
8,18311616,18311634,TGTT[TG]_[CA]AACA,4
8,99286455,99286473,TGTT[TG]_[CA]AACA,4
8,106007496,106007512,TGTT[TG]_[CA]AACA,2
8,52720570,52720592,TGTT[TG]_[CA]AACA,8
8,40126846,40126863,TGTT[TG]_[CA]AACA,3
8,82759238,82759258,TGTT[TG]_[CA]AACA,6
8,30971550,30971566,GCAT[TC]_AAACA,4
8,30971549,30971566,[TC]GCAT_AAACA,4
8,34816278,34816295,TGTT[TG]_[CA]AACA,3
8,90575498,90575516,TGTT[TG]_[CA]AACA,4
8,90575498,90575513,TGTT[TG]_ATGCA,2
8,90575436,90575450,GCAT[TC]_AAACA,2
8,82011850,82011868,TGTT[TG]_[CA]AACA,4
8,82011846,82011868,TGTT[TG]_[CA]AACA,8
8,127838755,127838773,TGTT[TG]_[CA]AACA,4
8,128268029,128268048,TGTT[TG]_[CA]AACA,5
8,3556363,3556383,TGTT[TG]_ATGCA,7
8,104219329,104219348,TGTT[TG]_[CA]AACA,5
8,81792824,81792844,TGTT[TG]_ATGCA,7
8,84073764,84073780,TGTT[TG]_[CA]AACA,2
8,81478836,81478854,GCAT[TC]_AAACA,6
8,81478835,81478854,[TC]GCAT_AAACA,6
8,36178730,36178749,GCAT[TC]_AAACA,7
8,36178630,36178651,[TC]GCAT_AAACA,8
8,123043994,123044012,TGTT[TG]_[CA]AACA,4
8,123043989,123044012,TGTT[TG]_[CA]AACA,9
8,31187438,31187457,TGTT[TG]_GATGC,7
8,109777149,109777167,TGTT[TG]_[CA]AACA,4
8,109777146,109777167,TGTT[TG]_[CA]AACA,7
8,51035410,51035428,TGTT[TG]_[CA]AACA,4
8,51035414,51035428,[TC]GCAT_AAACA,1
8,83141511,83141529,TGTT[TG]_[CA]AACA,4
8,102681825,102681838,TGTT[TG]_GATGC,1
8,102681822,102681838,TGTT[TG]_GATGC,4
8,102681825,102681839,TGTT[TG]_ATGCA,1
8,102681822,102681839,TGTT[TG]_ATGCA,4
8,31757308,31757326,TGTT[TG]_[CA]AACA,4
8,105266814,105266830,TGTTT_AATGC,4
8,128688142,128688158,TGTTT_AATGC,4
8,80492848,80492863,[TC]GCAT_AAACA,2
8,36028596,36028611,TGTT[TG]_[CA]AACA,1
8,91082634,91082650,GCAT[TC]_AAACA,4
8,18526530,18526548,TGTT[TG]_[CA]AACA,4
8,105708200,105708215,TGTT[TG]_[CA]AACA,1
8,96153261,96153278,TGTT[TG]_[CA]AACA,3
8,22124142,22124160,TGTT[TG]_[CA]AACA,4
8,114789967,114789982,TGTT[TG]_[CA]AACA,1
8,81619158,81619173,GCAT[TC]_AAACA,3
8,81619157,81619173,[TC]GCAT_AAACA,3
8,13980265,13980282,TGTT[TG]_[CA]AACA,3
8,13980271,13980290,TGTT[TG]_[CA]AACA,5
8,61587805,61587822,TGTT[TG]_ATGCA,4
8,40443307,40443322,TGTT[TG]_[CA]AACA,1
8,40443307,40443325,TGTT[TG]_[CA]AACA,4
8,86048776,86048793,TGTT[TG]_[CA]AACA,3
8,86048776,86048796,TGTT[TG]_[CA]AACA,6
8,86048776,86048799,TGTT[TG]_[CA]AACA,9
8,95245456,95245478,TGTT[TG]_[CA]AACA,8
8,3170495,3170513,TGTT[TG]_[CA]AACA,4
8,61606668,61606688,TGTT[TG]_GATGC,8
8,125462099,125462117,TGTT[TG]_[CA]AACA,4
8,85025729,85025744,TGTT[TG]_[CA]AACA,1
8,14954590,14954608,TGTT[TG]_[CA]AACA,4
8,35678051,35678066,TGTT[TG]_[CA]AACA,1
8,35677838,35677852,TGTT[TG]_ATGCA,1
8,117258486,117258501,TGTT[TG]_ATGCA,2
8,83602156,83602175,TGTT[TG]_[CA]AACA,5
8,122918053,122918070,TGTT[TG]_[CA]AACA,3
8,83748786,83748806,GCAT[TC]_AAACA,8
8,72272775,72272798,TGTT[TG]_[CA]AACA,9
8,81649341,81649359,TGTT[TG]_[CA]AACA,4
8,27128880,27128896,TGTT[TG]_[CA]AACA,2
8,22780579,22780596,[TC]GCAT_AAACA,4
8,81689031,81689049,TGTT[TG]_[CA]AACA,4
8,81689028,81689049,TGTT[TG]_[CA]AACA,7
8,125337349,125337366,TGTT[TG]_[CA]AACA,3
8,125337527,125337546,[TC]GCAT_AAACA,6
8,60604075,60604094,TGTTT_AATGC,7
8,41417105,41417124,TGTT[TG]_GATGC,7
8,41417105,41417125,TGTT[TG]_ATGCA,7
8,64771209,64771226,TGTT[TG]_ATGCA,4
8,81742940,81742958,TGTT[TG]_[CA]AACA,4
8,88692186,88692209,TGTT[TG]_[CA]AACA,9
8,117548529,117548544,TGTT[TG]_GATGC,3
8,117548529,117548545,TGTT[TG]_ATGCA,3
8,64548467,64548485,TGTT[TG]_[CA]AACA,4
8,86707819,86707836,TGTT[TG]_[CA]AACA,3
8,94654661,94654679,TGTT[TG]_[CA]AACA,4
8,125264901,125264919,TGTT[TG]_[CA]AACA,4
8,125264897,125264919,TGTT[TG]_[CA]AACA,8
8,119830506,119830526,GCAT[TC]_AAACA,8
8,119830505,119830526,[TC]GCAT_AAACA,8
8,83594166,83594179,GCAT[TC]_AAACA,1
8,94413321,94413339,TGTT[TG]_[CA]AACA,4
8,13213857,13213876,TGTT[TG]_ATGCA,6
8,13213857,13213875,TGTTT_AATGC,6
8,106108514,106108530,TGTT[TG]_GATGC,4
8,106108514,106108531,TGTT[TG]_ATGCA,4
8,70761545,70761558,TGTT[TG]_GATGC,1
8,117149078,117149094,TGTT[TG]_GATGC,4
8,117149078,117149095,TGTT[TG]_ATGCA,4
8,120434163,120434181,TGTT[TG]_[CA]AACA,4
8,5864259,5864277,TGTT[TG]_[CA]AACA,4
8,84186654,84186673,TGTT[TG]_GATGC,7
8,57427784,57427804,TGTT[TG]_[CA]AACA,6
8,63565428,63565446,TGTT[TG]_[CA]AACA,4
8,119559117,119559132,GCAT[TC]_AAACA,3
8,119559111,119559132,GCAT[TC]_AAACA,9
8,119559110,119559132,[TC]GCAT_AAACA,9
8,14986394,14986416,TGTT[TG]_[CA]AACA,8
8,126847759,126847779,TGTT[TG]_[CA]AACA,6
8,106129517,106129534,TGTT[TG]_GATGC,5
8,106129513,106129534,TGTT[TG]_GATGC,9
9,45421454,45421471,[TC]GCAT_AAACA,4
9,44020155,44020176,GCAT[TC]_AAACA,9
9,89685297,89685315,TGTT[TG]_[CA]AACA,4
9,113847295,113847312,TGTT[TG]_ATGCA,4
9,113847295,113847311,TGTTT_AATGC,4
9,117146275,117146293,TGTT[TG]_[CA]AACA,4
9,76277252,76277269,[TC]GCAT_AAACA,4
9,55102305,55102324,GCAT[TC]_AAACA,7
9,55102304,55102324,[TC]GCAT_AAACA,7
9,110953798,110953820,TGTT[TG]_[CA]AACA,8
9,50699615,50699632,TGTT[TG]_[CA]AACA,3
9,70214652,70214669,TGTT[TG]_ATGCA,4
9,29236741,29236759,TGTT[TG]_[CA]AACA,4
9,67917020,67917038,TGTT[TG]_[CA]AACA,4
9,25191809,25191825,TGTT[TG]_[CA]AACA,2
9,119449630,119449648,TGTT[TG]_[CA]AACA,4
9,38806203,38806221,TGTT[TG]_[CA]AACA,4
9,116084606,116084625,TGTT[TG]_[CA]AACA,5
9,116084684,116084706,TGTT[TG]_ATGCA,9
9,113358118,113358136,TGTT[TG]_[CA]AACA,4
9,84102545,84102563,TGTT[TG]_[CA]AACA,4
9,50670922,50670939,GCAT[TC]_AAACA,5
9,50670921,50670939,[TC]GCAT_AAACA,5
9,8017290,8017306,TGTTT_AATGC,4
9,124044348,124044364,[TC]GCAT_AAACA,3
9,32916704,32916723,TGTT[TG]_[CA]AACA,5
9,53356711,53356729,TGTT[TG]_[CA]AACA,4
9,53356707,53356729,TGTT[TG]_[CA]AACA,8
9,120943844,120943859,TGTT[TG]_[CA]AACA,1
9,120943844,120943862,TGTT[TG]_[CA]AACA,4
9,120943844,120943865,TGTT[TG]_[CA]AACA,7
9,67993882,67993897,TGTT[TG]_[CA]AACA,1
9,67993882,67993900,TGTT[TG]_[CA]AACA,4
9,16337148,16337166,TGTT[TG]_[CA]AACA,4
9,50537607,50537625,TGTT[TG]_[CA]AACA,4
9,35465184,35465202,TGTT[TG]_[CA]AACA,4
9,35465180,35465202,TGTT[TG]_[CA]AACA,8
9,65019050,65019073,TGTT[TG]_[CA]AACA,9
9,66332267,66332284,[TC]GCAT_AAACA,4
9,46127088,46127102,GCAT[TC]_AAACA,2
9,46127087,46127102,[TC]GCAT_AAACA,2
9,92384428,92384450,TGTT[TG]_[CA]AACA,8
9,90605790,90605808,TGTT[TG]_[CA]AACA,4
9,94678427,94678441,TGTT[TG]_ATGCA,1
9,82914186,82914203,TGTT[TG]_[CA]AACA,3
9,105617346,105617366,TGTT[TG]_[CA]AACA,6
9,107288796,107288816,GCAT[TC]_AAACA,8
9,52160869,52160887,TGTT[TG]_[CA]AACA,4
9,59795382,59795400,TGTT[TG]_[CA]AACA,4
9,59795378,59795400,TGTT[TG]_[CA]AACA,8
9,70798844,70798862,TGTT[TG]_[CA]AACA,4
9,70798840,70798862,TGTT[TG]_[CA]AACA,8
9,53535564,53535578,TGTT[TG]_GATGC,2
9,112194302,112194319,TGTT[TG]_[CA]AACA,3
9,124146324,124146338,TGTT[TG]_ATGCA,1
9,87613432,87613447,TGTT[TG]_[CA]AACA,1
9,87613432,87613450,TGTT[TG]_[CA]AACA,4
9,122226823,122226839,TGTT[TG]_ATGCA,3
9,122226817,122226835,TGTT[TG]_ATGCA,5
9,122226817,122226839,TGTT[TG]_ATGCA,9
9,66898083,66898105,TGTT[TG]_[CA]AACA,8
9,92911467,92911485,TGTT[TG]_[CA]AACA,4
9,116161183,116161203,TGTT[TG]_[CA]AACA,6
9,18687674,18687692,TGTT[TG]_[CA]AACA,4
9,69951439,69951457,TGTT[TG]_[CA]AACA,4
9,69951439,69951462,TGTT[TG]_[CA]AACA,9
9,57769828,57769846,TGTT[TG]_[CA]AACA,4
9,44646079,44646096,TGTT[TG]_[CA]AACA,3
9,115471887,115471908,TGTT[TG]_GATGC,9
9,98962512,98962530,TGTT[TG]_[CA]AACA,4
9,115612755,115612771,GCAT[TC]_AAACA,4
9,115612754,115612771,[TC]GCAT_AAACA,4
9,98333302,98333319,TGTT[TG]_[CA]AACA,3
9,68957046,68957067,TGTT[TG]_ATGCA,8
9,66982472,66982489,TGTT[TG]_[CA]AACA,3
9,66982418,66982436,TGTT[TG]_[CA]AACA,4
9,66982415,66982436,TGTT[TG]_[CA]AACA,7
9,109168317,109168335,TGTT[TG]_[CA]AACA,4
9,66599776,66599795,TGTT[TG]_[CA]AACA,5
9,18105207,18105225,TGTT[TG]_[CA]AACA,4
9,116229615,116229633,TGTT[TG]_[CA]AACA,4
9,17645170,17645191,TGTT[TG]_[CA]AACA,7
9,17645302,17645318,TGTT[TG]_GATGC,4
9,17645302,17645319,TGTT[TG]_ATGCA,4
9,71874207,71874229,TGTT[TG]_[CA]AACA,8
9,7897805,7897821,TGTT[TG]_[CA]AACA,2
9,7897805,7897824,TGTT[TG]_[CA]AACA,5
9,100690019,100690039,TGTT[TG]_[CA]AACA,6
9,114417468,114417486,TGTT[TG]_[CA]AACA,4
9,71037328,71037350,TGTT[TG]_[CA]AACA,8
9,80305645,80305659,TGTT[TG]_GATGC,2
9,116133650,116133668,TGTT[TG]_[CA]AACA,4
9,101061247,101061267,TGTT[TG]_[CA]AACA,6
9,46014663,46014681,TGTTT_AATGC,6
9,70310015,70310034,TGTT[TG]_GATGC,7
9,70310015,70310035,TGTT[TG]_ATGCA,7
9,42076448,42076464,GCAT[TC]_AAACA,4
9,89212419,89212435,TGTT[TG]_ATGCA,3
9,13470232,13470255,TGTT[TG]_[CA]AACA,9
9,40814122,40814137,TGTT[TG]_[CA]AACA,1
9,41609369,41609387,TGTT[TG]_[CA]AACA,4
9,46083832,46083852,[TC]GCAT_AAACA,7
9,50905491,50905512,TGTT[TG]_[CA]AACA,7
9,58710189,58710207,TGTT[TG]_[CA]AACA,4
9,78074163,78074180,TGTT[TG]_[CA]AACA,3
9,31254876,31254898,TGTT[TG]_[CA]AACA,8
9,34232932,34232950,TGTT[TG]_[CA]AACA,4
9,112053346,112053361,TGTT[TG]_[CA]AACA,1
9,14908257,14908271,TGTT[TG]_ATGCA,1
9,16018283,16018301,TGTT[TG]_[CA]AACA,4
9,16018280,16018301,TGTT[TG]_[CA]AACA,7
9,121831312,121831333,TGTT[TG]_GATGC,9
9,121831312,121831334,TGTT[TG]_ATGCA,9
9,123366934,123366950,TGTT[TG]_[CA]AACA,2
9,115618089,115618107,TGTT[TG]_[CA]AACA,4
9,71606717,71606735,TGTT[TG]_[CA]AACA,4
9,71606717,71606738,TGTT[TG]_[CA]AACA,7
9,88326389,88326411,TGTT[TG]_ATGCA,9
9,88326389,88326410,TGTTT_AATGC,9
9,88326097,88326117,GCAT[TC]_AAACA,8
9,80332021,80332035,TGTT[TG]_GATGC,2
9,80332021,80332036,TGTT[TG]_ATGCA,2
9,118716130,118716152,TGTT[TG]_[CA]AACA,8
9,116187569,116187591,TGTT[TG]_[CA]AACA,8
9,116187631,116187645,TGTT[TG]_GATGC,2
9,62368905,62368921,TGTT[TG]_ATGCA,3
9,62368905,62368920,TGTTT_AATGC,3
9,26779493,26779509,GCAT[TC]_AAACA,4
9,26779492,26779509,[TC]GCAT_AAACA,4
9,40997283,40997299,TGTT[TG]_[CA]AACA,2
9,46150294,46150312,TGTT[TG]_[CA]AACA,4
9,46150455,46150473,GCAT[TC]_AAACA,6
9,3858630,3858651,TGTT[TG]_[CA]AACA,7
9,85730778,85730796,TGTT[TG]_[CA]AACA,4
9,85731036,85731056,TGTT[TG]_[CA]AACA,6
9,51842964,51842982,TGTT[TG]_[CA]AACA,4
9,107588456,107588474,TGTT[TG]_[CA]AACA,4
9,107588460,107588474,GCAT[TC]_AAACA,2
9,107588459,107588474,[TC]GCAT_AAACA,2
9,123784848,123784869,TGTT[TG]_[CA]AACA,7
9,41045190,41045206,TGTT[TG]_ATGCA,3
9,41045190,41045205,TGTTT_AATGC,3
9,64824869,64824885,TGTT[TG]_[CA]AACA,2
9,64825013,64825030,TGTT[TG]_[CA]AACA,3
9,64824869,64824892,TGTT[TG]_[CA]AACA,9
9,70671713,70671731,TGTT[TG]_[CA]AACA,4
9,45869615,45869633,TGTT[TG]_[CA]AACA,4
9,61251710,61251728,TGTT[TG]_[CA]AACA,4
9,32350379,32350397,TGTT[TG]_[CA]AACA,4
9,32350379,32350401,TGTT[TG]_[CA]AACA,8
9,120091783,120091802,TGTT[TG]_[CA]AACA,5
9,120091783,120091806,TGTT[TG]_[CA]AACA,9
9,32727104,32727122,TGTT[TG]_[CA]AACA,4
9,72910467,72910485,TGTT[TG]_[CA]AACA,4
9,51213941,51213956,TGTT[TG]_GATGC,3
9,94441682,94441697,TGTT[TG]_[CA]AACA,1
9,65524044,65524066,TGTT[TG]_ATGCA,9
9,110907595,110907612,TGTT[TG]_ATGCA,4
9,110907595,110907611,TGTTT_AATGC,4
9,53079543,53079559,GCAT[TC]_AAACA,4
9,53079542,53079559,[TC]GCAT_AAACA,4
9,57856501,57856517,TGTT[TG]_GATGC,4
9,57856501,57856518,TGTT[TG]_ATGCA,4
9,30927098,30927116,TGTT[TG]_[CA]AACA,4
9,30927318,30927337,TGTT[TG]_[CA]AACA,5
9,30927098,30927120,TGTT[TG]_[CA]AACA,8
9,78112995,78113010,TGTT[TG]_[CA]AACA,1
9,63873654,63873672,TGTT[TG]_[CA]AACA,4
9,63873648,63873667,TGTT[TG]_[CA]AACA,5
9,63873654,63873677,TGTT[TG]_[CA]AACA,9
9,114452016,114452033,TGTT[TG]_[CA]AACA,3
9,61013013,61013031,[TC]GCAT_AAACA,5
9,116091727,116091746,TGTT[TG]_[CA]AACA,5
9,44720747,44720763,TGTT[TG]_GATGC,4
9,44720747,44720764,TGTT[TG]_ATGCA,4
9,88956827,88956842,TGTT[TG]_[CA]AACA,1
9,7893431,7893449,TGTT[TG]_[CA]AACA,4
9,66705877,66705892,TGTT[TG]_[CA]AACA,1
9,57866928,57866946,TGTT[TG]_[CA]AACA,4
9,57866499,57866513,TGTT[TG]_ATGCA,1
9,33036349,33036367,TGTT[TG]_[CA]AACA,4
9,116145639,116145662,TGTT[TG]_[CA]AACA,9
9,53610557,53610573,TGTT[TG]_GATGC,4
9,53610577,53610596,TGTT[TG]_GATGC,7
9,120777124,120777140,TGTT[TG]_[CA]AACA,2
9,120777115,120777136,TGTT[TG]_[CA]AACA,7
9,32592354,32592374,TGTTT_AATGC,8
9,121218119,121218137,TGTT[TG]_[CA]AACA,4
9,116338322,116338337,TGTT[TG]_ATGCA,2
9,116338322,116338336,TGTTT_AATGC,2
9,40424868,40424891,TGTT[TG]_[CA]AACA,9
9,87255309,87255325,TGTT[TG]_[CA]AACA,2
9,14200046,14200065,TGTTT_AATGC,7
9,96437949,96437970,TGTT[TG]_[CA]AACA,7
9,50768587,50768608,TGTT[TG]_ATGCA,8
9,14262453,14262472,GCAT[TC]_AAACA,7
9,14262452,14262472,[TC]GCAT_AAACA,7
9,110117358,110117379,TGTT[TG]_[CA]AACA,7
9,22071816,22071834,TGTT[TG]_[CA]AACA,4
9,70496825,70496843,TGTT[TG]_[CA]AACA,4
9,88329024,88329039,TGTT[TG]_GATGC,3
9,21291337,21291360,TGTT[TG]_[CA]AACA,9
9,119340479,119340497,TGTT[TG]_[CA]AACA,4
9,32910343,32910360,TGTT[TG]_ATGCA,4
9,75558804,75558823,TGTT[TG]_ATGCA,6
9,75558804,75558822,TGTTT_AATGC,6
9,74952885,74952904,TGTT[TG]_[CA]AACA,5
9,48494836,48494858,TGTT[TG]_[CA]AACA,8
9,79792990,79793011,TGTT[TG]_GATGC,9
9,56994955,56994973,TGTT[TG]_GATGC,6
9,90126250,90126269,TGTT[TG]_[CA]AACA,5
9,90126275,90126293,TGTTT_AATGC,6
9,13443591,13443609,TGTT[TG]_ATGCA,5
9,32928552,32928567,GCAT[TC]_AAACA,3
9,32928551,32928567,[TC]GCAT_AAACA,3
9,44987232,44987248,TGTT[TG]_[CA]AACA,2
9,32941655,32941673,GCAT[TC]_AAACA,6
9,89199136,89199151,TGTT[TG]_[CA]AACA,1
9,31030388,31030407,GCAT[TC]_AAACA,7
9,118040879,118040902,TGTT[TG]_[CA]AACA,9
9,66873986,66874007,TGTT[TG]_[CA]AACA,7
9,56419767,56419783,TGTT[TG]_GATGC,4
9,56419767,56419784,TGTT[TG]_ATGCA,4
9,74003375,74003393,TGTT[TG]_[CA]AACA,4
9,7873607,7873623,TGTTT_AATGC,4
9,64811019,64811039,TGTT[TG]_GATGC,8
10,23942625,23942642,TGTT[TG]_ATGCA,4
10,23942625,23942646,TGTT[TG]_ATGCA,8
10,23942620,23942642,TGTT[TG]_ATGCA,9
10,11165313,11165330,[TC]GCAT_AAACA,4
10,128977578,128977601,TGTT[TG]_[CA]AACA,9
10,85118774,85118792,TGTT[TG]_[CA]AACA,4
10,40342613,40342631,TGTT[TG]_[CA]AACA,4
10,7600692,7600707,TGTT[TG]_GATGC,3
10,117804139,117804157,TGTT[TG]_[CA]AACA,4
10,3699105,3699122,TGTT[TG]_[CA]AACA,3
10,40543708,40543726,TGTT[TG]_[CA]AACA,4
10,93688875,93688891,TGTT[TG]_[CA]AACA,2
10,10051380,10051398,TGTT[TG]_[CA]AACA,4
10,7041307,7041330,TGTT[TG]_[CA]AACA,9
10,117768211,117768229,TGTT[TG]_[CA]AACA,4
10,80738933,80738951,TGTT[TG]_[CA]AACA,4
10,95372329,95372351,TGTT[TG]_[CA]AACA,8
10,85046839,85046856,GCAT[TC]_AAACA,5
10,85046838,85046856,[TC]GCAT_AAACA,5
10,75740346,75740363,[TC]GCAT_AAACA,4
10,26133547,26133563,GCAT[TC]_AAACA,4
10,61418274,61418292,TGTT[TG]_[CA]AACA,4
10,61418271,61418292,TGTT[TG]_[CA]AACA,7
10,4532644,4532662,TGTT[TG]_[CA]AACA,4
10,25313779,25313797,TGTT[TG]_[CA]AACA,4
10,96570355,96570372,TGTTT_AATGC,5
10,63377710,63377732,TGTT[TG]_[CA]AACA,8
10,65125145,65125163,TGTT[TG]_[CA]AACA,4
10,38109015,38109033,TGTT[TG]_[CA]AACA,4
10,38108899,38108921,[TC]GCAT_AAACA,9
10,100685078,100685094,TGTT[TG]_GATGC,4
10,100685075,100685094,TGTT[TG]_GATGC,7
10,100685078,100685095,TGTT[TG]_ATGCA,4
10,100685075,100685095,TGTT[TG]_ATGCA,7
10,43777889,43777907,TGTT[TG]_[CA]AACA,4
10,14043475,14043489,TGTT[TG]_ATGCA,1
10,97345861,97345878,TGTT[TG]_[CA]AACA,3
10,97345868,97345888,TGTT[TG]_[CA]AACA,6
10,95940014,95940031,TGTT[TG]_[CA]AACA,3
10,49893563,49893581,TGTT[TG]_[CA]AACA,4
10,49893644,49893662,[TC]GCAT_AAACA,5
10,59836642,59836660,TGTT[TG]_[CA]AACA,4
10,59836639,59836660,TGTT[TG]_[CA]AACA,7
10,44381322,44381336,TGTT[TG]_ATGCA,1
10,44381322,44381335,TGTTT_AATGC,1
10,14016485,14016501,TGTT[TG]_ATGCA,3
10,53812852,53812875,TGTT[TG]_[CA]AACA,9
10,18009936,18009951,TGTT[TG]_[CA]AACA,1
10,44005600,44005615,TGTT[TG]_[CA]AACA,1
10,44005596,44005615,TGTT[TG]_[CA]AACA,5
10,44005592,44005615,TGTT[TG]_[CA]AACA,9
10,52927151,52927169,TGTT[TG]_[CA]AACA,4
10,128455333,128455350,TGTT[TG]_[CA]AACA,3
10,34030475,34030495,TGTT[TG]_[CA]AACA,6
10,8055676,8055698,TGTT[TG]_[CA]AACA,8
10,110489725,110489743,TGTT[TG]_[CA]AACA,4
10,110489722,110489743,TGTT[TG]_[CA]AACA,7
10,21268891,21268912,TGTT[TG]_[CA]AACA,7
10,117834132,117834152,[TC]GCAT_AAACA,7
10,32755215,32755233,TGTT[TG]_[CA]AACA,4
10,68249812,68249827,TGTT[TG]_[CA]AACA,1
10,18142503,18142525,TGTT[TG]_[CA]AACA,8
10,58359365,58359385,TGTT[TG]_[CA]AACA,6
10,96393153,96393169,TGTT[TG]_GATGC,4
10,96393150,96393169,TGTT[TG]_GATGC,7
10,95397993,95398011,TGTT[TG]_[CA]AACA,4
10,117660161,117660183,TGTT[TG]_[CA]AACA,8
10,81351884,81351904,TGTT[TG]_ATGCA,7
10,5494228,5494247,TGTT[TG]_[CA]AACA,5
10,5494228,5494250,TGTT[TG]_[CA]AACA,8
10,20230154,20230172,TGTT[TG]_[CA]AACA,4
10,95879975,95879993,TGTT[TG]_[CA]AACA,4
10,34735889,34735907,TGTT[TG]_[CA]AACA,4
10,87972749,87972767,TGTT[TG]_[CA]AACA,4
10,87972797,87972815,TGTT[TG]_[CA]AACA,4
10,29936958,29936976,TGTT[TG]_[CA]AACA,4
10,95474996,95475013,TGTT[TG]_[CA]AACA,3
10,123786502,123786520,TGTT[TG]_[CA]AACA,4
10,90614906,90614921,TGTT[TG]_[CA]AACA,1
10,90614903,90614921,TGTT[TG]_[CA]AACA,4
10,67497467,67497489,TGTT[TG]_[CA]AACA,8
10,79861788,79861805,TGTT[TG]_[CA]AACA,3
10,79861791,79861809,TGTT[TG]_[CA]AACA,4
10,79861788,79861809,TGTT[TG]_[CA]AACA,7
10,79861791,79861814,TGTT[TG]_[CA]AACA,9
10,114363914,114363932,TGTT[TG]_[CA]AACA,4
10,114363914,114363936,TGTT[TG]_[CA]AACA,8
10,44418624,44418642,TGTT[TG]_[CA]AACA,4
10,5979424,5979442,TGTT[TG]_[CA]AACA,4
10,47412521,47412539,TGTT[TG]_[CA]AACA,4
10,47412516,47412539,TGTT[TG]_[CA]AACA,9
10,118811355,118811375,TGTT[TG]_[CA]AACA,6
10,82170803,82170819,TGTT[TG]_[CA]AACA,2
10,21535855,21535873,TGTT[TG]_[CA]AACA,4
10,21882385,21882399,TGTT[TG]_GATGC,2
10,8517079,8517097,TGTT[TG]_[CA]AACA,4
10,7595079,7595097,TGTT[TG]_[CA]AACA,4
10,77607321,77607342,TGTT[TG]_GATGC,9
10,6980583,6980601,TGTT[TG]_[CA]AACA,4
10,66559484,66559502,TGTT[TG]_[CA]AACA,4
10,66559484,66559505,TGTT[TG]_[CA]AACA,7
10,8640991,8641009,TGTT[TG]_[CA]AACA,4
10,8640988,8641009,TGTT[TG]_[CA]AACA,7
10,93594385,93594398,GCAT[TC]_AAACA,1
10,12524435,12524453,TGTT[TG]_[CA]AACA,4
10,12524435,12524457,TGTT[TG]_[CA]AACA,8
10,62784511,62784529,TGTT[TG]_[CA]AACA,4
10,30811074,30811095,TGTT[TG]_[CA]AACA,7
10,58488563,58488581,TGTT[TG]_[CA]AACA,4
10,58488559,58488581,TGTT[TG]_[CA]AACA,8
10,17457517,17457532,TGTT[TG]_[CA]AACA,1
10,17457514,17457532,TGTT[TG]_[CA]AACA,4
10,41614524,41614538,GCAT[TC]_AAACA,2
10,41614523,41614538,[TC]GCAT_AAACA,2
10,75434474,75434493,TGTTT_AATGC,7
10,75059286,75059305,TGTT[TG]_GATGC,7
10,24673002,24673023,GCAT[TC]_AAACA,9
10,24673001,24673023,[TC]GCAT_AAACA,9
10,116477314,116477331,TGTT[TG]_ATGCA,4
10,44957872,44957890,TGTT[TG]_[CA]AACA,4
10,116949169,116949185,GCAT[TC]_AAACA,4
10,117910076,117910097,TGTT[TG]_[CA]AACA,7
10,95699128,95699142,GCAT[TC]_AAACA,2
10,95699127,95699142,[TC]GCAT_AAACA,2
10,98885911,98885924,TGTTT_AATGC,1
10,111008241,111008259,TGTT[TG]_[CA]AACA,4
10,111008241,111008262,TGTT[TG]_[CA]AACA,7
10,53595996,53596012,TGTTT_AATGC,4
10,89764259,89764282,TGTT[TG]_[CA]AACA,9
10,89764175,89764196,TGTT[TG]_ATGCA,8
10,58370381,58370397,GCAT[TC]_AAACA,4
10,58370380,58370397,[TC]GCAT_AAACA,4
10,4206713,4206731,TGTT[TG]_[CA]AACA,4
10,4206713,4206735,TGTT[TG]_[CA]AACA,8
10,41288245,41288260,TGTT[TG]_[CA]AACA,1
10,58756039,58756057,TGTT[TG]_[CA]AACA,4
10,25395665,25395683,TGTT[TG]_[CA]AACA,4
10,99592515,99592535,TGTT[TG]_[CA]AACA,6
10,99592181,99592200,GCAT[TC]_AAACA,7
10,105393154,105393172,TGTT[TG]_[CA]AACA,4
10,105393154,105393176,TGTT[TG]_[CA]AACA,8
10,80623679,80623694,TGTT[TG]_[CA]AACA,1
10,62859097,62859119,TGTT[TG]_[CA]AACA,8
10,78605314,78605330,GCAT[TC]_AAACA,4
10,78605313,78605330,[TC]GCAT_AAACA,4
10,78605309,78605330,[TC]GCAT_AAACA,8
10,128080797,128080817,TGTT[TG]_[CA]AACA,6
10,59702348,59702365,GCAT[TC]_AAACA,5
10,112861212,112861230,TGTT[TG]_[CA]AACA,4
10,61838702,61838718,GCAT[TC]_AAACA,4
10,67184590,67184608,TGTT[TG]_[CA]AACA,4
10,67459031,67459053,TGTT[TG]_[CA]AACA,8
10,67459036,67459053,[TC]GCAT_AAACA,4
10,24312441,24312463,TGTT[TG]_[CA]AACA,8
10,97535405,97535423,TGTT[TG]_[CA]AACA,4
10,51727289,51727307,TGTT[TG]_[CA]AACA,4
10,57743740,57743755,TGTTT_AATGC,3
10,122807160,122807182,TGTT[TG]_[CA]AACA,8
10,94696772,94696790,TGTT[TG]_[CA]AACA,4
10,17926616,17926634,TGTT[TG]_[CA]AACA,4
10,117625811,117625829,TGTT[TG]_[CA]AACA,4
10,90558172,90558190,TGTT[TG]_[CA]AACA,4
10,90558333,90558346,GCAT[TC]_AAACA,1
10,40163543,40163561,TGTT[TG]_[CA]AACA,4
10,62590402,62590421,TGTT[TG]_[CA]AACA,5
10,7863455,7863471,GCAT[TC]_AAACA,4
10,7863454,7863471,[TC]GCAT_AAACA,4
10,62946715,62946734,TGTT[TG]_ATGCA,6
10,118406892,118406907,GCAT[TC]_AAACA,3
10,118406891,118406907,[TC]GCAT_AAACA,3
10,98785591,98785607,GCAT[TC]_AAACA,4
10,93070643,93070662,TGTT[TG]_ATGCA,6
10,128212029,128212046,TGTT[TG]_[CA]AACA,3
10,96822498,96822516,TGTT[TG]_[CA]AACA,4
10,95814949,95814967,TGTT[TG]_[CA]AACA,4
10,74676718,74676736,TGTT[TG]_[CA]AACA,4
10,21946642,21946655,TGTTT_AATGC,1
10,41900018,41900034,TGTT[TG]_[CA]AACA,2
10,96694067,96694082,TGTTT_AATGC,3
10,118714199,118714221,TGTT[TG]_[CA]AACA,8
10,83330369,83330390,TGTT[TG]_[CA]AACA,7
10,98788490,98788508,TGTT[TG]_[CA]AACA,4
10,80676515,80676533,TGTT[TG]_[CA]AACA,4
10,63424446,63424465,TGTT[TG]_GATGC,7
10,7781140,7781159,TGTT[TG]_[CA]AACA,5
10,72654941,72654958,TGTT[TG]_[CA]AACA,3
10,81502586,81502604,TGTT[TG]_[CA]AACA,4
10,44458904,44458926,TGTT[TG]_[CA]AACA,8
10,93335989,93336012,TGTT[TG]_[CA]AACA,9
10,40420334,40420352,TGTT[TG]_[CA]AACA,4
10,40386306,40386322,TGTT[TG]_[CA]AACA,2
10,62506649,62506666,TGTT[TG]_[CA]AACA,3
10,62506645,62506666,TGTT[TG]_[CA]AACA,7
10,121533890,121533908,TGTT[TG]_[CA]AACA,4
10,19504698,19504714,TGTT[TG]_ATGCA,3
10,82860356,82860375,TGTT[TG]_ATGCA,6
10,61148098,61148111,TGTT[TG]_GATGC,1
10,61148095,61148111,TGTT[TG]_GATGC,4
10,61148092,61148111,TGTT[TG]_GATGC,7
10,61148098,61148112,TGTT[TG]_ATGCA,1
10,61148095,61148112,TGTT[TG]_ATGCA,4
10,61148092,61148112,TGTT[TG]_ATGCA,7
10,96274249,96274270,TGTT[TG]_[CA]AACA,7
10,66864547,66864564,TGTT[TG]_[CA]AACA,3
10,118882577,118882600,TGTT[TG]_[CA]AACA,9
10,117926177,117926199,TGTT[TG]_[CA]AACA,8
10,42962233,42962256,TGTT[TG]_[CA]AACA,9
10,42962607,42962626,GCAT[TC]_AAACA,7
10,117952902,117952917,GCAT[TC]_AAACA,3
10,117952901,117952917,[TC]GCAT_AAACA,3
10,99242082,99242096,TGTT[TG]_GATGC,2
10,68054118,68054137,TGTT[TG]_GATGC,7
10,88730960,88730975,TGTT[TG]_ATGCA,2
10,26799685,26799706,TGTT[TG]_[CA]AACA,7
10,61520111,61520126,TGTT[TG]_[CA]AACA,1
10,61520175,61520193,TGTT[TG]_[CA]AACA,4
10,61520111,61520130,TGTT[TG]_[CA]AACA,5
10,61520111,61520134,TGTT[TG]_[CA]AACA,9
10,61145972,61145990,TGTT[TG]_[CA]AACA,4
10,13968008,13968027,TGTT[TG]_GATGC,7
10,82580603,82580621,TGTT[TG]_[CA]AACA,4
10,82580600,82580621,TGTT[TG]_[CA]AACA,7
10,96609542,96609560,TGTT[TG]_[CA]AACA,4
10,96609302,96609315,GCAT[TC]_AAACA,1
10,96609301,96609315,[TC]GCAT_AAACA,1
10,61452338,61452355,TGTT[TG]_ATGCA,4
10,28594023,28594041,TGTT[TG]_[CA]AACA,4
10,81017350,81017366,GCAT[TC]_AAACA,4
10,81017350,81017370,GCAT[TC]_AAACA,8
10,81017349,81017366,[TC]GCAT_AAACA,4
10,81017349,81017370,[TC]GCAT_AAACA,8
10,13993267,13993282,TGTT[TG]_[CA]AACA,1
10,128646355,128646376,TGTT[TG]_[CA]AACA,7
10,99385920,99385938,TGTT[TG]_GATGC,6
10,99385920,99385939,TGTT[TG]_ATGCA,6
10,77537023,77537041,TGTT[TG]_[CA]AACA,4
10,5194701,5194717,GCAT[TC]_AAACA,4
10,19116944,19116960,[TC]GCAT_AAACA,3
10,30802502,30802519,TGTT[TG]_ATGCA,4
10,30802502,30802518,TGTTT_AATGC,4
10,96786952,96786967,TGTT[TG]_[CA]AACA,1
10,96786949,96786967,TGTT[TG]_[CA]AACA,4
10,96787317,96787338,TGTT[TG]_[CA]AACA,7
10,96787317,96787334,TGTT[TG]_ATGCA,4
10,96786863,96786884,TGTT[TG]_ATGCA,8
10,19186579,19186596,TGTT[TG]_GATGC,5
10,39612856,39612878,TGTT[TG]_[CA]AACA,8
10,62340074,62340093,TGTT[TG]_GATGC,7
10,19062048,19062066,TGTT[TG]_ATGCA,5
10,96410305,96410323,GCAT[TC]_AAACA,6
10,68239100,68239115,TGTT[TG]_[CA]AACA,1
10,81105400,81105420,TGTT[TG]_[CA]AACA,6
10,68241238,68241255,[TC]GCAT_AAACA,4
10,58446623,58446637,TGTT[TG]_GATGC,2
10,58446623,58446638,TGTT[TG]_ATGCA,2
10,19577827,19577845,TGTT[TG]_[CA]AACA,4
10,19577967,19577981,[TC]GCAT_AAACA,1
10,12923337,12923352,TGTT[TG]_[CA]AACA,1
10,12923334,12923352,TGTT[TG]_[CA]AACA,4
10,50592331,50592351,TGTT[TG]_[CA]AACA,6
10,80901467,80901486,GCAT[TC]_AAACA,7
10,80901466,80901486,[TC]GCAT_AAACA,7
10,39171502,39171522,GCAT[TC]_AAACA,8
10,39171501,39171522,[TC]GCAT_AAACA,8
10,127642344,127642361,TGTT[TG]_[CA]AACA,3
10,54040347,54040366,GCAT[TC]_AAACA,7
10,97312726,97312741,TGTT[TG]_[CA]AACA,1
10,97313452,97313472,TGTTT_AATGC,8
10,84577676,84577694,TGTTT_AATGC,6
10,93452181,93452196,TGTTT_AATGC,3
11,24997195,24997213,TGTT[TG]_[CA]AACA,4
11,24997195,24997216,TGTT[TG]_[CA]AACA,7
11,66172070,66172085,TGTT[TG]_[CA]AACA,1
11,66172070,66172088,TGTT[TG]_[CA]AACA,4
11,114554131,114554152,TGTT[TG]_[CA]AACA,7
11,21033901,21033921,GCAT[TC]_AAACA,8
11,21033900,21033921,[TC]GCAT_AAACA,8
11,61639356,61639378,TGTT[TG]_ATGCA,9
11,117114307,117114328,TGTT[TG]_[CA]AACA,7
11,60976697,60976714,TGTT[TG]_ATGCA,4
11,60976697,60976713,TGTTT_AATGC,4
11,43375995,43376013,TGTT[TG]_[CA]AACA,4
11,46431473,46431495,TGTT[TG]_[CA]AACA,8
11,4335166,4335182,GCAT[TC]_AAACA,4
11,52008419,52008437,TGTT[TG]_[CA]AACA,4
11,102137603,102137616,TGTT[TG]_GATGC,1
11,102137603,102137617,TGTT[TG]_ATGCA,1
11,109873576,109873592,GCAT[TC]_AAACA,4
11,109873575,109873592,[TC]GCAT_AAACA,4
11,5575568,5575589,[TC]GCAT_AAACA,8
11,74801971,74801988,TGTT[TG]_ATGCA,4
11,106874275,106874292,TGTT[TG]_[CA]AACA,3
11,121261699,121261721,TGTT[TG]_[CA]AACA,8
11,97822032,97822048,[TC]GCAT_AAACA,3
11,69267422,69267441,TGTT[TG]_[CA]AACA,5
11,98044289,98044307,TGTT[TG]_[CA]AACA,4
11,112324148,112324166,TGTT[TG]_[CA]AACA,4
11,52522685,52522701,GCAT[TC]_AAACA,4
11,52522684,52522701,[TC]GCAT_AAACA,4
11,100841075,100841094,TGTT[TG]_[CA]AACA,5
11,23405785,23405802,TGTT[TG]_[CA]AACA,3
11,23405785,23405807,TGTT[TG]_[CA]AACA,8
11,36045897,36045920,TGTT[TG]_[CA]AACA,9
11,36045854,36045869,GCAT[TC]_AAACA,3
11,36045853,36045869,[TC]GCAT_AAACA,3
11,29561295,29561310,TGTT[TG]_[CA]AACA,1
11,29561292,29561310,TGTT[TG]_[CA]AACA,4
11,29561310,29561332,TGTT[TG]_[CA]AACA,8
11,108335014,108335031,TGTT[TG]_[CA]AACA,3
11,98710632,98710653,TGTT[TG]_[CA]AACA,7
11,120492843,120492864,TGTTT_AATGC,9
11,107393940,107393960,TGTT[TG]_[CA]AACA,6
11,54941893,54941909,TGTT[TG]_GATGC,4
11,54941893,54941910,TGTT[TG]_ATGCA,4
11,88455308,88455324,TGTT[TG]_[CA]AACA,2
11,115463855,115463876,TGTT[TG]_GATGC,9
11,117666653,117666675,TGTT[TG]_[CA]AACA,8
11,68430704,68430722,TGTT[TG]_[CA]AACA,4
11,68430704,68430725,TGTT[TG]_[CA]AACA,7
11,30776672,30776690,TGTT[TG]_[CA]AACA,4
11,30776667,30776690,TGTT[TG]_[CA]AACA,9
11,5331993,5332011,TGTT[TG]_[CA]AACA,4
11,83640296,83640314,TGTT[TG]_ATGCA,5
11,54777918,54777931,GCAT[TC]_AAACA,1
11,54777917,54777931,[TC]GCAT_AAACA,1
11,25660581,25660599,TGTT[TG]_[CA]AACA,4
11,107013221,107013238,TGTT[TG]_[CA]AACA,3
11,107013216,107013238,TGTT[TG]_[CA]AACA,8
11,84243759,84243779,TGTT[TG]_GATGC,8
11,6559273,6559288,TGTT[TG]_GATGC,3
11,84808672,84808688,TGTT[TG]_GATGC,4
11,84808672,84808689,TGTT[TG]_ATGCA,4
11,27669750,27669768,TGTT[TG]_[CA]AACA,4
11,3345094,3345110,TGTT[TG]_GATGC,4
11,103168950,103168966,TGTT[TG]_GATGC,4
11,53179244,53179262,TGTT[TG]_[CA]AACA,4
11,53179315,53179332,[TC]GCAT_AAACA,4
11,93306727,93306743,GCAT[TC]_AAACA,4
11,93306726,93306743,[TC]GCAT_AAACA,4
11,23675402,23675418,GCAT[TC]_AAACA,4
11,39319158,39319176,TGTT[TG]_[CA]AACA,4
11,48111623,48111640,TGTT[TG]_[CA]AACA,3
11,105450147,105450165,TGTT[TG]_[CA]AACA,4
11,105450147,105450161,TGTT[TG]_ATGCA,1
11,88550555,88550572,GCAT[TC]_AAACA,5
11,88550554,88550572,[TC]GCAT_AAACA,5
11,78175180,78175195,TGTT[TG]_[CA]AACA,1
11,78175177,78175195,TGTT[TG]_[CA]AACA,4
11,5541424,5541444,TGTT[TG]_[CA]AACA,6
11,43923842,43923859,TGTT[TG]_[CA]AACA,3
11,45926666,45926688,TGTT[TG]_[CA]AACA,8
11,79010611,79010629,TGTT[TG]_[CA]AACA,4
11,105180521,105180537,GCAT[TC]_AAACA,4
11,44893046,44893061,TGTT[TG]_GATGC,3
11,11500222,11500235,TGTT[TG]_GATGC,1
11,110350774,110350792,TGTT[TG]_[CA]AACA,4
11,117409710,117409727,TGTT[TG]_[CA]AACA,3
11,97622449,97622467,TGTT[TG]_[CA]AACA,4
11,53617330,53617346,TGTT[TG]_[CA]AACA,2
11,53617392,53617412,TGTT[TG]_ATGCA,7
11,53617392,53617411,TGTTT_AATGC,7
11,115771366,115771384,TGTT[TG]_[CA]AACA,4
11,50814137,50814152,TGTT[TG]_[CA]AACA,1
11,121100600,121100615,TGTT[TG]_[CA]AACA,1
11,121100600,121100622,TGTT[TG]_[CA]AACA,8
11,96468433,96468452,TGTT[TG]_[CA]AACA,5
11,96468377,96468396,TGTT[TG]_GATGC,7
11,20316192,20316207,TGTT[TG]_[CA]AACA,1
11,20315961,20315979,TGTT[TG]_[CA]AACA,4
11,20316189,20316207,TGTT[TG]_[CA]AACA,4
11,86579113,86579134,TGTT[TG]_ATGCA,8
11,108172130,108172146,TGTT[TG]_[CA]AACA,2
11,108171961,108171978,TGTT[TG]_ATGCA,4
11,62487472,62487489,TGTT[TG]_[CA]AACA,3
11,62487467,62487489,TGTT[TG]_[CA]AACA,8
11,57707248,57707263,TGTT[TG]_[CA]AACA,1
11,67051822,67051839,TGTT[TG]_[CA]AACA,3
11,116081014,116081032,TGTT[TG]_[CA]AACA,4
11,116081010,116081032,TGTT[TG]_[CA]AACA,8
11,87937930,87937946,GCAT[TC]_AAACA,4
11,87937929,87937946,[TC]GCAT_AAACA,4
11,22363061,22363079,TGTT[TG]_[CA]AACA,4
11,70629777,70629797,[TC]GCAT_AAACA,7
11,90242120,90242137,TGTT[TG]_ATGCA,4
11,108901442,108901458,TGTT[TG]_GATGC,4
11,108901442,108901459,TGTT[TG]_ATGCA,4
11,61661085,61661107,TGTT[TG]_[CA]AACA,8
11,104382097,104382113,TGTT[TG]_[CA]AACA,2
11,68199379,68199397,GCAT[TC]_AAACA,6
11,68199378,68199397,[TC]GCAT_AAACA,6
11,87987647,87987665,TGTTT_AATGC,6
11,117349709,117349726,TGTT[TG]_GATGC,5
11,94719386,94719404,TGTT[TG]_[CA]AACA,4
11,23699934,23699955,[TC]GCAT_AAACA,8
11,20639094,20639109,TGTT[TG]_[CA]AACA,1
11,92022401,92022419,TGTT[TG]_[CA]AACA,4
11,4536853,4536868,TGTT[TG]_[CA]AACA,1
11,39013047,39013065,TGTT[TG]_[CA]AACA,4
11,115081168,115081183,TGTT[TG]_[CA]AACA,1
11,58715465,58715478,TGTTT_AATGC,1
11,99124266,99124283,TGTT[TG]_[CA]AACA,3
11,115074122,115074140,TGTT[TG]_[CA]AACA,4
11,80525044,80525062,TGTT[TG]_[CA]AACA,4
11,46380308,46380330,TGTT[TG]_ATGCA,9
11,31892280,31892302,TGTT[TG]_[CA]AACA,8
11,79282643,79282661,TGTT[TG]_[CA]AACA,4
11,21219483,21219500,TGTT[TG]_[CA]AACA,3
11,106581354,106581372,TGTT[TG]_[CA]AACA,4
11,92952593,92952611,TGTT[TG]_[CA]AACA,4
11,3336014,3336033,[TC]GCAT_AAACA,6
11,54500439,54500457,TGTT[TG]_[CA]AACA,4
11,88564805,88564823,TGTT[TG]_[CA]AACA,4
11,88564801,88564823,TGTT[TG]_[CA]AACA,8
11,46252143,46252158,TGTT[TG]_GATGC,3
11,12291615,12291631,TGTT[TG]_GATGC,4
11,110125210,110125228,TGTT[TG]_[CA]AACA,4
11,110125210,110125232,TGTT[TG]_[CA]AACA,8
11,98513909,98513926,TGTT[TG]_[CA]AACA,3
11,106681057,106681075,GCAT[TC]_AAACA,6
11,106681056,106681075,[TC]GCAT_AAACA,6
11,95364301,95364319,TGTT[TG]_[CA]AACA,4
11,106588207,106588229,TGTT[TG]_ATGCA,9
11,72182409,72182427,TGTT[TG]_[CA]AACA,4
11,78509394,78509411,[TC]GCAT_AAACA,4
11,78509394,78509415,[TC]GCAT_AAACA,8
11,11569831,11569848,TGTT[TG]_[CA]AACA,3
11,11569707,11569720,TGTTT_AATGC,1
11,11569591,11569611,TGTTT_AATGC,8
11,82952617,82952633,TGTT[TG]_[CA]AACA,2
11,96466960,96466977,TGTTT_AATGC,5
11,9048346,9048365,TGTT[TG]_[CA]AACA,5
11,9048342,9048365,TGTT[TG]_[CA]AACA,9
11,116886303,116886320,[TC]GCAT_AAACA,4
11,4869426,4869441,TGTT[TG]_[CA]AACA,1
11,4869423,4869441,TGTT[TG]_[CA]AACA,4
11,90257165,90257183,TGTT[TG]_[CA]AACA,4
11,90257165,90257186,TGTT[TG]_[CA]AACA,7
11,4424097,4424116,TGTT[TG]_[CA]AACA,5
11,58139831,58139849,TGTT[TG]_[CA]AACA,4
11,31279367,31279385,TGTT[TG]_[CA]AACA,4
11,55136969,55136987,GCAT[TC]_AAACA,6
11,57445476,57445496,TGTT[TG]_[CA]AACA,6
11,78060725,78060740,TGTT[TG]_[CA]AACA,1
11,45851677,45851695,TGTT[TG]_ATGCA,5
11,45851677,45851694,TGTTT_AATGC,5
11,70506353,70506369,TGTT[TG]_[CA]AACA,2
11,70506353,70506372,TGTT[TG]_[CA]AACA,5
11,70506349,70506369,TGTT[TG]_[CA]AACA,6
11,70506349,70506372,TGTT[TG]_[CA]AACA,9
11,21371450,21371463,TGTT[TG]_GATGC,1
11,104609926,104609949,TGTT[TG]_[CA]AACA,9
11,44495485,44495500,TGTT[TG]_GATGC,3
11,44495479,44495500,TGTT[TG]_GATGC,9
11,60084984,60085002,TGTT[TG]_[CA]AACA,4
11,60084980,60085002,TGTT[TG]_[CA]AACA,8
11,60084723,60084743,TGTT[TG]_GATGC,8
11,11711880,11711901,TGTT[TG]_ATGCA,8
11,11711880,11711900,TGTTT_AATGC,8
11,106318113,106318128,TGTT[TG]_[CA]AACA,1
11,4497404,4497425,TGTT[TG]_[CA]AACA,7
11,108223263,108223281,GCAT[TC]_AAACA,6
11,108223229,108223249,GCAT[TC]_AAACA,8
11,108223262,108223281,[TC]GCAT_AAACA,6
11,61231812,61231830,TGTT[TG]_[CA]AACA,4
11,61231809,61231830,TGTT[TG]_[CA]AACA,7
11,41915616,41915634,TGTT[TG]_[CA]AACA,4
11,41915773,41915794,GCAT[TC]_AAACA,9
11,41915690,41915704,[TC]GCAT_AAACA,1
11,41915680,41915700,[TC]GCAT_AAACA,7
11,41915772,41915794,[TC]GCAT_AAACA,9
11,21174414,21174437,TGTT[TG]_[CA]AACA,9
11,32126136,32126152,TGTT[TG]_GATGC,4
11,32126136,32126153,TGTT[TG]_ATGCA,4
11,4246796,4246814,TGTT[TG]_[CA]AACA,4
11,29139483,29139501,TGTT[TG]_[CA]AACA,4
11,29139483,29139505,TGTT[TG]_[CA]AACA,8
11,80508654,80508674,TGTT[TG]_[CA]AACA,6
11,117071941,117071959,TGTT[TG]_[CA]AACA,4
11,108273712,108273733,TGTT[TG]_[CA]AACA,7
11,109560818,109560832,GCAT[TC]_AAACA,2
11,109560817,109560832,[TC]GCAT_AAACA,2
11,102881239,102881256,TGTT[TG]_GATGC,5
11,102881239,102881257,TGTT[TG]_ATGCA,5
11,77371576,77371598,TGTT[TG]_ATGCA,9
11,88145598,88145619,TGTT[TG]_ATGCA,8
11,32205139,32205152,TGTT[TG]_GATGC,1
11,32486620,32486640,TGTT[TG]_GATGC,8
11,32486620,32486641,TGTT[TG]_ATGCA,8
11,79130467,79130483,TGTT[TG]_[CA]AACA,2
11,28399013,28399028,TGTT[TG]_[CA]AACA,1
11,28399013,28399031,TGTT[TG]_[CA]AACA,4
11,77051977,77051993,TGTT[TG]_GATGC,4
11,38189078,38189096,TGTT[TG]_[CA]AACA,4
11,99170833,99170856,TGTT[TG]_[CA]AACA,9
11,99170833,99170852,TGTT[TG]_GATGC,7
11,99170833,99170853,TGTT[TG]_ATGCA,7
11,96442034,96442055,TGTT[TG]_ATGCA,8
11,4814000,4814018,TGTT[TG]_[CA]AACA,4
11,76038167,76038186,TGTT[TG]_[CA]AACA,5
11,76038202,76038218,[TC]GCAT_AAACA,3
11,97719044,97719061,TGTT[TG]_[CA]AACA,3
11,97719044,97719065,TGTT[TG]_[CA]AACA,7
11,34771838,34771857,TGTT[TG]_[CA]AACA,5
11,22972974,22972988,GCAT[TC]_AAACA,2
11,22972973,22972988,[TC]GCAT_AAACA,2
11,42788299,42788314,TGTT[TG]_[CA]AACA,1
11,42788296,42788314,TGTT[TG]_[CA]AACA,4
11,5215624,5215647,TGTT[TG]_[CA]AACA,9
11,5216023,5216038,GCAT[TC]_AAACA,3
11,93995450,93995466,TGTT[TG]_ATGCA,3
11,93995450,93995465,TGTTT_AATGC,3
11,107417533,107417554,TGTT[TG]_[CA]AACA,7
11,99104934,99104951,TGTT[TG]_GATGC,5
11,34763685,34763703,TGTT[TG]_[CA]AACA,4
11,79641313,79641329,GCAT[TC]_AAACA,4
11,11836799,11836817,TGTT[TG]_[CA]AACA,4
11,100952162,100952184,[TC]GCAT_AAACA,9
11,32226198,32226216,TGTT[TG]_[CA]AACA,4
11,90637973,90637989,GCAT[TC]_AAACA,4
11,113174219,113174236,TGTT[TG]_[CA]AACA,3
11,76406737,76406754,[TC]GCAT_AAACA,4
11,77386336,77386355,TGTT[TG]_[CA]AACA,5
11,87591688,87591707,GCAT[TC]_AAACA,7
11,87591687,87591707,[TC]GCAT_AAACA,7
11,93591079,93591097,TGTT[TG]_[CA]AACA,4
11,93591447,93591465,TGTT[TG]_[CA]AACA,4
11,93591447,93591468,TGTT[TG]_[CA]AACA,7
11,48856792,48856814,TGTT[TG]_[CA]AACA,8
11,48834115,48834137,TGTT[TG]_[CA]AACA,8
11,69682292,69682310,TGTT[TG]_[CA]AACA,4
11,69682292,69682314,TGTT[TG]_[CA]AACA,8
11,6184337,6184351,GCAT[TC]_AAACA,2
11,6444815,6444836,TGTT[TG]_[CA]AACA,7
11,116406418,116406436,TGTT[TG]_ATGCA,5
11,116406418,116406435,TGTTT_AATGC,5
11,30198876,30198889,TGTT[TG]_GATGC,1
11,28484040,28484058,TGTT[TG]_[CA]AACA,4
11,100846547,100846566,TGTT[TG]_ATGCA,6
11,100846547,100846565,TGTTT_AATGC,6
11,69063188,69063201,GCAT[TC]_AAACA,1
11,69063187,69063201,[TC]GCAT_AAACA,1
11,117292198,117292218,GCAT[TC]_AAACA,8
11,46344130,46344145,TGTT[TG]_[CA]AACA,1
11,46343832,46343854,TGTT[TG]_[CA]AACA,8
11,107547602,107547617,TGTT[TG]_ATGCA,2
11,95414604,95414618,GCAT[TC]_AAACA,2
11,107471097,107471110,TGTTT_AATGC,1
11,107027503,107027517,TGTTT_AATGC,2
11,74838809,74838825,TGTT[TG]_ATGCA,3
11,74838809,74838824,TGTTT_AATGC,3
11,117871624,117871642,TGTT[TG]_[CA]AACA,4
11,100574422,100574443,TGTT[TG]_GATGC,9
11,109419780,109419796,TGTT[TG]_GATGC,4
11,49204647,49204664,TGTT[TG]_[CA]AACA,3
11,49204338,49204356,TGTTT_AATGC,6
11,50377476,50377491,GCAT[TC]_AAACA,3
11,50377475,50377491,[TC]GCAT_AAACA,3
11,50377469,50377491,[TC]GCAT_AAACA,9
12,103493051,103493067,TGTT[TG]_GATGC,4
12,103493051,103493068,TGTT[TG]_ATGCA,4
12,95598474,95598492,TGTT[TG]_[CA]AACA,4
12,85427809,85427826,TGTT[TG]_[CA]AACA,3
12,85427809,85427830,TGTT[TG]_[CA]AACA,7
12,52454409,52454427,TGTT[TG]_[CA]AACA,4
12,32202129,32202147,TGTT[TG]_[CA]AACA,4
12,65340882,65340900,TGTT[TG]_[CA]AACA,4
12,65340882,65340905,TGTT[TG]_[CA]AACA,9
12,31176130,31176147,TGTT[TG]_[CA]AACA,3
12,31176180,31176199,TGTT[TG]_[CA]AACA,5
12,17658126,17658142,GCAT[TC]_AAACA,4
12,105463859,105463873,GCAT[TC]_AAACA,2
12,113945821,113945842,TGTTT_AATGC,9
12,106983290,106983308,TGTT[TG]_[CA]AACA,4
12,25095230,25095249,GCAT[TC]_AAACA,7
12,25095229,25095249,[TC]GCAT_AAACA,7
12,26186509,26186528,TGTT[TG]_[CA]AACA,5
12,80070892,80070912,[TC]GCAT_AAACA,7
12,45793806,45793824,TGTT[TG]_[CA]AACA,4
12,24536722,24536736,TGTT[TG]_ATGCA,1
12,24536722,24536735,TGTTT_AATGC,1
12,101981476,101981494,TGTT[TG]_[CA]AACA,4
12,67076564,67076582,TGTT[TG]_[CA]AACA,4
12,24259876,24259894,TGTT[TG]_[CA]AACA,4
12,24259876,24259899,TGTT[TG]_[CA]AACA,9
12,25241870,25241885,[TC]GCAT_AAACA,2
12,72529731,72529748,TGTT[TG]_ATGCA,4
12,89555170,89555187,[TC]GCAT_AAACA,4
12,89555170,89555191,[TC]GCAT_AAACA,8
12,71031010,71031029,TGTT[TG]_[CA]AACA,5
12,49290785,49290803,TGTT[TG]_[CA]AACA,4
12,3606774,3606797,TGTT[TG]_[CA]AACA,9
12,3606774,3606790,TGTT[TG]_GATGC,4
12,3606774,3606791,TGTT[TG]_ATGCA,4
12,3606880,3606897,[TC]GCAT_AAACA,4
12,41247160,41247177,TGTT[TG]_[CA]AACA,3
12,55488943,55488960,TGTT[TG]_ATGCA,4
12,16006933,16006950,TGTT[TG]_[CA]AACA,3
12,41500344,41500359,TGTT[TG]_[CA]AACA,1
12,102371008,102371025,TGTT[TG]_[CA]AACA,3
12,71048014,71048031,TGTT[TG]_[CA]AACA,3
12,71048103,71048120,TGTT[TG]_ATGCA,4
12,107783886,107783901,GCAT[TC]_AAACA,3
12,83443001,83443019,TGTT[TG]_[CA]AACA,4
12,21151022,21151040,TGTT[TG]_[CA]AACA,4
12,107937766,107937784,TGTT[TG]_[CA]AACA,4
12,34649651,34649669,TGTT[TG]_[CA]AACA,4
12,47271745,47271768,TGTT[TG]_[CA]AACA,9
12,69462084,69462100,TGTT[TG]_[CA]AACA,2
12,66895222,66895240,TGTT[TG]_[CA]AACA,4
12,42090454,42090472,TGTT[TG]_[CA]AACA,4
12,42090454,42090477,TGTT[TG]_[CA]AACA,9
12,8889438,8889456,TGTT[TG]_ATGCA,5
12,8889438,8889455,TGTTT_AATGC,5
12,35755425,35755442,TGTT[TG]_[CA]AACA,3
12,82542098,82542114,GCAT[TC]_AAACA,4
12,110479303,110479321,TGTT[TG]_[CA]AACA,4
12,110479299,110479321,TGTT[TG]_[CA]AACA,8
12,110479303,110479326,TGTT[TG]_[CA]AACA,9
12,51377615,51377635,GCAT[TC]_AAACA,8
12,79633797,79633811,GCAT[TC]_AAACA,2
12,13719351,13719369,TGTT[TG]_[CA]AACA,4
12,111896978,111897000,TGTT[TG]_[CA]AACA,8
12,5910437,5910455,TGTT[TG]_[CA]AACA,4
12,91711909,91711927,TGTT[TG]_[CA]AACA,4
12,36032589,36032607,TGTT[TG]_[CA]AACA,4
12,73611254,73611271,[TC]GCAT_AAACA,4
12,98578740,98578758,TGTT[TG]_[CA]AACA,4
12,28779614,28779632,TGTT[TG]_[CA]AACA,4
12,69102231,69102251,TGTT[TG]_ATGCA,7
12,60802286,60802304,TGTT[TG]_[CA]AACA,4
12,100846449,100846469,TGTT[TG]_ATGCA,7
12,85973816,85973832,TGTT[TG]_[CA]AACA,2
12,51865078,51865094,GCAT[TC]_AAACA,4
12,51865257,51865276,[TC]GCAT_AAACA,6
12,80069124,80069138,TGTT[TG]_GATGC,2
12,9485388,9485406,TGTT[TG]_[CA]AACA,4
12,84882603,84882621,TGTT[TG]_[CA]AACA,4
12,31988335,31988353,TGTT[TG]_[CA]AACA,4
12,116293332,116293351,TGTT[TG]_[CA]AACA,5
12,116384148,116384162,[TC]GCAT_AAACA,1
12,79444790,79444807,TGTT[TG]_[CA]AACA,3
12,79444795,79444811,TGTTT_AATGC,4
12,79444790,79444811,TGTTT_AATGC,9
12,32814032,32814049,TGTT[TG]_[CA]AACA,3
12,68024307,68024322,TGTT[TG]_[CA]AACA,1
12,68024307,68024325,TGTT[TG]_[CA]AACA,4
12,68024307,68024328,TGTT[TG]_[CA]AACA,7
12,68024400,68024415,TGTT[TG]_ATGCA,2
12,68024400,68024414,TGTTT_AATGC,2
12,73679555,73679568,TGTTT_AATGC,1
12,69513857,69513875,TGTT[TG]_[CA]AACA,4
12,69513853,69513875,TGTT[TG]_[CA]AACA,8
12,44203577,44203595,TGTT[TG]_[CA]AACA,4
12,44203634,44203652,TGTT[TG]_[CA]AACA,4
12,69164911,69164927,TGTT[TG]_GATGC,4
12,116263080,116263095,TGTT[TG]_[CA]AACA,1
12,88470183,88470201,TGTT[TG]_[CA]AACA,4
12,108645019,108645037,TGTT[TG]_[CA]AACA,4
12,43765589,43765607,TGTT[TG]_[CA]AACA,4
12,43765589,43765611,TGTT[TG]_[CA]AACA,8
12,33333565,33333583,[TC]GCAT_AAACA,5
12,73851088,73851103,TGTT[TG]_[CA]AACA,1
12,76515948,76515966,TGTT[TG]_[CA]AACA,4
12,110353091,110353106,TGTT[TG]_[CA]AACA,1
12,110353091,110353109,TGTT[TG]_[CA]AACA,4
12,73123488,73123505,TGTT[TG]_[CA]AACA,3
12,110991756,110991775,GCAT[TC]_AAACA,7
12,108812495,108812513,TGTT[TG]_[CA]AACA,4
12,69447922,69447938,TGTT[TG]_[CA]AACA,2
12,12289952,12289974,TGTT[TG]_ATGCA,9
12,43635447,43635462,TGTT[TG]_[CA]AACA,1
12,43635444,43635462,TGTT[TG]_[CA]AACA,4
12,43635441,43635462,TGTT[TG]_[CA]AACA,7
12,94933159,94933177,TGTT[TG]_[CA]AACA,4
12,78568990,78569008,TGTT[TG]_[CA]AACA,4
12,82284813,82284827,TGTT[TG]_ATGCA,1
12,82284809,82284827,TGTT[TG]_ATGCA,5
12,82284809,82284831,TGTT[TG]_ATGCA,9
12,71047446,71047463,TGTT[TG]_[CA]AACA,3
12,110496017,110496033,TGTT[TG]_[CA]AACA,2
12,110496208,110496226,GCAT[TC]_AAACA,6
12,110496207,110496226,[TC]GCAT_AAACA,6
12,63849034,63849052,TGTT[TG]_[CA]AACA,4
12,63849031,63849052,TGTT[TG]_[CA]AACA,7
12,25885496,25885514,TGTT[TG]_[CA]AACA,4
12,25885496,25885517,TGTT[TG]_[CA]AACA,7
12,26401850,26401865,TGTT[TG]_[CA]AACA,1
12,36155780,36155795,TGTT[TG]_[CA]AACA,1
12,36155752,36155768,TGTT[TG]_[CA]AACA,2
12,102702599,102702615,GCAT[TC]_AAACA,4
12,102702599,102702620,GCAT[TC]_AAACA,9
12,86046487,86046508,TGTT[TG]_ATGCA,8
12,73692369,73692382,GCAT[TC]_AAACA,1
12,109077059,109077077,TGTT[TG]_[CA]AACA,4
12,80462989,80463004,GCAT[TC]_AAACA,3
12,114990820,114990837,TGTT[TG]_[CA]AACA,3
12,79803537,79803557,GCAT[TC]_AAACA,8
12,79803536,79803557,[TC]GCAT_AAACA,8
12,73908863,73908878,GCAT[TC]_AAACA,3
12,71006671,71006692,TGTT[TG]_[CA]AACA,7
12,69296552,69296572,TGTT[TG]_GATGC,8
12,110771272,110771290,TGTT[TG]_[CA]AACA,4
12,89719602,89719617,TGTT[TG]_[CA]AACA,1
12,89719595,89719617,TGTT[TG]_[CA]AACA,8
12,75767217,75767239,TGTT[TG]_ATGCA,9
12,69616059,69616075,GCAT[TC]_AAACA,4
12,69616058,69616075,[TC]GCAT_AAACA,4
12,98268694,98268711,GCAT[TC]_AAACA,5
12,21112033,21112047,TGTT[TG]_GATGC,2
12,86309891,86309913,TGTT[TG]_[CA]AACA,8
12,71933043,71933065,TGTT[TG]_[CA]AACA,8
12,110845908,110845926,TGTT[TG]_[CA]AACA,4
12,110845908,110845930,TGTT[TG]_[CA]AACA,8
12,111589087,111589105,TGTT[TG]_[CA]AACA,4
12,87472417,87472439,TGTT[TG]_[CA]AACA,8
12,54566853,54566870,TGTTT_AATGC,5
12,102456882,102456901,TGTT[TG]_[CA]AACA,5
12,99884317,99884338,TGTT[TG]_[CA]AACA,7
12,34533411,34533429,TGTT[TG]_[CA]AACA,4
12,73720702,73720720,GCAT[TC]_AAACA,6
12,73720701,73720720,[TC]GCAT_AAACA,6
12,76379699,76379717,TGTT[TG]_[CA]AACA,4
12,76379695,76379717,TGTT[TG]_[CA]AACA,8
12,76868046,76868063,[TC]GCAT_AAACA,4
12,107047599,107047620,TGTT[TG]_GATGC,9
12,16583832,16583849,TGTT[TG]_ATGCA,4
12,72664976,72664996,TGTT[TG]_[CA]AACA,6
12,83950459,83950477,TGTTT_AATGC,6
12,42405636,42405651,TGTT[TG]_[CA]AACA,1
12,42405633,42405651,TGTT[TG]_[CA]AACA,4
12,42405636,42405658,TGTT[TG]_ATGCA,9
12,73888517,73888533,TGTT[TG]_[CA]AACA,2
12,73888603,73888620,TGTT[TG]_[CA]AACA,3
12,11230232,11230249,TGTT[TG]_ATGCA,4
12,79296580,79296597,TGTT[TG]_[CA]AACA,3
12,79296575,79296597,TGTT[TG]_[CA]AACA,8
12,79296389,79296408,TGTT[TG]_GATGC,7
12,80273235,80273257,TGTT[TG]_[CA]AACA,8
12,107720849,107720867,TGTT[TG]_[CA]AACA,4
12,107721393,107721410,GCAT[TC]_AAACA,5
12,107721392,107721410,[TC]GCAT_AAACA,5
12,99393049,99393066,TGTT[TG]_[CA]AACA,3
12,108178336,108178356,TGTT[TG]_[CA]AACA,6
12,32209035,32209056,TGTT[TG]_GATGC,9
12,17000641,17000655,TGTT[TG]_ATGCA,1
12,69529935,69529954,TGTT[TG]_[CA]AACA,5
12,73841966,73841980,[TC]GCAT_AAACA,1
12,21417828,21417845,TGTT[TG]_GATGC,5
12,69361117,69361136,TGTT[TG]_[CA]AACA,5
12,51865786,51865808,TGTT[TG]_[CA]AACA,8
12,85374036,85374057,TGTT[TG]_GATGC,9
12,54696952,54696972,TGTT[TG]_[CA]AACA,6
12,59218860,59218875,TGTT[TG]_GATGC,3
12,40038680,40038698,TGTT[TG]_[CA]AACA,4
13,22843854,22843872,TGTT[TG]_[CA]AACA,4
13,22843883,22843901,TGTT[TG]_[CA]AACA,4
13,94560259,94560277,GCAT[TC]_AAACA,6
13,37325567,37325584,TGTT[TG]_[CA]AACA,3
13,42050453,42050475,TGTT[TG]_[CA]AACA,8
13,95327184,95327202,TGTT[TG]_[CA]AACA,4
13,97824160,97824176,TGTT[TG]_ATGCA,3
13,97824160,97824175,TGTTT_AATGC,3
13,48995056,48995071,TGTT[TG]_[CA]AACA,1
13,30210934,30210950,GCAT[TC]_AAACA,4
13,30210933,30210950,[TC]GCAT_AAACA,4
13,43313576,43313591,TGTT[TG]_[CA]AACA,1
13,43313573,43313591,TGTT[TG]_[CA]AACA,4
13,43313570,43313591,TGTT[TG]_[CA]AACA,7
13,43313576,43313598,TGTT[TG]_[CA]AACA,8
13,43313742,43313759,TGTT[TG]_GATGC,5
13,43313742,43313760,TGTT[TG]_ATGCA,5
13,12133411,12133429,TGTT[TG]_[CA]AACA,4
13,12133408,12133429,TGTT[TG]_[CA]AACA,7
13,56053094,56053112,TGTT[TG]_[CA]AACA,4
13,61092979,61093000,TGTT[TG]_[CA]AACA,7
13,84747651,84747669,TGTT[TG]_[CA]AACA,4
13,19690307,19690322,TGTT[TG]_[CA]AACA,1
13,19690361,19690382,TGTT[TG]_ATGCA,8
13,44501956,44501973,TGTT[TG]_[CA]AACA,3
13,21163251,21163269,TGTT[TG]_[CA]AACA,4
13,19618947,19618964,TGTT[TG]_[CA]AACA,3
13,13745217,13745235,TGTT[TG]_[CA]AACA,4
13,109802688,109802706,TGTT[TG]_[CA]AACA,4
13,100911375,100911392,TGTT[TG]_[CA]AACA,3
13,46702594,46702612,TGTT[TG]_[CA]AACA,4
13,23774582,23774598,TGTT[TG]_GATGC,4
13,23774582,23774599,TGTT[TG]_ATGCA,4
13,79303991,79304007,TGTT[TG]_GATGC,4
13,79303988,79304007,TGTT[TG]_GATGC,7
13,24614137,24614154,TGTT[TG]_[CA]AACA,3
13,24614137,24614158,TGTT[TG]_[CA]AACA,7
13,56151673,56151691,TGTT[TG]_[CA]AACA,4
13,51757419,51757435,TGTT[TG]_GATGC,4
13,51757419,51757436,TGTT[TG]_ATGCA,4
13,91462489,91462503,[TC]GCAT_AAACA,1
13,54210037,54210052,TGTT[TG]_[CA]AACA,1
13,51749594,51749615,TGTT[TG]_[CA]AACA,7
13,94177390,94177405,TGTT[TG]_GATGC,3
13,94177390,94177406,TGTT[TG]_ATGCA,3
13,9584878,9584896,TGTT[TG]_[CA]AACA,4
13,73718500,73718515,TGTT[TG]_[CA]AACA,1
13,90800625,90800640,TGTT[TG]_[CA]AACA,1
13,90800622,90800640,TGTT[TG]_[CA]AACA,4
13,30981832,30981853,TGTT[TG]_[CA]AACA,7
13,52918233,52918251,TGTT[TG]_[CA]AACA,4
13,44118009,44118027,TGTT[TG]_[CA]AACA,4
13,14113993,14114011,TGTT[TG]_[CA]AACA,4
13,36466902,36466920,TGTT[TG]_[CA]AACA,4
13,19854113,19854131,TGTT[TG]_[CA]AACA,4
13,16196327,16196345,TGTT[TG]_[CA]AACA,4
13,12507583,12507600,TGTT[TG]_[CA]AACA,3
13,6627011,6627031,TGTT[TG]_[CA]AACA,6
13,37308183,37308199,TGTT[TG]_[CA]AACA,2
13,40922546,40922564,TGTT[TG]_[CA]AACA,4
13,113574458,113574474,TGTT[TG]_GATGC,4
13,113574458,113574475,TGTT[TG]_ATGCA,4
13,105683284,105683302,TGTT[TG]_[CA]AACA,4
13,5779597,5779615,[TC]GCAT_AAACA,5
13,43434849,43434871,TGTT[TG]_[CA]AACA,8
13,112002923,112002938,GCAT[TC]_AAACA,3
13,112002860,112002878,GCAT[TC]_AAACA,6
13,112002922,112002938,[TC]GCAT_AAACA,3
13,112002859,112002878,[TC]GCAT_AAACA,6
13,24376030,24376050,TGTT[TG]_GATGC,8
13,119030757,119030775,TGTT[TG]_[CA]AACA,4
13,119030757,119030780,TGTT[TG]_[CA]AACA,9
13,60322135,60322153,TGTT[TG]_[CA]AACA,4
13,23684214,23684235,TGTT[TG]_GATGC,9
13,64299288,64299308,TGTT[TG]_[CA]AACA,6
13,113170471,113170493,TGTT[TG]_[CA]AACA,8
13,62470202,62470218,TGTT[TG]_ATGCA,3
13,62470199,62470218,TGTT[TG]_ATGCA,6
13,62470202,62470217,TGTTT_AATGC,3
13,48979212,48979228,TGTT[TG]_GATGC,4
13,51886131,51886149,TGTT[TG]_[CA]AACA,4
13,46619817,46619834,TGTT[TG]_[CA]AACA,3
13,42293388,42293406,TGTT[TG]_[CA]AACA,4
13,18161206,18161224,TGTT[TG]_[CA]AACA,4
13,113966446,113966462,TGTT[TG]_GATGC,4
13,113966446,113966463,TGTT[TG]_ATGCA,4
13,80537783,80537797,TGTT[TG]_GATGC,2
13,111179708,111179726,TGTT[TG]_[CA]AACA,4
13,6647164,6647182,TGTT[TG]_GATGC,6
13,7031422,7031444,TGTT[TG]_[CA]AACA,8
13,87531260,87531275,TGTT[TG]_[CA]AACA,1
13,87531257,87531275,TGTT[TG]_[CA]AACA,4
13,87531252,87531275,TGTT[TG]_[CA]AACA,9
13,76598919,76598935,TGTT[TG]_GATGC,4
13,76598919,76598936,TGTT[TG]_ATGCA,4
13,110829551,110829569,TGTT[TG]_[CA]AACA,4
13,110829551,110829565,TGTT[TG]_ATGCA,1
13,30682111,30682129,TGTT[TG]_[CA]AACA,4
13,34191652,34191669,[TC]GCAT_AAACA,4
13,44984144,44984165,TGTT[TG]_[CA]AACA,7
13,83751292,83751309,TGTT[TG]_ATGCA,4
13,99353096,99353110,TGTT[TG]_GATGC,2
13,99353096,99353111,TGTT[TG]_ATGCA,2
13,117209865,117209883,TGTT[TG]_[CA]AACA,4
13,3525319,3525337,TGTT[TG]_[CA]AACA,4
13,85830188,85830206,TGTT[TG]_[CA]AACA,4
13,113870371,113870386,TGTT[TG]_ATGCA,2
13,38413504,38413522,TGTT[TG]_[CA]AACA,4
13,117198545,117198566,TGTT[TG]_ATGCA,8
13,95684975,95684992,TGTT[TG]_[CA]AACA,3
13,45772580,45772595,[TC]GCAT_AAACA,2
13,19242740,19242758,TGTT[TG]_[CA]AACA,4
13,97899615,97899633,TGTT[TG]_[CA]AACA,4
13,97899611,97899633,TGTT[TG]_[CA]AACA,8
13,95593289,95593305,TGTT[TG]_[CA]AACA,2
13,95593286,95593305,TGTT[TG]_[CA]AACA,5
13,59840976,59840992,TGTT[TG]_ATGCA,3
13,59841012,59841028,TGTT[TG]_ATGCA,3
13,59840976,59840996,TGTT[TG]_ATGCA,7
13,91509698,91509716,TGTT[TG]_[CA]AACA,4
13,91509771,91509784,GCAT[TC]_AAACA,1
13,34864725,34864742,TGTT[TG]_ATGCA,4
13,34864725,34864741,TGTTT_AATGC,4
13,107006648,107006663,TGTT[TG]_[CA]AACA,1
13,107006648,107006666,TGTT[TG]_[CA]AACA,4
13,107006648,107006669,TGTT[TG]_[CA]AACA,7
13,3537134,3537152,TGTT[TG]_[CA]AACA,4
13,3537134,3537157,TGTT[TG]_[CA]AACA,9
13,3537261,3537281,[TC]GCAT_AAACA,7
13,37537669,37537688,TGTT[TG]_[CA]AACA,5
13,85519333,85519349,TGTT[TG]_[CA]AACA,2
13,30742592,30742608,[TC]GCAT_AAACA,3
13,13564658,13564678,TGTT[TG]_GATGC,8
13,91680248,91680266,TGTT[TG]_[CA]AACA,4
13,58177654,58177669,TGTT[TG]_ATGCA,2
13,52862211,52862229,TGTT[TG]_[CA]AACA,4
13,52862142,52862158,TGTT[TG]_GATGC,4
13,8831819,8831840,TGTT[TG]_[CA]AACA,7
13,34993306,34993327,TGTT[TG]_ATGCA,8
13,111461331,111461348,[TC]GCAT_AAACA,4
13,59572342,59572360,TGTT[TG]_[CA]AACA,4
13,59572339,59572360,TGTT[TG]_[CA]AACA,7
13,59572462,59572478,TGTTT_AATGC,4
13,23598020,23598041,TGTT[TG]_GATGC,9
13,78253418,78253433,TGTT[TG]_[CA]AACA,1
13,78253418,78253436,TGTT[TG]_[CA]AACA,4
13,58214522,58214540,TGTT[TG]_[CA]AACA,4
13,12349570,12349592,TGTT[TG]_[CA]AACA,8
13,92830417,92830435,TGTT[TG]_[CA]AACA,4
13,107094454,107094469,TGTT[TG]_[CA]AACA,1
13,107094454,107094474,TGTT[TG]_[CA]AACA,6
13,57866800,57866818,TGTT[TG]_[CA]AACA,4
13,5890497,5890514,TGTT[TG]_GATGC,5
13,43453266,43453284,TGTT[TG]_ATGCA,5
13,30638942,30638960,TGTT[TG]_[CA]AACA,4
13,107831368,107831381,GCAT[TC]_AAACA,1
13,107831367,107831381,[TC]GCAT_AAACA,1
13,64370645,64370661,TGTT[TG]_[CA]AACA,2
13,64370645,64370665,TGTTT_AATGC,8
13,111936095,111936111,TGTT[TG]_GATGC,4
13,22029116,22029137,TGTT[TG]_[CA]AACA,7
13,100866680,100866698,TGTT[TG]_[CA]AACA,4
13,37751196,37751216,TGTT[TG]_[CA]AACA,6
13,37751196,37751211,TGTT[TG]_ATGCA,2
13,93624304,93624319,TGTT[TG]_[CA]AACA,1
13,93624338,93624356,TGTT[TG]_[CA]AACA,4
13,63141064,63141082,TGTT[TG]_[CA]AACA,4
13,97442921,97442939,TGTT[TG]_[CA]AACA,4
13,24445802,24445820,TGTT[TG]_[CA]AACA,4
13,24445719,24445739,TGTT[TG]_[CA]AACA,6
13,75103032,75103050,TGTT[TG]_[CA]AACA,4
13,75103028,75103050,TGTT[TG]_[CA]AACA,8
13,95956693,95956716,TGTT[TG]_[CA]AACA,9
13,58453880,58453902,TGTT[TG]_[CA]AACA,8
13,111984253,111984274,TGTT[TG]_[CA]AACA,7
13,111984433,111984452,TGTT[TG]_GATGC,7
13,48515996,48516019,TGTT[TG]_[CA]AACA,9
13,48516195,48516218,TGTT[TG]_[CA]AACA,9
13,100492750,100492770,GCAT[TC]_AAACA,8
13,100492749,100492770,[TC]GCAT_AAACA,8
13,96388050,96388065,TGTT[TG]_[CA]AACA,1
13,97761994,97762012,TGTT[TG]_[CA]AACA,4
13,59705062,59705078,TGTT[TG]_GATGC,4
13,16869760,16869778,TGTT[TG]_[CA]AACA,4
13,48929293,48929309,TGTT[TG]_GATGC,4
13,100833659,100833681,[TC]GCAT_AAACA,9
13,78426794,78426812,TGTT[TG]_[CA]AACA,4
13,78427040,78427059,TGTT[TG]_GATGC,7
13,12565584,12565606,TGTT[TG]_[CA]AACA,8
13,32211958,32211976,TGTT[TG]_[CA]AACA,4
13,32211802,32211816,GCAT[TC]_AAACA,2
13,28417492,28417510,TGTT[TG]_[CA]AACA,4
13,13471419,13471434,TGTT[TG]_[CA]AACA,1
13,13471542,13471557,TGTT[TG]_[CA]AACA,1
13,13471419,13471437,TGTT[TG]_[CA]AACA,4
13,24640513,24640528,TGTT[TG]_[CA]AACA,1
13,56507004,56507023,TGTT[TG]_[CA]AACA,5
13,9440090,9440108,TGTT[TG]_[CA]AACA,4
13,28513211,28513231,TGTT[TG]_[CA]AACA,6
13,28513058,28513079,TGTT[TG]_[CA]AACA,7
13,28513313,28513333,[TC]GCAT_AAACA,7
13,102906701,102906723,TGTT[TG]_ATGCA,9
13,119462896,119462912,TGTT[TG]_[CA]AACA,2
13,95375466,95375484,TGTT[TG]_[CA]AACA,4
13,30166840,30166860,TGTT[TG]_[CA]AACA,6
13,117220170,117220188,TGTT[TG]_[CA]AACA,4
13,80885616,80885633,TGTT[TG]_GATGC,5
13,8886475,8886493,GCAT[TC]_AAACA,6
13,8886474,8886493,[TC]GCAT_AAACA,6
13,36117159,36117174,TGTT[TG]_[CA]AACA,1
13,36117159,36117180,TGTT[TG]_[CA]AACA,7
13,30747626,30747646,TGTT[TG]_[CA]AACA,6
13,30747623,30747646,TGTT[TG]_[CA]AACA,9
13,111867408,111867424,TGTT[TG]_[CA]AACA,2
13,55444493,55444507,TGTT[TG]_GATGC,2
13,55444493,55444508,TGTT[TG]_ATGCA,2
13,107891543,107891560,TGTT[TG]_[CA]AACA,3
13,58402986,58403005,TGTT[TG]_GATGC,7
13,58402986,58403006,TGTT[TG]_ATGCA,7
14,52369905,52369923,TGTT[TG]_[CA]AACA,4
14,52369902,52369923,TGTT[TG]_[CA]AACA,7
14,57808831,57808853,TGTT[TG]_[CA]AACA,8
14,57808835,57808853,[TC]GCAT_AAACA,5
14,122985471,122985487,TGTT[TG]_[CA]AACA,2
14,122985548,122985566,TGTT[TG]_[CA]AACA,4
14,122985548,122985571,TGTT[TG]_[CA]AACA,9
14,66071982,66071997,TGTT[TG]_[CA]AACA,1
14,66071979,66071997,TGTT[TG]_[CA]AACA,4
14,87110051,87110067,TGTT[TG]_[CA]AACA,2
14,67070350,67070368,TGTT[TG]_[CA]AACA,4
14,115673927,115673949,[TC]GCAT_AAACA,9
14,44929172,44929190,TGTT[TG]_[CA]AACA,4
14,54210104,54210125,TGTT[TG]_GATGC,9
14,109711624,109711639,TGTT[TG]_[CA]AACA,1
14,109711621,109711639,TGTT[TG]_[CA]AACA,4
14,109711621,109711642,TGTT[TG]_[CA]AACA,7
14,88402550,88402568,TGTT[TG]_[CA]AACA,4
14,36893292,36893310,TGTT[TG]_[CA]AACA,4
14,107018478,107018496,TGTT[TG]_[CA]AACA,4
14,107018478,107018500,TGTT[TG]_[CA]AACA,8
14,26622775,26622796,TGTT[TG]_[CA]AACA,7
14,26622775,26622791,TGTT[TG]_GATGC,4
14,25173506,25173522,TGTT[TG]_GATGC,4
14,62682454,62682471,TGTT[TG]_[CA]AACA,3
14,101504820,101504842,TGTT[TG]_[CA]AACA,8
14,44787570,44787588,TGTT[TG]_[CA]AACA,4
14,56675027,56675045,TGTT[TG]_[CA]AACA,4
14,56675023,56675045,TGTT[TG]_[CA]AACA,8
14,46172576,46172591,TGTT[TG]_[CA]AACA,1
14,72595722,72595741,TGTT[TG]_[CA]AACA,5
14,72595680,72595696,GCAT[TC]_AAACA,4
14,26993848,26993866,TGTT[TG]_[CA]AACA,4
14,54216981,54216998,TGTT[TG]_[CA]AACA,3
14,54216981,54217001,TGTT[TG]_[CA]AACA,6
14,54217142,54217163,TGTT[TG]_[CA]AACA,7
14,60694751,60694770,TGTT[TG]_[CA]AACA,5
14,60694839,60694859,TGTTT_AATGC,8
14,121311265,121311287,TGTT[TG]_[CA]AACA,8
14,103017316,103017335,GCAT[TC]_AAACA,7
14,16001898,16001916,TGTT[TG]_[CA]AACA,4
14,16001895,16001916,TGTT[TG]_[CA]AACA,7
14,80802657,80802675,TGTT[TG]_[CA]AACA,4
14,21026782,21026800,TGTT[TG]_[CA]AACA,4
14,124306217,124306235,TGTT[TG]_[CA]AACA,4
14,8610870,8610889,TGTT[TG]_[CA]AACA,5
14,15331591,15331610,TGTT[TG]_[CA]AACA,5
14,61805688,61805704,TGTT[TG]_[CA]AACA,2
14,61805683,61805704,GCAT[TC]_AAACA,9
14,61805682,61805704,[TC]GCAT_AAACA,9
14,41285560,41285578,TGTT[TG]_GATGC,6
14,41285530,41285545,TGTT[TG]_ATGCA,2
14,41285530,41285544,TGTTT_AATGC,2
14,41285530,41285551,TGTTT_AATGC,9
14,105296311,105296326,TGTT[TG]_ATGCA,2
14,105296307,105296326,TGTT[TG]_ATGCA,6
14,27337290,27337312,TGTT[TG]_[CA]AACA,8
14,78384538,78384556,TGTT[TG]_[CA]AACA,4
14,75230559,75230581,TGTT[TG]_ATGCA,9
14,80030404,80030419,TGTT[TG]_[CA]AACA,1
14,80030401,80030419,TGTT[TG]_[CA]AACA,4
14,80030401,80030422,TGTT[TG]_[CA]AACA,7
14,104027340,104027360,TGTT[TG]_[CA]AACA,6
14,86442584,86442602,TGTT[TG]_[CA]AACA,4
14,19649952,19649970,TGTT[TG]_[CA]AACA,4
14,14098630,14098651,TGTT[TG]_GATGC,9
14,86682298,86682315,TGTT[TG]_[CA]AACA,3
14,86682298,86682318,TGTT[TG]_[CA]AACA,6
14,73720761,73720779,TGTT[TG]_[CA]AACA,4
14,73720758,73720779,TGTT[TG]_[CA]AACA,7
14,97071142,97071160,TGTT[TG]_[CA]AACA,4
14,55879975,55879990,TGTT[TG]_[CA]AACA,1
14,78459192,78459210,GCAT[TC]_AAACA,6
14,16372853,16372868,TGTT[TG]_[CA]AACA,1
14,11161092,11161107,TGTT[TG]_[CA]AACA,1
14,18371895,18371913,TGTT[TG]_[CA]AACA,4
14,18371892,18371913,TGTT[TG]_[CA]AACA,7
14,58073919,58073937,TGTT[TG]_[CA]AACA,4
14,117465535,117465553,TGTT[TG]_[CA]AACA,4
14,73584488,73584504,TGTT[TG]_GATGC,4
14,80078338,80078356,TGTT[TG]_[CA]AACA,4
14,80078335,80078356,TGTT[TG]_[CA]AACA,7
14,60219831,60219849,TGTT[TG]_[CA]AACA,4
14,30624673,30624690,TGTT[TG]_ATGCA,4
14,57680326,57680339,GCAT[TC]_AAACA,1
14,57680325,57680339,[TC]GCAT_AAACA,1
14,120832232,120832253,TGTT[TG]_[CA]AACA,7
14,20708458,20708472,TGTTT_AATGC,2
14,33481323,33481341,TGTT[TG]_[CA]AACA,4
14,63066905,63066924,TGTT[TG]_[CA]AACA,5
14,63066859,63066878,GCAT[TC]_AAACA,7
14,122066636,122066658,TGTT[TG]_[CA]AACA,8
14,60744836,60744852,TGTT[TG]_GATGC,4
14,120274720,120274737,TGTT[TG]_ATGCA,4
14,120274690,120274704,TGTTT_AATGC,2
14,38716976,38716994,TGTT[TG]_[CA]AACA,4
14,84682494,84682512,TGTT[TG]_[CA]AACA,4
14,47740734,47740751,TGTT[TG]_[CA]AACA,3
14,97313712,97313730,TGTT[TG]_[CA]AACA,4
14,97313709,97313730,TGTT[TG]_[CA]AACA,7
14,73398731,73398746,TGTT[TG]_GATGC,3
14,122802033,122802048,TGTT[TG]_[CA]AACA,1
14,122802030,122802048,TGTT[TG]_[CA]AACA,4
14,122802033,122802052,TGTT[TG]_[CA]AACA,5
14,122802030,122802052,TGTT[TG]_[CA]AACA,8
14,122802033,122802056,TGTT[TG]_[CA]AACA,9
14,56284312,56284326,GCAT[TC]_AAACA,2
14,118233659,118233675,GCAT[TC]_AAACA,4
14,80908289,80908306,TGTT[TG]_[CA]AACA,3
14,75516084,75516099,TGTT[TG]_GATGC,3
14,14706770,14706789,TGTT[TG]_ATGCA,6
14,14706770,14706788,TGTTT_AATGC,6
14,73049105,73049120,TGTT[TG]_[CA]AACA,1
14,50870189,50870212,TGTT[TG]_[CA]AACA,9
14,57902250,57902268,TGTT[TG]_[CA]AACA,4
14,74880892,74880906,TGTTT_AATGC,2
14,75445751,75445767,TGTT[TG]_[CA]AACA,2
14,121451481,121451502,TGTT[TG]_[CA]AACA,7
14,79515802,79515823,TGTT[TG]_[CA]AACA,7
14,82608728,82608746,TGTT[TG]_[CA]AACA,4
14,51632421,51632441,TGTT[TG]_ATGCA,7
14,121854909,121854927,TGTT[TG]_[CA]AACA,4
14,121854909,121854930,TGTT[TG]_[CA]AACA,7
14,121928782,121928803,GCAT[TC]_AAACA,9
14,121928781,121928803,[TC]GCAT_AAACA,9
14,118136914,118136935,TGTT[TG]_[CA]AACA,7
14,61599372,61599392,TGTT[TG]_ATGCA,7
14,56959097,56959115,TGTT[TG]_[CA]AACA,4
14,56959092,56959115,TGTT[TG]_[CA]AACA,9
14,66219298,66219317,GCAT[TC]_AAACA,7
14,103093738,103093756,TGTT[TG]_[CA]AACA,4
14,79326902,79326918,GCAT[TC]_AAACA,4
14,57372959,57372981,TGTT[TG]_ATGCA,9
14,79530614,79530631,GCAT[TC]_AAACA,5
14,119007726,119007741,TGTT[TG]_ATGCA,2
14,36864307,36864321,TGTT[TG]_ATGCA,1
14,36864307,36864320,TGTTT_AATGC,1
14,51892175,51892193,TGTT[TG]_[CA]AACA,4
14,51892171,51892193,TGTT[TG]_[CA]AACA,8
14,19969491,19969509,TGTT[TG]_[CA]AACA,4
14,40930238,40930256,TGTT[TG]_[CA]AACA,4
14,64930997,64931015,TGTT[TG]_[CA]AACA,4
14,66229398,66229416,TGTT[TG]_[CA]AACA,4
14,66228909,66228923,GCAT[TC]_AAACA,2
14,66228908,66228923,[TC]GCAT_AAACA,2
14,121906958,121906980,TGTT[TG]_[CA]AACA,8
14,121906736,121906751,TGTT[TG]_ATGCA,2
14,31661899,31661915,TGTT[TG]_[CA]AACA,2
14,16677995,16678013,TGTT[TG]_[CA]AACA,4
14,101640912,101640928,TGTT[TG]_GATGC,4
14,101640912,101640929,TGTT[TG]_ATGCA,4
14,39198162,39198180,TGTT[TG]_[CA]AACA,4
14,70544924,70544939,TGTT[TG]_[CA]AACA,1
14,101510999,101511021,TGTT[TG]_[CA]AACA,8
14,14042818,14042834,TGTT[TG]_GATGC,4
14,14042818,14042835,TGTT[TG]_ATGCA,4
14,27237854,27237867,TGTTT_AATGC,1
14,73525320,73525341,[TC]GCAT_AAACA,8
14,34123055,34123073,TGTT[TG]_[CA]AACA,4
14,34123122,34123138,GCAT[TC]_AAACA,4
14,121366448,121366469,GCAT[TC]_AAACA,9
14,121366447,121366469,[TC]GCAT_AAACA,9
14,47105666,47105686,TGTT[TG]_[CA]AACA,6
14,47105533,47105550,TGTT[TG]_ATGCA,4
14,57825868,57825883,TGTT[TG]_[CA]AACA,1
14,85936215,85936233,TGTT[TG]_[CA]AACA,4
14,84768925,84768943,TGTT[TG]_[CA]AACA,4
14,84768573,84768594,GCAT[TC]_AAACA,9
14,73389139,73389155,GCAT[TC]_AAACA,4
14,54617990,54618008,TGTT[TG]_[CA]AACA,4
14,26669786,26669801,TGTT[TG]_[CA]AACA,1
14,29967922,29967942,TGTT[TG]_[CA]AACA,6
14,61057292,61057309,TGTT[TG]_GATGC,5
14,61057292,61057310,TGTT[TG]_ATGCA,5
14,101477925,101477943,TGTT[TG]_[CA]AACA,4
14,101477964,101477982,[TC]GCAT_AAACA,5
14,54463336,54463357,TGTT[TG]_[CA]AACA,7
14,54463526,54463547,TGTT[TG]_[CA]AACA,7
15,80536534,80536556,TGTT[TG]_[CA]AACA,8
15,102341733,102341754,TGTT[TG]_ATGCA,8
15,61413650,61413668,TGTT[TG]_[CA]AACA,4
15,101243007,101243024,TGTT[TG]_[CA]AACA,3
15,101243007,101243028,TGTT[TG]_[CA]AACA,7
15,80310202,80310218,TGTT[TG]_[CA]AACA,2
15,95773592,95773608,TGTT[TG]_ATGCA,3
15,58416403,58416420,TGTT[TG]_ATGCA,4
15,58416356,58416374,TGTTT_AATGC,6
15,6554202,6554220,TGTT[TG]_[CA]AACA,4
15,59936696,59936712,TGTT[TG]_[CA]AACA,2
15,59526497,59526518,TGTT[TG]_[CA]AACA,7
15,73581265,73581282,TGTT[TG]_[CA]AACA,3
15,73506357,73506374,TGTT[TG]_[CA]AACA,3
15,58145466,58145482,TGTT[TG]_[CA]AACA,2
15,81562107,81562129,TGTT[TG]_ATGCA,9
15,103788647,103788663,TGTT[TG]_[CA]AACA,2
15,77225809,77225827,TGTT[TG]_[CA]AACA,4
15,100265652,100265670,TGTT[TG]_[CA]AACA,4
15,97322493,97322508,TGTT[TG]_[CA]AACA,1
15,97322490,97322508,TGTT[TG]_[CA]AACA,4
15,53065923,53065938,TGTT[TG]_[CA]AACA,1
15,53065920,53065938,TGTT[TG]_[CA]AACA,4
15,53065917,53065938,TGTT[TG]_[CA]AACA,7
15,99026443,99026462,TGTT[TG]_ATGCA,6
15,55848449,55848465,TGTT[TG]_[CA]AACA,2
15,55848449,55848472,TGTT[TG]_[CA]AACA,9
15,55848418,55848438,TGTT[TG]_GATGC,8
15,55848418,55848439,TGTT[TG]_ATGCA,8
15,5237390,5237406,TGTT[TG]_[CA]AACA,2
15,25740412,25740427,TGTT[TG]_GATGC,3
15,96520741,96520756,TGTT[TG]_[CA]AACA,1
15,61128967,61128982,TGTT[TG]_[CA]AACA,1
15,61128964,61128982,TGTT[TG]_[CA]AACA,4
15,59480629,59480646,[TC]GCAT_AAACA,4
15,62734952,62734975,TGTT[TG]_[CA]AACA,9
15,97455913,97455936,TGTT[TG]_[CA]AACA,9
15,79577980,79577997,TGTT[TG]_ATGCA,4
15,79577980,79577996,TGTTT_AATGC,4
15,59474544,59474566,TGTT[TG]_[CA]AACA,8
15,27468287,27468305,TGTT[TG]_[CA]AACA,4
15,9435816,9435834,TGTT[TG]_[CA]AACA,4
15,80513827,80513844,TGTT[TG]_ATGCA,4
15,6034621,6034639,TGTT[TG]_[CA]AACA,4
15,36580686,36580704,TGTT[TG]_[CA]AACA,4
15,81045739,81045754,TGTT[TG]_ATGCA,2
15,91665215,91665233,TGTT[TG]_[CA]AACA,4
15,91665215,91665236,TGTT[TG]_[CA]AACA,7
15,50662280,50662298,TGTT[TG]_[CA]AACA,4
15,50662276,50662298,TGTT[TG]_[CA]AACA,8
15,39221021,39221039,TGTT[TG]_[CA]AACA,4
15,29423001,29423019,TGTT[TG]_[CA]AACA,4
15,49738206,49738221,TGTT[TG]_[CA]AACA,1
15,29136080,29136098,TGTT[TG]_[CA]AACA,4
15,43167205,43167223,TGTT[TG]_[CA]AACA,4
15,55889693,55889714,TGTT[TG]_[CA]AACA,7
15,81035419,81035433,TGTT[TG]_ATGCA,1
15,63811258,63811280,TGTT[TG]_ATGCA,9
15,58171327,58171349,TGTT[TG]_[CA]AACA,8
15,97578041,97578056,GCAT[TC]_AAACA,3
15,97578040,97578056,[TC]GCAT_AAACA,3
15,59106213,59106229,GCAT[TC]_AAACA,4
15,78587715,78587732,TGTT[TG]_[CA]AACA,3
15,24244078,24244096,TGTT[TG]_[CA]AACA,4
15,47775399,47775417,TGTT[TG]_[CA]AACA,4
15,61322204,61322222,TGTT[TG]_[CA]AACA,4
15,61322199,61322222,TGTT[TG]_[CA]AACA,9
15,97401001,97401020,TGTT[TG]_[CA]AACA,5
15,25949153,25949171,TGTT[TG]_[CA]AACA,4
15,9564359,9564381,TGTT[TG]_[CA]AACA,8
15,80798395,80798415,TGTT[TG]_ATGCA,7
15,90459167,90459185,TGTT[TG]_[CA]AACA,4
15,90459167,90459189,TGTT[TG]_[CA]AACA,8
15,64246503,64246521,TGTT[TG]_GATGC,6
15,64246503,64246522,TGTT[TG]_ATGCA,6
15,48902678,48902696,TGTT[TG]_[CA]AACA,4
15,35529633,35529651,TGTT[TG]_[CA]AACA,4
15,99416948,99416965,TGTT[TG]_[CA]AACA,3
15,99416948,99416970,TGTT[TG]_[CA]AACA,8
15,41832574,41832597,TGTT[TG]_[CA]AACA,9
15,93959742,93959760,TGTT[TG]_[CA]AACA,4
15,32884222,32884240,TGTT[TG]_[CA]AACA,4
15,81302688,81302706,TGTT[TG]_[CA]AACA,4
15,59652052,59652066,TGTT[TG]_GATGC,2
15,59652027,59652048,TGTT[TG]_GATGC,9
15,27725734,27725752,TGTT[TG]_[CA]AACA,4
15,27925800,27925821,TGTT[TG]_[CA]AACA,7
15,60097469,60097491,TGTT[TG]_[CA]AACA,8
15,60097377,60097400,TGTT[TG]_[CA]AACA,9
15,65324525,65324543,TGTT[TG]_[CA]AACA,4
15,65324522,65324543,TGTT[TG]_[CA]AACA,7
15,80602877,80602897,TGTT[TG]_[CA]AACA,6
15,58685297,58685320,TGTT[TG]_[CA]AACA,9
15,53328140,53328157,TGTT[TG]_ATGCA,4
15,96566216,96566234,TGTT[TG]_[CA]AACA,4
15,96566213,96566234,TGTT[TG]_[CA]AACA,7
15,27724615,27724630,TGTT[TG]_[CA]AACA,1
15,27724893,27724908,TGTTT_AATGC,3
15,16353344,16353362,TGTT[TG]_[CA]AACA,4
15,73169876,73169895,[TC]GCAT_AAACA,6
15,70453612,70453630,TGTT[TG]_[CA]AACA,4
15,70453731,70453749,TGTT[TG]_[CA]AACA,4
15,60324888,60324906,TGTT[TG]_[CA]AACA,4
15,60324884,60324906,TGTT[TG]_[CA]AACA,8
15,60325010,60325024,GCAT[TC]_AAACA,2
15,80743843,80743865,TGTT[TG]_ATGCA,9
15,42523365,42523383,TGTT[TG]_[CA]AACA,4
15,42523362,42523383,TGTT[TG]_[CA]AACA,7
15,42523247,42523267,TGTTT_AATGC,8
15,97429447,97429463,TGTT[TG]_[CA]AACA,2
15,103258359,103258375,GCAT[TC]_AAACA,4
15,8667266,8667284,TGTT[TG]_[CA]AACA,4
15,78391052,78391070,TGTT[TG]_[CA]AACA,4
15,94493969,94493987,TGTT[TG]_[CA]AACA,4
15,94494086,94494103,GCAT[TC]_AAACA,5
15,36782311,36782325,TGTT[TG]_GATGC,2
15,36782307,36782325,TGTT[TG]_GATGC,6
15,3270619,3270641,TGTT[TG]_[CA]AACA,8
15,97836806,97836821,[TC]GCAT_AAACA,2
15,66513277,66513291,TGTT[TG]_ATGCA,1
15,66801649,66801669,TGTT[TG]_GATGC,8
15,66801649,66801670,TGTT[TG]_ATGCA,8
15,80929841,80929856,TGTT[TG]_[CA]AACA,1
15,22103650,22103668,TGTT[TG]_[CA]AACA,4
15,80897236,80897253,TGTT[TG]_[CA]AACA,3
15,71256596,71256614,TGTT[TG]_[CA]AACA,4
15,53127841,53127859,TGTT[TG]_[CA]AACA,4
15,53127801,53127817,TGTT[TG]_GATGC,4
15,101041083,101041101,TGTT[TG]_[CA]AACA,4
15,101041083,101041097,TGTT[TG]_ATGCA,1
15,63828780,63828801,TGTT[TG]_ATGCA,8
15,100060774,100060789,TGTT[TG]_GATGC,3
15,100060774,100060790,TGTT[TG]_ATGCA,3
15,73149828,73149844,TGTT[TG]_GATGC,4
15,8234096,8234109,TGTT[TG]_GATGC,1
15,8234090,8234109,TGTT[TG]_GATGC,7
15,8234096,8234110,TGTT[TG]_ATGCA,1
15,8234090,8234110,TGTT[TG]_ATGCA,7
15,64163492,64163506,GCAT[TC]_AAACA,2
15,97246849,97246865,TGTT[TG]_GATGC,4
15,97246849,97246866,TGTT[TG]_ATGCA,4
15,97246911,97246925,GCAT[TC]_AAACA,2
15,97246910,97246925,[TC]GCAT_AAACA,2
15,43477690,43477707,TGTT[TG]_ATGCA,4
15,36364189,36364205,TGTT[TG]_[CA]AACA,2
15,98773124,98773145,TGTT[TG]_ATGCA,8
15,5813509,5813527,TGTT[TG]_[CA]AACA,4
15,5813509,5813531,TGTT[TG]_[CA]AACA,8
15,5813698,5813716,GCAT[TC]_AAACA,6
15,5813452,5813467,[TC]GCAT_AAACA,2
15,5813697,5813716,[TC]GCAT_AAACA,6
15,9581026,9581044,TGTT[TG]_[CA]AACA,4
15,9580778,9580798,TGTT[TG]_GATGC,8
15,81301415,81301432,TGTT[TG]_GATGC,5
15,94590063,94590081,TGTT[TG]_GATGC,6
15,94590063,94590082,TGTT[TG]_ATGCA,6
15,83919639,83919657,TGTT[TG]_[CA]AACA,4
15,78174689,78174710,[TC]GCAT_AAACA,8
15,53267068,53267091,TGTT[TG]_[CA]AACA,9
15,96583551,96583568,GCAT[TC]_AAACA,5
15,89310219,89310238,[TC]GCAT_AAACA,6
15,59648149,59648166,TGTT[TG]_GATGC,5
15,62189475,62189497,TGTT[TG]_[CA]AACA,8
15,9575066,9575083,TGTTT_AATGC,5
15,53157706,53157723,TGTT[TG]_[CA]AACA,3
15,83602624,83602640,TGTT[TG]_ATGCA,3
15,83602637,83602653,GCAT[TC]_AAACA,4
15,83602636,83602653,[TC]GCAT_AAACA,4
15,101283739,101283761,TGTT[TG]_[CA]AACA,8
15,12117173,12117191,TGTT[TG]_[CA]AACA,4
15,12117231,12117249,TGTT[TG]_[CA]AACA,4
15,66865061,66865076,TGTT[TG]_[CA]AACA,1
15,5108125,5108139,GCAT[TC]_AAACA,2
15,36214293,36214316,TGTT[TG]_[CA]AACA,9
15,55829193,55829210,TGTT[TG]_[CA]AACA,3
15,66861280,66861298,TGTT[TG]_[CA]AACA,4
15,66861722,66861738,TGTT[TG]_ATGCA,3
15,66861667,66861687,TGTT[TG]_ATGCA,7
15,12010880,12010896,TGTT[TG]_[CA]AACA,2
15,64313454,64313470,TGTT[TG]_[CA]AACA,2
15,99393911,99393927,TGTT[TG]_[CA]AACA,2
16,36008360,36008378,TGTT[TG]_[CA]AACA,4
16,27198824,27198842,TGTT[TG]_[CA]AACA,4
16,53336429,53336447,TGTT[TG]_[CA]AACA,4
16,53336429,53336451,TGTT[TG]_[CA]AACA,8
16,58796619,58796637,TGTT[TG]_[CA]AACA,4
16,48595185,48595201,TGTT[TG]_GATGC,4
16,40569081,40569099,TGTT[TG]_[CA]AACA,4
16,20930430,20930447,TGTT[TG]_[CA]AACA,3
16,45019032,45019052,TGTT[TG]_[CA]AACA,6
16,70787998,70788014,GCAT[TC]_AAACA,4
16,70787997,70788014,[TC]GCAT_AAACA,4
16,24513427,24513447,[TC]GCAT_AAACA,7
16,76422657,76422676,TGTT[TG]_[CA]AACA,5
16,65449858,65449876,TGTT[TG]_[CA]AACA,4
16,65449854,65449876,TGTT[TG]_[CA]AACA,8
16,94632164,94632185,TGTT[TG]_GATGC,9
16,65496885,65496903,TGTT[TG]_[CA]AACA,4
16,80470386,80470404,TGTT[TG]_[CA]AACA,4
16,80470386,80470409,TGTT[TG]_[CA]AACA,9
16,36985872,36985891,GCAT[TC]_AAACA,7
16,36985871,36985891,[TC]GCAT_AAACA,7
16,30326417,30326435,TGTT[TG]_[CA]AACA,4
16,30326417,30326438,TGTT[TG]_[CA]AACA,7
16,25211749,25211767,TGTT[TG]_[CA]AACA,4
16,25211745,25211767,TGTT[TG]_[CA]AACA,8
16,31022454,31022470,TGTT[TG]_[CA]AACA,2
16,93803952,93803970,TGTT[TG]_[CA]AACA,4
16,57317953,57317971,TGTT[TG]_[CA]AACA,4
16,46009599,46009616,TGTT[TG]_[CA]AACA,3
16,45286455,45286478,TGTT[TG]_[CA]AACA,9
16,7112802,7112819,[TC]GCAT_AAACA,4
16,94374417,94374439,TGTT[TG]_[CA]AACA,8
16,57611973,57611993,TGTT[TG]_[CA]AACA,6
16,97272486,97272502,TGTT[TG]_ATGCA,3
16,97272486,97272501,TGTTT_AATGC,3
16,20991041,20991059,TGTT[TG]_[CA]AACA,4
16,43615088,43615111,TGTT[TG]_[CA]AACA,9
16,93898784,93898802,TGTT[TG]_[CA]AACA,4
16,92701973,92701991,TGTT[TG]_[CA]AACA,4
16,92701762,92701776,[TC]GCAT_AAACA,1
16,30124523,30124541,TGTT[TG]_[CA]AACA,4
16,70674288,70674306,TGTT[TG]_[CA]AACA,4
16,11224809,11224824,TGTT[TG]_[CA]AACA,1
16,11224809,11224827,TGTT[TG]_[CA]AACA,4
16,60024533,60024551,TGTT[TG]_[CA]AACA,4
16,51857852,51857870,TGTT[TG]_[CA]AACA,4
16,36071012,36071029,TGTT[TG]_[CA]AACA,3
16,64764566,64764584,TGTT[TG]_[CA]AACA,4
16,35941625,35941642,[TC]GCAT_AAACA,4
16,32111117,32111137,TGTT[TG]_[CA]AACA,6
16,76899354,76899377,TGTT[TG]_[CA]AACA,9
16,11218371,11218391,TGTT[TG]_[CA]AACA,6
16,11501136,11501153,TGTT[TG]_[CA]AACA,3
16,10399371,10399384,TGTT[TG]_GATGC,1
16,18388240,18388258,TGTT[TG]_[CA]AACA,4
16,18388240,18388262,TGTT[TG]_[CA]AACA,8
16,24860865,24860886,TGTT[TG]_[CA]AACA,7
16,44362606,44362623,TGTT[TG]_GATGC,5
16,76333975,76333993,TGTT[TG]_[CA]AACA,4
16,64800447,64800465,TGTT[TG]_[CA]AACA,4
16,24819736,24819754,TGTT[TG]_[CA]AACA,4
16,13796766,13796787,TGTT[TG]_[CA]AACA,7
16,13160176,13160197,GCAT[TC]_AAACA,9
16,91352171,91352187,TGTT[TG]_[CA]AACA,2
16,3976416,3976433,TGTTT_AATGC,5
16,17786840,17786860,TGTT[TG]_ATGCA,7
16,17786840,17786859,TGTTT_AATGC,7
16,30439153,30439168,TGTT[TG]_[CA]AACA,1
16,30439153,30439171,TGTT[TG]_[CA]AACA,4
16,45176510,45176525,TGTT[TG]_[CA]AACA,1
16,45176507,45176525,TGTT[TG]_[CA]AACA,4
16,44495871,44495889,TGTT[TG]_[CA]AACA,4
16,24507182,24507204,TGTT[TG]_[CA]AACA,8
16,91445835,91445852,GCAT[TC]_AAACA,5
16,23997582,23997600,TGTTT_AATGC,6
16,38029199,38029214,TGTT[TG]_[CA]AACA,1
16,38029199,38029217,TGTT[TG]_[CA]AACA,4
16,87661945,87661967,TGTT[TG]_[CA]AACA,8
16,95901617,95901633,TGTT[TG]_[CA]AACA,2
16,95901617,95901639,TGTT[TG]_[CA]AACA,8
16,49936228,49936243,TGTT[TG]_[CA]AACA,1
16,49936224,49936243,GCAT[TC]_AAACA,7
16,49936223,49936243,[TC]GCAT_AAACA,7
16,92767979,92768002,TGTT[TG]_[CA]AACA,9
16,38678803,38678824,TGTT[TG]_[CA]AACA,7
16,97262614,97262632,TGTT[TG]_[CA]AACA,4
16,48786325,48786341,GCAT[TC]_AAACA,4
16,48786324,48786341,[TC]GCAT_AAACA,4
16,52200370,52200389,TGTT[TG]_GATGC,7
16,45347885,45347903,TGTT[TG]_[CA]AACA,4
16,24212947,24212963,TGTT[TG]_GATGC,4
16,24212947,24212964,TGTT[TG]_ATGCA,4
16,37437335,37437353,TGTT[TG]_[CA]AACA,4
16,11177652,11177667,TGTT[TG]_[CA]AACA,1
16,11177652,11177670,TGTT[TG]_[CA]AACA,4
16,5445949,5445964,TGTT[TG]_[CA]AACA,1
16,24165781,24165796,TGTT[TG]_[CA]AACA,1
16,92801923,92801936,TGTT[TG]_GATGC,1
16,41025294,41025309,TGTT[TG]_[CA]AACA,1
16,41025291,41025309,TGTT[TG]_[CA]AACA,4
16,41025327,41025348,TGTT[TG]_GATGC,9
16,41025327,41025349,TGTT[TG]_ATGCA,9
16,55966266,55966281,TGTT[TG]_[CA]AACA,1
16,85193889,85193907,TGTT[TG]_[CA]AACA,4
16,23171120,23171135,TGTT[TG]_[CA]AACA,1
16,28775302,28775320,TGTT[TG]_[CA]AACA,4
16,94596703,94596719,TGTT[TG]_GATGC,4
16,94596703,94596720,TGTT[TG]_ATGCA,4
16,24539019,24539035,TGTT[TG]_GATGC,4
16,24539019,24539036,TGTT[TG]_ATGCA,4
16,55906930,55906951,[TC]GCAT_AAACA,8
16,89938734,89938753,TGTT[TG]_[CA]AACA,5
16,23286559,23286580,TGTT[TG]_ATGCA,8
16,57585279,57585295,GCAT[TC]_AAACA,4
16,56932543,56932561,TGTT[TG]_[CA]AACA,4
16,56932543,56932565,TGTT[TG]_[CA]AACA,8
16,23144468,23144484,TGTTT_AATGC,4
16,94332122,94332140,TGTT[TG]_[CA]AACA,4
16,32062246,32062263,TGTT[TG]_[CA]AACA,3
16,32062461,32062481,TGTT[TG]_[CA]AACA,6
16,32062246,32062267,TGTTT_AATGC,9
16,50372880,50372900,TGTT[TG]_ATGCA,7
16,29835099,29835122,TGTT[TG]_[CA]AACA,9
16,8671519,8671539,GCAT[TC]_AAACA,8
16,8671518,8671539,[TC]GCAT_AAACA,8
16,32068109,32068127,TGTT[TG]_[CA]AACA,4
16,30769316,30769329,TGTT[TG]_GATGC,1
16,52147797,52147812,TGTT[TG]_[CA]AACA,1
16,4559783,4559802,TGTT[TG]_[CA]AACA,5
16,21232862,21232880,TGTT[TG]_[CA]AACA,4
16,52031162,52031177,TGTT[TG]_[CA]AACA,1
16,49938119,49938136,TGTT[TG]_[CA]AACA,3
16,49938116,49938136,TGTT[TG]_[CA]AACA,6
16,49937698,49937714,GCAT[TC]_AAACA,4
16,11424170,11424189,[TC]GCAT_AAACA,6
16,90934902,90934919,TGTT[TG]_[CA]AACA,3
16,13027284,13027302,TGTT[TG]_[CA]AACA,4
16,13027326,13027349,TGTT[TG]_[CA]AACA,9
16,64836333,64836350,TGTT[TG]_[CA]AACA,3
16,64836106,64836124,TGTT[TG]_[CA]AACA,4
16,64836715,64836734,TGTT[TG]_[CA]AACA,5
16,50528650,50528670,TGTT[TG]_[CA]AACA,6
16,50528647,50528670,TGTT[TG]_[CA]AACA,9
16,45223755,45223770,TGTT[TG]_ATGCA,2
16,43573735,43573754,[TC]GCAT_AAACA,6
16,15863228,15863247,TGTT[TG]_[CA]AACA,5
16,23989789,23989807,TGTT[TG]_[CA]AACA,4
16,38131683,38131700,TGTT[TG]_[CA]AACA,3
16,38131683,38131704,TGTT[TG]_[CA]AACA,7
16,91484671,91484688,[TC]GCAT_AAACA,4
16,91484667,91484688,[TC]GCAT_AAACA,8
16,46010869,46010885,TGTT[TG]_ATGCA,3
16,46010869,46010884,TGTTT_AATGC,3
16,57470861,57470881,GCAT[TC]_AAACA,8
16,96191704,96191720,TGTT[TG]_[CA]AACA,2
16,96191704,96191723,TGTT[TG]_[CA]AACA,5
16,52061171,52061190,TGTT[TG]_ATGCA,6
16,52061132,52061150,TGTTT_AATGC,6
16,8829565,8829579,GCAT[TC]_AAACA,2
16,90728050,90728066,GCAT[TC]_AAACA,4
16,90728049,90728066,[TC]GCAT_AAACA,4
16,55838278,55838292,GCAT[TC]_AAACA,2
16,55838271,55838292,GCAT[TC]_AAACA,9
16,55838277,55838292,[TC]GCAT_AAACA,2
16,55838277,55838299,[TC]GCAT_AAACA,9
17,86329733,86329750,[TC]GCAT_AAACA,4
17,30411077,30411095,TGTT[TG]_[CA]AACA,4
17,9089106,9089124,TGTT[TG]_[CA]AACA,4
17,79000074,79000089,TGTT[TG]_[CA]AACA,1
17,79000074,79000092,TGTT[TG]_[CA]AACA,4
17,18458264,18458279,TGTT[TG]_[CA]AACA,1
17,33089415,33089434,TGTT[TG]_[CA]AACA,5
17,37561682,37561700,TGTT[TG]_[CA]AACA,4
17,18998819,18998837,TGTT[TG]_[CA]AACA,4
17,18998819,18998842,TGTT[TG]_[CA]AACA,9
17,83709507,83709521,TGTTT_AATGC,2
17,11628885,11628903,TGTT[TG]_[CA]AACA,4
17,73902347,73902362,TGTT[TG]_ATGCA,2
17,55871520,55871538,TGTT[TG]_[CA]AACA,4
17,90923353,90923371,TGTT[TG]_[CA]AACA,4
17,31176695,31176710,TGTT[TG]_[CA]AACA,1
17,71062190,71062208,TGTT[TG]_[CA]AACA,4
17,48043943,48043960,TGTT[TG]_[CA]AACA,3
17,48043943,48043963,TGTT[TG]_[CA]AACA,6
17,48043943,48043966,TGTT[TG]_[CA]AACA,9
17,41523630,41523643,TGTTT_AATGC,1
17,5943439,5943457,TGTT[TG]_[CA]AACA,4
17,52560167,52560188,GCAT[TC]_AAACA,9
17,52560166,52560188,[TC]GCAT_AAACA,9
17,66070765,66070786,[TC]GCAT_AAACA,8
17,47923602,47923619,TGTT[TG]_[CA]AACA,3
17,35941613,35941629,TGTT[TG]_[CA]AACA,2
17,32031928,32031945,TGTT[TG]_ATGCA,4
17,12195437,12195458,GCAT[TC]_AAACA,9
17,46056557,46056575,TGTT[TG]_[CA]AACA,4
17,77344267,77344285,TGTT[TG]_[CA]AACA,4
17,31249001,31249017,GCAT[TC]_AAACA,4
17,74717740,74717756,TGTT[TG]_GATGC,4
17,69384015,69384032,TGTTT_AATGC,5
17,52449018,52449032,TGTT[TG]_ATGCA,1
17,52449015,52449032,TGTT[TG]_ATGCA,4
17,32536478,32536494,TGTT[TG]_GATGC,4
17,80454702,80454721,TGTT[TG]_[CA]AACA,5
17,24669471,24669491,TGTT[TG]_GATGC,8
17,73871639,73871654,TGTTT_AATGC,3
17,64579772,64579792,TGTT[TG]_[CA]AACA,6
17,25188401,25188419,TGTTT_AATGC,6
17,88123940,88123956,TGTT[TG]_[CA]AACA,2
17,5887732,5887751,TGTT[TG]_[CA]AACA,5
17,73175983,73175999,TGTT[TG]_GATGC,4
17,12118981,12119002,TGTT[TG]_[CA]AACA,7
17,12118981,12118998,TGTT[TG]_GATGC,5
17,12118981,12118999,TGTT[TG]_ATGCA,5
17,33568975,33568989,GCAT[TC]_AAACA,2
17,49164601,49164619,TGTT[TG]_[CA]AACA,4
17,31824868,31824891,TGTT[TG]_[CA]AACA,9
17,28601029,28601050,GCAT[TC]_AAACA,9
17,28601028,28601050,[TC]GCAT_AAACA,9
17,39286386,39286404,TGTT[TG]_[CA]AACA,4
17,39286386,39286408,TGTT[TG]_[CA]AACA,8
17,3451120,3451140,TGTT[TG]_[CA]AACA,6
17,28080756,28080772,TGTT[TG]_[CA]AACA,2
17,9582733,9582751,TGTT[TG]_[CA]AACA,4
17,9582737,9582757,TGTT[TG]_GATGC,8
17,31436807,31436825,TGTT[TG]_GATGC,6
17,5804688,5804710,TGTT[TG]_[CA]AACA,8
17,86757847,86757864,TGTT[TG]_[CA]AACA,3
17,48275538,48275558,TGTT[TG]_GATGC,8
17,31077506,31077527,TGTT[TG]_GATGC,9
17,4624134,4624152,TGTT[TG]_[CA]AACA,4
17,33902682,33902701,TGTT[TG]_[CA]AACA,5
17,52150572,52150589,TGTT[TG]_[CA]AACA,3
17,52125632,52125649,TGTT[TG]_[CA]AACA,3
17,51893154,51893170,TGTT[TG]_GATGC,4
17,3209681,3209695,TGTT[TG]_ATGCA,1
17,65929391,65929407,GCAT[TC]_AAACA,4
17,12623464,12623480,TGTT[TG]_[CA]AACA,2
17,12623242,12623260,TGTT[TG]_[CA]AACA,4
17,12623271,12623294,TGTT[TG]_[CA]AACA,9
17,12623090,12623109,TGTT[TG]_ATGCA,6
17,51322930,51322948,TGTT[TG]_[CA]AACA,4
17,51322930,51322952,TGTT[TG]_[CA]AACA,8
17,25240886,25240904,TGTT[TG]_[CA]AACA,4
17,25184304,25184319,GCAT[TC]_AAACA,3
17,88753156,88753172,TGTT[TG]_GATGC,4
17,88753156,88753173,TGTT[TG]_ATGCA,4
17,48533775,48533793,TGTT[TG]_[CA]AACA,4
17,33254837,33254853,TGTT[TG]_ATGCA,3
17,46283175,46283196,TGTT[TG]_[CA]AACA,7
17,50581726,50581747,TGTT[TG]_[CA]AACA,7
17,88057846,88057864,TGTT[TG]_[CA]AACA,4
17,31058966,31058986,GCAT[TC]_AAACA,8
17,31058965,31058986,[TC]GCAT_AAACA,8
17,35186285,35186306,TGTT[TG]_[CA]AACA,7
17,57167072,57167091,TGTT[TG]_[CA]AACA,5
17,5249350,5249368,TGTT[TG]_[CA]AACA,4
17,16739921,16739939,TGTT[TG]_[CA]AACA,4
17,42092837,42092858,TGTTT_AATGC,9
17,51880225,51880240,TGTT[TG]_GATGC,3
17,74429140,74429158,TGTT[TG]_[CA]AACA,4
17,74429137,74429158,TGTT[TG]_[CA]AACA,7
17,69025311,69025329,TGTT[TG]_[CA]AACA,4
17,69025307,69025329,TGTT[TG]_[CA]AACA,8
17,58090282,58090300,TGTT[TG]_[CA]AACA,4
17,58090140,58090161,TGTT[TG]_[CA]AACA,7
17,58090468,58090489,TGTT[TG]_[CA]AACA,7
17,58090278,58090300,TGTT[TG]_[CA]AACA,8
17,43699529,43699547,TGTT[TG]_[CA]AACA,4
17,43699529,43699550,TGTT[TG]_[CA]AACA,7
17,27908247,27908265,TGTT[TG]_[CA]AACA,4
17,56627559,56627574,TGTT[TG]_[CA]AACA,1
17,56627559,56627577,TGTT[TG]_[CA]AACA,4
17,12783249,12783271,TGTT[TG]_ATGCA,9
17,52062573,52062594,TGTT[TG]_[CA]AACA,7
17,84423295,84423315,TGTT[TG]_[CA]AACA,6
17,14527668,14527686,TGTT[TG]_[CA]AACA,4
17,21384404,21384423,TGTT[TG]_ATGCA,6
17,29973466,29973482,TGTT[TG]_GATGC,4
17,84163165,84163183,TGTT[TG]_[CA]AACA,4
17,12770047,12770063,TGTT[TG]_GATGC,4
17,12770047,12770064,TGTT[TG]_ATGCA,4
17,84330797,84330813,TGTT[TG]_[CA]AACA,2
17,84313944,84313961,TGTTT_AATGC,5
17,83646783,83646804,TGTT[TG]_[CA]AACA,7
17,83646979,83646996,[TC]GCAT_AAACA,4
17,87119129,87119146,[TC]GCAT_AAACA,4
17,50141967,50141982,TGTT[TG]_[CA]AACA,1
17,50141964,50141982,TGTT[TG]_[CA]AACA,4
17,48426010,48426027,TGTT[TG]_ATGCA,4
17,78418289,78418302,GCAT[TC]_AAACA,1
17,72968041,72968059,GCAT[TC]_AAACA,6
17,72968040,72968059,[TC]GCAT_AAACA,6
17,51805933,51805956,TGTT[TG]_[CA]AACA,9
17,29979681,29979698,[TC]GCAT_AAACA,4
17,4778597,4778615,TGTT[TG]_[CA]AACA,4
17,4778594,4778615,TGTT[TG]_[CA]AACA,7
17,29429117,29429138,TGTT[TG]_[CA]AACA,7
17,27134179,27134199,TGTT[TG]_[CA]AACA,6
17,27134184,27134199,[TC]GCAT_AAACA,2
17,31011758,31011775,TGTT[TG]_[CA]AACA,3
17,3679147,3679165,TGTT[TG]_[CA]AACA,4
17,3679170,3679187,[TC]GCAT_AAACA,4
17,55892406,55892427,TGTT[TG]_ATGCA,8
17,34171458,34171475,TGTT[TG]_[CA]AACA,3
17,74489301,74489321,TGTT[TG]_[CA]AACA,6
17,29394270,29394293,TGTT[TG]_[CA]AACA,9
17,6778468,6778485,TGTT[TG]_[CA]AACA,3
17,5802659,5802677,TGTTT_AATGC,6
17,25016070,25016083,TGTT[TG]_GATGC,1
17,25016231,25016251,TGTTT_AATGC,8
17,5813531,5813547,TGTT[TG]_GATGC,4
17,8372327,8372341,TGTTT_AATGC,2
17,50470237,50470259,TGTT[TG]_ATGCA,9
17,35354209,35354225,TGTT[TG]_[CA]AACA,2
17,35353571,35353592,TGTT[TG]_[CA]AACA,7
17,7927767,7927785,TGTT[TG]_[CA]AACA,4
17,66101789,66101807,TGTT[TG]_[CA]AACA,4
17,66102393,66102411,TGTT[TG]_[CA]AACA,4
17,88441505,88441523,TGTT[TG]_[CA]AACA,4
18,32020761,32020779,TGTT[TG]_[CA]AACA,4
18,11656695,11656712,TGTT[TG]_ATGCA,4
18,78239749,78239767,TGTT[TG]_[CA]AACA,4
18,88408589,88408607,TGTT[TG]_[CA]AACA,4
18,37800759,37800778,GCAT[TC]_AAACA,7
18,87380601,87380619,TGTT[TG]_[CA]AACA,4
18,87380598,87380619,TGTT[TG]_[CA]AACA,7
18,87380654,87380673,GCAT[TC]_AAACA,7
18,87380653,87380673,[TC]GCAT_AAACA,7
18,68624330,68624348,TGTT[TG]_[CA]AACA,4
18,68064043,68064058,TGTT[TG]_[CA]AACA,1
18,68064040,68064058,TGTT[TG]_[CA]AACA,4
18,71463584,71463602,TGTT[TG]_[CA]AACA,4
18,71463580,71463602,TGTT[TG]_[CA]AACA,8
18,71566498,71566516,TGTT[TG]_[CA]AACA,4
18,60787240,60787261,GCAT[TC]_AAACA,9
18,87293285,87293303,TGTT[TG]_[CA]AACA,4
18,75383586,75383604,TGTT[TG]_[CA]AACA,4
18,4312733,4312750,TGTT[TG]_ATGCA,4
18,4312733,4312749,TGTTT_AATGC,4
18,66519448,66519467,TGTT[TG]_[CA]AACA,5
18,58773693,58773709,GCAT[TC]_AAACA,4
18,58773692,58773709,[TC]GCAT_AAACA,4
18,19002976,19002994,TGTT[TG]_[CA]AACA,4
18,46630891,46630909,TGTT[TG]_[CA]AACA,4
18,67931981,67931999,TGTT[TG]_[CA]AACA,4
18,67931834,67931857,TGTT[TG]_[CA]AACA,9
18,84294338,84294356,TGTT[TG]_[CA]AACA,4
18,64501085,64501102,[TC]GCAT_AAACA,4
18,90310593,90310611,TGTT[TG]_[CA]AACA,4
18,77608847,77608865,TGTT[TG]_[CA]AACA,4
18,33825952,33825973,GCAT[TC]_AAACA,9
18,77121554,77121572,GCAT[TC]_AAACA,6
18,77121553,77121572,[TC]GCAT_AAACA,6
18,56726714,56726730,TGTT[TG]_[CA]AACA,2
18,56726576,56726593,TGTT[TG]_ATGCA,4
18,56726714,56726735,TGTTT_AATGC,9
18,62699151,62699167,TGTT[TG]_GATGC,4
18,68190072,68190090,[TC]GCAT_AAACA,5
18,80005224,80005243,GCAT[TC]_AAACA,7
18,19598088,19598106,TGTT[TG]_[CA]AACA,4
18,19598108,19598126,TGTT[TG]_[CA]AACA,4
18,80649728,80649744,TGTT[TG]_[CA]AACA,2
18,80649728,80649747,TGTT[TG]_[CA]AACA,5
18,80649723,80649744,TGTT[TG]_[CA]AACA,7
18,39426048,39426066,TGTT[TG]_[CA]AACA,4
18,34663209,34663225,TGTT[TG]_GATGC,4
18,34631179,34631198,TGTT[TG]_[CA]AACA,5
18,10700964,10700982,TGTT[TG]_[CA]AACA,4
18,60767480,60767496,TGTT[TG]_[CA]AACA,2
18,51247241,51247259,TGTT[TG]_[CA]AACA,4
18,42869137,42869155,TGTT[TG]_[CA]AACA,4
18,42869137,42869160,TGTT[TG]_[CA]AACA,9
18,48256632,48256650,TGTT[TG]_[CA]AACA,4
18,55548477,55548498,[TC]GCAT_AAACA,8
18,32810753,32810771,TGTT[TG]_[CA]AACA,4
18,37814500,37814518,TGTT[TG]_[CA]AACA,4
18,56469054,56469069,[TC]GCAT_AAACA,2
18,20958928,20958946,TGTT[TG]_[CA]AACA,4
18,77742888,77742904,TGTTT_AATGC,4
18,68686964,68686979,TGTT[TG]_[CA]AACA,1
18,68686961,68686979,TGTT[TG]_[CA]AACA,4
18,68686958,68686979,TGTT[TG]_[CA]AACA,7
18,84091571,84091588,TGTT[TG]_GATGC,5
18,66321530,66321548,TGTT[TG]_[CA]AACA,4
18,5688495,5688512,TGTT[TG]_[CA]AACA,3
18,62125546,62125565,TGTT[TG]_ATGCA,6
18,62125561,62125579,[TC]GCAT_AAACA,5
18,32945799,32945815,TGTT[TG]_ATGCA,3
18,32945799,32945814,TGTTT_AATGC,3
18,32945812,32945825,GCAT[TC]_AAACA,1
18,32945811,32945825,[TC]GCAT_AAACA,1
18,71658434,71658452,TGTT[TG]_[CA]AACA,4
18,71658430,71658452,TGTT[TG]_[CA]AACA,8
18,7911030,7911048,TGTT[TG]_[CA]AACA,4
18,44737303,44737318,TGTTT_AATGC,3
18,79258145,79258161,TGTT[TG]_GATGC,4
18,80718540,80718558,TGTT[TG]_[CA]AACA,4
18,84874083,84874104,TGTT[TG]_[CA]AACA,7
18,84874199,84874217,TGTTT_AATGC,6
18,35910536,35910553,TGTT[TG]_ATGCA,4
18,56455631,56455646,TGTT[TG]_ATGCA,2
18,56455631,56455645,TGTTT_AATGC,2
18,63260617,63260639,TGTT[TG]_[CA]AACA,8
18,9469491,9469506,GCAT[TC]_AAACA,3
18,60849304,60849321,TGTT[TG]_[CA]AACA,3
18,62204039,62204057,TGTT[TG]_[CA]AACA,4
18,53177381,53177401,TGTT[TG]_[CA]AACA,6
18,62164739,62164752,GCAT[TC]_AAACA,1
18,82765655,82765672,TGTT[TG]_[CA]AACA,3
18,49980065,49980080,TGTT[TG]_GATGC,3
18,81400530,81400549,TGTT[TG]_GATGC,7
18,80708248,80708270,TGTT[TG]_[CA]AACA,8
18,60952764,60952780,TGTTT_AATGC,4
18,32598061,32598083,TGTT[TG]_[CA]AACA,8
18,68969274,68969295,TGTT[TG]_[CA]AACA,7
18,46281085,46281100,TGTT[TG]_[CA]AACA,1
18,58784699,58784717,TGTT[TG]_[CA]AACA,4
18,49091133,49091148,TGTT[TG]_[CA]AACA,1
18,49091133,49091151,TGTT[TG]_[CA]AACA,4
18,37815253,37815269,TGTTT_AATGC,4
18,75419747,75419761,TGTT[TG]_GATGC,2
18,79905366,79905381,TGTT[TG]_[CA]AACA,1
18,79905363,79905381,TGTT[TG]_[CA]AACA,4
18,79905299,79905312,TGTT[TG]_GATGC,1
18,79905294,79905312,TGTT[TG]_GATGC,6
18,79905299,79905313,TGTT[TG]_ATGCA,1
18,79905294,79905313,TGTT[TG]_ATGCA,6
18,82504052,82504073,TGTT[TG]_[CA]AACA,7
18,31788865,31788883,TGTT[TG]_[CA]AACA,4
18,31788865,31788887,TGTT[TG]_[CA]AACA,8
18,68227659,68227676,TGTT[TG]_[CA]AACA,3
18,75353992,75354008,TGTT[TG]_[CA]AACA,2
18,75353988,75354008,[TC]GCAT_AAACA,7
18,4353120,4353140,GCAT[TC]_AAACA,8
18,82526568,82526583,TGTT[TG]_[CA]AACA,1
18,84951510,84951525,GCAT[TC]_AAACA,3
18,6764890,6764908,TGTT[TG]_[CA]AACA,4
18,35661452,35661473,TGTT[TG]_GATGC,9
18,35661452,35661474,TGTT[TG]_ATGCA,9
18,53745042,53745061,TGTT[TG]_[CA]AACA,5
18,39519719,39519733,TGTT[TG]_ATGCA,1
18,12973719,12973736,GCAT[TC]_AAACA,5
18,12973718,12973736,[TC]GCAT_AAACA,5
18,75367125,75367141,TGTT[TG]_[CA]AACA,2
18,75368132,75368150,TGTT[TG]_[CA]AACA,4
19,23208389,23208407,TGTT[TG]_[CA]AACA,4
19,26950766,26950784,TGTT[TG]_[CA]AACA,4
19,26950827,26950841,TGTT[TG]_GATGC,2
19,26950827,26950842,TGTT[TG]_ATGCA,2
19,47888136,47888154,TGTT[TG]_ATGCA,5
19,43631096,43631116,TGTT[TG]_[CA]AACA,6
19,34196737,34196752,TGTT[TG]_[CA]AACA,1
19,45626457,45626475,TGTT[TG]_[CA]AACA,4
19,45626453,45626475,TGTT[TG]_[CA]AACA,8
19,30154456,30154474,TGTT[TG]_[CA]AACA,4
19,44865617,44865635,TGTT[TG]_[CA]AACA,4
19,38872943,38872958,GCAT[TC]_AAACA,3
19,43687244,43687262,TGTT[TG]_[CA]AACA,4
19,32257701,32257718,TGTT[TG]_[CA]AACA,3
19,32257697,32257718,TGTT[TG]_[CA]AACA,7
19,24660991,24661009,TGTT[TG]_[CA]AACA,4
19,22975815,22975832,TGTT[TG]_[CA]AACA,3
19,22975841,22975863,TGTT[TG]_[CA]AACA,8
19,22975841,22975859,TGTT[TG]_ATGCA,5
19,16998232,16998250,TGTT[TG]_[CA]AACA,4
19,16998188,16998208,TGTT[TG]_[CA]AACA,6
19,38373110,38373128,TGTT[TG]_[CA]AACA,4
19,16776265,16776283,TGTT[TG]_[CA]AACA,4
19,41803637,41803652,GCAT[TC]_AAACA,3
19,41803636,41803652,[TC]GCAT_AAACA,3
19,45440248,45440266,TGTT[TG]_[CA]AACA,4
19,16150776,16150791,TGTT[TG]_[CA]AACA,1
19,16150773,16150791,TGTT[TG]_[CA]AACA,4
19,46382069,46382087,TGTT[TG]_[CA]AACA,4
19,57803016,57803033,[TC]GCAT_AAACA,4
19,59339782,59339800,TGTT[TG]_[CA]AACA,4
19,38352829,38352850,GCAT[TC]_AAACA,9
19,34551204,34551226,TGTT[TG]_ATGCA,9
19,34551204,34551225,TGTTT_AATGC,9
19,53460447,53460468,TGTT[TG]_[CA]AACA,7
19,53460454,53460468,GCAT[TC]_AAACA,2
19,53460454,53460472,GCAT[TC]_AAACA,6
19,10739745,10739761,TGTT[TG]_GATGC,4
19,44091476,44091493,TGTT[TG]_[CA]AACA,3
19,44091365,44091383,TGTT[TG]_[CA]AACA,4
19,44091361,44091383,TGTT[TG]_[CA]AACA,8
19,4048021,4048036,TGTT[TG]_GATGC,3
19,4048021,4048037,TGTT[TG]_ATGCA,3
19,56201223,56201244,[TC]GCAT_AAACA,8
19,37523614,37523637,TGTT[TG]_[CA]AACA,9
19,47580674,47580693,[TC]GCAT_AAACA,6
19,8786987,8787005,TGTT[TG]_[CA]AACA,4
19,18598793,18598815,TGTT[TG]_[CA]AACA,8
19,36350509,36350522,TGTT[TG]_GATGC,1
19,10751819,10751841,TGTT[TG]_[CA]AACA,8
19,46150892,46150910,TGTT[TG]_[CA]AACA,4
19,46150892,46150914,TGTT[TG]_[CA]AACA,8
19,47538893,47538911,TGTT[TG]_[CA]AACA,4
19,41529244,41529267,TGTT[TG]_[CA]AACA,9
19,47882766,47882787,GCAT[TC]_AAACA,9
19,57095778,57095795,TGTT[TG]_[CA]AACA,3
19,16231588,16231603,TGTT[TG]_[CA]AACA,1
19,16231588,16231606,TGTT[TG]_[CA]AACA,4
19,51178950,51178968,TGTT[TG]_[CA]AACA,4
19,33114405,33114420,TGTT[TG]_[CA]AACA,1
19,33114405,33114423,TGTT[TG]_[CA]AACA,4
19,34493005,34493023,TGTT[TG]_[CA]AACA,4
19,34493002,34493023,TGTT[TG]_[CA]AACA,7
19,21714600,21714620,TGTT[TG]_[CA]AACA,6
19,16510038,16510056,TGTT[TG]_[CA]AACA,4
19,8770931,8770947,TGTT[TG]_ATGCA,3
19,8770931,8770946,TGTTT_AATGC,3
19,8889016,8889037,GCAT[TC]_AAACA,9
19,52473059,52473075,GCAT[TC]_AAACA,4
19,52473058,52473075,[TC]GCAT_AAACA,4
19,52473054,52473075,[TC]GCAT_AAACA,8
19,44545017,44545035,TGTT[TG]_[CA]AACA,4
19,7557619,7557638,TGTT[TG]_[CA]AACA,5
19,36082963,36082981,TGTT[TG]_[CA]AACA,4
19,44566711,44566729,TGTT[TG]_[CA]AACA,4
19,3890405,3890423,TGTT[TG]_[CA]AACA,4
19,10777175,10777192,TGTT[TG]_ATGCA,4
19,22857255,22857273,TGTT[TG]_[CA]AACA,4
19,4052250,4052266,TGTTT_AATGC,4
19,36996197,36996214,TGTT[TG]_[CA]AACA,3
19,59325329,59325347,TGTT[TG]_[CA]AACA,4
19,29641462,29641482,TGTT[TG]_[CA]AACA,6
19,47795226,47795241,GCAT[TC]_AAACA,3
19,32937061,32937078,TGTT[TG]_[CA]AACA,3
19,5610116,5610133,TGTT[TG]_[CA]AACA,3
19,6126536,6126553,TGTT[TG]_[CA]AACA,3
19,6126652,6126674,TGTT[TG]_[CA]AACA,8
19,6126530,6126553,TGTT[TG]_[CA]AACA,9
19,28009940,28009956,GCAT[TC]_AAACA,4
19,28009939,28009956,[TC]GCAT_AAACA,4
19,53890817,53890837,TGTT[TG]_GATGC,8
19,53890817,53890838,TGTT[TG]_ATGCA,8
19,48576214,48576232,TGTT[TG]_[CA]AACA,4
19,57430271,57430290,TGTT[TG]_[CA]AACA,5
19,40589650,40589666,GCAT[TC]_AAACA,4
19,40589650,40589671,GCAT[TC]_AAACA,9
19,10556067,10556084,TGTT[TG]_[CA]AACA,3
19,53922403,53922421,TGTT[TG]_[CA]AACA,4
19,53922403,53922424,TGTT[TG]_[CA]AACA,7
19,53800723,53800745,TGTT[TG]_[CA]AACA,8
19,10732040,10732055,TGTT[TG]_GATGC,3
19,59315276,59315294,TGTT[TG]_[CA]AACA,4
19,5877852,5877870,TGTT[TG]_[CA]AACA,4
19,53713070,53713088,TGTT[TG]_[CA]AACA,4
19,40257331,40257354,TGTT[TG]_[CA]AACA,9
19,24961912,24961934,TGTT[TG]_[CA]AACA,8
19,53198971,53198986,TGTT[TG]_[CA]AACA,1
19,12796793,12796815,TGTT[TG]_[CA]AACA,8
19,40679097,40679118,TGTT[TG]_[CA]AACA,7
19,29271557,29271578,TGTT[TG]_GATGC,9
19,32123216,32123231,TGTT[TG]_[CA]AACA,1
19,32123213,32123231,TGTT[TG]_[CA]AACA,4
19,27430237,27430260,TGTT[TG]_[CA]AACA,9
19,55741740,55741754,TGTT[TG]_ATGCA,1
19,30043769,30043785,TGTT[TG]_[CA]AACA,2
19,4145129,4145147,TGTT[TG]_[CA]AACA,4
19,4145129,4145150,TGTT[TG]_[CA]AACA,7
19,34511181,34511196,TGTT[TG]_[CA]AACA,1
19,34511243,34511264,[TC]GCAT_AAACA,8
19,5388514,5388535,TGTT[TG]_GATGC,9
19,43530325,43530344,TGTT[TG]_GATGC,7
19,18811641,18811659,TGTT[TG]_[CA]AACA,4
19,18811824,18811844,TGTT[TG]_[CA]AACA,6
19,18811921,18811937,GCAT[TC]_AAACA,4
19,6418761,6418775,TGTT[TG]_GATGC,2
19,18618975,18618991,[TC]GCAT_AAACA,3
19,41911495,41911516,TGTT[TG]_[CA]AACA,7
19,29418610,29418629,TGTT[TG]_[CA]AACA,5
19,34168186,34168208,TGTT[TG]_[CA]AACA,8
19,31210793,31210810,TGTT[TG]_[CA]AACA,3
19,8741806,8741821,TGTT[TG]_[CA]AACA,1
19,59925914,59925931,[TC]GCAT_AAACA,4
19,59925918,59925936,[TC]GCAT_AAACA,5
19,59925914,59925936,[TC]GCAT_AAACA,9
19,46620092,46620108,GCAT[TC]_AAACA,4
19,46620091,46620108,[TC]GCAT_AAACA,4
19,32197252,32197268,TGTT[TG]_GATGC,4
19,26605370,26605392,[TC]GCAT_AAACA,9
19,11533972,11533988,TGTT[TG]_[CA]AACA,2
19,11361812,11361832,TGTT[TG]_[CA]AACA,6
19,8898703,8898721,TGTT[TG]_[CA]AACA,4
19,29210412,29210428,[TC]GCAT_AAACA,3
19,45783832,45783850,TGTTT_AATGC,6
19,57072939,57072959,TGTT[TG]_[CA]AACA,6
19,11505575,11505589,GCAT[TC]_AAACA,2
19,11505574,11505589,[TC]GCAT_AAACA,2
19,36834986,36835004,TGTT[TG]_[CA]AACA,4
19,36834981,36835004,TGTT[TG]_[CA]AACA,9
19,30030483,30030502,GCAT[TC]_AAACA,7
19,30030482,30030502,[TC]GCAT_AAACA,7
19,53600946,53600967,TGTTT_AATGC,9
19,47730779,47730794,TGTT[TG]_[CA]AACA,1
19,37376786,37376804,TGTT[TG]_[CA]AACA,4
19,41264375,41264395,TGTT[TG]_ATGCA,7
19,60756833,60756851,TGTT[TG]_[CA]AACA,4
X,135566398,135566416,TGTT[TG]_[CA]AACA,4
X,90998279,90998297,TGTT[TG]_[CA]AACA,4
X,52757421,52757441,TGTT[TG]_ATGCA,7
X,159769039,159769061,TGTT[TG]_[CA]AACA,8
X,136646009,136646026,TGTT[TG]_[CA]AACA,3
X,40616535,40616553,TGTT[TG]_[CA]AACA,4
X,59199709,59199727,TGTT[TG]_[CA]AACA,4
X,159607153,159607166,TGTTT_AATGC,1
X,159607149,159607166,TGTTT_AATGC,5
X,159607145,159607166,TGTTT_AATGC,9
X,159047813,159047831,TGTT[TG]_[CA]AACA,4
X,59584528,59584546,TGTT[TG]_[CA]AACA,4
X,80735361,80735379,TGTT[TG]_[CA]AACA,4
X,57054549,57054566,TGTT[TG]_ATGCA,4
X,57054549,57054565,TGTTT_AATGC,4
X,47985475,47985495,TGTT[TG]_[CA]AACA,6
X,159254484,159254500,TGTT[TG]_GATGC,4
X,159254484,159254501,TGTT[TG]_ATGCA,4
X,10848812,10848830,TGTT[TG]_[CA]AACA,4
X,15008532,15008546,TGTT[TG]_GATGC,2
X,134804625,134804640,[TC]GCAT_AAACA,2
X,152249384,152249402,TGTT[TG]_[CA]AACA,4
X,106921236,106921251,TGTT[TG]_[CA]AACA,1
X,106921233,106921251,TGTT[TG]_[CA]AACA,4
X,72129696,72129710,GCAT[TC]_AAACA,2
X,78665303,78665322,GCAT[TC]_AAACA,7
X,126590747,126590760,GCAT[TC]_AAACA,1
X,95029995,95030013,TGTT[TG]_[CA]AACA,4
X,107417691,107417706,TGTT[TG]_[CA]AACA,1
X,107417686,107417706,TGTT[TG]_[CA]AACA,6
X,78041853,78041871,TGTT[TG]_[CA]AACA,4
X,142378159,142378174,TGTT[TG]_[CA]AACA,1
X,142378159,142378180,TGTT[TG]_[CA]AACA,7
X,103592745,103592763,TGTT[TG]_[CA]AACA,4
X,155211142,155211160,TGTT[TG]_[CA]AACA,4
X,155211137,155211160,TGTT[TG]_[CA]AACA,9
X,74282701,74282716,TGTT[TG]_[CA]AACA,1
X,105801709,105801727,TGTT[TG]_[CA]AACA,4
X,39744059,39744081,TGTT[TG]_[CA]AACA,8
X,107042556,107042572,TGTT[TG]_GATGC,4
X,107042556,107042573,TGTT[TG]_ATGCA,4
X,75514715,75514737,TGTT[TG]_[CA]AACA,8
X,53033540,53033558,TGTT[TG]_[CA]AACA,4
X,140950888,140950906,TGTT[TG]_[CA]AACA,4
X,140950884,140950906,TGTT[TG]_[CA]AACA,8
X,51013045,51013062,TGTT[TG]_[CA]AACA,3
X,51013045,51013065,TGTT[TG]_[CA]AACA,6
X,104946820,104946838,TGTT[TG]_[CA]AACA,4
X,104946824,104946845,TGTT[TG]_[CA]AACA,7
X,104946820,104946842,TGTT[TG]_[CA]AACA,8
X,136616175,136616192,TGTT[TG]_[CA]AACA,3
X,136615929,136615942,GCAT[TC]_AAACA,1
X,136615928,136615942,[TC]GCAT_AAACA,1
X,57260942,57260959,TGTT[TG]_[CA]AACA,3
X,104481809,104481827,TGTT[TG]_[CA]AACA,4
X,105079605,105079623,TGTT[TG]_[CA]AACA,4
X,79966834,79966848,GCAT[TC]_AAACA,2
X,118401984,118402002,TGTT[TG]_[CA]AACA,4
X,107421340,107421361,TGTT[TG]_GATGC,9
X,107421340,107421362,TGTT[TG]_ATGCA,9
X,109095336,109095351,TGTT[TG]_[CA]AACA,1
X,109095661,109095676,TGTT[TG]_[CA]AACA,1
X,47992926,47992947,TGTT[TG]_[CA]AACA,7
X,105070440,105070455,TGTT[TG]_[CA]AACA,1
X,105070440,105070458,TGTT[TG]_[CA]AACA,4
X,105070329,105070344,[TC]GCAT_AAACA,2
X,167201442,167201463,TGTT[TG]_[CA]AACA,7
X,144526172,144526189,TGTT[TG]_[CA]AACA,3
X,66516600,66516618,TGTT[TG]_[CA]AACA,4
X,167799694,167799712,TGTT[TG]_[CA]AACA,4
X,48098977,48099000,TGTT[TG]_[CA]AACA,9
X,123103110,123103131,TGTT[TG]_[CA]AACA,7
X,48284454,48284472,TGTT[TG]_[CA]AACA,4
X,99471162,99471177,TGTT[TG]_[CA]AACA,1
X,99470939,99470959,GCAT[TC]_AAACA,8
X,99470938,99470959,[TC]GCAT_AAACA,8
X,56405884,56405905,TGTT[TG]_ATGCA,8
X,159708202,159708220,TGTT[TG]_[CA]AACA,4
X,74429343,74429360,TGTT[TG]_GATGC,5
X,10216249,10216270,TGTT[TG]_GATGC,9
X,56455518,56455533,GCAT[TC]_AAACA,3
X,56455517,56455533,[TC]GCAT_AAACA,3
X,167140056,167140078,TGTT[TG]_[CA]AACA,8
X,7841191,7841208,TGTT[TG]_[CA]AACA,3
