chr,TnG_start,TnG_end,strand
chr1,4768477,4768517,+
chr1,6169344,6169363,+
chr1,6417733,6417755,+
chr1,6417776,6417798,+
chr1,6418005,6418019,+
chr1,7088362,7088400,+
chr1,7088744,7088760,+
chr1,7390153,7390186,+
chr1,7390205,7390298,+
chr1,7396998,7397021,+
chr1,7397112,7397172,+
chr1,7397300,7397329,+
chr1,7397353,7397370,+
chr1,7397491,7397600,+
chr1,9402970,9402998,+
chr1,9403119,9403150,+
chr1,9403156,9403182,+
chr1,9798859,9798901,+
chr1,10038294,10038308,+
chr1,10146958,10146977,+
chr1,10191728,10191768,+
chr1,10257827,10257860,+
chr1,10257865,10257887,+
chr1,11022190,11022206,+
chr1,11022409,11022433,+
chr1,12875433,12875455,+
chr1,13311822,13311844,+
chr1,13311880,13311902,+
chr1,13311913,13311935,+
chr1,13383779,13383801,+
chr1,15985204,15985223,+
chr1,16029356,16029385,+
chr1,16029482,16029504,+
chr1,16613656,16613697,+
chr1,16613858,16613877,+
chr1,16688353,16688385,+
chr1,20825336,20825358,+
chr1,20933576,20933590,+
chr1,21309182,21309204,+
chr1,21333479,21333501,+
chr1,21333507,21333526,+
chr1,21333953,21333996,+
chr1,21334125,21334154,+
chr1,21963616,21963632,+
chr1,22081233,22081255,+
chr1,22081307,22081328,+
chr1,22427638,22427666,+
chr1,22653503,22653518,+
chr1,23915756,23915778,+
chr1,23916081,23916107,+
chr1,24678241,24678272,+
chr1,24838093,24838108,+
chr1,26965800,26965825,+
chr1,30920778,30920829,+
chr1,30920889,30920924,+
chr1,30921013,30921035,+
chr1,30921479,30921501,+
chr1,31262852,31262874,+
chr1,33453753,33453769,+
chr1,33453836,33453855,+
chr1,33684703,33684722,+
chr1,33684724,33684780,+
chr1,33883646,33883677,+
chr1,34006614,34006630,+
chr1,34029096,34029113,+
chr1,34434203,34434254,+
chr1,34434285,34434322,+
chr1,34434792,34434806,+
chr1,34462777,34462799,+
chr1,34545974,34545989,+
chr1,35653346,35653368,+
chr1,36068059,36068081,+
chr1,36264369,36264401,+
chr1,36266991,36267013,+
chr1,36511515,36511547,+
chr1,36884016,36884041,+
chr1,36922259,36922288,+
chr1,36922404,36922436,+
chr1,37002410,37002436,+
chr1,37028963,37028987,+
chr1,37030768,37030807,+
chr1,37232824,37232846,+
chr1,37233022,37233044,+
chr1,37233124,37233146,+
chr1,37299474,37299509,+
chr1,37496738,37496774,+
chr1,37530188,37530218,+
chr1,37872524,37872538,+
chr1,38130354,38130397,+
chr1,38130414,38130444,+
chr1,38723674,38723702,+
chr1,38898297,38898327,+
chr1,38898330,38898345,+
chr1,38898349,38898365,+
chr1,39234840,39234860,+
chr1,39281434,39281462,+
chr1,39577697,39577744,+
chr1,39983451,39983467,+
chr1,39983572,39983586,+
chr1,40056092,40056106,+
chr1,40382990,40383037,+
chr1,40399586,40399600,+
chr1,40473940,40473955,+
chr1,40618463,40618485,+
chr1,42300357,42300379,+
chr1,42640030,42640084,+
chr1,43457114,43457133,+
chr1,43472573,43472592,+
chr1,43520338,43520360,+
chr1,43535084,43535106,+
chr1,43562382,43562398,+
chr1,43826893,43826935,+
chr1,43939432,43939447,+
chr1,43939517,43939533,+
chr1,44808812,44808846,+
chr1,44808868,44808890,+
chr1,46939351,46939380,+
chr1,46939537,46939597,+
chr1,48497366,48497381,+
chr1,48591161,48591175,+
chr1,48591312,48591344,+
chr1,48817389,48817403,+
chr1,48817472,48817497,+
chr1,48825599,48825618,+
chr1,48825628,48825650,+
chr1,51361394,51361416,+
chr1,51478075,51478103,+
chr1,51478122,51478172,+
chr1,51584544,51584606,+
chr1,51585601,51585616,+
chr1,51593768,51593813,+
chr1,51594012,51594035,+
chr1,52011017,52011044,+
chr1,52011546,52011568,+
chr1,52022431,52022459,+
chr1,52040612,52040631,+
chr1,52052778,52052797,+
chr1,52245336,52245352,+
chr1,52363840,52363862,+
chr1,52388557,52388576,+
chr1,52391996,52392016,+
chr1,52483067,52483095,+
chr1,52653569,52653588,+
chr1,52751714,52751814,+
chr1,52799764,52799778,+
chr1,53610135,53610154,+
chr1,53774011,53774033,+
chr1,53774095,53774117,+
chr1,53797351,53797367,+
chr1,53798004,53798018,+
chr1,53824887,53824903,+
chr1,53845628,53845647,+
chr1,53851275,53851340,+
chr1,53852437,53852455,+
chr1,53875845,53875864,+
chr1,53875930,53876016,+
chr1,54408438,54408455,+
chr1,54421669,54421685,+
chr1,54438773,54438792,+
chr1,54492519,54492535,+
chr1,54578590,54578604,+
chr1,54578690,54578714,+
chr1,54578763,54578778,+
chr1,54578896,54578915,+
chr1,54585396,54585410,+
chr1,54748117,54748139,+
chr1,54748162,54748184,+
chr1,54842119,54842141,+
chr1,54842217,54842239,+
chr1,54871257,54871276,+
chr1,54871483,54871505,+
chr1,54883064,54883093,+
chr1,54896618,54896637,+
chr1,54896971,54896993,+
chr1,54914728,54914750,+
chr1,54924155,54924171,+
chr1,54924366,54924380,+
chr1,55236964,55236983,+
chr1,55423842,55423995,+
chr1,55446911,55446990,+
chr1,56236751,56236767,+
chr1,56236925,56236958,+
chr1,58301399,58301413,+
chr1,58423298,58423320,+
chr1,58423558,58423592,+
chr1,58669894,58669910,+
chr1,58721239,58721260,+
chr1,58802386,58802400,+
chr1,58807125,58807141,+
chr1,58860845,58860861,+
chr1,58956585,58956605,+
chr1,58965419,58965473,+
chr1,58975297,58975323,+
chr1,59602796,59602818,+
chr1,59684744,59684758,+
chr1,59684818,59684841,+
chr1,59923405,59923419,+
chr1,60016265,60016284,+
chr1,60016359,60016378,+
chr1,60016415,60016446,+
chr1,60042763,60042781,+
chr1,60087874,60087888,+
chr1,60097833,60097847,+
chr1,60180201,60180215,+
chr1,60539232,60539246,+
chr1,60627687,60627713,+
chr1,60652594,60652630,+
chr1,60713708,60713727,+
chr1,60713749,60713772,+
chr1,60746224,60746258,+
chr1,60755834,60755853,+
chr1,60758463,60758485,+
chr1,60758594,60758613,+
chr1,60761482,60761497,+
chr1,60781761,60781792,+
chr1,60781817,60781832,+
chr1,60805764,60805783,+
chr1,60883218,60883247,+
chr1,60887071,60887093,+
chr1,60908978,60909000,+
chr1,60911589,60911663,+
chr1,61030802,61030825,+
chr1,61030852,61030870,+
chr1,61046115,61046174,+
chr1,61068177,61068196,+
chr1,61107718,61107740,+
chr1,61135667,61135681,+
chr1,61435039,61435058,+
chr1,61435182,61435210,+
chr1,62638858,62638877,+
chr1,62786318,62786332,+
chr1,63423475,63423489,+
chr1,64088152,64088191,+
chr1,64088229,64088249,+
chr1,64088274,64088296,+
chr1,64108758,64108787,+
chr1,64121137,64121167,+
chr1,64266279,64266293,+
chr1,64266367,64266381,+
chr1,64266548,64266563,+
chr1,64531862,64531881,+
chr1,64531985,64532004,+
chr1,64709767,64709826,+
chr1,65010442,65010524,+
chr1,66700672,66700694,+
chr1,66816825,66816847,+
chr1,66817023,66817042,+
chr1,66838476,66838511,+
chr1,66838555,66838596,+
chr1,68601081,68601100,+
chr1,68601187,68601206,+
chr1,68601400,68601419,+
chr1,69119705,69119720,+
chr1,69537902,69537916,+
chr1,69537991,69538005,+
chr1,69544229,69544251,+
chr1,69555995,69556009,+
chr1,69608872,69608886,+
chr1,69609068,69609104,+
chr1,69644877,69644898,+
chr1,69657772,69657800,+
chr1,69681323,69681367,+
chr1,69759816,69759843,+
chr1,69764739,69764774,+
chr1,69769133,69769181,+
chr1,70414133,70414148,+
chr1,73929105,73929121,+
chr1,74196042,74196066,+
chr1,74239191,74239221,+
chr1,74397254,74397286,+
chr1,74808099,74808118,+
chr1,75125344,75125358,+
chr1,75236342,75236356,+
chr1,77831618,77831637,+
chr1,77831873,77831887,+
chr1,77832057,77832093,+
chr1,77855443,77855462,+
chr1,78017181,78017225,+
chr1,78436252,78436271,+
chr1,78436374,78436402,+
chr1,78436406,78436448,+
chr1,78538502,78538529,+
chr1,79464377,79464415,+
chr1,79752458,79752497,+
chr1,79752614,79752630,+
chr1,79761877,79761924,+
chr1,80381421,80381447,+
chr1,80409815,80409831,+
chr1,80441129,80441148,+
chr1,80644144,80644158,+
chr1,80670584,80670600,+
chr1,80670710,80670732,+
chr1,80730762,80730776,+
chr1,80765631,80765656,+
chr1,80874474,80874488,+
chr1,80874522,80874554,+
chr1,81212463,81212505,+
chr1,82283078,82283114,+
chr1,82764411,82764425,+
chr1,82832736,82832770,+
chr1,82833762,82833778,+
chr1,82833948,82833987,+
chr1,82974082,82974098,+
chr1,83076870,83076884,+
chr1,83076931,83076946,+
chr1,84839741,84839776,+
chr1,85686564,85686579,+
chr1,85761690,85761706,+
chr1,86000563,86000583,+
chr1,86004428,86004443,+
chr1,86004465,86004487,+
chr1,86441758,86441778,+
chr1,86441840,86441866,+
chr1,87291695,87291711,+
chr1,87632736,87632767,+
chr1,87632888,87632910,+
chr1,87755757,87755773,+
chr1,87847519,87847581,+
chr1,88497547,88497561,+
chr1,88587843,88587865,+
chr1,88655193,88655228,+
chr1,88705383,88705426,+
chr1,88709148,88709174,+
chr1,88709199,88709230,+
chr1,90695486,90695505,+
chr1,91250066,91250085,+
chr1,91963802,91963826,+
chr1,92058736,92058756,+
chr1,92069477,92069499,+
chr1,92080245,92080279,+
chr1,92774205,92774219,+
chr1,92895169,92895197,+
chr1,93289711,93289730,+
chr1,93668999,93669015,+
chr1,94034808,94034840,+
chr1,95268070,95268086,+
chr1,95572956,95572972,+
chr1,95655521,95655546,+
chr1,95655898,95655912,+
chr1,95656100,95656114,+
chr1,95657332,95657347,+
chr1,95666635,95666676,+
chr1,95667777,95667803,+
chr1,95744465,95744484,+
chr1,95744670,95744694,+
chr1,96195424,96195438,+
chr1,97580346,97580361,+
chr1,97660618,97660650,+
chr1,97918461,97918476,+
chr1,98093034,98093054,+
chr1,98285573,98285592,+
chr1,98985981,98985995,+
chr1,102005453,102005485,+
chr1,103899376,103899396,+
chr1,103899739,103899761,+
chr1,103899838,103899852,+
chr1,105663419,105663441,+
chr1,105663599,105663627,+
chr1,106204174,106204188,+
chr1,106321661,106321693,+
chr1,106561033,106561075,+
chr1,106581738,106581760,+
chr1,106601069,106601097,+
chr1,106602669,106602689,+
chr1,106612594,106612616,+
chr1,106617198,106617214,+
chr1,106617422,106617445,+
chr1,106647460,106647497,+
chr1,106688432,106688446,+
chr1,106796065,106796113,+
chr1,106866851,106866870,+
chr1,115597121,115597140,+
chr1,117957305,117957332,+
chr1,117957398,117957413,+
chr1,118311653,118311675,+
chr1,119836954,119836968,+
chr1,119912939,119912961,+
chr1,120100454,120100495,+
chr1,120100580,120100599,+
chr1,121328223,121328243,+
chr1,121568106,121568128,+
chr1,125399210,125399232,+
chr1,125466646,125466668,+
chr1,125466676,125466690,+
chr1,125467916,125467953,+
chr1,127213483,127213499,+
chr1,127213513,127213608,+
chr1,127215137,127215162,+
chr1,127233574,127233588,+
chr1,127773692,127773718,+
chr1,127773791,127773813,+
chr1,127774033,127774052,+
chr1,127869368,127869384,+
chr1,128077383,128077434,+
chr1,128399214,128399233,+
chr1,128399318,128399349,+
chr1,128592038,128592054,+
chr1,128766661,128766677,+
chr1,128767178,128767197,+
chr1,128787665,128787684,+
chr1,128790905,128790943,+
chr1,128790971,128790986,+
chr1,128832498,128832531,+
chr1,128832652,128832701,+
chr1,130475314,130475341,+
chr1,130475470,130475519,+
chr1,130549496,130549511,+
chr1,130549631,130549676,+
chr1,130877178,130877204,+
chr1,131076063,131076079,+
chr1,131076090,131076104,+
chr1,131080705,131080721,+
chr1,131138861,131138898,+
chr1,131154620,131154636,+
chr1,131154652,131154681,+
chr1,131379857,131379904,+
chr1,131489145,131489173,+
chr1,131658118,131658151,+
chr1,131821094,131821130,+
chr1,131821293,131821312,+
chr1,132038968,132039000,+
chr1,132237867,132237883,+
chr1,132341690,132341736,+
chr1,132477329,132477345,+
chr1,132968921,132968940,+
chr1,133029676,133029711,+
chr1,133029811,133029846,+
chr1,133029988,133030007,+
chr1,133545225,133545249,+
chr1,133545270,133545301,+
chr1,133689760,133689792,+
chr1,133772257,133772279,+
chr1,133894220,133894240,+
chr1,134048726,134048819,+
chr1,134059044,134059068,+
chr1,134065658,134065683,+
chr1,134093510,134093532,+
chr1,134361625,134361644,+
chr1,134473228,134473250,+
chr1,134518686,134518713,+
chr1,134962915,134962935,+
chr1,135259370,135259384,+
chr1,135259525,135259547,+
chr1,136135285,136135301,+
chr1,136254604,136254626,+
chr1,136608914,136608957,+
chr1,136618594,136618626,+
chr1,136624203,136624217,+
chr1,136637097,136637113,+
chr1,136685655,136685671,+
chr1,136699066,136699085,+
chr1,137075115,137075134,+
chr1,138125461,138125483,+
chr1,138136159,138136185,+
chr1,138145285,138145300,+
chr1,138148958,138148974,+
chr1,138157121,138157137,+
chr1,138166329,138166353,+
chr1,138166402,138166416,+
chr1,138174747,138174766,+
chr1,138174975,138174994,+
chr1,138175171,138175202,+
chr1,138175359,138175373,+
chr1,138175527,138175541,+
chr1,138275906,138275920,+
chr1,138303215,138303231,+
chr1,138304168,138304194,+
chr1,138328276,138328298,+
chr1,138517422,138517442,+
chr1,138560049,138560072,+
chr1,138585689,138585717,+
chr1,138629187,138629208,+
chr1,138683892,138683911,+
chr1,138976157,138976171,+
chr1,139421824,139421846,+
chr1,143451812,143451834,+
chr1,144004614,144004639,+
chr1,144006863,144006885,+
chr1,144249274,144249293,+
chr1,144272803,144272896,+
chr1,144273293,144273324,+
chr1,144273425,144273442,+
chr1,144306641,144306657,+
chr1,144306737,144306759,+
chr1,144330394,144330408,+
chr1,144337750,144337766,+
chr1,144499841,144499863,+
chr1,144500039,144500058,+
chr1,146365625,146365639,+
chr1,146595773,146595795,+
chr1,147489444,147489478,+
chr1,147489513,147489535,+
chr1,147489540,147489572,+
chr1,147489583,147489605,+
chr1,147489629,147489653,+
chr1,147928976,147928997,+
chr1,147929105,147929119,+
chr1,150465604,150465626,+
chr1,151287654,151287676,+
chr1,151395084,151395104,+
chr1,151395249,151395320,+
chr1,152008323,152008375,+
chr1,152008387,152008407,+
chr1,152008421,152008441,+
chr1,152008821,152008843,+
chr1,152010257,152010271,+
chr1,152019121,152019141,+
chr1,152019232,152019248,+
chr1,152037486,152037508,+
chr1,152288102,152288121,+
chr1,152585488,152585508,+
chr1,152585708,152585736,+
chr1,153288029,153288078,+
chr1,153294094,153294113,+
chr1,153304044,153304095,+
chr1,153304182,153304196,+
chr1,153320281,153320303,+
chr1,153347108,153347163,+
chr1,153614400,153614444,+
chr1,153691555,153691571,+
chr1,153730180,153730204,+
chr1,153730262,153730282,+
chr1,153730362,153730382,+
chr1,153742387,153742430,+
chr1,153846856,153846872,+
chr1,154786436,154786452,+
chr1,154900651,154900666,+
chr1,155006486,155006508,+
chr1,155059897,155059916,+
chr1,155072493,155072512,+
chr1,155322232,155322254,+
chr1,155914633,155914647,+
chr1,155914657,155914702,+
chr1,155914899,155914921,+
chr1,155973738,155973754,+
chr1,156041007,156041034,+
chr1,156522491,156522520,+
chr1,156674798,156674817,+
chr1,156809777,156809799,+
chr1,156905652,156905672,+
chr1,156905841,156905875,+
chr1,156938625,156938665,+
chr1,156938903,156938919,+
chr1,156986270,156986314,+
chr1,156986475,156986489,+
chr1,156986663,156986707,+
chr1,157039300,157039317,+
chr1,157110160,157110182,+
chr1,157259927,157259946,+
chr1,157553291,157553313,+
chr1,157599561,157599604,+
chr1,157990561,157990580,+
chr1,157990614,157990630,+
chr1,159928796,159928810,+
chr1,160007101,160007117,+
chr1,160047017,160047045,+
chr1,160290556,160290582,+
chr1,160300185,160300212,+
chr1,160300269,160300291,+
chr1,160306914,160306928,+
chr1,160397412,160397438,+
chr1,160397485,160397499,+
chr1,160786574,160786590,+
chr1,160786843,160786867,+
chr1,160842388,160842402,+
chr1,160842478,160842531,+
chr1,160907252,160907280,+
chr1,160926457,160926482,+
chr1,161070579,161070598,+
chr1,161070606,161070640,+
chr1,161071551,161071573,+
chr1,161250035,161250057,+
chr1,161250121,161250135,+
chr1,161309652,161309666,+
chr1,161670660,161670680,+
chr1,161670682,161670709,+
chr1,161670720,161670736,+
chr1,161670967,161670986,+
chr1,161671326,161671340,+
chr1,161704721,161704748,+
chr1,161734720,161734742,+
chr1,161750870,161750884,+
chr1,161751303,161751325,+
chr1,161761626,161761640,+
chr1,161767059,161767084,+
chr1,161767086,161767110,+
chr1,161767124,161767143,+
chr1,161779388,161779402,+
chr1,161830494,161830510,+
chr1,161830570,161830592,+
chr1,161869391,161869406,+
chr1,161876138,161876164,+
chr1,161908043,161908062,+
chr1,162000019,162000070,+
chr1,162207144,162207166,+
chr1,162207271,162207312,+
chr1,162295683,162295705,+
chr1,162549916,162549990,+
chr1,162550147,162550209,+
chr1,162571351,162571365,+
chr1,162728333,162728349,+
chr1,162728392,162728407,+
chr1,163994515,163994538,+
chr1,164062047,164062066,+
chr1,164062295,164062351,+
chr1,164069246,164069306,+
chr1,164109703,164109729,+
chr1,164131382,164131396,+
chr1,164453825,164453847,+
chr1,164454044,164454069,+
chr1,164503666,164503685,+
chr1,164504551,164504601,+
chr1,164504606,164504633,+
chr1,164881894,164881924,+
chr1,164882231,164882246,+
chr1,164960340,164960359,+
chr1,164960576,164960590,+
chr1,165174447,165174466,+
chr1,165193424,165193461,+
chr1,165193631,165193650,+
chr1,165193726,165193757,+
chr1,165236354,165236373,+
chr1,165252276,165252331,+
chr1,165252350,165252372,+
chr1,165460847,165460867,+
chr1,165780594,165780642,+
chr1,165808413,165808458,+
chr1,165810760,165810807,+
chr1,165986479,165986493,+
chr1,166001115,166001143,+
chr1,166010248,166010262,+
chr1,166016548,166016570,+
chr1,166044004,166044035,+
chr1,166048146,166048178,+
chr1,167245622,167245648,+
chr1,170861944,170861958,+
chr1,170868657,170868673,+
chr1,170885624,170885646,+
chr1,171502921,171502940,+
chr1,171502983,171503002,+
chr1,171503294,171503336,+
chr1,171681965,171681993,+
chr1,171771454,171771503,+
chr1,171845060,171845092,+
chr1,171845118,171845140,+
chr1,171917456,171917475,+
chr1,171963954,171963970,+
chr1,171975929,171975948,+
chr1,171975968,171975982,+
chr1,171976175,171976209,+
chr1,171976223,171976237,+
chr1,171983687,171983734,+
chr1,171983926,171983957,+
chr1,172126599,172126643,+
chr1,172147665,172147681,+
chr1,172147758,172147798,+
chr1,172311692,172311714,+
chr1,172619526,172619579,+
chr1,173339881,173339900,+
chr1,173491391,173491405,+
chr1,173491542,173491565,+
chr1,173535861,173535877,+
chr1,173548931,173548950,+
chr1,173548984,173549006,+
chr1,173549052,173549071,+
chr1,173599134,173599154,+
chr1,173599377,173599403,+
chr1,173599529,173599551,+
chr1,173630678,173630702,+
chr1,173630837,173630856,+
chr1,173634265,173634284,+
chr1,173657352,173657387,+
chr1,173678672,173678691,+
chr1,173678926,173678959,+
chr1,173880275,173880291,+
chr1,173880293,173880309,+
chr1,173942579,173942599,+
chr1,175693171,175693190,+
chr1,176945814,176945830,+
chr1,177338243,177338265,+
chr1,177718183,177718217,+
chr1,177795748,177795784,+
chr1,177983042,177983070,+
chr1,178242422,178242444,+
chr1,178318318,178318344,+
chr1,178369282,178369308,+
chr1,178405837,178405894,+
chr1,178406812,178406828,+
chr1,179169661,179169687,+
chr1,179169696,179169723,+
chr1,179232180,179232196,+
chr1,179240676,179240691,+
chr1,179240798,179240829,+
chr1,179734561,179734583,+
chr1,180304900,180304922,+
chr1,180330321,180330364,+
chr1,180388519,180388541,+
chr1,180389052,180389074,+
chr1,180390957,180390982,+
chr1,180397973,180397987,+
chr1,180768164,180768190,+
chr1,180777496,180777515,+
chr1,180778042,180778057,+
chr1,180812500,180812522,+
chr1,180916860,180916894,+
chr1,181143883,181143897,+
chr1,181144393,181144409,+
chr1,181144578,181144592,+
chr1,181227114,181227130,+
chr1,181227874,181227918,+
chr1,181240586,181240630,+
chr1,182163229,182163253,+
chr1,183134913,183134939,+
chr1,183137101,183137120,+
chr1,183155161,183155196,+
chr1,183168168,183168184,+
chr1,183179943,183179965,+
chr1,183180071,183180085,+
chr1,183180255,183180269,+
chr1,183180286,183180308,+
chr1,183180319,183180333,+
chr1,183180401,183180424,+
chr1,183180574,183180594,+
chr1,183238040,183238054,+
chr1,183238194,183238210,+
chr1,183238237,183238252,+
chr1,183813751,183813765,+
chr1,184024679,184024701,+
chr1,184024853,184024888,+
chr1,184060648,184060664,+
chr1,184060729,184060756,+
chr1,184069160,184069182,+
chr1,184069326,184069372,+
chr1,184074707,184074723,+
chr1,184074847,184074874,+
chr1,184074973,184074992,+
chr1,184075018,184075040,+
chr1,185331971,185331987,+
chr1,186193519,186193538,+
chr1,186562440,186562467,+
chr1,186562647,186562669,+
chr1,188980310,188980332,+
chr1,190156223,190156249,+
chr1,191384897,191384924,+
chr1,191409938,191409960,+
chr1,191446105,191446127,+
chr1,191446303,191446318,+
chr1,191447386,191447441,+
chr1,191480652,191480674,+
chr1,191480719,191480733,+
chr1,191576195,191576209,+
chr1,191988581,191988600,+
chr1,192086861,192086877,+
chr1,192763216,192763238,+
chr1,193130168,193130197,+
chr1,193131011,193131040,+
chr1,193131218,193131242,+
chr1,193131249,193131276,+
chr1,193146492,193146528,+
chr1,193173302,193173337,+
chr1,193181371,193181390,+
chr1,193189323,193189345,+
chr1,193193900,193193928,+
chr1,193193977,193194005,+
chr1,193285809,193285830,+
chr1,193839240,193839274,+
chr1,194996040,194996060,+
chr1,194996112,194996160,+
chr1,194996184,194996208,+
chr1,195131204,195131219,+
chr1,195131551,195131565,+
chr1,195131732,195131761,+
chr1,6149890,6149918,-
chr1,7011805,7011824,-
chr1,7390293,7390345,-
chr1,8466579,8466602,-
chr1,9700943,9700965,-
chr1,10037691,10037725,-
chr1,10038433,10038459,-
chr1,10146937,10146952,-
chr1,10191763,10191799,-
chr1,10423981,10423996,-
chr1,10424145,10424159,-
chr1,13374043,13374059,-
chr1,13374870,13374896,-
chr1,13383557,13383571,-
chr1,13427319,13427333,-
chr1,13464685,13464705,-
chr1,13593430,13593452,-
chr1,15493388,15493410,-
chr1,15806118,15806139,-
chr1,15985139,15985181,-
chr1,16029459,16029481,-
chr1,16619569,16619583,-
chr1,16629848,16629870,-
chr1,16665683,16665708,-
chr1,16688312,16688331,-
chr1,17289726,17289745,-
chr1,17957042,17957061,-
chr1,20820527,20820553,-
chr1,20933520,20933534,-
chr1,20939164,20939183,-
chr1,20939185,20939205,-
chr1,20939296,20939310,-
chr1,21052502,21052526,-
chr1,21304742,21304756,-
chr1,22653442,22653485,-
chr1,22653550,22653568,-
chr1,23924258,23924284,-
chr1,24679134,24679158,-
chr1,30162344,30162381,-
chr1,30921386,30921405,-
chr1,30950245,30950260,-
chr1,30950445,30950482,-
chr1,31262834,31262851,-
chr1,31794104,31794120,-
chr1,33453563,33453589,-
chr1,33669901,33669942,-
chr1,33670085,33670120,-
chr1,33684535,33684561,-
chr1,33814709,33814731,-
chr1,33883168,33883187,-
chr1,33883738,33883753,-
chr1,34005496,34005526,-
chr1,34434424,34434440,-
chr1,34510906,34510932,-
chr1,34545766,34545781,-
chr1,34843219,34843239,-
chr1,34843331,34843345,-
chr1,34843812,34843826,-
chr1,34867267,34867281,-
chr1,34896935,34896949,-
chr1,36264397,36264419,-
chr1,36267097,36267131,-
chr1,36309748,36309787,-
chr1,36470863,36470887,-
chr1,36737351,36737367,-
chr1,36737561,36737580,-
chr1,36797749,36797771,-
chr1,36960712,36960726,-
chr1,37481466,37481492,-
chr1,37496194,37496213,-
chr1,37544481,37544503,-
chr1,37872267,37872286,-
chr1,37890631,37890653,-
chr1,38657777,38657805,-
chr1,38657873,38657887,-
chr1,38664869,38664888,-
chr1,39196758,39196779,-
chr1,39559129,39559155,-
chr1,39714285,39714323,-
chr1,39842894,39842960,-
chr1,39918248,39918267,-
chr1,39936342,39936368,-
chr1,39936793,39936807,-
chr1,39936826,39936869,-
chr1,39936926,39936948,-
chr1,39944681,39944707,-
chr1,39983431,39983450,-
chr1,39983600,39983623,-
chr1,40324455,40324469,-
chr1,40324874,40324901,-
chr1,40324908,40324928,-
chr1,40325024,40325040,-
chr1,40325079,40325113,-
chr1,40382924,40382950,-
chr1,40399615,40399655,-
chr1,40399668,40399690,-
chr1,40470000,40470019,-
chr1,40475885,40475907,-
chr1,40479634,40479653,-
chr1,40515477,40515491,-
chr1,42300422,42300444,-
chr1,43403702,43403737,-
chr1,43457188,43457210,-
chr1,43465008,43465022,-
chr1,43467993,43468013,-
chr1,43472684,43472703,-
chr1,43501422,43501451,-
chr1,43519846,43519870,-
chr1,43520005,43520027,-
chr1,43542318,43542352,-
chr1,43880558,43880594,-
chr1,43939263,43939283,-
chr1,45817005,45817019,-
chr1,45817151,45817187,-
chr1,46894764,46894793,-
chr1,50126011,50126032,-
chr1,51578091,51578106,-
chr1,51584680,51584702,-
chr1,51584958,51584980,-
chr1,51585207,51585221,-
chr1,52011120,52011136,-
chr1,52019685,52019711,-
chr1,52019845,52019880,-
chr1,52035410,52035424,-
chr1,52052629,52052660,-
chr1,52052799,52052821,-
chr1,52052881,52052903,-
chr1,52100590,52100614,-
chr1,52302949,52303007,-
chr1,52303086,52303101,-
chr1,52363965,52363981,-
chr1,52374784,52374813,-
chr1,52375045,52375096,-
chr1,52375207,52375226,-
chr1,52578501,52578516,-
chr1,52607740,52607776,-
chr1,52607845,52607865,-
chr1,52608029,52608043,-
chr1,52630939,52630967,-
chr1,52751918,52751934,-
chr1,52802562,52802600,-
chr1,52844715,52844744,-
chr1,53050233,53050252,-
chr1,53050432,53050446,-
chr1,53050482,53050502,-
chr1,53774300,53774319,-
chr1,53781373,53781392,-
chr1,53797369,53797391,-
chr1,53808497,53808519,-
chr1,53824748,53824768,-
chr1,53882748,53882762,-
chr1,53909381,53909397,-
chr1,54251295,54251314,-
chr1,54407262,54407310,-
chr1,54408376,54408399,-
chr1,54408582,54408601,-
chr1,54410641,54410659,-
chr1,54439168,54439207,-
chr1,54492486,54492504,-
chr1,54493562,54493589,-
chr1,54578604,54578618,-
chr1,54578722,54578744,-
chr1,54585779,54585810,-
chr1,54585814,54585843,-
chr1,54842260,54842279,-
chr1,54871461,54871476,-
chr1,54896749,54896765,-
chr1,54896794,54896810,-
chr1,54913832,54913851,-
chr1,54914350,54914392,-
chr1,55430704,55430718,-
chr1,56849635,56849649,-
chr1,57436339,57436361,-
chr1,58156964,58156980,-
chr1,58156986,58157000,-
chr1,58303806,58303841,-
chr1,58423368,58423382,-
chr1,58712469,58712503,-
chr1,58716436,58716452,-
chr1,58721306,58721320,-
chr1,58742574,58742603,-
chr1,58795218,58795238,-
chr1,58802321,58802337,-
chr1,58956654,58956670,-
chr1,58975277,58975298,-
chr1,59602841,59602863,-
chr1,59684625,59684644,-
chr1,60003871,60003923,-
chr1,60016512,60016563,-
chr1,60087630,60087652,-
chr1,60180142,60180169,-
chr1,60483197,60483215,-
chr1,60627844,60627876,-
chr1,60653017,60653042,-
chr1,60713967,60713986,-
chr1,60720281,60720295,-
chr1,60746091,60746120,-
chr1,60746536,60746551,-
chr1,60755455,60755471,-
chr1,60758185,60758207,-
chr1,60761531,60761558,-
chr1,60761688,60761723,-
chr1,60777097,60777119,-
chr1,60777479,60777493,-
chr1,60825230,60825246,-
chr1,60825500,60825522,-
chr1,60825591,60825610,-
chr1,60875448,60875463,-
chr1,60883009,60883031,-
chr1,60883107,60883137,-
chr1,60898509,60898543,-
chr1,60899181,60899204,-
chr1,60899224,60899246,-
chr1,60908888,60908928,-
chr1,60913267,60913296,-
chr1,60913518,60913534,-
chr1,60916409,60916428,-
chr1,60941537,60941551,-
chr1,60941561,60941576,-
chr1,60941715,60941737,-
chr1,60978103,60978151,-
chr1,60978503,60978565,-
chr1,60990616,60990630,-
chr1,61016731,61016753,-
chr1,61016758,61016772,-
chr1,61035432,61035454,-
chr1,61050353,61050418,-
chr1,61107890,61107916,-
chr1,61135832,61135846,-
chr1,61135938,61135961,-
chr1,61136194,61136220,-
chr1,61139509,61139523,-
chr1,61423577,61423596,-
chr1,61423756,61423774,-
chr1,61434904,61434924,-
chr1,62786245,62786279,-
chr1,62786331,62786350,-
chr1,63114382,63114408,-
chr1,63114551,63114565,-
chr1,63176891,63176905,-
chr1,63423543,63423566,-
chr1,64121106,64121137,-
chr1,64266102,64266133,-
chr1,64266191,64266213,-
chr1,64301131,64301146,-
chr1,64301187,64301206,-
chr1,65975896,65975918,-
chr1,66552803,66552822,-
chr1,66552832,66552856,-
chr1,67685846,67685868,-
chr1,67685878,67685897,-
chr1,67685902,67685916,-
chr1,67686024,67686043,-
chr1,69119723,69119742,-
chr1,69420123,69420142,-
chr1,69537452,69537468,-
chr1,69538270,69538284,-
chr1,69545006,69545020,-
chr1,69555514,69555538,-
chr1,69556097,69556119,-
chr1,69667031,69667080,-
chr1,69687075,69687100,-
chr1,69752866,69752882,-
chr1,69752978,69753004,-
chr1,69759405,69759431,-
chr1,70893059,70893075,-
chr1,70893165,70893213,-
chr1,70983350,70983372,-
chr1,70983382,70983401,-
chr1,70983406,70983420,-
chr1,72284486,72284514,-
chr1,72307170,72307209,-
chr1,74145548,74145567,-
chr1,74201451,74201491,-
chr1,74201626,74201645,-
chr1,74201817,74201857,-
chr1,74262829,74262846,-
chr1,74617110,74617150,-
chr1,75521859,75521875,-
chr1,77831937,77831957,-
chr1,77832102,77832128,-
chr1,77855295,77855319,-
chr1,77940393,77940420,-
chr1,77940548,77940573,-
chr1,77940642,77940656,-
chr1,78017166,78017188,-
chr1,78017234,78017284,-
chr1,78489300,78489316,-
chr1,79581814,79581836,-
chr1,79775870,79775889,-
chr1,80381455,80381481,-
chr1,80416432,80416451,-
chr1,80416592,80416627,-
chr1,80441225,80441239,-
chr1,80637070,80637087,-
chr1,80665576,80665600,-
chr1,80665605,80665627,-
chr1,80703677,80703691,-
chr1,80728600,80728616,-
chr1,80746631,80746646,-
chr1,80747090,80747121,-
chr1,81212330,81212362,-
chr1,81375475,81375702,-
chr1,81592517,81592536,-
chr1,82764441,82764465,-
chr1,82764640,82764678,-
chr1,82803692,82803707,-
chr1,82803846,82803861,-
chr1,82803906,82803929,-
chr1,82807550,82807599,-
chr1,82833473,82833523,-
chr1,82900844,82900870,-
chr1,84851307,84851360,-
chr1,85686538,85686564,-
chr1,85732616,85732631,-
chr1,85740157,85740174,-
chr1,85740361,85740381,-
chr1,85853602,85853670,-
chr1,86152732,86152752,-
chr1,86152898,86152932,-
chr1,86152933,86152949,-
chr1,86153361,86153375,-
chr1,86344210,86344245,-
chr1,86344538,86344553,-
chr1,86393268,86393317,-
chr1,86393479,86393502,-
chr1,86394556,86394575,-
chr1,86405110,86405159,-
chr1,86434831,86434850,-
chr1,86441262,86441296,-
chr1,86471426,86471460,-
chr1,86471481,86471537,-
chr1,86582678,86582697,-
chr1,86586947,86586961,-
chr1,87098687,87098709,-
chr1,87098717,87098739,-
chr1,87291795,87291829,-
chr1,87291835,87291870,-
chr1,87327033,87327055,-
chr1,87608192,87608305,-
chr1,87637089,87637111,-
chr1,87660072,87660099,-
chr1,87847376,87847395,-
chr1,87847678,87847719,-
chr1,87847723,87847739,-
chr1,87867034,87867053,-
chr1,87899915,87899935,-
chr1,87922889,87922905,-
chr1,88578250,88578278,-
chr1,88622856,88622870,-
chr1,88644746,88644777,-
chr1,88709255,88709286,-
chr1,89078698,89078720,-
chr1,89631355,89631429,-
chr1,89631680,89631709,-
chr1,91250248,91250279,-
chr1,91963925,91963939,-
chr1,92103664,92103678,-
chr1,92774128,92774170,-
chr1,92774171,92774205,-
chr1,93344221,93344247,-
chr1,93635979,93636008,-
chr1,93755529,93755577,-
chr1,93825558,93825577,-
chr1,94035656,94035670,-
chr1,94091940,94091962,-
chr1,94092006,94092028,-
chr1,95313868,95313886,-
chr1,95573069,95573085,-
chr1,95590468,95590482,-
chr1,95664893,95664933,-
chr1,95744530,95744569,-
chr1,95744594,95744608,-
chr1,97497005,97497020,-
chr1,97623867,97623892,-
chr1,97662295,97662317,-
chr1,97770287,97770321,-
chr1,97925064,97925086,-
chr1,98092975,98093036,-
chr1,98985764,98985778,-
chr1,103899307,103899329,-
chr1,104269394,104269408,-
chr1,104269537,104269559,-
chr1,105838744,105838777,-
chr1,105838786,105838818,-
chr1,105972026,105972064,-
chr1,105972130,105972148,-
chr1,106152206,106152228,-
chr1,106204246,106204287,-
chr1,106318556,106318594,-
chr1,106321786,106321833,-
chr1,106600909,106600935,-
chr1,106602712,106602734,-
chr1,106602758,106602777,-
chr1,106757849,106757863,-
chr1,108209453,108209472,-
chr1,109266639,109266664,-
chr1,111864282,111864296,-
chr1,113776316,113776358,-
chr1,113776361,113776434,-
chr1,114175239,114175263,-
chr1,114175529,114175548,-
chr1,118389393,118389419,-
chr1,118390865,118390881,-
chr1,118390972,118390995,-
chr1,118458891,118458905,-
chr1,118641581,118641603,-
chr1,118641711,118641735,-
chr1,118641835,118641849,-
chr1,120121221,120121242,-
chr1,121668195,121668217,-
chr1,125399037,125399061,-
chr1,125399186,125399201,-
chr1,125436022,125436044,-
chr1,125441736,125441751,-
chr1,126763402,126763504,-
chr1,126781070,126781094,-
chr1,126781118,126781140,-
chr1,126781151,126781183,-
chr1,126781188,126781210,-
chr1,127242695,127242714,-
chr1,127322742,127322774,-
chr1,127796352,127796396,-
chr1,127796670,127796692,-
chr1,127869425,127869444,-
chr1,128104121,128104147,-
chr1,128602728,128602747,-
chr1,128705181,128705203,-
chr1,128705407,128705424,-
chr1,128766515,128766585,-
chr1,128766711,128766730,-
chr1,128767022,128767042,-
chr1,128767238,128767257,-
chr1,128787629,128787656,-
chr1,128791037,128791064,-
chr1,128832706,128832732,-
chr1,130993489,130993536,-
chr1,131038928,131038965,-
chr1,131154467,131154509,-
chr1,131278744,131278766,-
chr1,131365835,131365866,-
chr1,131379836,131379861,-
chr1,131489197,131489230,-
chr1,131638070,131638089,-
chr1,131638218,131638232,-
chr1,131638730,131638770,-
chr1,131639011,131639026,-
chr1,131652823,131652838,-
chr1,131653064,131653086,-
chr1,131653286,131653330,-
chr1,131995179,131995211,-
chr1,132011170,132011192,-
chr1,132155985,132155999,-
chr1,132477255,132477270,-
chr1,132477285,132477299,-
chr1,132968938,132968975,-
chr1,133025522,133025543,-
chr1,133030097,133030131,-
chr1,133039637,133039679,-
chr1,133046708,133046728,-
chr1,133661585,133661609,-
chr1,133815843,133815881,-
chr1,134079906,134079925,-
chr1,134473295,134473314,-
chr1,134962793,134962813,-
chr1,134962969,134963003,-
chr1,135154488,135154504,-
chr1,135154546,135154571,-
chr1,135284562,135284577,-
chr1,135670291,135670328,-
chr1,135753259,135753348,-
chr1,136254651,136254675,-
chr1,136254970,136254997,-
chr1,136415697,136415733,-
chr1,136608372,136608388,-
chr1,136608508,136608524,-
chr1,136624523,136624542,-
chr1,136637175,136637255,-
chr1,136685610,136685636,-
chr1,136699439,136699496,-
chr1,136769245,136769261,-
chr1,137075202,137075263,-
chr1,138134465,138134481,-
chr1,138145234,138145271,-
chr1,138162784,138162798,-
chr1,138166558,138166574,-
chr1,138250965,138250996,-
chr1,138251214,138251240,-
chr1,138251242,138251256,-
chr1,138251302,138251316,-
chr1,138290310,138290324,-
chr1,138290555,138290570,-
chr1,138327360,138327374,-
chr1,138542749,138542782,-
chr1,138560074,138560089,-
chr1,138560154,138560177,-
chr1,138700652,138700674,-
chr1,138964142,138964161,-
chr1,139009547,139009561,-
chr1,139009600,139009614,-
chr1,139009744,139009766,-
chr1,139180728,139180784,-
chr1,139454584,139454603,-
chr1,142358775,142358790,-
chr1,143918961,143918984,-
chr1,144006609,144006634,-
chr1,144033760,144033784,-
chr1,144248904,144248932,-
chr1,144249422,144249436,-
chr1,144256750,144256764,-
chr1,144256965,144256979,-
chr1,144257004,144257020,-
chr1,144264804,144264818,-
chr1,144264879,144264905,-
chr1,144264986,144265022,-
chr1,144265145,144265161,-
chr1,144272981,144273000,-
chr1,144283600,144283626,-
chr1,144307260,144307286,-
chr1,144307334,144307353,-
chr1,144307426,144307463,-
chr1,144307714,144307733,-
chr1,144330267,144330284,-
chr1,144337573,144337595,-
chr1,144499954,144499968,-
chr1,144500078,144500092,-
chr1,144500186,144500201,-
chr1,144500361,144500380,-
chr1,145413856,145413872,-
chr1,146595469,146595512,-
chr1,146595520,146595544,-
chr1,146595565,146595581,-
chr1,147519548,147519564,-
chr1,147519605,147519637,-
chr1,147928946,147928968,-
chr1,147929017,147929053,-
chr1,150465414,150465429,-
chr1,150465479,150465494,-
chr1,151096037,151096056,-
chr1,151096252,151096268,-
chr1,151345490,151345516,-
chr1,151395164,151395178,-
chr1,151395238,151395252,-
chr1,151428526,151428545,-
chr1,151571270,151571285,-
chr1,151682910,151682927,-
chr1,151683125,151683139,-
chr1,151683225,151683247,-
chr1,151683267,151683286,-
chr1,151689874,151689901,-
chr1,152008645,152008661,-
chr1,152037509,152037531,-
chr1,152585414,152585428,-
chr1,152903117,152903132,-
chr1,153141208,153141224,-
chr1,153288116,153288138,-
chr1,153346994,153347045,-
chr1,153379863,153379879,-
chr1,153379923,153379942,-
chr1,153413549,153413566,-
chr1,153413753,153413775,-
chr1,153415314,153415336,-
chr1,153424654,153424668,-
chr1,153723710,153723736,-
chr1,153740004,153740023,-
chr1,153742478,153742564,-
chr1,153742621,153742647,-
chr1,153749456,153749475,-
chr1,153749634,153749654,-
chr1,153751769,153751785,-
chr1,153847148,153847167,-
chr1,153900259,153900278,-
chr1,154134699,154134721,-
chr1,155060033,155060049,-
chr1,155121954,155121976,-
chr1,155122053,155122081,-
chr1,155122264,155122285,-
chr1,155159525,155159541,-
chr1,155159794,155159824,-
chr1,155417721,155417736,-
chr1,155564961,155564976,-
chr1,155914439,155914471,-
chr1,155914603,155914630,-
chr1,155973807,155973826,-
chr1,156042160,156042214,-
chr1,156263614,156263631,-
chr1,156421048,156421070,-
chr1,156809634,156809648,-
chr1,157110249,157110270,-
chr1,157110311,157110326,-
chr1,159952797,159952819,-
chr1,159952886,159952902,-
chr1,160039968,160040007,-
chr1,160042763,160042794,-
chr1,160044767,160044794,-
chr1,160058127,160058216,-
chr1,160058225,160058380,-
chr1,160842716,160842770,-
chr1,160926416,160926438,-
chr1,161034194,161034210,-
chr1,161071399,161071427,-
chr1,161251666,161251682,-
chr1,161309395,161309417,-
chr1,161309600,161309625,-
chr1,161671293,161671308,-
chr1,161704593,161704609,-
chr1,161705142,161705188,-
chr1,161712939,161712973,-
chr1,161751481,161751495,-
chr1,161751504,161751518,-
chr1,161766621,161766659,-
chr1,161766718,161766732,-
chr1,161779434,161779453,-
chr1,161794668,161794694,-
chr1,161894336,161894356,-
chr1,161903280,161903296,-
chr1,161903388,161903404,-
chr1,162207023,162207037,-
chr1,162571754,162571774,-
chr1,162727979,162727993,-
chr1,162752351,162752366,-
chr1,163403521,163403540,-
chr1,164009029,164009045,-
chr1,164009055,164009069,-
chr1,164009340,164009365,-
chr1,164009368,164009384,-
chr1,164063745,164063776,-
chr1,164063876,164063907,-
chr1,164069191,164069245,-
chr1,164069371,164069393,-
chr1,164069546,164069560,-
chr1,164077084,164077111,-
chr1,164077304,164077318,-
chr1,164077389,164077405,-
chr1,164078435,164078460,-
chr1,164078481,164078509,-
chr1,164078552,164078566,-
chr1,164109887,164109902,-
chr1,164144875,164144891,-
chr1,164503733,164503756,-
chr1,164815760,164815777,-
chr1,164815790,164815804,-
chr1,164966671,164966697,-
chr1,165132758,165132786,-
chr1,165193396,165193429,-
chr1,165252006,165252039,-
chr1,165643396,165643417,-
chr1,165643418,165643433,-
chr1,165705965,165705998,-
chr1,165718068,165718093,-
chr1,165780047,165780066,-
chr1,165791556,165791575,-
chr1,165791746,165791776,-
chr1,165803374,165803389,-
chr1,165838013,165838035,-
chr1,165986503,165986522,-
chr1,166000954,166000976,-
chr1,166002897,166002927,-
chr1,166010284,166010304,-
chr1,166048420,166048441,-
chr1,167394043,167394062,-
chr1,170861714,170861745,-
chr1,170861919,170861945,-
chr1,170867959,170867996,-
chr1,170868009,170868023,-
chr1,170868540,170868567,-
chr1,171150724,171150816,-
chr1,171294881,171294897,-
chr1,171411911,171411952,-
chr1,171412313,171412348,-
chr1,171606929,171606943,-
chr1,171681997,171682026,-
chr1,171685017,171685044,-
chr1,171685102,171685124,-
chr1,171771379,171771411,-
chr1,171772541,171772557,-
chr1,171782790,171782828,-
chr1,171845324,171845350,-
chr1,171917248,171917312,-
chr1,171921673,171921696,-
chr1,171939493,171939511,-
chr1,171966512,171966532,-
chr1,171966593,171966616,-
chr1,171975750,171975764,-
chr1,172119764,172119817,-
chr1,172310643,172310692,-
chr1,172455674,172455690,-
chr1,172549033,172549074,-
chr1,173398929,173398958,-
chr1,173399291,173399356,-
chr1,173412129,173412160,-
chr1,173432700,173432776,-
chr1,173441028,173441050,-
chr1,173441135,173441149,-
chr1,173441718,173441733,-
chr1,173510726,173510745,-
chr1,173510791,173510813,-
chr1,173535597,173535620,-
chr1,173536111,173536135,-
chr1,173630937,173630953,-
chr1,173657585,173657618,-
chr1,173673399,173673421,-
chr1,173673558,173673572,-
chr1,173680770,173680784,-
chr1,173680797,173680836,-
chr1,173880254,173880269,-
chr1,173942558,173942573,-
chr1,173942734,173942754,-
chr1,175010087,175010102,-
chr1,176945855,176945883,-
chr1,176993453,176993475,-
chr1,177257271,177257287,-
chr1,177441181,177441195,-
chr1,177441227,177441253,-
chr1,178338101,178338202,-
chr1,178405254,178405304,-
chr1,178405456,178405472,-
chr1,179169758,179169786,-
chr1,179170142,179170205,-
chr1,179170332,179170389,-
chr1,179549737,179549759,-
chr1,179560906,179560920,-
chr1,179561045,179561061,-
chr1,179561079,179561107,-
chr1,179624439,179624491,-
chr1,179656341,179656355,-
chr1,180225751,180225836,-
chr1,180264775,180264804,-
chr1,180264918,180264937,-
chr1,180265004,180265023,-
chr1,180296381,180296403,-
chr1,180314169,180314188,-
chr1,180330258,180330273,-
chr1,180330288,180330304,-
chr1,180330673,180330690,-
chr1,180335815,180335852,-
chr1,180355565,180355599,-
chr1,180359723,180359751,-
chr1,180371186,180371206,-
chr1,180388487,180388501,-
chr1,180388851,180388902,-
chr1,180403374,180403394,-
chr1,180546326,180546348,-
chr1,180641558,180641585,-
chr1,181211247,181211265,-
chr1,182125382,182125396,-
chr1,182408903,182408918,-
chr1,182489812,182489838,-
chr1,183136977,183136996,-
chr1,183180107,183180163,-
chr1,183566690,183566706,-
chr1,183987803,183987834,-
chr1,184034200,184034214,-
chr1,184034782,184034804,-
chr1,184060572,184060587,-
chr1,184060613,184060635,-
chr1,184061799,184061819,-
chr1,184074599,184074685,-
chr1,184074815,184074850,-
chr1,184793225,184793239,-
chr1,184845158,184845172,-
chr1,185193722,185193755,-
chr1,186749652,186749757,-
chr1,187215330,187215349,-
chr1,191194155,191194171,-
chr1,191259258,191259280,-
chr1,191312959,191313023,-
chr1,191480695,191480709,-
chr1,191576215,191576229,-
chr1,191599598,191599620,-
chr1,191599694,191599729,-
chr1,192745415,192745431,-
chr1,193159280,193159296,-
chr1,193189232,193189252,-
chr1,193193626,193193642,-
chr1,193193951,193193982,-
chr1,193194087,193194106,-
chr1,193201025,193201039,-
chr1,193264426,193264445,-
chr1,193286287,193286302,-
chr1,193338459,193338481,-
chr1,194728016,194728030,-
chr1,194728167,194728183,-
chr1,194996074,194996096,-
chr10,4206511,4206525,+
chr10,4206540,4206556,+
chr10,4206717,4206770,+
chr10,4532681,4532697,+
chr10,4598340,4598385,+
chr10,5163776,5163803,+
chr10,5164097,5164113,+
chr10,5195043,5195063,+
chr10,5823789,5823805,+
chr10,5824869,5824897,+
chr10,5824994,5825026,+
chr10,5979358,5979372,+
chr10,5979431,5979450,+
chr10,6980393,6980407,+
chr10,6983283,6983299,+
chr10,7041217,7041241,+
chr10,7076530,7076552,+
chr10,7212757,7212792,+
chr10,7595091,7595110,+
chr10,7780217,7780247,+
chr10,8055542,8055556,+
chr10,8454279,8454298,+
chr10,8454424,8454443,+
chr10,8454566,8454585,+
chr10,8454626,8454645,+
chr10,8506145,8506178,+
chr10,8506377,8506391,+
chr10,8506486,8506538,+
chr10,9902170,9902186,+
chr10,10190322,10190339,+
chr10,10320935,10321031,+
chr10,10321058,10321121,+
chr10,11281112,11281144,+
chr10,12524442,12524484,+
chr10,12688868,12688955,+
chr10,12688958,12689232,+
chr10,12806167,12806198,+
chr10,12813128,12813151,+
chr10,12813570,12813594,+
chr10,12814027,12814054,+
chr10,12814068,12814095,+
chr10,12823798,12823820,+
chr10,12923343,12923371,+
chr10,13008228,13008275,+
chr10,13057183,13057203,+
chr10,13057310,13057340,+
chr10,13193367,13193412,+
chr10,13429811,13429825,+
chr10,13438447,13438469,+
chr10,13438576,13438602,+
chr10,13610930,13610949,+
chr10,13982686,13982735,+
chr10,13993223,13993248,+
chr10,14045867,14045889,+
chr10,14046711,14046739,+
chr10,14116278,14116294,+
chr10,16945191,16945205,+
chr10,16945437,16945452,+
chr10,17457378,17457394,+
chr10,17550222,17550237,+
chr10,17550283,17550341,+
chr10,17565626,17565652,+
chr10,17567041,17567055,+
chr10,17722635,17722676,+
chr10,17775473,17775511,+
chr10,17795993,17796020,+
chr10,17796030,17796055,+
chr10,17926652,17926673,+
chr10,17946795,17946821,+
chr10,17946862,17946901,+
chr10,17987844,17987860,+
chr10,18047794,18047808,+
chr10,18047829,18047844,+
chr10,18197172,18197195,+
chr10,18197216,18197242,+
chr10,18197344,18197385,+
chr10,18917425,18917469,+
chr10,18941472,18941503,+
chr10,18941628,18941650,+
chr10,18941691,18941707,+
chr10,18965307,18965345,+
chr10,18983785,18983817,+
chr10,19015674,19015711,+
chr10,19094237,19094260,+
chr10,19094541,19094557,+
chr10,19094669,19094688,+
chr10,19104713,19104735,+
chr10,19105324,19105346,+
chr10,19116819,19116844,+
chr10,19116954,19116973,+
chr10,19117243,19117262,+
chr10,19127916,19127938,+
chr10,19171951,19171983,+
chr10,19172168,19172182,+
chr10,19186027,19186060,+
chr10,19186554,19186573,+
chr10,19333649,19333671,+
chr10,19333674,19333690,+
chr10,19491633,19491647,+
chr10,19491864,19491887,+
chr10,19494359,19494434,+
chr10,19506260,19506294,+
chr10,19578379,19578397,+
chr10,19619729,19619745,+
chr10,19619892,19619928,+
chr10,19718651,19718670,+
chr10,19887656,19887680,+
chr10,20005516,20005536,+
chr10,20005622,20005658,+
chr10,20281542,20281570,+
chr10,20290471,20290525,+
chr10,20882655,20882686,+
chr10,20882759,20882785,+
chr10,21158848,21158864,+
chr10,21223622,21223641,+
chr10,21223679,21223693,+
chr10,21235281,21235297,+
chr10,21235757,21235773,+
chr10,21235873,21235889,+
chr10,21236019,21236041,+
chr10,21255282,21255298,+
chr10,21419598,21419612,+
chr10,21419641,21419657,+
chr10,21419683,21419720,+
chr10,21535714,21535730,+
chr10,21882408,21882430,+
chr10,21946611,21946631,+
chr10,21946831,21946846,+
chr10,22303992,22304011,+
chr10,22530264,22530291,+
chr10,23621466,23621495,+
chr10,23787048,23787067,+
chr10,24622830,24622844,+
chr10,24640232,24640254,+
chr10,24640275,24640300,+
chr10,24640361,24640383,+
chr10,24640386,24640402,+
chr10,24640441,24640478,+
chr10,24640534,24640561,+
chr10,24640624,24640643,+
chr10,24673113,24673141,+
chr10,24673247,24673262,+
chr10,24753938,24753992,+
chr10,25395477,25395509,+
chr10,26133558,26133572,+
chr10,26139509,26139564,+
chr10,26325232,26325251,+
chr10,26325321,26325343,+
chr10,26359065,26359089,+
chr10,26521179,26521198,+
chr10,28619314,28619328,+
chr10,29361456,29361470,+
chr10,30200601,30200623,+
chr10,30617972,30617994,+
chr10,30811099,30811118,+
chr10,34111060,34111082,+
chr10,34111087,34111121,+
chr10,34282101,34282123,+
chr10,34297307,34297321,+
chr10,34735891,34735923,+
chr10,34893206,34893234,+
chr10,35071555,35071583,+
chr10,36158309,36158328,+
chr10,37232504,37232527,+
chr10,38108911,38108934,+
chr10,38109018,38109040,+
chr10,39339940,39339962,+
chr10,39369005,39369021,+
chr10,39420385,39420401,+
chr10,39470711,39470725,+
chr10,39470739,39470769,+
chr10,39612668,39612725,+
chr10,39691979,39692001,+
chr10,39731738,39731772,+
chr10,39732784,39732798,+
chr10,39774338,39774386,+
chr10,39774500,39774515,+
chr10,39960493,39960518,+
chr10,40257896,40257915,+
chr10,40309917,40309940,+
chr10,40342584,40342598,+
chr10,40342663,40342677,+
chr10,40348873,40348889,+
chr10,40349337,40349353,+
chr10,40479559,40479573,+
chr10,40713029,40713057,+
chr10,41288079,41288097,+
chr10,41304333,41304349,+
chr10,41449998,41450012,+
chr10,41477344,41477359,+
chr10,41491197,41491217,+
chr10,41518985,41519015,+
chr10,41614445,41614510,+
chr10,41615758,41615786,+
chr10,41683047,41683061,+
chr10,41880856,41880870,+
chr10,41887915,41887948,+
chr10,41937322,41937350,+
chr10,42277923,42277939,+
chr10,42838900,42838916,+
chr10,42887082,42887108,+
chr10,42887252,42887268,+
chr10,42888368,42888421,+
chr10,42888649,42888671,+
chr10,42897712,42897740,+
chr10,42897762,42897784,+
chr10,43002429,43002460,+
chr10,43996341,43996360,+
chr10,44448389,44448408,+
chr10,44483074,44483107,+
chr10,44821692,44821711,+
chr10,44911042,44911064,+
chr10,44957881,44957897,+
chr10,44958000,44958019,+
chr10,45000816,45000847,+
chr10,45000860,45000882,+
chr10,45001335,45001369,+
chr10,45019640,45019662,+
chr10,45019676,45019714,+
chr10,49893446,49893460,+
chr10,51727512,51727531,+
chr10,53412387,53412413,+
chr10,53595704,53595718,+
chr10,53595763,53595782,+
chr10,53629328,53629344,+
chr10,53641638,53641652,+
chr10,54006027,54006051,+
chr10,54032438,54032466,+
chr10,57571562,57571582,+
chr10,57727714,57727736,+
chr10,57727800,57727823,+
chr10,57753354,57753370,+
chr10,57796426,57796448,+
chr10,58370386,58370413,+
chr10,58378061,58378096,+
chr10,58488391,58488418,+
chr10,59571065,59571087,+
chr10,59974785,59974824,+
chr10,60002465,60002499,+
chr10,60002505,60002527,+
chr10,60346216,60346277,+
chr10,60352002,60352021,+
chr10,60380812,60380863,+
chr10,61145837,61145886,+
chr10,61145978,61146000,+
chr10,61146128,61146163,+
chr10,61231859,61231886,+
chr10,61231915,61231929,+
chr10,61475546,61475573,+
chr10,61520116,61520166,+
chr10,61520184,61520200,+
chr10,61838706,61838734,+
chr10,62500561,62500580,+
chr10,62792752,62792766,+
chr10,62859103,62859135,+
chr10,63377615,63377638,+
chr10,63386294,63386368,+
chr10,63386408,63386501,+
chr10,63424683,63424713,+
chr10,63424731,63424750,+
chr10,63429452,63429466,+
chr10,65125068,65125091,+
chr10,66525074,66525093,+
chr10,66525201,66525215,+
chr10,66525220,66525239,+
chr10,66525249,66525271,+
chr10,66853455,66853477,+
chr10,67068920,67068974,+
chr10,67497779,67497809,+
chr10,67537131,67537155,+
chr10,67565803,67565831,+
chr10,67607844,67607858,+
chr10,67657500,67657529,+
chr10,67891643,67891665,+
chr10,68040260,68040281,+
chr10,68053923,68053946,+
chr10,68105243,68105267,+
chr10,68135740,68135754,+
chr10,68140188,68140218,+
chr10,68147070,68147092,+
chr10,68191725,68191773,+
chr10,68191920,68191936,+
chr10,68192076,68192090,+
chr10,68192437,68192463,+
chr10,68192519,68192547,+
chr10,68192981,68193012,+
chr10,68204720,68204765,+
chr10,68204783,68204842,+
chr10,68238490,68238507,+
chr10,68238763,68238828,+
chr10,68239042,68239056,+
chr10,68240424,68240452,+
chr10,68240471,68240501,+
chr10,68240608,68240634,+
chr10,68240672,68240691,+
chr10,68241009,68241031,+
chr10,68241109,68241143,+
chr10,68247854,68247876,+
chr10,68248156,68248170,+
chr10,68249511,68249530,+
chr10,68277445,68277493,+
chr10,68277520,68277568,+
chr10,68277615,68277631,+
chr10,68445312,68445326,+
chr10,70040120,70040134,+
chr10,70096582,70096598,+
chr10,70222520,70222535,+
chr10,72689119,72689135,+
chr10,75518098,75518112,+
chr10,75765377,75765393,+
chr10,75836265,75836284,+
chr10,75836355,75836394,+
chr10,75893209,75893231,+
chr10,75951653,75951672,+
chr10,75951683,75951731,+
chr10,76355118,76355140,+
chr10,76442132,76442155,+
chr10,76799006,76799028,+
chr10,77537028,77537043,+
chr10,77537587,77537607,+
chr10,78086727,78086762,+
chr10,78185382,78185418,+
chr10,78298563,78298587,+
chr10,78594642,78594661,+
chr10,78605138,78605194,+
chr10,78605333,78605428,+
chr10,78605548,78605562,+
chr10,79003570,79003592,+
chr10,79003798,79003817,+
chr10,79097737,79097776,+
chr10,79861798,79861838,+
chr10,79959508,79959569,+
chr10,79984883,79984897,+
chr10,80248910,80248932,+
chr10,80292276,80292302,+
chr10,80484499,80484514,+
chr10,80509606,80509640,+
chr10,80618193,80618208,+
chr10,80695276,80695295,+
chr10,80695543,80695574,+
chr10,80738886,80738932,+
chr10,80754853,80754895,+
chr10,81016746,81016774,+
chr10,81017356,81017388,+
chr10,81082501,81082515,+
chr10,81105513,81105561,+
chr10,81105674,81105688,+
chr10,81217337,81217353,+
chr10,81217530,81217576,+
chr10,81357316,81357338,+
chr10,81357340,81357359,+
chr10,81450165,81450187,+
chr10,81510346,81510368,+
chr10,82580612,82580630,+
chr10,82580675,82580691,+
chr10,82666471,82666499,+
chr10,82796550,82796572,+
chr10,82909404,82909454,+
chr10,83004720,83004754,+
chr10,83004842,83004867,+
chr10,83330211,83330231,+
chr10,83330288,83330319,+
chr10,83359833,83359886,+
chr10,83543739,83543753,+
chr10,83719139,83719159,+
chr10,85102242,85102277,+
chr10,85128388,85128412,+
chr10,85162078,85162097,+
chr10,85829270,85829286,+
chr10,86685409,86685426,+
chr10,88826920,88826939,+
chr10,89678038,89678066,+
chr10,89703108,89703122,+
chr10,89731984,89732000,+
chr10,89732021,89732037,+
chr10,90557879,90557895,+
chr10,90558041,90558055,+
chr10,91170560,91170579,+
chr10,91170598,91170625,+
chr10,91170651,91170677,+
chr10,91181193,91181215,+
chr10,91181380,91181413,+
chr10,91188054,91188068,+
chr10,91188233,91188285,+
chr10,91270907,91270979,+
chr10,93041365,93041387,+
chr10,93041529,93041617,+
chr10,93042070,93042092,+
chr10,93143372,93143405,+
chr10,93153619,93153691,+
chr10,93153743,93153759,+
chr10,93158577,93158704,+
chr10,93159750,93159808,+
chr10,93274383,93274399,+
chr10,93309486,93309508,+
chr10,93310659,93310709,+
chr10,93540233,93540259,+
chr10,93540493,93540515,+
chr10,93541125,93541141,+
chr10,93541695,93541739,+
chr10,93541771,93541794,+
chr10,93541919,93541945,+
chr10,93688911,93688925,+
chr10,93743377,93743399,+
chr10,93743439,93743458,+
chr10,93868703,93868764,+
chr10,94037418,94037433,+
chr10,94037612,94037635,+
chr10,94087637,94087659,+
chr10,94419154,94419176,+
chr10,94845131,94845153,+
chr10,94865046,94865062,+
chr10,95196094,95196116,+
chr10,95218279,95218326,+
chr10,95255365,95255379,+
chr10,95261245,95261306,+
chr10,95261521,95261540,+
chr10,95313934,95313956,+
chr10,95313964,95313986,+
chr10,95314025,95314047,+
chr10,95324011,95324042,+
chr10,95358025,95358047,+
chr10,95372335,95372368,+
chr10,95474995,95475029,+
chr10,95476111,95476133,+
chr10,95677908,95677930,+
chr10,95699133,95699153,+
chr10,95746157,95746181,+
chr10,96201311,96201325,+
chr10,96204203,96204242,+
chr10,96325251,96325291,+
chr10,96364134,96364148,+
chr10,96374278,96374336,+
chr10,96374456,96374478,+
chr10,96374590,96374604,+
chr10,96400765,96400787,+
chr10,96407881,96407897,+
chr10,96408001,96408017,+
chr10,96409445,96409487,+
chr10,96481303,96481325,+
chr10,96481377,96481391,+
chr10,96565517,96565532,+
chr10,96579868,96579888,+
chr10,96588409,96588425,+
chr10,96599608,96599650,+
chr10,96609443,96609483,+
chr10,96693758,96693790,+
chr10,96725235,96725251,+
chr10,97160895,97160911,+
chr10,97313263,97313285,+
chr10,97313400,97313415,+
chr10,97333895,97333948,+
chr10,98745850,98745900,+
chr10,98776376,98776400,+
chr10,98782121,98782150,+
chr10,98785337,98785359,+
chr10,98785410,98785429,+
chr10,98799236,98799270,+
chr10,98886070,98886092,+
chr10,99204810,99204841,+
chr10,99385933,99385957,+
chr10,99416823,99416837,+
chr10,99416867,99416881,+
chr10,99416938,99416960,+
chr10,99417052,99417085,+
chr10,99460870,99460889,+
chr10,100298952,100298967,+
chr10,100579955,100579986,+
chr10,100589362,100589384,+
chr10,100651472,100651494,+
chr10,104242469,104242506,+
chr10,105392971,105392987,+
chr10,105393082,105393098,+
chr10,105393159,105393191,+
chr10,107932661,107932680,+
chr10,108161440,108161459,+
chr10,108161468,108161494,+
chr10,110891071,110891090,+
chr10,111214709,111214732,+
chr10,111226807,111226829,+
chr10,111516188,111516203,+
chr10,111997498,111997512,+
chr10,112861224,112861238,+
chr10,114363918,114363955,+
chr10,115314709,115314740,+
chr10,115314769,115314788,+
chr10,115363287,115363321,+
chr10,115385281,115385296,+
chr10,116477125,116477140,+
chr10,116477322,116477338,+
chr10,116564882,116564896,+
chr10,116565017,116565036,+
chr10,116565315,116565363,+
chr10,116565548,116565581,+
chr10,116656297,116656313,+
chr10,116656337,116656357,+
chr10,116913974,116913996,+
chr10,116914006,116914037,+
chr10,116914202,116914231,+
chr10,116914237,116914265,+
chr10,117112455,117112492,+
chr10,117112617,117112641,+
chr10,117118412,117118431,+
chr10,117118463,117118477,+
chr10,117625924,117625948,+
chr10,117710961,117710988,+
chr10,117804085,117804100,+
chr10,117804145,117804177,+
chr10,117845281,117845295,+
chr10,117865001,117865035,+
chr10,117894696,117894711,+
chr10,117894922,117894957,+
chr10,117909886,117909901,+
chr10,117910137,117910160,+
chr10,117916619,117916649,+
chr10,117918589,117918603,+
chr10,117925956,117925980,+
chr10,117925988,117926023,+
chr10,117940401,117940434,+
chr10,117940507,117940574,+
chr10,117959583,117959664,+
chr10,117982558,117982574,+
chr10,118089789,118089805,+
chr10,118172594,118172608,+
chr10,118195395,118195417,+
chr10,118418574,118418588,+
chr10,118460342,118460357,+
chr10,118460399,118460413,+
chr10,118461757,118461778,+
chr10,118477402,118477440,+
chr10,118766454,118766470,+
chr10,118882594,118882613,+
chr10,119011325,119011356,+
chr10,119294757,119294803,+
chr10,119294998,119295041,+
chr10,120125104,120125119,+
chr10,120191535,120191551,+
chr10,120193465,120193490,+
chr10,120201973,120202006,+
chr10,120271083,120271117,+
chr10,120895992,120896014,+
chr10,120896275,120896297,+
chr10,121263576,121263592,+
chr10,121263840,121263859,+
chr10,121264201,121264220,+
chr10,121297622,121297644,+
chr10,121429845,121429861,+
chr10,121464468,121464494,+
chr10,121474010,121474034,+
chr10,121533917,121533936,+
chr10,121534176,121534190,+
chr10,122758527,122758555,+
chr10,122758644,122758659,+
chr10,122794435,122794449,+
chr10,122985357,122985389,+
chr10,122985692,122985714,+
chr10,123005337,123005378,+
chr10,123196204,123196233,+
chr10,123786481,123786503,+
chr10,125717108,125717122,+
chr10,125717190,125717210,+
chr10,125717344,125717365,+
chr10,126905604,126905639,+
chr10,127107694,127107708,+
chr10,127108037,127108069,+
chr10,127135562,127135581,+
chr10,127136709,127136735,+
chr10,127150475,127150508,+
chr10,127351016,127351037,+
chr10,127641985,127642004,+
chr10,127668788,127668810,+
chr10,127739285,127739301,+
chr10,127937568,127937597,+
chr10,127937658,127937701,+
chr10,128058662,128058681,+
chr10,128080606,128080626,+
chr10,128135463,128135478,+
chr10,128232663,128232690,+
chr10,128284255,128284316,+
chr10,128504993,128505013,+
chr10,128505030,128505052,+
chr10,128637459,128637478,+
chr10,128746344,128746371,+
chr10,129035677,129035706,+
chr10,129969770,129969786,+
chr10,129978645,129978661,+
chr10,130313584,130313606,+
chr10,130313638,130313657,+
chr10,4387938,4387960,-
chr10,4432710,4432729,-
chr10,4532533,4532560,-
chr10,4921882,4922035,-
chr10,5806217,5806252,-
chr10,7076257,7076271,-
chr10,7212956,7212970,-
chr10,7600847,7600861,-
chr10,7781123,7781151,-
chr10,7819500,7819534,-
chr10,7819722,7819741,-
chr10,7824965,7824981,-
chr10,7825149,7825163,-
chr10,7832255,7832279,-
chr10,7847507,7847529,-
chr10,7992941,7992964,-
chr10,8131231,8131250,-
chr10,8214381,8214422,-
chr10,8506030,8506047,-
chr10,8517050,8517090,-
chr10,8641110,8641132,-
chr10,10143299,10143313,-
chr10,10143389,10143408,-
chr10,10190600,10190617,-
chr10,11165192,11165221,-
chr10,11282284,11282311,-
chr10,11282360,11282374,-
chr10,12524337,12524357,-
chr10,12813616,12813655,-
chr10,12813749,12813771,-
chr10,12860663,12860703,-
chr10,12874898,12874912,-
chr10,12923296,12923315,-
chr10,12981115,12981143,-
chr10,13060178,13060192,-
chr10,13430034,13430048,-
chr10,13452785,13452815,-
chr10,13453583,13453599,-
chr10,13564958,13564985,-
chr10,13967418,13967434,-
chr10,13993931,13993950,-
chr10,13998906,13998925,-
chr10,14018426,14018441,-
chr10,14046070,14046103,-
chr10,14046110,14046124,-
chr10,14046162,14046178,-
chr10,14046520,14046546,-
chr10,14057427,14057446,-
chr10,14057790,14057809,-
chr10,14057940,14057974,-
chr10,14057991,14058031,-
chr10,14058046,14058079,-
chr10,14085990,14086016,-
chr10,14110946,14110961,-
chr10,14111016,14111031,-
chr10,14116215,14116231,-
chr10,14207679,14207699,-
chr10,14705687,14705731,-
chr10,15688793,15688815,-
chr10,15688871,15688908,-
chr10,15688990,15689013,-
chr10,15689085,15689108,-
chr10,17406544,17406564,-
chr10,17406606,17406643,-
chr10,17406721,17406749,-
chr10,17550144,17550166,-
chr10,17565497,17565519,-
chr10,17565534,17565566,-
chr10,17565597,17565616,-
chr10,17716536,17716550,-
chr10,17728791,17728826,-
chr10,17728990,17729004,-
chr10,17775432,17775452,-
chr10,17860740,17860785,-
chr10,17920281,17920317,-
chr10,17926435,17926464,-
chr10,17948057,17948076,-
chr10,17966306,17966325,-
chr10,18235321,18235343,-
chr10,18235490,18235519,-
chr10,18407498,18407517,-
chr10,18470348,18470367,-
chr10,18917662,18917676,-
chr10,18941410,18941424,-
chr10,19062346,19062366,-
chr10,19062542,19062561,-
chr10,19117428,19117443,-
chr10,19122519,19122534,-
chr10,19184943,19184958,-
chr10,19185911,19185938,-
chr10,19185971,19185993,-
chr10,19188543,19188565,-
chr10,19188694,19188709,-
chr10,19240120,19240150,-
chr10,19491966,19491981,-
chr10,19504978,19504992,-
chr10,19578315,19578330,-
chr10,19582130,19582161,-
chr10,19592496,19592522,-
chr10,19619957,19619971,-
chr10,19620005,19620024,-
chr10,19620085,19620156,-
chr10,19620172,19620194,-
chr10,19747940,19747962,-
chr10,19887783,19887807,-
chr10,19935137,19935175,-
chr10,20000249,20000276,-
chr10,20281451,20281477,-
chr10,20281847,20281874,-
chr10,20290411,20290426,-
chr10,20952301,20952315,-
chr10,20954298,20954314,-
chr10,21179139,21179153,-
chr10,21200876,21200913,-
chr10,21223573,21223587,-
chr10,21224528,21224565,-
chr10,21479488,21479502,-
chr10,21905974,21906014,-
chr10,21947137,21947153,-
chr10,22299345,22299420,-
chr10,23787467,23787486,-
chr10,23942590,23942606,-
chr10,23965225,23965244,-
chr10,24149128,24149147,-
chr10,24312399,24312453,-
chr10,24823784,24823798,-
chr10,24870432,24870448,-
chr10,25297382,25297396,-
chr10,25313760,25313789,-
chr10,25313910,25313924,-
chr10,25426782,25426798,-
chr10,26139699,26139715,-
chr10,26325671,26325704,-
chr10,26520827,26520867,-
chr10,26799471,26799519,-
chr10,26799824,26799870,-
chr10,26894543,26894559,-
chr10,26894580,26894596,-
chr10,26894618,26894634,-
chr10,26894656,26894672,-
chr10,26894696,26894712,-
chr10,26894736,26894752,-
chr10,26894776,26894792,-
chr10,28567637,28567653,-
chr10,28594402,28594422,-
chr10,29936893,29936945,-
chr10,30200699,30200729,-
chr10,30627890,30627918,-
chr10,30811236,30811274,-
chr10,30811284,30811298,-
chr10,30819390,30819405,-
chr10,30842907,30842926,-
chr10,31668499,31668514,-
chr10,33950832,33950846,-
chr10,35071799,35071819,-
chr10,36158021,36158037,-
chr10,37232472,37232486,-
chr10,37337585,37337605,-
chr10,38108982,38108997,-
chr10,38109000,38109020,-
chr10,38884955,38884977,-
chr10,39172127,39172146,-
chr10,39339786,39339819,-
chr10,39369240,39369262,-
chr10,39486978,39486994,-
chr10,39625827,39625846,-
chr10,39691872,39691894,-
chr10,39692009,39692041,-
chr10,39793531,39793552,-
chr10,39793649,39793678,-
chr10,40125598,40125701,-
chr10,40163354,40163382,-
chr10,40258270,40258301,-
chr10,40258674,40258696,-
chr10,40259224,40259276,-
chr10,40310034,40310067,-
chr10,40342604,40342618,-
chr10,40342682,40342708,-
chr10,40362578,40362607,-
chr10,40362611,40362639,-
chr10,40371551,40371577,-
chr10,40371755,40371790,-
chr10,40371816,40371838,-
chr10,40371938,40371957,-
chr10,40385886,40385912,-
chr10,40386196,40386212,-
chr10,40420021,40420040,-
chr10,40420222,40420255,-
chr10,40451842,40451880,-
chr10,40462438,40462457,-
chr10,40479251,40479267,-
chr10,40479379,40479396,-
chr10,40713171,40713185,-
chr10,41288169,41288204,-
chr10,41491312,41491335,-
chr10,41527238,41527257,-
chr10,41527484,41527500,-
chr10,41530212,41530231,-
chr10,41530343,41530357,-
chr10,41552983,41553003,-
chr10,41603166,41603180,-
chr10,41614668,41614684,-
chr10,41682844,41682858,-
chr10,41690616,41690630,-
chr10,41880910,41880926,-
chr10,41893655,41893678,-
chr10,41893737,41893756,-
chr10,41937515,41937554,-
chr10,42860935,42860949,-
chr10,42962213,42962243,-
chr10,43002611,43002643,-
chr10,43480128,43480158,-
chr10,43740514,43740530,-
chr10,43740802,43740844,-
chr10,43901915,43901935,-
chr10,44002694,44002714,-
chr10,44002861,44002885,-
chr10,44005556,44005609,-
chr10,44380704,44380737,-
chr10,44429811,44429825,-
chr10,44483439,44483454,-
chr10,44483500,44483520,-
chr10,44529638,44529677,-
chr10,45000955,45000991,-
chr10,45020563,45020582,-
chr10,46301284,46301303,-
chr10,46301344,46301358,-
chr10,46301400,46301448,-
chr10,47412394,47412533,-
chr10,50593291,50593306,-
chr10,50593444,50593502,-
chr10,52927241,52927267,-
chr10,53348397,53348413,-
chr10,53412368,53412388,-
chr10,53597165,53597179,-
chr10,53629341,53629365,-
chr10,54005818,54005832,-
chr10,54032999,54033025,-
chr10,54033050,54033064,-
chr10,54041023,54041047,-
chr10,55621452,55621474,-
chr10,56650623,56650638,-
chr10,57532709,57532724,-
chr10,57532763,57532803,-
chr10,57743584,57743598,-
chr10,57743717,57743755,-
chr10,57753711,57753737,-
chr10,57796339,57796358,-
chr10,58359351,58359370,-
chr10,58359406,58359446,-
chr10,58359499,58359525,-
chr10,58370228,58370244,-
chr10,58371287,58371302,-
chr10,58377530,58377598,-
chr10,58383521,58383543,-
chr10,58488532,58488569,-
chr10,58488581,58488600,-
chr10,58755976,58755991,-
chr10,59309263,59309317,-
chr10,59322286,59322300,-
chr10,59322458,59322495,-
chr10,59836613,59836657,-
chr10,59974955,59974971,-
chr10,60081235,60081251,-
chr10,60381076,60381098,-
chr10,60760403,60760440,-
chr10,61148058,61148109,-
chr10,61453220,61453236,-
chr10,61520227,61520253,-
chr10,62183229,62183261,-
chr10,62500496,62500522,-
chr10,62500529,62500544,-
chr10,62506520,62506534,-
chr10,62506622,62506660,-
chr10,62507944,62507977,-
chr10,62544055,62544102,-
chr10,62784399,62784428,-
chr10,62792767,62792798,-
chr10,62946693,62946722,-
chr10,63166110,63166137,-
chr10,63176683,63176725,-
chr10,63231795,63231810,-
chr10,63244878,63244893,-
chr10,63424385,63424416,-
chr10,63424438,63424460,-
chr10,63424495,63424509,-
chr10,64782465,64782484,-
chr10,64782527,64782554,-
chr10,66864535,66864555,-
chr10,66864743,66864775,-
chr10,66955351,66955394,-
chr10,66955450,66955478,-
chr10,67052728,67052743,-
chr10,67052835,67052854,-
chr10,67052890,67052930,-
chr10,67065675,67065703,-
chr10,67065719,67065741,-
chr10,67184581,67184600,-
chr10,67185457,67185492,-
chr10,67185506,67185520,-
chr10,67185828,67185850,-
chr10,67186066,67186088,-
chr10,67200645,67200660,-
chr10,67200669,67200691,-
chr10,67459014,67459036,-
chr10,67459137,67459156,-
chr10,67536476,67536504,-
chr10,67537328,67537363,-
chr10,67549266,67549286,-
chr10,67549560,67549576,-
chr10,67586238,67586264,-
chr10,67643796,67643810,-
chr10,67644439,67644466,-
chr10,67647267,67647301,-
chr10,67657478,67657494,-
chr10,67862440,67862456,-
chr10,68035770,68035784,-
chr10,68039802,68039828,-
chr10,68066487,68066563,-
chr10,68082057,68082076,-
chr10,68105397,68105423,-
chr10,68119607,68119622,-
chr10,68137397,68137419,-
chr10,68140154,68140176,-
chr10,68154318,68154389,-
chr10,68192419,68192435,-
chr10,68192887,68192918,-
chr10,68193112,68193134,-
chr10,68238917,68238936,-
chr10,68239082,68239109,-
chr10,68239320,68239348,-
chr10,68247763,68247782,-
chr10,68247799,68247818,-
chr10,68248709,68248731,-
chr10,68355053,68355079,-
chr10,68445646,68445673,-
chr10,68445708,68445727,-
chr10,68519948,68519962,-
chr10,68520037,68520058,-
chr10,68541508,68541522,-
chr10,70095581,70095610,-
chr10,70116755,70116779,-
chr10,70180953,70181006,-
chr10,71285237,71285259,-
chr10,71358021,71358060,-
chr10,71361730,71361763,-
chr10,71361781,71361875,-
chr10,71399153,71399202,-
chr10,75059382,75059404,-
chr10,75299869,75299934,-
chr10,75326833,75326872,-
chr10,75439766,75439823,-
chr10,75446514,75446536,-
chr10,75531913,75531935,-
chr10,75591728,75591750,-
chr10,75740417,75740456,-
chr10,75764530,75764600,-
chr10,75765573,75765587,-
chr10,75836139,75836176,-
chr10,75883540,75883554,-
chr10,75883583,75883606,-
chr10,75951736,75951757,-
chr10,76033195,76033211,-
chr10,76033285,76033309,-
chr10,77520848,77520862,-
chr10,77537273,77537295,-
chr10,77607154,77607168,-
chr10,78595023,78595049,-
chr10,79097115,79097134,-
chr10,79703941,79703985,-
chr10,79855390,79855417,-
chr10,79855513,79855548,-
chr10,79861690,79861709,-
chr10,79861777,79861799,-
chr10,79959654,79959788,-
chr10,79984465,79984484,-
chr10,79984537,79984553,-
chr10,79984819,79984833,-
chr10,79984937,79984951,-
chr10,80023889,80023904,-
chr10,80024029,80024061,-
chr10,80024190,80024221,-
chr10,80024460,80024493,-
chr10,80033460,80033485,-
chr10,80137727,80137749,-
chr10,80141624,80141640,-
chr10,80149649,80149671,-
chr10,80168159,80168173,-
chr10,80173254,80173299,-
chr10,80249275,80249297,-
chr10,80434165,80434191,-
chr10,80561892,80561919,-
chr10,80695743,80695765,-
chr10,80901190,80901219,-
chr10,80901246,80901261,-
chr10,81016932,81016962,-
chr10,81017180,81017208,-
chr10,81137370,81137392,-
chr10,81248052,81248071,-
chr10,81285999,81286026,-
chr10,81298791,81298813,-
chr10,81384149,81384173,-
chr10,81499697,81499719,-
chr10,81502572,81502597,-
chr10,81551912,81551927,-
chr10,82393338,82393360,-
chr10,82580426,82580440,-
chr10,82580586,82580611,-
chr10,83330328,83330386,-
chr10,83330520,83330559,-
chr10,83544415,83544434,-
chr10,84576377,84576391,-
chr10,84577330,84577352,-
chr10,84577546,84577570,-
chr10,85046675,85046703,-
chr10,85411182,85411201,-
chr10,85411475,85411510,-
chr10,85411553,85411569,-
chr10,85828969,85829015,-
chr10,86685101,86685147,-
chr10,86706850,86706864,-
chr10,86707062,86707084,-
chr10,86731384,86731403,-
chr10,87972671,87972693,-
chr10,88357234,88357253,-
chr10,88405717,88405733,-
chr10,88420828,88420850,-
chr10,88730990,88731005,-
chr10,88731240,88731278,-
chr10,88826943,88826987,-
chr10,88826996,88827028,-
chr10,89678279,89678295,-
chr10,89732479,89732504,-
chr10,89764508,89764530,-
chr10,90614615,90614637,-
chr10,90614894,90614909,-
chr10,91160835,91160854,-
chr10,91271433,91271452,-
chr10,92507154,92507170,-
chr10,92722542,92722562,-
chr10,93041475,93041490,-
chr10,93041623,93041642,-
chr10,93041785,93041820,-
chr10,93070623,93070637,-
chr10,93070825,93070859,-
chr10,93123067,93123090,-
chr10,93123093,93123112,-
chr10,93143436,93143463,-
chr10,93158824,93158848,-
chr10,93160758,93160798,-
chr10,93171502,93171528,-
chr10,93205243,93205257,-
chr10,93205693,93205724,-
chr10,93228328,93228344,-
chr10,93228367,93228383,-
chr10,93228442,93228464,-
chr10,93310890,93310904,-
chr10,93325505,93325538,-
chr10,93335980,93335994,-
chr10,93452678,93452697,-
chr10,93452857,93452885,-
chr10,93453126,93453140,-
chr10,93468173,93468229,-
chr10,93939084,93939111,-
chr10,94088005,94088021,-
chr10,94378557,94378573,-
chr10,94408872,94408894,-
chr10,94426716,94426732,-
chr10,94689195,94689225,-
chr10,94696698,94696785,-
chr10,94828432,94828446,-
chr10,95255221,95255236,-
chr10,95261156,95261196,-
chr10,95261451,95261466,-
chr10,95323711,95323744,-
chr10,95372264,95372298,-
chr10,95418615,95418688,-
chr10,95677556,95677570,-
chr10,95780035,95780049,-
chr10,95815305,95815324,-
chr10,95880029,95880051,-
chr10,95940135,95940150,-
chr10,95942134,95942148,-
chr10,95942237,95942259,-
chr10,95942370,95942394,-
chr10,95942428,95942443,-
chr10,96201405,96201420,-
chr10,96201622,96201637,-
chr10,96204456,96204477,-
chr10,96214972,96214992,-
chr10,96274118,96274138,-
chr10,96274364,96274386,-
chr10,96325370,96325392,-
chr10,96348425,96348444,-
chr10,96364051,96364070,-
chr10,96398565,96398618,-
chr10,96407908,96407927,-
chr10,96467082,96467097,-
chr10,96481422,96481445,-
chr10,96497821,96497849,-
chr10,96565208,96565278,-
chr10,96565534,96565556,-
chr10,96570360,96570379,-
chr10,96586526,96586557,-
chr10,96589972,96590000,-
chr10,96599647,96599670,-
chr10,96599681,96599697,-
chr10,96599855,96599887,-
chr10,96616784,96616804,-
chr10,96686029,96686048,-
chr10,96694102,96694124,-
chr10,96694156,96694188,-
chr10,96698316,96698339,-
chr10,96786931,96786960,-
chr10,96787601,96787644,-
chr10,96787650,96787672,-
chr10,96822768,96822784,-
chr10,96934997,96935012,-
chr10,97312608,97312627,-
chr10,97312939,97312958,-
chr10,97313327,97313341,-
chr10,97313619,97313633,-
chr10,98684278,98684294,-
chr10,98684340,98684371,-
chr10,98684624,98684646,-
chr10,98745768,98745782,-
chr10,98745942,98745968,-
chr10,98745988,98746007,-
chr10,98785540,98785567,-
chr10,98785759,98785773,-
chr10,98788577,98788597,-
chr10,98875702,98875889,-
chr10,98877649,98877677,-
chr10,98877767,98877786,-
chr10,98877833,98877876,-
chr10,98885876,98885922,-
chr10,98886096,98886118,-
chr10,98914946,98914967,-
chr10,99116865,99116895,-
chr10,99117090,99117128,-
chr10,99339673,99339699,-
chr10,99386162,99386176,-
chr10,99386299,99386325,-
chr10,99393535,99393557,-
chr10,99460343,99460376,-
chr10,99592489,99592503,-
chr10,99599896,99599918,-
chr10,105238565,105238579,-
chr10,105393145,105393159,-
chr10,108129418,108129444,-
chr10,108352585,108352623,-
chr10,108352632,108352659,-
chr10,110489693,110489736,-
chr10,110932144,110932180,-
chr10,111008276,111008320,-
chr10,111108863,111108879,-
chr10,111165753,111165775,-
chr10,111234810,111234851,-
chr10,111422227,111422246,-
chr10,111578556,111578572,-
chr10,111924472,111924516,-
chr10,111997322,111997357,-
chr10,112861081,112861101,-
chr10,115384217,115384232,-
chr10,116198985,116199034,-
chr10,116396456,116396489,-
chr10,116581930,116581947,-
chr10,116582460,116582475,-
chr10,116582917,116582933,-
chr10,116582953,116582984,-
chr10,116883622,116883694,-
chr10,117104260,117104287,-
chr10,117104465,117104487,-
chr10,117215796,117215818,-
chr10,117493979,117494008,-
chr10,117530853,117530867,-
chr10,117768098,117768133,-
chr10,117793093,117793123,-
chr10,117865116,117865142,-
chr10,117894954,117894970,-
chr10,117940766,117940800,-
chr10,117948005,117948027,-
chr10,117948041,117948077,-
chr10,117948366,117948388,-
chr10,117948392,117948414,-
chr10,117948507,117948523,-
chr10,118041353,118041401,-
chr10,118406882,118406896,-
chr10,118461547,118461587,-
chr10,118461600,118461630,-
chr10,118506409,118506428,-
chr10,118633680,118633699,-
chr10,118811134,118811157,-
chr10,118882483,118882513,-
chr10,118882856,118882888,-
chr10,119050669,119050703,-
chr10,120125117,120125160,-
chr10,120617002,120617021,-
chr10,120979088,120979106,-
chr10,120979144,120979176,-
chr10,121033753,121033777,-
chr10,121033841,121033863,-
chr10,121316604,121316618,-
chr10,121430014,121430056,-
chr10,121516529,121516572,-
chr10,121533956,121533992,-
chr10,121534134,121534156,-
chr10,122200090,122200112,-
chr10,122578463,122578502,-
chr10,122652340,122652360,-
chr10,122739007,122739027,-
chr10,122739293,122739335,-
chr10,122794986,122795006,-
chr10,122807146,122807176,-
chr10,122807249,122807284,-
chr10,123786411,123786427,-
chr10,127031010,127031026,-
chr10,127136526,127136548,-
chr10,127150692,127150708,-
chr10,127177180,127177267,-
chr10,127225756,127225778,-
chr10,127266173,127266188,-
chr10,127311998,127312014,-
chr10,127642283,127642299,-
chr10,127643056,127643080,-
chr10,127668684,127668715,-
chr10,127668751,127668767,-
chr10,127674741,127674760,-
chr10,127745061,127745098,-
chr10,128080869,128080908,-
chr10,128097887,128097915,-
chr10,128097918,128097944,-
chr10,128135602,128135621,-
chr10,128176707,128176741,-
chr10,128212020,128212039,-
chr10,128270997,128271013,-
chr10,128322105,128322121,-
chr10,128322139,128322187,-
chr10,128424920,128424934,-
chr10,128439232,128439264,-
chr10,128499017,128499073,-
chr10,128636900,128636936,-
chr10,128637343,128637365,-
chr10,128637378,128637400,-
chr10,128637500,128637534,-
chr10,128674890,128674938,-
chr10,128821332,128821351,-
chr10,128822084,128822106,-
chr10,129969995,129970014,-
chr10,129970041,129970064,-
chr10,129978870,129978889,-
chr10,129978916,129978939,-
chr10,130313943,130313957,-
chr10,130322973,130322992,-
chr10,130336753,130336773,-
chr11,3387013,3387032,+
chr11,4203633,4203655,+
chr11,4246802,4246824,+
chr11,4247104,4247135,+
chr11,4289178,4289215,+
chr11,4319801,4319823,+
chr11,4335098,4335117,+
chr11,4336260,4336287,+
chr11,4423874,4423898,+
chr11,4424127,4424172,+
chr11,4424184,4424203,+
chr11,4497455,4497483,+
chr11,4594753,4594775,+
chr11,4595014,4595030,+
chr11,4629274,4629307,+
chr11,4629504,4629532,+
chr11,4803929,4803945,+
chr11,4804112,4804132,+
chr11,4805096,4805118,+
chr11,4805220,4805234,+
chr11,4813921,4813937,+
chr11,4814012,4814026,+
chr11,4814230,4814259,+
chr11,4869279,4869301,+
chr11,4869346,4869420,+
chr11,4987078,4987098,+
chr11,5215533,5215563,+
chr11,5411696,5411711,+
chr11,5424108,5424135,+
chr11,5424211,5424230,+
chr11,5424300,5424322,+
chr11,5430032,5430054,+
chr11,5430076,5430104,+
chr11,5443099,5443117,+
chr11,5485564,5485635,+
chr11,5541428,5541456,+
chr11,5575521,5575602,+
chr11,5636198,5636217,+
chr11,5636219,5636233,+
chr11,5788250,5788264,+
chr11,6152999,6153021,+
chr11,6153060,6153088,+
chr11,6184481,6184503,+
chr11,6267761,6267777,+
chr11,6410526,6410561,+
chr11,6567931,6567959,+
chr11,6679964,6679983,+
chr11,6679993,6680058,+
chr11,6705193,6705223,+
chr11,9010775,9010803,+
chr11,11519361,11519377,+
chr11,11528994,11529010,+
chr11,11529066,11529088,+
chr11,11529219,11529233,+
chr11,11703825,11703839,+
chr11,11726128,11726143,+
chr11,11741537,11741579,+
chr11,11741710,11741726,+
chr11,11766451,11766513,+
chr11,11788352,11788395,+
chr11,11808799,11808832,+
chr11,15180519,15180533,+
chr11,15180538,15180557,+
chr11,15180566,15180588,+
chr11,16455084,16455098,+
chr11,16455167,16455192,+
chr11,16455320,16455341,+
chr11,17211183,17211255,+
chr11,17953176,17953192,+
chr11,17953370,17953413,+
chr11,18527391,18527519,+
chr11,18527590,18527609,+
chr11,19979152,19979174,+
chr11,19992979,19993005,+
chr11,20112342,20112364,+
chr11,20248661,20248683,+
chr11,20315966,20315986,+
chr11,20455430,20455445,+
chr11,20553504,20553520,+
chr11,20712106,20712138,+
chr11,20712609,20712657,+
chr11,20742831,20742847,+
chr11,21091389,21091404,+
chr11,21115560,21115576,+
chr11,21141841,21141867,+
chr11,21141984,21141998,+
chr11,21167060,21167082,+
chr11,21172698,21172714,+
chr11,21180624,21180646,+
chr11,21224278,21224304,+
chr11,21253513,21253532,+
chr11,21303976,21303992,+
chr11,21339732,21339766,+
chr11,22842228,22842255,+
chr11,22845092,22845131,+
chr11,22845144,22845168,+
chr11,22871979,22871998,+
chr11,22973268,22973287,+
chr11,22981910,22981924,+
chr11,23769699,23769721,+
chr11,23771949,23771964,+
chr11,24997096,24997125,+
chr11,24997139,24997158,+
chr11,24997203,24997218,+
chr11,25373900,25373937,+
chr11,27669759,27669775,+
chr11,28399024,28399039,+
chr11,28399190,28399209,+
chr11,29139433,29139447,+
chr11,29139463,29139477,+
chr11,29139488,29139508,+
chr11,29139605,29139619,+
chr11,29561276,29561295,+
chr11,30182465,30182497,+
chr11,30182610,30182629,+
chr11,30776726,30776740,+
chr11,30986676,30986690,+
chr11,31279268,31279293,+
chr11,31892293,31892315,+
chr11,31892407,31892429,+
chr11,31949099,31949129,+
chr11,32000152,32000190,+
chr11,32019905,32019925,+
chr11,32104750,32104764,+
chr11,32126467,32126483,+
chr11,32216966,32217007,+
chr11,32325221,32325235,+
chr11,32580965,32580991,+
chr11,32642298,32642320,+
chr11,32801744,32801758,+
chr11,33199692,33199743,+
chr11,33199855,33199889,+
chr11,33199959,33199973,+
chr11,33447135,33447159,+
chr11,33447553,33447575,+
chr11,33447641,33447727,+
chr11,34506661,34506680,+
chr11,34737256,34737278,+
chr11,34737333,34737353,+
chr11,34762361,34762375,+
chr11,34762385,34762415,+
chr11,34762421,34762447,+
chr11,34762493,34762509,+
chr11,34762617,34762684,+
chr11,34763333,34763349,+
chr11,34763691,34763719,+
chr11,34770798,34770840,+
chr11,37757667,37757682,+
chr11,38189087,38189103,+
chr11,38189130,38189145,+
chr11,39012957,39013003,+
chr11,40692427,40692443,+
chr11,40694479,40694508,+
chr11,41090340,41090362,+
chr11,41090386,41090405,+
chr11,41915394,41915416,+
chr11,41915623,41915642,+
chr11,41915691,41915711,+
chr11,41915781,41915805,+
chr11,42788668,42788688,+
chr11,42788863,42788877,+
chr11,42909705,42909731,+
chr11,42909788,42909810,+
chr11,42909888,42909902,+
chr11,43426347,43426415,+
chr11,43433663,43433682,+
chr11,44495286,44495308,+
chr11,44501591,44501607,+
chr11,44543970,44543998,+
chr11,45555264,45555280,+
chr11,45794969,45795003,+
chr11,45852782,45852798,+
chr11,45875671,45875690,+
chr11,46086643,46086659,+
chr11,46344513,46344541,+
chr11,46372314,46372352,+
chr11,46372552,46372568,+
chr11,46372640,46372673,+
chr11,46373119,46373144,+
chr11,46373432,46373460,+
chr11,46380287,46380306,+
chr11,46389197,46389260,+
chr11,46389313,46389329,+
chr11,46421299,46421313,+
chr11,46431483,46431511,+
chr11,46448088,46448155,+
chr11,46448211,46448230,+
chr11,46448372,46448396,+
chr11,46582151,46582173,+
chr11,46668229,46668248,+
chr11,48799920,48799940,+
chr11,48834383,48834410,+
chr11,48856799,48856813,+
chr11,48917943,48917971,+
chr11,48918169,48918191,+
chr11,49072178,49072200,+
chr11,49072404,49072418,+
chr11,49090838,49090854,+
chr11,49202784,49202803,+
chr11,49203303,49203325,+
chr11,49204390,49204416,+
chr11,49249962,49249981,+
chr11,49811258,49811272,+
chr11,49982828,49982878,+
chr11,49982976,49983010,+
chr11,50377481,50377495,+
chr11,50377541,50377575,+
chr11,50415726,50415741,+
chr11,50415751,50415777,+
chr11,50835785,50835813,+
chr11,50835920,50835960,+
chr11,51753756,51753772,+
chr11,51763482,51763535,+
chr11,51856578,51856602,+
chr11,51858500,51858522,+
chr11,52299819,52299833,+
chr11,52313971,52313993,+
chr11,52341276,52341292,+
chr11,52396230,52396269,+
chr11,53179179,53179198,+
chr11,53330286,53330329,+
chr11,53330408,53330436,+
chr11,53737819,53737848,+
chr11,53764203,53764231,+
chr11,53811445,53811494,+
chr11,53811591,53811615,+
chr11,53859227,53859255,+
chr11,54492218,54492233,+
chr11,54533847,54533869,+
chr11,54764040,54764072,+
chr11,54774339,54774385,+
chr11,54774935,54774950,+
chr11,54844414,54844445,+
chr11,54860727,54860741,+
chr11,54860976,54861005,+
chr11,54941950,54941972,+
chr11,54956405,54956421,+
chr11,55072738,55072752,+
chr11,55132541,55132576,+
chr11,55159058,55159072,+
chr11,58168750,58168778,+
chr11,58181797,58181811,+
chr11,58302150,58302174,+
chr11,58519823,58519846,+
chr11,58715604,58715628,+
chr11,58904800,58904819,+
chr11,58914838,58914875,+
chr11,58978032,58978047,+
chr11,59163897,59163913,+
chr11,59628569,59628682,+
chr11,59809595,59809617,+
chr11,59839986,59840012,+
chr11,60084993,60085009,+
chr11,60199875,60199897,+
chr11,60334373,60334392,+
chr11,60334486,60334515,+
chr11,60334638,60334668,+
chr11,60334673,60334692,+
chr11,61653247,61653274,+
chr11,62218289,62218347,+
chr11,62218434,62218452,+
chr11,62487332,62487346,+
chr11,62495138,62495157,+
chr11,62544380,62544414,+
chr11,62550802,62550834,+
chr11,62574546,62574585,+
chr11,62613954,62613976,+
chr11,63920789,63920804,+
chr11,64079288,64079302,+
chr11,66172237,66172256,+
chr11,66332925,66332947,+
chr11,66397416,66397432,+
chr11,67051917,67051940,+
chr11,67051958,67051980,+
chr11,67112861,67112889,+
chr11,68135576,68135595,+
chr11,68199156,68199181,+
chr11,68279653,68279675,+
chr11,68453628,68453678,+
chr11,68965825,68965840,+
chr11,68967912,68967949,+
chr11,69037743,69037762,+
chr11,69062908,69062928,+
chr11,69124133,69124155,+
chr11,69257954,69257968,+
chr11,69411086,69411112,+
chr11,69662267,69662281,+
chr11,69682296,69682329,+
chr11,69682456,69682497,+
chr11,69754713,69754763,+
chr11,69754792,69754865,+
chr11,69758454,69758474,+
chr11,69758517,69758533,+
chr11,69991409,69991424,+
chr11,70525034,70525054,+
chr11,70563774,70563800,+
chr11,70629791,70629828,+
chr11,70629907,70629921,+
chr11,70654926,70654963,+
chr11,70669868,70669890,+
chr11,72182310,72182324,+
chr11,72427128,72427202,+
chr11,72429002,72429024,+
chr11,72795964,72796007,+
chr11,74443339,74443384,+
chr11,75279645,75279690,+
chr11,75282816,75282839,+
chr11,75323131,75323153,+
chr11,75336999,75337025,+
chr11,75338628,75338669,+
chr11,75348744,75348758,+
chr11,75486580,75486595,+
chr11,75976901,75976923,+
chr11,75983467,75983486,+
chr11,75999869,75999888,+
chr11,76037785,76037812,+
chr11,76296425,76296455,+
chr11,76494450,76494465,+
chr11,76734834,76734848,+
chr11,76734944,76734970,+
chr11,77371649,77371663,+
chr11,77386171,77386193,+
chr11,77386632,77386657,+
chr11,77483904,77483922,+
chr11,77484186,77484200,+
chr11,77685570,77685594,+
chr11,77685724,77685744,+
chr11,78169094,78169109,+
chr11,78176319,78176338,+
chr11,78453974,78454001,+
chr11,78509264,78509301,+
chr11,78509399,78509427,+
chr11,78600143,78600180,+
chr11,78600264,78600286,+
chr11,78664877,78664897,+
chr11,78679013,78679039,+
chr11,78679300,78679343,+
chr11,78679469,78679499,+
chr11,78697687,78697701,+
chr11,78766842,78766879,+
chr11,78823138,78823199,+
chr11,79296327,79296349,+
chr11,79366296,79366310,+
chr11,79398335,79398377,+
chr11,79398432,79398451,+
chr11,79461107,79461135,+
chr11,79520172,79520194,+
chr11,79530508,79530530,+
chr11,80075781,80075816,+
chr11,80086741,80086785,+
chr11,80087046,80087068,+
chr11,80089167,80089192,+
chr11,80382975,80383046,+
chr11,80504598,80504637,+
chr11,80525056,80525070,+
chr11,82870112,82870134,+
chr11,82886792,82886814,+
chr11,83040417,83040439,+
chr11,83224252,83224271,+
chr11,83224531,83224561,+
chr11,83272580,83272594,+
chr11,83802107,83802138,+
chr11,85574881,85574907,+
chr11,86464209,86464255,+
chr11,86589999,86590027,+
chr11,86590150,86590191,+
chr11,86590307,86590334,+
chr11,86596054,86596134,+
chr11,86621257,86621271,+
chr11,86624310,86624330,+
chr11,86624609,86624628,+
chr11,86746262,86746276,+
chr11,86746346,86746374,+
chr11,86814982,86815033,+
chr11,86815041,86815075,+
chr11,86815132,86815155,+
chr11,86815159,86815196,+
chr11,86827587,86827601,+
chr11,86827784,86827800,+
chr11,87393918,87393937,+
chr11,87394014,87394036,+
chr11,87404690,87404718,+
chr11,87426320,87426380,+
chr11,87426488,87426504,+
chr11,87443627,87443649,+
chr11,87449237,87449253,+
chr11,87591701,87591715,+
chr11,87684372,87684394,+
chr11,87720433,87720452,+
chr11,87721239,87721270,+
chr11,87737144,87737183,+
chr11,87759931,87759951,+
chr11,87937913,87937933,+
chr11,87967904,87967928,+
chr11,88194428,88194467,+
chr11,88553098,88553117,+
chr11,88564818,88564834,+
chr11,88576946,88576970,+
chr11,88599110,88599138,+
chr11,88619219,88619250,+
chr11,88620173,88620187,+
chr11,88620574,88620590,+
chr11,88620675,88620708,+
chr11,88620749,88620769,+
chr11,88629237,88629265,+
chr11,88629282,88629296,+
chr11,88895825,88895861,+
chr11,88895884,88895906,+
chr11,88955205,88955235,+
chr11,89024054,89024070,+
chr11,89024075,89024102,+
chr11,89058760,89058782,+
chr11,90224869,90224885,+
chr11,90225367,90225383,+
chr11,90257170,90257185,+
chr11,90264231,90264253,+
chr11,90512821,90512836,+
chr11,92022380,92022396,+
chr11,93306735,93306765,+
chr11,93591091,93591105,+
chr11,93591389,93591403,+
chr11,93591456,93591481,+
chr11,94386579,94386593,+
chr11,94528315,94528341,+
chr11,94528355,94528381,+
chr11,94698027,94698049,+
chr11,94979055,94979077,+
chr11,95413621,95413640,+
chr11,95688593,95688609,+
chr11,95713956,95713978,+
chr11,96034761,96034775,+
chr11,96468398,96468412,+
chr11,96788901,96788921,+
chr11,96788984,96789016,+
chr11,96876071,96876088,+
chr11,96979239,96979267,+
chr11,96979274,96979323,+
chr11,97140956,97140970,+
chr11,97622457,97622471,+
chr11,97684388,97684403,+
chr11,97719047,97719100,+
chr11,97728100,97728146,+
chr11,97793200,97793234,+
chr11,97884004,97884055,+
chr11,97899908,97899924,+
chr11,97996320,97996348,+
chr11,98026833,98026849,+
chr11,98026857,98026871,+
chr11,98044139,98044174,+
chr11,98149589,98149619,+
chr11,98469753,98469781,+
chr11,98513663,98513685,+
chr11,98550090,98550112,+
chr11,98550171,98550190,+
chr11,98783276,98783292,+
chr11,98863292,98863322,+
chr11,98863395,98863411,+
chr11,98907593,98907607,+
chr11,99010220,99010248,+
chr11,99170976,99171018,+
chr11,99199952,99199999,+
chr11,99255531,99255569,+
chr11,100399644,100399664,+
chr11,100610151,100610171,+
chr11,100804619,100804634,+
chr11,100804711,100804733,+
chr11,100822702,100822722,+
chr11,100823979,100824001,+
chr11,100824039,100824058,+
chr11,100831517,100831559,+
chr11,100831571,100831597,+
chr11,100846148,100846170,+
chr11,100846188,100846236,+
chr11,100891658,100891677,+
chr11,100891841,100891860,+
chr11,100952175,100952203,+
chr11,101082366,101082380,+
chr11,101173935,101173957,+
chr11,101417570,101417596,+
chr11,101442006,101442022,+
chr11,101562686,101562708,+
chr11,101627171,101627202,+
chr11,101627778,101627825,+
chr11,101645660,101645674,+
chr11,101658824,101658843,+
chr11,102061216,102061240,+
chr11,102156746,102156767,+
chr11,102284598,102284620,+
chr11,102556746,102556760,+
chr11,103266105,103266128,+
chr11,103698224,103698240,+
chr11,103698268,103698288,+
chr11,104383227,104383266,+
chr11,104383361,104383381,+
chr11,104442924,104442940,+
chr11,104443197,104443219,+
chr11,104443440,104443459,+
chr11,104443596,104443610,+
chr11,104448911,104448928,+
chr11,104609712,104609752,+
chr11,104630351,104630367,+
chr11,104660851,104660891,+
chr11,105125582,105125630,+
chr11,105180521,105180540,+
chr11,106001858,106001874,+
chr11,106002000,106002024,+
chr11,106065509,106065523,+
chr11,106076654,106076673,+
chr11,106167505,106167529,+
chr11,106318122,106318144,+
chr11,106387835,106387862,+
chr11,106438949,106438965,+
chr11,106439102,106439116,+
chr11,106664923,106664937,+
chr11,106665108,106665171,+
chr11,106665328,106665398,+
chr11,106725463,106725638,+
chr11,106725752,106725863,+
chr11,106742589,106742614,+
chr11,106742796,106742829,+
chr11,106750655,106750671,+
chr11,106750996,106751024,+
chr11,106762882,106762897,+
chr11,106770337,106770388,+
chr11,106770487,106770535,+
chr11,106779750,106779781,+
chr11,106999804,106999820,+
chr11,107013455,107013470,+
chr11,107394037,107394076,+
chr11,107451031,107451071,+
chr11,107464126,107464179,+
chr11,107529765,107529781,+
chr11,107668425,107668447,+
chr11,108094750,108094774,+
chr11,108094778,108094825,+
chr11,108095013,108095035,+
chr11,108222950,108222972,+
chr11,108248401,108248423,+
chr11,108272991,108273005,+
chr11,108273717,108273749,+
chr11,108273896,108273910,+
chr11,108920470,108920484,+
chr11,109362309,109362349,+
chr11,109419588,109419626,+
chr11,109420384,109420410,+
chr11,109470130,109470217,+
chr11,109470234,109470248,+
chr11,109470962,109471003,+
chr11,109496042,109496064,+
chr11,109663044,109663066,+
chr11,109860366,109860382,+
chr11,109860438,109860467,+
chr11,109860509,109860524,+
chr11,109873621,109873640,+
chr11,110125215,110125239,+
chr11,110350779,110350799,+
chr11,110350802,110350833,+
chr11,110993977,110993999,+
chr11,112324154,112324182,+
chr11,113648289,113648311,+
chr11,113684241,113684266,+
chr11,114702811,114702862,+
chr11,114876563,114876594,+
chr11,115358507,115358553,+
chr11,115407436,115407467,+
chr11,115413936,115413950,+
chr11,115508331,115508345,+
chr11,116081148,116081188,+
chr11,116087497,116087511,+
chr11,116198971,116198985,+
chr11,116377126,116377180,+
chr11,116434583,116434605,+
chr11,116488723,116488739,+
chr11,116488954,116488976,+
chr11,117092515,117092531,+
chr11,117092645,117092699,+
chr11,117242833,117242859,+
chr11,117242870,117242890,+
chr11,117301930,117301959,+
chr11,117319566,117319582,+
chr11,117401927,117401944,+
chr11,117828682,117828701,+
chr11,117846977,117846993,+
chr11,118145727,118145751,+
chr11,118152268,118152318,+
chr11,118152511,118152657,+
chr11,118225757,118225772,+
chr11,118225836,118225868,+
chr11,118225958,118225980,+
chr11,118232496,118232522,+
chr11,118266067,118266090,+
chr11,118266109,118266155,+
chr11,118266197,118266234,+
chr11,118266292,118266320,+
chr11,118290574,118290614,+
chr11,118337600,118337622,+
chr11,119085228,119085243,+
chr11,119162928,119162962,+
chr11,119162964,119162998,+
chr11,119928161,119928176,+
chr11,119928181,119928209,+
chr11,119928245,119928261,+
chr11,120150609,120150631,+
chr11,120150769,120150795,+
chr11,120510953,120510993,+
chr11,120851878,120851910,+
chr11,120851915,120851930,+
chr11,120852004,120852023,+
chr11,120852035,120852081,+
chr11,120905412,120905464,+
chr11,121064271,121064286,+
chr11,121100540,121100582,+
chr11,121100665,121100690,+
chr11,121100768,121100783,+
chr11,121237647,121237669,+
chr11,121261602,121261616,+
chr11,121672923,121672938,+
chr11,3227201,3227249,-
chr11,3289796,3289810,-
chr11,3313379,3313399,-
chr11,3332613,3332632,-
chr11,3335827,3335858,-
chr11,3345063,3345085,-
chr11,3963501,3963550,-
chr11,4203491,4203505,-
chr11,4289427,4289449,-
chr11,4289531,4289550,-
chr11,4319846,4319868,-
chr11,4536775,4536805,-
chr11,4638069,4638085,-
chr11,4869412,4869435,-
chr11,4869478,4869509,-
chr11,5058732,5058771,-
chr11,5061999,5062018,-
chr11,6006780,6006802,-
chr11,6006823,6006884,-
chr11,6200542,6200556,-
chr11,6366134,6366148,-
chr11,6444801,6444830,-
chr11,6547356,6547370,-
chr11,6694982,6695034,-
chr11,6695132,6695146,-
chr11,6695209,6695231,-
chr11,6701407,6701442,-
chr11,6705251,6705265,-
chr11,7145206,7145228,-
chr11,7145687,7145709,-
chr11,7161682,7161696,-
chr11,9048299,9048353,-
chr11,9749113,9749128,-
chr11,9749234,9749270,-
chr11,9749324,9749339,-
chr11,11500085,11500099,-
chr11,11512351,11512370,-
chr11,11521796,11521822,-
chr11,11528783,11528802,-
chr11,11690718,11690758,-
chr11,11716617,11716636,-
chr11,11719992,11720024,-
chr11,11726784,11726802,-
chr11,11766208,11766222,-
chr11,11836835,11836857,-
chr11,12291514,12291540,-
chr11,14191143,14191162,-
chr11,17160296,17160368,-
chr11,17192455,17192474,-
chr11,17257808,17257830,-
chr11,18196076,18196090,-
chr11,19924323,19924342,-
chr11,20143832,20143852,-
chr11,20212006,20212038,-
chr11,20248392,20248429,-
chr11,20248766,20248809,-
chr11,20282669,20282709,-
chr11,20316175,20316203,-
chr11,20455223,20455239,-
chr11,20616054,20616073,-
chr11,20632656,20632670,-
chr11,20639175,20639189,-
chr11,20639201,20639235,-
chr11,20661772,20661801,-
chr11,21101392,21101423,-
chr11,21101539,21101570,-
chr11,21103183,21103227,-
chr11,21103376,21103398,-
chr11,21115469,21115485,-
chr11,21134918,21134934,-
chr11,21139915,21139952,-
chr11,21140001,21140015,-
chr11,21141891,21141907,-
chr11,21166843,21166865,-
chr11,21166929,21166952,-
chr11,21181123,21181150,-
chr11,21223180,21223197,-
chr11,21253603,21253635,-
chr11,21253714,21253740,-
chr11,21303797,21303813,-
chr11,22363049,22363066,-
chr11,22845420,22845439,-
chr11,22882941,22882960,-
chr11,22903217,22903233,-
chr11,22982455,22982477,-
chr11,23405773,23405789,-
chr11,23769763,23769777,-
chr11,26387575,26387589,-
chr11,28484321,28484336,-
chr11,28947103,28947145,-
chr11,28947246,28947260,-
chr11,29129963,29129993,-
chr11,29139285,29139305,-
chr11,29694114,29694129,-
chr11,30190327,30190356,-
chr11,30776648,30776687,-
chr11,30986560,30986579,-
chr11,31892269,31892291,-
chr11,32000598,32000620,-
chr11,32011742,32011766,-
chr11,32020391,32020407,-
chr11,32039267,32039296,-
chr11,32105976,32106029,-
chr11,32126204,32126244,-
chr11,32325065,32325131,-
chr11,32543391,32543452,-
chr11,32554866,32554889,-
chr11,32554897,32554923,-
chr11,32580922,32580944,-
chr11,32583075,32583089,-
chr11,32588468,32588484,-
chr11,32768856,32768878,-
chr11,34047074,34047094,-
chr11,34763742,34763758,-
chr11,34833810,34833845,-
chr11,35834559,35834581,-
chr11,35834706,35834757,-
chr11,38189317,38189331,-
chr11,39012872,39012900,-
chr11,39013149,39013168,-
chr11,40694299,40694315,-
chr11,41915462,41915490,-
chr11,41915826,41915840,-
chr11,42788232,42788247,-
chr11,42788288,42788304,-
chr11,43923823,43923847,-
chr11,43923860,43923891,-
chr11,44495195,44495225,-
chr11,44495450,44495506,-
chr11,44501530,44501549,-
chr11,44520373,44520395,-
chr11,44526935,44526951,-
chr11,44527077,44527093,-
chr11,44544070,44544102,-
chr11,45679031,45679055,-
chr11,45875618,45875641,-
chr11,45875720,45875787,-
chr11,45926652,45926676,-
chr11,46076125,46076141,-
chr11,46090265,46090287,-
chr11,46343828,46343844,-
chr11,46343885,46343907,-
chr11,46344093,46344115,-
chr11,46344487,46344506,-
chr11,46467211,46467233,-
chr11,46474212,46474228,-
chr11,46474350,46474369,-
chr11,46474503,46474532,-
chr11,48111585,48111612,-
chr11,48787683,48787715,-
chr11,48817425,48817441,-
chr11,48818321,48818367,-
chr11,48833840,48833868,-
chr11,48834098,48834130,-
chr11,48834144,48834170,-
chr11,48856354,48856376,-
chr11,48856714,48856733,-
chr11,48856752,48856780,-
chr11,49085183,49085230,-
chr11,49093713,49093755,-
chr11,49204639,49204655,-
chr11,49204728,49204750,-
chr11,49250077,49250099,-
chr11,49712994,49713016,-
chr11,49770926,49770946,-
chr11,49771523,49771542,-
chr11,50174558,50174649,-
chr11,50175094,50175134,-
chr11,50378633,50378653,-
chr11,51763906,51763936,-
chr11,52011075,52011091,-
chr11,52036021,52036035,-
chr11,52223000,52223020,-
chr11,52264658,52264674,-
chr11,52268512,52268532,-
chr11,52274135,52274216,-
chr11,52314331,52314345,-
chr11,52341287,52341320,-
chr11,53318007,53318027,-
chr11,53318038,53318064,-
chr11,53318066,53318085,-
chr11,53330370,53330392,-
chr11,53590541,53590573,-
chr11,53737882,53737951,-
chr11,53859204,53859218,-
chr11,54437229,54437250,-
chr11,54492001,54492017,-
chr11,54492477,54492508,-
chr11,54492612,54492631,-
chr11,54500259,54500288,-
chr11,54522357,54522400,-
chr11,54522424,54522454,-
chr11,54535027,54535049,-
chr11,54567858,54567873,-
chr11,54567935,54567955,-
chr11,54595353,54595369,-
chr11,54936769,54936785,-
chr11,54958665,54958693,-
chr11,54973613,54973635,-
chr11,54973778,54973800,-
chr11,54973842,54973888,-
chr11,54998778,54998802,-
chr11,55072900,55072914,-
chr11,55120870,55120890,-
chr11,55121257,55121276,-
chr11,55131996,55132012,-
chr11,55132239,55132275,-
chr11,55132629,55132645,-
chr11,55136662,55136684,-
chr11,55159133,55159147,-
chr11,57445593,57445607,-
chr11,57669714,57669736,-
chr11,57686022,57686075,-
chr11,57686106,57686145,-
chr11,57686351,57686386,-
chr11,57951228,57951249,-
chr11,58096559,58096573,-
chr11,58179937,58179984,-
chr11,58181838,58181864,-
chr11,58181877,58181917,-
chr11,58209357,58209379,-
chr11,58301832,58301854,-
chr11,58330519,58330538,-
chr11,58520103,58520119,-
chr11,58715448,58715470,-
chr11,58847128,58847147,-
chr11,58904379,58904414,-
chr11,58904700,58904728,-
chr11,58927885,58927930,-
chr11,58954590,58954612,-
chr11,58954694,58954726,-
chr11,60084960,60084993,-
chr11,60085036,60085056,-
chr11,60219819,60219841,-
chr11,60330871,60330885,-
chr11,60417278,60417298,-
chr11,61231783,61231819,-
chr11,61580086,61580105,-
chr11,61638770,61638814,-
chr11,61647373,61647414,-
chr11,61647532,61647556,-
chr11,61653019,61653038,-
chr11,61660993,61661016,-
chr11,61661039,61661055,-
chr11,62466766,62466781,-
chr11,62487458,62487483,-
chr11,62487629,62487648,-
chr11,62551326,62551345,-
chr11,62677122,62677156,-
chr11,63908530,63908545,-
chr11,63989611,63989627,-
chr11,63989633,63989647,-
chr11,64899052,64899070,-
chr11,65794789,65794805,-
chr11,67024692,67024780,-
chr11,67024887,67024903,-
chr11,68451187,68451203,-
chr11,68451520,68451567,-
chr11,68485345,68485361,-
chr11,68499151,68499173,-
chr11,68901580,68901599,-
chr11,68965890,68965970,-
chr11,69016172,69016220,-
chr11,69016372,69016394,-
chr11,69257997,69258082,-
chr11,69258393,69258412,-
chr11,69266560,69266582,-
chr11,69267373,69267434,-
chr11,69366689,69366705,-
chr11,69432101,69432130,-
chr11,69579533,69579547,-
chr11,69581352,69581374,-
chr11,69613902,69613922,-
chr11,69629905,69629954,-
chr11,69632694,69632710,-
chr11,69662813,69662835,-
chr11,69662984,69663003,-
chr11,69682273,69682299,-
chr11,69991212,69991236,-
chr11,70309392,70309411,-
chr11,70506341,70506361,-
chr11,70506723,70506743,-
chr11,70525213,70525230,-
chr11,70647580,70647613,-
chr11,71203235,71203277,-
chr11,71203359,71203403,-
chr11,72041751,72041802,-
chr11,72429272,72429306,-
chr11,74960225,74960241,-
chr11,75539169,75539185,-
chr11,75587815,75587836,-
chr11,75679007,75679022,-
chr11,75984885,75984899,-
chr11,76170929,76170971,-
chr11,76406975,76406991,-
chr11,77051938,77051971,-
chr11,77052022,77052036,-
chr11,77216689,77216737,-
chr11,77349169,77349191,-
chr11,77349332,77349348,-
chr11,77372441,77372457,-
chr11,77386403,77386419,-
chr11,77386706,77386720,-
chr11,77491137,77491153,-
chr11,77519251,77519273,-
chr11,77793067,77793083,-
chr11,77984743,77984757,-
chr11,78060708,78060736,-
chr11,78175149,78175185,-
chr11,78176191,78176211,-
chr11,78246027,78246049,-
chr11,78261869,78261891,-
chr11,78453763,78453801,-
chr11,78454005,78454035,-
chr11,78509549,78509564,-
chr11,78697715,78697735,-
chr11,78697740,78697792,-
chr11,79010672,79010720,-
chr11,79218097,79218147,-
chr11,79296435,79296517,-
chr11,79296532,79296561,-
chr11,79366360,79366379,-
chr11,79461059,79461085,-
chr11,79461243,79461265,-
chr11,79530721,79530736,-
chr11,79614986,79615005,-
chr11,79615118,79615140,-
chr11,79623386,79623438,-
chr11,79641231,79641253,-
chr11,79641459,79641477,-
chr11,79658457,79658483,-
chr11,79704734,79704791,-
chr11,79962634,79962648,-
chr11,80043140,80043203,-
chr11,80067787,80067809,-
chr11,80072370,80072396,-
chr11,80208832,80208846,-
chr11,80378182,80378202,-
chr11,80383052,80383072,-
chr11,80383320,80383334,-
chr11,80383373,80383414,-
chr11,80504455,80504474,-
chr11,80508483,80508503,-
chr11,80525026,80525055,-
chr11,80525213,80525235,-
chr11,82183438,82183477,-
chr11,82947707,82947727,-
chr11,83040246,83040274,-
chr11,83224231,83224247,-
chr11,83271744,83271763,-
chr11,83271779,83271801,-
chr11,83272594,83272609,-
chr11,83802151,83802170,-
chr11,83802175,83802230,-
chr11,83802233,83802261,-
chr11,84243875,84243894,-
chr11,85324179,85324207,-
chr11,85324245,85324275,-
chr11,85545774,85545796,-
chr11,86201644,86201663,-
chr11,86257671,86257690,-
chr11,86464491,86464510,-
chr11,86464544,86464559,-
chr11,86484753,86484768,-
chr11,86652618,86652640,-
chr11,86828714,86828736,-
chr11,86828861,86828896,-
chr11,87086967,87086989,-
chr11,87214235,87214257,-
chr11,87423028,87423042,-
chr11,87423658,87423699,-
chr11,87426899,87426928,-
chr11,87427087,87427120,-
chr11,87448845,87448862,-
chr11,87448872,87448892,-
chr11,87448991,87449009,-
chr11,87449094,87449113,-
chr11,87462631,87462653,-
chr11,87462712,87462752,-
chr11,87471660,87471674,-
chr11,87471687,87471702,-
chr11,87720644,87720666,-
chr11,87721373,87721397,-
chr11,87751631,87751653,-
chr11,87758935,87758958,-
chr11,88068891,88068915,-
chr11,88145469,88145483,-
chr11,88455290,88455309,-
chr11,88527064,88527098,-
chr11,88564748,88564817,-
chr11,88595914,88595954,-
chr11,88598986,88599005,-
chr11,88614835,88614857,-
chr11,88955681,88955695,-
chr11,88955700,88955717,-
chr11,88999391,88999405,-
chr11,89061487,89061509,-
chr11,90242225,90242271,-
chr11,90257269,90257301,-
chr11,90548795,90548822,-
chr11,92022351,92022370,-
chr11,92952472,92952486,-
chr11,93591133,93591152,-
chr11,93886188,93886206,-
chr11,93968433,93968460,-
chr11,94086932,94086993,-
chr11,94223216,94223244,-
chr11,94223320,94223351,-
chr11,94697910,94697932,-
chr11,94698192,94698211,-
chr11,94937155,94937169,-
chr11,95000849,95000896,-
chr11,95356743,95356784,-
chr11,95364284,95364316,-
chr11,95397812,95397834,-
chr11,95414263,95414287,-
chr11,95714324,95714368,-
chr11,96010552,96010609,-
chr11,96441884,96441900,-
chr11,96442029,96442052,-
chr11,96466942,96466971,-
chr11,96468339,96468386,-
chr11,96977990,96978004,-
chr11,96988179,96988195,-
chr11,97041493,97041516,-
chr11,97347896,97347912,-
chr11,97347915,97347931,-
chr11,97719032,97719047,-
chr11,97744524,97744546,-
chr11,97841062,97841098,-
chr11,98477720,98477734,-
chr11,98487417,98487438,-
chr11,98513722,98513788,-
chr11,98513832,98513854,-
chr11,98788739,98788780,-
chr11,98942248,98942270,-
chr11,98944387,98944418,-
chr11,98945303,98945332,-
chr11,99124130,99124158,-
chr11,99136476,99136496,-
chr11,99136534,99136550,-
chr11,99155032,99155054,-
chr11,99155521,99155537,-
chr11,99170775,99170794,-
chr11,99207465,99207480,-
chr11,99238423,99238457,-
chr11,99238851,99238873,-
chr11,99238938,99238974,-
chr11,99239009,99239023,-
chr11,99239035,99239057,-
chr11,99255620,99255652,-
chr11,99311046,99311072,-
chr11,99311240,99311254,-
chr11,100472944,100472983,-
chr11,100473013,100473048,-
chr11,100574397,100574433,-
chr11,100609887,100609914,-
chr11,100760209,100760248,-
chr11,100804507,100804526,-
chr11,100841061,100841085,-
chr11,100846391,100846443,-
chr11,100860024,100860043,-
chr11,100860046,100860076,-
chr11,100952578,100952598,-
chr11,101008105,101008141,-
chr11,101082596,101082612,-
chr11,101144268,101144339,-
chr11,101302484,101302532,-
chr11,101552693,101552721,-
chr11,101627645,101627661,-
chr11,101642002,101642016,-
chr11,101659004,101659027,-
chr11,102137540,102137573,-
chr11,102156769,102156785,-
chr11,102156790,102156809,-
chr11,102320268,102320284,-
chr11,102556636,102556681,-
chr11,103115556,103115580,-
chr11,103133120,103133134,-
chr11,103262783,103262813,-
chr11,103359388,103359410,-
chr11,103697622,103697646,-
chr11,103771732,103771748,-
chr11,104425048,104425067,-
chr11,104425089,104425104,-
chr11,104443071,104443097,-
chr11,104443138,104443152,-
chr11,104461630,104461662,-
chr11,104581484,104581506,-
chr11,104607758,104607775,-
chr11,104609516,104609536,-
chr11,104622798,104622812,-
chr11,104630517,104630539,-
chr11,104660918,104660934,-
chr11,105445136,105445162,-
chr11,105450144,105450158,-
chr11,105592054,105592078,-
chr11,106065566,106065649,-
chr11,106065724,106065759,-
chr11,106180036,106180055,-
chr11,106180084,106180101,-
chr11,106216608,106216643,-
chr11,106430801,106430816,-
chr11,106430861,106430875,-
chr11,106430915,106430941,-
chr11,106588108,106588128,-
chr11,106668142,106668188,-
chr11,106674845,106674878,-
chr11,106680299,106680341,-
chr11,106680566,106680643,-
chr11,106680984,106680998,-
chr11,106681024,106681044,-
chr11,106750751,106750773,-
chr11,106762612,106762640,-
chr11,106779835,106779854,-
chr11,107013188,107013234,-
chr11,107013355,107013413,-
chr11,107027613,107027633,-
chr11,107105296,107105312,-
chr11,107371866,107371882,-
chr11,107372076,107372113,-
chr11,107408043,107408079,-
chr11,107452236,107452339,-
chr11,108094868,108094882,-
chr11,108178890,108178912,-
chr11,108901276,108901291,-
chr11,108901314,108901333,-
chr11,109419686,109419706,-
chr11,109420996,109421018,-
chr11,109431206,109431237,-
chr11,109431253,109431275,-
chr11,109445683,109445731,-
chr11,109553980,109553997,-
chr11,109662923,109662951,-
chr11,110125123,110125175,-
chr11,110125361,110125400,-
chr11,110125404,110125424,-
chr11,110268773,110268812,-
chr11,110399556,110399671,-
chr11,110794828,110794853,-
chr11,110794914,110794929,-
chr11,110994081,110994107,-
chr11,111801066,111801100,-
chr11,113268077,113268091,-
chr11,113787906,113787932,-
chr11,114702931,114702959,-
chr11,115158113,115158127,-
chr11,115277304,115277332,-
chr11,115412490,115412512,-
chr11,115412650,115412665,-
chr11,115746433,115746468,-
chr11,115771328,115771357,-
chr11,115920204,115920240,-
chr11,115920370,115920409,-
chr11,116080991,116081025,-
chr11,116369798,116369820,-
chr11,116406929,116406954,-
chr11,116413882,116413927,-
chr11,116414173,116414227,-
chr11,116423978,116424017,-
chr11,116433693,116433715,-
chr11,116886353,116886390,-
chr11,117071871,117071952,-
chr11,117072170,117072218,-
chr11,117109799,117109833,-
chr11,117300012,117300035,-
chr11,117319465,117319487,-
chr11,117392582,117392597,-
chr11,117401722,117401746,-
chr11,117409862,117409891,-
chr11,117666644,117666663,-
chr11,117666680,117666709,-
chr11,117960348,117960374,-
chr11,118144015,118144051,-
chr11,118232601,118232617,-
chr11,118245164,118245178,-
chr11,118980521,118980547,-
chr11,119166040,119166062,-
chr11,119166068,119166105,-
chr11,119166152,119166171,-
chr11,119166386,119166417,-
chr11,119229008,119229024,-
chr11,119238271,119238318,-
chr11,119258955,119258977,-
chr11,119258993,119259017,-
chr11,119943115,119943137,-
chr11,120492797,120492816,-
chr11,120492835,120492851,-
chr11,120916560,120916582,-
chr11,121229504,121229558,-
chr11,121237780,121237813,-
chr11,121261803,121261825,-
chr11,121706446,121706468,-
chr11,121706760,121706774,-
chr12,3235516,3235532,+
chr12,3322167,3322194,+
chr12,3322332,3322354,+
chr12,3426508,3426532,+
chr12,3462996,3463012,+
chr12,3463170,3463196,+
chr12,3606668,3606682,+
chr12,3696023,3696047,+
chr12,3740348,3740401,+
chr12,3855816,3855835,+
chr12,4918404,4918438,+
chr12,7702798,7702817,+
chr12,8306811,8306855,+
chr12,8307009,8307028,+
chr12,8351453,8351467,+
chr12,8502552,8502567,+
chr12,9002298,9002314,+
chr12,9485393,9485409,+
chr12,9485511,9485530,+
chr12,11230347,11230373,+
chr12,11230704,11230730,+
chr12,12289726,12289784,+
chr12,12289973,12289987,+
chr12,15535893,15535939,+
chr12,15603390,15603417,+
chr12,15805250,15805269,+
chr12,15812190,15812214,+
chr12,15812384,15812405,+
chr12,15816185,15816219,+
chr12,15816241,15816256,+
chr12,15896573,15896598,+
chr12,15967533,15967548,+
chr12,16014753,16014775,+
chr12,16049909,16049931,+
chr12,16170371,16170393,+
chr12,16583926,16583952,+
chr12,16588767,16588791,+
chr12,16588842,16588868,+
chr12,16805598,16805628,+
chr12,17033205,17033227,+
chr12,17113793,17113815,+
chr12,17256955,17257003,+
chr12,17266412,17266436,+
chr12,17556794,17556843,+
chr12,18606215,18606238,+
chr12,18606404,18606419,+
chr12,21087324,21087343,+
chr12,21287284,21287306,+
chr12,21545125,21545144,+
chr12,21939544,21939579,+
chr12,22817083,22817097,+
chr12,22817102,22817121,+
chr12,22817131,22817153,+
chr12,24259883,24259912,+
chr12,24498389,24498429,+
chr12,24500251,24500270,+
chr12,24741963,24741982,+
chr12,24831640,24831656,+
chr12,25360145,25360160,+
chr12,25959016,25959035,+
chr12,26185053,26185067,+
chr12,26296129,26296164,+
chr12,26401806,26401829,+
chr12,26401893,26401963,+
chr12,26415520,26415536,+
chr12,26456759,26456783,+
chr12,26456855,26456902,+
chr12,30755339,30755354,+
chr12,30755449,30755471,+
chr12,31351602,31351618,+
chr12,31755718,31755734,+
chr12,31755842,31755870,+
chr12,31755881,31755906,+
chr12,31756089,31756105,+
chr12,31988344,31988360,+
chr12,32009199,32009219,+
chr12,32009274,32009294,+
chr12,32208294,32208316,+
chr12,32208481,32208509,+
chr12,32208573,32208599,+
chr12,32208858,32208880,+
chr12,32292552,32292574,+
chr12,33076493,33076509,+
chr12,33302116,33302132,+
chr12,33380271,33380286,+
chr12,33380404,33380429,+
chr12,33411614,33411628,+
chr12,33411648,33411672,+
chr12,33411723,33411745,+
chr12,34248781,34248803,+
chr12,34533140,34533155,+
chr12,34806038,34806053,+
chr12,35021521,35021556,+
chr12,35579124,35579146,+
chr12,35579172,35579189,+
chr12,35641380,35641430,+
chr12,35755305,35755329,+
chr12,35770400,35770419,+
chr12,35770553,35770575,+
chr12,35927905,35927921,+
chr12,36019788,36019810,+
chr12,36136245,36136275,+
chr12,36136327,36136343,+
chr12,36136441,36136473,+
chr12,36136497,36136530,+
chr12,36155785,36155811,+
chr12,38778423,38778449,+
chr12,38778460,38778500,+
chr12,39566719,39566747,+
chr12,40038616,40038635,+
chr12,40038685,40038701,+
chr12,41023638,41023652,+
chr12,41023724,41023763,+
chr12,41247215,41247240,+
chr12,41487274,41487304,+
chr12,41487436,41487464,+
chr12,42090338,42090356,+
chr12,42090418,42090432,+
chr12,42090456,42090492,+
chr12,42090638,42090652,+
chr12,43635450,43635464,+
chr12,43765601,43765629,+
chr12,44203597,44203611,+
chr12,44268906,44268922,+
chr12,51747288,51747302,+
chr12,51848307,51848373,+
chr12,51865971,51865993,+
chr12,51886702,51886721,+
chr12,51887581,51887595,+
chr12,52454421,52454440,+
chr12,52524781,52524800,+
chr12,52602781,52602795,+
chr12,52684841,52684858,+
chr12,53073031,53073046,+
chr12,54202532,54202546,+
chr12,54293339,54293355,+
chr12,54682433,54682447,+
chr12,55050063,55050078,+
chr12,55050136,55050158,+
chr12,55302797,55302830,+
chr12,55388317,55388353,+
chr12,55388472,55388505,+
chr12,55447024,55447038,+
chr12,55464810,55464829,+
chr12,59206601,59206633,+
chr12,59206655,59206791,+
chr12,59206971,59206998,+
chr12,59207109,59207135,+
chr12,59207157,59207204,+
chr12,59219460,59219488,+
chr12,60802295,60802330,+
chr12,60802443,60802457,+
chr12,63848718,63848732,+
chr12,63848942,63848979,+
chr12,63849004,63849023,+
chr12,63849047,63849063,+
chr12,64917594,64917616,+
chr12,65075408,65075452,+
chr12,65173316,65173340,+
chr12,65340726,65340750,+
chr12,65340885,65340958,+
chr12,67076439,67076454,+
chr12,68024310,68024341,+
chr12,68073851,68073865,+
chr12,68963728,68963747,+
chr12,69159605,69159620,+
chr12,69168663,69168682,+
chr12,69351737,69351751,+
chr12,69351934,69351960,+
chr12,69385903,69385918,+
chr12,69475721,69475779,+
chr12,69516832,69516855,+
chr12,69529529,69529545,+
chr12,69530039,69530073,+
chr12,69574474,69574513,+
chr12,69574590,69574609,+
chr12,69616066,69616084,+
chr12,69825242,69825256,+
chr12,69892461,69892483,+
chr12,70078949,70078968,+
chr12,70079095,70079117,+
chr12,70477406,70477440,+
chr12,70628573,70628589,+
chr12,70853262,70853281,+
chr12,70853640,70853654,+
chr12,70968814,70968860,+
chr12,70969415,70969431,+
chr12,70969442,70969487,+
chr12,70969804,70969820,+
chr12,71040595,71040614,+
chr12,71047783,71047809,+
chr12,71048020,71048039,+
chr12,72665069,72665093,+
chr12,73111212,73111258,+
chr12,73111259,73111319,+
chr12,73111349,73111398,+
chr12,73123804,73123836,+
chr12,73198852,73198866,+
chr12,73201625,73201677,+
chr12,73202113,73202149,+
chr12,73202753,73202806,+
chr12,73382145,73382198,+
chr12,73382637,73382656,+
chr12,73647879,73647898,+
chr12,73686850,73686864,+
chr12,73692312,73692331,+
chr12,73693401,73693435,+
chr12,73693619,73693633,+
chr12,73715902,73715926,+
chr12,73720593,73720612,+
chr12,73842198,73842214,+
chr12,73851113,73851129,+
chr12,73851179,73851216,+
chr12,73879981,73879997,+
chr12,73880054,73880093,+
chr12,75449815,75449829,+
chr12,75726704,75726738,+
chr12,76345863,76345899,+
chr12,76361548,76361584,+
chr12,76362709,76362756,+
chr12,76369838,76369874,+
chr12,76379707,76379721,+
chr12,76403587,76403604,+
chr12,76515777,76515793,+
chr12,76515794,76515824,+
chr12,76515957,76515973,+
chr12,76778585,76778604,+
chr12,76886794,76886813,+
chr12,76886888,76886904,+
chr12,76887071,76887093,+
chr12,77000349,77000378,+
chr12,77113804,77113826,+
chr12,77788415,77788441,+
chr12,78568825,78568855,+
chr12,78569224,78569238,+
chr12,78803574,78803608,+
chr12,78803618,78803640,+
chr12,78980832,78980891,+
chr12,79028859,79028892,+
chr12,79296744,79296758,+
chr12,79430001,79430017,+
chr12,79628485,79628520,+
chr12,79646747,79646769,+
chr12,79692354,79692373,+
chr12,79803539,79803581,+
chr12,79803703,79803739,+
chr12,80114624,80114653,+
chr12,80130992,80131014,+
chr12,80273202,80273230,+
chr12,80462964,80462987,+
chr12,80642900,80642930,+
chr12,80644085,80644100,+
chr12,80790275,80790308,+
chr12,81484739,81484777,+
chr12,81595337,81595380,+
chr12,82208936,82208974,+
chr12,82470897,82470931,+
chr12,83443037,83443059,+
chr12,83597498,83597512,+
chr12,83631942,83631958,+
chr12,83687946,83687971,+
chr12,83934865,83934892,+
chr12,84170160,84170179,+
chr12,84175670,84175692,+
chr12,84221141,84221160,+
chr12,84221173,84221212,+
chr12,84222978,84222994,+
chr12,84407954,84407976,+
chr12,84450581,84450600,+
chr12,84525579,84525595,+
chr12,84762441,84762538,+
chr12,84762584,84762606,+
chr12,84969025,84969051,+
chr12,84969129,84969148,+
chr12,84969208,84969236,+
chr12,85209011,85209025,+
chr12,85257339,85257358,+
chr12,85427815,85427837,+
chr12,85445000,85445038,+
chr12,85447134,85447156,+
chr12,85455219,85455247,+
chr12,85705947,85705969,+
chr12,85845963,85845985,+
chr12,85973924,85973952,+
chr12,86309900,86309920,+
chr12,86726690,86726706,+
chr12,86802112,86802155,+
chr12,86825441,86825460,+
chr12,86825481,86825501,+
chr12,86825504,86825529,+
chr12,86834051,86834080,+
chr12,86834596,86834610,+
chr12,86861327,86861355,+
chr12,86891484,86891555,+
chr12,87416938,87416979,+
chr12,89555178,89555214,+
chr12,89719380,89719418,+
chr12,89719626,89719642,+
chr12,89719915,89719960,+
chr12,91065422,91065477,+
chr12,91589703,91589729,+
chr12,91589807,91589821,+
chr12,91799363,91799410,+
chr12,91799496,91799558,+
chr12,91848996,91849011,+
chr12,98269738,98269754,+
chr12,98270007,98270023,+
chr12,99392273,99392297,+
chr12,99393060,99393079,+
chr12,99393366,99393388,+
chr12,99544753,99544767,+
chr12,99564719,99564742,+
chr12,99576851,99576874,+
chr12,99610586,99610602,+
chr12,99640695,99640714,+
chr12,100159446,100159468,+
chr12,100187347,100187373,+
chr12,100187378,100187397,+
chr12,100846216,100846250,+
chr12,100883184,100883200,+
chr12,100887515,100887568,+
chr12,100903598,100903666,+
chr12,100988517,100988544,+
chr12,101063185,101063238,+
chr12,101063570,101063611,+
chr12,101897610,101897626,+
chr12,101971422,101971437,+
chr12,101974815,101974844,+
chr12,102384888,102384910,+
chr12,102439562,102439584,+
chr12,102451730,102451744,+
chr12,102456634,102456674,+
chr12,102456858,102456872,+
chr12,102702610,102702624,+
chr12,103331464,103331506,+
chr12,103341368,103341390,+
chr12,103443957,103443971,+
chr12,103443987,103444024,+
chr12,104936477,104936505,+
chr12,105728136,105728150,+
chr12,105728152,105728195,+
chr12,105784069,105784126,+
chr12,106032158,106032172,+
chr12,106475900,106475921,+
chr12,106565394,106565416,+
chr12,107139037,107139059,+
chr12,107141061,107141083,+
chr12,107146946,107146968,+
chr12,107160501,107160515,+
chr12,107191351,107191372,+
chr12,107559609,107559635,+
chr12,107645744,107645770,+
chr12,107720648,107720663,+
chr12,107720854,107720874,+
chr12,107721074,107721088,+
chr12,107721405,107721421,+
chr12,107729264,107729278,+
chr12,107783896,107783912,+
chr12,107815116,107815135,+
chr12,107937774,107937788,+
chr12,107953607,107953636,+
chr12,107953660,107953676,+
chr12,107977705,107977727,+
chr12,107977873,107977887,+
chr12,108646352,108646371,+
chr12,108646480,108646494,+
chr12,108761274,108761290,+
chr12,108812244,108812264,+
chr12,110353173,110353197,+
chr12,110353204,110353221,+
chr12,110382016,110382038,+
chr12,110463737,110463799,+
chr12,110479172,110479191,+
chr12,110485318,110485359,+
chr12,110494859,110494928,+
chr12,110496029,110496043,+
chr12,110496101,110496123,+
chr12,110592022,110592038,+
chr12,110736688,110736729,+
chr12,110845910,110845958,+
chr12,111589099,111589118,+
chr12,111967270,111967290,+
chr12,112587225,112587250,+
chr12,112849402,112849432,+
chr12,112854565,112854581,+
chr12,112859966,112860003,+
chr12,113075336,113075358,+
chr12,113345694,113345709,+
chr12,113981686,113981702,+
chr12,113986743,113986757,+
chr12,114022070,114022086,+
chr12,114379020,114379034,+
chr12,114909860,114909886,+
chr12,114914455,114914471,+
chr12,114914494,114914510,+
chr12,114981598,114981620,+
chr12,114981945,114981967,+
chr12,115257918,115257940,+
chr12,115948529,115948551,+
chr12,115948567,115948581,+
chr12,115948825,115948859,+
chr12,116384153,116384178,+
chr12,117764969,117764984,+
chr12,118301055,118301079,+
chr12,118373215,118373243,+
chr12,118377125,118377179,+
chr12,119204578,119204592,+
chr12,3322679,3322716,-
chr12,3357622,3357642,-
chr12,3427730,3427744,-
chr12,3441644,3441677,-
chr12,3463235,3463261,-
chr12,3463710,3463744,-
chr12,3547599,3547613,-
chr12,3547746,3547785,-
chr12,3569028,3569054,-
chr12,3695860,3695894,-
chr12,3745696,3745726,-
chr12,3745775,3745791,-
chr12,3755596,3755630,-
chr12,3792181,3792203,-
chr12,3871520,3871554,-
chr12,4424449,4424465,-
chr12,4593597,4593660,-
chr12,4907919,4907935,-
chr12,5910541,5910555,-
chr12,6668469,6668484,-
chr12,8351407,8351437,-
chr12,8502654,8502692,-
chr12,9030618,9030640,-
chr12,11230610,11230637,-
chr12,12289789,12289808,-
chr12,12313577,12313607,-
chr12,12373111,12373130,-
chr12,15603436,15603452,-
chr12,15755612,15755634,-
chr12,15998574,15998588,-
chr12,15998690,15998716,-
chr12,16009259,16009278,-
chr12,16133305,16133327,-
chr12,16532253,16532313,-
chr12,17032749,17032764,-
chr12,17266250,17266278,-
chr12,17348305,17348332,-
chr12,17373000,17373027,-
chr12,17373086,17373108,-
chr12,17373850,17373869,-
chr12,17377718,17377743,-
chr12,17377885,17377915,-
chr12,17389999,17390023,-
chr12,17390111,17390133,-
chr12,17556844,17556862,-
chr12,17818654,17818673,-
chr12,18606292,18606307,-
chr12,19118198,19118235,-
chr12,19118239,19118261,-
chr12,19118319,19118353,-
chr12,21142952,21142966,-
chr12,21143017,21143037,-
chr12,21151014,21151036,-
chr12,21151041,21151067,-
chr12,21286383,21286423,-
chr12,21336227,21336241,-
chr12,21417537,21417551,-
chr12,21451443,21451464,-
chr12,21545182,21545215,-
chr12,24259776,24259791,-
chr12,24500309,24500342,-
chr12,24593430,24593452,-
chr12,24593529,24593551,-
chr12,24593750,24593770,-
chr12,24975513,24975532,-
chr12,25360279,25360293,-
chr12,25365347,25365372,-
chr12,25365464,25365478,-
chr12,25864435,25864449,-
chr12,25864500,25864514,-
chr12,25958767,25958783,-
chr12,26057730,26057758,-
chr12,26057820,26057855,-
chr12,28779561,28779575,-
chr12,28779696,28779751,-
chr12,28835699,28835718,-
chr12,28835734,28835756,-
chr12,28835950,28835978,-
chr12,31374726,31374748,-
chr12,31634344,31634375,-
chr12,31756236,31756279,-
chr12,31756307,31756351,-
chr12,31950625,31950641,-
chr12,31988274,31988289,-
chr12,32208547,32208563,-
chr12,33131902,33131924,-
chr12,33158397,33158428,-
chr12,33164896,33164918,-
chr12,33302044,33302078,-
chr12,33302152,33302174,-
chr12,33302351,33302385,-
chr12,33302666,33302686,-
chr12,33302689,33302717,-
chr12,33302905,33302924,-
chr12,33411672,33411693,-
chr12,33434008,33434034,-
chr12,33434225,33434247,-
chr12,34990557,34990584,-
chr12,34990603,34990618,-
chr12,35123820,35123854,-
chr12,35927799,35927821,-
chr12,35928118,35928132,-
chr12,36004396,36004411,-
chr12,36019743,36019773,-
chr12,36039495,36039514,-
chr12,38778521,38778541,-
chr12,40090314,40090329,-
chr12,40536435,40536457,-
chr12,41023667,41023696,-
chr12,41247152,41247168,-
chr12,41500391,41500414,-
chr12,41777862,41777878,-
chr12,41777888,41777914,-
chr12,42405477,42405506,-
chr12,42405624,42405645,-
chr12,42954132,42954146,-
chr12,43635395,43635455,-
chr12,51747067,51747091,-
chr12,51747140,51747162,-
chr12,51848057,51848071,-
chr12,51866535,51866557,-
chr12,51971520,51971536,-
chr12,52524807,52524823,-
chr12,52524836,52524864,-
chr12,53073075,53073100,-
chr12,53073136,53073167,-
chr12,53196747,53196761,-
chr12,54202599,54202621,-
chr12,54353019,54353063,-
chr12,54353367,54353381,-
chr12,54566853,54566880,-
chr12,54567182,54567206,-
chr12,54568954,54569077,-
chr12,54697005,54697028,-
chr12,54697043,54697059,-
chr12,54697285,54697315,-
chr12,55050039,55050063,-
chr12,55303047,55303066,-
chr12,55303150,55303166,-
chr12,55303231,55303253,-
chr12,55464780,55464796,-
chr12,55465173,55465205,-
chr12,60802274,60802294,-
chr12,63849024,63849049,-
chr12,65065542,65065564,-
chr12,65172994,65173020,-
chr12,65233140,65233173,-
chr12,65233236,65233266,-
chr12,68024293,68024312,-
chr12,68024383,68024405,-
chr12,69102058,69102080,-
chr12,69159718,69159732,-
chr12,69164871,69164900,-
chr12,69242407,69242440,-
chr12,69257836,69257850,-
chr12,69258094,69258116,-
chr12,69296925,69296944,-
chr12,69351978,69352013,-
chr12,69352016,69352030,-
chr12,69352033,69352053,-
chr12,69385836,69385850,-
chr12,69400479,69400498,-
chr12,69423168,69423182,-
chr12,69448344,69448370,-
chr12,69511083,69511099,-
chr12,69513668,69513683,-
chr12,69513818,69513870,-
chr12,69530012,69530026,-
chr12,69825140,69825159,-
chr12,69863932,69863951,-
chr12,70136562,70136593,-
chr12,70477320,70477335,-
chr12,70477386,70477406,-
chr12,70477576,70477598,-
chr12,70713747,70713769,-
chr12,70713798,70713862,-
chr12,70969249,70969295,-
chr12,70969300,70969331,-
chr12,71006650,71006672,-
chr12,71047368,71047410,-
chr12,71047427,71047457,-
chr12,71048093,71048112,-
chr12,71193074,71193099,-
chr12,72086214,72086236,-
chr12,72694281,72694339,-
chr12,72777398,72777426,-
chr12,72844623,72844647,-
chr12,72976928,72976952,-
chr12,73123510,73123524,-
chr12,73165278,73165300,-
chr12,73171221,73171243,-
chr12,73198987,73199001,-
chr12,73199179,73199193,-
chr12,73201950,73201989,-
chr12,73382583,73382603,-
chr12,73382659,73382673,-
chr12,73578321,73578340,-
chr12,73593331,73593359,-
chr12,73593576,73593606,-
chr12,73604810,73604826,-
chr12,73605320,73605351,-
chr12,73633986,73634006,-
chr12,73645296,73645342,-
chr12,73645491,73645507,-
chr12,73664151,73664178,-
chr12,73664317,73664352,-
chr12,73679587,73679609,-
chr12,73686780,73686812,-
chr12,73716337,73716369,-
chr12,73842715,73842734,-
chr12,73851079,73851098,-
chr12,73989606,73989620,-
chr12,75449768,75449787,-
chr12,75836972,75837000,-
chr12,76196902,76196924,-
chr12,76367432,76367446,-
chr12,76379680,76379711,-
chr12,76379847,76379872,-
chr12,76837228,76837256,-
chr12,76868257,76868285,-
chr12,76962006,76962021,-
chr12,77113505,77113534,-
chr12,77113743,77113758,-
chr12,77193303,77193325,-
chr12,77193418,77193432,-
chr12,77267465,77267488,-
chr12,77267543,77267565,-
chr12,77267688,77267703,-
chr12,78568758,78568782,-
chr12,79171923,79171969,-
chr12,79296566,79296592,-
chr12,79296801,79296817,-
chr12,79296849,79296868,-
chr12,79381580,79381617,-
chr12,79381769,79381785,-
chr12,79429858,79429878,-
chr12,79429962,79429978,-
chr12,79444781,79444800,-
chr12,79444904,79444961,-
chr12,79625897,79625934,-
chr12,79626145,79626162,-
chr12,79628525,79628539,-
chr12,79633965,79633980,-
chr12,79751711,79751726,-
chr12,79854534,79854586,-
chr12,80068981,80069061,-
chr12,80113422,80113463,-
chr12,80114332,80114352,-
chr12,80115322,80115348,-
chr12,80115520,80115542,-
chr12,80791261,80791288,-
chr12,80793192,80793206,-
chr12,80815340,80815365,-
chr12,80816532,80816552,-
chr12,80833644,80833660,-
chr12,80945570,80945598,-
chr12,81788866,81788897,-
chr12,82166465,82166503,-
chr12,82203229,82203248,-
chr12,82203521,82203536,-
chr12,82208984,82209014,-
chr12,82245244,82245270,-
chr12,82245522,82245545,-
chr12,82284657,82284672,-
chr12,82542025,82542073,-
chr12,83502757,83502790,-
chr12,83922063,83922085,-
chr12,83929605,83929627,-
chr12,83987754,83987781,-
chr12,83988518,83988551,-
chr12,84222896,84222912,-
chr12,84762748,84762762,-
chr12,84971040,84971072,-
chr12,84996029,84996052,-
chr12,85111425,85111445,-
chr12,85270934,85270963,-
chr12,85447346,85447380,-
chr12,85455552,85455580,-
chr12,85686530,85686562,-
chr12,85712676,85712691,-
chr12,86046470,86046498,-
chr12,86046523,86046539,-
chr12,86046578,86046593,-
chr12,86796149,86796175,-
chr12,86807400,86807435,-
chr12,86807442,86807477,-
chr12,86825382,86825420,-
chr12,86834184,86834241,-
chr12,86860357,86860376,-
chr12,86884721,86884743,-
chr12,86891418,86891445,-
chr12,86895105,86895132,-
chr12,89555037,89555053,-
chr12,89555260,89555301,-
chr12,89719452,89719479,-
chr12,89719595,89719609,-
chr12,91384624,91384640,-
chr12,91765482,91765501,-
chr12,91799430,91799447,-
chr12,96082180,96082217,-
chr12,96082225,96082252,-
chr12,96082305,96082327,-
chr12,96353712,96353727,-
chr12,98116876,98116898,-
chr12,98116995,98117010,-
chr12,98747440,98747454,-
chr12,99097066,99097080,-
chr12,99640772,99640787,-
chr12,100725240,100725262,-
chr12,100887706,100887729,-
chr12,100895548,100895586,-
chr12,101063368,101063382,-
chr12,101063616,101063640,-
chr12,101958152,101958168,-
chr12,101958458,101958490,-
chr12,101971273,101971316,-
chr12,101981390,101981406,-
chr12,102295643,102295662,-
chr12,102702730,102702749,-
chr12,102878861,102878894,-
chr12,103444160,103444174,-
chr12,105013484,105013508,-
chr12,105785405,105785421,-
chr12,106016331,106016360,-
chr12,106034387,106034406,-
chr12,106308898,106308977,-
chr12,106311113,106311129,-
chr12,106475927,106475948,-
chr12,106602368,106602387,-
chr12,106983281,106983296,-
chr12,107011369,107011383,-
chr12,107123517,107123600,-
chr12,107146800,107146823,-
chr12,107184472,107184486,-
chr12,107184500,107184526,-
chr12,107361829,107361878,-
chr12,107362292,107362320,-
chr12,107720989,107721019,-
chr12,107721098,107721120,-
chr12,107729369,107729403,-
chr12,107924161,107924183,-
chr12,108178154,108178186,-
chr12,108179677,108179723,-
chr12,108631735,108631755,-
chr12,108635560,108635580,-
chr12,108635704,108635726,-
chr12,108792668,108792683,-
chr12,108812425,108812463,-
chr12,108812544,108812573,-
chr12,109438119,109438138,-
chr12,110375311,110375326,-
chr12,110479275,110479316,-
chr12,110485775,110485791,-
chr12,110496009,110496025,-
chr12,110496076,110496092,-
chr12,110736722,110736759,-
chr12,110845996,110846015,-
chr12,111159913,111159927,-
chr12,111589079,111589095,-
chr12,112449543,112449572,-
chr12,112619725,112619747,-
chr12,112849343,112849357,-
chr12,112849600,112849619,-
chr12,112855149,112855176,-
chr12,112870090,112870113,-
chr12,113074223,113074260,-
chr12,113945789,113945818,-
chr12,113952972,113952992,-
chr12,113953722,113953744,-
chr12,114013015,114013034,-
chr12,114022141,114022160,-
chr12,114378983,114379011,-
chr12,116263102,116263124,-
chr12,116293323,116293337,-
chr12,116293349,116293367,-
chr12,116293462,116293482,-
chr12,116384086,116384119,-
chr12,116416765,116416819,-
chr12,117765151,117765182,-
chr12,118373356,118373386,-
chr12,118376707,118376723,-
chr12,118428539,118428558,-
chr12,119204967,119204986,-
chr13,3513408,3513422,+
chr13,3525172,3525193,+
chr13,3525322,3525355,+
chr13,3537136,3537165,+
chr13,3537281,3537297,+
chr13,3537889,3537904,+
chr13,3537905,3537931,+
chr13,4944959,4944978,+
chr13,4945152,4945166,+
chr13,4945319,4945334,+
chr13,5666602,5666616,+
chr13,5667179,5667195,+
chr13,5757396,5757418,+
chr13,5757540,5757556,+
chr13,5803796,5803822,+
chr13,5804382,5804423,+
chr13,5862635,5862654,+
chr13,5864453,5864475,+
chr13,5890362,5890450,+
chr13,5890457,5890492,+
chr13,6627025,6627044,+
chr13,6627296,6627408,+
chr13,6627416,6627449,+
chr13,6633576,6633591,+
chr13,6634053,6634075,+
chr13,6647426,6647445,+
chr13,6647475,6647507,+
chr13,7031522,7031550,+
chr13,8870957,8870979,+
chr13,8871076,8871092,+
chr13,8886325,8886341,+
chr13,9011727,9011755,+
chr13,9584789,9584804,+
chr13,12344390,12344433,+
chr13,12344490,12344511,+
chr13,12349528,12349553,+
chr13,12349580,12349602,+
chr13,12460637,12460665,+
chr13,13520555,13520577,+
chr13,13529331,13529364,+
chr13,13614277,13614299,+
chr13,14039883,14039897,+
chr13,14114119,14114138,+
chr13,14612643,14612675,+
chr13,14612730,14612844,+
chr13,14613191,14613225,+
chr13,15759086,15759115,+
chr13,16196333,16196358,+
chr13,16869583,16869609,+
chr13,16869891,16869912,+
chr13,17151140,17151177,+
chr13,17975966,17975999,+
chr13,19162333,19162355,+
chr13,19182237,19182256,+
chr13,19318128,19318147,+
chr13,19474462,19474478,+
chr13,19690247,19690267,+
chr13,20185072,20185114,+
chr13,21160768,21160782,+
chr13,21163271,21163299,+
chr13,21441272,21441333,+
chr13,21453353,21453385,+
chr13,21453390,21453424,+
chr13,21716270,21716284,+
chr13,21716808,21716831,+
chr13,21721981,21721997,+
chr13,21855986,21856005,+
chr13,21940587,21940620,+
chr13,21974458,21974502,+
chr13,21974624,21974643,+
chr13,21974950,21974983,+
chr13,21975149,21975171,+
chr13,22026464,22026480,+
chr13,22029125,22029155,+
chr13,22030721,22030749,+
chr13,22050904,22050945,+
chr13,22843862,22843884,+
chr13,23446070,23446089,+
chr13,23446314,23446333,+
chr13,23450816,23450844,+
chr13,23453879,23453908,+
chr13,23517303,23517395,+
chr13,23544120,23544139,+
chr13,23584866,23584885,+
chr13,23584930,23584956,+
chr13,23697199,23697227,+
chr13,23697259,23697285,+
chr13,23697302,23697345,+
chr13,23761242,23761258,+
chr13,23762345,23762367,+
chr13,24445639,24445681,+
chr13,24604583,24604625,+
chr13,24613528,24613562,+
chr13,24614145,24614167,+
chr13,24639761,24639780,+
chr13,27426519,27426534,+
chr13,27426711,27426726,+
chr13,28512986,28513014,+
chr13,28513023,28513039,+
chr13,28513073,28513095,+
chr13,28513105,28513121,+
chr13,28513246,28513268,+
chr13,28677719,28677843,+
chr13,28884295,28884323,+
chr13,29769689,29769718,+
chr13,29983794,29983813,+
chr13,30085603,30085631,+
chr13,30085714,30085742,+
chr13,30166651,30166685,+
chr13,30545581,30545610,+
chr13,30681775,30681797,+
chr13,30733077,30733103,+
chr13,30733376,30733397,+
chr13,30747711,30747759,+
chr13,30748263,30748282,+
chr13,30748397,30748428,+
chr13,30756203,30756217,+
chr13,30792309,30792363,+
chr13,30833429,30833443,+
chr13,30833836,30833855,+
chr13,30841994,30842013,+
chr13,30863865,30863884,+
chr13,30863909,30863923,+
chr13,30863942,30863957,+
chr13,30933194,30933209,+
chr13,30933420,30933440,+
chr13,30981745,30981759,+
chr13,32211963,32211984,+
chr13,32212199,32212220,+
chr13,32212262,32212276,+
chr13,32899270,32899338,+
chr13,33965573,33965626,+
chr13,34002218,34002237,+
chr13,34096062,34096124,+
chr13,34865023,34865039,+
chr13,34874605,34874619,+
chr13,34993421,34993478,+
chr13,35496252,35496271,+
chr13,36117162,36117220,+
chr13,36117261,36117280,+
chr13,36366054,36366068,+
chr13,36808106,36808125,+
chr13,36808293,36808307,+
chr13,37434342,37434372,+
chr13,37434475,37434494,+
chr13,37619436,37619458,+
chr13,37793097,37793119,+
chr13,37994452,37994491,+
chr13,38038067,38038087,+
chr13,38937043,38937071,+
chr13,38938786,38938808,+
chr13,38938819,38938841,+
chr13,41000826,41000871,+
chr13,43215854,43215883,+
chr13,43216037,43216059,+
chr13,43216081,43216103,+
chr13,43269064,43269092,+
chr13,43269471,43269485,+
chr13,43304450,43304466,+
chr13,43313585,43313599,+
chr13,43774276,43774290,+
chr13,43898487,43898518,+
chr13,44321150,44321174,+
chr13,44417294,44417316,+
chr13,44811887,44811913,+
chr13,44816345,44816365,+
chr13,44984084,44984098,+
chr13,44984153,44984178,+
chr13,44984333,44984348,+
chr13,45371870,45371889,+
chr13,45391627,45391649,+
chr13,45772391,45772407,+
chr13,45772586,45772602,+
chr13,45852456,45852478,+
chr13,45903662,45903710,+
chr13,45914477,45914539,+
chr13,45922882,45922901,+
chr13,45924662,45924684,+
chr13,45932465,45932485,+
chr13,46340292,46340311,+
chr13,46364801,46364821,+
chr13,46702471,46702487,+
chr13,46735744,46735758,+
chr13,46735909,46735931,+
chr13,46735987,46736001,+
chr13,46736533,46736561,+
chr13,46736879,46736901,+
chr13,46780151,46780175,+
chr13,46798119,46798141,+
chr13,46798207,46798239,+
chr13,48528438,48528452,+
chr13,48625170,48625186,+
chr13,49309222,49309244,+
chr13,49557263,49557279,+
chr13,49681836,49681856,+
chr13,51644743,51644757,+
chr13,51749603,51749637,+
chr13,51756681,51756703,+
chr13,51756855,51756877,+
chr13,51757392,51757416,+
chr13,51768027,51768055,+
chr13,51816290,51816310,+
chr13,51886134,51886175,+
chr13,51964483,51964499,+
chr13,52165762,52165781,+
chr13,52615234,52615265,+
chr13,52822705,52822719,+
chr13,52874415,52874429,+
chr13,52922178,52922197,+
chr13,52976447,52976469,+
chr13,52976606,52976631,+
chr13,52982736,52982750,+
chr13,54188230,54188258,+
chr13,54188261,54188287,+
chr13,54687232,54687254,+
chr13,55018146,55018168,+
chr13,55100413,55100432,+
chr13,55105149,55105173,+
chr13,55327989,55328011,+
chr13,55423539,55423558,+
chr13,55672686,55672725,+
chr13,55727051,55727094,+
chr13,55727643,55727662,+
chr13,55727717,55727736,+
chr13,56476788,56476807,+
chr13,56658123,56658139,+
chr13,56682392,56682414,+
chr13,57866767,57866781,+
chr13,57866809,57866840,+
chr13,58158184,58158200,+
chr13,58158252,58158271,+
chr13,58158357,58158373,+
chr13,58177452,58177474,+
chr13,58177792,58177811,+
chr13,59221395,59221409,+
chr13,59221437,59221457,+
chr13,59536539,59536565,+
chr13,59572072,59572086,+
chr13,59572128,59572144,+
chr13,59572352,59572379,+
chr13,59584869,59584891,+
chr13,59584922,59584936,+
chr13,59585014,59585033,+
chr13,60322186,60322208,+
chr13,60839444,60839495,+
chr13,60839575,60839597,+
chr13,60839678,60839745,+
chr13,60848682,60848708,+
chr13,60848785,60848812,+
chr13,60849061,60849080,+
chr13,61092991,61093015,+
chr13,61675955,61675981,+
chr13,61676075,61676097,+
chr13,62383131,62383150,+
chr13,62466758,62466782,+
chr13,62470304,62470323,+
chr13,62558538,62558557,+
chr13,62624089,62624108,+
chr13,62653154,62653173,+
chr13,62684889,62684908,+
chr13,62718577,62718591,+
chr13,62718804,62718829,+
chr13,62719061,62719075,+
chr13,62719984,62719998,+
chr13,62785737,62785756,+
chr13,62856254,62856279,+
chr13,63141335,63141353,+
chr13,63223773,63223821,+
chr13,63261616,63261631,+
chr13,63411222,63411244,+
chr13,63411254,63411276,+
chr13,63564875,63564897,+
chr13,64129644,64129671,+
chr13,64299296,64299318,+
chr13,64299378,64299392,+
chr13,66771119,66771171,+
chr13,67081514,67081540,+
chr13,67172866,67172881,+
chr13,71881110,71881125,+
chr13,71881305,71881340,+
chr13,73520939,73520979,+
chr13,73603841,73603860,+
chr13,73703388,73703412,+
chr13,74462670,74462684,+
chr13,74617291,74617305,+
chr13,74639121,74639137,+
chr13,74639613,74639639,+
chr13,74770420,74770438,+
chr13,74770927,74770942,+
chr13,75102889,75102904,+
chr13,76098607,76098623,+
chr13,76590863,76590910,+
chr13,76590953,76591000,+
chr13,76591044,76591060,+
chr13,77708571,77708593,+
chr13,77864857,77864871,+
chr13,77864977,77864997,+
chr13,78253705,78253727,+
chr13,80939997,80940013,+
chr13,81176084,81176121,+
chr13,81182527,81182572,+
chr13,81199754,81199776,+
chr13,81711439,81711454,+
chr13,84647402,84647417,+
chr13,85289020,85289043,+
chr13,85376468,85376484,+
chr13,85412271,85412290,+
chr13,85412332,85412346,+
chr13,85412492,85412516,+
chr13,85430418,85430480,+
chr13,85430811,85430838,+
chr13,85498684,85498698,+
chr13,85556534,85556553,+
chr13,85830029,85830045,+
chr13,85830200,85830222,+
chr13,86351984,86352009,+
chr13,86352138,86352159,+
chr13,87531265,87531291,+
chr13,89551806,89551832,+
chr13,90800635,90800651,+
chr13,91093985,91094016,+
chr13,91462510,91462526,+
chr13,91462680,91462724,+
chr13,91484311,91484362,+
chr13,91541353,91541370,+
chr13,91680254,91680279,+
chr13,92304474,92304503,+
chr13,92483349,92483385,+
chr13,92483542,92483600,+
chr13,92483863,92483888,+
chr13,92523338,92523352,+
chr13,93192294,93192308,+
chr13,93192325,93192351,+
chr13,93192741,93192765,+
chr13,93624101,93624115,+
chr13,93624203,93624222,+
chr13,93894216,93894230,+
chr13,94285731,94285750,+
chr13,94458003,94458068,+
chr13,95063107,95063121,+
chr13,95063432,95063457,+
chr13,95324474,95324507,+
chr13,95327290,95327304,+
chr13,95375798,95375814,+
chr13,95521345,95521371,+
chr13,95521467,95521481,+
chr13,95593117,95593151,+
chr13,95593299,95593318,+
chr13,95618737,95618751,+
chr13,95892520,95892542,+
chr13,95960730,95960828,+
chr13,95964675,95964731,+
chr13,96387911,96387936,+
chr13,96432070,96432098,+
chr13,96432173,96432189,+
chr13,97242716,97242735,+
chr13,97287120,97287148,+
chr13,97442784,97442798,+
chr13,97442927,97442941,+
chr13,97789888,97789907,+
chr13,98737947,98737966,+
chr13,98759812,98759840,+
chr13,98891273,98891287,+
chr13,98925797,98925826,+
chr13,100057763,100057789,+
chr13,100174894,100174913,+
chr13,100866790,100866834,+
chr13,101538424,101538454,+
chr13,101694346,101694366,+
chr13,101694437,101694453,+
chr13,101696808,101696824,+
chr13,101696834,101696861,+
chr13,101696995,101697017,+
chr13,101701917,101701949,+
chr13,101702107,101702126,+
chr13,101712327,101712353,+
chr13,101713772,101713791,+
chr13,101713932,101713969,+
chr13,101719614,101719630,+
chr13,101729659,101729685,+
chr13,101759063,101759083,+
chr13,101759136,101759150,+
chr13,101759399,101759418,+
chr13,101801335,101801357,+
chr13,102144032,102144046,+
chr13,102906306,102906320,+
chr13,102906557,102906574,+
chr13,102906748,102906770,+
chr13,103405483,103405498,+
chr13,103919610,103919630,+
chr13,103919791,103919813,+
chr13,103920208,103920247,+
chr13,104139904,104139932,+
chr13,104286300,104286363,+
chr13,104286676,104286712,+
chr13,104287688,104287716,+
chr13,104577802,104577826,+
chr13,104610585,104610601,+
chr13,104620328,104620374,+
chr13,104938063,104938117,+
chr13,105067064,105067080,+
chr13,105683288,105683336,+
chr13,106836133,106836155,+
chr13,107006561,107006583,+
chr13,107006656,107006679,+
chr13,107056690,107056712,+
chr13,107094460,107094503,+
chr13,107523126,107523157,+
chr13,107825779,107825795,+
chr13,107825901,107825917,+
chr13,107825959,107825998,+
chr13,107897189,107897205,+
chr13,107903904,107903933,+
chr13,107955798,107955826,+
chr13,108041412,108041434,+
chr13,108297892,108297906,+
chr13,108316256,108316278,+
chr13,109820191,109820207,+
chr13,109822781,109822803,+
chr13,109823026,109823045,+
chr13,109823087,109823109,+
chr13,109902801,109902825,+
chr13,110382832,110382854,+
chr13,110959963,110959995,+
chr13,111569392,111569451,+
chr13,111771142,111771165,+
chr13,111771167,111771194,+
chr13,111796975,111797010,+
chr13,111797087,111797101,+
chr13,111807507,111807521,+
chr13,111808323,111808345,+
chr13,111867319,111867334,+
chr13,111867949,111867963,+
chr13,111977726,111977740,+
chr13,112000935,112000949,+
chr13,112287940,112287970,+
chr13,112287982,112288002,+
chr13,112289150,112289176,+
chr13,112398665,112398681,+
chr13,112398715,112398731,+
chr13,112427381,112427404,+
chr13,112439348,112439367,+
chr13,112463562,112463590,+
chr13,112551188,112551219,+
chr13,112551525,112551544,+
chr13,113170354,113170388,+
chr13,113614853,113614881,+
chr13,113870473,113870493,+
chr13,114151579,114151601,+
chr13,114151709,114151723,+
chr13,114387363,114387409,+
chr13,116854886,116854908,+
chr13,116855043,116855073,+
chr13,116855094,116855109,+
chr13,116855288,116855310,+
chr13,116967279,116967299,+
chr13,116967314,116967336,+
chr13,117024064,117024104,+
chr13,117048589,117048603,+
chr13,117055075,117055101,+
chr13,117196098,117196127,+
chr13,117198341,117198394,+
chr13,117209870,117209911,+
chr13,117210055,117210079,+
chr13,117211350,117211372,+
chr13,117220179,117220201,+
chr13,118387685,118387729,+
chr13,119030568,119030590,+
chr13,119030731,119030759,+
chr13,119030763,119030790,+
chr13,119030833,119030861,+
chr13,119463284,119463308,+
chr13,119463408,119463422,+
chr13,3525387,3525406,-
chr13,3525535,3525554,-
chr13,3526591,3526607,-
chr13,3526681,3526719,-
chr13,3637093,3637125,-
chr13,3637218,3637235,-
chr13,3918446,3918474,-
chr13,4945264,4945292,-
chr13,5666501,5666527,-
chr13,5666637,5666681,-
chr13,5779468,5779498,-
chr13,5845901,5845917,-
chr13,5845954,5845976,-
chr13,5862295,5862336,-
chr13,5862450,5862464,-
chr13,5864661,5864708,-
chr13,5890483,5890519,-
chr13,6627453,6627515,-
chr13,8831990,8832012,-
chr13,8871172,8871194,-
chr13,8886371,8886393,-
chr13,9584756,9584771,-
chr13,9638258,9638277,-
chr13,12108965,12108987,-
chr13,12133339,12133372,-
chr13,12133391,12133423,-
chr13,12349765,12349820,-
chr13,12402382,12402423,-
chr13,12402484,12402524,-
chr13,12460431,12460453,-
chr13,12575000,12575020,-
chr13,13130271,13130308,-
chr13,13130732,13130754,-
chr13,13130764,13130783,-
chr13,13471310,13471332,-
chr13,13471532,13471546,-
chr13,13471819,13471834,-
chr13,15759241,15759257,-
chr13,16196372,16196399,-
chr13,16196433,16196486,-
chr13,16869717,16869748,-
chr13,20098175,20098198,-
chr13,20713833,20713852,-
chr13,21163327,21163342,-
chr13,21169824,21169839,-
chr13,21200316,21200339,-
chr13,21200796,21200834,-
chr13,21222284,21222303,-
chr13,21453857,21453873,-
chr13,21855897,21855919,-
chr13,21856085,21856128,-
chr13,21935337,21935402,-
chr13,21974646,21974675,-
chr13,21974739,21974758,-
chr13,22015720,22015754,-
chr13,22026623,22026664,-
chr13,22029092,22029129,-
chr13,22030675,22030694,-
chr13,22742666,22742692,-
chr13,22742917,22742939,-
chr13,22742949,22742968,-
chr13,23450579,23450601,-
chr13,23453579,23453616,-
chr13,23454008,23454066,-
chr13,23454202,23454216,-
chr13,23518312,23518326,-
chr13,23531654,23531670,-
chr13,23531758,23531780,-
chr13,23544059,23544083,-
chr13,23555048,23555070,-
chr13,23562951,23562967,-
chr13,23571398,23571425,-
chr13,23597984,23598031,-
chr13,23598251,23598292,-
chr13,23746035,23746051,-
chr13,23774608,23774674,-
chr13,23774694,23774716,-
chr13,24357762,24357778,-
chr13,24415657,24415671,-
chr13,24419593,24419608,-
chr13,24419652,24419674,-
chr13,24419741,24419763,-
chr13,24445683,24445727,-
chr13,24570593,24570612,-
chr13,24570717,24570731,-
chr13,24588833,24588849,-
chr13,24604630,24604673,-
chr13,24604712,24604738,-
chr13,24613758,24613801,-
chr13,24640033,24640095,-
chr13,24776531,24776551,-
chr13,24801169,24801199,-
chr13,24921441,24921461,-
chr13,27426323,27426376,-
chr13,27426472,27426488,-
chr13,27426787,27426820,-
chr13,28417772,28417791,-
chr13,28502568,28502582,-
chr13,28513207,28513226,-
chr13,28551674,28551688,-
chr13,28724608,28724622,-
chr13,28758135,28758151,-
chr13,29104457,29104478,-
chr13,29983979,29983995,-
chr13,30036848,30036890,-
chr13,30085350,30085398,-
chr13,30085423,30085438,-
chr13,30085551,30085602,-
chr13,30093192,30093208,-
chr13,30166481,30166497,-
chr13,30174646,30174698,-
chr13,30259145,30259159,-
chr13,30638868,30638890,-
chr13,30747614,30747629,-
chr13,30833628,30833650,-
chr13,30833877,30833894,-
chr13,30833934,30833950,-
chr13,30863892,30863906,-
chr13,30914055,30914074,-
chr13,32211714,32211728,-
chr13,34003131,34003154,-
chr13,34046657,34046679,-
chr13,34046698,34046713,-
chr13,34046719,34046741,-
chr13,34191543,34191557,-
chr13,35496416,35496430,-
chr13,36467050,36467070,-
chr13,36789596,36789616,-
chr13,36886306,36886320,-
chr13,37007624,37007646,-
chr13,37312522,37312536,-
chr13,37325585,37325611,-
chr13,37619743,37619816,-
chr13,37751480,37751500,-
chr13,37751528,37751558,-
chr13,37793223,37793253,-
chr13,37801700,37801742,-
chr13,37802052,37802084,-
chr13,37969627,37969641,-
chr13,38338193,38338235,-
chr13,40922731,40922759,-
chr13,41016390,41016412,-
chr13,41035741,41035769,-
chr13,41035813,41035829,-
chr13,41097435,41097450,-
chr13,41249498,41249512,-
chr13,41372973,41372995,-
chr13,41381644,41381693,-
chr13,41381719,41381738,-
chr13,41382104,41382126,-
chr13,41487396,41487410,-
chr13,41487718,41487740,-
chr13,41572292,41572316,-
chr13,42049266,42049301,-
chr13,42049356,42049370,-
chr13,42050364,42050386,-
chr13,42050416,42050431,-
chr13,42052985,42053007,-
chr13,43177451,43177474,-
chr13,43240096,43240116,-
chr13,43313567,43313585,-
chr13,43313794,43313816,-
chr13,43365568,43365587,-
chr13,43453557,43453612,-
chr13,43769249,43769282,-
chr13,43906364,43906383,-
chr13,44118005,44118021,-
chr13,44507254,44507283,-
chr13,44507452,44507515,-
chr13,44732615,44732637,-
chr13,44732668,44732707,-
chr13,44732711,44732728,-
chr13,44800315,44800347,-
chr13,44811102,44811128,-
chr13,44811260,44811306,-
chr13,44816047,44816061,-
chr13,44816160,44816183,-
chr13,44816269,44816283,-
chr13,45389340,45389362,-
chr13,45391540,45391592,-
chr13,45885323,45885339,-
chr13,46339984,46340000,-
chr13,46364832,46364852,-
chr13,46616870,46616898,-
chr13,46690874,46690898,-
chr13,46948116,46948132,-
chr13,48516179,48516210,-
chr13,48979198,48979217,-
chr13,48979405,48979432,-
chr13,49270291,49270323,-
chr13,49291737,49291752,-
chr13,49557107,49557122,-
chr13,49653145,49653160,-
chr13,49682063,49682085,-
chr13,51088471,51088500,-
chr13,51101607,51101634,-
chr13,51101652,51101674,-
chr13,51101734,51101750,-
chr13,51792673,51792709,-
chr13,51814217,51814232,-
chr13,51816166,51816190,-
chr13,52026668,52026702,-
chr13,52026768,52026784,-
chr13,52165658,52165690,-
chr13,52615420,52615436,-
chr13,52828221,52828270,-
chr13,52862174,52862188,-
chr13,52874461,52874475,-
chr13,52976562,52976581,-
chr13,52998423,52998439,-
chr13,52998471,52998490,-
chr13,52998491,52998540,-
chr13,52998664,52998693,-
chr13,53015186,53015206,-
chr13,54188279,54188294,-
chr13,54468990,54469039,-
chr13,54469043,54469063,-
chr13,55017934,55017957,-
chr13,55210956,55210984,-
chr13,55432532,55432560,-
chr13,55432713,55432729,-
chr13,55432781,55432813,-
chr13,55443963,55443978,-
chr13,55672998,55673022,-
chr13,55692603,55692634,-
chr13,56052991,56053010,-
chr13,56135127,56135149,-
chr13,56191293,56191307,-
chr13,56507396,56507415,-
chr13,57866577,57866601,-
chr13,58158701,58158727,-
chr13,58177514,58177529,-
chr13,58216017,58216031,-
chr13,58419272,58419286,-
chr13,58453465,58453480,-
chr13,58453538,58453554,-
chr13,59584974,59584994,-
chr13,59585425,59585440,-
chr13,59704583,59704603,-
chr13,59705048,59705067,-
chr13,59840818,59840852,-
chr13,60601698,60601727,-
chr13,60601736,60601753,-
chr13,60848878,60848892,-
chr13,62470076,62470096,-
chr13,62470341,62470367,-
chr13,62721476,62721490,-
chr13,62721496,62721510,-
chr13,62965303,62965322,-
chr13,63141293,63141309,-
chr13,63223194,63223226,-
chr13,63249747,63249769,-
chr13,63249799,63249815,-
chr13,63249886,63249915,-
chr13,63275049,63275077,-
chr13,63411079,63411098,-
chr13,63411113,63411127,-
chr13,63431659,63431683,-
chr13,64129544,64129579,-
chr13,64299395,64299429,-
chr13,64312038,64312071,-
chr13,65241097,65241120,-
chr13,65241426,65241452,-
chr13,65278407,65278426,-
chr13,67194505,67194519,-
chr13,67269141,67269156,-
chr13,67484500,67484516,-
chr13,70471286,70471314,-
chr13,73328711,73328754,-
chr13,73709853,73709867,-
chr13,74350436,74350458,-
chr13,74854720,74854739,-
chr13,75103024,75103044,-
chr13,76598869,76598885,-
chr13,77762297,77762319,-
chr13,77780618,77780633,-
chr13,78072443,78072465,-
chr13,78253578,78253606,-
chr13,80886507,80886521,-
chr13,81175961,81175977,-
chr13,81793778,81793810,-
chr13,81793882,81793904,-
chr13,84646963,84646987,-
chr13,84647363,84647399,-
chr13,84747647,84747663,-
chr13,85359488,85359502,-
chr13,85376693,85376715,-
chr13,85412222,85412238,-
chr13,85412471,85412496,-
chr13,85479532,85479565,-
chr13,85505216,85505245,-
chr13,85505254,85505269,-
chr13,85507225,85507242,-
chr13,85507276,85507305,-
chr13,85507307,85507345,-
chr13,85509807,85509824,-
chr13,85519017,85519031,-
chr13,85519147,85519171,-
chr13,85519324,85519338,-
chr13,85556153,85556214,-
chr13,85556424,85556439,-
chr13,85556490,85556518,-
chr13,85830309,85830336,-
chr13,85830364,85830407,-
chr13,87531191,87531205,-
chr13,87531240,87531269,-
chr13,87531390,87531414,-
chr13,88992105,88992131,-
chr13,88992185,88992200,-
chr13,88992254,88992280,-
chr13,88992285,88992312,-
chr13,88992323,88992352,-
chr13,88992366,88992380,-
chr13,89551629,89551675,-
chr13,89551834,89551848,-
chr13,90800616,90800631,-
chr13,91223737,91223751,-
chr13,91305933,91305950,-
chr13,91370831,91370868,-
chr13,91484396,91484418,-
chr13,91509790,91509809,-
chr13,91541181,91541209,-
chr13,91636751,91636780,-
chr13,91636843,91636858,-
chr13,91637037,91637056,-
chr13,91680064,91680080,-
chr13,91680306,91680320,-
chr13,91807792,91807814,-
chr13,92354062,92354104,-
chr13,92830406,92830431,-
chr13,92830652,92830668,-
chr13,92986949,92986971,-
chr13,92987044,92987073,-
chr13,93624176,93624195,-
chr13,93624266,93624281,-
chr13,93894141,93894155,-
chr13,94400640,94400656,-
chr13,94794743,94794765,-
chr13,94795065,94795088,-
chr13,94976224,94976240,-
chr13,94976824,94976840,-
chr13,95324506,95324535,-
chr13,95567382,95567404,-
chr13,95593272,95593297,-
chr13,95684922,95684937,-
chr13,95712849,95712863,-
chr13,95742257,95742271,-
chr13,95964344,95964363,-
chr13,96388038,96388053,-
chr13,96511425,96511451,-
chr13,96511459,96511501,-
chr13,96816326,96816340,-
chr13,97238833,97238856,-
chr13,97287283,97287303,-
chr13,97287324,97287359,-
chr13,97406858,97406880,-
chr13,97406886,97406908,-
chr13,97899436,97899475,-
chr13,97899607,97899623,-
chr13,97899714,97899741,-
chr13,97939214,97939242,-
chr13,98759645,98759670,-
chr13,98810518,98810552,-
chr13,100015949,100015981,-
chr13,100104199,100104214,-
chr13,100731100,100731134,-
chr13,100731215,100731229,-
chr13,100731264,100731310,-
chr13,100833844,100833858,-
chr13,100866721,100866743,-
chr13,100946446,100946461,-
chr13,101659340,101659359,-
chr13,101668885,101668944,-
chr13,101669040,101669062,-
chr13,101669067,101669089,-
chr13,101669221,101669236,-
chr13,101669255,101669271,-
chr13,101713967,101713983,-
chr13,101801605,101801624,-
chr13,102144105,102144121,-
chr13,104112646,104112668,-
chr13,104178553,104178576,-
chr13,104286166,104286186,-
chr13,104286253,104286272,-
chr13,104303354,104303385,-
chr13,104574505,104574560,-
chr13,104577831,104577855,-
chr13,104620437,104620456,-
chr13,104623379,104623398,-
chr13,104937786,104937812,-
chr13,107094279,107094301,-
chr13,107094532,107094546,-
chr13,107825703,107825731,-
chr13,107897284,107897298,-
chr13,109230471,109230496,-
chr13,109238980,109239000,-
chr13,109239001,109239028,-
chr13,109239041,109239067,-
chr13,109802721,109802737,-
chr13,109802772,109802786,-
chr13,109843179,109843201,-
chr13,109845155,109845190,-
chr13,109907682,109907698,-
chr13,110382615,110382673,-
chr13,110829537,110829557,-
chr13,110829693,110829707,-
chr13,111065179,111065207,-
chr13,111771307,111771330,-
chr13,111807138,111807172,-
chr13,111867773,111867795,-
chr13,111978090,111978105,-
chr13,112000847,112000890,-
chr13,112001324,112001347,-
chr13,112001992,112002014,-
chr13,112288624,112288656,-
chr13,112418129,112418152,-
chr13,112424630,112424649,-
chr13,112425108,112425164,-
chr13,112433344,112433371,-
chr13,112437891,112437905,-
chr13,112438317,112438337,-
chr13,112472697,112472711,-
chr13,112492339,112492365,-
chr13,112551243,112551257,-
chr13,112927264,112927283,-
chr13,113170451,113170493,-
chr13,113429712,113429726,-
chr13,113579913,113579964,-
chr13,113579971,113579985,-
chr13,113580481,113580515,-
chr13,113618810,113618881,-
chr13,113870518,113870545,-
chr13,114388151,114388173,-
chr13,116854969,116854985,-
chr13,117198497,117198534,-
chr13,117209856,117209870,-
chr13,117217824,117217869,-
chr13,117217906,117217920,-
chr13,117217953,117217993,-
chr13,117220130,117220144,-
chr13,117242304,117242319,-
chr13,117261099,117261125,-
chr13,118387389,118387417,-
chr13,118409095,118409110,-
chr13,119462807,119462862,-
chr13,119463376,119463392,-
chr13,119836797,119836825,-
chr14,5874719,5874741,+
chr14,5918081,5918107,+
chr14,6930232,6930254,+
chr14,7766254,7766270,+
chr14,7774205,7774233,+
chr14,7997729,7997745,+
chr14,8080122,8080151,+
chr14,8610712,8610728,+
chr14,8610834,8610857,+
chr14,10146720,10146755,+
chr14,10453069,10453084,+
chr14,10453779,10453801,+
chr14,10453909,10453923,+
chr14,13960439,13960478,+
chr14,14068532,14068547,+
chr14,14121190,14121205,+
chr14,14345709,14345731,+
chr14,14633436,14633450,+
chr14,14863712,14863729,+
chr14,14863756,14863780,+
chr14,14863982,14864006,+
chr14,15272726,15272740,+
chr14,15273364,15273386,+
chr14,16001959,16002000,+
chr14,16170492,16170508,+
chr14,16173470,16173484,+
chr14,16212694,16212709,+
chr14,16243880,16243900,+
chr14,16364982,16365004,+
chr14,16373000,16373022,+
chr14,16678279,16678325,+
chr14,18187131,18187154,+
chr14,18331146,18331165,+
chr14,18331793,18331808,+
chr14,18371903,18371932,+
chr14,19824052,19824093,+
chr14,19962764,19962786,+
chr14,19969229,19969243,+
chr14,19970737,19970751,+
chr14,19976809,19976832,+
chr14,19976880,19976902,+
chr14,20012939,20012995,+
chr14,20282916,20282935,+
chr14,20388968,20388982,+
chr14,20674115,20674135,+
chr14,20674136,20674162,+
chr14,20885555,20885627,+
chr14,21500907,21500922,+
chr14,21659725,21659762,+
chr14,21750284,21750318,+
chr14,23465494,23465516,+
chr14,25393001,25393021,+
chr14,25421953,25421989,+
chr14,25459035,25459054,+
chr14,25517390,25517412,+
chr14,25693772,25693791,+
chr14,26580055,26580088,+
chr14,26988750,26988765,+
chr14,26993861,26993875,+
chr14,27023125,27023156,+
chr14,27238288,27238324,+
chr14,27351870,27351884,+
chr14,27376031,27376084,+
chr14,27376086,27376106,+
chr14,27384331,27384362,+
chr14,27402739,27402758,+
chr14,27405269,27405294,+
chr14,27412718,27412732,+
chr14,29967757,29967803,+
chr14,29967926,29967953,+
chr14,30061601,30061617,+
chr14,30579409,30579428,+
chr14,30579514,30579530,+
chr14,30654087,30654114,+
chr14,30654207,30654247,+
chr14,30654248,30654270,+
chr14,31272443,31272521,+
chr14,31399404,31399430,+
chr14,31436316,31436330,+
chr14,31669873,31669892,+
chr14,31670169,31670224,+
chr14,31781922,31781938,+
chr14,31933770,31933864,+
chr14,32085200,32085235,+
chr14,34660243,34660288,+
chr14,36378143,36378165,+
chr14,36378359,36378373,+
chr14,36864362,36864409,+
chr14,36893149,36893186,+
chr14,36952955,36952974,+
chr14,40930364,40930393,+
chr14,40943829,40943873,+
chr14,40947423,40947437,+
chr14,40949982,40950004,+
chr14,41033397,41033479,+
chr14,41050525,41050544,+
chr14,41050760,41050775,+
chr14,41245020,41245034,+
chr14,41291730,41291756,+
chr14,44167314,44167330,+
chr14,44167372,44167396,+
chr14,44167408,44167434,+
chr14,44167442,44167464,+
chr14,45005554,45005576,+
chr14,45005614,45005636,+
chr14,45005844,45005858,+
chr14,45041314,45041333,+
chr14,45102347,45102362,+
chr14,45317995,45318017,+
chr14,45387506,45387530,+
chr14,45691046,45691103,+
chr14,45691232,45691278,+
chr14,46831632,46831652,+
chr14,47257349,47257365,+
chr14,47740747,47740769,+
chr14,48367345,48367365,+
chr14,49222093,49222107,+
chr14,49222221,49222237,+
chr14,50062996,50063027,+
chr14,50063154,50063192,+
chr14,50771078,50771100,+
chr14,50784917,50784945,+
chr14,50785019,50785049,+
chr14,50870518,50870537,+
chr14,50881412,50881431,+
chr14,50924615,50924634,+
chr14,51065137,51065164,+
chr14,51082795,51082809,+
chr14,51090540,51090555,+
chr14,51843029,51843043,+
chr14,51843071,51843085,+
chr14,51884403,51884432,+
chr14,52103571,52103586,+
chr14,52103638,52103652,+
chr14,52119700,52119764,+
chr14,52123705,52123721,+
chr14,52197307,52197333,+
chr14,54198112,54198138,+
chr14,54217043,54217076,+
chr14,54233359,54233374,+
chr14,54328878,54328905,+
chr14,54399111,54399163,+
chr14,54492715,54492734,+
chr14,54518433,54518514,+
chr14,54518563,54518577,+
chr14,54518860,54518876,+
chr14,54651138,54651168,+
chr14,55079477,55079493,+
chr14,55560260,55560296,+
chr14,55635901,55635916,+
chr14,55879865,55879929,+
chr14,56284349,56284368,+
chr14,56304117,56304181,+
chr14,56304308,56304327,+
chr14,56575898,56575913,+
chr14,56576026,56576045,+
chr14,56778232,56778246,+
chr14,56793121,56793135,+
chr14,56793156,56793179,+
chr14,57409310,57409324,+
chr14,57593279,57593301,+
chr14,57617969,57617984,+
chr14,57657696,57657715,+
chr14,57657750,57657802,+
chr14,57657804,57657839,+
chr14,57680360,57680382,+
chr14,57769233,57769252,+
chr14,57772527,57772546,+
chr14,57798019,57798035,+
chr14,57865341,57865360,+
chr14,57908466,57908504,+
chr14,57910508,57910527,+
chr14,58412161,58412180,+
chr14,60219773,60219806,+
chr14,60694668,60694694,+
chr14,60705371,60705395,+
chr14,60712036,60712063,+
chr14,60738864,60738890,+
chr14,61599384,61599427,+
chr14,61692120,61692147,+
chr14,61718552,61718575,+
chr14,61736673,61736704,+
chr14,61737201,61737215,+
chr14,61778602,61778621,+
chr14,61805753,61805792,+
chr14,61805931,61805969,+
chr14,63066867,63066899,+
chr14,63193587,63193610,+
chr14,63544107,63544154,+
chr14,64434386,64434408,+
chr14,64441177,64441196,+
chr14,64885277,64885303,+
chr14,64930931,64930957,+
chr14,64931002,64931034,+
chr14,64931253,64931286,+
chr14,65044717,65044739,+
chr14,65045438,65045463,+
chr14,65150271,65150287,+
chr14,65352278,65352297,+
chr14,65357785,65357811,+
chr14,65357968,65357984,+
chr14,65374096,65374120,+
chr14,65598377,65598397,+
chr14,66071990,66072005,+
chr14,66198991,66199026,+
chr14,66199860,66199876,+
chr14,66228993,66229015,+
chr14,66229165,66229189,+
chr14,66260518,66260547,+
chr14,67188962,67188981,+
chr14,67211602,67211618,+
chr14,67211671,67211687,+
chr14,67211780,67211796,+
chr14,67211994,67212013,+
chr14,68050791,68050827,+
chr14,68993388,68993426,+
chr14,68993476,68993522,+
chr14,68993628,68993694,+
chr14,68993708,68993727,+
chr14,69707694,69707714,+
chr14,70148126,70148167,+
chr14,70154023,70154045,+
chr14,70175947,70175969,+
chr14,70181413,70181453,+
chr14,70272534,70272560,+
chr14,70272599,70272621,+
chr14,70272628,70272650,+
chr14,70276857,70276884,+
chr14,70659614,70659630,+
chr14,72822134,72822150,+
chr14,72822289,72822303,+
chr14,73049007,73049023,+
chr14,73049114,73049136,+
chr14,73088300,73088324,+
chr14,73117156,73117178,+
chr14,73253519,73253541,+
chr14,73326096,73326115,+
chr14,73334084,73334106,+
chr14,73349413,73349448,+
chr14,73349595,73349616,+
chr14,73388646,73388661,+
chr14,73388769,73388792,+
chr14,73507658,73507672,+
chr14,73507731,73507745,+
chr14,73525336,73525352,+
chr14,73525437,73525456,+
chr14,74835105,74835127,+
chr14,74847612,74847640,+
chr14,74847706,74847732,+
chr14,74880744,74880766,+
chr14,74921283,74921305,+
chr14,74921328,74921342,+
chr14,74984808,74984841,+
chr14,75230440,75230466,+
chr14,75754717,75754732,+
chr14,75769355,75769383,+
chr14,75769476,75769492,+
chr14,76582780,76582806,+
chr14,77011820,77011892,+
chr14,77149853,77149868,+
chr14,78303694,78303710,+
chr14,78304295,78304326,+
chr14,78306850,78306876,+
chr14,78357010,78357024,+
chr14,78459132,78459152,+
chr14,78459277,78459305,+
chr14,78687684,78687699,+
chr14,79236467,79236489,+
chr14,79236579,79236623,+
chr14,79236822,79236839,+
chr14,79293622,79293648,+
chr14,79326939,79326967,+
chr14,79327161,79327185,+
chr14,79393278,79393317,+
chr14,79393543,79393565,+
chr14,79393569,79393583,+
chr14,79451669,79451691,+
chr14,79530626,79530651,+
chr14,79537387,79537409,+
chr14,80030340,80030368,+
chr14,80030407,80030456,+
chr14,82544345,82544380,+
chr14,82544412,82544439,+
chr14,82544446,82544484,+
chr14,82608897,82608924,+
chr14,83411905,83411919,+
chr14,83411938,83411961,+
chr14,84284360,84284383,+
chr14,84284558,84284592,+
chr14,84284658,84284673,+
chr14,84768870,84768885,+
chr14,85935713,85935728,+
chr14,85936054,85936094,+
chr14,85936220,85936255,+
chr14,85936370,85936398,+
chr14,86145949,86146043,+
chr14,86682122,86682148,+
chr14,86682305,86682320,+
chr14,86714422,86714447,+
chr14,86847245,86847278,+
chr14,87110062,87110085,+
chr14,87452166,87452195,+
chr14,88402559,88402584,+
chr14,88402634,88402648,+
chr14,97071202,97071216,+
chr14,101452979,101453006,+
chr14,101453339,101453355,+
chr14,101477902,101477924,+
chr14,101478038,101478075,+
chr14,101510808,101510836,+
chr14,103099887,103099912,+
chr14,105185020,105185036,+
chr14,105296280,105296294,+
chr14,105500177,105500193,+
chr14,105500223,105500247,+
chr14,105500255,105500271,+
chr14,105500291,105500307,+
chr14,105500311,105500331,+
chr14,107018261,107018277,+
chr14,107018282,107018330,+
chr14,107018450,107018472,+
chr14,107018483,107018537,+
chr14,111003412,111003442,+
chr14,111003627,111003644,+
chr14,111003711,111003725,+
chr14,117465396,117465418,+
chr14,117465547,117465561,+
chr14,118089502,118089522,+
chr14,118173898,118173920,+
chr14,118180398,118180422,+
chr14,118820158,118820199,+
chr14,118864941,118864981,+
chr14,118865010,118865032,+
chr14,118865151,118865167,+
chr14,118929891,118929913,+
chr14,118933081,118933108,+
chr14,119007761,119007796,+
chr14,120544773,120544789,+
chr14,121107595,121107621,+
chr14,121311281,121311295,+
chr14,121354033,121354048,+
chr14,121366514,121366530,+
chr14,121366532,121366552,+
chr14,121371835,121371885,+
chr14,121373135,121373149,+
chr14,121823005,121823021,+
chr14,121855097,121855116,+
chr14,121903745,121903767,+
chr14,121915475,121915509,+
chr14,121938689,121938703,+
chr14,121946509,121946525,+
chr14,121954948,121954963,+
chr14,122066541,122066555,+
chr14,122073493,122073512,+
chr14,122802034,122802083,+
chr14,122802109,122802128,+
chr14,122901997,122902013,+
chr14,122951787,122951815,+
chr14,122985560,122985579,+
chr14,122997436,122997451,+
chr14,124306156,124306170,+
chr14,124306226,124306243,+
chr14,124306256,124306289,+
chr14,6930001,6930020,-
chr14,8097950,8097964,-
chr14,14042904,14042962,-
chr14,14068391,14068426,-
chr14,14346198,14346219,-
chr14,14633341,14633376,-
chr14,14634071,14634131,-
chr14,14702843,14702862,-
chr14,14863780,14863808,-
chr14,15272520,15272542,-
chr14,16243945,16243964,-
chr14,16256485,16256501,-
chr14,16380131,16380153,-
chr14,16380294,16380310,-
chr14,16380432,16380457,-
chr14,16677982,16678007,-
chr14,18002132,18002147,-
chr14,18002202,18002221,-
chr14,18186925,18186965,-
chr14,18187022,18187036,-
chr14,18665901,18665923,-
chr14,19985264,19985283,-
chr14,19986298,19986314,-
chr14,19987013,19987043,-
chr14,20013042,20013056,-
chr14,20035195,20035236,-
chr14,20082639,20082658,-
chr14,20928885,20928924,-
chr14,21032535,21032549,-
chr14,21078712,21078726,-
chr14,21101980,21101996,-
chr14,21113167,21113182,-
chr14,21523539,21523554,-
chr14,21523605,21523619,-
chr14,22352160,22352179,-
chr14,25378119,25378135,-
chr14,26670201,26670229,-
chr14,26993830,26993859,-
chr14,27229359,27229373,-
chr14,27230881,27230897,-
chr14,27238123,27238142,-
chr14,27390652,27390666,-
chr14,27390686,27390719,-
chr14,27405574,27405600,-
chr14,27405744,27405758,-
chr14,27412850,27412866,-
chr14,30548963,30548986,-
chr14,30717039,30717058,-
chr14,31019690,31019716,-
chr14,31019729,31019763,-
chr14,31194798,31194821,-
chr14,31194842,31194858,-
chr14,31195296,31195312,-
chr14,31414516,31414545,-
chr14,32006145,32006208,-
chr14,32159442,32159458,-
chr14,33481109,33481171,-
chr14,33481202,33481224,-
chr14,34122844,34122871,-
chr14,34122875,34122891,-
chr14,34401415,34401460,-
chr14,34768392,34768406,-
chr14,34768410,34768429,-
chr14,37135641,37135663,-
chr14,37165606,37165628,-
chr14,38716964,38716980,-
chr14,39197791,39197805,-
chr14,40894892,40894923,-
chr14,40930111,40930126,-
chr14,40930218,40930245,-
chr14,40930282,40930308,-
chr14,40943870,40943922,-
chr14,41013923,41013939,-
chr14,41285436,41285458,-
chr14,41285510,41285536,-
chr14,41285592,41285627,-
chr14,44066884,44066916,-
chr14,44193813,44193827,-
chr14,44241515,44241530,-
chr14,44241760,44241789,-
chr14,44700006,44700022,-
chr14,45005738,45005766,-
chr14,45051722,45052156,-
chr14,45329512,45329531,-
chr14,47105183,47105234,-
chr14,47187972,47188014,-
chr14,47395927,47395951,-
chr14,47418463,47418504,-
chr14,48375432,48375448,-
chr14,49219807,49219823,-
chr14,49219911,49219941,-
chr14,49608426,49608440,-
chr14,49991303,49991319,-
chr14,50785659,50785692,-
chr14,50925173,50925192,-
chr14,51089771,51089791,-
chr14,51089857,51089883,-
chr14,51098324,51098346,-
chr14,51098523,51098549,-
chr14,51632402,51632425,-
chr14,51883930,51883965,-
chr14,51884277,51884293,-
chr14,51884335,51884357,-
chr14,51892116,51892189,-
chr14,51892349,51892376,-
chr14,52279796,52279822,-
chr14,52588836,52588850,-
chr14,52776073,52776090,-
chr14,53134799,53134818,-
chr14,53559696,53559718,-
chr14,53649445,53649467,-
chr14,53931737,53931751,-
chr14,53960765,53960788,-
chr14,54198069,54198095,-
chr14,54198144,54198166,-
chr14,54209946,54209975,-
chr14,54210040,54210059,-
chr14,54328802,54328816,-
chr14,54360512,54360540,-
chr14,54360549,54360565,-
chr14,54423413,54423432,-
chr14,54423467,54423493,-
chr14,54517839,54517853,-
chr14,54517907,54517926,-
chr14,54553799,54553818,-
chr14,54554632,54554654,-
chr14,54603764,54603778,-
chr14,54618154,54618176,-
chr14,54618544,54618595,-
chr14,55161611,55161709,-
chr14,55629556,55629593,-
chr14,55724341,55724366,-
chr14,55724880,55724894,-
chr14,55918700,55918726,-
chr14,55918798,55918820,-
chr14,55918952,55918971,-
chr14,56283941,56283957,-
chr14,56297045,56297078,-
chr14,56304384,56304404,-
chr14,56674947,56674985,-
chr14,56675004,56675038,-
chr14,56777738,56777769,-
chr14,56793295,56793327,-
chr14,56959026,56959057,-
chr14,56959306,56959333,-
chr14,57372805,57372833,-
chr14,57398721,57398737,-
chr14,57409139,57409158,-
chr14,57409355,57409373,-
chr14,57617791,57617825,-
chr14,57618045,57618059,-
chr14,57680265,57680299,-
chr14,57902236,57902260,-
chr14,58073775,58073789,-
chr14,60738745,60738772,-
chr14,60744624,60744659,-
chr14,60771421,60771470,-
chr14,60771511,60771533,-
chr14,61056616,61056635,-
chr14,61057278,61057292,-
chr14,61173596,61173665,-
chr14,61535861,61535877,-
chr14,61557088,61557113,-
chr14,61599348,61599386,-
chr14,61736788,61736816,-
chr14,61737045,61737059,-
chr14,61805792,61805821,-
chr14,61980851,61980871,-
chr14,62022339,62022359,-
chr14,62219143,62219181,-
chr14,62682318,62682343,-
chr14,62837302,62837317,-
chr14,62940811,62940825,-
chr14,64272660,64272688,-
chr14,64666932,64666956,-
chr14,65330394,65330483,-
chr14,65381811,65381830,-
chr14,65598442,65598456,-
chr14,65598459,65598481,-
chr14,66071965,66071991,-
chr14,66200017,66200039,-
chr14,66229360,66229382,-
chr14,66250225,66250247,-
chr14,66791807,66791874,-
chr14,66869266,66869280,-
chr14,67008724,67008755,-
chr14,67072597,67072619,-
chr14,70148265,70148284,-
chr14,70544910,70544936,-
chr14,70545031,70545092,-
chr14,70773480,70773502,-
chr14,70773521,70773535,-
chr14,72603017,72603031,-
chr14,72708791,72708807,-
chr14,72821758,72821797,-
chr14,72822167,72822192,-
chr14,72822745,72822769,-
chr14,72983441,72983457,-
chr14,73049314,73049359,-
chr14,73087804,73087831,-
chr14,73123775,73123811,-
chr14,73161878,73161909,-
chr14,73289922,73289938,-
chr14,73335548,73335576,-
chr14,73340284,73340306,-
chr14,73388591,73388613,-
chr14,73388991,73389019,-
chr14,73389033,73389083,-
chr14,73389251,73389270,-
chr14,73398609,73398635,-
chr14,73398732,73398754,-
chr14,73442354,73442373,-
chr14,73474805,73474843,-
chr14,73584421,73584446,-
chr14,73584541,73584568,-
chr14,73584610,73584632,-
chr14,73720596,73720618,-
chr14,73720642,73720664,-
chr14,74847180,74847202,-
chr14,74948017,74948063,-
chr14,74949115,74949134,-
chr14,74949290,74949312,-
chr14,75069310,75069324,-
chr14,75187137,75187151,-
chr14,75230684,75230706,-
chr14,75318923,75318949,-
chr14,75516076,75516096,-
chr14,75516335,75516375,-
chr14,75754740,75754775,-
chr14,76414291,76414306,-
chr14,76474131,76474150,-
chr14,76474168,76474182,-
chr14,76474268,76474299,-
chr14,76474320,76474336,-
chr14,77875094,77875114,-
chr14,78687762,78687820,-
chr14,78698972,78698991,-
chr14,78698999,78699043,-
chr14,78713262,78713294,-
chr14,78908355,78908377,-
chr14,78908441,78908463,-
chr14,78908641,78908667,-
chr14,78914531,78914559,-
chr14,79243908,79243927,-
chr14,79326985,79327020,-
chr14,79481759,79481775,-
chr14,79499447,79499463,-
chr14,79515564,79515580,-
chr14,79515776,79515796,-
chr14,79521821,79521850,-
chr14,79521853,79521867,-
chr14,79522065,79522081,-
chr14,79522197,79522234,-
chr14,79557981,79558005,-
chr14,79587890,79587916,-
chr14,79587927,79587942,-
chr14,80802619,80802635,-
chr14,82608711,82608733,-
chr14,82608879,82608899,-
chr14,84682479,84682502,-
chr14,84769062,84769098,-
chr14,85935808,85935828,-
chr14,85936203,85936223,-
chr14,86682089,86682125,-
chr14,86714465,86714510,-
chr14,86714522,86714560,-
chr14,86714586,86714600,-
chr14,86736747,86736771,-
chr14,86736990,86737005,-
chr14,86847086,86847100,-
chr14,87416664,87416707,-
chr14,87416715,87416729,-
chr14,87452136,87452161,-
chr14,87452208,87452224,-
chr14,87452364,87452378,-
chr14,88402530,88402555,-
chr14,88402587,88402603,-
chr14,90458858,90458877,-
chr14,91758698,91758720,-
chr14,93212788,93212815,-
chr14,93213255,93213277,-
chr14,93213513,93213546,-
chr14,93214378,93214397,-
chr14,93214405,93214438,-
chr14,93214447,93214479,-
chr14,96601367,96601386,-
chr14,100211326,100211360,-
chr14,100211381,100211401,-
chr14,101477312,101477328,-
chr14,101478198,101478269,-
chr14,101478276,101478302,-
chr14,101478303,101478335,-
chr14,102127750,102127769,-
chr14,102983543,102983558,-
chr14,103069856,103069874,-
chr14,103070020,103070046,-
chr14,103349362,103349389,-
chr14,103469553,103469572,-
chr14,104027332,104027348,-
chr14,105198130,105198144,-
chr14,105198153,105198179,-
chr14,105258540,105258555,-
chr14,105296243,105296265,-
chr14,105296292,105296324,-
chr14,105296436,105296462,-
chr14,105296468,105296506,-
chr14,107075178,107075208,-
chr14,109711559,109711573,-
chr14,109711612,109711627,-
chr14,115017695,115017717,-
chr14,115040895,115040909,-
chr14,118233681,118233703,-
chr14,118761121,118761140,-
chr14,118761334,118761355,-
chr14,118823579,118823605,-
chr14,118865081,118865105,-
chr14,118929797,118929823,-
chr14,118929964,118929980,-
chr14,120274703,120274725,-
chr14,120274776,120274803,-
chr14,120477943,120477957,-
chr14,120832166,120832185,-
chr14,121349542,121349564,-
chr14,121405412,121405444,-
chr14,121451251,121451265,-
chr14,121484494,121484508,-
chr14,121881523,121881552,-
chr14,121898793,121898809,-
chr14,121906941,121906963,-
chr14,121929000,121929026,-
chr14,121930772,121930788,-
chr14,121930819,121930850,-
chr14,121931423,121931455,-
chr14,121931535,121931554,-
chr14,121938562,121938584,-
chr14,121946434,121946456,-
chr14,121954689,121954704,-
chr14,121954919,121954948,-
chr14,122000773,122000799,-
chr14,122009412,122009442,-
chr14,122223702,122223759,-
chr14,122985536,122985551,-
chr14,122997637,122997653,-
chr14,124294755,124294776,-
chr15,3270598,3270618,+
chr15,3995267,3995296,+
chr15,5185277,5185293,+
chr15,5230754,5230770,+
chr15,5409492,5409508,+
chr15,5446502,5446524,+
chr15,5465037,5465107,+
chr15,5510394,5510413,+
chr15,5514393,5514425,+
chr15,5555293,5555307,+
chr15,5740754,5740773,+
chr15,5758810,5758826,+
chr15,5762956,5762971,+
chr15,5769613,5769687,+
chr15,5813324,5813358,+
chr15,5813522,5813547,+
chr15,5813584,5813603,+
chr15,5813804,5813831,+
chr15,5840136,5840150,+
chr15,5840264,5840330,+
chr15,5840375,5840401,+
chr15,6034636,6034655,+
chr15,6578429,6578443,+
chr15,6579585,6579609,+
chr15,6579689,6579711,+
chr15,6612986,6613000,+
chr15,6707964,6707997,+
chr15,8234213,8234250,+
chr15,8280351,8280380,+
chr15,8444342,8444358,+
chr15,8444676,8444698,+
chr15,8451048,8451068,+
chr15,8590001,8590038,+
chr15,8667279,8667299,+
chr15,9070971,9070993,+
chr15,9071284,9071317,+
chr15,9472191,9472222,+
chr15,9701835,9701911,+
chr15,9701949,9701971,+
chr15,9748032,9748048,+
chr15,10075088,10075114,+
chr15,11533213,11533235,+
chr15,11995275,11995294,+
chr15,12010186,12010232,+
chr15,12010243,12010267,+
chr15,12204758,12204772,+
chr15,12285389,12285411,+
chr15,12285429,12285448,+
chr15,12380639,12380661,+
chr15,12795432,12795452,+
chr15,22103375,22103397,+
chr15,24243968,24243990,+
chr15,24244091,24244107,+
chr15,24244200,24244219,+
chr15,25216492,25216523,+
chr15,25216661,25216675,+
chr15,25227575,25227601,+
chr15,25269792,25269814,+
chr15,25269904,25269920,+
chr15,25844536,25844556,+
chr15,27468396,27468418,+
chr15,27597044,27597068,+
chr15,27641395,27641410,+
chr15,27641695,27641715,+
chr15,27668101,27668123,+
chr15,27668720,27668736,+
chr15,27668875,27668912,+
chr15,27670052,27670068,+
chr15,27670102,27670124,+
chr15,27724618,27724649,+
chr15,27725600,27725614,+
chr15,27828360,27828385,+
chr15,28189436,28189593,+
chr15,29136182,29136206,+
chr15,30252686,30252701,+
chr15,30581508,30581533,+
chr15,30581662,30581683,+
chr15,31166783,31166821,+
chr15,31167040,31167076,+
chr15,31225973,31226018,+
chr15,31530002,31530031,+
chr15,31602408,31602515,+
chr15,34050462,34050491,+
chr15,34443727,34443741,+
chr15,35071897,35071919,+
chr15,35119786,35119813,+
chr15,35119820,35119857,+
chr15,35295953,35295972,+
chr15,36173641,36173666,+
chr15,36173866,36173901,+
chr15,36214298,36214350,+
chr15,36303494,36303508,+
chr15,36346562,36346576,+
chr15,36363955,36363969,+
chr15,36364026,36364057,+
chr15,36415642,36415694,+
chr15,36438883,36438929,+
chr15,36449047,36449069,+
chr15,36449088,36449128,+
chr15,36458627,36458643,+
chr15,36496966,36496982,+
chr15,36517841,36517887,+
chr15,36518063,36518094,+
chr15,36565659,36565673,+
chr15,36608791,36608817,+
chr15,36652302,36652324,+
chr15,36652533,36652555,+
chr15,36939221,36939286,+
chr15,38129351,38129365,+
chr15,38129366,38129413,+
chr15,38129431,38129462,+
chr15,38129470,38129494,+
chr15,38129589,38129608,+
chr15,38519209,38519235,+
chr15,38634895,38634939,+
chr15,38635062,38635082,+
chr15,39913690,39913709,+
chr15,42523149,42523168,+
chr15,42523370,42523386,+
chr15,43167110,43167183,+
chr15,44836322,44836337,+
chr15,44836403,44836417,+
chr15,44836437,44836459,+
chr15,46870065,46870080,+
chr15,46870134,46870168,+
chr15,46870274,46870300,+
chr15,47775503,47775518,+
chr15,49738308,49738327,+
chr15,50350308,50350327,+
chr15,50350337,50350353,+
chr15,50361674,50361690,+
chr15,50362184,50362207,+
chr15,50662135,50662169,+
chr15,50662324,50662380,+
chr15,50870248,50870267,+
chr15,51871076,51871129,+
chr15,51991696,51991712,+
chr15,52878710,52878732,+
chr15,53157604,53157623,+
chr15,53216494,53216513,+
chr15,53216633,53216649,+
chr15,53267083,53267110,+
chr15,53267449,53267465,+
chr15,53272751,53272770,+
chr15,53308599,53308618,+
chr15,53327979,53328005,+
chr15,53328067,53328081,+
chr15,55106818,55106840,+
chr15,55764220,55764247,+
chr15,55828656,55828675,+
chr15,55851237,55851256,+
chr15,55889787,55889813,+
chr15,57694052,57694081,+
chr15,57773066,57773088,+
chr15,57878686,57878708,+
chr15,58141012,58141034,+
chr15,58145434,58145468,+
chr15,58164634,58164664,+
chr15,58164725,58164744,+
chr15,58171394,58171408,+
chr15,58195167,58195201,+
chr15,58685310,58685324,+
chr15,58750399,58750421,+
chr15,58750432,58750454,+
chr15,58872519,58872545,+
chr15,58974446,58974493,+
chr15,59081932,59081956,+
chr15,59280417,59280466,+
chr15,59374495,59374515,+
chr15,59588413,59588447,+
chr15,59592561,59592577,+
chr15,59914121,59914137,+
chr15,59978921,59978948,+
chr15,60097559,60097587,+
chr15,60101824,60101848,+
chr15,60111809,60111823,+
chr15,60124610,60124626,+
chr15,60130321,60130380,+
chr15,60136720,60136739,+
chr15,60136753,60136773,+
chr15,61322212,61322234,+
chr15,61408751,61408773,+
chr15,61420020,61420040,+
chr15,61481998,61482022,+
chr15,61482125,61482147,+
chr15,61541276,61541292,+
chr15,61541434,61541460,+
chr15,61541538,61541564,+
chr15,62457268,62457283,+
chr15,62730916,62730942,+
chr15,62824413,62824435,+
chr15,63132130,63132149,+
chr15,63828804,63828848,+
chr15,63829051,63829066,+
chr15,63829082,63829139,+
chr15,63989865,63989880,+
chr15,64060316,64060338,+
chr15,64107015,64107041,+
chr15,64107050,64107101,+
chr15,64185895,64185932,+
chr15,64206474,64206508,+
chr15,64211531,64211557,+
chr15,64235095,64235119,+
chr15,64235179,64235201,+
chr15,64235685,64235707,+
chr15,64237961,64237976,+
chr15,64278991,64279015,+
chr15,64279385,64279427,+
chr15,64284878,64284901,+
chr15,65324531,65324556,+
chr15,66445714,66445736,+
chr15,66476726,66476748,+
chr15,66513238,66513257,+
chr15,66558824,66558862,+
chr15,66558900,66558919,+
chr15,66559072,66559100,+
chr15,66577351,66577373,+
chr15,66789349,66789369,+
chr15,66793257,66793271,+
chr15,66801725,66801747,+
chr15,66804129,66804145,+
chr15,66825808,66825823,+
chr15,66859187,66859203,+
chr15,66859206,66859222,+
chr15,66859372,66859387,+
chr15,66865521,66865537,+
chr15,66969504,66969520,+
chr15,66998296,66998310,+
chr15,69951422,69951441,+
chr15,70453743,70453757,+
chr15,71256610,71256632,+
chr15,73155325,73155371,+
chr15,73161953,73161972,+
chr15,73175857,73175880,+
chr15,73176261,73176282,+
chr15,73423892,73423922,+
chr15,73423997,73424013,+
chr15,73424033,73424055,+
chr15,73581272,73581289,+
chr15,73595663,73595677,+
chr15,74687421,74687445,+
chr15,74933591,74933644,+
chr15,74933664,74933678,+
chr15,74934385,74934402,+
chr15,75117534,75117549,+
chr15,75436653,75436690,+
chr15,75841811,75841827,+
chr15,75894502,75894521,+
chr15,75968956,75968975,+
chr15,75969001,75969027,+
chr15,76070024,76070043,+
chr15,76082424,76082440,+
chr15,76273810,76273866,+
chr15,76317181,76317217,+
chr15,76317322,76317356,+
chr15,76327107,76327131,+
chr15,76327140,76327177,+
chr15,76351045,76351061,+
chr15,76538974,76538988,+
chr15,76671442,76671457,+
chr15,76701096,76701152,+
chr15,76757867,76757886,+
chr15,76770373,76770420,+
chr15,76928028,76928050,+
chr15,76948810,76948839,+
chr15,77789495,77789511,+
chr15,77806000,77806022,+
chr15,77838695,77838714,+
chr15,77838933,77838959,+
chr15,78174833,78174847,+
chr15,78406168,78406182,+
chr15,78528413,78528427,+
chr15,78576829,78576845,+
chr15,78581890,78581906,+
chr15,78595188,78595202,+
chr15,78614445,78614461,+
chr15,78870067,78870102,+
chr15,78913445,78913482,+
chr15,79038894,79038922,+
chr15,79139839,79139881,+
chr15,79270361,79270377,+
chr15,79323661,79323683,+
chr15,79347281,79347300,+
chr15,79441543,79441562,+
chr15,79441870,79441884,+
chr15,79473328,79473342,+
chr15,79473473,79473541,+
chr15,79577854,79577873,+
chr15,79658207,79658272,+
chr15,79658869,79658883,+
chr15,79670619,79670640,+
chr15,79956484,79956503,+
chr15,79956513,79956552,+
chr15,80066797,80066888,+
chr15,80083676,80083698,+
chr15,80225226,80225266,+
chr15,80506131,80506153,+
chr15,80506250,80506272,+
chr15,80513864,80513894,+
chr15,80536547,80536569,+
chr15,80538748,80538785,+
chr15,80538867,80538911,+
chr15,80555571,80555609,+
chr15,80572416,80572435,+
chr15,80611614,80611628,+
chr15,80630400,80630437,+
chr15,80630455,80630474,+
chr15,80697622,80697639,+
chr15,80743577,80743599,+
chr15,80744044,80744068,+
chr15,80929773,80929803,+
chr15,80929991,80930028,+
chr15,81081583,81081613,+
chr15,81097976,81098002,+
chr15,81098162,81098181,+
chr15,81155018,81155040,+
chr15,81301131,81301151,+
chr15,81301516,81301535,+
chr15,81302295,81302357,+
chr15,81330121,81330137,+
chr15,81330185,81330207,+
chr15,81361165,81361187,+
chr15,81400026,81400042,+
chr15,81539763,81539791,+
chr15,81562235,81562257,+
chr15,81730305,81730319,+
chr15,81745150,81745164,+
chr15,81745253,81745274,+
chr15,81860055,81860075,+
chr15,81908809,81908842,+
chr15,81909182,81909198,+
chr15,82166028,82166047,+
chr15,82166734,82166761,+
chr15,83076024,83076040,+
chr15,83148694,83148721,+
chr15,83563234,83563287,+
chr15,83919644,83919660,+
chr15,84192577,84192596,+
chr15,85001418,85001452,+
chr15,85390253,85390267,+
chr15,85879559,85879574,+
chr15,86045585,86045601,+
chr15,86045636,86045652,+
chr15,86045667,86045683,+
chr15,86045736,86045756,+
chr15,86045762,86045798,+
chr15,86045863,86045879,+
chr15,86045886,86045902,+
chr15,86180274,86180298,+
chr15,86343091,86343118,+
chr15,88737034,88737062,+
chr15,88837655,88837671,+
chr15,88931004,88931019,+
chr15,89131421,89131444,+
chr15,89149959,89149987,+
chr15,89210266,89210294,+
chr15,89210364,89210379,+
chr15,89211024,89211039,+
chr15,89211210,89211252,+
chr15,89309864,89309883,+
chr15,90224119,90224134,+
chr15,90459244,90459263,+
chr15,91665140,91665160,+
chr15,93518834,93518880,+
chr15,93959747,93959771,+
chr15,94494137,94494159,+
chr15,94494263,94494298,+
chr15,95791255,95791269,+
chr15,96543325,96543355,+
chr15,96543554,96543581,+
chr15,96566049,96566065,+
chr15,96640646,96640668,+
chr15,96641004,96641018,+
chr15,96666834,96666848,+
chr15,96667001,96667023,+
chr15,96699614,96699636,+
chr15,96710493,96710521,+
chr15,96758099,96758113,+
chr15,96937048,96937062,+
chr15,97246920,97246936,+
chr15,97356016,97356031,+
chr15,97356032,97356046,+
chr15,97361826,97361840,+
chr15,97374483,97374515,+
chr15,97406101,97406135,+
chr15,97406345,97406364,+
chr15,97429538,97429557,+
chr15,97458826,97458848,+
chr15,97464431,97464459,+
chr15,97666005,97666044,+
chr15,97667657,97667676,+
chr15,97718227,97718256,+
chr15,97825437,97825451,+
chr15,98662541,98662557,+
chr15,98881320,98881347,+
chr15,98952945,98952976,+
chr15,98986004,98986040,+
chr15,98993959,98993975,+
chr15,99000298,99000353,+
chr15,99075010,99075032,+
chr15,99294761,99294810,+
chr15,99333208,99333239,+
chr15,99393839,99393867,+
chr15,99416949,99416983,+
chr15,99736082,99736112,+
chr15,99772421,99772440,+
chr15,100041868,100041883,+
chr15,100060932,100060954,+
chr15,100265770,100265792,+
chr15,100419186,100419205,+
chr15,100750034,100750073,+
chr15,100750224,100750239,+
chr15,100750445,100750467,+
chr15,100905100,100905122,+
chr15,101041138,101041158,+
chr15,101243013,101243071,+
chr15,101283437,101283453,+
chr15,101284094,101284124,+
chr15,102115989,102116008,+
chr15,102400039,102400053,+
chr15,102458323,102458350,+
chr15,102458857,102458913,+
chr15,102518235,102518276,+
chr15,102526679,102526725,+
chr15,102526758,102526783,+
chr15,102671352,102671395,+
chr15,102722075,102722100,+
chr15,102746972,102746988,+
chr15,3171905,3171927,-
chr15,3171998,3172012,-
chr15,3234389,3234411,-
chr15,4085835,4085854,-
chr15,5108564,5108597,-
chr15,5143347,5143366,-
chr15,5143466,5143485,-
chr15,5236773,5236818,-
chr15,5414417,5414432,-
chr15,5414803,5414835,-
chr15,5446748,5446762,-
chr15,5510102,5510117,-
chr15,5517561,5517587,-
chr15,5518041,5518055,-
chr15,5554962,5554984,-
chr15,5608038,5608060,-
chr15,5608141,5608156,-
chr15,5758885,5758907,-
chr15,5762384,5762400,-
chr15,5776892,5776914,-
chr15,6555160,6555187,-
chr15,6569018,6569040,-
chr15,6578314,6578333,-
chr15,6592860,6592874,-
chr15,6593120,6593139,-
chr15,6601228,6601283,-
chr15,6612912,6612931,-
chr15,6613011,6613030,-
chr15,6726359,6726381,-
chr15,8168330,8168391,-
chr15,8168441,8168456,-
chr15,8168546,8168577,-
chr15,8234087,8234101,-
chr15,8443535,8443549,-
chr15,8445411,8445433,-
chr15,8511886,8511901,-
chr15,8511938,8511960,-
chr15,8667255,8667277,-
chr15,9435807,9435821,-
chr15,9528245,9528271,-
chr15,9533836,9533852,-
chr15,9572770,9572790,-
chr15,9581303,9581332,-
chr15,9668559,9668575,-
chr15,10982129,10982145,-
chr15,12010331,12010353,-
chr15,12117191,12117205,-
chr15,12204476,12204507,-
chr15,12229842,12229885,-
chr15,12230231,12230268,-
chr15,12371189,12371204,-
chr15,13949047,13949084,-
chr15,14292105,14292124,-
chr15,14292128,14292142,-
chr15,14292196,14292215,-
chr15,16353332,16353347,-
chr15,16353587,16353614,-
chr15,22103449,22103471,-
chr15,22103627,22103642,-
chr15,22112870,22112886,-
chr15,25216629,25216643,-
chr15,25227762,25227788,-
chr15,25270172,25270187,-
chr15,25591050,25591072,-
chr15,25817316,25817330,-
chr15,25845014,25845066,-
chr15,25858721,25858740,-
chr15,27466651,27466667,-
chr15,27468277,27468299,-
chr15,27641799,27641835,-
chr15,27647918,27647977,-
chr15,27659756,27659775,-
chr15,27659846,27659877,-
chr15,27668274,27668297,-
chr15,27671070,27671084,-
chr15,27702643,27702677,-
chr15,27785559,27785581,-
chr15,28158861,28158884,-
chr15,28159136,28159164,-
chr15,28284438,28284463,-
chr15,28284529,28284543,-
chr15,29136071,29136086,-
chr15,31225794,31225829,-
chr15,31529948,31529967,-
chr15,31602384,31602405,-
chr15,32884294,32884326,-
chr15,34469954,34470026,-
chr15,35071515,35071535,-
chr15,35071674,35071690,-
chr15,35071826,35071842,-
chr15,35529429,35529481,-
chr15,36214281,36214297,-
chr15,36345878,36345916,-
chr15,36346296,36346310,-
chr15,36363971,36363993,-
chr15,36364129,36364152,-
chr15,36375164,36375190,-
chr15,36439790,36439836,-
chr15,36458394,36458416,-
chr15,36460930,36460944,-
chr15,36496991,36497007,-
chr15,36580814,36580830,-
chr15,36580836,36580868,-
chr15,36608837,36608868,-
chr15,36608872,36608901,-
chr15,36650153,36650186,-
chr15,36782170,36782189,-
chr15,36782303,36782327,-
chr15,36902408,36902472,-
chr15,36966085,36966128,-
chr15,37783378,37783398,-
chr15,37783550,37783583,-
chr15,38602490,38602516,-
chr15,38602604,38602652,-
chr15,39220901,39220915,-
chr15,39220934,39220948,-
chr15,39221068,39221094,-
chr15,39861413,39861441,-
chr15,41788380,41788394,-
chr15,41830785,41830801,-
chr15,42523356,42523374,-
chr15,44619875,44619894,-
chr15,44619900,44619922,-
chr15,47775380,47775409,-
chr15,47783759,47783793,-
chr15,49738227,49738243,-
chr15,50361941,50361955,-
chr15,50662252,50662292,-
chr15,50697725,50697760,-
chr15,50698128,50698154,-
chr15,50889848,50889895,-
chr15,51846784,51846798,-
chr15,51847065,51847093,-
chr15,51847099,51847178,-
chr15,52839434,52839449,-
chr15,53065906,53065934,-
chr15,53100925,53100947,-
chr15,53157697,53157716,-
chr15,53267221,53267293,-
chr15,53272692,53272735,-
chr15,53982830,53982852,-
chr15,53982972,53982999,-
chr15,55120728,55120742,-
chr15,55120817,55120836,-
chr15,55613611,55613665,-
chr15,55613691,55613738,-
chr15,55828940,55828963,-
chr15,55854604,55854623,-
chr15,55897073,55897124,-
chr15,56259037,56259059,-
chr15,57693853,57693880,-
chr15,57694074,57694106,-
chr15,57695419,57695445,-
chr15,57772847,57772873,-
chr15,57773121,57773140,-
chr15,57838945,57838983,-
chr15,57839008,57839027,-
chr15,57839490,57839527,-
chr15,57839588,57839604,-
chr15,58165400,58165422,-
chr15,58384176,58384190,-
chr15,58416338,58416368,-
chr15,58685288,58685307,-
chr15,58974579,58974614,-
chr15,58976114,58976140,-
chr15,59280273,59280289,-
chr15,59280596,59280610,-
chr15,59374697,59374719,-
chr15,59389487,59389556,-
chr15,59509053,59509067,-
chr15,59509265,59509279,-
chr15,59525587,59525609,-
chr15,59526405,59526427,-
chr15,59572219,59572238,-
chr15,59573603,59573665,-
chr15,59573714,59573733,-
chr15,59618394,59618413,-
chr15,59652232,59652246,-
chr15,59913631,59913651,-
chr15,59936807,59936826,-
chr15,59978831,59978845,-
chr15,60120142,60120164,-
chr15,60136816,60136835,-
chr15,60141966,60141980,-
chr15,60142018,60142040,-
chr15,60325052,60325075,-
chr15,61322160,61322219,-
chr15,61322235,61322254,-
chr15,61322309,61322328,-
chr15,61439962,61439977,-
chr15,61440080,61440102,-
chr15,61440237,61440253,-
chr15,61440284,61440300,-
chr15,61440615,61440660,-
chr15,61582353,61582377,-
chr15,61670709,61670725,-
chr15,61671086,61671105,-
chr15,61981412,61981426,-
chr15,62038964,62038995,-
chr15,62039090,62039118,-
chr15,62164594,62164644,-
chr15,62164914,62164933,-
chr15,62189703,62189727,-
chr15,62457405,62457421,-
chr15,62734924,62734938,-
chr15,62807714,62807732,-
chr15,64163301,64163315,-
chr15,64163754,64163769,-
chr15,64186337,64186356,-
chr15,64211740,64211756,-
chr15,64246616,64246636,-
chr15,64279061,64279075,-
chr15,64284861,64284876,-
chr15,64313292,64313315,-
chr15,65324466,65324498,-
chr15,65324506,65324536,-
chr15,65324650,65324673,-
chr15,66445364,66445379,-
chr15,66512794,66512829,-
chr15,66513108,66513123,-
chr15,66559057,66559071,-
chr15,66789152,66789174,-
chr15,66843002,66843033,-
chr15,66861124,66861143,-
chr15,66861597,66861617,-
chr15,66861916,66861930,-
chr15,66865299,66865326,-
chr15,66865406,66865420,-
chr15,66981490,66981509,-
chr15,66998239,66998265,-
chr15,67174577,67174604,-
chr15,68258777,68258804,-
chr15,71256730,71256746,-
chr15,73169762,73169808,-
chr15,73169897,73169919,-
chr15,73176286,73176324,-
chr15,73424122,73424136,-
chr15,74934024,74934043,-
chr15,75116488,75116502,-
chr15,75842203,75842223,-
chr15,75969206,75969228,-
chr15,76239147,76239161,-
chr15,76312676,76312690,-
chr15,76317465,76317508,-
chr15,76380036,76380055,-
chr15,76440363,76440383,-
chr15,76550406,76550445,-
chr15,76626249,76626277,-
chr15,76671944,76671990,-
chr15,76900015,76900029,-
chr15,77698815,77698843,-
chr15,77698857,77698879,-
chr15,77816367,77816387,-
chr15,77838848,77838918,-
chr15,77839137,77839156,-
chr15,78391043,78391058,-
chr15,78528373,78528400,-
chr15,78558112,78558134,-
chr15,78558233,78558248,-
chr15,78558352,78558377,-
chr15,78582046,78582063,-
chr15,78587690,78587725,-
chr15,78594902,78594942,-
chr15,79209111,79209130,-
chr15,79309332,79309354,-
chr15,79348098,79348114,-
chr15,79577971,79577990,-
chr15,79658288,79658307,-
chr15,79895869,79895888,-
chr15,79950460,79950517,-
chr15,79950538,79950564,-
chr15,80192061,80192093,-
chr15,80559626,80559648,-
chr15,80576634,80576653,-
chr15,80576777,80576808,-
chr15,80582908,80582924,-
chr15,80615792,80615808,-
chr15,80711253,80711281,-
chr15,80711291,80711326,-
chr15,80735553,80735572,-
chr15,80735621,80735653,-
chr15,80735704,80735718,-
chr15,80800835,80800860,-
chr15,80800953,80800985,-
chr15,80897203,80897247,-
chr15,80929832,80929847,-
chr15,80929875,80929889,-
chr15,80930942,80930992,-
chr15,80931012,80931093,-
chr15,81081302,81081323,-
chr15,81199507,81199569,-
chr15,81539589,81539648,-
chr15,81729914,81729937,-
chr15,81745249,81745264,-
chr15,81745804,81745826,-
chr15,81859725,81859744,-
chr15,81961315,81961344,-
chr15,82166202,82166235,-
chr15,82244816,82244854,-
chr15,83455877,83455897,-
chr15,83563128,83563158,-
chr15,84192299,84192321,-
chr15,85042284,85042306,-
chr15,85390065,85390084,-
chr15,85390310,85390329,-
chr15,85390361,85390381,-
chr15,85977125,85977141,-
chr15,85981960,85981982,-
chr15,86182627,86182662,-
chr15,86205402,86205424,-
chr15,89059633,89059647,-
chr15,89343425,89343479,-
chr15,90680260,90680274,-
chr15,91665058,91665086,-
chr15,93379146,93379171,-
chr15,93596117,93596132,-
chr15,93959732,93959750,-
chr15,94213953,94213982,-
chr15,95885155,95885182,-
chr15,96298052,96298086,-
chr15,96507612,96507631,-
chr15,96507781,96507800,-
chr15,96507844,96507892,-
chr15,96543956,96544025,-
chr15,96566196,96566221,-
chr15,96638561,96638583,-
chr15,96638611,96638659,-
chr15,96638661,96638693,-
chr15,96654669,96654683,-
chr15,96699514,96699539,-
chr15,96710341,96710376,-
chr15,96710429,96710445,-
chr15,96937033,96937047,-
chr15,97246830,97246856,-
chr15,97322514,97322528,-
chr15,97343618,97343634,-
chr15,97356416,97356430,-
chr15,97373195,97373238,-
chr15,97373244,97373276,-
chr15,97373895,97373910,-
chr15,97374163,97374203,-
chr15,97401111,97401130,-
chr15,97406058,97406089,-
chr15,97406198,97406235,-
chr15,97424646,97424661,-
chr15,97429244,97429263,-
chr15,97464532,97464547,-
chr15,97470043,97470065,-
chr15,97665230,97665252,-
chr15,97665261,97665283,-
chr15,97667621,97667635,-
chr15,97718275,97718294,-
chr15,97816275,97816369,-
chr15,97836685,97836707,-
chr15,98089468,98089488,-
chr15,98181666,98181692,-
chr15,98567608,98567623,-
chr15,98610251,98610271,-
chr15,98622602,98622630,-
chr15,98622639,98622659,-
chr15,98622704,98622734,-
chr15,98622756,98622772,-
chr15,98831680,98831702,-
chr15,99026406,99026420,-
chr15,99026431,99026447,-
chr15,99026629,99026656,-
chr15,99026657,99026681,-
chr15,99252259,99252288,-
chr15,99393816,99393843,-
chr15,99416783,99416833,-
chr15,99972453,99972467,-
chr15,100018833,100018855,-
chr15,100060548,100060592,-
chr15,100060955,100060971,-
chr15,100747563,100747595,-
chr15,100747778,100747800,-
chr15,100748046,100748062,-
chr15,100750072,100750087,-
chr15,100750482,100750501,-
chr15,100905313,100905344,-
chr15,100905447,100905487,-
chr15,101041020,101041053,-
chr15,101195900,101195975,-
chr15,101196003,101196137,-
chr15,101246888,101246914,-
chr15,101274702,101274718,-
chr15,101284441,101284463,-
chr15,101339812,101339840,-
chr15,102225582,102225629,-
chr15,102341721,102341745,-
chr15,102350885,102350914,-
chr15,102421136,102421165,-
chr15,102421247,102421321,-
chr15,102458192,102458214,-
chr15,102458512,102458563,-
chr15,102470181,102470195,-
chr15,102526203,102526231,-
chr15,102742881,102742895,-
chr15,103165553,103165569,-
chr15,103224249,103224283,-
chr15,103788538,103788562,-
chr16,3547761,3547784,+
chr16,4213984,4214006,+
chr16,4289785,4289831,+
chr16,4542246,4542276,+
chr16,4560094,4560111,+
chr16,4683898,4683912,+
chr16,4913870,4913898,+
chr16,7067143,7067159,+
chr16,7112810,7112826,+
chr16,8610547,8610561,+
chr16,8637578,8637592,+
chr16,8671492,8671518,+
chr16,10536577,10536599,+
chr16,10585626,10585640,+
chr16,10586633,10586648,+
chr16,10770975,10770997,+
chr16,11175970,11175996,+
chr16,11177664,11177678,+
chr16,11218354,11218368,+
chr16,11218490,11218508,+
chr16,11224681,11224709,+
chr16,13027195,13027210,+
chr16,13027342,13027357,+
chr16,13109456,13109478,+
chr16,13160186,13160210,+
chr16,15594650,15594673,+
chr16,16828795,16828866,+
chr16,17110814,17110833,+
chr16,17146752,17146772,+
chr16,17146787,17146814,+
chr16,17614895,17614933,+
chr16,17694824,17694838,+
chr16,17786916,17786935,+
chr16,18388253,18388269,+
chr16,18498458,18498485,+
chr16,20000351,20000367,+
chr16,20000404,20000420,+
chr16,20000634,20000656,+
chr16,20425790,20425840,+
chr16,20991046,20991067,+
chr16,21671966,21671980,+
chr16,21672182,21672210,+
chr16,21689234,21689262,+
chr16,22265530,22265544,+
chr16,22466857,22466881,+
chr16,22808065,22808098,+
chr16,22857144,22857163,+
chr16,23135472,23135547,+
chr16,23135553,23135577,+
chr16,23135658,23135677,+
chr16,23144247,23144407,+
chr16,23175171,23175190,+
chr16,23180957,23180983,+
chr16,23195400,23195422,+
chr16,23195509,23195525,+
chr16,23195720,23195739,+
chr16,23225752,23225783,+
chr16,23250528,23250554,+
chr16,23274791,23274807,+
chr16,23306215,23306250,+
chr16,23609707,23609740,+
chr16,23983540,23983603,+
chr16,23988445,23988480,+
chr16,23988556,23988571,+
chr16,23989154,23989169,+
chr16,23991233,23991249,+
chr16,23997370,23997386,+
chr16,24092136,24092152,+
chr16,24154262,24154289,+
chr16,24159530,24159545,+
chr16,24159619,24159634,+
chr16,24223272,24223287,+
chr16,24392525,24392555,+
chr16,24507238,24507257,+
chr16,24527331,24527350,+
chr16,24527518,24527533,+
chr16,24527561,24527586,+
chr16,24539315,24539329,+
chr16,24909700,24909719,+
chr16,24910683,24910702,+
chr16,24910939,24910967,+
chr16,25426391,25426429,+
chr16,27457317,27457336,+
chr16,27457535,27457580,+
chr16,29834661,29834677,+
chr16,29834943,29834962,+
chr16,30187892,30187920,+
chr16,30326275,30326302,+
chr16,30326366,30326388,+
chr16,30326420,30326466,+
chr16,30439161,30439176,+
chr16,30439210,30439224,+
chr16,30510269,30510288,+
chr16,30520619,30520641,+
chr16,30587539,30587561,+
chr16,30679098,30679117,+
chr16,30679329,30679348,+
chr16,31039979,31040001,+
chr16,31663248,31663264,+
chr16,32062475,32062497,+
chr16,32068336,32068368,+
chr16,32078092,32078118,+
chr16,32087518,32087532,+
chr16,32087562,32087589,+
chr16,32107574,32107593,+
chr16,32111072,32111109,+
chr16,32111144,32111160,+
chr16,32750399,32750421,+
chr16,32750612,32750635,+
chr16,32750896,32750911,+
chr16,32750999,32751022,+
chr16,32751328,32751356,+
chr16,32954419,32954435,+
chr16,33261851,33261882,+
chr16,33261955,33261970,+
chr16,33371450,33371465,+
chr16,33584448,33584470,+
chr16,33714460,33714476,+
chr16,33747348,33747396,+
chr16,33747873,33747896,+
chr16,33751321,33751337,+
chr16,33965255,33965277,+
chr16,35742221,35742235,+
chr16,35742565,35742598,+
chr16,35742718,35742740,+
chr16,35765746,35765765,+
chr16,35871497,35871549,+
chr16,35941660,35941675,+
chr16,35984030,35984045,+
chr16,36666997,36667022,+
chr16,36684324,36684363,+
chr16,36684529,36684555,+
chr16,36927483,36927497,+
chr16,37011546,37011568,+
chr16,37437343,37437360,+
chr16,38029355,38029382,+
chr16,38131338,38131366,+
chr16,38131691,38131711,+
chr16,38346838,38346879,+
chr16,38456781,38456800,+
chr16,38562644,38562686,+
chr16,38632485,38632501,+
chr16,38678683,38678756,+
chr16,40569031,40569046,+
chr16,40569093,40569108,+
chr16,42190162,42190182,+
chr16,42583657,42583676,+
chr16,42875294,42875318,+
chr16,42875395,42875411,+
chr16,43664291,43664317,+
chr16,43709506,43709526,+
chr16,43710164,43710186,+
chr16,43979181,43979197,+
chr16,43980325,43980360,+
chr16,43980596,43980631,+
chr16,44320589,44320611,+
chr16,44320624,44320646,+
chr16,44332888,44332910,+
chr16,44333016,44333035,+
chr16,44734133,44734158,+
chr16,44734171,44734187,+
chr16,44735830,44735849,+
chr16,44745766,44745788,+
chr16,44999910,44999944,+
chr16,45016794,45016808,+
chr16,45019079,45019116,+
chr16,45158506,45158571,+
chr16,45251808,45251824,+
chr16,45251904,45251923,+
chr16,45347000,45347016,+
chr16,45347894,45347911,+
chr16,45382450,45382476,+
chr16,45407734,45407750,+
chr16,45795264,45795293,+
chr16,45942439,45942458,+
chr16,45942484,45942498,+
chr16,45998453,45998515,+
chr16,46009428,46009462,+
chr16,46009607,46009635,+
chr16,46010774,46010796,+
chr16,46120412,46120431,+
chr16,46313125,46313140,+
chr16,47804044,47804066,+
chr16,48594449,48594475,+
chr16,48594487,48594503,+
chr16,48594993,48595007,+
chr16,48672033,48672049,+
chr16,48772342,48772370,+
chr16,48788916,48788930,+
chr16,48812093,48812111,+
chr16,48992501,48992521,+
chr16,49503979,49503993,+
chr16,49791054,49791076,+
chr16,49818557,49818603,+
chr16,49818772,49818794,+
chr16,49819085,49819104,+
chr16,50030813,50030829,+
chr16,50736524,50736558,+
chr16,50841640,50841764,+
chr16,51076171,51076193,+
chr16,51370042,51370058,+
chr16,51370135,51370153,+
chr16,51675159,51675188,+
chr16,51675273,51675288,+
chr16,51705417,51705448,+
chr16,51718863,51718885,+
chr16,51857893,51857913,+
chr16,52056312,52056326,+
chr16,52064859,52064878,+
chr16,52082380,52082433,+
chr16,52143003,52143022,+
chr16,52143325,52143344,+
chr16,52143452,52143466,+
chr16,52155479,52155501,+
chr16,52182160,52182179,+
chr16,52182204,52182240,+
chr16,52454420,52454436,+
chr16,53336438,53336502,+
chr16,55159340,55159355,+
chr16,55480279,55480295,+
chr16,55480380,55480402,+
chr16,55526301,55526315,+
chr16,55526323,55526345,+
chr16,55526405,55526427,+
chr16,55551244,55551263,+
chr16,55636965,55636987,+
chr16,55752324,55752338,+
chr16,55820858,55820872,+
chr16,55820879,55820898,+
chr16,55838277,55838308,+
chr16,55852970,55852989,+
chr16,55863400,55863431,+
chr16,55907175,55907209,+
chr16,55924249,55924271,+
chr16,55924314,55924354,+
chr16,55934108,55934128,+
chr16,55934190,55934212,+
chr16,55947935,55947954,+
chr16,55948078,55948092,+
chr16,55948112,55948134,+
chr16,55948152,55948174,+
chr16,55948194,55948216,+
chr16,55949170,55949191,+
chr16,56932454,56932470,+
chr16,56932546,56932580,+
chr16,57084822,57084837,+
chr16,57084918,57084940,+
chr16,57470707,57470726,+
chr16,57470870,57470890,+
chr16,57470912,57470926,+
chr16,57492034,57492049,+
chr16,57495564,57495586,+
chr16,57495786,57495821,+
chr16,57585184,57585206,+
chr16,57585373,57585387,+
chr16,57585535,57585564,+
chr16,57611825,57611853,+
chr16,57611877,57611918,+
chr16,58508094,58508110,+
chr16,62940726,62940765,+
chr16,64764487,64764514,+
chr16,64789982,64789996,+
chr16,64836023,64836045,+
chr16,64836241,64836262,+
chr16,64836376,64836396,+
chr16,64836675,64836691,+
chr16,64836721,64836737,+
chr16,64873780,64873796,+
chr16,65449791,65449817,+
chr16,68533450,68533464,+
chr16,68533708,68533722,+
chr16,74957070,74957092,+
chr16,74957232,74957251,+
chr16,75855785,75855815,+
chr16,75855904,75855935,+
chr16,75894297,75894328,+
chr16,75894400,75894428,+
chr16,76219343,76219365,+
chr16,76321937,76321956,+
chr16,76337196,76337230,+
chr16,76354681,76354695,+
chr16,76370807,76370827,+
chr16,76899239,76899270,+
chr16,77057385,77057401,+
chr16,78200486,78200508,+
chr16,78490392,78490416,+
chr16,78490647,78490663,+
chr16,78540415,78540432,+
chr16,78540723,78540751,+
chr16,78547476,78547514,+
chr16,78557742,78557756,+
chr16,78892469,78892491,+
chr16,80470388,80470427,+
chr16,83237213,83237235,+
chr16,84251253,84251267,+
chr16,84583614,84583640,+
chr16,84583718,84583737,+
chr16,84584027,84584049,+
chr16,84584172,84584187,+
chr16,84703184,84703206,+
chr16,84835218,84835260,+
chr16,85193903,85193918,+
chr16,85193968,85193984,+
chr16,87661856,87661884,+
chr16,87661952,87661974,+
chr16,87931638,87931687,+
chr16,87931694,87931719,+
chr16,89827807,89827831,+
chr16,89905440,89905480,+
chr16,89905917,89905941,+
chr16,90143504,90143523,+
chr16,90220259,90220287,+
chr16,90245032,90245051,+
chr16,90935033,90935055,+
chr16,91061848,91061867,+
chr16,91103386,91103456,+
chr16,91366672,91366689,+
chr16,91374133,91374147,+
chr16,91374612,91374648,+
chr16,91406614,91406628,+
chr16,91433501,91433526,+
chr16,91443685,91443757,+
chr16,91443778,91443806,+
chr16,91445863,91445893,+
chr16,91458313,91458341,+
chr16,91461491,91461530,+
chr16,91685480,91685542,+
chr16,91931577,91931599,+
chr16,92019318,92019340,+
chr16,92058956,92058983,+
chr16,92641208,92641236,+
chr16,92701925,92701939,+
chr16,92701978,92701998,+
chr16,92818505,92818543,+
chr16,92822035,92822061,+
chr16,92826266,92826303,+
chr16,92869018,92869037,+
chr16,92869047,92869096,+
chr16,92869103,92869197,+
chr16,93543773,93543789,+
chr16,93574829,93574855,+
chr16,93574902,93574916,+
chr16,93898791,93898821,+
chr16,94095326,94095354,+
chr16,94185396,94185418,+
chr16,94404135,94404155,+
chr16,94404231,94404260,+
chr16,94601865,94601881,+
chr16,95196867,95196881,+
chr16,95263012,95263039,+
chr16,95263197,95263216,+
chr16,95263321,95263336,+
chr16,95341616,95341638,+
chr16,95360250,95360266,+
chr16,95749530,95749544,+
chr16,95750410,95750437,+
chr16,95750516,95750535,+
chr16,95770434,95770458,+
chr16,95798553,95798611,+
chr16,95799168,95799203,+
chr16,95806328,95806413,+
chr16,95816106,95816134,+
chr16,95821151,95821167,+
chr16,96145040,96145054,+
chr16,96191711,96191733,+
chr16,96192725,96192768,+
chr16,96341396,96341421,+
chr16,97262542,97262558,+
chr16,97402052,97402066,+
chr16,3547262,3547276,-
chr16,3547508,3547533,-
chr16,3547746,3547760,-
chr16,3895428,3895454,-
chr16,3908504,3908519,-
chr16,4880476,4880492,-
chr16,5233686,5233701,-
chr16,5393705,5393727,-
chr16,8306656,8306675,-
chr16,8639989,8640017,-
chr16,8829786,8829808,-
chr16,8849822,8849862,-
chr16,8850139,8850159,-
chr16,10399222,10399236,-
chr16,10536604,10536720,-
chr16,10585588,10585607,-
chr16,10683155,10683187,-
chr16,10683764,10683786,-
chr16,10741262,10741284,-
chr16,10770810,10770827,-
chr16,10844454,10844476,-
chr16,11034513,11034567,-
chr16,11109259,11109284,-
chr16,11157800,11157819,-
chr16,11909031,11909072,-
chr16,11972289,11972305,-
chr16,13027126,13027148,-
chr16,13027303,13027340,-
chr16,13109172,13109191,-
chr16,13672828,13672847,-
chr16,13796729,13796748,-
chr16,13796756,13796770,-
chr16,13848637,13848659,-
chr16,14159208,14159222,-
chr16,15863368,15863390,-
chr16,16302440,16302462,-
chr16,16358441,16358469,-
chr16,16829621,16829635,-
chr16,16870519,16870533,-
chr16,17015479,17015513,-
chr16,17015524,17015550,-
chr16,17015884,17015906,-
chr16,17016164,17016254,-
chr16,17146553,17146569,-
chr16,17146674,17146690,-
chr16,17452018,17452041,-
chr16,17614978,17615032,-
chr16,17694996,17695024,-
chr16,18075277,18075303,-
chr16,18075313,18075342,-
chr16,18858663,18858685,-
chr16,18858765,18858802,-
chr16,18858857,18858879,-
chr16,18858896,18858932,-
chr16,19983326,19983342,-
chr16,20302599,20302613,-
chr16,20930408,20930435,-
chr16,21728094,21728113,-
chr16,22466566,22466594,-
chr16,22655641,22655660,-
chr16,22807994,22808013,-
chr16,22808121,22808146,-
chr16,23087681,23087724,-
chr16,23087907,23087926,-
chr16,23087986,23088035,-
chr16,23100034,23100056,-
chr16,23135680,23135695,-
chr16,23144570,23144592,-
chr16,23151515,23151534,-
chr16,23286554,23286576,-
chr16,23379737,23379783,-
chr16,23941312,23941326,-
chr16,23941445,23941467,-
chr16,23989226,23989256,-
chr16,23989338,23989364,-
chr16,23989673,23989702,-
chr16,23989826,23989848,-
chr16,23991538,23991574,-
chr16,23997558,23997572,-
chr16,24092228,24092250,-
chr16,24151579,24151594,-
chr16,24151621,24151635,-
chr16,24151729,24151748,-
chr16,24154285,24154304,-
chr16,24154322,24154368,-
chr16,24155188,24155210,-
chr16,24155460,24155482,-
chr16,24263154,24263191,-
chr16,24263199,24263224,-
chr16,24263275,24263315,-
chr16,24629229,24629262,-
chr16,24629316,24629338,-
chr16,24819733,24819747,-
chr16,24909795,24909809,-
chr16,24910308,24910322,-
chr16,25211877,25211893,-
chr16,27349646,27349662,-
chr16,29834857,29834883,-
chr16,29835058,29835114,-
chr16,29835127,29835158,-
chr16,29835159,29835173,-
chr16,29845826,29845841,-
chr16,29845943,29845965,-
chr16,30124465,30124479,-
chr16,30186032,30186054,-
chr16,30439264,30439286,-
chr16,30453847,30453869,-
chr16,30686713,30686747,-
chr16,30948548,30948602,-
chr16,31663225,31663245,-
chr16,32067891,32067946,-
chr16,32078116,32078132,-
chr16,32078253,32078269,-
chr16,32108108,32108151,-
chr16,32108196,32108212,-
chr16,32111321,32111337,-
chr16,32247309,32247331,-
chr16,32332246,32332261,-
chr16,32520711,32520725,-
chr16,32572757,32572779,-
chr16,32812919,32812933,-
chr16,32913912,32913934,-
chr16,32949181,32949221,-
chr16,33337536,33337563,-
chr16,33371164,33371204,-
chr16,33371474,33371497,-
chr16,33606912,33606956,-
chr16,35743107,35743126,-
chr16,35765784,35765804,-
chr16,35765846,35765868,-
chr16,35793193,35793274,-
chr16,36008352,36008372,-
chr16,36040924,36040939,-
chr16,36477077,36477099,-
chr16,36603076,36603090,-
chr16,36666940,36666976,-
chr16,36675117,36675157,-
chr16,36684672,36684694,-
chr16,36828798,36828828,-
chr16,36922358,36922389,-
chr16,37437303,37437342,-
chr16,37437374,37437414,-
chr16,37814793,37814815,-
chr16,38029092,38029114,-
chr16,38131241,38131269,-
chr16,38131292,38131306,-
chr16,38131388,38131410,-
chr16,38131488,38131507,-
chr16,38131514,38131546,-
chr16,38131644,38131673,-
chr16,38353145,38353179,-
chr16,38632138,38632196,-
chr16,38729803,38729825,-
chr16,40568936,40568975,-
chr16,41025419,41025433,-
chr16,42907426,42907448,-
chr16,43573501,43573515,-
chr16,43573810,43573844,-
chr16,43614951,43614974,-
chr16,43615134,43615169,-
chr16,43699224,43699278,-
chr16,43709823,43709865,-
chr16,43980303,43980331,-
chr16,44139178,44139221,-
chr16,44362730,44362802,-
chr16,44419062,44419076,-
chr16,44419101,44419117,-
chr16,44692157,44692197,-
chr16,44734297,44734319,-
chr16,44735695,44735717,-
chr16,44736139,44736161,-
chr16,44742861,44742892,-
chr16,44745892,44745917,-
chr16,45007289,45007310,-
chr16,45019020,45019036,-
chr16,45025500,45025514,-
chr16,45025593,45025607,-
chr16,45090249,45090271,-
chr16,45176455,45176469,-
chr16,45176524,45176561,-
chr16,45176588,45176607,-
chr16,45224010,45224046,-
chr16,45224228,45224256,-
chr16,45251928,45251957,-
chr16,45347761,45347780,-
chr16,45389662,45389681,-
chr16,45409141,45409163,-
chr16,46006287,46006301,-
chr16,46009539,46009573,-
chr16,46010967,46010989,-
chr16,46016821,46016843,-
chr16,46016853,46016900,-
chr16,48594800,48594822,-
chr16,48595171,48595187,-
chr16,48772063,48772091,-
chr16,48788630,48788644,-
chr16,49164436,49164450,-
chr16,49818629,49818657,-
chr16,49888056,49888144,-
chr16,49936150,49936172,-
chr16,49936218,49936232,-
chr16,49938083,49938127,-
chr16,49938254,49938277,-
chr16,50030825,50030839,-
chr16,50069320,50069336,-
chr16,50069483,50069505,-
chr16,50372849,50372869,-
chr16,50737124,50737171,-
chr16,50994699,50994728,-
chr16,52032353,52032369,-
chr16,52054531,52054546,-
chr16,52060533,52060555,-
chr16,52060628,52060647,-
chr16,52068152,52068167,-
chr16,52082102,52082116,-
chr16,52082167,52082186,-
chr16,52082204,52082252,-
chr16,52129766,52129782,-
chr16,52143047,52143076,-
chr16,52143506,52143532,-
chr16,52147231,52147248,-
chr16,52182303,52182325,-
chr16,52200186,52200309,-
chr16,54020893,54020915,-
chr16,55129334,55129359,-
chr16,55129432,55129455,-
chr16,55129627,55129649,-
chr16,55480709,55480725,-
chr16,55526976,55527033,-
chr16,55531130,55531145,-
chr16,55531244,55531266,-
chr16,55582980,55582996,-
chr16,55787744,55787766,-
chr16,55863438,55863492,-
chr16,55906961,55906981,-
chr16,56076187,56076236,-
chr16,56076243,56076257,-
chr16,57167425,57167460,-
chr16,57317939,57317961,-
chr16,57422304,57422323,-
chr16,57495872,57495891,-
chr16,57496002,57496022,-
chr16,57607009,57607061,-
chr16,57607159,57607178,-
chr16,58796583,58796614,-
chr16,58796697,58796732,-
chr16,59639512,59639531,-
chr16,60024529,60024545,-
chr16,62707950,62707971,-
chr16,62708098,62708117,-
chr16,62786384,62786406,-
chr16,62847363,62847422,-
chr16,62852938,62852953,-
chr16,64789883,64789899,-
chr16,64800435,64800450,-
chr16,64836598,64836632,-
chr16,64836657,64836671,-
chr16,64941717,64941731,-
chr16,64942091,64942131,-
chr16,65320874,65320889,-
chr16,66435485,66435501,-
chr16,69639107,69639122,-
chr16,70326478,70326502,-
chr16,70568607,70568632,-
chr16,70568653,70568667,-
chr16,70568917,70568931,-
chr16,70674219,70674250,-
chr16,74552346,74552383,-
chr16,75767243,75767296,-
chr16,75855378,75855397,-
chr16,75903065,75903079,-
chr16,75903177,75903191,-
chr16,75908717,75908731,-
chr16,75908923,75908939,-
chr16,75909091,75909110,-
chr16,75909349,75909371,-
chr16,75909373,75909392,-
chr16,75929784,75929810,-
chr16,75983691,75983707,-
chr16,75984011,75984041,-
chr16,76283930,76283945,-
chr16,76321724,76321749,-
chr16,76680299,76680319,-
chr16,76899345,76899365,-
chr16,77057411,77057433,-
chr16,77060543,77060582,-
chr16,78198831,78198853,-
chr16,78452585,78452604,-
chr16,78532224,78532243,-
chr16,78532370,78532386,-
chr16,78540350,78540364,-
chr16,78546689,78546705,-
chr16,78563553,78563579,-
chr16,78563744,78563766,-
chr16,78577265,78577280,-
chr16,81044870,81044884,-
chr16,84584147,84584167,-
chr16,84621731,84621745,-
chr16,84703133,84703182,-
chr16,84824845,84824874,-
chr16,84824978,84824992,-
chr16,84835626,84835645,-
chr16,85193533,85193549,-
chr16,87699304,87699326,-
chr16,87709328,87709350,-
chr16,87746833,87746855,-
chr16,87754987,87755009,-
chr16,87774388,87774414,-
chr16,87931755,87931783,-
chr16,89774791,89774814,-
chr16,90448947,90448971,-
chr16,91103465,91103494,-
chr16,91374185,91374201,-
chr16,91374399,91374427,-
chr16,91407407,91407493,-
chr16,91443370,91443392,-
chr16,91446866,91446895,-
chr16,91466724,91466763,-
chr16,91512656,91512781,-
chr16,91685557,91685571,-
chr16,91789577,91789591,-
chr16,91789707,91789729,-
chr16,91826176,91826211,-
chr16,91963516,91963538,-
chr16,92019341,92019365,-
chr16,92019494,92019531,-
chr16,92301459,92301478,-
chr16,92767863,92767878,-
chr16,92826029,92826051,-
chr16,92826361,92826383,-
chr16,92867555,92867584,-
chr16,92867981,92868000,-
chr16,93016986,93017001,-
chr16,93780783,93780802,-
chr16,94095276,94095295,-
chr16,94313180,94313228,-
chr16,94374227,94374243,-
chr16,94589060,94589079,-
chr16,94589307,94589326,-
chr16,94596570,94596584,-
chr16,94632197,94632216,-
chr16,95150801,95150833,-
chr16,95189398,95189435,-
chr16,95197053,95197072,-
chr16,95219256,95219279,-
chr16,95341802,95341821,-
chr16,95360321,95360357,-
chr16,95779202,95779237,-
chr16,95798454,95798473,-
chr16,95806495,95806539,-
chr16,95893775,95893794,-
chr16,95901736,95901764,-
chr16,96192621,96192650,-
chr16,96273256,96273276,-
chr16,96341420,96341439,-
chr16,96629643,96629658,-
chr16,96903243,96903265,-
chr16,96903348,96903394,-
chr16,96903452,96903514,-
chr16,96903545,96903568,-
chr16,97262729,97262748,-
chr16,97401795,97401815,-
chr17,3102262,3102276,+
chr17,3114339,3114392,+
chr17,3123005,3123021,+
chr17,3209902,3209924,+
chr17,4624139,4624155,+
chr17,4778602,4778618,+
chr17,4980532,4980548,+
chr17,5249579,5249614,+
chr17,5429483,5429505,+
chr17,5641579,5641605,+
chr17,5748432,5748469,+
chr17,5801954,5801970,+
chr17,5804594,5804608,+
chr17,5813328,5813355,+
chr17,5813361,5813375,+
chr17,5813713,5813729,+
chr17,5828282,5828297,+
chr17,5842051,5842065,+
chr17,6079447,6079469,+
chr17,6778338,6778366,+
chr17,6778552,6778574,+
chr17,7865663,7865707,+
chr17,7884798,7884820,+
chr17,7928113,7928127,+
chr17,7928153,7928171,+
chr17,8128568,8128590,+
chr17,8147200,8147220,+
chr17,8147251,8147267,+
chr17,8311662,8311689,+
chr17,8311880,8311896,+
chr17,8936827,8936841,+
chr17,10232655,10232677,+
chr17,10320391,10320415,+
chr17,10953427,10953456,+
chr17,12119786,12119814,+
chr17,12195160,12195188,+
chr17,12372093,12372148,+
chr17,12372167,12372189,+
chr17,12655896,12655918,+
chr17,12745897,12745923,+
chr17,12759314,12759346,+
chr17,13759887,13759901,+
chr17,15499862,15499876,+
chr17,15826037,15826052,+
chr17,17374431,17374445,+
chr17,17624888,17624907,+
chr17,17625590,17625604,+
chr17,17636271,17636287,+
chr17,18998826,18998855,+
chr17,20944656,20944677,+
chr17,21384248,21384288,+
chr17,21463557,21463579,+
chr17,21463670,21463689,+
chr17,21536656,21536693,+
chr17,21536701,21536723,+
chr17,21962070,21962117,+
chr17,21962187,21962209,+
chr17,22361099,22361121,+
chr17,22472108,22472127,+
chr17,22472171,22472190,+
chr17,22472200,22472222,+
chr17,22649236,22649268,+
chr17,22649278,22649309,+
chr17,22649317,22649336,+
chr17,23598415,23598437,+
chr17,23598529,23598545,+
chr17,23599002,23599024,+
chr17,23993516,23993545,+
chr17,24073765,24073790,+
chr17,24126895,24126926,+
chr17,24961027,24961049,+
chr17,25792721,25792747,+
chr17,25823259,25823318,+
chr17,25823421,25823480,+
chr17,25874924,25874939,+
chr17,25942213,25942235,+
chr17,26168304,26168320,+
chr17,26503064,26503086,+
chr17,26532777,26532839,+
chr17,26715679,26715710,+
chr17,26837322,26837338,+
chr17,26939205,26939219,+
chr17,27322884,27322898,+
chr17,27323224,27323249,+
chr17,27342245,27342264,+
chr17,27342469,27342484,+
chr17,27908253,27908276,+
chr17,28211890,28211912,+
chr17,28218102,28218116,+
chr17,28256833,28256848,+
chr17,28553212,28553227,+
chr17,28553332,28553425,+
chr17,28601166,28601188,+
chr17,28612627,28612647,+
chr17,28613081,28613111,+
chr17,28613253,28613275,+
chr17,28613276,28613309,+
chr17,28625615,28625634,+
chr17,28698403,28698427,+
chr17,28927355,28927371,+
chr17,28927527,28927541,+
chr17,29003934,29003956,+
chr17,29003980,29004008,+
chr17,29004094,29004116,+
chr17,29015899,29015956,+
chr17,29041394,29041413,+
chr17,29095719,29095733,+
chr17,29193545,29193567,+
chr17,29394083,29394105,+
chr17,29428742,29428808,+
chr17,29429289,29429341,+
chr17,29531863,29531877,+
chr17,29934207,29934233,+
chr17,29973206,29973234,+
chr17,29973644,29973718,+
chr17,30006055,30006110,+
chr17,30006119,30006141,+
chr17,30530106,30530130,+
chr17,30612228,30612244,+
chr17,30681674,30681696,+
chr17,30681903,30681917,+
chr17,31033118,31033147,+
chr17,31039588,31039631,+
chr17,31057609,31057628,+
chr17,31070320,31070372,+
chr17,31077889,31077905,+
chr17,31136919,31136968,+
chr17,31206229,31206249,+
chr17,31206478,31206497,+
chr17,31206570,31206652,+
chr17,31223889,31223926,+
chr17,31512509,31512537,+
chr17,31519818,31519840,+
chr17,31840421,31840449,+
chr17,31840635,31840661,+
chr17,32053892,32053914,+
chr17,32073325,32073423,+
chr17,32965291,32965327,+
chr17,33033448,33033463,+
chr17,33394771,33394798,+
chr17,33568780,33568815,+
chr17,33992074,33992088,+
chr17,33992131,33992147,+
chr17,34171092,34171111,+
chr17,34171468,34171483,+
chr17,34305290,34305307,+
chr17,34305452,34305550,+
chr17,34313424,34313440,+
chr17,34313532,34313558,+
chr17,34980831,34980854,+
chr17,35204999,35205021,+
chr17,35241523,35241542,+
chr17,35353855,35353871,+
chr17,35706251,35706265,+
chr17,35739820,35739845,+
chr17,35742380,35742434,+
chr17,35841025,35841040,+
chr17,35841097,35841117,+
chr17,35841118,35841137,+
chr17,35979576,35979598,+
chr17,36031971,36032009,+
chr17,36227258,36227272,+
chr17,36824232,36824254,+
chr17,37358191,37358236,+
chr17,37561718,37561732,+
chr17,37955201,37955220,+
chr17,38162330,38162385,+
chr17,39286388,39286437,+
chr17,40750995,40751014,+
chr17,40934341,40934376,+
chr17,41523566,41523588,+
chr17,42093097,42093113,+
chr17,42875870,42875885,+
chr17,43667176,43667198,+
chr17,43667421,43667451,+
chr17,43699532,43699560,+
chr17,43699805,43699832,+
chr17,44569476,44569500,+
chr17,44690418,44690433,+
chr17,45119982,45120006,+
chr17,45433717,45433737,+
chr17,45489202,45489217,+
chr17,45555416,45555435,+
chr17,45555443,45555467,+
chr17,46283268,46283297,+
chr17,46772294,46772364,+
chr17,46856925,46857033,+
chr17,46870508,46870546,+
chr17,46870749,46870765,+
chr17,46870777,46870796,+
chr17,46871239,46871262,+
chr17,46888789,46888821,+
chr17,46890099,46890115,+
chr17,46890421,46890435,+
chr17,47140560,47140577,+
chr17,47368705,47368752,+
chr17,47501850,47501872,+
chr17,47533806,47533822,+
chr17,47533864,47533889,+
chr17,47534155,47534169,+
chr17,47534177,47534226,+
chr17,47534333,47534355,+
chr17,47600102,47600116,+
chr17,47740206,47740220,+
chr17,47943042,47943064,+
chr17,48043945,48044009,+
chr17,48281797,48281831,+
chr17,48533637,48533651,+
chr17,49164607,49164621,+
chr17,49444422,49444437,+
chr17,49446086,49446108,+
chr17,49993282,49993298,+
chr17,50132848,50132864,+
chr17,50142142,50142175,+
chr17,50173593,50173607,+
chr17,50185795,50185817,+
chr17,50426259,50426288,+
chr17,50470647,50470673,+
chr17,50484070,50484090,+
chr17,50509455,50509490,+
chr17,50525527,50525561,+
chr17,51322936,51322983,+
chr17,51800374,51800415,+
chr17,51800469,51800489,+
chr17,51800544,51800566,+
chr17,51805887,51805916,+
chr17,51805945,51805969,+
chr17,51814426,51814440,+
chr17,51814614,51814640,+
chr17,51820616,51820641,+
chr17,51855340,51855373,+
chr17,51893176,51893191,+
chr17,51906598,51906617,+
chr17,52062371,52062395,+
chr17,52062684,52062699,+
chr17,52064642,52064664,+
chr17,52119579,52119605,+
chr17,52119608,52119630,+
chr17,52150576,52150599,+
chr17,52150964,52150983,+
chr17,52162498,52162535,+
chr17,52162856,52162878,+
chr17,52162920,52162935,+
chr17,52168965,52168981,+
chr17,52448966,52448996,+
chr17,52449095,52449114,+
chr17,52468688,52468710,+
chr17,52468740,52468762,+
chr17,52560176,52560197,+
chr17,53566819,53566841,+
chr17,53570820,53570850,+
chr17,53570964,53571005,+
chr17,53582484,53582515,+
chr17,53582520,53582549,+
chr17,53587508,53587524,+
chr17,53587790,53587809,+
chr17,53631462,53631482,+
chr17,55184321,55184336,+
chr17,55712664,55712678,+
chr17,55871725,55871740,+
chr17,55958899,55958915,+
chr17,56036966,56036985,+
chr17,56078779,56078820,+
chr17,56078872,56078904,+
chr17,56078908,56078924,+
chr17,56163638,56163660,+
chr17,56163861,56163876,+
chr17,56255842,56255866,+
chr17,56269207,56269236,+
chr17,56277179,56277195,+
chr17,56289908,56289945,+
chr17,56445230,56445278,+
chr17,56445360,56445382,+
chr17,56445388,56445459,+
chr17,56445582,56445597,+
chr17,56506962,56506988,+
chr17,56585059,56585112,+
chr17,56842476,56842502,+
chr17,57032122,57032137,+
chr17,57276854,57276868,+
chr17,57286821,57286840,+
chr17,58090287,58090310,+
chr17,59909294,59909335,+
chr17,63324334,63324353,+
chr17,63324672,63324692,+
chr17,63324732,63324746,+
chr17,63405298,63405313,+
chr17,63405819,63405841,+
chr17,64331770,64331784,+
chr17,64332492,64332511,+
chr17,64580012,64580035,+
chr17,64754271,64754290,+
chr17,64754470,64754505,+
chr17,65540878,65540951,+
chr17,65929350,65929372,+
chr17,66070768,66070790,+
chr17,66074206,66074228,+
chr17,66084481,66084503,+
chr17,66084703,66084733,+
chr17,66102398,66102440,+
chr17,69383122,69383169,+
chr17,69396733,69396789,+
chr17,70430542,70430569,+
chr17,70852302,70852329,+
chr17,70873958,70873978,+
chr17,70974278,70974294,+
chr17,70986052,70986083,+
chr17,70986238,70986260,+
chr17,71165307,71165326,+
chr17,71165370,71165389,+
chr17,71196065,71196112,+
chr17,71230535,71230557,+
chr17,71486453,71486485,+
chr17,72821837,72821869,+
chr17,72822036,72822055,+
chr17,72822085,72822117,+
chr17,72939417,72939436,+
chr17,72939853,72939905,+
chr17,72967868,72967894,+
chr17,72967948,72967964,+
chr17,72996938,72996954,+
chr17,73034293,73034313,+
chr17,73034654,73034676,+
chr17,73107185,73107312,+
chr17,73142448,73142467,+
chr17,73151223,73151242,+
chr17,73151768,73151783,+
chr17,73151828,73151850,+
chr17,73169756,73169770,+
chr17,73169990,73170009,+
chr17,73174426,73174448,+
chr17,73175850,73175864,+
chr17,73246814,73246839,+
chr17,74315953,74315972,+
chr17,74429149,74429166,+
chr17,75877037,75877056,+
chr17,76213356,76213370,+
chr17,77344344,77344358,+
chr17,78352272,78352300,+
chr17,78352678,78352718,+
chr17,78362459,78362481,+
chr17,78455179,78455211,+
chr17,79000083,79000105,+
chr17,79000184,79000216,+
chr17,79379292,79379328,+
chr17,80112974,80112993,+
chr17,80159155,80159170,+
chr17,80169862,80169881,+
chr17,80170161,80170181,+
chr17,80323772,80323794,+
chr17,80454612,80454626,+
chr17,80479040,80479062,+
chr17,80479188,80479215,+
chr17,80479263,80479291,+
chr17,80553309,80553325,+
chr17,80553956,80553984,+
chr17,81330495,81330515,+
chr17,81330614,81330633,+
chr17,82687201,82687216,+
chr17,82687403,82687425,+
chr17,83158462,83158513,+
chr17,83253012,83253038,+
chr17,83271935,83271955,+
chr17,83397379,83397401,+
chr17,83457426,83457459,+
chr17,83512477,83512505,+
chr17,83514470,83514490,+
chr17,83527516,83527530,+
chr17,83690399,83690418,+
chr17,83707947,83707961,+
chr17,83709571,83709604,+
chr17,83709619,83709647,+
chr17,83721207,83721227,+
chr17,83862864,83862892,+
chr17,83935647,83935667,+
chr17,83936384,83936441,+
chr17,84146010,84146044,+
chr17,84163176,84163191,+
chr17,84163207,84163223,+
chr17,84181029,84181051,+
chr17,84181206,84181232,+
chr17,84183241,84183278,+
chr17,84241592,84241606,+
chr17,84268497,84268516,+
chr17,84293372,84293391,+
chr17,84314404,84314431,+
chr17,84314479,84314501,+
chr17,84330606,84330646,+
chr17,84330802,84330821,+
chr17,84330915,84330931,+
chr17,84331054,84331070,+
chr17,84331077,84331096,+
chr17,84333126,84333148,+
chr17,84419668,84419693,+
chr17,84419737,84419751,+
chr17,84423199,84423213,+
chr17,84423300,84423333,+
chr17,84423396,84423415,+
chr17,84877950,84877966,+
chr17,84894155,84894187,+
chr17,84957155,84957174,+
chr17,85023825,85023840,+
chr17,85090431,85090450,+
chr17,86144852,86144888,+
chr17,86337217,86337236,+
chr17,86445070,86445084,+
chr17,86535859,86535924,+
chr17,86757645,86757684,+
chr17,86757698,86757717,+
chr17,87447424,87447470,+
chr17,87571916,87571955,+
chr17,87665412,87665453,+
chr17,88042477,88042510,+
chr17,88057941,88057963,+
chr17,88064785,88064804,+
chr17,88111866,88111922,+
chr17,94864690,94864704,+
chr17,3102177,3102203,-
chr17,3114696,3114715,-
chr17,3165182,3165231,-
chr17,3165253,3165268,-
chr17,3209761,3209784,-
chr17,3209801,3209817,-
chr17,3224716,3224742,-
chr17,3505542,3505556,-
chr17,3557282,3557296,-
chr17,3678800,3678830,-
chr17,3679138,3679152,-
chr17,4778154,4778182,-
chr17,4778508,4778567,-
chr17,4778627,4778670,-
chr17,4907778,4907802,-
chr17,5126256,5126278,-
chr17,5138890,5138913,-
chr17,5249346,5249362,-
chr17,5440483,5440532,-
chr17,5748008,5748030,-
chr17,5813404,5813426,-
chr17,5813680,5813702,-
chr17,5814335,5814359,-
chr17,5841933,5841970,-
chr17,5943417,5943444,-
chr17,5943459,5943486,-
chr17,5977228,5977259,-
chr17,6861331,6861345,-
chr17,7147867,7147886,-
chr17,7164115,7164129,-
chr17,7164229,7164257,-
chr17,7875062,7875089,-
chr17,7928443,7928498,-
chr17,7928578,7928594,-
chr17,7931835,7931857,-
chr17,8311775,8311809,-
chr17,8311970,8312002,-
chr17,8372115,8372137,-
chr17,8372242,8372261,-
chr17,8372360,8372391,-
chr17,8372690,8372746,-
chr17,8562620,8562634,-
chr17,8988144,8988163,-
chr17,9582653,9582672,-
chr17,9582715,9582744,-
chr17,10232678,10232697,-
chr17,10232723,10232763,-
chr17,10319630,10319662,-
chr17,11758463,11758483,-
chr17,11758551,11758565,-
chr17,12119830,12119848,-
chr17,12119914,12119936,-
chr17,12205677,12205701,-
chr17,12206039,12206053,-
chr17,12371517,12371539,-
chr17,12371900,12371916,-
chr17,12623063,12623104,-
chr17,12623126,12623144,-
chr17,12623150,12623195,-
chr17,12623225,12623253,-
chr17,12623271,12623286,-
chr17,12623316,12623343,-
chr17,12623359,12623421,-
chr17,12623425,12623470,-
chr17,12623492,12623538,-
chr17,12677260,12677282,-
chr17,12779860,12779876,-
chr17,12916539,12916558,-
chr17,14527698,14527720,-
chr17,14759611,14759626,-
chr17,15706350,15706381,-
chr17,15894602,15894621,-
chr17,15964551,15964573,-
chr17,15964607,15964633,-
chr17,16739958,16739985,-
chr17,16739995,16740096,-
chr17,17600019,17600047,-
chr17,17636518,17636537,-
chr17,18998805,18998830,-
chr17,20944501,20944538,-
chr17,21384421,21384435,-
chr17,21449972,21450012,-
chr17,21477977,21477999,-
chr17,21504818,21504862,-
chr17,21536874,21536893,-
chr17,21962960,21962985,-
chr17,21963206,21963220,-
chr17,21963237,21963276,-
chr17,22230854,22230877,-
chr17,22867239,22867290,-
chr17,22877770,22877816,-
chr17,22906844,22906859,-
chr17,22906921,22906943,-
chr17,23620801,23620823,-
chr17,24707791,24707821,-
chr17,24720237,24720263,-
chr17,25116065,25116087,-
chr17,25188392,25188411,-
chr17,25224597,25224677,-
chr17,25773550,25773572,-
chr17,25875150,25875172,-
chr17,26503644,26503666,-
chr17,26508565,26508585,-
chr17,26509286,26509317,-
chr17,26532180,26532202,-
chr17,26551132,26551147,-
chr17,26572566,26572585,-
chr17,26572837,26572853,-
chr17,26676780,26676802,-
chr17,26676861,26676883,-
chr17,26843204,26843267,-
chr17,26973413,26973432,-
chr17,27012364,27012384,-
chr17,27204628,27204672,-
chr17,27323146,27323184,-
chr17,27323186,27323212,-
chr17,27839939,27839954,-
chr17,28144011,28144027,-
chr17,28210737,28210753,-
chr17,28256857,28256871,-
chr17,28612498,28612512,-
chr17,28692347,28692366,-
chr17,28697343,28697362,-
chr17,28701364,28701378,-
chr17,28882628,28882656,-
chr17,28882712,28882731,-
chr17,28952085,28952148,-
chr17,29003894,29003916,-
chr17,29008121,29008144,-
chr17,29015987,29016009,-
chr17,29016049,29016068,-
chr17,29041355,29041382,-
chr17,29041525,29041549,-
chr17,29081980,29082006,-
chr17,29095203,29095217,-
chr17,29268665,29268705,-
chr17,29394267,29394281,-
chr17,29490313,29490341,-
chr17,29492220,29492289,-
chr17,29501130,29501144,-
chr17,29614698,29614712,-
chr17,29769600,29769614,-
chr17,29973449,29973477,-
chr17,30046696,30046710,-
chr17,30199726,30199742,-
chr17,30363658,30363680,-
chr17,30530130,30530145,-
chr17,30559901,30559949,-
chr17,30559962,30560004,-
chr17,31012288,31012374,-
chr17,31033250,31033269,-
chr17,31039878,31039905,-
chr17,31058824,31058838,-
chr17,31070405,31070421,-
chr17,31070469,31070488,-
chr17,31137071,31137179,-
chr17,31205259,31205340,-
chr17,31205777,31205796,-
chr17,31296751,31296771,-
chr17,31436890,31436905,-
chr17,31436983,31437003,-
chr17,31519753,31519769,-
chr17,31520450,31520476,-
chr17,31790098,31790114,-
chr17,31821385,31821407,-
chr17,31824831,31824853,-
chr17,31825016,31825038,-
chr17,31840892,31840911,-
chr17,32966251,32966270,-
chr17,33033556,33033613,-
chr17,33524069,33524116,-
chr17,33719005,33719059,-
chr17,33851444,33851463,-
chr17,33902850,33902865,-
chr17,33902868,33902890,-
chr17,33963334,33963348,-
chr17,34047998,34048012,-
chr17,34102988,34103007,-
chr17,34103072,34103088,-
chr17,34103100,34103134,-
chr17,34171129,34171148,-
chr17,34171439,34171461,-
chr17,34231243,34231258,-
chr17,34305546,34305598,-
chr17,34603625,34603640,-
chr17,34899958,34900021,-
chr17,34932525,34932562,-
chr17,34980908,34980936,-
chr17,35000518,35000537,-
chr17,35121593,35121613,-
chr17,35135514,35135540,-
chr17,35186149,35186174,-
chr17,35186206,35186246,-
chr17,35258694,35258711,-
chr17,35578493,35578512,-
chr17,35706229,35706248,-
chr17,35739998,35740012,-
chr17,35742504,35742541,-
chr17,35841766,35841799,-
chr17,35970110,35970139,-
chr17,36020784,36020800,-
chr17,36021079,36021107,-
chr17,36032033,36032055,-
chr17,36033093,36033110,-
chr17,36033115,36033131,-
chr17,36112077,36112094,-
chr17,36112099,36112115,-
chr17,36227138,36227164,-
chr17,36227271,36227287,-
chr17,36257263,36257303,-
chr17,36958891,36958952,-
chr17,37203801,37203816,-
chr17,37561671,37561693,-
chr17,37561771,37561787,-
chr17,39286335,39286349,-
chr17,41691280,41691294,-
chr17,42093116,42093147,-
chr17,42987790,42987812,-
chr17,43699604,43699646,-
chr17,43699647,43699685,-
chr17,44076091,44076132,-
chr17,44076153,44076214,-
chr17,44718338,44718379,-
chr17,44735456,44735530,-
chr17,45433876,45433921,-
chr17,45619736,45619766,-
chr17,46772402,46772418,-
chr17,46829232,46829246,-
chr17,46829315,46829329,-
chr17,46835359,46835373,-
chr17,47080670,47080686,-
chr17,47171180,47171204,-
chr17,47332723,47332771,-
chr17,47507886,47507931,-
chr17,47531637,47531659,-
chr17,47534221,47534258,-
chr17,47600290,47600316,-
chr17,47740330,47740373,-
chr17,47989361,47989381,-
chr17,47989414,47989441,-
chr17,47989497,47989521,-
chr17,48293732,48293771,-
chr17,48300940,48300954,-
chr17,48301267,48301286,-
chr17,48326069,48326085,-
chr17,49164525,49164540,-
chr17,49164553,49164573,-
chr17,49164591,49164605,-
chr17,49443834,49443859,-
chr17,49443923,49443937,-
chr17,49444373,49444388,-
chr17,49446402,49446434,-
chr17,50173739,50173765,-
chr17,50185627,50185641,-
chr17,50426307,50426328,-
chr17,50470178,50470216,-
chr17,50470225,50470240,-
chr17,50470803,50470817,-
chr17,50483683,50483702,-
chr17,50484114,50484133,-
chr17,50484139,50484154,-
chr17,50555140,50555155,-
chr17,50555183,50555221,-
chr17,51322755,51322769,-
chr17,51322918,51322942,-
chr17,51735596,51735615,-
chr17,51805706,51805729,-
chr17,51833981,51834008,-
chr17,51880266,51880285,-
chr17,51893128,51893155,-
chr17,51904276,51904300,-
chr17,51906507,51906530,-
chr17,51906843,51906858,-
chr17,52062569,52062585,-
chr17,52125618,52125637,-
chr17,52150930,52150949,-
chr17,52178062,52178091,-
chr17,52348803,52348822,-
chr17,52468439,52468461,-
chr17,52591972,52591986,-
chr17,52592156,52592190,-
chr17,53568123,53568146,-
chr17,53568357,53568376,-
chr17,53582578,53582597,-
chr17,53587906,53587923,-
chr17,53631373,53631388,-
chr17,53631623,53631652,-
chr17,53650342,53650364,-
chr17,53650383,53650402,-
chr17,55112401,55112422,-
chr17,55112458,55112472,-
chr17,56079114,56079130,-
chr17,56111743,56111785,-
chr17,56200152,56200168,-
chr17,56277240,56277266,-
chr17,56277483,56277500,-
chr17,56443478,56443494,-
chr17,56445512,56445526,-
chr17,56990157,56990173,-
chr17,57131872,57131887,-
chr17,57219197,57219216,-
chr17,57275756,57275779,-
chr17,57276799,57276826,-
chr17,57290486,57290508,-
chr17,57855917,57855955,-
chr17,57971539,57971576,-
chr17,57971703,57971728,-
chr17,58090270,58090290,-
chr17,59909224,59909240,-
chr17,63324690,63324706,-
chr17,63405441,63405460,-
chr17,64754628,64754650,-
chr17,64827071,64827116,-
chr17,65870269,65870296,-
chr17,65962138,65962168,-
chr17,66101784,66101798,-
chr17,66101814,66101829,-
chr17,66102102,66102128,-
chr17,66102279,66102293,-
chr17,66102385,66102401,-
chr17,66111258,66111283,-
chr17,69025118,69025142,-
chr17,69025276,69025319,-
chr17,69396430,69396465,-
chr17,69416421,69416463,-
chr17,70430436,70430521,-
chr17,70852429,70852451,-
chr17,70852972,70852994,-
chr17,70853115,70853131,-
chr17,70853903,70853943,-
chr17,70925015,70925030,-
chr17,70925053,70925083,-
chr17,70973912,70973928,-
chr17,71062077,71062099,-
chr17,71062181,71062200,-
chr17,71196170,71196219,-
chr17,71491262,71491286,-
chr17,71526341,71526373,-
chr17,72918204,72918219,-
chr17,72918459,72918517,-
chr17,72935872,72935892,-
chr17,72936063,72936085,-
chr17,72939580,72939613,-
chr17,72939616,72939642,-
chr17,72949388,72949404,-
chr17,72949594,72949611,-
chr17,72966183,72966215,-
chr17,73034385,73034405,-
chr17,73087470,73087492,-
chr17,73107777,73107799,-
chr17,73142001,73142015,-
chr17,73142428,73142448,-
chr17,73151640,73151662,-
chr17,73151770,73151796,-
chr17,73153909,73153928,-
chr17,73164023,73164046,-
chr17,73169468,73169496,-
chr17,73170146,73170165,-
chr17,73170171,73170205,-
chr17,73222122,73222138,-
chr17,73222290,73222316,-
chr17,73246998,73247027,-
chr17,73304479,73304519,-
chr17,73813243,73813263,-
chr17,73869664,73869696,-
chr17,73952589,73952629,-
chr17,73952633,73952674,-
chr17,74489125,74489174,-
chr17,74894770,74894803,-
chr17,77344320,77344337,-
chr17,78351630,78351667,-
chr17,78351787,78351807,-
chr17,79964859,79964881,-
chr17,80105630,80105656,-
chr17,80112717,80112739,-
chr17,80139673,80139733,-
chr17,80169992,80170021,-
chr17,80483275,80483297,-
chr17,80561060,80561103,-
chr17,80772618,80772632,-
chr17,83158352,83158366,-
chr17,83267835,83267854,-
chr17,83277081,83277100,-
chr17,83277103,83277139,-
chr17,83278337,83278351,-
chr17,83365138,83365173,-
chr17,83365421,83365443,-
chr17,83397430,83397444,-
chr17,83453850,83453902,-
chr17,83646672,83646702,-
chr17,83646763,83646800,-
chr17,83647054,83647070,-
chr17,83690347,83690384,-
chr17,83707533,83707560,-
chr17,83707668,83707690,-
chr17,83707777,83707810,-
chr17,83709652,83709668,-
chr17,83709669,83709688,-
chr17,83721310,83721324,-
chr17,83721365,83721384,-
chr17,83848433,83848454,-
chr17,83862066,83862080,-
chr17,83918420,83918442,-
chr17,83935390,83935410,-
chr17,84004391,84004413,-
chr17,84145683,84145742,-
chr17,84231532,84231556,-
chr17,84331015,84331036,-
chr17,84333256,84333275,-
chr17,84423567,84423600,-
chr17,84790703,84790722,-
chr17,84855664,84855693,-
chr17,84877817,84877882,-
chr17,84878261,84878283,-
chr17,84893285,84893307,-
chr17,84894130,84894153,-
chr17,85023796,85023821,-
chr17,85170569,85170585,-
chr17,85170712,85170734,-
chr17,86145513,86145563,-
chr17,86323326,86323341,-
chr17,86329695,86329711,-
chr17,86336914,86336930,-
chr17,86337165,86337184,-
chr17,86779251,86779273,-
chr17,86962730,86962748,-
chr17,86988399,86988415,-
chr17,86988495,86988512,-
chr17,87025587,87025623,-
chr17,87025858,87025884,-
chr17,87044692,87044707,-
chr17,87044749,87044764,-
chr17,87119034,87119049,-
chr17,87119419,87119441,-
chr17,87365377,87365399,-
chr17,87447256,87447278,-
chr17,87571908,87571923,-
chr17,87571994,87572029,-
chr17,87672930,87672956,-
chr17,88042432,88042464,-
chr17,88058063,88058095,-
chr17,88112649,88112665,-
chr17,88123985,88124026,-
chr17,88753122,88753141,-
chr18,3280697,3280726,+
chr18,3280757,3280776,+
chr18,3337704,3337720,+
chr18,4295231,4295259,+
chr18,4295809,4295856,+
chr18,4920126,4920154,+
chr18,5162920,5162971,+
chr18,5621078,5621092,+
chr18,5621256,5621277,+
chr18,5688611,5688633,+
chr18,6106944,6106960,+
chr18,6281157,6281205,+
chr18,6281323,6281338,+
chr18,6490139,6490165,+
chr18,7608775,7608791,+
chr18,7910808,7910822,+
chr18,7911227,7911246,+
chr18,9469347,9469369,+
chr18,9469582,9469601,+
chr18,10181037,10181069,+
chr18,10307822,10307844,+
chr18,10307981,10308000,+
chr18,10701085,10701108,+
chr18,10727204,10727220,+
chr18,12102133,12102147,+
chr18,12167883,12167941,+
chr18,12771824,12771850,+
chr18,13027122,13027211,+
chr18,14782774,14782839,+
chr18,14782961,14782985,+
chr18,20947020,20947048,+
chr18,20962782,20962808,+
chr18,20962826,20962862,+
chr18,21145698,21145729,+
chr18,23804138,23804161,+
chr18,23845099,23845121,+
chr18,24020500,24020519,+
chr18,30272641,30272667,+
chr18,31144619,31144638,+
chr18,31609147,31609194,+
chr18,31788871,31788915,+
chr18,32020770,32020797,+
chr18,32240074,32240102,+
chr18,32598459,32598495,+
chr18,32810510,32810529,+
chr18,32837141,32837160,+
chr18,32880755,32880769,+
chr18,32953824,32953838,+
chr18,32954023,32954052,+
chr18,32954185,32954201,+
chr18,32970368,32970382,+
chr18,32970638,32970703,+
chr18,33089622,33089658,+
chr18,34118096,34118117,+
chr18,34330761,34330780,+
chr18,34507473,34507488,+
chr18,34507635,34507675,+
chr18,34631298,34631327,+
chr18,34788313,34788341,+
chr18,34788445,34788459,+
chr18,34856332,34856351,+
chr18,35661484,35661518,+
chr18,35747154,35747180,+
chr18,35889376,35889392,+
chr18,36670471,36670485,+
chr18,37800767,37800797,+
chr18,37926193,37926227,+
chr18,38419434,38419460,+
chr18,38419604,38419634,+
chr18,38930715,38930776,+
chr18,39426069,39426085,+
chr18,39490931,39490970,+
chr18,39518768,39518784,+
chr18,39719161,39719183,+
chr18,41951522,41951544,+
chr18,42262215,42262234,+
chr18,42274705,42274738,+
chr18,42274829,42274843,+
chr18,42869020,42869042,+
chr18,42869143,42869217,+
chr18,45212311,45212333,+
chr18,46176244,46176259,+
chr18,46281048,46281070,+
chr18,46958594,46958608,+
chr18,49090981,49091001,+
chr18,49091378,49091392,+
chr18,49721746,49721762,+
chr18,49721773,49721799,+
chr18,49721928,49721943,+
chr18,49755160,49755182,+
chr18,49756389,49756431,+
chr18,49832147,49832166,+
chr18,50014479,50014517,+
chr18,50113012,50113028,+
chr18,50113033,50113067,+
chr18,52465411,52465458,+
chr18,52465523,52465545,+
chr18,52485774,52485796,+
chr18,53788976,53789068,+
chr18,53903786,53903827,+
chr18,54901129,54901145,+
chr18,54901315,54901355,+
chr18,54906852,54906866,+
chr18,54940461,54940483,+
chr18,54940557,54940579,+
chr18,54940781,54940800,+
chr18,55550244,55550266,+
chr18,56362914,56362936,+
chr18,56412965,56412987,+
chr18,56413072,56413094,+
chr18,56463456,56463492,+
chr18,56468925,56468941,+
chr18,56469057,56469085,+
chr18,56572727,56572759,+
chr18,56711095,56711123,+
chr18,56711157,56711173,+
chr18,56714589,56714639,+
chr18,56734147,56734169,+
chr18,56857864,56857892,+
chr18,57878269,57878298,+
chr18,58510080,58510150,+
chr18,58510161,58510177,+
chr18,58510222,58510236,+
chr18,58510328,58510351,+
chr18,58773703,58773717,+
chr18,58784747,58784769,+
chr18,60774160,60774174,+
chr18,61367832,61367874,+
chr18,61378067,61378089,+
chr18,62164510,62164527,+
chr18,62204052,62204068,+
chr18,62699123,62699147,+
chr18,62699266,62699282,+
chr18,63260626,63260646,+
chr18,64501093,64501109,+
chr18,64501124,64501151,+
chr18,64501199,64501221,+
chr18,64530736,64530755,+
chr18,65007847,65007875,+
chr18,65312591,65312612,+
chr18,65319019,65319041,+
chr18,65405527,65405542,+
chr18,65405635,65405663,+
chr18,65414871,65414895,+
chr18,65479428,65479447,+
chr18,66321341,66321361,+
chr18,66429414,66429429,+
chr18,66429554,66429590,+
chr18,66470805,66470835,+
chr18,66471126,66471140,+
chr18,66471388,66471452,+
chr18,66519457,66519495,+
chr18,67205405,67205424,+
chr18,67245360,67245382,+
chr18,67258672,67258694,+
chr18,67280783,67280821,+
chr18,67457802,67457850,+
chr18,67457940,67457972,+
chr18,67641835,67641855,+
chr18,67799802,67799837,+
chr18,67967021,67967036,+
chr18,68059182,68059206,+
chr18,68096976,68097018,+
chr18,68969402,68969424,+
chr18,69196066,69196080,+
chr18,69196186,69196205,+
chr18,70529406,70529446,+
chr18,70531072,70531097,+
chr18,70645060,70645076,+
chr18,71566427,71566448,+
chr18,71658233,71658247,+
chr18,73702869,73702884,+
chr18,73702976,73703018,+
chr18,73703049,73703068,+
chr18,73752350,73752378,+
chr18,73752428,73752442,+
chr18,73835559,73835578,+
chr18,73835762,73835784,+
chr18,73835830,73835849,+
chr18,74037279,74037293,+
chr18,74037368,74037394,+
chr18,74779841,74779860,+
chr18,74847184,74847206,+
chr18,75000102,75000126,+
chr18,75000337,75000368,+
chr18,75207064,75207080,+
chr18,75322061,75322105,+
chr18,75322383,75322405,+
chr18,75366867,75366889,+
chr18,75387266,75387305,+
chr18,75387527,75387550,+
chr18,75424507,75424523,+
chr18,75447211,75447231,+
chr18,76161033,76161047,+
chr18,76929760,76929791,+
chr18,77121607,77121622,+
chr18,77743021,77743052,+
chr18,77767248,77767289,+
chr18,77773860,77773903,+
chr18,77871264,77871314,+
chr18,78239755,78239783,+
chr18,79092772,79092799,+
chr18,79298123,79298143,+
chr18,79905376,79905390,+
chr18,80169746,80169762,+
chr18,80600572,80600602,+
chr18,80612462,80612476,+
chr18,80707183,80707202,+
chr18,80899747,80899766,+
chr18,80899980,80899994,+
chr18,80900052,80900071,+
chr18,81047164,81047178,+
chr18,81404809,81404841,+
chr18,82477039,82477053,+
chr18,82512242,82512258,+
chr18,82765608,82765657,+
chr18,82812626,82812661,+
chr18,84294344,84294388,+
chr18,84646052,84646098,+
chr18,84874098,84874120,+
chr18,84874177,84874196,+
chr18,85703758,85703798,+
chr18,87293155,87293211,+
chr18,87293237,87293260,+
chr18,87293296,87293318,+
chr18,87380706,87380720,+
chr18,87957368,87957382,+
chr18,88408554,88408589,+
chr18,88618359,88618384,+
chr18,88618512,88618533,+
chr18,88618628,88618647,+
chr18,88618657,88618677,+
chr18,88770500,88770527,+
chr18,88770801,88770869,+
chr18,88770871,88770908,+
chr18,88981158,88981172,+
chr18,89234018,89234038,+
chr18,89234174,89234193,+
chr18,90510039,90510060,+
chr18,4295194,4295216,-
chr18,5335000,5335014,-
chr18,5592975,5593049,-
chr18,5593885,5593911,-
chr18,5594253,5594272,-
chr18,5603672,5603696,-
chr18,5688439,5688471,-
chr18,5688478,5688492,-
chr18,6377559,6377587,-
chr18,6764744,6764759,-
chr18,7608810,7608872,-
chr18,7910947,7910975,-
chr18,7910997,7911045,-
chr18,7911052,7911072,-
chr18,7911127,7911141,-
chr18,7911157,7911172,-
chr18,8850202,8850228,-
chr18,8850441,8850473,-
chr18,9469291,9469305,-
chr18,10308006,10308020,-
chr18,10308111,10308126,-
chr18,10531859,10531923,-
chr18,12498422,12498446,-
chr18,12972877,12972893,-
chr18,13027333,13027349,-
chr18,15204412,15204430,-
chr18,15204575,15204612,-
chr18,19598009,19598049,-
chr18,20947132,20947213,-
chr18,20947265,20947281,-
chr18,20962636,20962662,-
chr18,20962672,20962686,-
chr18,20963037,20963061,-
chr18,21145973,21145995,-
chr18,24122081,24122095,-
chr18,25241965,25241990,-
chr18,30267572,30267594,-
chr18,30267615,30267666,-
chr18,31608990,31609024,-
chr18,31788676,31788705,-
chr18,32398040,32398060,-
chr18,32598088,32598108,-
chr18,32837008,32837027,-
chr18,32837086,32837100,-
chr18,32880896,32880920,-
chr18,32945618,32945633,-
chr18,32953147,32953169,-
chr18,32953962,32953976,-
chr18,32954101,32954128,-
chr18,32955387,32955416,-
chr18,32978898,32978933,-
chr18,32979059,32979079,-
chr18,32979290,32979312,-
chr18,32979626,32979646,-
chr18,32990286,32990318,-
chr18,33112978,33112997,-
chr18,33826107,33826126,-
chr18,34415925,34415955,-
chr18,34777563,34777578,-
chr18,34779502,34779516,-
chr18,34783699,34783730,-
chr18,34783910,34783925,-
chr18,34932294,34932313,-
chr18,35499328,35499358,-
chr18,35598972,35598986,-
chr18,35661423,35661462,-
chr18,35747616,35747666,-
chr18,35774038,35774076,-
chr18,35829983,35830019,-
chr18,35849855,35849871,-
chr18,35888446,35888461,-
chr18,36735071,36735105,-
chr18,36760004,36760026,-
chr18,37815212,37815234,-
chr18,37883558,37883572,-
chr18,38406506,38406530,-
chr18,38406553,38406572,-
chr18,38407817,38407831,-
chr18,38420175,38420202,-
chr18,38426933,38426947,-
chr18,38427149,38427171,-
chr18,38441617,38441641,-
chr18,38601568,38601616,-
chr18,38632044,38632066,-
chr18,39083079,39083105,-
chr18,39083168,39083190,-
chr18,39138008,39138024,-
chr18,39140694,39140716,-
chr18,39140860,39140886,-
chr18,39491485,39491507,-
chr18,39518700,39518729,-
chr18,39518889,39518917,-
chr18,39656391,39656408,-
chr18,39666133,39666149,-
chr18,42274823,42274838,-
chr18,44737207,44737226,-
chr18,44737439,44737461,-
chr18,44737632,44737654,-
chr18,46176357,46176371,-
chr18,46281076,46281090,-
chr18,46607482,46607499,-
chr18,46631057,46631072,-
chr18,46746138,46746154,-
chr18,48256427,48256453,-
chr18,48256542,48256556,-
chr18,48256564,48256586,-
chr18,48256624,48256641,-
chr18,48507338,48507366,-
chr18,48507460,48507486,-
chr18,48531415,48531434,-
chr18,48531522,48531559,-
chr18,49756480,49756495,-
chr18,50009092,50009127,-
chr18,51247227,51247246,-
chr18,51247375,51247400,-
chr18,52485812,52485846,-
chr18,53177740,53177768,-
chr18,53744908,53744931,-
chr18,53862168,53862193,-
chr18,53862205,53862231,-
chr18,53937453,53937471,-
chr18,53937656,53937679,-
chr18,54900346,54900360,-
chr18,54906603,54906639,-
chr18,54906648,54906682,-
chr18,54940647,54940662,-
chr18,55466997,55467013,-
chr18,55467045,55467064,-
chr18,55550222,55550244,-
chr18,56413107,56413145,-
chr18,56447466,56447505,-
chr18,56451098,56451133,-
chr18,56455488,56455502,-
chr18,56455954,56455968,-
chr18,56455987,56456007,-
chr18,56470930,56470971,-
chr18,56471218,56471276,-
chr18,56471382,56471404,-
chr18,56685287,56685324,-
chr18,56685643,56685698,-
chr18,56714941,56714963,-
chr18,56726543,56726565,-
chr18,56726758,56726787,-
chr18,56733662,56733694,-
chr18,56733717,56733743,-
chr18,56733744,56733777,-
chr18,56888878,56888892,-
chr18,57965539,57965562,-
chr18,58510367,58510431,-
chr18,60767466,60767490,-
chr18,60774300,60774315,-
chr18,60843987,60844011,-
chr18,61188124,61188139,-
chr18,61377925,61377947,-
chr18,62125365,62125402,-
chr18,62125748,62125770,-
chr18,62174930,62174952,-
chr18,62204190,62204208,-
chr18,62250385,62250418,-
chr18,63260474,63260493,-
chr18,63692593,63692627,-
chr18,63859930,63859949,-
chr18,63860120,63860136,-
chr18,64894789,64894843,-
chr18,64920797,64920816,-
chr18,65007696,65007757,-
chr18,65007880,65007896,-
chr18,65327166,65327185,-
chr18,65381725,65381747,-
chr18,65381752,65381800,-
chr18,65479307,65479322,-
chr18,65695704,65695729,-
chr18,65697946,65697960,-
chr18,65802843,65802915,-
chr18,66429331,66429359,-
chr18,66447706,66447730,-
chr18,66447797,66447811,-
chr18,66478278,66478300,-
chr18,67258645,67258661,-
chr18,67280724,67280738,-
chr18,67457587,67457603,-
chr18,67725496,67725562,-
chr18,68052735,68052750,-
chr18,68052810,68052838,-
chr18,68059003,68059022,-
chr18,68059214,68059247,-
chr18,68059573,68059588,-
chr18,68059630,68059644,-
chr18,68063990,68064017,-
chr18,68064040,68064054,-
chr18,68096497,68096513,-
chr18,68297330,68297352,-
chr18,68686768,68686800,-
chr18,68686950,68686973,-
chr18,68969269,68969283,-
chr18,69344576,69344591,-
chr18,70522473,70522493,-
chr18,70530480,70530514,-
chr18,70530885,70530909,-
chr18,70603257,70603279,-
chr18,70603486,70603509,-
chr18,70644923,70644948,-
chr18,71463534,71463597,-
chr18,71463604,71463618,-
chr18,71566595,71566614,-
chr18,73835578,73835594,-
chr18,73835874,73835893,-
chr18,74037250,74037264,-
chr18,74441909,74441954,-
chr18,74572035,74572064,-
chr18,74779986,74780010,-
chr18,75000131,75000147,-
chr18,75006160,75006182,-
chr18,75368127,75368146,-
chr18,75368225,75368259,-
chr18,75378022,75378036,-
chr18,75383572,75383591,-
chr18,75419733,75419758,-
chr18,75419840,75419859,-
chr18,75426349,75426377,-
chr18,76929235,76929323,-
chr18,76945020,76945039,-
chr18,76978217,76978233,-
chr18,77066247,77066263,-
chr18,77072605,77072644,-
chr18,77121670,77121692,-
chr18,77773837,77773853,-
chr18,77871463,77871506,-
chr18,78142153,78142186,-
chr18,78142203,78142245,-
chr18,79293770,79293792,-
chr18,79297938,79297962,-
chr18,79905256,79905284,-
chr18,80169409,80169424,-
chr18,80200813,80200829,-
chr18,80228543,80228570,-
chr18,80612276,80612290,-
chr18,80649706,80649740,-
chr18,80718613,80718635,-
chr18,80724365,80724384,-
chr18,81400298,81400328,-
chr18,81795677,81795705,-
chr18,82479691,82479720,-
chr18,82480027,82480049,-
chr18,82503854,82503876,-
chr18,82525073,82525159,-
chr18,82535040,82535059,-
chr18,82765340,82765356,-
chr18,84086576,84086615,-
chr18,84091709,84091744,-
chr18,84294335,84294349,-
chr18,84799284,84799300,-
chr18,87380574,87380590,-
chr18,88770560,88770580,-
chr18,89197065,89197093,-
chr18,89197318,89197332,-
chr18,89206139,89206159,-
chr18,89245639,89245653,-
chr18,90310585,90310601,-
chr18,90310685,90310707,-
chr19,3576091,3576107,+
chr19,3660946,3661170,+
chr19,3890270,3890286,+
chr19,3934917,3934958,+
chr19,3934963,3934996,+
chr19,3935035,3935067,+
chr19,4113945,4113961,+
chr19,4119693,4119734,+
chr19,4125445,4125461,+
chr19,4125483,4125499,+
chr19,4125562,4125578,+
chr19,4145135,4145163,+
chr19,4148360,4148392,+
chr19,4181959,4181984,+
chr19,4203299,4203313,+
chr19,4294375,4294401,+
chr19,4294589,4294619,+
chr19,4842685,4842732,+
chr19,5041105,5041121,+
chr19,5088098,5088113,+
chr19,5257336,5257355,+
chr19,5433086,5433110,+
chr19,5786440,5786474,+
chr19,5793115,5793166,+
chr19,5815708,5815728,+
chr19,5815802,5815816,+
chr19,5815831,5815853,+
chr19,5965348,5965383,+
chr19,6018376,6018410,+
chr19,6061165,6061181,+
chr19,6126312,6126332,+
chr19,6126344,6126363,+
chr19,6126571,6126587,+
chr19,6126718,6126759,+
chr19,6127797,6127812,+
chr19,6858299,6858319,+
chr19,6869385,6869424,+
chr19,7206770,7206792,+
chr19,7383534,7383566,+
chr19,7495808,7495830,+
chr19,7569951,7570015,+
chr19,7869984,7870009,+
chr19,8518594,8518627,+
chr19,8518650,8518678,+
chr19,8519251,8519271,+
chr19,8798708,8798738,+
chr19,8802269,8802285,+
chr19,8881152,8881178,+
chr19,8888723,8888745,+
chr19,8984598,8984613,+
chr19,9038422,9038439,+
chr19,9065926,9065941,+
chr19,9082443,9082490,+
chr19,10204031,10204050,+
chr19,10577013,10577041,+
chr19,10732004,10732019,+
chr19,10763826,10763840,+
chr19,10777351,10777420,+
chr19,10780157,10780204,+
chr19,10780290,10780312,+
chr19,10816743,10816768,+
chr19,10949550,10949566,+
chr19,11045004,11045025,+
chr19,11371275,11371294,+
chr19,11371761,11371797,+
chr19,11371808,11371827,+
chr19,11386915,11386982,+
chr19,11396189,11396208,+
chr19,11407705,11407719,+
chr19,11411815,11411839,+
chr19,11419200,11419214,+
chr19,11443409,11443432,+
chr19,11443597,11443613,+
chr19,11479754,11479803,+
chr19,11479903,11479919,+
chr19,11483890,11483917,+
chr19,11484244,11484287,+
chr19,11491859,11491888,+
chr19,11492072,11492088,+
chr19,11497481,11497509,+
chr19,11505177,11505192,+
chr19,11505454,11505474,+
chr19,11513377,11513418,+
chr19,11513429,11513505,+
chr19,11517340,11517355,+
chr19,11534108,11534124,+
chr19,12011260,12011294,+
chr19,12472077,12472099,+
chr19,12473322,12473355,+
chr19,12473387,12473410,+
chr19,12473414,12473464,+
chr19,12806436,12806459,+
chr19,14588232,14588254,+
chr19,14588501,14588515,+
chr19,14588528,14588548,+
chr19,14597275,14597290,+
chr19,14597895,14597918,+
chr19,14598546,14598560,+
chr19,16029165,16029192,+
chr19,16510170,16510204,+
chr19,16998198,16998223,+
chr19,17269029,17269045,+
chr19,17295284,17295299,+
chr19,17295475,17295492,+
chr19,18619048,18619088,+
chr19,18619278,18619300,+
chr19,18619434,18619456,+
chr19,18630857,18630913,+
chr19,18630919,18630941,+
chr19,18687818,18687832,+
chr19,18746440,18746462,+
chr19,20316057,20316091,+
chr19,21713914,21713928,+
chr19,21714412,21714426,+
chr19,21913151,21913167,+
chr19,22857151,22857171,+
chr19,22857186,22857208,+
chr19,23687268,23687290,+
chr19,24280086,24280106,+
chr19,24301375,24301401,+
chr19,24622077,24622096,+
chr19,25052445,25052467,+
chr19,25062705,25062721,+
chr19,25095233,25095248,+
chr19,25360765,25360781,+
chr19,25360944,25360963,+
chr19,26605380,26605394,+
chr19,26605402,26605427,+
chr19,26748146,26748168,+
chr19,28009888,28009910,+
chr19,28009940,28009964,+
chr19,28010049,28010071,+
chr19,28010176,28010192,+
chr19,28612163,28612179,+
chr19,28678246,28678275,+
chr19,29185869,29185906,+
chr19,29194372,29194394,+
chr19,29221844,29221866,+
chr19,29325278,29325300,+
chr19,29362137,29362182,+
chr19,29418799,29418819,+
chr19,29431450,29431464,+
chr19,30043769,30043793,+
chr19,30154389,30154411,+
chr19,31210802,31210829,+
chr19,32122985,32123001,+
chr19,32123347,32123367,+
chr19,32123457,32123471,+
chr19,32167110,32167141,+
chr19,32173142,32173171,+
chr19,32182468,32182482,+
chr19,32186718,32186759,+
chr19,32235134,32235149,+
chr19,32235367,32235386,+
chr19,32262875,32262890,+
chr19,32292784,32292821,+
chr19,32292839,32292858,+
chr19,32328296,32328310,+
chr19,32345138,32345152,+
chr19,32409586,32409602,+
chr19,32409774,32409796,+
chr19,32989173,32989207,+
chr19,33101695,33101714,+
chr19,33114414,33114431,+
chr19,33223182,33223201,+
chr19,33265406,33265420,+
chr19,34181376,34181403,+
chr19,34181504,34181520,+
chr19,34248941,34248955,+
chr19,34298584,34298661,+
chr19,34504976,34505000,+
chr19,34505277,34505299,+
chr19,34623382,34623416,+
chr19,34623469,34623488,+
chr19,34826396,34826425,+
chr19,34846511,34846525,+
chr19,34846733,34846773,+
chr19,34877759,34877813,+
chr19,34922872,34922886,+
chr19,34922942,34922956,+
chr19,36082929,36082951,+
chr19,36242326,36242341,+
chr19,36242362,36242452,+
chr19,36242457,36242476,+
chr19,36833481,36833500,+
chr19,36833807,36833835,+
chr19,37206846,37206862,+
chr19,37523800,37523822,+
chr19,38054531,38054559,+
chr19,38352798,38352830,+
chr19,38872795,38872817,+
chr19,38930845,38930859,+
chr19,40267859,40267882,+
chr19,40267895,40267911,+
chr19,40366150,40366186,+
chr19,40514119,40514135,+
chr19,40588703,40588717,+
chr19,40588730,40588764,+
chr19,40589654,40589674,+
chr19,40819154,40819169,+
chr19,41015994,41016010,+
chr19,41263792,41263810,+
chr19,41264629,41264668,+
chr19,41328702,41328736,+
chr19,41328910,41328938,+
chr19,41329038,41329052,+
chr19,41354514,41354537,+
chr19,41354612,41354640,+
chr19,41529256,41529285,+
chr19,41829651,41829681,+
chr19,41911433,41911491,+
chr19,41969753,41969772,+
chr19,42579438,42579457,+
chr19,43530045,43530061,+
chr19,43530102,43530118,+
chr19,43530124,43530194,+
chr19,43687341,43687355,+
chr19,44091327,44091341,+
chr19,44566716,44566736,+
chr19,44930597,44930644,+
chr19,45796445,45796473,+
chr19,46039765,46039784,+
chr19,46056289,46056303,+
chr19,46125630,46125647,+
chr19,46150897,46150921,+
chr19,46329712,46329795,+
chr19,46396647,46396661,+
chr19,46593288,46593332,+
chr19,46887897,46887921,+
chr19,46926872,46926910,+
chr19,46927039,46927067,+
chr19,46929377,46929399,+
chr19,46970369,46970391,+
chr19,46992402,46992418,+
chr19,47050212,47050259,+
chr19,47169293,47169307,+
chr19,47330577,47330616,+
chr19,47382479,47382501,+
chr19,47447136,47447159,+
chr19,47510975,47510997,+
chr19,47511381,47511403,+
chr19,47795184,47795215,+
chr19,47919666,47919685,+
chr19,48576047,48576082,+
chr19,48576110,48576124,+
chr19,48576262,48576302,+
chr19,48576438,48576466,+
chr19,51178962,51178984,+
chr19,51178994,51179010,+
chr19,53040524,53040546,+
chr19,53040573,53040592,+
chr19,53184331,53184363,+
chr19,53185586,53185605,+
chr19,53199000,53199016,+
chr19,53215425,53215450,+
chr19,53310958,53310978,+
chr19,53311073,53311089,+
chr19,53424903,53424950,+
chr19,53439371,53439408,+
chr19,53460459,53460479,+
chr19,53496979,53496997,+
chr19,53539775,53539797,+
chr19,53539828,53539865,+
chr19,53539879,53539901,+
chr19,53539917,53539939,+
chr19,53539979,53540001,+
chr19,53600225,53600247,+
chr19,53712920,53712946,+
chr19,53800630,53800652,+
chr19,53903355,53903387,+
chr19,53906827,53906855,+
chr19,53906873,53906901,+
chr19,53906986,53907027,+
chr19,55332609,55332635,+
chr19,56548121,56548135,+
chr19,56811450,56811469,+
chr19,57113070,57113089,+
chr19,57119310,57119329,+
chr19,57124211,57124227,+
chr19,57212125,57212140,+
chr19,57329016,57329035,+
chr19,57355785,57355819,+
chr19,57430283,57430298,+
chr19,59315364,59315383,+
chr19,59315456,59315482,+
chr19,59315564,59315578,+
chr19,59325197,59325219,+
chr19,59401279,59401349,+
chr19,59925921,59925935,+
chr19,59926174,59926188,+
chr19,60161019,60161046,+
chr19,60811435,60811451,+
chr19,3325280,3325294,-
chr19,3325677,3325691,-
chr19,3389259,3389274,-
chr19,3768953,3768981,-
chr19,3769208,3769238,-
chr19,3890402,3890416,-
chr19,4047835,4047855,-
chr19,4048078,4048097,-
chr19,4052288,4052302,-
chr19,4052364,4052378,-
chr19,4120055,4120069,-
chr19,4135794,4135808,-
chr19,4169355,4169379,-
chr19,4203139,4203165,-
chr19,4295010,4295024,-
chr19,4510078,4510100,-
chr19,4842822,4842880,-
chr19,5073397,5073411,-
chr19,5257455,5257477,-
chr19,5389522,5389536,-
chr19,5389604,5389659,-
chr19,5846239,5846262,-
chr19,5877952,5877966,-
chr19,5964352,5964374,-
chr19,6118633,6118665,-
chr19,6126527,6126541,-
chr19,6334919,6334941,-
chr19,6340829,6340848,-
chr19,6340945,6340967,-
chr19,6577241,6577268,-
chr19,6856625,6856699,-
chr19,6969976,6969990,-
chr19,6980728,6980750,-
chr19,7019579,7019616,-
chr19,7483535,7483552,-
chr19,7495538,7495560,-
chr19,8592214,8592230,-
chr19,8712124,8712146,-
chr19,8757598,8757612,-
chr19,8802156,8802170,-
chr19,8819116,8819138,-
chr19,8888993,8889012,-
chr19,8954065,8954091,-
chr19,8984464,8984488,-
chr19,8998106,8998130,-
chr19,9038367,9038386,-
chr19,9038451,9038467,-
chr19,9055421,9055436,-
chr19,9056100,9056116,-
chr19,9065884,9065908,-
chr19,9066594,9066610,-
chr19,9135480,9135506,-
chr19,9916184,9916245,-
chr19,9916254,9916383,-
chr19,10530192,10530230,-
chr19,10606214,10606236,-
chr19,10606282,10606301,-
chr19,10747436,10747452,-
chr19,10752614,10752636,-
chr19,10752658,10752672,-
chr19,10752694,10752714,-
chr19,10752826,10752860,-
chr19,10764114,10764152,-
chr19,10777311,10777326,-
chr19,10780257,10780277,-
chr19,10780405,10780420,-
chr19,10811385,10811404,-
chr19,10811428,10811442,-
chr19,10811614,10811660,-
chr19,10829953,10829975,-
chr19,10949427,10949443,-
chr19,11065339,11065377,-
chr19,11065430,11065445,-
chr19,11293120,11293158,-
chr19,11355575,11355601,-
chr19,11356234,11356289,-
chr19,11362350,11362366,-
chr19,11362393,11362420,-
chr19,11362447,11362461,-
chr19,11362509,11362556,-
chr19,11362685,11362702,-
chr19,11363994,11364043,-
chr19,11371531,11371553,-
chr19,11387157,11387176,-
chr19,11434939,11434953,-
chr19,11435028,11435050,-
chr19,11435088,11435104,-
chr19,11435126,11435157,-
chr19,11435259,11435278,-
chr19,11435363,11435398,-
chr19,11435454,11435476,-
chr19,11435524,11435549,-
chr19,11435569,11435585,-
chr19,11435609,11435629,-
chr19,11443350,11443365,-
chr19,11458721,11458737,-
chr19,11483954,11483976,-
chr19,11484321,11484346,-
chr19,11496902,11496917,-
chr19,11504860,11504880,-
chr19,11505721,11505735,-
chr19,11513856,11513892,-
chr19,11516941,11516955,-
chr19,11517393,11517431,-
chr19,11589478,11589513,-
chr19,12010067,12010106,-
chr19,12010991,12011010,-
chr19,12012010,12012026,-
chr19,12012053,12012072,-
chr19,12012350,12012365,-
chr19,12475981,12475997,-
chr19,12476068,12476084,-
chr19,12501853,12501869,-
chr19,12806381,12806396,-
chr19,12806546,12806562,-
chr19,15077803,15077822,-
chr19,16150756,16150782,-
chr19,17268696,17268741,-
chr19,18746677,18746692,-
chr19,18746888,18746915,-
chr19,18811621,18811652,-
chr19,21713688,21713707,-
chr19,21714478,21714492,-
chr19,21737874,21737890,-
chr19,22857209,22857223,-
chr19,23323558,23323574,-
chr19,24621941,24621955,-
chr19,24622151,24622167,-
chr19,24622228,24622242,-
chr19,24622248,24622262,-
chr19,24660879,24660895,-
chr19,24660982,24660996,-
chr19,25052274,25052290,-
chr19,25052499,25052518,-
chr19,25052802,25052816,-
chr19,25058138,25058158,-
chr19,25062023,25062077,-
chr19,25062539,25062559,-
chr19,25095446,25095466,-
chr19,25360786,25360800,-
chr19,25865377,25865396,-
chr19,26748361,26748377,-
chr19,26748501,26748528,-
chr19,26748581,26748625,-
chr19,28010981,28011006,-
chr19,28963695,28963733,-
chr19,29064150,29064166,-
chr19,29102029,29102044,-
chr19,29102159,29102193,-
chr19,29185583,29185610,-
chr19,29186043,29186059,-
chr19,29194568,29194601,-
chr19,29236966,29237002,-
chr19,29252416,29252438,-
chr19,29252852,29252874,-
chr19,29253063,29253085,-
chr19,29271557,29271571,-
chr19,29354819,29354851,-
chr19,29367085,29367146,-
chr19,29367256,29367275,-
chr19,29418531,29418545,-
chr19,29418567,29418625,-
chr19,29418895,29418914,-
chr19,29475476,29475490,-
chr19,29523814,29523833,-
chr19,29638042,29638058,-
chr19,29717928,29717950,-
chr19,29717991,29718013,-
chr19,29718077,29718092,-
chr19,29718186,29718205,-
chr19,30043750,30043777,-
chr19,30043802,30043851,-
chr19,30251087,30251170,-
chr19,31337604,31337626,-
chr19,31337642,31337656,-
chr19,31337815,31337842,-
chr19,31618084,31618099,-
chr19,31618332,31618346,-
chr19,31910815,31910829,-
chr19,32123202,32123224,-
chr19,32172809,32172847,-
chr19,32182421,32182440,-
chr19,32197112,32197152,-
chr19,32257681,32257709,-
chr19,32263121,32263135,-
chr19,32266686,32266720,-
chr19,32266747,32266768,-
chr19,32409849,32409863,-
chr19,32521716,32521730,-
chr19,33053349,33053364,-
chr19,33114396,33114410,-
chr19,33114605,33114628,-
chr19,33265310,33265347,-
chr19,34167928,34167953,-
chr19,34168148,34168193,-
chr19,34168278,34168297,-
chr19,34181232,34181254,-
chr19,34181518,34181534,-
chr19,34187169,34187197,-
chr19,34287994,34288014,-
chr19,34299572,34299591,-
chr19,34306653,34306672,-
chr19,34492897,34492912,-
chr19,34493069,34493112,-
chr19,34510943,34510958,-
chr19,34511224,34511248,-
chr19,34551184,34551212,-
chr19,34959605,34959620,-
chr19,34959807,34959851,-
chr19,36111354,36111396,-
chr19,36350240,36350256,-
chr19,36384332,36384354,-
chr19,36833451,36833480,-
chr19,36834910,36834967,-
chr19,36834972,36834996,-
chr19,36996008,36996035,-
chr19,37208137,37208186,-
chr19,37376846,37376868,-
chr19,37551098,37551112,-
chr19,37560131,37560147,-
chr19,37560153,37560175,-
chr19,38352770,38352784,-
chr19,40257320,40257342,-
chr19,40679313,40679348,-
chr19,40818844,40818876,-
chr19,40818986,40819045,-
chr19,40819065,40819087,-
chr19,41071826,41071848,-
chr19,41071861,41071889,-
chr19,41529161,41529175,-
chr19,41529235,41529249,-
chr19,41529486,41529502,-
chr19,42089385,42089404,-
chr19,42090033,42090048,-
chr19,42579598,42579628,-
chr19,43530306,43530333,-
chr19,43675044,43675066,-
chr19,43687187,43687202,-
chr19,44091337,44091377,-
chr19,44107623,44107660,-
chr19,44135941,44136007,-
chr19,44199045,44199097,-
chr19,44248486,44248500,-
chr19,44314882,44314924,-
chr19,44545005,44545027,-
chr19,44545153,44545167,-
chr19,44562805,44562827,-
chr19,44566737,44566765,-
chr19,44865606,44865628,-
chr19,45440154,45440176,-
chr19,45626412,45626470,-
chr19,45783614,45783628,-
chr19,45998714,45998748,-
chr19,46125880,46125894,-
chr19,46150917,46150936,-
chr19,46152305,46152321,-
chr19,46338782,46338804,-
chr19,46454411,46454431,-
chr19,46479017,46479033,-
chr19,46503263,46503290,-
chr19,46511242,46511271,-
chr19,46613066,46613101,-
chr19,46926829,46926855,-
chr19,46992629,46992648,-
chr19,47450202,47450230,-
chr19,47731100,47731114,-
chr19,47795478,47795492,-
chr19,47854823,47854845,-
chr19,47882891,47882930,-
chr19,47888073,47888124,-
chr19,52472876,52472895,-
chr19,52473085,52473124,-
chr19,53163177,53163191,-
chr19,53184423,53184437,-
chr19,53185476,53185492,-
chr19,53194628,53194647,-
chr19,53264184,53264206,-
chr19,53264524,53264543,-
chr19,53311364,53311390,-
chr19,53312726,53312760,-
chr19,53313692,53313706,-
chr19,53314046,53314109,-
chr19,53328987,53329002,-
chr19,53329008,53329046,-
chr19,53329056,53329071,-
chr19,53424387,53424412,-
chr19,53424599,53424621,-
chr19,53434208,53434224,-
chr19,53441614,53441659,-
chr19,53442928,53442947,-
chr19,53443628,53443663,-
chr19,53497094,53497116,-
chr19,53539380,53539395,-
chr19,53539521,53539553,-
chr19,53539636,53539664,-
chr19,53600938,53600954,-
chr19,53807604,53807626,-
chr19,53890940,53890959,-
chr19,53899418,53899434,-
chr19,53922523,53922549,-
chr19,55316161,55316188,-
chr19,55316211,55316230,-
chr19,55332631,55332659,-
chr19,55915530,55915549,-
chr19,56201035,56201111,-
chr19,57072939,57072953,-
chr19,57073289,57073315,-
chr19,57073376,57073391,-
chr19,57082919,57082933,-
chr19,57138192,57138257,-
chr19,57411751,57411771,-
chr19,59315122,59315137,-
chr19,59339766,59339786,-
chr19,59401349,59401375,-
chr19,59402155,59402170,-
chr19,59926423,59926468,-
chr19,59926476,59926492,-
chr19,59942997,59943066,-
chr19,60226800,60226873,-
chr19,60226890,60226916,-
chr19,60580345,60580360,-
chr19,60811382,60811396,-
chr19,60874805,60874838,-
chr19,60889991,60890010,-
chr2,3649211,3649227,+
chr2,3649482,3649509,+
chr2,3659863,3659886,+
chr2,3703700,3703719,+
chr2,3703831,3703923,+
chr2,3731382,3731432,+
chr2,3800108,3800124,+
chr2,4499374,4499388,+
chr2,4652348,4652362,+
chr2,4718529,4718545,+
chr2,4917871,4917887,+
chr2,5025267,5025282,+
chr2,5025630,5025644,+
chr2,5713249,5713271,+
chr2,5713353,5713379,+
chr2,6167930,6167966,+
chr2,6357640,6357659,+
chr2,9116751,9116767,+
chr2,9520138,9520152,+
chr2,9520415,9520429,+
chr2,9578073,9578099,+
chr2,9677123,9677137,+
chr2,9677223,9677253,+
chr2,9677366,9677385,+
chr2,9677410,9677426,+
chr2,9677435,9677454,+
chr2,9681545,9681567,+
chr2,9749677,9749730,+
chr2,9867433,9867475,+
chr2,9867566,9867581,+
chr2,9873119,9873133,+
chr2,9873142,9873161,+
chr2,9875970,9875992,+
chr2,10015198,10015223,+
chr2,11016475,11016498,+
chr2,11170070,11170084,+
chr2,11172604,11172623,+
chr2,11172781,11172819,+
chr2,11180894,11180926,+
chr2,11187532,11187551,+
chr2,11195275,11195294,+
chr2,11195363,11195412,+
chr2,11203455,11203470,+
chr2,11254243,11254262,+
chr2,11254631,11254650,+
chr2,11266699,11266727,+
chr2,11320199,11320221,+
chr2,11375576,11375628,+
chr2,11572607,11572653,+
chr2,11572849,11572868,+
chr2,11635785,11635813,+
chr2,11635843,11635867,+
chr2,11635903,11635919,+
chr2,11642060,11642074,+
chr2,11642745,11642759,+
chr2,11651893,11651915,+
chr2,11662982,11663004,+
chr2,11706447,11706496,+
chr2,13132794,13132808,+
chr2,13233237,13233253,+
chr2,13233639,13233675,+
chr2,13413540,13413554,+
chr2,13558888,13558907,+
chr2,13688064,13688098,+
chr2,13688237,13688286,+
chr2,13719124,13719140,+
chr2,13757374,13757389,+
chr2,13760298,13760314,+
chr2,13760629,13760648,+
chr2,13792403,13792438,+
chr2,15862700,15862737,+
chr2,16374332,16374360,+
chr2,16461257,16461291,+
chr2,17365409,17365431,+
chr2,17671753,17671772,+
chr2,17702637,17702652,+
chr2,17702682,17702711,+
chr2,17702738,17702752,+
chr2,17702756,17702770,+
chr2,17702838,17702860,+
chr2,17742044,17742063,+
chr2,17873188,17873207,+
chr2,18664292,18664308,+
chr2,18664323,18664354,+
chr2,18919610,18919629,+
chr2,18952228,18952243,+
chr2,18957849,18957879,+
chr2,18957893,18957920,+
chr2,19300732,19300746,+
chr2,19300776,19300804,+
chr2,19529084,19529111,+
chr2,22721955,22721969,+
chr2,22784438,22784453,+
chr2,22787330,22787345,+
chr2,22796858,22796872,+
chr2,22962325,22962357,+
chr2,23006232,23006251,+
chr2,23049516,23049546,+
chr2,23049646,23049660,+
chr2,23068121,23068143,+
chr2,23092554,23092580,+
chr2,23156591,23156623,+
chr2,23848422,23848444,+
chr2,24386131,24386174,+
chr2,24830869,24830884,+
chr2,24830909,24830928,+
chr2,25157227,25157259,+
chr2,25228731,25228756,+
chr2,25279478,25279500,+
chr2,25534104,25534118,+
chr2,25534148,25534164,+
chr2,26315327,26315346,+
chr2,26503143,26503162,+
chr2,26604158,26604180,+
chr2,26640201,26640216,+
chr2,26669092,26669108,+
chr2,27539748,27539777,+
chr2,27539790,27539806,+
chr2,27540203,27540217,+
chr2,27994896,27994931,+
chr2,28467757,28467800,+
chr2,28755664,28755680,+
chr2,29489350,29489376,+
chr2,29662303,29662323,+
chr2,29670410,29670424,+
chr2,29787299,29787325,+
chr2,29787382,29787425,+
chr2,29787451,29787477,+
chr2,29868910,29868960,+
chr2,29935935,29935990,+
chr2,30048593,30048631,+
chr2,30128876,30128898,+
chr2,30129104,30129118,+
chr2,30363778,30363812,+
chr2,30415924,30415976,+
chr2,30464293,30464309,+
chr2,30464462,30464491,+
chr2,30594953,30594975,+
chr2,30625915,30625943,+
chr2,30626289,30626317,+
chr2,30658341,30658356,+
chr2,30952790,30952819,+
chr2,31062329,31062365,+
chr2,31081500,31081522,+
chr2,31081561,31081589,+
chr2,31088491,31088514,+
chr2,31088805,31088857,+
chr2,31108628,31108650,+
chr2,31116171,31116198,+
chr2,31119038,31119092,+
chr2,31131146,31131165,+
chr2,31164778,31164821,+
chr2,31172647,31172663,+
chr2,31291744,31291770,+
chr2,31929990,31930012,+
chr2,32037733,32037751,+
chr2,32062180,32062206,+
chr2,32062940,32062984,+
chr2,32077775,32077837,+
chr2,32138113,32138127,+
chr2,32152476,32152495,+
chr2,32289828,32289857,+
chr2,32362611,32362625,+
chr2,32362633,32362656,+
chr2,32603068,32603084,+
chr2,32725529,32725544,+
chr2,32725699,32725721,+
chr2,32787254,32787312,+
chr2,32834493,32834520,+
chr2,32834552,32834588,+
chr2,34963277,34963291,+
chr2,35169126,35169140,+
chr2,35208986,35209042,+
chr2,35233326,35233348,+
chr2,35233361,35233377,+
chr2,35406597,35406616,+
chr2,35422646,35422662,+
chr2,35453944,35453958,+
chr2,35453987,35454009,+
chr2,35461396,35461418,+
chr2,35461655,35461677,+
chr2,35544707,35544758,+
chr2,36137032,36137046,+
chr2,38064553,38064588,+
chr2,38064599,38064614,+
chr2,38072317,38072331,+
chr2,39373054,39373069,+
chr2,39705896,39705916,+
chr2,39705920,39705947,+
chr2,39705966,39705992,+
chr2,39706226,39706252,+
chr2,43727686,43727705,+
chr2,43728007,43728026,+
chr2,43739268,43739284,+
chr2,43749364,43749383,+
chr2,43756654,43756680,+
chr2,43756763,43756782,+
chr2,43794963,43795000,+
chr2,43900620,43900644,+
chr2,43900688,43900722,+
chr2,43992613,43992666,+
chr2,44747871,44747887,+
chr2,44747892,44747943,+
chr2,44873730,44873744,+
chr2,44920594,44920610,+
chr2,45789758,45789774,+
chr2,47418474,47418522,+
chr2,47418683,47418699,+
chr2,48315565,48315587,+
chr2,48322551,48322577,+
chr2,48382087,48382101,+
chr2,48395209,48395233,+
chr2,48473138,48473160,+
chr2,48476796,48476838,+
chr2,48476953,48476969,+
chr2,48477005,48477027,+
chr2,49734464,49734482,+
chr2,49748773,49748787,+
chr2,49748990,49749017,+
chr2,50296316,50296330,+
chr2,50740961,50740976,+
chr2,50741298,50741314,+
chr2,50814124,50814146,+
chr2,51436039,51436058,+
chr2,51972522,51972588,+
chr2,52072498,52072528,+
chr2,52085984,52085998,+
chr2,52314881,52314913,+
chr2,52315997,52316023,+
chr2,52756918,52756945,+
chr2,52756968,52756983,+
chr2,52757033,52757055,+
chr2,53083526,53083572,+
chr2,53095161,53095185,+
chr2,54779841,54779859,+
chr2,54779903,54779917,+
chr2,57117799,57117819,+
chr2,57182216,57182246,+
chr2,57182299,57182313,+
chr2,57182365,57182387,+
chr2,58129821,58129856,+
chr2,58140868,58140898,+
chr2,58140938,58140965,+
chr2,58141441,58141473,+
chr2,58153990,58154016,+
chr2,58155692,58155715,+
chr2,58156909,58156936,+
chr2,58157116,58157146,+
chr2,58179058,58179072,+
chr2,58179199,58179215,+
chr2,58415275,58415312,+
chr2,58724457,58724478,+
chr2,59438455,59438487,+
chr2,60037265,60037287,+
chr2,60124680,60124702,+
chr2,60209508,60209535,+
chr2,60256536,60256555,+
chr2,60382507,60382542,+
chr2,60845544,60845566,+
chr2,60880485,60880528,+
chr2,60904440,60904471,+
chr2,60904528,60904544,+
chr2,60924131,60924158,+
chr2,61402256,61402293,+
chr2,61484209,61484242,+
chr2,61492197,61492212,+
chr2,61492324,61492343,+
chr2,61503684,61503706,+
chr2,62352004,62352079,+
chr2,65182922,65182936,+
chr2,65183052,65183083,+
chr2,65188801,65188840,+
chr2,65414652,65414674,+
chr2,68243293,68243357,+
chr2,68296774,68296788,+
chr2,68302010,68302046,+
chr2,68382575,68382594,+
chr2,68382867,68382886,+
chr2,68434853,68434875,+
chr2,68435115,68435131,+
chr2,68471461,68471493,+
chr2,69779005,69779040,+
chr2,69994745,69994761,+
chr2,70092301,70092316,+
chr2,70105950,70105965,+
chr2,70175893,70175919,+
chr2,70489480,70489504,+
chr2,70489610,70489697,+
chr2,70538378,70538405,+
chr2,70661265,70661287,+
chr2,70790657,70790672,+
chr2,70835648,70835681,+
chr2,70835915,70835937,+
chr2,70836050,70836069,+
chr2,70845360,70845379,+
chr2,71032118,71032138,+
chr2,71032281,71032302,+
chr2,71032557,71032579,+
chr2,71046639,71046660,+
chr2,71128421,71128445,+
chr2,71358877,71358916,+
chr2,71366935,71366951,+
chr2,71810255,71810274,+
chr2,71866742,71866764,+
chr2,71873745,71873782,+
chr2,71941529,71941543,+
chr2,72137190,72137206,+
chr2,72137369,72137391,+
chr2,72145144,72145198,+
chr2,72183850,72183869,+
chr2,72220162,72220178,+
chr2,72220185,72220213,+
chr2,72220219,72220233,+
chr2,72315487,72315513,+
chr2,72837925,72837944,+
chr2,72838666,72838680,+
chr2,72855559,72855598,+
chr2,72874474,72874496,+
chr2,72881587,72881601,+
chr2,72979284,72979312,+
chr2,73278553,73278567,+
chr2,73385287,73385321,+
chr2,73385343,73385377,+
chr2,73385392,73385417,+
chr2,73385447,73385461,+
chr2,73450410,73450429,+
chr2,73459945,73459964,+
chr2,73485346,73485372,+
chr2,73539933,73539949,+
chr2,73567258,73567274,+
chr2,73716600,73716614,+
chr2,73856404,73856440,+
chr2,74658048,74658064,+
chr2,75055237,75055298,+
chr2,75055444,75055460,+
chr2,75073068,75073092,+
chr2,75603404,75603442,+
chr2,75605984,75605998,+
chr2,75703409,75703431,+
chr2,76133301,76133320,+
chr2,76215116,76215138,+
chr2,77305509,77305531,+
chr2,78835226,78835240,+
chr2,78960629,78960657,+
chr2,78961583,78961597,+
chr2,78977985,78977999,+
chr2,78995670,78995700,+
chr2,79005283,79005297,+
chr2,79005304,79005318,+
chr2,79051021,79051037,+
chr2,79120970,79120999,+
chr2,79121135,79121149,+
chr2,79138216,79138230,+
chr2,79231211,79231233,+
chr2,79635025,79635047,+
chr2,83625562,83625577,+
chr2,83723857,83723876,+
chr2,83765795,83765809,+
chr2,83765826,83765841,+
chr2,83765966,83765982,+
chr2,83766067,83766086,+
chr2,84677932,84677951,+
chr2,85036934,85036950,+
chr2,87570855,87570917,+
chr2,89017165,89017179,+
chr2,90667784,90667798,+
chr2,90904177,90904206,+
chr2,91042505,91042541,+
chr2,91237629,91237658,+
chr2,91729867,91729907,+
chr2,91876563,91876582,+
chr2,91950389,91950404,+
chr2,91962253,91962272,+
chr2,92183440,92183454,+
chr2,92212495,92212511,+
chr2,92255332,92255377,+
chr2,92255497,92255512,+
chr2,93438088,93438121,+
chr2,93454159,93454200,+
chr2,93823547,93823584,+
chr2,94157912,94157926,+
chr2,94405850,94405864,+
chr2,97701624,97701659,+
chr2,101616179,101616201,+
chr2,101629097,101629116,+
chr2,101653098,101653153,+
chr2,101756009,101756034,+
chr2,101756448,101756488,+
chr2,101756504,101756523,+
chr2,101761924,101761950,+
chr2,101761979,101762005,+
chr2,101762374,101762393,+
chr2,101828162,101828232,+
chr2,101828284,101828300,+
chr2,101990400,101990431,+
chr2,102733278,102733294,+
chr2,102867725,102867799,+
chr2,102867803,102867819,+
chr2,102874347,102874366,+
chr2,102998529,102998548,+
chr2,102998556,102998585,+
chr2,103013109,103013157,+
chr2,103682620,103682647,+
chr2,103796116,103796142,+
chr2,104455603,104455621,+
chr2,104848900,104848941,+
chr2,106649159,106649178,+
chr2,108466653,108466667,+
chr2,108466672,108466691,+
chr2,108466701,108466723,+
chr2,109278136,109278151,+
chr2,109278194,109278219,+
chr2,111668170,111668184,+
chr2,111668202,111668221,+
chr2,112238884,112238904,+
chr2,112492598,112492613,+
chr2,112510414,112510433,+
chr2,112510565,112510579,+
chr2,112517149,112517177,+
chr2,114119555,114119588,+
chr2,114145064,114145099,+
chr2,114145108,114145139,+
chr2,114426760,114426774,+
chr2,114426834,114426850,+
chr2,114655080,114655094,+
chr2,115581376,115581390,+
chr2,117120495,117120514,+
chr2,117249487,117249521,+
chr2,117319327,117319346,+
chr2,117421510,117421530,+
chr2,117450730,117450765,+
chr2,118491221,118491240,+
chr2,118642709,118642736,+
chr2,118896675,118896697,+
chr2,119046604,119046626,+
chr2,119166597,119166638,+
chr2,119189186,119189202,+
chr2,119239362,119239406,+
chr2,119457531,119457589,+
chr2,119594120,119594134,+
chr2,119594169,119594199,+
chr2,119970692,119970711,+
chr2,119970738,119970757,+
chr2,120404001,120404023,+
chr2,120578380,120578394,+
chr2,121140310,121140324,+
chr2,121432104,121432126,+
chr2,121865915,121865938,+
chr2,121865981,121865997,+
chr2,122180398,122180412,+
chr2,122180454,122180491,+
chr2,122180772,122180788,+
chr2,122753778,122753800,+
chr2,123110369,123110393,+
chr2,123110540,123110562,+
chr2,123747278,123747297,+
chr2,123876243,123876258,+
chr2,124695649,124695663,+
chr2,124876947,124876969,+
chr2,125136024,125136046,+
chr2,125671116,125671142,+
chr2,125735852,125735867,+
chr2,125735878,125735900,+
chr2,125736032,125736047,+
chr2,126499727,126499755,+
chr2,126499800,126499817,+
chr2,126636502,126636521,+
chr2,126636754,126636776,+
chr2,126666032,126666067,+
chr2,126666070,126666092,+
chr2,127070533,127070555,+
chr2,127132279,127132301,+
chr2,127252397,127252413,+
chr2,127928128,127928144,+
chr2,128061081,128061117,+
chr2,128160941,128160957,+
chr2,128204101,128204134,+
chr2,128272798,128272818,+
chr2,128294661,128294683,+
chr2,128295398,128295420,+
chr2,128295643,128295665,+
chr2,128368710,128368729,+
chr2,128368809,128368831,+
chr2,128377980,128378002,+
chr2,128378676,128378701,+
chr2,128379414,128379431,+
chr2,128395795,128395815,+
chr2,128396299,128396321,+
chr2,128544639,128544665,+
chr2,128544815,128544842,+
chr2,129084907,129084965,+
chr2,129129605,129129623,+
chr2,129129679,129129698,+
chr2,129180345,129180367,+
chr2,129197825,129197839,+
chr2,130450039,130450055,+
chr2,131352434,131352456,+
chr2,131480806,131480839,+
chr2,132102650,132102666,+
chr2,132102947,132102971,+
chr2,132247381,132247403,+
chr2,132511532,132511560,+
chr2,132643111,132643137,+
chr2,132745624,132745640,+
chr2,134644295,134644311,+
chr2,135600810,135600841,+
chr2,135823993,135824007,+
chr2,135886187,135886229,+
chr2,135891183,135891200,+
chr2,136754209,136754223,+
chr2,140051536,140051562,+
chr2,143839535,143839554,+
chr2,144228864,144228883,+
chr2,144555715,144555743,+
chr2,145161380,145161424,+
chr2,145838756,145838775,+
chr2,147595029,147595048,+
chr2,148752453,148752472,+
chr2,150551144,150551170,+
chr2,150551849,150551864,+
chr2,152293685,152293707,+
chr2,152671778,152671797,+
chr2,152847742,152847781,+
chr2,152847787,152847802,+
chr2,153161118,153161146,+
chr2,153276632,153276662,+
chr2,153276945,153276984,+
chr2,153639268,153639310,+
chr2,154372921,154372953,+
chr2,154436073,154436096,+
chr2,154436102,154436117,+
chr2,154613848,154613864,+
chr2,154991702,154991716,+
chr2,155011425,155011447,+
chr2,155079667,155079686,+
chr2,155079728,155079744,+
chr2,155079870,155079898,+
chr2,155673866,155673882,+
chr2,155696305,155696319,+
chr2,155696523,155696559,+
chr2,156064986,156065014,+
chr2,156065117,156065145,+
chr2,156180032,156180051,+
chr2,156180184,156180200,+
chr2,156268006,156268030,+
chr2,156393168,156393211,+
chr2,156547445,156547469,+
chr2,157006626,157006648,+
chr2,157131345,157131367,+
chr2,157131475,157131494,+
chr2,157138488,157138504,+
chr2,157200973,157200995,+
chr2,157201017,157201033,+
chr2,157201075,157201090,+
chr2,157201437,157201466,+
chr2,157201488,157201510,+
chr2,157201523,157201561,+
chr2,157367455,157367472,+
chr2,157447134,157447158,+
chr2,158624649,158624677,+
chr2,158690318,158690337,+
chr2,161108960,161108974,+
chr2,163253624,163253640,+
chr2,163472883,163472899,+
chr2,163603100,163603120,+
chr2,163658160,163658188,+
chr2,163718309,163718354,+
chr2,164080039,164080069,+
chr2,164521791,164521832,+
chr2,164545078,164545134,+
chr2,164600420,164600463,+
chr2,164600499,164600513,+
chr2,164850345,164850364,+
chr2,165655189,165655216,+
chr2,165986900,165986922,+
chr2,166620819,166620835,+
chr2,166665580,166665619,+
chr2,166671684,166671703,+
chr2,166886348,166886363,+
chr2,166905895,166905917,+
chr2,167004763,167004829,+
chr2,167503071,167503085,+
chr2,167503196,167503211,+
chr2,167533708,167533734,+
chr2,167588434,167588489,+
chr2,167632418,167632433,+
chr2,167679886,167679905,+
chr2,167775602,167775622,+
chr2,167805034,167805056,+
chr2,167942680,167942702,+
chr2,168229705,168229725,+
chr2,168595701,168595719,+
chr2,168595753,168595775,+
chr2,168741126,168741154,+
chr2,168742577,168742611,+
chr2,168955732,168955746,+
chr2,168990649,168990664,+
chr2,169786210,169786242,+
chr2,169786266,169786280,+
chr2,169786288,169786332,+
chr2,170116872,170116894,+
chr2,170117216,170117238,+
chr2,170117256,170117270,+
chr2,170131605,170131653,+
chr2,170155041,170155063,+
chr2,170219222,170219248,+
chr2,170219485,170219523,+
chr2,170219815,170219838,+
chr2,170292083,170292132,+
chr2,170292201,170292220,+
chr2,170401706,170401722,+
chr2,170401816,170401847,+
chr2,172433648,172433664,+
chr2,172937590,172937614,+
chr2,172976770,172976798,+
chr2,172999922,172999944,+
chr2,173218955,173218974,+
chr2,173276791,173276813,+
chr2,173469575,173469638,+
chr2,173583472,173583532,+
chr2,174077277,174077325,+
chr2,174602717,174602732,+
chr2,174858476,174858503,+
chr2,180024564,180024580,+
chr2,180257306,180257322,+
chr2,180588958,180588980,+
chr2,180709881,180709903,+
chr2,181319507,181319527,+
chr2,181411168,181411187,+
chr2,181411219,181411243,+
chr2,3417623,3417645,-
chr2,3423837,3423856,-
chr2,3423910,3423929,-
chr2,3649571,3649594,-
chr2,3659582,3659615,-
chr2,3704170,3704199,-
chr2,3723727,3723750,-
chr2,3749745,3749767,-
chr2,3753750,3753775,-
chr2,4518866,4518886,-
chr2,4560344,4560366,-
chr2,4718639,4718678,-
chr2,4881378,4881409,-
chr2,4881752,4881766,-
chr2,4882654,4882669,-
chr2,4917666,4917685,-
chr2,5025730,5025772,-
chr2,5844761,5844780,-
chr2,6021979,6021998,-
chr2,6022062,6022085,-
chr2,6213208,6213222,-
chr2,6213265,6213281,-
chr2,6337757,6337793,-
chr2,6459629,6459649,-
chr2,6478541,6478557,-
chr2,6622248,6622267,-
chr2,6622464,6622480,-
chr2,7401681,7401701,-
chr2,7401796,7401840,-
chr2,8295747,8295781,-
chr2,9520188,9520210,-
chr2,9520228,9520242,-
chr2,9594076,9594098,-
chr2,9594361,9594377,-
chr2,9594717,9594737,-
chr2,9595550,9595590,-
chr2,9595744,9595778,-
chr2,9689534,9689558,-
chr2,9867174,9867224,-
chr2,9867298,9867320,-
chr2,9867695,9867717,-
chr2,10142806,10142828,-
chr2,10873125,10873147,-
chr2,11118827,11118846,-
chr2,11159993,11160022,-
chr2,11166843,11166859,-
chr2,11172890,11172932,-
chr2,11172936,11172973,-
chr2,11193525,11193547,-
chr2,11193551,11193567,-
chr2,11202662,11202705,-
chr2,11204396,11204416,-
chr2,11205751,11205787,-
chr2,11238354,11238380,-
chr2,11288802,11288818,-
chr2,11320136,11320170,-
chr2,11375156,11375222,-
chr2,11535306,11535336,-
chr2,11628453,11628472,-
chr2,11639100,11639114,-
chr2,11655026,11655054,-
chr2,11689465,11689498,-
chr2,11705893,11705923,-
chr2,13088101,13088127,-
chr2,13224704,13224723,-
chr2,13225047,13225079,-
chr2,13544883,13544916,-
chr2,13544978,13545016,-
chr2,13688209,13688227,-
chr2,13718929,13718952,-
chr2,13760425,13760439,-
chr2,14959648,14959667,-
chr2,14992765,14992787,-
chr2,16357247,16357269,-
chr2,16359482,16359526,-
chr2,16359563,16359591,-
chr2,16359616,16359650,-
chr2,16461371,16461390,-
chr2,17742171,17742190,-
chr2,17742207,17742231,-
chr2,17873394,17873413,-
chr2,18028408,18028424,-
chr2,18056152,18056174,-
chr2,18264563,18264582,-
chr2,18264592,18264607,-
chr2,18264667,18264699,-
chr2,18664212,18664240,-
chr2,18821874,18821904,-
chr2,18919746,18919774,-
chr2,18919864,18919886,-
chr2,18943953,18943977,-
chr2,18952094,18952108,-
chr2,19275921,19275937,-
chr2,19300909,19300939,-
chr2,19371984,19372000,-
chr2,19666210,19666244,-
chr2,20969429,20969459,-
chr2,21958490,21958514,-
chr2,22368149,22368177,-
chr2,22721812,22721831,-
chr2,22774729,22774743,-
chr2,22784026,22784058,-
chr2,22784228,22784244,-
chr2,22784264,22784278,-
chr2,22784385,22784421,-
chr2,22787375,22787389,-
chr2,22796869,22796901,-
chr2,22797041,22797057,-
chr2,22805394,22805489,-
chr2,23068850,23068870,-
chr2,23069287,23069312,-
chr2,24366679,24366705,-
chr2,24366788,24366810,-
chr2,24367412,24367428,-
chr2,24919818,24919837,-
chr2,24975830,24975849,-
chr2,24976262,24976276,-
chr2,25157418,25157440,-
chr2,25157848,25157863,-
chr2,25663618,25663637,-
chr2,27540033,27540055,-
chr2,27994786,27994800,-
chr2,27994882,27994898,-
chr2,28916391,28916425,-
chr2,28916468,28916507,-
chr2,29096029,29096043,-
chr2,29097416,29097478,-
chr2,29097615,29097637,-
chr2,29124755,29124770,-
chr2,29489606,29489620,-
chr2,29629207,29629229,-
chr2,29661991,29662020,-
chr2,29787817,29787831,-
chr2,29787833,29787864,-
chr2,29826903,29826953,-
chr2,29935690,29935726,-
chr2,30128904,30128918,-
chr2,30128922,30128938,-
chr2,30129143,30129165,-
chr2,30547393,30547409,-
chr2,30594793,30594807,-
chr2,30626016,30626031,-
chr2,30658167,30658187,-
chr2,30943056,30943074,-
chr2,30952775,30952791,-
chr2,30953438,30953460,-
chr2,31061701,31061717,-
chr2,31062794,31062816,-
chr2,31118894,31118925,-
chr2,31180597,31180630,-
chr2,31180758,31180772,-
chr2,31302804,31302820,-
chr2,31880833,31880852,-
chr2,32130707,32130750,-
chr2,32130764,32130784,-
chr2,32151694,32151728,-
chr2,32164604,32164620,-
chr2,32289886,32289914,-
chr2,32493747,32493769,-
chr2,32542266,32542288,-
chr2,32756998,32757025,-
chr2,32757845,32757880,-
chr2,32758014,32758037,-
chr2,32917862,32917881,-
chr2,32917897,32917913,-
chr2,32962023,32962045,-
chr2,32982289,32982328,-
chr2,32982513,32982549,-
chr2,32990254,32990274,-
chr2,33383634,33383661,-
chr2,33431671,33431703,-
chr2,33468981,33469034,-
chr2,33469046,33469068,-
chr2,33908641,33908655,-
chr2,33908813,33908835,-
chr2,33914012,33914036,-
chr2,33914064,33914088,-
chr2,33914201,33914267,-
chr2,34074222,34074248,-
chr2,34963319,34963333,-
chr2,35132094,35132113,-
chr2,35168841,35168858,-
chr2,35423903,35423922,-
chr2,35454133,35454152,-
chr2,35461678,35461695,-
chr2,35495951,35495970,-
chr2,35496155,35496183,-
chr2,36214318,36214343,-
chr2,38072381,38072403,-
chr2,38205595,38205611,-
chr2,38548065,38548081,-
chr2,38548403,38548425,-
chr2,39009144,39009161,-
chr2,39632301,39632323,-
chr2,39632334,39632353,-
chr2,39632358,39632372,-
chr2,39632423,39632439,-
chr2,40556070,40556085,-
chr2,40621496,40621783,-
chr2,41987648,41987663,-
chr2,43673902,43673921,-
chr2,43673962,43673999,-
chr2,43727432,43727454,-
chr2,43737842,43737864,-
chr2,43738723,43738738,-
chr2,43748752,43748767,-
chr2,43772622,43772637,-
chr2,43794789,43794806,-
chr2,43795075,43795091,-
chr2,43795105,43795119,-
chr2,44748013,44748032,-
chr2,48381785,48381814,-
chr2,48381953,48381972,-
chr2,48424904,48424950,-
chr2,48814484,48814531,-
chr2,48814565,48814587,-
chr2,48949662,48949677,-
chr2,48949983,48950017,-
chr2,49177081,49177127,-
chr2,49734692,49734714,-
chr2,50296939,50296965,-
chr2,51436146,51436183,-
chr2,52085961,52085977,-
chr2,52086005,52086021,-
chr2,52086026,52086040,-
chr2,52086189,52086205,-
chr2,52304668,52304684,-
chr2,52304727,52304749,-
chr2,52304866,52304883,-
chr2,52319486,52319513,-
chr2,52378755,52378777,-
chr2,52425233,52425255,-
chr2,52570213,52570227,-
chr2,52763216,52763235,-
chr2,54779822,54779841,-
chr2,57117956,57117970,-
chr2,57182191,57182207,-
chr2,57182338,57182359,-
chr2,58153768,58153790,-
chr2,58157258,58157309,-
chr2,58157413,58157459,-
chr2,58179159,58179183,-
chr2,58189136,58189162,-
chr2,58323567,58323586,-
chr2,58323650,58323664,-
chr2,59469711,59469733,-
chr2,59469780,59469799,-
chr2,60210669,60210691,-
chr2,60256523,60256537,-
chr2,60256563,60256577,-
chr2,60726515,60726529,-
chr2,60867545,60867569,-
chr2,60880717,60880756,-
chr2,60904152,60904179,-
chr2,60924046,60924075,-
chr2,61271466,61271512,-
chr2,61402583,61402605,-
chr2,61494264,61494297,-
chr2,61503889,61503933,-
chr2,62332162,62332178,-
chr2,62352126,62352140,-
chr2,62391164,62391231,-
chr2,62395054,62395085,-
chr2,62395253,62395272,-
chr2,62395291,62395337,-
chr2,62410805,62410819,-
chr2,62540328,62540398,-
chr2,62540405,62540419,-
chr2,62646217,62646231,-
chr2,65181131,65181145,-
chr2,65182801,65182815,-
chr2,65792777,65792799,-
chr2,68289566,68289580,-
chr2,68655891,68655906,-
chr2,68656000,68656019,-
chr2,68656068,68656102,-
chr2,69635226,69635285,-
chr2,69779039,69779053,-
chr2,69861661,69861676,-
chr2,69994808,69994829,-
chr2,69994926,69994954,-
chr2,69994986,69995013,-
chr2,70105998,70106028,-
chr2,70175916,70175932,-
chr2,70790449,70790463,-
chr2,70835190,70835209,-
chr2,70835474,70835501,-
chr2,70835702,70835754,-
chr2,70845094,70845116,-
chr2,71032869,71032909,-
chr2,71033018,71033063,-
chr2,71091169,71091188,-
chr2,71453614,71453630,-
chr2,71715951,71715978,-
chr2,71736094,71736128,-
chr2,71736162,71736178,-
chr2,71736306,71736320,-
chr2,71873094,71873109,-
chr2,71941302,71941328,-
chr2,71941880,71941898,-
chr2,72117483,72117563,-
chr2,72137217,72137236,-
chr2,72183831,72183849,-
chr2,72183993,72184016,-
chr2,72315330,72315344,-
chr2,72315388,72315407,-
chr2,72725159,72725204,-
chr2,72874830,72874852,-
chr2,72874877,72874901,-
chr2,72979517,72979541,-
chr2,72980379,72980401,-
chr2,72997293,72997326,-
chr2,73003167,73003181,-
chr2,73278580,73278596,-
chr2,73404437,73404502,-
chr2,73449080,73449099,-
chr2,73459778,73459811,-
chr2,73459817,73459831,-
chr2,73464231,73464268,-
chr2,73486259,73486273,-
chr2,73567305,73567345,-
chr2,73775860,73775874,-
chr2,73776050,73776086,-
chr2,73776103,73776117,-
chr2,73893083,73893105,-
chr2,73911485,73911500,-
chr2,73911512,73911534,-
chr2,75072665,75072687,-
chr2,75072961,75073000,-
chr2,75073290,75073304,-
chr2,75151070,75151084,-
chr2,75639242,75639271,-
chr2,75639284,75639306,-
chr2,75639364,75639398,-
chr2,75639406,75639457,-
chr2,75786336,75786350,-
chr2,75892150,75892166,-
chr2,75892241,75892256,-
chr2,75892497,75892529,-
chr2,75907280,75907295,-
chr2,76128463,76128478,-
chr2,76133223,76133238,-
chr2,76238787,76238809,-
chr2,76254899,76254922,-
chr2,78835259,78835273,-
chr2,78835333,78835355,-
chr2,78835386,78835405,-
chr2,78869668,78869711,-
chr2,78959611,78959625,-
chr2,78961559,78961581,-
chr2,78978144,78978158,-
chr2,78995703,78995722,-
chr2,79005081,79005097,-
chr2,79005211,79005226,-
chr2,79050764,79050786,-
chr2,79172907,79172933,-
chr2,79227865,79227887,-
chr2,79227957,79227973,-
chr2,80617311,80617353,-
chr2,80684920,80684935,-
chr2,83625521,83625535,-
chr2,83700726,83700751,-
chr2,83724201,83724223,-
chr2,84481917,84481931,-
chr2,84482166,84482181,-
chr2,84660446,84660465,-
chr2,84715528,84715547,-
chr2,84715800,84715815,-
chr2,84779330,84779352,-
chr2,84793799,84793819,-
chr2,84888869,84888883,-
chr2,85047894,85047919,-
chr2,86783876,86783895,-
chr2,89017125,89017140,-
chr2,90097490,90097506,-
chr2,90097523,90097538,-
chr2,90474854,90474884,-
chr2,90487653,90487681,-
chr2,90667964,90667988,-
chr2,90756370,90756413,-
chr2,90756529,90756560,-
chr2,91183106,91183127,-
chr2,91184101,91184117,-
chr2,91242946,91243008,-
chr2,91444815,91444842,-
chr2,91710527,91710551,-
chr2,91730027,91730047,-
chr2,91835192,91835214,-
chr2,91876507,91876529,-
chr2,91954083,91954097,-
chr2,92185018,92185041,-
chr2,92185163,92185191,-
chr2,92442955,92443067,-
chr2,93187146,93187168,-
chr2,93453172,93453191,-
chr2,93453338,93453392,-
chr2,93471563,93471585,-
chr2,99366865,99366884,-
chr2,101616239,101616261,-
chr2,101755603,101755617,-
chr2,101756202,101756218,-
chr2,102733229,102733251,-
chr2,102775988,102776005,-
chr2,102776035,102776051,-
chr2,102867682,102867712,-
chr2,102873816,102873830,-
chr2,102874047,102874090,-
chr2,102874214,102874240,-
chr2,102886767,102886783,-
chr2,102895951,102896040,-
chr2,102948216,102948238,-
chr2,102948439,102948458,-
chr2,102948506,102948522,-
chr2,102956894,102956910,-
chr2,102999289,102999323,-
chr2,103004902,103004921,-
chr2,103485398,103485412,-
chr2,103485433,103485455,-
chr2,103485517,103485531,-
chr2,103566010,103566032,-
chr2,103576884,103576900,-
chr2,103583589,103583611,-
chr2,103652307,103652331,-
chr2,103761561,103761575,-
chr2,104590582,104590625,-
chr2,108578064,108578096,-
chr2,109278444,109278490,-
chr2,111668086,111668108,-
chr2,112513147,112513166,-
chr2,112513187,112513203,-
chr2,112517296,112517319,-
chr2,112517487,112517511,-
chr2,113829680,113829706,-
chr2,113848877,113848893,-
chr2,113849091,113849142,-
chr2,114426898,114426922,-
chr2,116066685,116066707,-
chr2,116361072,116361096,-
chr2,117249335,117249361,-
chr2,117249602,117249618,-
chr2,117304459,117304483,-
chr2,117312614,117312640,-
chr2,117319425,117319459,-
chr2,117390380,117390396,-
chr2,117399813,117399853,-
chr2,117417561,117417583,-
chr2,117421695,117421737,-
chr2,117447205,117447224,-
chr2,117450513,117450528,-
chr2,117450574,117450590,-
chr2,118598313,118598327,-
chr2,118642742,118642771,-
chr2,119437265,119437279,-
chr2,119478375,119478399,-
chr2,119547453,119547472,-
chr2,119559090,119559110,-
chr2,120003948,120003967,-
chr2,120353257,120353287,-
chr2,120563907,120563921,-
chr2,120564018,120564058,-
chr2,120971164,120971192,-
chr2,120971433,120971474,-
chr2,121013921,121013936,-
chr2,121865964,121865981,-
chr2,122126881,122126895,-
chr2,122127111,122127145,-
chr2,122234463,122234498,-
chr2,122377647,122377697,-
chr2,122377791,122377813,-
chr2,122429349,122429368,-
chr2,122468300,122468314,-
chr2,122469376,122469398,-
chr2,122630224,122630243,-
chr2,122630383,122630416,-
chr2,122754072,122754094,-
chr2,125670887,125670916,-
chr2,125736085,125736104,-
chr2,125791300,125791344,-
chr2,125791365,125791379,-
chr2,126665887,126665940,-
chr2,126676129,126676169,-
chr2,126676198,126676224,-
chr2,126876458,126876480,-
chr2,126920547,126920566,-
chr2,126920644,126920658,-
chr2,126920694,126920710,-
chr2,126920773,126920808,-
chr2,127006814,127006853,-
chr2,127134419,127134438,-
chr2,127319278,127319300,-
chr2,127389891,127389943,-
chr2,127591195,127591209,-
chr2,127916822,127916841,-
chr2,127916897,127916929,-
chr2,127917031,127917061,-
chr2,128158914,128158933,-
chr2,128295472,128295495,-
chr2,128295605,128295630,-
chr2,128377953,128377980,-
chr2,128378271,128378310,-
chr2,128379517,128379575,-
chr2,128392311,128392334,-
chr2,128395824,128395840,-
chr2,128395906,128395921,-
chr2,128817539,128817559,-
chr2,128966956,128966978,-
chr2,129084967,129085003,-
chr2,129085023,129085037,-
chr2,129180242,129180256,-
chr2,129180468,129180493,-
chr2,130179448,130179498,-
chr2,130179506,130179555,-
chr2,131180384,131180400,-
chr2,131190135,131190157,-
chr2,131210509,131210533,-
chr2,131321480,131321502,-
chr2,131321585,131321599,-
chr2,131509902,131509918,-
chr2,131954350,131954374,-
chr2,132511272,132511291,-
chr2,132511297,132511409,-
chr2,132512360,132512382,-
chr2,132512513,132512527,-
chr2,132620996,132621024,-
chr2,132670524,132670558,-
chr2,132745701,132745717,-
chr2,133961099,133961118,-
chr2,135862858,135862880,-
chr2,135863173,135863195,-
chr2,135863257,135863291,-
chr2,135891503,135891525,-
chr2,135891543,135891578,-
chr2,135891581,135891612,-
chr2,136890699,136890744,-
chr2,136891888,136891903,-
chr2,136891994,136892016,-
chr2,138265866,138265888,-
chr2,140043042,140043115,-
chr2,140043246,140043285,-
chr2,140067011,140067033,-
chr2,143063109,143063131,-
chr2,143837301,143837325,-
chr2,144459123,144459137,-
chr2,144555517,144555544,-
chr2,145197582,145197609,-
chr2,145831985,145832014,-
chr2,145832015,145832053,-
chr2,145832058,145832091,-
chr2,145832308,145832327,-
chr2,145838928,145838950,-
chr2,146855537,146855557,-
chr2,147467221,147467240,-
chr2,147467245,147467259,-
chr2,147467369,147467388,-
chr2,147860505,147860541,-
chr2,150307169,150307195,-
chr2,150311475,150311494,-
chr2,150552117,150552136,-
chr2,150678764,150678778,-
chr2,150909903,150909925,-
chr2,150910042,150910069,-
chr2,152775657,152775690,-
chr2,152825847,152825861,-
chr2,152848516,152848535,-
chr2,152848554,152848568,-
chr2,153214968,153214982,-
chr2,153215070,153215092,-
chr2,153263486,153263500,-
chr2,153345773,153345793,-
chr2,154459828,154459843,-
chr2,154657908,154657924,-
chr2,154870557,154870573,-
chr2,154870689,154870715,-
chr2,154991725,154991739,-
chr2,155673648,155673682,-
chr2,155729570,155729601,-
chr2,155826832,155826858,-
chr2,156278896,156278915,-
chr2,156313120,156313139,-
chr2,156862039,156862075,-
chr2,156862128,156862148,-
chr2,156862662,156862681,-
chr2,157138284,157138306,-
chr2,157142920,157142935,-
chr2,157143032,157143047,-
chr2,157147822,157147844,-
chr2,157148154,157148180,-
chr2,157447529,157447551,-
chr2,157447620,157447644,-
chr2,158167125,158167147,-
chr2,158361644,158361659,-
chr2,158361711,158361725,-
chr2,158380010,158380032,-
chr2,158688034,158688060,-
chr2,158690462,158690482,-
chr2,158719330,158719352,-
chr2,158719401,158719423,-
chr2,158735574,158735596,-
chr2,158852637,158852659,-
chr2,158852813,158852841,-
chr2,160757014,160757033,-
chr2,161959794,161959810,-
chr2,161959928,161959943,-
chr2,163120708,163120722,-
chr2,163718369,163718383,-
chr2,163932456,163932482,-
chr2,164047233,164047252,-
chr2,164077925,164077939,-
chr2,164084484,164084504,-
chr2,164545026,164545042,-
chr2,164679167,164679181,-
chr2,164822731,164822761,-
chr2,164933533,164933549,-
chr2,165326754,165326773,-
chr2,165955165,165955181,-
chr2,165982720,165982769,-
chr2,166031797,166031811,-
chr2,166035575,166035594,-
chr2,166035684,166035719,-
chr2,166035857,166035888,-
chr2,166046344,166046378,-
chr2,166553548,166553570,-
chr2,166701722,166701773,-
chr2,166775693,166775744,-
chr2,166886328,166886352,-
chr2,166905753,166905773,-
chr2,167004827,167004843,-
chr2,167015166,167015180,-
chr2,167058426,167058451,-
chr2,167063322,167063336,-
chr2,167102073,167102093,-
chr2,167493164,167493204,-
chr2,167588515,167588531,-
chr2,167588633,167588649,-
chr2,167698109,167698141,-
chr2,167742941,167742974,-
chr2,168229607,168229622,-
chr2,168574955,168574969,-
chr2,168990573,168990645,-
chr2,169612186,169612205,-
chr2,169791304,169791338,-
chr2,169791434,169791462,-
chr2,169791469,169791489,-
chr2,169791509,169791529,-
chr2,170160380,170160421,-
chr2,170169023,170169043,-
chr2,170184824,170184840,-
chr2,170185074,170185154,-
chr2,170219516,170219538,-
chr2,170279548,170279570,-
chr2,170279579,170279601,-
chr2,170279674,170279690,-
chr2,170401662,170401706,-
chr2,172401332,172401367,-
chr2,172440637,172440659,-
chr2,172977046,172977072,-
chr2,172999659,172999708,-
chr2,173018278,173018328,-
chr2,173077046,173077062,-
chr2,173349795,173349817,-
chr2,173385627,173385643,-
chr2,173410028,173410061,-
chr2,173436478,173436505,-
chr2,173679443,173679486,-
chr2,173769420,173769450,-
chr2,174077534,174077568,-
chr2,174584677,174584717,-
chr2,174612968,174612994,-
chr2,174614161,174614175,-
chr2,174614232,174614256,-
chr2,174858320,174858346,-
chr2,174858448,174858464,-
chr2,177946241,177946257,-
chr2,177946402,177946424,-
chr2,178699960,178699998,-
chr2,179977244,179977262,-
chr2,180456829,180456851,-
chr2,181377535,181377555,-
chr2,181377596,181377630,-
chr2,181601428,181601442,-
chr2,181680279,181680295,-
chr2,181706674,181706707,-
chr2,181706715,181706729,-
chr2,181706919,181706983,-
chr3,6494560,6494587,+
chr3,7034103,7034172,+
chr3,7034277,7034367,+
chr3,8665332,8665363,+
chr3,8766650,8766666,+
chr3,9154398,9154417,+
chr3,9249622,9249650,+
chr3,9677325,9677347,+
chr3,9755205,9755231,+
chr3,9885069,9885098,+
chr3,9984037,9984064,+
chr3,10130148,10130233,+
chr3,12518912,12518927,+
chr3,14533701,14533717,+
chr3,14806553,14806567,+
chr3,14806727,14806762,+
chr3,14886048,14886070,+
chr3,15126875,15126889,+
chr3,16210615,16210661,+
chr3,16210676,16210691,+
chr3,17842259,17842274,+
chr3,19018321,19018336,+
chr3,19018571,19018626,+
chr3,19165447,19165463,+
chr3,19187989,19188004,+
chr3,19258602,19258624,+
chr3,19258745,19258779,+
chr3,19258957,19258974,+
chr3,19319117,19319153,+
chr3,19818824,19818840,+
chr3,19818845,19818878,+
chr3,20034926,20034943,+
chr3,20142772,20142791,+
chr3,20198959,20198973,+
chr3,20198974,20199067,+
chr3,21022906,21022932,+
chr3,21953747,21953804,+
chr3,21961726,21961791,+
chr3,21963046,21963065,+
chr3,21963270,21963284,+
chr3,22044524,22044546,+
chr3,22044799,22044813,+
chr3,22152848,22152896,+
chr3,26785507,26785532,+
chr3,26785630,26785665,+
chr3,26785697,26785724,+
chr3,27270362,27270378,+
chr3,27330906,27330920,+
chr3,27921037,27921063,+
chr3,28468354,28468369,+
chr3,28780611,28780647,+
chr3,28850185,28850207,+
chr3,29984317,29984349,+
chr3,30600340,30600356,+
chr3,30601425,30601447,+
chr3,31056947,31056984,+
chr3,31093671,31093697,+
chr3,31093969,31094023,+
chr3,31096969,31096997,+
chr3,31097149,31097179,+
chr3,32397179,32397198,+
chr3,32420206,32420222,+
chr3,32529102,32529121,+
chr3,33799434,33799504,+
chr3,33956623,33956639,+
chr3,35305948,35305978,+
chr3,35318300,35318334,+
chr3,35318533,35318567,+
chr3,35747186,35747209,+
chr3,35754830,35754852,+
chr3,36060518,36060546,+
chr3,36060644,36060675,+
chr3,36572013,36572029,+
chr3,37205318,37205334,+
chr3,37292563,37292577,+
chr3,37292766,37292788,+
chr3,37634894,37634914,+
chr3,38280450,38280465,+
chr3,38282949,38282990,+
chr3,38484203,38484217,+
chr3,38497333,38497349,+
chr3,38764988,38765009,+
chr3,38767590,38767609,+
chr3,41408725,41408741,+
chr3,41566242,41566264,+
chr3,43800694,43800710,+
chr3,49163368,49163384,+
chr3,51289205,51289240,+
chr3,51340561,51340580,+
chr3,51559662,51559676,+
chr3,51701044,51701063,+
chr3,52000058,52000074,+
chr3,52104774,52104790,+
chr3,52253974,52254023,+
chr3,52262777,52262803,+
chr3,52459063,52459077,+
chr3,52499202,52499217,+
chr3,52680230,52680259,+
chr3,52680324,52680381,+
chr3,52784853,52784872,+
chr3,52802007,52802021,+
chr3,52802104,52802126,+
chr3,52840518,52840532,+
chr3,52840685,52840714,+
chr3,52844325,52844351,+
chr3,52907289,52907305,+
chr3,53017413,53017430,+
chr3,53017431,53017488,+
chr3,53017528,53017558,+
chr3,53462460,53462488,+
chr3,53462536,53462559,+
chr3,53463398,53463417,+
chr3,53464064,53464107,+
chr3,54232377,54232391,+
chr3,55374125,55374139,+
chr3,57663952,57663981,+
chr3,57843864,57843900,+
chr3,58488037,58488064,+
chr3,58488260,58488274,+
chr3,58517217,58517259,+
chr3,59229665,59229679,+
chr3,59744649,59744663,+
chr3,60481781,60481815,+
chr3,60482008,60482024,+
chr3,60502042,60502062,+
chr3,60515924,60515951,+
chr3,60516522,60516570,+
chr3,60519436,60519460,+
chr3,60527510,60527537,+
chr3,60576315,60576335,+
chr3,61123315,61123330,+
chr3,63929511,63929530,+
chr3,63975833,63975877,+
chr3,65929739,65929775,+
chr3,65930322,65930426,+
chr3,65958165,65958184,+
chr3,65975156,65975170,+
chr3,66985558,66985592,+
chr3,68183386,68183417,+
chr3,68183510,68183526,+
chr3,68183644,68183666,+
chr3,68760488,68760524,+
chr3,68793195,68793222,+
chr3,68883468,68883487,+
chr3,68883586,68883602,+
chr3,68980906,68980934,+
chr3,68980949,68980965,+
chr3,69156177,69156203,+
chr3,75690252,75690268,+
chr3,75714037,75714051,+
chr3,78919864,78919886,+
chr3,79153400,79153422,+
chr3,79177222,79177236,+
chr3,79178286,79178302,+
chr3,79226008,79226030,+
chr3,79226166,79226182,+
chr3,79227311,79227325,+
chr3,79237861,79237889,+
chr3,79239375,79239409,+
chr3,79252776,79252812,+
chr3,79253082,79253103,+
chr3,79274912,79274928,+
chr3,79591252,79591274,+
chr3,80524556,80524571,+
chr3,80524587,80524603,+
chr3,81615623,81615644,+
chr3,81650678,81650700,+
chr3,81650904,81650923,+
chr3,81925906,81925930,+
chr3,81932533,81932553,+
chr3,83053740,83053754,+
chr3,84066157,84066173,+
chr3,84066325,84066347,+
chr3,84154340,84154357,+
chr3,84154362,84154411,+
chr3,84154522,84154546,+
chr3,84154767,84154793,+
chr3,84228579,84228667,+
chr3,84581759,84581787,+
chr3,84681903,84681919,+
chr3,84686862,84686878,+
chr3,84715060,84715084,+
chr3,84771988,84772030,+
chr3,84813621,84813659,+
chr3,85195041,85195060,+
chr3,85195099,85195118,+
chr3,86196831,86196853,+
chr3,86845421,86845464,+
chr3,86845496,86845510,+
chr3,86871246,86871267,+
chr3,86920998,86921018,+
chr3,86998908,86998927,+
chr3,86999463,86999513,+
chr3,86999558,86999577,+
chr3,87515451,87515477,+
chr3,87515739,87515761,+
chr3,87538174,87538197,+
chr3,87743086,87743102,+
chr3,87906384,87906406,+
chr3,88087774,88087801,+
chr3,88296487,88296514,+
chr3,88410471,88410485,+
chr3,88453918,88453940,+
chr3,88554427,88554446,+
chr3,88579559,88579574,+
chr3,88640718,88640732,+
chr3,88685349,88685386,+
chr3,88939944,88939966,+
chr3,88940037,88940052,+
chr3,88940080,88940094,+
chr3,88940219,88940236,+
chr3,89101981,89101997,+
chr3,89396526,89396545,+
chr3,89864255,89864284,+
chr3,89869934,89869973,+
chr3,89887774,89887790,+
chr3,89904987,89905022,+
chr3,89905032,89905046,+
chr3,89905054,89905073,+
chr3,89905134,89905148,+
chr3,90052187,90052209,+
chr3,90508952,90508974,+
chr3,90587598,90587630,+
chr3,91637603,91637617,+
chr3,91637679,91637694,+
chr3,93506723,93506745,+
chr3,93547670,93547700,+
chr3,93547713,93547749,+
chr3,93548626,93548641,+
chr3,94355438,94355457,+
chr3,94954115,94954143,+
chr3,95028720,95028736,+
chr3,95028867,95028889,+
chr3,95028942,95028958,+
chr3,95028972,95028992,+
chr3,95043301,95043337,+
chr3,95101142,95101156,+
chr3,95106738,95106757,+
chr3,95110829,95110849,+
chr3,95111635,95111649,+
chr3,95185289,95185311,+
chr3,95512162,95512188,+
chr3,95523811,95523837,+
chr3,95541533,95541580,+
chr3,95541585,95541599,+
chr3,95668967,95668989,+
chr3,95669061,95669123,+
chr3,95722698,95722726,+
chr3,95758418,95758437,+
chr3,95928947,95928996,+
chr3,95930733,95930762,+
chr3,95972275,95972316,+
chr3,95972534,95972605,+
chr3,96032391,96032456,+
chr3,96414965,96414982,+
chr3,96557605,96557640,+
chr3,96563410,96563450,+
chr3,96563455,96563486,+
chr3,96567308,96567324,+
chr3,96576290,96576318,+
chr3,96629697,96629733,+
chr3,97332417,97332433,+
chr3,97332593,97332632,+
chr3,97628571,97628585,+
chr3,97628592,97628608,+
chr3,97628681,97628695,+
chr3,98281247,98281261,+
chr3,98348237,98348256,+
chr3,98348778,98348792,+
chr3,100384981,100385000,+
chr3,100482591,100482605,+
chr3,100558329,100558351,+
chr3,100558575,100558615,+
chr3,100558675,100558703,+
chr3,100561805,100561819,+
chr3,100562058,100562090,+
chr3,100568679,100568701,+
chr3,100568837,100568853,+
chr3,100688021,100688035,+
chr3,100688140,100688164,+
chr3,101059382,101059402,+
chr3,101236447,101236464,+
chr3,101295480,101295524,+
chr3,101462324,101462396,+
chr3,101603809,101603823,+
chr3,102000399,102000444,+
chr3,102715245,102715261,+
chr3,102738651,102738682,+
chr3,102756011,102756051,+
chr3,103171552,103171574,+
chr3,103206556,103206600,+
chr3,103384868,103384888,+
chr3,103405622,103405641,+
chr3,103405740,103405756,+
chr3,103780919,103780947,+
chr3,103789779,103789839,+
chr3,103789858,103789872,+
chr3,103857436,103857483,+
chr3,103860437,103860463,+
chr3,103863131,103863180,+
chr3,103868224,103868238,+
chr3,103868435,103868466,+
chr3,103868519,103868535,+
chr3,103887708,103887734,+
chr3,104512122,104512148,+
chr3,104856463,104856482,+
chr3,105341347,105341379,+
chr3,105763803,105763850,+
chr3,105800055,105800074,+
chr3,105800198,105800221,+
chr3,105815816,105815832,+
chr3,105959382,105959398,+
chr3,105992136,105992150,+
chr3,105992161,105992177,+
chr3,106000998,106001012,+
chr3,106449109,106449128,+
chr3,106449460,106449480,+
chr3,106522904,106522927,+
chr3,106522971,106522997,+
chr3,106523001,106523024,+
chr3,106722446,106722468,+
chr3,106774596,106774610,+
chr3,106788569,106788588,+
chr3,106788827,106788846,+
chr3,106832591,106832615,+
chr3,106966116,106966141,+
chr3,106966211,106966239,+
chr3,106974471,106974497,+
chr3,107048057,107048071,+
chr3,107061569,107061583,+
chr3,107061729,107061745,+
chr3,107090022,107090041,+
chr3,107206263,107206282,+
chr3,107206387,107206412,+
chr3,107760339,107760359,+
chr3,107796482,107796501,+
chr3,107918267,107918312,+
chr3,108140786,108140801,+
chr3,108140845,108140867,+
chr3,108147936,108147955,+
chr3,108389673,108389695,+
chr3,108554107,108554157,+
chr3,108562737,108562756,+
chr3,108563168,108563191,+
chr3,108840750,108840766,+
chr3,109011173,109011192,+
chr3,109027820,109027839,+
chr3,109454764,109454786,+
chr3,110707064,110707113,+
chr3,111488724,111488738,+
chr3,111488757,111488772,+
chr3,111488773,111488788,+
chr3,111488789,111488816,+
chr3,111488855,111488900,+
chr3,113611306,113611340,+
chr3,113611427,113611442,+
chr3,113630302,113630324,+
chr3,113984608,113984627,+
chr3,115673365,115673380,+
chr3,115673487,115673502,+
chr3,115675947,115675967,+
chr3,115676139,115676153,+
chr3,115690189,115690205,+
chr3,115704549,115704568,+
chr3,115704678,115704694,+
chr3,115715056,115715083,+
chr3,115758718,115758732,+
chr3,115800547,115800563,+
chr3,115800619,115800635,+
chr3,115800648,115800670,+
chr3,115800880,115800894,+
chr3,115801533,115801580,+
chr3,115801628,115801657,+
chr3,115801868,115801888,+
chr3,115805952,115805971,+
chr3,115933504,115933523,+
chr3,115940399,115940421,+
chr3,115940652,115940666,+
chr3,116327287,116327303,+
chr3,116436467,116436498,+
chr3,116713000,116713028,+
chr3,116766902,116766916,+
chr3,116767054,116767112,+
chr3,116767187,116767209,+
chr3,116767326,116767398,+
chr3,119765971,119765985,+
chr3,119766225,119766245,+
chr3,119782405,119782419,+
chr3,121171186,121171203,+
chr3,121171209,121171250,+
chr3,122202289,122202311,+
chr3,122245223,122245255,+
chr3,123174371,123174396,+
chr3,123176327,123176341,+
chr3,123176435,123176457,+
chr3,123176633,123176647,+
chr3,123196006,123196021,+
chr3,123386429,123386461,+
chr3,123386548,123386594,+
chr3,123386626,123386646,+
chr3,123386680,123386734,+
chr3,123386749,123386765,+
chr3,123444791,123444805,+
chr3,123489044,123489078,+
chr3,126588733,126588757,+
chr3,126589733,126589753,+
chr3,126834957,126834976,+
chr3,127561198,127561220,+
chr3,127763515,127763546,+
chr3,127824463,127824488,+
chr3,128271881,128271896,+
chr3,128271907,128271924,+
chr3,129459583,129459605,+
chr3,129602418,129602434,+
chr3,129686980,129687031,+
chr3,129987026,129987100,+
chr3,129987145,129987173,+
chr3,129987185,129987199,+
chr3,130691413,130691441,+
chr3,130730284,130730303,+
chr3,130749181,130749195,+
chr3,130764488,130764503,+
chr3,130796617,130796636,+
chr3,130818996,130819011,+
chr3,130901757,130901777,+
chr3,130903008,130903039,+
chr3,131014128,131014156,+
chr3,131014321,131014344,+
chr3,131014502,131014544,+
chr3,131110974,131111015,+
chr3,131139560,131139579,+
chr3,131139679,131139693,+
chr3,131154190,131154219,+
chr3,131160241,131160298,+
chr3,131199948,131199962,+
chr3,131552680,131552707,+
chr3,133065612,133065637,+
chr3,133065764,133065785,+
chr3,133310732,133310754,+
chr3,133332402,133332418,+
chr3,133614472,133614502,+
chr3,135212224,135212246,+
chr3,135212292,135212306,+
chr3,135594709,135594731,+
chr3,135665734,135665775,+
chr3,135731225,135731274,+
chr3,135887340,135887391,+
chr3,136044161,136044175,+
chr3,136670571,136670591,+
chr3,136956188,136956207,+
chr3,137969243,137969257,+
chr3,137981708,137981727,+
chr3,138474549,138474575,+
chr3,138474702,138474749,+
chr3,138474815,138474831,+
chr3,138526788,138526816,+
chr3,138527088,138527103,+
chr3,139944087,139944107,+
chr3,142356698,142356712,+
chr3,142493903,142493919,+
chr3,142533636,142533685,+
chr3,142619913,142619975,+
chr3,142620081,142620117,+
chr3,142620379,142620405,+
chr3,143257021,143257043,+
chr3,143884112,143884139,+
chr3,143884146,143884183,+
chr3,143884232,143884248,+
chr3,143884400,143884442,+
chr3,143884446,143884460,+
chr3,144050309,144050332,+
chr3,144090034,144090069,+
chr3,145118006,145118075,+
chr3,145118444,145118466,+
chr3,145923948,145923968,+
chr3,145937857,145937880,+
chr3,146152587,146152615,+
chr3,146152646,146152668,+
chr3,146946293,146946314,+
chr3,148491365,148491392,+
chr3,148491706,148491726,+
chr3,148510620,148510648,+
chr3,148510742,148510764,+
chr3,148851254,148851273,+
chr3,148867691,148867710,+
chr3,148867752,148867771,+
chr3,149326591,149326664,+
chr3,152193695,152193714,+
chr3,152340789,152340828,+
chr3,152340834,152340856,+
chr3,152713862,152713884,+
chr3,152713954,152714020,+
chr3,152714032,152714051,+
chr3,152943111,152943125,+
chr3,152950255,152950277,+
chr3,152950338,152950357,+
chr3,153723871,153723887,+
chr3,153764776,153764826,+
chr3,153764921,153764954,+
chr3,153959527,153959571,+
chr3,156878191,156878205,+
chr3,156878329,156878351,+
chr3,157533964,157533981,+
chr3,158031291,158031313,+
chr3,159495138,159495165,+
chr3,8665498,8665512,-
chr3,8667963,8668003,-
chr3,9066641,9066663,-
chr3,9520798,9520813,-
chr3,9853515,9853534,-
chr3,9885216,9885232,-
chr3,9984284,9984298,-
chr3,10703677,10703716,-
chr3,10703942,10703961,-
chr3,10841802,10841821,-
chr3,15126972,15126987,-
chr3,16183945,16183966,-
chr3,16183975,16184000,-
chr3,16184017,16184039,-
chr3,16184503,16184518,-
chr3,18799774,18799793,-
chr3,19216533,19216557,-
chr3,19430086,19430100,-
chr3,19430414,19430430,-
chr3,19628876,19628895,-
chr3,19629074,19629120,-
chr3,19662147,19662162,-
chr3,19894551,19894565,-
chr3,20104683,20104743,-
chr3,20104764,20104783,-
chr3,20104796,20104810,-
chr3,20104828,20104857,-
chr3,20222857,20222881,-
chr3,21961623,21961649,-
chr3,21961653,21961707,-
chr3,21961972,21962008,-
chr3,21962644,21962679,-
chr3,22151277,22151292,-
chr3,25451228,25451242,-
chr3,27154083,27154105,-
chr3,27182682,27182715,-
chr3,27285128,27285154,-
chr3,27920758,27920792,-
chr3,28468307,28468338,-
chr3,30600644,30600666,-
chr3,30602072,30602091,-
chr3,31056714,31056740,-
chr3,31057315,31057329,-
chr3,31061519,31061538,-
chr3,31061554,31061578,-
chr3,32398376,32398450,-
chr3,32420415,32420441,-
chr3,32420449,32420465,-
chr3,32709413,32709432,-
chr3,33956953,33956975,-
chr3,35306258,35306280,-
chr3,35306344,35306367,-
chr3,35318379,35318416,-
chr3,35721327,35721385,-
chr3,35764813,35764835,-
chr3,35764945,35764986,-
chr3,35765024,35765040,-
chr3,36572412,36572431,-
chr3,36572441,36572469,-
chr3,36841320,36841339,-
chr3,37273163,37273190,-
chr3,37292703,37292725,-
chr3,37292792,37292824,-
chr3,37420028,37420053,-
chr3,37483735,37483759,-
chr3,37484138,37484166,-
chr3,37634734,37634765,-
chr3,37639622,37639644,-
chr3,37640111,37640136,-
chr3,37654776,37654792,-
chr3,37724559,37724573,-
chr3,37738353,37738375,-
chr3,37753431,37753456,-
chr3,38280472,38280486,-
chr3,38283013,38283038,-
chr3,40653308,40653351,-
chr3,41042613,41042627,-
chr3,41082960,41082974,-
chr3,41409226,41409246,-
chr3,41565346,41565362,-
chr3,41742701,41742735,-
chr3,43800776,43800850,-
chr3,44382212,44382231,-
chr3,45356291,45356305,-
chr3,45356416,45356459,-
chr3,46530547,46530570,-
chr3,50887091,50887107,-
chr3,50887177,50887191,-
chr3,50906023,50906045,-
chr3,50906050,50906072,-
chr3,51339909,51339936,-
chr3,51353626,51353646,-
chr3,51377933,51377947,-
chr3,51417354,51417385,-
chr3,51495684,51495703,-
chr3,51495772,51495794,-
chr3,51636646,51636694,-
chr3,51654998,51655047,-
chr3,52198172,52198191,-
chr3,52262634,52262662,-
chr3,52262811,52262830,-
chr3,52298799,52298814,-
chr3,52332105,52332163,-
chr3,52411424,52411451,-
chr3,52458729,52458743,-
chr3,52555108,52555124,-
chr3,52572534,52572563,-
chr3,52622019,52622035,-
chr3,52648492,52648514,-
chr3,52670872,52670888,-
chr3,52670957,52670985,-
chr3,52677141,52677163,-
chr3,52679840,52679869,-
chr3,52680166,52680182,-
chr3,52680293,52680322,-
chr3,52798010,52798026,-
chr3,52830105,52830133,-
chr3,52830249,52830278,-
chr3,52878697,52878719,-
chr3,52882074,52882089,-
chr3,52907177,52907210,-
chr3,53462718,53462747,-
chr3,53464113,53464155,-
chr3,53863971,53863993,-
chr3,54399979,54399995,-
chr3,54724258,54724290,-
chr3,54724354,54724381,-
chr3,54724504,54724531,-
chr3,55111882,55111922,-
chr3,55373993,55374012,-
chr3,55461697,55461711,-
chr3,56007910,56007955,-
chr3,57683906,57683921,-
chr3,57844006,57844020,-
chr3,57844030,57844044,-
chr3,57844056,57844078,-
chr3,58271548,58271574,-
chr3,58414868,58414907,-
chr3,58488367,58488381,-
chr3,58517464,58517479,-
chr3,58552497,58552519,-
chr3,58622730,58622789,-
chr3,58622854,58622887,-
chr3,59101825,59101847,-
chr3,59102027,59102041,-
chr3,59130613,59130630,-
chr3,59229292,59229316,-
chr3,59235220,59235267,-
chr3,59260616,59260630,-
chr3,59260705,59260731,-
chr3,59702629,59702651,-
chr3,59703002,59703018,-
chr3,60091009,60091031,-
chr3,60414079,60414134,-
chr3,60472309,60472349,-
chr3,60472384,60472403,-
chr3,60481673,60481707,-
chr3,60482063,60482082,-
chr3,60486840,60486862,-
chr3,60496529,60496544,-
chr3,60496573,60496592,-
chr3,60515891,60515911,-
chr3,60519601,60519623,-
chr3,60528816,60528835,-
chr3,60537310,60537329,-
chr3,60537384,60537404,-
chr3,60576073,60576116,-
chr3,61082385,61082416,-
chr3,61123465,61123479,-
chr3,61123520,61123567,-
chr3,61640782,61640804,-
chr3,63964921,63964937,-
chr3,64971010,64971032,-
chr3,65658757,65658776,-
chr3,65658982,65658997,-
chr3,65961964,65961986,-
chr3,65975302,65975324,-
chr3,65975518,65975548,-
chr3,65975597,65975616,-
chr3,65990894,65990938,-
chr3,67429890,67429905,-
chr3,67429909,67429943,-
chr3,67536488,67536510,-
chr3,67536714,67536736,-
chr3,68183243,68183270,-
chr3,68677378,68677403,-
chr3,68759909,68759934,-
chr3,68784039,68784077,-
chr3,68784254,68784276,-
chr3,68784293,68784326,-
chr3,68793093,68793107,-
chr3,68935593,68935607,-
chr3,68967156,68967182,-
chr3,68967259,68967273,-
chr3,68967511,68967530,-
chr3,68974997,68975011,-
chr3,69156222,69156250,-
chr3,69159727,69159758,-
chr3,69177650,69177701,-
chr3,69205167,69205189,-
chr3,69206056,69206072,-
chr3,69373845,69373871,-
chr3,74438455,74438470,-
chr3,75499050,75499066,-
chr3,75680975,75680999,-
chr3,75681178,75681212,-
chr3,75690293,75690334,-
chr3,75690346,75690366,-
chr3,75714163,75714190,-
chr3,76068181,76068197,-
chr3,78919849,78919863,-
chr3,79178224,79178246,-
chr3,79225765,79225849,-
chr3,79239575,79239591,-
chr3,79274599,79274618,-
chr3,79274867,79274889,-
chr3,79591143,79591158,-
chr3,80012312,80012334,-
chr3,80524180,80524196,-
chr3,82047407,82047481,-
chr3,83791702,83791729,-
chr3,84065922,84065948,-
chr3,84154501,84154515,-
chr3,84154794,84154809,-
chr3,84228894,84228967,-
chr3,84337990,84338004,-
chr3,84622118,84622134,-
chr3,84667639,84667655,-
chr3,84715009,84715025,-
chr3,84956806,84956897,-
chr3,85697432,85697446,-
chr3,86328637,86328660,-
chr3,86328695,86328736,-
chr3,86837543,86837575,-
chr3,87408221,87408241,-
chr3,87529627,87529646,-
chr3,87743059,87743082,-
chr3,87845223,87845242,-
chr3,87885773,87885813,-
chr3,87919583,87919619,-
chr3,87961159,87961218,-
chr3,88011184,88011229,-
chr3,88087963,88087990,-
chr3,88141539,88141558,-
chr3,88940011,88940035,-
chr3,89177375,89177390,-
chr3,89214740,89214754,-
chr3,89231842,89231864,-
chr3,89282268,89282287,-
chr3,89411905,89411919,-
chr3,89437341,89437360,-
chr3,89458978,89459000,-
chr3,89709196,89709231,-
chr3,89714438,89714458,-
chr3,89801391,89801443,-
chr3,89869993,89870044,-
chr3,89871175,89871197,-
chr3,89905293,89905359,-
chr3,89906252,89906271,-
chr3,89998988,89999007,-
chr3,90491217,90491319,-
chr3,90586995,90587017,-
chr3,91032415,91032434,-
chr3,91032442,91032462,-
chr3,91280786,91280808,-
chr3,91637653,91637669,-
chr3,93515030,93515066,-
chr3,93548533,93548553,-
chr3,93548686,93548717,-
chr3,93548791,93548813,-
chr3,93554914,93554936,-
chr3,93597673,93597688,-
chr3,94443899,94443925,-
chr3,94616884,94616918,-
chr3,94617009,94617053,-
chr3,94811734,94811761,-
chr3,94837255,94837279,-
chr3,95015734,95015756,-
chr3,95042821,95042874,-
chr3,95111403,95111430,-
chr3,95134131,95134164,-
chr3,95135810,95135836,-
chr3,95141775,95141794,-
chr3,95357452,95357474,-
chr3,95517581,95517609,-
chr3,95523861,95523883,-
chr3,95668803,95668819,-
chr3,95669271,95669311,-
chr3,95672684,95672712,-
chr3,95722671,95722701,-
chr3,95951503,95951544,-
chr3,95951672,95951714,-
chr3,95972070,95972084,-
chr3,95972775,95972807,-
chr3,95972949,95972971,-
chr3,95996265,95996287,-
chr3,96032172,96032191,-
chr3,96547427,96547458,-
chr3,96547486,96547500,-
chr3,96556981,96557021,-
chr3,96558106,96558129,-
chr3,96567088,96567104,-
chr3,96567154,96567176,-
chr3,97332632,97332646,-
chr3,97609496,97609511,-
chr3,97628936,97628956,-
chr3,98027343,98027398,-
chr3,98280883,98280898,-
chr3,98280994,98281008,-
chr3,100422626,100422655,-
chr3,100422696,100422725,-
chr3,100502608,100502622,-
chr3,100502810,100502841,-
chr3,100568745,100568760,-
chr3,100818955,100818983,-
chr3,100819505,100819519,-
chr3,100906930,100906949,-
chr3,101021286,101021331,-
chr3,101021353,101021367,-
chr3,101021414,101021446,-
chr3,101146046,101146065,-
chr3,101233579,101233594,-
chr3,101265724,101265743,-
chr3,101265781,101265809,-
chr3,101295363,101295419,-
chr3,101296690,101296727,-
chr3,101376817,101376831,-
chr3,101803905,101803925,-
chr3,102000195,102000223,-
chr3,102738717,102738743,-
chr3,102804229,102804268,-
chr3,102804351,102804377,-
chr3,103058110,103058129,-
chr3,103206762,103206781,-
chr3,103237019,103237052,-
chr3,103385811,103385833,-
chr3,103386389,103386415,-
chr3,103405372,103405391,-
chr3,103405431,103405445,-
chr3,103753834,103753860,-
chr3,103773201,103773217,-
chr3,103773296,103773312,-
chr3,103780797,103780839,-
chr3,103790381,103790417,-
chr3,103801998,103802020,-
chr3,103859564,103859583,-
chr3,103867652,103867671,-
chr3,103868080,103868102,-
chr3,103886342,103886390,-
chr3,103937503,103937539,-
chr3,103937615,103937631,-
chr3,103991466,103991485,-
chr3,104616497,104616517,-
chr3,104992724,104992745,-
chr3,105763353,105763375,-
chr3,105892082,105892101,-
chr3,105992102,105992126,-
chr3,106461888,106461902,-
chr3,106493172,106493212,-
chr3,106493784,106493810,-
chr3,106721527,106721541,-
chr3,106785148,106785163,-
chr3,106785605,106785631,-
chr3,106788170,106788189,-
chr3,106788592,106788608,-
chr3,106940325,106940339,-
chr3,106940389,106940424,-
chr3,106966636,106966667,-
chr3,106966682,106966701,-
chr3,107038506,107038531,-
chr3,107047839,107047864,-
chr3,107048188,107048216,-
chr3,107063049,107063064,-
chr3,107094052,107094131,-
chr3,107100152,107100174,-
chr3,107206237,107206257,-
chr3,107846393,107846454,-
chr3,107853299,107853325,-
chr3,108257195,108257217,-
chr3,108389356,108389399,-
chr3,108490109,108490125,-
chr3,108554922,108554941,-
chr3,108555041,108555055,-
chr3,108653627,108653757,-
chr3,108880613,108880635,-
chr3,109071277,109071296,-
chr3,109071500,109071522,-
chr3,109341611,109341657,-
chr3,109362370,109362401,-
chr3,109452115,109452131,-
chr3,110707223,110707252,-
chr3,110773255,110773277,-
chr3,110773287,110773306,-
chr3,110773311,110773325,-
chr3,110773435,110773454,-
chr3,111488737,111488752,-
chr3,112236424,112236439,-
chr3,113123507,113123522,-
chr3,115642931,115642951,-
chr3,115673810,115673824,-
chr3,115676208,115676279,-
chr3,115689484,115689526,-
chr3,115690363,115690390,-
chr3,115793370,115793398,-
chr3,115793502,115793521,-
chr3,115793754,115793776,-
chr3,115801279,115801293,-
chr3,115815592,115815614,-
chr3,115815708,115815730,-
chr3,115887466,115887480,-
chr3,115940780,115940794,-
chr3,116861714,116861738,-
chr3,119766058,119766081,-
chr3,119782360,119782401,-
chr3,119782518,119782549,-
chr3,119782577,119782602,-
chr3,121306603,121306670,-
chr3,121345339,121345355,-
chr3,121369929,121369953,-
chr3,121548085,121548107,-
chr3,121885177,121885222,-
chr3,122096476,122096495,-
chr3,122638782,122638798,-
chr3,122638884,122638900,-
chr3,123174463,123174483,-
chr3,123174501,123174534,-
chr3,123176650,123176677,-
chr3,123386124,123386166,-
chr3,123386412,123386432,-
chr3,123489099,123489113,-
chr3,126588769,126588794,-
chr3,126588807,126588823,-
chr3,126660473,126660499,-
chr3,126661922,126661944,-
chr3,127561178,127561194,-
chr3,127572594,127572614,-
chr3,127837909,127837952,-
chr3,127949319,127949362,-
chr3,129536570,129536617,-
chr3,129553595,129553632,-
chr3,129879656,129879676,-
chr3,129879792,129879816,-
chr3,130013035,130013084,-
chr3,130061101,130061127,-
chr3,130749194,130749210,-
chr3,130749398,130749418,-
chr3,130796682,130796704,-
chr3,130936867,130936950,-
chr3,131014423,131014442,-
chr3,131014628,131014648,-
chr3,131057279,131057349,-
chr3,131117870,131117884,-
chr3,131147859,131147881,-
chr3,131148105,131148135,-
chr3,131195067,131195083,-
chr3,131303364,131303417,-
chr3,132125534,132125549,-
chr3,132823532,132823551,-
chr3,132823757,132823779,-
chr3,133332233,133332247,-
chr3,133332511,133332547,-
chr3,133332585,133332599,-
chr3,133510516,133510538,-
chr3,134255974,134255988,-
chr3,135212326,135212354,-
chr3,135307877,135307917,-
chr3,135479996,135480012,-
chr3,135486257,135486272,-
chr3,135515639,135515658,-
chr3,135579409,135579423,-
chr3,135607442,135607456,-
chr3,135640398,135640417,-
chr3,135666304,135666332,-
chr3,135689544,135689566,-
chr3,135718884,135718904,-
chr3,135731306,135731369,-
chr3,135731622,135731636,-
chr3,135824936,135824955,-
chr3,136044143,136044163,-
chr3,136611606,136611621,-
chr3,136671081,136671120,-
chr3,136743091,136743111,-
chr3,137865260,137865276,-
chr3,137865464,137865508,-
chr3,137865834,137865873,-
chr3,137865982,137866009,-
chr3,137879870,137880107,-
chr3,138854917,138854946,-
chr3,138877082,138877105,-
chr3,142443234,142443248,-
chr3,142550243,142550265,-
chr3,142560315,142560342,-
chr3,142560563,142560585,-
chr3,142562850,142562872,-
chr3,142562891,142562910,-
chr3,142618871,142618890,-
chr3,142620258,142620280,-
chr3,142764856,142764870,-
chr3,142765450,142765472,-
chr3,142880803,142880817,-
chr3,143647238,143647252,-
chr3,143647407,143647467,-
chr3,144050361,144050383,-
chr3,144089737,144089751,-
chr3,144089885,144089899,-
chr3,144253103,144253141,-
chr3,144719125,144719145,-
chr3,145117888,145117908,-
chr3,145923740,145923781,-
chr3,145994442,145994468,-
chr3,145994610,145994636,-
chr3,146152617,146152639,-
chr3,146158262,146158281,-
chr3,146158291,146158328,-
chr3,146181071,146181085,-
chr3,146946166,146946188,-
chr3,148510604,148510618,-
chr3,148851280,148851312,-
chr3,149326664,149326699,-
chr3,149327117,149327136,-
chr3,151789853,151789926,-
chr3,151789948,151790026,-
chr3,151790048,151790070,-
chr3,152229735,152229759,-
chr3,152432727,152432752,-
chr3,152433031,152433045,-
chr3,152912776,152912795,-
chr3,152952479,152952494,-
chr3,152952618,152952632,-
chr3,152952663,152952687,-
chr3,152958332,152958351,-
chr3,153591485,153591500,-
chr3,153756062,153756078,-
chr3,153765155,153765177,-
chr3,153806344,153806399,-
chr3,154958475,154958490,-
chr3,156878303,156878322,-
chr3,158768594,158768608,-
chr4,3967923,3967938,+
chr4,3982515,3982590,+
chr4,3982601,3982615,+
chr4,3982659,3982683,+
chr4,5929814,5929847,+
chr4,6445690,6445712,+
chr4,6445877,6445892,+
chr4,6453051,6453071,+
chr4,6453570,6453601,+
chr4,6475122,6475137,+
chr4,6663817,6663832,+
chr4,6663839,6663861,+
chr4,6792394,6792467,+
chr4,6860159,6860178,+
chr4,6882627,6882649,+
chr4,6887438,6887473,+
chr4,6902040,6902072,+
chr4,6924848,6924874,+
chr4,6925204,6925226,+
chr4,6930578,6930600,+
chr4,6930925,6930948,+
chr4,6931045,6931071,+
chr4,6934193,6934221,+
chr4,6934408,6934450,+
chr4,6935080,6935102,+
chr4,6940805,6940827,+
chr4,6950361,6950377,+
chr4,6958454,6958470,+
chr4,6963773,6963793,+
chr4,6970573,6970588,+
chr4,6990542,6990590,+
chr4,6990697,6990711,+
chr4,6991666,6991682,+
chr4,7112481,7112503,+
chr4,7443374,7443388,+
chr4,7443435,7443457,+
chr4,7455456,7455472,+
chr4,7455613,7455637,+
chr4,8535215,8535229,+
chr4,8634542,8634579,+
chr4,8649776,8649791,+
chr4,8720926,8720948,+
chr4,8721321,8721344,+
chr4,8800367,8800406,+
chr4,8811015,8811034,+
chr4,8926919,8926941,+
chr4,8942942,8942964,+
chr4,9009549,9009572,+
chr4,9423366,9423385,+
chr4,10770110,10770129,+
chr4,10981585,10981601,+
chr4,11076588,11076602,+
chr4,11135272,11135292,+
chr4,11135307,11135336,+
chr4,11135619,11135641,+
chr4,11146625,11146649,+
chr4,11147146,11147168,+
chr4,11147201,11147235,+
chr4,11322767,11322781,+
chr4,11347597,11347611,+
chr4,11347680,11347696,+
chr4,11498966,11498987,+
chr4,11559297,11559326,+
chr4,11704217,11704249,+
chr4,11900273,11900304,+
chr4,11965860,11965884,+
chr4,12046723,12046742,+
chr4,12088040,12088054,+
chr4,13519331,13519350,+
chr4,13519623,13519638,+
chr4,13519705,13519721,+
chr4,15273199,15273213,+
chr4,15294994,15295008,+
chr4,15300420,15300442,+
chr4,15307077,15307132,+
chr4,15317250,15317264,+
chr4,15317504,15317524,+
chr4,15317606,15317621,+
chr4,15929252,15929286,+
chr4,15945787,15945801,+
chr4,15986995,15987037,+
chr4,16162669,16162718,+
chr4,19574875,19574951,+
chr4,19697124,19697146,+
chr4,19785878,19785897,+
chr4,19785950,19785966,+
chr4,19895950,19895969,+
chr4,19928461,19928498,+
chr4,20304084,20304104,+
chr4,20304174,20304205,+
chr4,20456219,20456235,+
chr4,20547359,20547375,+
chr4,21727133,21727154,+
chr4,21727482,21727501,+
chr4,22467949,22467964,+
chr4,24372783,24372799,+
chr4,24373061,24373075,+
chr4,24497069,24497103,+
chr4,25136411,25136425,+
chr4,27891766,27891798,+
chr4,31963752,31963768,+
chr4,32126981,32127000,+
chr4,32127058,32127087,+
chr4,32133232,32133246,+
chr4,32149430,32149445,+
chr4,32164821,32164835,+
chr4,32216655,32216683,+
chr4,32250407,32250429,+
chr4,32251014,32251028,+
chr4,32258605,32258633,+
chr4,32288099,32288118,+
chr4,32291834,32291867,+
chr4,32342613,32342633,+
chr4,32344139,32344165,+
chr4,32405248,32405275,+
chr4,32560646,32560674,+
chr4,32614951,32614985,+
chr4,32748436,32748452,+
chr4,33291977,33292006,+
chr4,33309738,33309785,+
chr4,33375648,33375670,+
chr4,33989039,33989055,+
chr4,33989073,33989087,+
chr4,35130745,35130764,+
chr4,35130942,35130965,+
chr4,35138084,35138098,+
chr4,38629841,38629856,+
chr4,40721068,40721096,+
chr4,40781236,40781265,+
chr4,40782081,40782127,+
chr4,40833627,40833649,+
chr4,40833658,40833695,+
chr4,41523192,41523211,+
chr4,42767266,42767282,+
chr4,42962025,42962048,+
chr4,43000281,43000296,+
chr4,43005900,43005915,+
chr4,43025563,43025585,+
chr4,43038099,43038135,+
chr4,43492734,43492784,+
chr4,44022182,44022197,+
chr4,44045151,44045178,+
chr4,44045254,44045268,+
chr4,44065347,44065367,+
chr4,44159925,44159957,+
chr4,44168601,44168620,+
chr4,44270873,44270901,+
chr4,44271006,44271046,+
chr4,44271127,44271141,+
chr4,44756063,44756103,+
chr4,44756433,44756467,+
chr4,45018446,45018465,+
chr4,45108348,45108366,+
chr4,45530682,45530698,+
chr4,46196574,46196593,+
chr4,46507788,46507833,+
chr4,46507977,46507996,+
chr4,46566936,46566978,+
chr4,46584509,46584542,+
chr4,47001299,47001318,+
chr4,47272553,47272567,+
chr4,47272820,47272835,+
chr4,47314091,47314141,+
chr4,47320179,47320201,+
chr4,48034653,48034681,+
chr4,48470922,48470959,+
chr4,49631766,49631797,+
chr4,49631814,49631860,+
chr4,51286482,51286508,+
chr4,53158568,53158637,+
chr4,53218099,53218144,+
chr4,55343483,55343524,+
chr4,55398156,55398172,+
chr4,55398195,55398217,+
chr4,55532629,55532649,+
chr4,56733144,56733163,+
chr4,56916093,56916107,+
chr4,57091536,57091552,+
chr4,57301366,57301430,+
chr4,57673502,57673524,+
chr4,57785067,57785086,+
chr4,59156811,59156825,+
chr4,59157403,59157422,+
chr4,59190907,59190926,+
chr4,59254600,59254614,+
chr4,59260957,59261001,+
chr4,59265985,59266001,+
chr4,59295365,59295396,+
chr4,59331263,59331289,+
chr4,59360835,59360860,+
chr4,59528327,59528341,+
chr4,59528750,59528769,+
chr4,59544943,59544976,+
chr4,62287363,62287410,+
chr4,62355582,62355602,+
chr4,62407404,62407436,+
chr4,62407448,62407462,+
chr4,62407524,62407553,+
chr4,62407715,62407754,+
chr4,62562046,62562073,+
chr4,62695878,62695904,+
chr4,62740775,62740789,+
chr4,63385650,63385674,+
chr4,63386119,63386135,+
chr4,63860303,63860353,+
chr4,65114011,65114039,+
chr4,67208664,67208683,+
chr4,68969731,68969765,+
chr4,71817853,71817875,+
chr4,71817881,71817900,+
chr4,71817910,71817932,+
chr4,72201239,72201253,+
chr4,72990013,72990035,+
chr4,73755504,73755523,+
chr4,74251700,74251719,+
chr4,78313453,78313475,+
chr4,78313478,78313500,+
chr4,78313520,78313560,+
chr4,82773708,82773730,+
chr4,82773750,82773772,+
chr4,82773805,82773821,+
chr4,82773825,82773852,+
chr4,82773859,82773896,+
chr4,83339543,83339584,+
chr4,83354750,83354808,+
chr4,83525023,83525052,+
chr4,85430732,85430747,+
chr4,85548997,85549011,+
chr4,86575483,86575507,+
chr4,86611296,86611312,+
chr4,86612510,86612543,+
chr4,86748189,86748283,+
chr4,87984190,87984209,+
chr4,87984458,87984472,+
chr4,88003302,88003317,+
chr4,88003640,88003659,+
chr4,88033290,88033318,+
chr4,88034532,88034560,+
chr4,88693742,88693764,+
chr4,88794009,88794055,+
chr4,88805708,88805754,+
chr4,88864703,88864722,+
chr4,89550572,89550588,+
chr4,89550626,89550648,+
chr4,90840080,90840095,+
chr4,91001036,91001073,+
chr4,91336428,91336442,+
chr4,92560246,92560262,+
chr4,92560427,92560441,+
chr4,95087539,95087558,+
chr4,97612327,97612358,+
chr4,97657874,97657889,+
chr4,98040341,98040357,+
chr4,98282356,98282376,+
chr4,98291080,98291112,+
chr4,98291187,98291217,+
chr4,98436559,98436581,+
chr4,98923144,98923164,+
chr4,98923582,98923602,+
chr4,99437966,99437980,+
chr4,100028720,100028734,+
chr4,100028915,100028937,+
chr4,100269850,100269869,+
chr4,100952899,100952941,+
chr4,100952965,100952985,+
chr4,101185457,101185481,+
chr4,101185903,101185919,+
chr4,101194327,101194370,+
chr4,101196650,101196683,+
chr4,101202721,101202735,+
chr4,101213586,101213605,+
chr4,101217155,101217177,+
chr4,101217304,101217320,+
chr4,101217361,101217407,+
chr4,101244386,101244416,+
chr4,101244612,101244640,+
chr4,101244650,101244670,+
chr4,101245004,101245026,+
chr4,101261015,101261034,+
chr4,101298483,101298507,+
chr4,101298642,101298669,+
chr4,101320552,101320591,+
chr4,101320648,101320664,+
chr4,101320867,101320890,+
chr4,101507842,101507861,+
chr4,102517641,102517657,+
chr4,102569491,102569507,+
chr4,102569916,102569932,+
chr4,102607824,102607840,+
chr4,102711448,102711467,+
chr4,102982907,102982926,+
chr4,102991011,102991027,+
chr4,103169588,103169615,+
chr4,104092404,104092429,+
chr4,104092556,104092592,+
chr4,104850830,104850867,+
chr4,105333316,105333332,+
chr4,106828295,106828309,+
chr4,106910300,106910314,+
chr4,106935085,106935132,+
chr4,107179518,107179544,+
chr4,107253856,107253870,+
chr4,107260080,107260099,+
chr4,107314148,107314164,+
chr4,107923797,107923819,+
chr4,108318562,108318576,+
chr4,108318770,108318814,+
chr4,108318878,108318892,+
chr4,108327977,108327991,+
chr4,108579177,108579196,+
chr4,108638747,108638784,+
chr4,108781607,108781637,+
chr4,108960554,108960613,+
chr4,108960647,108960669,+
chr4,108999923,108999959,+
chr4,109000060,109000076,+
chr4,109670580,109670596,+
chr4,111574362,111574377,+
chr4,114652431,114652446,+
chr4,115838768,115838785,+
chr4,116015612,116015646,+
chr4,116053421,116053444,+
chr4,116053780,116053798,+
chr4,116168663,116168679,+
chr4,116626606,116626620,+
chr4,116626735,116626757,+
chr4,116789206,116789226,+
chr4,117139352,117139377,+
chr4,117139542,117139586,+
chr4,117189551,117189570,+
chr4,117189586,117189623,+
chr4,117189696,117189715,+
chr4,117210959,117210974,+
chr4,118408970,118408999,+
chr4,119415670,119415685,+
chr4,120793466,120793488,+
chr4,120826189,120826205,+
chr4,120924932,120924958,+
chr4,120952030,120952046,+
chr4,120975023,120975045,+
chr4,121002546,121002562,+
chr4,121004545,121004652,+
chr4,121004690,121004721,+
chr4,121004809,121004823,+
chr4,121196479,121196501,+
chr4,121209289,121209311,+
chr4,122214190,122214209,+
chr4,125123439,125123458,+
chr4,126194463,126194477,+
chr4,126201881,126201900,+
chr4,126677363,126677382,+
chr4,126813280,126813299,+
chr4,127146821,127146856,+
chr4,128547587,128547612,+
chr4,128547627,128547649,+
chr4,129249600,129249614,+
chr4,129365071,129365085,+
chr4,129365331,129365377,+
chr4,129406748,129406763,+
chr4,129558855,129558874,+
chr4,129570664,129570683,+
chr4,129570699,129570730,+
chr4,129570742,129570764,+
chr4,129575536,129575565,+
chr4,129575587,129575608,+
chr4,129641577,129641602,+
chr4,129701757,129701776,+
chr4,129785523,129785542,+
chr4,129793911,129793954,+
chr4,129794346,129794377,+
chr4,129821568,129821587,+
chr4,129877263,129877279,+
chr4,130107399,130107429,+
chr4,130658190,130658205,+
chr4,130902693,130902707,+
chr4,130914349,130914368,+
chr4,131873346,131873374,+
chr4,132008074,132008088,+
chr4,132040198,132040212,+
chr4,132040559,132040580,+
chr4,132269122,132269183,+
chr4,132269705,132269719,+
chr4,132515345,132515359,+
chr4,132586485,132586499,+
chr4,132586586,132586614,+
chr4,132628787,132628812,+
chr4,133011868,133011892,+
chr4,133130237,133130251,+
chr4,133169432,133169451,+
chr4,133182636,133182658,+
chr4,133278074,133278093,+
chr4,133479765,133479781,+
chr4,133707399,133707415,+
chr4,133707450,133707469,+
chr4,133719982,133720007,+
chr4,133800390,133800416,+
chr4,133827959,133827975,+
chr4,133828211,133828249,+
chr4,133836725,133836768,+
chr4,133837063,133837098,+
chr4,133840945,133840977,+
chr4,133879179,133879201,+
chr4,133879311,133879330,+
chr4,134460211,134460237,+
chr4,134460570,134460602,+
chr4,134478356,134478372,+
chr4,134495429,134495448,+
chr4,134495531,134495562,+
chr4,134495566,134495606,+
chr4,134505147,134505186,+
chr4,134505229,134505284,+
chr4,134505292,134505311,+
chr4,134735071,134735093,+
chr4,134787339,134787355,+
chr4,134853299,134853315,+
chr4,134853859,134853893,+
chr4,134914947,134914966,+
chr4,134923187,134923232,+
chr4,134923326,134923359,+
chr4,134923362,134923401,+
chr4,135080065,135080084,+
chr4,135120288,135120310,+
chr4,135203725,135203774,+
chr4,135240472,135240494,+
chr4,135240740,135240754,+
chr4,135358840,135358872,+
chr4,135954254,135954276,+
chr4,136053314,136053333,+
chr4,136060178,136060215,+
chr4,136089123,136089139,+
chr4,136260298,136260314,+
chr4,136260400,136260427,+
chr4,137367811,137367856,+
chr4,137468182,137468215,+
chr4,137468251,137468267,+
chr4,137861267,137861296,+
chr4,138921847,138921863,+
chr4,138922310,138922339,+
chr4,138943702,138943734,+
chr4,139579211,139579225,+
chr4,140701872,140701891,+
chr4,140815603,140815641,+
chr4,140952540,140952568,+
chr4,141065411,141065425,+
chr4,141128939,141129187,+
chr4,141546303,141546325,+
chr4,141559974,141559988,+
chr4,141666175,141666214,+
chr4,141998431,141998471,+
chr4,141998801,141998820,+
chr4,143143846,143143878,+
chr4,143198143,143198158,+
chr4,143238872,143238887,+
chr4,143412623,143412645,+
chr4,143412752,143412819,+
chr4,143988109,143988135,+
chr4,144892628,144892654,+
chr4,144895745,144895761,+
chr4,144986352,144986366,+
chr4,144986465,144986520,+
chr4,145045732,145045746,+
chr4,145045771,145045786,+
chr4,145211224,145211254,+
chr4,145211362,145211400,+
chr4,145255225,145255242,+
chr4,145266629,145266651,+
chr4,147905222,147905238,+
chr4,148626910,148626926,+
chr4,148900481,148900503,+
chr4,149282433,149282449,+
chr4,149282673,149282699,+
chr4,149322280,149322318,+
chr4,149469556,149469584,+
chr4,149469785,149469811,+
chr4,149663927,149663963,+
chr4,149697829,149697864,+
chr4,149698687,149698709,+
chr4,149698876,149698917,+
chr4,149702430,149702464,+
chr4,149702611,149702625,+
chr4,149710299,149710387,+
chr4,149912511,149912531,+
chr4,150009604,150009618,+
chr4,150281353,150281425,+
chr4,150454174,150454196,+
chr4,150488094,150488124,+
chr4,150586951,150586979,+
chr4,150588138,150588160,+
chr4,150746423,150746442,+
chr4,150798614,150798648,+
chr4,150915409,150915424,+
chr4,150965438,150965453,+
chr4,152006248,152006274,+
chr4,154936509,154936551,+
chr4,154936654,154936668,+
chr4,154936725,154936744,+
chr4,154936961,154936980,+
chr4,154937203,154937222,+
chr4,155162379,155162401,+
chr4,155168746,155168776,+
chr4,155169007,155169034,+
chr4,155197874,155197896,+
chr4,155198034,155198065,+
chr4,155200773,155200795,+
chr4,155201224,155201246,+
chr4,155209547,155209566,+
chr4,155245798,155245835,+
chr4,155600538,155600587,+
chr4,155600691,155600705,+
chr4,155624206,155624240,+
chr4,156021303,156021318,+
chr4,156021440,156021488,+
chr4,156254943,156254958,+
chr4,3967604,3967626,-
chr4,4793428,4793450,-
chr4,6452242,6452264,-
chr4,6541475,6541511,-
chr4,6541533,6541552,-
chr4,6803755,6803777,-
chr4,6869414,6869428,-
chr4,6924886,6924912,-
chr4,6930549,6930568,-
chr4,6934010,6934029,-
chr4,6940834,6940848,-
chr4,6958396,6958415,-
chr4,6958484,6958503,-
chr4,6970360,6970376,-
chr4,6976083,6976097,-
chr4,6990515,6990529,-
chr4,6990940,6990966,-
chr4,7357852,7357867,-
chr4,7455408,7455430,-
chr4,7556949,7556968,-
chr4,7557063,7557161,-
chr4,8535180,8535208,-
chr4,8634506,8634548,-
chr4,8783583,8783635,-
chr4,8799944,8799970,-
chr4,8800013,8800032,-
chr4,8806125,8806153,-
chr4,8810944,8810963,-
chr4,8842862,8842876,-
chr4,8843178,8843209,-
chr4,8853987,8854012,-
chr4,9009592,9009607,-
chr4,9771280,9771310,-
chr4,10161654,10161668,-
chr4,10444548,10444567,-
chr4,10675291,10675328,-
chr4,10912888,10912921,-
chr4,10912938,10912960,-
chr4,11135558,11135577,-
chr4,11146876,11146890,-
chr4,11147403,11147423,-
chr4,11485630,11485649,-
chr4,11493292,11493313,-
chr4,11499012,11499028,-
chr4,11610018,11610038,-
chr4,11610040,11610073,-
chr4,11610276,11610298,-
chr4,11721171,11721188,-
chr4,11721192,11721207,-
chr4,11721320,11721345,-
chr4,11721656,11721675,-
chr4,12850349,12850377,-
chr4,12850471,12850497,-
chr4,12850638,12850665,-
chr4,13519154,13519174,-
chr4,13519292,13519332,-
chr4,13519730,13519746,-
chr4,14826777,14826792,-
chr4,15273589,15273624,-
chr4,15281133,15281159,-
chr4,15281188,15281207,-
chr4,15305977,15305991,-
chr4,15307197,15307232,-
chr4,15307387,15307416,-
chr4,15945685,15945699,-
chr4,15945885,15945909,-
chr4,15986409,15986435,-
chr4,15986700,15986715,-
chr4,15986768,15986799,-
chr4,15986802,15986828,-
chr4,19696965,19696979,-
chr4,19926248,19926274,-
chr4,20456272,20456300,-
chr4,21183714,21183751,-
chr4,21727360,21727374,-
chr4,21767262,21767276,-
chr4,23403929,23403967,-
chr4,23404217,23404233,-
chr4,24002513,24002529,-
chr4,25495162,25495181,-
chr4,26790367,26790391,-
chr4,28570818,28570867,-
chr4,28570873,28570892,-
chr4,28570936,28570951,-
chr4,30965405,30965422,-
chr4,32055382,32055418,-
chr4,32216791,32216824,-
chr4,32250968,32250999,-
chr4,32258566,32258588,-
chr4,32263242,32263258,-
chr4,32281547,32281566,-
chr4,32281606,32281628,-
chr4,32335688,32335705,-
chr4,32336027,32336043,-
chr4,32336055,32336087,-
chr4,32343739,32343761,-
chr4,32351607,32351634,-
chr4,32351827,32351855,-
chr4,32351885,32351913,-
chr4,32387788,32387802,-
chr4,32405434,32405454,-
chr4,32424671,32424685,-
chr4,32425169,32425196,-
chr4,32425198,32425220,-
chr4,32481807,32481826,-
chr4,32657186,32657208,-
chr4,32748454,32748473,-
chr4,32800504,32800523,-
chr4,33375607,33375621,-
chr4,33375627,33375642,-
chr4,35071780,35071799,-
chr4,35130790,35130806,-
chr4,35140463,35140482,-
chr4,35140633,35140708,-
chr4,35226380,35226419,-
chr4,38629826,38629841,-
chr4,38629852,38629884,-
chr4,40270005,40270019,-
chr4,40301125,40301142,-
chr4,40834322,40834344,-
chr4,40834354,40834377,-
chr4,40839034,40839073,-
chr4,40876300,40876332,-
chr4,41124741,41124757,-
chr4,41341431,41341451,-
chr4,43457027,43457046,-
chr4,43482073,43482097,-
chr4,43562435,43562457,-
chr4,43724976,43724991,-
chr4,43725046,43725062,-
chr4,43788153,43788167,-
chr4,43788249,43788268,-
chr4,43936962,43936984,-
chr4,43960448,43960493,-
chr4,43960767,43960803,-
chr4,44012594,44012616,-
chr4,44022431,44022464,-
chr4,44202839,44202858,-
chr4,46151927,46151947,-
chr4,46388931,46388969,-
chr4,46499228,46499288,-
chr4,46508184,46508213,-
chr4,47001596,47001610,-
chr4,48012460,48012486,-
chr4,48043697,48043728,-
chr4,48075010,48075029,-
chr4,48075338,48075364,-
chr4,49139026,49139045,-
chr4,49139109,49139123,-
chr4,51286604,51286620,-
chr4,51286658,51286672,-
chr4,52229870,52229885,-
chr4,52438718,52438740,-
chr4,52439105,52439120,-
chr4,55398117,55398145,-
chr4,55443550,55443564,-
chr4,56555468,56555490,-
chr4,56558085,56558099,-
chr4,56558303,56558340,-
chr4,57681564,57681588,-
chr4,57785021,57785035,-
chr4,57813530,57813549,-
chr4,57832610,57832628,-
chr4,57832633,57832647,-
chr4,57903293,57903339,-
chr4,57903378,57903408,-
chr4,59190693,59190715,-
chr4,59190775,59190797,-
chr4,59204941,59204960,-
chr4,59254490,59254504,-
chr4,59254531,59254545,-
chr4,59261570,59261599,-
chr4,59266346,59266360,-
chr4,59278681,59278700,-
chr4,59291153,59291169,-
chr4,59331928,59331961,-
chr4,59654095,59654118,-
chr4,59654171,59654223,-
chr4,59682410,59682425,-
chr4,60456420,60456446,-
chr4,60456464,60456491,-
chr4,60456519,60456565,-
chr4,62355594,62355648,-
chr4,62407897,62407921,-
chr4,62505618,62505633,-
chr4,62536680,62536696,-
chr4,62536826,62536842,-
chr4,62594258,62594272,-
chr4,62696102,62696124,-
chr4,62756745,62756764,-
chr4,62806301,62806315,-
chr4,62807017,62807042,-
chr4,63562415,63562438,-
chr4,63842359,63842385,-
chr4,63860103,63860125,-
chr4,64112130,64112150,-
chr4,64112281,64112306,-
chr4,68778036,68778076,-
chr4,69567757,69567778,-
chr4,69567870,69567884,-
chr4,70596745,70596771,-
chr4,70596834,70596856,-
chr4,71291129,71291148,-
chr4,71291793,71291807,-
chr4,72851065,72851087,-
chr4,74251563,74251582,-
chr4,79486407,79486421,-
chr4,80231440,80231459,-
chr4,80708399,80708436,-
chr4,80708443,80708470,-
chr4,80708475,80708491,-
chr4,81462609,81462637,-
chr4,81462653,81462675,-
chr4,81679036,81679050,-
chr4,83315332,83315346,-
chr4,83315367,83315386,-
chr4,83327964,83328005,-
chr4,83354704,83354723,-
chr4,83432803,83432819,-
chr4,83486715,83486735,-
chr4,83570547,83570569,-
chr4,83596795,83596811,-
chr4,84305403,84305417,-
chr4,84305440,84305459,-
chr4,85430579,85430594,-
chr4,85840076,85840146,-
chr4,86319514,86319529,-
chr4,86612358,86612377,-
chr4,86651999,86652053,-
chr4,86748098,86748112,-
chr4,86886167,86886181,-
chr4,86886682,86886696,-
chr4,87313162,87313177,-
chr4,87368322,87368338,-
chr4,88033047,88033075,-
chr4,88045082,88045117,-
chr4,88046637,88046661,-
chr4,88078930,88078955,-
chr4,88079051,88079082,-
chr4,88120339,88120361,-
chr4,88167251,88167290,-
chr4,88167303,88167319,-
chr4,88302373,88302387,-
chr4,88302407,88302475,-
chr4,88550496,88550535,-
chr4,88641088,88641114,-
chr4,88693419,88693493,-
chr4,88727310,88727326,-
chr4,88727438,88727468,-
chr4,88738557,88738583,-
chr4,88738591,88738605,-
chr4,88738823,88738847,-
chr4,88761885,88761924,-
chr4,88868269,88868283,-
chr4,88868358,88868374,-
chr4,89137965,89137984,-
chr4,90131532,90131551,-
chr4,91638026,91638063,-
chr4,91638191,91638216,-
chr4,91638752,91638784,-
chr4,91638796,91638823,-
chr4,91638855,91638890,-
chr4,92560161,92560175,-
chr4,92560230,92560245,-
chr4,95052512,95052534,-
chr4,95215408,95215430,-
chr4,97612277,97612321,-
chr4,97772806,97772826,-
chr4,98040541,98040555,-
chr4,98040606,98040666,-
chr4,98322287,98322301,-
chr4,98383375,98383409,-
chr4,98437045,98437067,-
chr4,98437096,98437115,-
chr4,98444832,98444854,-
chr4,100952934,100952966,-
chr4,101167774,101167803,-
chr4,101167805,101167822,-
chr4,101187279,101187313,-
chr4,101202624,101202640,-
chr4,101245068,101245105,-
chr4,101253177,101253260,-
chr4,102507436,102507458,-
chr4,102507593,102507610,-
chr4,102516867,102516887,-
chr4,102516907,102516956,-
chr4,102569853,102569893,-
chr4,102982784,102982852,-
chr4,102982966,102982988,-
chr4,102989549,102989587,-
chr4,103119932,103119948,-
chr4,103120105,103120124,-
chr4,103120354,103120373,-
chr4,103120385,103120405,-
chr4,103169436,103169455,-
chr4,103169530,103169549,-
chr4,106794143,106794157,-
chr4,106839279,106839295,-
chr4,106881440,106881462,-
chr4,106910154,106910170,-
chr4,106970858,106970880,-
chr4,107314115,107314137,-
chr4,108071138,108071195,-
chr4,108301414,108301455,-
chr4,108301482,108301520,-
chr4,108318986,108319002,-
chr4,108319133,108319155,-
chr4,108319188,108319244,-
chr4,108460566,108460582,-
chr4,108638858,108638878,-
chr4,108781661,108781685,-
chr4,108833798,108833820,-
chr4,108960381,108960400,-
chr4,108987589,108987611,-
chr4,108987628,108987661,-
chr4,108999889,108999908,-
chr4,109079888,109079903,-
chr4,109670315,109670329,-
chr4,109670493,109670515,-
chr4,114214317,114214354,-
chr4,116008656,116008681,-
chr4,116008704,116008728,-
chr4,116009005,116009044,-
chr4,116074654,116074674,-
chr4,116075293,116075316,-
chr4,116168842,116168864,-
chr4,116556019,116556041,-
chr4,116556057,116556085,-
chr4,116558155,116558215,-
chr4,116685946,116685965,-
chr4,116720407,116720421,-
chr4,116720544,116720560,-
chr4,116789285,116789307,-
chr4,117156329,117156344,-
chr4,117182720,117182790,-
chr4,117189778,117189792,-
chr4,117189861,117189875,-
chr4,117190256,117190270,-
chr4,117201974,117202004,-
chr4,117202355,117202398,-
chr4,117202710,117202724,-
chr4,117210395,117210431,-
chr4,117210686,117210712,-
chr4,119127161,119127205,-
chr4,119339017,119339031,-
chr4,119540457,119540489,-
chr4,120120235,120120249,-
chr4,120925335,120925374,-
chr4,120925477,120925503,-
chr4,120986808,120986834,-
chr4,121005010,121005032,-
chr4,121209187,121209213,-
chr4,122898634,122898673,-
chr4,122898685,122898739,-
chr4,123577497,123577513,-
chr4,124937153,124937175,-
chr4,126148320,126148347,-
chr4,126194448,126194462,-
chr4,126211771,126211791,-
chr4,127008753,127008772,-
chr4,127015569,127015588,-
chr4,127061290,127061325,-
chr4,128618701,128618737,-
chr4,128619060,128619076,-
chr4,128711662,128711686,-
chr4,128981141,128981166,-
chr4,129033276,129033313,-
chr4,129034975,129035030,-
chr4,129189753,129189776,-
chr4,129249643,129249675,-
chr4,129344685,129344711,-
chr4,129344880,129344926,-
chr4,129570643,129570662,-
chr4,129570769,129570785,-
chr4,129619274,129619294,-
chr4,129641297,129641338,-
chr4,129641596,129641612,-
chr4,129742467,129742481,-
chr4,129771045,129771090,-
chr4,129805532,129805573,-
chr4,129828001,129828020,-
chr4,129883132,129883148,-
chr4,129914428,129914444,-
chr4,129957603,129957653,-
chr4,129957863,129957937,-
chr4,130107872,130107894,-
chr4,130723903,130723952,-
chr4,130902670,130902692,-
chr4,130913274,130913293,-
chr4,130919253,130919291,-
chr4,132033305,132033331,-
chr4,132269754,132269786,-
chr4,132345259,132345274,-
chr4,132464106,132464120,-
chr4,132515446,132515473,-
chr4,132515799,132515815,-
chr4,132586656,132586687,-
chr4,132586834,132586901,-
chr4,132647634,132647648,-
chr4,132647687,132647708,-
chr4,132659673,132659725,-
chr4,132732682,132732748,-
chr4,132768117,132768142,-
chr4,133096818,133096840,-
chr4,133096860,133096905,-
chr4,133097092,133097114,-
chr4,133130344,133130358,-
chr4,133130432,133130452,-
chr4,133162340,133162392,-
chr4,133170438,133170458,-
chr4,133174481,133174496,-
chr4,133174526,133174548,-
chr4,133174608,133174649,-
chr4,133278378,133278392,-
chr4,133369580,133369606,-
chr4,133584391,133584415,-
chr4,133800661,133800704,-
chr4,133800807,133800829,-
chr4,133836889,133836960,-
chr4,133841388,133841407,-
chr4,133842277,133842322,-
chr4,133918750,133918769,-
chr4,133918793,133918815,-
chr4,134097148,134097170,-
chr4,134118602,134118621,-
chr4,134160315,134160337,-
chr4,134160359,134160396,-
chr4,134460410,134460438,-
chr4,134469205,134469247,-
chr4,134478397,134478416,-
chr4,134495662,134495709,-
chr4,134787132,134787160,-
chr4,134854355,134854383,-
chr4,134946038,134946063,-
chr4,135067195,135067214,-
chr4,135079461,135079510,-
chr4,135090056,135090071,-
chr4,135090094,135090109,-
chr4,135203062,135203151,-
chr4,135240510,135240526,-
chr4,135240691,135240705,-
chr4,135248795,135248811,-
chr4,135248824,135248866,-
chr4,135353594,135353609,-
chr4,135439608,135439659,-
chr4,135494543,135494562,-
chr4,135873957,135873979,-
chr4,135911566,135911581,-
chr4,135954290,135954343,-
chr4,135954349,135954403,-
chr4,135954545,135954567,-
chr4,136060363,136060393,-
chr4,136089323,136089342,-
chr4,136100497,136100529,-
chr4,136114043,136114068,-
chr4,136123154,136123180,-
chr4,136123316,136123358,-
chr4,136123388,136123414,-
chr4,136129846,136129884,-
chr4,136129968,136129998,-
chr4,136180053,136180075,-
chr4,136266743,136266765,-
chr4,136286001,136286023,-
chr4,137334271,137334293,-
chr4,137357920,137357935,-
chr4,137357976,137358013,-
chr4,137358148,137358192,-
chr4,137358320,137358355,-
chr4,137358526,137358542,-
chr4,137388739,137388753,-
chr4,137861009,137861041,-
chr4,137892320,137892335,-
chr4,137993168,137993183,-
chr4,137994629,137994672,-
chr4,138216983,138217007,-
chr4,138914071,138914087,-
chr4,138943519,138943539,-
chr4,138943759,138943790,-
chr4,139352270,139352289,-
chr4,139611909,139611940,-
chr4,140701484,140701519,-
chr4,140701698,140701725,-
chr4,140952352,140952386,-
chr4,141077729,141077745,-
chr4,141184000,141184029,-
chr4,141184045,141184108,-
chr4,141666222,141666246,-
chr4,141666308,141666327,-
chr4,141666350,141666369,-
chr4,141666407,141666426,-
chr4,141666475,141666505,-
chr4,143219759,143219837,-
chr4,143238778,143238808,-
chr4,143241761,143241777,-
chr4,143412560,143412599,-
chr4,143645193,143645212,-
chr4,144892909,144892944,-
chr4,144892997,144893027,-
chr4,145210680,145210695,-
chr4,145210823,145210884,-
chr4,145211411,145211433,-
chr4,145254460,145254476,-
chr4,145254855,145254877,-
chr4,145255289,145255325,-
chr4,145255347,145255382,-
chr4,145255402,145255437,-
chr4,145390377,145390399,-
chr4,147868642,147868658,-
chr4,147905111,147905148,-
chr4,148050668,148050690,-
chr4,148152202,148152244,-
chr4,148155162,148155178,-
chr4,148155250,148155279,-
chr4,148170900,148170919,-
chr4,148509625,148509656,-
chr4,148509772,148509813,-
chr4,148510055,148510074,-
chr4,148683771,148683785,-
chr4,149100016,149100051,-
chr4,149167319,149167355,-
chr4,149167530,149167549,-
chr4,149486128,149486207,-
chr4,149698669,149698683,-
chr4,149856664,149856686,-
chr4,149871933,149871954,-
chr4,150240402,150240416,-
chr4,150339322,150339344,-
chr4,150454122,150454141,-
chr4,150454152,150454166,-
chr4,150517423,150517445,-
chr4,150517477,150517501,-
chr4,150517916,150517938,-
chr4,150540114,150540152,-
chr4,150540267,150540281,-
chr4,150545071,150545093,-
chr4,150545507,150545536,-
chr4,150556572,150556594,-
chr4,150556832,150556854,-
chr4,150558023,150558043,-
chr4,150558386,150558435,-
chr4,150566219,150566238,-
chr4,150570161,150570190,-
chr4,150588012,150588059,-
chr4,150588299,150588331,-
chr4,150593848,150593863,-
chr4,150593892,150593914,-
chr4,150594065,150594176,-
chr4,150798743,150798765,-
chr4,150798815,150798843,-
chr4,150799266,150799285,-
chr4,150799424,150799456,-
chr4,150808934,150808953,-
chr4,150915455,150915477,-
chr4,150938003,150938060,-
chr4,150938308,150938330,-
chr4,150965207,150965222,-
chr4,150965459,150965492,-
chr4,151996803,151996825,-
chr4,152120852,152120887,-
chr4,152189243,152189263,-
chr4,152189375,152189406,-
chr4,152197777,152197799,-
chr4,152197965,152197985,-
chr4,152519373,152519395,-
chr4,152519487,152519501,-
chr4,155136893,155136915,-
chr4,155201185,155201209,-
chr4,155563275,155563315,-
chr4,155568468,155568524,-
chr4,155669640,155669676,-
chr4,155714817,155714872,-
chr4,155715034,155715048,-
chr4,155803349,155803369,-
chr4,156032010,156032037,-
chr4,156255073,156255102,-
chr5,3152110,3152129,+
chr5,3342518,3342540,+
chr5,3355837,3355861,+
chr5,3355941,3355960,+
chr5,3501833,3501855,+
chr5,3509639,3509653,+
chr5,3544415,3544476,+
chr5,3803512,3803531,+
chr5,3886860,3886884,+
chr5,4192102,4192121,+
chr5,4454296,4454310,+
chr5,4454315,4454334,+
chr5,5014691,5014710,+
chr5,5014728,5014742,+
chr5,5775640,5775662,+
chr5,7846719,7846739,+
chr5,7846896,7846912,+
chr5,8648805,8648819,+
chr5,8648828,8648844,+
chr5,8648925,8648947,+
chr5,8675643,8675658,+
chr5,8675660,8675675,+
chr5,8807157,8807182,+
chr5,8807663,8807685,+
chr5,9086859,9086886,+
chr5,9086935,9086996,+
chr5,10486540,10486559,+
chr5,11045348,11045363,+
chr5,11145042,11145056,+
chr5,11884440,11884454,+
chr5,11895208,11895230,+
chr5,12427359,12427373,+
chr5,17605468,17605490,+
chr5,17605539,17605554,+
chr5,18746188,18746228,+
chr5,18978762,18978788,+
chr5,18978790,18978823,+
chr5,19444717,19444749,+
chr5,19444806,19444821,+
chr5,19479494,19479513,+
chr5,19479523,19479545,+
chr5,20332548,20332619,+
chr5,20881407,20881421,+
chr5,20882362,20882386,+
chr5,20969409,20969431,+
chr5,21002696,21002710,+
chr5,21002886,21002908,+
chr5,21213827,21213842,+
chr5,21326778,21326792,+
chr5,21370704,21370720,+
chr5,21370773,21370795,+
chr5,21378711,21378733,+
chr5,21378983,21378999,+
chr5,21379017,21379031,+
chr5,21411409,21411423,+
chr5,21411493,21411523,+
chr5,21701279,21701295,+
chr5,22487391,22487405,+
chr5,23415869,23415888,+
chr5,23418239,23418267,+
chr5,23473416,23473447,+
chr5,23604949,23604975,+
chr5,23615543,23615576,+
chr5,23719092,23719114,+
chr5,23719187,23719202,+
chr5,23719214,23719245,+
chr5,23719295,23719330,+
chr5,23974047,23974063,+
chr5,24031029,24031043,+
chr5,24344618,24344633,+
chr5,24393627,24393653,+
chr5,27793965,27793987,+
chr5,28318091,28318126,+
chr5,28382274,28382293,+
chr5,28647577,28647610,+
chr5,29735994,29736013,+
chr5,29746253,29746307,+
chr5,30647765,30647779,+
chr5,30647791,30647810,+
chr5,31111035,31111069,+
chr5,31614406,31614443,+
chr5,31918652,31918671,+
chr5,32134864,32134923,+
chr5,32134952,32134974,+
chr5,32610437,32610454,+
chr5,32721261,32721295,+
chr5,32726207,32726226,+
chr5,32759950,32759990,+
chr5,32760091,32760105,+
chr5,32760141,32760163,+
chr5,33039268,33039290,+
chr5,33392581,33392600,+
chr5,33831088,33831114,+
chr5,34169208,34169230,+
chr5,34336134,34336156,+
chr5,34466243,34466283,+
chr5,34466398,34466427,+
chr5,34525627,34525676,+
chr5,34761961,34761976,+
chr5,35105612,35105644,+
chr5,35906381,35906444,+
chr5,35906549,35906597,+
chr5,36553975,36554006,+
chr5,36989503,36989534,+
chr5,37051543,37051570,+
chr5,37051877,37051894,+
chr5,38260639,38260670,+
chr5,38260822,38260837,+
chr5,38307556,38307638,+
chr5,39048414,39048431,+
chr5,39048573,39048600,+
chr5,40017656,40017678,+
chr5,41008038,41008054,+
chr5,41768435,41768471,+
chr5,41768539,41768558,+
chr5,41843767,41843821,+
chr5,41864319,41864341,+
chr5,42462265,42462279,+
chr5,43232687,43232717,+
chr5,43771866,43771881,+
chr5,43894264,43894286,+
chr5,45615772,45615786,+
chr5,45730237,45730303,+
chr5,48372168,48372182,+
chr5,49630231,49630245,+
chr5,50071876,50071925,+
chr5,50206195,50206280,+
chr5,51198199,51198218,+
chr5,51949618,51949646,+
chr5,52190835,52190857,+
chr5,52782680,52782722,+
chr5,53430377,53430393,+
chr5,53588821,53588908,+
chr5,54101783,54101807,+
chr5,55907564,55907586,+
chr5,57519458,57519480,+
chr5,57706324,57706339,+
chr5,58883171,58883185,+
chr5,60786804,60786819,+
chr5,60787473,60787492,+
chr5,60868169,60868183,+
chr5,62715663,62715677,+
chr5,62751779,62751810,+
chr5,62751877,62751901,+
chr5,62751936,62751958,+
chr5,62752917,62752959,+
chr5,62815694,62815713,+
chr5,62815718,62815740,+
chr5,62815891,62815905,+
chr5,62858620,62858641,+
chr5,62911636,62911655,+
chr5,62911836,62911868,+
chr5,64024261,64024319,+
chr5,64371066,64371088,+
chr5,64371495,64371530,+
chr5,64371564,64371586,+
chr5,64478750,64478783,+
chr5,64486033,64486069,+
chr5,64488165,64488184,+
chr5,64496812,64496828,+
chr5,64498894,64498916,+
chr5,64519384,64519399,+
chr5,64519404,64519420,+
chr5,64599160,64599203,+
chr5,64600018,64600032,+
chr5,64651379,64651401,+
chr5,64651415,64651429,+
chr5,64684391,64684413,+
chr5,64764586,64764605,+
chr5,64771718,64771749,+
chr5,64780970,64780997,+
chr5,64861298,64861332,+
chr5,64861356,64861403,+
chr5,64906399,64906457,+
chr5,64933170,64933192,+
chr5,64933671,64933685,+
chr5,64959279,64959306,+
chr5,64969350,64969370,+
chr5,65091890,65091922,+
chr5,65103269,65103293,+
chr5,65154320,65154339,+
chr5,65154467,65154483,+
chr5,65326309,65326331,+
chr5,65857141,65857163,+
chr5,65882358,65882372,+
chr5,65882460,65882514,+
chr5,65885446,65885482,+
chr5,65897905,65897930,+
chr5,65921030,65921069,+
chr5,65921129,65921143,+
chr5,65928696,65928712,+
chr5,66105666,66105680,+
chr5,66105812,66105834,+
chr5,66200077,66200092,+
chr5,66200339,66200358,+
chr5,67016107,67016135,+
chr5,67260580,67260607,+
chr5,67846490,67846529,+
chr5,70344572,70344604,+
chr5,70670340,70670355,+
chr5,70670440,70670455,+
chr5,72161185,72161205,+
chr5,72161240,72161264,+
chr5,72202036,72202076,+
chr5,72204431,72204483,+
chr5,72204664,72204695,+
chr5,72763814,72763830,+
chr5,72812102,72812124,+
chr5,72812239,72812288,+
chr5,72938815,72938829,+
chr5,73115158,73115203,+
chr5,73115207,73115226,+
chr5,73115307,73115321,+
chr5,73214945,73214967,+
chr5,73233595,73233629,+
chr5,73286796,73286816,+
chr5,74019932,74019947,+
chr5,74020014,74020046,+
chr5,74404011,74404031,+
chr5,74404065,74404084,+
chr5,75044478,75044493,+
chr5,75283045,75283059,+
chr5,75416950,75416965,+
chr5,75792176,75792216,+
chr5,77125274,77125293,+
chr5,77140453,77140467,+
chr5,77175102,77175125,+
chr5,77213930,77213949,+
chr5,77267211,77267242,+
chr5,77460314,77460333,+
chr5,77628132,77628147,+
chr5,77631257,77631272,+
chr5,79115893,79115915,+
chr5,79416969,79416988,+
chr5,79419380,79419396,+
chr5,80066198,80066220,+
chr5,80300979,80301005,+
chr5,80301099,80301121,+
chr5,80520717,80520743,+
chr5,82182271,82182285,+
chr5,82182353,82182378,+
chr5,82182435,82182457,+
chr5,85450154,85450173,+
chr5,85450409,85450431,+
chr5,86004302,86004319,+
chr5,86037909,86037934,+
chr5,86065478,86065517,+
chr5,86071439,86071454,+
chr5,86173101,86173126,+
chr5,86191019,86191078,+
chr5,88458354,88458370,+
chr5,88553959,88553978,+
chr5,88554026,88554076,+
chr5,88675570,88675589,+
chr5,88897900,88897914,+
chr5,90825174,90825193,+
chr5,92245851,92245875,+
chr5,92467811,92467841,+
chr5,92491314,92491342,+
chr5,92491554,92491568,+
chr5,92491912,92491938,+
chr5,93133458,93133472,+
chr5,93206351,93206371,+
chr5,93206384,93206403,+
chr5,93267242,93267270,+
chr5,93267551,93267573,+
chr5,93647314,93647353,+
chr5,93651489,93651509,+
chr5,93651520,93651560,+
chr5,96163834,96163873,+
chr5,96164218,96164237,+
chr5,96209409,96209467,+
chr5,96209867,96209881,+
chr5,96879000,96879022,+
chr5,96912206,96912222,+
chr5,96913000,96913022,+
chr5,96917065,96917084,+
chr5,96917249,96917271,+
chr5,96949105,96949124,+
chr5,96976320,96976342,+
chr5,97983384,97983408,+
chr5,98007079,98007109,+
chr5,98185198,98185230,+
chr5,99363465,99363480,+
chr5,100466568,100466599,+
chr5,100483901,100483923,+
chr5,100526238,100526257,+
chr5,100585320,100585350,+
chr5,100644469,100644483,+
chr5,102207093,102207107,+
chr5,102482117,102482139,+
chr5,103356162,103356198,+
chr5,103442456,103442479,+
chr5,103971517,103971533,+
chr5,103971700,103971714,+
chr5,103975866,103975915,+
chr5,104582630,104582652,+
chr5,104860019,104860046,+
chr5,105053672,105053716,+
chr5,105062470,105062485,+
chr5,105110390,105110404,+
chr5,105114761,105114777,+
chr5,105139645,105139683,+
chr5,105239660,105239691,+
chr5,105292518,105292565,+
chr5,105293834,105293865,+
chr5,105306077,105306100,+
chr5,105306406,105306462,+
chr5,105345305,105345349,+
chr5,105345481,105345501,+
chr5,105360386,105360405,+
chr5,105367098,105367117,+
chr5,105400057,105400073,+
chr5,105400180,105400196,+
chr5,105508797,105508823,+
chr5,105589146,105589172,+
chr5,105589232,105589248,+
chr5,105614688,105614705,+
chr5,105642518,105642544,+
chr5,105684437,105684473,+
chr5,106676997,106677019,+
chr5,106936964,106936986,+
chr5,107177716,107177752,+
chr5,107201414,107201436,+
chr5,107259536,107259550,+
chr5,107264826,107264857,+
chr5,107264975,107265025,+
chr5,107265178,107265204,+
chr5,107546027,107546046,+
chr5,107687850,107687864,+
chr5,107687868,107687901,+
chr5,107688244,107688258,+
chr5,107703840,107703876,+
chr5,107718533,107718563,+
chr5,107726334,107726348,+
chr5,107754259,107754277,+
chr5,107754698,107754713,+
chr5,107754855,107754877,+
chr5,107926646,107926662,+
chr5,107926941,107926982,+
chr5,107967113,107967148,+
chr5,107978461,107978480,+
chr5,107978621,107978647,+
chr5,108460754,108460801,+
chr5,108465809,108465846,+
chr5,109751688,109751702,+
chr5,109796274,109796288,+
chr5,110108387,110108417,+
chr5,110176428,110176443,+
chr5,110176444,110176466,+
chr5,110639405,110639446,+
chr5,110639611,110639630,+
chr5,110639774,110639796,+
chr5,110771232,110771251,+
chr5,110780769,110780784,+
chr5,110808521,110808543,+
chr5,110808646,110808666,+
chr5,110838951,110838995,+
chr5,110881161,110881177,+
chr5,110881213,110881243,+
chr5,110979925,110979939,+
chr5,111059598,111059627,+
chr5,112274299,112274355,+
chr5,112287450,112287466,+
chr5,112325525,112325563,+
chr5,113035475,113035495,+
chr5,113735366,113735391,+
chr5,113842328,113842356,+
chr5,113918250,113918278,+
chr5,114315251,114315265,+
chr5,114378434,114378469,+
chr5,114378485,114378518,+
chr5,114378536,114378568,+
chr5,114378595,114378614,+
chr5,114505590,114505612,+
chr5,114567961,114567980,+
chr5,114806164,114806180,+
chr5,115132563,115132579,+
chr5,115156539,115156558,+
chr5,115188086,115188112,+
chr5,115489277,115489291,+
chr5,115559138,115559195,+
chr5,115712322,115712341,+
chr5,116625543,116625557,+
chr5,117956148,117956182,+
chr5,118037727,118037794,+
chr5,118375926,118375958,+
chr5,118381227,118381251,+
chr5,118381268,118381284,+
chr5,118477944,118477974,+
chr5,118478365,118478387,+
chr5,118604863,118604879,+
chr5,118633578,118633594,+
chr5,119348515,119348530,+
chr5,119726283,119726306,+
chr5,120578841,120578863,+
chr5,120746467,120746482,+
chr5,121095404,121095419,+
chr5,121106841,121106863,+
chr5,121106892,121106932,+
chr5,121107388,121107421,+
chr5,121191664,121191684,+
chr5,121335369,121335403,+
chr5,121335549,121335564,+
chr5,121385267,121385283,+
chr5,121397819,121397842,+
chr5,121564709,121564731,+
chr5,121837052,121837079,+
chr5,122131391,122131417,+
chr5,122131649,122131663,+
chr5,122131785,122131805,+
chr5,122232173,122232187,+
chr5,122262339,122262396,+
chr5,122288494,122288516,+
chr5,122391683,122391720,+
chr5,122638592,122638614,+
chr5,122638694,122638710,+
chr5,122652440,122652459,+
chr5,122698326,122698360,+
chr5,122698714,122698748,+
chr5,122732686,122732743,+
chr5,122733850,122733950,+
chr5,122811771,122811786,+
chr5,122821338,122821360,+
chr5,122945821,122945848,+
chr5,122949190,122949217,+
chr5,122988971,122989013,+
chr5,122994383,122994402,+
chr5,123057648,123057674,+
chr5,123057741,123057786,+
chr5,123060025,123060041,+
chr5,123060153,123060172,+
chr5,123140002,123140058,+
chr5,123155711,123155730,+
chr5,123228037,123228053,+
chr5,123603456,123603472,+
chr5,123603830,123603845,+
chr5,123682301,123682323,+
chr5,123749228,123749260,+
chr5,123749410,123749424,+
chr5,124034491,124034505,+
chr5,124074781,124074797,+
chr5,124074815,124074834,+
chr5,124185466,124185490,+
chr5,124215213,124215261,+
chr5,124475785,124475804,+
chr5,124482917,124482939,+
chr5,124482998,124483030,+
chr5,125389071,125389090,+
chr5,125389321,125389337,+
chr5,125405822,125405837,+
chr5,125405842,125405864,+
chr5,125406010,125406024,+
chr5,125434485,125434530,+
chr5,125434693,125434707,+
chr5,125466117,125466137,+
chr5,127010932,127010957,+
chr5,128314357,128314381,+
chr5,129105832,129105848,+
chr5,129786925,129786954,+
chr5,129886882,129886919,+
chr5,129895499,129895515,+
chr5,130023737,130023812,+
chr5,130029165,130029184,+
chr5,130144518,130144537,+
chr5,130222033,130222070,+
chr5,130255091,130255113,+
chr5,130255726,130255740,+
chr5,134184074,134184110,+
chr5,134184111,134184141,+
chr5,134233641,134233663,+
chr5,134237008,134237031,+
chr5,134244300,134244320,+
chr5,134269746,134269775,+
chr5,134313722,134313750,+
chr5,134330189,134330225,+
chr5,134332672,134332709,+
chr5,134379023,134379049,+
chr5,134379097,134379111,+
chr5,134491539,134491588,+
chr5,134491625,134491652,+
chr5,134491658,134491712,+
chr5,134491755,134491771,+
chr5,134571560,134571600,+
chr5,134571616,134571653,+
chr5,134582538,134582557,+
chr5,134932025,134932079,+
chr5,134932204,134932226,+
chr5,134933317,134933336,+
chr5,134933384,134933400,+
chr5,134941931,134941972,+
chr5,135025159,135025181,+
chr5,135134393,135134423,+
chr5,135913487,135913534,+
chr5,135957294,135957320,+
chr5,136623173,136623187,+
chr5,136962604,136962618,+
chr5,137103631,137103663,+
chr5,137116191,137116210,+
chr5,137159896,137159925,+
chr5,137189885,137189946,+
chr5,137585299,137585317,+
chr5,137652785,137652799,+
chr5,137692141,137692158,+
chr5,137707536,137707555,+
chr5,138116734,138116760,+
chr5,138116788,138116802,+
chr5,138171009,138171029,+
chr5,138193895,138193917,+
chr5,138194047,138194080,+
chr5,138441258,138441282,+
chr5,138571289,138571303,+
chr5,138603624,138603648,+
chr5,138622804,138622820,+
chr5,138657850,138657870,+
chr5,138658064,138658084,+
chr5,139174748,139174767,+
chr5,139303786,139303808,+
chr5,139382619,139382635,+
chr5,139484485,139484507,+
chr5,139505021,139505049,+
chr5,139775714,139775733,+
chr5,139792187,139792209,+
chr5,140517794,140517808,+
chr5,140517830,140517853,+
chr5,140574906,140574926,+
chr5,140574972,140574992,+
chr5,140618337,140618365,+
chr5,140636585,140636602,+
chr5,140636605,140636639,+
chr5,140831025,140831057,+
chr5,140871275,140871289,+
chr5,140871448,140871470,+
chr5,140948444,140948468,+
chr5,141000699,141000713,+
chr5,141196337,141196369,+
chr5,142401135,142401159,+
chr5,142401175,142401215,+
chr5,142440097,142440116,+
chr5,142794075,142794090,+
chr5,142909018,142909037,+
chr5,142920441,142920458,+
chr5,143043494,143043537,+
chr5,143655096,143655118,+
chr5,143731017,143731033,+
chr5,143731225,143731241,+
chr5,143817570,143817596,+
chr5,144163236,144163250,+
chr5,144221253,144221269,+
chr5,144222654,144222674,+
chr5,144254788,144254819,+
chr5,144254992,144255014,+
chr5,145116518,145116551,+
chr5,145201863,145201882,+
chr5,145231543,145231562,+
chr5,145781444,145781466,+
chr5,145781515,145781551,+
chr5,145781657,145781683,+
chr5,146567384,146567424,+
chr5,146567427,146567443,+
chr5,146567610,146567624,+
chr5,146793876,146793892,+
chr5,146832807,146832835,+
chr5,146948023,146948070,+
chr5,146948194,146948213,+
chr5,146948265,146948284,+
chr5,146963903,146963917,+
chr5,147049854,147049868,+
chr5,147063112,147063167,+
chr5,147063711,147063730,+
chr5,147331602,147331624,+
chr5,147418154,147418168,+
chr5,147564068,147564117,+
chr5,148319924,148319938,+
chr5,148495323,148495349,+
chr5,148634761,148634777,+
chr5,148819793,148819807,+
chr5,148888022,148888048,+
chr5,149015877,149015891,+
chr5,149015993,149016008,+
chr5,149016049,149016071,+
chr5,149051236,149051258,+
chr5,149446535,149446592,+
chr5,149831498,149831513,+
chr5,149850993,149851036,+
chr5,150118329,150118345,+
chr5,150223828,150223842,+
chr5,150522425,150522439,+
chr5,150522457,150522473,+
chr5,151247738,151247760,+
chr5,151368375,151368397,+
chr5,3383841,3383860,-
chr5,3383899,3383921,-
chr5,3384068,3384087,-
chr5,3501939,3501958,-
chr5,3508715,3508745,-
chr5,3509511,3509527,-
chr5,3544476,3544495,-
chr5,3647133,3647149,-
chr5,3669957,3669989,-
chr5,3894170,3894189,-
chr5,3894195,3894239,-
chr5,5775399,5775418,-
chr5,5775595,5775626,-
chr5,7122914,7122948,-
chr5,8628866,8628912,-
chr5,8723004,8723026,-
chr5,9023637,9023673,-
chr5,9023722,9023744,-
chr5,9023850,9023866,-
chr5,9023962,9024006,-
chr5,9101087,9101106,-
chr5,9108167,9108189,-
chr5,11045443,11045486,-
chr5,16470285,16470320,-
chr5,20332966,20332983,-
chr5,20333060,20333082,-
chr5,20443433,20443455,-
chr5,20443674,20443689,-
chr5,20702697,20702711,-
chr5,20942616,20942638,-
chr5,20955752,20955789,-
chr5,20969242,20969262,-
chr5,20969385,20969399,-
chr5,21213243,21213285,-
chr5,21255544,21255558,-
chr5,21255776,21255792,-
chr5,21309505,21309527,-
chr5,21354867,21354938,-
chr5,21378851,21378870,-
chr5,21411645,21411659,-
chr5,21438497,21438511,-
chr5,21438527,21438542,-
chr5,21785344,21785393,-
chr5,23169263,23169306,-
chr5,23169340,23169400,-
chr5,23169407,23169445,-
chr5,23169468,23169497,-
chr5,23386660,23386674,-
chr5,23604689,23604705,-
chr5,23844260,23844282,-
chr5,23851011,23851039,-
chr5,24216213,24216235,-
chr5,24216255,24216294,-
chr5,24266249,24266275,-
chr5,24394013,24394040,-
chr5,24394063,24394095,-
chr5,24423821,24423836,-
chr5,25101077,25101101,-
chr5,25223248,25223271,-
chr5,25478977,25478995,-
chr5,25909444,25909463,-
chr5,25909486,25909505,-
chr5,25909542,25909574,-
chr5,25909662,25909681,-
chr5,27608555,27608569,-
chr5,28270054,28270076,-
chr5,28382241,28382277,-
chr5,28382554,28382576,-
chr5,28403142,28403164,-
chr5,28647441,28647456,-
chr5,28647962,28647984,-
chr5,29568818,29568838,-
chr5,29746305,29746320,-
chr5,30155354,30155373,-
chr5,30156006,30156025,-
chr5,30240864,30240901,-
chr5,30240946,30240962,-
chr5,30887402,30887418,-
chr5,30961780,30961802,-
chr5,31049399,31049426,-
chr5,31094095,31094111,-
chr5,31110920,31110934,-
chr5,31516537,31516571,-
chr5,31698877,31698891,-
chr5,31785379,31785399,-
chr5,31918821,31918837,-
chr5,31918860,31918875,-
chr5,31985512,31985528,-
chr5,32104529,32104555,-
chr5,32133598,32133612,-
chr5,32135263,32135278,-
chr5,32459138,32459162,-
chr5,32477620,32477635,-
chr5,32478834,32478850,-
chr5,32479034,32479050,-
chr5,32479266,32479282,-
chr5,32726834,32726853,-
chr5,32760046,32760073,-
chr5,32760123,32760139,-
chr5,33342197,33342255,-
chr5,33681689,33681711,-
chr5,33830864,33830886,-
chr5,34169024,34169057,-
chr5,34210579,34210615,-
chr5,34549417,34549433,-
chr5,34723791,34723805,-
chr5,35166650,35166672,-
chr5,35575260,35575276,-
chr5,36538678,36538697,-
chr5,36796959,36796981,-
chr5,36860564,36860578,-
chr5,37051575,37051597,-
chr5,37051632,37051649,-
chr5,37051916,37051930,-
chr5,37056389,37056413,-
chr5,37067398,37067423,-
chr5,37607762,37607784,-
chr5,38480320,38480360,-
chr5,38561884,38561910,-
chr5,38562010,38562036,-
chr5,38656930,38656949,-
chr5,38865000,38865015,-
chr5,40081617,40081652,-
chr5,41864489,41864512,-
chr5,43495082,43495104,-
chr5,43495114,43495133,-
chr5,43495138,43495152,-
chr5,43728336,43728358,-
chr5,43948699,43948713,-
chr5,44862246,44862275,-
chr5,45615793,45615809,-
chr5,45730163,45730185,-
chr5,45730333,45730352,-
chr5,49047342,49047364,-
chr5,49047438,49047452,-
chr5,49047528,49047542,-
chr5,49630091,49630105,-
chr5,50206330,50206352,-
chr5,51949371,51949401,-
chr5,52782785,52782807,-
chr5,53430490,53430506,-
chr5,54019842,54019876,-
chr5,54019904,54019920,-
chr5,54067819,54067846,-
chr5,54067895,54067914,-
chr5,54101331,54101347,-
chr5,54101506,54101528,-
chr5,54101657,54101686,-
chr5,54101847,54101869,-
chr5,55182900,55182928,-
chr5,57032513,57032532,-
chr5,57706294,57706324,-
chr5,57706387,57706401,-
chr5,57706497,57706516,-
chr5,58968646,58968665,-
chr5,60868275,60868291,-
chr5,61286826,61286860,-
chr5,61286888,61286935,-
chr5,61287114,61287129,-
chr5,61911955,61912029,-
chr5,61912085,61912195,-
chr5,62223814,62223836,-
chr5,62715495,62715520,-
chr5,62751996,62752010,-
chr5,62753363,62753393,-
chr5,62778844,62778870,-
chr5,62779048,62779062,-
chr5,62791518,62791532,-
chr5,62858474,62858496,-
chr5,62867280,62867296,-
chr5,62911763,62911785,-
chr5,62960132,62960147,-
chr5,64024068,64024103,-
chr5,64149666,64149691,-
chr5,64149966,64150003,-
chr5,64161103,64161125,-
chr5,64371233,64371290,-
chr5,64478850,64478866,-
chr5,64496984,64497015,-
chr5,64505670,64505702,-
chr5,64505743,64505770,-
chr5,64505964,64505978,-
chr5,64651292,64651320,-
chr5,64651362,64651378,-
chr5,64676852,64676882,-
chr5,64684344,64684360,-
chr5,64771812,64771826,-
chr5,64959197,64959218,-
chr5,65103209,65103226,-
chr5,65154448,65154462,-
chr5,65335979,65336010,-
chr5,65336059,65336073,-
chr5,65336194,65336216,-
chr5,65486486,65486508,-
chr5,65493578,65493615,-
chr5,65764671,65764687,-
chr5,65851062,65851076,-
chr5,65857097,65857120,-
chr5,65867730,65867746,-
chr5,65873253,65873277,-
chr5,65882372,65882401,-
chr5,65882511,65882537,-
chr5,65885325,65885339,-
chr5,65898026,65898049,-
chr5,65921095,65921125,-
chr5,65929417,65929436,-
chr5,65955799,65955818,-
chr5,66075171,66075187,-
chr5,66105861,66105883,-
chr5,66193790,66193829,-
chr5,67260938,67260957,-
chr5,67532672,67532694,-
chr5,68449816,68449835,-
chr5,69556525,69556566,-
chr5,70670676,70670690,-
chr5,70858014,70858033,-
chr5,72168308,72168336,-
chr5,72178845,72178867,-
chr5,72340468,72340488,-
chr5,72340621,72340636,-
chr5,72634615,72634629,-
chr5,72636641,72636712,-
chr5,72811895,72811926,-
chr5,72813082,72813101,-
chr5,72868907,72868922,-
chr5,72938766,72938788,-
chr5,72940945,72940961,-
chr5,72941136,72941158,-
chr5,73115262,73115292,-
chr5,73133725,73133745,-
chr5,73152386,73152405,-
chr5,73557104,73557118,-
chr5,74019909,74019925,-
chr5,74944415,74944438,-
chr5,75045002,75045093,-
chr5,75640909,75640933,-
chr5,76435904,76435958,-
chr5,76435963,76436001,-
chr5,76436006,76436052,-
chr5,76565619,76565639,-
chr5,77069884,77069906,-
chr5,77070139,77070167,-
chr5,77134800,77134826,-
chr5,77140632,77140647,-
chr5,77460241,77460263,-
chr5,79176773,79176787,-
chr5,79419397,79419413,-
chr5,80520561,80520596,-
chr5,82647235,82647257,-
chr5,82647291,82647305,-
chr5,82647413,82647432,-
chr5,85172341,85172356,-
chr5,85172552,85172567,-
chr5,86071472,86071487,-
chr5,86086840,86086856,-
chr5,86191085,86191099,-
chr5,88458369,88458383,-
chr5,88458511,88458527,-
chr5,88458619,88458636,-
chr5,88685950,88685965,-
chr5,88689627,88689663,-
chr5,88689674,88689690,-
chr5,90224186,90224205,-
chr5,90365713,90365728,-
chr5,90365770,90365793,-
chr5,90365853,90365868,-
chr5,91686217,91686232,-
chr5,92245701,92245723,-
chr5,92374883,92374903,-
chr5,92435270,92435292,-
chr5,92491718,92491738,-
chr5,93021137,93021161,-
chr5,93133447,93133461,-
chr5,93263793,93263807,-
chr5,93263882,93263910,-
chr5,93990408,93990445,-
chr5,93990456,93990476,-
chr5,94368898,94368935,-
chr5,94368946,94368966,-
chr5,95016847,95016885,-
chr5,95016896,95016916,-
chr5,95334163,95334198,-
chr5,95334209,95334229,-
chr5,95656234,95656271,-
chr5,95656282,95656302,-
chr5,96184497,96184519,-
chr5,96201713,96201747,-
chr5,96201852,96201874,-
chr5,96911895,96911929,-
chr5,96911987,96912001,-
chr5,96913151,96913170,-
chr5,96916988,96917007,-
chr5,96963130,96963154,-
chr5,96976222,96976244,-
chr5,97009614,97009630,-
chr5,97055814,97055836,-
chr5,97056004,97056018,-
chr5,97112021,97112049,-
chr5,97112165,97112211,-
chr5,98006893,98006939,-
chr5,98348727,98348749,-
chr5,99253180,99253199,-
chr5,99336647,99336669,-
chr5,100429937,100429959,-
chr5,100501028,100501044,-
chr5,100517962,100517981,-
chr5,100518010,100518054,-
chr5,100526361,100526383,-
chr5,100642730,100642749,-
chr5,100644361,100644380,-
chr5,100720381,100720403,-
chr5,102700450,102700485,-
chr5,102701943,102701978,-
chr5,103356147,103356167,-
chr5,103356224,103356240,-
chr5,103356355,103356395,-
chr5,103367190,103367204,-
chr5,103698414,103698440,-
chr5,103753466,103753496,-
chr5,103914963,103914983,-
chr5,103971657,103971673,-
chr5,104046336,104046358,-
chr5,104571662,104571689,-
chr5,105292363,105292386,-
chr5,105306590,105306606,-
chr5,105360978,105361013,-
chr5,105500584,105500599,-
chr5,105500663,105500690,-
chr5,105508906,105508928,-
chr5,105518252,105518271,-
chr5,105589089,105589115,-
chr5,105589381,105589403,-
chr5,105684878,105684911,-
chr5,105718331,105718377,-
chr5,105798516,105798538,-
chr5,107148369,107148383,-
chr5,107259393,107259459,-
chr5,107265250,107265264,-
chr5,107354081,107354097,-
chr5,107598344,107598398,-
chr5,107703486,107703512,-
chr5,107718332,107718354,-
chr5,107718474,107718490,-
chr5,107726050,107726064,-
chr5,107921519,107921533,-
chr5,107986246,107986261,-
chr5,108465785,108465801,-
chr5,110231628,110231643,-
chr5,110231794,110231808,-
chr5,110270021,110270063,-
chr5,110512883,110512913,-
chr5,110583238,110583252,-
chr5,110839070,110839086,-
chr5,110881290,110881316,-
chr5,111059464,111059498,-
chr5,111178547,111178574,-
chr5,111815316,111815349,-
chr5,112286698,112286717,-
chr5,112298439,112298455,-
chr5,113773699,113773721,-
chr5,113773766,113773781,-
chr5,114039232,114039326,-
chr5,114039507,114039537,-
chr5,114323245,114323259,-
chr5,114378269,114378285,-
chr5,114380682,114380698,-
chr5,115235690,115235706,-
chr5,115471057,115471128,-
chr5,115484560,115484605,-
chr5,115489253,115489267,-
chr5,115490440,115490468,-
chr5,115490602,115490616,-
chr5,115516267,115516286,-
chr5,115761196,115761234,-
chr5,117114554,117114587,-
chr5,117114825,117114867,-
chr5,117287881,117287904,-
chr5,117355748,117355767,-
chr5,118038125,118038161,-
chr5,118045546,118045569,-
chr5,118047253,118047272,-
chr5,118155622,118155650,-
chr5,118360111,118360145,-
chr5,118465451,118465477,-
chr5,118477910,118477947,-
chr5,118478512,118478579,-
chr5,118561058,118561091,-
chr5,118588347,118588373,-
chr5,118588566,118588580,-
chr5,118588600,118588614,-
chr5,118604824,118604839,-
chr5,118633297,118633317,-
chr5,119348559,119348581,-
chr5,119360164,119360193,-
chr5,119360204,119360264,-
chr5,120102816,120102835,-
chr5,120116182,120116202,-
chr5,120552582,120552598,-
chr5,120648526,120648572,-
chr5,121095475,121095564,-
chr5,121107210,121107232,-
chr5,121112745,121112790,-
chr5,121112794,121112982,-
chr5,121229576,121229592,-
chr5,121335467,121335486,-
chr5,121602192,121602208,-
chr5,121838399,121838435,-
chr5,121838929,121838949,-
chr5,121849328,121849355,-
chr5,121849476,121849549,-
chr5,122163617,122163633,-
chr5,122228544,122228577,-
chr5,122228637,122228664,-
chr5,122228724,122228743,-
chr5,122230905,122230925,-
chr5,122262467,122262483,-
chr5,122288401,122288420,-
chr5,122298909,122298933,-
chr5,122372732,122372768,-
chr5,122394164,122394195,-
chr5,122602272,122602294,-
chr5,122698790,122698819,-
chr5,122708284,122708318,-
chr5,122733675,122733713,-
chr5,122733827,122733841,-
chr5,122811942,122811957,-
chr5,122821556,122821572,-
chr5,122832968,122832982,-
chr5,122990498,122990520,-
chr5,122990677,122990692,-
chr5,122994312,122994327,-
chr5,122994333,122994359,-
chr5,122994462,122994488,-
chr5,122995208,122995251,-
chr5,123057673,123057687,-
chr5,123140132,123140146,-
chr5,123167752,123167811,-
chr5,123199034,123199050,-
chr5,123220726,123220740,-
chr5,123228586,123228622,-
chr5,123244476,123244516,-
chr5,123244641,123244708,-
chr5,123539721,123539769,-
chr5,123573196,123573217,-
chr5,123721364,123721386,-
chr5,124034789,124034833,-
chr5,124035827,124035854,-
chr5,124035863,124035887,-
chr5,124036015,124036041,-
chr5,124075277,124075297,-
chr5,124075494,124075519,-
chr5,124426261,124426299,-
chr5,124579274,124579298,-
chr5,124602405,124602440,-
chr5,124614800,124614841,-
chr5,124944668,124944690,-
chr5,124955225,124955244,-
chr5,125158670,125158684,-
chr5,125368503,125368549,-
chr5,125405779,125405801,-
chr5,127904211,127904235,-
chr5,129847044,129847059,-
chr5,129887684,129887708,-
chr5,130036293,130036323,-
chr5,130196702,130196716,-
chr5,130222866,130222885,-
chr5,130255739,130255761,-
chr5,132682386,132682408,-
chr5,134227917,134227933,-
chr5,134236639,134236654,-
chr5,134314735,134314759,-
chr5,134314764,134314778,-
chr5,134333015,134333051,-
chr5,134333213,134333248,-
chr5,134350756,134350775,-
chr5,134491798,134491818,-
chr5,134582508,134582527,-
chr5,135001720,135001740,-
chr5,135024881,135024930,-
chr5,135632396,135632454,-
chr5,135934902,135934916,-
chr5,135957904,135957937,-
chr5,135968872,135968916,-
chr5,135969118,135969132,-
chr5,135969143,135969159,-
chr5,136199300,136199337,-
chr5,136459918,136459934,-
chr5,136962575,136962594,-
chr5,137103685,137103701,-
chr5,137159824,137159863,-
chr5,137338467,137338489,-
chr5,137338538,137338552,-
chr5,137585346,137585366,-
chr5,137694007,137694047,-
chr5,137694140,137694167,-
chr5,138085485,138085521,-
chr5,138187366,138187380,-
chr5,138187480,138187495,-
chr5,138264150,138264175,-
chr5,138571249,138571265,-
chr5,138571352,138571367,-
chr5,138571399,138571414,-
chr5,138571460,138571481,-
chr5,139167242,139167270,-
chr5,139167335,139167377,-
chr5,139167532,139167588,-
chr5,139196414,139196436,-
chr5,139196480,139196502,-
chr5,139196557,139196585,-
chr5,139196623,139196657,-
chr5,139283632,139283662,-
chr5,139382504,139382542,-
chr5,139827078,139827101,-
chr5,140215360,140215375,-
chr5,140215475,140215492,-
chr5,140321777,140321807,-
chr5,140321971,140322026,-
chr5,140419086,140419106,-
chr5,140419155,140419171,-
chr5,140505111,140505144,-
chr5,140575886,140575912,-
chr5,140596980,140597002,-
chr5,140618385,140618419,-
chr5,140702431,140702496,-
chr5,140948301,140948320,-
chr5,141018158,141018173,-
chr5,141084964,141084986,-
chr5,141305940,141305962,-
chr5,141306041,141306086,-
chr5,141985288,141985341,-
chr5,142440871,142440923,-
chr5,142881442,142881464,-
chr5,142920550,142920594,-
chr5,142932064,142932086,-
chr5,143329352,143329383,-
chr5,143329501,143329520,-
chr5,143329522,143329546,-
chr5,143621798,143621812,-
chr5,143621941,143621956,-
chr5,143630867,143630889,-
chr5,143630938,143630957,-
chr5,143631007,143631047,-
chr5,143631066,143631088,-
chr5,143669911,143669950,-
chr5,143670140,143670154,-
chr5,143818220,143818246,-
chr5,143818266,143818288,-
chr5,143910292,143910312,-
chr5,143917721,143917766,-
chr5,144015096,144015153,-
chr5,144015301,144015391,-
chr5,144254973,144254991,-
chr5,144876176,144876233,-
chr5,144876343,144876359,-
chr5,144876372,144876388,-
chr5,145084014,145084036,-
chr5,145116310,145116341,-
chr5,145116725,145116741,-
chr5,145204259,145204280,-
chr5,145280293,145280313,-
chr5,145281071,145281086,-
chr5,146379534,146379551,-
chr5,146379689,146379716,-
chr5,146567669,146567685,-
chr5,146567723,146567744,-
chr5,146832736,146832760,-
chr5,147063648,147063675,-
chr5,147331651,147331673,-
chr5,147331860,147331879,-
chr5,147431529,147431549,-
chr5,147894376,147894398,-
chr5,147894445,147894472,-
chr5,148342541,148342556,-
chr5,148400136,148400158,-
chr5,148495597,148495619,-
chr5,148501502,148501516,-
chr5,148501855,148501869,-
chr5,148622561,148622608,-
chr5,148679101,148679120,-
chr5,148700222,148700238,-
chr5,148831659,148831675,-
chr5,148831797,148831819,-
chr5,148866879,148866898,-
chr5,149016268,149016292,-
chr5,149016632,149016685,-
chr5,149051512,149051557,-
chr5,149368557,149368573,-
chr5,149428938,149428952,-
chr5,149434277,149434310,-
chr5,149526965,149526991,-
chr5,149831478,149831494,-
chr5,150118315,150118330,-
chr5,150186442,150186464,-
chr5,150186465,150186484,-
chr5,150379429,150379445,-
chr5,150594499,150594514,-
chr5,150674553,150674601,-
chr5,151247173,151247195,-
chr5,151369056,151369072,-
chr5,151686721,151686743,-
chr6,3345887,3345922,+
chr6,6578185,6578207,+
chr6,6754555,6754589,+
chr6,8351960,8351976,+
chr6,8408821,8408837,+
chr6,8505330,8505390,+
chr6,8511139,8511158,+
chr6,8649036,8649059,+
chr6,8649114,8649153,+
chr6,8735208,8735242,+
chr6,8735484,8735498,+
chr6,8735630,8735652,+
chr6,10075471,10075497,+
chr6,10075705,10075719,+
chr6,11062612,11062640,+
chr6,12082016,12082038,+
chr6,12315319,12315356,+
chr6,13070456,13070475,+
chr6,15322333,15322347,+
chr6,15322365,15322385,+
chr6,15710907,15710930,+
chr6,15720170,15720185,+
chr6,15728464,15728486,+
chr6,15779191,15779205,+
chr6,15779371,15779395,+
chr6,15780153,15780167,+
chr6,16693260,16693274,+
chr6,16693282,16693314,+
chr6,16693334,16693351,+
chr6,21016398,21016420,+
chr6,21313916,21313972,+
chr6,21949355,21949375,+
chr6,22330667,22330687,+
chr6,22349674,22349704,+
chr6,22350357,22350393,+
chr6,22350455,22350477,+
chr6,22409095,22409124,+
chr6,22409380,22409396,+
chr6,22424426,22424441,+
chr6,22496035,22496049,+
chr6,25469770,25469784,+
chr6,26392209,26392225,+
chr6,26392363,26392378,+
chr6,26392408,26392430,+
chr6,27289322,27289342,+
chr6,28410332,28410346,+
chr6,29164774,29164788,+
chr6,29165038,29165054,+
chr6,29232194,29232218,+
chr6,29841682,29841721,+
chr6,29841811,29841827,+
chr6,29853445,29853459,+
chr6,29985217,29985236,+
chr6,29985292,29985308,+
chr6,30047587,30047603,+
chr6,30326161,30326183,+
chr6,30326191,30326205,+
chr6,30357800,30357844,+
chr6,30401378,30401397,+
chr6,30510210,30510243,+
chr6,31080119,31080146,+
chr6,31114928,31114979,+
chr6,31115012,31115032,+
chr6,31126342,31126372,+
chr6,31176469,31176485,+
chr6,31190659,31190686,+
chr6,31190689,31190728,+
chr6,31191006,31191020,+
chr6,31216408,31216422,+
chr6,31218525,31218546,+
chr6,31233451,31233473,+
chr6,33060192,33060214,+
chr6,33307354,33307370,+
chr6,34176345,34176367,+
chr6,34952094,34952114,+
chr6,35134028,35134047,+
chr6,35172076,35172106,+
chr6,35379978,35380005,+
chr6,37054956,37054984,+
chr6,37481188,37481202,+
chr6,37821731,37821751,+
chr6,38120711,38120730,+
chr6,38344050,38344064,+
chr6,38344280,38344302,+
chr6,38365147,38365162,+
chr6,38534239,38534280,+
chr6,38534408,38534450,+
chr6,38805922,38805959,+
chr6,39241627,39241646,+
chr6,39241771,39241793,+
chr6,39315928,39315974,+
chr6,39316247,39316262,+
chr6,39334199,39334215,+
chr6,39334421,39334440,+
chr6,39379342,39379364,+
chr6,39379741,39379763,+
chr6,39379847,39379879,+
chr6,39451273,39451289,+
chr6,39463280,39463295,+
chr6,40440447,40440483,+
chr6,40471158,40471255,+
chr6,41124908,41124942,+
chr6,41125132,41125151,+
chr6,41151251,41151272,+
chr6,41200807,41200875,+
chr6,41200883,41200917,+
chr6,41200975,41200997,+
chr6,41201001,41201038,+
chr6,41216341,41216360,+
chr6,41540111,41540142,+
chr6,42380528,42380550,+
chr6,42389062,42389090,+
chr6,42389143,42389169,+
chr6,42454704,42454718,+
chr6,43198394,43198408,+
chr6,47350061,47350145,+
chr6,47788654,47788680,+
chr6,47953527,47953546,+
chr6,48546462,48546476,+
chr6,48554623,48554651,+
chr6,48680752,48680780,+
chr6,48697110,48697132,+
chr6,48697135,48697214,+
chr6,48700384,48700403,+
chr6,48707618,48707634,+
chr6,48707670,48707686,+
chr6,48707726,48707748,+
chr6,48707810,48707838,+
chr6,48707852,48707883,+
chr6,48733371,48733393,+
chr6,48738694,48738771,+
chr6,48740026,48740165,+
chr6,48817828,48817851,+
chr6,48829857,48829871,+
chr6,49036323,49036358,+
chr6,49217203,49217237,+
chr6,49397703,49397725,+
chr6,49973748,49973770,+
chr6,50303221,50303245,+
chr6,50303364,50303393,+
chr6,50303431,50303445,+
chr6,50373003,50373017,+
chr6,50381646,50381660,+
chr6,50390272,50390307,+
chr6,50393945,50393971,+
chr6,50417246,50417280,+
chr6,50937204,50937230,+
chr6,50937436,50937455,+
chr6,51060422,51060451,+
chr6,51209262,51209309,+
chr6,51469169,51469197,+
chr6,51510465,51510497,+
chr6,51529434,51529458,+
chr6,51618480,51618499,+
chr6,52211941,52211964,+
chr6,52957737,52957753,+
chr6,53699804,53699840,+
chr6,54229037,54229071,+
chr6,54681143,54681194,+
chr6,54705274,54705310,+
chr6,54759788,54759803,+
chr6,54766694,54766717,+
chr6,54817567,54817583,+
chr6,54850000,54850016,+
chr6,54964906,54964944,+
chr6,54972730,54972753,+
chr6,54972999,54973026,+
chr6,56608269,56608296,+
chr6,56901486,56901501,+
chr6,56909032,56909046,+
chr6,56916212,56916264,+
chr6,56916383,56916408,+
chr6,56916639,56916666,+
chr6,57306447,57306469,+
chr6,57306664,57306678,+
chr6,57570491,57570543,+
chr6,57570652,57570689,+
chr6,57823154,57823202,+
chr6,57823383,57823464,+
chr6,57823520,57823536,+
chr6,57823777,57823811,+
chr6,58758912,58758976,+
chr6,59013967,59013986,+
chr6,59411979,59412011,+
chr6,59412118,59412139,+
chr6,59412269,59412305,+
chr6,59535639,59535663,+
chr6,60607635,60607670,+
chr6,65510230,65510257,+
chr6,65510259,65510322,+
chr6,65600147,65600169,+
chr6,65600206,65600229,+
chr6,66318899,66318934,+
chr6,66318966,66318993,+
chr6,66319005,66319037,+
chr6,66319573,66319598,+
chr6,66319726,66319763,+
chr6,66320061,66320080,+
chr6,66320171,66320203,+
chr6,66320237,66320259,+
chr6,66895938,66895988,+
chr6,67184956,67184972,+
chr6,67185049,67185071,+
chr6,67266653,67266675,+
chr6,67267199,67267218,+
chr6,68162848,68162877,+
chr6,68162987,68163059,+
chr6,69250055,69250077,+
chr6,70090961,70090977,+
chr6,70090986,70091005,+
chr6,70091113,70091127,+
chr6,70091132,70091151,+
chr6,70091161,70091183,+
chr6,70285335,70285354,+
chr6,70714444,70714460,+
chr6,70714471,70714485,+
chr6,70797881,70797903,+
chr6,70804807,70804832,+
chr6,70805394,70805418,+
chr6,70824540,70824562,+
chr6,71167091,71167110,+
chr6,71493590,71493631,+
chr6,71593169,71593183,+
chr6,71823800,71823819,+
chr6,72362929,72362945,+
chr6,72535274,72535290,+
chr6,72553102,72553142,+
chr6,72635658,72635673,+
chr6,72636060,72636076,+
chr6,72798005,72798065,+
chr6,72949878,72949913,+
chr6,72962311,72962327,+
chr6,73020310,73020324,+
chr6,73210434,73210449,+
chr6,79291338,79291362,+
chr6,79605092,79605106,+
chr6,81679005,81679025,+
chr6,82103783,82103802,+
chr6,82921857,82921872,+
chr6,83010097,83010111,+
chr6,83054588,83054608,+
chr6,83095929,83095986,+
chr6,83096114,83096140,+
chr6,83115323,83115342,+
chr6,83121548,83121570,+
chr6,83121604,83121619,+
chr6,83159680,83159700,+
chr6,83159928,83159944,+
chr6,83165598,83165617,+
chr6,83312423,83312455,+
chr6,83312472,83312488,+
chr6,83415425,83415447,+
chr6,83416392,83416414,+
chr6,83416663,83416679,+
chr6,83428606,83428628,+
chr6,83440884,83440920,+
chr6,83440931,83440963,+
chr6,83688921,83688936,+
chr6,83688988,83689010,+
chr6,83779050,83779070,+
chr6,83863682,83863706,+
chr6,84078522,84078536,+
chr6,85068504,85068523,+
chr6,85068597,85068628,+
chr6,85159218,85159251,+
chr6,85966436,85966452,+
chr6,85966462,85966510,+
chr6,86605322,86605344,+
chr6,86645352,86645398,+
chr6,86850750,86850764,+
chr6,87503013,87503035,+
chr6,87504176,87504195,+
chr6,88075288,88075303,+
chr6,88419366,88419403,+
chr6,88419435,88419457,+
chr6,88419485,88419515,+
chr6,88419672,88419694,+
chr6,88465172,88465186,+
chr6,88769861,88769880,+
chr6,90010874,90010888,+
chr6,90010956,90010981,+
chr6,90740929,90740948,+
chr6,90741072,90741086,+
chr6,91108373,91108399,+
chr6,91108791,91108817,+
chr6,91109183,91109198,+
chr6,91767116,91767136,+
chr6,91767230,91767256,+
chr6,92091518,92091540,+
chr6,92745468,92745584,+
chr6,94634196,94634246,+
chr6,94634309,94634335,+
chr6,94634377,94634407,+
chr6,94661639,94661663,+
chr6,94665181,94665197,+
chr6,94665606,94665632,+
chr6,94690564,94690606,+
chr6,94967366,94967390,+
chr6,95515859,95515874,+
chr6,97277553,97277575,+
chr6,97294192,97294220,+
chr6,97294518,97294533,+
chr6,97353396,97353412,+
chr6,98085317,98085336,+
chr6,98085372,98085387,+
chr6,98992811,98992825,+
chr6,98993440,98993457,+
chr6,99013428,99013456,+
chr6,99023592,99023615,+
chr6,99023647,99023663,+
chr6,99023844,99023858,+
chr6,99026457,99026479,+
chr6,99031086,99031128,+
chr6,99031362,99031384,+
chr6,99050524,99050567,+
chr6,99050776,99050792,+
chr6,99094705,99094721,+
chr6,99095559,99095574,+
chr6,99096021,99096035,+
chr6,99131053,99131095,+
chr6,99131096,99131114,+
chr6,99172004,99172023,+
chr6,99172772,99172794,+
chr6,99261004,99261020,+
chr6,99261645,99261669,+
chr6,99266304,99266323,+
chr6,99266525,99266544,+
chr6,99270051,99270075,+
chr6,99275915,99275934,+
chr6,99309416,99309435,+
chr6,99310174,99310193,+
chr6,99380219,99380233,+
chr6,99394496,99394515,+
chr6,99395310,99395332,+
chr6,99402144,99402158,+
chr6,99435415,99435437,+
chr6,99474427,99474464,+
chr6,99522918,99522938,+
chr6,99540760,99540779,+
chr6,99540787,99540811,+
chr6,99540906,99540928,+
chr6,99643854,99643873,+
chr6,99644101,99644127,+
chr6,99644225,99644244,+
chr6,99665571,99665593,+
chr6,99665764,99665795,+
chr6,99665805,99665833,+
chr6,99670969,99670983,+
chr6,99719555,99719573,+
chr6,100438688,100438703,+
chr6,103340028,103340065,+
chr6,103340256,103340270,+
chr6,106768962,106769020,+
chr6,107687869,107687904,+
chr6,108098393,108098444,+
chr6,108098553,108098596,+
chr6,108113158,108113180,+
chr6,108169472,108169488,+
chr6,108185702,108185724,+
chr6,108328311,108328325,+
chr6,108435257,108435281,+
chr6,108435329,108435361,+
chr6,108553694,108553723,+
chr6,108553760,108553794,+
chr6,108553967,108553991,+
chr6,108657549,108657565,+
chr6,108688428,108688450,+
chr6,108782875,108782909,+
chr6,108830481,108830522,+
chr6,111108886,111108938,+
chr6,112695711,112695745,+
chr6,112695871,112695904,+
chr6,112696046,112696069,+
chr6,112852254,112852276,+
chr6,113377919,113377941,+
chr6,113531716,113531735,+
chr6,113661297,113661319,+
chr6,113661956,113661975,+
chr6,113662056,113662088,+
chr6,114444995,114445017,+
chr6,114796447,114796488,+
chr6,114893699,114893725,+
chr6,114893946,114893974,+
chr6,114907464,114907504,+
chr6,114907523,114907572,+
chr6,114907579,114907617,+
chr6,114921703,114921742,+
chr6,115544452,115544492,+
chr6,115601565,115601587,+
chr6,115697936,115697958,+
chr6,115803547,115803587,+
chr6,115854458,115854517,+
chr6,115854695,115854711,+
chr6,115989529,115989568,+
chr6,117879906,117879920,+
chr6,117900073,117900103,+
chr6,117900369,117900406,+
chr6,118139376,118139409,+
chr6,118419458,118419474,+
chr6,119175084,119175100,+
chr6,119408909,119408933,+
chr6,119635388,119635413,+
chr6,119635503,119635533,+
chr6,119635774,119635794,+
chr6,119848395,119848417,+
chr6,119903796,119903820,+
chr6,120082246,120082281,+
chr6,120111799,120111875,+
chr6,120114568,120114685,+
chr6,120155552,120155567,+
chr6,120193429,120193448,+
chr6,120193518,120193540,+
chr6,120357362,120357381,+
chr6,120363953,120363968,+
chr6,120364248,120364286,+
chr6,120364428,120364442,+
chr6,120464243,120464274,+
chr6,120488719,120488741,+
chr6,120488834,120488879,+
chr6,120529179,120529209,+
chr6,120567604,120567619,+
chr6,120580179,120580198,+
chr6,120822236,120822263,+
chr6,120836862,120836895,+
chr6,121017461,121017477,+
chr6,121108947,121108991,+
chr6,121109063,121109082,+
chr6,121130646,121130665,+
chr6,121272806,121272921,+
chr6,122291779,122291793,+
chr6,122291828,122291875,+
chr6,122308460,122308479,+
chr6,122527932,122527948,+
chr6,122556998,122557024,+
chr6,122602651,122602690,+
chr6,122742796,122742816,+
chr6,122759064,122759186,+
chr6,122811636,122811670,+
chr6,123362470,123362484,+
chr6,123362594,123362615,+
chr6,124423178,124423200,+
chr6,124779818,124779851,+
chr6,124885754,124885815,+
chr6,124885961,124885984,+
chr6,125008720,125008744,+
chr6,125241547,125241576,+
chr6,125241973,125242035,+
chr6,126811515,126811535,+
chr6,126811643,126811662,+
chr6,126939784,126939798,+
chr6,126939830,126939852,+
chr6,126939941,126939957,+
chr6,127104204,127104219,+
chr6,127104323,127104343,+
chr6,127240279,127240301,+
chr6,127306194,127306221,+
chr6,127306277,127306305,+
chr6,127306443,127306463,+
chr6,127434432,127434451,+
chr6,127561849,127561877,+
chr6,127575284,127575300,+
chr6,127634870,127634899,+
chr6,127635084,127635098,+
chr6,127635128,127635150,+
chr6,128760262,128760294,+
chr6,128766763,128766782,+
chr6,128799047,128799079,+
chr6,128799435,128799451,+
chr6,128805087,128805106,+
chr6,128807302,128807345,+
chr6,128836295,128836309,+
chr6,128836393,128836408,+
chr6,128836639,128836659,+
chr6,128937086,128937100,+
chr6,128963194,128963227,+
chr6,129180426,129180464,+
chr6,129186108,129186123,+
chr6,129219464,129219493,+
chr6,129219534,129219581,+
chr6,129219595,129219634,+
chr6,129219658,129219680,+
chr6,129234129,129234154,+
chr6,129238149,129238171,+
chr6,129238322,129238353,+
chr6,129273749,129273771,+
chr6,129304494,129304508,+
chr6,129307016,129307044,+
chr6,129423699,129423718,+
chr6,129533079,129533106,+
chr6,131292927,131292973,+
chr6,131387441,131387456,+
chr6,131569011,131569026,+
chr6,131569034,131569049,+
chr6,131569293,131569325,+
chr6,131569347,131569367,+
chr6,131569375,131569399,+
chr6,132463666,132463716,+
chr6,134048369,134048384,+
chr6,134343065,134343081,+
chr6,134389567,134389601,+
chr6,134555435,134555457,+
chr6,134829895,134829914,+
chr6,134872992,134873011,+
chr6,134898264,134898312,+
chr6,134919014,134919030,+
chr6,135011394,135011423,+
chr6,135218429,135218451,+
chr6,135364614,135364630,+
chr6,136449738,136449760,+
chr6,136463673,136463700,+
chr6,136464007,136464048,+
chr6,136464244,136464263,+
chr6,136477115,136477131,+
chr6,136477227,136477262,+
chr6,136477333,136477347,+
chr6,136491393,136491412,+
chr6,136518492,136518554,+
chr6,136518560,136518591,+
chr6,136722169,136722185,+
chr6,136722191,136722213,+
chr6,136722223,136722239,+
chr6,136722319,136722348,+
chr6,136743840,136743856,+
chr6,136744038,136744072,+
chr6,136804385,136804401,+
chr6,136804600,136804614,+
chr6,136898975,136899012,+
chr6,137456545,137456588,+
chr6,139811117,139811131,+
chr6,140459667,140459686,+
chr6,140598840,140598854,+
chr6,140615121,140615137,+
chr6,140623118,140623152,+
chr6,140722239,140722258,+
chr6,141889579,141889593,+
chr6,142123248,142123273,+
chr6,142123396,142123415,+
chr6,142346241,142346257,+
chr6,142538713,142538735,+
chr6,142659347,142659370,+
chr6,142780019,142780035,+
chr6,142876931,142876981,+
chr6,142877209,142877228,+
chr6,142885692,142885714,+
chr6,142917484,142917506,+
chr6,142918007,142918050,+
chr6,142942213,142942235,+
chr6,142945676,142945702,+
chr6,142956510,142956539,+
chr6,142956552,142956578,+
chr6,142956683,142956699,+
chr6,143099802,143099818,+
chr6,143114430,143114452,+
chr6,143868203,143868217,+
chr6,143991013,143991058,+
chr6,144572922,144572962,+
chr6,144670409,144670424,+
chr6,144670489,144670515,+
chr6,144902147,144902166,+
chr6,144953064,144953127,+
chr6,145101166,145101180,+
chr6,145101485,145101512,+
chr6,145187407,145187429,+
chr6,145242184,145242206,+
chr6,145242289,145242321,+
chr6,145341237,145341256,+
chr6,145360349,145360371,+
chr6,145360449,145360469,+
chr6,145417992,145418008,+
chr6,145418239,145418261,+
chr6,145981080,145981105,+
chr6,145981320,145981342,+
chr6,146221463,146221485,+
chr6,146410416,146410436,+
chr6,146481234,146481272,+
chr6,146481306,146481322,+
chr6,146490178,146490194,+
chr6,146498126,146498140,+
chr6,146501545,146501564,+
chr6,146521233,146521247,+
chr6,146521431,146521475,+
chr6,146522062,146522084,+
chr6,146636361,146636412,+
chr6,146642188,146642213,+
chr6,146642218,146642276,+
chr6,147042524,147042544,+
chr6,147042568,147042622,+
chr6,147099749,147099768,+
chr6,147655638,147655657,+
chr6,148165358,148165398,+
chr6,148958945,148958961,+
chr6,149141460,149141485,+
chr6,149366360,149366425,+
chr6,149366460,149366494,+
chr6,149366527,149366546,+
chr6,149366660,149366692,+
chr6,3346199,3346215,-
chr6,3346257,3346273,-
chr6,3399611,3399627,-
chr6,3399671,3399687,-
chr6,3447344,3447371,-
chr6,4167092,4167133,-
chr6,4317794,4317809,-
chr6,4319210,4319232,-
chr6,4319242,4319281,-
chr6,4888748,4888772,-
chr6,5271661,5271680,-
chr6,5271712,5271742,-
chr6,5297864,5297884,-
chr6,5298594,5298624,-
chr6,5298642,5298661,-
chr6,6578761,6578802,-
chr6,7844023,7844038,-
chr6,8259653,8259679,-
chr6,8408603,8408648,-
chr6,8408701,8408716,-
chr6,8486236,8486259,-
chr6,8505139,8505155,-
chr6,8505400,8505415,-
chr6,8510892,8510914,-
chr6,8511060,8511101,-
chr6,8735374,8735393,-
chr6,8735561,8735589,-
chr6,11062571,11062597,-
chr6,11062749,11062763,-
chr6,11907638,11907673,-
chr6,11925994,11926016,-
chr6,12038467,12038501,-
chr6,12301516,12301553,-
chr6,12783288,12783324,-
chr6,13841231,13841258,-
chr6,14751433,14751449,-
chr6,15322104,15322120,-
chr6,15728964,15728993,-
chr6,15729372,15729394,-
chr6,15729448,15729474,-
chr6,15747665,15747681,-
chr6,15748249,15748268,-
chr6,15748285,15748299,-
chr6,15793847,15793869,-
chr6,17259806,17259820,-
chr6,17259896,17259912,-
chr6,17726127,17726141,-
chr6,17726316,17726331,-
chr6,17748978,17748992,-
chr6,17749043,17749076,-
chr6,19996901,19996925,-
chr6,20550106,20550121,-
chr6,20550215,20550234,-
chr6,20550242,20550275,-
chr6,20550284,20550316,-
chr6,21313820,21313848,-
chr6,21949599,21949643,-
chr6,22378813,22378844,-
chr6,22408971,22408993,-
chr6,22424358,22424380,-
chr6,22444554,22444576,-
chr6,24530390,24530424,-
chr6,24530451,24530475,-
chr6,25884733,25884755,-
chr6,25986814,25986828,-
chr6,25987022,25987054,-
chr6,27649597,27649648,-
chr6,28147547,28147588,-
chr6,28487039,28487061,-
chr6,29838718,29838732,-
chr6,29838955,29838992,-
chr6,30205536,30205604,-
chr6,30391156,30391172,-
chr6,30401324,30401346,-
chr6,30592146,30592160,-
chr6,30592253,30592327,-
chr6,31176741,31176756,-
chr6,31184806,31184828,-
chr6,31189183,31189210,-
chr6,31190868,31190908,-
chr6,31201630,31201645,-
chr6,31399963,31400050,-
chr6,31400058,31400074,-
chr6,31400104,31400126,-
chr6,33248894,33248916,-
chr6,33307255,33307269,-
chr6,33307338,33307360,-
chr6,33307371,33307387,-
chr6,34317721,34317735,-
chr6,34476430,34476445,-
chr6,34495193,34495220,-
chr6,35133936,35133960,-
chr6,35172284,35172299,-
chr6,35172318,35172345,-
chr6,35256971,35256987,-
chr6,35257909,35257955,-
chr6,35776169,35776195,-
chr6,35776319,35776356,-
chr6,35776363,35776390,-
chr6,35776443,35776465,-
chr6,35776485,35776507,-
chr6,37054524,37054540,-
chr6,37054598,37054614,-
chr6,37055062,37055076,-
chr6,37464565,37464584,-
chr6,37608341,37608360,-
chr6,37608378,37608410,-
chr6,37821813,37821868,-
chr6,38352389,38352429,-
chr6,38365090,38365118,-
chr6,38365252,38365268,-
chr6,38533996,38534028,-
chr6,38534071,38534085,-
chr6,38535490,38535506,-
chr6,38552156,38552178,-
chr6,38806046,38806070,-
chr6,38848042,38848058,-
chr6,39205419,39205435,-
chr6,39275421,39275450,-
chr6,39316311,39316345,-
chr6,39380165,39380210,-
chr6,39420239,39420261,-
chr6,39810465,39810488,-
chr6,39810677,39810693,-
chr6,41124986,41125053,-
chr6,41125070,41125107,-
chr6,41137238,41137299,-
chr6,41137413,41137476,-
chr6,41151129,41151164,-
chr6,41177217,41177254,-
chr6,41215780,41215811,-
chr6,41216203,41216220,-
chr6,41218770,41218797,-
chr6,41218917,41218931,-
chr6,41553678,41553694,-
chr6,42265069,42265094,-
chr6,42389181,42389203,-
chr6,42389310,42389326,-
chr6,46760407,46760426,-
chr6,46898541,46898566,-
chr6,47060848,47060864,-
chr6,47635491,47635589,-
chr6,47636995,47637009,-
chr6,47637023,47637051,-
chr6,47921091,47921113,-
chr6,47921242,47921291,-
chr6,48554391,48554406,-
chr6,48554838,48554860,-
chr6,48555128,48555142,-
chr6,48627260,48627280,-
chr6,48697265,48697284,-
chr6,48697315,48697338,-
chr6,48700472,48700499,-
chr6,48732744,48732763,-
chr6,48747809,48747825,-
chr6,48771921,48771957,-
chr6,48772232,48772256,-
chr6,48772278,48772309,-
chr6,48818034,48818060,-
chr6,48818080,48818099,-
chr6,48818155,48818194,-
chr6,49074284,49074299,-
chr6,49217775,49217791,-
chr6,49264251,49264300,-
chr6,49318944,49318966,-
chr6,49586878,49586909,-
chr6,49973511,49973540,-
chr6,49973967,49973995,-
chr6,50303412,50303428,-
chr6,50373050,50373066,-
chr6,50377886,50377915,-
chr6,50381916,50381935,-
chr6,50416716,50416735,-
chr6,50417336,50417384,-
chr6,50937349,50937373,-
chr6,51060005,51060021,-
chr6,51060205,51060224,-
chr6,51060321,51060355,-
chr6,51209328,51209356,-
chr6,51209531,51209574,-
chr6,51470011,51470025,-
chr6,51470746,51470765,-
chr6,52226382,52226401,-
chr6,52713557,52713573,-
chr6,52714155,52714180,-
chr6,53700053,53700073,-
chr6,53700156,53700193,-
chr6,54120408,54120432,-
chr6,54151565,54151584,-
chr6,54151644,54151672,-
chr6,54151724,54151750,-
chr6,54699730,54699746,-
chr6,54715849,54715869,-
chr6,54810182,54810220,-
chr6,54866663,54866677,-
chr6,54867090,54867110,-
chr6,54964817,54964831,-
chr6,55037497,55037525,-
chr6,55167117,55167154,-
chr6,56703889,56703911,-
chr6,56750053,56750075,-
chr6,56750085,56750132,-
chr6,56750231,56750250,-
chr6,57703580,57703599,-
chr6,57823218,57823240,-
chr6,58832883,58832902,-
chr6,58833044,58833058,-
chr6,58834871,58834893,-
chr6,58844152,58844176,-
chr6,59412364,59412378,-
chr6,59535463,59535479,-
chr6,61177920,61177954,-
chr6,65042418,65042450,-
chr6,65049159,65049199,-
chr6,65049223,65049239,-
chr6,65049248,65049283,-
chr6,65145035,65145049,-
chr6,65145157,65145177,-
chr6,65390683,65390702,-
chr6,65564313,65564328,-
chr6,65649102,65649117,-
chr6,65662376,65662414,-
chr6,65662593,65662609,-
chr6,65662636,65662650,-
chr6,66895862,66895876,-
chr6,67555881,67555900,-
chr6,68163103,68163122,-
chr6,68289774,68289788,-
chr6,69850244,69850266,-
chr6,70714570,70714595,-
chr6,70714751,70714773,-
chr6,70714790,70714829,-
chr6,70764624,70764638,-
chr6,70764691,70764705,-
chr6,70764959,70764987,-
chr6,70798393,70798446,-
chr6,70804524,70804611,-
chr6,70880932,70880946,-
chr6,70880999,70881025,-
chr6,71440439,71440453,-
chr6,71494055,71494077,-
chr6,71823619,71823635,-
chr6,71823902,71823918,-
chr6,71824000,71824031,-
chr6,71824036,71824064,-
chr6,71831978,71831997,-
chr6,71908925,71908944,-
chr6,72362741,72362755,-
chr6,72407210,72407239,-
chr6,72544746,72544768,-
chr6,72544988,72545010,-
chr6,72553237,72553253,-
chr6,72635810,72635838,-
chr6,72900277,72900297,-
chr6,72954827,72954862,-
chr6,72954977,72955004,-
chr6,72962236,72962255,-
chr6,72993174,72993200,-
chr6,72993313,72993345,-
chr6,73118218,73118233,-
chr6,73210511,73210541,-
chr6,73210589,73210611,-
chr6,73248440,73248454,-
chr6,79605033,79605049,-
chr6,81679078,81679094,-
chr6,82872471,82872490,-
chr6,82921713,82921735,-
chr6,82921755,82921769,-
chr6,82997052,82997066,-
chr6,83159485,83159508,-
chr6,83165549,83165563,-
chr6,83441439,83441462,-
chr6,83688891,83688920,-
chr6,83717680,83717718,-
chr6,83731405,83731448,-
chr6,83776267,83776283,-
chr6,83776394,83776431,-
chr6,83831829,83831843,-
chr6,83863793,83863829,-
chr6,83868436,83868455,-
chr6,85966219,85966238,-
chr6,86127184,86127204,-
chr6,86404021,86404037,-
chr6,86487728,86487750,-
chr6,86593135,86593168,-
chr6,86645241,86645263,-
chr6,86684830,86684852,-
chr6,86850682,86850718,-
chr6,86864478,86864492,-
chr6,87533261,87533275,-
chr6,87535639,87535655,-
chr6,87541724,87541778,-
chr6,87829838,87829860,-
chr6,87830010,87830043,-
chr6,87838937,87838961,-
chr6,88084547,88084569,-
chr6,88189731,88189753,-
chr6,88902132,88902152,-
chr6,91679085,91679101,-
chr6,91766956,91766981,-
chr6,92131760,92131788,-
chr6,92131803,92131818,-
chr6,93205588,93205612,-
chr6,94665075,94665097,-
chr6,94690330,94690350,-
chr6,94700911,94700939,-
chr6,95971926,95971945,-
chr6,97310902,97310921,-
chr6,97353260,97353276,-
chr6,97806767,97806782,-
chr6,98024091,98024113,-
chr6,98024115,98024142,-
chr6,98085168,98085187,-
chr6,98113918,98113946,-
chr6,98632897,98632934,-
chr6,98808142,98808158,-
chr6,98992667,98992698,-
chr6,98992721,98992735,-
chr6,98993365,98993381,-
chr6,99023682,99023701,-
chr6,99023760,99023792,-
chr6,99026392,99026415,-
chr6,99028628,99028644,-
chr6,99031526,99031545,-
chr6,99261622,99261650,-
chr6,99270234,99270250,-
chr6,99274545,99274564,-
chr6,99275709,99275728,-
chr6,99303175,99303206,-
chr6,99309726,99309742,-
chr6,99310156,99310171,-
chr6,99328423,99328445,-
chr6,99374747,99374766,-
chr6,99379999,99380021,-
chr6,99433273,99433328,-
chr6,99435544,99435590,-
chr6,99474503,99474575,-
chr6,99522389,99522478,-
chr6,99522961,99522996,-
chr6,99542859,99542898,-
chr6,99646715,99646736,-
chr6,100210370,100210423,-
chr6,100807362,100807384,-
chr6,103898606,103898625,-
chr6,108113002,108113021,-
chr6,108169489,108169503,-
chr6,108314337,108314353,-
chr6,108512231,108512275,-
chr6,108657657,108657679,-
chr6,108836190,108836209,-
chr6,108876031,108876065,-
chr6,111108962,111108984,-
chr6,113669235,113669257,-
chr6,113681330,113681359,-
chr6,113696654,113696681,-
chr6,113696749,113696763,-
chr6,114660171,114660193,-
chr6,114875347,114875363,-
chr6,114894827,114894841,-
chr6,114919651,114919674,-
chr6,114922187,114922203,-
chr6,115365343,115365369,-
chr6,115365385,115365407,-
chr6,115365419,115365439,-
chr6,115405574,115405588,-
chr6,115405603,115405628,-
chr6,115405634,115405715,-
chr6,115677644,115677672,-
chr6,115717463,115717485,-
chr6,115717586,115717608,-
chr6,115717674,115717690,-
chr6,115808950,115808985,-
chr6,115852616,115852632,-
chr6,116294948,116294967,-
chr6,117737725,117737740,-
chr6,117882215,117882234,-
chr6,117882239,117882292,-
chr6,117890466,117890502,-
chr6,117890646,117890692,-
chr6,118167094,118167114,-
chr6,119210380,119210399,-
chr6,119210557,119210577,-
chr6,119210638,119210663,-
chr6,119210731,119210745,-
chr6,119481853,119481886,-
chr6,119481988,119482007,-
chr6,119482039,119482069,-
chr6,119500300,119500331,-
chr6,119500418,119500433,-
chr6,119508967,119508986,-
chr6,119663292,119663314,-
chr6,119902705,119902727,-
chr6,119903757,119903777,-
chr6,120047926,120047948,-
chr6,120056509,120056532,-
chr6,120082665,120082687,-
chr6,120082868,120082905,-
chr6,120111969,120111988,-
chr6,120112774,120112843,-
chr6,120123215,120123261,-
chr6,120124679,120124723,-
chr6,120155532,120155552,-
chr6,120357007,120357026,-
chr6,120364584,120364609,-
chr6,120466797,120466831,-
chr6,120488952,120488966,-
chr6,120567671,120567685,-
chr6,120567919,120567956,-
chr6,120580150,120580169,-
chr6,120666214,120666236,-
chr6,121063215,121063237,-
chr6,121130401,121130423,-
chr6,121238386,121238408,-
chr6,121238430,121238444,-
chr6,121245821,121245840,-
chr6,122016943,122016962,-
chr6,122186196,122186215,-
chr6,122292108,122292146,-
chr6,122340039,122340080,-
chr6,122533058,122533074,-
chr6,122533624,122533735,-
chr6,122533737,122533829,-
chr6,122557202,122557216,-
chr6,122602504,122602545,-
chr6,122761330,122761357,-
chr6,122826815,122826841,-
chr6,122874311,122874325,-
chr6,122874807,122874831,-
chr6,122999197,122999212,-
chr6,123915806,123915820,-
chr6,123915889,123915903,-
chr6,124344801,124344845,-
chr6,124694474,124694496,-
chr6,124741190,124741204,-
chr6,124779737,124779763,-
chr6,124898171,124898194,-
chr6,124898195,124898256,-
chr6,124898443,124898465,-
chr6,124898596,124898618,-
chr6,125039837,125039856,-
chr6,125071539,125071561,-
chr6,125096061,125096083,-
chr6,125222171,125222193,-
chr6,125222525,125222547,-
chr6,125241744,125241766,-
chr6,125265030,125265046,-
chr6,125265233,125265249,-
chr6,125339377,125339399,-
chr6,125339502,125339518,-
chr6,125482533,125482555,-
chr6,125572939,125572964,-
chr6,125573343,125573359,-
chr6,125749085,125749124,-
chr6,125749366,125749425,-
chr6,126811738,126811753,-
chr6,126939725,126939739,-
chr6,127104215,127104231,-
chr6,127240342,127240366,-
chr6,127265916,127265950,-
chr6,127372751,127372766,-
chr6,127372832,127372848,-
chr6,127401556,127401578,-
chr6,127401691,127401707,-
chr6,127433900,127433924,-
chr6,127433964,127433991,-
chr6,127434023,127434055,-
chr6,127434330,127434349,-
chr6,127446775,127446803,-
chr6,127454096,127454110,-
chr6,127473997,127474019,-
chr6,128766876,128766902,-
chr6,128796575,128796616,-
chr6,128799378,128799392,-
chr6,128805200,128805226,-
chr6,128807246,128807276,-
chr6,128836369,128836385,-
chr6,129192936,129192967,-
chr6,129193098,129193135,-
chr6,129210572,129210602,-
chr6,129234159,129234173,-
chr6,129234549,129234571,-
chr6,129240116,129240132,-
chr6,129273666,129273685,-
chr6,129275896,129275912,-
chr6,129285037,129285056,-
chr6,129304312,129304327,-
chr6,129315746,129315768,-
chr6,129423636,129423654,-
chr6,129532902,129532924,-
chr6,129533187,129533201,-
chr6,131293373,131293396,-
chr6,131764097,131764134,-
chr6,131764141,131764168,-
chr6,132075916,132075932,-
chr6,132075988,132076024,-
chr6,133249696,133249839,-
chr6,134533028,134533050,-
chr6,134752855,134752884,-
chr6,134898055,134898087,-
chr6,134917132,134917171,-
chr6,134920143,134920175,-
chr6,134928895,134928940,-
chr6,134929007,134929023,-
chr6,134932663,134932683,-
chr6,134932794,134932825,-
chr6,134946769,134946800,-
chr6,134946849,134946865,-
chr6,134947040,134947084,-
chr6,134947455,134947474,-
chr6,134947522,134947553,-
chr6,134947685,134947701,-
chr6,135168538,135168583,-
chr6,135323982,135324008,-
chr6,135364157,135364189,-
chr6,135433943,135433957,-
chr6,136450014,136450036,-
chr6,136519581,136519608,-
chr6,136519668,136519688,-
chr6,136554018,136554032,-
chr6,136743985,136744007,-
chr6,136804621,136804640,-
chr6,136947234,136947250,-
chr6,136978197,136978211,-
chr6,137456667,137456683,-
chr6,137756384,137756399,-
chr6,137756403,137756433,-
chr6,139811283,139811297,-
chr6,140514182,140514230,-
chr6,140514767,140514789,-
chr6,140659860,140659894,-
chr6,140659941,140660108,-
chr6,140660165,140660195,-
chr6,141582517,141582549,-
chr6,141582561,141582588,-
chr6,141582619,141582654,-
chr6,141630718,141630762,-
chr6,141889624,141889638,-
chr6,141889677,141889696,-
chr6,142752368,142752411,-
chr6,142757647,142757669,-
chr6,142757868,142757905,-
chr6,142867459,142867482,-
chr6,142868123,142868186,-
chr6,142881538,142881564,-
chr6,142885324,142885409,-
chr6,142885616,142885635,-
chr6,142885766,142885782,-
chr6,142915495,142915515,-
chr6,142917427,142917441,-
chr6,142946349,142946371,-
chr6,143100346,143100360,-
chr6,143115473,143115489,-
chr6,143172301,143172320,-
chr6,143990777,143990791,-
chr6,143990831,143990877,-
chr6,144670868,144670892,-
chr6,145101025,145101058,-
chr6,145101231,145101274,-
chr6,145133647,145133669,-
chr6,145179741,145179772,-
chr6,145307034,145307053,-
chr6,145360295,145360317,-
chr6,145417896,145417952,-
chr6,145454299,145454319,-
chr6,145993362,145993397,-
chr6,146081356,146081384,-
chr6,146081537,146081552,-
chr6,146410124,146410208,-
chr6,146410330,146410352,-
chr6,146636419,146636451,-
chr6,147091148,147091168,-
chr6,147304596,147304615,-
chr6,147304639,147304661,-
chr6,147999868,147999882,-
chr6,148000089,148000104,-
chr6,149141639,149141655,-
chr6,149141784,149141810,-
chr6,149188435,149188454,-
chr6,149309708,149309744,-
chr6,149343849,149343875,-
chr6,149366746,149366761,-
chr7,3290208,3290222,+
chr7,3617208,3617222,+
chr7,3630133,3630154,+
chr7,4082447,4082461,+
chr7,4082671,4082693,+
chr7,4082708,4082736,+
chr7,4082899,4082926,+
chr7,4653855,4653881,+
chr7,8443406,8443420,+
chr7,8443476,8443494,+
chr7,10285220,10285234,+
chr7,12962209,12962246,+
chr7,15853378,15853394,+
chr7,15946379,15946414,+
chr7,16023666,16023698,+
chr7,16046569,16046591,+
chr7,16048115,16048129,+
chr7,16048159,16048173,+
chr7,16053212,16053249,+
chr7,16053343,16053359,+
chr7,16098156,16098170,+
chr7,16222324,16222343,+
chr7,16262264,16262302,+
chr7,16295211,16295225,+
chr7,16364335,16364366,+
chr7,16364843,16364865,+
chr7,16400731,16400745,+
chr7,16493645,16493679,+
chr7,16873955,16873990,+
chr7,19227850,19227884,+
chr7,19281918,19281942,+
chr7,19300914,19300962,+
chr7,19301119,19301133,+
chr7,19381657,19381715,+
chr7,19940365,19940384,+
chr7,23326298,23326314,+
chr7,24299709,24299760,+
chr7,24299769,24299804,+
chr7,24373349,24373375,+
chr7,24439991,24440007,+
chr7,24645140,24645198,+
chr7,24963590,24963831,+
chr7,24963904,24963979,+
chr7,25088088,25088110,+
chr7,25088171,25088193,+
chr7,25132807,25132829,+
chr7,25205352,25205374,+
chr7,25205887,25205912,+
chr7,25395808,25395862,+
chr7,25619003,25619017,+
chr7,25619150,25619184,+
chr7,25681803,25681833,+
chr7,25755184,25755206,+
chr7,25755505,25755533,+
chr7,25755921,25755949,+
chr7,25756251,25756266,+
chr7,25781277,25781291,+
chr7,25782428,25782444,+
chr7,25782520,25782536,+
chr7,25782850,25782864,+
chr7,25816774,25816790,+
chr7,25826081,25826103,+
chr7,25827202,25827222,+
chr7,25827283,25827297,+
chr7,25827352,25827371,+
chr7,26368295,26368317,+
chr7,27167268,27167284,+
chr7,27472885,27472904,+
chr7,27472990,27473006,+
chr7,27473072,27473111,+
chr7,27591324,27591343,+
chr7,27591476,27591503,+
chr7,28277504,28277583,+
chr7,28598446,28598460,+
chr7,28677113,28677162,+
chr7,28694050,28694072,+
chr7,28726581,28726627,+
chr7,28726681,28726703,+
chr7,29000580,29000615,+
chr7,29134633,29134647,+
chr7,29590694,29590718,+
chr7,29908255,29908277,+
chr7,29983606,29983628,+
chr7,30169290,30169306,+
chr7,30232188,30232238,+
chr7,30332198,30332214,+
chr7,30333271,30333285,+
chr7,30492806,30492834,+
chr7,30493020,30493049,+
chr7,30493061,30493078,+
chr7,30551718,30551740,+
chr7,30551751,30551816,+
chr7,30551988,30552004,+
chr7,30552371,30552393,+
chr7,30559785,30559801,+
chr7,30608908,30608929,+
chr7,30609094,30609110,+
chr7,30940508,30940530,+
chr7,31144938,31144952,+
chr7,31172468,31172493,+
chr7,34196846,34196887,+
chr7,34388526,34388545,+
chr7,35128160,35128189,+
chr7,35232484,35232498,+
chr7,35232566,35232588,+
chr7,35729534,35729553,+
chr7,35991391,35991413,+
chr7,35991598,35991628,+
chr7,38018776,38018807,+
chr7,38227047,38227099,+
chr7,39655156,39655172,+
chr7,41599223,41599245,+
chr7,41632353,41632367,+
chr7,41632387,41632402,+
chr7,42505481,42505510,+
chr7,43579445,43579484,+
chr7,44849120,44849136,+
chr7,44892633,44892647,+
chr7,44895611,44895642,+
chr7,44895882,44895898,+
chr7,45053399,45053414,+
chr7,45395250,45395269,+
chr7,45522070,45522084,+
chr7,45574011,45574048,+
chr7,45779154,45779176,+
chr7,46606711,46606751,+
chr7,46838700,46838770,+
chr7,46899489,46899525,+
chr7,47022627,47022642,+
chr7,48909227,48909285,+
chr7,49741219,49741296,+
chr7,50990430,50990568,+
chr7,50991311,50991331,+
chr7,51696493,51696509,+
chr7,51696652,51696674,+
chr7,51709929,51709943,+
chr7,51724384,51724400,+
chr7,54299799,54299818,+
chr7,54300146,54300162,+
chr7,57846296,57846318,+
chr7,57846354,57846376,+
chr7,58392566,58392592,+
chr7,58399679,58399698,+
chr7,58568875,58568917,+
chr7,58568935,58568954,+
chr7,58677785,58677821,+
chr7,58697046,58697106,+
chr7,58711905,58711919,+
chr7,58712078,58712105,+
chr7,59293197,59293220,+
chr7,59293493,59293543,+
chr7,59463055,59463070,+
chr7,61740847,61740875,+
chr7,62915450,62915465,+
chr7,62915676,62915710,+
chr7,63816470,63816503,+
chr7,63922262,63922276,+
chr7,63937010,63937056,+
chr7,63987143,63987167,+
chr7,64061347,64061373,+
chr7,64873206,64873234,+
chr7,65693795,65693811,+
chr7,66839642,66839670,+
chr7,67630982,67630998,+
chr7,67631173,67631188,+
chr7,67631198,67631220,+
chr7,67653901,67653917,+
chr7,68128869,68128891,+
chr7,68190355,68190369,+
chr7,68250355,68250370,+
chr7,68264615,68264631,+
chr7,68275693,68275715,+
chr7,68275778,68275809,+
chr7,68284076,68284098,+
chr7,68284134,68284156,+
chr7,70488899,70488920,+
chr7,70488928,70488942,+
chr7,71721594,71721630,+
chr7,71721652,71721695,+
chr7,71721707,71721729,+
chr7,72240075,72240113,+
chr7,73479734,73479775,+
chr7,73481174,73481188,+
chr7,73518582,73518615,+
chr7,73523276,73523341,+
chr7,73523463,73523479,+
chr7,73523490,73523509,+
chr7,73531141,73531163,+
chr7,73556652,73556666,+
chr7,73572669,73572688,+
chr7,73572998,73573012,+
chr7,73583443,73583462,+
chr7,73583537,73583556,+
chr7,73583792,73583810,+
chr7,73583878,73583904,+
chr7,73584771,73584793,+
chr7,73584805,73584820,+
chr7,73618119,73618133,+
chr7,74703754,74703795,+
chr7,75362710,75362725,+
chr7,75362925,75362955,+
chr7,75374838,75374856,+
chr7,75600650,75600664,+
chr7,75610551,75610573,+
chr7,75669318,75669337,+
chr7,75686830,75686845,+
chr7,75702383,75702397,+
chr7,75709487,75709506,+
chr7,75709589,75709617,+
chr7,75774067,75774091,+
chr7,75774129,75774156,+
chr7,75782632,75782683,+
chr7,75782923,75782950,+
chr7,75793977,75793991,+
chr7,75795532,75795598,+
chr7,75881274,75881290,+
chr7,75881442,75881469,+
chr7,75982180,75982200,+
chr7,75982307,75982334,+
chr7,76237839,76237872,+
chr7,78400833,78400852,+
chr7,78719441,78719460,+
chr7,78737922,78737941,+
chr7,78847731,78847753,+
chr7,78895499,78895556,+
chr7,79363917,79363939,+
chr7,79466542,79466561,+
chr7,80033357,80033372,+
chr7,80156741,80156760,+
chr7,80182094,80182135,+
chr7,80246117,80246131,+
chr7,80261073,80261101,+
chr7,80343187,80343209,+
chr7,80370159,80370179,+
chr7,80417228,80417250,+
chr7,80450002,80450025,+
chr7,80554988,80555017,+
chr7,80555426,80555440,+
chr7,80582967,80582993,+
chr7,80643330,80643356,+
chr7,80643434,80643459,+
chr7,80643692,80643712,+
chr7,80672538,80672554,+
chr7,80680610,80680632,+
chr7,80689413,80689441,+
chr7,80765996,80766048,+
chr7,80828773,80828789,+
chr7,80832526,80832549,+
chr7,80901390,80901409,+
chr7,80936667,80936689,+
chr7,80936941,80936966,+
chr7,80973765,80973779,+
chr7,80978838,80978852,+
chr7,81075345,81075365,+
chr7,81155003,81155029,+
chr7,83648987,83649006,+
chr7,84681822,84681867,+
chr7,88277519,88277543,+
chr7,88277597,88277623,+
chr7,89171974,89171988,+
chr7,89236255,89236271,+
chr7,89248429,89248451,+
chr7,89940715,89940731,+
chr7,90023240,90023261,+
chr7,90023332,90023351,+
chr7,90129601,90129615,+
chr7,90473991,90474031,+
chr7,92561471,92561493,+
chr7,92575725,92575739,+
chr7,92575753,92575767,+
chr7,92575781,92575795,+
chr7,92575809,92575823,+
chr7,92575841,92575855,+
chr7,92575869,92575883,+
chr7,92575900,92575929,+
chr7,92741003,92741044,+
chr7,94233662,94233676,+
chr7,96456420,96456442,+
chr7,96456504,96456528,+
chr7,96920580,96920602,+
chr7,96920766,96920780,+
chr7,97480761,97480780,+
chr7,97749003,97749025,+
chr7,97749433,97749463,+
chr7,98557141,98557163,+
chr7,98571752,98571808,+
chr7,98580520,98580552,+
chr7,98580750,98580772,+
chr7,99041731,99041764,+
chr7,99041796,99041841,+
chr7,99087304,99087319,+
chr7,99449304,99449330,+
chr7,99828235,99828257,+
chr7,99863000,99863022,+
chr7,99863158,99863178,+
chr7,99864218,99864237,+
chr7,99864247,99864263,+
chr7,100227455,100227469,+
chr7,100496144,100496160,+
chr7,101060794,101060823,+
chr7,101079989,101080015,+
chr7,101080034,101080058,+
chr7,101080148,101080162,+
chr7,101094882,101094899,+
chr7,101288566,101288621,+
chr7,101288730,101288749,+
chr7,101466709,101466726,+
chr7,101540836,101540858,+
chr7,101869518,101869542,+
chr7,101869593,101869617,+
chr7,101896334,101896353,+
chr7,101905530,101905546,+
chr7,102251044,102251066,+
chr7,102251086,102251100,+
chr7,102251160,102251183,+
chr7,102266238,102266253,+
chr7,102266450,102266477,+
chr7,102322726,102322742,+
chr7,102322792,102322808,+
chr7,102337875,102337922,+
chr7,102338215,102338260,+
chr7,102686490,102686584,+
chr7,102686642,102686664,+
chr7,102686936,102686951,+
chr7,104290846,104290875,+
chr7,104291012,104291031,+
chr7,104291186,104291205,+
chr7,104291686,104291702,+
chr7,104352870,104352892,+
chr7,104446109,104446142,+
chr7,104446280,104446296,+
chr7,105399139,105399156,+
chr7,105811524,105811538,+
chr7,106441219,106441258,+
chr7,106529339,106529399,+
chr7,106551073,106551087,+
chr7,106644791,106644834,+
chr7,106920161,106920187,+
chr7,108950458,108950478,+
chr7,109518630,109518646,+
chr7,109518940,109518965,+
chr7,109951353,109951372,+
chr7,109951639,109951655,+
chr7,109959528,109959576,+
chr7,110109338,110109352,+
chr7,110636257,110636271,+
chr7,110636468,110636483,+
chr7,110636542,110636587,+
chr7,110844575,110844589,+
chr7,111122557,111122582,+
chr7,112180164,112180199,+
chr7,112213230,112213244,+
chr7,112213256,112213275,+
chr7,112565908,112565928,+
chr7,112565937,112565963,+
chr7,114069246,114069282,+
chr7,114069546,114069562,+
chr7,114069576,114069598,+
chr7,114088421,114088440,+
chr7,114088501,114088535,+
chr7,114093734,114093750,+
chr7,114093789,114093808,+
chr7,114093886,114093908,+
chr7,114093955,114093969,+
chr7,114116072,114116097,+
chr7,114116906,114116928,+
chr7,114139606,114139651,+
chr7,114145870,114145884,+
chr7,114254949,114254963,+
chr7,114276463,114276479,+
chr7,114308206,114308233,+
chr7,114317466,114317485,+
chr7,114479968,114479992,+
chr7,115616300,115616315,+
chr7,115753284,115753298,+
chr7,115838512,115838798,+
chr7,116032757,116032779,+
chr7,116328231,116328250,+
chr7,116334758,116334796,+
chr7,116409648,116409664,+
chr7,116431083,116431101,+
chr7,116459287,116459330,+
chr7,116484326,116484345,+
chr7,118116233,118116249,+
chr7,118120031,118120053,+
chr7,118120119,118120138,+
chr7,118259901,118259920,+
chr7,118260093,118260107,+
chr7,118277319,118277400,+
chr7,118277450,118277468,+
chr7,118297603,118297627,+
chr7,118304872,118304970,+
chr7,118740501,118740536,+
chr7,119801244,119801267,+
chr7,119861722,119861749,+
chr7,120688308,120688324,+
chr7,120835414,120835462,+
chr7,120917424,120917447,+
chr7,120917452,120917466,+
chr7,120982392,120982406,+
chr7,121059733,121059770,+
chr7,121059809,121059823,+
chr7,121945135,121945157,+
chr7,121945526,121945548,+
chr7,122025462,122025500,+
chr7,122025576,122025595,+
chr7,122242312,122242346,+
chr7,122251546,122251568,+
chr7,122251574,122251590,+
chr7,122287167,122287189,+
chr7,122414190,122414204,+
chr7,122932364,122932384,+
chr7,122939381,122939400,+
chr7,122940379,122940406,+
chr7,122970018,122970053,+
chr7,123019743,123019762,+
chr7,123020278,123020310,+
chr7,123354912,123354955,+
chr7,123371434,123371456,+
chr7,123371516,123371531,+
chr7,123371700,123371714,+
chr7,125487269,125487284,+
chr7,125488866,125488892,+
chr7,125488913,125488935,+
chr7,125489093,125489112,+
chr7,125507176,125507209,+
chr7,125581293,125581327,+
chr7,125607314,125607328,+
chr7,125634480,125634622,+
chr7,126181141,126181160,+
chr7,126182676,126182708,+
chr7,126199630,126199646,+
chr7,126330371,126330385,+
chr7,126503821,126503840,+
chr7,126606560,126606582,+
chr7,126649215,126649229,+
chr7,126695313,126695327,+
chr7,126794298,126794320,+
chr7,126862062,126862081,+
chr7,127031527,127031547,+
chr7,127031551,127031566,+
chr7,127084001,127084015,+
chr7,127089452,127089480,+
chr7,127089827,127089841,+
chr7,127089906,127089926,+
chr7,127104616,127104632,+
chr7,127144692,127144721,+
chr7,127180893,127180915,+
chr7,127180978,127181001,+
chr7,127195869,127195891,+
chr7,127208887,127208913,+
chr7,127295812,127295861,+
chr7,127573406,127573432,+
chr7,127841294,127841324,+
chr7,127876766,127876799,+
chr7,127912389,127912404,+
chr7,128374411,128374443,+
chr7,128384181,128384219,+
chr7,128417447,128417466,+
chr7,128744646,128744680,+
chr7,130801880,130801899,+
chr7,132287032,132287070,+
chr7,132317363,132317382,+
chr7,132639000,132639027,+
chr7,132686473,132686495,+
chr7,132773037,132773059,+
chr7,132773184,132773206,+
chr7,132795271,132795290,+
chr7,132898485,132898522,+
chr7,133585219,133585243,+
chr7,133636952,133636974,+
chr7,133636979,133637023,+
chr7,135542609,135542629,+
chr7,135542758,135542773,+
chr7,135647451,135647467,+
chr7,135652117,135652135,+
chr7,139233620,139233653,+
chr7,139233751,139233767,+
chr7,139978707,139978726,+
chr7,140078709,140078731,+
chr7,141048974,141048998,+
chr7,141049027,141049042,+
chr7,141059016,141059038,+
chr7,141072369,141072383,+
chr7,142057096,142057111,+
chr7,142284349,142284363,+
chr7,142284549,142284563,+
chr7,142351956,142351985,+
chr7,142460730,142460752,+
chr7,142919586,142919608,+
chr7,143546774,143546790,+
chr7,143548309,143548324,+
chr7,143624821,143624866,+
chr7,143706799,143706821,+
chr7,143712801,143712827,+
chr7,143712929,143712956,+
chr7,144447208,144447227,+
chr7,144554179,144554193,+
chr7,144907794,144907845,+
chr7,144907849,144907889,+
chr7,3290325,3290344,-
chr7,3616988,3617014,-
chr7,3704557,3704581,-
chr7,4136725,4136746,-
chr7,4464513,4464531,-
chr7,4654133,4654152,-
chr7,4812897,4812911,-
chr7,4915570,4915584,-
chr7,5014605,5014621,-
chr7,5014978,5015000,-
chr7,5062623,5062661,-
chr7,5079916,5079936,-
chr7,5992909,5992928,-
chr7,6610699,6610718,-
chr7,7188363,7188412,-
chr7,8443160,8443175,-
chr7,11826079,11826095,-
chr7,12834560,12834579,-
chr7,12835087,12835101,-
chr7,12978438,12978472,-
chr7,12992434,12992448,-
chr7,14601786,14601805,-
chr7,15853230,15853244,-
chr7,15853494,15853508,-
chr7,15881871,15881961,-
chr7,15882095,15882136,-
chr7,16052984,16053017,-
chr7,16053520,16053546,-
chr7,16262306,16262328,-
chr7,16263320,16263396,-
chr7,16296921,16296941,-
chr7,16322126,16322142,-
chr7,16364476,16364514,-
chr7,16618615,16618640,-
chr7,16875069,16875083,-
chr7,17945427,17945449,-
chr7,18591462,18591476,-
chr7,19006594,19006613,-
chr7,19093670,19093684,-
chr7,19319844,19319866,-
chr7,19326258,19326324,-
chr7,19508427,19508459,-
chr7,19665298,19665323,-
chr7,19665643,19665659,-
chr7,19797659,19797686,-
chr7,19945747,19945781,-
chr7,20560887,20560912,-
chr7,23326327,23326349,-
chr7,23326539,23326564,-
chr7,23326628,23326642,-
chr7,24081948,24081979,-
chr7,24299459,24299487,-
chr7,24369302,24369317,-
chr7,24369921,24369943,-
chr7,24441826,24441867,-
chr7,24452313,24452362,-
chr7,24452374,24452427,-
chr7,24530608,24530630,-
chr7,24907360,24907382,-
chr7,25088042,25088075,-
chr7,25088118,25088140,-
chr7,25088197,25088340,-
chr7,25088347,25088396,-
chr7,25088417,25088514,-
chr7,25396139,25396161,-
chr7,25417238,25417263,-
chr7,25826041,25826055,-
chr7,25827471,25827507,-
chr7,25835646,25835668,-
chr7,25835759,25835778,-
chr7,26246834,26246853,-
chr7,27419216,27419251,-
chr7,27508367,27508383,-
chr7,27508676,27508703,-
chr7,27545465,27545529,-
chr7,28179236,28179252,-
chr7,28179494,28179516,-
chr7,28373175,28373189,-
chr7,28392557,28392579,-
chr7,28665882,28665898,-
chr7,28694076,28694098,-
chr7,28694209,28694266,-
chr7,28707245,28707273,-
chr7,28781270,28781314,-
chr7,28981893,28981909,-
chr7,28981910,28981924,-
chr7,29180956,29180972,-
chr7,29590539,29590561,-
chr7,29860243,29860265,-
chr7,29860528,29860544,-
chr7,30072421,30072435,-
chr7,30099360,30099374,-
chr7,30170309,30170331,-
chr7,30301003,30301061,-
chr7,30322813,30322837,-
chr7,30333019,30333041,-
chr7,30333151,30333167,-
chr7,30394956,30394971,-
chr7,30394977,30395002,-
chr7,30395010,30395026,-
chr7,30422825,30422848,-
chr7,30493044,30493061,-
chr7,30609175,30609197,-
chr7,30626267,30626282,-
chr7,30729790,30729806,-
chr7,30940367,30940382,-
chr7,30957268,30957292,-
chr7,31003079,31003093,-
chr7,31097917,31097936,-
chr7,31144953,31144975,-
chr7,31153746,31153762,-
chr7,31153867,31153903,-
chr7,31153909,31153940,-
chr7,31160937,31160971,-
chr7,33815147,33815179,-
chr7,34388093,34388120,-
chr7,34388194,34388228,-
chr7,34407879,34407938,-
chr7,35056880,35056909,-
chr7,35057152,35057211,-
chr7,35333670,35333689,-
chr7,37490332,37490360,-
chr7,38094591,38094610,-
chr7,38294186,38294205,-
chr7,38294217,38294235,-
chr7,39833693,39833707,-
chr7,39833726,39833846,-
chr7,40965659,40965685,-
chr7,40965971,40966024,-
chr7,40966101,40966123,-
chr7,41500359,41500396,-
chr7,42505763,42505785,-
chr7,43049458,43049477,-
chr7,43481522,43481557,-
chr7,43562300,43562315,-
chr7,43756357,43756377,-
chr7,43756485,43756501,-
chr7,44554210,44554224,-
chr7,44772694,44772734,-
chr7,44772842,44772858,-
chr7,44818216,44818242,-
chr7,44849853,44849875,-
chr7,44931488,44931547,-
chr7,45052987,45053006,-
chr7,45053583,45053620,-
chr7,45082727,45082742,-
chr7,45239682,45239716,-
chr7,45341602,45341624,-
chr7,45526478,45526505,-
chr7,45526827,45526857,-
chr7,45526870,45526890,-
chr7,45568160,45568179,-
chr7,45644104,45644118,-
chr7,45705119,45705151,-
chr7,46059222,46059255,-
chr7,46059335,46059380,-
chr7,46390057,46390079,-
chr7,46390080,46390096,-
chr7,46833169,46833208,-
chr7,46920240,46920255,-
chr7,47111822,47111838,-
chr7,48900867,48900886,-
chr7,48928355,48928369,-
chr7,49741355,49741424,-
chr7,49741619,49741641,-
chr7,50991064,50991080,-
chr7,54414630,54414653,-
chr7,54414667,54414689,-
chr7,56050514,56050536,-
chr7,56050553,56050575,-
chr7,56569673,56569687,-
chr7,57930167,57930195,-
chr7,58392655,58392680,-
chr7,58399398,58399412,-
chr7,58449184,58449206,-
chr7,58449213,58449235,-
chr7,58449367,58449395,-
chr7,58449434,58449449,-
chr7,58452036,58452058,-
chr7,58452147,58452163,-
chr7,58452260,58452275,-
chr7,58731152,58731184,-
chr7,62332811,62332840,-
chr7,62332974,62332994,-
chr7,62333062,62333076,-
chr7,63752209,63752232,-
chr7,63755552,63755574,-
chr7,63815956,63815972,-
chr7,63970718,63970765,-
chr7,63970775,63970800,-
chr7,63984492,63984514,-
chr7,63999419,63999441,-
chr7,64011549,64011577,-
chr7,64011594,64011622,-
chr7,64012264,64012286,-
chr7,64043323,64043337,-
chr7,64061398,64061430,-
chr7,64374276,64374306,-
chr7,64392452,64392474,-
chr7,65694044,65694066,-
chr7,66060365,66060384,-
chr7,66109348,66109370,-
chr7,66661941,66661957,-
chr7,66839378,66839392,-
chr7,67422116,67422130,-
chr7,67951361,67951382,-
chr7,67951926,67951948,-
chr7,67954021,67954040,-
chr7,67954188,67954202,-
chr7,68085692,68085708,-
chr7,68129604,68129620,-
chr7,68134028,68134131,-
chr7,68139572,68139594,-
chr7,68190273,68190295,-
chr7,68250830,68250879,-
chr7,68282990,68283020,-
chr7,68287037,68287059,-
chr7,70995844,70995878,-
chr7,73518634,73518656,-
chr7,73523384,73523406,-
chr7,73538205,73538227,-
chr7,73538250,73538265,-
chr7,73556982,73556997,-
chr7,73584243,73584257,-
chr7,73584457,73584481,-
chr7,73611948,73611970,-
chr7,74363464,74363484,-
chr7,74363576,74363616,-
chr7,74690768,74690786,-
chr7,74690982,74691008,-
chr7,74703949,74703977,-
chr7,75371469,75371501,-
chr7,75385244,75385260,-
chr7,75420193,75420213,-
chr7,75486382,75486396,-
chr7,75486653,75486708,-
chr7,75488082,75488104,-
chr7,75517530,75517553,-
chr7,75531075,75531091,-
chr7,75531327,75531350,-
chr7,75531449,75531465,-
chr7,75559482,75559514,-
chr7,75559535,75559550,-
chr7,75572430,75572480,-
chr7,75572615,75572643,-
chr7,75572659,75572683,-
chr7,75572967,75572983,-
chr7,75575167,75575187,-
chr7,75575516,75575549,-
chr7,75575718,75575784,-
chr7,75596201,75596223,-
chr7,75600411,75600432,-
chr7,75611610,75611625,-
chr7,75611738,75611766,-
chr7,75633070,75633088,-
chr7,75633225,75633240,-
chr7,75655654,75655668,-
chr7,75655992,75656014,-
chr7,75656096,75656146,-
chr7,75656182,75656201,-
chr7,75656222,75656246,-
chr7,75656508,75656528,-
chr7,75656687,75656703,-
chr7,75656932,75656958,-
chr7,75656962,75656981,-
chr7,75700774,75700788,-
chr7,75701841,75701860,-
chr7,75702198,75702235,-
chr7,75702329,75702367,-
chr7,75702564,75702629,-
chr7,75715119,75715141,-
chr7,75782301,75782330,-
chr7,75800526,75800551,-
chr7,75855266,75855288,-
chr7,76018586,76018608,-
chr7,76176249,76176264,-
chr7,76185915,76185947,-
chr7,78707849,78707865,-
chr7,78847687,78847727,-
chr7,78847806,78847842,-
chr7,78853969,78854008,-
chr7,78854104,78854123,-
chr7,79300984,79301000,-
chr7,79392873,79392912,-
chr7,79422958,79422984,-
chr7,79423060,79423082,-
chr7,79466490,79466519,-
chr7,80033537,80033565,-
chr7,80091615,80091687,-
chr7,80156561,80156587,-
chr7,80156720,80156740,-
chr7,80182620,80182642,-
chr7,80182656,80182675,-
chr7,80182774,80182817,-
chr7,80205070,80205084,-
chr7,80205265,80205298,-
chr7,80210096,80210132,-
chr7,80210154,80210168,-
chr7,80340400,80340420,-
chr7,80370305,80370329,-
chr7,80371561,80371609,-
chr7,80535315,80535360,-
chr7,80697192,80697211,-
chr7,80697212,80697234,-
chr7,80901357,80901376,-
chr7,80948115,80948129,-
chr7,80973657,80973682,-
chr7,80973938,80973960,-
chr7,80986992,80987011,-
chr7,80993145,80993159,-
chr7,81074255,81074306,-
chr7,81155266,81155290,-
chr7,81167021,81167059,-
chr7,81167189,81167211,-
chr7,81167220,81167255,-
chr7,81572021,81572073,-
chr7,82235698,82235724,-
chr7,82240984,82241000,-
chr7,82820720,82820740,-
chr7,83287681,83287697,-
chr7,83617558,83617572,-
chr7,83648895,83648909,-
chr7,83884656,83884670,-
chr7,84120014,84120030,-
chr7,84165366,84165386,-
chr7,84196552,84196580,-
chr7,84679575,84679589,-
chr7,84679601,84679626,-
chr7,84689234,84689253,-
chr7,84779548,84779578,-
chr7,84779798,84779820,-
chr7,88206599,88206649,-
chr7,88206790,88206833,-
chr7,90138350,90138390,-
chr7,90138640,90138666,-
chr7,90302595,90302617,-
chr7,90341719,90341741,-
chr7,90341781,90341803,-
chr7,90355767,90355786,-
chr7,92637257,92637296,-
chr7,93217077,93217091,-
chr7,94233853,94233869,-
chr7,94233964,94233980,-
chr7,96946840,96946856,-
chr7,96952133,96952165,-
chr7,97400123,97400145,-
chr7,97748509,97748553,-
chr7,97748811,97748889,-
chr7,97842812,97842829,-
chr7,97877892,97877915,-
chr7,98580785,98580800,-
chr7,98694282,98694298,-
chr7,99086990,99087039,-
chr7,99142006,99142043,-
chr7,99311315,99311408,-
chr7,99449196,99449220,-
chr7,99833883,99833912,-
chr7,99856370,99856392,-
chr7,99859241,99859255,-
chr7,99981615,99981669,-
chr7,100234392,100234411,-
chr7,100699758,100699774,-
chr7,100876078,100876097,-
chr7,101060668,101060696,-
chr7,101080185,101080202,-
chr7,101080228,101080244,-
chr7,101113670,101113705,-
chr7,101214034,101214066,-
chr7,101214162,101214184,-
chr7,101478190,101478212,-
chr7,101538597,101538636,-
chr7,101540660,101540686,-
chr7,101548003,101548019,-
chr7,101550870,101550889,-
chr7,101550894,101550999,-
chr7,101599732,101599786,-
chr7,101600070,101600132,-
chr7,101600174,101600188,-
chr7,101600193,101600219,-
chr7,101600281,101600300,-
chr7,101600330,101600349,-
chr7,101735404,101735441,-
chr7,101896475,101896491,-
chr7,101926038,101926057,-
chr7,101934442,101934464,-
chr7,101970378,101970394,-
chr7,101970864,101970901,-
chr7,102076966,102076982,-
chr7,102076985,102077013,-
chr7,102251127,102251162,-
chr7,102266410,102266432,-
chr7,102267043,102267057,-
chr7,102284201,102284217,-
chr7,102322995,102323015,-
chr7,102338017,102338036,-
chr7,102338270,102338289,-
chr7,102441544,102441566,-
chr7,104287819,104287876,-
chr7,104290801,104290831,-
chr7,104291115,104291145,-
chr7,104292159,104292190,-
chr7,104315175,104315206,-
chr7,104353039,104353099,-
chr7,104446365,104446384,-
chr7,105399269,105399340,-
chr7,105651051,105651065,-
chr7,105811505,105811519,-
chr7,106441151,106441170,-
chr7,106529259,106529285,-
chr7,106529492,106529508,-
chr7,106644231,106644257,-
chr7,106644318,106644333,-
chr7,106644457,106644479,-
chr7,106644517,106644537,-
chr7,106644704,106644735,-
chr7,107594487,107594521,-
chr7,108010411,108010433,-
chr7,108010467,108010499,-
chr7,108010590,108010609,-
chr7,109741937,109741984,-
chr7,109986851,109986904,-
chr7,109987054,109987090,-
chr7,110018103,110018117,-
chr7,110109155,110109187,-
chr7,110221295,110221325,-
chr7,110242825,110242851,-
chr7,110259213,110259237,-
chr7,110259391,110259426,-
chr7,110636197,110636213,-
chr7,111029237,111029256,-
chr7,111029465,111029485,-
chr7,112053738,112053757,-
chr7,112053815,112053831,-
chr7,112053876,112053909,-
chr7,112204283,112204336,-
chr7,112208259,112208297,-
chr7,112208342,112208361,-
chr7,112208645,112208667,-
chr7,112566053,112566068,-
chr7,112566138,112566161,-
chr7,113250956,113250975,-
chr7,113263405,113263419,-
chr7,113372381,113372403,-
chr7,113372552,113372568,-
chr7,113609303,113609319,-
chr7,114088099,114088121,-
chr7,114091505,114091549,-
chr7,114116023,114116042,-
chr7,114145776,114145822,-
chr7,114276287,114276303,-
chr7,114301710,114301724,-
chr7,114317816,114317842,-
chr7,114479719,114479733,-
chr7,114479944,114479958,-
chr7,116040483,116040555,-
chr7,116334871,116334894,-
chr7,116431356,116431382,-
chr7,116459473,116459520,-
chr7,116505041,116505069,-
chr7,116698384,116698400,-
chr7,117428716,117428738,-
chr7,117429443,117429538,-
chr7,118116398,118116422,-
chr7,118116533,118116583,-
chr7,118259863,118259885,-
chr7,118297680,118297698,-
chr7,118297943,118298033,-
chr7,118519026,118519042,-
chr7,118999670,118999698,-
chr7,118999831,118999847,-
chr7,119720977,119720994,-
chr7,119801076,119801090,-
chr7,119801194,119801217,-
chr7,119836104,119836123,-
chr7,119836357,119836380,-
chr7,120688427,120688454,-
chr7,120835260,120835297,-
chr7,120835355,120835392,-
chr7,120917386,120917401,-
chr7,120918461,120918475,-
chr7,121707665,121707687,-
chr7,121981797,121981819,-
chr7,121981957,121982012,-
chr7,122402344,122402366,-
chr7,122402460,122402474,-
chr7,123123804,123123830,-
chr7,123371544,123371605,-
chr7,124538917,124538952,-
chr7,125190196,125190224,-
chr7,125420317,125420333,-
chr7,125472181,125472196,-
chr7,125507297,125507370,-
chr7,125507571,125507590,-
chr7,125507640,125507669,-
chr7,125551958,125551977,-
chr7,125580944,125580958,-
chr7,125634325,125634368,-
chr7,126285378,126285394,-
chr7,126377757,126377771,-
chr7,126643205,126643219,-
chr7,126643385,126643401,-
chr7,126643572,126643594,-
chr7,126655718,126655732,-
chr7,126976399,126976428,-
chr7,127084022,127084038,-
chr7,127137462,127137515,-
chr7,127228858,127228901,-
chr7,127233027,127233046,-
chr7,127295988,127296026,-
chr7,127362597,127362654,-
chr7,127449193,127449209,-
chr7,127572834,127572862,-
chr7,127895857,127895890,-
chr7,127922800,127922814,-
chr7,128134114,128134139,-
chr7,128497957,128497998,-
chr7,128633476,128633501,-
chr7,128633601,128633625,-
chr7,128758917,128758933,-
chr7,130674134,130674156,-
chr7,130674251,130674265,-
chr7,130693652,130693674,-
chr7,132639230,132639254,-
chr7,132649789,132649803,-
chr7,132686553,132686585,-
chr7,132765191,132765213,-
chr7,139648307,139648329,-
chr7,139905798,139905814,-
chr7,139905818,139905834,-
chr7,140078837,140078851,-
chr7,141059037,141059059,-
chr7,141072347,141072366,-
chr7,141072381,141072411,-
chr7,141344963,141344999,-
chr7,141345143,141345200,-
chr7,141392129,141392153,-
chr7,142460633,142460710,-
chr7,143008876,143008896,-
chr7,143420409,143420437,-
chr7,143625277,143625300,-
chr7,144560731,144560753,-
chr7,144915104,144915128,-
chr8,3170238,3170252,+
chr8,3170710,3170724,+
chr8,3356034,3356068,+
chr8,4313448,4313467,+
chr8,4313648,4313662,+
chr8,4313995,4314009,+
chr8,4507865,4507879,+
chr8,4678141,4678163,+
chr8,6572384,6572399,+
chr8,7277078,7277105,+
chr8,7277208,7277228,+
chr8,7356004,7356023,+
chr8,7615932,7615948,+
chr8,10946384,10946403,+
chr8,11008955,11008974,+
chr8,11636236,11636284,+
chr8,13132477,13132491,+
chr8,13132587,13132603,+
chr8,13213696,13213718,+
chr8,13594886,13594908,+
chr8,13601111,13601130,+
chr8,13601214,13601242,+
chr8,13601258,13601286,+
chr8,13601300,13601327,+
chr8,13601369,13601395,+
chr8,13601797,13601819,+
chr8,13630799,13630825,+
chr8,13649317,13649348,+
chr8,13649382,13649424,+
chr8,13676406,13676425,+
chr8,13869482,13869560,+
chr8,13907603,13907630,+
chr8,13964801,13964825,+
chr8,13974088,13974136,+
chr8,13986849,13986887,+
chr8,13987280,13987316,+
chr8,14012233,14012269,+
chr8,14012409,14012429,+
chr8,14897453,14897497,+
chr8,14897510,14897529,+
chr8,14961239,14961266,+
chr8,15018889,15018903,+
chr8,15027076,15027126,+
chr8,15043102,15043118,+
chr8,15043130,15043145,+
chr8,15043146,15043165,+
chr8,18526376,18526401,+
chr8,18594922,18594955,+
chr8,18858837,18858874,+
chr8,19161768,19161791,+
chr8,22192540,22192595,+
chr8,22192660,22192675,+
chr8,22807785,22807799,+
chr8,22808699,22808736,+
chr8,22838936,22838955,+
chr8,25102184,25102203,+
chr8,25201887,25201914,+
chr8,25625140,25625162,+
chr8,25625766,25625795,+
chr8,25632631,25632668,+
chr8,25632686,25632708,+
chr8,25632880,25632927,+
chr8,25840910,25840925,+
chr8,25841144,25841172,+
chr8,27253803,27253853,+
chr8,27253971,27254036,+
chr8,28307034,28307065,+
chr8,29463162,29463254,+
chr8,33902741,33902768,+
chr8,33902874,33902898,+
chr8,34145194,34145210,+
chr8,34146107,34146121,+
chr8,34146207,34146223,+
chr8,34146267,34146292,+
chr8,34149528,34149562,+
chr8,34149592,34149636,+
chr8,34163628,34163660,+
chr8,34216025,34216047,+
chr8,34276316,34276339,+
chr8,34622837,34622859,+
chr8,34671716,34671731,+
chr8,34671809,34671829,+
chr8,34689068,34689094,+
chr8,34732706,34732722,+
chr8,34740261,34740277,+
chr8,34755866,34755880,+
chr8,34939043,34939077,+
chr8,35321589,35321604,+
chr8,35321711,35321733,+
chr8,35634733,35634791,+
chr8,35679128,35679143,+
chr8,35679192,35679237,+
chr8,35679379,35679444,+
chr8,36168586,36168612,+
chr8,36168824,36168862,+
chr8,36168937,36168952,+
chr8,39045583,39045602,+
chr8,40075572,40075609,+
chr8,41043582,41043647,+
chr8,41043797,41043819,+
chr8,43319447,43319477,+
chr8,43319497,43319519,+
chr8,43618352,43618380,+
chr8,45332959,45332981,+
chr8,45934530,45934549,+
chr8,46739866,46739888,+
chr8,46755995,46756074,+
chr8,46756212,46756231,+
chr8,46845218,46845242,+
chr8,46859739,46859758,+
chr8,46859760,46859782,+
chr8,46941435,46941449,+
chr8,46941641,46941661,+
chr8,47533420,47533442,+
chr8,47673844,47673866,+
chr8,47692968,47693026,+
chr8,47693062,47693082,+
chr8,47713887,47713909,+
chr8,51225874,51225934,+
chr8,51429624,51429658,+
chr8,51429718,51429745,+
chr8,52720407,52720429,+
chr8,52720579,52720595,+
chr8,53144063,53144103,+
chr8,53511595,53511620,+
chr8,56616385,56616399,+
chr8,57427568,57427648,+
chr8,57427725,57427739,+
chr8,57427943,57427957,+
chr8,57428038,57428060,+
chr8,57576223,57576245,+
chr8,57612067,57612125,+
chr8,60602999,60603014,+
chr8,60603740,60603762,+
chr8,60604220,60604239,+
chr8,60983711,60983739,+
chr8,61270169,61270183,+
chr8,61283482,61283525,+
chr8,61607123,61607142,+
chr8,63779574,63779628,+
chr8,64447619,64447651,+
chr8,64447660,64447693,+
chr8,64447701,64447728,+
chr8,64447751,64447770,+
chr8,64447815,64447830,+
chr8,64548267,64548281,+
chr8,64770876,64770896,+
chr8,64771044,64771066,+
chr8,64771072,64771098,+
chr8,64826400,64826414,+
chr8,64826496,64826512,+
chr8,64946915,64946937,+
chr8,65064725,65064749,+
chr8,67689400,67689414,+
chr8,69118940,69118968,+
chr8,69119152,69119174,+
chr8,69749484,69749505,+
chr8,69952906,69952944,+
chr8,69953000,69953032,+
chr8,70037005,70037019,+
chr8,70172209,70172243,+
chr8,70611335,70611372,+
chr8,70653302,70653330,+
chr8,70653331,70653345,+
chr8,70653474,70653500,+
chr8,70653597,70653616,+
chr8,70673012,70673050,+
chr8,70720842,70720872,+
chr8,70840083,70840103,+
chr8,71561588,71561616,+
chr8,71591941,71591957,+
chr8,72160538,72160588,+
chr8,72239762,72239811,+
chr8,72272852,72272913,+
chr8,72303508,72303552,+
chr8,72303618,72303647,+
chr8,72331233,72331255,+
chr8,72343761,72343806,+
chr8,72350762,72350800,+
chr8,72351029,72351043,+
chr8,72365131,72365173,+
chr8,72590211,72590226,+
chr8,75108621,75108640,+
chr8,75856395,75856414,+
chr8,77422980,77422999,+
chr8,77451826,77451840,+
chr8,78509532,78509563,+
chr8,78821312,78821334,+
chr8,79639386,79639400,+
chr8,80584842,80584864,+
chr8,80584889,80584911,+
chr8,80584957,80584979,+
chr8,80584994,80585016,+
chr8,80585049,80585071,+
chr8,80740028,80740044,+
chr8,81011862,81011876,+
chr8,81011888,81011938,+
chr8,81012316,81012332,+
chr8,81012373,81012389,+
chr8,81012452,81012474,+
chr8,81075422,81075447,+
chr8,81075574,81075611,+
chr8,81491917,81491948,+
chr8,81492189,81492203,+
chr8,81503250,81503272,+
chr8,81517121,81517145,+
chr8,81572820,81572857,+
chr8,81636296,81636318,+
chr8,81636345,81636364,+
chr8,81636911,81636939,+
chr8,81649467,81649483,+
chr8,81649528,81649548,+
chr8,81692485,81692507,+
chr8,81703592,81703608,+
chr8,81703939,81703953,+
chr8,81717497,81717512,+
chr8,81717525,81717547,+
chr8,81766157,81766179,+
chr8,81766404,81766420,+
chr8,81782720,81782742,+
chr8,81783259,81783285,+
chr8,81824469,81824504,+
chr8,81841020,81841034,+
chr8,81881686,81881702,+
chr8,82011862,82011881,+
chr8,82774361,82774383,+
chr8,83332325,83332351,+
chr8,83594722,83594736,+
chr8,83600028,83600054,+
chr8,83742297,83742337,+
chr8,83773638,83773671,+
chr8,84066906,84066928,+
chr8,84128368,84128388,+
chr8,84639752,84639766,+
chr8,84639774,84639805,+
chr8,84639966,84639989,+
chr8,84706428,84706442,+
chr8,84706505,84706521,+
chr8,84726054,84726080,+
chr8,84893946,84893962,+
chr8,84978939,84978955,+
chr8,85624617,85624631,+
chr8,86048574,86048621,+
chr8,86048778,86048809,+
chr8,86049088,86049104,+
chr8,86707621,86707648,+
chr8,86708085,86708104,+
chr8,86870791,86870813,+
chr8,88200177,88200208,+
chr8,88297849,88297871,+
chr8,88619781,88619818,+
chr8,88691858,88691900,+
chr8,91070995,91071017,+
chr8,91077437,91077451,+
chr8,91077521,91077540,+
chr8,91255229,91255283,+
chr8,91255307,91255380,+
chr8,91312838,91312901,+
chr8,91312944,91312958,+
chr8,93363655,93363677,+
chr8,93718437,93718451,+
chr8,94354682,94354702,+
chr8,94400193,94400207,+
chr8,94400278,94400333,+
chr8,94478368,94478404,+
chr8,94478586,94478601,+
chr8,94601577,94601604,+
chr8,94654670,94654690,+
chr8,94956430,94956452,+
chr8,95245203,95245217,+
chr8,95245224,95245246,+
chr8,95807853,95807872,+
chr8,96216767,96216797,+
chr8,96419973,96420010,+
chr8,96420026,96420048,+
chr8,99286578,99286598,+
chr8,101878975,101878994,+
chr8,102681498,102681517,+
chr8,104249259,104249273,+
chr8,105170847,105170861,+
chr8,105623321,105623343,+
chr8,105745961,105746040,+
chr8,105746468,105746504,+
chr8,105810167,105810234,+
chr8,105810241,105810267,+
chr8,105855670,105855709,+
chr8,105900097,105900111,+
chr8,106054319,106054335,+
chr8,106337778,106337805,+
chr8,106415159,106415183,+
chr8,106683411,106683425,+
chr8,106687520,106687611,+
chr8,106687633,106687649,+
chr8,107095901,107095923,+
chr8,107603148,107603162,+
chr8,108827556,108827580,+
chr8,109777127,109777141,+
chr8,111299432,111299446,+
chr8,111343549,111343568,+
chr8,111527374,111527388,+
chr8,111563772,111563800,+
chr8,111571883,111571899,+
chr8,111644444,111644468,+
chr8,111821278,111821309,+
chr8,111821318,111821347,+
chr8,111821492,111821511,+
chr8,111976619,111976641,+
chr8,112061319,112061337,+
chr8,112061523,112061537,+
chr8,112986194,112986216,+
chr8,114438287,114438349,+
chr8,114789700,114789719,+
chr8,114789835,114789857,+
chr8,114801769,114801797,+
chr8,114869304,114869323,+
chr8,114869344,114869364,+
chr8,115159894,115159913,+
chr8,115190053,115190072,+
chr8,115190327,115190372,+
chr8,115726801,115726860,+
chr8,116635914,116635930,+
chr8,116921577,116921592,+
chr8,117474896,117474940,+
chr8,119424111,119424138,+
chr8,119558372,119558394,+
chr8,119570043,119570065,+
chr8,119570109,119570128,+
chr8,119586388,119586462,+
chr8,119605391,119605407,+
chr8,119812044,119812066,+
chr8,119838580,119838596,+
chr8,119838765,119838809,+
chr8,119895898,119895937,+
chr8,119895957,119895979,+
chr8,119897900,119897942,+
chr8,119910446,119910461,+
chr8,120599826,120599852,+
chr8,120599854,120599876,+
chr8,120618340,120618362,+
chr8,120724099,120724168,+
chr8,120736509,120736578,+
chr8,121579374,121579396,+
chr8,121585167,121585218,+
chr8,122769535,122769549,+
chr8,122924326,122924348,+
chr8,122937734,122937753,+
chr8,122938752,122938774,+
chr8,122970215,122970237,+
chr8,122970280,122970302,+
chr8,122986822,122986880,+
chr8,122987049,122987063,+
chr8,122987106,122987137,+
chr8,123000409,123000426,+
chr8,123000581,123000597,+
chr8,123027794,123027841,+
chr8,123027855,123027882,+
chr8,123034457,123034476,+
chr8,123042973,123043004,+
chr8,123052681,123052703,+
chr8,123065019,123065051,+
chr8,123065110,123065133,+
chr8,123065259,123065278,+
chr8,123113814,123113847,+
chr8,123113857,123113873,+
chr8,123113904,123113944,+
chr8,123114052,123114067,+
chr8,123162678,123162692,+
chr8,123203706,123203722,+
chr8,123319912,123319938,+
chr8,123859040,123859059,+
chr8,124318038,124318089,+
chr8,124947599,124947669,+
chr8,125067136,125067150,+
chr8,125067518,125067538,+
chr8,125264932,125264958,+
chr8,125337357,125337376,+
chr8,125337466,125337493,+
chr8,125337530,125337554,+
chr8,125461796,125461811,+
chr8,125461982,125461999,+
chr8,125462058,125462080,+
chr8,125567938,125567964,+
chr8,125667495,125667511,+
chr8,125667535,125667557,+
chr8,126585528,126585556,+
chr8,126616158,126616180,+
chr8,126616838,126616860,+
chr8,126627173,126627215,+
chr8,126663075,126663094,+
chr8,126666494,126666508,+
chr8,126666797,126666811,+
chr8,126699473,126699495,+
chr8,126699672,126699686,+
chr8,126757683,126757699,+
chr8,126757709,126757729,+
chr8,126757768,126757788,+
chr8,126832824,126832846,+
chr8,126848303,126848322,+
chr8,126854482,126854504,+
chr8,126855789,126855803,+
chr8,127500248,127500272,+
chr8,127838727,127838742,+
chr8,128473944,128473964,+
chr8,128504265,128504284,+
chr8,128504309,128504324,+
chr8,128504501,128504528,+
chr8,128547534,128547554,+
chr8,128595119,128595159,+
chr8,128595186,128595218,+
chr8,128688036,128688051,+
chr8,129234391,129234407,+
chr8,3353425,3353439,-
chr8,3355726,3355745,-
chr8,3500323,3500338,-
chr8,3556299,3556325,-
chr8,3556345,3556371,-
chr8,3803044,3803090,-
chr8,4140243,4140262,-
chr8,4238578,4238608,-
chr8,4413452,4413482,-
chr8,4413596,4413633,-
chr8,4507754,4507790,-
chr8,4507849,4507864,-
chr8,4678122,4678138,-
chr8,4806936,4806968,-
chr8,5863985,5864016,-
chr8,5864213,5864227,-
chr8,6477017,6477039,-
chr8,7277271,7277290,-
chr8,11008337,11008377,-
chr8,11430760,11430776,-
chr8,11430798,11430829,-
chr8,13132197,13132229,-
chr8,13595358,13595393,-
chr8,13649040,13649060,-
chr8,13713132,13713147,-
chr8,13980262,13980276,-
chr8,13986974,13986996,-
chr8,14954573,14954595,-
chr8,14961486,14961500,-
chr8,14961667,14961683,-
chr8,14961808,14961822,-
chr8,14968098,14968122,-
chr8,14968145,14968167,-
chr8,14996521,14996561,-
chr8,15018696,15018715,-
chr8,15018800,15018819,-
chr8,18311534,18311548,-
chr8,18526270,18526284,-
chr8,18526516,18526535,-
chr8,18594965,18595000,-
chr8,18747964,18747992,-
chr8,18936280,18936306,-
chr8,19161817,19161868,-
chr8,21988142,21988157,-
chr8,21988251,21988270,-
chr8,21988278,21988311,-
chr8,21988320,21988352,-
chr8,22193645,22193667,-
chr8,22476924,22476950,-
chr8,22712483,22712505,-
chr8,22724378,22724404,-
chr8,22806642,22806676,-
chr8,22838965,22838987,-
chr8,23238034,23238049,-
chr8,23255894,23255932,-
chr8,25535606,25535620,-
chr8,25575349,25575420,-
chr8,25575492,25575514,-
chr8,25575518,25575533,-
chr8,25618105,25618121,-
chr8,25625327,25625341,-
chr8,25625812,25625834,-
chr8,25627726,25627748,-
chr8,25653731,25653792,-
chr8,25754756,25754806,-
chr8,26015807,26015838,-
chr8,26015844,26015874,-
chr8,26715040,26715062,-
chr8,26715166,26715188,-
chr8,27023740,27023779,-
chr8,27159247,27159290,-
chr8,27254063,27254083,-
chr8,28527382,28527613,-
chr8,30971374,30971407,-
chr8,31150406,31150441,-
chr8,31240229,31240244,-
chr8,31396163,31396178,-
chr8,31396272,31396291,-
chr8,31396299,31396332,-
chr8,31396341,31396373,-
chr8,32837804,32837820,-
chr8,33601940,33601972,-
chr8,33602207,33602247,-
chr8,33763447,33763481,-
chr8,34045960,34045982,-
chr8,34046855,34046885,-
chr8,34047051,34047065,-
chr8,34047398,34047419,-
chr8,34083582,34083609,-
chr8,34108600,34108636,-
chr8,34155074,34155089,-
chr8,34163723,34163738,-
chr8,34164445,34164467,-
chr8,34164492,34164507,-
chr8,34216538,34216560,-
chr8,34276079,34276109,-
chr8,34623086,34623112,-
chr8,34659872,34659903,-
chr8,34732363,34732386,-
chr8,34740277,34740313,-
chr8,34740472,34740494,-
chr8,34756398,34756417,-
chr8,34808323,34808345,-
chr8,34808414,34808430,-
chr8,34816209,34816225,-
chr8,35145207,35145221,-
chr8,35430989,35431008,-
chr8,35431142,35431166,-
chr8,35431221,35431300,-
chr8,35597074,35597093,-
chr8,35597434,35597468,-
chr8,35597509,35597532,-
chr8,35634439,35634468,-
chr8,35678982,35678998,-
chr8,35679101,35679123,-
chr8,35992086,35992100,-
chr8,36150514,36150528,-
chr8,36150750,36150764,-
chr8,36158874,36158893,-
chr8,36169002,36169018,-
chr8,40126731,40126802,-
chr8,40443297,40443317,-
chr8,40609836,40609860,-
chr8,40953251,40953266,-
chr8,43590085,43590104,-
chr8,46163268,46163283,-
chr8,46617410,46617428,-
chr8,46686515,46686529,-
chr8,46739757,46739776,-
chr8,46755846,46755865,-
chr8,46941234,46941248,-
chr8,46941798,46941855,-
chr8,46943534,46943590,-
chr8,47676147,47676175,-
chr8,47693209,47693248,-
chr8,47693259,47693278,-
chr8,47693404,47693424,-
chr8,49135047,49135063,-
chr8,49135162,49135178,-
chr8,51035472,51035486,-
chr8,51035533,51035547,-
chr8,52442499,52442527,-
chr8,52720608,52720622,-
chr8,55602895,55602909,-
chr8,55732795,55732824,-
chr8,56582912,56582963,-
chr8,56616394,56616422,-
chr8,57520354,57520383,-
chr8,57800000,57800028,-
chr8,60602947,60602965,-
chr8,60603773,60603799,-
chr8,61001685,61001700,-
chr8,61270201,61270220,-
chr8,61270397,61270416,-
chr8,61283555,61283588,-
chr8,61606645,61606661,-
chr8,61928167,61928183,-
chr8,63564964,63564978,-
chr8,63565078,63565126,-
chr8,63565158,63565201,-
chr8,63565226,63565242,-
chr8,63565842,63565857,-
chr8,63565882,63565896,-
chr8,64548316,64548335,-
chr8,64548557,64548577,-
chr8,64611676,64611690,-
chr8,64771137,64771157,-
chr8,64805271,64805321,-
chr8,64805432,64805460,-
chr8,65064518,65064540,-
chr8,67798375,67798390,-
chr8,68336848,68336882,-
chr8,68793297,68793325,-
chr8,68793387,68793464,-
chr8,69119084,69119103,-
chr8,69188847,69188895,-
chr8,69716904,69716926,-
chr8,69997279,69997305,-
chr8,70506809,70506854,-
chr8,70538958,70538984,-
chr8,70611117,70611132,-
chr8,70700516,70700549,-
chr8,70752202,70752218,-
chr8,70761083,70761102,-
chr8,70763372,70763421,-
chr8,70763429,70763454,-
chr8,70777030,70777046,-
chr8,70777408,70777424,-
chr8,70866003,70866025,-
chr8,70897788,70897804,-
chr8,71486136,71486162,-
chr8,71672049,71672086,-
chr8,71731815,71731829,-
chr8,71731960,71731979,-
chr8,71908875,71908894,-
chr8,71908969,71908994,-
chr8,72037092,72037107,-
chr8,72136754,72136776,-
chr8,72163162,72163190,-
chr8,72279542,72279561,-
chr8,72303667,72303693,-
chr8,72331079,72331098,-
chr8,72331132,72331154,-
chr8,72344019,72344078,-
chr8,72351077,72351091,-
chr8,74382310,74382329,-
chr8,74382417,74382454,-
chr8,74382537,74382559,-
chr8,74401890,74401904,-
chr8,74993481,74993497,-
chr8,75440657,75440671,-
chr8,75586782,75586797,-
chr8,75586842,75586861,-
chr8,75586891,75586910,-
chr8,75586918,75586949,-
chr8,75586959,75586991,-
chr8,77221067,77221089,-
chr8,77503237,77503260,-
chr8,77503268,77503294,-
chr8,77630250,77630272,-
chr8,77630391,77630418,-
chr8,80492999,80493048,-
chr8,81012074,81012096,-
chr8,81479010,81479026,-
chr8,81479065,81479079,-
chr8,81479178,81479213,-
chr8,81492020,81492050,-
chr8,81497644,81497670,-
chr8,81503321,81503354,-
chr8,81558893,81558912,-
chr8,81559111,81559133,-
chr8,81611006,81611025,-
chr8,81618997,81619042,-
chr8,81636565,81636581,-
chr8,81649130,81649150,-
chr8,81649160,81649183,-
chr8,81649225,81649241,-
chr8,81689148,81689208,-
chr8,81692334,81692353,-
chr8,81692459,81692473,-
chr8,81695012,81695031,-
chr8,81702341,81702355,-
chr8,81702467,81702481,-
chr8,81703900,81703920,-
chr8,81703961,81703980,-
chr8,81717604,81717618,-
chr8,81742932,81742948,-
chr8,81743261,81743280,-
chr8,81757403,81757419,-
chr8,81766202,81766216,-
chr8,81766499,81766515,-
chr8,81768032,81768077,-
chr8,81768485,81768507,-
chr8,81792697,81792711,-
chr8,81792997,81793019,-
chr8,81823745,81823767,-
chr8,81823895,81823910,-
chr8,81824232,81824247,-
chr8,81840824,81840838,-
chr8,81840908,81840926,-
chr8,81871706,81871739,-
chr8,82011812,82011862,-
chr8,82011905,82011923,-
chr8,82759229,82759244,-
chr8,82774328,82774342,-
chr8,82774493,82774523,-
chr8,82774955,82774979,-
chr8,83427695,83427717,-
chr8,83742607,83742639,-
chr8,83773753,83773796,-
chr8,83899110,83899124,-
chr8,83899314,83899363,-
chr8,84073667,84073705,-
chr8,84106922,84106972,-
chr8,84127443,84127471,-
chr8,84148140,84148162,-
chr8,84197484,84197500,-
chr8,84249917,84249938,-
chr8,84270636,84270655,-
chr8,84270782,84270798,-
chr8,84639191,84639228,-
chr8,84857050,84857065,-
chr8,84975937,84975959,-
chr8,84975967,84975994,-
chr8,85036860,85036877,-
chr8,85036880,85036895,-
chr8,85083433,85083455,-
chr8,85409501,85409529,-
chr8,86048638,86048665,-
chr8,86052108,86052127,-
chr8,86052152,86052183,-
chr8,86585758,86585774,-
chr8,86686966,86686980,-
chr8,86870912,86870931,-
chr8,86888243,86888258,-
chr8,88266092,88266111,-
chr8,88362387,88362413,-
chr8,88619818,88619834,-
chr8,88668468,88668488,-
chr8,88692274,88692296,-
chr8,90795557,90795583,-
chr8,90795822,90795844,-
chr8,90887152,90887174,-
chr8,90887194,90887240,-
chr8,90887427,90887449,-
chr8,91070660,91070679,-
chr8,93580104,93580137,-
chr8,94363584,94363606,-
chr8,94413431,94413465,-
chr8,94413833,94413849,-
chr8,94454105,94454121,-
chr8,94454183,94454198,-
chr8,94458669,94458685,-
chr8,94458772,94458794,-
chr8,94633781,94633803,-
chr8,94654555,94654669,-
chr8,94667299,94667324,-
chr8,94667343,94667357,-
chr8,94703248,94703293,-
chr8,94703300,94703314,-
chr8,94956514,94956541,-
chr8,94956585,94956616,-
chr8,96152958,96152977,-
chr8,102504127,102504146,-
chr8,102504231,102504245,-
chr8,104219310,104219340,-
chr8,104219387,104219403,-
chr8,104239517,104239536,-
chr8,104239578,104239600,-
chr8,104249274,104249300,-
chr8,104249336,104249352,-
chr8,104564916,104564930,-
chr8,104565202,104565237,-
chr8,105121343,105121440,-
chr8,105204786,105204875,-
chr8,105225177,105225192,-
chr8,105266588,105266616,-
chr8,105266651,105266695,-
chr8,105289341,105289360,-
chr8,105297514,105297538,-
chr8,105708186,105708208,-
chr8,105899972,105899998,-
chr8,105900043,105900069,-
chr8,105992762,105992788,-
chr8,105992805,105992831,-
chr8,106053027,106053052,-
chr8,106108500,106108519,-
chr8,106128779,106128801,-
chr8,106129288,106129307,-
chr8,106129505,106129522,-
chr8,106129934,106129968,-
chr8,106169293,106169320,-
chr8,107114422,107114457,-
chr8,107324214,107324228,-
chr8,107588600,107588656,-
chr8,108827482,108827501,-
chr8,110902634,110902693,-
chr8,110902706,110902750,-
chr8,110939383,110939398,-
chr8,110997931,110997947,-
chr8,111258954,111258972,-
chr8,111562599,111562625,-
chr8,111570791,111570870,-
chr8,111572122,111572144,-
chr8,111582379,111582413,-
chr8,111582453,111582479,-
chr8,111594517,111594543,-
chr8,111594576,111594592,-
chr8,111644077,111644108,-
chr8,111644119,111644141,-
chr8,111644518,111644540,-
chr8,111940753,111940768,-
chr8,112986044,112986062,-
chr8,113515087,113515106,-
chr8,114133094,114133145,-
chr8,114438208,114438222,-
chr8,114453075,114453115,-
chr8,114815408,114815422,-
chr8,114881057,114881079,-
chr8,114973122,114973137,-
chr8,115045218,115045256,-
chr8,115064820,115064863,-
chr8,115190239,115190253,-
chr8,115397956,115397975,-
chr8,115707469,115707501,-
chr8,115707634,115707701,-
chr8,115708271,115708287,-
chr8,115727158,115727185,-
chr8,116504444,116504481,-
chr8,116555750,116555767,-
chr8,116732955,116732975,-
chr8,116922045,116922059,-
chr8,117148552,117148571,-
chr8,117149001,117149017,-
chr8,117258049,117258075,-
chr8,117258091,117258105,-
chr8,117262968,117262984,-
chr8,117548670,117548698,-
chr8,119423944,119423963,-
chr8,119910427,119910444,-
chr8,119948659,119948673,-
chr8,120434279,120434306,-
chr8,120544598,120544621,-
chr8,120544624,120544643,-
chr8,121585445,121585461,-
chr8,121585670,121585689,-
chr8,121590970,121590996,-
chr8,122918041,122918067,-
chr8,122918148,122918162,-
chr8,122938536,122938579,-
chr8,122953063,122953077,-
chr8,122961341,122961363,-
chr8,122961414,122961429,-
chr8,123000680,123000726,-
chr8,123015496,123015522,-
chr8,123026173,123026209,-
chr8,123034317,123034332,-
chr8,123034482,123034519,-
chr8,123043097,123043116,-
chr8,123043868,123043926,-
chr8,123043969,123044006,-
chr8,123052784,123052798,-
chr8,123162716,123162732,-
chr8,123320016,123320062,-
chr8,123385160,123385195,-
chr8,123416039,123416081,-
chr8,123416161,123416183,-
chr8,123416229,123416294,-
chr8,124242420,124242452,-
chr8,124947775,124947797,-
chr8,124949703,124949736,-
chr8,124950051,124950065,-
chr8,124950092,124950116,-
chr8,124959716,124959732,-
chr8,125067226,125067241,-
chr8,125067980,125068002,-
chr8,125265048,125265076,-
chr8,125337330,125337352,-
chr8,125337710,125337735,-
chr8,125462079,125462106,-
chr8,125559007,125559022,-
chr8,125574416,125574435,-
chr8,126258413,126258443,-
chr8,126585586,126585612,-
chr8,126596206,126596228,-
chr8,126596243,126596257,-
chr8,126627057,126627071,-
chr8,126652235,126652254,-
chr8,126663127,126663148,-
chr8,126758338,126758353,-
chr8,126832534,126832581,-
chr8,126832848,126832875,-
chr8,126846730,126846752,-
chr8,126846769,126846789,-
chr8,126848205,126848224,-
chr8,126848356,126848402,-
chr8,126854434,126854448,-
chr8,126856095,126856115,-
chr8,127515962,127515978,-
chr8,127838790,127838812,-
chr8,127966920,127966966,-
chr8,128224906,128224922,-
chr8,128268025,128268041,-
chr8,128526089,128526103,-
chr8,128526146,128526165,-
chr8,128534328,128534342,-
chr8,128534413,128534435,-
chr8,128534547,128534561,-
chr8,128688369,128688383,-
chr9,3858641,3858656,+
chr9,7221591,7221628,+
chr9,7221729,7221745,+
chr9,7221831,7221853,+
chr9,7836806,7836839,+
chr9,7873421,7873457,+
chr9,7897519,7897564,+
chr9,8017203,8017233,+
chr9,9326682,9326714,+
chr9,9326886,9326901,+
chr9,13443851,13443875,+
chr9,13444087,13444103,+
chr9,13444111,13444141,+
chr9,13537044,13537066,+
chr9,13701821,13701840,+
chr9,13811213,13811235,+
chr9,13811293,13811309,+
chr9,13811342,13811357,+
chr9,13894801,13894820,+
chr9,14010127,14010143,+
chr9,14010151,14010167,+
chr9,14010243,14010284,+
chr9,14093037,14093064,+
chr9,14244362,14244376,+
chr9,14262877,14262899,+
chr9,14263077,14263091,+
chr9,14376125,14376145,+
chr9,14499471,14499485,+
chr9,14500532,14500555,+
chr9,14765060,14765091,+
chr9,14904242,14904276,+
chr9,15045751,15045810,+
chr9,15550505,15550519,+
chr9,15550696,15550711,+
chr9,16018265,16018279,+
chr9,16337153,16337169,+
chr9,17645183,17645209,+
chr9,18687679,18687701,+
chr9,18687709,18687733,+
chr9,20610132,20610160,+
chr9,20765451,20765479,+
chr9,20961562,20961578,+
chr9,21167823,21167853,+
chr9,21172466,21172488,+
chr9,21172528,21172550,+
chr9,21288428,21288457,+
chr9,21320516,21320584,+
chr9,21367576,21367592,+
chr9,21367633,21367652,+
chr9,21425024,21425046,+
chr9,21450043,21450083,+
chr9,21610272,21610294,+
chr9,21956242,21956290,+
chr9,22071790,22071804,+
chr9,22224990,22225012,+
chr9,22467363,22467384,+
chr9,22467563,22467579,+
chr9,22650786,22650806,+
chr9,23123536,23123565,+
chr9,25185944,25185964,+
chr9,25197095,25197121,+
chr9,25252258,25252303,+
chr9,26779608,26779624,+
chr9,27756212,27756228,+
chr9,29236750,29236766,+
chr9,30426806,30426831,+
chr9,31030117,31030131,+
chr9,32350384,32350446,+
chr9,32499895,32499944,+
chr9,32592081,32592108,+
chr9,32592214,32592260,+
chr9,32594209,32594268,+
chr9,32615834,32615848,+
chr9,32672523,32672556,+
chr9,32692923,32692942,+
chr9,32717668,32717682,+
chr9,32717876,32717892,+
chr9,32901628,32901647,+
chr9,32915961,32915977,+
chr9,32916188,32916226,+
chr9,32928561,32928583,+
chr9,32928670,32928684,+
chr9,32941339,32941353,+
chr9,32942040,32942086,+
chr9,32962633,32962664,+
chr9,32962894,32962909,+
chr9,33061517,33061533,+
chr9,35117956,35117978,+
chr9,35267452,35267471,+
chr9,35268047,35268069,+
chr9,35282599,35282613,+
chr9,35495834,35495875,+
chr9,35569644,35569659,+
chr9,37488637,37488663,+
chr9,40424038,40424052,+
chr9,40424708,40424744,+
chr9,40424870,40424916,+
chr9,40456229,40456252,+
chr9,40636106,40636170,+
chr9,40784161,40784180,+
chr9,40997092,40997173,+
chr9,41044983,41045077,+
chr9,41073716,41073732,+
chr9,41083712,41083731,+
chr9,41097725,41097848,+
chr9,41097864,41097878,+
chr9,41107454,41107469,+
chr9,41107495,41107509,+
chr9,41107601,41107617,+
chr9,41113461,41113486,+
chr9,41118137,41118159,+
chr9,41118245,41118264,+
chr9,41154074,41154131,+
chr9,41154268,41154283,+
chr9,41167078,41167097,+
chr9,41609309,41609333,+
chr9,42244182,42244256,+
chr9,42244272,42244286,+
chr9,42249406,42249437,+
chr9,43545377,43545396,+
chr9,44022074,44022097,+
chr9,44022422,44022438,+
chr9,44029697,44029723,+
chr9,44034333,44034359,+
chr9,44515798,44515820,+
chr9,44526467,44526481,+
chr9,44568374,44568393,+
chr9,44581597,44581622,+
chr9,44873899,44873914,+
chr9,44920846,44920872,+
chr9,44954462,44954498,+
chr9,45048653,45048684,+
chr9,45062639,45062660,+
chr9,45062767,45062793,+
chr9,45117147,45117167,+
chr9,45137894,45137923,+
chr9,45294087,45294102,+
chr9,45294631,45294662,+
chr9,45294732,45294754,+
chr9,45828889,45828907,+
chr9,45869571,45869605,+
chr9,48413189,48413217,+
chr9,48413282,48413304,+
chr9,50324670,50324703,+
chr9,50363221,50363243,+
chr9,50537434,50537464,+
chr9,50548220,50548271,+
chr9,50617195,50617211,+
chr9,50856271,50856293,+
chr9,50905497,50905519,+
chr9,51186008,51186037,+
chr9,51963045,51963064,+
chr9,53079554,53079570,+
chr9,53079681,53079695,+
chr9,53248155,53248170,+
chr9,53248657,53248708,+
chr9,53610500,53610526,+
chr9,53667746,53667769,+
chr9,54586216,54586238,+
chr9,54612523,54612539,+
chr9,54612679,54612718,+
chr9,55102312,55102334,+
chr9,55511497,55511513,+
chr9,56152826,56152848,+
chr9,56325864,56325907,+
chr9,56325990,56326023,+
chr9,56326055,56326090,+
chr9,56507185,56507208,+
chr9,56927943,56927965,+
chr9,56927973,56928027,+
chr9,56937228,56937253,+
chr9,56995286,56995305,+
chr9,57148662,57148684,+
chr9,57407358,57407374,+
chr9,57856444,57856488,+
chr9,57856676,57856697,+
chr9,57856703,57856725,+
chr9,58112523,58112542,+
chr9,58112762,58112780,+
chr9,58253033,58253055,+
chr9,59338561,59338586,+
chr9,59795422,59795441,+
chr9,59959569,59959604,+
chr9,60717767,60717782,+
chr9,61370900,61370916,+
chr9,61669123,61669151,+
chr9,61681222,61681265,+
chr9,61707720,61707746,+
chr9,61708002,61708017,+
chr9,61859594,61859610,+
chr9,61915270,61915292,+
chr9,61965711,61965755,+
chr9,61983678,61983716,+
chr9,61983722,61983736,+
chr9,61985422,61985453,+
chr9,62488793,62488809,+
chr9,62977269,62977300,+
chr9,63377532,63377551,+
chr9,63706523,63706542,+
chr9,63714515,63714578,+
chr9,63738107,63738131,+
chr9,63738356,63738375,+
chr9,63740542,63740564,+
chr9,63749331,63749347,+
chr9,63749470,63749492,+
chr9,63873656,63873719,+
chr9,64050084,64050116,+
chr9,64173208,64173227,+
chr9,64796179,64796229,+
chr9,64796237,64796278,+
chr9,64824876,64824895,+
chr9,65196431,65196451,+
chr9,65479731,65479761,+
chr9,65580579,65580595,+
chr9,65680847,65680869,+
chr9,65681011,65681045,+
chr9,65681092,65681114,+
chr9,66124785,66124803,+
chr9,66560987,66561009,+
chr9,66593422,66593444,+
chr9,66706195,66706220,+
chr9,66800703,66800725,+
chr9,66873780,66873802,+
chr9,66873929,66873948,+
chr9,66882863,66882882,+
chr9,66887983,66887998,+
chr9,66888242,66888256,+
chr9,66888347,66888386,+
chr9,66903522,66903536,+
chr9,67799701,67799720,+
chr9,67993893,67993908,+
chr9,69070215,69070246,+
chr9,69073660,69073680,+
chr9,69125312,69125358,+
chr9,69296452,69296474,+
chr9,69297728,69297761,+
chr9,69297826,69297863,+
chr9,69314623,69314645,+
chr9,69314752,69314771,+
chr9,69397770,69397786,+
chr9,69505698,69505724,+
chr9,69951452,69951466,+
chr9,69987753,69987775,+
chr9,70214594,70214610,+
chr9,70244033,70244069,+
chr9,70496737,70496770,+
chr9,70496996,70497031,+
chr9,71896249,71896265,+
chr9,71896280,71896295,+
chr9,71896319,71896333,+
chr9,71896552,71896568,+
chr9,72029894,72029913,+
chr9,72092411,72092433,+
chr9,72098065,72098079,+
chr9,72098239,72098261,+
chr9,72381325,72381509,+
chr9,72492422,72492437,+
chr9,72532824,72532852,+
chr9,72910244,72910268,+
chr9,72910673,72910698,+
chr9,72910725,72910739,+
chr9,73039787,73039801,+
chr9,73045747,73045775,+
chr9,73091818,73091832,+
chr9,73827610,73827629,+
chr9,73827738,73827752,+
chr9,73827757,73827776,+
chr9,74003303,74003329,+
chr9,74003490,74003564,+
chr9,74003578,74003600,+
chr9,75434526,75434582,+
chr9,75434773,75434789,+
chr9,75558763,75558783,+
chr9,75645526,75645548,+
chr9,77430939,77430975,+
chr9,77911760,77911784,+
chr9,77917038,77917082,+
chr9,78074249,78074264,+
chr9,78222455,78222471,+
chr9,78527956,78527976,+
chr9,78528138,78528168,+
chr9,79792880,79792902,+
chr9,79935781,79935807,+
chr9,80164264,80164278,+
chr9,80332075,80332199,+
chr9,82913982,82913996,+
chr9,82914084,82914098,+
chr9,82914123,82914137,+
chr9,82975862,82975884,+
chr9,83023674,83023712,+
chr9,83023893,83023907,+
chr9,83441302,83441321,+
chr9,83610171,83610190,+
chr9,83691660,83691699,+
chr9,83833947,83833966,+
chr9,83833975,83834004,+
chr9,83834141,83834160,+
chr9,83834161,83834187,+
chr9,83987627,83987649,+
chr9,85120295,85120334,+
chr9,85685114,85685136,+
chr9,85685237,85685266,+
chr9,85730986,85731002,+
chr9,85748356,85748384,+
chr9,88326107,88326121,+
chr9,88329062,88329088,+
chr9,88329179,88329210,+
chr9,88357055,88357081,+
chr9,88366362,88366384,+
chr9,88437917,88437940,+
chr9,88438135,88438155,+
chr9,88438207,88438226,+
chr9,88956236,88956264,+
chr9,88956584,88956598,+
chr9,89198545,89198573,+
chr9,89198873,89198907,+
chr9,89199237,89199259,+
chr9,89212482,89212504,+
chr9,90098967,90098982,+
chr9,90099263,90099290,+
chr9,90114256,90114280,+
chr9,90125929,90125973,+
chr9,90126490,90126516,+
chr9,90135701,90135764,+
chr9,90251250,90251265,+
chr9,92207547,92207574,+
chr9,94620590,94620604,+
chr9,94678283,94678326,+
chr9,94678495,94678519,+
chr9,94692052,94692087,+
chr9,95317165,95317187,+
chr9,95317286,95317313,+
chr9,95317439,95317461,+
chr9,96350683,96350720,+
chr9,96351119,96351147,+
chr9,96370122,96370141,+
chr9,96376070,96376085,+
chr9,96618725,96618751,+
chr9,96696104,96696118,+
chr9,96696187,96696209,+
chr9,96696469,96696491,+
chr9,96787901,96787923,+
chr9,96787998,96788012,+
chr9,96957345,96957371,+
chr9,97110446,97110493,+
chr9,98296392,98296448,+
chr9,98979834,98979853,+
chr9,98980044,98980069,+
chr9,99009455,99009469,+
chr9,100462175,100462197,+
chr9,100522361,100522382,+
chr9,100643025,100643040,+
chr9,101057301,101057315,+
chr9,101074710,101074725,+
chr9,102792392,102792406,+
chr9,103181502,103181524,+
chr9,104063184,104063216,+
chr9,105887847,105887863,+
chr9,106176984,106177020,+
chr9,106177290,106177309,+
chr9,106177457,106177485,+
chr9,106429351,106429367,+
chr9,106686115,106686137,+
chr9,106789370,106789423,+
chr9,106923311,106923342,+
chr9,107280782,107280804,+
chr9,107288998,107289017,+
chr9,107295364,107295388,+
chr9,107296031,107296061,+
chr9,107313665,107313679,+
chr9,107563038,107563053,+
chr9,107580522,107580536,+
chr9,107588222,107588244,+
chr9,107624670,107624689,+
chr9,107985669,107985691,+
chr9,108035234,108035256,+
chr9,108279336,108279350,+
chr9,108490730,108490749,+
chr9,108560221,108560240,+
chr9,109832597,109832618,+
chr9,110131776,110131792,+
chr9,110645340,110645372,+
chr9,112174469,112174491,+
chr9,112174498,112174534,+
chr9,112174787,112174801,+
chr9,113990922,113990941,+
chr9,114440442,114440456,+
chr9,114443628,114443662,+
chr9,114451654,114451678,+
chr9,114452021,114452049,+
chr9,114496349,114496392,+
chr9,114496639,114496668,+
chr9,114640121,114640136,+
chr9,114648577,114648593,+
chr9,114730328,114730344,+
chr9,114730941,114730999,+
chr9,114758415,114758448,+
chr9,114782209,114782224,+
chr9,115309477,115309501,+
chr9,115471756,115471798,+
chr9,115471847,115471862,+
chr9,116091780,116091794,+
chr9,116114598,116114613,+
chr9,116122861,116122928,+
chr9,116123165,116123179,+
chr9,116123235,116123249,+
chr9,116123630,116123653,+
chr9,116139688,116139703,+
chr9,116163845,116163865,+
chr9,116169305,116169319,+
chr9,116175728,116175742,+
chr9,116176058,116176072,+
chr9,116176178,116176230,+
chr9,116189260,116189276,+
chr9,116214392,116214414,+
chr9,116229451,116229466,+
chr9,116229623,116229640,+
chr9,116230668,116230685,+
chr9,116338600,116338629,+
chr9,116369509,116369531,+
chr9,117146178,117146200,+
chr9,117146305,117146329,+
chr9,118272898,118272920,+
chr9,118272927,118272941,+
chr9,118487943,118487957,+
chr9,118487962,118487978,+
chr9,118488981,118489034,+
chr9,118606507,118606526,+
chr9,119322597,119322619,+
chr9,119621277,119621296,+
chr9,119982288,119982310,+
chr9,120020373,120020387,+
chr9,120074254,120074283,+
chr9,120080142,120080164,+
chr9,120080263,120080279,+
chr9,120091598,120091624,+
chr9,120091788,120091832,+
chr9,120110180,120110204,+
chr9,120110206,120110232,+
chr9,120127206,120127236,+
chr9,120570224,120570281,+
chr9,120578858,120578872,+
chr9,120582935,120582949,+
chr9,120692132,120692148,+
chr9,120776919,120776941,+
chr9,120777127,120777147,+
chr9,120943847,120943877,+
chr9,121218125,121218139,+
chr9,121454982,121454996,+
chr9,121674975,121674994,+
chr9,121705547,121705573,+
chr9,121831139,121831158,+
chr9,122226693,122226709,+
chr9,122805332,122805348,+
chr9,123240267,123240289,+
chr9,123241341,123241411,+
chr9,123450409,123450445,+
chr9,123509959,123509981,+
chr9,123529327,123529349,+
chr9,123723414,123723443,+
chr9,123754858,123754878,+
chr9,123754923,123754937,+
chr9,123785059,123785081,+
chr9,123785185,123785217,+
chr9,123851155,123851170,+
chr9,124039121,124039136,+
chr9,124068826,124068846,+
chr9,124100316,124100346,+
chr9,124100452,124100487,+
chr9,124100524,124100546,+
chr9,124121686,124121701,+
chr9,124132443,124132621,+
chr9,124132623,124132752,+
chr9,124132778,124132836,+
chr9,124132874,124132960,+
chr9,124133018,124133037,+
chr9,124146357,124146379,+
chr9,124424264,124424286,+
chr9,124424476,124424503,+
chr9,3403685,3403699,-
chr9,4138908,4138930,-
chr9,5308648,5308705,-
chr9,7764867,7764889,-
chr9,7838001,7838047,-
chr9,7873367,7873396,-
chr9,7873472,7873487,-
chr9,7893120,7893153,-
chr9,7893379,7893393,-
chr9,13323277,13323296,-
chr9,13323802,13323821,-
chr9,13443359,13443394,-
chr9,13443426,13443450,-
chr9,13466312,13466340,-
chr9,13466637,13466656,-
chr9,13466710,13466732,-
chr9,13470206,13470220,-
chr9,13484633,13484666,-
chr9,13484810,13484838,-
chr9,13561779,13561795,-
chr9,13919534,13919548,-
chr9,13929646,13929668,-
chr9,13929684,13929706,-
chr9,14010212,14010226,-
chr9,14500795,14500821,-
chr9,15018067,15018094,-
chr9,15280078,15280148,-
chr9,15280196,15280226,-
chr9,15709274,15709308,-
chr9,16337277,16337291,-
chr9,17645447,17645461,-
chr9,18105155,18105182,-
chr9,18412522,18412591,-
chr9,18687593,18687619,-
chr9,18687665,18687686,-
chr9,18687806,18687825,-
chr9,20607719,20607738,-
chr9,20636651,20636679,-
chr9,20765639,20765655,-
chr9,20961531,20961553,-
chr9,20961588,20961637,-
chr9,21091549,21091582,-
chr9,21260997,21261038,-
chr9,21328256,21328296,-
chr9,22085652,22085670,-
chr9,22225083,22225097,-
chr9,22468450,22468485,-
chr9,22640742,22640786,-
chr9,22645902,22645917,-
chr9,22646167,22646182,-
chr9,25167758,25167772,-
chr9,25196912,25196931,-
chr9,25197183,25197199,-
chr9,25482418,25482437,-
chr9,25969973,25969995,-
chr9,25970005,25970024,-
chr9,25970028,25970042,-
chr9,25970151,25970170,-
chr9,31254862,31254881,-
chr9,31255008,31255042,-
chr9,31300551,31300592,-
chr9,31300732,31300748,-
chr9,31300922,31300946,-
chr9,31301123,31301150,-
chr9,31772235,31772512,-
chr9,31772575,31772621,-
chr9,32350355,32350384,-
chr9,32350583,32350619,-
chr9,32495987,32496012,-
chr9,32496073,32496143,-
chr9,32507717,32507749,-
chr9,32541545,32541564,-
chr9,32592157,32592184,-
chr9,32594136,32594177,-
chr9,32615972,32615999,-
chr9,32652277,32652301,-
chr9,32661760,32661782,-
chr9,32662007,32662049,-
chr9,32692854,32692876,-
chr9,32693006,32693028,-
chr9,32693087,32693102,-
chr9,32703042,32703068,-
chr9,32703082,32703101,-
chr9,32706438,32706456,-
chr9,32706593,32706621,-
chr9,32706683,32706699,-
chr9,32717715,32717735,-
chr9,32722999,32723026,-
chr9,32728635,32728651,-
chr9,32747831,32747857,-
chr9,32751626,32751662,-
chr9,32815683,32815698,-
chr9,32910733,32910766,-
chr9,32916148,32916180,-
chr9,32916255,32916274,-
chr9,32916732,32916746,-
chr9,32916964,32916987,-
chr9,32926347,32926369,-
chr9,32928417,32928431,-
chr9,32928682,32928709,-
chr9,32941282,32941296,-
chr9,32962981,32963005,-
chr9,33061254,33061270,-
chr9,33061335,33061354,-
chr9,33061470,33061487,-
chr9,33080537,33080583,-
chr9,35211661,35211686,-
chr9,35282513,35282532,-
chr9,35434023,35434037,-
chr9,35465168,35465183,-
chr9,35495484,35495503,-
chr9,36768160,36768176,-
chr9,37613608,37613657,-
chr9,38806180,38806194,-
chr9,40424388,40424424,-
chr9,40757975,40757991,-
chr9,40814110,40814125,-
chr9,40834752,40834774,-
chr9,40997302,40997322,-
chr9,41045113,41045129,-
chr9,41107379,41107393,-
chr9,41118047,41118071,-
chr9,41118519,41118535,-
chr9,41141454,41141470,-
chr9,41161021,41161035,-
chr9,41182749,41182768,-
chr9,41951244,41951258,-
chr9,42032395,42032456,-
chr9,42244408,42244422,-
chr9,44094180,44094214,-
chr9,44130244,44130263,-
chr9,44238543,44238562,-
chr9,44269379,44269427,-
chr9,44516210,44516240,-
chr9,44526603,44526635,-
chr9,44568215,44568235,-
chr9,44568263,44568295,-
chr9,44581534,44581553,-
chr9,44773012,44773043,-
chr9,44954598,44954624,-
chr9,44980536,44980564,-
chr9,44981510,44981526,-
chr9,44981534,44981556,-
chr9,45010314,45010342,-
chr9,45015886,45015901,-
chr9,45062797,45062816,-
chr9,45062818,45062860,-
chr9,45116811,45116841,-
chr9,45127173,45127195,-
chr9,45292079,45292098,-
chr9,45294440,45294460,-
chr9,45869599,45869624,-
chr9,45981466,45981492,-
chr9,46014704,46014726,-
chr9,46014954,46014970,-
chr9,46015087,46015122,-
chr9,46127279,46127301,-
chr9,46142530,46142585,-
chr9,46142704,46142726,-
chr9,46150180,46150202,-
chr9,46154776,46154809,-
chr9,46302688,46302711,-
chr9,46302721,46302737,-
chr9,48480951,48480974,-
chr9,48562581,48562604,-
chr9,48562764,48562807,-
chr9,49813068,49813087,-
chr9,49813293,49813315,-
chr9,50363242,50363264,-
chr9,50463009,50463064,-
chr9,50463154,50463215,-
chr9,50470366,50470388,-
chr9,50593928,50593950,-
chr9,50617596,50617618,-
chr9,50922621,50922643,-
chr9,51020338,51020353,-
chr9,51766907,51766921,-
chr9,51842941,51842979,-
chr9,53356703,53356723,-
chr9,53356776,53356798,-
chr9,53535612,53535634,-
chr9,53806969,53806992,-
chr9,53807015,53807037,-
chr9,54612708,54612751,-
chr9,54612810,54612841,-
chr9,54950528,54950542,-
chr9,55102179,55102195,-
chr9,55126419,55126433,-
chr9,55511463,55511487,-
chr9,56152561,56152583,-
chr9,56418996,56419035,-
chr9,56419301,56419323,-
chr9,56419739,56419758,-
chr9,56465301,56465317,-
chr9,56498340,56498362,-
chr9,56507130,56507152,-
chr9,56951076,56951098,-
chr9,57339995,57340017,-
chr9,57407274,57407311,-
chr9,57520945,57520967,-
chr9,57537342,57537356,-
chr9,57561681,57561695,-
chr9,57585195,57585223,-
chr9,57585263,57585287,-
chr9,57621047,57621084,-
chr9,57866490,57866504,-
chr9,58226404,58226426,-
chr9,58253791,58253807,-
chr9,58253926,58253967,-
chr9,58271456,58271490,-
chr9,58271495,58271524,-
chr9,59296564,59296580,-
chr9,59616906,59616928,-
chr9,59795309,59795324,-
chr9,59795370,59795390,-
chr9,59795470,59795484,-
chr9,59795513,59795532,-
chr9,60717681,60717695,-
chr9,60717969,60718001,-
chr9,60819492,60819537,-
chr9,60991841,60991891,-
chr9,61251684,61251715,-
chr9,61370879,61370896,-
chr9,61372499,61372515,-
chr9,61702743,61702757,-
chr9,61859794,61859813,-
chr9,61914960,61914975,-
chr9,61915293,61915312,-
chr9,61947084,61947122,-
chr9,61947133,61947165,-
chr9,61985813,61985829,-
chr9,62295292,62295318,-
chr9,62343835,62343877,-
chr9,62344348,62344363,-
chr9,62363979,62363995,-
chr9,62367397,62367419,-
chr9,62368571,62368593,-
chr9,62368862,62368884,-
chr9,62440108,62440130,-
chr9,62440150,62440189,-
chr9,63400209,63400223,-
chr9,63400379,63400393,-
chr9,63714583,63714599,-
chr9,63758563,63758608,-
chr9,63873637,63873659,-
chr9,64173000,64173014,-
chr9,64179163,64179182,-
chr9,64789595,64789617,-
chr9,64789647,64789669,-
chr9,64789837,64789885,-
chr9,64811840,64811862,-
chr9,65022058,65022090,-
chr9,65196845,65196867,-
chr9,65201952,65201975,-
chr9,65346668,65346687,-
chr9,65434343,65434369,-
chr9,65479466,65479488,-
chr9,65523978,65524053,-
chr9,65535583,65535605,-
chr9,65541573,65541595,-
chr9,65580876,65580898,-
chr9,66126745,66126759,-
chr9,66281592,66281618,-
chr9,66305283,66305309,-
chr9,66503962,66503993,-
chr9,66504107,66504122,-
chr9,66614993,66615030,-
chr9,66705833,66705847,-
chr9,66706283,66706307,-
chr9,66898817,66898850,-
chr9,66975593,66975612,-
chr9,66982392,66982429,-
chr9,67993873,67993892,-
chr9,68957271,68957291,-
chr9,69034691,69034707,-
chr9,69125831,69125847,-
chr9,69296409,69296432,-
chr9,69296493,69296557,-
chr9,69297965,69297981,-
chr9,69298022,69298080,-
chr9,69314481,69314495,-
chr9,69314704,69314724,-
chr9,69398260,69398279,-
chr9,69758460,69758474,-
chr9,69758507,69758526,-
chr9,70080268,70080287,-
chr9,70244112,70244134,-
chr9,70244407,70244442,-
chr9,70496821,70496837,-
chr9,70543386,70543402,-
chr9,70552211,70552357,-
chr9,70552365,70552381,-
chr9,70798863,70798885,-
chr9,71874312,71874341,-
chr9,72910285,72910307,-
chr9,72910565,72910581,-
chr9,73045821,73045840,-
chr9,73045880,73045925,-
chr9,73073420,73073442,-
chr9,74003208,74003222,-
chr9,75922164,75922186,-
chr9,76277332,76277357,-
chr9,77431004,77431029,-
chr9,77431089,77431114,-
chr9,77834247,77834269,-
chr9,77834508,77834536,-
chr9,77911696,77911728,-
chr9,77911895,77911923,-
chr9,77911957,77911972,-
chr9,77912096,77912116,-
chr9,77921759,77921779,-
chr9,77961269,77961291,-
chr9,77961469,77961493,-
chr9,78046957,78046990,-
chr9,78074055,78074069,-
chr9,78194041,78194056,-
chr9,78222563,78222587,-
chr9,78443460,78443511,-
chr9,79795221,79795243,-
chr9,79795280,79795303,-
chr9,80305667,80305681,-
chr9,80318134,80318153,-
chr9,82914065,82914079,-
chr9,82975629,82975645,-
chr9,83893457,83893471,-
chr9,85685304,85685318,-
chr9,85731019,85731041,-
chr9,86573097,86573116,-
chr9,87021699,87021726,-
chr9,88326231,88326287,-
chr9,88329624,88329643,-
chr9,88357088,88357148,-
chr9,88357158,88357178,-
chr9,88357192,88357206,-
chr9,88380211,88380233,-
chr9,88380447,88380462,-
chr9,88516885,88516931,-
chr9,88516939,88517026,-
chr9,89209258,89209280,-
chr9,89212440,89212465,-
chr9,90113807,90113831,-
chr9,90126311,90126327,-
chr9,90126419,90126445,-
chr9,90126621,90126640,-
chr9,90126690,90126732,-
chr9,90126748,90126762,-
chr9,90605942,90605970,-
chr9,92384518,92384538,-
chr9,92911389,92911418,-
chr9,93085637,93085653,-
chr9,93085722,93085744,-
chr9,93085767,93085828,-
chr9,93085834,93085888,-
chr9,94441330,94441352,-
chr9,94441459,94441483,-
chr9,94607163,94607179,-
chr9,94620491,94620505,-
chr9,94668668,94668682,-
chr9,95072641,95072677,-
chr9,95072765,95072784,-
chr9,95315504,95315528,-
chr9,95328356,95328375,-
chr9,95350862,95350888,-
chr9,95350962,95350976,-
chr9,95835089,95835129,-
chr9,95835386,95835419,-
chr9,95954816,95954835,-
chr9,96350901,96350917,-
chr9,96376184,96376223,-
chr9,96583653,96583675,-
chr9,96696538,96696552,-
chr9,96740602,96740621,-
chr9,96890090,96890127,-
chr9,96935830,96935860,-
chr9,96935988,96936002,-
chr9,96936087,96936109,-
chr9,98333280,98333299,-
chr9,98962581,98962618,-
chr9,99575611,99575638,-
chr9,100460434,100460458,-
chr9,100462352,100462372,-
chr9,100693155,100693171,-
chr9,100693300,100693316,-
chr9,101057425,101057439,-
chr9,101249822,101249850,-
chr9,101251982,101251996,-
chr9,103108580,103108594,-
chr9,103181446,103181470,-
chr9,103202179,103202205,-
chr9,104223237,104223256,-
chr9,104223462,104223484,-
chr9,105617244,105617262,-
chr9,105617270,105617295,-
chr9,106160064,106160080,-
chr9,106176946,106176960,-
chr9,106177558,106177582,-
chr9,106203539,106203565,-
chr9,106215803,106215817,-
chr9,106215833,106215847,-
chr9,106215854,106215870,-
chr9,106281132,106281148,-
chr9,106422242,106422261,-
chr9,106822743,106822765,-
chr9,106822816,106822838,-
chr9,106822915,106822937,-
chr9,106823036,106823059,-
chr9,106823061,106823076,-
chr9,106891757,106891776,-
chr9,107290043,107290057,-
chr9,107313591,107313610,-
chr9,107612991,107613010,-
chr9,107887732,107887751,-
chr9,107986218,107986265,-
chr9,108002579,108002601,-
chr9,108279343,108279374,-
chr9,108338824,108338838,-
chr9,108338943,108338958,-
chr9,108342397,108342413,-
chr9,108342519,108342535,-
chr9,108342656,108342672,-
chr9,108517485,108517515,-
chr9,108540972,108541025,-
chr9,108792806,108792825,-
chr9,108792831,108792864,-
chr9,109003310,109003346,-
chr9,109168308,109168322,-
chr9,109875697,109875716,-
chr9,109931122,109931146,-
chr9,110132586,110132610,-
chr9,110333896,110333918,-
chr9,110504725,110504747,-
chr9,110533306,110533342,-
chr9,110656936,110656980,-
chr9,112053580,112053596,-
chr9,112101007,112101022,-
chr9,112186688,112186708,-
chr9,113792812,113792826,-
chr9,113812026,113812048,-
chr9,113812224,113812239,-
chr9,114417672,114417688,-
chr9,114422079,114422111,-
chr9,114422119,114422133,-
chr9,114427534,114427562,-
chr9,114427700,114427724,-
chr9,114440781,114440803,-
chr9,114648698,114648755,-
chr9,114731624,114731646,-
chr9,114731703,114731719,-
chr9,114742842,114742864,-
chr9,114753229,114753248,-
chr9,114782270,114782334,-
chr9,114787856,114787878,-
chr9,115468582,115468601,-
chr9,115468695,115468759,-
chr9,115468792,115468831,-
chr9,115471883,115471912,-
chr9,115484071,115484096,-
chr9,115484122,115484136,-
chr9,115499604,115499626,-
chr9,115499733,115499762,-
chr9,115561618,115561635,-
chr9,115617930,115617966,-
chr9,115624125,115624152,-
chr9,116101939,116101961,-
chr9,116145241,116145257,-
chr9,116146034,116146054,-
chr9,116161231,116161253,-
chr9,116189415,116189442,-
chr9,116329483,116329507,-
chr9,116366689,116366711,-
chr9,116369542,116369564,-
chr9,116384148,116384162,-
chr9,118390685,118390707,-
chr9,118821619,118821638,-
chr9,119322725,119322741,-
chr9,119340460,119340486,-
chr9,119340580,119340596,-
chr9,119449610,119449638,-
chr9,119743913,119743929,-
chr9,120011601,120011621,-
chr9,120011747,120011771,-
chr9,120028066,120028080,-
chr9,120028301,120028345,-
chr9,120030045,120030077,-
chr9,120030605,120030637,-
chr9,120079871,120079900,-
chr9,120096124,120096152,-
chr9,120096155,120096177,-
chr9,120340154,120340173,-
chr9,120583272,120583294,-
chr9,120776773,120776795,-
chr9,120777029,120777066,-
chr9,120777102,120777131,-
chr9,120943771,120943790,-
chr9,121698018,121698089,-
chr9,121718414,121718428,-
chr9,121718717,121718780,-
chr9,121831308,121831324,-
chr9,122128615,122128629,-
chr9,122150783,122150799,-
chr9,122193565,122193587,-
chr9,122226819,122226835,-
chr9,122865666,122865693,-
chr9,123006165,123006227,-
chr9,123240443,123240457,-
chr9,123261127,123261146,-
chr9,123261161,123261231,-
chr9,123366928,123366942,-
chr9,123784887,123784932,-
chr9,123806551,123806570,-
chr9,123814523,123814542,-
chr9,123814700,123814714,-
chr9,123931848,123931870,-
chr9,123938131,123938159,-
chr9,123960424,123960483,-
chr9,124100646,124100668,-
chr9,124413100,124413150,-
chr9,124424863,124424879,-
chrX,7322637,7322651,+
chrX,7566331,7566379,+
chrX,7566392,7566422,+
chrX,7570835,7570849,+
chrX,7584262,7584278,+
chrX,7648956,7648978,+
chrX,7721788,7721807,+
chrX,7877984,7878016,+
chrX,9139559,9139608,+
chrX,10216714,10216730,+
chrX,10848821,10848837,+
chrX,11254150,11254172,+
chrX,12091616,12091638,+
chrX,12153404,12153426,+
chrX,12153455,12153495,+
chrX,13230505,13230538,+
chrX,13346773,13346811,+
chrX,13516530,13516549,+
chrX,13516619,13516642,+
chrX,13576724,13576746,+
chrX,13577885,13577914,+
chrX,13618528,13618548,+
chrX,13618592,13618616,+
chrX,17572082,17572097,+
chrX,18164256,18164272,+
chrX,18507282,18507317,+
chrX,18507349,18507376,+
chrX,18507388,18507420,+
chrX,20271928,20271944,+
chrX,20271994,20272013,+
chrX,22069600,22069622,+
chrX,22069777,22069797,+
chrX,23931581,23931596,+
chrX,25751006,25751032,+
chrX,26140148,26140164,+
chrX,26140168,26140195,+
chrX,26140202,26140239,+
chrX,35889542,35889573,+
chrX,35898671,35898693,+
chrX,36474362,36474391,+
chrX,36474474,36474493,+
chrX,36474537,36474559,+
chrX,36807654,36807704,+
chrX,36903805,36903821,+
chrX,36980721,36980747,+
chrX,36980962,36980981,+
chrX,37085421,37085437,+
chrX,38181929,38181951,+
chrX,40616453,40616475,+
chrX,41123243,41123268,+
chrX,41123391,41123423,+
chrX,41912077,41912112,+
chrX,42360546,42360588,+
chrX,42366120,42366136,+
chrX,42540797,42540821,+
chrX,43949331,43949358,+
chrX,43949365,43949402,+
chrX,43949635,43949649,+
chrX,43949717,43949742,+
chrX,45257334,45257353,+
chrX,47985262,47985278,+
chrX,47985480,47985519,+
chrX,48097327,48097347,+
chrX,48481266,48481295,+
chrX,48481374,48481400,+
chrX,49206482,49206504,+
chrX,49954652,49954671,+
chrX,50805877,50805891,+
chrX,50874407,50874429,+
chrX,50874776,50874802,+
chrX,51013047,51013087,+
chrX,51204777,51204792,+
chrX,51205493,51205507,+
chrX,52913387,52913402,+
chrX,53033548,53033565,+
chrX,57189367,57189418,+
chrX,57196697,57196713,+
chrX,57216561,57216583,+
chrX,57228277,57228299,+
chrX,57254088,57254103,+
chrX,57336911,57336933,+
chrX,57338764,57338778,+
chrX,59199632,59199663,+
chrX,59199732,59199746,+
chrX,59199750,59199774,+
chrX,60925852,60925867,+
chrX,60926091,60926141,+
chrX,62951139,62951158,+
chrX,65543295,65543314,+
chrX,66516471,66516485,+
chrX,66516587,66516601,+
chrX,66516953,66516981,+
chrX,71367308,71367336,+
chrX,71378773,71378799,+
chrX,73493572,73493588,+
chrX,74024210,74024225,+
chrX,74282489,74282505,+
chrX,74305140,74305156,+
chrX,74368827,74368846,+
chrX,75514722,75514754,+
chrX,77268435,77268449,+
chrX,77268517,77268531,+
chrX,77719303,77719329,+
chrX,78041815,78041835,+
chrX,78395154,78395173,+
chrX,78582914,78582936,+
chrX,78809855,78809870,+
chrX,79291717,79291732,+
chrX,80735368,80735387,+
chrX,84832251,84832265,+
chrX,84832270,84832289,+
chrX,84832330,84832349,+
chrX,88676242,88676261,+
chrX,88676310,88676324,+
chrX,88676358,88676380,+
chrX,89633974,89634011,+
chrX,89634098,89634114,+
chrX,89828614,89828630,+
chrX,92615817,92615845,+
chrX,94178299,94178313,+
chrX,95957172,95957211,+
chrX,97494473,97494495,+
chrX,97494505,97494519,+
chrX,97494604,97494618,+
chrX,97494623,97494642,+
chrX,98260046,98260081,+
chrX,99470871,99470885,+
chrX,99470909,99470931,+
chrX,99471003,99471017,+
chrX,101163609,101163623,+
chrX,101222910,101222925,+
chrX,101254217,101254236,+
chrX,101368996,101369069,+
chrX,101639794,101639809,+
chrX,101954441,101954455,+
chrX,102504508,102504523,+
chrX,102505467,102505491,+
chrX,103592635,103592655,+
chrX,103616198,103616227,+
chrX,103616407,103616423,+
chrX,103616531,103616550,+
chrX,103616644,103616672,+
chrX,104414098,104414112,+
chrX,104481876,104481891,+
chrX,104946827,104946863,+
chrX,105070060,105070076,+
chrX,105070449,105070471,+
chrX,105801714,105801730,+
chrX,105926634,105926661,+
chrX,106734591,106734613,+
chrX,106921156,106921173,+
chrX,107088858,107088892,+
chrX,107089195,107089217,+
chrX,107149653,107149675,+
chrX,107150734,107150753,+
chrX,107217772,107217791,+
chrX,107218098,107218120,+
chrX,107224876,107224900,+
chrX,107224986,107225010,+
chrX,107234765,107234787,+
chrX,107255609,107255623,+
chrX,107266632,107266660,+
chrX,107326046,107326082,+
chrX,107326147,107326169,+
chrX,107326341,107326365,+
chrX,107421596,107421615,+
chrX,107421626,107421645,+
chrX,108929746,108929762,+
chrX,109012785,109012841,+
chrX,109013143,109013165,+
chrX,110522785,110522801,+
chrX,110522851,110522873,+
chrX,110884567,110884581,+
chrX,110884586,110884605,+
chrX,112284908,112284927,+
chrX,112311719,112311764,+
chrX,113867969,113867983,+
chrX,113868202,113868230,+
chrX,118401894,118401910,+
chrX,120471326,120471341,+
chrX,126590754,126590776,+
chrX,126693124,126693139,+
chrX,126693182,126693196,+
chrX,126693240,126693259,+
chrX,126693336,126693359,+
chrX,126693458,126693474,+
chrX,126693502,126693521,+
chrX,126693538,126693562,+
chrX,126693672,126693686,+
chrX,130549307,130549337,+
chrX,132566179,132566216,+
chrX,133135057,133135079,+
chrX,133135509,133135530,+
chrX,134307847,134307866,+
chrX,136388383,136388414,+
chrX,136388475,136388490,+
chrX,136741883,136741913,+
chrX,137037982,137038015,+
chrX,139998406,139998454,+
chrX,140505928,140505950,+
chrX,140520353,140520369,+
chrX,140520610,140520624,+
chrX,142228110,142228124,+
chrX,142556152,142556212,+
chrX,142556228,142556271,+
chrX,142556301,142556347,+
chrX,142679838,142679908,+
chrX,143761669,143761693,+
chrX,144525968,144526023,+
chrX,147916020,147916039,+
chrX,150458798,150458839,+
chrX,152336535,152336551,+
chrX,152728128,152728182,+
chrX,152728341,152728360,+
chrX,152728380,152728402,+
chrX,155210983,155211020,+
chrX,159047730,159047746,+
chrX,159047781,159047795,+
chrX,159607229,159607243,+
chrX,159676423,159676483,+
chrX,159677648,159677670,+
chrX,159677886,159677905,+
chrX,159708485,159708522,+
chrX,159735943,159735965,+
chrX,159769138,159769165,+
chrX,159858325,159858345,+
chrX,160502301,160502321,+
chrX,162976513,162976664,+
chrX,166170296,166170312,+
chrX,166510758,166510784,+
chrX,166661218,166661242,+
chrX,167036823,167036847,+
chrX,167102181,167102196,+
chrX,167119294,167119310,+
chrX,167134252,167134271,+
chrX,167134490,167134514,+
chrX,167139916,167139957,+
chrX,167152525,167152541,+
chrX,167152621,167152661,+
chrX,167182500,167182514,+
chrX,167342071,167342105,+
chrX,167799825,167799841,+
chrX,167799916,167799944,+
chrX,167799966,167799982,+
chrX,7571129,7571148,-
chrX,7618521,7618549,-
chrX,7841068,7841102,-
chrX,7841805,7841832,-
chrX,12153373,12153387,-
chrX,12762435,12762471,-
chrX,13042179,13042193,-
chrX,13071598,13071652,-
chrX,13602443,13602457,-
chrX,13602548,13602563,-
chrX,14146943,14146962,-
chrX,14146967,14146981,-
chrX,15802769,15802784,-
chrX,15802877,15802891,-
chrX,16297666,16297704,-
chrX,16297711,16297738,-
chrX,16398401,16398416,-
chrX,16670644,16670681,-
chrX,16670688,16670715,-
chrX,16670719,16670735,-
chrX,16670765,16670790,-
chrX,16670810,16670832,-
chrX,16671055,16671083,-
chrX,17364513,17364552,-
chrX,18164121,18164137,-
chrX,18164145,18164160,-
chrX,20704743,20704785,-
chrX,23767972,23767991,-
chrX,35897808,35897822,-
chrX,35897882,35897924,-
chrX,36474658,36474697,-
chrX,36795326,36795364,-
chrX,36795711,36795725,-
chrX,36864390,36864414,-
chrX,36981227,36981259,-
chrX,37126839,37126896,-
chrX,38999523,38999560,-
chrX,40115092,40115107,-
chrX,40115200,40115222,-
chrX,40117818,40117832,-
chrX,40118027,40118049,-
chrX,42152070,42152095,-
chrX,42360731,42360761,-
chrX,42366075,42366091,-
chrX,42481241,42481263,-
chrX,42481309,42481328,-
chrX,42481428,42481450,-
chrX,42511436,42511450,-
chrX,42511457,42511476,-
chrX,42540574,42540593,-
chrX,42540617,42540639,-
chrX,44107114,44107130,-
chrX,47985437,47985471,-
chrX,47992816,47992835,-
chrX,47992900,47992936,-
chrX,47998574,47998602,-
chrX,48138869,48138884,-
chrX,48141605,48141627,-
chrX,48256557,48256597,-
chrX,48284579,48284621,-
chrX,51013179,51013193,-
chrX,52757409,52757425,-
chrX,52760211,52760239,-
chrX,52913473,52913493,-
chrX,52913599,52913634,-
chrX,52930226,52930259,-
chrX,52930376,52930404,-
chrX,53670582,53670606,-
chrX,56406232,56406248,-
chrX,56455800,56455814,-
chrX,57054409,57054425,-
chrX,57187294,57187322,-
chrX,57187419,57187438,-
chrX,59199705,59199721,-
chrX,59584426,59584441,-
chrX,59673973,59673987,-
chrX,68100677,68100708,-
chrX,68100844,68100866,-
chrX,68100954,68100969,-
chrX,68932150,68932169,-
chrX,71378683,71378705,-
chrX,71378743,71378767,-
chrX,73493616,73493706,-
chrX,73493839,73493854,-
chrX,74081012,74081052,-
chrX,74270913,74270935,-
chrX,75942540,75942577,-
chrX,75942662,75942676,-
chrX,76744042,76744056,-
chrX,77339727,77339751,-
chrX,77339835,77339851,-
chrX,77580035,77580072,-
chrX,78041752,78041774,-
chrX,80735356,80735370,-
chrX,82264579,82264594,-
chrX,85507628,85507650,-
chrX,88015496,88015514,-
chrX,89828748,89828762,-
chrX,93632722,93632761,-
chrX,94213056,94213092,-
chrX,95030173,95030188,-
chrX,95957286,95957318,-
chrX,96026061,96026080,-
chrX,96130795,96130819,-
chrX,98260090,98260104,-
chrX,98265946,98265972,-
chrX,98266254,98266278,-
chrX,99470968,99471008,-
chrX,101640056,101640075,-
chrX,101680466,101680698,-
chrX,101712840,101712877,-
chrX,103592735,103592749,-
chrX,103592870,103592889,-
chrX,103616628,103616642,-
chrX,105070564,105070580,-
chrX,105070583,105070599,-
chrX,106027001,106027020,-
chrX,106962580,106962602,-
chrX,107039714,107039733,-
chrX,107088609,107088625,-
chrX,107088978,107089000,-
chrX,107149526,107149554,-
chrX,107149803,107149819,-
chrX,107234926,107234951,-
chrX,107236775,107236812,-
chrX,107250721,107250753,-
chrX,107266363,107266377,-
chrX,107325473,107325492,-
chrX,107326259,107326281,-
chrX,107417610,107417629,-
chrX,107421363,107421413,-
chrX,108119182,108119204,-
chrX,108537167,108537183,-
chrX,108834768,108834788,-
chrX,109114217,109114239,-
chrX,113247424,113247446,-
chrX,113247456,113247475,-
chrX,113247480,113247512,-
chrX,113957629,113957687,-
chrX,113957689,113957732,-
chrX,114534501,114534523,-
chrX,116786077,116786119,-
chrX,116786137,116786171,-
chrX,116786209,116786247,-
chrX,116786277,116786303,-
chrX,118401755,118401779,-
chrX,118401945,118401960,-
chrX,121369620,121369639,-
chrX,121965202,121965221,-
chrX,126590597,126590621,-
chrX,127779388,127779407,-
chrX,127779612,127779634,-
chrX,130549395,130549411,-
chrX,132632966,132632994,-
chrX,135742283,135742297,-
chrX,136742225,136742252,-
chrX,136742353,136742391,-
chrX,140950733,140950747,-
chrX,140950876,140950903,-
chrX,142227974,142227988,-
chrX,142228019,142228047,-
chrX,142228053,142228086,-
chrX,144029081,144029103,-
chrX,150865515,150865534,-
chrX,150865565,150865579,-
chrX,151017343,151017358,-
chrX,151017469,151017499,-
chrX,151520407,151520433,-
chrX,151727281,151727307,-
chrX,151727350,151727365,-
chrX,152249342,152249393,-
chrX,153498000,153498016,-
chrX,155211125,155211157,-
chrX,155211276,155211298,-
chrX,157598760,157598792,-
chrX,159047803,159047818,-
chrX,159254476,159254492,-
chrX,159607113,159607166,-
chrX,159696838,159696860,-
chrX,159708448,159708462,-
chrX,159735816,159735832,-
chrX,159736333,159736366,-
chrX,159758306,159758322,-
chrX,159809324,159809405,-
chrX,159809461,159809504,-
chrX,162902620,162902639,-
chrX,164419293,164419323,-
chrX,166170849,166170893,-
chrX,166236821,166236867,-
chrX,166236887,166236909,-
chrX,167139325,167139339,-
chrX,167147529,167147551,-
chrX,167201439,167201453,-
chrX,167382668,167382683,-
chrY,1220344,1220370,+
chrY,6096053,6096100,+
chrY,10275543,10275557,+
chrY,10275637,10276229,+
chrY,897610,897632,-
chrY,897659,897692,-
chrY,1009380,1009448,-
chrY,1009916,1009970,-
chrY,1010397,1010411,-
chrY,1250551,1250570,-
chrY,6443357,6443439,-
chrY,6443450,6443489,-
