chr,TnG_start,TnG_end,peaks
chr1,4401780,4401798,[47]
chr1,4432779,4432798,[62]
chr1,4527520,4527538,[88]
chr1,5101085,5101103,[205]
chr1,6461642,6461660,[306]
chr1,7431500,7431518,[441]
chr1,7528734,7528752,[448]
chr1,8778623,8778641,[471]
chr1,9565118,9565136,[517]
chr1,9758486,9758505,[574]
chr1,9842025,9842043,[611]
chr1,9850619,9850638,[618]
chr1,9866723,9866741,[628]
chr1,9866742,9866761,[628]
chr1,10315186,10315204,[747]
chr1,11457607,11457625,[867]
chr1,11759136,11759154,[884]
chr1,12405990,12406008,[912]
chr1,13007176,13007195,[1012]
chr1,13012744,13012762,[1015]
chr1,13110640,13110658,[1032]
chr1,13142945,13142964,[1046]
chr1,13301792,13301811,[1138]
chr1,13498271,13498289,[1225]
chr1,13593378,13593397,[1256]
chr1,13608662,13608680,[1267]
chr1,14110586,14110604,[1380]
chr1,14612448,14612466,[1504]
chr1,14757815,14757834,[1550]
chr1,15637934,15637952,[1616]
chr1,15683866,15683884,[1625]
chr1,16177590,16177608,[1716]
chr1,16372590,16372608,[1767]
chr1,16546874,16546892,[1793]
chr1,16554638,16554656,[1798]
chr1,16637943,16637961,[1824]
chr1,17489442,17489460,[1931]
chr1,17980839,17980857,[1974]
chr1,19109788,19109806,[2003]
chr1,20686103,20686121,[2054]
chr1,20863631,20863650,[2098]
chr1,20908753,20908771,[2110]
chr1,20986216,20986234,[2142]
chr1,21317420,21317438,[2272]
chr1,21336075,21336093,[2286]
chr1,21483352,21483371,[2331]
chr1,21559439,21559457,[2344]
chr1,22105714,22105732,[2439]
chr1,22267869,22267888,[2443]
chr1,22271632,22271650,[2445]
chr1,23184889,23184908,[2487]
chr1,23268149,23268167,[2505]
chr1,23271901,23271919,[2508]
chr1,23841893,23841911,[2599]
chr1,23910673,23910691,[2629]
chr1,24055680,24055698,[2673]
chr1,24062420,24062438,[2675]
chr1,24681177,24681195,[2782]
chr1,30585087,30585106,[2893]
chr1,31134242,31134260,[3003]
chr1,31554165,31554183,[3031]
chr1,32746450,32746469,[3068]
chr1,32896411,32896429,[3076]
chr1,33391772,33391790,[3106]
chr1,33464876,33464894,[3115]
chr1,33564169,33564188,[3159]
chr1,33574469,33574487,[3164]
chr1,33578708,33578727,[3168]
chr1,33715043,33715062,[3224]
chr1,33883182,33883200,[3278]
chr1,33906567,33906585,[3289]
chr1,34097757,34097775,[3360]
chr1,34389077,34389095,[3437]
chr1,34559933,34559952,[3518]
chr1,34715892,34715910,[3547]
chr1,35231604,35231622,[3641]
chr1,35363652,35363670,[3652]
chr1,35619300,35619318,[3683]
chr1,35926796,35926814,[3769]
chr1,35973741,35973760,[3792]
chr1,36496998,36497017,[4004]
chr1,36513866,36513885,[4012]
chr1,36545919,36545937,[4024]
chr1,36711752,36711770,[4119]
chr1,36778106,36778124,[4144]
chr1,37013540,37013559,[4276]
chr1,37255293,37255312,[4324]
chr1,37313106,37313125,[4345]
chr1,37351616,37351634,[4375]
chr1,37488402,37488420,[4433]
chr1,37500701,37500719,[4442]
chr1,37518271,37518289,[4456]
chr1,37531103,37531121,[4461]
chr1,37559831,37559849,[4477]
chr1,37562151,37562169,[4480]
chr1,37868159,37868177,[4581]
chr1,38110278,38110296,[4627]
chr1,38150315,38150333,[4644]
chr1,38172801,38172820,[4653]
chr1,38268533,38268552,[4676]
chr1,38282515,38282533,[4681]
chr1,38358701,38358719,[4695]
chr1,38399575,38399593,[4710]
chr1,38406450,38406468,[4714]
chr1,38530220,38530238,[4745]
chr1,38881512,38881530,[4859]
chr1,39455893,39455911,[5034]
chr1,39636200,39636218,[5115]
chr1,39691560,39691578,[5139]
chr1,39714299,39714318,[5153]
chr1,39904838,39904856,[5237]
chr1,39944783,39944801,[5274]
chr1,39979277,39979295,[5299]
chr1,40095658,40095677,[5373]
chr1,40294040,40294059,[5471]
chr1,40340793,40340812,[5494]
chr1,40413291,40413310,[5542]
chr1,40501172,40501190,[5582]
chr1,40791010,40791028,[5681]
chr1,41425538,41425556,[5733]
chr1,42488281,42488299,[5758]
chr1,42708194,42708212,[5788]
chr1,42716788,42716807,[5795]
chr1,42763734,42763752,[5799]
chr1,42769284,42769302,[5801]
chr1,42851274,42851292,[5810]
chr1,42902000,42902018,[5823]
chr1,43337463,43337481,[5961]
chr1,43403482,43403500,[5991]
chr1,43590156,43590174,[6131]
chr1,43810891,43810909,[6199]
chr1,43877843,43877861,[6228]
chr1,44161932,44161950,[6312]
chr1,44567539,44567557,[6337]
chr1,45679579,45679597,[6394]
chr1,45776811,45776830,[6403]
chr1,45783393,45783412,[6404]
chr1,45816530,45816548,[6409]
chr1,45852890,45852908,[6422]
chr1,45865887,45865906,[6431]
chr1,45925282,45925300,[6454]
chr1,46022516,46022534,[6464]
chr1,46913075,46913093,[6544]
chr1,50926991,50927009,[6612]
chr1,51290628,51290647,[6680]
chr1,51333627,51333646,[6685]
chr1,51361529,51361547,[6691]
chr1,51395234,51395252,[6692]
chr1,51536553,51536572,[6759]
chr1,51538288,51538306,[6761]
chr1,51919590,51919608,[6880]
chr1,52035446,52035464,[6928]
chr1,52036102,52036120,[6929]
chr1,52052816,52052834,[6940]
chr1,52350233,52350251,[7046]
chr1,52375507,52375526,[7055]
chr1,52419632,52419650,[7066]
chr1,52423628,52423646,[7069]
chr1,52451000,52451018,[7082]
chr1,52487524,52487543,[7095]
chr1,52557480,52557498,[7130]
chr1,52571631,52571649,[7134]
chr1,52620162,52620180,[7154]
chr1,52658074,52658092,[7174]
chr1,53742621,53742639,[7363]
chr1,53889848,53889866,[7464]
chr1,53931436,53931454,[7484]
chr1,54381704,54381722,[7570]
chr1,54795398,54795416,[7662]
chr1,54871469,54871488,[7721]
chr1,54898717,54898735,[7742]
chr1,54911461,54911480,[7756]
chr1,54914166,54914185,[7761]
chr1,55180100,55180118,[7853]
chr1,55448252,55448270,[7911]
chr1,55666478,55666496,[7975]
chr1,55728788,55728807,[7990]
chr1,55883284,55883302,[8045]
chr1,56811629,56811647,[8110]
chr1,56815519,56815537,[8111]
chr1,56916653,56916671,[8130]
chr1,57421518,57421537,[8205]
chr1,57626024,57626042,[8249]
chr1,57949437,57949455,[8307]
chr1,58023779,58023797,[8324]
chr1,58210762,58210780,[8365]
chr1,58229918,58229936,[8370]
chr1,58268124,58268142,[8379]
chr1,58343911,58343929,[8413]
chr1,58346260,58346278,[8414]
chr1,58367604,58367622,[8426]
chr1,58693946,58693964,[8509]
chr1,58730919,58730937,[8539]
chr1,58894050,58894068,[8593]
chr1,59063979,59063997,[8646]
chr1,59291412,59291430,[8706]
chr1,59316253,59316271,[8712]
chr1,59391993,59392011,[8735]
chr1,59430713,59430731,[8753]
chr1,59887453,59887472,[8891]
chr1,59911163,59911181,[8904]
chr1,60417534,60417552,[9003]
chr1,60473964,60473983,[9018]
chr1,60755642,60755660,[9117]
chr1,60765265,60765284,[9124]
chr1,60852329,60852347,[9165]
chr1,60998251,60998270,[9259]
chr1,61121662,61121680,[9299]
chr1,61437811,61437830,[9368]
chr1,61622440,61622458,[9389]
chr1,61667374,61667392,[9413]
chr1,61680081,61680099,[9414]
chr1,61702906,61702924,[9421]
chr1,62261723,62261741,[9535]
chr1,62722842,62722861,[9667]
chr1,63999603,63999621,[9933]
chr1,64035291,64035309,[9949]
chr1,64048750,64048768,[9957]
chr1,64071806,64071824,[9967]
chr1,64114702,64114721,[10002]
chr1,64114907,64114926,[10002]
chr1,64190803,64190821,[10025]
chr1,64220624,64220642,[10040]
chr1,64522984,64523002,[10124]
chr1,64592860,64592878,[10159]
chr1,64615909,64615927,[10176]
chr1,64673662,64673681,[10199]
chr1,64871577,64871595,[10290]
chr1,65035269,65035288,[10349]
chr1,65171366,65171384,[10392]
chr1,65207303,65207321,[10409]
chr1,66309292,66309310,[10486]
chr1,66758044,66758062,[10545]
chr1,66847667,66847685,[10573]
chr1,69247839,69247857,[10713]
chr1,69516123,69516141,[10771]
chr1,69578657,69578676,[10795]
chr1,69790446,69790464,[10881]
chr1,69859655,69859673,[10894]
chr1,70781270,70781289,[10924]
chr1,71617657,71617675,[11050]
chr1,71729991,71730009,[11101]
chr1,71811567,71811585,[11123]
chr1,72160540,72160558,[11242]
chr1,72282718,72282736,[11307]
chr1,72415958,72415976,[11344]
chr1,72739947,72739965,[11410]
chr1,72843524,72843542,[11429]
chr1,73516026,73516045,[11486]
chr1,73744207,73744225,[11504]
chr1,74007592,74007610,[11583]
chr1,74201284,74201302,[11703]
chr1,74341962,74341980,[11787]
chr1,74434792,74434810,[11849]
chr1,74643344,74643362,[11900]
chr1,74740925,74740943,[11944]
chr1,74753754,74753772,[11954]
chr1,74810379,74810398,[11988]
chr1,75001997,75002015,[12055]
chr1,75652616,75652635,[12257]
chr1,77141056,77141074,[12330]
chr1,77184968,77184986,[12337]
chr1,77540103,77540122,[12406]
chr1,77588700,77588718,[12407]
chr1,78674246,78674264,[12563]
chr1,79561525,79561544,[12643]
chr1,80309057,80309076,[12851]
chr1,80519965,80519984,[12947]
chr1,80614241,80614260,[12972]
chr1,80619140,80619158,[12976]
chr1,80636475,80636493,[12992]
chr1,80719671,80719689,[13045]
chr1,80738055,80738073,[13062]
chr1,81744634,81744652,[13178]
chr1,82290272,82290290,[13228]
chr1,82544480,82544498,[13265]
chr1,82571919,82571937,[13268]
chr1,82590356,82590374,[13272]
chr1,82759786,82759804,[13297]
chr1,82803849,82803867,[13316]
chr1,82833554,82833572,[13335]
chr1,82864909,82864927,[13352]
chr1,83091538,83091556,[13407]
chr1,84240524,84240542,[13518]
chr1,84254694,84254712,[13533]
chr1,84381926,84381944,[13575]
chr1,84506345,84506364,[13606]
chr1,84539340,84539359,[13610]
chr1,84819550,84819568,[13655]
chr1,84916113,84916131,[13685]
chr1,84922895,84922913,[13686]
chr1,85687843,85687861,[13715]
chr1,85800099,85800117,[13777]
chr1,85842313,85842331,[13795]
chr1,85861551,85861569,[13804]
chr1,85887292,85887310,[13808]
chr1,85899413,85899431,[13818]
chr1,85973479,85973497,[13850]
chr1,86256610,86256628,[13954]
chr1,86263406,86263424,[13959]
chr1,86566799,86566818,[14116]
chr1,86733395,86733413,[14151]
chr1,87380900,87380919,[14292]
chr1,87632854,87632872,[14351]
chr1,87651582,87651600,[14370]
chr1,87721484,87721502,[14393]
chr1,87771312,87771330,[14407]
chr1,87848100,87848118,[14436]
chr1,87863672,87863690,[14452]
chr1,87902413,87902431,[14484]
chr1,87964306,87964324,[14517]
chr1,88077397,88077415,[14539]
chr1,88461625,88461643,[14602]
chr1,88587627,88587646,[14663]
chr1,88613337,88613355,[14683]
chr1,88698255,88698273,[14743]
chr1,89014965,89014983,[14797]
chr1,89251512,89251530,[14898]
chr1,89304595,89304613,[14914]
chr1,89358713,89358731,[14940]
chr1,89466163,89466181,[14977]
chr1,89656800,89656818,[15081]
chr1,90085843,90085861,[15273]
chr1,90256869,90256887,[15344]
chr1,90258605,90258623,[15346]
chr1,90697335,90697353,[15487]
chr1,90789085,90789104,[15507]
chr1,90802128,90802146,[15512]
chr1,91091682,91091700,[15630]
chr1,91095087,91095105,[15635]
chr1,91211410,91211428,[15685]
chr1,91216178,91216196,[15688]
chr1,91231922,91231940,[15702]
chr1,91420880,91420899,[15780]
chr1,91758753,91758771,[15879]
chr1,92058620,92058638,[15982]
chr1,92070361,92070379,[15994]
chr1,92123037,92123056,[16029]
chr1,92131338,92131356,[16037]
chr1,92202636,92202655,[16080]
chr1,92202717,92202735,[16080]
chr1,92338719,92338738,[16139]
chr1,92681412,92681430,[16240]
chr1,92889965,92889983,[16335]
chr1,93013528,93013547,[16391]
chr1,93051768,93051787,[16405]
chr1,93157837,93157855,[16448]
chr1,93401999,93402017,[16527]
chr1,93419444,93419462,[16533]
chr1,93432247,93432266,[16535]
chr1,93484171,93484190,[16549]
chr1,93747447,93747466,[16630]
chr1,94209815,94209833,[16729]
chr1,94453717,94453736,[16749]
chr1,95010164,95010182,[16815]
chr1,95041858,95041876,[16819]
chr1,95219085,95219104,[16832]
chr1,95261729,95261748,[16838]
chr1,95590367,95590386,[16904]
chr1,95591405,95591423,[16905]
chr1,95594431,95594450,[16907]
chr1,95610240,95610259,[16921]
chr1,95663201,95663220,[16945]
chr1,96840311,96840330,[17000]
chr1,96892944,96892963,[17015]
chr1,97630178,97630196,[17068]
chr1,97647255,97647273,[17078]
chr1,97657456,97657474,[17085]
chr1,97726849,97726867,[17114]
chr1,97963409,97963427,[17166]
chr1,98035859,98035877,[17187]
chr1,98083813,98083831,[17210]
chr1,98523793,98523811,[17264]
chr1,98590538,98590556,[17275]
chr1,98712326,98712345,[17281]
chr1,99069778,99069796,[17302]
chr1,100160059,100160077,[17322]
chr1,100702599,100702617,[17340]
chr1,100703463,100703481,[17341]
chr1,105266978,105266996,[17438]
chr1,105664743,105664762,[17526]
chr1,105805981,105806000,[17585]
chr1,106338864,106338882,[17816]
chr1,106402724,106402743,[17845]
chr1,106566259,106566277,[17912]
chr1,106619112,106619131,[17943]
chr1,106630197,106630215,[17956]
chr1,106643045,106643063,[17967]
chr1,106665268,106665286,[17981]
chr1,106738155,106738173,[18021]
chr1,106749261,106749279,[18023]
chr1,106870317,106870335,[18052]
chr1,107506244,107506263,[18155]
chr1,107528825,107528843,[18171]
chr1,107577712,107577730,[18195]
chr1,107635599,107635618,[18214]
chr1,107822184,107822202,[18227]
chr1,111394723,111394741,[18274]
chr1,111634395,111634414,[18275]
chr1,111864074,111864092,[18281]
chr1,113969856,113969874,[18314]
chr1,115965169,115965187,[18340]
chr1,116523634,116523653,[18366]
chr1,118311344,118311362,[18392]
chr1,118311443,118311461,[18393]
chr1,118443380,118443399,[18440]
chr1,118603644,118603662,[18505]
chr1,118614091,118614109,[18509]
chr1,118630411,118630429,[18520]
chr1,118699729,118699747,[18551]
chr1,118710973,118710991,[18556]
chr1,118864906,118864924,[18611]
chr1,119124918,119124936,[18714]
chr1,119153002,119153020,[18725]
chr1,119395583,119395602,[18783]
chr1,119432577,119432595,[18805]
chr1,119776148,119776167,[18913]
chr1,119917168,119917186,[18956]
chr1,120019525,120019543,[18983]
chr1,120147245,120147264,[19057]
chr1,120451685,120451703,[19188]
chr1,120532590,120532608,[19228]
chr1,120657170,120657188,[19265]
chr1,120667949,120667968,[19267]
chr1,121220234,121220252,[19328]
chr1,121290048,121290066,[19343]
chr1,121373983,121374001,[19375]
chr1,121471867,121471885,[19408]
chr1,121477517,121477535,[19410]
chr1,122263715,122263733,[19492]
chr1,123906161,123906179,[19546]
chr1,123906184,123906202,[19546]
chr1,125808504,125808522,[19773]
chr1,126183634,126183652,[19805]
chr1,126413780,126413798,[19824]
chr1,126569192,126569211,[19851]
chr1,126591426,126591444,[19858]
chr1,126749721,126749739,[19898]
chr1,127092157,127092175,[19969]
chr1,127296666,127296684,[20055]
chr1,127330589,127330607,[20084]
chr1,127363896,127363914,[20109]
chr1,127433646,127433665,[20129]
chr1,127626877,127626895,[20203]
chr1,127638336,127638354,[20206]
chr1,127773551,127773569,[20232]
chr1,127958955,127958974,[20269]
chr1,128141301,128141319,[20317]
chr1,128152151,128152169,[20319]
chr1,128327499,128327517,[20356]
chr1,128330499,128330517,[20358]
chr1,128461015,128461033,[20401]
chr1,128548601,128548619,[20433]
chr1,128576137,128576155,[20449]
chr1,128611837,128611855,[20480]
chr1,128611888,128611907,[20480]
chr1,128703841,128703859,[20529]
chr1,128734844,128734862,[20551]
chr1,128782399,128782417,[20578]
chr1,129542730,129542749,[20664]
chr1,130660451,130660469,[20795]
chr1,130776249,130776268,[20829]
chr1,130797313,130797331,[20836]
chr1,131108153,131108171,[20979]
chr1,131187173,131187191,[21022]
chr1,131253714,131253733,[21064]
chr1,131469615,131469633,[21162]
chr1,131507609,131507627,[21187]
chr1,131627559,131627577,[21226]
chr1,131767749,131767767,[21307]
chr1,132028538,132028556,[21426]
chr1,132028624,132028642,[21426]
chr1,132319380,132319399,[21557]
chr1,132328553,132328571,[21561]
chr1,132423523,132423541,[21629]
chr1,132542896,132542914,[21670]
chr1,132630432,132630451,[21692]
chr1,132898098,132898117,[21768]
chr1,132901483,132901502,[21769]
chr1,133026022,133026040,[21803]
chr1,133026050,133026068,[21803]
chr1,133073411,133073429,[21827]
chr1,133093926,133093945,[21840]
chr1,133750512,133750530,[22081]
chr1,134073971,134073989,[22206]
chr1,134184381,134184399,[22263]
chr1,134416922,134416940,[22352]
chr1,134473316,134473334,[22360]
chr1,134782900,134782918,[22464]
chr1,134824016,134824034,[22481]
chr1,134853445,134853463,[22489]
chr1,134922638,134922657,[22506]
chr1,135133492,135133510,[22586]
chr1,135261935,135261953,[22630]
chr1,135344225,135344243,[22649]
chr1,135435019,135435037,[22683]
chr1,135518940,135518958,[22708]
chr1,135519433,135519451,[22709]
chr1,135702496,135702515,[22816]
chr1,135807696,135807714,[22879]
chr1,135823798,135823817,[22892]
chr1,136326107,136326125,[23085]
chr1,136569054,136569072,[23141]
chr1,136609010,136609028,[23164]
chr1,136733360,136733378,[23224]
chr1,136791567,136791585,[23238]
chr1,136925180,136925198,[23271]
chr1,137009131,137009150,[23290]
chr1,137571800,137571819,[23360]
chr1,137738576,137738595,[23389]
chr1,138009607,138009625,[23467]
chr1,138125462,138125480,[23508]
chr1,138166736,138166755,[23550]
chr1,138172244,138172262,[23555]
chr1,138172263,138172282,[23555]
chr1,138209806,138209824,[23581]
chr1,138277999,138278017,[23618]
chr1,138291842,138291861,[23630]
chr1,138298233,138298251,[23634]
chr1,138372089,138372108,[23659]
chr1,138542766,138542784,[23705]
chr1,138731152,138731170,[23780]
chr1,138919420,138919438,[23824]
chr1,138924897,138924915,[23831]
chr1,138995408,138995426,[23878]
chr1,139007164,139007183,[23884]
chr1,139015175,139015193,[23889]
chr1,139039942,139039960,[23906]
chr1,139041027,139041046,[23908]
chr1,139062200,139062219,[23913]
chr1,140183496,140183515,[24005]
chr1,141731216,141731234,[24048]
chr1,142925111,142925130,[24107]
chr1,142929275,142929293,[24108]
chr1,143710488,143710507,[24243]
chr1,143947051,143947069,[24325]
chr1,143950500,143950518,[24326]
chr1,144499655,144499673,[24511]
chr1,144532976,144532994,[24524]
chr1,144647411,144647429,[24546]
chr1,144738490,144738508,[24560]
chr1,144924588,144924606,[24593]
chr1,146499060,146499079,[24660]
chr1,149127496,149127515,[24731]
chr1,149833170,149833189,[24757]
chr1,150026795,150026813,[24825]
chr1,150204794,150204812,[24863]
chr1,150257836,150257855,[24872]
chr1,150465511,150465529,[24915]
chr1,150907965,150907984,[24976]
chr1,151062911,151062929,[25025]
chr1,151080975,151080993,[25038]
chr1,151239304,151239322,[25099]
chr1,151249374,151249393,[25104]
chr1,151264897,151264916,[25114]
chr1,151348525,151348543,[25160]
chr1,151442025,151442044,[25180]
chr1,151457199,151457217,[25184]
chr1,151697660,151697678,[25289]
chr1,151706374,151706393,[25296]
chr1,151943488,151943506,[25377]
chr1,151996026,151996044,[25410]
chr1,152010899,152010918,[25421]
chr1,152257549,152257567,[25510]
chr1,152595023,152595041,[25626]
chr1,152607649,152607667,[25636]
chr1,152766351,152766369,[25696]
chr1,152838968,152838986,[25748]
chr1,153021310,153021328,[25789]
chr1,153187357,153187375,[25851]
chr1,153659179,153659197,[26040]
chr1,153785737,153785755,[26112]
chr1,153803219,153803237,[26120]
chr1,153886576,153886594,[26140]
chr1,154062944,154062962,[26215]
chr1,154076238,154076256,[26224]
chr1,154103023,154103041,[26245]
chr1,154174541,154174559,[26274]
chr1,154257023,154257041,[26294]
chr1,154818868,154818886,[26388]
chr1,154897568,154897586,[26429]
chr1,155075077,155075095,[26502]
chr1,155159311,155159329,[26561]
chr1,155173128,155173146,[26567]
chr1,155173337,155173355,[26568]
chr1,155173383,155173401,[26568]
chr1,155184461,155184490,[26573]
chr1,155194631,155194649,[26576]
chr1,155383995,155384013,[26635]
chr1,155430920,155430938,[26651]
chr1,155530825,155530844,[26685]
chr1,155568257,155568275,[26697]
chr1,155608854,155608872,[26703]
chr1,155731299,155731318,[26725]
chr1,155790230,155790249,[26744]
chr1,156408130,156408148,[26920]
chr1,156467981,156467999,[26950]
chr1,156603802,156603820,[27015]
chr1,156848121,156848139,[27111]
chr1,156989670,156989688,[27175]
chr1,157023448,157023467,[27207]
chr1,157077233,157077251,[27242]
chr1,157427028,157427047,[27315]
chr1,157463162,157463180,[27337]
chr1,157481517,157481536,[27344]
chr1,158221276,158221294,[27402]
chr1,159225584,159225602,[27530]
chr1,159322731,159322749,[27562]
chr1,159322826,159322844,[27562]
chr1,159725461,159725479,[27612]
chr1,159929184,159929203,[27670]
chr1,159952354,159952372,[27680]
chr1,159961950,159961968,[27687]
chr1,160016230,160016248,[27718]
chr1,160019347,160019365,[27719]
chr1,160268607,160268626,[27826]
chr1,160307000,160307019,[27852]
chr1,160363722,160363740,[27870]
chr1,160376371,160376389,[27876]
chr1,160544397,160544415,[27903]
chr1,160718025,160718044,[27932]
chr1,160861421,160861439,[27987]
chr1,160861738,160861756,[27988]
chr1,161170605,161170624,[28079]
chr1,161301033,161301051,[28124]
chr1,161375719,161375738,[28151]
chr1,161599831,161599849,[28229]
chr1,161621355,161621374,[28235]
chr1,161653982,161654000,[28242]
chr1,161767112,161767130,[28299]
chr1,161894290,161894308,[28353]
chr1,161909561,161909579,[28365]
chr1,162004490,162004508,[28403]
chr1,162150990,162151008,[28452]
chr1,162187067,162187085,[28464]
chr1,162324605,162324624,[28502]
chr1,162359292,162359310,[28508]
chr1,162639453,162639472,[28576]
chr1,162727186,162727204,[28606]
chr1,162900057,162900075,[28642]
chr1,162909796,162909814,[28644]
chr1,163167346,163167364,[28662]
chr1,163284065,163284083,[28682]
chr1,163399868,163399886,[28724]
chr1,163682254,163682273,[28758]
chr1,164506960,164506978,[29036]
chr1,164838144,164838162,[29129]
chr1,164971408,164971426,[29172]
chr1,165017336,165017354,[29193]
chr1,165154026,165154044,[29236]
chr1,165154275,165154294,[29237]
chr1,165174578,165174596,[29243]
chr1,165193541,165193560,[29258]
chr1,165242302,165242320,[29282]
chr1,165595107,165595125,[29362]
chr1,165626440,165626458,[29382]
chr1,165651713,165651731,[29397]
chr1,165690589,165690607,[29432]
chr1,165927700,165927719,[29579]
chr1,165986288,165986306,[29602]
chr1,165993233,165993252,[29607]
chr1,166214392,166214410,[29695]
chr1,166311746,166311764,[29718]
chr1,166825238,166825256,[29819]
chr1,166825511,166825529,[29820]
chr1,166832167,166832185,[29821]
chr1,167025835,167025853,[29891]
chr1,167302516,167302534,[29984]
chr1,167499236,167499255,[30037]
chr1,167532754,167532772,[30042]
chr1,167598900,167598918,[30068]
chr1,167747993,167748011,[30096]
chr1,168225853,168225872,[30153]
chr1,169747779,169747798,[30321]
chr1,170085323,170085341,[30386]
chr1,170155460,170155478,[30408]
chr1,170215494,170215512,[30441]
chr1,170292651,170292669,[30464]
chr1,170328368,170328387,[30472]
chr1,170511171,170511189,[30552]
chr1,170573591,170573609,[30575]
chr1,170580916,170580934,[30579]
chr1,170898669,170898688,[30705]
chr1,170953400,170953418,[30735]
chr1,171160833,171160851,[30800]
chr1,171323179,171323198,[30878]
chr1,171380045,171380063,[30905]
chr1,171412777,171412795,[30928]
chr1,171631259,171631277,[31015]
chr1,171652958,171652977,[31031]
chr1,172038521,172038539,[31223]
chr1,172143820,172143839,[31255]
chr1,172394046,172394064,[31375]
chr1,172520705,172520724,[31450]
chr1,173341333,173341351,[31576]
chr1,173398823,173398841,[31597]
chr1,173409265,173409284,[31599]
chr1,173462789,173462807,[31636]
chr1,173522017,173522035,[31656]
chr1,173645624,173645642,[31703]
chr1,173766784,173766803,[31737]
chr1,173912787,173912806,[31773]
chr1,175470530,175470548,[31954]
chr1,175656456,175656474,[32007]
chr1,176012089,176012108,[32054]
chr1,176712626,176712644,[32101]
chr1,176735599,176735618,[32113]
chr1,176863470,176863488,[32176]
chr1,176944935,176944953,[32196]
chr1,176986304,176986322,[32217]
chr1,176987175,176987193,[32219]
chr1,177051344,177051362,[32258]
chr1,177170970,177170988,[32289]
chr1,177179450,177179468,[32292]
chr1,177338240,177338258,[32346]
chr1,177360965,177360983,[32359]
chr1,177573372,177573390,[32445]
chr1,177705414,177705433,[32513]
chr1,177712599,177712618,[32519]
chr1,178389079,178389097,[32653]
chr1,178398527,178398546,[32658]
chr1,178641322,178641340,[32726]
chr1,179010889,179010907,[32868]
chr1,179044430,179044448,[32884]
chr1,179131109,179131128,[32926]
chr1,179138655,179138673,[32933]
chr1,179196582,179196600,[32949]
chr1,180277696,180277715,[33233]
chr1,180363161,180363179,[33308]
chr1,180372971,180372990,[33317]
chr1,180823610,180823628,[33543]
chr1,181127272,181127291,[33676]
chr1,181229271,181229289,[33713]
chr1,181280890,181280908,[33744]
chr1,181328165,181328183,[33765]
chr1,181372636,181372654,[33788]
chr1,181445699,181445717,[33817]
chr1,181536219,181536237,[33839]
chr1,181555628,181555647,[33851]
chr1,181728912,181728931,[33876]
chr1,182047344,182047362,[33971]
chr1,182368901,182368919,[34107]
chr1,182406876,182406894,[34124]
chr1,182802752,182802770,[34264]
chr1,182882063,182882081,[34286]
chr1,183039694,183039713,[34340]
chr1,183068091,183068109,[34357]
chr1,183238065,183238083,[34439]
chr1,183349915,183349933,[34467]
chr1,183378696,183378715,[34475]
chr1,183397545,183397563,[34479]
chr1,183687607,183687625,[34530]
chr1,184061807,184061825,[34674]
chr1,184260092,184260110,[34745]
chr1,184381919,184381937,[34784]
chr1,184397203,184397221,[34794]
chr1,184628903,184628922,[34894]
chr1,184644792,184644810,[34900]
chr1,184657602,184657620,[34904]
chr1,184777478,184777496,[34971]
chr1,184845323,184845341,[35009]
chr1,185546378,185546396,[35202]
chr1,186043812,186043830,[35230]
chr1,186245867,186245886,[35261]
chr1,186263255,186263274,[35271]
chr1,186546564,186546582,[35313]
chr1,187230933,187230951,[35432]
chr1,187256126,187256144,[35443]
chr1,187313924,187313942,[35472]
chr1,187558853,187558871,[35533]
chr1,188083224,188083242,[35603]
chr1,188457762,188457780,[35631]
chr1,188866068,188866087,[35657]
chr1,189013377,189013395,[35691]
chr1,189177911,189177929,[35719]
chr1,189662149,189662167,[35784]
chr1,189800624,189800642,[35857]
chr1,189815110,189815129,[35869]
chr1,189838563,189838582,[35886]
chr1,190682518,190682536,[36027]
chr1,190868925,190868943,[36081]
chr1,191055115,191055133,[36150]
chr1,191073493,191073511,[36164]
chr1,191165844,191165863,[36223]
chr1,191167402,191167420,[36226]
chr1,191201469,191201488,[36258]
chr1,191259936,191259954,[36294]
chr1,191302755,191302773,[36326]
chr1,191323523,191323541,[36338]
chr1,191793866,191793884,[36564]
chr1,191855738,191855756,[36599]
chr1,191995635,191995654,[36667]
chr1,192094640,192094658,[36706]
chr1,192546312,192546330,[36814]
chr1,192620296,192620314,[36841]
chr1,192799556,192799574,[36926]
chr1,192841498,192841517,[36942]
chr1,193102881,193102899,[37009]
chr1,193514750,193514768,[37249]
chr1,193566221,193566239,[37273]
chr1,193894307,193894326,[37362]
chr1,193966689,193966707,[37373]
chr1,194208203,194208221,[37398]
chr1,194422483,194422501,[37417]
chr1,194695143,194695162,[37478]
chr1,194963611,194963629,[37575]
chr1,195233584,195233602,[37659]
chr10,3531659,3531677,[277733]
chr10,3700092,3700111,[277761]
chr10,3824033,3824051,[277795]
chr10,3852856,3852874,[277816]
chr10,3852924,3852943,[277816]
chr10,4086138,4086156,[277888]
chr10,4096338,4096356,[277894]
chr10,4124251,4124270,[277915]
chr10,4151675,4151693,[277931]
chr10,4242334,4242352,[277965]
chr10,4510509,4510528,[278066]
chr10,4512947,4512965,[278067]
chr10,4518163,4518181,[278070]
chr10,4523279,4523309,[278074]
chr10,4545835,4545854,[278082]
chr10,4632270,4632288,[278118]
chr10,4729398,4729417,[278145]
chr10,5001200,5001218,[278202]
chr10,5008813,5008831,[278204]
chr10,5079058,5079076,[278223]
chr10,5194699,5194717,[278263]
chr10,5219802,5219821,[278279]
chr10,5493466,5493484,[278353]
chr10,5493579,5493597,[278353]
chr10,5569274,5569292,[278380]
chr10,5866140,5866158,[278429]
chr10,5871036,5871054,[278432]
chr10,6934922,6934940,[278523]
chr10,6969015,6969033,[278536]
chr10,6980583,6980601,[278546]
chr10,7060651,7060669,[278592]
chr10,7232961,7232979,[278678]
chr10,7631144,7631162,[278744]
chr10,7802725,7802743,[278790]
chr10,7827609,7827627,[278804]
chr10,8071543,8071562,[278927]
chr10,8182045,8182063,[278978]
chr10,8517079,8517097,[279061]
chr10,8640991,8641009,[279089]
chr10,9814103,9814121,[279398]
chr10,10350769,10350787,[279538]
chr10,10352271,10352290,[279540]
chr10,10468939,10468957,[279571]
chr10,10550330,10550349,[279596]
chr10,10714571,10714589,[279617]
chr10,10732915,10732933,[279621]
chr10,10827429,10827448,[279643]
chr10,11049045,11049063,[279655]
chr10,11155251,11155269,[279661]
chr10,12351260,12351279,[279750]
chr10,12469314,12469333,[279760]
chr10,12666007,12666025,[279810]
chr10,12740214,12740232,[279826]
chr10,12755186,12755204,[279831]
chr10,12798547,12798565,[279847]
chr10,12807085,12807103,[279851]
chr10,12813872,12813890,[279861]
chr10,12853023,12853041,[279884]
chr10,12923334,12923352,[279920]
chr10,13850141,13850160,[280216]
chr10,13966892,13966910,[280267]
chr10,14016484,14016503,[280299]
chr10,14464077,14464095,[280456]
chr10,14685902,14685921,[280499]
chr10,16412436,16412455,[280596]
chr10,16954655,16954673,[280667]
chr10,16989701,16989719,[280669]
chr10,17007232,17007250,[280680]
chr10,17081120,17081139,[280708]
chr10,17262727,17262745,[280752]
chr10,17416312,17416331,[280788]
chr10,17579435,17579453,[280866]
chr10,17584957,17584975,[280868]
chr10,18347652,18347670,[281115]
chr10,18469398,18469416,[281156]
chr10,18850463,18850481,[281242]
chr10,19009211,19009229,[281330]
chr10,19035924,19035942,[281346]
chr10,19107881,19107899,[281379]
chr10,19161402,19161421,[281403]
chr10,19167444,19167463,[281407]
chr10,19257385,19257403,[281447]
chr10,19359002,19359020,[281469]
chr10,19367172,19367190,[281473]
chr10,19367265,19367283,[281473]
chr10,19517288,19517306,[281512]
chr10,19563482,19563500,[281539]
chr10,19693342,19693360,[281607]
chr10,19875468,19875486,[281655]
chr10,19949330,19949348,[281684]
chr10,19952086,19952104,[281685]
chr10,20018596,20018614,[281724]
chr10,20123657,20123675,[281766]
chr10,20127545,20127563,[281768]
chr10,20296226,20296244,[281850]
chr10,20472825,20472843,[281887]
chr10,20674116,20674134,[281953]
chr10,21090492,21090511,[282094]
chr10,21091986,21092004,[282096]
chr10,21099990,21100008,[282101]
chr10,21160331,21160350,[282143]
chr10,21326548,21326566,[282216]
chr10,21334425,21334443,[282220]
chr10,21535855,21535873,[282284]
chr10,21563611,21563629,[282293]
chr10,21619326,21619344,[282314]
chr10,21636992,21637011,[282321]
chr10,21824877,21824896,[282386]
chr10,21902362,21902380,[282413]
chr10,21908449,21908467,[282422]
chr10,23318849,23318867,[282631]
chr10,23942625,23942643,[282699]
chr10,24040401,24040419,[282714]
chr10,24224688,24224706,[282778]
chr10,24405091,24405109,[282813]
chr10,24482520,24482538,[282838]
chr10,24778417,24778435,[282926]
chr10,24803483,24803502,[282936]
chr10,25037242,25037260,[283015]
chr10,25395665,25395683,[283147]
chr10,25395846,25395865,[283148]
chr10,25411044,25411062,[283162]
chr10,25411764,25411783,[283164]
chr10,25414202,25414220,[283167]
chr10,25596970,25596989,[283221]
chr10,26537798,26537816,[283341]
chr10,26752574,26752592,[283388]
chr10,26833595,26833613,[283445]
chr10,26836098,26836120,[283446]
chr10,26836245,26836263,[283446]
chr10,26962500,26962518,[283474]
chr10,28594023,28594041,[283628]
chr10,28649747,28649765,[283645]
chr10,28684473,28684492,[283659]
chr10,28695912,28695931,[283663]
chr10,29281937,29281955,[283716]
chr10,29442103,29442121,[283741]
chr10,30718345,30718364,[283875]
chr10,30766394,30766412,[283897]
chr10,30800916,30800934,[283918]
chr10,31538838,31538856,[283996]
chr10,31540751,31540769,[283998]
chr10,34009913,34009931,[284069]
chr10,34186227,34186246,[284143]
chr10,34368240,34368259,[284221]
chr10,34413807,34413825,[284229]
chr10,34508053,34508071,[284247]
chr10,34513251,34513269,[284250]
chr10,37144185,37144204,[284399]
chr10,37145889,37145908,[284401]
chr10,37195360,37195378,[284422]
chr10,37292665,37292683,[284474]
chr10,37320212,37320231,[284486]
chr10,37842103,37842121,[284608]
chr10,39140885,39140903,[284734]
chr10,39228433,39228451,[284760]
chr10,39409371,39409390,[284849]
chr10,39470297,39470315,[284898]
chr10,39574516,39574534,[284975]
chr10,39721690,39721709,[285035]
chr10,39810631,39810650,[285056]
chr10,40063602,40063620,[285109]
chr10,40163543,40163561,[285168]
chr10,40164498,40164517,[285170]
chr10,40386305,40386323,[285271]
chr10,40420334,40420352,[285288]
chr10,40457556,40457574,[285318]
chr10,40525613,40525632,[285359]
chr10,40576161,40576179,[285371]
chr10,40629371,40629389,[285381]
chr10,40882184,40882202,[285422]
chr10,40966638,40966656,[285431]
chr10,41374507,41374525,[285483]
chr10,41455405,41455423,[285502]
chr10,41524019,41524038,[285537]
chr10,41636113,41636132,[285606]
chr10,41764684,41764702,[285645]
chr10,41877047,41877066,[285677]
chr10,41900017,41900035,[285696]
chr10,41979080,41979098,[285738]
chr10,42054428,42054446,[285768]
chr10,42219170,42219188,[285846]
chr10,42228246,42228264,[285853]
chr10,42258674,42258692,[285863]
chr10,42486521,42486539,[285918]
chr10,43114771,43114789,[286132]
chr10,43751017,43751035,[286360]
chr10,43957119,43957137,[286446]
chr10,44001353,44001371,[286465]
chr10,44163667,44163685,[286509]
chr10,44317035,44317053,[286535]
chr10,44636180,44636198,[286706]
chr10,44698213,44698231,[286743]
chr10,45004394,45004412,[286820]
chr10,45121657,45121676,[286866]
chr10,45181657,45181675,[286878]
chr10,45181713,45181731,[286878]
chr10,45676918,45676936,[286931]
chr10,45684450,45684468,[286932]
chr10,45860025,45860044,[286977]
chr10,51253662,51253680,[287132]
chr10,51455856,51455875,[287158]
chr10,51459137,51459156,[287161]
chr10,51591703,51591721,[287217]
chr10,51669562,51669592,[287230]
chr10,52275057,52275075,[287272]
chr10,52330833,52330851,[287282]
chr10,52359969,52359988,[287292]
chr10,52376552,52376570,[287299]
chr10,53142606,53142625,[287359]
chr10,53325043,53325062,[287381]
chr10,53396191,53396210,[287414]
chr10,53483022,53483041,[287470]
chr10,53564653,53564671,[287496]
chr10,53641715,53641734,[287525]
chr10,53927905,53927923,[287587]
chr10,53940318,53940336,[287591]
chr10,53985396,53985415,[287606]
chr10,54063676,54063694,[287659]
chr10,54066139,54066157,[287661]
chr10,56148751,56148770,[287800]
chr10,56482452,56482471,[287858]
chr10,56485434,56485452,[287859]
chr10,56840935,56840953,[287902]
chr10,56927426,56927444,[287918]
chr10,57183747,57183766,[287943]
chr10,57743739,57743758,[288025]
chr10,57796936,57796954,[288063]
chr10,57819071,57819090,[288071]
chr10,58352612,58352630,[288120]
chr10,58354914,58354932,[288123]
chr10,58370379,58370397,[288134]
chr10,58446622,58446640,[288173]
chr10,58605078,58605096,[288203]
chr10,58878034,58878052,[288277]
chr10,58926057,58926075,[288288]
chr10,59262255,59262274,[288369]
chr10,59459911,59459929,[288432]
chr10,59710381,59710399,[288526]
chr10,59933528,59933546,[288580]
chr10,59958036,59958054,[288600]
chr10,60148291,60148309,[288674]
chr10,60154660,60154678,[288676]
chr10,60259897,60259916,[288743]
chr10,60339066,60339084,[288796]
chr10,60353463,60353482,[288812]
chr10,60434553,60434571,[288867]
chr10,60573453,60573471,[288902]
chr10,60771890,60771908,[288986]
chr10,60866179,60866197,[289016]
chr10,61418274,61418292,[289219]
chr10,61452338,61452356,[289243]
chr10,61480976,61480994,[289256]
chr10,61537060,61537078,[289276]
chr10,61621926,61621945,[289303]
chr10,61867637,61867655,[289378]
chr10,61923056,61923074,[289402]
chr10,62190635,62190654,[289491]
chr10,62195072,62195090,[289493]
chr10,62488513,62488531,[289604]
chr10,62984826,62984844,[289774]
chr10,63165991,63166009,[289827]
chr10,63174433,63174452,[289831]
chr10,63177418,63177436,[289837]
chr10,63185890,63185908,[289840]
chr10,63336947,63336965,[289878]
chr10,63929167,63929185,[289953]
chr10,64076896,64076915,[289964]
chr10,64294518,64294536,[289971]
chr10,64294690,64294708,[289971]
chr10,64655820,64655838,[289979]
chr10,66864546,66864565,[290048]
chr10,66895915,66895933,[290061]
chr10,67039023,67039041,[290134]
chr10,67184590,67184608,[290239]
chr10,67184627,67184646,[290239]
chr10,67275738,67275756,[290287]
chr10,67459035,67459053,[290355]
chr10,67480987,67481005,[290361]
chr10,68001702,68001720,[290592]
chr10,68008292,68008311,[290593]
chr10,68025098,68025116,[290597]
chr10,68104087,68104105,[290644]
chr10,68122480,68122498,[290654]
chr10,68241237,68241255,[290726]
chr10,68800158,68800176,[290918]
chr10,68934263,68934281,[290946]
chr10,69190713,69190731,[290995]
chr10,69212237,69212255,[291000]
chr10,69217374,69217392,[291004]
chr10,69246106,69246124,[291020]
chr10,69326595,69326613,[291056]
chr10,69347252,69347270,[291064]
chr10,69962329,69962348,[291199]
chr10,70064218,70064236,[291217]
chr10,70064539,70064557,[291218]
chr10,70250980,70250998,[291330]
chr10,72620246,72620264,[291587]
chr10,72654940,72654959,[291594]
chr10,74176861,74176879,[291644]
chr10,74917729,74917747,[291683]
chr10,75176769,75176787,[291815]
chr10,75229498,75229516,[291835]
chr10,75330255,75330274,[291892]
chr10,75378832,75378850,[291917]
chr10,75429915,75429933,[291940]
chr10,75550263,75550281,[292010]
chr10,75666674,75666692,[292066]
chr10,75744175,75744194,[292100]
chr10,76569026,76569044,[292318]
chr10,76576776,76576794,[292321]
chr10,76934878,76934896,[292413]
chr10,77144632,77144650,[292486]
chr10,77172490,77172508,[292500]
chr10,77353479,77353497,[292567]
chr10,77497074,77497092,[292635]
chr10,77537023,77537041,[292667]
chr10,77645676,77645694,[292741]
chr10,77651505,77651523,[292744]
chr10,77854117,77854136,[292813]
chr10,78042272,78042291,[292861]
chr10,78045886,78045904,[292864]
chr10,78046999,78047017,[292866]
chr10,78218781,78218799,[292956]
chr10,78224313,78224331,[292960]
chr10,78335179,78335197,[293030]
chr10,78605312,78605330,[293138]
chr10,78791167,78791185,[293157]
chr10,79092061,79092080,[293162]
chr10,80202084,80202103,[293559]
chr10,80614392,80614410,[293746]
chr10,80669632,80669651,[293785]
chr10,80738933,80738951,[293822]
chr10,81041562,81041580,[293909]
chr10,81153306,81153324,[293963]
chr10,81300405,81300423,[294027]
chr10,81352201,81352219,[294061]
chr10,82178849,82178867,[294245]
chr10,82240767,82240785,[294247]
chr10,82689933,82689951,[294285]
chr10,82755728,82755746,[294300]
chr10,82795971,82795989,[294322]
chr10,82922693,82922712,[294386]
chr10,83035032,83035050,[294450]
chr10,83058845,83058863,[294458]
chr10,83058937,83058955,[294458]
chr10,83068257,83068276,[294464]
chr10,83081059,83081078,[294480]
chr10,83084239,83084258,[294482]
chr10,83143365,83143384,[294523]
chr10,83264935,83264953,[294578]
chr10,83325047,83325066,[294604]
chr10,83662127,83662145,[294692]
chr10,83719108,83719126,[294705]
chr10,84110752,84110770,[294839]
chr10,84295137,84295166,[294884]
chr10,84360980,84360999,[294907]
chr10,84373627,84373646,[294914]
chr10,84425455,84425474,[294956]
chr10,84554773,84554791,[295003]
chr10,84958833,84958851,[295180]
chr10,85403394,85403413,[295299]
chr10,85445681,85445699,[295312]
chr10,85574331,85574350,[295360]
chr10,85632357,85632375,[295385]
chr10,86314934,86314952,[295554]
chr10,86424665,86424683,[295613]
chr10,87674875,87674893,[295869]
chr10,88302070,88302088,[296023]
chr10,88403849,88403867,[296097]
chr10,88590033,88590051,[296175]
chr10,88621386,88621404,[296181]
chr10,88714850,88714868,[296200]
chr10,88730959,88730977,[296210]
chr10,88747480,88747498,[296219]
chr10,89832542,89832560,[296456]
chr10,90431203,90431221,[296506]
chr10,90864018,90864037,[296544]
chr10,90923683,90923701,[296552]
chr10,90953536,90953555,[296555]
chr10,91071880,91071898,[296588]
chr10,91158529,91158547,[296626]
chr10,91234830,91234849,[296671]
chr10,92398229,92398247,[296742]
chr10,93111189,93111207,[296827]
chr10,93184717,93184735,[296877]
chr10,93296096,93296115,[296957]
chr10,93447313,93447332,[297058]
chr10,93452180,93452199,[297063]
chr10,93454395,93454413,[297065]
chr10,93601104,93601123,[297120]
chr10,93688433,93688452,[297151]
chr10,93688874,93688892,[297152]
chr10,93754274,93754292,[297177]
chr10,93883308,93883326,[297212]
chr10,94341469,94341487,[297379]
chr10,94461629,94461647,[297439]
chr10,94487272,94487290,[297457]
chr10,94530464,94530482,[297487]
chr10,94796517,94796536,[297565]
chr10,94823746,94823765,[297581]
chr10,94844661,94844679,[297594]
chr10,95017131,95017149,[297698]
chr10,95022510,95022528,[297704]
chr10,95022580,95022598,[297704]
chr10,95349528,95349547,[297871]
chr10,95509058,95509077,[297930]
chr10,95652296,95652314,[298000]
chr10,95684966,95684984,[298018]
chr10,95699125,95699143,[298028]
chr10,95726136,95726154,[298044]
chr10,96094123,96094142,[298170]
chr10,96104323,96104341,[298175]
chr10,96104605,96104623,[298176]
chr10,96108060,96108079,[298179]
chr10,96309293,96309311,[298298]
chr10,96309971,96309989,[298299]
chr10,96393153,96393171,[298343]
chr10,96570991,96571009,[298415]
chr10,96609542,96609560,[298445]
chr10,96632483,96632501,[298472]
chr10,96638506,96638524,[298480]
chr10,96648278,96648296,[298486]
chr10,96694066,96694084,[298502]
chr10,96723224,96723243,[298516]
chr10,96724524,96724542,[298517]
chr10,96753602,96753620,[298530]
chr10,96787317,96787335,[298539]
chr10,96822498,96822516,[298545]
chr10,96873327,96873346,[298572]
chr10,96873390,96873408,[298572]
chr10,97210254,97210273,[298621]
chr10,97338037,97338055,[298641]
chr10,98785589,98785607,[298814]
chr10,98894679,98894697,[298859]
chr10,98983094,98983112,[298938]
chr10,99127916,99127934,[298980]
chr10,99198989,99199007,[299023]
chr10,99242081,99242099,[299053]
chr10,99379479,99379497,[299123]
chr10,99428312,99428330,[299153]
chr10,99713290,99713308,[299243]
chr10,99774893,99774911,[299252]
chr10,100148349,100148367,[299321]
chr10,100571975,100571993,[299367]
chr10,100601203,100601221,[299370]
chr10,100607749,100607767,[299372]
chr10,100645443,100645461,[299381]
chr10,100661704,100661722,[299385]
chr10,102355465,102355484,[299471]
chr10,103450873,103450891,[299573]
chr10,104881699,104881717,[299620]
chr10,104945426,104945444,[299621]
chr10,105165582,105165600,[299653]
chr10,105291696,105291714,[299677]
chr10,105338322,105338340,[299684]
chr10,105499322,105499341,[299705]
chr10,105532867,105532885,[299718]
chr10,105532987,105533005,[299718]
chr10,105548091,105548109,[299723]
chr10,105597430,105597449,[299743]
chr10,107613492,107613510,[299860]
chr10,107952762,107952781,[299920]
chr10,108178719,108178737,[300001]
chr10,108265327,108265346,[300046]
chr10,108360863,108360881,[300076]
chr10,108360910,108360928,[300076]
chr10,108557847,108557866,[300115]
chr10,110086225,110086244,[300229]
chr10,110745420,110745438,[300270]
chr10,110788561,110788580,[300290]
chr10,110946970,110946988,[300346]
chr10,111011665,111011684,[300380]
chr10,111079206,111079224,[300412]
chr10,111083571,111083589,[300413]
chr10,111119995,111120013,[300436]
chr10,111177901,111177919,[300477]
chr10,111189420,111189438,[300486]
chr10,111503138,111503156,[300622]
chr10,111719910,111719928,[300735]
chr10,111935563,111935581,[300796]
chr10,111994873,111994891,[300823]
chr10,112002222,112002240,[300831]
chr10,112272286,112272304,[300871]
chr10,112278245,112278264,[300872]
chr10,115064034,115064052,[300947]
chr10,115241195,115241213,[300979]
chr10,115465914,115465932,[301069]
chr10,116074803,116074822,[301180]
chr10,116149049,116149068,[301198]
chr10,116260699,116260717,[301232]
chr10,116266590,116266608,[301235]
chr10,116543621,116543639,[301322]
chr10,116949167,116949185,[301466]
chr10,116949773,116949792,[301467]
chr10,117145611,117145629,[301547]
chr10,117365103,117365121,[301638]
chr10,117402562,117402580,[301654]
chr10,117571126,117571144,[301709]
chr10,117590283,117590302,[301715]
chr10,117651016,117651034,[301744]
chr10,117651894,117651912,[301746]
chr10,117792370,117792389,[301813]
chr10,117804139,117804157,[301821]
chr10,117883597,117883615,[301879]
chr10,117952899,117952918,[301931]
chr10,118085262,118085280,[301985]
chr10,118406889,118406908,[302074]
chr10,118469017,118469035,[302103]
chr10,118506972,118506990,[302124]
chr10,118525330,118525348,[302130]
chr10,118632546,118632564,[302171]
chr10,118893777,118893795,[302296]
chr10,118990658,118990676,[302321]
chr10,119004591,119004609,[302333]
chr10,119926098,119926116,[302502]
chr10,120647246,120647264,[302721]
chr10,120864694,120864713,[302809]
chr10,121040389,121040407,[302879]
chr10,121124788,121124807,[302894]
chr10,121394888,121394906,[303001]
chr10,121445929,121445947,[303051]
chr10,121564625,121564643,[303137]
chr10,121830080,121830099,[303233]
chr10,122046694,122046712,[303322]
chr10,122194237,122194255,[303352]
chr10,122254074,122254092,[303363]
chr10,122522229,122522248,[303404]
chr10,122576966,122576984,[303440]
chr10,122702164,122702183,[303501]
chr10,122747627,122747645,[303529]
chr10,122766083,122766101,[303546]
chr10,122877057,122877075,[303609]
chr10,122987850,122987869,[303667]
chr10,122991050,122991068,[303668]
chr10,123155256,123155274,[303734]
chr10,123254512,123254531,[303769]
chr10,123360724,123360742,[303786]
chr10,123984999,123985017,[303799]
chr10,125383455,125383473,[303890]
chr10,126057110,126057128,[303978]
chr10,126816117,126816135,[304073]
chr10,126987255,126987273,[304143]
chr10,127082116,127082134,[304198]
chr10,127297235,127297253,[304333]
chr10,127325666,127325684,[304355]
chr10,127464750,127464768,[304399]
chr10,127561361,127561379,[304453]
chr10,127586490,127586508,[304465]
chr10,127731713,127731731,[304551]
chr10,128086598,128086616,[304625]
chr10,128154259,128154277,[304658]
chr10,128174162,128174180,[304662]
chr10,128186206,128186224,[304667]
chr10,128412726,128412745,[304768]
chr10,128598774,128598793,[304851]
chr10,128654180,128654198,[304875]
chr10,128906400,128906418,[304976]
chr10,130337560,130337578,[305080]
chr11,3241413,3241431,[305127]
chr11,3345094,3345112,[305181]
chr11,3469815,3469834,[305228]
chr11,3568286,3568304,[305276]
chr11,4246796,4246814,[305481]
chr11,4247487,4247505,[305482]
chr11,4455418,4455436,[305576]
chr11,4592037,4592055,[305626]
chr11,4620669,4620688,[305639]
chr11,4821773,4821791,[305698]
chr11,5216021,5216039,[305846]
chr11,5341553,5341572,[305890]
chr11,5422089,5422108,[305919]
chr11,5499446,5499464,[305943]
chr11,5502523,5502541,[305949]
chr11,5730066,5730084,[306007]
chr11,5854500,5854518,[306069]
chr11,5949502,5949520,[306102]
chr11,6000955,6000973,[306129]
chr11,6173126,6173145,[306181]
chr11,6292535,6292553,[306219]
chr11,6647407,6647425,[306357]
chr11,6666284,6666302,[306370]
chr11,6697814,6697832,[306390]
chr11,7237929,7237947,[306469]
chr11,8456662,8456681,[306554]
chr11,8604938,8604956,[306643]
chr11,8609183,8609201,[306648]
chr11,8615555,8615574,[306652]
chr11,8759837,8759855,[306754]
chr11,8771838,8771856,[306757]
chr11,9011544,9011562,[306823]
chr11,9435817,9435835,[306914]
chr11,9577656,9577675,[306945]
chr11,10149140,10149158,[306988]
chr11,10202821,10202839,[306997]
chr11,10756263,10756281,[307049]
chr11,11014640,11014658,[307058]
chr11,11239637,11239656,[307085]
chr11,11569082,11569100,[307159]
chr11,11569830,11569849,[307161]
chr11,11651974,11651992,[307181]
chr11,11654522,11654540,[307182]
chr11,11828188,11828206,[307332]
chr11,12048820,12048838,[307427]
chr11,12291615,12291633,[307444]
chr11,12299875,12299893,[307446]
chr11,12358957,12358975,[307456]
chr11,12373633,12373651,[307462]
chr11,13523929,13523948,[307518]
chr11,14142839,14142857,[307543]
chr11,16854560,16854578,[307690]
chr11,16937610,16937628,[307709]
chr11,16986793,16986811,[307739]
chr11,17008092,17008111,[307759]
chr11,17019248,17019266,[307763]
chr11,17122889,17122908,[307781]
chr11,17852626,17852644,[307872]
chr11,18584833,18584851,[307922]
chr11,18681740,18681758,[307929]
chr11,18745862,18745880,[307932]
chr11,19300766,19300784,[308058]
chr11,19632486,19632505,[308130]
chr11,19671374,19671392,[308143]
chr11,19747733,19747751,[308153]
chr11,19935871,19935890,[308215]
chr11,19951030,19951049,[308226]
chr11,19977960,19977979,[308248]
chr11,20234522,20234540,[308354]
chr11,20270160,20270178,[308369]
chr11,20469347,20469365,[308423]
chr11,20611613,20611631,[308474]
chr11,20691102,20691121,[308516]
chr11,20743511,20743530,[308542]
chr11,20777931,20777949,[308551]
chr11,20847674,20847692,[308569]
chr11,20847839,20847858,[308569]
chr11,21219482,21219501,[308745]
chr11,21244853,21244871,[308766]
chr11,21311198,21311217,[308791]
chr11,21448087,21448105,[308830]
chr11,21734074,21734092,[308888]
chr11,22080288,22080306,[308933]
chr11,22080419,22080438,[308933]
chr11,22477080,22477098,[308990]
chr11,22515632,22515651,[308999]
chr11,22633101,22633119,[309023]
chr11,22756956,22756974,[309074]
chr11,22760780,22760798,[309077]
chr11,22777652,22777670,[309089]
chr11,22818685,22818704,[309117]
chr11,22846814,22846832,[309148]
chr11,22972971,22972989,[309234]
chr11,22979340,22979358,[309238]
chr11,23467157,23467176,[309313]
chr11,23570360,23570378,[309326]
chr11,23658051,23658069,[309339]
chr11,23659138,23659156,[309340]
chr11,23706049,23706068,[309365]
chr11,23763554,23763572,[309387]
chr11,23984441,23984459,[309459]
chr11,24034292,24034321,[309473]
chr11,24152323,24152341,[309556]
chr11,24202412,24202431,[309592]
chr11,24277216,24277235,[309645]
chr11,24421717,24421735,[309711]
chr11,26332622,26332641,[309922]
chr11,26453110,26453128,[309952]
chr11,26962757,26962775,[310037]
chr11,27106035,27106053,[310048]
chr11,27237322,27237340,[310055]
chr11,27264300,27264318,[310057]
chr11,29561292,29561310,[310219]
chr11,29883146,29883165,[310332]
chr11,30185589,30185607,[310402]
chr11,30264754,30264773,[310443]
chr11,30781724,30781742,[310504]
chr11,31282390,31282408,[310563]
chr11,31367002,31367021,[310573]
chr11,31628896,31628914,[310610]
chr11,31882382,31882400,[310730]
chr11,31942329,31942347,[310750]
chr11,32126136,32126154,[310820]
chr11,32132429,32132448,[310825]
chr11,32135538,32135556,[310826]
chr11,32138757,32138775,[310829]
chr11,32139646,32139664,[310830]
chr11,32341239,32341257,[310908]
chr11,32535834,32535852,[310993]
chr11,32864798,32864817,[311173]
chr11,33292293,33292311,[311270]
chr11,33587441,33587459,[311306]
chr11,34058340,34058359,[311444]
chr11,34493114,34493132,[311568]
chr11,34722655,34722673,[311589]
chr11,34731702,34731720,[311593]
chr11,34734763,34734781,[311596]
chr11,34739055,34739073,[311599]
chr11,34833729,34833747,[311650]
chr11,34868835,34868853,[311661]
chr11,35090979,35090997,[311691]
chr11,35232562,35232580,[311711]
chr11,35639541,35639560,[311791]
chr11,35661266,35661284,[311793]
chr11,35784723,35784741,[311813]
chr11,35905441,35905459,[311848]
chr11,35934191,35934209,[311854]
chr11,36045851,36045870,[311876]
chr11,37432468,37432486,[311942]
chr11,37807023,37807041,[311953]
chr11,38167900,38167919,[311961]
chr11,39616006,39616024,[311978]
chr11,40443442,40443460,[312005]
chr11,40693259,40693277,[312024]
chr11,43062428,43062447,[312078]
chr11,43395179,43395197,[312156]
chr11,43528252,43528270,[312197]
chr11,43642894,43642912,[312251]
chr11,43914877,43914895,[312316]
chr11,44105233,44105251,[312364]
chr11,44139967,44139985,[312375]
chr11,44348388,44348406,[312435]
chr11,44743457,44743475,[312611]
chr11,44772615,44772633,[312624]
chr11,44838694,44838712,[312636]
chr11,44893045,44893064,[312649]
chr11,44901942,44901960,[312658]
chr11,44924129,44924147,[312668]
chr11,45330169,45330188,[312749]
chr11,45698332,45698351,[312787]
chr11,45872280,45872298,[312845]
chr11,45939119,45939138,[312869]
chr11,46252142,46252160,[313006]
chr11,46252769,46252787,[313007]
chr11,46314007,46314025,[313050]
chr11,46429391,46429409,[313122]
chr11,47005629,47005647,[313250]
chr11,47364838,47364856,[313282]
chr11,47474029,47474047,[313293]
chr11,48851582,48851600,[313383]
chr11,49201227,49201245,[313515]
chr11,49204646,49204665,[313521]
chr11,50244262,50244280,[313870]
chr11,50321498,50321516,[313912]
chr11,50377473,50377492,[313934]
chr11,50509250,50509268,[313972]
chr11,50662045,50662063,[314009]
chr11,50892598,50892617,[314071]
chr11,51264320,51264338,[314103]
chr11,51465533,51465551,[314132]
chr11,51485214,51485232,[314136]
chr11,51607287,51607305,[314175]
chr11,51759951,51759970,[314219]
chr11,51885146,51885164,[314283]
chr11,51917973,51917992,[314296]
chr11,51939278,51939296,[314313]
chr11,51939382,51939400,[314314]
chr11,52005688,52005706,[314343]
chr11,52066105,52066123,[314367]
chr11,52078054,52078072,[314375]
chr11,52080169,52080187,[314376]
chr11,52272791,52272809,[314445]
chr11,53179244,53179262,[314668]
chr11,53617329,53617347,[314825]
chr11,53658276,53658294,[314845]
chr11,53659319,53659337,[314846]
chr11,53858677,53858695,[314951]
chr11,54002855,54002873,[314998]
chr11,54424919,54424937,[315156]
chr11,54522831,54522849,[315190]
chr11,54544431,54544450,[315203]
chr11,54617074,54617092,[315221]
chr11,54805579,54805598,[315310]
chr11,54868499,54868517,[315345]
chr11,55098889,55098908,[315465]
chr11,55185826,55185844,[315518]
chr11,55223263,55223281,[315536]
chr11,55503906,55503925,[315615]
chr11,57675880,57675898,[315774]
chr11,57688322,57688341,[315784]
chr11,58043120,58043138,[315926]
chr11,59014831,59014849,[316182]
chr11,59219287,59219305,[316242]
chr11,59502455,59502473,[316347]
chr11,59628008,59628026,[316396]
chr11,59639202,59639221,[316404]
chr11,59920507,59920526,[316481]
chr11,60030258,60030276,[316510]
chr11,60101038,60101056,[316536]
chr11,60116137,60116156,[316551]
chr11,60306985,60307003,[316652]
chr11,60825498,60825516,[316757]
chr11,60965484,60965503,[316804]
chr11,61078049,61078067,[316823]
chr11,61092944,61092973,[316827]
chr11,61109216,61109234,[316832]
chr11,61164207,61164225,[316859]
chr11,61735374,61735392,[317028]
chr11,61962585,61962603,[317087]
chr11,61989917,61989935,[317093]
chr11,62038968,62038986,[317119]
chr11,62667834,62667852,[317324]
chr11,62810602,62810620,[317360]
chr11,63058622,63058640,[317424]
chr11,64016670,64016688,[317584]
chr11,64016745,64016763,[317584]
chr11,64396785,64396804,[317680]
chr11,64442278,64442296,[317688]
chr11,64481572,64481590,[317693]
chr11,64957430,64957448,[317765]
chr11,65144317,65144335,[317802]
chr11,66108578,66108597,[317896]
chr11,67049476,67049494,[317966]
chr11,67091893,67091912,[317975]
chr11,67492815,67492834,[318046]
chr11,67578706,67578724,[318103]
chr11,67586529,67586547,[318109]
chr11,68008833,68008869,[318208]
chr11,68229454,68229473,[318279]
chr11,68430704,68430722,[318323]
chr11,68520146,68520165,[318391]
chr11,68557232,68557251,[318410]
chr11,68559737,68559756,[318411]
chr11,68589530,68589548,[318421]
chr11,69272662,69272680,[318671]
chr11,69432215,69432233,[318744]
chr11,70342843,70342861,[319126]
chr11,70453412,70453431,[319183]
chr11,70786079,70786097,[319342]
chr11,70791184,70791220,[319349]
chr11,70865880,70865898,[319384]
chr11,70891807,70891825,[319393]
chr11,70907835,70907853,[319399]
chr11,71145252,71145270,[319442]
chr11,72034538,72034556,[319569]
chr11,72130270,72130288,[319592]
chr11,72149077,72149095,[319599]
chr11,72267475,72267494,[319630]
chr11,72324651,72324669,[319640]
chr11,72393480,72393498,[319651]
chr11,72409688,72409706,[319656]
chr11,72587617,72587635,[319751]
chr11,72692473,72692491,[319776]
chr11,72734973,72734991,[319786]
chr11,72735181,72735200,[319786]
chr11,73099007,73099025,[319908]
chr11,73132433,73132451,[319923]
chr11,74384967,74384985,[320008]
chr11,74664843,74664861,[320137]
chr11,74808700,74808718,[320169]
chr11,75033196,75033214,[320250]
chr11,75092992,75093010,[320275]
chr11,75338443,75338461,[320399]
chr11,75360295,75360313,[320406]
chr11,75598143,75598161,[320530]
chr11,75903824,75903842,[320637]
chr11,75994681,75994699,[320680]
chr11,76106665,76106683,[320723]
chr11,76406736,76406754,[320810]
chr11,76435317,76435336,[320820]
chr11,76613121,76613140,[320918]
chr11,76705687,76705705,[320953]
chr11,76789416,76789434,[320978]
chr11,76893639,76893658,[320999]
chr11,76924170,76924188,[321009]
chr11,77028895,77028913,[321043]
chr11,77148191,77148210,[321067]
chr11,77344497,77344515,[321119]
chr11,77915086,77915105,[321328]
chr11,78509393,78509411,[321534]
chr11,78683989,78684008,[321580]
chr11,79100953,79100971,[321755]
chr11,79237491,79237509,[321830]
chr11,79252593,79252612,[321835]
chr11,79259144,79259163,[321842]
chr11,79279060,79279079,[321847]
chr11,79641311,79641329,[321960]
chr11,79786803,79786821,[322037]
chr11,79832006,79832024,[322059]
chr11,79973290,79973308,[322089]
chr11,80700876,80700894,[322296]
chr11,81534985,81535003,[322392]
chr11,81796850,81796868,[322447]
chr11,82088115,82088134,[322551]
chr11,82175357,82175375,[322561]
chr11,82525120,82525138,[322653]
chr11,82857180,82857199,[322750]
chr11,82952616,82952634,[322798]
chr11,83371551,83371569,[322892]
chr11,83537255,83537273,[322964]
chr11,83569407,83569425,[322983]
chr11,83587388,83587406,[322998]
chr11,83743347,83743365,[323085]
chr11,83849168,83849187,[323120]
chr11,83871964,83871982,[323131]
chr11,83975149,83975167,[323153]
chr11,84918607,84918626,[323332]
chr11,85172137,85172155,[323377]
chr11,85250590,85250608,[323396]
chr11,86369296,86369314,[323641]
chr11,86381529,86381548,[323648]
chr11,86429183,86429201,[323668]
chr11,86648238,86648256,[323759]
chr11,86752510,86752528,[323796]
chr11,86898528,86898546,[323858]
chr11,87716127,87716145,[324108]
chr11,87764066,87764084,[324146]
chr11,88052386,88052404,[324225]
chr11,88426699,88426718,[324370]
chr11,88455307,88455325,[324378]
chr11,88790048,88790067,[324533]
chr11,88791872,88791890,[324534]
chr11,88904048,88904067,[324562]
chr11,89068129,89068147,[324628]
chr11,89106072,89106090,[324637]
chr11,89766354,89766372,[324687]
chr11,90242120,90242138,[324764]
chr11,90245734,90245752,[324768]
chr11,90257165,90257183,[324778]
chr11,90275437,90275455,[324790]
chr11,90388149,90388167,[324828]
chr11,90873896,90873915,[324921]
chr11,93517232,93517250,[324981]
chr11,93813005,93813023,[325009]
chr11,94356517,94356535,[325210]
chr11,94570880,94570898,[325296]
chr11,94719386,94719404,[325350]
chr11,94866288,94866307,[325382]
chr11,95288654,95288672,[325551]
chr11,95345369,95345387,[325574]
chr11,95705181,95705199,[325717]
chr11,95878884,95878902,[325803]
chr11,96031944,96031962,[325829]
chr11,96271195,96271213,[325875]
chr11,97273048,97273066,[326223]
chr11,97462807,97462826,[326319]
chr11,97468756,97468774,[326320]
chr11,98142692,98142711,[326611]
chr11,98470771,98470789,[326728]
chr11,98513908,98513927,[326755]
chr11,98742025,98742043,[326817]
chr11,98922346,98922364,[326922]
chr11,98931297,98931315,[326932]
chr11,99124265,99124284,[327044]
chr11,99238700,99238718,[327131]
chr11,99364687,99364705,[327159]
chr11,100006854,100006872,[327186]
chr11,100118787,100118806,[327193]
chr11,100545210,100545228,[327343]
chr11,100655833,100655851,[327405]
chr11,100684203,100684222,[327410]
chr11,100906124,100906142,[327532]
chr11,101052344,101052362,[327606]
chr11,101088020,101088038,[327634]
chr11,101265356,101265374,[327723]
chr11,101372948,101372966,[327754]
chr11,101376320,101376338,[327755]
chr11,101479206,101479225,[327798]
chr11,101770008,101770027,[327872]
chr11,101944895,101944913,[327923]
chr11,102015514,102015533,[327952]
chr11,102514880,102514898,[328141]
chr11,102739325,102739343,[328179]
chr11,103168950,103168968,[328310]
chr11,103363371,103363389,[328440]
chr11,103953088,103953106,[328567]
chr11,103960672,103960690,[328571]
chr11,104029998,104030016,[328602]
chr11,104311903,104311921,[328640]
chr11,104382096,104382114,[328658]
chr11,104549692,104549711,[328703]
chr11,105364587,105364605,[328878]
chr11,105388751,105388769,[328886]
chr11,105404538,105404556,[328887]
chr11,105445116,105445134,[328897]
chr11,105450147,105450165,[328899]
chr11,105464739,105464757,[328902]
chr11,105830750,105830768,[328945]
chr11,105879385,105879403,[328947]
chr11,105964873,105964892,[328972]
chr11,106352057,106352076,[329129]
chr11,106374323,106374341,[329140]
chr11,106437737,106437755,[329178]
chr11,106673056,106673074,[329309]
chr11,106737376,106737395,[329349]
chr11,106781941,106781959,[329381]
chr11,106815524,106815542,[329396]
chr11,106885078,106885097,[329409]
chr11,107113214,107113232,[329477]
chr11,107438868,107438886,[329585]
chr11,107458494,107458512,[329604]
chr11,107547542,107547560,[329633]
chr11,107547601,107547619,[329633]
chr11,108163065,108163084,[329810]
chr11,108171961,108171979,[329814]
chr11,108172129,108172147,[329814]
chr11,108188990,108189008,[329819]
chr11,108204450,108204469,[329827]
chr11,108216324,108216342,[329832]
chr11,108233160,108233179,[329845]
chr11,108268605,108268623,[329872]
chr11,108301607,108301625,[329894]
chr11,108447288,108447306,[329933]
chr11,108752566,108752585,[329958]
chr11,108823018,108823036,[329967]
chr11,108858150,108858168,[329973]
chr11,109413277,109413295,[330157]
chr11,109500349,109500367,[330220]
chr11,109560815,109560833,[330239]
chr11,109640997,109641015,[330271]
chr11,109720793,109720811,[330308]
chr11,109873574,109873592,[330368]
chr11,110160652,110160671,[330414]
chr11,110379466,110379485,[330451]
chr11,110437479,110437498,[330481]
chr11,110440176,110440194,[330485]
chr11,110499105,110499123,[330515]
chr11,111078540,111078558,[330622]
chr11,111532631,111532649,[330674]
chr11,112988722,112988740,[330770]
chr11,113108429,113108447,[330822]
chr11,113174218,113174237,[330854]
chr11,113236731,113236749,[330890]
chr11,113508503,113508521,[331005]
chr11,113573814,113573833,[331039]
chr11,113595931,113595950,[331045]
chr11,113605389,113605407,[331048]
chr11,113709914,113709932,[331102]
chr11,113764216,113764234,[331135]
chr11,113856456,113856474,[331172]
chr11,113960815,113960833,[331184]
chr11,114233759,114233777,[331263]
chr11,114238648,114238666,[331268]
chr11,114345922,114345940,[331309]
chr11,114418775,114418793,[331331]
chr11,114665551,114665569,[331395]
chr11,114672792,114672811,[331403]
chr11,114892530,114892548,[331532]
chr11,114916692,114916711,[331546]
chr11,115151185,115151204,[331644]
chr11,115225055,115225073,[331702]
chr11,115442467,115442485,[331814]
chr11,115598530,115598548,[331876]
chr11,116460370,116460388,[332226]
chr11,116724450,116724468,[332342]
chr11,117069190,117069208,[332442]
chr11,117145875,117145893,[332492]
chr11,117146215,117146233,[332493]
chr11,117638888,117638906,[332731]
chr11,117674773,117674791,[332748]
chr11,117830650,117830668,[332844]
chr11,118551395,118551413,[333251]
chr11,119107969,119107987,[333385]
chr11,119258713,119258731,[333466]
chr11,119503892,119503910,[333533]
chr11,119527499,119527518,[333542]
chr11,119629421,119629439,[333572]
chr11,119934426,119934444,[333697]
chr11,119937125,119937143,[333701]
chr11,120703480,120703498,[333943]
chr11,121278193,121278211,[334148]
chr11,121347138,121347156,[334162]
chr11,121480047,121480066,[334191]
chr11,121706998,121707016,[334278]
chr11,121741674,121741692,[334302]
chr12,3209461,3209480,[334355]
chr12,3437949,3437967,[334448]
chr12,3451675,3451693,[334456]
chr12,3671064,3671082,[334515]
chr12,3887741,3887759,[334628]
chr12,4143321,4143339,[334707]
chr12,4279841,4279859,[334742]
chr12,4461400,4461418,[334790]
chr12,4495977,4495995,[334800]
chr12,4592195,4592213,[334827]
chr12,4856261,4856280,[334900]
chr12,5162968,5162986,[334958]
chr12,5301834,5301852,[335011]
chr12,5345375,5345393,[335020]
chr12,7995422,7995441,[335091]
chr12,8270242,8270261,[335123]
chr12,8433020,8433038,[335206]
chr12,8500451,8500469,[335256]
chr12,8681473,8681491,[335302]
chr12,8941856,8941874,[335434]
chr12,8942509,8942528,[335436]
chr12,9023165,9023184,[335460]
chr12,9040844,9040863,[335465]
chr12,10491662,10491681,[335571]
chr12,10524520,10524538,[335574]
chr12,11200817,11200836,[335617]
chr12,11231719,11231738,[335636]
chr12,11349720,11349738,[335682]
chr12,12176811,12176830,[335734]
chr12,12231873,12231891,[335751]
chr12,12486456,12486474,[335863]
chr12,12601431,12601449,[335914]
chr12,12674754,12674772,[335935]
chr12,12721543,12721561,[335952]
chr12,13007408,13007426,[336044]
chr12,13081233,13081251,[336063]
chr12,14253433,14253451,[336239]
chr12,14302798,14302816,[336246]
chr12,15602949,15602967,[336282]
chr12,15639637,15639655,[336290]
chr12,15656658,15656677,[336298]
chr12,15929471,15929489,[336392]
chr12,16006932,16006951,[336422]
chr12,16044509,16044527,[336443]
chr12,16216802,16216820,[336510]
chr12,16583832,16583850,[336611]
chr12,17311239,17311258,[336855]
chr12,17577496,17577514,[336985]
chr12,17679805,17679823,[337027]
chr12,17689213,17689231,[337032]
chr12,17699142,17699160,[337043]
chr12,17763069,17763087,[337102]
chr12,17944911,17944929,[337148]
chr12,21337960,21337978,[337329]
chr12,21357457,21357475,[337336]
chr12,21480366,21480384,[337388]
chr12,24642608,24642626,[337503]
chr12,24856194,24856212,[337568]
chr12,24873072,24873090,[337575]
chr12,24979825,24979843,[337597]
chr12,25203557,25203575,[337692]
chr12,25241868,25241886,[337724]
chr12,25268148,25268167,[337745]
chr12,25305734,25305753,[337769]
chr12,25413935,25413953,[337829]
chr12,25601057,25601075,[337876]
chr12,25648913,25648932,[337887]
chr12,25703059,25703077,[337898]
chr12,25765280,25765298,[337909]
chr12,25863905,25863923,[337936]
chr12,26172088,26172107,[337997]
chr12,26235719,26235737,[338013]
chr12,26348785,26348803,[338046]
chr12,26378967,26378985,[338054]
chr12,26403411,26403429,[338065]
chr12,26460219,26460238,[338097]
chr12,27724888,27724906,[338174]
chr12,28081957,28081975,[338192]
chr12,28595079,28595098,[338211]
chr12,28736069,28736087,[338270]
chr12,28837185,28837203,[338326]
chr12,28846122,28846141,[338328]
chr12,29257891,29257909,[338384]
chr12,29703463,29703481,[338428]
chr12,29708387,29708405,[338430]
chr12,29917439,29917457,[338455]
chr12,30308796,30308814,[338513]
chr12,30555612,30555630,[338532]
chr12,30949254,30949273,[338584]
chr12,31633962,31633980,[338718]
chr12,32215396,32215414,[338935]
chr12,32306288,32306306,[338968]
chr12,32403763,32403781,[338992]
chr12,32633250,32633268,[339025]
chr12,32635400,32635419,[339027]
chr12,32724523,32724541,[339058]
chr12,32863662,32863681,[339108]
chr12,32944082,32944100,[339135]
chr12,32996754,32996772,[339163]
chr12,33061902,33061920,[339213]
chr12,33111627,33111645,[339241]
chr12,33159528,33159546,[339273]
chr12,33434916,33434934,[339404]
chr12,34218983,34219001,[339479]
chr12,34221571,34221589,[339482]
chr12,34242698,34242716,[339489]
chr12,34455911,34455930,[339541]
chr12,34500842,34500861,[339556]
chr12,34528931,34528950,[339567]
chr12,34591852,34591870,[339581]
chr12,34679241,34679259,[339609]
chr12,34777116,34777134,[339651]
chr12,35016803,35016821,[339749]
chr12,35050627,35050646,[339774]
chr12,35338464,35338482,[339877]
chr12,35576433,35576451,[339948]
chr12,35655893,35655912,[339972]
chr12,35684813,35684832,[339984]
chr12,35755424,35755443,[340025]
chr12,36053806,36053825,[340111]
chr12,36119841,36119859,[340138]
chr12,36147379,36147397,[340156]
chr12,36156890,36156908,[340164]
chr12,36205927,36205945,[340177]
chr12,36325348,36325366,[340213]
chr12,36470080,36470098,[340253]
chr12,36678231,36678250,[340287]
chr12,36937358,36937376,[340338]
chr12,36949141,36949160,[340341]
chr12,37142109,37142127,[340374]
chr12,38812524,38812543,[340477]
chr12,38847738,38847756,[340490]
chr12,38929045,38929063,[340510]
chr12,38934178,38934196,[340513]
chr12,39034213,39034231,[340525]
chr12,39351888,39351906,[340543]
chr12,39998181,39998199,[340614]
chr12,40232522,40232540,[340706]
chr12,40522815,40522833,[340811]
chr12,40691756,40691774,[340884]
chr12,40818481,40818499,[340914]
chr12,41061308,41061326,[340967]
chr12,41796073,41796091,[341125]
chr12,44006885,44006903,[341226]
chr12,44281640,44281659,[341275]
chr12,44371222,44371240,[341303]
chr12,44922784,44922802,[341380]
chr12,44971672,44971690,[341403]
chr12,45080901,45080919,[341456]
chr12,51429286,51429305,[341660]
chr12,51709241,51709259,[341723]
chr12,51718866,51718884,[341726]
chr12,51729292,51729310,[341728]
chr12,51740366,51740385,[341731]
chr12,51757615,51757633,[341738]
chr12,51926238,51926257,[341809]
chr12,52328861,52328880,[341899]
chr12,52702381,52702399,[342017]
chr12,52764895,52764914,[342035]
chr12,52854465,52854483,[342077]
chr12,53471898,53471916,[342159]
chr12,53484932,53484951,[342161]
chr12,53732386,53732404,[342176]
chr12,53973481,53973499,[342196]
chr12,53992500,53992518,[342201]
chr12,54213516,54213534,[342268]
chr12,54294109,54294127,[342312]
chr12,54404389,54404407,[342355]
chr12,55452933,55452952,[342657]
chr12,55488943,55488961,[342692]
chr12,55552616,55552635,[342712]
chr12,55784502,55784520,[342749]
chr12,55800231,55800249,[342754]
chr12,56624353,56624371,[342864]
chr12,56835856,56835874,[342890]
chr12,57285904,57285922,[342941]
chr12,57898154,57898173,[343016]
chr12,57979180,57979199,[343033]
chr12,58092502,58092520,[343047]
chr12,58208185,58208203,[343052]
chr12,58590608,58590627,[343090]
chr12,59216370,59216388,[343211]
chr12,59218859,59218877,[343214]
chr12,59250615,59250633,[343222]
chr12,61843910,61843929,[343262]
chr12,64975643,64975661,[343319]
chr12,68980444,68980462,[343490]
chr12,69164911,69164929,[343514]
chr12,69355616,69355635,[343580]
chr12,69462083,69462101,[343644]
chr12,69518759,69518777,[343688]
chr12,69530217,69530235,[343696]
chr12,69674314,69674332,[343733]
chr12,69825486,69825504,[343775]
chr12,69951382,69951401,[343819]
chr12,69957485,69957503,[343821]
chr12,69963388,69963406,[343823]
chr12,70119762,70119780,[343890]
chr12,70221677,70221695,[343927]
chr12,70331357,70331375,[343963]
chr12,70616598,70616616,[344023]
chr12,70695261,70695279,[344039]
chr12,70707736,70707754,[344045]
chr12,70880171,70880189,[344113]
chr12,70941058,70941076,[344136]
chr12,71040866,71040884,[344174]
chr12,71274763,71274781,[344230]
chr12,71778366,71778384,[344336]
chr12,71807495,71807514,[344341]
chr12,71855763,71855782,[344370]
chr12,71908507,71908525,[344413]
chr12,71912112,71912130,[344417]
chr12,72267824,72267842,[344501]
chr12,72327431,72327449,[344517]
chr12,72327811,72327829,[344518]
chr12,73042581,73042600,[344688]
chr12,73370549,73370568,[344785]
chr12,73611253,73611271,[344916]
chr12,73732399,73732417,[345012]
chr12,73793985,73794003,[345051]
chr12,73814380,73814399,[345063]
chr12,73888516,73888534,[345095]
chr12,74410662,74410680,[345174]
chr12,75413637,75413655,[345259]
chr12,75532806,75532824,[345306]
chr12,75709498,75709516,[345379]
chr12,75738735,75738754,[345398]
chr12,75995333,75995351,[345471]
chr12,76072110,76072128,[345485]
chr12,76095151,76095169,[345503]
chr12,76307026,76307044,[345551]
chr12,76307082,76307100,[345551]
chr12,76771642,76771660,[345754]
chr12,77112501,77112519,[345918]
chr12,77177208,77177226,[345954]
chr12,77270927,77270946,[345996]
chr12,77451099,77451117,[346021]
chr12,77594406,77594425,[346065]
chr12,78138329,78138347,[346142]
chr12,78947413,78947432,[346237]
chr12,78996748,78996766,[346262]
chr12,79171576,79171594,[346325]
chr12,79253379,79253398,[346347]
chr12,79305300,79305318,[346361]
chr12,79381532,79381550,[346391]
chr12,79441386,79441404,[346410]
chr12,79444789,79444813,[346413]
chr12,79522803,79522821,[346430]
chr12,79579554,79579572,[346447]
chr12,79630212,79630230,[346472]
chr12,79633935,79633953,[346477]
chr12,79864528,79864547,[346604]
chr12,79905388,79905406,[346623]
chr12,80054441,80054459,[346707]
chr12,80829011,80829029,[347037]
chr12,80843856,80843874,[347051]
chr12,80992069,80992087,[347103]
chr12,81483727,81483745,[347162]
chr12,81760217,81760235,[347230]
chr12,81776258,81776276,[347237]
chr12,81807595,81807613,[347252]
chr12,81929124,81929142,[347313]
chr12,82111162,82111180,[347352]
chr12,82130280,82130298,[347362]
chr12,82304114,82304132,[347463]
chr12,82322015,82322034,[347473]
chr12,82322976,82322994,[347474]
chr12,82339649,82339668,[347483]
chr12,82478939,82478957,[347530]
chr12,82752689,82752707,[347560]
chr12,83072406,83072424,[347605]
chr12,83375588,83375606,[347700]
chr12,83709006,83709024,[347780]
chr12,83846630,83846648,[347811]
chr12,83849132,83849150,[347816]
chr12,84217590,84217608,[347986]
chr12,84417179,84417197,[348049]
chr12,84818332,84818351,[348160]
chr12,84833613,84833631,[348168]
chr12,84845943,84845961,[348172]
chr12,84858952,84858970,[348181]
chr12,84927520,84927538,[348206]
chr12,85047634,85047652,[348230]
chr12,85372548,85372566,[348366]
chr12,85424203,85424221,[348403]
chr12,85427808,85427827,[348407]
chr12,85518325,85518343,[348477]
chr12,85541440,85541458,[348495]
chr12,85853949,85853967,[348627]
chr12,85973815,85973833,[348672]
chr12,85992937,85992955,[348684]
chr12,86144443,86144462,[348730]
chr12,86305914,86305932,[348775]
chr12,86310572,86310591,[348779]
chr12,86775674,86775692,[348869]
chr12,86900480,86900498,[348961]
chr12,86972648,86972666,[348992]
chr12,87220024,87220042,[349061]
chr12,88487560,88487578,[349229]
chr12,89993490,89993509,[349348]
chr12,90060177,90060196,[349351]
chr12,91009047,91009066,[349407]
chr12,91065091,91065109,[349419]
chr12,91646634,91646652,[349551]
chr12,91676185,91676203,[349567]
chr12,91711909,91711927,[349587]
chr12,91834009,91834027,[349667]
chr12,91960936,91960954,[349696]
chr12,92459892,92459911,[349734]
chr12,92514998,92515016,[349747]
chr12,92515177,92515195,[349747]
chr12,92773017,92773035,[349798]
chr12,92823281,92823299,[349810]
chr12,92996655,92996674,[349833]
chr12,93537818,93537836,[349889]
chr12,94138045,94138064,[349906]
chr12,95547464,95547483,[349966]
chr12,95760850,95760868,[350004]
chr12,98274145,98274163,[350132]
chr12,98615911,98615929,[350232]
chr12,98884201,98884219,[350304]
chr12,98932062,98932080,[350316]
chr12,99187892,99187910,[350380]
chr12,99226714,99226732,[350408]
chr12,99260597,99260615,[350428]
chr12,99288054,99288072,[350439]
chr12,99299988,99300006,[350450]
chr12,99323160,99323178,[350473]
chr12,99325919,99325937,[350475]
chr12,99393048,99393067,[350533]
chr12,99431092,99431111,[350550]
chr12,99458041,99458059,[350556]
chr12,99585639,99585657,[350619]
chr12,99610845,99610863,[350628]
chr12,99616310,99616328,[350631]
chr12,99626243,99626261,[350636]
chr12,99636376,99636394,[350644]
chr12,99964240,99964258,[350747]
chr12,100116107,100116125,[350820]
chr12,100209023,100209041,[350870]
chr12,100212062,100212081,[350873]
chr12,100353753,100353771,[350949]
chr12,100959189,100959207,[351219]
chr12,102051686,102051704,[351423]
chr12,102112639,102112657,[351444]
chr12,102152883,102152901,[351459]
chr12,102210788,102210806,[351484]
chr12,102219697,102219716,[351491]
chr12,102315542,102315561,[351571]
chr12,102414633,102414652,[351647]
chr12,102702597,102702615,[351821]
chr12,102878794,102878812,[351889]
chr12,102956538,102956556,[351900]
chr12,103065212,103065230,[351918]
chr12,103493051,103493069,[352053]
chr12,103995981,103996000,[352107]
chr12,104056897,104056916,[352134]
chr12,104131203,104131221,[352161]
chr12,104175862,104175880,[352178]
chr12,104224344,104224363,[352201]
chr12,104241628,104241646,[352216]
chr12,104273639,104273657,[352237]
chr12,104342557,104342575,[352250]
chr12,104606226,104606244,[352324]
chr12,104696031,104696049,[352348]
chr12,104820646,104820665,[352392]
chr12,104868699,104868717,[352430]
chr12,105504986,105505004,[352650]
chr12,105536635,105536653,[352667]
chr12,105555453,105555472,[352680]
chr12,105574647,105574666,[352695]
chr12,105599910,105599928,[352708]
chr12,105792519,105792537,[352758]
chr12,105810948,105810966,[352768]
chr12,105816980,105816998,[352772]
chr12,107126159,107126177,[353032]
chr12,107127663,107127682,[353033]
chr12,107640753,107640771,[353121]
chr12,107645573,107645591,[353123]
chr12,107783883,107783902,[353160]
chr12,107902384,107902403,[353188]
chr12,107977696,107977715,[353250]
chr12,107991194,107991213,[353257]
chr12,108165458,108165476,[353328]
chr12,108333156,108333174,[353408]
chr12,108496791,108496809,[353463]
chr12,108516944,108516962,[353470]
chr12,108627125,108627144,[353513]
chr12,108645019,108645037,[353531]
chr12,108712903,108712922,[353574]
chr12,108763754,108763772,[353584]
chr12,108857331,108857349,[353633]
chr12,108896118,108896136,[353649]
chr12,109034179,109034197,[353706]
chr12,109417887,109417905,[353768]
chr12,109425361,109425379,[353771]
chr12,109891083,109891101,[353885]
chr12,110196456,110196474,[353950]
chr12,110270232,110270250,[353979]
chr12,110294130,110294148,[353984]
chr12,110437905,110437923,[354018]
chr12,110443990,110444009,[354020]
chr12,110539905,110539923,[354076]
chr12,110951447,110951465,[354253]
chr12,110955154,110955173,[354254]
chr12,111159247,111159265,[354337]
chr12,111225169,111225187,[354373]
chr12,111324793,111324812,[354406]
chr12,111797506,111797524,[354635]
chr12,111906557,111906575,[354676]
chr12,111945228,111945247,[354705]
chr12,112285162,112285181,[354742]
chr12,112717341,112717359,[354860]
chr12,112746887,112746905,[354876]
chr12,112873684,112873703,[354926]
chr12,113129266,113129284,[355041]
chr12,115054894,115054912,[355352]
chr12,115404198,115404216,[355383]
chr12,116139454,116139473,[355471]
chr12,116269608,116269627,[355512]
chr12,116527945,116527963,[355600]
chr12,116630014,116630032,[355629]
chr12,116914948,116914966,[355652]
chr12,117021056,117021074,[355679]
chr12,117164113,117164131,[355745]
chr12,117227164,117227182,[355776]
chr12,117241497,117241515,[355783]
chr12,117282343,117282362,[355811]
chr12,117306486,117306504,[355822]
chr12,117628773,117628791,[355979]
chr12,117673352,117673370,[355998]
chr12,117673507,117673525,[355998]
chr12,117721536,117721554,[356017]
chr12,117749601,117749619,[356036]
chr12,118186678,118186696,[356144]
chr12,118208055,118208073,[356152]
chr12,118930780,118930798,[356322]
chr12,119006023,119006042,[356337]
chr12,119068488,119068507,[356349]
chr12,119155509,119155527,[356392]
chr12,119276482,119276501,[356437]
chr12,119403039,119403057,[356474]
chr13,3477945,3477963,[356529]
chr13,3799068,3799086,[356657]
chr13,3821532,3821557,[356670]
chr13,3834050,3834069,[356678]
chr13,4665404,4665423,[356790]
chr13,4753631,4753650,[356799]
chr13,5346059,5346077,[356859]
chr13,5493041,5493059,[356890]
chr13,5536726,5536744,[356897]
chr13,5622464,5622482,[356923]
chr13,5735110,5735129,[356959]
chr13,5737388,5737406,[356960]
chr13,5780473,5780491,[356984]
chr13,5819303,5819322,[357003]
chr13,6257485,6257503,[357149]
chr13,6261731,6261749,[357150]
chr13,6351251,6351269,[357166]
chr13,6457145,6457164,[357170]
chr13,6496349,6496367,[357183]
chr13,6569280,6569298,[357205]
chr13,7197230,7197248,[357326]
chr13,8388499,8388517,[357346]
chr13,8840157,8840176,[357442]
chr13,8873947,8873965,[357462]
chr13,8988636,8988654,[357479]
chr13,9107044,9107062,[357519]
chr13,9108869,9108887,[357522]
chr13,9136863,9136882,[357534]
chr13,9173637,9173655,[357552]
chr13,9336720,9336738,[357598]
chr13,9510439,9510457,[357657]
chr13,9578540,9578558,[357671]
chr13,9683397,9683415,[357694]
chr13,9689729,9689748,[357696]
chr13,9776581,9776600,[357732]
chr13,9826382,9826400,[357745]
chr13,9878712,9878730,[357751]
chr13,9887387,9887405,[357759]
chr13,10109590,10109608,[357835]
chr13,10275114,10275133,[357879]
chr13,10419588,10419606,[357899]
chr13,11927331,11927350,[357959]
chr13,11937046,11937064,[357963]
chr13,12058906,12058924,[358001]
chr13,12071853,12071871,[358013]
chr13,12432518,12432536,[358098]
chr13,12507582,12507601,[358132]
chr13,12673146,12673164,[358201]
chr13,13394032,13394051,[358225]
chr13,13487872,13487891,[358252]
chr13,13537280,13537299,[358279]
chr13,13724018,13724036,[358364]
chr13,14113993,14114011,[358451]
chr13,14523080,14523098,[358476]
chr13,15370516,15370534,[358508]
chr13,15865031,15865049,[358587]
chr13,16718495,16718513,[358738]
chr13,16918806,16918824,[358778]
chr13,17173723,17173742,[358825]
chr13,17336592,17336610,[358855]
chr13,17627628,17627646,[358896]
chr13,17670735,17670754,[358903]
chr13,17694069,17694088,[358906]
chr13,17746718,17746736,[358924]
chr13,17879238,17879256,[358970]
chr13,17924993,17925011,[358976]
chr13,18530624,18530642,[359033]
chr13,19242740,19242758,[359149]
chr13,19618946,19618965,[359247]
chr13,19738070,19738089,[359288]
chr13,20105299,20105317,[359399]
chr13,20117133,20117151,[359410]
chr13,20207782,20207800,[359488]
chr13,20482142,20482160,[359579]
chr13,20549604,20549622,[359604]
chr13,21323650,21323668,[359725]
chr13,21445966,21445984,[359758]
chr13,21852425,21852443,[359803]
chr13,22793952,22793970,[359914]
chr13,23488942,23488960,[359977]
chr13,23597280,23597298,[360029]
chr13,23597626,23597645,[360030]
chr13,23620286,23620304,[360034]
chr13,23704980,23704998,[360050]
chr13,23767918,23767936,[360093]
chr13,24126393,24126411,[360187]
chr13,24306382,24306400,[360238]
chr13,24306482,24306501,[360238]
chr13,24393315,24393333,[360274]
chr13,24433731,24433749,[360299]
chr13,24614136,24614155,[360424]
chr13,24639470,24639488,[360453]
chr13,24661935,24661953,[360472]
chr13,24781274,24781293,[360523]
chr13,24853392,24853410,[360556]
chr13,24965835,24965853,[360582]
chr13,26623388,26623407,[360666]
chr13,27947214,27947233,[360697]
chr13,28417492,28417510,[360731]
chr13,28418984,28419002,[360735]
chr13,28630590,28630608,[360819]
chr13,28885632,28885650,[360958]
chr13,28988833,28988851,[360998]
chr13,29372104,29372122,[361087]
chr13,29744295,29744313,[361212]
chr13,29781270,29781289,[361240]
chr13,29957164,29957182,[361278]
chr13,30009890,30009908,[361308]
chr13,30013293,30013312,[361309]
chr13,30167617,30167635,[361360]
chr13,30177544,30177562,[361363]
chr13,30211749,30211767,[361377]
chr13,30242463,30242481,[361384]
chr13,30530830,30530849,[361425]
chr13,30619479,30619497,[361469]
chr13,30638942,30638960,[361486]
chr13,30682111,30682129,[361510]
chr13,30733003,30733022,[361562]
chr13,30750728,30750746,[361580]
chr13,30872960,30872978,[361653]
chr13,30913901,30913919,[361666]
chr13,30924445,30924463,[361669]
chr13,30938817,30938835,[361675]
chr13,30976923,30976941,[361697]
chr13,31068494,31068513,[361718]
chr13,31556953,31556972,[361832]
chr13,31940718,31940737,[361931]
chr13,32211799,32211817,[361980]
chr13,32211958,32211976,[361980]
chr13,32508082,32508100,[362059]
chr13,32643073,32643091,[362084]
chr13,32741366,32741384,[362117]
chr13,32841468,32841486,[362148]
chr13,32866527,32866545,[362162]
chr13,33068328,33068346,[362244]
chr13,34062551,34062569,[362334]
chr13,34096123,34096141,[362361]
chr13,34119035,34119053,[362372]
chr13,34163884,34163903,[362399]
chr13,34287854,34287873,[362457]
chr13,34375612,34375631,[362491]
chr13,34656442,34656461,[362550]
chr13,34659788,34659806,[362551]
chr13,34700208,34700227,[362577]
chr13,34864725,34864743,[362630]
chr13,35085523,35085541,[362683]
chr13,35169402,35169420,[362705]
chr13,35202535,35202553,[362717]
chr13,35269496,35269514,[362738]
chr13,35664818,35664836,[362812]
chr13,35704678,35704696,[362822]
chr13,35804184,35804202,[362865]
chr13,35994271,35994290,[362942]
chr13,36995063,36995081,[363190]
chr13,37006371,37006389,[363193]
chr13,37010742,37010760,[363197]
chr13,37115179,37115197,[363239]
chr13,37120281,37120300,[363242]
chr13,37121828,37121846,[363243]
chr13,37148712,37148730,[363254]
chr13,37148859,37148877,[363254]
chr13,37158487,37158505,[363258]
chr13,37279337,37279355,[363281]
chr13,37282782,37282800,[363283]
chr13,37306252,37306270,[363291]
chr13,37308182,37308200,[363293]
chr13,37309770,37309788,[363294]
chr13,37361457,37361475,[363321]
chr13,37446894,37446912,[363348]
chr13,37472102,37472121,[363361]
chr13,37472239,37472258,[363362]
chr13,37584636,37584654,[363432]
chr13,37715113,37715132,[363507]
chr13,37751195,37751213,[363519]
chr13,37797973,37797991,[363547]
chr13,37855929,37855948,[363585]
chr13,38010650,38010669,[363665]
chr13,38165163,38165181,[363707]
chr13,38565085,38565104,[363816]
chr13,38852018,38852036,[363846]
chr13,38945491,38945509,[363863]
chr13,39183646,39183664,[363892]
chr13,39441095,39441113,[363897]
chr13,39767109,39767128,[363908]
chr13,40361864,40361882,[363954]
chr13,40482123,40482141,[363978]
chr13,40854253,40854271,[364033]
chr13,40921914,40921932,[364079]
chr13,40922546,40922564,[364081]
chr13,40939081,40939099,[364090]
chr13,40940185,40940203,[364091]
chr13,40967845,40967863,[364103]
chr13,40978058,40978076,[364111]
chr13,41029467,41029485,[364127]
chr13,41179800,41179818,[364155]
chr13,41249446,41249464,[364169]
chr13,41478929,41478947,[364292]
chr13,41515603,41515621,[364315]
chr13,41531246,41531264,[364325]
chr13,41602194,41602213,[364357]
chr13,41625672,41625690,[364377]
chr13,41670827,41670845,[364399]
chr13,41758459,41758477,[364413]
chr13,41758718,41758736,[364414]
chr13,41788330,41788348,[364422]
chr13,41851041,41851059,[364449]
chr13,43271546,43271564,[364821]
chr13,43469272,43469290,[364903]
chr13,43602607,43602626,[364973]
chr13,43667041,43667060,[364984]
chr13,43961195,43961214,[365087]
chr13,44039233,44039251,[365107]
chr13,44104464,44104483,[365132]
chr13,44441514,44441536,[365251]
chr13,44457540,44457558,[365261]
chr13,44501955,44501974,[365275]
chr13,44782503,44782521,[365412]
chr13,45156643,45156662,[365558]
chr13,45416813,45416831,[365630]
chr13,45637551,45637570,[365709]
chr13,45657014,45657032,[365715]
chr13,46231723,46231741,[365936]
chr13,46241985,46242004,[365938]
chr13,46263252,46263270,[365945]
chr13,46619816,46619835,[366019]
chr13,46737693,46737711,[366064]
chr13,46742681,46742699,[366065]
chr13,46743363,46743381,[366066]
chr13,46970465,46970483,[366138]
chr13,47217463,47217481,[366221]
chr13,47259569,47259587,[366235]
chr13,47974884,47974903,[366288]
chr13,48489436,48489454,[366317]
chr13,48582892,48582910,[366354]
chr13,48686814,48686832,[366384]
chr13,48748430,48748448,[366401]
chr13,48979212,48979230,[366513]
chr13,49016754,49016773,[366529]
chr13,49169593,49169611,[366603]
chr13,49430849,49430867,[366764]
chr13,49628291,49628309,[366796]
chr13,49703706,49703724,[366812]
chr13,50423893,50423912,[366849]
chr13,51171557,51171575,[366944]
chr13,51193573,51193591,[366947]
chr13,51316477,51316495,[366993]
chr13,51552863,51552881,[367084]
chr13,51741338,51741356,[367175]
chr13,51755213,51755232,[367190]
chr13,51757419,51757437,[367193]
chr13,51892290,51892309,[367285]
chr13,51968584,51968602,[367331]
chr13,52175981,52176000,[367447]
chr13,52323886,52323905,[367486]
chr13,52398519,52398537,[367498]
chr13,52469938,52469956,[367511]
chr13,52530982,52531000,[367528]
chr13,52576091,52576109,[367562]
chr13,52594059,52594078,[367579]
chr13,52722798,52722816,[367641]
chr13,52763138,52763156,[367652]
chr13,52777706,52777724,[367660]
chr13,52855765,52855784,[367711]
chr13,53057388,53057406,[367810]
chr13,53226551,53226569,[367843]
chr13,53377774,53377792,[367879]
chr13,54152552,54152570,[367978]
chr13,54502268,54502286,[368107]
chr13,54824271,54824289,[368214]
chr13,54963273,54963292,[368247]
chr13,54980302,54980321,[368257]
chr13,55029570,55029588,[368288]
chr13,55063830,55063848,[368296]
chr13,55224634,55224652,[368354]
chr13,55249091,55249110,[368358]
chr13,55315242,55315260,[368369]
chr13,55386236,55386254,[368407]
chr13,55634728,55634746,[368532]
chr13,55641001,55641019,[368538]
chr13,55644693,55644712,[368539]
chr13,55757867,55757885,[368577]
chr13,55904968,55904986,[368608]
chr13,56151673,56151691,[368707]
chr13,56196017,56196035,[368746]
chr13,56279519,56279537,[368780]
chr13,56392294,56392312,[368816]
chr13,56648589,56648608,[368918]
chr13,58048295,58048313,[369084]
chr13,58116737,58116755,[369111]
chr13,58148309,58148327,[369124]
chr13,58217311,58217330,[369161]
chr13,58534745,58534763,[369242]
chr13,58996644,58996663,[369325]
chr13,58999282,58999300,[369327]
chr13,59025364,59025382,[369336]
chr13,59300488,59300506,[369367]
chr13,59444467,59444485,[369381]
chr13,59472382,59472400,[369392]
chr13,59547266,59547284,[369420]
chr13,59657342,59657361,[369468]
chr13,59705062,59705080,[369493]
chr13,59796712,59796731,[369527]
chr13,59840975,59840994,[369552]
chr13,59841011,59841030,[369552]
chr13,59875822,59875841,[369564]
chr13,60492015,60492033,[369659]
chr13,60615301,60615319,[369699]
chr13,60660780,60660798,[369724]
chr13,62007643,62007661,[369858]
chr13,62126701,62126719,[369864]
chr13,62469199,62469217,[369879]
chr13,62470201,62470220,[369880]
chr13,62561785,62561803,[369885]
chr13,62627128,62627146,[369893]
chr13,62950469,62950487,[369955]
chr13,63141064,63141082,[370036]
chr13,63186727,63186745,[370039]
chr13,63206598,63206616,[370051]
chr13,63325730,63325748,[370137]
chr13,63548688,63548706,[370211]
chr13,64370644,64370662,[370502]
chr13,64388619,64388638,[370508]
chr13,64408526,64408544,[370517]
chr13,65242548,65242566,[370599]
chr13,69481585,69481603,[370880]
chr13,69521281,69521299,[370902]
chr13,72120575,72120593,[371192]
chr13,72975823,72975841,[371235]
chr13,73383883,73383902,[371289]
chr13,73445630,73445648,[371311]
chr13,73603665,73603683,[371372]
chr13,73773065,73773083,[371461]
chr13,73971252,73971271,[371529]
chr13,74010001,74010019,[371542]
chr13,74064221,74064240,[371565]
chr13,74349926,74349945,[371629]
chr13,74481665,74481683,[371649]
chr13,74759364,74759382,[371674]
chr13,74892775,74892793,[371701]
chr13,74958487,74958505,[371710]
chr13,74970461,74970480,[371711]
chr13,75384160,75384179,[371743]
chr13,75733399,75733417,[371799]
chr13,75790713,75790731,[371837]
chr13,75825730,75825748,[371859]
chr13,76055404,76055422,[371922]
chr13,76976542,76976560,[372113]
chr13,77049566,77049584,[372121]
chr13,77177666,77177684,[372141]
chr13,78195517,78195536,[372224]
chr13,78629564,78629583,[372253]
chr13,79927925,79927943,[372283]
chr13,80736127,80736145,[372291]
chr13,80862510,80862528,[372294]
chr13,80865898,80865916,[372296]
chr13,80985916,80985935,[372350]
chr13,81100881,81100899,[372378]
chr13,81139185,81139203,[372402]
chr13,81162580,81162598,[372412]
chr13,81211634,81211652,[372429]
chr13,81407379,81407398,[372473]
chr13,81657460,81657478,[372491]
chr13,81795365,81795383,[372541]
chr13,82073553,82073571,[372556]
chr13,82945743,82945761,[372626]
chr13,83074480,83074499,[372667]
chr13,83076827,83076845,[372672]
chr13,83344719,83344738,[372728]
chr13,83473858,83473886,[372751]
chr13,83525902,83525920,[372764]
chr13,83582862,83582881,[372800]
chr13,84230351,84230370,[372895]
chr13,84240400,84240418,[372901]
chr13,85253167,85253185,[372976]
chr13,88723099,88723118,[373125]
chr13,88787433,88787452,[373130]
chr13,88810374,88810392,[373138]
chr13,88823317,88823335,[373144]
chr13,89067133,89067152,[373160]
chr13,89229913,89229931,[373165]
chr13,89443732,89443751,[373210]
chr13,89838782,89838801,[373291]
chr13,90089956,90089974,[373338]
chr13,90643862,90643880,[373393]
chr13,90949074,90949092,[373431]
chr13,91038316,91038335,[373451]
chr13,91039425,91039443,[373452]
chr13,91169020,91169038,[373489]
chr13,91459664,91459682,[373585]
chr13,91509698,91509716,[373622]
chr13,91529947,91529965,[373638]
chr13,91681783,91681801,[373694]
chr13,91741255,91741273,[373708]
chr13,91966583,91966601,[373766]
chr13,92030676,92030695,[373775]
chr13,92119805,92119823,[373795]
chr13,92629892,92629911,[373907]
chr13,92664923,92664941,[373929]
chr13,92863862,92863881,[374009]
chr13,93195301,93195320,[374125]
chr13,93450651,93450670,[374181]
chr13,93773926,93773945,[374254]
chr13,93995612,93995631,[374357]
chr13,93998075,93998093,[374362]
chr13,94098593,94098611,[374399]
chr13,94144293,94144311,[374423]
chr13,94160176,94160194,[374432]
chr13,94172756,94172775,[374444]
chr13,94177389,94177408,[374452]
chr13,94178681,94178699,[374454]
chr13,94225744,94225762,[374472]
chr13,94391818,94391836,[374536]
chr13,94848923,94848941,[374654]
chr13,94965282,94965301,[374688]
chr13,95037353,95037371,[374717]
chr13,95547420,95547438,[374851]
chr13,95757021,95757039,[374935]
chr13,95874903,95874921,[374998]
chr13,95912358,95912376,[375022]
chr13,95922137,95922155,[375030]
chr13,96113355,96113373,[375096]
chr13,96509288,96509306,[375142]
chr13,96531026,96531044,[375154]
chr13,96548420,96548438,[375163]
chr13,97138322,97138340,[375296]
chr13,97375784,97375802,[375367]
chr13,97443917,97443935,[375404]
chr13,97504461,97504480,[375429]
chr13,97551966,97551984,[375453]
chr13,97561152,97561170,[375460]
chr13,97638861,97638879,[375490]
chr13,97709559,97709577,[375506]
chr13,97769897,97769915,[375516]
chr13,97824159,97824178,[375528]
chr13,98041476,98041495,[375581]
chr13,98093334,98093352,[375594]
chr13,98472880,98472899,[375688]
chr13,98768618,98768636,[375747]
chr13,98814186,98814204,[375760]
chr13,98893288,98893307,[375793]
chr13,99343921,99343939,[376007]
chr13,99652144,99652163,[376087]
chr13,99752111,99752129,[376100]
chr13,100284245,100284264,[376206]
chr13,101029037,101029055,[376401]
chr13,101096991,101097009,[376412]
chr13,101917051,101917069,[376689]
chr13,101951184,101951202,[376701]
chr13,101995596,101995614,[376709]
chr13,102021784,102021802,[376717]
chr13,102128170,102128188,[376754]
chr13,102307719,102307737,[376779]
chr13,102355412,102355430,[376792]
chr13,102586344,102586362,[376822]
chr13,102677765,102677783,[376858]
chr13,102852883,102852902,[376937]
chr13,102857961,102857979,[376939]
chr13,102878915,102878933,[376952]
chr13,102932170,102932188,[376990]
chr13,102932341,102932360,[376990]
chr13,103915710,103915729,[377203]
chr13,103974095,103974113,[377222]
chr13,104040705,104040724,[377257]
chr13,104365315,104365333,[377338]
chr13,104650307,104650325,[377441]
chr13,104650416,104650434,[377441]
chr13,104694767,104694786,[377453]
chr13,104763685,104763703,[377464]
chr13,104849532,104849551,[377493]
chr13,104932397,104932415,[377511]
chr13,105039755,105039774,[377537]
chr13,105132652,105132671,[377567]
chr13,105300832,105300850,[377628]
chr13,105360453,105360471,[377643]
chr13,105426054,105426072,[377652]
chr13,106812270,106812288,[377723]
chr13,106840730,106840748,[377736]
chr13,106845160,106845178,[377739]
chr13,106927039,106927057,[377764]
chr13,107610604,107610623,[377943]
chr13,107657792,107657811,[377965]
chr13,107799461,107799479,[378028]
chr13,107831471,107831489,[378046]
chr13,107872409,107872427,[378061]
chr13,107891542,107891561,[378078]
chr13,107953917,107953935,[378106]
chr13,107957324,107957342,[378112]
chr13,108190802,108190821,[378173]
chr13,108295003,108295022,[378217]
chr13,108426065,108426083,[378270]
chr13,108778052,108778071,[378378]
chr13,109230989,109231007,[378467]
chr13,109441222,109441240,[378530]
chr13,109477840,109477858,[378539]
chr13,109550489,109550507,[378553]
chr13,109616100,109616118,[378566]
chr13,109760196,109760215,[378604]
chr13,109997492,109997511,[378691]
chr13,110039317,110039335,[378713]
chr13,110093430,110093448,[378722]
chr13,110446131,110446150,[378791]
chr13,110461550,110461568,[378796]
chr13,110573782,110573800,[378844]
chr13,110712636,110712654,[378879]
chr13,110897831,110897849,[378915]
chr13,110923973,110923991,[378928]
chr13,110944171,110944189,[378938]
chr13,111111560,111111578,[378963]
chr13,111258984,111259003,[378988]
chr13,111397132,111397150,[379018]
chr13,111418079,111418098,[379024]
chr13,111466216,111466234,[379043]
chr13,111842417,111842435,[379197]
chr13,111867407,111867425,[379201]
chr13,111920880,111920898,[379227]
chr13,111936095,111936113,[379236]
chr13,111936593,111936612,[379237]
chr13,112016731,112016749,[379300]
chr13,112025307,112025325,[379306]
chr13,112429505,112429524,[379507]
chr13,112502061,112502079,[379543]
chr13,112538856,112538874,[379561]
chr13,112556816,112556834,[379567]
chr13,112665247,112665265,[379588]
chr13,113209710,113209728,[379778]
chr13,113320812,113320830,[379805]
chr13,113338785,113338803,[379814]
chr13,113424337,113424356,[379852]
chr13,113555685,113555704,[379922]
chr13,113574458,113574476,[379933]
chr13,113800270,113800288,[380021]
chr13,114151082,114151100,[380114]
chr13,114909830,114909848,[380261]
chr13,115031430,115031448,[380312]
chr13,115057977,115057995,[380318]
chr13,115078032,115078051,[380324]
chr13,115101709,115101727,[380344]
chr13,115166648,115166666,[380378]
chr13,115178219,115178237,[380384]
chr13,115252669,115252688,[380406]
chr13,116010780,116010798,[380432]
chr13,116138496,116138514,[380436]
chr13,116711116,116711134,[380467]
chr13,116884846,116884864,[380482]
chr13,116972033,116972051,[380519]
chr13,116991805,116991824,[380534]
chr13,117019341,117019360,[380554]
chr13,117048422,117048440,[380576]
chr13,117091348,117091367,[380595]
chr13,117134433,117134451,[380613]
chr13,117144012,117144031,[380616]
chr13,117293615,117293633,[380693]
chr13,117308100,117308118,[380694]
chr13,117357399,117357417,[380703]
chr13,117916858,117916876,[380753]
chr13,118284943,118284961,[380774]
chr13,118350611,118350630,[380776]
chr13,118539038,118539056,[380802]
chr13,118967895,118967914,[380830]
chr14,8124834,8124852,[381223]
chr14,8209456,8209474,[381250]
chr14,8643291,8643309,[381400]
chr14,8932964,8932983,[381420]
chr14,9600687,9600705,[381461]
chr14,9826043,9826061,[381496]
chr14,9935476,9935494,[381509]
chr14,10080169,10080187,[381532]
chr14,10228250,10228269,[381549]
chr14,10546508,10546526,[381623]
chr14,10717785,10717803,[381654]
chr14,11572618,11572636,[381736]
chr14,11831832,11831850,[381787]
chr14,12337449,12337467,[381869]
chr14,12397755,12397774,[381892]
chr14,13131146,13131164,[381946]
chr14,14042818,14042836,[382044]
chr14,14087490,14087509,[382061]
chr14,14087596,14087614,[382061]
chr14,14481992,14482010,[382098]
chr14,14511533,14511551,[382105]
chr14,14686736,14686754,[382162]
chr14,14714406,14714424,[382176]
chr14,14926077,14926095,[382248]
chr14,14935723,14935741,[382249]
chr14,15099234,15099252,[382279]
chr14,15119946,15119964,[382283]
chr14,15334072,15334090,[382323]
chr14,15902396,15902414,[382417]
chr14,16002151,16002169,[382434]
chr14,16513568,16513586,[382582]
chr14,16591041,16591059,[382626]
chr14,16593905,16593923,[382627]
chr14,17061516,17061534,[382688]
chr14,17435663,17435682,[382744]
chr14,17641353,17641371,[382770]
chr14,17876409,17876427,[382837]
chr14,17885532,17885550,[382844]
chr14,17907510,17907528,[382856]
chr14,18167281,18167299,[382939]
chr14,18234883,18234901,[382955]
chr14,18238597,18238615,[382958]
chr14,18649193,18649211,[383075]
chr14,18656898,18656916,[383078]
chr14,18849551,18849570,[383126]
chr14,19775809,19775827,[383198]
chr14,19905849,19905867,[383231]
chr14,20004640,20004658,[383285]
chr14,20067152,20067171,[383303]
chr14,20091834,20091852,[383312]
chr14,20162882,20162901,[383340]
chr14,20368484,20368502,[383410]
chr14,20783093,20783111,[383544]
chr14,20861748,20861767,[383603]
chr14,20967466,20967484,[383646]
chr14,21032297,21032315,[383662]
chr14,21048032,21048050,[383669]
chr14,21091259,21091278,[383687]
chr14,21336199,21336217,[383746]
chr14,21336227,21336245,[383746]
chr14,21545350,21545368,[383795]
chr14,21559001,21559019,[383802]
chr14,21636100,21636119,[383828]
chr14,21680133,21680151,[383846]
chr14,21966356,21966374,[383929]
chr14,22007199,22007217,[383950]
chr14,22052549,22052567,[383965]
chr14,22085545,22085563,[383977]
chr14,22240409,22240427,[384023]
chr14,22286104,22286122,[384038]
chr14,22381278,22381296,[384055]
chr14,22396218,22396236,[384060]
chr14,22477837,22477855,[384082]
chr14,22937062,22937080,[384176]
chr14,23817052,23817070,[384272]
chr14,23966389,23966407,[384299]
chr14,24055750,24055768,[384315]
chr14,24093310,24093328,[384324]
chr14,24208078,24208096,[384360]
chr14,24358751,24358770,[384394]
chr14,24507604,24507622,[384420]
chr14,24659008,24659027,[384451]
chr14,24788153,24788172,[384484]
chr14,25001023,25001041,[384541]
chr14,25133541,25133559,[384584]
chr14,25186197,25186215,[384609]
chr14,25199886,25199905,[384616]
chr14,25312800,25312818,[384668]
chr14,25313256,25313275,[384670]
chr14,25519853,25519872,[384809]
chr14,25564814,25564833,[384851]
chr14,25791873,25791891,[385005]
chr14,26510761,26510780,[385104]
chr14,27172102,27172120,[385319]
chr14,27372090,27372108,[385444]
chr14,27381787,27381806,[385454]
chr14,27397551,27397569,[385465]
chr14,27873802,27873820,[385553]
chr14,28323700,28323718,[385596]
chr14,29997676,29997694,[385721]
chr14,30055018,30055036,[385761]
chr14,30095534,30095552,[385780]
chr14,30125928,30125947,[385795]
chr14,30138199,30138217,[385802]
chr14,30183657,30183675,[385816]
chr14,30429769,30429788,[385917]
chr14,30678803,30678821,[386034]
chr14,30732120,30732138,[386055]
chr14,30764696,30764714,[386063]
chr14,30865580,30865598,[386089]
chr14,30995151,30995169,[386129]
chr14,31696881,31696899,[386430]
chr14,31768808,31768826,[386444]
chr14,31854944,31854962,[386464]
chr14,31894170,31894189,[386468]
chr14,32099808,32099826,[386521]
chr14,32174085,32174104,[386540]
chr14,32174324,32174342,[386541]
chr14,32633223,32633241,[386644]
chr14,32704750,32704768,[386666]
chr14,32763589,32763608,[386688]
chr14,32957089,32957107,[386767]
chr14,33003616,33003635,[386792]
chr14,33057846,33057864,[386814]
chr14,33161719,33161737,[386865]
chr14,33334055,33334074,[386955]
chr14,33347953,33347971,[386964]
chr14,33521878,33521897,[387024]
chr14,33595573,33595592,[387041]
chr14,33746330,33746348,[387064]
chr14,33841547,33841566,[387085]
chr14,34107795,34107813,[387159]
chr14,34398598,34398616,[387242]
chr14,34411632,34411650,[387249]
chr14,34508642,34508660,[387277]
chr14,36248786,36248804,[387447]
chr14,36893292,36893310,[387536]
chr14,36950533,36950551,[387561]
chr14,36952989,36953008,[387564]
chr14,36954013,36954031,[387566]
chr14,40930238,40930256,[387765]
chr14,40986197,40986216,[387826]
chr14,41013382,41013400,[387835]
chr14,41115849,41115868,[387863]
chr14,43940358,43940376,[387896]
chr14,44023080,44023098,[387916]
chr14,45140445,45140463,[388083]
chr14,45173851,45173869,[388093]
chr14,45453514,45453533,[388175]
chr14,45478028,45478047,[388180]
chr14,45635608,45635626,[388220]
chr14,46808270,46808288,[388418]
chr14,46994905,46994923,[388491]
chr14,46999582,46999600,[388492]
chr14,47105533,47105551,[388538]
chr14,47259127,47259145,[388598]
chr14,47359897,47359915,[388642]
chr14,47445145,47445163,[388679]
chr14,47488794,47488812,[388691]
chr14,47529173,47529191,[388713]
chr14,47598300,47598318,[388734]
chr14,47735290,47735308,[388766]
chr14,47740733,47740752,[388771]
chr14,47744028,47744046,[388774]
chr14,47966794,47966812,[388839]
chr14,48054988,48055006,[388850]
chr14,48741095,48741113,[389041]
chr14,49116449,49116467,[389099]
chr14,50372220,50372239,[389176]
chr14,50898223,50898241,[389252]
chr14,50905500,50905518,[389256]
chr14,51140425,51140443,[389371]
chr14,51143361,51143379,[389373]
chr14,51229849,51229868,[389407]
chr14,51778075,51778093,[389452]
chr14,52081343,52081361,[389556]
chr14,52146236,52146254,[389583]
chr14,52267499,52267518,[389618]
chr14,54064808,54064826,[389898]
chr14,54178991,54179009,[389965]
chr14,54244296,54244314,[390027]
chr14,54417037,54417055,[390076]
chr14,54597297,54597315,[390158]
chr14,54617990,54618008,[390167]
chr14,54641487,54641505,[390174]
chr14,54715175,54715194,[390205]
chr14,54974307,54974325,[390290]
chr14,54997561,54997579,[390297]
chr14,55124410,55124428,[390351]
chr14,55387263,55387282,[390405]
chr14,55566017,55566035,[390448]
chr14,55613473,55613491,[390469]
chr14,55825342,55825360,[390580]
chr14,56091491,56091510,[390645]
chr14,56291416,56291435,[390684]
chr14,56520401,56520419,[390721]
chr14,56740311,56740329,[390755]
chr14,56847422,56847440,[390788]
chr14,57132853,57132871,[390846]
chr14,57140269,57140287,[390851]
chr14,57332755,57332774,[390888]
chr14,57611862,57611880,[390982]
chr14,57642630,57642648,[390987]
chr14,57666122,57666140,[390997]
chr14,57858872,57858890,[391073]
chr14,57859664,57859682,[391074]
chr14,58077750,58077768,[391141]
chr14,58282848,58282866,[391167]
chr14,59535059,59535077,[391334]
chr14,59647414,59647432,[391373]
chr14,59805448,59805466,[391408]
chr14,59890295,59890314,[391431]
chr14,59927903,59927921,[391436]
chr14,60287730,60287748,[391523]
chr14,60599071,60599089,[391614]
chr14,60645881,60645899,[391629]
chr14,60709069,60709087,[391654]
chr14,61634221,61634240,[391945]
chr14,61689217,61689235,[391986]
chr14,61696947,61696965,[391993]
chr14,61728646,61728665,[392006]
chr14,62605477,62605495,[392268]
chr14,62709115,62709133,[392288]
chr14,62808562,62808581,[392318]
chr14,62911960,62911978,[392378]
chr14,63086483,63086501,[392422]
chr14,63407398,63407416,[392538]
chr14,63422846,63422864,[392557]
chr14,63577546,63577565,[392606]
chr14,63777842,63777860,[392638]
chr14,63941781,63941799,[392691]
chr14,63983434,63983452,[392711]
chr14,64229434,64229452,[392811]
chr14,64382762,64382780,[392859]
chr14,64642664,64642682,[392930]
chr14,64685387,64685405,[392954]
chr14,64917335,64917354,[393067]
chr14,64930626,64930644,[393079]
chr14,64944019,64944037,[393082]
chr14,65262628,65262646,[393186]
chr14,65494461,65494480,[393247]
chr14,65574297,65574315,[393264]
chr14,65582290,65582308,[393265]
chr14,65665265,65665284,[393290]
chr14,65735121,65735139,[393306]
chr14,65989273,65989291,[393396]
chr14,66147995,66148013,[393425]
chr14,66179192,66179210,[393435]
chr14,66223858,66223876,[393465]
chr14,66228906,66228924,[393473]
chr14,66250348,66250367,[393490]
chr14,66266721,66266739,[393504]
chr14,66296049,66296067,[393521]
chr14,66989788,66989806,[393645]
chr14,67019992,67020010,[393659]
chr14,67359317,67359335,[393759]
chr14,67982506,67982524,[393912]
chr14,68934904,68934922,[394007]
chr14,69251527,69251545,[394102]
chr14,70061864,70061882,[394241]
chr14,70065647,70065665,[394244]
chr14,70143249,70143267,[394293]
chr14,70281342,70281360,[394367]
chr14,70791663,70791681,[394570]
chr14,70818006,70818024,[394585]
chr14,70832244,70832262,[394592]
chr14,71192942,71192960,[394732]
chr14,72583172,72583190,[394874]
chr14,72595678,72595696,[394881]
chr14,72597904,72597922,[394883]
chr14,72630168,72630186,[394893]
chr14,72783448,72783466,[394955]
chr14,72807498,72807516,[394961]
chr14,72825866,72825884,[394971]
chr14,73219569,73219587,[395140]
chr14,73227466,73227484,[395147]
chr14,73269434,73269452,[395169]
chr14,73281247,73281265,[395173]
chr14,73281274,73281292,[395173]
chr14,73374574,73374592,[395219]
chr14,73391568,73391587,[395238]
chr14,73398730,73398748,[395244]
chr14,73452933,73452951,[395279]
chr14,73525318,73525337,[395301]
chr14,73559529,73559547,[395308]
chr14,74700658,74700676,[395431]
chr14,74848355,74848373,[395474]
chr14,74852833,74852851,[395477]
chr14,74919472,74919491,[395534]
chr14,74960892,74960910,[395561]
chr14,75150476,75150494,[395654]
chr14,75445750,75445768,[395740]
chr14,75455007,75455025,[395742]
chr14,75572292,75572310,[395766]
chr14,75966346,75966365,[395871]
chr14,76323259,76323277,[395989]
chr14,76416450,76416468,[396026]
chr14,76518672,76518690,[396066]
chr14,76759596,76759614,[396205]
chr14,76821677,76821695,[396237]
chr14,76825471,76825489,[396239]
chr14,77017442,77017460,[396301]
chr14,77906058,77906076,[396539]
chr14,78108429,78108448,[396579]
chr14,78159677,78159695,[396580]
chr14,78384538,78384556,[396646]
chr14,78458386,78458404,[396679]
chr14,78526742,78526760,[396707]
chr14,78612660,78612678,[396737]
chr14,78681465,78681484,[396771]
chr14,78735008,78735027,[396805]
chr14,78800625,78800643,[396829]
chr14,78900499,78900517,[396859]
chr14,79123748,79123767,[396915]
chr14,79127252,79127271,[396918]
chr14,79318306,79318324,[397020]
chr14,79326900,79326918,[397022]
chr14,82685266,82685284,[397249]
chr14,82800944,82800963,[397255]
chr14,84258903,84258922,[397279]
chr14,86422175,86422193,[397394]
chr14,86453340,86453358,[397402]
chr14,86725558,86725576,[397446]
chr14,86727758,86727776,[397447]
chr14,86762728,86762746,[397468]
chr14,87088083,87088101,[397555]
chr14,87093822,87093840,[397559]
chr14,87127158,87127176,[397574]
chr14,87544909,87544927,[397662]
chr14,88085006,88085025,[397681]
chr14,88270525,88270543,[397684]
chr14,93317681,93317700,[397751]
chr14,93506178,93506196,[397761]
chr14,94084021,94084040,[397782]
chr14,94372509,94372527,[397789]
chr14,94728542,94728560,[397805]
chr14,97313712,97313730,[397866]
chr14,97851118,97851136,[397924]
chr14,97984400,97984418,[397934]
chr14,98396402,98396421,[397972]
chr14,98871127,98871145,[398025]
chr14,98874667,98874685,[398029]
chr14,98897949,98897967,[398038]
chr14,99237298,99237316,[398110]
chr14,100180033,100180051,[398284]
chr14,100180103,100180121,[398284]
chr14,100726352,100726370,[398360]
chr14,101477925,101477943,[398433]
chr14,101482389,101482408,[398438]
chr14,101782224,101782242,[398552]
chr14,102867678,102867696,[398747]
chr14,103034387,103034405,[398828]
chr14,103080436,103080454,[398851]
chr14,103093738,103093756,[398857]
chr14,103285870,103285888,[398897]
chr14,103363024,103363042,[398919]
chr14,103450863,103450881,[398947]
chr14,103475496,103475515,[398962]
chr14,103830998,103831017,[399099]
chr14,103994048,103994067,[399160]
chr14,104350060,104350078,[399181]
chr14,104463769,104463788,[399192]
chr14,104853320,104853339,[399251]
chr14,105024544,105024562,[399265]
chr14,105192163,105192181,[399302]
chr14,105220188,105220206,[399304]
chr14,105272716,105272735,[399323]
chr14,105296310,105296328,[399333]
chr14,105427548,105427566,[399375]
chr14,105643567,105643585,[399456]
chr14,105741041,105741059,[399493]
chr14,105804784,105804802,[399506]
chr14,106500877,106500896,[399614]
chr14,112313855,112313873,[399716]
chr14,115057635,115057654,[399737]
chr14,115206175,115206193,[399765]
chr14,115261543,115261561,[399777]
chr14,115407591,115407609,[399805]
chr14,117132600,117132618,[399865]
chr14,117203819,117203838,[399869]
chr14,117764793,117764811,[399939]
chr14,117816299,117816317,[399955]
chr14,118004702,118004720,[399994]
chr14,118231512,118231530,[400058]
chr14,118259366,118259384,[400070]
chr14,118392074,118392092,[400098]
chr14,118564662,118564680,[400148]
chr14,118605087,118605105,[400162]
chr14,118638970,118638988,[400176]
chr14,118700172,118700190,[400219]
chr14,118982775,118982793,[400374]
chr14,119007725,119007743,[400386]
chr14,119013205,119013223,[400388]
chr14,119126248,119126267,[400411]
chr14,120159106,120159124,[400526]
chr14,120233319,120233337,[400534]
chr14,120300821,120300839,[400582]
chr14,120302999,120303017,[400583]
chr14,120491628,120491646,[400698]
chr14,120542718,120542736,[400727]
chr14,120595588,120595607,[400744]
chr14,120695138,120695156,[400774]
chr14,120805441,120805460,[400801]
chr14,120837411,120837430,[400817]
chr14,120841126,120841145,[400818]
chr14,121112390,121112408,[400913]
chr14,121120068,121120086,[400918]
chr14,121654653,121654671,[401222]
chr14,121694354,121694372,[401245]
chr14,121702635,121702653,[401254]
chr14,121728249,121728268,[401275]
chr14,121854909,121854927,[401329]
chr14,121917092,121917110,[401379]
chr14,121982424,121982442,[401441]
chr14,122047919,122047938,[401509]
chr14,122485096,122485114,[401677]
chr14,122572569,122572588,[401691]
chr14,122582911,122582929,[401697]
chr14,122683725,122683744,[401724]
chr14,122759408,122759426,[401757]
chr14,122784539,122784557,[401765]
chr14,122794438,122794457,[401770]
chr14,122836464,122836482,[401781]
chr14,123240374,123240392,[401866]
chr14,123990945,123990963,[401886]
chr15,3174593,3174611,[401912]
chr15,3982823,3982841,[402019]
chr15,3983105,3983123,[402020]
chr15,4042168,4042186,[402045]
chr15,5184964,5184982,[402167]
chr15,5237389,5237407,[402194]
chr15,5281540,5281558,[402216]
chr15,5298939,5298957,[402224]
chr15,5311698,5311717,[402230]
chr15,5462301,5462319,[402281]
chr15,6119950,6119968,[402439]
chr15,6264675,6264693,[402460]
chr15,6360290,6360309,[402485]
chr15,6402934,6402952,[402499]
chr15,6603713,6603731,[402573]
chr15,6858957,6858975,[402636]
chr15,7154510,7154528,[402747]
chr15,7168380,7168398,[402754]
chr15,7941649,7941668,[402842]
chr15,8065564,8065582,[402877]
chr15,8131897,8131915,[402889]
chr15,8430768,8430786,[402951]
chr15,8460064,8460083,[402972]
chr15,8596562,8596580,[402994]
chr15,8896607,8896625,[403068]
chr15,9123597,9123615,[403100]
chr15,9135238,9135256,[403109]
chr15,9435816,9435834,[403136]
chr15,9576969,9576988,[403208]
chr15,9581026,9581044,[403213]
chr15,10312043,10312061,[403355]
chr15,10642612,10642630,[403414]
chr15,10696072,10696090,[403437]
chr15,11295170,11295188,[403538]
chr15,11915596,11915615,[403635]
chr15,11957525,11957544,[403637]
chr15,12010879,12010897,[403669]
chr15,12052009,12052027,[403691]
chr15,12068853,12068872,[403701]
chr15,12139260,12139279,[403730]
chr15,12214818,12214836,[403757]
chr15,12501181,12501199,[403910]
chr15,12502891,12502909,[403913]
chr15,13474502,13474520,[404119]
chr15,15596687,15596705,[404149]
chr15,17093567,17093585,[404176]
chr15,17369721,17369739,[404184]
chr15,21243115,21243134,[404281]
chr15,24589115,24589134,[404310]
chr15,25027348,25027366,[404319]
chr15,25216177,25216195,[404339]
chr15,25332276,25332294,[404388]
chr15,25365465,25365483,[404400]
chr15,25502618,25502636,[404476]
chr15,25546340,25546358,[404495]
chr15,25572532,25572550,[404511]
chr15,25645918,25645936,[404555]
chr15,25723894,25723912,[404598]
chr15,25740411,25740429,[404607]
chr15,25788603,25788621,[404634]
chr15,25862095,25862113,[404678]
chr15,25878000,25878018,[404690]
chr15,25949153,25949171,[404752]
chr15,27064082,27064100,[404859]
chr15,27495297,27495315,[404933]
chr15,27564623,27564641,[404982]
chr15,27596155,27596173,[405006]
chr15,27627566,27627584,[405031]
chr15,27697745,27697764,[405077]
chr15,27724196,27724215,[405092]
chr15,27724892,27724910,[405094]
chr15,27774983,27775001,[405125]
chr15,27778477,27778495,[405128]
chr15,27783145,27783163,[405132]
chr15,27941165,27941183,[405234]
chr15,27949778,27949796,[405238]
chr15,27952293,27952311,[405239]
chr15,27998766,27998784,[405279]
chr15,28007463,28007481,[405285]
chr15,29051459,29051477,[405390]
chr15,30364584,30364602,[405436]
chr15,30518048,30518066,[405459]
chr15,30605995,30606013,[405476]
chr15,30697621,30697639,[405518]
chr15,30741015,30741033,[405527]
chr15,30743000,30743018,[405529]
chr15,31045056,31045075,[405565]
chr15,31238866,31238885,[405630]
chr15,31248753,31248771,[405638]
chr15,31447365,31447383,[405761]
chr15,31517336,31517354,[405793]
chr15,31587628,31587647,[405836]
chr15,31648723,31648741,[405865]
chr15,31805642,31805660,[405879]
chr15,32619396,32619414,[405950]
chr15,33427027,33427045,[406007]
chr15,33644213,33644231,[406029]
chr15,34097679,34097698,[406093]
chr15,34138290,34138308,[406101]
chr15,34383385,34383404,[406186]
chr15,34385303,34385321,[406188]
chr15,34389076,34389094,[406190]
chr15,34397509,34397527,[406194]
chr15,34490751,34490769,[406227]
chr15,34905590,34905608,[406278]
chr15,34915818,34915836,[406282]
chr15,34920310,34920328,[406283]
chr15,35020988,35021006,[406300]
chr15,35420990,35421008,[406372]
chr15,35486317,35486335,[406386]
chr15,35529633,35529651,[406399]
chr15,35807033,35807051,[406458]
chr15,35822363,35822381,[406461]
chr15,35915250,35915268,[406482]
chr15,35969803,35969821,[406499]
chr15,36087645,36087663,[406515]
chr15,36364188,36364206,[406610]
chr15,36415327,36415346,[406632]
chr15,36416075,36416093,[406634]
chr15,36578113,36578131,[406714]
chr15,36580686,36580704,[406716]
chr15,36614772,36614791,[406728]
chr15,36668183,36668202,[406757]
chr15,36750981,36750999,[406787]
chr15,36767048,36767066,[406799]
chr15,37036864,37036882,[406935]
chr15,37231671,37231689,[406959]
chr15,37364025,37364043,[407005]
chr15,37419049,37419067,[407015]
chr15,37461302,37461320,[407032]
chr15,37679716,37679734,[407072]
chr15,38000803,38000821,[407166]
chr15,38310362,38310380,[407281]
chr15,38434147,38434165,[407339]
chr15,38508192,38508210,[407357]
chr15,38644510,38644529,[407422]
chr15,38672459,38672477,[407441]
chr15,38682645,38682663,[407442]
chr15,38900752,38900771,[407461]
chr15,39023256,39023274,[407490]
chr15,39354970,39354989,[407546]
chr15,39661753,39661771,[407562]
chr15,39901369,39901387,[407623]
chr15,39905570,39905588,[407626]
chr15,39960358,39960376,[407650]
chr15,41079838,41079857,[407759]
chr15,41307162,41307180,[407775]
chr15,41330340,41330359,[407780]
chr15,41825447,41825466,[407904]
chr15,41832642,41832660,[407909]
chr15,42119870,42119888,[407966]
chr15,42417734,42417752,[408007]
chr15,42642294,42642312,[408075]
chr15,42669566,42669584,[408082]
chr15,43477690,43477708,[408179]
chr15,44637294,44637312,[408286]
chr15,48411866,48411885,[408363]
chr15,49898925,49898943,[408433]
chr15,50235705,50235724,[408465]
chr15,50694332,50694350,[408547]
chr15,50974509,50974528,[408642]
chr15,50993641,50993660,[408645]
chr15,51071058,51071077,[408653]
chr15,51570721,51570740,[408694]
chr15,51724416,51724434,[408734]
chr15,51803324,51803342,[408772]
chr15,51916353,51916371,[408821]
chr15,51965992,51966010,[408836]
chr15,51966068,51966087,[408836]
chr15,52318151,52318169,[408860]
chr15,52505612,52505630,[408873]
chr15,52945326,52945344,[408955]
chr15,52945376,52945394,[408955]
chr15,52966812,52966830,[408961]
chr15,53002172,53002190,[408964]
chr15,53073817,53073835,[408969]
chr15,53120514,53120532,[408988]
chr15,53143298,53143316,[409005]
chr15,53171567,53171585,[409018]
chr15,53519779,53519797,[409182]
chr15,53653407,53653425,[409218]
chr15,54807453,54807471,[409333]
chr15,54931628,54931646,[409353]
chr15,55135641,55135659,[409405]
chr15,55206774,55206792,[409429]
chr15,55224365,55224383,[409438]
chr15,55449177,55449195,[409506]
chr15,55516434,55516452,[409526]
chr15,55593614,55593632,[409548]
chr15,55634880,55634898,[409554]
chr15,55829192,55829211,[409605]
chr15,55835533,55835551,[409608]
chr15,55848448,55848466,[409620]
chr15,56244564,56244582,[409687]
chr15,57187984,57188002,[409736]
chr15,57859688,57859706,[409856]
chr15,57883843,57883861,[409867]
chr15,57987385,57987403,[409906]
chr15,58145465,58145483,[409964]
chr15,58553076,58553094,[410093]
chr15,58655381,58655400,[410132]
chr15,58701495,58701513,[410154]
chr15,58731208,58731227,[410162]
chr15,58803172,58803191,[410192]
chr15,58888488,58888507,[410224]
chr15,58980503,58980521,[410263]
chr15,59055084,59055102,[410320]
chr15,59065513,59065531,[410331]
chr15,59071224,59071243,[410334]
chr15,59102467,59102486,[410356]
chr15,59106211,59106229,[410360]
chr15,59248448,59248466,[410397]
chr15,59435934,59435952,[410472]
chr15,59471015,59471033,[410490]
chr15,59529071,59529089,[410532]
chr15,59567739,59567757,[410560]
chr15,59936695,59936713,[410769]
chr15,60102130,60102148,[410796]
chr15,60130838,60130856,[410811]
chr15,60615658,60615676,[410834]
chr15,60833980,60833998,[410875]
chr15,61413650,61413668,[410952]
chr15,61481683,61481702,[410976]
chr15,61935766,61935785,[411035]
chr15,62108354,62108373,[411114]
chr15,62165366,62165384,[411157]
chr15,62314787,62314805,[411234]
chr15,62328449,62328467,[411238]
chr15,62432188,62432206,[411281]
chr15,62482474,62482492,[411300]
chr15,62546931,62546949,[411309]
chr15,62871554,62871572,[411374]
chr15,63423123,63423141,[411439]
chr15,63463882,63463900,[411442]
chr15,63616733,63616751,[411477]
chr15,63648272,63648290,[411484]
chr15,64050266,64050284,[411620]
chr15,64092750,64092768,[411654]
chr15,64227421,64227439,[411743]
chr15,64242031,64242050,[411752]
chr15,64266735,64266753,[411775]
chr15,64313342,64313360,[411807]
chr15,64448800,64448818,[411868]
chr15,65632645,65632664,[411938]
chr15,66084127,66084146,[411988]
chr15,66192691,66192709,[412011]
chr15,66244991,66245010,[412017]
chr15,66673029,66673048,[412100]
chr15,66715702,66715721,[412123]
chr15,66722939,66722957,[412130]
chr15,66727680,66727698,[412132]
chr15,66828015,66828034,[412217]
chr15,66920451,66920469,[412273]
chr15,67068202,67068221,[412360]
chr15,67149838,67149856,[412421]
chr15,67162723,67162742,[412432]
chr15,67398205,67398223,[412525]
chr15,67813874,67813893,[412602]
chr15,67876229,67876247,[412607]
chr15,67903763,67903781,[412614]
chr15,67996690,67996708,[412634]
chr15,68058941,68058959,[412643]
chr15,68222931,68222949,[412697]
chr15,68347327,68347345,[412739]
chr15,68624948,68624966,[412782]
chr15,69001632,69001650,[412832]
chr15,69615444,69615462,[412907]
chr15,69639452,69639471,[412916]
chr15,71889561,71889580,[412956]
chr15,72010315,72010334,[412967]
chr15,72767766,72767785,[413023]
chr15,72775823,72775841,[413028]
chr15,72946016,72946035,[413103]
chr15,73118260,73118278,[413162]
chr15,73149828,73149846,[413184]
chr15,73222822,73222840,[413231]
chr15,73268859,73268877,[413244]
chr15,73506356,73506375,[413324]
chr15,73571231,73571249,[413361]
chr15,73581264,73581283,[413365]
chr15,73620428,73620446,[413393]
chr15,73640767,73640785,[413410]
chr15,73784999,73785017,[413500]
chr15,74467943,74467962,[413663]
chr15,74737992,74738010,[413735]
chr15,74918672,74918690,[413795]
chr15,74920835,74920853,[413800]
chr15,75632869,75632887,[413928]
chr15,75727876,75727895,[413963]
chr15,76317391,76317409,[414212]
chr15,76552984,76553002,[414293]
chr15,76645475,76645493,[414322]
chr15,76802490,76802508,[414388]
chr15,76822989,76823008,[414398]
chr15,77176546,77176564,[414480]
chr15,77464619,77464637,[414512]
chr15,77832306,77832324,[414612]
chr15,77837884,77837902,[414621]
chr15,77875995,77876013,[414649]
chr15,78155669,78155687,[414695]
chr15,78391052,78391070,[414800]
chr15,78434864,78434882,[414825]
chr15,78502150,78502168,[414864]
chr15,78516097,78516116,[414875]
chr15,78683790,78683808,[414970]
chr15,78730736,78730755,[414995]
chr15,78815354,78815372,[415030]
chr15,79383716,79383734,[415252]
chr15,79577980,79577998,[415324]
chr15,79899779,79899797,[415381]
chr15,79903942,79903971,[415385]
chr15,80007359,80007377,[415430]
chr15,80018635,80018653,[415444]
chr15,80187029,80187047,[415523]
chr15,80513827,80513845,[415607]
chr15,80613907,80613928,[415667]
chr15,80888517,80888536,[415789]
chr15,80941578,80941596,[415814]
chr15,81045738,81045756,[415858]
chr15,81064444,81064462,[415867]
chr15,81137551,81137569,[415909]
chr15,81137589,81137607,[415909]
chr15,81167923,81167941,[415920]
chr15,81355516,81355535,[415973]
chr15,81416588,81416606,[415988]
chr15,82162211,82162229,[416198]
chr15,82976171,82976189,[416384]
chr15,83009188,83009206,[416401]
chr15,83400567,83400585,[416562]
chr15,83499255,83499273,[416628]
chr15,83570881,83570900,[416668]
chr15,83602623,83602653,[416679]
chr15,84393476,84393494,[416915]
chr15,84719897,84719916,[417062]
chr15,84727880,84727898,[417067]
chr15,84952214,84952232,[417129]
chr15,85012927,85012945,[417165]
chr15,85418915,85418933,[417277]
chr15,85551404,85551422,[417307]
chr15,85792114,85792132,[417402]
chr15,85909764,85909782,[417442]
chr15,85913741,85913759,[417446]
chr15,86001555,86001574,[417489]
chr15,86060892,86060911,[417539]
chr15,86355207,86355226,[417745]
chr15,87675884,87675903,[417880]
chr15,87862716,87862734,[417886]
chr15,88555739,88555757,[417938]
chr15,88844529,88844547,[418023]
chr15,89076005,89076023,[418084]
chr15,89101396,89101414,[418098]
chr15,90224117,90224136,[418302]
chr15,90306843,90306861,[418314]
chr15,91056308,91056326,[418370]
chr15,91623310,91623328,[418476]
chr15,92138449,92138467,[418569]
chr15,93161562,93161581,[418676]
chr15,93288877,93288895,[418721]
chr15,93366825,93366843,[418758]
chr15,93561636,93561654,[418826]
chr15,93583316,93583334,[418832]
chr15,93592114,93592132,[418834]
chr15,93699031,93699049,[418858]
chr15,93910413,93910431,[418910]
chr15,94205765,94205784,[418968]
chr15,94240274,94240292,[418987]
chr15,94403811,94403829,[419012]
chr15,94683879,94683898,[419094]
chr15,95773591,95773610,[419152]
chr15,95824069,95824087,[419184]
chr15,95850744,95850762,[419202]
chr15,96308658,96308676,[419345]
chr15,96468516,96468534,[419391]
chr15,96486603,96486621,[419401]
chr15,96566216,96566234,[419426]
chr15,96757103,96757121,[419523]
chr15,96848287,96848305,[419555]
chr15,97206071,97206089,[419605]
chr15,97429446,97429464,[419719]
chr15,97431686,97431704,[419721]
chr15,97680673,97680692,[419795]
chr15,98484128,98484146,[420055]
chr15,98640421,98640439,[420136]
chr15,99122897,99122915,[420362]
chr15,99153690,99153708,[420372]
chr15,99326559,99326577,[420431]
chr15,99455044,99455062,[420503]
chr15,99788028,99788046,[420623]
chr15,100048394,100048412,[420722]
chr15,100060773,100060792,[420729]
chr15,100182196,100182214,[420789]
chr15,100630347,100630365,[420900]
chr15,101181880,101181898,[421136]
chr15,101225109,101225128,[421159]
chr15,101309731,101309749,[421224]
chr15,101369663,101369681,[421269]
chr15,101587658,101587677,[421374]
chr15,101632707,101632725,[421379]
chr15,102091986,102092004,[421508]
chr15,102198998,102199016,[421561]
chr15,102286487,102286505,[421620]
chr15,102352304,102352322,[421638]
chr15,102364964,102364982,[421646]
chr15,102617734,102617752,[421722]
chr15,103100745,103100763,[421838]
chr15,103215079,103215097,[421884]
chr15,103284160,103284178,[421907]
chr16,4038968,4038986,[422176]
chr16,4206389,4206407,[422223]
chr16,4455874,4455892,[422287]
chr16,4464601,4464619,[422292]
chr16,4584607,4584625,[422341]
chr16,4718057,4718076,[422413]
chr16,4765959,4765978,[422441]
chr16,4773448,4773466,[422444]
chr16,5043344,5043363,[422554]
chr16,5113923,5113942,[422586]
chr16,5184466,5184484,[422609]
chr16,5351975,5351994,[422648]
chr16,5358048,5358066,[422653]
chr16,5545187,5545205,[422751]
chr16,5570738,5570757,[422753]
chr16,5662461,5662479,[422773]
chr16,6741705,6741724,[422853]
chr16,7081542,7081560,[422874]
chr16,7490798,7490816,[422925]
chr16,8714917,8714935,[423104]
chr16,8730788,8730807,[423117]
chr16,8731307,8731325,[423118]
chr16,8823960,8823978,[423160]
chr16,10298275,10298293,[423269]
chr16,10320755,10320773,[423283]
chr16,10358259,10358277,[423298]
chr16,10528771,10528790,[423406]
chr16,10567335,10567353,[423429]
chr16,10691563,10691581,[423496]
chr16,10812348,10812366,[423570]
chr16,10816190,10816209,[423575]
chr16,10909827,10909845,[423635]
chr16,11177652,11177670,[423761]
chr16,11418370,11418388,[423840]
chr16,11474933,11474951,[423878]
chr16,11501135,11501154,[423893]
chr16,11581063,11581081,[423940]
chr16,11623321,11623339,[423953]
chr16,11640372,11640391,[423968]
chr16,11870207,11870225,[424052]
chr16,11940688,11940706,[424071]
chr16,12872338,12872356,[424159]
chr16,12956581,12956599,[424183]
chr16,13367227,13367245,[424294]
chr16,13532974,13532992,[424338]
chr16,13637674,13637693,[424364]
chr16,13699246,13699264,[424381]
chr16,13742962,13742980,[424399]
chr16,13846214,13846232,[424428]
chr16,13986591,13986609,[424454]
chr16,13994474,13994492,[424458]
chr16,13994535,13994553,[424458]
chr16,14227779,14227797,[424511]
chr16,14308800,14308819,[424544]
chr16,14379949,14379967,[424572]
chr16,14894832,14894850,[424622]
chr16,15712176,15712194,[424679]
chr16,15884421,15884439,[424705]
chr16,16008122,16008140,[424748]
chr16,16351592,16351610,[424811]
chr16,17144461,17144479,[424983]
chr16,17561404,17561422,[425088]
chr16,18144451,18144469,[425251]
chr16,18154042,18154061,[425255]
chr16,18265277,18265295,[425304]
chr16,18423882,18423900,[425369]
chr16,18426019,18426037,[425372]
chr16,18443506,18443524,[425375]
chr16,18501662,18501680,[425403]
chr16,18753222,18753240,[425492]
chr16,19064994,19065013,[425555]
chr16,19854633,19854652,[425636]
chr16,19912649,19912667,[425653]
chr16,19972872,19972890,[425678]
chr16,20089884,20089902,[425724]
chr16,20126612,20126631,[425740]
chr16,20827383,20827401,[425946]
chr16,21729741,21729759,[426195]
chr16,21835851,21835869,[426231]
chr16,22388023,22388042,[426395]
chr16,22545138,22545156,[426464]
chr16,22600241,22600260,[426483]
chr16,22618115,22618134,[426490]
chr16,22938671,22938689,[426593]
chr16,22953335,22953354,[426597]
chr16,23144468,23144486,[426639]
chr16,23305801,23305819,[426764]
chr16,23414335,23414353,[426819]
chr16,23449911,23449929,[426826]
chr16,23671613,23671632,[426877]
chr16,24062893,24062911,[426976]
chr16,24199957,24199975,[427062]
chr16,24202974,24202992,[427066]
chr16,24212947,24212965,[427076]
chr16,24225334,24225353,[427086]
chr16,24281224,24281242,[427112]
chr16,24468144,24468162,[427198]
chr16,24570838,24570857,[427241]
chr16,24575997,24576015,[427244]
chr16,24576060,24576078,[427244]
chr16,24659218,24659236,[427305]
chr16,24704867,24704885,[427313]
chr16,24886733,24886751,[427377]
chr16,24974952,24974970,[427426]
chr16,24976961,24976979,[427427]
chr16,25011538,25011556,[427437]
chr16,25024599,25024617,[427442]
chr16,25052461,25052479,[427459]
chr16,25140630,25140648,[427478]
chr16,25238404,25238422,[427488]
chr16,25398202,25398220,[427513]
chr16,25619085,25619103,[427551]
chr16,25701418,25701436,[427556]
chr16,26082913,26082932,[427626]
chr16,26702674,26702692,[427727]
chr16,26728201,26728219,[427741]
chr16,26744993,26745012,[427746]
chr16,27436753,27436772,[427822]
chr16,28238519,28238537,[427839]
chr16,28616777,28616795,[427868]
chr16,28898537,28898555,[427900]
chr16,28944743,28944761,[427924]
chr16,28984058,28984076,[427928]
chr16,29455070,29455088,[427951]
chr16,29847904,29847922,[428048]
chr16,29893903,29893921,[428070]
chr16,29919729,29919747,[428081]
chr16,30036645,30036663,[428142]
chr16,30331223,30331241,[428285]
chr16,30331306,30331324,[428285]
chr16,30378110,30378128,[428291]
chr16,30424038,30424059,[428312]
chr16,30745974,30745993,[428466]
chr16,30870829,30870848,[428521]
chr16,30984198,30984217,[428576]
chr16,31004373,31004392,[428591]
chr16,31022453,31022471,[428600]
chr16,31076644,31076663,[428641]
chr16,31159318,31159336,[428658]
chr16,31176374,31176393,[428667]
chr16,31186650,31186668,[428672]
chr16,31532649,31532668,[428776]
chr16,31766863,31766881,[428839]
chr16,32063152,32063171,[428903]
chr16,32108677,32108696,[428935]
chr16,32232985,32233003,[429003]
chr16,32336695,32336713,[429023]
chr16,32687451,32687469,[429147]
chr16,32854301,32854319,[429211]
chr16,32935167,32935185,[429240]
chr16,33242071,33242090,[429350]
chr16,33355950,33355969,[429394]
chr16,33449423,33449442,[429435]
chr16,33476996,33477014,[429443]
chr16,33642580,33642598,[429489]
chr16,33685505,33685523,[429505]
chr16,33776971,33776990,[429564]
chr16,33785254,33785272,[429569]
chr16,34304082,34304100,[429755]
chr16,34526627,34526645,[429822]
chr16,34566094,34566112,[429836]
chr16,34637569,34637587,[429849]
chr16,34682022,34682040,[429867]
chr16,34746128,34746146,[429883]
chr16,34753169,34753188,[429885]
chr16,34797260,34797278,[429904]
chr16,34829662,34829681,[429912]
chr16,34854069,34854087,[429923]
chr16,34864907,34864925,[429927]
chr16,34878284,34878302,[429931]
chr16,35122018,35122036,[430036]
chr16,35440028,35440046,[430140]
chr16,35815324,35815342,[430260]
chr16,36930474,36930492,[430551]
chr16,36947717,36947736,[430566]
chr16,36947747,36947765,[430566]
chr16,37847691,37847709,[430703]
chr16,37851588,37851606,[430705]
chr16,37879036,37879054,[430726]
chr16,37910089,37910107,[430731]
chr16,37934285,37934303,[430739]
chr16,38131682,38131701,[430815]
chr16,38200396,38200414,[430841]
chr16,38248789,38248808,[430853]
chr16,38354621,38354639,[430890]
chr16,38374647,38374666,[430907]
chr16,38443828,38443847,[430951]
chr16,38568293,38568311,[431015]
chr16,38568466,38568484,[431015]
chr16,38682326,38682344,[431061]
chr16,38711483,38711501,[431079]
chr16,38807951,38807970,[431119]
chr16,39049002,39049020,[431142]
chr16,39327547,39327565,[431168]
chr16,40290273,40290291,[431185]
chr16,42180322,42180340,[431244]
chr16,42231533,42231551,[431252]
chr16,42269313,42269331,[431256]
chr16,43072980,43072998,[431340]
chr16,43176456,43176474,[431355]
chr16,43276037,43276055,[431372]
chr16,43303475,43303493,[431381]
chr16,43335411,43335429,[431389]
chr16,43338523,43338542,[431392]
chr16,43385927,43385945,[431415]
chr16,43407629,43407647,[431425]
chr16,43522329,43522347,[431491]
chr16,43540109,43540127,[431499]
chr16,43811497,43811516,[431599]
chr16,43811554,43811572,[431599]
chr16,43850613,43850631,[431613]
chr16,43935064,43935082,[431629]
chr16,44149655,44149673,[431700]
chr16,44212772,44212790,[431724]
chr16,44238915,44238933,[431733]
chr16,44271508,44271526,[431746]
chr16,44294160,44294179,[431750]
chr16,44386766,44386784,[431789]
chr16,44497595,44497613,[431819]
chr16,44976227,44976245,[431955]
chr16,45088955,45088973,[432014]
chr16,45220986,45221004,[432071]
chr16,45223089,45223108,[432073]
chr16,45223754,45223772,[432074]
chr16,45335134,45335152,[432119]
chr16,45435317,45435335,[432165]
chr16,45548289,45548307,[432178]
chr16,46148443,46148461,[432383]
chr16,46526169,46526187,[432432]
chr16,46777872,46777891,[432445]
chr16,48327368,48327387,[432485]
chr16,48644425,48644444,[432553]
chr16,48672385,48672403,[432561]
chr16,48769519,48769537,[432590]
chr16,48786323,48786341,[432601]
chr16,48871909,48871928,[432642]
chr16,48987039,48987057,[432659]
chr16,48989868,48989886,[432660]
chr16,48993110,48993128,[432662]
chr16,49045776,49045795,[432673]
chr16,49504330,49504348,[432740]
chr16,49769907,49769925,[432810]
chr16,49859006,49859024,[432882]
chr16,49875212,49875230,[432900]
chr16,49892627,49892645,[432915]
chr16,49937696,49937714,[432958]
chr16,49938118,49938137,[432960]
chr16,50026384,50026403,[433005]
chr16,50351262,50351280,[433109]
chr16,50477898,50477916,[433158]
chr16,50688669,50688687,[433217]
chr16,50788922,50788940,[433246]
chr16,50872267,50872285,[433255]
chr16,51050856,51050874,[433270]
chr16,51314868,51314887,[433285]
chr16,51888659,51888677,[433371]
chr16,52045180,52045198,[433427]
chr16,52088634,52088652,[433459]
chr16,52143067,52143085,[433491]
chr16,52301972,52301990,[433534]
chr16,53063187,53063205,[433644]
chr16,55163220,55163239,[433687]
chr16,55208819,55208837,[433689]
chr16,55623495,55623513,[433758]
chr16,55637396,55637415,[433769]
chr16,55710287,55710305,[433776]
chr16,55728773,55728791,[433784]
chr16,55939802,55939821,[433909]
chr16,55994298,55994317,[433936]
chr16,56076387,56076405,[433956]
chr16,56081921,56081940,[433957]
chr16,56386650,56386669,[433993]
chr16,56451611,56451629,[433996]
chr16,56452038,56452056,[433997]
chr16,56562539,56562557,[434026]
chr16,56850638,56850656,[434071]
chr16,56920587,56920605,[434085]
chr16,57183972,57183990,[434120]
chr16,57247157,57247176,[434144]
chr16,57313668,57313686,[434171]
chr16,57317953,57317971,[434173]
chr16,57585277,57585295,[434331]
chr16,58257217,58257235,[434391]
chr16,58281792,58281810,[434392]
chr16,58482916,58482935,[434437]
chr16,58687225,58687243,[434506]
chr16,62729809,62729827,[434726]
chr16,63159606,63159624,[434812]
chr16,63287818,63287836,[434817]
chr16,63863342,63863360,[434840]
chr16,64800540,64800558,[434898]
chr16,64801027,64801045,[434899]
chr16,64836332,64836351,[434912]
chr16,64881328,64881346,[434939]
chr16,64884234,64884252,[434941]
chr16,64945405,64945423,[434970]
chr16,65144486,65144504,[435007]
chr16,65433500,65433518,[435057]
chr16,65533511,65533529,[435081]
chr16,65569260,65569278,[435097]
chr16,65629370,65629388,[435108]
chr16,67431523,67431542,[435161]
chr16,69824836,69824854,[435201]
chr16,69980204,69980222,[435217]
chr16,70350289,70350308,[435263]
chr16,70395353,70395371,[435277]
chr16,70868439,70868458,[435313]
chr16,72784133,72784151,[435377]
chr16,74072486,74072504,[435475]
chr16,75293276,75293294,[435541]
chr16,75779127,75779146,[435607]
chr16,75903516,75903534,[435669]
chr16,75926897,75926915,[435684]
chr16,75934256,75934274,[435693]
chr16,76110219,76110238,[435746]
chr16,76110953,76110971,[435748]
chr16,76130468,76130486,[435756]
chr16,76183328,76183346,[435763]
chr16,76218529,76218547,[435781]
chr16,76422658,76422677,[435912]
chr16,76449282,76449300,[435930]
chr16,76538394,76538412,[435954]
chr16,76600224,76600242,[435984]
chr16,76763176,76763195,[436018]
chr16,76786670,76786688,[436027]
chr16,77330402,77330420,[436144]
chr16,77379821,77379840,[436154]
chr16,78261790,78261808,[436284]
chr16,78349942,78349960,[436320]
chr16,78500938,78500957,[436369]
chr16,81366063,81366082,[436519]
chr16,81450940,81450958,[436529]
chr16,81869555,81869574,[436548]
chr16,84804969,84804988,[436671]
chr16,85063415,85063433,[436743]
chr16,85147652,85147671,[436787]
chr16,85270576,85270594,[436813]
chr16,85504009,85504027,[436840]
chr16,87130994,87131012,[436961]
chr16,87225144,87225162,[436965]
chr16,87284884,87284902,[436978]
chr16,87307204,87307222,[436980]
chr16,87772650,87772668,[437182]
chr16,88360023,88360041,[437225]
chr16,88813996,88814014,[437253]
chr16,89785996,89786015,[437297]
chr16,89795060,89795078,[437303]
chr16,89801599,89801618,[437309]
chr16,89887670,89887688,[437362]
chr16,90046537,90046555,[437460]
chr16,90455375,90455393,[437649]
chr16,90530362,90530380,[437679]
chr16,90892265,90892283,[437777]
chr16,90911425,90911444,[437783]
chr16,90934901,90934920,[437791]
chr16,90984477,90984496,[437799]
chr16,91030874,91030892,[437823]
chr16,91097763,91097781,[437851]
chr16,91106339,91106358,[437853]
chr16,91217377,91217396,[437867]
chr16,91271396,91271414,[437891]
chr16,91352170,91352188,[437911]
chr16,91435449,91435467,[437970]
chr16,91461791,91461809,[437997]
chr16,91596605,91596623,[438049]
chr16,91739250,91739269,[438105]
chr16,91904411,91904429,[438195]
chr16,92038304,92038322,[438238]
chr16,92060338,92060356,[438251]
chr16,92349864,92349882,[438317]
chr16,92357755,92357773,[438320]
chr16,92538571,92538589,[438395]
chr16,92539643,92539661,[438396]
chr16,92609673,92609691,[438427]
chr16,92701973,92701991,[438477]
chr16,92749751,92749769,[438504]
chr16,92786587,92786605,[438533]
chr16,92793046,92793065,[438538]
chr16,92896751,92896770,[438604]
chr16,93006599,93006617,[438649]
chr16,93439814,93439832,[438808]
chr16,93533868,93533887,[438823]
chr16,93747024,93747042,[438872]
chr16,93903250,93903268,[438938]
chr16,93973851,93973870,[438972]
chr16,94021356,94021374,[438987]
chr16,94230570,94230589,[439074]
chr16,94332122,94332140,[439121]
chr16,94347290,94347308,[439124]
chr16,94350085,94350104,[439127]
chr16,94401903,94401921,[439153]
chr16,94501838,94501857,[439175]
chr16,94525924,94525942,[439190]
chr16,94604575,94604593,[439253]
chr16,94625231,94625249,[439264]
chr16,94637752,94637770,[439274]
chr16,94687197,94687215,[439300]
chr16,94956692,94956710,[439351]
chr16,95430816,95430834,[439514]
chr16,95704909,95704927,[439612]
chr16,95723246,95723264,[439622]
chr16,95792480,95792498,[439668]
chr16,95847303,95847321,[439707]
chr16,95894174,95894192,[439731]
chr16,95896094,95896112,[439733]
chr16,95901616,95901634,[439739]
chr16,95902230,95902248,[439740]
chr16,96148952,96148970,[439808]
chr16,96156188,96156206,[439811]
chr16,96191703,96191721,[439819]
chr16,96222047,96222065,[439830]
chr16,96273917,96273935,[439846]
chr16,96276917,96276935,[439849]
chr16,96535459,96535477,[439950]
chr16,96743383,96743401,[440039]
chr16,96757252,96757270,[440041]
chr16,96917975,96917993,[440099]
chr16,96945605,96945623,[440111]
chr16,97014482,97014500,[440136]
chr16,97017649,97017667,[440140]
chr16,97075312,97075330,[440161]
chr16,97272485,97272504,[440246]
chr16,97325908,97325926,[440273]
chr16,97326159,97326177,[440274]
chr16,97398094,97398113,[440293]
chr16,97452478,97452496,[440322]
chr16,97460659,97460677,[440327]
chr16,97494445,97494463,[440350]
chr16,97655071,97655089,[440416]
chr16,97689865,97689883,[440432]
chr16,97845054,97845073,[440497]
chr17,3122925,3122943,[440565]
chr17,3402845,3402863,[440667]
chr17,3446828,3446846,[440680]
chr17,3611456,3611475,[440734]
chr17,3862650,3862668,[440755]
chr17,4268794,4268812,[440779]
chr17,4907588,4907606,[440918]
chr17,5003519,5003537,[440958]
chr17,5036438,5036457,[440989]
chr17,5056790,5056808,[441004]
chr17,5067304,5067323,[441018]
chr17,5249350,5249368,[441169]
chr17,5733245,5733263,[441368]
chr17,5756959,5756977,[441378]
chr17,5924716,5924734,[441462]
chr17,6006347,6006366,[441518]
chr17,6778467,6778486,[441623]
chr17,7831657,7831675,[441803]
chr17,7861957,7861975,[441815]
chr17,7877454,7877472,[441828]
chr17,7927767,7927785,[441855]
chr17,8436389,8436408,[442040]
chr17,8839831,8839849,[442169]
chr17,8855776,8855794,[442182]
chr17,8864805,8864824,[442187]
chr17,8965451,8965469,[442232]
chr17,9514541,9514559,[442292]
chr17,10081242,10081260,[442398]
chr17,10439712,10439730,[442529]
chr17,10558638,10558656,[442561]
chr17,10985488,10985507,[442625]
chr17,11152425,11152443,[442643]
chr17,11656986,11657004,[442712]
chr17,12146395,12146413,[442807]
chr17,12278304,12278323,[442881]
chr17,12455410,12455428,[442939]
chr17,12494606,12494624,[442963]
chr17,12580645,12580663,[442999]
chr17,12641152,12641170,[443016]
chr17,12748750,12748769,[443074]
chr17,12755455,12755473,[443085]
chr17,12770047,12770065,[443101]
chr17,12915879,12915897,[443149]
chr17,12942667,12942685,[443157]
chr17,13660254,13660272,[443207]
chr17,13683215,13683233,[443218]
chr17,13724984,13725002,[443247]
chr17,13811900,13811919,[443286]
chr17,14212721,14212739,[443369]
chr17,14885889,14885907,[443483]
chr17,14887168,14887186,[443484]
chr17,14909456,14909474,[443490]
chr17,15107459,15107477,[443524]
chr17,15145918,15145937,[443535]
chr17,15153301,15153319,[443539]
chr17,15174015,15174033,[443543]
chr17,15260938,15260956,[443582]
chr17,15445595,15445613,[443647]
chr17,15446557,15446576,[443648]
chr17,17537091,17537109,[443882]
chr17,17587968,17587986,[443900]
chr17,17871431,17871449,[444001]
chr17,17893586,17893605,[444015]
chr17,18295791,18295809,[444045]
chr17,18974249,18974267,[444117]
chr17,20824892,20824910,[444147]
chr17,21411621,21411639,[444196]
chr17,21500816,21500834,[444235]
chr17,21616978,21616996,[444266]
chr17,23187969,23187987,[444382]
chr17,23603761,23603780,[444426]
chr17,23652819,23652837,[444453]
chr17,23875478,23875497,[444567]
chr17,23978827,23978846,[444583]
chr17,24048462,24048481,[444619]
chr17,24307732,24307750,[444707]
chr17,24307754,24307773,[444707]
chr17,24347094,24347112,[444709]
chr17,24391460,24391478,[444724]
chr17,24960202,24960220,[444930]
chr17,25015228,25015246,[444941]
chr17,25067667,25067686,[444958]
chr17,25258239,25258258,[445023]
chr17,25547291,25547309,[445094]
chr17,25570317,25570335,[445105]
chr17,25663949,25663968,[445139]
chr17,26465184,26465203,[445435]
chr17,26513284,26513302,[445465]
chr17,26677414,26677433,[445568]
chr17,26731898,26731916,[445590]
chr17,26743466,26743484,[445592]
chr17,27002051,27002069,[445684]
chr17,27160001,27160019,[445772]
chr17,27610804,27610822,[445954]
chr17,27777886,27777904,[446031]
chr17,27783873,27783891,[446038]
chr17,27925699,27925718,[446101]
chr17,28068449,28068468,[446170]
chr17,28080755,28080773,[446178]
chr17,28269745,28269764,[446265]
chr17,28471063,28471081,[446357]
chr17,28588684,28588703,[446410]
chr17,28642608,28642626,[446437]
chr17,29048792,29048810,[446632]
chr17,29275455,29275473,[446761]
chr17,29303298,29303316,[446772]
chr17,29363250,29363269,[446814]
chr17,29494530,29494548,[446895]
chr17,29518943,29518962,[446910]
chr17,29973466,29973484,[447065]
chr17,30114962,30114980,[447126]
chr17,30287002,30287020,[447181]
chr17,30511594,30511612,[447250]
chr17,30658294,30658312,[447289]
chr17,30884399,30884417,[447314]
chr17,31011757,31011776,[447354]
chr17,31165151,31165169,[447433]
chr17,31271722,31271740,[447495]
chr17,31295785,31295803,[447510]
chr17,31419732,31419751,[447551]
chr17,31482731,31482749,[447571]
chr17,31793552,31793570,[447703]
chr17,31820198,31820216,[447717]
chr17,32152244,32152262,[447877]
chr17,32259114,32259132,[447919]
chr17,32306782,32306800,[447939]
chr17,32415036,32415054,[447979]
chr17,32424578,32424596,[447985]
chr17,32536400,32536419,[448022]
chr17,32536478,32536496,[448022]
chr17,32585203,32585221,[448038]
chr17,32729169,32729187,[448065]
chr17,32972523,32972541,[448115]
chr17,33402072,33402091,[448150]
chr17,33449103,33449121,[448156]
chr17,33627600,33627618,[448209]
chr17,33729417,33729435,[448233]
chr17,33982330,33982348,[448333]
chr17,34002002,34002020,[448346]
chr17,34070394,34070412,[448381]
chr17,34083369,34083388,[448388]
chr17,34180195,34180213,[448464]
chr17,34270106,34270124,[448513]
chr17,34383457,34383476,[448594]
chr17,34955545,34955563,[448796]
chr17,35165524,35165543,[448912]
chr17,35271596,35271614,[449004]
chr17,35354208,35354226,[449038]
chr17,35543568,35543587,[449066]
chr17,35544226,35544244,[449067]
chr17,35560115,35560133,[449075]
chr17,35624847,35624865,[449089]
chr17,36147113,36147131,[449328]
chr17,36170224,36170242,[449343]
chr17,36315558,36315576,[449396]
chr17,36850109,36850127,[449451]
chr17,36982331,36982349,[449496]
chr17,37218635,37218653,[449557]
chr17,38997890,38997908,[449609]
chr17,40873463,40873481,[449657]
chr17,40890792,40890810,[449670]
chr17,42405784,42405802,[449714]
chr17,42449383,42449402,[449718]
chr17,42603522,42603540,[449723]
chr17,43075224,43075242,[449857]
chr17,43177479,43177497,[449894]
chr17,43253831,43253849,[449925]
chr17,43347221,43347239,[449961]
chr17,43354784,43354802,[449963]
chr17,43374023,43374041,[449972]
chr17,43389325,43389343,[449977]
chr17,43570076,43570094,[450048]
chr17,43611706,43611724,[450063]
chr17,43677515,43677534,[450091]
chr17,43699529,43699547,[450094]
chr17,43717080,43717098,[450099]
chr17,43758957,43758975,[450114]
chr17,44103909,44103928,[450171]
chr17,44116831,44116849,[450177]
chr17,44256701,44256720,[450234]
chr17,44588131,44588149,[450342]
chr17,44589146,44589164,[450343]
chr17,44601896,44601914,[450350]
chr17,44641155,44641174,[450377]
chr17,44663338,44663356,[450392]
chr17,44700485,44700503,[450414]
chr17,44789095,44789114,[450467]
chr17,44800103,44800122,[450473]
chr17,44945437,44945456,[450507]
chr17,45115671,45115690,[450545]
chr17,45119659,45119677,[450552]
chr17,45302968,45302987,[450603]
chr17,45361122,45361140,[450629]
chr17,45567504,45567522,[450713]
chr17,45579064,45579082,[450722]
chr17,45586652,45586670,[450730]
chr17,45747146,45747164,[450813]
chr17,45761728,45761746,[450824]
chr17,45873604,45873622,[450870]
chr17,46050627,46050645,[450941]
chr17,46074934,46074952,[450954]
chr17,46160884,46160902,[450987]
chr17,46576304,46576323,[451122]
chr17,46810195,46810213,[451212]
chr17,46933138,46933156,[451262]
chr17,47155818,47155836,[451317]
chr17,47386767,47386785,[451422]
chr17,47658955,47658973,[451564]
chr17,47683143,47683161,[451571]
chr17,47834984,47835006,[451655]
chr17,47923601,47923620,[451698]
chr17,48055722,48055740,[451758]
chr17,48192615,48192633,[451800]
chr17,48193417,48193435,[451802]
chr17,48196174,48196192,[451804]
chr17,48215577,48215595,[451811]
chr17,48230965,48230983,[451814]
chr17,48426010,48426028,[451916]
chr17,48445749,48445768,[451928]
chr17,49534674,49534692,[452179]
chr17,49614574,49614592,[452187]
chr17,50054793,50054812,[452296]
chr17,50059015,50059033,[452299]
chr17,50139212,50139230,[452358]
chr17,50157491,50157509,[452369]
chr17,50194315,50194334,[452403]
chr17,50310517,50310535,[452445]
chr17,50310652,50310671,[452445]
chr17,50415913,50415931,[452478]
chr17,50485273,50485292,[452509]
chr17,50517848,50517866,[452531]
chr17,50537039,50537058,[452544]
chr17,50735801,50735820,[452619]
chr17,51142592,51142611,[452690]
chr17,51207997,51208015,[452710]
chr17,51266116,51266134,[452730]
chr17,51288623,51288641,[452735]
chr17,51675909,51675927,[452823]
chr17,51682550,51682568,[452828]
chr17,51824217,51824235,[452892]
chr17,52115191,52115209,[452977]
chr17,52125631,52125650,[452984]
chr17,52150571,52150590,[452991]
chr17,52153344,52153363,[452993]
chr17,52183989,52184007,[453012]
chr17,52859583,52859601,[453119]
chr17,55797796,55797814,[453290]
chr17,55854306,55854324,[453297]
chr17,56021750,56021768,[453361]
chr17,56119621,56119639,[453396]
chr17,56958358,56958376,[453765]
chr17,57342708,57342726,[453961]
chr17,57410229,57410248,[453982]
chr17,57481416,57481434,[453992]
chr17,58088564,58088582,[454007]
chr17,59242009,59242027,[454065]
chr17,59848742,59848761,[454091]
chr17,62819998,62820016,[454298]
chr17,63238630,63238648,[454423]
chr17,63348885,63348903,[454461]
chr17,63403195,63403213,[454487]
chr17,63422804,63422822,[454500]
chr17,63431985,63432003,[454505]
chr17,63463180,63463198,[454514]
chr17,63689426,63689444,[454548]
chr17,64053103,64053121,[454627]
chr17,64248481,64248499,[454670]
chr17,64621771,64621789,[454770]
chr17,64685186,64685204,[454797]
chr17,64743005,64743023,[454825]
chr17,64767298,64767316,[454847]
chr17,64846257,64846276,[454881]
chr17,64848229,64848248,[454883]
chr17,64893670,64893689,[454895]
chr17,65769611,65769629,[455050]
chr17,66197191,66197209,[455222]
chr17,66710972,66710990,[455323]
chr17,66744136,66744154,[455329]
chr17,67136751,67136769,[455388]
chr17,67179567,67179585,[455400]
chr17,67705354,67705372,[455552]
chr17,68087182,68087200,[455639]
chr17,68100383,68100401,[455645]
chr17,68113134,68113153,[455650]
chr17,68119605,68119624,[455656]
chr17,68133100,68133119,[455661]
chr17,68166695,68166713,[455678]
chr17,68730296,68730314,[455711]
chr17,69122634,69122652,[455746]
chr17,70334474,70334492,[455856]
chr17,70614197,70614215,[455895]
chr17,70746903,70746921,[455919]
chr17,70881450,70881468,[455992]
chr17,71042833,71042851,[456071]
chr17,71096335,71096354,[456096]
chr17,71177593,71177611,[456130]
chr17,71230726,71230744,[456180]
chr17,71236451,71236469,[456184]
chr17,71444851,71444869,[456255]
chr17,71640844,71640862,[456313]
chr17,71890196,71890214,[456409]
chr17,71939054,71939073,[456422]
chr17,72043670,72043688,[456451]
chr17,72068757,72068776,[456457]
chr17,72250797,72250815,[456513]
chr17,72555463,72555482,[456550]
chr17,72944156,72944175,[456648]
chr17,72965775,72965794,[456665]
chr17,73175983,73176001,[456786]
chr17,73230771,73230789,[456812]
chr17,73240920,73240938,[456818]
chr17,73272157,73272175,[456838]
chr17,73458791,73458809,[456902]
chr17,73558630,73558648,[456927]
chr17,73717657,73717675,[456963]
chr17,73774795,73774813,[456970]
chr17,73815070,73815088,[456990]
chr17,73909127,73909145,[457025]
chr17,73932538,73932556,[457035]
chr17,74344659,74344677,[457161]
chr17,74500554,74500572,[457199]
chr17,74717740,74717758,[457246]
chr17,75142787,75142805,[457359]
chr17,75216446,75216464,[457397]
chr17,75329406,75329424,[457439]
chr17,75349250,75349269,[457445]
chr17,75369671,75369689,[457451]
chr17,75437049,75437067,[457472]
chr17,75450779,75450797,[457484]
chr17,75627513,75627531,[457559]
chr17,75781929,75781947,[457571]
chr17,77596597,77596615,[457595]
chr17,78078665,78078683,[457643]
chr17,78347980,78347998,[457743]
chr17,78373593,78373611,[457764]
chr17,78434851,78434870,[457790]
chr17,78460264,78460282,[457802]
chr17,78561132,78561150,[457818]
chr17,78584947,78584965,[457822]
chr17,78641475,78641493,[457847]
chr17,78716035,78716054,[457866]
chr17,79000074,79000092,[457951]
chr17,79334362,79334381,[458054]
chr17,79354459,79354478,[458068]
chr17,79429362,79429380,[458093]
chr17,79473879,79473897,[458121]
chr17,79578972,79578990,[458152]
chr17,79760656,79760675,[458208]
chr17,80048106,80048125,[458326]
chr17,80096486,80096504,[458348]
chr17,80173105,80173123,[458402]
chr17,80288302,80288320,[458444]
chr17,80792991,80793009,[458639]
chr17,80808176,80808195,[458646]
chr17,81267624,81267642,[458754]
chr17,81500942,81500960,[458796]
chr17,81849697,81849715,[458907]
chr17,81850859,81850877,[458908]
chr17,82518233,82518251,[458944]
chr17,83546601,83546620,[459198]
chr17,83646978,83646996,[459238]
chr17,83704648,83704666,[459267]
chr17,83773729,83773748,[459302]
chr17,84106719,84106737,[459532]
chr17,84163165,84163183,[459591]
chr17,84167576,84167594,[459598]
chr17,84330796,84330814,[459694]
chr17,84352141,84352159,[459711]
chr17,84421311,84421329,[459748]
chr17,84432028,84432047,[459753]
chr17,84582222,84582241,[459782]
chr17,84978554,84978572,[459920]
chr17,85170708,85170726,[459968]
chr17,85372152,85372171,[459988]
chr17,85690217,85690235,[460095]
chr17,85808800,85808818,[460124]
chr17,86200645,86200663,[460241]
chr17,86353848,86353866,[460341]
chr17,86394075,86394094,[460361]
chr17,86723029,86723048,[460487]
chr17,86979957,86979975,[460617]
chr17,87153266,87153285,[460681]
chr17,87239889,87239907,[460720]
chr17,87304436,87304455,[460758]
chr17,87368780,87368798,[460804]
chr17,87475798,87475816,[460857]
chr17,87773483,87773502,[460955]
chr17,87796224,87796242,[460965]
chr17,88057846,88057864,[461043]
chr17,88123939,88123957,[461073]
chr17,88195384,88195402,[461100]
chr17,88209824,88209842,[461103]
chr17,88342791,88342810,[461160]
chr17,88441505,88441523,[461196]
chr17,88558383,88558401,[461257]
chr17,88562676,88562695,[461260]
chr17,88671441,88671459,[461305]
chr17,88753156,88753174,[461315]
chr17,88999528,88999546,[461356]
chr17,89013669,89013687,[461361]
chr17,90755499,90755517,[461529]
chr17,90758762,90758781,[461532]
chr17,90955203,90955221,[461564]
chr17,91050685,91050703,[461578]
chr17,91269458,91269477,[461594]
chr17,91689276,91689294,[461620]
chr18,3248912,3248931,[461729]
chr18,3481976,3481994,[461786]
chr18,3797799,3797817,[461816]
chr18,3841270,3841288,[461826]
chr18,4008529,4008547,[461858]
chr18,4239611,4239629,[461910]
chr18,4258226,4258244,[461924]
chr18,4279265,4279283,[461934]
chr18,4313988,4314007,[461958]
chr18,4927361,4927380,[462161]
chr18,5040789,5040807,[462221]
chr18,5155601,5155619,[462273]
chr18,5412446,5412464,[462357]
chr18,5516199,5516217,[462389]
chr18,5688494,5688513,[462435]
chr18,5712044,5712062,[462441]
chr18,6017610,6017629,[462525]
chr18,6055741,6055759,[462530]
chr18,6071363,6071381,[462534]
chr18,6248336,6248354,[462589]
chr18,6515453,6515471,[462666]
chr18,6764890,6764908,[462688]
chr18,7003625,7003643,[462725]
chr18,7870866,7870884,[462834]
chr18,9828023,9828041,[463035]
chr18,10451417,10451435,[463115]
chr18,10461832,10461850,[463117]
chr18,10707113,10707131,[463164]
chr18,10726740,10726758,[463171]
chr18,10826240,10826258,[463196]
chr18,10917066,10917084,[463222]
chr18,11230412,11230431,[463308]
chr18,11571674,11571692,[463370]
chr18,12143035,12143054,[463580]
chr18,12225226,12225245,[463627]
chr18,12229460,12229478,[463630]
chr18,12692472,12692490,[463783]
chr18,13693932,13693950,[463975]
chr18,13817360,13817378,[464016]
chr18,13900878,13900896,[464046]
chr18,14202083,14202101,[464115]
chr18,14379951,14379970,[464142]
chr18,14932491,14932509,[464265]
chr18,14982129,14982147,[464290]
chr18,15216201,15216219,[464397]
chr18,15312488,15312506,[464434]
chr18,15347597,15347615,[464454]
chr18,15360753,15360771,[464465]
chr18,15415282,15415300,[464476]
chr18,16213969,16213987,[464533]
chr18,17584669,17584688,[464599]
chr18,19887969,19887987,[464633]
chr18,20555205,20555223,[464691]
chr18,20565225,20565243,[464700]
chr18,20745665,20745683,[464759]
chr18,20921096,20921115,[464822]
chr18,20936528,20936546,[464825]
chr18,20958581,20958599,[464841]
chr18,20958928,20958946,[464842]
chr18,20977255,20977273,[464855]
chr18,21038964,21038982,[464878]
chr18,21656581,21656599,[464943]
chr18,21738621,21738639,[464966]
chr18,22193227,22193245,[464982]
chr18,22242033,22242051,[464985]
chr18,22649648,22649666,[465011]
chr18,23489117,23489135,[465060]
chr18,23795738,23795756,[465115]
chr18,23829398,23829417,[465134]
chr18,23895135,23895153,[465171]
chr18,24091052,24091070,[465231]
chr18,24142973,24142991,[465262]
chr18,24630077,24630095,[465394]
chr18,25005142,25005160,[465505]
chr18,25600021,25600040,[465653]
chr18,28368111,28368129,[465777]
chr18,28368226,28368244,[465777]
chr18,31788865,31788883,[465923]
chr18,32052666,32052685,[466007]
chr18,32569810,32569828,[466198]
chr18,32598440,32598458,[466206]
chr18,32694896,32694914,[466224]
chr18,32930773,32930792,[466259]
chr18,32990878,32990896,[466290]
chr18,33036998,33037016,[466296]
chr18,33337405,33337423,[466334]
chr18,33824681,33824699,[466383]
chr18,34077382,34077400,[466431]
chr18,34500647,34500665,[466568]
chr18,34663209,34663227,[466621]
chr18,34892634,34892652,[466708]
chr18,34920353,34920371,[466715]
chr18,34922476,34922495,[466717]
chr18,35869314,35869332,[467017]
chr18,36032314,36032332,[467103]
chr18,36089829,36089847,[467130]
chr18,36507897,36507915,[467246]
chr18,36509564,36509582,[467248]
chr18,36727407,36727425,[467308]
chr18,37765948,37765966,[467408]
chr18,37786771,37786789,[467411]
chr18,37815253,37815271,[467430]
chr18,38145842,38145860,[467581]
chr18,38147216,38147234,[467584]
chr18,38151751,38151769,[467587]
chr18,38277990,38278008,[467651]
chr18,38380108,38380127,[467690]
chr18,38592755,38592773,[467807]
chr18,38596437,38596455,[467809]
chr18,38802473,38802491,[467866]
chr18,39020183,39020201,[467971]
chr18,39080362,39080381,[468019]
chr18,39196730,39196748,[468083]
chr18,39409804,39409822,[468170]
chr18,39467868,39467887,[468192]
chr18,39480341,39480359,[468199]
chr18,39558722,39558740,[468243]
chr18,39615807,39615825,[468257]
chr18,39854074,39854092,[468330]
chr18,39929461,39929480,[468356]
chr18,40083175,40083193,[468374]
chr18,40255657,40255675,[468395]
chr18,40261124,40261142,[468397]
chr18,42160497,42160515,[468512]
chr18,42790584,42790602,[468620]
chr18,43334721,43334739,[468659]
chr18,43422074,43422092,[468684]
chr18,43660179,43660198,[468742]
chr18,44730984,44731002,[468889]
chr18,45742810,45742828,[468967]
chr18,46142749,46142767,[469015]
chr18,46185064,46185082,[469039]
chr18,46434661,46434680,[469135]
chr18,46545150,46545169,[469198]
chr18,46615694,46615712,[469241]
chr18,46799182,46799200,[469289]
chr18,47293747,47293766,[469414]
chr18,47432684,47432703,[469455]
chr18,48634008,48634026,[469517]
chr18,49559558,49559576,[469536]
chr18,50033592,50033610,[469675]
chr18,50081576,50081595,[469717]
chr18,50907683,50907701,[469808]
chr18,51119507,51119525,[469814]
chr18,52125660,52125678,[469863]
chr18,52471239,52471257,[469896]
chr18,52642733,52642751,[469937]
chr18,52767539,52767557,[469968]
chr18,52790768,52790786,[469977]
chr18,52968108,52968126,[470017]
chr18,53038060,53038079,[470020]
chr18,53108367,53108385,[470032]
chr18,53312275,53312293,[470122]
chr18,53501619,53501637,[470175]
chr18,53713946,53713964,[470214]
chr18,53824768,53824786,[470239]
chr18,53845480,53845499,[470245]
chr18,53880219,53880237,[470262]
chr18,53888217,53888235,[470267]
chr18,54139486,54139504,[470332]
chr18,54825296,54825314,[470454]
chr18,54833501,54833520,[470458]
chr18,54941230,54941248,[470534]
chr18,54948048,54948066,[470538]
chr18,55016047,55016065,[470597]
chr18,55073328,55073346,[470617]
chr18,55087988,55088006,[470624]
chr18,55108098,55108116,[470633]
chr18,56132792,56132810,[470827]
chr18,56449152,56449170,[470898]
chr18,56504960,56504978,[470934]
chr18,56614763,56614781,[470968]
chr18,56726576,56726594,[471013]
chr18,56726713,56726731,[471013]
chr18,56925837,56925855,[471116]
chr18,57057333,57057351,[471152]
chr18,57850623,57850641,[471356]
chr18,58012391,58012409,[471397]
chr18,58489000,58489018,[471476]
chr18,58512074,58512092,[471479]
chr18,58618771,58618789,[471517]
chr18,58769822,58769840,[471549]
chr18,59079860,59079878,[471562]
chr18,60254534,60254553,[471626]
chr18,60383110,60383128,[471650]
chr18,60396401,60396420,[471651]
chr18,60536069,60536087,[471680]
chr18,60542430,60542448,[471682]
chr18,60603464,60603482,[471703]
chr18,60618662,60618680,[471712]
chr18,60623855,60623874,[471715]
chr18,60867136,60867154,[471900]
chr18,60867297,60867315,[471900]
chr18,60952764,60952782,[471955]
chr18,61043038,61043056,[472007]
chr18,61072488,61072506,[472024]
chr18,61557014,61557032,[472224]
chr18,61612804,61612822,[472242]
chr18,61721758,61721776,[472287]
chr18,61766913,61766931,[472305]
chr18,61856284,61856303,[472345]
chr18,61946704,61946722,[472387]
chr18,62046582,62046600,[472428]
chr18,62068663,62068682,[472442]
chr18,62164759,62164777,[472498]
chr18,62232712,62232731,[472548]
chr18,62800253,62800271,[472641]
chr18,63131260,63131278,[472709]
chr18,63199770,63199789,[472717]
chr18,63860149,63860168,[472797]
chr18,64003035,64003053,[472818]
chr18,64501084,64501102,[472861]
chr18,64685031,64685049,[472915]
chr18,64744108,64744126,[472929]
chr18,65023895,65023914,[473068]
chr18,65108972,65108991,[473102]
chr18,65154376,65154395,[473117]
chr18,65169528,65169546,[473123]
chr18,65228386,65228404,[473148]
chr18,65322861,65322879,[473185]
chr18,65405526,65405544,[473219]
chr18,65679086,65679104,[473319]
chr18,65982860,65982879,[473411]
chr18,66002256,66002275,[473414]
chr18,66040241,66040259,[473431]
chr18,66321530,66321548,[473495]
chr18,66556204,66556222,[473575]
chr18,66933825,66933843,[473587]
chr18,66984388,66984406,[473593]
chr18,67450249,67450267,[473759]
chr18,67569110,67569128,[473790]
chr18,67607532,67607550,[473812]
chr18,67666801,67666820,[473831]
chr18,67700959,67700978,[473850]
chr18,67918071,67918090,[473938]
chr18,68043744,68043763,[473991]
chr18,68064040,68064058,[474004]
chr18,68145803,68145822,[474033]
chr18,68287826,68287845,[474113]
chr18,68494137,68494155,[474148]
chr18,68671489,68671507,[474184]
chr18,68747723,68747742,[474202]
chr18,68922165,68922183,[474252]
chr18,68981523,68981542,[474279]
chr18,68988474,68988492,[474280]
chr18,69051496,69051514,[474294]
chr18,69346924,69346942,[474374]
chr18,69459956,69459975,[474414]
chr18,69482599,69482617,[474421]
chr18,69529247,69529265,[474439]
chr18,69607024,69607042,[474484]
chr18,69648091,69648109,[474509]
chr18,69712415,69712434,[474540]
chr18,70067052,70067070,[474606]
chr18,70480899,70480918,[474649]
chr18,70579498,70579517,[474703]
chr18,70640819,70640838,[474748]
chr18,70683622,70683640,[474766]
chr18,72718693,72718711,[474832]
chr18,72940861,72940879,[474834]
chr18,73502257,73502276,[474880]
chr18,74539220,74539238,[475203]
chr18,74645291,74645309,[475221]
chr18,74808160,74808178,[475262]
chr18,75117865,75117883,[475376]
chr18,75178511,75178529,[475393]
chr18,75367124,75367142,[475516]
chr18,75383586,75383604,[475532]
chr18,75891075,75891093,[475771]
chr18,77176006,77176024,[476088]
chr18,77742888,77742906,[476223]
chr18,78087338,78087357,[476347]
chr18,78172915,78172934,[476386]
chr18,78215066,78215084,[476394]
chr18,78237146,78237164,[476404]
chr18,78805284,78805302,[476512]
chr18,78996634,78996653,[476562]
chr18,79258145,79258163,[476671]
chr18,79263717,79263736,[476675]
chr18,79300637,79300655,[476691]
chr18,79331217,79331235,[476702]
chr18,79384167,79384185,[476713]
chr18,80007946,80007964,[476787]
chr18,80057075,80057093,[476801]
chr18,80110167,80110185,[476827]
chr18,80215258,80215276,[476882]
chr18,80235297,80235315,[476890]
chr18,80242210,80242228,[476894]
chr18,80546508,80546526,[477014]
chr18,80670784,80670802,[477110]
chr18,80844265,80844284,[477188]
chr18,80997197,80997215,[477240]
chr18,81439215,81439233,[477345]
chr18,81572669,81572688,[477393]
chr18,82034655,82034673,[477497]
chr18,82086134,82086152,[477501]
chr18,82244849,82244867,[477519]
chr18,82433688,82433706,[477534]
chr18,82462117,82462135,[477544]
chr18,82547846,82547864,[477628]
chr18,82685000,82685018,[477672]
chr18,82894897,82894915,[477770]
chr18,82905270,82905288,[477778]
chr18,83422929,83422947,[477940]
chr18,83613905,83613924,[478004]
chr18,83695770,83695789,[478023]
chr18,83932852,83932870,[478082]
chr18,83938701,83938719,[478085]
chr18,84039740,84039758,[478131]
chr18,84300562,84300580,[478255]
chr18,84350458,84350476,[478273]
chr18,84376751,84376769,[478285]
chr18,84411493,84411511,[478301]
chr18,84520696,84520714,[478329]
chr18,84616643,84616661,[478359]
chr18,84740732,84740750,[478403]
chr18,84857160,84857178,[478449]
chr18,84875234,84875252,[478465]
chr18,88674167,88674186,[478574]
chr18,88782815,88782833,[478593]
chr18,88848079,88848097,[478615]
chr18,88931531,88931549,[478648]
chr18,88952854,88952872,[478652]
chr18,89820325,89820343,[478823]
chr19,3522297,3522315,[478960]
chr19,3558759,3558777,[478982]
chr19,3774278,3774296,[479077]
chr19,3890405,3890423,[479109]
chr19,4048020,4048039,[479186]
chr19,4051807,4051826,[479189]
chr19,4052250,4052268,[479190]
chr19,4091662,4091680,[479211]
chr19,4145129,4145147,[479251]
chr19,4660723,4660742,[479422]
chr19,5037937,5037955,[479501]
chr19,5039033,5039052,[479504]
chr19,5408475,5408493,[479634]
chr19,5610115,5610134,[479724]
chr19,5782422,5782440,[479803]
chr19,5806117,5806135,[479826]
chr19,5844060,5844078,[479858]
chr19,5877852,5877870,[479876]
chr19,6016181,6016200,[479940]
chr19,6126535,6126554,[479982]
chr19,6418760,6418778,[480126]
chr19,6684230,6684248,[480211]
chr19,6872846,6872864,[480243]
chr19,7302099,7302117,[480433]
chr19,7307192,7307211,[480437]
chr19,7463504,7463522,[480502]
chr19,8536303,8536321,[480593]
chr19,8642245,8642264,[480620]
chr19,8770930,8770949,[480670]
chr19,9023385,9023404,[480785]
chr19,9130128,9130147,[480845]
chr19,9935557,9935576,[480887]
chr19,9939050,9939068,[480891]
chr19,10018645,10018663,[480937]
chr19,10037591,10037609,[480948]
chr19,10277937,10277956,[481033]
chr19,10303477,10303495,[481052]
chr19,10341355,10341373,[481060]
chr19,10583809,10583827,[481148]
chr19,10732039,10732057,[481219]
chr19,10749025,10749043,[481232]
chr19,11444289,11444307,[481505]
chr19,11505572,11505590,[481543]
chr19,11810434,11810452,[481633]
chr19,11812148,11812166,[481635]
chr19,12196330,12196348,[481714]
chr19,12440169,12440187,[481736]
chr19,12500352,12500370,[481772]
chr19,14541049,14541067,[481979]
chr19,14641334,14641352,[482020]
chr19,15481878,15481896,[482072]
chr19,16167439,16167458,[482260]
chr19,16182144,16182162,[482268]
chr19,16198767,16198786,[482279]
chr19,16285303,16285321,[482324]
chr19,16285796,16285814,[482325]
chr19,16353832,16353850,[482362]
chr19,16382593,16382612,[482374]
chr19,16608292,16608310,[482422]
chr19,16756104,16756123,[482442]
chr19,16827974,16827992,[482468]
chr19,17031004,17031022,[482518]
chr19,17096757,17096775,[482528]
chr19,17182007,17182025,[482559]
chr19,17224680,17224699,[482577]
chr19,17238654,17238672,[482581]
chr19,17257007,17257025,[482597]
chr19,17278556,17278574,[482612]
chr19,17286544,17286562,[482614]
chr19,17322686,17322704,[482628]
chr19,17326592,17326610,[482630]
chr19,17346509,17346527,[482647]
chr19,18068142,18068161,[482733]
chr19,18618973,18618992,[482793]
chr19,19440257,19440275,[482866]
chr19,19783699,19783717,[482868]
chr19,20902814,20902832,[482966]
chr19,20974312,20974330,[482979]
chr19,21036680,21036698,[482994]
chr19,21201960,21201978,[483052]
chr19,21335870,21335888,[483084]
chr19,21399330,21399348,[483111]
chr19,21612256,21612275,[483196]
chr19,21613287,21613305,[483197]
chr19,21623496,21623514,[483204]
chr19,21644161,21644179,[483216]
chr19,21737389,21737407,[483253]
chr19,21833695,21833713,[483297]
chr19,21912762,21912780,[483329]
chr19,22342756,22342774,[483375]
chr19,23153884,23153903,[483463]
chr19,23208389,23208407,[483479]
chr19,23362587,23362606,[483513]
chr19,23850270,23850288,[483619]
chr19,23978167,23978185,[483646]
chr19,23984396,23984414,[483647]
chr19,23987384,23987402,[483648]
chr19,24175398,24175416,[483699]
chr19,24475400,24475418,[483781]
chr19,24529510,24529529,[483809]
chr19,24953747,24953765,[483896]
chr19,25045184,25045202,[483955]
chr19,25072632,25072650,[483970]
chr19,25248110,25248128,[484017]
chr19,25545932,25545950,[484069]
chr19,25636089,25636108,[484100]
chr19,26644051,26644069,[484157]
chr19,26697249,26697267,[484168]
chr19,26999764,26999782,[484242]
chr19,27144271,27144289,[484271]
chr19,27351938,27351956,[484307]
chr19,27356463,27356481,[484308]
chr19,27563979,27563997,[484328]
chr19,27612446,27612465,[484332]
chr19,27927972,27927990,[484370]
chr19,27968408,27968426,[484375]
chr19,28009938,28009956,[484381]
chr19,28328645,28328663,[484416]
chr19,28501522,28501541,[484460]
chr19,28636216,28636234,[484485]
chr19,28677659,28677677,[484498]
chr19,28759079,28759097,[484511]
chr19,29011530,29011548,[484562]
chr19,29042790,29042808,[484569]
chr19,29168113,29168131,[484600]
chr19,29292716,29292735,[484661]
chr19,29400745,29400764,[484705]
chr19,29462144,29462162,[484739]
chr19,29471011,29471029,[484750]
chr19,29498050,29498068,[484766]
chr19,29499306,29499324,[484767]
chr19,29571189,29571207,[484792]
chr19,29659161,29659179,[484811]
chr19,30000594,30000612,[484890]
chr19,30107568,30107587,[484912]
chr19,31334457,31334475,[485034]
chr19,31402103,31402121,[485047]
chr19,31593993,31594012,[485062]
chr19,31743327,31743345,[485087]
chr19,31779229,31779248,[485099]
chr19,32111997,32112015,[485155]
chr19,32135724,32135743,[485165]
chr19,32147743,32147761,[485173]
chr19,32176198,32176216,[485194]
chr19,32179690,32179709,[485196]
chr19,32197252,32197270,[485210]
chr19,32223856,32223874,[485227]
chr19,32274424,32274442,[485280]
chr19,32294552,32294570,[485297]
chr19,32303400,32303418,[485304]
chr19,32405863,32405881,[485364]
chr19,32626874,32626892,[485428]
chr19,32790396,32790414,[485492]
chr19,32818880,32818898,[485501]
chr19,32874623,32874642,[485516]
chr19,32939741,32939759,[485551]
chr19,33209809,33209827,[485661]
chr19,34074260,34074278,[485728]
chr19,34207347,34207366,[485770]
chr19,34288880,34288898,[485813]
chr19,34403956,34403974,[485858]
chr19,34569150,34569168,[485929]
chr19,34897682,34897700,[486014]
chr19,34950902,34950921,[486026]
chr19,34966035,34966053,[486029]
chr19,36016498,36016516,[486095]
chr19,36082963,36082981,[486106]
chr19,36257833,36257852,[486156]
chr19,36323924,36323942,[486169]
chr19,36531339,36531357,[486241]
chr19,36532079,36532097,[486242]
chr19,36731643,36731662,[486286]
chr19,36902922,36902940,[486329]
chr19,36928342,36928360,[486349]
chr19,37108418,37108437,[486403]
chr19,37347882,37347900,[486530]
chr19,37357716,37357735,[486537]
chr19,37696699,37696717,[486670]
chr19,37698922,37698940,[486675]
chr19,37724704,37724722,[486688]
chr19,38011615,38011633,[486761]
chr19,38046349,38046367,[486785]
chr19,38433612,38433630,[486855]
chr19,38642001,38642020,[486899]
chr19,38858317,38858335,[486927]
chr19,38982062,38982080,[486949]
chr19,40334098,40334116,[487006]
chr19,40375472,40375491,[487021]
chr19,40395794,40395812,[487037]
chr19,40441196,40441214,[487062]
chr19,40583270,40583288,[487103]
chr19,40589648,40589666,[487108]
chr19,40626492,40626511,[487121]
chr19,40819403,40819421,[487201]
chr19,41038388,41038407,[487289]
chr19,41089969,41089987,[487308]
chr19,41092109,41092127,[487309]
chr19,41305313,41305331,[487362]
chr19,41317703,41317721,[487367]
chr19,41764790,41764808,[487550]
chr19,41769140,41769158,[487554]
chr19,41773862,41773881,[487555]
chr19,41811378,41811397,[487568]
chr19,41918902,41918920,[487615]
chr19,42120293,42120311,[487697]
chr19,42158364,42158382,[487722]
chr19,42256539,42256557,[487759]
chr19,42922729,42922747,[487937]
chr19,43188752,43188770,[487962]
chr19,43244560,43244578,[487972]
chr19,43464146,43464164,[487987]
chr19,43496003,43496022,[487998]
chr19,43816210,43816228,[488124]
chr19,43926716,43926734,[488166]
chr19,44487339,44487357,[488349]
chr19,44545017,44545035,[488363]
chr19,45238250,45238268,[488509]
chr19,45333116,45333135,[488538]
chr19,45346282,45346301,[488539]
chr19,45460790,45460809,[488557]
chr19,45538081,45538100,[488582]
chr19,45594892,45594911,[488618]
chr19,45958619,45958637,[488710]
chr19,46248992,46249010,[488785]
chr19,46275529,46275548,[488790]
chr19,46343697,46343715,[488828]
chr19,46391116,46391134,[488847]
chr19,46448010,46448028,[488864]
chr19,46561230,46561249,[488943]
chr19,46602530,46602548,[488960]
chr19,46620090,46620108,[488972]
chr19,46662393,46662411,[488998]
chr19,46823149,46823167,[489041]
chr19,46964726,46964744,[489103]
chr19,47043736,47043755,[489143]
chr19,47155019,47155037,[489182]
chr19,47188658,47188676,[489200]
chr19,47338075,47338093,[489260]
chr19,47514739,47514757,[489363]
chr19,47538893,47538911,[489376]
chr19,47915512,47915530,[489511]
chr19,47943150,47943168,[489527]
chr19,49443858,49443876,[489601]
chr19,50246148,50246166,[489612]
chr19,52531561,52531579,[489663]
chr19,53078997,53079016,[489717]
chr19,53131427,53131446,[489741]
chr19,53460451,53460469,[489970]
chr19,53489602,53489620,[489997]
chr19,53852846,53852864,[490142]
chr19,53862707,53862725,[490149]
chr19,53871887,53871905,[490157]
chr19,53937472,53937490,[490197]
chr19,53983456,53983474,[490211]
chr19,54151963,54151982,[490259]
chr19,54152074,54152093,[490259]
chr19,54248753,54248771,[490272]
chr19,55098469,55098488,[490324]
chr19,55275164,55275182,[490381]
chr19,55462507,55462525,[490435]
chr19,55609968,55609986,[490482]
chr19,55618771,55618790,[490484]
chr19,55712824,55712842,[490530]
chr19,55730771,55730790,[490536]
chr19,56173368,56173386,[490693]
chr19,56370454,56370472,[490744]
chr19,56756489,56756507,[490873]
chr19,57129324,57129342,[491033]
chr19,57169710,57169728,[491059]
chr19,57803015,57803033,[491246]
chr19,57808503,57808521,[491248]
chr19,58348460,58348478,[491397]
chr19,59042939,59042958,[491565]
chr19,59390280,59390299,[491671]
chr19,59918375,59918394,[491743]
chr19,59930245,59930264,[491747]
chr19,60153261,60153279,[491778]
chr19,60464220,60464238,[491829]
chr19,60756833,60756851,[491902]
chr19,60955985,60956004,[491972]
chr19,61053016,61053034,[492014]
chr19,61057564,61057582,[492018]
chr2,3089562,3089580,[37663]
chr2,3348720,3348738,[37739]
chr2,3356039,3356057,[37741]
chr2,3471761,3471779,[37774]
chr2,3505607,3505625,[37781]
chr2,3668871,3668889,[37851]
chr2,3669517,3669536,[37852]
chr2,3762939,3762958,[37918]
chr2,4166410,4166428,[38010]
chr2,4256384,4256402,[38035]
chr2,4344600,4344618,[38074]
chr2,4372971,4372989,[38094]
chr2,4402926,4402944,[38110]
chr2,4454579,4454597,[38138]
chr2,4482010,4482028,[38158]
chr2,4550983,4551001,[38191]
chr2,5158584,5158602,[38359]
chr2,5346370,5346388,[38404]
chr2,5710176,5710195,[38529]
chr2,5950714,5950732,[38599]
chr2,5977670,5977688,[38608]
chr2,6169228,6169246,[38656]
chr2,6459157,6459175,[38810]
chr2,7534701,7534719,[39099]
chr2,8341811,8341829,[39112]
chr2,8380472,8380491,[39114]
chr2,8774857,8774875,[39132]
chr2,8797051,8797069,[39133]
chr2,9536065,9536084,[39229]
chr2,9593876,9593894,[39249]
chr2,9637627,9637645,[39265]
chr2,9847647,9847665,[39335]
chr2,9889477,9889495,[39374]
chr2,10098833,10098852,[39466]
chr2,10276377,10276395,[39520]
chr2,10312470,10312488,[39533]
chr2,10383444,10383463,[39570]
chr2,11021609,11021628,[39662]
chr2,11239753,11239771,[39757]
chr2,11454790,11454808,[39844]
chr2,11487675,11487693,[39855]
chr2,11564324,11564342,[39912]
chr2,11623919,11623937,[39945]
chr2,11969331,11969349,[40049]
chr2,12049650,12049669,[40064]
chr2,12059706,12059724,[40072]
chr2,12138962,12138980,[40084]
chr2,12227143,12227161,[40110]
chr2,12312619,12312637,[40130]
chr2,13205090,13205108,[40263]
chr2,13263398,13263416,[40290]
chr2,13386128,13386146,[40324]
chr2,13391436,13391454,[40325]
chr2,13399891,13399909,[40334]
chr2,13411176,13411194,[40344]
chr2,13430314,13430332,[40355]
chr2,13472562,13472580,[40367]
chr2,13628200,13628218,[40426]
chr2,14053895,14053914,[40498]
chr2,14154678,14154696,[40528]
chr2,14252190,14252208,[40582]
chr2,14936738,14936756,[40697]
chr2,14998033,14998052,[40713]
chr2,15027478,15027496,[40719]
chr2,15027566,15027584,[40719]
chr2,15055843,15055861,[40731]
chr2,15150386,15150404,[40750]
chr2,15202273,15202291,[40754]
chr2,16169491,16169509,[40797]
chr2,16182964,16182982,[40802]
chr2,16387678,16387696,[40863]
chr2,16403532,16403550,[40870]
chr2,16407694,16407713,[40873]
chr2,16443986,16444004,[40884]
chr2,16491502,16491520,[40902]
chr2,16709541,16709560,[40939]
chr2,17531573,17531591,[41041]
chr2,17740643,17740661,[41083]
chr2,17910081,17910100,[41132]
chr2,17964192,17964210,[41156]
chr2,18065183,18065202,[41200]
chr2,18159719,18159737,[41229]
chr2,18430645,18430663,[41289]
chr2,18517325,18517343,[41299]
chr2,18734498,18734517,[41378]
chr2,18773289,18773307,[41389]
chr2,18857482,18857500,[41422]
chr2,18919044,18919062,[41462]
chr2,18947155,18947173,[41491]
chr2,18958053,18958072,[41504]
chr2,19640132,19640150,[41731]
chr2,19683066,19683084,[41755]
chr2,20547637,20547655,[41840]
chr2,21146705,21146723,[41965]
chr2,22690087,22690105,[42071]
chr2,22784366,22784385,[42109]
chr2,22843473,22843491,[42149]
chr2,22941434,22941452,[42170]
chr2,23565283,23565301,[42274]
chr2,24046630,24046648,[42290]
chr2,24048499,24048518,[42291]
chr2,24182802,24182820,[42304]
chr2,24187682,24187700,[42309]
chr2,24295227,24295245,[42323]
chr2,24310969,24310987,[42331]
chr2,24841896,24841915,[42514]
chr2,24850631,24850650,[42519]
chr2,25004195,25004213,[42572]
chr2,25008467,25008485,[42573]
chr2,25008498,25008516,[42573]
chr2,25413705,25413724,[42735]
chr2,25498741,25498759,[42772]
chr2,26054110,26054128,[42927]
chr2,26065463,26065481,[42934]
chr2,26352165,26352183,[43024]
chr2,26408670,26408689,[43044]
chr2,26498418,26498436,[43085]
chr2,26773454,26773473,[43215]
chr2,26960894,26960920,[43255]
chr2,27025939,27025957,[43274]
chr2,27046053,27046072,[43289]
chr2,27356179,27356197,[43421]
chr2,27492958,27492976,[43509]
chr2,27560928,27560946,[43538]
chr2,27590724,27590743,[43549]
chr2,27691330,27691349,[43586]
chr2,27697692,27697711,[43592]
chr2,27714267,27714286,[43602]
chr2,27728064,27728082,[43610]
chr2,27746186,27746204,[43627]
chr2,27874954,27874973,[43657]
chr2,28110874,28110893,[43735]
chr2,28299776,28299794,[43784]
chr2,28426675,28426693,[43822]
chr2,28727818,28727837,[43953]
chr2,28755659,28755677,[43962]
chr2,29052099,29052118,[44028]
chr2,29243537,29243555,[44083]
chr2,29266872,29266890,[44100]
chr2,29430802,29430820,[44143]
chr2,29554182,29554200,[44183]
chr2,29657550,29657568,[44242]
chr2,29674293,29674311,[44258]
chr2,29689545,29689563,[44270]
chr2,30093881,30093899,[44401]
chr2,30129098,30129117,[44414]
chr2,30547641,30547659,[44538]
chr2,30601683,30601702,[44564]
chr2,30897155,30897174,[44703]
chr2,31087072,31087091,[44790]
chr2,31108375,31108393,[44803]
chr2,31112007,31112025,[44805]
chr2,31147248,31147267,[44846]
chr2,31202571,31202590,[44879]
chr2,31309710,31309728,[44915]
chr2,31707053,31707072,[45019]
chr2,31771320,31771338,[45046]
chr2,31914266,31914285,[45095]
chr2,31929952,31929970,[45098]
chr2,31959861,31959880,[45108]
chr2,32151653,32151671,[45186]
chr2,32495859,32495878,[45286]
chr2,32503101,32503119,[45292]
chr2,32581745,32581763,[45340]
chr2,32942515,32942533,[45551]
chr2,33127553,33127571,[45621]
chr2,33581665,33581683,[45786]
chr2,33682370,33682388,[45814]
chr2,33818618,33818636,[45860]
chr2,33838405,33838423,[45863]
chr2,33868934,33868952,[45885]
chr2,34198863,34198881,[45974]
chr2,34249757,34249776,[45981]
chr2,34777473,34777492,[46090]
chr2,34883442,34883460,[46127]
chr2,35045230,35045248,[46190]
chr2,35183349,35183367,[46233]
chr2,35189042,35189060,[46236]
chr2,35201390,35201408,[46242]
chr2,35233356,35233375,[46259]
chr2,35476482,35476501,[46411]
chr2,35614265,35614283,[46480]
chr2,35755576,35755595,[46572]
chr2,36247149,36247168,[46772]
chr2,37575923,37575941,[46838]
chr2,38147911,38147929,[47010]
chr2,38291715,38291733,[47056]
chr2,38379390,38379408,[47091]
chr2,38472956,38472974,[47115]
chr2,38823832,38823850,[47271]
chr2,43269809,43269827,[47473]
chr2,43737852,43737871,[47535]
chr2,43916652,43916671,[47609]
chr2,44030211,44030229,[47622]
chr2,44094673,44094691,[47633]
chr2,44597210,44597228,[47713]
chr2,44901994,44902012,[47757]
chr2,44923263,44923281,[47765]
chr2,44981104,44981122,[47796]
chr2,45042280,45042298,[47827]
chr2,45151868,45151886,[47908]
chr2,45285157,45285175,[47985]
chr2,45296987,45297005,[47988]
chr2,45951650,45951669,[48119]
chr2,46312819,46312837,[48174]
chr2,46533582,46533600,[48217]
chr2,46539050,46539068,[48220]
chr2,48318624,48318643,[48296]
chr2,48375189,48375207,[48318]
chr2,48469619,48469638,[48363]
chr2,48477070,48477088,[48368]
chr2,48754770,48754789,[48431]
chr2,48766629,48766647,[48434]
chr2,49154234,49154252,[48518]
chr2,49350297,49350316,[48555]
chr2,49425718,49425736,[48588]
chr2,49780722,49780740,[48721]
chr2,49926104,49926122,[48787]
chr2,50067088,50067106,[48816]
chr2,50096448,50096466,[48819]
chr2,50539861,50539879,[48891]
chr2,50573215,50573233,[48902]
chr2,50635575,50635593,[48921]
chr2,50676368,50676386,[48940]
chr2,50802694,50802712,[48983]
chr2,50816542,50816561,[48993]
chr2,50824509,50824528,[48997]
chr2,50888917,50888935,[49028]
chr2,50983015,50983033,[49063]
chr2,50983985,50984004,[49064]
chr2,51056266,51056284,[49094]
chr2,51376243,51376261,[49182]
chr2,51626199,51626217,[49242]
chr2,51915077,51915096,[49306]
chr2,51953943,51953962,[49320]
chr2,52391161,52391179,[49412]
chr2,52418945,52418963,[49419]
chr2,52421242,52421260,[49422]
chr2,52466414,52466432,[49447]
chr2,52526139,52526157,[49480]
chr2,52622761,52622779,[49525]
chr2,52822270,52822288,[49574]
chr2,52846749,52846767,[49585]
chr2,52979600,52979618,[49673]
chr2,53004301,53004319,[49689]
chr2,53672589,53672608,[49756]
chr2,56953569,56953587,[49855]
chr2,57185426,57185444,[49904]
chr2,57365505,57365523,[49968]
chr2,57902793,57902811,[50052]
chr2,58184478,58184497,[50153]
chr2,58436920,58436939,[50205]
chr2,58489822,58489841,[50224]
chr2,58503622,58503640,[50229]
chr2,58558912,58558930,[50256]
chr2,58978264,58978282,[50350]
chr2,59228752,59228771,[50414]
chr2,59484581,59484599,[50521]
chr2,59527854,59527872,[50539]
chr2,59539969,59539988,[50545]
chr2,59624161,59624180,[50571]
chr2,59631460,59631479,[50578]
chr2,59740633,59740651,[50636]
chr2,59740703,59740721,[50636]
chr2,59748001,59748019,[50641]
chr2,59757098,59757116,[50645]
chr2,59828761,59828779,[50680]
chr2,59961801,59961819,[50726]
chr2,59969196,59969214,[50730]
chr2,60155753,60155771,[50830]
chr2,60370112,60370130,[50917]
chr2,60407729,60407747,[50929]
chr2,60444846,60444864,[50934]
chr2,60608251,60608269,[50967]
chr2,60874342,60874361,[51102]
chr2,60939623,60939641,[51136]
chr2,61079770,61079789,[51173]
chr2,61315356,61315375,[51218]
chr2,61316440,61316458,[51219]
chr2,61533328,61533346,[51284]
chr2,61561481,61561500,[51289]
chr2,62285368,62285386,[51418]
chr2,62348311,62348330,[51435]
chr2,62352166,62352184,[51436]
chr2,62412603,62412621,[51471]
chr2,62516839,62516857,[51508]
chr2,62664491,62664509,[51561]
chr2,62672938,62672956,[51565]
chr2,63087061,63087079,[51597]
chr2,65224033,65224052,[51769]
chr2,65346989,65347008,[51815]
chr2,65347494,65347513,[51816]
chr2,65393271,65393289,[51826]
chr2,65540921,65540939,[51872]
chr2,65787651,65787669,[51901]
chr2,65920814,65920832,[51941]
chr2,66142166,66142184,[51991]
chr2,66144893,66144911,[51996]
chr2,66206608,66206626,[52028]
chr2,66772710,66772728,[52073]
chr2,67122426,67122444,[52080]
chr2,68450475,68450494,[52212]
chr2,68733327,68733345,[52246]
chr2,69047412,69047431,[52393]
chr2,69051757,69051775,[52395]
chr2,69493382,69493400,[52526]
chr2,69987236,69987254,[52659]
chr2,69988164,69988183,[52660]
chr2,70022027,70022045,[52670]
chr2,70506022,70506040,[52777]
chr2,70538510,70538528,[52782]
chr2,70608683,70608701,[52802]
chr2,70655550,70655569,[52822]
chr2,70672472,70672490,[52830]
chr2,70808618,70808636,[52862]
chr2,70833380,70833399,[52875]
chr2,70871135,70871153,[52892]
chr2,71104871,71104890,[52980]
chr2,71327038,71327057,[53042]
chr2,71474705,71474724,[53096]
chr2,71696874,71696893,[53190]
chr2,71706673,71706692,[53195]
chr2,71715925,71715943,[53197]
chr2,71752256,71752274,[53221]
chr2,71767488,71767507,[53230]
chr2,72079372,72079391,[53337]
chr2,72114078,72114097,[53348]
chr2,72144908,72144926,[53365]
chr2,72197192,72197210,[53386]
chr2,72201887,72201906,[53391]
chr2,72297709,72297728,[53426]
chr2,72551457,72551475,[53529]
chr2,72984361,72984379,[53638]
chr2,73055936,73055954,[53679]
chr2,73206089,73206107,[53719]
chr2,73390471,73390489,[53772]
chr2,73475749,73475767,[53830]
chr2,73775885,73775903,[53931]
chr2,73856396,73856414,[53940]
chr2,73944724,73944742,[53967]
chr2,74606496,74606514,[54035]
chr2,74642721,74642740,[54039]
chr2,75158853,75158871,[54206]
chr2,75220996,75221015,[54212]
chr2,76065294,76065312,[54513]
chr2,76504535,76504553,[54611]
chr2,76676570,76676588,[54652]
chr2,76927125,76927143,[54679]
chr2,76951383,76951401,[54681]
chr2,77456861,77456879,[54820]
chr2,77527077,77527095,[54833]
chr2,78390612,78390630,[54890]
chr2,78608133,78608151,[54911]
chr2,78972605,78972624,[54965]
chr2,79023064,79023082,[54997]
chr2,79180964,79180982,[55074]
chr2,79236182,79236200,[55105]
chr2,79270564,79270582,[55131]
chr2,79370708,79370732,[55160]
chr2,79543739,79543757,[55194]
chr2,79698791,79698809,[55257]
chr2,79836472,79836490,[55293]
chr2,80036636,80036654,[55341]
chr2,80110683,80110701,[55363]
chr2,80435583,80435601,[55410]
chr2,84016117,84016135,[55614]
chr2,84022855,84022873,[55624]
chr2,84025511,84025529,[55626]
chr2,84258247,84258265,[55688]
chr2,84511210,84511228,[55789]
chr2,84623262,84623281,[55834]
chr2,84895651,84895670,[55976]
chr2,84996570,84996589,[56014]
chr2,85112861,85112880,[56070]
chr2,86196083,86196102,[56173]
chr2,90528252,90528271,[56294]
chr2,90581913,90581932,[56355]
chr2,90667877,90667895,[56399]
chr2,90848520,90848538,[56445]
chr2,90913845,90913863,[56462]
chr2,91013683,91013701,[56493]
chr2,91333802,91333820,[56631]
chr2,91644155,91644174,[56699]
chr2,92099270,92099288,[56860]
chr2,92240376,92240394,[56900]
chr2,92442915,92442933,[56976]
chr2,93110150,93110169,[57231]
chr2,93110244,93110262,[57231]
chr2,93238068,93238086,[57318]
chr2,93287538,93287556,[57346]
chr2,93411888,93411906,[57385]
chr2,93438084,93438102,[57408]
chr2,93982292,93982310,[57661]
chr2,94059689,94059707,[57681]
chr2,94264648,94264667,[57735]
chr2,94465941,94465959,[57798]
chr2,97238776,97238795,[57850]
chr2,101107697,101107715,[57885]
chr2,101552567,101552585,[57923]
chr2,101563330,101563348,[57924]
chr2,101650680,101650698,[57968]
chr2,101696309,101696327,[57983]
chr2,101698135,101698153,[57984]
chr2,101756818,101756836,[58014]
chr2,101783483,101783501,[58035]
chr2,102103398,102103416,[58182]
chr2,102110543,102110561,[58186]
chr2,102188873,102188891,[58234]
chr2,102434722,102434741,[58326]
chr2,102595609,102595628,[58368]
chr2,102616796,102616814,[58376]
chr2,102662486,102662505,[58387]
chr2,102735934,102735952,[58413]
chr2,102741974,102741993,[58416]
chr2,102976485,102976504,[58555]
chr2,102977418,102977437,[58556]
chr2,102993002,102993021,[58571]
chr2,103026128,103026146,[58588]
chr2,103336898,103336916,[58693]
chr2,103345439,103345457,[58699]
chr2,103479901,103479920,[58729]
chr2,103506335,103506354,[58748]
chr2,103600438,103600456,[58788]
chr2,103604423,103604441,[58793]
chr2,103652782,103652800,[58829]
chr2,103657968,103657986,[58836]
chr2,103696472,103696491,[58867]
chr2,103816210,103816228,[58903]
chr2,103891507,103891525,[58926]
chr2,103932341,103932359,[58955]
chr2,104179846,104179864,[59049]
chr2,104187193,104187211,[59052]
chr2,104343209,104343227,[59079]
chr2,104458712,104458730,[59107]
chr2,104473977,104473995,[59113]
chr2,104850101,104850119,[59221]
chr2,105073226,105073245,[59265]
chr2,105133586,105133605,[59282]
chr2,105910843,105910862,[59470]
chr2,106722908,106722927,[59543]
chr2,108690257,108690275,[59651]
chr2,109766086,109766104,[59730]
chr2,109985143,109985161,[59766]
chr2,110273641,110273659,[59806]
chr2,112284888,112284906,[59881]
chr2,113491526,113491544,[60063]
chr2,113538006,113538025,[60077]
chr2,113539482,113539500,[60078]
chr2,113870087,113870105,[60160]
chr2,113893955,113893973,[60167]
chr2,113936659,113936678,[60181]
chr2,114027647,114027665,[60194]
chr2,114087669,114087687,[60202]
chr2,114119549,114119568,[60213]
chr2,115037919,115037937,[60301]
chr2,115631922,115631940,[60346]
chr2,115638669,115638687,[60348]
chr2,115644979,115644997,[60350]
chr2,115687794,115687812,[60361]
chr2,115741083,115741101,[60376]
chr2,116071979,116071998,[60441]
chr2,116955185,116955203,[60507]
chr2,117108316,117108334,[60565]
chr2,117135149,117135167,[60583]
chr2,117143235,117143253,[60586]
chr2,117800646,117800664,[60782]
chr2,117851560,117851578,[60800]
chr2,117852069,117852087,[60801]
chr2,117867556,117867574,[60808]
chr2,118620722,118620740,[61100]
chr2,118750836,118750855,[61176]
chr2,118752225,118752243,[61177]
chr2,119046932,119046951,[61289]
chr2,119364149,119364167,[61424]
chr2,119380599,119380617,[61427]
chr2,119597058,119597076,[61468]
chr2,119681841,119681860,[61489]
chr2,119686919,119686938,[61491]
chr2,119687003,119687021,[61491]
chr2,120106156,120106174,[61616]
chr2,120123776,120123794,[61626]
chr2,120231150,120231168,[61660]
chr2,120473695,120473713,[61732]
chr2,120481636,120481654,[61734]
chr2,120660632,120660650,[61792]
chr2,120964382,120964400,[61839]
chr2,121013811,121013829,[61859]
chr2,121416804,121416822,[61946]
chr2,121434169,121434187,[61952]
chr2,121699623,121699641,[61995]
chr2,122104882,122104900,[62068]
chr2,122259345,122259364,[62135]
chr2,122533663,122533682,[62252]
chr2,122652295,122652313,[62292]
chr2,122719294,122719312,[62330]
chr2,123401006,123401024,[62394]
chr2,124129099,124129118,[62418]
chr2,124137596,124137615,[62420]
chr2,124581405,124581424,[62507]
chr2,124581434,124581452,[62507]
chr2,124745195,124745214,[62590]
chr2,124848999,124849017,[62612]
chr2,125024452,125024470,[62651]
chr2,125182809,125182828,[62675]
chr2,125259449,125259467,[62690]
chr2,125275747,125275765,[62695]
chr2,125342052,125342070,[62725]
chr2,125442604,125442622,[62749]
chr2,125643326,125643344,[62810]
chr2,125790411,125790430,[62871]
chr2,125859341,125859359,[62889]
chr2,126034705,126034723,[62930]
chr2,126038385,126038403,[62931]
chr2,126363179,126363198,[62971]
chr2,126466571,126466590,[62995]
chr2,126476248,126476267,[63005]
chr2,126598490,126598509,[63065]
chr2,126673313,126673332,[63099]
chr2,127129013,127129031,[63191]
chr2,127134254,127134272,[63195]
chr2,127286931,127286949,[63232]
chr2,127317394,127317412,[63251]
chr2,127323141,127323159,[63258]
chr2,127854514,127854532,[63405]
chr2,127891420,127891439,[63414]
chr2,128055299,128055317,[63465]
chr2,128103693,128103711,[63504]
chr2,128110688,128110707,[63507]
chr2,128128129,128128147,[63523]
chr2,128393056,128393074,[63689]
chr2,128422740,128422759,[63709]
chr2,128655314,128655332,[63790]
chr2,128782074,128782092,[63842]
chr2,128878597,128878616,[63877]
chr2,128881406,128881424,[63879]
chr2,129422458,129422477,[64044]
chr2,129903478,129903496,[64184]
chr2,129914338,129914357,[64191]
chr2,130430519,130430537,[64318]
chr2,130475990,130476008,[64338]
chr2,130703259,130703278,[64418]
chr2,131045539,131045557,[64495]
chr2,131047537,131047556,[64496]
chr2,131086206,131086225,[64515]
chr2,131093556,131093574,[64522]
chr2,131440961,131440979,[64668]
chr2,131454373,131454391,[64675]
chr2,131488928,131488947,[64688]
chr2,131639056,131639075,[64737]
chr2,131655071,131655090,[64738]
chr2,131885972,131885990,[64796]
chr2,132013305,132013323,[64836]
chr2,132041672,132041690,[64864]
chr2,132064497,132064515,[64878]
chr2,132103550,132103568,[64895]
chr2,132649524,132649542,[65125]
chr2,132710754,132710773,[65147]
chr2,132847334,132847353,[65181]
chr2,133021065,133021084,[65217]
chr2,133022345,133022363,[65220]
chr2,133335156,133335174,[65250]
chr2,133444934,133444952,[65282]
chr2,133502989,133503008,[65309]
chr2,133667772,133667791,[65350]
chr2,133791407,133791426,[65371]
chr2,133803024,133803042,[65373]
chr2,134029807,134029826,[65386]
chr2,134343088,134343106,[65407]
chr2,134726064,134726083,[65471]
chr2,135035889,135035907,[65530]
chr2,135493216,135493234,[65606]
chr2,135725461,135725480,[65670]
chr2,135743421,135743439,[65683]
chr2,135775652,135775671,[65703]
chr2,135797230,135797248,[65710]
chr2,135819911,135819929,[65727]
chr2,135832578,135832596,[65738]
chr2,135917118,135917136,[65783]
chr2,135927091,135927109,[65792]
chr2,135932336,135932355,[65794]
chr2,136914394,136914413,[65895]
chr2,136949011,136949029,[65911]
chr2,136965478,136965496,[65916]
chr2,137042997,137043015,[65941]
chr2,137333379,137333397,[66006]
chr2,137575125,137575143,[66029]
chr2,137663273,137663292,[66039]
chr2,137777665,137777684,[66051]
chr2,137869838,137869856,[66068]
chr2,138281692,138281710,[66130]
chr2,138603707,138603725,[66158]
chr2,139778336,139778354,[66216]
chr2,140569203,140569222,[66348]
chr2,140704398,140704416,[66366]
chr2,140721185,140721203,[66369]
chr2,140934656,140934674,[66412]
chr2,141033416,141033435,[66428]
chr2,141274429,141274448,[66447]
chr2,141292996,141293015,[66458]
chr2,141700874,141700892,[66491]
chr2,141966914,141966932,[66504]
chr2,142544919,142544937,[66524]
chr2,142719632,142719650,[66561]
chr2,142929468,142929486,[66630]
chr2,143117733,143117752,[66658]
chr2,143876304,143876322,[66712]
chr2,144018812,144018830,[66796]
chr2,144176660,144176678,[66870]
chr2,144279679,144279697,[66941]
chr2,144429762,144429781,[66991]
chr2,144575282,144575301,[67022]
chr2,144588965,144588983,[67023]
chr2,144600393,144600411,[67028]
chr2,144637380,144637398,[67035]
chr2,144670701,144670719,[67047]
chr2,144712192,144712210,[67064]
chr2,144745318,144745336,[67080]
chr2,145185959,145185977,[67147]
chr2,145402349,145402367,[67196]
chr2,145563364,145563382,[67219]
chr2,145649756,145649775,[67247]
chr2,145655720,145655738,[67250]
chr2,145711723,145711741,[67282]
chr2,145859442,145859460,[67384]
chr2,146027722,146027740,[67447]
chr2,146049459,146049477,[67457]
chr2,146058404,146058422,[67462]
chr2,146074600,146074619,[67467]
chr2,146256732,146256754,[67531]
chr2,146287910,146287929,[67551]
chr2,146412872,146412890,[67599]
chr2,146612384,146612403,[67669]
chr2,146884669,146884687,[67709]
chr2,147045415,147045433,[67745]
chr2,147269010,147269028,[67793]
chr2,147704352,147704370,[67841]
chr2,147861201,147861219,[67865]
chr2,147928406,147928424,[67878]
chr2,148170731,148170750,[67950]
chr2,148193066,148193084,[67960]
chr2,148535975,148535994,[68113]
chr2,148581895,148581914,[68143]
chr2,148856938,148856957,[68229]
chr2,149545973,149545991,[68284]
chr2,150136359,150136377,[68313]
chr2,150309973,150309992,[68334]
chr2,150577404,150577422,[68367]
chr2,150778184,150778202,[68447]
chr2,151596041,151596059,[68629]
chr2,151615486,151615504,[68637]
chr2,151676521,151676539,[68657]
chr2,151818152,151818171,[68690]
chr2,151893328,151893346,[68712]
chr2,151941477,151941495,[68737]
chr2,152393029,152393047,[68906]
chr2,152601324,152601342,[68954]
chr2,152775576,152775594,[69047]
chr2,152775613,152775631,[69047]
chr2,152784751,152784769,[69057]
chr2,153345169,153345187,[69345]
chr2,153350957,153350975,[69351]
chr2,153421398,153421417,[69366]
chr2,153523941,153523959,[69430]
chr2,153562567,153562586,[69455]
chr2,153713361,153713379,[69509]
chr2,154074347,154074365,[69617]
chr2,154390745,154390763,[69681]
chr2,155320867,155320885,[69946]
chr2,155553307,155553325,[70011]
chr2,155593095,155593114,[70024]
chr2,155743576,155743594,[70082]
chr2,155793145,155793163,[70098]
chr2,155912669,155912688,[70126]
chr2,156247717,156247735,[70201]
chr2,156309520,156309538,[70231]
chr2,156892420,156892438,[70465]
chr2,157119331,157119349,[70555]
chr2,157128333,157128351,[70559]
chr2,157284186,157284204,[70613]
chr2,157287647,157287665,[70616]
chr2,157923078,157923096,[70773]
chr2,157931764,157931782,[70775]
chr2,158275451,158275469,[70917]
chr2,158284652,158284671,[70921]
chr2,158323397,158323415,[70938]
chr2,158340256,158340275,[70942]
chr2,158609973,158609991,[71006]
chr2,158653315,158653333,[71026]
chr2,158728337,158728355,[71084]
chr2,158734848,158734866,[71090]
chr2,159021282,159021300,[71167]
chr2,159900155,159900173,[71227]
chr2,160445139,160445157,[71404]
chr2,160560357,160560376,[71456]
chr2,160764468,160764486,[71550]
chr2,160778084,160778102,[71559]
chr2,160851157,160851175,[71579]
chr2,160917159,160917178,[71603]
chr2,161061858,161061876,[71654]
chr2,161108023,161108041,[71676]
chr2,161131347,161131365,[71682]
chr2,161138633,161138651,[71684]
chr2,161143381,161143400,[71686]
chr2,161185222,161185241,[71695]
chr2,161512130,161512148,[71720]
chr2,162689866,162689884,[71763]
chr2,163189734,163189753,[71890]
chr2,163204604,163204622,[71898]
chr2,163208578,163208597,[71900]
chr2,163586507,163586525,[72042]
chr2,163756066,163756084,[72160]
chr2,163900166,163900184,[72206]
chr2,164133888,164133906,[72303]
chr2,164243560,164243578,[72331]
chr2,164372928,164372946,[72359]
chr2,164544682,164544700,[72445]
chr2,164592303,164592321,[72456]
chr2,164635572,164635590,[72460]
chr2,164862550,164862568,[72530]
chr2,165028883,165028901,[72616]
chr2,165060040,165060058,[72632]
chr2,165074601,165074619,[72641]
chr2,165106662,165106681,[72652]
chr2,165473899,165473917,[72801]
chr2,165736403,165736421,[72862]
chr2,165846891,165846910,[72896]
chr2,165990803,165990821,[72921]
chr2,166012305,166012323,[72942]
chr2,166031729,166031748,[72962]
chr2,166101016,166101034,[72997]
chr2,166411455,166411473,[73146]
chr2,166430403,166430422,[73157]
chr2,166655478,166655496,[73297]
chr2,166662987,166663005,[73305]
chr2,166746177,166746195,[73386]
chr2,166956858,166956877,[73443]
chr2,167125975,167126004,[73521]
chr2,167381087,167381105,[73654]
chr2,167382651,167382669,[73656]
chr2,167427188,167427206,[73670]
chr2,167587144,167587162,[73750]
chr2,167657763,167657781,[73793]
chr2,167742712,167742730,[73853]
chr2,167875858,167875876,[73948]
chr2,167880642,167880660,[73949]
chr2,167890166,167890185,[73954]
chr2,167982721,167982739,[74019]
chr2,168083285,168083303,[74072]
chr2,168109063,168109081,[74079]
chr2,168330979,168330998,[74167]
chr2,168333188,168333206,[74168]
chr2,168354150,168354168,[74178]
chr2,168577587,168577605,[74299]
chr2,168580479,168580497,[74303]
chr2,168584529,168584548,[74308]
chr2,168584587,168584606,[74308]
chr2,168651992,168652010,[74346]
chr2,168660488,168660507,[74352]
chr2,168742921,168742939,[74378]
chr2,168904458,168904476,[74414]
chr2,169187293,169187311,[74503]
chr2,169486634,169486652,[74551]
chr2,169528275,169528293,[74563]
chr2,169599847,169599865,[74593]
chr2,169632195,169632213,[74609]
chr2,169752371,169752389,[74677]
chr2,169870670,169870688,[74727]
chr2,170059081,170059099,[74780]
chr2,170154025,170154043,[74845]
chr2,170169119,170169137,[74856]
chr2,170234030,170234048,[74908]
chr2,170550473,170550491,[75072]
chr2,170887900,170887918,[75108]
chr2,172394026,172394044,[75221]
chr2,172458641,172458660,[75264]
chr2,172508275,172508293,[75285]
chr2,172660607,172660625,[75326]
chr2,172804820,172804838,[75381]
chr2,173077051,173077069,[75544]
chr2,173182618,173182636,[75594]
chr2,173286923,173286941,[75664]
chr2,173337737,173337756,[75686]
chr2,173444341,173444360,[75751]
chr2,173564881,173564900,[75784]
chr2,174067923,174067941,[75929]
chr2,174344309,174344327,[76030]
chr2,174564916,174564934,[76107]
chr2,174737513,174737531,[76170]
chr2,178058312,178058330,[76252]
chr2,178406409,178406427,[76345]
chr2,178436883,178436901,[76365]
chr2,178473739,178473757,[76378]
chr2,178497570,178497589,[76390]
chr2,178536772,178536790,[76417]
chr2,178570836,178570854,[76442]
chr2,178662584,178662603,[76490]
chr2,178728222,178728240,[76527]
chr2,179044349,179044367,[76634]
chr2,179391579,179391597,[76720]
chr2,179576376,179576394,[76769]
chr2,179734841,179734859,[76827]
chr2,179825066,179825084,[76866]
chr2,179956662,179956680,[76937]
chr2,179984969,179984987,[76966]
chr2,180433294,180433312,[77101]
chr2,180604885,180604904,[77180]
chr2,181101435,181101453,[77328]
chr2,181641148,181641167,[77521]
chr3,3311035,3311053,[77586]
chr3,5216477,5216495,[77625]
chr3,5596957,5596975,[77666]
chr3,7385167,7385185,[77701]
chr3,7425861,7425879,[77704]
chr3,7530960,7530978,[77727]
chr3,7789414,7789432,[77754]
chr3,8566818,8566836,[77787]
chr3,8632086,8632104,[77797]
chr3,9005594,9005612,[77950]
chr3,9271307,9271325,[78041]
chr3,9350143,9350161,[78066]
chr3,9448836,9448854,[78104]
chr3,9487903,9487921,[78123]
chr3,9546597,9546615,[78153]
chr3,9552420,9552438,[78162]
chr3,9567497,9567526,[78168]
chr3,9588672,9588690,[78183]
chr3,9677319,9677337,[78227]
chr3,9751240,9751259,[78254]
chr3,9827003,9827021,[78312]
chr3,9921808,9921826,[78370]
chr3,9944636,9944654,[78381]
chr3,10288906,10288924,[78506]
chr3,11457108,11457126,[78579]
chr3,14592289,14592307,[78622]
chr3,14958988,14959006,[78703]
chr3,15054210,15054228,[78729]
chr3,15284659,15284677,[78799]
chr3,15999789,15999808,[78840]
chr3,17798564,17798582,[78902]
chr3,18046210,18046228,[78911]
chr3,18442205,18442223,[78978]
chr3,18672639,18672657,[79002]
chr3,19201704,19201722,[79047]
chr3,19258644,19258662,[79074]
chr3,19265051,19265069,[79076]
chr3,20014753,20014771,[79270]
chr3,20018104,20018122,[79272]
chr3,20208752,20208770,[79331]
chr3,20265545,20265563,[79350]
chr3,20304596,20304615,[79359]
chr3,21225362,21225380,[79454]
chr3,21553652,21553670,[79514]
chr3,21761856,21761874,[79568]
chr3,21899638,21899656,[79631]
chr3,21965639,21965657,[79688]
chr3,22116348,22116366,[79786]
chr3,24071375,24071393,[79888]
chr3,25144989,25145007,[79917]
chr3,26483488,26483507,[79946]
chr3,27124084,27124103,[79998]
chr3,27202342,27202360,[80025]
chr3,27234705,27234723,[80052]
chr3,27512490,27512508,[80156]
chr3,27643210,27643229,[80237]
chr3,27654553,27654571,[80248]
chr3,27705261,27705279,[80281]
chr3,27941056,27941074,[80364]
chr3,28403920,28403938,[80513]
chr3,30121359,30121377,[80705]
chr3,30131505,30131524,[80707]
chr3,30164912,30164930,[80717]
chr3,30303425,30303444,[80746]
chr3,30450527,30450545,[80776]
chr3,30592842,30592861,[80817]
chr3,31004679,31004697,[80953]
chr3,31022955,31022973,[80959]
chr3,31126486,31126505,[81017]
chr3,31308927,31308946,[81052]
chr3,31328349,31328367,[81055]
chr3,31769480,31769498,[81080]
chr3,31877193,31877211,[81082]
chr3,32584701,32584720,[81179]
chr3,32630446,32630464,[81197]
chr3,32668994,32669012,[81212]
chr3,33824853,33824871,[81262]
chr3,33956500,33956518,[81280]
chr3,35757028,35757046,[81425]
chr3,35899328,35899346,[81449]
chr3,36031515,36031534,[81497]
chr3,36284785,36284803,[81540]
chr3,36469910,36469928,[81582]
chr3,36497030,36497049,[81593]
chr3,36531431,36531449,[81597]
chr3,36787940,36787959,[81641]
chr3,36840786,36840805,[81655]
chr3,37161287,37161305,[81722]
chr3,37169498,37169516,[81723]
chr3,37204859,37204877,[81750]
chr3,37229379,37229397,[81759]
chr3,37349259,37349277,[81819]
chr3,37355039,37355057,[81821]
chr3,37472738,37472756,[81852]
chr3,37502621,37502640,[81867]
chr3,37802907,37802925,[82006]
chr3,37850230,37850248,[82029]
chr3,38051487,38051505,[82111]
chr3,38130384,38130402,[82132]
chr3,38135751,38135769,[82135]
chr3,38138284,38138302,[82138]
chr3,38226260,38226278,[82159]
chr3,38258905,38258924,[82180]
chr3,38344358,38344376,[82204]
chr3,38358401,38358419,[82210]
chr3,38418673,38418692,[82236]
chr3,38423486,38423504,[82238]
chr3,38424766,38424784,[82239]
chr3,38491646,38491664,[82264]
chr3,38625825,38625843,[82307]
chr3,38696041,38696059,[82320]
chr3,38960370,38960388,[82374]
chr3,39220522,39220540,[82382]
chr3,40389010,40389028,[82443]
chr3,40480306,40480324,[82463]
chr3,40499140,40499159,[82466]
chr3,41032161,41032179,[82597]
chr3,41123193,41123212,[82633]
chr3,41183549,41183567,[82652]
chr3,41282669,41282687,[82683]
chr3,41332721,41332739,[82701]
chr3,41357128,41357146,[82706]
chr3,41364259,41364277,[82710]
chr3,41587071,41587090,[82824]
chr3,44381636,44381654,[82904]
chr3,46490123,46490141,[82932]
chr3,46625941,46625959,[82937]
chr3,47652203,47652221,[82951]
chr3,49514182,49514200,[82980]
chr3,50321079,50321097,[83053]
chr3,50402709,50402727,[83083]
chr3,50413474,50413493,[83089]
chr3,50440688,50440707,[83100]
chr3,50443643,50443661,[83104]
chr3,50607632,50607650,[83146]
chr3,50609398,50609417,[83149]
chr3,50695396,50695414,[83181]
chr3,51339925,51339943,[83358]
chr3,51764993,51765012,[83564]
chr3,51942017,51942035,[83630]
chr3,52322683,52322701,[83806]
chr3,52392791,52392810,[83842]
chr3,52505802,52505820,[83895]
chr3,52863611,52863629,[84046]
chr3,52882641,52882659,[84057]
chr3,52951695,52951714,[84091]
chr3,53038997,53039015,[84125]
chr3,53214026,53214044,[84153]
chr3,53284960,53284979,[84175]
chr3,53491952,53491971,[84214]
chr3,53528592,53528610,[84221]
chr3,54360380,54360399,[84307]
chr3,54541556,54541574,[84334]
chr3,54600787,54600805,[84365]
chr3,54765645,54765663,[84433]
chr3,55293607,55293626,[84522]
chr3,55534258,55534276,[84589]
chr3,55544124,55544142,[84594]
chr3,55650028,55650046,[84623]
chr3,55915345,55915363,[84705]
chr3,56262433,56262451,[84730]
chr3,57487537,57487555,[84780]
chr3,57576417,57576436,[84812]
chr3,58448474,58448503,[84957]
chr3,58490864,58490882,[84971]
chr3,58521679,58521697,[84993]
chr3,58565186,58565204,[85006]
chr3,58751140,58751159,[85070]
chr3,58817629,58817647,[85081]
chr3,59054949,59054967,[85123]
chr3,59107638,59107656,[85162]
chr3,59114369,59114388,[85166]
chr3,59127264,59127282,[85178]
chr3,59174723,59174741,[85206]
chr3,59225092,59225110,[85242]
chr3,59225709,59225727,[85243]
chr3,59243645,59243663,[85253]
chr3,59702799,59702817,[85318]
chr3,59856528,59856547,[85327]
chr3,60414006,60414024,[85425]
chr3,60417202,60417220,[85426]
chr3,60537485,60537503,[85510]
chr3,60551838,60551856,[85522]
chr3,60560736,60560755,[85529]
chr3,60597217,60597235,[85561]
chr3,60604023,60604042,[85567]
chr3,60763187,60763205,[85602]
chr3,60812404,60812422,[85622]
chr3,61293449,61293468,[85704]
chr3,61366275,61366293,[85736]
chr3,61391749,61391767,[85743]
chr3,61409328,61409347,[85756]
chr3,62453139,62453158,[85862]
chr3,63093032,63093050,[85903]
chr3,63534459,63534478,[85926]
chr3,63799772,63799790,[85943]
chr3,65129908,65129927,[86013]
chr3,65360661,65360679,[86043]
chr3,65411940,65411959,[86064]
chr3,65629775,65629793,[86157]
chr3,65863404,65863422,[86235]
chr3,65946550,65946568,[86278]
chr3,65962064,65962082,[86294]
chr3,65975605,65975623,[86304]
chr3,66164564,66164582,[86343]
chr3,67183342,67183361,[86468]
chr3,67487884,67487902,[86508]
chr3,68054730,68054748,[86565]
chr3,68056473,68056491,[86567]
chr3,68611308,68611326,[86651]
chr3,68647500,68647519,[86671]
chr3,68717462,68717480,[86705]
chr3,68794437,68794455,[86740]
chr3,68956662,68956680,[86790]
chr3,69009464,69009483,[86815]
chr3,69103349,69103367,[86846]
chr3,69142590,69142608,[86870]
chr3,69163000,69163018,[86884]
chr3,69168942,69168960,[86889]
chr3,69238586,69238604,[86935]
chr3,69330148,69330166,[86964]
chr3,69468233,69468252,[87007]
chr3,69481952,69481971,[87014]
chr3,69533412,69533430,[87044]
chr3,69544010,69544028,[87047]
chr3,69576995,69577013,[87062]
chr3,69717688,69717706,[87118]
chr3,70870222,70870240,[87193]
chr3,71564985,71565003,[87199]
chr3,75299532,75299551,[87277]
chr3,75682961,75682980,[87333]
chr3,76293103,76293121,[87452]
chr3,78292215,78292234,[87473]
chr3,78949493,78949511,[87539]
chr3,78991055,78991073,[87556]
chr3,79024369,79024387,[87566]
chr3,79075262,79075280,[87584]
chr3,79127885,79127903,[87610]
chr3,79158350,79158369,[87624]
chr3,79193175,79193193,[87647]
chr3,79278140,79278158,[87716]
chr3,79516343,79516361,[87794]
chr3,79542737,79542755,[87812]
chr3,79900501,79900519,[87921]
chr3,79937044,79937062,[87943]
chr3,80674123,80674141,[88022]
chr3,80809813,80809831,[88039]
chr3,80812500,80812518,[88042]
chr3,81684814,81684832,[88195]
chr3,82176671,82176690,[88300]
chr3,82262220,82262238,[88315]
chr3,82308814,82308832,[88324]
chr3,82808209,82808227,[88374]
chr3,83139965,83139983,[88432]
chr3,83482097,83482115,[88467]
chr3,83875165,83875183,[88533]
chr3,84038605,84038623,[88618]
chr3,84068088,84068106,[88640]
chr3,84068131,84068149,[88640]
chr3,84176230,84176248,[88681]
chr3,84314924,84314942,[88726]
chr3,84334214,84334232,[88732]
chr3,84619900,84619919,[88856]
chr3,84826572,84826590,[88974]
chr3,84909569,84909587,[89019]
chr3,84923363,84923381,[89026]
chr3,84968878,84968896,[89045]
chr3,85611503,85611521,[89155]
chr3,85924369,85924387,[89229]
chr3,86189106,86189125,[89298]
chr3,86786514,86786532,[89422]
chr3,86793130,86793148,[89427]
chr3,88459836,88459854,[90038]
chr3,88510242,88510260,[90076]
chr3,88536637,88536655,[90090]
chr3,88579551,88579569,[90110]
chr3,88659876,88659894,[90153]
chr3,89148210,89148229,[90216]
chr3,89494306,89494324,[90397]
chr3,89633100,89633119,[90457]
chr3,89835995,89836013,[90525]
chr3,90304598,90304616,[90718]
chr3,90394753,90394771,[90756]
chr3,90595600,90595619,[90842]
chr3,92082064,92082083,[90927]
chr3,92771793,92771812,[90951]
chr3,94366948,94366966,[91110]
chr3,94638223,94638241,[91220]
chr3,95949400,95949419,[91633]
chr3,95972384,95972402,[91648]
chr3,96100375,96100394,[91705]
chr3,96522335,96522353,[91790]
chr3,96813244,96813262,[91922]
chr3,97203659,97203677,[92022]
chr3,97655141,97655159,[92111]
chr3,97734361,97734379,[92134]
chr3,97796733,97796751,[92156]
chr3,97932916,97932935,[92203]
chr3,98054081,98054099,[92306]
chr3,98062760,98062778,[92320]
chr3,98353940,98353959,[92434]
chr3,98389608,98389626,[92449]
chr3,98969133,98969151,[92487]
chr3,99448191,99448209,[92558]
chr3,100014156,100014174,[92588]
chr3,100364340,100364358,[92626]
chr3,100610165,100610184,[92741]
chr3,101004056,101004074,[92861]
chr3,101072602,101072620,[92908]
chr3,101289539,101289557,[93007]
chr3,101323019,101323037,[93039]
chr3,101500112,101500130,[93105]
chr3,101627156,101627175,[93176]
chr3,101716479,101716497,[93225]
chr3,101856188,101856206,[93277]
chr3,102481675,102481693,[93426]
chr3,102749163,102749181,[93484]
chr3,103138649,103138667,[93555]
chr3,103322615,103322633,[93610]
chr3,103520926,103520945,[93676]
chr3,103648722,103648740,[93716]
chr3,103740461,103740479,[93744]
chr3,103753160,103753178,[93749]
chr3,103781022,103781040,[93764]
chr3,103801721,103801739,[93784]
chr3,103809932,103809950,[93796]
chr3,103998932,103998951,[93890]
chr3,104078865,104078883,[93899]
chr3,104160754,104160772,[93910]
chr3,104256423,104256441,[93933]
chr3,104297308,104297327,[93940]
chr3,104445864,104445882,[93979]
chr3,104466340,104466358,[93986]
chr3,104565797,104565816,[94023]
chr3,105078014,105078032,[94237]
chr3,105438788,105438806,[94300]
chr3,105751281,105751300,[94394]
chr3,105873013,105873031,[94486]
chr3,105927241,105927259,[94522]
chr3,106003396,106003415,[94551]
chr3,106320310,106320329,[94565]
chr3,107206244,107206263,[94798]
chr3,107214745,107214763,[94804]
chr3,107834456,107834475,[95046]
chr3,107849209,107849227,[95054]
chr3,107946512,107946531,[95093]
chr3,107986248,107986267,[95106]
chr3,107999598,107999617,[95111]
chr3,108027036,108027054,[95127]
chr3,108109901,108109919,[95162]
chr3,108113816,108113834,[95165]
chr3,108323103,108323121,[95268]
chr3,108330614,108330632,[95271]
chr3,108635614,108635632,[95363]
chr3,108653096,108653114,[95366]
chr3,108864398,108864416,[95448]
chr3,109011265,109011284,[95525]
chr3,109058089,109058108,[95556]
chr3,109252319,109252337,[95611]
chr3,109464652,109464670,[95719]
chr3,109478542,109478560,[95727]
chr3,109697847,109697865,[95779]
chr3,109719408,109719426,[95785]
chr3,109754450,109754469,[95795]
chr3,109771743,109771761,[95801]
chr3,110149333,110149351,[95835]
chr3,113657060,113657078,[95878]
chr3,114244924,114244942,[95884]
chr3,114747844,114747863,[95891]
chr3,114908865,114908883,[95900]
chr3,115902550,115902568,[96116]
chr3,115951888,115951906,[96135]
chr3,115972688,115972706,[96147]
chr3,116055097,116055116,[96185]
chr3,116108586,116108604,[96202]
chr3,116327423,116327441,[96289]
chr3,116630348,116630367,[96432]
chr3,116919839,116919857,[96535]
chr3,116982397,116982415,[96546]
chr3,117116394,117116412,[96569]
chr3,117853855,117853873,[96641]
chr3,118691549,118691568,[96678]
chr3,119795601,119795619,[96742]
chr3,119814990,119815009,[96747]
chr3,120457793,120457811,[96770]
chr3,120982818,120982836,[96797]
chr3,121224254,121224272,[96848]
chr3,121224594,121224613,[96848]
chr3,121365407,121365425,[96911]
chr3,121553461,121553479,[97031]
chr3,121603227,121603245,[97061]
chr3,121682601,121682619,[97100]
chr3,122049238,122049256,[97260]
chr3,122139357,122139376,[97299]
chr3,122336773,122336792,[97353]
chr3,122349369,122349387,[97362]
chr3,122417491,122417509,[97398]
chr3,122502754,122502772,[97449]
chr3,122593182,122593212,[97488]
chr3,122649179,122649197,[97518]
chr3,123181092,123181110,[97674]
chr3,123335081,123335099,[97720]
chr3,123356592,123356611,[97735]
chr3,123449758,123449777,[97773]
chr3,123478366,123478384,[97779]
chr3,123893467,123893486,[97813]
chr3,124272577,124272595,[97825]
chr3,124501520,124501538,[97838]
chr3,124770459,124770477,[97850]
chr3,125426217,125426235,[97894]
chr3,125819873,125819891,[97907]
chr3,126608995,126609013,[97977]
chr3,126695533,126695551,[98043]
chr3,126958221,126958240,[98133]
chr3,126981396,126981414,[98140]
chr3,127014069,127014087,[98155]
chr3,127153596,127153614,[98188]
chr3,127257758,127257776,[98209]
chr3,127526114,127526132,[98270]
chr3,127634471,127634489,[98301]
chr3,127787488,127787506,[98343]
chr3,127862940,127862959,[98389]
chr3,127918368,127918386,[98421]
chr3,127930332,127930351,[98429]
chr3,128122677,128122696,[98454]
chr3,128155199,128155217,[98460]
chr3,129182147,129182165,[98515]
chr3,129332428,129332446,[98564]
chr3,129488640,129488658,[98627]
chr3,129594856,129594874,[98688]
chr3,129639925,129639944,[98714]
chr3,129650308,129650326,[98721]
chr3,130073565,130073583,[98865]
chr3,130125913,130125931,[98876]
chr3,130380401,130380419,[98927]
chr3,130812496,130812514,[99021]
chr3,130920832,130920856,[99063]
chr3,130946679,130946697,[99079]
chr3,130991660,130991678,[99097]
chr3,131065124,131065142,[99120]
chr3,131140295,131140313,[99163]
chr3,131176960,131176978,[99189]
chr3,131589421,131589439,[99330]
chr3,131610252,131610270,[99338]
chr3,131713000,131713018,[99370]
chr3,131921383,131921401,[99413]
chr3,132125575,132125593,[99465]
chr3,132171714,132171732,[99473]
chr3,132698408,132698427,[99523]
chr3,132802603,132802622,[99551]
chr3,132929558,132929576,[99595]
chr3,133347628,133347646,[99685]
chr3,133359915,133359933,[99688]
chr3,133486697,133486715,[99726]
chr3,133520983,133521002,[99746]
chr3,133708461,133708480,[99843]
chr3,134366914,134366932,[99917]
chr3,134718773,134718792,[99933]
chr3,135290454,135290472,[99975]
chr3,135313192,135313210,[99987]
chr3,135420690,135420708,[100016]
chr3,135798494,135798513,[100209]
chr3,135903531,135903549,[100233]
chr3,136101744,136101763,[100275]
chr3,136156007,136156026,[100285]
chr3,136156034,136156052,[100285]
chr3,136164561,136164579,[100286]
chr3,136213398,136213417,[100295]
chr3,136244768,136244786,[100304]
chr3,136349886,136349904,[100349]
chr3,136418801,136418819,[100363]
chr3,136456123,136456141,[100382]
chr3,136592465,136592484,[100411]
chr3,136771920,136771938,[100515]
chr3,137069061,137069080,[100597]
chr3,137328313,137328331,[100647]
chr3,137888257,137888276,[100794]
chr3,137964231,137964249,[100842]
chr3,138025569,138025587,[100882]
chr3,138144768,138144787,[100926]
chr3,138458261,138458279,[101010]
chr3,138512354,138512372,[101036]
chr3,138565325,138565343,[101064]
chr3,138645527,138645545,[101091]
chr3,138843384,138843402,[101182]
chr3,138844669,138844687,[101183]
chr3,138858636,138858654,[101193]
chr3,139061929,139061948,[101281]
chr3,139277469,139277487,[101330]
chr3,139419215,139419234,[101340]
chr3,140150601,140150619,[101373]
chr3,140412195,140412214,[101379]
chr3,140839423,140839441,[101390]
chr3,141547460,141547478,[101424]
chr3,141977824,141977842,[101493]
chr3,142222797,142222815,[101527]
chr3,142246766,142246784,[101533]
chr3,142269180,142269199,[101541]
chr3,142295046,142295064,[101556]
chr3,142493991,142494010,[101637]
chr3,142618875,142618893,[101689]
chr3,142619864,142619882,[101691]
chr3,143092218,143092236,[101829]
chr3,143671485,143671503,[101940]
chr3,143925583,143925601,[102019]
chr3,143954624,143954642,[102028]
chr3,143972881,143972899,[102034]
chr3,144004056,144004074,[102039]
chr3,144050303,144050321,[102067]
chr3,144078727,144078746,[102080]
chr3,144168942,144168960,[102119]
chr3,144714720,144714738,[102399]
chr3,144848045,144848063,[102422]
chr3,145024913,145024931,[102453]
chr3,145268256,145268274,[102498]
chr3,145471337,145471356,[102533]
chr3,145575554,145575572,[102547]
chr3,145592101,145592119,[102553]
chr3,145599191,145599209,[102556]
chr3,145626186,145626204,[102572]
chr3,145840001,145840019,[102628]
chr3,146028471,146028489,[102715]
chr3,146029414,146029432,[102716]
chr3,146142700,146142718,[102759]
chr3,146192475,146192493,[102792]
chr3,146416135,146416153,[102875]
chr3,146419055,146419073,[102876]
chr3,146682192,146682210,[102965]
chr3,146776348,146776367,[103015]
chr3,146833861,146833879,[103039]
chr3,147153553,147153572,[103087]
chr3,148227368,148227386,[103148]
chr3,148326897,148326916,[103163]
chr3,148488447,148488465,[103210]
chr3,148496831,148496849,[103215]
chr3,148501270,148501289,[103216]
chr3,148562252,148562270,[103229]
chr3,148795987,148796005,[103289]
chr3,149042796,149042814,[103382]
chr3,149075638,149075656,[103392]
chr3,149086940,149086958,[103398]
chr3,149134588,149134606,[103420]
chr3,149181748,149181766,[103439]
chr3,149223721,149223739,[103455]
chr3,149338807,149338825,[103510]
chr3,149426407,149426425,[103544]
chr3,149478524,149478543,[103568]
chr3,150237022,150237040,[103644]
chr3,151262913,151262932,[103693]
chr3,152170871,152170889,[103857]
chr3,152231639,152231657,[103876]
chr3,152406498,152406517,[103926]
chr3,152831580,152831598,[104051]
chr3,152846552,152846570,[104053]
chr3,152878025,152878043,[104062]
chr3,152941931,152941949,[104096]
chr3,152952447,152952465,[104103]
chr3,153267694,153267712,[104203]
chr3,153340189,153340207,[104225]
chr3,153387602,153387620,[104242]
chr3,153574363,153574381,[104311]
chr3,153636577,153636595,[104335]
chr3,153904698,153904716,[104483]
chr3,153959519,153959537,[104503]
chr3,154185091,154185109,[104552]
chr3,154318079,154318098,[104597]
chr3,154429783,154429801,[104626]
chr3,154574003,154574021,[104655]
chr3,156368946,156368965,[104816]
chr3,156522912,156522930,[104835]
chr3,156563217,156563235,[104843]
chr3,156791377,156791396,[104860]
chr3,157109643,157109661,[104871]
chr3,157377721,157377739,[104911]
chr3,157621490,157621508,[104962]
chr3,157975986,157976004,[105020]
chr3,157979765,157979783,[105022]
chr4,3625573,3625591,[105183]
chr4,3705846,3705864,[105237]
chr4,3765661,3765679,[105282]
chr4,3779984,3780002,[105296]
chr4,3924468,3924487,[105348]
chr4,4695931,4695949,[105407]
chr4,5799813,5799832,[105521]
chr4,6062540,6062558,[105533]
chr4,6374018,6374036,[105599]
chr4,6404219,6404237,[105611]
chr4,6538462,6538480,[105673]
chr4,6830177,6830195,[105743]
chr4,6868879,6868898,[105755]
chr4,7588738,7588756,[105946]
chr4,8284739,8284757,[106050]
chr4,8838769,8838787,[106239]
chr4,8842510,8842529,[106242]
chr4,8902848,8902867,[106265]
chr4,8963145,8963163,[106310]
chr4,9616363,9616381,[106465]
chr4,9898050,9898068,[106572]
chr4,10508472,10508490,[106628]
chr4,10804860,10804879,[106661]
chr4,11076493,11076511,[106772]
chr4,11410286,11410305,[106910]
chr4,11682526,11682544,[106996]
chr4,11818883,11818902,[107061]
chr4,11884793,11884811,[107083]
chr4,11887896,11887914,[107086]
chr4,11897959,11897977,[107092]
chr4,12083139,12083157,[107154]
chr4,12087613,12087632,[107158]
chr4,12560444,12560462,[107207]
chr4,13281813,13281831,[107296]
chr4,14526164,14526182,[107421]
chr4,15986708,15986727,[107601]
chr4,15995737,15995755,[107607]
chr4,16154337,16154356,[107660]
chr4,16208922,16208940,[107684]
chr4,16211708,16211727,[107686]
chr4,17855347,17855365,[107720]
chr4,19569378,19569397,[107780]
chr4,19697036,19697054,[107802]
chr4,19698725,19698743,[107805]
chr4,19922652,19922670,[107861]
chr4,19942327,19942345,[107871]
chr4,20122442,20122460,[107917]
chr4,21436924,21436942,[107975]
chr4,25035244,25035262,[108258]
chr4,28785023,28785041,[108344]
chr4,28802954,28802972,[108347]
chr4,28945894,28945912,[108374]
chr4,29084114,29084132,[108382]
chr4,29830488,29830506,[108411]
chr4,31561888,31561906,[108462]
chr4,31832873,31832891,[108498]
chr4,31932873,31932891,[108512]
chr4,32047122,32047140,[108546]
chr4,32126219,32126237,[108568]
chr4,32170415,32170433,[108604]
chr4,32188689,32188707,[108613]
chr4,32249864,32249882,[108651]
chr4,32574842,32574860,[108854]
chr4,32669923,32669941,[108878]
chr4,32871979,32871997,[108925]
chr4,32875134,32875153,[108928]
chr4,32986510,32986528,[108977]
chr4,33467370,33467388,[109131]
chr4,33746511,33746530,[109215]
chr4,33759888,33759906,[109218]
chr4,34234715,34234733,[109292]
chr4,34309358,34309376,[109307]
chr4,34309471,34309489,[109307]
chr4,34643409,34643427,[109386]
chr4,34865266,34865284,[109447]
chr4,35096169,35096188,[109546]
chr4,35130938,35130956,[109562]
chr4,35165518,35165536,[109584]
chr4,35301209,35301227,[109617]
chr4,36287998,36288016,[109671]
chr4,36314652,36314671,[109681]
chr4,37099031,37099049,[109714]
chr4,39305705,39305723,[109757]
chr4,39310287,39310306,[109758]
chr4,40136719,40136737,[109789]
chr4,40213251,40213269,[109813]
chr4,40213294,40213312,[109813]
chr4,40680484,40680503,[109909]
chr4,40725759,40725777,[109928]
chr4,40735292,40735310,[109934]
chr4,40785862,40785880,[109961]
chr4,41327047,41327066,[110182]
chr4,41356886,41356904,[110194]
chr4,41469362,41469380,[110227]
chr4,41513800,41513818,[110239]
chr4,41714391,41714409,[110314]
chr4,42943886,42943904,[110363]
chr4,42961826,42961844,[110372]
chr4,43287563,43287581,[110444]
chr4,43646861,43646879,[110603]
chr4,43734144,43734162,[110634]
chr4,43888629,43888647,[110666]
chr4,44163373,44163392,[110785]
chr4,44247788,44247806,[110816]
chr4,44271436,44271454,[110823]
chr4,44608195,44608213,[110891]
chr4,44641800,44641818,[110909]
chr4,44670616,44670634,[110924]
chr4,44812385,44812403,[110972]
chr4,45032793,45032811,[111058]
chr4,45068037,45068055,[111070]
chr4,45392315,45392333,[111132]
chr4,45494098,45494116,[111220]
chr4,45749597,45749615,[111313]
chr4,45820017,45820035,[111351]
chr4,46053069,46053087,[111439]
chr4,46728487,46728505,[111736]
chr4,46800151,46800169,[111766]
chr4,47020810,47020829,[111848]
chr4,47143897,47143915,[111908]
chr4,47634837,47634856,[112104]
chr4,47728285,47728303,[112134]
chr4,47736961,47736979,[112135]
chr4,47808617,47808635,[112153]
chr4,47953946,47953964,[112192]
chr4,47980936,47980954,[112198]
chr4,48023306,48023324,[112209]
chr4,48149304,48149322,[112270]
chr4,48714100,48714119,[112394]
chr4,49100750,49100768,[112451]
chr4,49198242,49198260,[112469]
chr4,49206310,49206328,[112472]
chr4,49626729,49626748,[112544]
chr4,49640207,49640226,[112551]
chr4,50138881,50138899,[112594]
chr4,50772654,50772672,[112624]
chr4,52930745,52930764,[112680]
chr4,53112022,53112040,[112724]
chr4,53125308,53125326,[112742]
chr4,53303785,53303804,[112822]
chr4,53315653,53315671,[112827]
chr4,53339898,53339916,[112841]
chr4,53352817,53352835,[112846]
chr4,53400326,53400345,[112862]
chr4,53412204,53412222,[112865]
chr4,53631367,53631385,[112948]
chr4,53790780,53790798,[112977]
chr4,54034947,54034965,[113046]
chr4,54338723,54338741,[113082]
chr4,54358565,54358583,[113086]
chr4,55113112,55113131,[113239]
chr4,55154537,55154555,[113250]
chr4,55238629,55238647,[113256]
chr4,55327664,55327682,[113279]
chr4,55364047,55364065,[113302]
chr4,55396644,55396662,[113315]
chr4,55570267,55570285,[113390]
chr4,55658695,55658714,[113436]
chr4,55800717,55800736,[113511]
chr4,55805829,55805847,[113515]
chr4,56059048,56059066,[113592]
chr4,56373801,56373819,[113664]
chr4,56472613,56472631,[113675]
chr4,56474348,56474366,[113676]
chr4,56493123,56493141,[113685]
chr4,56901907,56901925,[113788]
chr4,56979427,56979445,[113822]
chr4,57308293,57308311,[113995]
chr4,57675623,57675641,[114087]
chr4,57735319,57735338,[114120]
chr4,57815484,57815502,[114154]
chr4,57822796,57822814,[114158]
chr4,58196188,58196206,[114289]
chr4,58413906,58413925,[114342]
chr4,58467760,58467778,[114363]
chr4,58470329,58470347,[114366]
chr4,58586237,58586255,[114409]
chr4,58745175,58745193,[114457]
chr4,58765502,58765520,[114462]
chr4,59200941,59200959,[114587]
chr4,59248310,59248329,[114619]
chr4,59374821,59374839,[114722]
chr4,59669403,59669421,[114850]
chr4,59699752,59699778,[114857]
chr4,59895327,59895345,[114972]
chr4,59895485,59895504,[114972]
chr4,59925191,59925209,[114982]
chr4,60175140,60175158,[114991]
chr4,61794477,61794496,[115016]
chr4,61811228,61811246,[115029]
chr4,61845182,61845200,[115057]
chr4,62354021,62354039,[115138]
chr4,62568087,62568106,[115233]
chr4,62644209,62644227,[115285]
chr4,62650331,62650350,[115290]
chr4,62684674,62684692,[115320]
chr4,62745950,62745968,[115371]
chr4,62892988,62893006,[115432]
chr4,63003774,63003792,[115457]
chr4,63166592,63166610,[115531]
chr4,63587811,63587829,[115762]
chr4,63710559,63710578,[115812]
chr4,64216124,64216142,[115958]
chr4,64833129,64833147,[115979]
chr4,65187465,65187484,[116006]
chr4,65299006,65299024,[116023]
chr4,65874665,65874683,[116085]
chr4,66843533,66843551,[116146]
chr4,66956436,66956454,[116169]
chr4,67345391,67345409,[116190]
chr4,68857026,68857045,[116223]
chr4,68865397,68865416,[116224]
chr4,70303897,70303915,[116304]
chr4,70304002,70304021,[116304]
chr4,71485060,71485078,[116444]
chr4,71658993,71659011,[116460]
chr4,72176087,72176105,[116502]
chr4,74191396,74191414,[116612]
chr4,74280302,74280320,[116633]
chr4,74319513,74319531,[116646]
chr4,80202482,80202500,[116809]
chr4,80907682,80907700,[116842]
chr4,81320409,81320427,[116881]
chr4,81580478,81580496,[116898]
chr4,81826188,81826206,[116930]
chr4,82021437,82021456,[116944]
chr4,82677399,82677417,[117088]
chr4,83354064,83354082,[117269]
chr4,83380442,83380460,[117280]
chr4,83568709,83568728,[117351]
chr4,83722902,83722920,[117373]
chr4,83888698,83888717,[117409]
chr4,84158278,84158296,[117519]
chr4,84282795,84282813,[117552]
chr4,84407425,84407443,[117575]
chr4,84686096,84686114,[117620]
chr4,84918518,84918536,[117661]
chr4,84942403,84942421,[117665]
chr4,85061696,85061714,[117691]
chr4,85612846,85612865,[117743]
chr4,85767074,85767092,[117760]
chr4,85832333,85832351,[117768]
chr4,85842395,85842414,[117771]
chr4,86719322,86719340,[117906]
chr4,86764515,86764533,[117926]
chr4,86930659,86930677,[117960]
chr4,87435197,87435215,[118029]
chr4,87447046,87447064,[118031]
chr4,87467228,87467246,[118042]
chr4,87893659,87893678,[118149]
chr4,87903426,87903445,[118155]
chr4,87934338,87934356,[118173]
chr4,87967075,87967094,[118189]
chr4,88119216,88119234,[118248]
chr4,88184447,88184466,[118275]
chr4,88353808,88353826,[118329]
chr4,88415307,88415326,[118347]
chr4,88471723,88471741,[118373]
chr4,88475291,88475309,[118375]
chr4,88513933,88513951,[118388]
chr4,88726670,88726688,[118456]
chr4,88817492,88817510,[118470]
chr4,88862757,88862775,[118487]
chr4,88867617,88867636,[118493]
chr4,88912987,88913005,[118511]
chr4,88918698,88918716,[118512]
chr4,89129768,89129786,[118584]
chr4,89265758,89265777,[118623]
chr4,89430052,89430071,[118695]
chr4,89508326,89508345,[118727]
chr4,93223505,93223523,[118819]
chr4,94517890,94517908,[118949]
chr4,94533356,94533374,[118955]
chr4,94543282,94543300,[118958]
chr4,94859284,94859302,[119014]
chr4,95677661,95677679,[119333]
chr4,95684968,95684987,[119334]
chr4,95778776,95778794,[119382]
chr4,96683578,96683596,[119480]
chr4,96683754,96683772,[119480]
chr4,96691726,96691744,[119481]
chr4,97605351,97605369,[119579]
chr4,98118815,98118834,[119800]
chr4,98436724,98436743,[119880]
chr4,98436775,98436794,[119880]
chr4,98496500,98496518,[119907]
chr4,98511942,98511960,[119915]
chr4,98660874,98660893,[119952]
chr4,98777829,98777847,[119981]
chr4,98796920,98796939,[119987]
chr4,98843393,98843412,[120000]
chr4,98879323,98879341,[120005]
chr4,99006489,99006507,[120032]
chr4,99061635,99061654,[120050]
chr4,99224377,99224395,[120130]
chr4,99253268,99253286,[120137]
chr4,99377860,99377879,[120160]
chr4,99828285,99828303,[120222]
chr4,99828413,99828432,[120222]
chr4,100096577,100096595,[120298]
chr4,100223862,100223880,[120353]
chr4,100426700,100426718,[120437]
chr4,100915482,100915500,[120510]
chr4,101168531,101168549,[120560]
chr4,101186015,101186033,[120574]
chr4,101209664,101209683,[120595]
chr4,101213387,101213405,[120596]
chr4,101217352,101217371,[120601]
chr4,101236078,101236096,[120616]
chr4,101284219,101284237,[120653]
chr4,101440274,101440292,[120725]
chr4,102226857,102226876,[120866]
chr4,102233725,102233744,[120868]
chr4,102486180,102486198,[120910]
chr4,102517173,102517191,[120940]
chr4,102530916,102530934,[120952]
chr4,102566713,102566731,[120969]
chr4,102624782,102624801,[121022]
chr4,102682366,102682384,[121052]
chr4,102691498,102691517,[121056]
chr4,102804780,102804798,[121088]
chr4,103154909,103154927,[121212]
chr4,103329371,103329389,[121263]
chr4,105015270,105015288,[121428]
chr4,105033420,105033439,[121431]
chr4,105214716,105214734,[121496]
chr4,105224345,105224363,[121501]
chr4,105329572,105329591,[121555]
chr4,105460251,105460269,[121582]
chr4,105466823,105466841,[121583]
chr4,105550175,105550193,[121595]
chr4,106228848,106228866,[121740]
chr4,106323573,106323591,[121775]
chr4,106330782,106330800,[121779]
chr4,106436726,106436745,[121796]
chr4,106724492,106724510,[121896]
chr4,106771104,106771122,[121907]
chr4,106810143,106810161,[121931]
chr4,106899087,106899105,[121969]
chr4,106905150,106905168,[121972]
chr4,107013723,107013742,[122035]
chr4,107502957,107502975,[122223]
chr4,107718945,107718963,[122293]
chr4,107720235,107720253,[122295]
chr4,107761945,107761964,[122323]
chr4,107794397,107794415,[122341]
chr4,108071633,108071652,[122449]
chr4,108082560,108082579,[122457]
chr4,108335593,108335611,[122510]
chr4,108587873,108587891,[122571]
chr4,108790814,108790833,[122609]
chr4,108824976,108824994,[122616]
chr4,108838368,108838386,[122626]
chr4,108909738,108909756,[122639]
chr4,109086547,109086565,[122678]
chr4,109202263,109202281,[122728]
chr4,109294119,109294138,[122776]
chr4,109550629,109550647,[122850]
chr4,109945661,109945679,[122931]
chr4,110672797,110672816,[122992]
chr4,111365231,111365249,[123026]
chr4,111503110,111503128,[123106]
chr4,112232036,112232054,[123211]
chr4,112252481,112252499,[123215]
chr4,112787707,112787725,[123243]
chr4,114351913,114351931,[123278]
chr4,114665746,114665764,[123432]
chr4,114674898,114674916,[123440]
chr4,114922201,114922219,[123528]
chr4,115742995,115743013,[123665]
chr4,115775227,115775245,[123671]
chr4,115780429,115780447,[123674]
chr4,115954727,115954745,[123741]
chr4,116001432,116001450,[123757]
chr4,116048742,116048760,[123775]
chr4,116220287,116220305,[123833]
chr4,116451007,116451025,[123879]
chr4,116482755,116482774,[123887]
chr4,116500283,116500301,[123894]
chr4,116597314,116597332,[123914]
chr4,116626739,116626757,[123918]
chr4,116703966,116703984,[123950]
chr4,116739488,116739506,[123961]
chr4,116777152,116777170,[123970]
chr4,117040393,117040411,[124019]
chr4,117125893,117125911,[124054]
chr4,117139347,117139365,[124066]
chr4,118152225,118152243,[124422]
chr4,118344521,118344539,[124503]
chr4,118505643,118505661,[124553]
chr4,118535253,118535271,[124570]
chr4,119022084,119022102,[124630]
chr4,119075610,119075628,[124642]
chr4,119082646,119082664,[124645]
chr4,119223786,119223804,[124714]
chr4,119268591,119268609,[124739]
chr4,119594649,119594667,[124831]
chr4,119790917,119790935,[124897]
chr4,119799156,119799174,[124898]
chr4,119804737,119804755,[124899]
chr4,120061689,120061707,[125063]
chr4,120071389,120071407,[125070]
chr4,120224900,120224918,[125146]
chr4,120407009,120407027,[125215]
chr4,120697403,120697421,[125280]
chr4,120746105,120746123,[125301]
chr4,120832691,120832709,[125346]
chr4,120832775,120832793,[125346]
chr4,120925506,120925524,[125383]
chr4,120984482,120984500,[125414]
chr4,120995698,120995716,[125423]
chr4,121029150,121029168,[125454]
chr4,121196102,121196120,[125493]
chr4,121978335,121978353,[125529]
chr4,122020239,122020258,[125556]
chr4,122039542,122039560,[125575]
chr4,122880830,122880849,[125651]
chr4,122887165,122887184,[125656]
chr4,122944714,122944732,[125689]
chr4,123571934,123571952,[125935]
chr4,123667482,123667500,[125988]
chr4,123752578,123752596,[126024]
chr4,123951942,123951961,[126064]
chr4,123962593,123962611,[126069]
chr4,124770719,124770737,[126268]
chr4,124997972,124997990,[126353]
chr4,124998026,124998045,[126353]
chr4,125261783,125261801,[126473]
chr4,125392163,125392182,[126506]
chr4,125429002,125429020,[126520]
chr4,125645315,125645333,[126596]
chr4,125850408,125850427,[126666]
chr4,125938379,125938397,[126699]
chr4,126030975,126030993,[126732]
chr4,126057645,126057664,[126743]
chr4,126063982,126064000,[126750]
chr4,126064011,126064029,[126750]
chr4,126194457,126194475,[126813]
chr4,126217821,126217839,[126827]
chr4,126528821,126528839,[126927]
chr4,126803775,126803793,[127005]
chr4,126883848,126883866,[127025]
chr4,126942406,126942424,[127033]
chr4,127277153,127277171,[127123]
chr4,128688667,128688685,[127344]
chr4,128741014,128741032,[127379]
chr4,128743363,128743381,[127380]
chr4,128802335,128802353,[127414]
chr4,129063207,129063225,[127556]
chr4,129267513,129267531,[127643]
chr4,129342016,129342034,[127666]
chr4,129451599,129451617,[127702]
chr4,129810375,129810393,[127861]
chr4,129826961,129826979,[127873]
chr4,129828190,129828208,[127875]
chr4,130174541,130174559,[128026]
chr4,130303387,130303405,[128068]
chr4,130828089,130828107,[128191]
chr4,130835741,130835759,[128194]
chr4,130894372,130894390,[128220]
chr4,130899940,130899958,[128223]
chr4,131805754,131805772,[128459]
chr4,132089151,132089169,[128563]
chr4,132353733,132353752,[128661]
chr4,132411459,132411477,[128677]
chr4,132539688,132539706,[128725]
chr4,132577278,132577296,[128745]
chr4,132601398,132601417,[128760]
chr4,132617414,132617432,[128768]
chr4,132659280,132659299,[128789]
chr4,132975112,132975130,[128922]
chr4,133092349,133092367,[129001]
chr4,133182631,133182650,[129061]
chr4,133237179,133237197,[129086]
chr4,133250878,133250896,[129095]
chr4,133272058,133272076,[129111]
chr4,133278405,133278423,[129115]
chr4,133650073,133650091,[129275]
chr4,134370526,134370545,[129605]
chr4,134522773,134522791,[129659]
chr4,134730345,134730363,[129763]
chr4,134730467,134730485,[129763]
chr4,134766551,134766569,[129803]
chr4,134883566,134883584,[129857]
chr4,134892161,134892179,[129859]
chr4,134929813,134929831,[129876]
chr4,134937424,134937443,[129880]
chr4,135074741,135074759,[129937]
chr4,135177867,135177886,[130013]
chr4,135220448,135220467,[130035]
chr4,135278490,135278508,[130069]
chr4,135280285,135280303,[130070]
chr4,135706220,135706238,[130236]
chr4,135824923,135824941,[130271]
chr4,135855554,135855572,[130278]
chr4,136044375,136044393,[130377]
chr4,136120840,136120859,[130420]
chr4,136158737,136158755,[130444]
chr4,136377188,136377206,[130524]
chr4,136601648,136601666,[130581]
chr4,136627246,136627264,[130587]
chr4,136808831,136808850,[130661]
chr4,137388755,137388774,[130830]
chr4,137448354,137448373,[130839]
chr4,138017830,138017849,[131077]
chr4,138066448,138066466,[131092]
chr4,138418116,138418134,[131201]
chr4,138857218,138857236,[131300]
chr4,138954154,138954172,[131331]
chr4,139136313,139136331,[131392]
chr4,139232849,139232867,[131446]
chr4,139287615,139287633,[131472]
chr4,139397274,139397292,[131512]
chr4,139674118,139674136,[131605]
chr4,139805446,139805464,[131638]
chr4,139852884,139852902,[131659]
chr4,139947575,139947593,[131673]
chr4,139967580,139967598,[131678]
chr4,140122617,140122636,[131728]
chr4,140153825,140153843,[131735]
chr4,140221161,140221179,[131747]
chr4,140234544,140234562,[131752]
chr4,140495730,140495748,[131786]
chr4,140601363,140601381,[131833]
chr4,140610885,140610903,[131840]
chr4,140636517,140636535,[131857]
chr4,140696036,140696054,[131895]
chr4,140854776,140854794,[131978]
chr4,141340418,141340437,[132229]
chr4,141347776,141347794,[132233]
chr4,141584495,141584513,[132336]
chr4,141669300,141669318,[132390]
chr4,141672470,141672489,[132394]
chr4,142024844,142024862,[132572]
chr4,142078022,142078040,[132609]
chr4,142205455,142205474,[132679]
chr4,142235534,142235552,[132689]
chr4,143188104,143188123,[132864]
chr4,143213096,143213114,[132880]
chr4,143383887,143383906,[132943]
chr4,144429000,144429018,[132969]
chr4,144613841,144613859,[132976]
chr4,144782655,144782673,[132983]
chr4,144837473,144837491,[132987]
chr4,144906753,144906771,[133018]
chr4,144949943,144949961,[133048]
chr4,145025494,145025512,[133113]
chr4,145069288,145069306,[133141]
chr4,145140325,145140343,[133173]
chr4,147858197,147858216,[133342]
chr4,147941634,147941653,[133382]
chr4,148060934,148060952,[133424]
chr4,148079338,148079356,[133434]
chr4,148487674,148487693,[133575]
chr4,148656819,148656838,[133642]
chr4,149010238,149010257,[133798]
chr4,149146353,149146371,[133848]
chr4,149283295,149283313,[133898]
chr4,149453842,149453860,[133963]
chr4,149462662,149462680,[133974]
chr4,149658330,149658349,[134047]
chr4,149850787,149850805,[134150]
chr4,150324406,150324424,[134388]
chr4,150396506,150396524,[134419]
chr4,150397058,150397077,[134420]
chr4,150477208,150477226,[134461]
chr4,150486239,150486258,[134463]
chr4,150584025,150584043,[134514]
chr4,150776152,150776171,[134613]
chr4,150809394,150809412,[134629]
chr4,150915463,150915481,[134669]
chr4,151149184,151149202,[134755]
chr4,151293008,151293026,[134781]
chr4,151302371,151302389,[134786]
chr4,151319070,151319088,[134795]
chr4,151401449,151401467,[134814]
chr4,151880474,151880492,[134936]
chr4,152202725,152202743,[135116]
chr4,152209818,152209836,[135122]
chr4,152217982,152218000,[135126]
chr4,154081299,154081317,[135539]
chr4,154098591,154098610,[135544]
chr4,154171539,154171557,[135581]
chr4,154559277,154559295,[135749]
chr4,154586255,154586273,[135761]
chr4,154587256,154587275,[135762]
chr4,154956736,154956754,[135912]
chr4,154993271,154993290,[135931]
chr4,155162349,155162367,[136013]
chr4,155189780,155189799,[136039]
chr4,155197869,155197887,[136043]
chr4,155245883,155245901,[136074]
chr4,155582446,155582464,[136214]
chr4,155692477,155692495,[136251]
chr4,155831493,155831511,[136303]
chr4,155884960,155884978,[136332]
chr4,155991755,155991773,[136353]
chr4,156044643,156044661,[136387]
chr5,3337976,3337994,[136522]
chr5,3464078,3464096,[136617]
chr5,3651684,3651703,[136693]
chr5,3670100,3670119,[136698]
chr5,4114782,4114800,[136794]
chr5,4595226,4595244,[136890]
chr5,4932018,4932036,[136954]
chr5,4963474,4963492,[136967]
chr5,5012119,5012138,[136976]
chr5,5184325,5184344,[137007]
chr5,5227135,5227154,[137024]
chr5,5381420,5381438,[137095]
chr5,5501578,5501596,[137125]
chr5,7660884,7660903,[137203]
chr5,8542811,8542829,[137360]
chr5,8590489,8590507,[137367]
chr5,8652303,8652321,[137380]
chr5,8676215,8676233,[137398]
chr5,9059870,9059889,[137500]
chr5,10661743,10661762,[137620]
chr5,10783663,10783681,[137641]
chr5,12978016,12978034,[137807]
chr5,14253554,14253572,[137874]
chr5,16316722,16316740,[137942]
chr5,16472226,16472245,[137982]
chr5,17308225,17308243,[138089]
chr5,17574074,17574092,[138123]
chr5,17770665,17770683,[138137]
chr5,17854677,17854695,[138166]
chr5,17881731,17881749,[138175]
chr5,18009337,18009355,[138219]
chr5,19333990,19334009,[138271]
chr5,19856022,19856040,[138309]
chr5,20080759,20080778,[138369]
chr5,20284342,20284360,[138403]
chr5,20377830,20377849,[138425]
chr5,20899323,20899342,[138557]
chr5,20968574,20968592,[138601]
chr5,21034586,21034605,[138614]
chr5,21118549,21118567,[138645]
chr5,21185899,21185918,[138667]
chr5,21213142,21213161,[138686]
chr5,21247022,21247040,[138704]
chr5,21331820,21331839,[138756]
chr5,21395666,21395684,[138795]
chr5,21414322,21414340,[138800]
chr5,21568044,21568062,[138858]
chr5,21663897,21663916,[138882]
chr5,22160995,22161013,[138967]
chr5,22175095,22175113,[138972]
chr5,22360744,22360762,[138986]
chr5,22480693,22480711,[138995]
chr5,22963921,22963940,[139043]
chr5,23386607,23386625,[139083]
chr5,23588686,23588704,[139169]
chr5,23719444,23719462,[139228]
chr5,23953195,23953213,[139283]
chr5,23995218,23995236,[139292]
chr5,24041726,24041744,[139316]
chr5,24832092,24832110,[139614]
chr5,25125390,25125408,[139768]
chr5,25268025,25268043,[139796]
chr5,25415549,25415567,[139812]
chr5,25472441,25472459,[139824]
chr5,25713512,25713530,[139886]
chr5,25759717,25759735,[139895]
chr5,25943843,25943862,[139917]
chr5,26905592,26905610,[139948]
chr5,27336453,27336472,[140009]
chr5,27743308,27743326,[140046]
chr5,28032170,28032188,[140089]
chr5,28092503,28092521,[140123]
chr5,28322957,28322975,[140197]
chr5,29137461,29137480,[140269]
chr5,29865112,29865130,[140401]
chr5,30009471,30009489,[140452]
chr5,30072605,30072623,[140470]
chr5,30738403,30738422,[140650]
chr5,31279525,31279544,[140833]
chr5,31959255,31959273,[141040]
chr5,32239884,32239902,[141152]
chr5,32338420,32338438,[141178]
chr5,32388041,32388059,[141192]
chr5,32413133,32413152,[141205]
chr5,32413678,32413696,[141206]
chr5,32438188,32438206,[141223]
chr5,32476578,32476597,[141238]
chr5,32477628,32477646,[141239]
chr5,32760135,32760153,[141284]
chr5,32930938,32930956,[141310]
chr5,33009852,33009870,[141331]
chr5,33297425,33297443,[141403]
chr5,33304329,33304347,[141406]
chr5,33347879,33347897,[141418]
chr5,33538118,33538137,[141478]
chr5,33692677,33692695,[141522]
chr5,34827080,34827098,[141833]
chr5,35239056,35239074,[141961]
chr5,35729385,35729403,[142140]
chr5,35805380,35805399,[142180]
chr5,36125225,36125243,[142322]
chr5,36130151,36130169,[142327]
chr5,36316279,36316297,[142392]
chr5,36322013,36322031,[142396]
chr5,36515986,36516004,[142488]
chr5,36548789,36548807,[142511]
chr5,36601730,36601748,[142558]
chr5,36887137,36887155,[142657]
chr5,36920387,36920405,[142665]
chr5,37066880,37066898,[142733]
chr5,37313248,37313267,[142813]
chr5,38205440,38205458,[142973]
chr5,38235772,38235790,[142985]
chr5,38598800,38598818,[143105]
chr5,38905523,38905541,[143193]
chr5,38905830,38905848,[143194]
chr5,38951574,38951592,[143209]
chr5,38967285,38967303,[143211]
chr5,38971843,38971861,[143213]
chr5,39128175,39128194,[143243]
chr5,39257908,39257927,[143273]
chr5,39327310,39327329,[143280]
chr5,39639597,39639615,[143336]
chr5,39873342,39873361,[143380]
chr5,40926910,40926928,[143414]
chr5,41563601,41563620,[143452]
chr5,43052854,43052873,[143595]
chr5,43117076,43117094,[143614]
chr5,43551692,43551710,[143733]
chr5,43685234,43685252,[143782]
chr5,43842022,43842040,[143847]
chr5,43848530,43848549,[143853]
chr5,43883897,43883916,[143883]
chr5,44413558,44413576,[144027]
chr5,44626358,44626377,[144045]
chr5,44654380,44654398,[144049]
chr5,45341988,45342006,[144128]
chr5,45402908,45402926,[144136]
chr5,46028431,46028450,[144264]
chr5,46347577,46347595,[144283]
chr5,47036878,47036896,[144309]
chr5,47121927,47121945,[144312]
chr5,48199609,48199627,[144397]
chr5,48932021,48932040,[144438]
chr5,49370748,49370766,[144455]
chr5,49556862,49556881,[144476]
chr5,51541077,51541095,[144602]
chr5,51853640,51853658,[144662]
chr5,51919967,51919986,[144670]
chr5,51939152,51939170,[144673]
chr5,52190912,52190930,[144760]
chr5,52520988,52521006,[144851]
chr5,52610137,52610155,[144886]
chr5,52771614,52771632,[144933]
chr5,53198781,53198800,[145064]
chr5,53253616,53253635,[145093]
chr5,53275741,53275760,[145109]
chr5,53372727,53372745,[145146]
chr5,53381984,53382002,[145154]
chr5,53481171,53481190,[145218]
chr5,53619721,53619740,[145296]
chr5,53619890,53619908,[145296]
chr5,53623941,53623960,[145300]
chr5,53637022,53637040,[145306]
chr5,53645188,53645207,[145310]
chr5,53685609,53685627,[145325]
chr5,54030834,54030852,[145414]
chr5,54797088,54797106,[145499]
chr5,57727498,57727516,[145546]
chr5,57748235,57748253,[145553]
chr5,57796643,57796662,[145572]
chr5,57874295,57874313,[145601]
chr5,58121464,58121482,[145631]
chr5,59845865,59845883,[145656]
chr5,62854405,62854424,[145798]
chr5,63540831,63540849,[145833]
chr5,63874986,63875005,[145872]
chr5,63959593,63959612,[145909]
chr5,64114356,64114375,[145975]
chr5,64116883,64116901,[145976]
chr5,64161182,64161200,[145996]
chr5,64288592,64288610,[146068]
chr5,64438376,64438394,[146168]
chr5,64472108,64472127,[146180]
chr5,64508969,64508987,[146215]
chr5,64701600,64701619,[146313]
chr5,64737761,64737779,[146329]
chr5,64747531,64747549,[146332]
chr5,64810172,64810190,[146363]
chr5,64900493,64900511,[146413]
chr5,64962117,64962135,[146449]
chr5,65116675,65116694,[146517]
chr5,65325951,65325969,[146574]
chr5,65795486,65795504,[146730]
chr5,65856998,65857016,[146759]
chr5,65869758,65869776,[146775]
chr5,65984188,65984206,[146864]
chr5,66122253,66122271,[146950]
chr5,66298534,66298552,[147033]
chr5,66515475,66515494,[147107]
chr5,66552418,66552436,[147122]
chr5,67395449,67395467,[147371]
chr5,67446687,67446705,[147401]
chr5,67668567,67668586,[147467]
chr5,67669394,67669412,[147468]
chr5,67705808,67705827,[147475]
chr5,67826435,67826453,[147519]
chr5,67990599,67990618,[147573]
chr5,69798833,69798851,[147659]
chr5,71165529,71165547,[147670]
chr5,72161155,72161173,[147720]
chr5,72195566,72195584,[147741]
chr5,72204649,72204668,[147748]
chr5,72743271,72743290,[147885]
chr5,72751692,72751710,[147891]
chr5,72869073,72869091,[147987]
chr5,72948246,72948264,[148028]
chr5,73134059,73134078,[148072]
chr5,73151360,73151378,[148081]
chr5,73194552,73194570,[148113]
chr5,73202321,73202339,[148122]
chr5,73286725,73286744,[148181]
chr5,73307573,73307591,[148189]
chr5,73392387,73392406,[148219]
chr5,73547955,73547973,[148250]
chr5,73915067,73915085,[148327]
chr5,73930321,73930340,[148330]
chr5,74001868,74001886,[148341]
chr5,74041964,74041982,[148356]
chr5,74052504,74052522,[148360]
chr5,74056297,74056315,[148361]
chr5,74056465,74056483,[148361]
chr5,74067022,74067040,[148364]
chr5,74260852,74260870,[148446]
chr5,74285943,74285972,[148459]
chr5,74476643,74476661,[148520]
chr5,74602861,74602879,[148537]
chr5,74682938,74682956,[148558]
chr5,75232319,75232337,[148708]
chr5,75555931,75555949,[148809]
chr5,75633464,75633482,[148855]
chr5,75640922,75640940,[148864]
chr5,75805187,75805206,[148941]
chr5,75836153,75836172,[148964]
chr5,75836997,75837015,[148965]
chr5,75859653,75859671,[148973]
chr5,75877678,75877697,[148980]
chr5,75965272,75965291,[149012]
chr5,75978724,75978743,[149018]
chr5,76067595,76067614,[149052]
chr5,76139337,76139355,[149073]
chr5,76841910,76841929,[149258]
chr5,76851514,76851532,[149264]
chr5,76869180,76869198,[149270]
chr5,76947432,76947450,[149293]
chr5,77170822,77170840,[149388]
chr5,77386253,77386271,[149489]
chr5,78881869,78881887,[149574]
chr5,80659063,80659082,[149595]
chr5,80930687,80930705,[149614]
chr5,81060996,81061015,[149644]
chr5,81062231,81062249,[149645]
chr5,81107583,81107601,[149656]
chr5,85977909,85977927,[149747]
chr5,86036024,86036042,[149753]
chr5,86419613,86419632,[149807]
chr5,87560308,87560326,[149852]
chr5,87850350,87850368,[149860]
chr5,88508716,88508734,[149883]
chr5,88601060,88601079,[149929]
chr5,89900174,89900193,[150180]
chr5,90327007,90327025,[150240]
chr5,90335041,90335059,[150245]
chr5,90395653,90395671,[150269]
chr5,90603799,90603817,[150310]
chr5,90611751,90611769,[150313]
chr5,90768503,90768521,[150383]
chr5,90854123,90854141,[150409]
chr5,90960688,90960706,[150463]
chr5,90965458,90965476,[150470]
chr5,91031853,91031872,[150485]
chr5,91317594,91317612,[150541]
chr5,91569788,91569807,[150585]
chr5,91604826,91604844,[150600]
chr5,91788794,91788813,[150648]
chr5,91945760,91945778,[150679]
chr5,91990577,91990595,[150704]
chr5,92028805,92028823,[150709]
chr5,92149639,92149657,[150766]
chr5,92368278,92368296,[150868]
chr5,92369187,92369205,[150870]
chr5,92374986,92375004,[150876]
chr5,92467139,92467158,[150911]
chr5,92488400,92488418,[150922]
chr5,92496130,92496148,[150930]
chr5,92556020,92556038,[150953]
chr5,93032715,93032733,[151095]
chr5,93051208,93051226,[151105]
chr5,93060998,93061017,[151108]
chr5,93117454,93117473,[151141]
chr5,96574905,96574923,[151393]
chr5,96792497,96792515,[151419]
chr5,96880368,96880386,[151466]
chr5,96905900,96905918,[151484]
chr5,97009832,97009851,[151570]
chr5,97026327,97026345,[151579]
chr5,97078730,97078748,[151603]
chr5,97132975,97132993,[151623]
chr5,97417250,97417268,[151666]
chr5,97574325,97574344,[151674]
chr5,97671097,97671115,[151689]
chr5,97709879,97709897,[151698]
chr5,97843654,97843672,[151726]
chr5,97920440,97920458,[151747]
chr5,98034380,98034398,[151802]
chr5,98064283,98064301,[151806]
chr5,98178529,98178548,[151842]
chr5,98198655,98198674,[151856]
chr5,98955906,98955924,[151934]
chr5,98962656,98962674,[151935]
chr5,99106412,99106430,[151947]
chr5,99345371,99345390,[152029]
chr5,99374567,99374585,[152042]
chr5,99598758,99598776,[152137]
chr5,99857163,99857181,[152176]
chr5,99982418,99982436,[152212]
chr5,99983910,99983929,[152214]
chr5,100048123,100048142,[152238]
chr5,100199626,100199644,[152288]
chr5,100200892,100200910,[152290]
chr5,100359571,100359589,[152354]
chr5,100625033,100625052,[152470]
chr5,100845729,100845748,[152578]
chr5,101005374,101005392,[152621]
chr5,101208513,101208531,[152639]
chr5,101357087,101357106,[152663]
chr5,101670701,101670719,[152692]
chr5,101932949,101932967,[152806]
chr5,101943918,101943936,[152815]
chr5,101980686,101980704,[152831]
chr5,102037800,102037818,[152865]
chr5,102248950,102248968,[152904]
chr5,102366448,102366466,[152909]
chr5,102576763,102576781,[152961]
chr5,102831533,102831551,[153023]
chr5,103356659,103356677,[153066]
chr5,103453830,103453848,[153118]
chr5,103459017,103459035,[153120]
chr5,103519227,103519250,[153141]
chr5,103715061,103715079,[153204]
chr5,103747535,103747553,[153228]
chr5,103807051,103807069,[153278]
chr5,103807444,103807462,[153279]
chr5,103810157,103810176,[153281]
chr5,104062364,104062383,[153379]
chr5,104110610,104110628,[153390]
chr5,104396484,104396502,[153421]
chr5,104433011,104433029,[153436]
chr5,105062937,105062955,[153525]
chr5,105294143,105294161,[153599]
chr5,105304401,105304420,[153603]
chr5,105540750,105540769,[153714]
chr5,105642391,105642410,[153776]
chr5,105715695,105715713,[153829]
chr5,105817706,105817724,[153884]
chr5,105889273,105889291,[153917]
chr5,106803155,106803173,[154047]
chr5,107098447,107098465,[154159]
chr5,107100647,107100665,[154161]
chr5,107168129,107168147,[154201]
chr5,107307735,107307753,[154286]
chr5,107779483,107779501,[154452]
chr5,107875101,107875120,[154487]
chr5,107941536,107941554,[154517]
chr5,108058513,108058531,[154590]
chr5,108079935,108079953,[154598]
chr5,108160906,108160924,[154613]
chr5,108206170,108206188,[154619]
chr5,108447225,108447244,[154680]
chr5,108646190,108646208,[154737]
chr5,108660162,108660180,[154740]
chr5,109557853,109557872,[154786]
chr5,110300931,110300949,[154906]
chr5,110447825,110447843,[154960]
chr5,110603469,110603488,[155014]
chr5,110879508,110879526,[155089]
chr5,111150684,111150703,[155191]
chr5,111237088,111237107,[155235]
chr5,111460166,111460184,[155309]
chr5,111502388,111502406,[155328]
chr5,111503042,111503060,[155329]
chr5,111519374,111519393,[155341]
chr5,111770423,111770442,[155443]
chr5,111812740,111812758,[155462]
chr5,112039389,112039407,[155521]
chr5,112057439,112057457,[155533]
chr5,112078020,112078038,[155535]
chr5,112287422,112287440,[155648]
chr5,112339381,112339399,[155682]
chr5,112577634,112577652,[155771]
chr5,112608215,112608233,[155776]
chr5,112928515,112928533,[155839]
chr5,113035074,113035092,[155891]
chr5,113074610,113074629,[155906]
chr5,113142772,113142790,[155951]
chr5,113216847,113216865,[156005]
chr5,113776447,113776465,[156184]
chr5,114306602,114306621,[156441]
chr5,114505451,114505469,[156517]
chr5,114682026,114682044,[156594]
chr5,114762183,114762201,[156638]
chr5,114787656,114787674,[156660]
chr5,114897359,114897378,[156700]
chr5,115026281,115026299,[156761]
chr5,115204008,115204026,[156865]
chr5,115319158,115319177,[156911]
chr5,115624340,115624358,[157038]
chr5,115854855,115854873,[157105]
chr5,116210011,116210029,[157184]
chr5,117150205,117150223,[157308]
chr5,117150255,117150273,[157308]
chr5,117922016,117922035,[157523]
chr5,117955771,117955789,[157538]
chr5,118014195,118014214,[157556]
chr5,118143773,118143791,[157617]
chr5,118152652,118152670,[157619]
chr5,118160880,118160898,[157622]
chr5,118258475,118258493,[157652]
chr5,118358845,118358863,[157695]
chr5,118381259,118381277,[157716]
chr5,118427018,118427036,[157729]
chr5,118647348,118647366,[157864]
chr5,118656060,118656078,[157873]
chr5,118656188,118656206,[157873]
chr5,119218399,119218417,[157997]
chr5,119317793,119317811,[158009]
chr5,119634124,119634142,[158066]
chr5,119635006,119635024,[158067]
chr5,119750879,119750897,[158096]
chr5,119771179,119771198,[158100]
chr5,119866867,119866885,[158114]
chr5,120085236,120085255,[158159]
chr5,120570499,120570518,[158319]
chr5,120590857,120590875,[158337]
chr5,120690569,120690587,[158397]
chr5,121100025,121100043,[158495]
chr5,121125183,121125201,[158514]
chr5,121252878,121252896,[158565]
chr5,121255690,121255708,[158568]
chr5,121562520,121562538,[158685]
chr5,121705117,121705136,[158739]
chr5,121733882,121733900,[158752]
chr5,121813347,121813365,[158771]
chr5,122131643,122131661,[158863]
chr5,122264408,122264426,[158952]
chr5,122268801,122268819,[158957]
chr5,122514306,122514324,[159065]
chr5,122518494,122518512,[159068]
chr5,122529071,122529089,[159074]
chr5,122698585,122698603,[159132]
chr5,122763904,122763922,[159162]
chr5,122833035,122833053,[159194]
chr5,123039322,123039340,[159290]
chr5,123252389,123252407,[159385]
chr5,123517438,123517456,[159486]
chr5,123723374,123723392,[159550]
chr5,123789187,123789205,[159566]
chr5,123896527,123896546,[159605]
chr5,123974336,123974354,[159634]
chr5,124241717,124241736,[159784]
chr5,124599881,124599899,[159921]
chr5,124614741,124614759,[159924]
chr5,124923091,124923110,[159988]
chr5,124944682,124944700,[160000]
chr5,125017027,125017045,[160031]
chr5,125104807,125104825,[160086]
chr5,125152344,125152362,[160125]
chr5,125275460,125275478,[160198]
chr5,125351546,125351564,[160234]
chr5,125368468,125368486,[160242]
chr5,125426233,125426251,[160285]
chr5,125534882,125534900,[160349]
chr5,127505795,127505813,[160450]
chr5,127617525,127617543,[160491]
chr5,128238879,128238897,[160535]
chr5,128504695,128504713,[160545]
chr5,129426842,129426861,[160795]
chr5,129555967,129555985,[160829]
chr5,129776869,129776887,[160873]
chr5,129863914,129863932,[160885]
chr5,130129970,130129988,[161001]
chr5,131158150,131158168,[161131]
chr5,131781194,131781212,[161203]
chr5,131944143,131944161,[161234]
chr5,132028733,132028752,[161245]
chr5,132166818,132166836,[161274]
chr5,132207171,132207189,[161287]
chr5,132738696,132738714,[161430]
chr5,132766020,132766038,[161432]
chr5,134236650,134236668,[161562]
chr5,134267301,134267320,[161582]
chr5,134373147,134373166,[161631]
chr5,134482803,134482822,[161680]
chr5,134501707,134501725,[161687]
chr5,134545487,134545505,[161706]
chr5,134887987,134888005,[161838]
chr5,134924438,134924456,[161850]
chr5,135115494,135115512,[161930]
chr5,135533298,135533316,[162072]
chr5,135563788,135563806,[162084]
chr5,135568045,135568063,[162086]
chr5,135877833,135877851,[162196]
chr5,136077203,136077221,[162293]
chr5,136143677,136143695,[162327]
chr5,136325474,136325492,[162403]
chr5,136327958,136327976,[162405]
chr5,136628728,136628746,[162547]
chr5,136660997,136661015,[162565]
chr5,136683266,136683284,[162574]
chr5,136939394,136939412,[162638]
chr5,136953793,136953811,[162643]
chr5,136998316,136998334,[162665]
chr5,137179851,137179869,[162721]
chr5,137264153,137264171,[162731]
chr5,137285194,137285212,[162740]
chr5,137315819,137315837,[162768]
chr5,137345608,137345626,[162780]
chr5,137430435,137430453,[162802]
chr5,137542195,137542214,[162841]
chr5,137776589,137776607,[162956]
chr5,137877972,137877990,[163001]
chr5,137886128,137886146,[163004]
chr5,138753457,138753475,[163137]
chr5,138868895,138868913,[163176]
chr5,138987236,138987254,[163218]
chr5,139083735,139083753,[163258]
chr5,139366641,139366659,[163393]
chr5,139404034,139404052,[163425]
chr5,139725065,139725084,[163535]
chr5,140106409,140106427,[163669]
chr5,140143411,140143430,[163687]
chr5,140179408,140179426,[163703]
chr5,140322331,140322349,[163772]
chr5,140332297,140332316,[163774]
chr5,140580486,140580504,[163884]
chr5,140583336,140583354,[163886]
chr5,140638238,140638256,[163916]
chr5,140763396,140763414,[163983]
chr5,140822080,140822099,[164021]
chr5,140852638,140852657,[164034]
chr5,140869110,140869128,[164038]
chr5,140896266,140896285,[164053]
chr5,140914243,140914261,[164056]
chr5,140991742,140991760,[164085]
chr5,141033296,141033314,[164116]
chr5,141042116,141042135,[164118]
chr5,141070943,141070962,[164134]
chr5,141130579,141130597,[164147]
chr5,141130607,141130625,[164147]
chr5,141782640,141782658,[164205]
chr5,141825315,141825333,[164211]
chr5,141837168,141837186,[164213]
chr5,141918033,141918051,[164231]
chr5,142061618,142061636,[164250]
chr5,142400234,142400252,[164306]
chr5,142505884,142505902,[164367]
chr5,142695032,142695051,[164407]
chr5,142844504,142844522,[164467]
chr5,142988179,142988197,[164534]
chr5,142989433,142989451,[164535]
chr5,143509955,143509973,[164707]
chr5,143580125,143580143,[164740]
chr5,143683730,143683748,[164785]
chr5,144068539,144068557,[164859]
chr5,144126005,144126023,[164884]
chr5,144263664,144263682,[164939]
chr5,144278368,144278386,[164949]
chr5,144457703,144457721,[164990]
chr5,144720249,144720267,[165008]
chr5,144856204,144856222,[165047]
chr5,144946858,144946876,[165087]
chr5,145043262,145043280,[165120]
chr5,145123834,145123853,[165145]
chr5,145687254,145687272,[165226]
chr5,146200719,146200737,[165244]
chr5,146299354,146299372,[165281]
chr5,146307563,146307581,[165286]
chr5,146692742,146692760,[165379]
chr5,146723670,146723688,[165394]
chr5,146767839,146767857,[165409]
chr5,146939185,146939203,[165499]
chr5,147011371,147011389,[165518]
chr5,147036132,147036150,[165526]
chr5,147095589,147095608,[165568]
chr5,147128052,147128070,[165574]
chr5,147331868,147331887,[165621]
chr5,147334289,147334307,[165624]
chr5,147448409,147448428,[165709]
chr5,147459960,147459979,[165717]
chr5,147660011,147660030,[165805]
chr5,148212612,148212631,[165942]
chr5,148300841,148300859,[165957]
chr5,148409669,148409687,[166013]
chr5,148454484,148454502,[166026]
chr5,148501325,148501343,[166050]
chr5,148534961,148534980,[166078]
chr5,148644465,148644483,[166132]
chr5,148802761,148802779,[166219]
chr5,148810605,148810624,[166226]
chr5,148811714,148811732,[166227]
chr5,148907798,148907816,[166276]
chr5,148966745,148966763,[166317]
chr5,149080729,149080748,[166385]
chr5,149136819,149136837,[166404]
chr5,149266741,149266760,[166458]
chr5,149353456,149353474,[166489]
chr5,149400652,149400670,[166517]
chr5,149436072,149436090,[166540]
chr5,149647565,149647583,[166630]
chr5,150188619,150188638,[166770]
chr5,150223730,150223748,[166785]
chr5,150409032,150409050,[166843]
chr5,151111989,151112008,[167026]
chr5,151135259,151135277,[167034]
chr5,151400845,151400863,[167112]
chr6,3398851,3398870,[167175]
chr6,4026655,4026674,[167265]
chr6,4167230,4167248,[167274]
chr6,4589613,4589631,[167319]
chr6,4589798,4589816,[167319]
chr6,4622622,4622640,[167332]
chr6,4904184,4904203,[167378]
chr6,4977605,4977623,[167392]
chr6,5165405,5165423,[167451]
chr6,5382905,5382923,[167532]
chr6,5413868,5413886,[167545]
chr6,5448645,5448664,[167562]
chr6,5750356,5750374,[167593]
chr6,6211671,6211689,[167698]
chr6,6867349,6867367,[167790]
chr6,7690811,7690829,[167845]
chr6,8094275,8094293,[167930]
chr6,8312643,8312661,[167977]
chr6,8443362,8443380,[168037]
chr6,8465547,8465565,[168047]
chr6,8512657,8512675,[168073]
chr6,8735174,8735193,[168150]
chr6,9250048,9250066,[168208]
chr6,11355886,11355905,[168240]
chr6,12082382,12082400,[168320]
chr6,12151095,12151113,[168342]
chr6,12263253,12263271,[168354]
chr6,12550111,12550129,[168384]
chr6,12794401,12794419,[168402]
chr6,13006625,13006643,[168428]
chr6,13143566,13143584,[168467]
chr6,13152376,13152394,[168469]
chr6,14484642,14484660,[168601]
chr6,15167966,15167984,[168630]
chr6,15415359,15415389,[168657]
chr6,15675722,15675741,[168695]
chr6,15676329,15676347,[168697]
chr6,15728452,15728470,[168718]
chr6,15744895,15744914,[168730]
chr6,15764320,15764339,[168745]
chr6,15816568,15816586,[168775]
chr6,15838465,15838483,[168781]
chr6,16889609,16889628,[168855]
chr6,17087585,17087603,[168908]
chr6,17215420,17215438,[168952]
chr6,17276286,17276315,[168967]
chr6,17466421,17466439,[169019]
chr6,17643921,17643939,[169100]
chr6,17645293,17645312,[169102]
chr6,17764497,17764515,[169176]
chr6,17922190,17922208,[169233]
chr6,18459007,18459037,[169322]
chr6,22025797,22025816,[169466]
chr6,22051664,22051682,[169478]
chr6,22071508,22071526,[169485]
chr6,22237849,22237867,[169517]
chr6,22340181,22340199,[169552]
chr6,22491120,22491138,[169624]
chr6,24384675,24384693,[169794]
chr6,24530275,24530294,[169806]
chr6,24609614,24609632,[169823]
chr6,24662082,24662100,[169845]
chr6,26705255,26705273,[169972]
chr6,26789712,26789730,[169987]
chr6,26977162,26977181,[169997]
chr6,28130270,28130288,[170047]
chr6,28343110,28343128,[170103]
chr6,28400038,28400056,[170124]
chr6,28464612,28464631,[170152]
chr6,28487737,28487755,[170163]
chr6,28843555,28843574,[170294]
chr6,28931247,28931266,[170331]
chr6,29217960,29217978,[170407]
chr6,29254695,29254713,[170423]
chr6,29254882,29254900,[170423]
chr6,29264107,29264126,[170427]
chr6,29327256,29327274,[170451]
chr6,29396230,29396248,[170468]
chr6,29557345,29557363,[170537]
chr6,29762719,29762737,[170585]
chr6,29827636,29827654,[170618]
chr6,29837660,29837678,[170627]
chr6,30088915,30088934,[170716]
chr6,30093490,30093508,[170719]
chr6,30200560,30200579,[170758]
chr6,30301084,30301102,[170806]
chr6,30616727,30616746,[170907]
chr6,30616918,30616936,[170907]
chr6,30628300,30628318,[170914]
chr6,30650225,30650244,[170920]
chr6,30673279,30673297,[170929]
chr6,31130122,31130140,[171067]
chr6,31192723,31192741,[171121]
chr6,31280915,31280934,[171168]
chr6,31308224,31308243,[171184]
chr6,31465757,31465775,[171247]
chr6,31501172,31501190,[171256]
chr6,31696058,31696077,[171322]
chr6,31840805,31840823,[171343]
chr6,31925673,31925691,[171350]
chr6,32959063,32959082,[171588]
chr6,33198285,33198303,[171642]
chr6,33264592,33264611,[171651]
chr6,33867311,33867329,[171783]
chr6,33892407,33892425,[171793]
chr6,33973084,33973102,[171812]
chr6,34000923,34000941,[171824]
chr6,34284760,34284778,[171921]
chr6,34866533,34866551,[172100]
chr6,34871937,34871955,[172107]
chr6,34988149,34988167,[172174]
chr6,35254220,35254239,[172233]
chr6,35280377,35280395,[172249]
chr6,35288966,35288985,[172252]
chr6,35334093,35334111,[172271]
chr6,35350100,35350118,[172278]
chr6,35374148,35374166,[172290]
chr6,36372484,36372502,[172377]
chr6,36819301,36819319,[172415]
chr6,37054468,37054486,[172459]
chr6,37054944,37054962,[172460]
chr6,37249899,37249918,[172508]
chr6,37330786,37330804,[172535]
chr6,37452044,37452062,[172589]
chr6,37651503,37651522,[172643]
chr6,37930473,37930491,[172721]
chr6,38720931,38720949,[172942]
chr6,38847085,38847103,[173007]
chr6,38947405,38947424,[173067]
chr6,38964642,38964660,[173080]
chr6,39068696,39068714,[173132]
chr6,39269257,39269275,[173214]
chr6,39451268,39451286,[173308]
chr6,39720480,39720498,[173402]
chr6,40149734,40149753,[173474]
chr6,40235939,40235957,[173485]
chr6,40503331,40503349,[173549]
chr6,40672313,40672332,[173585]
chr6,40865544,40865562,[173611]
chr6,41082966,41082984,[173663]
chr6,41151156,41151174,[173701]
chr6,41281154,41281172,[173752]
chr6,41648087,41648106,[173851]
chr6,41761775,41761793,[173871]
chr6,42292377,42292395,[173909]
chr6,42323010,42323029,[173924]
chr6,42392179,42392197,[173975]
chr6,43384681,43384699,[174104]
chr6,43431216,43431234,[174124]
chr6,43449529,43449547,[174126]
chr6,44011172,44011190,[174213]
chr6,45389531,45389549,[174256]
chr6,45390117,45390136,[174257]
chr6,45536288,45536307,[174259]
chr6,46031107,46031125,[174272]
chr6,46240627,46240645,[174283]
chr6,47279422,47279441,[174348]
chr6,47349316,47349334,[174370]
chr6,47472599,47472617,[174403]
chr6,47561234,47561253,[174423]
chr6,47616874,47616892,[174441]
chr6,47631704,47631722,[174446]
chr6,47789052,47789070,[174458]
chr6,48200199,48200217,[174550]
chr6,48456462,48456480,[174594]
chr6,48699157,48699175,[174720]
chr6,48718532,48718551,[174737]
chr6,48799251,48799269,[174780]
chr6,49354803,49354821,[174979]
chr6,49398433,49398451,[174989]
chr6,49954664,49954683,[175068]
chr6,50008933,50008952,[175089]
chr6,50142961,50142979,[175136]
chr6,50205074,50205092,[175155]
chr6,50245488,50245507,[175167]
chr6,50282136,50282155,[175185]
chr6,50374881,50374900,[175233]
chr6,50418030,50418049,[175265]
chr6,50455524,50455542,[175279]
chr6,50545751,50545769,[175317]
chr6,51015825,51015843,[175409]
chr6,51027412,51027430,[175415]
chr6,51096740,51096758,[175426]
chr6,51270674,51270692,[175483]
chr6,51436370,51436389,[175532]
chr6,52064490,52064508,[175729]
chr6,52086599,52086617,[175734]
chr6,52118471,52118489,[175747]
chr6,52424928,52424946,[175855]
chr6,52526032,52526051,[175891]
chr6,52677636,52677654,[175933]
chr6,52807802,52807820,[175981]
chr6,52815671,52815689,[175984]
chr6,52869211,52869229,[176020]
chr6,52906018,52906048,[176036]
chr6,52907387,52907405,[176039]
chr6,54097444,54097463,[176453]
chr6,54229036,54229054,[176523]
chr6,54303071,54303089,[176546]
chr6,54657741,54657759,[176643]
chr6,54659827,54659845,[176646]
chr6,54705356,54705375,[176665]
chr6,54731969,54731987,[176679]
chr6,54737470,54737489,[176681]
chr6,54745222,54745241,[176683]
chr6,54831052,54831070,[176756]
chr6,55117418,55117436,[176890]
chr6,55256773,55256791,[176941]
chr6,55267521,55267540,[176949]
chr6,55275483,55275501,[176951]
chr6,55341804,55341822,[176984]
chr6,55508427,55508445,[177061]
chr6,55779604,55779622,[177096]
chr6,55921047,55921066,[177111]
chr6,55950773,55950791,[177115]
chr6,56260279,56260297,[177136]
chr6,56281034,56281052,[177139]
chr6,56754883,56754902,[177223]
chr6,56759816,56759834,[177225]
chr6,56786761,56786780,[177243]
chr6,56806400,56806418,[177258]
chr6,56880085,56880103,[177281]
chr6,57521371,57521390,[177336]
chr6,58279820,58279839,[177450]
chr6,59013960,59013978,[177576]
chr6,59022836,59022854,[177580]
chr6,59184803,59184821,[177598]
chr6,60343408,60343426,[177679]
chr6,61184561,61184580,[177773]
chr6,61762328,61762346,[177891]
chr6,64990018,64990036,[177960]
chr6,65096011,65096029,[177977]
chr6,65167104,65167122,[178009]
chr6,65433394,65433412,[178034]
chr6,65465584,65465603,[178040]
chr6,65525114,65525132,[178053]
chr6,65615767,65615785,[178108]
chr6,65661566,65661584,[178119]
chr6,66219514,66219532,[178229]
chr6,66269494,66269512,[178238]
chr6,66399583,66399601,[178268]
chr6,66498236,66498255,[178298]
chr6,66890776,66890794,[178323]
chr6,66987933,66987952,[178398]
chr6,66998011,66998029,[178403]
chr6,67098348,67098366,[178467]
chr6,67105492,67105510,[178475]
chr6,67168236,67168254,[178513]
chr6,67545398,67545417,[178659]
chr6,67566571,67566590,[178665]
chr6,67754247,67754265,[178677]
chr6,67766733,67766751,[178681]
chr6,68219773,68219791,[178727]
chr6,68422303,68422321,[178745]
chr6,69702480,69702498,[178890]
chr6,69726463,69726481,[178892]
chr6,69900308,69900326,[178912]
chr6,70102925,70102943,[178925]
chr6,70105740,70105758,[178927]
chr6,70372682,70372701,[178959]
chr6,70752518,70752536,[179011]
chr6,70785169,70785188,[179025]
chr6,70814406,70814424,[179043]
chr6,70824571,70824589,[179048]
chr6,71012562,71012581,[179104]
chr6,71016530,71016548,[179108]
chr6,71076873,71076892,[179120]
chr6,71212089,71212108,[179162]
chr6,71346918,71346936,[179229]
chr6,71371219,71371238,[179250]
chr6,72120066,72120085,[179490]
chr6,72235614,72235633,[179544]
chr6,72510196,72510214,[179671]
chr6,72734924,72734942,[179777]
chr6,73009243,73009261,[179910]
chr6,73709777,73709795,[180018]
chr6,76266943,76266961,[180037]
chr6,77038089,77038107,[180059]
chr6,79879500,79879518,[180125]
chr6,80245429,80245447,[180133]
chr6,80793825,80793843,[180161]
chr6,81564502,81564520,[180187]
chr6,81924000,81924018,[180212]
chr6,82079085,82079103,[180257]
chr6,82714360,82714378,[180316]
chr6,82735020,82735038,[180324]
chr6,82908273,82908291,[180407]
chr6,82921613,82921632,[180418]
chr6,82996952,82996971,[180442]
chr6,82997062,82997080,[180443]
chr6,83075047,83075065,[180500]
chr6,83186277,83186295,[180562]
chr6,83448641,83448659,[180664]
chr6,83457189,83457207,[180675]
chr6,83582996,83583014,[180721]
chr6,83791484,83791502,[180807]
chr6,83855590,83855609,[180825]
chr6,84419534,84419553,[181015]
chr6,84612455,84612473,[181097]
chr6,84639892,84639910,[181107]
chr6,84776944,84776962,[181140]
chr6,84962961,84962979,[181166]
chr6,85102727,85102745,[181187]
chr6,85159219,85159237,[181209]
chr6,85978883,85978902,[181438]
chr6,86046318,86046336,[181453]
chr6,86493523,86493541,[181585]
chr6,86504468,86504486,[181594]
chr6,86790282,86790300,[181732]
chr6,86826413,86826431,[181751]
chr6,86867831,86867849,[181772]
chr6,87073013,87073031,[181847]
chr6,87164846,87164864,[181891]
chr6,87210711,87210729,[181912]
chr6,87393597,87393615,[181965]
chr6,87475441,87475459,[181992]
chr6,87534989,87535008,[182033]
chr6,87842385,87842403,[182164]
chr6,88040267,88040285,[182231]
chr6,88136368,88136386,[182283]
chr6,88398938,88398957,[182376]
chr6,88714329,88714347,[182454]
chr6,88723348,88723367,[182464]
chr6,88761412,88761430,[182500]
chr6,88848929,88848948,[182557]
chr6,88927132,88927150,[182593]
chr6,88958010,88958028,[182608]
chr6,89296495,89296514,[182761]
chr6,89403574,89403593,[182823]
chr6,89634582,89634600,[182899]
chr6,89650611,89650629,[182908]
chr6,89671953,89671972,[182916]
chr6,90334553,90334571,[182935]
chr6,90560516,90560535,[183025]
chr6,90794797,90794816,[183184]
chr6,90984232,90984251,[183229]
chr6,91525453,91525471,[183452]
chr6,91690297,91690316,[183519]
chr6,91828788,91828806,[183597]
chr6,92015146,92015164,[183653]
chr6,92270579,92270597,[183745]
chr6,92446866,92446885,[183765]
chr6,92904681,92904699,[183843]
chr6,92989121,92989139,[183871]
chr6,93162548,93162567,[183892]
chr6,93743330,93743349,[183942]
chr6,94125220,94125238,[184010]
chr6,94158588,94158606,[184022]
chr6,94187349,94187368,[184038]
chr6,94264058,94264077,[184065]
chr6,94466584,94466602,[184097]
chr6,94534946,94534964,[184116]
chr6,94771081,94771100,[184239]
chr6,94967286,94967304,[184307]
chr6,94986592,94986610,[184309]
chr6,95332893,95332911,[184346]
chr6,95376447,95376465,[184357]
chr6,95482906,95482924,[184368]
chr6,95543609,95543628,[184382]
chr6,95559750,95559769,[184395]
chr6,95573237,95573255,[184402]
chr6,95615813,95615831,[184428]
chr6,95702380,95702398,[184463]
chr6,97033062,97033081,[184553]
chr6,97148347,97148365,[184573]
chr6,97248847,97248865,[184620]
chr6,97521650,97521668,[184755]
chr6,98273328,98273346,[184941]
chr6,98285243,98285262,[184946]
chr6,98388701,98388719,[184954]
chr6,98597142,98597160,[184972]
chr6,98831053,98831071,[185003]
chr6,98849327,98849346,[185013]
chr6,99219631,99219649,[185191]
chr6,99261638,99261657,[185226]
chr6,99266580,99266599,[185232]
chr6,99368211,99368229,[185305]
chr6,99374636,99374655,[185308]
chr6,99380206,99380224,[185318]
chr6,99394681,99394699,[185329]
chr6,99397914,99397932,[185333]
chr6,99452232,99452250,[185377]
chr6,99611935,99611953,[185443]
chr6,99663708,99663726,[185477]
chr6,99811532,99811550,[185525]
chr6,99835772,99835791,[185537]
chr6,99844060,99844078,[185541]
chr6,99938497,99938515,[185589]
chr6,100083367,100083386,[185652]
chr6,100087416,100087434,[185656]
chr6,100105897,100105915,[185665]
chr6,100277168,100277186,[185781]
chr6,100363854,100363873,[185827]
chr6,100380784,100380802,[185836]
chr6,100392227,100392246,[185843]
chr6,100596724,100596743,[185950]
chr6,100622796,100622815,[185963]
chr6,100622934,100622952,[185963]
chr6,100640692,100640710,[185967]
chr6,100912156,100912174,[186064]
chr6,100931516,100931534,[186067]
chr6,101186999,101187018,[186096]
chr6,101261694,101261712,[186121]
chr6,101359964,101359982,[186155]
chr6,101561251,101561269,[186186]
chr6,103343916,103343934,[186252]
chr6,103355072,103355090,[186257]
chr6,103464863,103464881,[186275]
chr6,103738064,103738082,[186333]
chr6,106738389,106738408,[186406]
chr6,106750506,106750524,[186416]
chr6,106855693,106855711,[186451]
chr6,107061891,107061909,[186473]
chr6,108098687,108098705,[186523]
chr6,108118433,108118452,[186526]
chr6,108192824,108192842,[186567]
chr6,108324693,108324711,[186638]
chr6,108384731,108384749,[186667]
chr6,108471742,108471760,[186731]
chr6,108545498,108545516,[186787]
chr6,108549432,108549451,[186790]
chr6,108569579,108569597,[186813]
chr6,108742373,108742391,[186911]
chr6,108857487,108857505,[186975]
chr6,109031232,109031251,[187020]
chr6,110040421,110040439,[187037]
chr6,112351251,112351270,[187129]
chr6,112790143,112790161,[187272]
chr6,112816965,112816983,[187279]
chr6,112906043,112906062,[187333]
chr6,112959853,112959871,[187364]
chr6,113298797,113298815,[187482]
chr6,113629732,113629750,[187614]
chr6,113660041,113660059,[187630]
chr6,113663107,113663125,[187635]
chr6,114015450,114015468,[187773]
chr6,114106252,114106270,[187809]
chr6,114443219,114443237,[187942]
chr6,114692831,114692850,[188001]
chr6,114742687,114742705,[188017]
chr6,114818431,114818449,[188065]
chr6,114848673,114848691,[188089]
chr6,114849226,114849244,[188091]
chr6,114878111,114878129,[188118]
chr6,114890221,114890239,[188127]
chr6,115424677,115424695,[188331]
chr6,115472141,115472160,[188348]
chr6,115647092,115647110,[188443]
chr6,115907460,115907478,[188569]
chr6,116056849,116056885,[188665]
chr6,116113388,116113407,[188693]
chr6,116120904,116120922,[188698]
chr6,116340705,116340723,[188772]
chr6,116632345,116632363,[188848]
chr6,116632388,116632407,[188848]
chr6,116636976,116636994,[188852]
chr6,116765715,116765733,[188912]
chr6,117203163,117203181,[188980]
chr6,117266952,117266970,[189009]
chr6,117559036,117559054,[189102]
chr6,118189624,118189642,[189289]
chr6,118204307,118204325,[189298]
chr6,118638617,118638635,[189404]
chr6,118898835,118898853,[189459]
chr6,119052808,119052826,[189508]
chr6,119159845,119159863,[189536]
chr6,119514429,119514447,[189689]
chr6,119711809,119711827,[189736]
chr6,119720113,119720132,[189741]
chr6,119925146,119925164,[189790]
chr6,119947392,119947410,[189793]
chr6,120052561,120052580,[189821]
chr6,120103083,120103102,[189860]
chr6,120135065,120135083,[189877]
chr6,120179281,120179299,[189903]
chr6,120467149,120467167,[189989]
chr6,120618850,120618868,[190064]
chr6,120795721,120795739,[190120]
chr6,121069358,121069376,[190246]
chr6,121087600,121087618,[190259]
chr6,121099288,121099307,[190268]
chr6,121350656,121350675,[190402]
chr6,122254301,122254319,[190470]
chr6,122315557,122315575,[190513]
chr6,122565391,122565409,[190591]
chr6,122724930,122724948,[190663]
chr6,123961797,123961815,[190845]
chr6,124048610,124048629,[190858]
chr6,124049008,124049027,[190859]
chr6,124512632,124512651,[191014]
chr6,124544694,124544713,[191021]
chr6,124640271,124640290,[191026]
chr6,124779750,124779768,[191103]
chr6,124805666,124805684,[191112]
chr6,125073996,125074015,[191236]
chr6,125232254,125232272,[191321]
chr6,125237614,125237632,[191328]
chr6,125288546,125288565,[191366]
chr6,125303275,125303293,[191373]
chr6,125430450,125430468,[191452]
chr6,125479428,125479446,[191484]
chr6,125501991,125502009,[191507]
chr6,125526792,125526811,[191526]
chr6,125578229,125578247,[191559]
chr6,125726569,125726587,[191609]
chr6,125828226,125828244,[191620]
chr6,125927260,125927279,[191624]
chr6,125975982,125976000,[191628]
chr6,126530272,126530290,[191725]
chr6,126599797,126599815,[191755]
chr6,126837672,126837690,[191813]
chr6,127275611,127275640,[191985]
chr6,127448312,127448330,[192054]
chr6,127491328,127491346,[192073]
chr6,127498006,127498024,[192077]
chr6,127635037,127635056,[192131]
chr6,127987996,127988015,[192234]
chr6,128105970,128105988,[192304]
chr6,128386568,128386587,[192413]
chr6,128622815,128622834,[192488]
chr6,128662533,128662551,[192506]
chr6,128868424,128868442,[192605]
chr6,129112575,129112593,[192702]
chr6,129116498,129116517,[192706]
chr6,129179433,129179451,[192726]
chr6,129181964,129181982,[192730]
chr6,129260186,129260205,[192793]
chr6,129261187,129261205,[192794]
chr6,129314979,129314997,[192821]
chr6,129316661,129316680,[192823]
chr6,129319440,129319458,[192825]
chr6,129372501,129372519,[192854]
chr6,129407049,129407067,[192870]
chr6,129545896,129545914,[192942]
chr6,129626132,129626150,[192994]
chr6,129684877,129684895,[193016]
chr6,129874248,129874266,[193069]
chr6,129915155,129915173,[193078]
chr6,129996484,129996503,[193091]
chr6,130031749,130031767,[193102]
chr6,130096640,130096658,[193114]
chr6,130212502,130212520,[193143]
chr6,130237095,130237113,[193150]
chr6,130672393,130672411,[193203]
chr6,130747174,130747193,[193208]
chr6,131003495,131003514,[193216]
chr6,131298462,131298480,[193244]
chr6,133987353,133987371,[193353]
chr6,134119235,134119253,[193460]
chr6,134321671,134321689,[193623]
chr6,134338763,134338781,[193631]
chr6,134353002,134353020,[193638]
chr6,134354150,134354168,[193639]
chr6,134392671,134392689,[193665]
chr6,134476087,134476105,[193704]
chr6,134476215,134476233,[193704]
chr6,134668615,134668634,[193797]
chr6,134799380,134799398,[193868]
chr6,134817366,134817384,[193877]
chr6,135082450,135082469,[193989]
chr6,135136020,135136039,[193998]
chr6,135177154,135177172,[194026]
chr6,135288513,135288531,[194092]
chr6,135549833,135549852,[194203]
chr6,135615513,135615536,[194230]
chr6,135674554,135674572,[194246]
chr6,135818828,135818846,[194265]
chr6,135895524,135895542,[194282]
chr6,136236795,136236813,[194339]
chr6,136450403,136450422,[194387]
chr6,136947210,136947229,[194631]
chr6,136949444,136949462,[194633]
chr6,136980694,136980713,[194652]
chr6,137322917,137322935,[194733]
chr6,137410618,137410636,[194759]
chr6,137488080,137488098,[194799]
chr6,137648217,137648236,[194876]
chr6,137690677,137690695,[194894]
chr6,137705276,137705294,[194908]
chr6,139249156,139249175,[195033]
chr6,140148972,140148990,[195088]
chr6,140306044,140306062,[195117]
chr6,140308220,140308238,[195118]
chr6,140379340,140379358,[195143]
chr6,140489403,140489421,[195189]
chr6,140514522,140514540,[195205]
chr6,140533000,140533019,[195220]
chr6,140665713,140665732,[195308]
chr6,140666954,140666972,[195311]
chr6,140920195,140920213,[195393]
chr6,140957289,140957307,[195398]
chr6,141041517,141041535,[195403]
chr6,141268122,141268140,[195459]
chr6,142192190,142192208,[195513]
chr6,142561243,142561262,[195599]
chr6,142659298,142659316,[195630]
chr6,142867470,142867488,[195717]
chr6,142885645,142885663,[195729]
chr6,142942121,142942139,[195755]
chr6,142988860,142988878,[195788]
chr6,142998807,142998825,[195798]
chr6,143159186,143159205,[195882]
chr6,143199050,143199069,[195913]
chr6,143861128,143861147,[196060]
chr6,143957204,143957223,[196080]
chr6,143964083,143964101,[196083]
chr6,144021757,144021776,[196099]
chr6,144057506,144057524,[196112]
chr6,144580453,144580471,[196252]
chr6,144674767,144674785,[196275]
chr6,144707366,144707384,[196292]
chr6,144879922,144879940,[196356]
chr6,145054695,145054713,[196424]
chr6,145089851,145089870,[196439]
chr6,145291487,145291505,[196543]
chr6,145396861,145396880,[196587]
chr6,145433074,145433092,[196603]
chr6,145516487,145516506,[196636]
chr6,145579086,145579104,[196661]
chr6,145581515,145581533,[196662]
chr6,145792655,145792673,[196739]
chr6,145846061,145846079,[196764]
chr6,145893314,145893333,[196795]
chr6,146412337,146412355,[196973]
chr6,146479061,146479079,[197017]
chr6,146479156,146479174,[197017]
chr6,146740042,146740060,[197127]
chr6,146744261,146744279,[197128]
chr6,146770989,146771007,[197149]
chr6,147476284,147476303,[197373]
chr6,147919452,147919471,[197498]
chr6,148165431,148165449,[197526]
chr6,148180944,148180962,[197531]
chr6,148226931,148226949,[197544]
chr6,148289495,148289514,[197577]
chr6,148293199,148293218,[197580]
chr6,148362364,148362383,[197609]
chr6,149193710,149193729,[197843]
chr6,149244356,149244374,[197857]
chr6,149316138,149316157,[197881]
chr6,149396447,149396465,[197913]
chr7,3122356,3122374,[197934]
chr7,3295998,3296016,[197978]
chr7,3390183,3390201,[198009]
chr7,3407226,3407244,[198016]
chr7,3449035,3449053,[198043]
chr7,3954603,3954621,[198146]
chr7,4121820,4121838,[198190]
chr7,4150454,4150472,[198206]
chr7,4791726,4791745,[198432]
chr7,4865331,4865349,[198459]
chr7,6161586,6161605,[198617]
chr7,6730550,6730568,[198692]
chr7,12422249,12422267,[198740]
chr7,12987753,12987771,[198810]
chr7,14541459,14541477,[198881]
chr7,15922289,15922307,[198892]
chr7,16063729,16063747,[198989]
chr7,16071132,16071150,[198990]
chr7,16228218,16228236,[199061]
chr7,16228320,16228338,[199061]
chr7,16314291,16314309,[199121]
chr7,16332381,16332399,[199127]
chr7,16406112,16406130,[199171]
chr7,16493642,16493660,[199206]
chr7,16507454,16507472,[199209]
chr7,16907945,16907963,[199393]
chr7,16988618,16988637,[199430]
chr7,18821631,18821649,[199520]
chr7,19156038,19156056,[199663]
chr7,19198157,19198175,[199686]
chr7,19338220,19338239,[199783]
chr7,19338837,19338856,[199784]
chr7,19501342,19501360,[199860]
chr7,19514404,19514422,[199870]
chr7,19546735,19546754,[199891]
chr7,19859862,19859880,[200072]
chr7,19868298,19868316,[200079]
chr7,24314982,24315000,[200182]
chr7,24519335,24519353,[200313]
chr7,24624024,24624043,[200366]
chr7,25030219,25030237,[200517]
chr7,25107284,25107303,[200550]
chr7,25130697,25130715,[200564]
chr7,25198000,25198019,[200587]
chr7,25680793,25680811,[200786]
chr7,25774927,25774945,[200845]
chr7,26169246,26169264,[200903]
chr7,27167082,27167100,[200945]
chr7,27302219,27302238,[200997]
chr7,27378481,27378499,[201037]
chr7,27581139,27581157,[201121]
chr7,27801240,27801259,[201166]
chr7,27933622,27933640,[201189]
chr7,28112885,28112903,[201212]
chr7,28208635,28208653,[201238]
chr7,28209041,28209059,[201239]
chr7,28361879,28361897,[201287]
chr7,28430735,28430753,[201326]
chr7,28666432,28666450,[201420]
chr7,28803119,28803137,[201485]
chr7,28823799,28823817,[201505]
chr7,28825051,28825069,[201507]
chr7,28945025,28945043,[201564]
chr7,29008309,29008327,[201604]
chr7,29335514,29335532,[201753]
chr7,29407997,29408015,[201774]
chr7,30418108,30418126,[202019]
chr7,30685330,30685348,[202130]
chr7,30747557,30747575,[202152]
chr7,30825411,30825429,[202188]
chr7,30842995,30843014,[202203]
chr7,30887696,30887714,[202231]
chr7,30920685,30920703,[202257]
chr7,30940496,30940514,[202264]
chr7,31155567,31155586,[202398]
chr7,31168918,31168937,[202412]
chr7,34439158,34439177,[202566]
chr7,34633025,34633043,[202589]
chr7,35066916,35066935,[202745]
chr7,35134974,35134992,[202782]
chr7,35137851,35137869,[202783]
chr7,35221268,35221286,[202824]
chr7,35308415,35308433,[202852]
chr7,35308443,35308461,[202852]
chr7,35374558,35374576,[202867]
chr7,35416769,35416787,[202883]
chr7,35702918,35702936,[202963]
chr7,35742436,35742454,[202977]
chr7,36126097,36126115,[203066]
chr7,36152057,36152075,[203073]
chr7,36201771,36201789,[203082]
chr7,36221169,36221187,[203084]
chr7,37378320,37378338,[203175]
chr7,37387029,37387047,[203178]
chr7,37421861,37421879,[203181]
chr7,37469534,37469552,[203196]
chr7,37498995,37499014,[203205]
chr7,37499166,37499184,[203205]
chr7,38167345,38167364,[203362]
chr7,38207593,38207611,[203364]
chr7,38208183,38208202,[203365]
chr7,38208790,38208809,[203366]
chr7,38267093,38267112,[203387]
chr7,39864828,39864846,[203456]
chr7,39882246,39882264,[203460]
chr7,42493568,42493586,[203560]
chr7,43465654,43465672,[203669]
chr7,43594019,43594038,[203733]
chr7,43621129,43621147,[203741]
chr7,43626212,43626230,[203745]
chr7,43877048,43877067,[203825]
chr7,43939750,43939768,[203847]
chr7,44445160,44445178,[203983]
chr7,44572045,44572063,[204048]
chr7,44647348,44647366,[204079]
chr7,44892534,44892552,[204163]
chr7,44974474,44974492,[204193]
chr7,45107855,45107873,[204257]
chr7,45309529,45309548,[204343]
chr7,45842904,45842922,[204585]
chr7,45907987,45908006,[204619]
chr7,46586469,46586487,[204820]
chr7,46724465,46724483,[204867]
chr7,46816327,46816345,[204891]
chr7,47111830,47111848,[205028]
chr7,47272064,47272082,[205075]
chr7,47770744,47770763,[205110]
chr7,48757727,48757745,[205136]
chr7,48909075,48909093,[205200]
chr7,48988570,48988588,[205243]
chr7,49137691,49137709,[205317]
chr7,49190844,49190862,[205335]
chr7,49273097,49273115,[205388]
chr7,49297837,49297855,[205397]
chr7,49368334,49368352,[205442]
chr7,49485482,49485501,[205516]
chr7,49605164,49605182,[205574]
chr7,49731883,49731902,[205601]
chr7,49765270,49765288,[205616]
chr7,50899810,50899829,[205701]
chr7,51665673,51665692,[205720]
chr7,52551367,52551385,[205787]
chr7,55794709,55794728,[205854]
chr7,55918551,55918569,[205893]
chr7,55967581,55967599,[205916]
chr7,56132388,56132407,[205948]
chr7,57377661,57377679,[205997]
chr7,58473460,58473479,[206084]
chr7,58501216,58501234,[206095]
chr7,58543225,58543243,[206098]
chr7,58720297,58720315,[206177]
chr7,58746953,58746971,[206198]
chr7,58762573,58762592,[206211]
chr7,58836944,58836962,[206234]
chr7,58859370,58859388,[206244]
chr7,59293400,59293418,[206274]
chr7,63425051,63425069,[206372]
chr7,63685008,63685027,[206396]
chr7,63903445,63903464,[206454]
chr7,63905902,63905920,[206459]
chr7,64232181,64232200,[206647]
chr7,64404719,64404737,[206705]
chr7,64840603,64840621,[206763]
chr7,65061223,65061242,[206827]
chr7,65334896,65334914,[206867]
chr7,65371670,65371688,[206880]
chr7,65456163,65456181,[206908]
chr7,65610259,65610277,[206928]
chr7,65650905,65650923,[206936]
chr7,65780117,65780135,[206970]
chr7,65911133,65911151,[206998]
chr7,66044750,66044768,[207019]
chr7,66146773,66146791,[207078]
chr7,66179912,66179931,[207100]
chr7,66323505,66323523,[207187]
chr7,66356339,66356357,[207204]
chr7,66612605,66612623,[207276]
chr7,66960418,66960437,[207373]
chr7,66982601,66982619,[207392]
chr7,67047900,67047918,[207408]
chr7,67244585,67244604,[207463]
chr7,67313478,67313496,[207477]
chr7,67344127,67344145,[207484]
chr7,67344639,67344657,[207485]
chr7,67458087,67458105,[207551]
chr7,67499004,67499022,[207580]
chr7,67843959,67843977,[207701]
chr7,67864691,67864709,[207710]
chr7,67986106,67986124,[207746]
chr7,68245954,68245973,[207878]
chr7,68306309,68306327,[207922]
chr7,68332899,68332917,[207935]
chr7,68376559,68376577,[207949]
chr7,68667751,68667770,[207989]
chr7,69847003,69847021,[208085]
chr7,70064139,70064158,[208103]
chr7,70332679,70332697,[208148]
chr7,71587836,71587854,[208268]
chr7,72202967,72202985,[208338]
chr7,72339491,72339509,[208398]
chr7,73371921,73371939,[208455]
chr7,73387947,73387965,[208464]
chr7,73434604,73434622,[208486]
chr7,73680223,73680242,[208609]
chr7,73749589,73749607,[208623]
chr7,73941624,73941642,[208652]
chr7,74199509,74199527,[208684]
chr7,74522452,74522470,[208786]
chr7,74664079,74664097,[208839]
chr7,74838268,74838287,[208878]
chr7,75220933,75220952,[208951]
chr7,75320142,75320160,[208972]
chr7,75399340,75399358,[209002]
chr7,75420360,75420378,[209012]
chr7,75463753,75463771,[209027]
chr7,75523427,75523445,[209076]
chr7,75560067,75560085,[209092]
chr7,75586825,75586843,[209112]
chr7,75587866,75587884,[209114]
chr7,75589389,75589408,[209115]
chr7,75638825,75638843,[209148]
chr7,75667337,75667355,[209171]
chr7,76154091,76154109,[209378]
chr7,76177030,76177049,[209382]
chr7,76237705,76237723,[209401]
chr7,76408113,76408131,[209419]
chr7,76462896,76462914,[209433]
chr7,76526432,76526451,[209444]
chr7,76661060,76661078,[209447]
chr7,77096863,77096882,[209468]
chr7,78763073,78763091,[209596]
chr7,78903369,78903387,[209642]
chr7,80057179,80057198,[210052]
chr7,80109308,80109326,[210096]
chr7,80192666,80192684,[210156]
chr7,80205690,80205708,[210173]
chr7,80441023,80441042,[210291]
chr7,80652584,80652602,[210380]
chr7,80775255,80775273,[210436]
chr7,80833271,80833289,[210457]
chr7,81129711,81129730,[210572]
chr7,81472963,81472981,[210679]
chr7,82056761,82056779,[210839]
chr7,82192616,82192635,[210864]
chr7,82222045,82222063,[210872]
chr7,82287396,82287414,[210906]
chr7,82429602,82429620,[210940]
chr7,82559750,82559768,[210956]
chr7,82567853,82567871,[210958]
chr7,82686563,82686581,[210985]
chr7,82902495,82902514,[211082]
chr7,83431455,83431473,[211204]
chr7,83688014,83688032,[211298]
chr7,83859053,83859083,[211371]
chr7,83981189,83981207,[211401]
chr7,84151383,84151402,[211459]
chr7,84187155,84187174,[211477]
chr7,84197584,84197602,[211486]
chr7,84211409,84211427,[211493]
chr7,84254852,84254870,[211510]
chr7,84335908,84335926,[211533]
chr7,84361168,84361186,[211548]
chr7,84397610,84397629,[211560]
chr7,88054547,88054565,[211730]
chr7,88200113,88200131,[211753]
chr7,88315061,88315079,[211824]
chr7,88321251,88321269,[211832]
chr7,88323750,88323768,[211834]
chr7,88387632,88387650,[211848]
chr7,88545072,88545090,[211886]
chr7,89162948,89162967,[211941]
chr7,89230700,89230718,[211969]
chr7,89240046,89240064,[211976]
chr7,89297260,89297278,[211999]
chr7,89381291,89381310,[212033]
chr7,89390807,89390825,[212038]
chr7,89489951,89489969,[212082]
chr7,89490012,89490030,[212082]
chr7,89628156,89628174,[212111]
chr7,89632425,89632444,[212112]
chr7,89636104,89636122,[212116]
chr7,89977864,89977882,[212191]
chr7,90003726,90003745,[212203]
chr7,90162852,90162870,[212306]
chr7,90457858,90457876,[212397]
chr7,92103150,92103168,[212489]
chr7,92322366,92322384,[212543]
chr7,92428380,92428398,[212561]
chr7,92675982,92676001,[212638]
chr7,92881136,92881155,[212704]
chr7,92884540,92884559,[212707]
chr7,95928274,95928292,[212820]
chr7,96438591,96438609,[212907]
chr7,96455627,96455646,[212916]
chr7,96729889,96729907,[213024]
chr7,96754484,96754502,[213041]
chr7,96883106,96883124,[213114]
chr7,97190762,97190780,[213225]
chr7,97388057,97388076,[213297]
chr7,97588614,97588632,[213362]
chr7,97777391,97777409,[213433]
chr7,98120797,98120815,[213516]
chr7,98489018,98489036,[213656]
chr7,98572662,98572681,[213711]
chr7,98809826,98809844,[213809]
chr7,98869322,98869340,[213850]
chr7,99024139,99024157,[213928]
chr7,99044517,99044535,[213940]
chr7,99113536,99113554,[213981]
chr7,99312950,99312968,[214085]
chr7,99407459,99407477,[214124]
chr7,99674488,99674506,[214233]
chr7,99889686,99889704,[214318]
chr7,99999726,99999745,[214366]
chr7,100473477,100473496,[214494]
chr7,100845579,100845597,[214617]
chr7,100868757,100868775,[214638]
chr7,100875743,100875761,[214641]
chr7,101041871,101041890,[214717]
chr7,101069539,101069558,[214740]
chr7,101094874,101094892,[214761]
chr7,101333673,101333691,[214841]
chr7,101333745,101333763,[214841]
chr7,101465439,101465457,[214926]
chr7,101600572,101600590,[215006]
chr7,101634497,101634515,[215020]
chr7,101634665,101634683,[215020]
chr7,101650833,101650851,[215027]
chr7,101680114,101680132,[215038]
chr7,101683027,101683045,[215040]
chr7,101896322,101896341,[215093]
chr7,102193954,102193972,[215189]
chr7,102245241,102245260,[215215]
chr7,102322779,102322797,[215255]
chr7,102384086,102384105,[215272]
chr7,102575710,102575728,[215328]
chr7,102576118,102576136,[215329]
chr7,102705359,102705377,[215357]
chr7,103809133,103809151,[215399]
chr7,104022021,104022039,[215445]
chr7,105395318,105395336,[215623]
chr7,105399270,105399288,[215626]
chr7,105409967,105409985,[215631]
chr7,105486257,105486275,[215649]
chr7,105621284,105621302,[215699]
chr7,106494069,106494087,[215804]
chr7,106589224,106589242,[215844]
chr7,107094411,107094429,[215928]
chr7,107392897,107392915,[215948]
chr7,107495741,107495760,[215951]
chr7,109200952,109200971,[216176]
chr7,109265453,109265471,[216205]
chr7,109295761,109295780,[216221]
chr7,109474564,109474582,[216272]
chr7,109524885,109524903,[216293]
chr7,109585680,109585698,[216324]
chr7,109630097,109630115,[216344]
chr7,109794855,109794874,[216406]
chr7,109965929,109965947,[216452]
chr7,110385797,110385816,[216638]
chr7,110386525,110386543,[216639]
chr7,110556434,110556452,[216667]
chr7,110590189,110590207,[216676]
chr7,110689705,110689723,[216726]
chr7,110816176,110816194,[216793]
chr7,110916093,110916111,[216841]
chr7,110941531,110941550,[216853]
chr7,111070668,111070686,[216914]
chr7,111156148,111156166,[216943]
chr7,111162781,111162800,[216950]
chr7,111654671,111654689,[217073]
chr7,111716441,111716459,[217096]
chr7,112045903,112045921,[217168]
chr7,112180222,112180240,[217215]
chr7,112790605,112790623,[217446]
chr7,112915881,112915899,[217483]
chr7,113210666,113210684,[217579]
chr7,113239984,113240002,[217593]
chr7,113268618,113268637,[217613]
chr7,113281552,113281570,[217618]
chr7,113653392,113653410,[217721]
chr7,113962217,113962235,[217811]
chr7,114199031,114199049,[217943]
chr7,114421099,114421117,[218017]
chr7,114479926,114479945,[218040]
chr7,114496593,114496612,[218048]
chr7,114753815,114753833,[218112]
chr7,114831477,114831495,[218129]
chr7,114925625,114925643,[218156]
chr7,115085952,115085970,[218196]
chr7,115173158,115173176,[218223]
chr7,115195320,115195339,[218231]
chr7,115622086,115622104,[218400]
chr7,115673127,115673145,[218413]
chr7,115724490,115724508,[218422]
chr7,115951898,115951916,[218455]
chr7,116113883,116113901,[218495]
chr7,116189976,116189994,[218523]
chr7,116274069,116274088,[218572]
chr7,116808645,116808664,[218715]
chr7,116888384,116888402,[218718]
chr7,116918459,116918477,[218724]
chr7,117087403,117087421,[218739]
chr7,117486675,117486693,[218850]
chr7,117512390,117512408,[218867]
chr7,117541074,117541092,[218883]
chr7,117587243,117587261,[218911]
chr7,117616366,117616384,[218928]
chr7,117630872,117630890,[218935]
chr7,117740243,117740262,[218959]
chr7,118056458,118056476,[218996]
chr7,118079253,118079272,[218999]
chr7,118154290,118154309,[219027]
chr7,118297763,118297781,[219084]
chr7,118305078,118305097,[219089]
chr7,118392426,118392444,[219107]
chr7,118499514,118499532,[219152]
chr7,118800325,118800343,[219249]
chr7,120861052,120861070,[219645]
chr7,120869983,120870001,[219654]
chr7,120918631,120918649,[219679]
chr7,121002570,121002588,[219705]
chr7,121043631,121043649,[219723]
chr7,121055901,121055920,[219732]
chr7,121059927,121059945,[219735]
chr7,121080790,121080808,[219748]
chr7,121159349,121159368,[219764]
chr7,121275355,121275373,[219781]
chr7,121539687,121539705,[219831]
chr7,121641904,121641922,[219850]
chr7,122240890,122240909,[220018]
chr7,122331781,122331800,[220085]
chr7,122331950,122331968,[220085]
chr7,122356761,122356779,[220101]
chr7,122740865,122740883,[220216]
chr7,122866287,122866306,[220240]
chr7,123017762,123017780,[220291]
chr7,123024000,123024018,[220297]
chr7,123084648,123084666,[220318]
chr7,123127418,123127436,[220334]
chr7,123199219,123199238,[220359]
chr7,123201757,123201776,[220364]
chr7,123336616,123336635,[220425]
chr7,123403835,123403853,[220475]
chr7,123503621,123503639,[220499]
chr7,124514251,124514269,[220518]
chr7,124682935,124682953,[220523]
chr7,124711431,124711449,[220530]
chr7,125192055,125192073,[220576]
chr7,125339383,125339401,[220601]
chr7,125450726,125450745,[220623]
chr7,125542094,125542112,[220680]
chr7,125543545,125543564,[220683]
chr7,125689785,125689803,[220778]
chr7,126028299,126028318,[220861]
chr7,126616402,126616420,[221120]
chr7,126636877,126636896,[221135]
chr7,126643489,126643507,[221139]
chr7,126848604,126848622,[221251]
chr7,127020961,127020979,[221319]
chr7,127031677,127031696,[221332]
chr7,127146047,127146066,[221402]
chr7,127181880,127181898,[221418]
chr7,127244087,127244105,[221451]
chr7,127359740,127359758,[221507]
chr7,127519657,127519675,[221546]
chr7,127617028,127617047,[221569]
chr7,127641337,127641355,[221576]
chr7,127820922,127820941,[221635]
chr7,127873233,127873252,[221653]
chr7,128224415,128224433,[221827]
chr7,129142803,129142821,[222047]
chr7,129403866,129403885,[222065]
chr7,129592404,129592422,[222089]
chr7,129604235,129604253,[222092]
chr7,129623099,129623117,[222095]
chr7,129801872,129801890,[222175]
chr7,129924586,129924605,[222210]
chr7,130335677,130335696,[222290]
chr7,130365074,130365092,[222292]
chr7,130510517,130510535,[222326]
chr7,130855891,130855909,[222476]
chr7,130946513,130946532,[222521]
chr7,131036663,131036682,[222551]
chr7,131045725,131045744,[222556]
chr7,131055262,131055281,[222558]
chr7,131193558,131193576,[222572]
chr7,132031160,132031178,[222683]
chr7,132246041,132246059,[222721]
chr7,132495169,132495187,[222864]
chr7,132559498,132559517,[222878]
chr7,132659982,132660000,[222921]
chr7,132672278,132672296,[222925]
chr7,132697518,132697536,[222944]
chr7,132758322,132758340,[222994]
chr7,132934899,132934917,[223091]
chr7,133457925,133457943,[223218]
chr7,133723454,133723472,[223284]
chr7,134608806,134608824,[223471]
chr7,134650690,134650708,[223482]
chr7,134708746,134708764,[223509]
chr7,134892731,134892749,[223555]
chr7,135027970,135027988,[223587]
chr7,135179734,135179752,[223658]
chr7,135313506,135313525,[223692]
chr7,135520457,135520475,[223747]
chr7,135539571,135539589,[223761]
chr7,135540694,135540712,[223762]
chr7,135576523,135576541,[223787]
chr7,135599016,135599035,[223806]
chr7,135609969,135609987,[223816]
chr7,135883193,135883211,[223939]
chr7,135965520,135965538,[223962]
chr7,135982296,135982314,[223965]
chr7,136022061,136022079,[223983]
chr7,136047302,136047320,[223995]
chr7,136101842,136101861,[224024]
chr7,136144319,136144337,[224036]
chr7,136159252,136159270,[224041]
chr7,136197767,136197785,[224051]
chr7,136229240,136229258,[224064]
chr7,136294522,136294540,[224092]
chr7,136370477,136370496,[224113]
chr7,136458162,136458180,[224138]
chr7,136689740,136689758,[224179]
chr7,136946225,136946243,[224232]
chr7,137274362,137274380,[224313]
chr7,137308480,137308498,[224328]
chr7,137488367,137488385,[224395]
chr7,137583552,137583570,[224427]
chr7,137841548,137841566,[224476]
chr7,139326151,139326169,[224846]
chr7,139364351,139364370,[224860]
chr7,139484332,139484351,[224927]
chr7,139987178,139987197,[225106]
chr7,140078846,140078864,[225140]
chr7,140972106,140972125,[225321]
chr7,141164928,141164946,[225423]
chr7,141178240,141178258,[225434]
chr7,141242495,141242513,[225452]
chr7,141316024,141316042,[225484]
chr7,141477230,141477248,[225579]
chr7,141550559,141550578,[225600]
chr7,142354604,142354622,[225819]
chr7,142419955,142419974,[225874]
chr7,142572169,142572187,[225959]
chr7,143010330,143010348,[226057]
chr7,143031213,143031231,[226070]
chr7,143805698,143805716,[226374]
chr7,143809018,143809036,[226377]
chr7,144267106,144267124,[226523]
chr7,144371543,144371561,[226555]
chr7,144427596,144427614,[226578]
chr7,144837368,144837386,[226758]
chr8,3284315,3284333,[227098]
chr8,3317913,3317931,[227115]
chr8,3417752,3417770,[227168]
chr8,3481947,3481965,[227198]
chr8,3532161,3532179,[227216]
chr8,3657155,3657173,[227258]
chr8,3711827,3711845,[227291]
chr8,3855878,3855897,[227315]
chr8,3878521,3878539,[227318]
chr8,4367923,4367941,[227419]
chr8,5800052,5800070,[227514]
chr8,6006552,6006570,[227523]
chr8,6179774,6179792,[227555]
chr8,8143500,8143518,[227637]
chr8,8220201,8220220,[227641]
chr8,8446309,8446327,[227676]
chr8,9402721,9402739,[227933]
chr8,9451785,9451803,[227956]
chr8,9465897,9465915,[227964]
chr8,9821665,9821684,[228004]
chr8,9851452,9851471,[228007]
chr8,10006559,10006577,[228036]
chr8,10044061,10044079,[228054]
chr8,10168414,10168432,[228073]
chr8,10216093,10216111,[228079]
chr8,10219275,10219293,[228082]
chr8,10463325,10463344,[228115]
chr8,10537974,10537992,[228135]
chr8,10743765,10743783,[228218]
chr8,10759668,10759686,[228223]
chr8,10820972,10820990,[228251]
chr8,10831853,10831872,[228258]
chr8,10859901,10859919,[228283]
chr8,10994433,10994451,[228354]
chr8,11107647,11107665,[228424]
chr8,11114325,11114343,[228430]
chr8,11127592,11127610,[228435]
chr8,11187134,11187152,[228461]
chr8,11577691,11577710,[228687]
chr8,11841520,11841538,[228779]
chr8,12014354,12014372,[228820]
chr8,12164332,12164351,[228872]
chr8,12576142,12576160,[228994]
chr8,12736022,12736041,[229042]
chr8,12792954,12792972,[229074]
chr8,12873625,12873643,[229115]
chr8,13036522,13036540,[229197]
chr8,13056778,13056796,[229204]
chr8,13258711,13258729,[229283]
chr8,13569179,13569198,[229419]
chr8,13621648,13621666,[229461]
chr8,13689472,13689490,[229521]
chr8,13760465,13760483,[229541]
chr8,13907407,13907425,[229564]
chr8,14009769,14009787,[229610]
chr8,14013888,14013906,[229613]
chr8,14017581,14017599,[229615]
chr8,14385125,14385144,[229656]
chr8,14719912,14719930,[229694]
chr8,14890495,14890513,[229744]
chr8,14948255,14948273,[229777]
chr8,14989721,14989739,[229803]
chr8,15221695,15221713,[229876]
chr8,16427585,16427604,[229914]
chr8,17167489,17167508,[229934]
chr8,18316799,18316817,[229987]
chr8,18388451,18388469,[229989]
chr8,18598651,18598669,[230007]
chr8,18626611,18626629,[230021]
chr8,18800333,18800351,[230101]
chr8,18817833,18817851,[230113]
chr8,18902463,18902481,[230147]
chr8,18916624,18916642,[230153]
chr8,21798184,21798202,[230233]
chr8,22298803,22298821,[230314]
chr8,22340573,22340591,[230320]
chr8,22414250,22414268,[230344]
chr8,22444172,22444190,[230354]
chr8,22538677,22538695,[230403]
chr8,22827173,22827192,[230540]
chr8,22877739,22877757,[230559]
chr8,23028153,23028171,[230609]
chr8,24285056,24285074,[230793]
chr8,24311199,24311217,[230798]
chr8,24949061,24949079,[230932]
chr8,25039157,25039175,[230966]
chr8,25039284,25039302,[230966]
chr8,25226403,25226422,[231087]
chr8,25454832,25454850,[231174]
chr8,25593740,25593758,[231234]
chr8,25897625,25897643,[231336]
chr8,25948942,25948960,[231350]
chr8,25965706,25965725,[231357]
chr8,26229151,26229169,[231422]
chr8,26229826,26229844,[231423]
chr8,26476968,26476986,[231466]
chr8,26635253,26635271,[231504]
chr8,26673639,26673657,[231514]
chr8,26788355,26788374,[231576]
chr8,26801497,26801515,[231581]
chr8,26828723,26828741,[231600]
chr8,26841326,26841345,[231609]
chr8,26907646,26907665,[231652]
chr8,27058325,27058344,[231724]
chr8,27107441,27107460,[231748]
chr8,27362042,27362060,[231832]
chr8,27409755,27409773,[231836]
chr8,28597002,28597021,[231864]
chr8,28681843,28681861,[231869]
chr8,29477051,29477069,[231887]
chr8,30959696,30959715,[231915]
chr8,31133678,31133696,[231951]
chr8,31189484,31189503,[231978]
chr8,31301659,31301677,[231994]
chr8,31372388,31372406,[231995]
chr8,31920726,31920744,[232033]
chr8,31977021,31977039,[232043]
chr8,33104154,33104172,[232119]
chr8,33510721,33510739,[232194]
chr8,33554576,33554594,[232209]
chr8,33554674,33554692,[232209]
chr8,33629322,33629340,[232242]
chr8,33657934,33657952,[232264]
chr8,33677128,33677146,[232279]
chr8,33703965,33703983,[232297]
chr8,33711056,33711074,[232300]
chr8,33853589,33853607,[232373]
chr8,33855401,33855419,[232375]
chr8,34276595,34276613,[232585]
chr8,34355494,34355512,[232606]
chr8,34455062,34455080,[232624]
chr8,34528454,34528472,[232642]
chr8,34616002,34616020,[232675]
chr8,34732254,34732272,[232718]
chr8,34806723,34806741,[232754]
chr8,34816277,34816296,[232764]
chr8,34825349,34825367,[232768]
chr8,35123619,35123637,[232856]
chr8,35206572,35206590,[232887]
chr8,35233527,35233545,[232897]
chr8,35250555,35250573,[232905]
chr8,35380117,35380135,[232951]
chr8,35454534,35454552,[232983]
chr8,35567420,35567439,[233018]
chr8,35693118,35693136,[233090]
chr8,35890397,35890415,[233138]
chr8,36041116,36041135,[233178]
chr8,36137382,36137400,[233234]
chr8,36201645,36201663,[233280]
chr8,36456294,36456312,[233348]
chr8,36585521,36585539,[233378]
chr8,36879612,36879630,[233436]
chr8,37049524,37049542,[233474]
chr8,38656405,38656424,[233513]
chr8,39015971,39015989,[233530]
chr8,39020900,39020918,[233534]
chr8,39106268,39106287,[233559]
chr8,39131981,39131999,[233571]
chr8,40007323,40007341,[233638]
chr8,40019344,40019362,[233639]
chr8,40609694,40609712,[233751]
chr8,41004710,41004729,[233848]
chr8,41006079,41006097,[233849]
chr8,41318214,41318232,[233935]
chr8,45359511,45359529,[234145]
chr8,45690048,45690066,[234200]
chr8,45905754,45905772,[234246]
chr8,46114162,46114180,[234299]
chr8,46143985,46144003,[234316]
chr8,46497038,46497056,[234420]
chr8,46700916,46700934,[234509]
chr8,46843232,46843250,[234616]
chr8,46868425,46868444,[234632]
chr8,46949176,46949194,[234693]
chr8,47026640,47026658,[234717]
chr8,47242855,47242873,[234767]
chr8,48426608,48426626,[235046]
chr8,48473168,48473186,[235052]
chr8,48532034,48532052,[235062]
chr8,51214609,51214627,[235146]
chr8,51214645,51214663,[235146]
chr8,53435776,53435794,[235172]
chr8,53997553,53997571,[235254]
chr8,54028848,54028866,[235262]
chr8,54043690,54043708,[235264]
chr8,54085868,54085886,[235279]
chr8,54276527,54276545,[235298]
chr8,54276587,54276605,[235298]
chr8,54422292,54422310,[235320]
chr8,54465790,54465808,[235328]
chr8,54808542,54808560,[235399]
chr8,56278292,56278311,[235445]
chr8,56370833,56370852,[235471]
chr8,56550875,56550893,[235503]
chr8,56614573,56614591,[235521]
chr8,56884453,56884471,[235538]
chr8,57426102,57426120,[235601]
chr8,57616571,57616589,[235705]
chr8,57722584,57722602,[235739]
chr8,60976589,60976608,[235929]
chr8,61219136,61219154,[235967]
chr8,61316242,61316261,[236029]
chr8,61537621,61537639,[236106]
chr8,61563536,61563555,[236126]
chr8,61587805,61587823,[236142]
chr8,61634674,61634693,[236158]
chr8,61673562,61673580,[236167]
chr8,61748562,61748580,[236192]
chr8,61894347,61894365,[236221]
chr8,63877668,63877687,[236294]
chr8,64342781,64342799,[236324]
chr8,64406770,64406788,[236337]
chr8,64771209,64771227,[236399]
chr8,64841204,64841223,[236435]
chr8,65022624,65022643,[236486]
chr8,66346026,66346044,[236542]
chr8,66407184,66407202,[236563]
chr8,66444460,66444478,[236581]
chr8,67853921,67853939,[236744]
chr8,67908103,67908122,[236758]
chr8,68644350,68644368,[237007]
chr8,68920062,68920080,[237084]
chr8,69124669,69124688,[237153]
chr8,69861000,69861018,[237263]
chr8,70286898,70286916,[237437]
chr8,70339232,70339250,[237467]
chr8,70731062,70731080,[237705]
chr8,70752209,70752228,[237714]
chr8,70785624,70785643,[237735]
chr8,70795645,70795664,[237740]
chr8,71224860,71224878,[237832]
chr8,71272591,71272609,[237836]
chr8,71298679,71298697,[237853]
chr8,71358219,71358237,[237869]
chr8,71606513,71606531,[237988]
chr8,71908740,71908758,[238089]
chr8,72291304,72291322,[238247]
chr8,72333223,72333241,[238282]
chr8,75085129,75085147,[238621]
chr8,75820527,75820545,[238709]
chr8,77143539,77143557,[238770]
chr8,77209586,77209604,[238783]
chr8,77350364,77350382,[238846]
chr8,77486461,77486479,[238914]
chr8,77534690,77534708,[238946]
chr8,77826412,77826430,[238997]
chr8,78648977,78648995,[239126]
chr8,79329256,79329275,[239333]
chr8,79382014,79382032,[239370]
chr8,79606958,79606976,[239449]
chr8,79731331,79731350,[239492]
chr8,79874204,79874222,[239503]
chr8,80021189,80021208,[239530]
chr8,80278945,80278963,[239599]
chr8,80492846,80492864,[239651]
chr8,80753625,80753643,[239704]
chr8,80834513,80834531,[239734]
chr8,80853858,80853876,[239743]
chr8,81022169,81022188,[239829]
chr8,81615569,81615588,[239949]
chr8,81619155,81619174,[239951]
chr8,82372964,82372982,[240080]
chr8,82391466,82391485,[240090]
chr8,82992155,82992173,[240223]
chr8,83109953,83109972,[240275]
chr8,83141511,83141529,[240288]
chr8,83147812,83147830,[240293]
chr8,83310093,83310111,[240372]
chr8,83342888,83342906,[240381]
chr8,83536045,83536063,[240403]
chr8,84073763,84073781,[240623]
chr8,84173550,84173568,[240658]
chr8,84521181,84521199,[240752]
chr8,84579755,84579773,[240765]
chr8,84638061,84638080,[240783]
chr8,84679158,84679176,[240807]
chr8,84712586,84712605,[240834]
chr8,84726050,84726068,[240843]
chr8,85446237,85446255,[241063]
chr8,85460916,85460934,[241069]
chr8,86390107,86390125,[241242]
chr8,86412789,86412808,[241246]
chr8,86536437,86536455,[241262]
chr8,86586793,86586811,[241275]
chr8,86631719,86631738,[241290]
chr8,86707818,86707837,[241318]
chr8,87571116,87571134,[241533]
chr8,87742935,87742953,[241616]
chr8,88033296,88033314,[241755]
chr8,88300534,88300553,[241849]
chr8,88437889,88437907,[241892]
chr8,90321554,90321572,[242184]
chr8,90370387,90370406,[242205]
chr8,90391595,90391614,[242211]
chr8,90828450,90828468,[242256]
chr8,90834797,90834815,[242265]
chr8,91082632,91082650,[242381]
chr8,91249918,91249937,[242427]
chr8,91318722,91318741,[242447]
chr8,91548698,91548716,[242543]
chr8,91776113,91776131,[242617]
chr8,92329012,92329030,[242754]
chr8,92440017,92440035,[242793]
chr8,92686962,92686980,[242841]
chr8,92792184,92792202,[242860]
chr8,93090007,93090025,[242942]
chr8,93176616,93176634,[242948]
chr8,93713516,93713535,[242978]
chr8,94019703,94019722,[243051]
chr8,94119174,94119192,[243078]
chr8,94175050,94175068,[243102]
chr8,94330194,94330212,[243151]
chr8,94355739,94355757,[243170]
chr8,94517272,94517290,[243260]
chr8,94521647,94521666,[243262]
chr8,94658257,94658275,[243312]
chr8,94841491,94841509,[243401]
chr8,94881946,94881964,[243416]
chr8,94970312,94970331,[243472]
chr8,95219860,95219878,[243598]
chr8,95409857,95409876,[243677]
chr8,95422425,95422443,[243680]
chr8,95505010,95505028,[243709]
chr8,95823464,95823482,[243782]
chr8,99780733,99780752,[243889]
chr8,103577663,103577681,[243976]
chr8,104146505,104146523,[244076]
chr8,104376713,104376731,[244158]
chr8,104422340,104422359,[244183]
chr8,105269597,105269616,[244351]
chr8,105510114,105510132,[244467]
chr8,105515784,105515802,[244469]
chr8,105516072,105516090,[244470]
chr8,105559832,105559850,[244496]
chr8,105629583,105629601,[244531]
chr8,105937757,105937776,[244645]
chr8,106040373,106040391,[244692]
chr8,106169905,106169924,[244761]
chr8,106932820,106932838,[245015]
chr8,107118960,107118978,[245093]
chr8,107449455,107449473,[245198]
chr8,107516256,107516274,[245231]
chr8,107685317,107685335,[245265]
chr8,107956925,107956943,[245288]
chr8,108650937,108650956,[245421]
chr8,108723130,108723148,[245459]
chr8,108764608,108764626,[245488]
chr8,108790722,108790740,[245505]
chr8,108825502,108825520,[245526]
chr8,108860156,108860174,[245540]
chr8,109551793,109551811,[245673]
chr8,109585866,109585884,[245688]
chr8,109593471,109593489,[245692]
chr8,109614596,109614614,[245696]
chr8,109791040,109791059,[245747]
chr8,110189099,110189117,[245854]
chr8,110489504,110489522,[245895]
chr8,110622149,110622167,[245911]
chr8,110631358,110631376,[245918]
chr8,110673784,110673803,[245931]
chr8,110676438,110676456,[245933]
chr8,110997252,110997271,[246078]
chr8,111062412,111062430,[246101]
chr8,111544614,111544632,[246241]
chr8,111551965,111551984,[246252]
chr8,111555549,111555567,[246254]
chr8,111590288,111590306,[246283]
chr8,111774536,111774554,[246382]
chr8,111895214,111895232,[246433]
chr8,112936697,112936716,[246519]
chr8,112972549,112972567,[246521]
chr8,113664842,113664860,[246566]
chr8,114133987,114134005,[246637]
chr8,114144167,114144185,[246640]
chr8,114193632,114193650,[246648]
chr8,114565411,114565429,[246713]
chr8,114630407,114630425,[246734]
chr8,114872631,114872649,[246820]
chr8,114943341,114943359,[246863]
chr8,115100691,115100709,[246915]
chr8,115136862,115136880,[246931]
chr8,115314332,115314350,[247001]
chr8,115338621,115338639,[247011]
chr8,115404088,115404106,[247033]
chr8,115451093,115451111,[247063]
chr8,115470585,115470603,[247070]
chr8,115529762,115529780,[247107]
chr8,115732410,115732428,[247193]
chr8,115754873,115754891,[247202]
chr8,116069662,116069681,[247256]
chr8,116163662,116163681,[247275]
chr8,116452976,116452994,[247331]
chr8,116510340,116510358,[247356]
chr8,116633959,116633977,[247411]
chr8,116721424,116721442,[247440]
chr8,116905192,116905210,[247490]
chr8,117078719,117078737,[247576]
chr8,117258485,117258503,[247671]
chr8,117388476,117388495,[247787]
chr8,117488705,117488724,[247851]
chr8,117600977,117600995,[247926]
chr8,117682962,117682980,[247947]
chr8,117727633,117727651,[247964]
chr8,117898212,117898230,[248008]
chr8,119121408,119121426,[248094]
chr8,119134302,119134320,[248099]
chr8,119412106,119412124,[248136]
chr8,119425886,119425905,[248148]
chr8,119712363,119712381,[248271]
chr8,119825058,119825076,[248327]
chr8,119962970,119962989,[248393]
chr8,120150018,120150036,[248492]
chr8,120349116,120349134,[248614]
chr8,120719131,120719149,[248862]
chr8,120746130,120746148,[248888]
chr8,120874535,120874554,[248963]
chr8,120963654,120963672,[248989]
chr8,121001769,121001788,[249009]
chr8,121030745,121030763,[249019]
chr8,121951099,121951117,[249342]
chr8,121957991,121958009,[249348]
chr8,121975492,121975510,[249359]
chr8,122081890,122081908,[249408]
chr8,122155195,122155213,[249437]
chr8,122475122,122475140,[249595]
chr8,122672036,122672054,[249716]
chr8,122824751,122824770,[249809]
chr8,122943035,122943053,[249882]
chr8,122949433,122949452,[249888]
chr8,122961766,122961784,[249897]
chr8,123026151,123026169,[249951]
chr8,123077286,123077305,[249982]
chr8,123220728,123220746,[250036]
chr8,124066907,124066925,[250270]
chr8,124226348,124226366,[250308]
chr8,124332317,124332335,[250395]
chr8,124744357,124744375,[250505]
chr8,124928881,124928899,[250576]
chr8,124958419,124958437,[250593]
chr8,125044353,125044372,[250617]
chr8,125199498,125199517,[250682]
chr8,125217452,125217471,[250686]
chr8,125369681,125369699,[250768]
chr8,125447572,125447590,[250807]
chr8,125510124,125510142,[250837]
chr8,125521110,125521128,[250843]
chr8,125557446,125557464,[250868]
chr8,125655328,125655346,[250914]
chr8,126396073,126396091,[251108]
chr8,126433927,126433945,[251117]
chr8,126480633,126480652,[251133]
chr8,126583887,126583905,[251195]
chr8,126868691,126868709,[251422]
chr8,127090653,127090671,[251503]
chr8,127178915,127178933,[251520]
chr8,127254651,127254669,[251533]
chr8,127651513,127651531,[251675]
chr8,127697723,127697741,[251691]
chr8,127775749,127775767,[251723]
chr8,128030738,128030756,[251802]
chr8,128066137,128066156,[251820]
chr8,128163034,128163052,[251841]
chr8,128168159,128168177,[251845]
chr8,128235602,128235620,[251868]
chr8,128326171,128326190,[251905]
chr8,128432311,128432329,[251956]
chr8,128435924,128435942,[251959]
chr8,128437408,128437426,[251961]
chr8,128451931,128451949,[251969]
chr8,128457371,128457390,[251973]
chr8,128572532,128572550,[252037]
chr9,6165259,6165278,[252262]
chr9,6353820,6353838,[252282]
chr9,7042747,7042765,[252303]
chr9,7042821,7042839,[252303]
chr9,7042846,7042865,[252303]
chr9,7138029,7138047,[252312]
chr9,7261773,7261791,[252354]
chr9,7270599,7270617,[252358]
chr9,7431876,7431894,[252380]
chr9,7604295,7604313,[252429]
chr9,7896950,7896969,[252567]
chr9,7897804,7897822,[252568]
chr9,7926082,7926101,[252574]
chr9,9050933,9050951,[252685]
chr9,10911399,10911417,[252766]
chr9,13185736,13185755,[252840]
chr9,13454729,13454747,[252889]
chr9,13551443,13551461,[252946]
chr9,13668869,13668887,[253020]
chr9,13910519,13910537,[253084]
chr9,13986297,13986315,[253096]
chr9,14244452,14244470,[253227]
chr9,14285343,14285361,[253249]
chr9,14329741,14329759,[253265]
chr9,14520007,14520026,[253330]
chr9,14711307,14711326,[253392]
chr9,14854743,14854761,[253459]
chr9,14910997,14911015,[253484]
chr9,14954803,14954821,[253497]
chr9,14974935,14974953,[253503]
chr9,15212174,15212192,[253585]
chr9,15525339,15525357,[253670]
chr9,15531345,15531363,[253676]
chr9,15610138,15610156,[253716]
chr9,15658718,15658736,[253730]
chr9,15732218,15732236,[253761]
chr9,15739046,15739064,[253765]
chr9,16319108,16319126,[253842]
chr9,20735016,20735034,[253998]
chr9,20751740,20751758,[254007]
chr9,21125882,21125901,[254101]
chr9,21169104,21169122,[254121]
chr9,21523436,21523454,[254278]
chr9,21653252,21653271,[254317]
chr9,21840231,21840250,[254377]
chr9,22213712,22213730,[254446]
chr9,22370097,22370115,[254496]
chr9,23066429,23066447,[254680]
chr9,23567150,23567168,[254784]
chr9,23723917,23723935,[254815]
chr9,24274567,24274585,[254843]
chr9,24515837,24515855,[254910]
chr9,25022657,25022676,[254943]
chr9,25161394,25161412,[254977]
chr9,25191808,25191826,[254995]
chr9,25231275,25231293,[255009]
chr9,25430500,25430519,[255053]
chr9,25539351,25539369,[255104]
chr9,25550922,25550941,[255112]
chr9,25570475,25570493,[255119]
chr9,26972135,26972153,[255180]
chr9,27014880,27014898,[255194]
chr9,27287723,27287741,[255258]
chr9,28606068,28606086,[255369]
chr9,29015057,29015075,[255383]
chr9,29648447,29648465,[255418]
chr9,29787649,29787667,[255448]
chr9,29880116,29880134,[255460]
chr9,29929584,29929602,[255472]
chr9,30385099,30385117,[255500]
chr9,30450237,30450255,[255511]
chr9,30921024,30921042,[255566]
chr9,31018385,31018403,[255589]
chr9,31206239,31206257,[255673]
chr9,31253493,31253512,[255692]
chr9,31412405,31412423,[255744]
chr9,31433554,31433573,[255752]
chr9,31984441,31984460,[255836]
chr9,32159318,32159336,[255908]
chr9,32332760,32332778,[255963]
chr9,32560111,32560129,[256096]
chr9,32610857,32610875,[256121]
chr9,32928549,32928568,[256303]
chr9,32937850,32937869,[256313]
chr9,33186491,33186509,[256367]
chr9,33483485,33483503,[256381]
chr9,34842734,34842752,[256450]
chr9,34847811,34847830,[256451]
chr9,34902230,34902248,[256460]
chr9,35161954,35161972,[256567]
chr9,35329732,35329750,[256642]
chr9,35341293,35341311,[256651]
chr9,35682184,35682202,[256747]
chr9,37216807,37216825,[256888]
chr9,37264043,37264061,[256920]
chr9,37417232,37417250,[256958]
chr9,37456461,37456480,[256976]
chr9,37626248,37626266,[257061]
chr9,37656212,37656230,[257065]
chr9,40061365,40061383,[257156]
chr9,40228346,40228364,[257190]
chr9,40271382,40271400,[257210]
chr9,40519419,40519438,[257324]
chr9,40612530,40612549,[257369]
chr9,40760613,40760631,[257442]
chr9,40781441,40781460,[257454]
chr9,40783440,40783459,[257459]
chr9,40997282,40997300,[257525]
chr9,41099971,41099989,[257574]
chr9,41120204,41120222,[257595]
chr9,41147731,41147749,[257618]
chr9,41546007,41546025,[257715]
chr9,42032858,42032876,[257770]
chr9,42038398,42038416,[257776]
chr9,42060391,42060409,[257784]
chr9,42076446,42076464,[257789]
chr9,42217843,42217862,[257852]
chr9,42248581,42248599,[257864]
chr9,42296399,42296417,[257877]
chr9,42383149,42383167,[257893]
chr9,42503672,42503691,[257928]
chr9,42504543,42504562,[257929]
chr9,42838524,42838542,[258010]
chr9,42943222,42943240,[258044]
chr9,43074962,43074981,[258067]
chr9,43337454,43337472,[258191]
chr9,43482366,43482384,[258218]
chr9,44153169,44153188,[258454]
chr9,44182404,44182422,[258467]
chr9,44207760,44207778,[258480]
chr9,44473294,44473312,[258545]
chr9,44646078,44646097,[258666]
chr9,44720747,44720765,[258695]
chr9,44741072,44741090,[258710]
chr9,44973609,44973628,[258769]
chr9,44987231,44987249,[258779]
chr9,45148235,45148253,[258874]
chr9,45248900,45248918,[258921]
chr9,45281422,45281450,[258949]
chr9,45421453,45421471,[259015]
chr9,45846557,45846575,[259150]
chr9,46025078,46025096,[259237]
chr9,46098459,46098477,[259273]
chr9,46101310,46101328,[259276]
chr9,46150294,46150312,[259302]
chr9,46158511,46158529,[259310]
chr9,47057675,47057693,[259430]
chr9,47140621,47140639,[259437]
chr9,47528543,47528562,[259472]
chr9,47624973,47624991,[259496]
chr9,47920704,47920722,[259598]
chr9,48361042,48361060,[259672]
chr9,48420701,48420719,[259692]
chr9,48522103,48522121,[259736]
chr9,48606373,48606392,[259774]
chr9,48723183,48723202,[259829]
chr9,48800728,48800746,[259885]
chr9,48856484,48856502,[259924]
chr9,49608205,49608223,[260022]
chr9,50414075,50414093,[260106]
chr9,50556431,50556450,[260201]
chr9,50593151,50593169,[260212]
chr9,50835619,50835638,[260299]
chr9,50966883,50966901,[260374]
chr9,51032096,51032114,[260396]
chr9,51044664,51044682,[260405]
chr9,51213940,51213958,[260476]
chr9,51301399,51301417,[260509]
chr9,51328997,51329016,[260521]
chr9,51838211,51838229,[260572]
chr9,51953023,51953042,[260603]
chr9,52105634,52105652,[260661]
chr9,53085800,53085818,[260793]
chr9,53268814,53268832,[260815]
chr9,53356711,53356729,[260830]
chr9,53854836,53854855,[260951]
chr9,53868427,53868445,[260953]
chr9,54645646,54645664,[261074]
chr9,54970400,54970419,[261153]
chr9,55235765,55235783,[261226]
chr9,55379775,55379793,[261272]
chr9,56090377,56090395,[261375]
chr9,56121146,56121164,[261404]
chr9,56166237,56166255,[261431]
chr9,56183809,56183827,[261440]
chr9,56390844,56390862,[261491]
chr9,56585927,56585945,[261558]
chr9,57056364,57056382,[261699]
chr9,57273442,57273461,[261756]
chr9,57317766,57317784,[261778]
chr9,57533588,57533606,[261834]
chr9,57688207,57688225,[261917]
chr9,57769828,57769846,[261947]
chr9,57927986,57928004,[262006]
chr9,57931982,57932000,[262009]
chr9,57990978,57990996,[262053]
chr9,58134284,58134302,[262104]
chr9,58442337,58442355,[262203]
chr9,58496328,58496346,[262214]
chr9,58581984,58582002,[262260]
chr9,58710189,58710207,[262302]
chr9,58805820,58805838,[262317]
chr9,59137329,59137347,[262375]
chr9,59660697,59660716,[262490]
chr9,59930341,59930359,[262541]
chr9,59936610,59936629,[262543]
chr9,60195654,60195672,[262583]
chr9,60357092,60357110,[262623]
chr9,60379179,60379198,[262630]
chr9,60561887,60561905,[262675]
chr9,60562591,60562609,[262677]
chr9,60595903,60595921,[262687]
chr9,60696591,60696609,[262711]
chr9,60756422,60756440,[262732]
chr9,60804700,60804718,[262744]
chr9,60813527,60813545,[262750]
chr9,60868043,60868061,[262775]
chr9,60887781,60887799,[262781]
chr9,60962872,60962890,[262802]
chr9,61251710,61251728,[262940]
chr9,61351283,61351301,[262991]
chr9,61430644,61430662,[263046]
chr9,61443988,61444007,[263057]
chr9,61679542,61679560,[263139]
chr9,61882466,61882484,[263208]
chr9,61914940,61914959,[263227]
chr9,62013686,62013704,[263274]
chr9,62192624,62192643,[263320]
chr9,62235852,62235870,[263328]
chr9,62382396,62382415,[263398]
chr9,62759860,62759878,[263505]
chr9,63095144,63095162,[263604]
chr9,63098606,63098625,[263605]
chr9,63462426,63462444,[263696]
chr9,63513027,63513046,[263710]
chr9,64098561,64098579,[263980]
chr9,64126326,64126344,[263989]
chr9,64374325,64374343,[264037]
chr9,64598547,64598566,[264086]
chr9,64824868,64824886,[264196]
chr9,64825012,64825031,[264196]
chr9,65202344,65202363,[264308]
chr9,65211747,65211765,[264313]
chr9,65468490,65468508,[264388]
chr9,65502378,65502397,[264393]
chr9,65587836,65587854,[264441]
chr9,65931445,65931463,[264534]
chr9,66265988,66266007,[264628]
chr9,66609047,66609066,[264739]
chr9,66831081,66831099,[264814]
chr9,66911861,66911879,[264868]
chr9,66917506,66917524,[264873]
chr9,67011763,67011782,[264916]
chr9,67220627,67220646,[264964]
chr9,67485270,67485288,[265005]
chr9,67840065,67840083,[265084]
chr9,67851381,67851399,[265093]
chr9,67884329,67884347,[265106]
chr9,67904503,67904521,[265113]
chr9,67973587,67973605,[265120]
chr9,67987292,67987310,[265121]
chr9,68244695,68244713,[265133]
chr9,68413899,68413918,[265143]
chr9,69129085,69129104,[265292]
chr9,69367122,69367140,[265386]
chr9,69377136,69377154,[265389]
chr9,69379184,69379202,[265392]
chr9,70224283,70224302,[265596]
chr9,70548129,70548147,[265712]
chr9,70692512,70692530,[265762]
chr9,70894395,70894414,[265835]
chr9,70991560,70991579,[265877]
chr9,71035464,71035482,[265897]
chr9,71179750,71179768,[265940]
chr9,71401848,71401866,[265988]
chr9,71547793,71547811,[266010]
chr9,71606717,71606735,[266032]
chr9,71614866,71614884,[266036]
chr9,71737355,71737373,[266081]
chr9,71750635,71750653,[266085]
chr9,71751409,71751427,[266086]
chr9,72088338,72088356,[266183]
chr9,72094906,72094924,[266187]
chr9,72458501,72458520,[266287]
chr9,72800294,72800312,[266396]
chr9,72872437,72872456,[266415]
chr9,72878203,72878221,[266418]
chr9,73025892,73025910,[266457]
chr9,73054670,73054688,[266473]
chr9,74425696,74425715,[266627]
chr9,74425744,74425762,[266627]
chr9,74530544,74530562,[266633]
chr9,74876565,74876583,[266661]
chr9,74942740,74942758,[266690]
chr9,74942876,74942894,[266690]
chr9,74965231,74965249,[266701]
chr9,75158463,75158481,[266784]
chr9,75196548,75196566,[266796]
chr9,75232458,75232476,[266807]
chr9,75306574,75306592,[266840]
chr9,75535282,75535300,[266932]
chr9,76043655,76043673,[267029]
chr9,76539361,76539380,[267077]
chr9,76540862,76540880,[267080]
chr9,77033588,77033606,[267120]
chr9,77035630,77035648,[267121]
chr9,77051638,77051656,[267125]
chr9,77455986,77456004,[267193]
chr9,77508475,77508493,[267223]
chr9,77610965,77610983,[267275]
chr9,78108649,78108667,[267488]
chr9,78475123,78475141,[267572]
chr9,78503368,78503386,[267589]
chr9,78875448,78875467,[267657]
chr9,79686208,79686226,[267717]
chr9,79717924,79717942,[267724]
chr9,79767664,79767683,[267742]
chr9,79815653,79815671,[267765]
chr9,80155564,80155582,[267882]
chr9,80305644,80305662,[267938]
chr9,80610334,80610352,[267997]
chr9,80819231,80819249,[268020]
chr9,81073537,81073555,[268039]
chr9,81746030,81746048,[268094]
chr9,81807050,81807068,[268099]
chr9,82011085,82011103,[268119]
chr9,82944395,82944413,[268181]
chr9,83321042,83321060,[268287]
chr9,83517992,83518010,[268353]
chr9,83643460,83643478,[268417]
chr9,83829995,83830013,[268461]
chr9,83962632,83962650,[268489]
chr9,84370370,84370388,[268567]
chr9,84472210,84472229,[268573]
chr9,84841657,84841675,[268606]
chr9,85096594,85096612,[268626]
chr9,85194313,85194331,[268650]
chr9,85368649,85368667,[268697]
chr9,85483451,85483469,[268734]
chr9,85738150,85738168,[268797]
chr9,85762363,85762382,[268810]
chr9,86478905,86478923,[268907]
chr9,86625174,86625192,[268944]
chr9,86777398,86777416,[268970]
chr9,86955942,86955960,[268985]
chr9,87065826,87065844,[269006]
chr9,87255308,87255326,[269044]
chr9,87844113,87844131,[269077]
chr9,88085580,88085598,[269093]
chr9,88091926,88091944,[269095]
chr9,88209702,88209720,[269103]
chr9,89267315,89267334,[269286]
chr9,89651093,89651112,[269331]
chr9,89673632,89673650,[269334]
chr9,89685297,89685315,[269339]
chr9,89701288,89701306,[269347]
chr9,89892802,89892820,[269401]
chr9,89909935,89909953,[269409]
chr9,90064352,90064370,[269495]
chr9,90089643,90089662,[269511]
chr9,90182140,90182158,[269546]
chr9,90244876,90244894,[269592]
chr9,91715680,91715698,[269688]
chr9,92252947,92252965,[269736]
chr9,94537787,94537806,[269945]
chr9,94580183,94580202,[269965]
chr9,95168778,95168796,[270154]
chr9,95338345,95338363,[270198]
chr9,95538466,95538484,[270245]
chr9,95552217,95552235,[270251]
chr9,95709053,95709072,[270299]
chr9,95722348,95722378,[270304]
chr9,95959565,95959583,[270361]
chr9,96170678,96170697,[270402]
chr9,96213136,96213154,[270413]
chr9,96355873,96355892,[270463]
chr9,96633793,96633812,[270587]
chr9,96639738,96639757,[270592]
chr9,96745155,96745173,[270649]
chr9,96765762,96765781,[270661]
chr9,96786390,96786409,[270673]
chr9,96890115,96890133,[270715]
chr9,97077898,97077916,[270787]
chr9,97307514,97307532,[270820]
chr9,98333301,98333320,[270916]
chr9,98511595,98511613,[270964]
chr9,98536028,98536046,[270972]
chr9,99011484,99011502,[271064]
chr9,99092622,99092640,[271093]
chr9,99195034,99195053,[271145]
chr9,99211413,99211431,[271148]
chr9,99308181,99308199,[271168]
chr9,99329478,99329496,[271179]
chr9,99360865,99360883,[271190]
chr9,99362262,99362281,[271191]
chr9,99497584,99497602,[271270]
chr9,99847008,99847026,[271327]
chr9,100162061,100162080,[271342]
chr9,100462205,100462223,[271390]
chr9,100484675,100484693,[271401]
chr9,100520150,100520168,[271421]
chr9,100734238,100734256,[271487]
chr9,100848209,100848227,[271505]
chr9,100910658,100910676,[271512]
chr9,101265751,101265769,[271592]
chr9,102544818,102544836,[271719]
chr9,102613877,102613895,[271737]
chr9,102650875,102650893,[271761]
chr9,102759010,102759028,[271801]
chr9,103371882,103371900,[272000]
chr9,103383853,103383871,[272007]
chr9,103753603,103753621,[272153]
chr9,104056460,104056479,[272186]
chr9,104235787,104235805,[272241]
chr9,104285963,104285981,[272276]
chr9,104328771,104328789,[272285]
chr9,104337391,104337409,[272291]
chr9,104375847,104375865,[272309]
chr9,104482660,104482678,[272330]
chr9,105131653,105131671,[272410]
chr9,105461717,105461735,[272446]
chr9,105852352,105852370,[272542]
chr9,106057941,106057959,[272566]
chr9,106296936,106296954,[272671]
chr9,106330315,106330333,[272694]
chr9,107271549,107271568,[272881]
chr9,107526771,107526789,[272986]
chr9,107719355,107719373,[273103]
chr9,107888383,107888402,[273139]
chr9,108789007,108789025,[273451]
chr9,110038916,110038935,[273632]
chr9,110268572,110268590,[273684]
chr9,110664817,110664835,[273804]
chr9,110833270,110833289,[273879]
chr9,110907595,110907613,[273920]
chr9,111074116,111074134,[274016]
chr9,111087247,111087266,[274024]
chr9,111282383,111282401,[274096]
chr9,111571916,111571934,[274165]
chr9,112793672,112793691,[274341]
chr9,113026295,113026313,[274361]
chr9,113029319,113029337,[274364]
chr9,113650520,113650538,[274423]
chr9,113725110,113725129,[274448]
chr9,113755526,113755544,[274466]
chr9,113822364,113822382,[274497]
chr9,114507652,114507670,[274648]
chr9,114552852,114552870,[274669]
chr9,114691150,114691169,[274727]
chr9,114748518,114748537,[274752]
chr9,114803626,114803644,[274794]
chr9,114811291,114811309,[274800]
chr9,114855502,114855520,[274818]
chr9,114961062,114961080,[274862]
chr9,114979320,114979338,[274868]
chr9,115265858,115265877,[274946]
chr9,115266117,115266136,[274947]
chr9,115361405,115361423,[274989]
chr9,115370453,115370471,[274993]
chr9,115451693,115451711,[275030]
chr9,115474027,115474046,[275041]
chr9,115489153,115489171,[275055]
chr9,115553368,115553387,[275077]
chr9,115612753,115612771,[275104]
chr9,115612826,115612844,[275104]
chr9,115613184,115613202,[275105]
chr9,115618089,115618107,[275108]
chr9,116058635,116058653,[275205]
chr9,116133650,116133668,[275254]
chr9,116263879,116263897,[275342]
chr9,116376545,116376563,[275393]
chr9,116390024,116390042,[275399]
chr9,116477200,116477219,[275417]
chr9,117018818,117018837,[275467]
chr9,117166393,117166411,[275509]
chr9,117919805,117919823,[275589]
chr9,117919966,117919984,[275589]
chr9,118053136,118053155,[275611]
chr9,118451046,118451065,[275711]
chr9,118545503,118545521,[275758]
chr9,118631855,118631873,[275796]
chr9,118921025,118921043,[275935]
chr9,119054465,119054483,[275990]
chr9,120133468,120133486,[276370]
chr9,120299578,120299596,[276398]
chr9,120602464,120602482,[276505]
chr9,120696072,120696091,[276529]
chr9,120777123,120777141,[276555]
chr9,120943844,120943862,[276625]
chr9,121122389,121122407,[276672]
chr9,121163111,121163129,[276679]
chr9,121455464,121455482,[276744]
chr9,121521977,121521995,[276763]
chr9,121895709,121895727,[276914]
chr9,121897944,121897962,[276916]
chr9,121935445,121935463,[276937]
chr9,122013259,122013277,[276969]
chr9,122028679,122028698,[276980]
chr9,122270172,122270190,[277113]
chr9,122449630,122449648,[277137]
chr9,123005009,123005027,[277235]
chr9,123366933,123366951,[277343]
chr9,123831400,123831419,[277522]
chr9,123958974,123958993,[277550]
chr9,124016116,124016134,[277560]
chr9,124044346,124044365,[277577]
chr9,124099264,124099283,[277600]
chr9,124116415,124116433,[277615]
chrX,6922364,6922382,[492098]
chrX,7250436,7250454,[492142]
chrX,7308326,7308345,[492154]
chrX,7638680,7638699,[492217]
chrX,7670077,7670096,[492227]
chrX,7841190,7841209,[492291]
chrX,8145265,8145283,[492357]
chrX,8223434,8223452,[492377]
chrX,9444390,9444409,[492475]
chrX,9474482,9474501,[492498]
chrX,10073902,10073920,[492519]
chrX,10501866,10501884,[492557]
chrX,10764989,10765007,[492593]
chrX,10868174,10868193,[492612]
chrX,11254970,11254989,[492663]
chrX,11369436,11369454,[492677]
chrX,11717012,11717030,[492755]
chrX,11840959,11840977,[492798]
chrX,11846007,11846025,[492800]
chrX,12078321,12078339,[492865]
chrX,12175371,12175389,[492946]
chrX,12384051,12384070,[492988]
chrX,12590032,12590050,[493037]
chrX,12673095,12673113,[493044]
chrX,12677641,12677659,[493047]
chrX,12858726,12858744,[493082]
chrX,13297749,13297768,[493162]
chrX,13332812,13332830,[493167]
chrX,13347703,13347722,[493174]
chrX,13463340,13463358,[493193]
chrX,13662264,13662282,[493267]
chrX,13675810,13675829,[493273]
chrX,17769499,17769517,[493445]
chrX,18675499,18675517,[493489]
chrX,19155940,19155958,[493512]
chrX,19168301,19168319,[493524]
chrX,20062230,20062248,[493565]
chrX,20380641,20380659,[493641]
chrX,20411492,20411511,[493646]
chrX,23673792,23673810,[493828]
chrX,35813365,35813383,[493860]
chrX,36100981,36100999,[493931]
chrX,36138768,36138786,[493949]
chrX,36229027,36229045,[493968]
chrX,36229197,36229216,[493968]
chrX,36475941,36475959,[494001]
chrX,36867768,36867786,[494098]
chrX,36959600,36959618,[494123]
chrX,38237912,38237930,[494219]
chrX,38554354,38554372,[494273]
chrX,41804712,41804731,[494386]
chrX,42059256,42059275,[494418]
chrX,42507797,42507815,[494522]
chrX,42511804,42511823,[494525]
chrX,48054102,48054120,[494626]
chrX,48140698,48140717,[494658]
chrX,48321006,48321024,[494709]
chrX,49178945,49178963,[494858]
chrX,50575334,50575353,[494913]
chrX,50972394,50972412,[494998]
chrX,51079038,51079056,[495021]
chrX,51171524,51171542,[495031]
chrX,52375375,52375393,[495105]
chrX,53298852,53298871,[495262]
chrX,53340768,53340786,[495270]
chrX,53357442,53357461,[495275]
chrX,53675899,53675917,[495302]
chrX,56018701,56018719,[495323]
chrX,56455515,56455534,[495354]
chrX,57168019,57168037,[495441]
chrX,57194696,57194714,[495459]
chrX,57227519,57227538,[495475]
chrX,57236136,57236154,[495479]
chrX,57260941,57260960,[495485]
chrX,60231191,60231209,[495643]
chrX,61653213,61653231,[495700]
chrX,68495398,68495417,[495722]
chrX,71163241,71163260,[495839]
chrX,71294076,71294094,[495873]
chrX,71296152,71296170,[495875]
chrX,71532733,71532751,[495924]
chrX,72644891,72644909,[495984]
chrX,73967352,73967370,[496199]
chrX,75035334,75035352,[496332]
chrX,75080012,75080031,[496345]
chrX,75085751,75085769,[496351]
chrX,77408263,77408281,[496446]
chrX,77423676,77423694,[496455]
chrX,77632362,77632380,[496524]
chrX,77799619,77799637,[496553]
chrX,85114758,85114776,[496649]
chrX,85235321,85235339,[496657]
chrX,85304775,85304793,[496667]
chrX,93051567,93051585,[496788]
chrX,93159288,93159307,[496791]
chrX,93369944,93369962,[496816]
chrX,93655443,93655461,[496846]
chrX,93687964,93687982,[496854]
chrX,94125481,94125499,[496935]
chrX,95012113,95012132,[497022]
chrX,95849512,95849531,[497076]
chrX,96098547,96098565,[497121]
chrX,97485178,97485196,[497224]
chrX,98245105,98245123,[497246]
chrX,98291638,98291656,[497256]
chrX,98315921,98315939,[497262]
chrX,98476718,98476736,[497273]
chrX,98682815,98682833,[497286]
chrX,98836199,98836217,[497294]
chrX,99582394,99582412,[497474]
chrX,101436210,101436229,[497688]
chrX,102035776,102035794,[497807]
chrX,102383673,102383691,[497889]
chrX,102415453,102415472,[497892]
chrX,102500653,102500671,[497903]
chrX,103945797,103945815,[498068]
chrX,104695936,104695954,[498151]
chrX,105070327,105070345,[498178]
chrX,105070440,105070458,[498178]
chrX,105079605,105079623,[498179]
chrX,105931917,105931935,[498241]
chrX,105946068,105946086,[498246]
chrX,107042556,107042574,[498413]
chrX,107090443,107090462,[498424]
chrX,107402061,107402080,[498495]
chrX,107816106,107816125,[498513]
chrX,108814145,108814164,[498525]
chrX,109011940,109011959,[498539]
chrX,109186350,109186368,[498602]
chrX,111463508,111463526,[498630]
chrX,113992742,113992760,[498747]
chrX,129415543,129415561,[498831]
chrX,129547691,129547709,[498836]
chrX,129547787,129547805,[498836]
chrX,129772017,129772035,[498871]
chrX,130505374,130505392,[498945]
chrX,130768982,130769000,[498973]
chrX,130842964,130842982,[498979]
chrX,130967186,130967204,[498988]
chrX,133818188,133818206,[499039]
chrX,134128621,134128640,[499078]
chrX,134607586,134607605,[499189]
chrX,134652343,134652361,[499203]
chrX,134898416,134898434,[499243]
chrX,135091290,135091308,[499271]
chrX,135569629,135569647,[499283]
chrX,136616174,136616193,[499379]
chrX,136646008,136646027,[499383]
chrX,136825212,136825231,[499407]
chrX,139016753,139016771,[499481]
chrX,139722645,139722663,[499554]
chrX,139828502,139828520,[499577]
chrX,140961162,140961180,[499741]
chrX,140965740,140965758,[499743]
chrX,141156912,141156930,[499758]
chrX,142361471,142361490,[499822]
chrX,142469090,142469108,[499868]
chrX,142577543,142577562,[499895]
chrX,142789092,142789110,[499941]
chrX,142821199,142821218,[499951]
chrX,142893191,142893209,[499973]
chrX,142930187,142930205,[499990]
chrX,142970744,142970762,[500001]
chrX,143886152,143886171,[500065]
chrX,144234609,144234628,[500075]
chrX,144526171,144526190,[500099]
chrX,145263935,145263953,[500130]
chrX,145456475,145456494,[500153]
chrX,145471446,145471464,[500156]
chrX,150463863,150463881,[500252]
chrX,152676646,152676664,[500495]
chrX,153015122,153015140,[500525]
chrX,153665113,153665131,[500594]
chrX,155195287,155195305,[500668]
chrX,155376756,155376774,[500709]
chrX,155900645,155900663,[500742]
chrX,157292495,157292513,[500759]
chrX,157355733,157355751,[500768]
chrX,157644887,157644905,[500825]
chrX,157978260,157978278,[500842]
chrX,159075096,159075114,[500895]
chrX,159708202,159708220,[501047]
chrX,159878901,159878920,[501126]
chrX,159978266,159978284,[501158]
chrX,160147558,160147576,[501185]
chrX,160414013,160414031,[501202]
chrX,160603647,160603665,[501228]
chrX,160610105,160610123,[501231]
chrX,160750995,160751013,[501241]
chrX,160914913,160914931,[501259]
chrX,162255193,162255211,[501369]
chrX,162868127,162868145,[501447]
chrX,164431654,164431672,[501689]
chrX,164431795,164431814,[501689]
chrX,164835889,164835907,[501714]
chrX,166219942,166219960,[501780]
chrX,166300137,166300155,[501804]
chrX,166495672,166495690,[501853]
chrX,166663034,166663052,[501889]
chrX,167119475,167119494,[502010]
chrX,167126209,167126227,[502013]
chrX,167144213,167144231,[502022]
chrX,167175482,167175501,[502044]
chrX,167210574,167210592,[502068]
chrX,167522313,167522331,[502168]
chrX,168338330,168338348,[502194]
chrX,168647849,168647867,[502209]
chrX,168793037,168793073,[502227]
chrX,169049697,169049715,[502267]
chrX,169396485,169396504,[502335]
chrX,169493702,169493721,[502345]
