chr,h_h_start,h_h_end,closest_TnG_start,closest_TnG_end,tng_alignment,distance_to_closest_TnG
chr1,3932145,3932163,4768477,4768517,1,836314
chr1,6417656,6417674,6417733,6417755,1,59
chr1,9798723,9798741,9798859,9798901,1,118
chr1,9976309,9976327,10037691,10037725,0,61364
chr1,10146946,10146964,10146937,10146952,1,0
chr1,11022282,11022300,11022190,11022206,0,-76
chr1,13464886,13464904,13464685,13464705,1,-181
chr1,13593378,13593397,13593430,13593452,0,33
chr1,13667837,13667855,13593430,13593452,1,-74385
chr1,15985170,15985188,15985139,15985181,1,0
chr1,16029470,16029488,16029459,16029481,1,0
chr1,16177590,16177608,16029482,16029504,0,-148086
chr1,16613695,16613713,16613656,16613697,0,0
chr1,20135504,20135522,20820527,20820553,0,685005
chr1,22427622,22427640,22427638,22427666,1,0
chr1,22653498,22653516,22653503,22653518,1,0
chr1,26965921,26965939,26965800,26965825,0,-96
chr1,26965973,26965991,26965800,26965825,0,-148
chr1,30699887,30699906,30920778,30920829,1,220872
chr1,31262843,31262864,31262852,31262874,1,0
chr1,33453740,33453758,33453753,33453769,1,0
chr1,33453824,33453842,33453836,33453855,1,0
chr1,33883182,33883200,33883168,33883187,1,0
chr1,34545778,34545796,34545766,34545781,1,0
chr1,36267728,36267746,36267097,36267131,1,-597
chr1,36273674,36273692,36267097,36267131,1,-6543
chr1,36708938,36708956,36737351,36737367,0,28395
chr1,37246918,37246936,37233124,37233146,0,-13772
chr1,37419404,37419422,37481466,37481492,0,62044
chr1,39714299,39714318,39714285,39714323,1,0
chr1,40618126,40618144,40618463,40618485,1,319
chr1,42300254,42300272,42300357,42300379,1,85
chr1,42851274,42851292,42640030,42640084,0,-211190
chr1,43403482,43403500,43403702,43403737,0,202
chr1,51361529,51361547,51361394,51361416,0,-113
chr1,52035446,52035464,52035410,52035424,1,-22
chr1,52052645,52052663,52052629,52052660,1,0
chr1,52052816,52052834,52052799,52052821,1,0
chr1,52245471,52245489,52245336,52245352,0,-119
chr1,52303059,52303077,52303086,52303101,0,9
chr1,52375507,52375526,52375207,52375226,1,-281
chr1,53350214,53350232,53610135,53610154,1,259903
chr1,53791619,53791637,53797351,53797367,1,5714
chr1,54251309,54251327,54251295,54251314,1,0
chr1,54860705,54860723,54871257,54871276,1,10534
chr1,54871469,54871488,54871461,54871476,1,0
chr1,56236919,56236937,56236925,56236958,1,0
chr1,57208617,57208635,57436339,57436361,0,227704
chr1,58975290,58975309,58975277,58975298,1,0
chr1,60087647,60087665,60087630,60087652,1,0
chr1,60755642,60755660,60755455,60755471,1,-171
chr1,60758524,60758542,60758463,60758485,0,-39
chr1,60825416,60825434,60825500,60825522,0,66
chr1,61016226,61016245,61016731,61016753,0,486
chr1,61107460,61107478,61107718,61107740,1,240
chr1,61434648,61434666,61434904,61434924,0,238
chr1,61434944,61434962,61434904,61434924,1,-20
chr1,63176923,63176941,63176891,63176905,1,-18
chr1,63423555,63423573,63423543,63423566,1,0
chr1,64266337,64266355,64266367,64266381,1,12
chr1,64709594,64709612,64709767,64709826,1,155
chr1,69119700,69119718,69119705,69119720,1,0
chr1,69420191,69420209,69420123,69420142,1,-49
chr1,70134495,70134513,70414133,70414148,1,279620
chr1,70414056,70414074,70414133,70414148,1,59
chr1,70893067,70893085,70893059,70893075,1,0
chr1,72254870,72254888,72284486,72284514,0,29598
chr1,73928913,73928931,73929105,73929121,1,174
chr1,74617141,74617159,74617110,74617150,1,0
chr1,74758837,74758855,74808099,74808118,1,49244
chr1,75142249,75142268,75125344,75125358,0,-16891
chr1,75477272,75477291,75521859,75521875,0,44568
chr1,77831945,77831963,77831937,77831957,1,0
chr1,77855309,77855344,77855295,77855319,1,0
chr1,78017177,78017195,78017166,78017188,1,0
chr1,81212518,81212536,81212463,81212505,0,-13
chr1,82764666,82764684,82764640,82764678,1,0
chr1,82803849,82803867,82803846,82803861,1,0
chr1,82833554,82833572,82833473,82833523,1,-31
chr1,82900896,82900914,82900844,82900870,1,-26
chr1,85740369,85740387,85740361,85740381,1,0
chr1,86153406,86153424,86153361,86153375,1,-31
chr1,87632854,87632872,87632888,87632910,1,16
chr1,88553688,88553706,88578250,88578278,0,24544
chr1,88587627,88587646,88587843,88587865,1,197
chr1,93344186,93344204,93344221,93344247,0,17
chr1,95590367,95590386,95590468,95590482,0,82
chr1,95605429,95605447,95590468,95590482,1,-14947
chr1,95605481,95605499,95590468,95590482,1,-14999
chr1,103899506,103899524,103899376,103899396,0,-110
chr1,106757808,106757826,106757849,106757863,0,23
chr1,108209278,108209296,108209453,108209472,0,157
chr1,111864074,111864092,111864282,111864296,0,190
chr1,118311344,118311362,118311653,118311675,1,291
chr1,118311443,118311461,118311653,118311675,1,192
chr1,118390947,118390965,118390972,118390995,0,7
chr1,118641723,118641741,118641711,118641735,1,0
chr1,120100449,120100470,120100454,120100495,1,0
chr1,122837252,122837270,121668195,121668217,1,-1169035
chr1,125399050,125399069,125399037,125399061,1,0
chr1,126781037,126781055,126781070,126781094,0,15
chr1,127363896,127363914,127322742,127322774,1,-41122
chr1,128077457,128077476,128077383,128077434,0,-23
chr1,128611837,128611855,128602728,128602747,1,-9090
chr1,128611888,128611907,128602728,128602747,1,-9141
chr1,131154501,131154519,131154467,131154509,1,0
chr1,131379850,131379868,131379836,131379861,1,0
chr1,131489139,131489157,131489145,131489173,1,0
chr1,132010923,132010941,132011170,132011192,0,229
chr1,134063530,134063549,134065658,134065683,1,2109
chr1,134473316,134473334,134473295,134473314,1,-2
chr1,134560035,134560053,134518686,134518713,0,-41322
chr1,135670212,135670230,135670291,135670328,0,61
chr1,135807696,135807714,135753259,135753348,1,-54348
chr1,136609010,136609028,136608914,136608957,0,-53
chr1,138125462,138125480,138125461,138125483,1,0
chr1,138144948,138144967,138145234,138145271,0,267
chr1,138145126,138145145,138145234,138145271,0,89
chr1,138166736,138166755,138166558,138166574,1,-162
chr1,138542766,138542784,138542749,138542782,1,0
chr1,138700604,138700622,138700652,138700674,0,30
chr1,144267620,144267638,144265145,144265161,1,-2459
chr1,144272990,144273008,144272981,144273000,1,0
chr1,144306632,144306651,144306641,144306657,1,0
chr1,144306728,144306746,144306737,144306759,1,0
chr1,144500081,144500099,144500078,144500092,1,0
chr1,145413860,145413878,145413856,145413872,1,0
chr1,146595569,146595587,146595565,146595581,1,0
chr1,147489669,147489687,147489629,147489653,0,-16
chr1,147928963,147928981,147928946,147928968,1,0
chr1,150465511,150465529,150465479,150465494,1,-17
chr1,151457199,151457217,151428526,151428545,1,-28654
chr1,151615441,151615459,151571270,151571285,1,-44156
chr1,152289465,152289483,152288102,152288121,0,-1344
chr1,152766351,152766369,152903117,152903132,0,136748
chr1,153413764,153413782,153413753,153413775,1,0
chr1,153614398,153614416,153614400,153614444,1,0
chr1,155159311,155159329,155159525,155159541,0,196
chr1,155159537,155159555,155159525,155159541,1,0
chr1,155172987,155173005,155159794,155159824,1,-13163
chr1,155173128,155173146,155159794,155159824,1,-13304
chr1,155173337,155173355,155159794,155159824,1,-13513
chr1,155173383,155173401,155159794,155159824,1,-13559
chr1,155530825,155530844,155564961,155564976,0,34117
chr1,155914620,155914638,155914603,155914630,1,0
chr1,156263620,156263638,156263614,156263631,1,0
chr1,156848121,156848139,156809777,156809799,0,-38322
chr1,157077233,157077251,157110160,157110182,1,32909
chr1,157990627,157990645,157990614,157990630,0,0
chr1,160058268,160058286,160058225,160058380,0,0
chr1,160307000,160307019,160306914,160306928,0,-72
chr1,160397441,160397459,160397412,160397438,0,-3
chr1,160926454,160926472,160926457,160926482,1,0
chr1,161767112,161767130,161767124,161767143,1,0
chr1,161894290,161894308,161894336,161894356,0,28
chr1,161903287,161903306,161903280,161903296,1,0
chr1,161975375,161975393,162000019,162000070,1,24626
chr1,162207278,162207296,162207271,162207312,1,0
chr1,165193541,165193560,165193631,165193650,1,71
chr1,165643490,165643508,165643418,165643433,1,-57
chr1,165986288,165986306,165986479,165986493,1,173
chr1,166410014,166410032,166048420,166048441,1,-361573
chr1,168891258,168891276,167394043,167394062,1,-1497196
chr1,170215494,170215512,170861714,170861745,0,646202
chr1,171380045,171380063,171411911,171411952,0,31848
chr1,171412777,171412795,171412313,171412348,1,-429
chr1,173398823,173398841,173398929,173398958,0,88
chr1,173657472,173657490,173657352,173657387,0,-85
chr1,173680824,173680842,173680797,173680836,1,0
chr1,176986304,176986322,176993453,176993475,0,7131
chr1,177338240,177338258,177338243,177338265,1,0
chr1,180304813,180304831,180304900,180304922,1,69
chr1,181240704,181240722,181240586,181240630,0,-74
chr1,183180149,183180171,183180107,183180163,1,0
chr1,183238065,183238083,183238040,183238054,0,-11
chr1,184061807,184061825,184061799,184061819,1,0
chr1,184074698,184074716,184074707,184074723,1,0
chr1,184074838,184074856,184074847,184074874,1,0
chr1,184845323,184845341,184845158,184845172,1,-151
chr1,186193512,186193530,186193519,186193538,1,0
chr1,186562569,186562587,186562647,186562669,1,60
chr1,186693405,186693423,186749652,186749757,0,56229
chr1,186735110,186735128,186749652,186749757,0,14524
chr1,188027545,188027563,187215330,187215349,1,-812196
chr1,191409780,191409798,191409938,191409960,1,140
chr1,191988758,191988776,191988581,191988600,0,-158
chr1,193193968,193193986,193193977,193194005,1,0
chr1,193421379,193421397,193338459,193338481,1,-82898
chr1,193839234,193839252,193839240,193839274,1,0
chr1,194728179,194728197,194728167,194728183,1,0
chr10,3699104,3699123,4206511,4206525,1,507388
chr10,4206713,4206731,4206717,4206770,1,0
chr10,4532644,4532662,4532681,4532697,1,19
chr10,5194699,5194717,5195043,5195063,1,326
chr10,5979424,5979442,5979431,5979450,1,0
chr10,6980583,6980601,6980393,6980407,0,-176
chr10,7595079,7595097,7595091,7595110,1,0
chr10,7600691,7600709,7600847,7600861,0,138
chr10,7863453,7863471,7847507,7847529,1,-15924
chr10,8517079,8517097,8517050,8517090,1,0
chr10,8640991,8641009,8641110,8641132,0,101
chr10,10051380,10051398,10143299,10143313,0,91901
chr10,11165312,11165330,11165192,11165221,1,-91
chr10,12524435,12524453,12524442,12524484,1,0
chr10,12813872,12813890,12813749,12813771,1,-101
chr10,12923334,12923352,12923343,12923371,1,0
chr10,12980896,12980914,12981115,12981143,0,201
chr10,14016484,14016503,14018426,14018441,0,1923
chr10,14043516,14043534,14045867,14045889,1,2333
chr10,17457514,17457532,17457378,17457394,0,-120
chr10,17926616,17926634,17926652,17926673,1,18
chr10,19116942,19116961,19116954,19116973,1,0
chr10,19504697,19504716,19504978,19504992,0,262
chr10,19577827,19577845,19578315,19578330,0,470
chr10,20230154,20230172,20281451,20281477,0,51279
chr10,21535855,21535873,21535714,21535730,0,-125
chr10,23942625,23942643,23942590,23942606,1,-19
chr10,25313779,25313797,25313760,25313789,1,0
chr10,25395665,25395683,25395477,25395509,0,-156
chr10,26133545,26133563,26133558,26133572,1,0
chr10,28594023,28594041,28594402,28594422,0,361
chr10,29936958,29936976,29936893,29936945,1,-13
chr10,30802502,30802520,30811099,30811118,1,8579
chr10,32755215,32755233,31668499,31668514,1,-1086701
chr10,34735889,34735907,34735891,34735923,1,0
chr10,38109015,38109033,38109000,38109020,1,0
chr10,39470297,39470315,39470711,39470725,1,396
chr10,40163543,40163561,40163354,40163382,1,-161
chr10,40342613,40342631,40342604,40342618,1,0
chr10,40386305,40386323,40386196,40386212,1,-93
chr10,40420334,40420352,40420222,40420255,1,-79
chr10,40543708,40543726,40479559,40479573,0,-64135
chr10,41614521,41614539,41614445,41614510,0,-11
chr10,41900017,41900035,41893737,41893756,1,-6261
chr10,42219170,42219188,42277923,42277939,1,58735
chr10,43777889,43777907,43740802,43740844,1,-37045
chr10,44418624,44418642,44429811,44429825,0,11169
chr10,44957872,44957890,44957881,44957897,1,0
chr10,47412521,47412539,47412394,47412533,1,0
chr10,49893563,49893581,49893446,49893460,0,-103
chr10,51727289,51727307,51727512,51727531,1,205
chr10,52927151,52927169,52927241,52927267,0,72
chr10,53595996,53596014,53595763,53595782,0,-214
chr10,53641715,53641734,53641638,53641652,0,-63
chr10,57743739,57743758,57743717,57743755,1,0
chr10,58370379,58370397,58370386,58370413,1,0
chr10,58446622,58446640,58488391,58488418,1,41751
chr10,58488563,58488581,58488532,58488569,1,0
chr10,58756039,58756057,58755976,58755991,1,-48
chr10,59836642,59836660,59836613,59836657,1,0
chr10,61145972,61145990,61145978,61146000,1,0
chr10,61148095,61148113,61148058,61148109,1,0
chr10,61418274,61418292,61453220,61453236,0,34928
chr10,61452338,61452356,61453220,61453236,0,864
chr10,61520175,61520193,61520184,61520200,1,0
chr10,61838700,61838718,61838706,61838734,1,0
chr10,62506648,62506667,62506622,62506660,1,0
chr10,62784511,62784529,62784399,62784428,1,-83
chr10,65125145,65125163,65125068,65125091,0,-54
chr10,66559484,66559502,66525249,66525271,0,-34213
chr10,66864546,66864565,66864535,66864555,1,0
chr10,67184590,67184608,67184581,67184600,1,0
chr10,67184627,67184646,67184581,67184600,1,-27
chr10,67459035,67459053,67459014,67459036,1,0
chr10,67998447,67998465,68035770,68035784,0,37305
chr10,68241237,68241255,68241109,68241143,0,-94
chr10,72654940,72654959,72689119,72689135,1,34160
chr10,74676718,74676736,75059382,75059404,0,382646
chr10,75740345,75740363,75740417,75740456,0,54
chr10,77537023,77537041,77537028,77537043,1,0
chr10,78605312,78605330,78605333,78605428,1,3
chr10,79861787,79861809,79861798,79861838,1,0
chr10,80676515,80676533,80695276,80695295,1,18743
chr10,80738933,80738951,80738886,80738932,0,-1
chr10,81017348,81017366,81017356,81017388,1,0
chr10,81329324,81329342,81357316,81357338,1,27974
chr10,81384224,81384242,81384149,81384173,1,-51
chr10,81502586,81502604,81502572,81502597,1,0
chr10,82170802,82170820,82393338,82393360,0,222518
chr10,82580603,82580621,82580612,82580630,1,0
chr10,83719108,83719126,83719139,83719159,1,13
chr10,85118774,85118792,85128388,85128412,1,9596
chr10,87972749,87972767,87972671,87972693,1,-56
chr10,87972797,87972815,87972671,87972693,1,-104
chr10,88730959,88730977,88730990,88731005,0,13
chr10,90558172,90558190,90558041,90558055,0,-117
chr10,90614903,90614921,90614894,90614909,1,0
chr10,93452180,93452199,93452678,93452697,0,479
chr10,93688874,93688892,93688911,93688925,1,19
chr10,94696772,94696790,94696698,94696785,1,0
chr10,95397993,95398011,95418615,95418688,0,20604
chr10,95474995,95475014,95474995,95475029,1,0
chr10,95699125,95699143,95699133,95699153,1,0
chr10,95814949,95814967,95815305,95815324,0,338
chr10,95879975,95879993,95880029,95880051,0,36
chr10,95940013,95940032,95940135,95940150,0,103
chr10,96393153,96393171,96398565,96398618,0,5394
chr10,96409539,96409557,96409445,96409487,0,-52
chr10,96609542,96609560,96609443,96609483,0,-59
chr10,96694066,96694084,96694102,96694124,0,18
chr10,96786949,96786967,96786931,96786960,1,0
chr10,96787317,96787335,96787601,96787644,0,266
chr10,96822498,96822516,96822768,96822784,0,252
chr10,96934984,96935002,96934997,96935012,0,0
chr10,97345860,97345879,97333895,97333948,0,-11912
chr10,97535405,97535423,97333895,97333948,0,-201457
chr10,98785589,98785607,98785540,98785567,1,-22
chr10,98788490,98788508,98788577,98788597,0,69
chr10,98885908,98885926,98885876,98885922,1,0
chr10,99127916,99127934,99117090,99117128,1,-10788
chr10,99242081,99242099,99204810,99204841,0,-37240
chr10,100685078,100685096,100651472,100651494,0,-33584
chr10,105393154,105393172,105393145,105393159,1,0
chr10,110489725,110489743,110489693,110489736,1,0
chr10,110745420,110745438,110891071,110891090,1,145633
chr10,111008241,111008259,111008276,111008320,0,17
chr10,112861212,112861230,112861224,112861238,1,0
chr10,114363914,114363932,114363918,114363955,1,0
chr10,116477314,116477332,116477322,116477338,1,0
chr10,116949167,116949185,116914237,116914265,0,-34902
chr10,117625811,117625829,117625924,117625948,1,95
chr10,117768211,117768229,117768098,117768133,1,-78
chr10,117804139,117804157,117804145,117804177,1,0
chr10,117952899,117952918,117948507,117948523,1,-4376
chr10,118141466,118141484,118172594,118172608,1,31110
chr10,118406889,118406908,118406882,118406896,1,0
chr10,121533890,121533908,121533917,121533936,1,9
chr10,122758409,122758427,122758527,122758555,1,100
chr10,122758716,122758734,122758644,122758659,0,-57
chr10,123786502,123786520,123786481,123786503,0,0
chr10,127642343,127642362,127642283,127642299,1,-44
chr10,128080854,128080872,128080869,128080908,0,0
chr10,128212028,128212047,128212020,128212039,1,0
chr10,128455332,128455351,128439232,128439264,1,-16068
chr11,3345094,3345112,3345063,3345085,1,-9
chr11,4246796,4246814,4246802,4246824,1,0
chr11,4335164,4335182,4335098,4335117,0,-47
chr11,4814000,4814018,4814012,4814026,1,0
chr11,4869423,4869441,4869412,4869435,1,0
chr11,5216021,5216039,5215533,5215563,0,-458
chr11,5331993,5332011,5411696,5411711,1,79685
chr11,6000955,6000973,6006780,6006802,0,5807
chr11,6559272,6559290,6567931,6567959,1,8641
chr11,6679980,6679998,6679993,6680058,1,0
chr11,11569830,11569849,11529219,11529233,0,-40597
chr11,11836799,11836817,11836835,11836857,0,18
chr11,12291615,12291633,12291514,12291540,1,-75
chr11,20315961,20315979,20315966,20315986,1,0
chr11,20316189,20316207,20316175,20316203,1,0
chr11,21219482,21219501,21223180,21223197,0,3679
chr11,22363061,22363079,22363049,22363066,1,0
chr11,22972971,22972989,22973268,22973287,1,279
chr11,23405784,23405803,23405773,23405789,1,0
chr11,23675400,23675418,23769699,23769721,1,94281
chr11,24997195,24997213,24997203,24997218,1,0
chr11,25660581,25660599,25373900,25373937,0,-286644
chr11,27669750,27669768,27669759,27669775,1,0
chr11,28399013,28399031,28399024,28399039,1,0
chr11,28484040,28484058,28484321,28484336,0,263
chr11,29139483,29139501,29139488,29139508,1,0
chr11,29561292,29561310,29561276,29561295,0,0
chr11,30776672,30776690,30776648,30776687,1,0
chr11,31279367,31279385,31279268,31279293,0,-74
chr11,32126136,32126154,32126204,32126244,0,50
chr11,32226198,32226216,32216966,32217007,0,-9191
chr11,34763685,34763703,34763691,34763719,1,0
chr11,34833729,34833747,34833810,34833845,0,63
chr11,36045851,36045870,35834706,35834757,1,-211094
chr11,38188851,38188869,38189087,38189103,1,218
chr11,38189078,38189096,38189087,38189103,1,0
chr11,39013047,39013065,39012957,39013003,0,-44
chr11,39319158,39319176,39013149,39013168,1,-305990
chr11,41915616,41915634,41915623,41915642,1,0
chr11,42788296,42788314,42788288,42788304,1,0
chr11,43375995,43376013,43426347,43426415,1,50334
chr11,43923841,43923860,43923823,43923847,1,0
chr11,44495484,44495502,44495450,44495506,1,0
chr11,44893045,44893064,44544070,44544102,1,-348943
chr11,45872280,45872298,45875618,45875641,0,3320
chr11,46252142,46252160,46343828,46343844,0,91668
chr11,46582376,46582394,46582151,46582173,0,-203
chr11,48111622,48111641,48111585,48111612,1,-10
chr11,49204646,49204665,49204639,49204655,1,0
chr11,49982948,49982966,49982976,49983010,1,10
chr11,50377473,50377492,50377481,50377495,1,0
chr11,52008419,52008437,52011075,52011091,0,2638
chr11,52066105,52066123,52036021,52036035,1,-30070
chr11,52522683,52522701,52396230,52396269,0,-126414
chr11,53179244,53179262,53179179,53179198,0,-46
chr11,53179314,53179332,53179179,53179198,0,-116
chr11,53617329,53617347,53590541,53590573,1,-26756
chr11,54500439,54500457,54500259,54500288,1,-151
chr11,54522831,54522849,54522424,54522454,1,-377
chr11,54941893,54941911,54941950,54941972,1,39
chr11,58139831,58139849,58168750,58168778,1,28901
chr11,60084984,60085002,60084960,60084993,1,0
chr11,60976697,60976715,61231783,61231819,0,255068
chr11,61231812,61231830,61231783,61231819,1,0
chr11,62467047,62467065,62466766,62466781,1,-266
chr11,62487471,62487490,62487458,62487483,1,0
chr11,66172070,66172088,66172237,66172256,1,149
chr11,67051821,67051840,67051917,67051940,1,77
chr11,68430704,68430722,68451187,68451203,0,20465
chr11,69432215,69432233,69432101,69432130,1,-85
chr11,69682292,69682310,69682273,69682299,1,0
chr11,70506352,70506370,70506341,70506361,1,0
chr11,72182409,72182427,72182310,72182324,0,-85
chr11,73199721,73199740,72795964,72796007,0,-403714
chr11,74801971,74801989,74960225,74960241,0,158236
chr11,74838808,74838827,74960225,74960241,0,121398
chr11,75323212,75323230,75323131,75323153,0,-59
chr11,75338443,75338461,75338628,75338669,1,167
chr11,76038200,76038219,76037785,76037812,0,-388
chr11,76406736,76406754,76406975,76406991,0,221
chr11,77051977,77051995,77051938,77051971,1,-6
chr11,78175177,78175195,78175149,78175185,1,0
chr11,78509393,78509411,78509399,78509427,1,0
chr11,79010611,79010629,79010672,79010720,0,43
chr11,79130466,79130484,79218097,79218147,0,87613
chr11,79282643,79282661,79296327,79296349,1,13666
chr11,79398332,79398351,79398335,79398377,1,0
chr11,79641311,79641329,79641231,79641253,1,-58
chr11,79962636,79962654,79962634,79962648,1,0
chr11,80525044,80525062,80525026,80525055,1,0
chr11,82952616,82952634,82947707,82947727,1,-4889
chr11,84808672,84808690,85324179,85324207,0,515489
chr11,87937928,87937946,87937913,87937933,0,0
chr11,88455307,88455325,88455290,88455309,1,0
chr11,88564805,88564823,88564748,88564817,1,0
chr11,90242120,90242138,90242225,90242271,0,87
chr11,90257165,90257183,90257170,90257185,1,0
chr11,90637971,90637989,90548795,90548822,1,-89149
chr11,92022401,92022419,92022380,92022396,0,-5
chr11,92952593,92952611,92952472,92952486,1,-107
chr11,93306725,93306743,93306735,93306765,1,0
chr11,93591079,93591097,93591091,93591105,1,0
chr11,93591447,93591465,93591456,93591481,1,0
chr11,93995449,93995468,93968433,93968460,1,-26989
chr11,94719386,94719404,94698192,94698211,1,-21175
chr11,95364301,95364319,95364284,95364316,1,0
chr11,96504725,96504743,96468398,96468412,0,-36313
chr11,97622449,97622467,97622457,97622471,1,0
chr11,97719043,97719062,97719032,97719047,1,0
chr11,97822030,97822048,97841062,97841098,0,19014
chr11,98044289,98044307,98044139,98044174,0,-115
chr11,98513908,98513927,98513832,98513854,1,-54
chr11,99124265,99124284,99124130,99124158,1,-107
chr11,99238700,99238718,99238851,99238873,0,133
chr11,103168950,103168968,103133120,103133134,1,-35816
chr11,104382096,104382114,104383227,104383266,1,1113
chr11,105180519,105180537,105180521,105180540,1,0
chr11,105445116,105445134,105445136,105445162,0,2
chr11,105450147,105450165,105450144,105450158,1,0
chr11,106581354,106581372,106588108,106588128,0,6736
chr11,106874274,106874293,106779835,106779854,1,-94420
chr11,107013220,107013239,107013188,107013234,1,0
chr11,107027502,107027520,107027613,107027633,0,93
chr11,107458494,107458512,107464126,107464179,1,5614
chr11,107547542,107547560,107529765,107529781,0,-17761
chr11,107547601,107547619,107529765,107529781,0,-17820
chr11,108171961,108171979,108178890,108178912,0,6911
chr11,108172129,108172147,108178890,108178912,0,6743
chr11,108216324,108216342,108222950,108222972,1,6608
chr11,108335013,108335032,108273896,108273910,0,-61103
chr11,108901442,108901460,108901314,108901333,1,-109
chr11,109419780,109419798,109419686,109419706,1,-74
chr11,109560815,109560833,109553980,109553997,1,-6818
chr11,109873574,109873592,109873621,109873640,1,29
chr11,110125210,110125228,110125215,110125239,1,0
chr11,110350774,110350792,110350779,110350799,1,0
chr11,110399471,110399489,110399556,110399671,0,67
chr11,112324148,112324166,112324154,112324182,1,0
chr11,113174218,113174237,113268077,113268091,0,93840
chr11,115074122,115074140,115158113,115158127,0,83973
chr11,115771366,115771384,115771328,115771357,1,-9
chr11,116081014,116081032,116080991,116081025,1,0
chr11,116886302,116886320,116886353,116886390,0,33
chr11,117071941,117071959,117071871,117071952,1,0
chr11,117409709,117409728,117409862,117409891,0,134
chr11,117871624,117871642,117846977,117846993,0,-24631
chr11,119503892,119503910,119258993,119259017,1,-244875
chr12,3606774,3606792,3606668,3606682,0,-92
chr12,3606879,3606897,3606668,3606682,0,-197
chr12,5910437,5910455,5910541,5910555,0,86
chr12,9485388,9485406,9485393,9485409,1,0
chr12,11230232,11230250,11230347,11230373,1,97
chr12,13719351,13719369,12373111,12373130,1,-1346221
chr12,16006932,16006951,16009259,16009278,0,2308
chr12,16583832,16583850,16583926,16583952,1,76
chr12,17658124,17658142,17556844,17556862,1,-101262
chr12,21151022,21151040,21151014,21151036,1,0
chr12,24259876,24259894,24259883,24259912,1,0
chr12,25241868,25241886,25360145,25360160,1,118259
chr12,25885496,25885514,25864500,25864514,1,-20982
chr12,28779614,28779632,28779561,28779575,1,-39
chr12,31176129,31176148,31351602,31351618,1,175454
chr12,31988335,31988353,31988344,31988360,1,0
chr12,32202129,32202147,32208294,32208316,1,6147
chr12,32814031,32814050,33076493,33076509,1,262443
chr12,33333453,33333471,33302905,33302924,1,-30529
chr12,33333509,33333527,33302905,33302924,1,-30585
chr12,34533263,34533281,34533140,34533155,0,-108
chr12,34533411,34533429,34533140,34533155,0,-256
chr12,34649651,34649669,34533140,34533155,0,-116496
chr12,35755424,35755443,35755305,35755329,0,-95
chr12,36032589,36032607,36039495,36039514,0,6888
chr12,36155751,36155769,36155785,36155811,1,16
chr12,36156890,36156908,36155785,36155811,0,-1079
chr12,38929045,38929063,38778521,38778541,1,-150504
chr12,40038680,40038698,40038685,40038701,1,0
chr12,41247159,41247178,41247152,41247168,1,0
chr12,42090454,42090472,42090456,42090492,1,0
chr12,42405633,42405651,42405624,42405645,1,0
chr12,43635444,43635462,43635395,43635455,1,0
chr12,43765589,43765607,43765601,43765629,1,0
chr12,44203577,44203595,44203597,44203611,1,2
chr12,44203634,44203652,44203597,44203611,0,-23
chr12,45793806,45793824,44268906,44268922,0,-1524884
chr12,49290785,49290803,51747067,51747091,0,2456264
chr12,51865076,51865094,51865971,51865993,1,877
chr12,52454409,52454427,52454421,52454440,1,0
chr12,55488943,55488961,55465173,55465205,1,-23738
chr12,59218859,59218877,59219460,59219488,1,583
chr12,60802286,60802304,60802295,60802330,1,0
chr12,63849034,63849052,63849047,63849063,1,0
chr12,65233185,65233203,65233140,65233173,1,-12
chr12,65340882,65340900,65340885,65340958,1,0
chr12,66895222,66895240,67076439,67076454,1,181199
chr12,67076564,67076582,67076439,67076454,0,-110
chr12,68024307,68024325,68024293,68024312,1,0
chr12,68024399,68024417,68024383,68024405,1,0
chr12,69164911,69164929,69164871,69164900,1,-11
chr12,69447212,69447230,69448344,69448370,0,1114
chr12,69447921,69447939,69448344,69448370,0,405
chr12,69462083,69462101,69475721,69475779,1,13620
chr12,69513857,69513875,69513818,69513870,1,0
chr12,69530217,69530235,69530039,69530073,0,-144
chr12,69616057,69616075,69616066,69616084,1,0
chr12,71047445,71047464,71047427,71047457,1,0
chr12,71048013,71048032,71048020,71048039,1,0
chr12,71048103,71048121,71048093,71048112,1,0
chr12,72529731,72529749,72665069,72665093,1,135320
chr12,73123487,73123506,73123510,73123524,0,4
chr12,73611253,73611271,73605320,73605351,1,-5902
chr12,73888516,73888534,73880054,73880093,0,-8423
chr12,73888602,73888621,73880054,73880093,0,-8509
chr12,73908861,73908879,73880054,73880093,0,-28768
chr12,76379699,76379717,76379707,76379721,1,0
chr12,76515948,76515966,76515957,76515973,1,0
chr12,76868045,76868063,76868257,76868285,0,194
chr12,78568990,78569008,78568825,78568855,0,-135
chr12,79296579,79296598,79296566,79296592,1,0
chr12,79381532,79381550,79381580,79381617,0,30
chr12,79444789,79444813,79444781,79444800,1,0
chr12,79633935,79633953,79633965,79633980,0,12
chr12,80069123,80069141,80068981,80069061,1,-62
chr12,80462986,80463005,80462964,80462987,0,0
chr12,82189845,82189863,82203229,82203248,0,13366
chr12,82542096,82542114,82542025,82542073,1,-23
chr12,83443001,83443019,83443037,83443059,1,18
chr12,84417179,84417197,84407954,84407976,0,-9203
chr12,84882603,84882621,84969025,84969051,1,86404
chr12,85427808,85427827,85427815,85427837,1,0
chr12,85818739,85818757,85845963,85845985,1,27206
chr12,85973815,85973833,85973924,85973952,1,91
chr12,88470183,88470201,87416938,87416979,0,-1053204
chr12,89555169,89555187,89555178,89555214,1,0
chr12,91711909,91711927,91765482,91765501,0,53555
chr12,94933109,94933127,96082180,96082217,0,1149053
chr12,94933159,94933177,96082180,96082217,0,1149003
chr12,95598474,95598492,96082180,96082217,0,483688
chr12,98578740,98578758,98747440,98747454,0,168682
chr12,99393048,99393067,99393060,99393079,1,0
chr12,101981476,101981494,101981390,101981406,1,-70
chr12,102371007,102371026,102384888,102384910,1,13862
chr12,102702597,102702615,102702610,102702624,1,0
chr12,102878794,102878812,102878861,102878894,0,49
chr12,103065212,103065230,102878861,102878894,1,-186318
chr12,103493051,103493069,103444160,103444174,1,-48877
chr12,106983290,106983308,106983281,106983296,1,0
chr12,107126159,107126177,107123517,107123600,1,-2559
chr12,107184732,107184751,107184500,107184526,1,-206
chr12,107645573,107645591,107645744,107645770,1,153
chr12,107720849,107720867,107720854,107720874,1,0
chr12,107783883,107783902,107783896,107783912,1,0
chr12,107937766,107937784,107937774,107937788,1,0
chr12,107977696,107977715,107977705,107977727,1,0
chr12,108645019,108645037,108646352,108646371,1,1315
chr12,108812495,108812513,108812544,108812573,0,31
chr12,109077059,109077077,108812544,108812573,1,-264486
chr12,110353091,110353109,110353173,110353197,1,64
chr12,110479303,110479321,110479275,110479316,1,0
chr12,110496016,110496034,110496009,110496025,1,0
chr12,110771272,110771290,110736722,110736759,1,-34513
chr12,110845908,110845926,110845910,110845958,1,0
chr12,111164506,111164524,111159913,111159927,1,-4579
chr12,111589087,111589105,111589079,111589095,1,0
chr12,111732499,111732517,111589099,111589118,0,-143381
chr12,113074404,113074422,113074223,113074260,1,-144
chr12,113187669,113187687,113075336,113075358,0,-112311
chr12,114990819,114990838,114981945,114981967,0,-8852
chr12,116384147,116384165,116384153,116384178,1,0
chr13,3525319,3525337,3525322,3525355,1,0
chr13,3537134,3537152,3537136,3537165,1,0
chr13,9440090,9440108,9584756,9584771,0,144648
chr13,9584878,9584896,9584789,9584804,0,-74
chr13,12133411,12133429,12133391,12133423,1,0
chr13,12507582,12507601,12460637,12460665,0,-46917
chr13,13471419,13471437,13471310,13471332,1,-87
chr13,13745217,13745235,13614277,13614299,0,-130918
chr13,14113993,14114011,14114119,14114138,1,108
chr13,16196327,16196345,16196333,16196358,1,0
chr13,16869760,16869778,16869717,16869748,1,-12
chr13,18161206,18161224,17975966,17975999,0,-185207
chr13,19242740,19242758,19182237,19182256,0,-60484
chr13,19618946,19618965,19690247,19690267,1,71282
chr13,19854113,19854131,19690247,19690267,0,-163846
chr13,21163251,21163269,21163271,21163299,1,2
chr13,22843854,22843872,22843862,22843884,1,0
chr13,22843883,22843901,22843862,22843884,0,0
chr13,23774582,23774600,23774608,23774674,0,8
chr13,24445802,24445820,24445683,24445727,1,-75
chr13,24614136,24614155,24614145,24614167,1,0
chr13,28417492,28417510,28417772,28417791,0,262
chr13,30210932,30210950,30174646,30174698,1,-36234
chr13,30638942,30638960,30638868,30638890,1,-52
chr13,30682111,30682129,30681775,30681797,0,-314
chr13,30733003,30733022,30733077,30733103,1,55
chr13,30742590,30742608,30747614,30747629,0,5006
chr13,30913901,30913919,30914055,30914074,0,136
chr13,32211799,32211817,32211714,32211728,1,-71
chr13,32211958,32211976,32211963,32211984,1,0
chr13,34096123,34096141,34096062,34096124,0,0
chr13,34191651,34191669,34191543,34191557,1,-94
chr13,34864725,34864743,34865023,34865039,1,280
chr13,36466902,36466920,36467050,36467070,0,130
chr13,37308182,37308200,37312522,37312536,0,4322
chr13,37325566,37325585,37325585,37325611,0,0
chr13,37751195,37751213,37751480,37751500,0,267
chr13,38413504,38413522,38338193,38338235,1,-75269
chr13,40922546,40922564,40922731,40922759,0,167
chr13,42293388,42293406,42052985,42053007,1,-240381
chr13,43240341,43240359,43240096,43240116,1,-225
chr13,43313573,43313591,43313567,43313585,1,0
chr13,43313743,43313762,43313794,43313816,0,32
chr13,44118009,44118027,44118005,44118021,1,0
chr13,44501955,44501974,44507254,44507283,0,5280
chr13,44782503,44782521,44800315,44800347,0,17794
chr13,45772578,45772596,45772586,45772602,1,0
chr13,46619816,46619835,46616870,46616898,1,-2918
chr13,46702594,46702612,46702471,46702487,0,-107
chr13,48929293,48929311,48979198,48979217,0,49887
chr13,48979212,48979230,48979198,48979217,1,0
chr13,51757419,51757437,51757392,51757416,0,-3
chr13,51886131,51886149,51886134,51886175,1,0
chr13,52862142,52862160,52862174,52862188,0,14
chr13,52862211,52862229,52862174,52862188,1,-23
chr13,52918233,52918251,52922178,52922197,1,3927
chr13,55444492,55444510,55443963,55443978,1,-514
chr13,56053094,56053112,56052991,56053010,1,-84
chr13,56151673,56151691,56135127,56135149,1,-16524
chr13,57866800,57866818,57866809,57866840,1,0
chr13,58177653,58177671,58177792,58177811,1,121
chr13,58214522,58214540,58216017,58216031,0,1477
chr13,59572342,59572360,59572352,59572379,1,0
chr13,59572462,59572480,59572352,59572379,0,-83
chr13,59657342,59657361,59704583,59704603,0,47222
chr13,59705062,59705080,59705048,59705067,1,0
chr13,59840975,59840994,59840818,59840852,1,-123
chr13,59841011,59841030,59840818,59840852,1,-159
chr13,60322135,60322153,60322186,60322208,1,33
chr13,62470201,62470220,62470304,62470323,1,84
chr13,63141064,63141082,63141293,63141309,0,211
chr13,64370644,64370662,64312038,64312071,1,-58573
chr13,73603665,73603683,73603841,73603860,1,158
chr13,74349926,74349945,74350436,74350458,0,491
chr13,75103032,75103050,75103024,75103044,1,0
chr13,76598919,76598937,76598869,76598885,1,-34
chr13,78253418,78253436,78253578,78253606,0,142
chr13,78426794,78426812,78253705,78253727,0,-173067
chr13,79303991,79304009,78253705,78253727,0,-1050264
chr13,83751292,83751310,84646963,84646987,0,895653
chr13,84747651,84747669,84747647,84747663,1,0
chr13,85519332,85519350,85519324,85519338,1,0
chr13,85830188,85830206,85830200,85830222,1,0
chr13,87531257,87531275,87531265,87531291,1,0
chr13,90089956,90089974,89551834,89551848,1,-538108
chr13,90800622,90800640,90800616,90800631,1,0
chr13,91509698,91509716,91509790,91509809,0,74
chr13,91680248,91680266,91680254,91680279,1,0
chr13,92830417,92830435,92830406,92830431,1,0
chr13,93624338,93624356,93624266,93624281,1,-57
chr13,94177389,94177408,94285731,94285750,1,108323
chr13,95327184,95327202,95327290,95327304,1,88
chr13,95375466,95375484,95375798,95375814,1,314
chr13,95593288,95593306,95593272,95593297,1,0
chr13,95684974,95684993,95684922,95684937,1,-37
chr13,97442921,97442939,97442927,97442941,1,0
chr13,97761994,97762012,97789888,97789907,1,27876
chr13,97824159,97824178,97789888,97789907,0,-34252
chr13,97899615,97899633,97899607,97899623,1,0
chr13,99353095,99353113,98925797,98925826,0,-427269
chr13,100866680,100866698,100866721,100866743,0,23
chr13,100911374,100911393,100946446,100946461,0,35053
chr13,105683284,105683302,105683288,105683336,1,0
chr13,107006648,107006666,107006656,107006679,1,0
chr13,107831471,107831489,107825959,107825998,0,-5473
chr13,107891542,107891561,107897189,107897205,1,5628
chr13,109802688,109802706,109802721,109802737,0,15
chr13,110829551,110829569,110829537,110829557,1,0
chr13,111179708,111179726,111065179,111065207,1,-114501
chr13,111461330,111461348,111569392,111569451,1,108044
chr13,111867407,111867425,111867319,111867334,0,-73
chr13,111936095,111936113,111977726,111977740,1,41613
chr13,112002920,112002939,112001992,112002014,1,-906
chr13,113574458,113574476,113579913,113579964,0,5437
chr13,113870370,113870388,113870473,113870493,1,85
chr13,113966446,113966464,113870518,113870545,1,-95901
chr13,117048422,117048440,117048589,117048603,1,149
chr13,117209865,117209883,117209856,117209870,1,0
chr13,117220170,117220188,117220179,117220201,1,0
chr13,119030757,119030775,119030763,119030790,1,0
chr13,119462895,119462913,119462807,119462862,1,-33
chr14,6813453,6813471,6930001,6930020,0,116530
chr14,14042818,14042836,14042904,14042962,0,68
chr14,16001898,16001916,16001959,16002000,1,43
chr14,16677995,16678013,16677982,16678007,1,0
chr14,18238597,18238615,18187131,18187154,0,-51443
chr14,18371895,18371913,18371903,18371932,1,0
chr14,19649952,19649970,19824052,19824093,1,174082
chr14,19962326,19962344,19962764,19962786,1,420
chr14,19969491,19969509,19969229,19969243,0,-248
chr14,21026782,21026800,21032535,21032549,0,5735
chr14,21032297,21032315,21032535,21032549,0,220
chr14,25173506,25173524,25378119,25378135,0,204595
chr14,26622775,26622793,26580055,26580088,0,-42687
chr14,26993848,26993866,26993830,26993859,1,0
chr14,27339426,27339444,27351870,27351884,1,12426
chr14,30624673,30624691,30654087,30654114,1,29396
chr14,31661898,31661916,31669873,31669892,1,7957
chr14,33481323,33481341,33481202,33481224,1,-99
chr14,34123055,34123073,34122875,34122891,1,-164
chr14,34123120,34123138,34122875,34122891,1,-229
chr14,36893292,36893310,36893149,36893186,0,-106
chr14,36952989,36953008,36952955,36952974,0,-15
chr14,38716976,38716994,38716964,38716980,1,0
chr14,39198162,39198180,39197791,39197805,1,-357
chr14,40930238,40930256,40930218,40930245,1,0
chr14,41285529,41285547,41285510,41285536,1,0
chr14,44787570,44787588,44700006,44700022,1,-87548
chr14,44929172,44929190,45005554,45005576,1,76364
chr14,45102563,45102581,45102347,45102362,0,-201
chr14,47105533,47105551,47105183,47105234,1,-299
chr14,47740733,47740752,47740747,47740769,1,0
chr14,51892175,51892193,51892116,51892189,1,0
chr14,52369905,52369923,52279796,52279822,1,-90083
chr14,54216980,54216999,54217043,54217076,1,44
chr14,54617990,54618008,54618154,54618176,0,146
chr14,54641487,54641505,54651138,54651168,1,9633
chr14,56675027,56675045,56675004,56675038,1,0
chr14,56959097,56959115,56959026,56959057,1,-40
chr14,57902250,57902268,57902236,57902260,1,0
chr14,58073919,58073937,58073775,58073789,1,-130
chr14,60219831,60219849,60219773,60219806,0,-25
chr14,60744836,60744854,60744624,60744659,1,-177
chr14,61778883,61778901,61778602,61778621,0,-262
chr14,61805687,61805705,61805753,61805792,1,48
chr14,62682453,62682472,62682318,62682343,1,-110
chr14,64930997,64931015,64931002,64931034,1,0
chr14,66071979,66071997,66071990,66072005,1,0
chr14,66228906,66228924,66228993,66229015,1,69
chr14,66229398,66229416,66229360,66229382,1,-16
chr14,67070350,67070368,67072597,67072619,0,2229
chr14,70065647,70065665,70148126,70148167,1,82461
chr14,72595678,72595696,72603017,72603031,0,7321
chr14,73088232,73088250,73088300,73088324,1,50
chr14,73088263,73088281,73088300,73088324,1,19
chr14,73389137,73389155,73389033,73389083,1,-54
chr14,73398730,73398748,73398732,73398754,0,0
chr14,73525318,73525337,73525336,73525352,1,0
chr14,73584488,73584506,73584541,73584568,0,35
chr14,73720761,73720779,73720642,73720664,1,-97
chr14,75445750,75445768,75516076,75516096,0,70308
chr14,75516083,75516101,75516076,75516096,1,0
chr14,78384538,78384556,78357010,78357024,0,-27514
chr14,79326900,79326918,79326939,79326967,1,21
chr14,80030401,80030422,80030407,80030456,1,0
chr14,80078338,80078356,80030407,80030456,0,-47882
chr14,80802657,80802675,80802619,80802635,1,-22
chr14,80908288,80908307,80802619,80802635,1,-105653
chr14,82608728,82608746,82608711,82608733,1,0
chr14,84682494,84682512,84682479,84682502,1,0
chr14,84768925,84768943,84768870,84768885,0,-40
chr14,85936215,85936233,85936203,85936223,1,0
chr14,86442584,86442602,86682089,86682125,0,239487
chr14,86682297,86682316,86682305,86682320,1,0
chr14,87110050,87110068,87110062,87110085,1,0
chr14,88402550,88402568,88402559,88402584,1,0
chr14,97071142,97071160,97071202,97071216,1,42
chr14,97313712,97313730,97071202,97071216,0,-242496
chr14,101477925,101477943,101477902,101477924,0,-1
chr14,101640912,101640930,101510808,101510836,0,-130076
chr14,103093738,103093756,103099887,103099912,1,6131
chr14,105296310,105296328,105296292,105296324,1,0
chr14,107018478,107018496,107018483,107018537,1,0
chr14,109711621,109711642,109711612,109711627,1,0
chr14,117465535,117465553,117465547,117465561,1,0
chr14,118233657,118233675,118233681,118233703,0,6
chr14,118982775,118982793,119007761,119007796,1,24968
chr14,119007725,119007743,119007761,119007796,1,18
chr14,120274720,120274738,120274703,120274725,1,0
chr14,121854909,121854927,121855097,121855116,1,170
chr14,121906735,121906753,121906941,121906963,0,188
chr14,121917092,121917110,121915475,121915509,0,-1583
chr14,122802030,122802048,122802034,122802083,1,0
chr14,122985470,122985488,122985536,122985551,0,48
chr14,122985548,122985566,122985560,122985579,1,0
chr14,124306217,124306235,124306226,124306243,1,0
chr15,5237389,5237407,5236773,5236818,1,-571
chr15,5813450,5813468,5813522,5813547,1,54
chr15,5813509,5813531,5813522,5813547,1,0
chr15,6034621,6034639,6034636,6034655,1,0
chr15,6554202,6554220,6555160,6555187,0,940
chr15,8667266,8667284,8667255,8667277,1,0
chr15,8667393,8667411,8667279,8667299,0,-94
chr15,9435816,9435834,9435807,9435821,1,0
chr15,9581026,9581044,9581303,9581332,0,259
chr15,12010879,12010897,12010331,12010353,1,-526
chr15,12117173,12117191,12117191,12117205,0,0
chr15,12117231,12117249,12117191,12117205,1,-26
chr15,16353344,16353362,16353332,16353347,1,0
chr15,22103376,22103394,22103375,22103397,1,0
chr15,22103650,22103668,22103627,22103642,1,-8
chr15,24244078,24244096,24244091,24244107,1,0
chr15,25740411,25740429,25817316,25817330,0,76887
chr15,25949153,25949171,25858721,25858740,1,-90413
chr15,27468287,27468305,27468277,27468299,1,0
chr15,27725734,27725752,27725600,27725614,0,-120
chr15,29136080,29136098,29136071,29136086,1,0
chr15,29423001,29423019,29136182,29136206,0,-286795
chr15,32884222,32884240,32884294,32884326,0,54
chr15,35529633,35529651,35529429,35529481,1,-152
chr15,36364188,36364206,36364129,36364152,1,-36
chr15,36580686,36580704,36580814,36580830,0,110
chr15,39221021,39221039,39221068,39221094,0,29
chr15,41832642,41832660,41830785,41830801,1,-1841
chr15,42523365,42523383,42523356,42523374,1,0
chr15,43167205,43167223,43167110,43167183,0,-22
chr15,43477690,43477708,43167110,43167183,0,-310507
chr15,47775399,47775417,47775380,47775409,1,0
chr15,48902678,48902696,49738227,49738243,0,835531
chr15,50662280,50662298,50662252,50662292,1,0
chr15,53065920,53065938,53065906,53065934,1,0
chr15,53127801,53127819,53100925,53100947,1,-26854
chr15,53127841,53127859,53100925,53100947,1,-26894
chr15,53157705,53157724,53157697,53157716,1,0
chr15,53328140,53328158,53328067,53328081,0,-59
chr15,55829192,55829211,55828940,55828963,1,-229
chr15,55848448,55848466,55851237,55851256,1,2771
chr15,58145465,58145483,58145434,58145468,0,0
chr15,58416403,58416421,58416338,58416368,1,-35
chr15,59106211,59106229,59081932,59081956,0,-24255
chr15,59936695,59936713,59936807,59936826,0,94
chr15,60102130,60102148,60101824,60101848,0,-282
chr15,60324888,60324906,60325052,60325075,0,146
chr15,61128964,61128982,61322160,61322219,0,193178
chr15,61322204,61322222,61322212,61322234,1,0
chr15,61413650,61413668,61408751,61408773,0,-4877
chr15,62457415,62457434,62457405,62457421,1,0
chr15,62824203,62824221,62824413,62824435,1,192
chr15,64313342,64313360,64313292,64313315,1,-27
chr15,64313453,64313471,64313292,64313315,1,-138
chr15,65324525,65324543,65324506,65324536,1,0
chr15,66861280,66861298,66861124,66861143,1,-137
chr15,66861721,66861740,66861597,66861617,1,-104
chr15,70453612,70453630,70453743,70453757,1,113
chr15,70453731,70453749,70453743,70453757,1,0
chr15,71256596,71256614,71256610,71256632,1,0
chr15,73118260,73118278,73155325,73155371,1,37047
chr15,73149828,73149846,73155325,73155371,1,5479
chr15,73506356,73506375,73581272,73581289,1,74897
chr15,73581264,73581283,73581272,73581289,1,0
chr15,75909405,75909423,75894502,75894521,0,-14884
chr15,76317391,76317409,76317322,76317356,0,-35
chr15,77225809,77225827,76948810,76948839,0,-276970
chr15,78391052,78391070,78391043,78391058,1,0
chr15,78587714,78587733,78587690,78587725,1,0
chr15,78683790,78683808,78614445,78614461,0,-69329
chr15,79577980,79577998,79577971,79577990,1,0
chr15,80310201,80310219,80225226,80225266,0,-84935
chr15,80513827,80513845,80513864,80513894,1,19
chr15,80897235,80897254,80897203,80897247,1,0
chr15,81302688,81302706,81302295,81302357,0,-331
chr15,83602623,83602653,83563234,83563287,0,-39336
chr15,83919639,83919657,83919644,83919660,1,0
chr15,89076005,89076023,89059633,89059647,1,-16358
chr15,90224117,90224136,90224119,90224134,.,0
chr15,90459167,90459185,90459244,90459263,1,59
chr15,91665215,91665233,91665140,91665160,0,-55
chr15,93959742,93959760,93959732,93959750,1,0
chr15,94493969,94493987,94494137,94494159,1,150
chr15,95773591,95773610,95791255,95791269,1,17645
chr15,96566216,96566234,96566196,96566221,1,0
chr15,97246849,97246867,97246830,97246856,1,0
chr15,97246908,97246926,97246920,97246936,1,0
chr15,97322490,97322508,97322514,97322528,0,6
chr15,97429446,97429464,97429538,97429557,1,74
chr15,97578038,97578057,97665230,97665252,0,87173
chr15,97836804,97836822,97836685,97836707,1,-97
chr15,99393910,99393928,99393839,99393867,0,-43
chr15,99416947,99416966,99416949,99416983,1,0
chr15,100060773,100060792,100060932,100060954,1,140
chr15,100182196,100182214,100265770,100265792,1,83556
chr15,100265652,100265670,100265770,100265792,1,100
chr15,101041083,101041101,101041020,101041053,1,-30
chr15,101243006,101243025,101243013,101243071,1,0
chr15,103258357,103258375,103224249,103224283,1,-34074
chr15,103788646,103788664,103788538,103788562,1,-84
chr16,7112801,7112819,7112810,7112826,1,0
chr16,11177652,11177670,11177664,11177678,1,0
chr16,11224809,11224827,11224681,11224709,0,-100
chr16,11501135,11501154,11224681,11224709,0,-276426
chr16,13027284,13027302,13027303,13027340,0,1
chr16,14379949,14379967,14159208,14159222,1,-220727
chr16,18388240,18388258,18388253,18388269,1,0
chr16,20930429,20930448,20930408,20930435,1,0
chr16,20991041,20991059,20991046,20991067,1,0
chr16,21232862,21232880,20991046,20991067,0,-241795
chr16,23144468,23144486,23144247,23144407,0,-61
chr16,23989789,23989807,23989826,23989848,0,19
chr16,24212947,24212965,24223272,24223287,1,10307
chr16,24539019,24539037,24539315,24539329,1,278
chr16,24819736,24819754,24819733,24819747,1,0
chr16,25211749,25211767,25211877,25211893,0,110
chr16,27198824,27198842,27349646,27349662,0,150804
chr16,28775302,28775320,29834661,29834677,1,1059341
chr16,30124523,30124541,30124465,30124479,1,-44
chr16,30326417,30326435,30326420,30326466,1,0
chr16,30439153,30439171,30439161,30439176,1,0
chr16,31022453,31022471,31039979,31040001,1,17508
chr16,32062245,32062264,32062475,32062497,1,211
chr16,32068109,32068127,32067891,32067946,1,-163
chr16,35941624,35941642,35941660,35941675,1,18
chr16,36008360,36008378,36008352,36008372,1,0
chr16,36071011,36071030,36040924,36040939,1,-30072
chr16,37437335,37437353,37437343,37437360,1,0
chr16,38029199,38029217,38029092,38029114,1,-85
chr16,38131682,38131701,38131691,38131711,1,0
chr16,40569081,40569099,40569093,40569108,1,0
chr16,41025291,41025309,41025419,41025433,0,110
chr16,44495871,44495889,44419101,44419117,1,-76754
chr16,45176507,45176525,45176524,45176561,0,0
chr16,45223754,45223772,45224010,45224046,0,238
chr16,45347885,45347903,45347894,45347911,1,0
chr16,46009598,46009617,46009607,46009635,1,0
chr16,46010868,46010887,46010774,46010796,0,-72
chr16,48595185,48595203,48595171,48595187,1,0
chr16,48786323,48786341,48788630,48788644,0,2289
chr16,49937696,49937714,49938083,49938127,0,369
chr16,49938118,49938137,49938083,49938127,1,0
chr16,51857852,51857870,51857893,51857913,1,23
chr16,52056230,52056248,52056312,52056326,1,64
chr16,52143067,52143085,52143047,52143076,1,0
chr16,53336429,53336447,53336438,53336502,1,0
chr16,55838275,55838293,55838277,55838308,1,0
chr16,56932543,56932561,56932546,56932580,1,0
chr16,57317953,57317971,57317939,57317961,1,0
chr16,57585277,57585295,57585184,57585206,0,-71
chr16,58796619,58796637,58796583,58796614,1,-5
chr16,60024533,60024551,60024529,60024545,1,0
chr16,64764566,64764584,64764487,64764514,0,-52
chr16,64800447,64800465,64800435,64800450,1,0
chr16,64800540,64800558,64800435,64800450,1,-90
chr16,64836106,64836124,64836023,64836045,0,-61
chr16,64836332,64836351,64836376,64836396,1,25
chr16,65449858,65449876,65449791,65449817,0,-41
chr16,65496885,65496903,65449791,65449817,0,-47068
chr16,70674288,70674306,70674219,70674250,1,-38
chr16,70787996,70788014,70674219,70674250,1,-113746
chr16,76333975,76333993,76337196,76337230,1,3203
chr16,76422658,76422677,76370807,76370827,0,-51831
chr16,80470386,80470404,80470388,80470427,1,0
chr16,85193889,85193907,85193903,85193918,1,0
chr16,90245025,90245043,90245032,90245051,1,0
chr16,90728048,90728066,90935033,90935055,1,206967
chr16,90934901,90934920,90935033,90935055,1,113
chr16,91044679,91044697,91061848,91061867,1,17151
chr16,91352170,91352188,91366672,91366689,1,14484
chr16,91484662,91484688,91466724,91466763,1,-17899
chr16,92701973,92701991,92701978,92701998,1,0
chr16,93803952,93803970,93780783,93780802,1,-23150
chr16,93898784,93898802,93898791,93898821,1,0
chr16,94332122,94332140,94313180,94313228,1,-18894
chr16,94332383,94332401,94313180,94313228,1,-19155
chr16,94596703,94596721,94596570,94596584,1,-119
chr16,95901616,95901634,95901736,95901764,0,102
chr16,96191703,96191721,96191711,96191733,1,0
chr16,97262614,97262632,97262542,97262558,0,-56
chr16,97272485,97272504,97262729,97262748,1,-9737
chr17,3122925,3122943,3123005,3123021,1,62
chr17,3679147,3679165,3679138,3679152,1,0
chr17,3679169,3679187,3679138,3679152,1,-17
chr17,4624134,4624152,4624139,4624155,1,0
chr17,4778597,4778615,4778602,4778618,1,0
chr17,5249350,5249368,5249346,5249362,1,0
chr17,5641352,5641370,5641579,5641605,1,209
chr17,5813531,5813549,5813404,5813426,1,-105
chr17,5943439,5943457,5943417,5943444,1,0
chr17,6778467,6778486,6778552,6778574,1,66
chr17,7927767,7927785,7928113,7928127,1,328
chr17,8128309,8128327,8128568,8128590,1,241
chr17,9089106,9089124,8988144,8988163,1,-100943
chr17,9582733,9582751,9582715,9582744,1,0
chr17,11628885,11628903,11758463,11758483,0,129560
chr17,12623242,12623260,12623225,12623253,1,0
chr17,12623463,12623481,12623425,12623470,1,0
chr17,12770047,12770065,12779860,12779876,0,9795
chr17,12915879,12915897,12916539,12916558,0,642
chr17,14527668,14527686,14527698,14527720,0,12
chr17,16739921,16739939,16739958,16739985,0,19
chr17,18998819,18998837,18998805,18998830,1,0
chr17,25184302,25184320,25188392,25188411,0,4072
chr17,25240886,25240904,25224597,25224677,1,-16209
chr17,27134182,27134200,27204628,27204672,0,70428
chr17,27908247,27908265,27908253,27908276,1,0
chr17,28080755,28080773,28144011,28144027,0,63238
chr17,29437649,29437667,29429289,29429341,0,-8308
chr17,29769116,29769134,29769600,29769614,0,466
chr17,29973466,29973484,29973449,29973477,1,0
chr17,29979680,29979698,29973644,29973718,0,-5962
chr17,30411077,30411095,30363658,30363680,1,-47397
chr17,31011757,31011776,31012288,31012374,0,512
chr17,31248999,31249017,31223889,31223926,0,-25073
chr17,32031928,32031946,32053892,32053914,1,21946
chr17,32536400,32536419,32965291,32965327,1,428872
chr17,32536478,32536496,32965291,32965327,1,428795
chr17,33254836,33254855,33394771,33394798,1,139916
chr17,33289833,33289852,33394771,33394798,1,104919
chr17,33951370,33951388,33963334,33963348,0,11946
chr17,34171457,34171476,34171468,34171483,1,0
chr17,34589618,34589636,34603625,34603640,0,13989
chr17,35354208,35354226,35353855,35353871,0,-337
chr17,35941612,35941630,35970110,35970139,0,28480
chr17,37561682,37561700,37561671,37561693,1,0
chr17,39286386,39286404,39286388,39286437,1,0
chr17,43699529,43699547,43699532,43699560,1,0
chr17,45573528,45573546,45555443,45555467,0,-18061
chr17,46056557,46056575,46283268,46283297,1,226693
chr17,46160884,46160902,46283268,46283297,1,122366
chr17,47923601,47923620,47943042,47943064,1,19422
chr17,48043942,48043961,48043945,48044009,1,0
chr17,48426010,48426028,48326069,48326085,1,-99925
chr17,48533775,48533793,48533637,48533651,0,-124
chr17,49164601,49164619,49164607,49164621,1,0
chr17,50141964,50141982,50142142,50142175,1,160
chr17,51322930,51322948,51322918,51322942,1,0
chr17,51735455,51735473,51735596,51735615,0,123
chr17,51880224,51880242,51880266,51880285,0,24
chr17,51893154,51893172,51893128,51893155,1,0
chr17,52125631,52125650,52125618,52125637,1,0
chr17,52150571,52150590,52150576,52150599,1,0
chr17,52449015,52449033,52448966,52448996,0,-19
chr17,55871520,55871538,55871725,55871740,1,187
chr17,56627559,56627577,56585059,56585112,0,-42447
chr17,58090282,58090300,58090270,58090290,1,0
chr17,64248481,64248499,64331770,64331784,1,83271
chr17,65929389,65929407,65929350,65929372,0,-17
chr17,66101789,66101807,66101784,66101798,1,0
chr17,66102393,66102411,66102385,66102401,1,0
chr17,69025311,69025329,69025276,69025319,1,0
chr17,71062190,71062208,71062181,71062200,1,0
chr17,73175983,73176001,73175850,73175864,0,-119
chr17,73815070,73815088,73813243,73813263,1,-1807
chr17,73871638,73871656,73869664,73869696,1,-1942
chr17,73902346,73902364,73869664,73869696,1,-32650
chr17,74429140,74429158,74429149,74429166,1,0
chr17,74717740,74717758,74894770,74894803,0,177012
chr17,77344267,77344285,77344320,77344337,0,35
chr17,79000074,79000092,79000083,79000105,1,0
chr17,83646978,83646996,83647054,83647070,0,58
chr17,84163165,84163183,84163176,84163191,1,0
chr17,84330796,84330814,84330802,84330821,1,0
chr17,85170708,85170726,85170712,85170734,0,0
chr17,86757846,86757865,86757698,86757717,0,-129
chr17,87283322,87283340,87365377,87365399,0,82037
chr17,88057846,88057864,88057941,88057963,1,77
chr17,88123939,88123957,88123985,88124026,0,28
chr17,88441505,88441523,88753122,88753141,0,311599
chr17,88753156,88753174,88753122,88753141,1,-15
chr17,90923353,90923371,88753122,88753141,1,-2170212
chr18,4312733,4312751,4295809,4295856,0,-16877
chr18,4313988,4314007,4295809,4295856,0,-18132
chr18,5688494,5688513,5688478,5688492,1,-2
chr18,6764890,6764908,6764744,6764759,1,-131
chr18,7911030,7911048,7910997,7911045,1,0
chr18,9469489,9469507,9469582,9469601,1,75
chr18,10700964,10700982,10701085,10701108,1,103
chr18,10726740,10726758,10727204,10727220,1,446
chr18,11656695,11656713,12102133,12102147,1,445420
chr18,19002976,19002994,19598009,19598049,0,595015
chr18,19598088,19598106,19598009,19598049,1,-39
chr18,19598108,19598126,19598009,19598049,1,-59
chr18,20958928,20958946,20962636,20962662,0,3690
chr18,31788865,31788883,31788871,31788915,1,0
chr18,32020761,32020779,32020770,32020797,1,0
chr18,32598440,32598458,32598459,32598495,1,1
chr18,32810753,32810771,32810510,32810529,0,-224
chr18,32945798,32945817,32945618,32945633,1,-165
chr18,32990878,32990896,32990286,32990318,1,-560
chr18,34663209,34663227,34631298,34631327,0,-31882
chr18,35910536,35910554,35889376,35889392,0,-21144
chr18,37814500,37814518,37815212,37815234,0,694
chr18,37815253,37815271,37815212,37815234,1,-19
chr18,38420047,38420065,38420175,38420202,0,110
chr18,39426048,39426066,39426069,39426085,1,3
chr18,42274924,42274942,42274829,42274843,0,-81
chr18,42869137,42869155,42869143,42869217,1,0
chr18,44737302,44737320,44737207,44737226,1,-76
chr18,46630891,46630909,46631057,46631072,0,148
chr18,48256632,48256650,48256624,48256641,1,0
chr18,49091133,49091151,49090981,49091001,0,-132
chr18,49980064,49980083,50009092,50009127,0,29009
chr18,51247241,51247259,51247227,51247246,1,0
chr18,56455630,56455648,56455488,56455502,1,-128
chr18,56469052,56469070,56469057,56469085,1,0
chr18,56726576,56726594,56726543,56726565,1,-11
chr18,56726713,56726731,56726758,56726787,0,27
chr18,56925837,56925855,56888878,56888892,1,-36945
chr18,58773691,58773709,58773703,58773717,1,0
chr18,58784699,58784717,58784747,58784769,1,30
chr18,60767479,60767497,60767466,60767490,1,0
chr18,60849303,60849322,60843987,60844011,1,-5292
chr18,60952764,60952782,60843987,60844011,1,-108753
chr18,62164759,62164777,62164510,62164527,0,-232
chr18,62204039,62204057,62204052,62204068,1,0
chr18,62699151,62699169,62699123,62699147,0,-4
chr18,63860149,63860168,63860120,63860136,1,-13
chr18,64501084,64501102,64501093,64501109,1,0
chr18,65405526,65405544,65405527,65405542,.,0
chr18,66321530,66321548,66321341,66321361,0,-169
chr18,67931981,67931999,67967021,67967036,1,35022
chr18,68064040,68064058,68064040,68064054,.,35022
chr18,68227658,68227677,68297330,68297352,0,69653
chr18,68624330,68624348,68686768,68686800,0,62420
chr18,68686961,68686979,68686950,68686973,1,0
chr18,68969277,68969296,68969269,68969283,1,0
chr18,71463584,71463602,71463534,71463597,1,0
chr18,71566498,71566516,71566427,71566448,0,-50
chr18,71658434,71658452,71658233,71658247,0,-187
chr18,75353991,75354009,75366867,75366889,1,12858
chr18,75367124,75367142,75366867,75366889,0,-235
chr18,75368132,75368150,75368127,75368146,1,0
chr18,75383586,75383604,75383572,75383591,1,0
chr18,75419746,75419764,75419733,75419758,1,0
chr18,77608847,77608865,77743021,77743052,1,134156
chr18,77742888,77742906,77743021,77743052,1,115
chr18,78239749,78239767,78239755,78239783,1,0
chr18,79258145,79258163,79293770,79293792,0,35607
chr18,79905363,79905381,79905376,79905390,1,0
chr18,80200848,80200866,80200813,80200829,1,-19
chr18,80649727,80649745,80649706,80649740,1,0
chr18,80718540,80718558,80718613,80718635,0,55
chr18,81568664,81568682,81404809,81404841,0,-163823
chr18,82462117,82462135,82477039,82477053,1,14904
chr18,82765654,82765673,82765608,82765657,0,0
chr18,84294338,84294356,84294335,84294349,1,0
chr18,84951508,84951526,84874177,84874196,0,-77312
chr18,87293285,87293303,87293296,87293318,1,0
chr18,87380601,87380619,87380574,87380590,1,-11
chr18,88408589,88408607,88408554,88408589,0,0
chr18,90310593,90310611,90310585,90310601,1,0
chr19,3325343,3325361,3325280,3325294,1,-49
chr19,3890405,3890423,3890402,3890416,1,0
chr19,4048020,4048039,4048078,4048097,0,39
chr19,4052250,4052268,4052288,4052302,0,20
chr19,4145129,4145147,4145135,4145163,1,0
chr19,5610115,5610134,5786440,5786474,1,176306
chr19,5877852,5877870,5877952,5877966,0,82
chr19,6126535,6126554,6126527,6126541,1,0
chr19,6418760,6418778,6340945,6340967,1,-77793
chr19,8770930,8770949,8757598,8757612,1,-13318
chr19,8786987,8787005,8798708,8798738,1,11703
chr19,8819197,8819216,8819116,8819138,1,-59
chr19,8898703,8898721,8888993,8889012,1,-9691
chr19,9939050,9939068,9916254,9916383,1,-22667
chr19,10556066,10556085,10577013,10577041,1,20928
chr19,10732039,10732057,10732004,10732019,0,-20
chr19,10739745,10739763,10747436,10747452,0,7673
chr19,10740289,10740307,10747436,10747452,0,7129
chr19,10777175,10777193,10777311,10777326,0,118
chr19,11505572,11505590,11505454,11505474,0,-98
chr19,11533971,11533989,11534108,11534124,1,119
chr19,16150773,16150791,16150756,16150782,1,0
chr19,16231588,16231606,16150756,16150782,1,-80806
chr19,16510038,16510056,16510170,16510204,1,114
chr19,16776265,16776283,16998198,16998223,1,221915
chr19,16998232,16998250,16998198,16998223,0,-9
chr19,18618973,18618992,18619048,18619088,1,56
chr19,18811641,18811659,18811621,18811652,1,0
chr19,18811919,18811937,18811621,18811652,1,-267
chr19,21036680,21036698,21713688,21713707,0,676990
chr19,22857255,22857273,22857209,22857223,1,-32
chr19,22975814,22975833,22857209,22857223,1,-118591
chr19,23208389,23208407,23323558,23323574,0,115151
chr19,24660991,24661009,24660982,24660996,1,0
chr19,26950766,26950784,26748581,26748625,1,-202141
chr19,26950826,26950844,26748581,26748625,1,-202201
chr19,28009938,28009956,28009940,28009964,1,0
chr19,29210410,29210428,29221844,29221866,1,11416
chr19,30043768,30043786,30043750,30043777,1,0
chr19,30154456,30154474,30154389,30154411,0,-45
chr19,31210792,31210811,31210802,31210829,1,0
chr19,32123213,32123231,32123202,32123224,1,0
chr19,32197252,32197270,32197112,32197152,1,-100
chr19,32257700,32257719,32257681,32257709,1,0
chr19,32937060,32937079,32989173,32989207,1,52094
chr19,33114405,33114423,33114414,33114431,1,0
chr19,34493005,34493023,34493069,34493112,0,46
chr19,36082963,36082981,36082929,36082951,0,-12
chr19,36834986,36835004,36834972,36834996,1,0
chr19,36996196,36996215,36996008,36996035,1,-161
chr19,37376786,37376804,37376846,37376868,0,42
chr19,38373110,38373128,38352798,38352830,0,-20280
chr19,38872941,38872959,38872795,38872817,0,-124
chr19,40589648,40589666,40589654,40589674,1,0
chr19,41803634,41803653,41829651,41829681,1,25998
chr19,43687244,43687262,43687187,43687202,1,-42
chr19,44091365,44091383,44091337,44091377,1,0
chr19,44091475,44091494,44091337,44091377,1,-98
chr19,44545017,44545035,44545005,44545027,1,0
chr19,44566711,44566729,44566716,44566736,1,0
chr19,44865617,44865635,44865606,44865628,1,0
chr19,45440248,45440266,45440154,45440176,1,-72
chr19,45626457,45626475,45626412,45626470,1,0
chr19,46150892,46150910,46150897,46150921,1,0
chr19,46382069,46382087,46396647,46396661,1,14560
chr19,46620090,46620108,46613066,46613101,1,-6989
chr19,47538893,47538911,47511381,47511403,0,-27490
chr19,47795224,47795242,47795184,47795215,0,-9
chr19,48576214,48576232,48576262,48576302,1,30
chr19,51178950,51178968,51178962,51178984,1,0
chr19,52473057,52473075,52473085,52473124,0,10
chr19,53460451,53460469,53460459,53460479,1,0
chr19,53713070,53713088,53712920,53712946,0,-124
chr19,53922403,53922421,53922523,53922549,0,102
chr19,57095777,57095796,57082919,57082933,1,-12844
chr19,57356894,57356912,57355785,57355819,0,-1075
chr19,57803015,57803033,57430283,57430298,0,-372717
chr19,59315276,59315294,59315364,59315383,1,70
chr19,59325329,59325347,59325197,59325219,0,-110
chr19,59339782,59339800,59339766,59339786,1,0
chr19,59925913,59925931,59925921,59925935,1,0
chr19,60756833,60756851,60811382,60811396,0,54531
chr2,3417689,3417708,3417623,3417645,1,-44
chr2,3728103,3728121,3731382,3731432,1,3261
chr2,5158584,5158602,5025730,5025772,1,-132812
chr2,6021884,6021903,6021979,6021998,0,76
chr2,6337780,6337798,6337757,6337793,1,0
chr2,6357667,6357685,6357640,6357659,0,-8
chr2,7401832,7401850,7401796,7401840,1,0
chr2,8896900,8896918,9116751,9116767,1,219833
chr2,9889477,9889495,9875970,9875992,0,-13485
chr2,10153209,10153227,10142806,10142828,1,-10381
chr2,11689486,11689504,11689465,11689498,1,0
chr2,13558558,13558576,13558888,13558907,1,312
chr2,14959597,14959615,14959648,14959667,0,33
chr2,15055843,15055861,14992765,14992787,1,-63056
chr2,15258334,15258352,14992765,14992787,1,-265547
chr2,16461254,16461272,16461257,16461291,1,0
chr2,17873269,17873287,17873188,17873207,0,-62
chr2,18065183,18065202,18056152,18056174,1,-9009
chr2,18958053,18958072,18957893,18957920,0,-133
chr2,22784366,22784385,22784385,22784421,0,0
chr2,23049575,23049593,23049516,23049546,0,-29
chr2,23848409,23848427,23848422,23848444,1,0
chr2,24447804,24447822,24386131,24386174,0,-61630
chr2,25535006,25535025,25534148,25534164,0,-842
chr2,26408670,26408689,26315327,26315346,0,-93324
chr2,27404414,27404432,27539748,27539777,1,135316
chr2,27552574,27552592,27540203,27540217,0,-12357
chr2,27994890,27994908,27994882,27994898,1,0
chr2,28755659,28755677,28755664,28755680,1,0
chr2,29489435,29489453,29489350,29489376,0,-59
chr2,29629253,29629271,29629207,29629229,1,-24
chr2,29936011,29936029,29935935,29935990,0,-21
chr2,30093881,30093899,30128876,30128898,1,34977
chr2,30129098,30129117,30129104,30129118,.,0
chr2,30547641,30547659,30547393,30547409,1,-232
chr2,30676876,30676894,30658341,30658356,0,-18520
chr2,31088531,31088549,31088491,31088514,0,-17
chr2,31108375,31108393,31108628,31108650,1,235
chr2,31929952,31929970,31929990,31930012,1,20
chr2,32151653,32151671,32151694,32151728,0,23
chr2,35169001,35169030,35169126,35169140,1,96
chr2,35169230,35169248,35169126,35169140,0,-90
chr2,35233356,35233375,35233361,35233377,1,0
chr2,38512041,38512059,38548065,38548081,0,36006
chr2,42569601,42569619,41987648,41987663,1,-581938
chr2,43737852,43737871,43737842,43737864,1,0
chr2,44748030,44748048,44748013,44748032,1,0
chr2,45789719,45789738,45789758,45789774,1,20
chr2,47418462,47418480,47418474,47418522,1,0
chr2,48395130,48395148,48395209,48395233,1,61
chr2,48477070,48477088,48477005,48477027,0,-43
chr2,50741285,50741303,50741298,50741314,1,0
chr2,52086067,52086085,52086026,52086040,1,-27
chr2,52224305,52224323,52304668,52304684,0,80345
chr2,52561657,52561675,52570213,52570227,0,8538
chr2,54779836,54779854,54779822,54779841,1,0
chr2,57117928,57117946,57117956,57117970,0,10
chr2,59527854,59527872,59469780,59469799,1,-58055
chr2,60256624,60256642,60256563,60256577,1,-47
chr2,61271501,61271520,61271466,61271512,1,0
chr2,61483843,61483861,61484209,61484242,1,348
chr2,61810404,61810422,61503889,61503933,1,-306471
chr2,62352166,62352184,62352126,62352140,1,-26
chr2,62540386,62540404,62540328,62540398,1,0
chr2,65001232,65001250,65181131,65181145,0,179881
chr2,70489604,70489622,70489610,70489697,1,0
chr2,70538510,70538528,70538378,70538405,0,-105
chr2,70836043,70836061,70836050,70836069,1,0
chr2,71358875,71358893,71358877,71358916,1,0
chr2,71715925,71715943,71715951,71715978,0,8
chr2,72114078,72114097,72117483,72117563,0,3386
chr2,72137363,72137381,72137369,72137391,1,0
chr2,72144908,72144926,72145144,72145198,1,218
chr2,72315364,72315382,72315388,72315407,0,6
chr2,72725193,72725211,72725159,72725204,1,0
chr2,72886255,72886273,72881587,72881601,0,-4654
chr2,73385463,73385481,73385447,73385461,0,-2
chr2,73716272,73716290,73716600,73716614,1,310
chr2,73775885,73775903,73775860,73775874,1,-11
chr2,73856396,73856414,73856404,73856440,1,0
chr2,75073224,75073243,75073290,75073304,0,47
chr2,75975497,75975515,75907280,75907295,1,-68202
chr2,76013681,76013699,75907280,75907295,1,-106386
chr2,76254841,76254859,76254899,76254922,0,40
chr2,77305373,77305391,77305509,77305531,1,118
chr2,78835264,78835282,78835259,78835273,1,0
chr2,79010147,79010166,79005304,79005318,0,-4829
chr2,79248623,79248641,79231211,79231233,0,-17390
chr2,79270564,79270582,79231211,79231233,0,-39331
chr2,84025511,84025529,83766067,83766086,0,-259425
chr2,84793740,84793758,84793799,84793819,0,41
chr2,85036922,85036940,85036934,85036950,1,0
chr2,86784013,86784031,86783876,86783895,1,-118
chr2,87570852,87570870,87570855,87570917,1,0
chr2,89017048,89017066,89017125,89017140,0,59
chr2,90667877,90667895,90667964,90667988,0,69
chr2,90756400,90756418,90756370,90756413,1,0
chr2,91954093,91954111,91954083,91954097,1,0
chr2,92212616,92212634,92212495,92212511,0,-105
chr2,92255483,92255501,92255497,92255512,1,0
chr2,92442915,92442933,92442955,92443067,0,22
chr2,93186887,93186905,93187146,93187168,0,241
chr2,93438084,93438102,93438088,93438121,1,0
chr2,93454739,93454758,93454159,93454200,0,-539
chr2,97701619,97701637,97701624,97701659,1,0
chr2,101990510,101990528,101990400,101990431,0,-79
chr2,102896072,102896090,102895951,102896040,1,-32
chr2,103012822,103012840,103013109,103013157,1,269
chr2,103049205,103049223,103013109,103013157,0,-36048
chr2,104179846,104179864,104455603,104455621,1,275739
chr2,104455366,104455384,104455603,104455621,1,219
chr2,106649199,106649217,106649159,106649178,0,-21
chr2,111668222,111668240,111668202,111668221,0,-1
chr2,112238718,112238736,112238884,112238904,1,148
chr2,112284888,112284906,112238884,112238904,0,-45984
chr2,114119549,114119568,114119555,114119588,1,0
chr2,117433345,117433363,117421695,117421737,1,-11608
chr2,118100906,118100924,118491221,118491240,1,390297
chr2,118479981,118480000,118491221,118491240,1,11221
chr2,118620722,118620740,118642709,118642736,1,21969
chr2,119046932,119046951,119046604,119046626,0,-306
chr2,119239357,119239375,119239362,119239406,1,0
chr2,119239404,119239422,119239362,119239406,0,0
chr2,121013811,121013829,121013921,121013936,0,92
chr2,121110997,121111015,121140310,121140324,1,29295
chr2,122028167,122028185,122126881,122126895,0,98696
chr2,122652295,122652313,122630383,122630416,1,-21879
chr2,123110364,123110382,123110369,123110393,1,0
chr2,123876206,123876224,123876243,123876258,1,19
chr2,125859341,125859359,125791365,125791379,1,-67962
chr2,126597640,126597659,126636502,126636521,1,38843
chr2,127134254,127134272,127134419,127134438,0,147
chr2,127134382,127134400,127134419,127134438,0,19
chr2,127252388,127252406,127252397,127252413,1,0
chr2,127389930,127389948,127389891,127389943,1,0
chr2,127927915,127927933,127928128,127928144,1,195
chr2,128395750,128395768,128395795,128395815,1,27
chr2,128422740,128422759,128396299,128396321,0,-26419
chr2,133393103,133393121,133961099,133961118,0,567978
chr2,135874128,135874146,135863257,135863291,1,-10837
chr2,136754196,136754214,136754209,136754223,1,0
chr2,137418249,137418267,136891994,136892016,1,-526233
chr2,143916613,143916631,143839535,143839554,0,-77059
chr2,144600393,144600411,144555715,144555743,0,-44650
chr2,144712192,144712210,144555715,144555743,0,-156449
chr2,147860701,147860719,147860505,147860541,1,-160
chr2,150136359,150136377,150307169,150307195,0,170792
chr2,152775576,152775594,152775657,152775690,0,63
chr2,152775613,152775631,152775657,152775690,0,26
chr2,152848486,152848504,152848516,152848535,0,12
chr2,153345169,153345187,153345773,153345793,0,586
chr2,153350957,153350975,153345773,153345793,1,-5164
chr2,153865738,153865756,153639268,153639310,0,-226428
chr2,154658252,154658270,154657908,154657924,1,-328
chr2,155553307,155553325,155673648,155673682,0,120323
chr2,157119331,157119349,157131345,157131367,1,11996
chr2,158166923,158166941,158167125,158167147,0,184
chr2,158674810,158674828,158688034,158688060,0,13206
chr2,161512130,161512148,161108960,161108974,0,-403156
chr2,161959836,161959854,161959794,161959810,1,-26
chr2,163238241,163238259,163253624,163253640,1,15365
chr2,164544682,164544700,164545026,164545042,0,326
chr2,164822713,164822731,164822731,164822761,0,0
chr2,166031729,166031748,166031797,166031811,0,49
chr2,166886337,166886355,166886348,166886363,1,0
chr2,167742712,167742730,167742941,167742974,0,211
chr2,168229696,168229715,168229705,168229725,1,0
chr2,169778882,169778900,169786210,169786242,1,7310
chr2,169786353,169786371,169786288,169786332,0,-21
chr2,170169119,170169137,170169023,170169043,1,-76
chr2,173077051,173077069,173077046,173077062,1,0
chr2,173452168,173452186,173436478,173436505,1,-15663
chr2,174067923,174067941,174077277,174077325,1,9336
chr2,178700061,178700079,178699960,178699998,1,-63
chr2,181319499,181319517,181319507,181319527,1,0
chr3,8635569,8635588,8665332,8665363,1,29744
chr3,8665329,8665347,8665332,8665363,1,0
chr3,8667868,8667886,8667963,8668003,0,77
chr3,9066654,9066673,9066641,9066663,1,0
chr3,9677319,9677337,9677325,9677347,1,0
chr3,9984027,9984045,9984037,9984064,1,0
chr3,10130143,10130161,10130148,10130233,1,0
chr3,10703766,10703784,10703677,10703716,1,-50
chr3,14806623,14806641,14806553,14806567,0,-56
chr3,17842156,17842174,17842259,17842274,1,85
chr3,19258644,19258662,19258602,19258624,0,-20
chr3,19258921,19258939,19258957,19258974,1,18
chr3,20142146,20142164,20142772,20142791,1,608
chr3,20142535,20142554,20142772,20142791,1,218
chr3,20222828,20222846,20222857,20222881,0,11
chr3,21953275,21953293,21953747,21953804,1,454
chr3,25451237,25451256,25451228,25451242,1,0
chr3,27154103,27154122,27154083,27154105,1,0
chr3,27921065,27921083,27921037,27921063,0,-2
chr3,28402255,28402273,28468307,28468338,0,66034
chr3,29984309,29984327,29984317,29984349,1,0
chr3,30378141,30378159,30600340,30600356,1,222181
chr3,31056943,31056961,31056947,31056984,1,0
chr3,33956500,33956518,33956623,33956639,1,105
chr3,37724164,37724182,37724559,37724573,0,377
chr3,37753541,37753559,37753431,37753456,1,-85
chr3,41332721,41332739,41408725,41408741,1,75986
chr3,43800681,43800699,43800694,43800710,1,0
chr3,45356294,45356312,45356291,45356305,1,0
chr3,46530556,46530574,46530547,46530570,1,0
chr3,51339925,51339943,51339909,51339936,1,0
chr3,52262760,52262779,52262777,52262803,1,0
chr3,52499197,52499215,52499202,52499217,1,0
chr3,52784948,52784967,52784853,52784872,0,-76
chr3,52906953,52906971,52907177,52907210,0,206
chr3,53017612,53017630,53017528,53017558,0,-54
chr3,54232147,54232165,54232377,54232391,1,212
chr3,54232278,54232296,54232377,54232391,1,81
chr3,55374007,55374025,55373993,55374012,1,0
chr3,57844060,57844078,57844056,57844078,1,0
chr3,59702799,59702817,59702629,59702651,1,-148
chr3,60414006,60414024,60414079,60414134,0,55
chr3,60537485,60537503,60537384,60537404,1,-81
chr3,61123206,61123224,61123315,61123330,1,91
chr3,63976009,63976027,63975833,63975877,0,-132
chr3,65962064,65962082,65961964,65961986,1,-78
chr3,65975605,65975623,65975597,65975616,1,0
chr3,68183501,68183519,68183510,68183526,1,0
chr3,68794437,68794455,68793195,68793222,0,-1215
chr3,68883563,68883581,68883586,68883602,1,5
chr3,69481952,69481971,69373845,69373871,1,-108081
chr3,70930719,70930737,69373845,69373871,1,-1556848
chr3,79127885,79127903,79153400,79153422,1,25497
chr3,79274907,79274925,79274912,79274928,1,0
chr3,84956881,84956900,84956806,84956897,1,0
chr3,85697522,85697540,85697432,85697446,1,-76
chr3,86845546,86845564,86845496,86845510,0,-36
chr3,87515437,87515455,87515451,87515477,1,0
chr3,88042973,88042991,88011184,88011229,1,-31744
chr3,88510242,88510260,88554427,88554446,1,44167
chr3,88579551,88579569,88579559,88579574,1,0
chr3,89700846,89700864,89709196,89709231,0,8332
chr3,91600982,91601000,91637603,91637617,1,36603
chr3,91637867,91637885,91637679,91637694,0,-173
chr3,91696265,91696283,91637679,91637694,0,-58571
chr3,91779741,91779759,91637679,91637694,0,-142047
chr3,91823621,91823639,91637679,91637694,0,-185927
chr3,91905105,91905123,91637679,91637694,0,-267411
chr3,95894182,95894200,95928947,95928996,1,34747
chr3,95972384,95972402,95972275,95972316,0,-68
chr3,96557028,96557047,96556981,96557021,1,-7
chr3,100688138,100688156,100688140,100688164,1,0
chr3,103377685,103377703,103384868,103384888,1,7165
chr3,103753858,103753876,103753834,103753860,1,0
chr3,103781022,103781040,103780919,103780947,0,-75
chr3,105991777,105991795,105992102,105992126,0,307
chr3,106003396,106003415,106000998,106001012,0,-2384
chr3,107206244,107206263,107206237,107206257,1,0
chr3,107336473,107336491,107206387,107206412,0,-130061
chr3,110707058,110707076,110707064,110707113,1,0
chr3,113611416,113611434,113611427,113611442,1,0
chr3,113657060,113657078,113630302,113630324,0,-26736
chr3,115972688,115972706,115940780,115940794,1,-31894
chr3,116279245,116279263,116327287,116327303,1,48024
chr3,116327423,116327441,116327287,116327303,0,-120
chr3,116712988,116713006,116713000,116713028,1,0
chr3,118405264,118405286,119765971,119765985,1,1360685
chr3,119766072,119766090,119766058,119766081,1,0
chr3,121639855,121639873,121548085,121548107,1,-91748
chr3,122096485,122096503,122096476,122096495,1,0
chr3,122869361,122869379,122638884,122638900,1,-230461
chr3,123176321,123176339,123176327,123176341,1,0
chr3,123489109,123489127,123489099,123489113,1,0
chr3,126661869,126661887,126661922,126661944,0,35
chr3,128271870,128271888,128271881,128271896,1,0
chr3,129730790,129730808,129686980,129687031,0,-43759
chr3,129987142,129987160,129987145,129987173,1,0
chr3,131057673,131057691,131057279,131057349,1,-324
chr3,132125575,132125593,132125534,132125549,1,-26
chr3,133052669,133052687,133065612,133065637,1,12925
chr3,134255983,134256001,134255974,134255988,1,0
chr3,136044155,136044173,136044143,136044163,1,0
chr3,138474810,138474828,138474815,138474831,1,0
chr3,138854818,138854836,138854917,138854946,0,81
chr3,142295046,142295064,142356698,142356712,1,61634
chr3,142493991,142494010,142493903,142493919,0,-72
chr3,142618875,142618893,142618871,142618890,1,0
chr3,142619864,142619882,142619913,142619975,1,31
chr3,143257151,143257169,143257021,143257043,0,-108
chr3,144050303,144050321,144050309,144050332,1,0
chr3,149665651,149665669,149327117,149327136,1,-338515
chr3,152941931,152941949,152943111,152943125,1,1162
chr3,152952447,152952465,152952479,152952494,0,14
chr3,153591704,153591722,153591485,153591500,1,-204
chr3,153959519,153959537,153959527,153959571,1,0
chr3,154958392,154958410,154958475,154958490,0,65
chr3,156878317,156878335,156878329,156878351,1,0
chr3,157616979,157616997,157533964,157533981,0,-82998
chr3,158768511,158768530,158768594,158768608,0,64
chr4,3982595,3982613,3982601,3982615,1,0
chr4,3990042,3990061,3982659,3982683,0,-7359
chr4,6475111,6475129,6475122,6475137,1,0
chr4,6622282,6622300,6663817,6663832,1,41517
chr4,6817247,6817265,6803755,6803777,1,-13470
chr4,7443392,7443410,7443374,7443388,0,-4
chr4,8634537,8634555,8634506,8634548,1,0
chr4,8649826,8649844,8649776,8649791,0,-35
chr4,9771186,9771204,9771280,9771310,0,76
chr4,10981371,10981389,10981585,10981601,1,196
chr4,11076493,11076511,11076588,11076602,1,77
chr4,11146743,11146761,11146625,11146649,0,-94
chr4,11499036,11499054,11499012,11499028,1,-8
chr4,12046711,12046729,12046723,12046742,1,0
chr4,13519319,13519337,13519331,13519350,1,0
chr4,13519734,13519752,13519730,13519746,1,0
chr4,15945775,15945793,15945787,15945801,1,0
chr4,15986708,15986727,15986700,15986715,1,0
chr4,19574999,19575017,19574875,19574951,0,-48
chr4,19697036,19697054,19696965,19696979,1,-57
chr4,19932434,19932452,19928461,19928498,0,-3936
chr4,20304168,20304186,20304174,20304205,1,0
chr4,20456292,20456310,20456272,20456300,1,0
chr4,20456326,20456345,20456272,20456300,1,-26
chr4,20547303,20547321,20547359,20547375,1,38
chr4,21727228,21727246,21727133,21727154,0,-74
chr4,23404126,23404144,23404217,23404233,0,73
chr4,24002521,24002539,24002513,24002529,1,0
chr4,24372938,24372956,24373061,24373075,1,105
chr4,25338270,25338289,25495162,25495181,0,156873
chr4,26766627,26766645,26790367,26790391,0,23722
chr4,26790379,26790397,26790367,26790391,1,0
chr4,28969371,28969389,28570936,28570951,1,-398420
chr4,32133032,32133051,32133232,32133246,1,181
chr4,32249864,32249882,32250407,32250429,1,525
chr4,32342600,32342619,32342613,32342633,1,0
chr4,33375639,33375657,33375648,33375670,1,0
chr4,35130938,35130956,35130942,35130965,1,0
chr4,38629873,38629891,38629852,38629884,1,0
chr4,40680484,40680503,40721068,40721096,1,40565
chr4,41256955,41256973,41341431,41341451,0,84458
chr4,41341441,41341459,41341431,41341451,1,0
chr4,41774326,41774344,41523192,41523211,0,-251115
chr4,42961826,42961844,42962025,42962048,1,181
chr4,43038145,43038163,43038099,43038135,0,-10
chr4,44271436,44271454,44271127,44271141,0,-295
chr4,44973836,44973854,45018446,45018465,1,44592
chr4,46761970,46761988,46584509,46584542,0,-177428
chr4,48012823,48012841,48012460,48012486,1,-337
chr4,51286612,51286630,51286604,51286620,1,0
chr4,57903397,57903415,57903378,57903408,1,0
chr4,59167989,59168007,59157403,59157422,0,-10567
chr4,59528490,59528508,59528327,59528341,0,-149
chr4,59654037,59654055,59654095,59654118,0,40
chr4,62505798,62505816,62505618,62505633,1,-165
chr4,62695869,62695887,62695878,62695904,1,0
chr4,62734758,62734776,62740775,62740789,1,5999
chr4,68778065,68778083,68778036,68778076,1,0
chr4,70596655,70596673,70596745,70596771,0,72
chr4,80231616,80231634,80231440,80231459,1,-157
chr4,81678932,81678950,81679036,81679050,0,86
chr4,83370885,83370903,83354750,83354808,0,-16077
chr4,84305576,84305594,84305440,84305459,1,-117
chr4,85430630,85430665,85430579,85430594,1,-36
chr4,85430724,85430742,85430732,85430747,1,0
chr4,85548818,85548836,85548997,85549011,1,161
chr4,85548955,85548974,85548997,85549011,1,23
chr4,86319472,86319490,86319514,86319529,0,24
chr4,88867617,88867636,88868269,88868283,0,633
chr4,90840193,90840211,90840080,90840095,0,-98
chr4,91336425,91336462,91336428,91336442,.,0
chr4,92560303,92560321,92560246,92560262,0,-41
chr4,95120661,95120679,95087539,95087558,0,-33103
chr4,98280808,98280826,98282356,98282376,1,1530
chr4,98282265,98282283,98282356,98282376,1,73
chr4,98436673,98436691,98436559,98436581,0,-92
chr4,98436724,98436743,98436559,98436581,0,-143
chr4,98436775,98436794,98436559,98436581,0,-194
chr4,100952956,100952978,100952934,100952966,1,0
chr4,101186015,101186033,101185903,101185919,0,-96
chr4,101217352,101217371,101217361,101217407,1,0
chr4,101391855,101391873,101320867,101320890,0,-70965
chr4,102517173,102517191,102516907,102516956,1,-217
chr4,102636011,102636029,102607824,102607840,0,-28171
chr4,102682366,102682384,102711448,102711467,1,29064
chr4,103154909,103154927,103169436,103169455,0,14509
chr4,103169582,103169600,103169588,103169615,1,0
chr4,103313580,103313598,103169588,103169615,0,-143965
chr4,103803464,103803482,104092404,104092429,1,288922
chr4,105333311,105333329,105333316,105333332,1,0
chr4,105333486,105333504,105333316,105333332,0,-154
chr4,106787866,106787884,106794143,106794157,0,6259
chr4,108071633,108071652,108071138,108071195,1,-438
chr4,108960641,108960659,108960647,108960669,1,0
chr4,108999926,108999944,108999923,108999959,1,0
chr4,109202263,109202281,109079888,109079903,1,-122360
chr4,109280392,109280410,109079888,109079903,1,-200489
chr4,116453483,116453501,116556019,116556041,0,102518
chr4,116626739,116626757,116626735,116626757,0,0
chr4,116703966,116703984,116720407,116720421,0,16423
chr4,117139347,117139365,117139352,117139377,1,0
chr4,118409055,118409073,118408970,118408999,0,-56
chr4,120120244,120120262,120120235,120120249,1,0
chr4,120793654,120793673,120793466,120793488,0,-166
chr4,120925506,120925524,120925477,120925503,1,-3
chr4,122934316,122934335,122898685,122898739,1,-35577
chr4,123571934,123571952,123577497,123577513,0,5545
chr4,126194457,126194475,126194463,126194477,1,0
chr4,127022511,127022529,127015569,127015588,1,-6923
chr4,127146897,127146915,127146821,127146856,0,-41
chr4,128735516,128735534,128711662,128711686,1,-23830
chr4,128741014,128741032,128711662,128711686,1,-29328
chr4,129249663,129249681,129249643,129249675,1,0
chr4,129570652,129570670,129570643,129570662,1,0
chr4,129641604,129641622,129641596,129641612,1,0
chr4,129805563,129805581,129805532,129805573,1,0
chr4,129828190,129828208,129828001,129828020,1,-170
chr4,130899940,130899958,130902670,130902692,0,2712
chr4,132353733,132353752,132345259,132345274,1,-8459
chr4,132659280,132659299,132659673,132659725,0,374
chr4,133182631,133182650,133182636,133182658,1,0
chr4,133250878,133250896,133278074,133278093,1,27178
chr4,133278062,133278080,133278074,133278093,1,0
chr4,133707360,133707379,133707399,133707415,1,20
chr4,133836954,133836972,133836889,133836960,1,0
chr4,134370526,134370545,134460211,134460237,1,89666
chr4,134505225,134505243,134505229,134505284,1,0
chr4,135271668,135271686,135248824,135248866,1,-22802
chr4,135483945,135483964,135494543,135494562,0,10579
chr4,135855554,135855572,135873957,135873979,0,18385
chr4,136089829,136089847,136089323,136089342,1,-487
chr4,137367807,137367825,137367811,137367856,1,0
chr4,137388755,137388774,137388739,137388753,1,-2
chr4,137892347,137892365,137892320,137892335,1,-12
chr4,138914335,138914353,138914071,138914087,1,-248
chr4,139289526,139289544,139352270,139352289,0,62726
chr4,139456527,139456545,139352270,139352289,1,-104238
chr4,140601363,140601381,140701484,140701519,0,100103
chr4,148050465,148050483,148050668,148050690,0,185
chr4,149283295,149283313,149282673,149282699,0,-596
chr4,149658330,149658349,149663927,149663963,1,5578
chr4,149658538,149658556,149663927,149663963,1,5371
chr4,149871948,149871966,149871933,149871954,1,0
chr4,150339227,150339245,150339322,150339344,0,77
chr4,150454166,150454184,150454174,150454196,1,0
chr4,150545244,150545262,150545071,150545093,1,-151
chr4,150565743,150565761,150566219,150566238,0,458
chr4,150915463,150915481,150915455,150915477,1,0
chr4,150939964,150939982,150938308,150938330,1,-1634
chr4,155162349,155162367,155162379,155162401,1,12
chr4,155197869,155197887,155197874,155197896,1,0
chr4,155245883,155245901,155245798,155245835,0,-48
chr4,155831493,155831511,155803349,155803369,1,-28124
chr5,3654483,3654501,3647133,3647149,1,-7334
chr5,3670100,3670119,3669957,3669989,1,-111
chr5,5014679,5014697,5014691,5014710,1,0
chr5,5775631,5775649,5775640,5775662,1,0
chr5,7122894,7122912,7122914,7122948,0,2
chr5,11144975,11144993,11145042,11145056,1,49
chr5,11884373,11884391,11884440,11884454,1,49
chr5,12427407,12427425,12427359,12427373,0,-34
chr5,17605608,17605626,17605539,17605554,0,-54
chr5,18629675,18629694,18746188,18746228,1,116494
chr5,18746398,18746416,18746188,18746228,0,-170
chr5,19444898,19444916,19444806,19444821,0,-77
chr5,21213142,21213161,21213243,21213285,0,82
chr5,22487548,22487566,22487391,22487405,0,-143
chr5,23386607,23386625,23386660,23386674,0,35
chr5,23387410,23387428,23386660,23386674,1,-736
chr5,23974034,23974052,23974047,23974063,1,0
chr5,25478991,25479009,25478977,25478995,1,0
chr5,27608688,27608706,27608555,27608569,1,-119
chr5,28647572,28647590,28647577,28647610,1,0
chr5,31516818,31516836,31516537,31516571,1,-247
chr5,31785295,31785313,31785379,31785399,0,66
chr5,31985356,31985374,31985512,31985528,0,138
chr5,31985434,31985452,31985512,31985528,0,60
chr5,32477628,32477646,32477620,32477635,1,0
chr5,32760135,32760153,32760141,32760163,1,0
chr5,33392686,33392704,33392581,33392600,0,-86
chr5,36860500,36860518,36860564,36860578,0,46
chr5,36860589,36860608,36860564,36860578,1,-11
chr5,37066880,37066898,37067398,37067423,0,500
chr5,38598800,38598818,38562010,38562036,1,-36764
chr5,39048402,39048420,39048414,39048431,1,0
chr5,40017647,40017665,40017656,40017678,1,0
chr5,41008059,41008077,41008038,41008054,0,-5
chr5,41008143,41008161,41008038,41008054,0,-89
chr5,41008188,41008206,41008038,41008054,0,-134
chr5,42462158,42462176,42462265,42462279,1,89
chr5,44071670,44071688,43948699,43948713,1,-122957
chr5,44862095,44862113,44862246,44862275,0,133
chr5,45615829,45615847,45615793,45615809,1,-20
chr5,45730141,45730159,45730163,45730185,0,4
chr5,49630100,49630118,49630091,49630105,1,0
chr5,50071873,50071891,50071876,50071925,1,0
chr5,50206192,50206211,50206195,50206280,1,0
chr5,51069465,51069483,51198199,51198218,1,128716
chr5,51198101,51198119,51198199,51198218,1,80
chr5,51949519,51949537,51949618,51949646,1,81
chr5,52189705,52189724,52190835,52190857,1,1111
chr5,55182880,55182898,55182900,55182928,0,2
chr5,55907558,55907576,55907564,55907586,1,0
chr5,57519505,57519523,57519458,57519480,0,-25
chr5,57706313,57706331,57706294,57706324,1,0
chr5,58883086,58883104,58883171,58883185,1,67
chr5,60868279,60868297,60868275,60868291,1,0
chr5,63962713,63962731,64024068,64024103,0,61337
chr5,64161182,64161200,64161103,64161125,1,-57
chr5,64684081,64684099,64684344,64684360,0,245
chr5,64806077,64806095,64780970,64780997,0,-25080
chr5,65795486,65795504,65764671,65764687,1,-30799
chr5,65856998,65857016,65857097,65857120,0,81
chr5,67116592,67116610,67016107,67016135,0,-100457
chr5,70670432,70670450,70670440,70670455,1,0
chr5,72161155,72161173,72161185,72161205,1,12
chr5,72178726,72178744,72178845,72178867,0,101
chr5,72204649,72204668,72204664,72204695,1,0
chr5,72340624,72340642,72340621,72340636,1,0
chr5,72812001,72812020,72811895,72811926,1,-75
chr5,72869073,72869091,72868907,72868922,1,-151
chr5,73286725,73286744,73286796,73286816,1,52
chr5,73586162,73586180,73557104,73557118,1,-29044
chr5,74019921,74019939,74019932,74019947,1,0
chr5,75640922,75640940,75640909,75640933,1,0
chr5,77070219,77070237,77070139,77070167,1,-52
chr5,79419206,79419225,79419380,79419396,1,155
chr5,80520587,80520605,80520561,80520596,1,0
chr5,82171383,82171401,82182271,82182285,1,10870
chr5,86004543,86004561,86004302,86004319,0,-224
chr5,86037962,86037981,86037909,86037934,0,-28
chr5,88458523,88458541,88458511,88458527,1,0
chr5,88897626,88897644,88897900,88897914,1,256
chr5,91697121,91697139,91686217,91686232,1,-10889
chr5,92374986,92375004,92374883,92374903,1,-83
chr5,97180353,97180371,97112165,97112211,1,-68142
chr5,100728788,100728806,100720381,100720403,1,-8385
chr5,103519227,103519250,103442456,103442479,0,-76748
chr5,105292431,105292449,105292363,105292386,1,-45
chr5,105701581,105701600,105684878,105684911,1,-16670
chr5,106803155,106803173,106676997,106677019,0,-126136
chr5,107264967,107264985,107264975,107265025,1,0
chr5,107960756,107960774,107967113,107967148,1,6339
chr5,110839078,110839096,110839070,110839086,1,0
chr5,110881309,110881327,110881290,110881316,1,0
chr5,112287422,112287440,112287450,112287466,1,10
chr5,113842325,113842343,113842328,113842356,1,0
chr5,114505451,114505469,114505590,114505612,1,121
chr5,114897359,114897378,114806164,114806180,0,-91179
chr5,115204008,115204026,115188086,115188112,0,-15896
chr5,115490486,115490504,115490440,115490468,1,-18
chr5,115490564,115490582,115490602,115490616,0,20
chr5,116625530,116625548,116625543,116625557,1,0
chr5,118381259,118381277,118381268,118381284,1,0
chr5,118604721,118604739,118604824,118604839,0,85
chr5,121562520,121562538,121564709,121564731,1,2171
chr5,122131643,122131661,122131649,122131663,1,0
chr5,122228564,122228582,122228544,122228577,1,0
chr5,122591392,122591410,122602272,122602294,0,10862
chr5,122698585,122698603,122698714,122698748,1,111
chr5,122833035,122833053,122832968,122832982,1,-53
chr5,122945861,122945879,122945821,122945848,0,-13
chr5,123133738,123133756,123140002,123140058,1,6246
chr5,123244502,123244520,123244476,123244516,1,0
chr5,124614741,124614759,124614800,124614841,0,41
chr5,124944682,124944700,124944668,124944690,1,0
chr5,125466097,125466115,125466117,125466137,1,2
chr5,127617525,127617543,127904211,127904235,0,286668
chr5,127904225,127904243,127904211,127904235,1,0
chr5,128588721,128588739,128314357,128314381,0,-274340
chr5,129105944,129105962,129105832,129105848,0,-96
chr5,129887698,129887716,129887684,129887708,1,0
chr5,134236650,134236668,134236639,134236654,1,0
chr5,135115494,135115512,135134393,135134423,1,18881
chr5,137694035,137694053,137694007,137694047,1,0
chr5,138603650,138603668,138603624,138603648,0,-2
chr5,140332297,140332316,140321971,140322026,1,-10271
chr5,140505647,140505665,140505111,140505144,1,-503
chr5,140638238,140638256,140636605,140636639,0,-1599
chr5,140702485,140702504,140702431,140702496,1,0
chr5,141305957,141305975,141305940,141305962,1,0
chr5,147331868,147331887,147331860,147331879,1,0
chr5,148501235,148501254,148501502,148501516,0,248
chr5,148501325,148501343,148501502,148501516,0,159
chr5,150186474,150186492,150186465,150186484,1,0
chr5,150223730,150223748,150223828,150223842,1,80
chr5,150379437,150379455,150379429,150379445,1,0
chr6,4167230,4167248,4167092,4167133,1,-97
chr6,4888762,4888780,4888748,4888772,1,0
chr6,5271728,5271746,5271712,5271742,1,0
chr6,6754548,6754571,6754555,6754589,1,0
chr6,6754673,6754691,6754555,6754589,0,-84
chr6,8512657,8512675,8511139,8511158,0,-1499
chr6,8735174,8735193,8735208,8735242,1,15
chr6,8735502,8735520,8735484,8735498,0,-4
chr6,12783389,12783407,12783288,12783324,1,-65
chr6,13070174,13070192,13070456,13070475,1,264
chr6,13841330,13841348,13841231,13841258,1,-72
chr6,14751441,14751459,14751433,14751449,1,0
chr6,15322282,15322300,15322333,15322347,1,33
chr6,15728452,15728470,15728464,15728486,1,0
chr6,17099046,17099064,17259806,17259820,0,160742
chr6,17259693,17259711,17259806,17259820,0,95
chr6,18860547,18860565,17749043,17749076,1,-1111471
chr6,21313837,21313855,21313820,21313848,1,0
chr6,22395082,22395101,22408971,22408993,0,13870
chr6,22496023,22496041,22496035,22496049,1,0
chr6,24530275,24530294,24530390,24530424,0,96
chr6,27289461,27289479,27289322,27289342,0,-119
chr6,28318880,28318898,28410332,28410346,1,91434
chr6,28729555,28729573,28487039,28487061,1,-242494
chr6,31233314,31233332,31233451,31233473,1,119
chr6,31489992,31490010,31400104,31400126,1,-89866
chr6,32767314,32767332,33060192,33060214,1,292860
chr6,33307349,33307367,33307338,33307360,1,0
chr6,34988149,34988167,34952094,34952114,0,-36035
chr6,37054468,37054486,37054524,37054540,0,38
chr6,37054944,37054962,37054956,37054984,1,0
chr6,39451268,39451286,39451273,39451289,1,0
chr6,41151156,41151174,41151129,41151164,1,0
chr6,41216328,41216346,41216341,41216360,1,0
chr6,41554280,41554298,41553678,41553694,1,-586
chr6,47350056,47350074,47350061,47350145,1,0
chr6,47561234,47561253,47635491,47635589,0,74238
chr6,48546631,48546649,48546462,48546476,0,-155
chr6,48700486,48700504,48700472,48700499,1,0
chr6,48718532,48718551,48707852,48707883,0,-10649
chr6,49356548,49356566,49318944,49318966,1,-37582
chr6,50303419,50303438,50303412,50303428,1,0
chr6,50455524,50455542,50417336,50417384,1,-38140
chr6,51529319,51529337,51529434,51529458,1,97
chr6,51618467,51618485,51618480,51618499,1,0
chr6,53700027,53700045,53700053,53700073,0,8
chr6,54120103,54120121,54120408,54120432,0,287
chr6,54229036,54229054,54229037,54229071,1,0
chr6,54705356,54705375,54705274,54705310,0,-46
chr6,54737470,54737489,54715849,54715869,1,-21601
chr6,56703977,56703995,56703889,56703911,1,-66
chr6,58759017,58759035,58758912,58758976,0,-41
chr6,59013960,59013978,59013967,59013986,1,0
chr6,61177774,61177792,61177920,61177954,0,128
chr6,68581793,68581811,68289774,68289788,1,-292005
chr6,70798416,70798434,70798393,70798446,1,0
chr6,70824571,70824589,70824540,70824562,0,-9
chr6,71593241,71593259,71593169,71593183,0,-58
chr6,71831583,71831602,71831978,71831997,0,376
chr6,73118224,73118242,73118218,73118233,1,0
chr6,79291331,79291349,79291338,79291362,1,0
chr6,79605061,79605079,79605033,79605049,1,-12
chr6,81679062,81679080,81679078,81679094,0,0
chr6,82921613,82921632,82921713,82921735,0,81
chr6,82996952,82996971,82997052,82997066,0,81
chr6,82997062,82997080,82997052,82997066,1,0
chr6,83457189,83457207,83441439,83441462,1,-15727
chr6,83457323,83457341,83441439,83441462,1,-15861
chr6,83506749,83506768,83441439,83441462,1,-65287
chr6,83688910,83688928,83688891,83688920,1,0
chr6,85159219,85159237,85159218,85159251,1,0
chr6,87502932,87502950,87503013,87503035,1,63
chr6,87829852,87829870,87829838,87829860,1,0
chr6,88419616,88419634,88419672,88419694,1,38
chr6,93205464,93205482,93205588,93205612,0,106
chr6,94967286,94967304,94967366,94967390,1,62
chr6,95971966,95971984,95971926,95971945,1,-21
chr6,97405150,97405168,97353396,97353412,0,-51738
chr6,98085305,98085323,98085317,98085336,1,0
chr6,99261638,99261657,99261645,99261669,1,0
chr6,99266580,99266599,99266525,99266544,0,-36
chr6,99328227,99328245,99328423,99328445,0,178
chr6,99374636,99374655,99374747,99374766,0,92
chr6,99380206,99380224,99380219,99380233,1,0
chr6,99394681,99394699,99394496,99394515,0,-166
chr6,99397832,99397850,99395310,99395332,0,-2500
chr6,99397914,99397932,99395310,99395332,0,-2582
chr6,99719500,99719518,99719555,99719573,1,37
chr6,100210411,100210429,100210370,100210423,1,0
chr6,108098687,108098705,108098553,108098596,0,-91
chr6,108113048,108113066,108113002,108113021,1,-27
chr6,108549432,108549451,108553694,108553723,1,4243
chr6,108657540,108657558,108657549,108657565,1,0
chr6,111108874,111108892,111108886,111108938,1,0
chr6,114849226,114849244,114875347,114875363,0,26103
chr6,115365604,115365622,115365419,115365439,1,-165
chr6,115405702,115405720,115405634,115405715,1,0
chr6,115538816,115538835,115544452,115544492,1,5617
chr6,115852778,115852797,115852616,115852632,1,-146
chr6,116056849,116056885,115989529,115989568,0,-67281
chr6,118455689,118455708,118419458,118419474,0,-36215
chr6,119482055,119482073,119482039,119482069,1,0
chr6,119541843,119541861,119508967,119508986,1,-32857
chr6,119635439,119635457,119635388,119635413,0,-26
chr6,119737966,119737984,119663292,119663314,1,-74652
chr6,119903789,119903807,119903796,119903820,1,0
chr6,120467149,120467167,120466797,120466831,1,-318
chr6,121130854,121130872,121130646,121130665,0,-189
chr6,122761354,122761372,122761330,122761357,1,0
chr6,124423358,124423376,124423178,124423200,0,-158
chr6,124423388,124423406,124423178,124423200,0,-188
chr6,124740458,124740476,124741190,124741204,0,714
chr6,124779750,124779768,124779737,124779763,1,0
chr6,125237614,125237632,125241547,125241576,1,3915
chr6,125381877,125381895,125339502,125339518,1,-42359
chr6,125572953,125572971,125572939,125572964,1,0
chr6,127104382,127104400,127104323,127104343,0,-39
chr6,127372753,127372772,127372751,127372766,1,0
chr6,127635037,127635056,127635084,127635098,1,28
chr6,129260186,129260205,129273666,129273685,0,13461
chr6,129283624,129283642,129285037,129285056,0,1395
chr6,129306873,129306891,129307016,129307044,1,125
chr6,129532919,129532937,129532902,129532924,1,0
chr6,134898638,134898656,134898264,134898312,0,-326
chr6,135417839,135417857,135433943,135433957,0,16086
chr6,136450403,136450422,136450014,136450036,1,-367
chr6,136744029,136744048,136744038,136744072,1,0
chr6,136828508,136828526,136804621,136804640,1,-23868
chr6,136947210,136947229,136947234,136947250,0,5
chr6,136978200,136978218,136978197,136978211,1,0
chr6,137456675,137456693,137456667,137456683,1,0
chr6,139811256,139811274,139811283,139811297,0,9
chr6,140514522,140514541,140514767,140514789,0,226
chr6,141889599,141889617,141889579,141889593,0,-6
chr6,142561243,142561262,142538713,142538735,0,-22508
chr6,142659298,142659316,142659347,142659370,1,31
chr6,142867470,142867488,142867459,142867482,1,0
chr6,142885645,142885663,142885616,142885635,1,-10
chr6,142942121,142942139,142942213,142942235,1,74
chr6,143957204,143957223,143990777,143990791,0,33554
chr6,143990973,143990992,143991013,143991058,1,21
chr6,146636439,146636457,146636419,146636451,1,0
chr6,147476284,147476303,147304639,147304661,1,-171623
chr6,147952423,147952441,147999868,147999882,0,47427
chr6,147999939,147999957,147999868,147999882,1,-57
chr6,148165431,148165449,148165358,148165398,0,-33
chr6,149193710,149193729,149188435,149188454,1,-5256
chr7,4685153,4685171,4654133,4654152,1,-31001
chr7,6283467,6283485,5992909,5992928,1,-290539
chr7,11826087,11826105,11826079,11826095,1,0
chr7,15922289,15922307,15946379,15946414,1,24072
chr7,16023659,16023677,16023666,16023698,1,0
chr7,16262319,16262337,16262306,16262328,1,0
chr7,16322134,16322152,16322126,16322142,1,0
chr7,16406112,16406130,16400731,16400745,0,-5367
chr7,16493642,16493660,16493645,16493679,1,0
chr7,16682594,16682612,16618615,16618640,1,-63954
chr7,17945363,17945381,17945427,17945449,0,46
chr7,19859862,19859880,19797659,19797686,1,-62176
chr7,25107284,25107303,25088417,25088514,1,-18770
chr7,25417160,25417178,25417238,25417263,0,60
chr7,25680793,25680811,25681803,25681833,1,992
chr7,25774927,25774945,25781277,25781291,1,6332
chr7,27167082,27167100,27167268,27167284,1,168
chr7,27473048,27473066,27473072,27473111,1,6
chr7,27591422,27591440,27591476,27591503,1,36
chr7,27933622,27933640,28179236,28179252,0,245596
chr7,28726523,28726541,28726581,28726627,1,40
chr7,28823799,28823817,28781270,28781314,1,-42485
chr7,29590553,29590571,29590539,29590561,1,0
chr7,30232786,30232805,30232188,30232238,0,-548
chr7,30609140,30609158,30609175,30609197,0,17
chr7,30685330,30685348,30729790,30729806,0,44442
chr7,30887696,30887714,30940367,30940382,0,52653
chr7,30940496,30940514,30940508,30940530,1,0
chr7,35232536,35232555,35232566,35232588,1,11
chr7,35232649,35232667,35232566,35232588,0,-61
chr7,40966012,40966030,40965971,40966024,1,0
chr7,41632341,41632359,41632353,41632367,1,0
chr7,41633091,41633109,41632387,41632402,0,-689
chr7,43465654,43465672,43481522,43481557,0,15850
chr7,43756369,43756387,43756357,43756377,1,0
chr7,44892534,44892552,44892633,44892647,1,81
chr7,45715454,45715472,45705119,45705151,1,-10303
chr7,47111830,47111848,47111822,47111838,1,0
chr7,48909075,48909093,48909227,48909285,1,134
chr7,48916416,48916434,48909227,48909285,0,-7131
chr7,51696618,51696636,51696652,51696674,1,16
chr7,51710021,51710039,51709929,51709943,0,-78
chr7,54414525,54414543,54414630,54414653,0,87
chr7,59293400,59293418,59293493,59293543,1,75
chr7,62915551,62915569,62915450,62915465,0,-86
chr7,64042898,64042916,64043323,64043337,0,407
chr7,67389957,67389975,67422116,67422130,0,32141
chr7,67653892,67653910,67653901,67653917,1,0
chr7,70995892,70995910,70995844,70995878,1,-14
chr7,71721581,71721600,71721594,71721630,1,0
chr7,71721646,71721664,71721652,71721695,1,0
chr7,72408565,72408583,72240075,72240113,0,-168452
chr7,75385252,75385270,75385244,75385260,1,0
chr7,75399340,75399358,75385244,75385260,1,-14080
chr7,75420360,75420378,75420193,75420213,1,-147
chr7,75531338,75531356,75531327,75531350,1,0
chr7,75560067,75560085,75559535,75559550,1,-517
chr7,76237705,76237723,76237839,76237872,1,116
chr7,78400826,78400844,78400833,78400852,1,0
chr7,80192666,80192684,80182774,80182817,1,-9849
chr7,80404049,80404067,80417228,80417250,1,13161
chr7,80978798,80978820,80978838,80978852,1,18
chr7,83288200,83288218,83287681,83287697,1,-503
chr7,83412892,83412910,83287681,83287697,1,-125195
chr7,83655638,83655657,83648987,83649006,0,-6632
chr7,84689417,84689436,84689234,84689253,1,-164
chr7,87288112,87288130,88206599,88206649,0,918469
chr7,90473848,90473866,90473991,90474031,1,125
chr7,94233749,94233767,94233662,94233676,0,-73
chr7,95884416,95884434,96456420,96456442,1,571986
chr7,97536803,97536821,97480761,97480780,0,-56023
chr7,97748876,97748894,97748811,97748889,1,0
chr7,99674488,99674506,99828235,99828257,1,153729
chr7,99862995,99863013,99863000,99863022,1,0
chr7,99864242,99864260,99864247,99864263,1,0
chr7,99889686,99889704,99864247,99864263,0,-25423
chr7,101094874,101094892,101094882,101094899,1,0
chr7,101600572,101600590,101600330,101600349,1,-223
chr7,101869392,101869410,101869518,101869542,1,108
chr7,101869509,101869527,101869518,101869542,1,0
chr7,101896322,101896341,101896334,101896353,1,0
chr7,102284213,102284231,102284201,102284217,1,0
chr7,102322779,102322797,102322792,102322808,1,0
chr7,104291084,104291102,104291115,104291145,0,13
chr7,105399270,105399288,105399269,105399340,0,0
chr7,110636422,110636440,110636468,110636483,1,28
chr7,112180222,112180240,112180164,112180199,0,-23
chr7,113372560,113372578,113372552,113372568,1,0
chr7,114479926,114479945,114479944,114479958,0,0
chr7,115753121,115753139,115753284,115753298,1,145
chr7,115753154,115753172,115753284,115753298,1,112
chr7,117486675,117486693,117429443,117429538,1,-57137
chr7,118297763,118297781,118297680,118297698,1,-65
chr7,118305078,118305097,118304872,118304970,0,-108
chr7,118999592,118999610,118999670,118999698,0,60
chr7,119200559,119200577,118999831,118999847,1,-200712
chr7,120688167,120688185,120688308,120688324,1,123
chr7,120918631,120918649,120918461,120918475,1,-156
chr7,122025535,122025553,122025576,122025595,1,23
chr7,122159535,122159553,122242312,122242346,1,82759
chr7,122414585,122414604,122414190,122414204,0,-381
chr7,123084648,123084666,123123804,123123830,0,39138
chr7,125544057,125544075,125551958,125551977,0,7883
chr7,126606561,126606579,126606560,126606582,1,0
chr7,126643489,126643507,126643572,126643594,0,65
chr7,127181880,127181898,127180978,127181001,0,-879
chr7,127244087,127244105,127233027,127233046,1,-11041
chr7,128134085,128134103,128134114,128134139,0,11
chr7,128633490,128633508,128633476,128633501,1,0
chr7,130674145,130674163,130674134,130674156,1,0
chr7,131055262,131055281,130801880,130801899,0,-253363
chr7,132785332,132785350,132795271,132795290,1,9921
chr7,132785415,132785433,132795271,132795290,1,9838
chr7,133454518,133454536,133585219,133585243,1,130683
chr7,135520457,135520475,135542609,135542629,1,22134
chr7,140078846,140078864,140078837,140078851,1,0
chr7,141178240,141178258,141072381,141072411,1,-105829
chr7,142353906,142353924,142351956,142351985,0,-1921
chr7,142794840,142794858,142919586,142919608,1,124728
chr7,143420378,143420396,143420409,143420437,0,13
chr7,143649396,143649414,143625277,143625300,1,-24096
chr7,145213716,145213734,144915104,144915128,1,-298588
chr8,3170495,3170513,3170710,3170724,1,197
chr8,5864259,5864277,5864213,5864227,1,-32
chr8,7277199,7277217,7277208,7277228,1,0
chr8,7277311,7277330,7277271,7277290,1,-21
chr8,7615980,7615998,7615932,7615948,0,-32
chr8,13980264,13980283,13980262,13980276,1,0
chr8,14009769,14009787,14012233,14012269,1,2446
chr8,14954590,14954608,14954573,14954595,1,0
chr8,18311616,18311634,18311534,18311548,1,-68
chr8,18526530,18526548,18526516,18526535,1,0
chr8,22124142,22124160,22192540,22192595,1,68380
chr8,22780578,22780596,22806642,22806676,0,26046
chr8,24364111,24364129,25102184,25102203,1,738055
chr8,25948942,25948960,26015807,26015838,0,66847
chr8,27022366,27022384,27023740,27023779,0,1356
chr8,27128879,27128897,27159247,27159290,0,30350
chr8,30971548,30971566,30971374,30971407,1,-141
chr8,31757308,31757326,31396341,31396373,1,-360935
chr8,32837816,32837834,32837804,32837820,1,0
chr8,33492170,33492188,33601940,33601972,0,109752
chr8,34732254,34732272,34732363,34732386,0,91
chr8,34816277,34816296,34816209,34816225,1,-52
chr8,35123619,35123637,35145207,35145221,0,21570
chr8,39045642,39045660,39045583,39045602,0,-40
chr8,40126845,40126864,40126731,40126802,1,-43
chr8,40443307,40443325,40443297,40443317,1,0
chr8,41043580,41043598,41043582,41043647,1,0
chr8,46551691,46551709,46617410,46617428,0,65701
chr8,50908043,50908061,51035472,51035486,0,127411
chr8,51035410,51035428,51035472,51035486,0,44
chr8,51429618,51429636,51429624,51429658,1,0
chr8,53144199,53144217,53144063,53144103,0,-96
chr8,55732813,55732831,55732795,55732824,1,0
chr8,56550875,56550893,56582912,56582963,0,32019
chr8,57520331,57520349,57520354,57520383,0,5
chr8,61447366,61447384,61606645,61606661,0,159261
chr8,61587805,61587823,61606645,61606661,0,18822
chr8,63565428,63565446,63565226,63565242,1,-186
chr8,64548467,64548485,64548557,64548577,0,72
chr8,64771209,64771227,64771137,64771157,1,-52
chr8,65064537,65064555,65064518,65064540,1,0
chr8,67689205,67689223,67689400,67689414,1,177
chr8,70752209,70752228,70752202,70752218,1,0
chr8,71272591,71272609,71486136,71486162,0,213527
chr8,71908740,71908758,71908875,71908894,0,117
chr8,72291304,72291322,72279542,72279561,1,-11743
chr8,77209201,77209220,77221067,77221089,0,11847
chr8,80492846,80492864,80492999,80493048,0,135
chr8,81619155,81619174,81618997,81619042,1,-113
chr8,81649341,81649359,81649225,81649241,1,-100
chr8,81689031,81689049,81689148,81689208,0,99
chr8,81742940,81742958,81742932,81742948,1,0
chr8,82011850,82011868,82011812,82011862,1,0
chr8,83141511,83141529,83332325,83332351,1,190796
chr8,83427712,83427730,83427695,83427717,1,0
chr8,84073763,84073781,84073667,84073705,1,-58
chr8,84706551,84706569,84706505,84706521,0,-30
chr8,84726050,84726068,84726054,84726080,1,0
chr8,86048775,86048794,86048778,86048809,1,0
chr8,86707818,86707837,86707621,86707648,0,-170
chr8,90575497,90575516,90795557,90795583,0,220041
chr8,91082632,91082650,91077521,91077540,0,-5092
chr8,93363638,93363656,93363655,93363677,1,0
chr8,94413321,94413339,94413431,94413465,0,92
chr8,94478348,94478366,94478368,94478404,1,2
chr8,94654661,94654679,94654670,94654690,1,0
chr8,96153260,96153279,96152958,96152977,1,-283
chr8,96216935,96216953,96216767,96216797,0,-138
chr8,97823417,97823435,96420026,96420048,0,-1403369
chr8,97823440,97823458,96420026,96420048,0,-1403392
chr8,99286455,99286473,99286578,99286598,1,105
chr8,102411956,102411974,102504127,102504146,0,92153
chr8,102504136,102504154,102504127,102504146,1,0
chr8,102681822,102681840,102681498,102681517,0,-305
chr8,105204715,105204734,105204786,105204875,0,52
chr8,105266814,105266832,105266651,105266695,1,-119
chr8,106007495,106007513,105992805,105992831,1,-14664
chr8,106108514,106108532,106108500,106108519,1,0
chr8,107118960,107118978,107114422,107114457,1,-4503
chr8,109777149,109777167,109777127,109777141,0,-8
chr8,113515119,113515137,113515087,113515106,1,-13
chr8,114439956,114439974,114438287,114438349,0,-1607
chr8,116587892,116587910,116555750,116555767,1,-32125
chr8,117149078,117149096,117149001,117149017,1,-61
chr8,117258485,117258503,117258091,117258105,1,-380
chr8,117548528,117548547,117548670,117548698,0,123
chr8,118568177,118568195,119423944,119423963,0,855749
chr8,119559115,119559133,119558372,119558394,0,-721
chr8,119897896,119897915,119897900,119897942,1,0
chr8,120434163,120434181,120434279,120434306,0,98
chr8,121949863,121949882,121590970,121590996,1,-358867
chr8,122918052,122918071,122918041,122918067,1,0
chr8,122961360,122961378,122961341,122961363,1,0
chr8,123026151,123026169,123026173,123026209,0,4
chr8,123043994,123044012,123043969,123044006,1,0
chr8,125264901,125264919,125264932,125264958,1,13
chr8,125337348,125337367,125337357,125337376,1,0
chr8,125462099,125462117,125462079,125462106,1,0
chr8,127154029,127154047,126856095,126856115,1,-297914
chr8,127838755,127838773,127838727,127838742,0,-13
chr8,128473828,128473846,128473944,128473964,1,98
chr8,128595082,128595100,128595119,128595159,1,19
chr8,128688142,128688160,128688036,128688051,0,-91
chr9,7873607,7873625,7873472,7873487,1,-120
chr9,7893431,7893449,7893379,7893393,1,-38
chr9,7897804,7897822,7897519,7897564,0,-240
chr9,8017290,8017308,8017203,8017233,0,-57
chr9,13296488,13296506,13323277,13323296,0,26771
chr9,14244452,14244470,14244362,14244376,0,-76
chr9,16018283,16018301,16018265,16018279,0,-4
chr9,16337148,16337166,16337153,16337169,1,0
chr9,17645302,17645320,17645183,17645209,0,-93
chr9,18105207,18105225,18105155,18105182,1,-25
chr9,18687674,18687692,18687665,18687686,1,0
chr9,22071816,22071834,22071790,22071804,0,-12
chr9,25191808,25191826,25196912,25196931,0,5086
chr9,26779491,26779509,26779608,26779624,1,99
chr9,29236741,29236759,29236750,29236766,1,0
chr9,30927098,30927116,31030117,31030131,1,103001
chr9,32350379,32350397,32350355,32350384,1,0
chr9,32727097,32727122,32728635,32728651,0,1513
chr9,32728639,32728657,32728635,32728651,1,0
chr9,32910343,32910361,32910733,32910766,0,372
chr9,32928549,32928568,32928561,32928583,1,0
chr9,33036349,33036367,33061254,33061270,0,24887
chr9,34232932,34232950,35117956,35117978,1,885006
chr9,35465184,35465202,35465168,35465183,1,-1
chr9,38806203,38806221,38806180,38806194,1,-9
chr9,40997282,40997300,40997302,40997322,0,2
chr9,41045189,41045208,41045113,41045129,1,-60
chr9,41609369,41609387,41609309,41609333,0,-36
chr9,42032858,42032876,42032395,42032456,1,-402
chr9,42076446,42076464,42032395,42032456,1,-43990
chr9,42838524,42838542,42249406,42249437,0,-589087
chr9,44646078,44646097,44581597,44581622,0,-64456
chr9,44720747,44720765,44773012,44773043,0,52247
chr9,44987231,44987249,44981534,44981556,1,-5675
chr9,45421453,45421471,45294732,45294754,0,-126699
chr9,45869615,45869633,45869599,45869624,1,0
chr9,46127085,46127103,46127279,46127301,0,176
chr9,46150294,46150312,46150180,46150202,1,-92
chr9,50537607,50537625,50537434,50537464,0,-143
chr9,50699614,50699633,50617596,50617618,1,-81996
chr9,51213940,51213958,51186008,51186037,0,-27903
chr9,51842964,51842982,51842941,51842979,1,0
chr9,52160869,52160887,51963045,51963064,0,-197805
chr9,53079541,53079559,53079554,53079570,1,0
chr9,53248522,53248540,53248657,53248708,1,117
chr9,53356711,53356729,53356703,53356723,1,0
chr9,53610557,53610575,53610500,53610526,0,-31
chr9,56419767,56419785,56419739,56419758,1,-9
chr9,57769828,57769846,57856444,57856488,1,86598
chr9,57856501,57856519,57856444,57856488,0,-13
chr9,57866928,57866946,57866490,57866504,1,-424
chr9,58710189,58710207,58271495,58271524,1,-438665
chr9,59795382,59795400,59795370,59795390,1,0
chr9,61251710,61251728,61251684,61251715,1,0
chr9,61679542,61679560,61681222,61681265,1,1662
chr9,61914940,61914959,61914960,61914975,0,1
chr9,62368904,62368923,62368862,62368884,1,-20
chr9,63873654,63873672,63873637,63873659,1,0
chr9,64824868,64824886,64824876,64824895,1,0
chr9,64825012,64825031,64824876,64824895,0,-117
chr9,65202344,65202363,65201952,65201975,1,-369
chr9,66332266,66332284,66305283,66305309,1,-26957
chr9,66982418,66982436,66982392,66982429,1,0
chr9,66982471,66982490,66982392,66982429,1,-42
chr9,67917020,67917038,67993873,67993892,0,76835
chr9,67993882,67993900,67993873,67993892,1,0
chr9,69034874,69034892,69034691,69034707,1,-167
chr9,69951439,69951457,69951452,69951466,1,0
chr9,70214652,70214670,70214594,70214610,0,-42
chr9,70496825,70496843,70496821,70496837,1,0
chr9,70671713,70671731,70552365,70552381,1,-119332
chr9,70798844,70798862,70798863,70798885,0,1
chr9,71606717,71606735,71874312,71874341,0,267577
chr9,72910467,72910485,72910565,72910581,0,80
chr9,74003375,74003393,74003303,74003329,0,-46
chr9,76277251,76277269,76277332,76277357,0,63
chr9,78074162,78074181,78074249,78074264,1,68
chr9,80305644,80305662,80305667,80305681,0,5
chr9,80332020,80332038,80332075,80332199,1,37
chr9,82914185,82914204,82914123,82914137,0,-48
chr9,84102545,84102563,83987627,83987649,0,-114896
chr9,85730778,85730796,85730986,85731002,1,190
chr9,87255308,87255326,87021699,87021726,1,-233582
chr9,87613432,87613450,87021699,87021726,1,-591706
chr9,88329023,88329041,88329062,88329088,1,21
chr9,89212418,89212437,89212440,89212465,0,3
chr9,89685297,89685315,90098967,90098982,1,413652
chr9,90605790,90605808,90605942,90605970,0,134
chr9,92911467,92911485,92911389,92911418,1,-49
chr9,96890115,96890133,96890090,96890127,1,0
chr9,98333301,98333320,98333280,98333299,1,-2
chr9,98962512,98962530,98962581,98962618,0,51
chr9,100462205,100462223,100462175,100462197,0,-8
chr9,105131653,105131671,105617244,105617262,0,485573
chr9,107526771,107526789,107563038,107563053,1,36249
chr9,107588456,107588475,107588222,107588244,0,-212
chr9,109168317,109168335,109168308,109168322,1,0
chr9,110907595,110907613,110656936,110656980,1,-250615
chr9,112194301,112194320,112186688,112186708,1,-7593
chr9,113358118,113358136,113792812,113792826,0,434676
chr9,113496411,113496429,113792812,113792826,0,296383
chr9,113847295,113847313,113812224,113812239,1,-35056
chr9,114417468,114417486,114417672,114417688,0,186
chr9,114452015,114452034,114452021,114452049,1,0
chr9,115612753,115612771,115617930,115617966,0,5159
chr9,115612826,115612844,115617930,115617966,0,5086
chr9,115618089,115618107,115617930,115617966,1,-123
chr9,116133650,116133668,116139688,116139703,1,6020
chr9,116229615,116229633,116229623,116229640,1,0
chr9,116263879,116263897,116230668,116230685,0,-33194
chr9,116338321,116338339,116338600,116338629,1,261
chr9,117146275,117146293,117146305,117146329,1,12
chr9,119340479,119340497,119340460,119340486,1,0
chr9,119449630,119449648,119449610,119449638,1,0
chr9,120777123,120777141,120777102,120777131,1,0
chr9,120943844,120943862,120943847,120943877,1,0
chr9,121218119,121218137,121218125,121218139,1,0
chr9,122226822,122226841,122226819,122226835,1,0
chr9,123366933,123366951,123366928,123366942,1,0
chr9,124044346,124044365,124039121,124039136,0,-5210
chrX,7638680,7638699,7648956,7648978,1,10257
chrX,7841190,7841209,7841068,7841102,1,-88
chrX,8145265,8145283,7877984,7878016,0,-267249
chrX,10848812,10848830,10848821,10848837,1,0
chrX,20847951,20847969,20704743,20704785,1,-143166
chrX,40616535,40616553,40616453,40616475,0,-60
chrX,42511475,42511493,42511457,42511476,1,0
chrX,48284454,48284472,48284579,48284621,0,107
chrX,51013044,51013063,51013047,51013087,1,0
chrX,53033540,53033558,53033548,53033565,1,0
chrX,56405899,56405918,56406232,56406248,0,314
chrX,56455515,56455534,56455800,56455814,0,266
chrX,57054549,57054567,57054409,57054425,1,-124
chrX,57260941,57260960,57254088,57254103,0,-6838
chrX,59199709,59199727,59199705,59199721,1,0
chrX,59584528,59584546,59584426,59584441,1,-87
chrX,66516600,66516618,66516587,66516601,0,0
chrX,73967352,73967370,74024210,74024225,1,56840
chrX,77509103,77509121,77580035,77580072,0,70914
chrX,78041853,78041871,78041815,78041835,0,-18
chrX,80735361,80735379,80735356,80735370,1,0
chrX,90716325,90716343,89828748,89828762,1,-887563
chrX,90998279,90998297,89828748,89828762,1,-1169517
chrX,95029995,95030013,95030173,95030188,0,160
chrX,103592745,103592763,103592735,103592749,1,0
chrX,104481809,104481827,104481876,104481891,1,49
chrX,104946820,104946838,104946827,104946863,1,0
chrX,105070327,105070345,105070449,105070471,1,104
chrX,105070440,105070458,105070449,105070471,1,0
chrX,105079605,105079623,105070583,105070599,1,-9006
chrX,105801709,105801727,105801714,105801730,1,0
chrX,106921233,106921251,106921156,106921173,0,-60
chrX,107042556,107042574,107039714,107039733,1,-2823
chrX,107236818,107236836,107236775,107236812,1,-6
chrX,107816107,107816125,108119182,108119204,0,303057
chrX,118401984,118402002,118401945,118401960,1,-24
chrX,134804623,134804641,134307847,134307866,0,-496757
chrX,135566398,135566416,135742283,135742297,0,175867
chrX,136616174,136616193,136741883,136741913,1,125690
chrX,136646008,136646027,136741883,136741913,1,95856
chrX,140950888,140950906,140950876,140950903,1,0
chrX,144526171,144526190,144525968,144526023,0,-148
chrX,152249384,152249402,152249342,152249393,1,0
chrX,155211142,155211160,155211125,155211157,1,0
chrX,159047813,159047831,159047803,159047818,1,0
chrX,159254484,159254502,159254476,159254492,1,0
chrX,159708202,159708220,159708448,159708462,0,228
chrX,167119475,167119494,167119294,167119310,0,-165
chrX,167799694,167799712,167799825,167799841,1,113
