chr,h_h_start,h_h_end,closest_TnG_start,closest_TnG_end,tng_alignment,distance_to_closest_TnG
chr1,4432779,4432798,4430552,4430568,1,-2211
chr1,4527520,4527538,4534317,4534333,0,6779
chr1,5101085,5101103,5101023,5101049,0,-36
chr1,6461642,6461660,6461650,6461666,1,0
chr1,7431500,7431518,7431552,7431598,1,34
chr1,7528734,7528752,7548451,7548465,0,19699
chr1,8778623,8778641,8721015,8721056,0,-57567
chr1,9565118,9565136,9565106,9565124,1,0
chr1,10315186,10315204,10314900,10314916,1,-270
chr1,11457607,11457625,11457547,11457561,1,-46
chr1,11759136,11759154,11759708,11759727,1,554
chr1,12405990,12406008,12398461,12398475,1,-7515
chr1,13007176,13007195,13002891,13002905,1,-4271
chr1,13012744,13012762,13002891,13002905,1,-9839
chr1,13110640,13110658,13104169,13104184,1,-6456
chr1,13142945,13142964,13142936,13142951,1,0
chr1,13498271,13498289,13498281,13498296,1,0
chr1,13608662,13608680,13577177,13577199,1,-31463
chr1,14110586,14110604,14109737,14109759,0,-827
chr1,14612448,14612466,14646189,14646210,0,33723
chr1,14757815,14757834,14754747,14754766,1,-3049
chr1,15637934,15637952,15637415,15637443,0,-491
chr1,15683866,15683884,15683857,15683871,1,0
chr1,16372590,16372608,16371554,16371570,0,-1020
chr1,16546874,16546892,16546863,16546882,1,0
chr1,16554638,16554656,16557202,16557224,0,2546
chr1,17489442,17489460,17489455,17489471,1,0
chr1,17980839,17980857,18008881,18008897,1,28024
chr1,19109788,19109806,19179311,19179331,1,69505
chr1,20686103,20686121,20673627,20673642,0,-12461
chr1,20863631,20863650,20863766,20863784,1,116
chr1,20986216,20986234,20986541,20986563,0,307
chr1,21483352,21483371,21461320,21461354,1,-21998
chr1,21559439,21559457,21559886,21559906,1,429
chr1,22105714,22105732,22099716,22099735,0,-5979
chr1,22267869,22267888,22267959,22267974,0,71
chr1,22271632,22271650,22271789,22271803,0,139
chr1,23184889,23184908,23188212,23188232,0,3304
chr1,23268149,23268167,23271561,23271577,0,3394
chr1,23271901,23271919,23271866,23271882,1,-19
chr1,23841893,23841911,23841160,23841189,1,-704
chr1,24062420,24062438,24059692,24059724,1,-2696
chr1,30585087,30585106,30583957,30583979,0,-1108
chr1,31134242,31134260,31127111,31127126,1,-7116
chr1,31554165,31554183,31554198,31554222,1,15
chr1,32746450,32746469,32744742,32744756,0,-1694
chr1,32896411,32896429,32965248,32965263,1,68819
chr1,33391772,33391790,33355031,33355053,0,-36719
chr1,33464876,33464894,33464919,33464935,1,25
chr1,33564169,33564188,33563791,33563817,1,-352
chr1,33574469,33574487,33577873,33577888,1,3386
chr1,33906567,33906585,33906558,33906572,1,0
chr1,34097757,34097775,34093765,34093779,1,-3978
chr1,34389077,34389095,34389382,34389398,1,287
chr1,34559933,34559952,34569979,34569999,0,10027
chr1,34715892,34715910,34726176,34726192,1,10266
chr1,35231604,35231622,35231559,35231581,0,-23
chr1,35363652,35363670,35386646,35386680,1,22976
chr1,35619300,35619318,35627936,35627966,0,8618
chr1,35926796,35926814,35936660,35936679,1,9846
chr1,35973741,35973760,36001145,36001198,1,27385
chr1,36496998,36497017,36457602,36457616,1,-39382
chr1,36778106,36778124,36785433,36785449,0,7309
chr1,37013540,37013559,36987302,36987317,0,-26223
chr1,37313106,37313125,37310959,37310981,1,-2125
chr1,37351616,37351634,37351613,37351627,1,0
chr1,37518271,37518289,37518440,37518454,1,151
chr1,37559831,37559849,37559819,37559835,1,0
chr1,37562151,37562169,37560142,37560158,0,-1993
chr1,38110278,38110296,38110284,38110298,1,0
chr1,38172801,38172820,38156239,38156261,1,-16540
chr1,38268533,38268552,38274889,38274911,1,6337
chr1,38282515,38282533,38274889,38274911,0,-7604
chr1,38406450,38406468,38415790,38415804,1,9322
chr1,38530220,38530238,38529440,38529466,1,-754
chr1,39455893,39455911,39456239,39456261,1,328
chr1,39636200,39636218,39648920,39648936,1,12702
chr1,39691560,39691578,39701498,39701514,1,9920
chr1,40095658,40095677,40101517,40101531,0,5840
chr1,40294040,40294059,40294179,40294206,1,120
chr1,40340793,40340812,40346545,40346559,0,5733
chr1,40501172,40501190,40500551,40500581,0,-591
chr1,40791010,40791028,40800042,40800058,1,9014
chr1,41425538,41425556,41428119,41428133,1,2563
chr1,42488281,42488299,42488340,42488354,1,41
chr1,42708194,42708212,42716942,42716956,0,8730
chr1,42716788,42716807,42716942,42716956,0,135
chr1,42763734,42763752,42763525,42763544,1,-190
chr1,42769284,42769302,42772199,42772213,1,2897
chr1,42902000,42902018,42884569,42884583,1,-17417
chr1,43337463,43337481,43337597,43337611,0,116
chr1,43590156,43590174,43592341,43592357,0,2167
chr1,43810891,43810909,43805595,43805619,0,-5272
chr1,44567539,44567557,44567687,44567703,0,130
chr1,45679579,45679597,45679631,45679665,1,34
chr1,45776811,45776830,45770268,45770292,0,-6519
chr1,45783393,45783412,45783581,45783605,0,169
chr1,45852890,45852908,45860488,45860510,0,7580
chr1,45865887,45865906,45865533,45865552,1,-335
chr1,45925282,45925300,45925416,45925431,1,116
chr1,46022516,46022534,46009000,46009015,1,-13501
chr1,50926991,50927009,50935201,50935221,1,8192
chr1,51290628,51290647,51287067,51287082,1,-3546
chr1,51333627,51333646,51334066,51334097,1,420
chr1,51395234,51395252,51400566,51400585,1,5314
chr1,51536553,51536572,51536555,51536579,1,0
chr1,51538288,51538306,51536555,51536579,0,-1709
chr1,51919590,51919608,51894909,51894924,0,-24666
chr1,52350233,52350251,52350360,52350383,0,109
chr1,52419632,52419650,52447967,52447990,0,28317
chr1,52423628,52423646,52447967,52447990,0,24321
chr1,52451000,52451018,52451019,52451033,1,1
chr1,52557480,52557498,52538823,52538845,0,-18635
chr1,52620162,52620180,52676250,52676266,0,56070
chr1,53742621,53742639,53742653,53742701,1,14
chr1,54381704,54381722,54381557,54381571,0,-133
chr1,55180100,55180118,55174654,55174676,0,-5424
chr1,55666478,55666496,55666314,55666340,0,-138
chr1,55728788,55728807,55728790,55728857,1,0
chr1,55883284,55883302,55867900,55867916,0,-15368
chr1,56811629,56811647,56815639,56815655,1,3992
chr1,56815519,56815537,56815639,56815655,1,102
chr1,56916653,56916671,56916676,56916692,1,5
chr1,57421518,57421537,57423731,57423763,0,2194
chr1,57626024,57626042,57639298,57639314,0,13256
chr1,57949437,57949455,57949434,57949448,1,0
chr1,58023779,58023797,58023894,58023908,1,97
chr1,58210762,58210780,58195558,58195574,0,-15188
chr1,58229918,58229936,58238260,58238276,1,8324
chr1,58268124,58268142,58268096,58268115,1,-9
chr1,58343911,58343929,58346274,58346289,1,2345
chr1,58346260,58346278,58346274,58346289,1,0
chr1,58367604,58367622,58364205,58364225,1,-3379
chr1,58693946,58693964,58693879,58693894,0,-52
chr1,58894050,58894068,58893895,58893919,1,-131
chr1,59063979,59063997,59061426,59061442,0,-2537
chr1,59316253,59316271,59316850,59316900,0,579
chr1,59391993,59392011,59391921,59391937,0,-56
chr1,59430713,59430731,59420283,59420324,1,-10389
chr1,59887453,59887472,59887503,59887522,1,31
chr1,61667374,61667392,61661868,61661884,0,-5490
chr1,61680081,61680099,61687472,61687488,1,7373
chr1,61702906,61702924,61705726,61705740,0,2802
chr1,62261723,62261741,62266699,62266723,1,4958
chr1,62722842,62722861,62722558,62722574,0,-268
chr1,64035291,64035309,64044822,64044838,1,9513
chr1,64048750,64048768,64048734,64048754,0,0
chr1,64071806,64071824,64076846,64076865,0,5022
chr1,64190803,64190821,64190808,64190854,1,0
chr1,64220624,64220642,64222699,64222713,1,2057
chr1,64592860,64592878,64592906,64592928,0,28
chr1,64673662,64673681,64660845,64660861,1,-12801
chr1,64871577,64871595,64882598,64882617,0,11003
chr1,65035269,65035288,65042101,65042115,1,6813
chr1,65207303,65207321,65207463,65207488,0,142
chr1,66309292,66309310,66309435,66309454,0,125
chr1,66758044,66758062,66758022,66758036,1,-8
chr1,69247839,69247857,69241844,69241858,0,-5981
chr1,69516123,69516141,69516133,69516148,1,0
chr1,69859655,69859673,69859650,69859664,1,0
chr1,70781270,70781289,70781334,70781353,0,45
chr1,71617657,71617675,71615201,71615227,1,-2430
chr1,71729991,71730009,71720048,71720070,1,-9921
chr1,71811567,71811585,71811242,71811289,0,-278
chr1,72160540,72160558,72166435,72166449,0,5877
chr1,72415958,72415976,72415704,72415726,1,-232
chr1,72739947,72739965,72812197,72812218,1,72232
chr1,72843524,72843542,72849357,72849376,1,5815
chr1,73516026,73516045,73541596,73541610,0,25551
chr1,73744207,73744225,73752566,73752608,1,8341
chr1,74007592,74007610,74009387,74009403,0,1777
chr1,74434792,74434810,74432146,74432162,1,-2630
chr1,74643344,74643362,74644192,74644212,1,830
chr1,74740925,74740943,74733045,74733064,1,-7861
chr1,75001997,75002015,75002220,75002235,0,205
chr1,75652616,75652635,75631306,75631322,0,-21294
chr1,77141056,77141074,77188084,77188104,1,47010
chr1,77184968,77184986,77188084,77188104,1,3098
chr1,77540103,77540122,77535293,77535312,0,-4791
chr1,77588700,77588718,77535293,77535312,0,-53388
chr1,78674246,78674264,78674364,78674394,0,100
chr1,80519965,80519984,80522471,80522510,0,2487
chr1,81744634,81744652,81675693,81675709,0,-68925
chr1,82544480,82544498,82544476,82544490,1,0
chr1,82571919,82571937,82571866,82571888,1,-31
chr1,82590356,82590374,82571866,82571888,1,-18468
chr1,82864909,82864927,82855795,82855825,1,-9084
chr1,83091538,83091556,83093858,83093876,0,2302
chr1,84240524,84240542,84240500,84240524,0,0
chr1,84254694,84254712,84253577,84253599,0,-1095
chr1,84381926,84381944,84381916,84381930,0,0
chr1,84506345,84506364,84523096,84523118,1,16732
chr1,84539340,84539359,84533249,84533266,0,-6074
chr1,84819550,84819568,84817664,84817680,0,-1870
chr1,84916113,84916131,84916196,84916246,0,65
chr1,84922895,84922913,84922826,84922842,0,-53
chr1,85842313,85842331,85828991,85829007,1,-13306
chr1,85973479,85973497,85972491,85972507,1,-972
chr1,86256610,86256628,86267730,86267746,0,11102
chr1,86566799,86566818,86571455,86571481,1,4637
chr1,87380900,87380919,87378781,87378797,1,-2103
chr1,87721484,87721502,87740877,87740892,1,19375
chr1,87771312,87771330,87771359,87771375,0,29
chr1,87964306,87964324,87959896,87959912,0,-4394
chr1,88077397,88077415,88077402,88077416,.,0
chr1,88461625,88461643,88462614,88462636,0,971
chr1,89014965,89014983,89015916,89015945,1,933
chr1,89251512,89251530,89258692,89258706,1,7162
chr1,89304595,89304613,89310942,89310962,0,6329
chr1,89358713,89358731,89357112,89357134,0,-1579
chr1,89466163,89466181,89465274,89465296,1,-867
chr1,89656800,89656818,89656968,89656984,0,150
chr1,90085843,90085861,90090726,90090744,0,4865
chr1,90256869,90256887,90236910,90236941,1,-19928
chr1,90258605,90258623,90236910,90236941,1,-21664
chr1,90789085,90789104,90789947,90789966,1,843
chr1,90802128,90802146,90813831,90813845,1,11685
chr1,91211410,91211428,91211368,91211383,1,-27
chr1,91216178,91216196,91216069,91216093,1,-85
chr1,91231922,91231940,91231946,91231962,0,6
chr1,91758753,91758771,91779708,91779723,0,20937
chr1,92131338,92131356,92132420,92132439,1,1064
chr1,92202636,92202655,92202834,92202863,0,179
chr1,92202717,92202735,92202834,92202863,0,99
chr1,92338719,92338738,92332024,92332044,0,-6675
chr1,92681412,92681430,92676427,92676446,1,-4966
chr1,93013528,93013547,93013534,93013559,1,0
chr1,93051768,93051787,93051774,93051796,1,0
chr1,93157837,93157855,93143207,93143223,0,-14614
chr1,93419444,93419462,93416061,93416080,0,-3364
chr1,93432247,93432266,93416061,93416080,0,-16167
chr1,94209815,94209833,94209794,94209812,0,-3
chr1,94453717,94453736,94453333,94453363,0,-354
chr1,95010164,95010182,95025808,95025841,1,15626
chr1,95041858,95041876,95042001,95042029,0,125
chr1,95219085,95219104,95219028,95219046,1,-39
chr1,96840311,96840330,96840323,96840342,1,0
chr1,96892944,96892963,96872449,96872482,1,-20462
chr1,97647255,97647273,97647827,97647852,1,554
chr1,97726849,97726867,97729368,97729394,1,2501
chr1,97963409,97963427,97966603,97966626,0,3176
chr1,98035859,98035877,98032070,98032085,0,-3774
chr1,98523793,98523811,98523844,98523858,0,33
chr1,98590538,98590556,98589722,98589738,0,-800
chr1,98712326,98712345,98712413,98712428,1,68
chr1,99069778,99069796,98925569,98925588,0,-144190
chr1,100160059,100160077,100159936,100159950,0,-109
chr1,100702599,100702617,100683487,100683503,1,-19096
chr1,100703463,100703481,100683487,100683503,1,-19960
chr1,105266978,105266996,105264854,105264869,1,-2109
chr1,105805981,105806000,105805636,105805665,0,-316
chr1,106338864,106338882,106351763,106351787,0,12881
chr1,106402724,106402743,106402291,106402307,0,-417
chr1,106630197,106630215,106635890,106635905,0,5675
chr1,107506244,107506263,107502360,107502390,1,-3854
chr1,107577712,107577730,107576359,107576389,1,-1323
chr1,107635599,107635618,107638458,107638481,1,2840
chr1,107822184,107822202,107822307,107822353,1,105
chr1,111394723,111394741,111322166,111322188,1,-72535
chr1,111634395,111634414,111634384,111634400,1,0
chr1,113969856,113969874,113970907,113970923,1,1033
chr1,115965169,115965187,115828331,115828346,1,-136823
chr1,116523634,116523653,116468582,116468597,1,-55037
chr1,118443380,118443399,118440404,118440420,1,-2960
chr1,118603644,118603662,118598407,118598429,1,-5215
chr1,118614091,118614109,118615445,118615460,0,1336
chr1,118630411,118630429,118629502,118629531,1,-880
chr1,118699729,118699747,118700054,118700077,0,307
chr1,118710973,118710991,118720605,118720620,0,9614
chr1,118864906,118864924,118858274,118858296,1,-6610
chr1,119124918,119124936,119124811,119124837,0,-81
chr1,119153002,119153020,119153051,119153070,1,31
chr1,119395583,119395602,119405171,119405185,1,9569
chr1,119432577,119432595,119432588,119432610,1,0
chr1,120019525,120019543,120019532,120019548,1,0
chr1,120147245,120147264,120147254,120147270,1,0
chr1,120451685,120451703,120449955,120449969,0,-1716
chr1,120532590,120532608,120519771,120519793,1,-12797
chr1,120657170,120657188,120662468,120662484,0,5280
chr1,120667949,120667968,120667891,120667933,1,-16
chr1,121220234,121220252,121220437,121220459,1,185
chr1,121290048,121290066,121277661,121277683,0,-12365
chr1,121373983,121374001,121373930,121373949,0,-34
chr1,121471867,121471885,121472646,121472662,0,761
chr1,121477517,121477535,121472646,121472662,1,-4855
chr1,122263715,122263733,122330716,122330754,1,66983
chr1,123906161,123906179,123906125,123906141,1,-20
chr1,123906184,123906202,123906125,123906141,1,-43
chr1,126183634,126183652,126206956,126206971,1,23304
chr1,126413780,126413798,126411717,126411739,0,-2041
chr1,126569192,126569211,126569148,126569203,1,0
chr1,126591426,126591444,126591406,126591420,0,-6
chr1,126749721,126749739,126749671,126749687,0,-34
chr1,127092157,127092175,127086077,127086093,0,-6064
chr1,127433646,127433665,127400901,127400917,1,-32729
chr1,127626877,127626895,127638428,127638447,1,11533
chr1,127638336,127638354,127638428,127638447,1,74
chr1,127958955,127958974,127960410,127960424,1,1436
chr1,128152151,128152169,128152128,128152156,1,0
chr1,128327499,128327517,128330510,128330525,1,2993
chr1,128330499,128330517,128330510,128330525,1,0
chr1,128461015,128461033,128460992,128461024,1,0
chr1,128734844,128734862,128734808,128734824,0,-20
chr1,129542730,129542749,129542835,129542849,1,86
chr1,130660451,130660469,130648827,130648851,0,-11600
chr1,130776249,130776268,130775981,130776003,1,-246
chr1,130797313,130797331,130797518,130797534,0,187
chr1,131253714,131253733,131260188,131260203,1,6455
chr1,131507609,131507627,131509874,131509890,0,2247
chr1,131627559,131627577,131618840,131618856,0,-8703
chr1,131767749,131767767,131765710,131765725,0,-2024
chr1,132319380,132319399,132317600,132317619,1,-1761
chr1,132328553,132328571,132328628,132328644,1,57
chr1,132542896,132542914,132630521,132630536,1,87607
chr1,132630432,132630451,132630521,132630536,1,70
chr1,132898098,132898117,132893683,132893707,0,-4391
chr1,132901483,132901502,132903171,132903198,1,1669
chr1,133093926,133093945,133084915,133084931,0,-8995
chr1,133750512,133750530,133716615,133716629,0,-33883
chr1,134184381,134184399,134196457,134196473,0,12058
chr1,134782900,134782918,134782829,134782862,0,-38
chr1,134824016,134824034,134824090,134824109,1,56
chr1,134853445,134853463,134853279,134853293,0,-152
chr1,134922638,134922657,134922466,134922502,0,-136
chr1,135344225,135344243,135373230,135373245,1,28987
chr1,135518940,135518958,135517427,135517446,1,-1494
chr1,135519433,135519451,135517427,135517446,1,-1987
chr1,136326107,136326125,136316497,136316519,1,-9588
chr1,136733360,136733378,136730981,136731004,0,-2356
chr1,136791567,136791585,136784248,136784267,0,-7300
chr1,136925180,136925198,136934092,136934114,0,8894
chr1,137009131,137009150,136945781,136945797,0,-63334
chr1,137571800,137571819,137571654,137571673,1,-127
chr1,137738576,137738595,137742161,137742186,1,3566
chr1,138009607,138009625,137998645,137998677,1,-10930
chr1,138209806,138209824,138209798,138209812,1,0
chr1,138731152,138731170,138730982,138730996,1,-156
chr1,138919420,138919438,138919529,138919544,0,91
chr1,138924897,138924915,138924427,138924449,1,-448
chr1,138995408,138995426,138992669,138992683,1,-2725
chr1,139039942,139039960,139040104,139040120,1,144
chr1,139041027,139041046,139041016,139041031,1,0
chr1,139062200,139062219,139053278,139053302,1,-8898
chr1,140183496,140183515,140183431,140183453,1,-43
chr1,141731216,141731234,141731095,141731121,0,-95
chr1,142925111,142925130,142904084,142904100,0,-21011
chr1,142929275,142929293,142953217,142953235,1,23924
chr1,143947051,143947069,143947143,143947163,0,74
chr1,143950500,143950518,143951956,143951986,1,1438
chr1,144532976,144532994,144527038,144527054,1,-5922
chr1,144647411,144647429,144647371,144647387,0,-24
chr1,144738490,144738508,144746310,144746324,1,7802
chr1,144924588,144924606,144907291,144907318,1,-17270
chr1,146499060,146499079,146499047,146499069,1,0
chr1,149127496,149127515,149127983,149128012,0,468
chr1,149833170,149833189,149830973,149831001,0,-2169
chr1,150026795,150026813,150026791,150026805,1,0
chr1,150204794,150204812,150200135,150200149,0,-4645
chr1,150257836,150257855,150256695,150256723,0,-1113
chr1,150907965,150907984,150903067,150903093,0,-4872
chr1,151062911,151062929,151048917,151048943,0,-13968
chr1,151239304,151239322,151239362,151239378,0,40
chr1,151249374,151249393,151251972,151251989,1,2579
chr1,151264897,151264916,151265635,151265654,1,719
chr1,151442025,151442044,151414197,151414213,1,-27812
chr1,151706374,151706393,151709023,151709042,0,2630
chr1,151943488,151943506,151940027,151940045,0,-3443
chr1,151996026,151996044,151997687,151997716,0,1643
chr1,152607649,152607667,152606808,152606827,0,-822
chr1,152838968,152838986,152847607,152847625,1,8621
chr1,153021310,153021328,153021494,153021508,1,166
chr1,153187357,153187375,153191539,153191555,0,4164
chr1,153659179,153659197,153659243,153659266,0,46
chr1,153785737,153785755,153786212,153786232,1,457
chr1,153803219,153803237,153803143,153803162,1,-57
chr1,153886576,153886594,153865830,153865850,0,-20726
chr1,154062944,154062962,154061509,154061524,0,-1420
chr1,154076238,154076256,154076075,154076095,0,-143
chr1,154103023,154103041,154103613,154103645,0,572
chr1,154174541,154174559,154174666,154174688,1,107
chr1,154257023,154257041,154233078,154233092,1,-23931
chr1,154818868,154818886,154821432,154821454,0,2546
chr1,155184461,155184490,155202552,155202566,0,18062
chr1,155194631,155194649,155202552,155202566,0,7903
chr1,155430920,155430938,155430962,155431005,0,24
chr1,155608854,155608872,155608909,155608943,0,37
chr1,156408130,156408148,156402195,156402211,0,-5919
chr1,156603802,156603820,156604008,156604035,0,188
chr1,157023448,157023467,157023457,157023473,1,0
chr1,157427028,157427047,157440410,157440425,0,13363
chr1,157463162,157463180,157463182,157463215,0,2
chr1,157481517,157481536,157477198,157477214,1,-4303
chr1,158221276,158221294,158245727,158245742,1,24433
chr1,159725461,159725479,159725453,159725469,1,0
chr1,160363722,160363740,160363592,160363618,0,-104
chr1,160376371,160376389,160376372,160376388,.,0
chr1,160544397,160544415,160544413,160544429,0,0
chr1,160718025,160718044,160714851,160714873,0,-3152
chr1,160861421,160861439,160861716,160861730,0,277
chr1,160861738,160861756,160861716,160861730,1,-8
chr1,161375719,161375738,161375867,161375912,1,129
chr1,161599831,161599849,161589852,161589873,1,-9958
chr1,161621355,161621374,161615457,161615471,0,-5884
chr1,162150990,162151008,162139716,162139730,0,-11260
chr1,162187067,162187085,162187130,162187152,0,45
chr1,162324605,162324624,162324608,162324627,1,0
chr1,162359292,162359310,162363013,162363035,1,3703
chr1,162639453,162639472,162652605,162652633,1,13133
chr1,162900057,162900075,162896111,162896139,1,-3918
chr1,162909796,162909814,162896111,162896139,1,-13657
chr1,163682254,163682273,163687016,163687032,0,4743
chr1,164838144,164838162,164846469,164846490,1,8307
chr1,165017336,165017354,165021325,165021347,1,3971
chr1,165595107,165595125,165596754,165596770,1,1629
chr1,165927700,165927719,165927207,165927229,0,-471
chr1,166214392,166214410,166205679,166205717,0,-8675
chr1,166311746,166311764,166311768,166311791,0,4
chr1,166825238,166825256,166821429,166821456,1,-3782
chr1,166825511,166825529,166821429,166821456,1,-4055
chr1,166832167,166832185,166821429,166821456,1,-10711
chr1,167025835,167025853,167026297,167026342,0,444
chr1,167499236,167499255,167491962,167491981,1,-7255
chr1,167532754,167532772,167547647,167547663,0,14875
chr1,167598900,167598918,167608669,167608683,0,9751
chr1,167747993,167748011,167773789,167773805,1,25778
chr1,168225853,168225872,168226142,168226164,1,270
chr1,169747779,169747798,169752069,169752091,1,4271
chr1,170085323,170085341,170083384,170083399,0,-1924
chr1,170155460,170155478,170159964,170159992,1,4486
chr1,170292651,170292669,170292658,170292673,0,0
chr1,170328368,170328387,170328481,170328509,0,94
chr1,170511171,170511189,170521490,170521543,1,10301
chr1,170580916,170580934,170583602,170583616,1,2668
chr1,170898669,170898688,170898665,170898679,1,0
chr1,170953400,170953418,170953228,170953264,0,-136
chr1,171631259,171631277,171627957,171627979,1,-3280
chr1,172038521,172038539,172045019,172045033,0,6480
chr1,172394046,172394064,172402964,172402978,0,8900
chr1,173462789,173462807,173462184,173462199,1,-590
chr1,173522017,173522035,173580114,173580144,1,58079
chr1,173645624,173645642,173620022,173620036,0,-25588
chr1,173766784,173766803,173766789,173766805,1,0
chr1,175470530,175470548,175470514,175470528,0,-2
chr1,175656456,175656474,175656411,175656441,1,-15
chr1,176012089,176012108,176068097,176068113,1,55989
chr1,176735599,176735618,176735662,176735678,1,44
chr1,176863470,176863488,176863400,176863419,0,-51
chr1,177051344,177051362,177051354,177051369,1,0
chr1,177170970,177170988,177169691,177169713,0,-1257
chr1,177179450,177179468,177179511,177179571,1,43
chr1,177360965,177360983,177360944,177360960,1,-5
chr1,177573372,177573390,177573407,177573423,1,17
chr1,178389079,178389097,178389094,178389110,1,0
chr1,178641322,178641340,178641993,178642015,1,653
chr1,179010889,179010907,179003475,179003497,0,-7392
chr1,179044430,179044448,179044441,179044460,1,0
chr1,179131109,179131128,179131071,179131085,0,-24
chr1,179138655,179138673,179137260,179137275,0,-1380
chr1,179196582,179196600,179196537,179196558,1,-24
chr1,180277696,180277715,180166669,180166685,0,-111011
chr1,181127272,181127291,181130585,181130609,1,3294
chr1,181280890,181280908,181282017,181282033,1,1109
chr1,181328165,181328183,181327373,181327387,1,-778
chr1,181372636,181372654,181369982,181370000,1,-2636
chr1,181445699,181445717,181445881,181445900,0,164
chr1,181536219,181536237,181538219,181538256,1,1982
chr1,181555628,181555647,181555190,181555220,1,-408
chr1,181728912,181728931,181719283,181719305,1,-9607
chr1,182047344,182047362,182045489,182045513,1,-1831
chr1,182802752,182802770,182819335,182819349,0,16565
chr1,182882063,182882081,182895585,182895599,0,13504
chr1,183068091,183068109,183062317,183062348,0,-5743
chr1,183687607,183687625,183699512,183699526,1,11887
chr1,184260092,184260110,184257621,184257651,0,-2441
chr1,184381919,184381937,184384743,184384759,0,2806
chr1,184397203,184397221,184384743,184384759,1,-12444
chr1,184628903,184628922,184631707,184631740,1,2785
chr1,184644792,184644810,184644587,184644602,0,-190
chr1,184657602,184657620,184662197,184662219,1,4577
chr1,184777478,184777496,184777076,184777092,0,-386
chr1,185546378,185546396,185546328,185546347,1,-31
chr1,186043812,186043830,186043669,186043685,1,-127
chr1,186245867,186245886,186242076,186242090,1,-3777
chr1,186263255,186263274,186263258,186263289,1,0
chr1,186546564,186546582,186550420,186550436,1,3838
chr1,187230933,187230951,187228764,187228778,1,-2155
chr1,187256126,187256144,187256094,187256114,1,-12
chr1,187313924,187313942,187309917,187309942,0,-3982
chr1,187558853,187558871,187558978,187558994,0,107
chr1,188083224,188083242,188083217,188083237,1,0
chr1,188457762,188457780,188457696,188457733,1,-29
chr1,188866068,188866087,188904171,188904190,0,38084
chr1,189177911,189177929,189177863,189177879,0,-32
chr1,189800624,189800642,189796414,189796442,1,-4182
chr1,189815110,189815129,189815100,189815116,1,0
chr1,189838563,189838582,189855827,189855849,0,17245
chr1,190682518,190682536,190680006,190680025,0,-2493
chr1,190868925,190868943,190876951,190876990,0,8008
chr1,191073493,191073511,191092821,191092857,0,19310
chr1,191165844,191165863,191166870,191166886,1,1007
chr1,191167402,191167420,191167530,191167561,0,110
chr1,191793866,191793884,191784818,191784842,1,-9024
chr1,191855738,191855756,191849575,191849597,0,-6141
chr1,192546312,192546330,192540858,192540874,0,-5438
chr1,192620296,192620314,192617585,192617601,0,-2695
chr1,192799556,192799574,192797320,192797347,1,-2209
chr1,192841498,192841517,192840311,192840326,1,-1172
chr1,193102881,193102899,193102942,193102956,0,43
chr1,193514750,193514768,193505837,193505851,1,-8899
chr1,193566221,193566239,193568246,193568268,1,2007
chr1,193894307,193894326,193901694,193901713,0,7368
chr1,193966689,193966707,193966695,193966732,1,0
chr1,194208203,194208221,194208042,194208061,1,-142
chr1,194422483,194422501,194423164,194423190,1,663
chr1,194695143,194695162,194685596,194685612,0,-9531
chr1,194963611,194963629,194963622,194963637,1,0
chr1,195233584,195233602,195234862,195234898,0,1260
chr10,3531659,3531677,3513068,3513082,0,-18577
chr10,3824033,3824051,3834722,3834744,0,10671
chr10,3852856,3852874,3852929,3852949,1,55
chr10,3852924,3852943,3852929,3852949,1,0
chr10,4086138,4086156,4086173,4086193,0,17
chr10,4096338,4096356,4096491,4096517,0,135
chr10,4124251,4124270,4125048,4125067,0,778
chr10,4242334,4242352,4244038,4244069,1,1686
chr10,4510509,4510528,4502338,4502357,1,-8152
chr10,4518163,4518181,4519723,4519739,0,1542
chr10,4545835,4545854,4545840,4545864,1,0
chr10,4729398,4729417,4717217,4717236,1,-12162
chr10,5001200,5001218,4994246,4994265,0,-6935
chr10,5008813,5008831,4994246,4994265,0,-14548
chr10,5079058,5079076,5079228,5079244,0,152
chr10,5219802,5219821,5218059,5218103,1,-1699
chr10,5569274,5569292,5536458,5536480,1,-32794
chr10,5866140,5866158,5871139,5871155,1,4981
chr10,5871036,5871054,5871139,5871155,1,85
chr10,6934922,6934940,6935328,6935344,1,388
chr10,6969015,6969033,6969208,6969232,1,175
chr10,7060651,7060669,7062857,7062876,1,2188
chr10,7232961,7232979,7232062,7232076,0,-885
chr10,7631144,7631162,7649950,7649982,1,18788
chr10,8071543,8071562,8067198,8067222,0,-4321
chr10,8182045,8182063,8184805,8184819,0,2742
chr10,10350769,10350787,10352264,10352284,0,1477
chr10,10352271,10352290,10352264,10352284,1,0
chr10,10468939,10468957,10476562,10476577,0,7605
chr10,10714571,10714589,10701179,10701201,1,-13370
chr10,10827429,10827448,10806879,10806909,1,-20520
chr10,11049045,11049063,11039595,11039610,1,-9435
chr10,12351260,12351279,12351256,12351270,1,0
chr10,12469314,12469333,12469362,12469378,1,29
chr10,12666007,12666025,12700855,12700871,1,34830
chr10,12740214,12740232,12743938,12743954,1,3706
chr10,12755186,12755204,12754455,12754494,1,-692
chr10,13850141,13850160,13850351,13850365,1,191
chr10,14464077,14464095,14464334,14464348,1,239
chr10,14685902,14685921,14685995,14686009,1,74
chr10,16412436,16412455,16438660,16438683,1,26205
chr10,16989701,16989719,16990256,16990275,1,537
chr10,17007232,17007250,17009364,17009378,1,2114
chr10,17081120,17081139,17081109,17081125,1,0
chr10,17262727,17262745,17270425,17270439,0,7680
chr10,17579435,17579453,17579492,17579537,0,39
chr10,17584957,17584975,17580098,17580113,1,-4844
chr10,18347652,18347670,18351034,18351050,0,3364
chr10,19035924,19035942,19032671,19032690,0,-3234
chr10,19257385,19257403,19291796,19291812,1,34393
chr10,19367172,19367190,19371695,19371709,1,4505
chr10,19367265,19367283,19371695,19371709,1,4412
chr10,19875468,19875486,19859412,19859427,1,-16041
chr10,19949330,19949348,19977676,19977700,0,28328
chr10,19952086,19952104,19977676,19977700,0,25572
chr10,20018596,20018614,20022500,20022519,0,3886
chr10,20472825,20472843,20482129,20482145,1,9286
chr10,20674116,20674134,20672564,20672578,1,-1538
chr10,21090492,21090511,21091243,21091257,1,732
chr10,21091986,21092004,21091243,21091257,0,-729
chr10,21099990,21100008,21093410,21093429,0,-6561
chr10,21619326,21619344,21628751,21628771,0,9407
chr10,21636992,21637011,21628751,21628771,1,-8221
chr10,21824877,21824896,21838990,21839020,1,14094
chr10,23318849,23318867,23319025,23319040,1,158
chr10,24040401,24040419,24052124,24052143,0,11705
chr10,24224688,24224706,24235440,24235454,0,10734
chr10,24405091,24405109,24418920,24418942,1,13811
chr10,24778417,24778435,24778071,24778090,0,-327
chr10,24803483,24803502,24783939,24783954,1,-19529
chr10,25037242,25037260,25037247,25037262,1,0
chr10,25411764,25411783,25411541,25411580,1,-184
chr10,25414202,25414220,25415598,25415613,0,1378
chr10,25596970,25596989,25621249,25621287,1,24260
chr10,26537798,26537816,26537660,26537688,1,-110
chr10,26962500,26962518,26995646,26995687,1,33128
chr10,28649747,28649765,28653435,28653457,0,3670
chr10,28684473,28684492,28684441,28684463,1,-10
chr10,29281937,29281955,29281862,29281884,1,-53
chr10,29442103,29442121,29442084,29442099,1,-4
chr10,30766394,30766412,30766272,30766287,0,-107
chr10,31538838,31538856,31538550,31538570,1,-268
chr10,31540751,31540769,31538550,31538570,1,-2181
chr10,34186227,34186246,34186051,34186073,1,-154
chr10,34368240,34368259,34368446,34368471,1,187
chr10,34508053,34508071,34508736,34508751,1,665
chr10,34513251,34513269,34511283,34511297,0,-1954
chr10,37195360,37195378,37197157,37197223,1,1779
chr10,37292665,37292683,37292455,37292488,1,-177
chr10,37320212,37320231,37323517,37323531,1,3286
chr10,37842103,37842121,37842096,37842112,1,0
chr10,39228433,39228451,39228459,39228475,0,8
chr10,39574516,39574534,39574496,39574522,1,0
chr10,39810631,39810650,39831065,39831080,0,20415
chr10,40063602,40063620,40063598,40063614,1,0
chr10,40576161,40576179,40583691,40583733,0,7512
chr10,40966638,40966656,41015812,41015828,0,49156
chr10,41374507,41374525,41364516,41364530,1,-9977
chr10,41764684,41764702,41764718,41764732,0,16
chr10,42258674,42258692,42251457,42251473,0,-7201
chr10,43114771,43114789,43114794,43114816,0,5
chr10,43751017,43751035,43752270,43752289,1,1235
chr10,43957119,43957137,43964416,43964430,1,7279
chr10,44163667,44163685,44179062,44179077,1,15377
chr10,44317035,44317053,44326863,44326878,1,9810
chr10,44636180,44636198,44635528,44635560,1,-620
chr10,44698213,44698231,44698219,44698254,1,0
chr10,45121657,45121676,45129430,45129452,1,7754
chr10,45181657,45181675,45222704,45222751,1,41029
chr10,45181713,45181731,45222704,45222751,1,40973
chr10,45676918,45676936,45684927,45684946,1,7991
chr10,45684450,45684468,45684927,45684946,1,459
chr10,45860025,45860044,45859403,45859417,1,-608
chr10,51253662,51253680,51162709,51162725,1,-90937
chr10,51455856,51455875,51455884,51455927,1,9
chr10,51459137,51459156,51456055,51456071,0,-3066
chr10,51591703,51591721,51597502,51597517,1,5781
chr10,51669562,51669592,51669630,51669644,0,38
chr10,52275057,52275075,52274282,52274304,1,-753
chr10,52330833,52330851,52330781,52330804,1,-29
chr10,52359969,52359988,52360015,52360041,0,27
chr10,53142606,53142625,53150775,53150806,0,8150
chr10,53325043,53325062,53330417,53330440,1,5355
chr10,53396191,53396210,53397907,53397938,0,1697
chr10,53483022,53483041,53471473,53471497,1,-11525
chr10,53564653,53564671,53578515,53578534,1,13844
chr10,53927905,53927923,53926219,53926244,0,-1661
chr10,53940318,53940336,53939990,53940009,1,-309
chr10,53985396,53985415,53985393,53985409,1,0
chr10,56148751,56148770,56136022,56136037,0,-12714
chr10,56482452,56482471,56482279,56482314,0,-138
chr10,56485434,56485452,56485428,56485443,1,0
chr10,56840935,56840953,56840804,56840826,1,-109
chr10,57183747,57183766,57159398,57159419,1,-24328
chr10,57819071,57819090,57819402,57819416,1,312
chr10,58605078,58605096,58611163,58611179,1,6067
chr10,58878034,58878052,58863658,58863685,0,-14349
chr10,58926057,58926075,58960575,58960589,0,34500
chr10,59262255,59262274,59268979,59268999,0,6705
chr10,59459911,59459929,59463240,59463256,0,3311
chr10,60154660,60154678,60156104,60156123,0,1426
chr10,60259897,60259916,60234131,60234150,1,-25747
chr10,60434553,60434571,60459047,60459066,0,24476
chr10,60573453,60573471,60573649,60573671,0,178
chr10,60771890,60771908,60800547,60800563,1,28639
chr10,60866179,60866197,60863086,60863112,1,-3067
chr10,61537060,61537078,61537049,61537068,1,0
chr10,61621926,61621945,61621782,61621798,1,-128
chr10,61867637,61867655,61815098,61815121,1,-52516
chr10,61923056,61923074,61923062,61923084,1,0
chr10,62195072,62195090,62197684,62197719,0,2594
chr10,63929167,63929185,63973431,63973450,0,44246
chr10,64076896,64076915,64076083,64076099,1,-797
chr10,64294518,64294536,64190850,64190869,1,-103649
chr10,64294690,64294708,64190850,64190869,1,-103821
chr10,64655820,64655838,64656725,64656740,1,887
chr10,66895915,66895933,66895923,66895947,1,0
chr10,67039023,67039041,67038070,67038084,0,-939
chr10,67480987,67481005,67483515,67483541,0,2510
chr10,68025098,68025116,67950549,67950565,1,-74533
chr10,68800158,68800176,68794842,68794858,0,-5300
chr10,68934263,68934281,68930028,68930043,1,-4220
chr10,69190713,69190731,69186345,69186367,1,-4346
chr10,69962329,69962348,69962584,69962608,1,236
chr10,70064218,70064236,70064246,70064266,1,10
chr10,70064539,70064557,70064246,70064266,0,-273
chr10,70250980,70250998,70258936,70258951,0,7938
chr10,74176861,74176879,74176929,74176964,1,50
chr10,75176769,75176787,75176782,75176798,0,0
chr10,75378832,75378850,75372039,75372069,1,-6763
chr10,76569026,76569044,76542727,76542753,0,-26273
chr10,76576776,76576794,76542727,76542753,0,-34023
chr10,76934878,76934896,76934892,76934914,1,0
chr10,77144632,77144650,77169207,77169230,1,24557
chr10,77172490,77172508,77169207,77169230,0,-3260
chr10,77353479,77353497,77357215,77357234,1,3718
chr10,77497074,77497092,77495868,77495883,1,-1191
chr10,77645676,77645694,77640313,77640329,1,-5347
chr10,77651505,77651523,77651465,77651487,0,-18
chr10,77854117,77854136,77879348,77879372,1,25212
chr10,78218781,78218799,78257124,78257139,1,38325
chr10,78335179,78335197,78323056,78323075,0,-12104
chr10,78791167,78791185,78779899,78779932,0,-11235
chr10,80202084,80202103,80202085,80202099,.,0
chr10,81153306,81153324,81153319,81153337,1,0
chr10,82922693,82922712,82922710,82922729,1,0
chr10,83035032,83035050,83042890,83042910,0,7840
chr10,83058845,83058863,83056458,83056488,0,-2357
chr10,83058937,83058955,83056458,83056488,0,-2449
chr10,83068257,83068276,83069099,83069124,0,823
chr10,83081059,83081078,83080706,83080720,1,-339
chr10,83084239,83084258,83080706,83080720,1,-3519
chr10,83143365,83143384,83140794,83140810,0,-2555
chr10,83264935,83264953,83264940,83264956,1,0
chr10,83662127,83662145,83660886,83660900,0,-1227
chr10,84110752,84110770,84098930,84098944,1,-11808
chr10,84295137,84295166,84294177,84294196,0,-941
chr10,84360980,84360999,84375843,84375862,0,14844
chr10,84373627,84373646,84375843,84375862,0,2197
chr10,84425455,84425474,84424552,84424568,0,-887
chr10,84554773,84554791,84554655,84554677,0,-96
chr10,84958833,84958851,84958899,84958923,0,48
chr10,85445681,85445699,85445660,85445682,1,0
chr10,85574331,85574350,85587619,85587638,0,13269
chr10,86314934,86314952,86325581,86325603,0,10629
chr10,86424665,86424683,86424570,86424585,1,-80
chr10,87674875,87674893,87675243,87675259,1,350
chr10,88302070,88302088,88301990,88302005,1,-65
chr10,88714850,88714868,88714924,88714938,1,56
chr10,88747480,88747498,88749025,88749051,1,1527
chr10,89832542,89832560,89849915,89849931,1,17355
chr10,90431203,90431221,90356778,90356806,0,-74397
chr10,90864018,90864037,90865585,90865599,1,1548
chr10,90923683,90923701,90960476,90960498,1,36775
chr10,90953536,90953555,90960476,90960498,1,6921
chr10,91071880,91071898,91028115,91028131,0,-43749
chr10,91234830,91234849,91234950,91234969,1,101
chr10,92398229,92398247,92455291,92455307,1,57044
chr10,93111189,93111207,93095908,93095934,0,-15255
chr10,94341469,94341487,94345601,94345632,1,4114
chr10,94487272,94487290,94480675,94480707,1,-6565
chr10,94796517,94796536,94794198,94794220,1,-2297
chr10,95017131,95017149,95020852,95020868,1,3703
chr10,95022510,95022528,95021077,95021093,0,-1417
chr10,95022580,95022598,95021077,95021093,0,-1487
chr10,95652296,95652314,95659724,95659744,1,7410
chr10,95726136,95726154,95722004,95722020,0,-4116
chr10,96094123,96094142,96104955,96104971,0,10813
chr10,96104323,96104341,96104955,96104971,0,614
chr10,96104605,96104623,96104955,96104971,0,332
chr10,96108060,96108079,96105412,96105450,0,-2610
chr10,96309971,96309989,96305784,96305800,0,-4171
chr10,96753602,96753620,96753610,96753638,1,0
chr10,96873327,96873346,96873272,96873304,1,-23
chr10,96873390,96873408,96873272,96873304,1,-86
chr10,97210254,97210273,97201979,97202001,1,-8253
chr10,98983094,98983112,98984356,98984390,1,1244
chr10,99428312,99428330,99428611,99428651,0,281
chr10,99713290,99713308,99711849,99711881,1,-1409
chr10,99774893,99774911,99774787,99774815,1,-78
chr10,100148349,100148367,100156026,100156056,1,7659
chr10,100601203,100601221,100604530,100604562,1,3309
chr10,100607749,100607767,100604530,100604562,0,-3187
chr10,102355465,102355484,102355344,102355364,1,-101
chr10,103450873,103450891,103427799,103427851,0,-23022
chr10,104881699,104881717,104881703,104881719,1,0
chr10,104945426,104945444,104947426,104947440,0,1982
chr10,105165582,105165600,105165588,105165633,1,0
chr10,105291696,105291714,105307679,105307693,1,15965
chr10,105338322,105338340,105313183,105313198,1,-25124
chr10,105499322,105499341,105499347,105499368,0,6
chr10,105532867,105532885,105532971,105532995,0,86
chr10,105532987,105533005,105532971,105532995,1,0
chr10,105548091,105548109,105544780,105544796,0,-3295
chr10,105597430,105597449,105607947,105607963,0,10498
chr10,107613492,107613510,107613505,107613525,1,0
chr10,107952762,107952781,107949983,107949999,0,-2763
chr10,108178719,108178737,108178711,108178726,1,0
chr10,108265327,108265346,108253546,108253589,1,-11738
chr10,108557847,108557866,108557871,108557907,1,5
chr10,110086225,110086244,110085408,110085430,0,-795
chr10,110946970,110946988,110946062,110946084,0,-886
chr10,111079206,111079224,111079178,111079198,0,-8
chr10,111083571,111083589,111079178,111079198,0,-4373
chr10,111119995,111120013,111119721,111119737,0,-258
chr10,111189420,111189438,111185313,111185333,1,-4087
chr10,111719910,111719928,111715334,111715348,0,-4562
chr10,111935563,111935581,111935388,111935410,1,-153
chr10,112272286,112272304,112270942,112270973,1,-1313
chr10,112278245,112278264,112278139,112278153,1,-92
chr10,115064034,115064052,115060888,115060916,1,-3118
chr10,115465914,115465932,115465886,115465901,0,-13
chr10,116074803,116074822,116074878,116074900,0,56
chr10,116149049,116149068,116152117,116152132,0,3049
chr10,116260699,116260717,116261020,116261036,1,303
chr10,116266590,116266608,116266577,116266601,1,0
chr10,116543621,116543639,116543603,116543618,1,-3
chr10,117365103,117365121,117338252,117338287,0,-26816
chr10,117571126,117571144,117591904,117591926,0,20760
chr10,117590283,117590302,117591904,117591926,0,1602
chr10,117883597,117883615,117883611,117883644,1,0
chr10,118525330,118525348,118525321,118525336,1,0
chr10,118990658,118990676,118993603,118993622,0,2927
chr10,119926098,119926116,119932889,119932903,1,6773
chr10,120647246,120647264,120646923,120646939,0,-307
chr10,121124788,121124807,121096309,121096348,1,-28440
chr10,121394888,121394906,121405357,121405382,1,10451
chr10,121564625,121564643,121556762,121556777,1,-7848
chr10,121830080,121830099,121833734,121833748,0,3635
chr10,122254074,122254092,122254117,122254139,0,25
chr10,122522229,122522248,122522476,122522500,1,228
chr10,122702164,122702183,122702169,122702197,1,0
chr10,122877057,122877075,122898013,122898033,1,20938
chr10,123155256,123155274,123153779,123153795,0,-1461
chr10,123360724,123360742,123362537,123362561,0,1795
chr10,123984999,123985017,124083085,124083108,1,98068
chr10,125383455,125383473,125383294,125383316,0,-139
chr10,126057110,126057128,126066992,126067006,1,9864
chr10,126816117,126816135,126813453,126813475,1,-2642
chr10,127464750,127464768,127457621,127457646,1,-7104
chr10,127561361,127561379,127561412,127561433,1,33
chr10,127586490,127586508,127586358,127586392,0,-98
chr10,128154259,128154277,128152838,128152854,0,-1405
chr11,3241413,3241431,3241383,3241423,1,0
chr11,3469815,3469834,3469808,3469824,1,0
chr11,3568286,3568304,3557973,3557988,1,-10298
chr11,4455418,4455436,4458575,4458605,1,3139
chr11,5730066,5730084,5802875,5802894,1,72791
chr11,5949502,5949520,6029835,6029868,1,80315
chr11,6666284,6666302,6666709,6666754,1,407
chr11,7237929,7237947,7237901,7237915,1,-14
chr11,8456662,8456681,8456811,8456827,0,130
chr11,8604938,8604956,8604906,8604925,0,-13
chr11,8609183,8609201,8604906,8604925,0,-4258
chr11,8615555,8615574,8615683,8615702,0,109
chr11,8759837,8759855,8762351,8762367,0,2496
chr11,8771838,8771856,8771786,8771802,1,-36
chr11,9435817,9435835,9435672,9435691,0,-126
chr11,9577656,9577675,9589138,9589152,0,11463
chr11,10149140,10149158,10149715,10149743,1,557
chr11,10202821,10202839,10202824,10202852,1,0
chr11,10756263,10756281,10775905,10775925,0,19624
chr11,11014640,11014658,10978418,10978432,0,-36208
chr11,11239637,11239656,11238135,11238154,0,-1483
chr11,12048820,12048838,12048706,12048725,1,-95
chr11,12358957,12358975,12355525,12355547,0,-3410
chr11,12373633,12373651,12367415,12367442,0,-6191
chr11,13523929,13523948,13523822,13523836,1,-93
chr11,16854560,16854578,16858824,16858846,0,4246
chr11,16937610,16937628,16914118,16914147,1,-23463
chr11,16986793,16986811,16986943,16986962,1,132
chr11,17008092,17008111,17007849,17007864,0,-228
chr11,17019248,17019266,17019259,17019284,1,0
chr11,17122889,17122908,17083201,17083216,0,-39673
chr11,17852626,17852644,17859616,17859638,1,6972
chr11,18584833,18584851,18635702,18635722,1,50851
chr11,18681740,18681758,18635702,18635722,0,-46018
chr11,18745862,18745880,18747511,18747533,0,1631
chr11,19300766,19300784,19302529,19302545,1,1745
chr11,19632486,19632505,19634041,19634056,1,1536
chr11,19671374,19671392,19679069,19679083,1,7677
chr11,19747733,19747751,19747738,19747761,1,0
chr11,19935871,19935890,19935830,19935846,0,-25
chr11,19951030,19951049,19943872,19943897,0,-7133
chr11,20234522,20234540,20263138,20263160,1,28598
chr11,20270160,20270178,20263706,20263722,0,-6438
chr11,20691102,20691121,20684723,20684738,1,-6364
chr11,20777931,20777949,20777977,20777993,0,28
chr11,20847674,20847692,20810454,20810470,1,-37204
chr11,20847839,20847858,20810454,20810470,1,-37369
chr11,21734074,21734092,21734057,21734079,1,0
chr11,22080288,22080306,22080291,22080305,.,0
chr11,22080419,22080438,22080465,22080480,1,27
chr11,22477080,22477098,22476980,22477025,1,-55
chr11,22633101,22633119,22637052,22637072,1,3933
chr11,22760780,22760798,22756584,22756606,0,-4174
chr11,22777652,22777670,22777608,22777631,1,-21
chr11,23467157,23467176,23469776,23469824,1,2600
chr11,23984441,23984459,23987886,23987902,1,3427
chr11,24034292,24034321,24034277,24034297,1,0
chr11,24152323,24152341,24154239,24154253,1,1898
chr11,24202412,24202431,24202563,24202594,1,132
chr11,24277216,24277235,24277225,24277284,1,0
chr11,24421717,24421735,24423577,24423618,1,1842
chr11,26332622,26332641,26331351,26331367,1,-1255
chr11,26453110,26453128,26452859,26452873,0,-237
chr11,26962757,26962775,26962877,26962896,0,102
chr11,27106035,27106053,27102043,27102058,0,-3977
chr11,27237322,27237340,27237326,27237344,1,0
chr11,27264300,27264318,27264442,27264458,1,124
chr11,29883146,29883165,29879123,29879165,0,-3981
chr11,30264754,30264773,30264670,30264686,0,-68
chr11,31367002,31367021,31375590,31375610,0,8569
chr11,31628896,31628914,31627851,31627867,0,-1029
chr11,32864798,32864817,32889504,32889526,1,24687
chr11,33292293,33292311,33294127,33294142,1,1816
chr11,33587441,33587459,33587235,33587251,1,-190
chr11,34493114,34493132,34491981,34491997,0,-1117
chr11,34722655,34722673,34694956,34694975,0,-27680
chr11,34868835,34868853,34868708,34868724,0,-111
chr11,35090979,35090997,35087768,35087782,0,-3197
chr11,35232562,35232580,35231924,35231946,1,-616
chr11,35639541,35639560,35621332,35621351,0,-18190
chr11,35661266,35661284,35621332,35621351,0,-39915
chr11,35784723,35784741,35789033,35789052,1,4292
chr11,35905441,35905459,35919099,35919115,0,13640
chr11,35934191,35934209,35944719,35944741,1,10510
chr11,37432468,37432486,37432582,37432604,1,96
chr11,37807023,37807041,37678885,37678907,0,-128116
chr11,38167900,38167919,38167696,38167716,0,-184
chr11,39616006,39616024,39663926,39663940,0,47902
chr11,40443442,40443460,40443355,40443370,0,-72
chr11,43062428,43062447,43062608,43062622,0,161
chr11,43642894,43642912,43645569,43645617,1,2657
chr11,44105233,44105251,44084508,44084540,0,-20693
chr11,44139967,44139985,44139313,44139327,1,-640
chr11,44348388,44348406,44340663,44340677,1,-7711
chr11,44743457,44743475,44740916,44740932,0,-2525
chr11,44772615,44772633,44758335,44758363,1,-14252
chr11,44838694,44838712,44833621,44833635,1,-5059
chr11,44924129,44924147,44906752,44906768,1,-17361
chr11,45330169,45330188,45317255,45317277,1,-12892
chr11,45698332,45698351,45698329,45698345,1,0
chr11,47005629,47005647,47025346,47025361,0,19699
chr11,47364838,47364856,47309867,47309883,0,-54955
chr11,47474029,47474047,47460275,47460291,1,-13738
chr11,50509250,50509268,50509233,50509248,1,-2
chr11,50662045,50662063,50642769,50642785,1,-19260
chr11,50892598,50892617,50931922,50931941,1,39305
chr11,51465533,51465551,51485052,51485072,1,19501
chr11,51485214,51485232,51485052,51485072,0,-142
chr11,51885146,51885164,51885078,51885125,0,-21
chr11,51917973,51917992,51917979,51918009,1,0
chr11,53658276,53658294,53658284,53658313,1,0
chr11,53659319,53659337,53659542,53659566,1,205
chr11,54002855,54002873,54002818,54002837,0,-18
chr11,54424919,54424937,54416468,54416483,1,-8436
chr11,55185826,55185844,55185818,55185838,1,0
chr11,55223263,55223281,55221542,55221556,1,-1707
chr11,55503906,55503925,55417978,55417992,0,-85914
chr11,58043120,58043138,58030085,58030112,1,-13008
chr11,59014831,59014849,59064685,59064700,1,49836
chr11,59639202,59639221,59596352,59596366,1,-42836
chr11,59920507,59920526,59920565,59920588,1,39
chr11,60965484,60965503,60960350,60960364,0,-5120
chr11,61078049,61078067,61077936,61077951,0,-98
chr11,61092944,61092973,61091736,61091750,1,-1194
chr11,61109216,61109234,61091736,61091750,1,-17466
chr11,61164207,61164225,61161114,61161150,0,-3057
chr11,61735374,61735392,61735379,61735415,1,0
chr11,61989917,61989935,61989855,61989871,1,-46
chr11,62038968,62038986,62038960,62038986,1,0
chr11,62810602,62810620,62812252,62812267,0,1632
chr11,63058622,63058640,63053094,63053108,1,-5514
chr11,64016670,64016688,64013396,64013423,0,-3247
chr11,64016745,64016763,64013396,64013423,0,-3322
chr11,64396785,64396804,64434641,64434686,1,37837
chr11,64442278,64442296,64434641,64434686,0,-7592
chr11,64481572,64481590,64496709,64496772,1,15119
chr11,64957430,64957448,64957408,64957422,1,-8
chr11,65144317,65144335,65146718,65146774,1,2383
chr11,66108578,66108597,66089299,66089323,1,-19255
chr11,67091893,67091912,67100407,67100421,0,8495
chr11,67492815,67492834,67491706,67491722,1,-1093
chr11,67578706,67578724,67576646,67576661,1,-2045
chr11,67586529,67586547,67588509,67588525,1,1962
chr11,68008833,68008869,68012559,68012581,0,3690
chr11,68229454,68229473,68251318,68251341,1,21845
chr11,68520146,68520165,68514130,68514156,1,-5990
chr11,68557232,68557251,68559752,68559790,1,2501
chr11,68559737,68559756,68559752,68559790,1,0
chr11,68589530,68589548,68589490,68589521,0,-9
chr11,70342843,70342861,70343750,70343766,0,889
chr11,70786079,70786097,70786090,70786104,1,0
chr11,70791184,70791220,70792473,70792489,1,1253
chr11,70865880,70865898,70865893,70865907,1,0
chr11,70891807,70891825,70891862,70891881,0,37
chr11,70907835,70907853,70901142,70901165,1,-6670
chr11,71145252,71145270,71145746,71145767,0,476
chr11,72130270,72130288,72130236,72130258,1,-12
chr11,72149077,72149095,72149047,72149082,1,0
chr11,72267475,72267494,72301349,72301363,1,33855
chr11,72393480,72393498,72361974,72361993,0,-31487
chr11,72409688,72409706,72361974,72361993,0,-47695
chr11,72587617,72587635,72587576,72587630,1,0
chr11,72734973,72734991,72739512,72739528,0,4521
chr11,72735181,72735200,72739512,72739528,0,4312
chr11,74384967,74384985,74371767,74371783,0,-13184
chr11,74664843,74664861,74663132,74663154,1,-1689
chr11,75033196,75033214,75033093,75033115,0,-81
chr11,75092992,75093010,75092063,75092087,1,-905
chr11,75360295,75360313,75368113,75368148,0,7800
chr11,75903824,75903842,75896910,75896932,0,-6892
chr11,76106665,76106683,76110447,76110489,0,3764
chr11,76435317,76435336,76375037,76375061,1,-60256
chr11,76613121,76613140,76611020,76611042,0,-2079
chr11,76705687,76705705,76700603,76700623,1,-5064
chr11,76924170,76924188,76924855,76924874,1,667
chr11,77028895,77028913,77028295,77028317,1,-578
chr11,77148191,77148210,77148178,77148203,1,0
chr11,77915086,77915105,78001789,78001805,1,86684
chr11,79100953,79100971,79094853,79094869,1,-6084
chr11,79237491,79237509,79237626,79237646,0,117
chr11,79832006,79832024,79822070,79822101,0,-9905
chr11,80700876,80700894,80695097,80695119,1,-5757
chr11,81534985,81535003,81534774,81534796,1,-189
chr11,81796850,81796868,81806443,81806465,0,9575
chr11,82088115,82088134,82088121,82088141,1,0
chr11,82525120,82525138,82541937,82541951,1,16799
chr11,82857180,82857199,82857356,82857399,1,157
chr11,83371551,83371569,83357664,83357680,0,-13871
chr11,83569407,83569425,83571454,83571478,1,2029
chr11,83587388,83587406,83583515,83583531,1,-3857
chr11,83743347,83743365,83743287,83743309,1,-38
chr11,83849168,83849187,83852370,83852396,0,3183
chr11,83871964,83871982,83870106,83870122,0,-1842
chr11,83975149,83975167,84013810,84013844,0,38643
chr11,85172137,85172155,85172077,85172091,1,-46
chr11,85250590,85250608,85249441,85249457,0,-1133
chr11,86381529,86381548,86384310,86384325,0,2762
chr11,86429183,86429201,86430578,86430600,0,1377
chr11,88790048,88790067,88793840,88793864,0,3773
chr11,88791872,88791890,88793840,88793864,0,1950
chr11,89106072,89106090,89106123,89106142,0,33
chr11,89766354,89766372,89766327,89766366,1,0
chr11,90275437,90275455,90282085,90282101,0,6630
chr11,90873896,90873915,90857709,90857728,1,-16168
chr11,93517232,93517250,93531668,93531687,0,14418
chr11,93813005,93813023,93809953,93809975,1,-3030
chr11,94356517,94356535,94356099,94356162,1,-355
chr11,94866288,94866307,94866278,94866300,1,0
chr11,95288654,95288672,95288643,95288665,1,0
chr11,95345369,95345387,95336806,95336828,0,-8541
chr11,96271195,96271213,96277366,96277407,0,6153
chr11,97462807,97462826,97454090,97454106,1,-8701
chr11,97468756,97468774,97480182,97480221,0,11408
chr11,98922346,98922364,98924312,98924334,1,1948
chr11,99364687,99364705,99364779,99364801,1,74
chr11,100006854,100006872,100006879,100006895,1,7
chr11,100118787,100118806,100153881,100153900,0,35075
chr11,100655833,100655851,100655852,100655892,1,1
chr11,100684203,100684222,100692617,100692636,0,8395
chr11,100906124,100906142,100905066,100905091,0,-1033
chr11,101052344,101052362,101047792,101047806,1,-4538
chr11,101265356,101265374,101199830,101199846,1,-65510
chr11,101372948,101372966,101362667,101362689,0,-10259
chr11,101376320,101376338,101386839,101386857,1,10501
chr11,101479206,101479225,101386839,101386857,0,-92349
chr11,101770008,101770027,101759807,101759823,1,-10185
chr11,101944895,101944913,101953691,101953705,0,8778
chr11,102015514,102015533,102027761,102027776,1,12228
chr11,102514880,102514898,102525122,102525138,1,10224
chr11,103953088,103953106,103946099,103946115,1,-6973
chr11,104029998,104030016,104028479,104028519,1,-1479
chr11,104311903,104311921,104316042,104316056,0,4121
chr11,105388751,105388769,105424448,105424505,1,35679
chr11,105404538,105404556,105424448,105424505,1,19892
chr11,105464739,105464757,105467344,105467363,1,2587
chr11,105830750,105830768,105830854,105830882,1,86
chr11,105879385,105879403,105890617,105890652,0,11214
chr11,105964873,105964892,105966593,105966626,1,1701
chr11,106352057,106352076,106339599,106339615,1,-12442
chr11,106374323,106374341,106371594,106371622,0,-2701
chr11,106815524,106815542,106820040,106820056,1,4498
chr11,106885078,106885097,106893224,106893246,1,8127
chr11,108204450,108204469,108198102,108198131,0,-6319
chr11,108301607,108301625,108302066,108302092,0,441
chr11,108752566,108752585,108752390,108752406,1,-160
chr11,108823018,108823036,108846226,108846272,0,23190
chr11,108858150,108858168,108846226,108846272,1,-11878
chr11,109720793,109720811,109720724,109720742,0,-51
chr11,110160652,110160671,110161757,110161781,0,1086
chr11,110379466,110379485,110379585,110379607,0,100
chr11,110437479,110437498,110440132,110440152,1,2634
chr11,110440176,110440194,110440132,110440152,0,-24
chr11,110499105,110499123,110498985,110499000,1,-105
chr11,111532631,111532649,111532701,111532715,0,52
chr11,112988722,112988740,112979925,112979939,1,-8783
chr11,113108429,113108447,113108613,113108629,1,166
chr11,113236731,113236749,113236739,113236761,1,0
chr11,113508503,113508521,113507912,113507926,0,-577
chr11,113595931,113595950,113579929,113579943,1,-15988
chr11,113709914,113709932,113715205,113715219,0,5273
chr11,113856456,113856474,113863683,113863707,1,7209
chr11,113960815,113960833,113923245,113923259,1,-37556
chr11,114233759,114233777,114244754,114244776,0,10977
chr11,114238648,114238666,114244754,114244776,0,6088
chr11,114345922,114345940,114351005,114351024,1,5065
chr11,114892530,114892548,114892487,114892503,1,-27
chr11,114916692,114916711,114916781,114916803,1,70
chr11,116460370,116460388,116467398,116467413,1,7010
chr11,116724450,116724468,116738696,116738718,0,14228
chr11,117145875,117145893,117145818,117145867,1,-8
chr11,117146215,117146233,117145818,117145867,1,-348
chr11,118551395,118551413,118609313,118609329,0,57900
chr11,119527499,119527518,119527519,119527538,1,1
chr11,119629421,119629439,119629155,119629170,1,-251
chr11,121278193,121278211,121278221,121278237,0,10
chr11,121480047,121480066,121480346,121480383,0,280
chr12,3209461,3209480,3220999,3221014,0,11519
chr12,3671064,3671082,3671056,3671076,1,0
chr12,4279841,4279859,4279726,4279741,1,-100
chr12,4461400,4461418,4461401,4461438,1,0
chr12,4495977,4495995,4488498,4488518,0,-7459
chr12,4856261,4856280,4856253,4856273,1,0
chr12,5162968,5162986,5162975,5162990,1,0
chr12,5301834,5301852,5265120,5265164,0,-36670
chr12,5345375,5345393,5395512,5395526,0,50119
chr12,7995422,7995441,8011769,8011784,1,16328
chr12,8270242,8270261,8264452,8264471,0,-5771
chr12,8433020,8433038,8425886,8425932,0,-7088
chr12,8942509,8942528,8942501,8942520,1,0
chr12,9040844,9040863,8990868,8990899,0,-49945
chr12,10491662,10491681,10491484,10491498,1,-164
chr12,10524520,10524538,10524503,10524525,1,0
chr12,11200817,11200836,11206605,11206621,1,5769
chr12,11349720,11349738,11346182,11346204,1,-3516
chr12,12176811,12176830,12173229,12173248,1,-3563
chr12,12231873,12231891,12231673,12231710,0,-163
chr12,12486456,12486474,12486501,12486515,1,27
chr12,12601431,12601449,12610958,12610972,1,9509
chr12,12674754,12674772,12666342,12666361,0,-8393
chr12,12721543,12721561,12708820,12708836,0,-12707
chr12,13007408,13007426,13044434,13044498,1,37008
chr12,13081233,13081251,13073338,13073352,1,-7881
chr12,14253433,14253451,14253303,14253319,1,-114
chr12,14302798,14302816,14349430,14349450,1,46614
chr12,15639637,15639655,15643116,15643130,0,3461
chr12,15656658,15656677,15657603,15657619,0,926
chr12,15929471,15929489,15930299,15930313,1,810
chr12,16216802,16216820,16219480,16219494,1,2660
chr12,17311239,17311258,17325217,17325237,1,13959
chr12,17577496,17577514,17572804,17572819,0,-4677
chr12,17679805,17679823,17677822,17677863,1,-1942
chr12,17699142,17699160,17702704,17702730,1,3544
chr12,17763069,17763087,17763055,17763079,1,0
chr12,17944911,17944929,17944900,17944916,1,0
chr12,21357457,21357475,21357470,21357486,1,0
chr12,21480366,21480384,21480450,21480476,0,66
chr12,24856194,24856212,24867096,24867110,0,10884
chr12,24873072,24873090,24867096,24867110,1,-5962
chr12,25203557,25203575,25206191,25206210,0,2616
chr12,25413935,25413953,25413945,25413960,1,0
chr12,25648913,25648932,25625822,25625841,1,-23072
chr12,25765280,25765298,25784598,25784625,0,19300
chr12,26172088,26172107,26145431,26145453,0,-26635
chr12,26235719,26235737,26231617,26231639,1,-4080
chr12,26348785,26348803,26348773,26348791,1,0
chr12,27724888,27724906,27501150,27501164,1,-223724
chr12,28595079,28595098,28608136,28608150,0,13038
chr12,29257891,29257909,29186692,29186708,1,-71183
chr12,29703463,29703481,29701707,29701726,0,-1737
chr12,29708387,29708405,29713032,29713062,0,4627
chr12,29917439,29917457,29926947,29926990,1,9490
chr12,30308796,30308814,30308797,30308812,.,0
chr12,30555612,30555630,30557888,30557909,1,2258
chr12,30949254,30949273,30949318,30949401,0,45
chr12,32306288,32306306,32306263,32306277,1,-11
chr12,32403763,32403781,32403768,32403794,1,0
chr12,32633250,32633268,32633237,32633256,1,0
chr12,32724523,32724541,32724532,32724548,1,0
chr12,32863662,32863681,32857113,32857135,1,-6527
chr12,33111627,33111645,33102449,33102469,0,-9158
chr12,34218983,34219001,34220427,34220441,0,1426
chr12,34221571,34221589,34220427,34220441,1,-1130
chr12,34455911,34455930,34455903,34455922,1,0
chr12,34500842,34500861,34500803,34500825,1,-17
chr12,34591852,34591870,34594060,34594079,1,2190
chr12,34679241,34679259,34677208,34677224,1,-2017
chr12,34777116,34777134,34778759,34778774,1,1625
chr12,35338464,35338482,35338334,35338350,1,-114
chr12,35655893,35655912,35672567,35672583,0,16655
chr12,35684813,35684832,35684752,35684767,1,-46
chr12,36053806,36053825,36054287,36054301,1,462
chr12,36119841,36119859,36119784,36119803,0,-38
chr12,36470080,36470098,36468625,36468640,0,-1440
chr12,36678231,36678250,36674800,36674842,1,-3389
chr12,36937358,36937376,36937418,36937440,0,42
chr12,36949141,36949160,36937418,36937440,1,-11701
chr12,37142109,37142127,37153992,37154043,1,11865
chr12,38812524,38812543,38805271,38805290,1,-7234
chr12,38847738,38847756,38844082,38844104,0,-3634
chr12,39034213,39034231,39038966,39038999,0,4735
chr12,39998181,39998199,39998366,39998401,0,167
chr12,40522815,40522833,40522648,40522667,1,-148
chr12,40691756,40691774,40691764,40691784,1,0
chr12,40818481,40818499,40815240,40815262,0,-3219
chr12,41061308,41061326,41057158,41057174,1,-4134
chr12,41796073,41796091,41796416,41796436,0,325
chr12,44006885,44006903,44072408,44072424,0,65505
chr12,44281640,44281659,44281627,44281650,1,0
chr12,44371222,44371240,44371688,44371707,1,448
chr12,44922784,44922802,44922775,44922808,0,0
chr12,45080901,45080919,45080826,45080840,1,-61
chr12,51429286,51429305,51429124,51429144,0,-142
chr12,51709241,51709259,51709339,51709366,1,80
chr12,51718866,51718884,51709339,51709366,0,-9500
chr12,51729292,51729310,51729328,51729342,1,18
chr12,51757615,51757633,51759911,51759930,0,2278
chr12,51926238,51926257,51982891,51982907,0,56634
chr12,52328861,52328880,52328132,52328173,1,-688
chr12,52702381,52702399,52701437,52701459,1,-922
chr12,52764895,52764914,52737459,52737478,1,-27417
chr12,52854465,52854483,52850628,52850657,1,-3808
chr12,53471898,53471916,53463325,53463339,1,-8559
chr12,53484932,53484951,53463325,53463339,1,-21593
chr12,53732386,53732404,53759502,53759518,0,27098
chr12,53973481,53973499,53987165,53987212,1,13666
chr12,53992500,53992518,53992468,53992514,1,0
chr12,54404389,54404407,54404327,54404342,0,-47
chr12,55552616,55552635,55553054,55553070,1,419
chr12,55784502,55784520,55784421,55784435,0,-67
chr12,55800231,55800249,55799775,55799797,0,-434
chr12,56624353,56624371,56594310,56594325,1,-30028
chr12,56835856,56835874,56928136,56928150,1,92262
chr12,57285904,57285922,57281540,57281556,1,-4348
chr12,57898154,57898173,57904731,57904747,1,6558
chr12,57979180,57979199,57973141,57973160,1,-6020
chr12,58092502,58092520,58092412,58092438,0,-64
chr12,58208185,58208203,58214833,58214857,0,6630
chr12,58590608,58590627,58590114,58590130,0,-478
chr12,59250615,59250633,59286932,59286954,0,36299
chr12,61843910,61843929,61843922,61843944,1,0
chr12,68980444,68980462,68981309,68981331,1,847
chr12,69951382,69951401,69951212,69951228,1,-154
chr12,69957485,69957503,69951212,69951228,1,-6257
chr12,69963388,69963406,69973962,69973981,1,10556
chr12,70221677,70221695,70221881,70221901,1,186
chr12,70331357,70331375,70306863,70306885,1,-24472
chr12,70616598,70616616,70589554,70589568,1,-27030
chr12,70880171,70880189,70882145,70882160,0,1956
chr12,71274763,71274781,71274776,71274792,1,0
chr12,71807495,71807514,71847690,71847709,1,40176
chr12,71855763,71855782,71856242,71856259,0,460
chr12,71908507,71908525,71912667,71912681,1,4142
chr12,71912112,71912130,71912667,71912681,1,537
chr12,72267824,72267842,72267884,72267900,1,42
chr12,72327431,72327449,72324406,72324424,1,-3007
chr12,72327811,72327829,72324406,72324424,1,-3387
chr12,73370549,73370568,73359780,73359806,1,-10743
chr12,73732399,73732417,73757360,73757408,0,24943
chr12,73793985,73794003,73793990,73794006,1,0
chr12,73814380,73814399,73817670,73817684,0,3271
chr12,74410662,74410680,74317013,74317041,0,-93621
chr12,75413637,75413655,75413653,75413667,0,0
chr12,75532806,75532824,75532687,75532701,0,-105
chr12,75709498,75709516,75709504,75709541,1,0
chr12,75995333,75995351,75995247,75995288,1,-45
chr12,76072110,76072128,76072954,76072968,0,826
chr12,76307026,76307044,76293278,76293294,0,-13732
chr12,76307082,76307100,76293278,76293294,0,-13788
chr12,77451099,77451117,77416697,77416728,1,-34371
chr12,77594406,77594425,77624478,77624493,1,30053
chr12,78138329,78138347,78138172,78138191,0,-138
chr12,78947413,78947432,78954318,78954340,1,6886
chr12,79253379,79253398,79249930,79249964,1,-3415
chr12,79522803,79522821,79522741,79522761,1,-42
chr12,79579554,79579572,79580042,79580064,1,470
chr12,79905388,79905406,79898628,79898647,0,-6741
chr12,80992069,80992087,80982474,80982490,0,-9579
chr12,81760217,81760235,81760600,81760622,1,365
chr12,81776258,81776276,81777965,81777987,1,1689
chr12,81929124,81929142,81920871,81920912,1,-8212
chr12,82111162,82111180,82117839,82117861,1,6659
chr12,82130280,82130298,82130099,82130118,0,-162
chr12,82304114,82304132,82304076,82304095,1,-19
chr12,82339649,82339668,82374141,82374155,1,34473
chr12,82752689,82752707,82747411,82747427,1,-5262
chr12,83072406,83072424,83060877,83060893,0,-11513
chr12,83709006,83709024,83708921,83708936,1,-70
chr12,83846630,83846648,83846440,83846478,0,-152
chr12,83849132,83849150,83849133,83849148,.,0
chr12,84818332,84818351,84829922,84829942,0,11571
chr12,84833613,84833631,84833578,84833624,1,0
chr12,84845943,84845961,84846743,84846769,0,782
chr12,84858952,84858970,84865006,84865022,1,6036
chr12,84927520,84927538,84920827,84920849,0,-6671
chr12,85047634,85047652,85051221,85051247,1,3569
chr12,85518325,85518343,85514834,85514849,1,-3476
chr12,85992937,85992955,85992112,85992128,1,-809
chr12,86144443,86144462,86145547,86145571,1,1085
chr12,86775674,86775692,86779922,86779938,0,4230
chr12,86972648,86972666,86976003,86976019,0,3337
chr12,87220024,87220042,87220157,87220179,0,115
chr12,88487560,88487578,88484461,88484477,1,-3083
chr12,89993490,89993509,89993442,89993461,0,-29
chr12,90060177,90060196,89994068,89994090,0,-66087
chr12,91009047,91009066,91009050,91009064,.,0
chr12,91646634,91646652,91640703,91640731,0,-5903
chr12,91834009,91834027,91813095,91813120,1,-20889
chr12,91960936,91960954,91961147,91961161,1,193
chr12,92459892,92459911,92457895,92457911,1,-1981
chr12,92773017,92773035,92772939,92772954,1,-63
chr12,92823281,92823299,92818954,92818988,0,-4293
chr12,92996655,92996674,92980925,92980941,0,-15714
chr12,93537818,93537836,93537780,93537799,0,-19
chr12,94138045,94138064,94138092,94138108,1,28
chr12,95547464,95547483,95538889,95538921,0,-8543
chr12,95760850,95760868,95747095,95747111,1,-13739
chr12,98615911,98615929,98619602,98619616,1,3673
chr12,98884201,98884219,98884173,98884197,0,-4
chr12,98932062,98932080,98931902,98931941,0,-121
chr12,99187892,99187910,99190391,99190405,1,2481
chr12,99226714,99226732,99214766,99214782,0,-11932
chr12,99260597,99260615,99260519,99260533,0,-64
chr12,99288054,99288072,99288410,99288434,0,338
chr12,99299988,99300006,99306564,99306593,1,6558
chr12,99431092,99431111,99431101,99431125,1,0
chr12,99964240,99964258,99973725,99973746,0,9467
chr12,100353753,100353771,100353743,100353765,1,0
chr12,102051686,102051704,102051664,102051684,1,-2
chr12,102112639,102112657,102134249,102134265,1,21592
chr12,102152883,102152901,102152524,102152548,0,-335
chr12,102210788,102210806,102212935,102212950,0,2129
chr12,102219697,102219716,102218003,102218022,1,-1675
chr12,102315542,102315561,102319579,102319601,0,4018
chr12,102414633,102414652,102414566,102414585,0,-48
chr12,102956538,102956556,102971269,102971283,0,14713
chr12,103995981,103996000,103989175,103989191,1,-6790
chr12,104056897,104056916,104044303,104044320,1,-12577
chr12,104131203,104131221,104112930,104112956,1,-18247
chr12,104175862,104175880,104214312,104214334,1,38432
chr12,104224344,104224363,104224304,104224320,0,-24
chr12,104241628,104241646,104243190,104243206,1,1544
chr12,104273639,104273657,104260387,104260406,1,-13233
chr12,104342557,104342575,104353841,104353857,1,11266
chr12,104606226,104606244,104606227,104606242,.,0
chr12,104696031,104696049,104696127,104696146,0,78
chr12,104820646,104820665,104817545,104817564,0,-3082
chr12,104868699,104868717,104871769,104871807,0,3052
chr12,105504986,105505004,105519965,105519984,1,14961
chr12,105536635,105536653,105540369,105540401,1,3716
chr12,105555453,105555472,105562513,105562532,1,7041
chr12,105574647,105574666,105572783,105572798,1,-1849
chr12,105599910,105599928,105618857,105618881,1,18929
chr12,105810948,105810966,105804383,105804416,1,-6532
chr12,105816980,105816998,105804383,105804416,1,-12564
chr12,107902384,107902403,107859096,107859112,1,-43272
chr12,108165458,108165476,108149900,108149920,0,-15538
chr12,108496791,108496809,108494362,108494386,0,-2405
chr12,108516944,108516962,108519640,108519706,0,2678
chr12,108712903,108712922,108712762,108712776,1,-127
chr12,108857331,108857349,108857385,108857411,0,36
chr12,109034179,109034197,109022180,109022204,1,-11975
chr12,109417887,109417905,109401488,109401502,1,-16385
chr12,109425361,109425379,109401488,109401502,1,-23859
chr12,109891083,109891101,109871673,109871695,1,-19388
chr12,110196456,110196474,110183499,110183514,1,-12942
chr12,110270232,110270250,110243098,110243112,1,-27120
chr12,110294130,110294148,110332850,110332866,0,38702
chr12,110951447,110951465,110950449,110950472,0,-975
chr12,110955154,110955173,110957359,110957375,0,2186
chr12,111225169,111225187,111225240,111225262,0,53
chr12,111324793,111324812,111325131,111325145,1,319
chr12,111797506,111797524,111789051,111789090,0,-8416
chr12,111945228,111945247,111921725,111921753,1,-23475
chr12,112285162,112285181,112329491,112329510,1,44310
chr12,112746887,112746905,112537551,112537567,1,-209320
chr12,113129266,113129284,113128845,113128865,0,-401
chr12,115054894,115054912,115054919,115054941,0,7
chr12,116527945,116527963,116522525,116522539,0,-5406
chr12,116630014,116630032,116629845,116629861,0,-153
chr12,116914948,116914966,116939986,116940037,1,25020
chr12,117021056,117021074,117009694,117009713,0,-11343
chr12,117164113,117164131,117163938,117163957,1,-156
chr12,117227164,117227182,117220357,117220371,1,-6793
chr12,117241497,117241515,117241707,117241748,0,192
chr12,117282343,117282362,117282447,117282462,1,85
chr12,117306486,117306504,117306546,117306562,1,42
chr12,117673352,117673370,117678649,117678674,0,5279
chr12,117673507,117673525,117678649,117678674,0,5124
chr12,117721536,117721554,117721503,117721518,0,-18
chr12,117749601,117749619,117728830,117728856,1,-20745
chr12,118208055,118208073,118209615,118209630,0,1542
chr12,118930780,118930798,118929243,118929259,1,-1521
chr12,119006023,119006042,119004533,119004549,1,-1474
chr12,119068488,119068507,119072462,119072492,1,3955
chr12,119155509,119155527,119158200,119158216,1,2673
chr12,119276482,119276501,119276520,119276539,0,19
chr12,119403039,119403057,119411119,119411135,0,8062
chr13,3477945,3477963,3477855,3477875,1,-70
chr13,3799068,3799086,3799159,3799183,0,73
chr13,3821532,3821557,3821674,3821688,1,117
chr13,3834050,3834069,3832617,3832642,1,-1408
chr13,4665404,4665423,4665391,4665413,1,0
chr13,4753631,4753650,4756551,4756595,1,2901
chr13,5346059,5346077,5347774,5347796,1,1697
chr13,5493041,5493059,5522938,5522967,0,29879
chr13,5536726,5536744,5549240,5549254,1,12496
chr13,5622464,5622482,5622394,5622421,1,-43
chr13,5735110,5735129,5737884,5737904,1,2755
chr13,5737388,5737406,5737884,5737904,1,478
chr13,5819303,5819322,5822985,5822999,1,3663
chr13,6257485,6257503,6261594,6261608,1,4091
chr13,6261731,6261749,6261594,6261608,0,-123
chr13,6351251,6351269,6310176,6310191,0,-41060
chr13,6457145,6457164,6457131,6457152,1,0
chr13,6496349,6496367,6496354,6496370,1,0
chr13,6569280,6569298,6603339,6603355,1,34041
chr13,7197230,7197248,7297189,7297205,1,99941
chr13,8388499,8388517,8393320,8393334,1,4803
chr13,9108869,9108887,9109049,9109068,0,162
chr13,9136863,9136882,9134405,9134420,0,-2443
chr13,9173637,9173655,9174127,9174143,0,472
chr13,9336720,9336738,9340479,9340501,0,3741
chr13,9683397,9683415,9668905,9668920,1,-14477
chr13,9689729,9689748,9668905,9668920,1,-20809
chr13,9776581,9776600,9776551,9776578,1,-3
chr13,9826382,9826400,9802095,9802118,1,-24264
chr13,10275114,10275133,10274278,10274292,1,-822
chr13,10419588,10419606,10455571,10455595,1,35965
chr13,11927331,11927350,11912450,11912469,1,-14862
chr13,11937046,11937064,11912450,11912469,1,-24577
chr13,12058906,12058924,12058914,12058936,1,0
chr13,12071853,12071871,12071646,12071661,0,-192
chr13,12432518,12432536,12442233,12442247,1,9697
chr13,12673146,12673164,12635238,12635267,1,-37879
chr13,13394032,13394051,13386627,13386643,0,-7389
chr13,13487872,13487891,13491734,13491750,0,3843
chr13,13724018,13724036,13691408,13691427,1,-32591
chr13,15370516,15370534,15370521,15370549,1,0
chr13,15865031,15865049,15846211,15846225,1,-18806
chr13,16718495,16718513,16718363,16718377,0,-118
chr13,16918806,16918824,16918920,16918934,0,96
chr13,17173723,17173742,17173531,17173550,0,-173
chr13,17336592,17336610,17336598,17336620,1,0
chr13,17627628,17627646,17626637,17626659,0,-969
chr13,17670735,17670754,17673898,17673914,0,3144
chr13,17746718,17746736,17736106,17736121,0,-10597
chr13,17924993,17925011,17927856,17927882,1,2845
chr13,18530624,18530642,18515663,18515682,0,-14942
chr13,19738070,19738089,19738093,19738116,0,4
chr13,20117133,20117151,20117147,20117173,0,0
chr13,20207782,20207800,20208100,20208129,0,300
chr13,20482142,20482160,20489166,20489188,0,7006
chr13,20549604,20549622,20547152,20547174,1,-2430
chr13,21323650,21323668,21327144,21327159,1,3476
chr13,22793952,22793970,22793919,22793935,1,-17
chr13,23488942,23488960,23500210,23500232,1,11250
chr13,24126393,24126411,24113917,24113933,0,-12460
chr13,24306382,24306400,24298110,24298129,0,-8253
chr13,24306482,24306501,24298110,24298129,0,-8353
chr13,24393315,24393333,24392948,24392962,0,-353
chr13,24433731,24433749,24433677,24433693,1,-38
chr13,24661935,24661953,24662990,24663015,0,1037
chr13,24853392,24853410,24867205,24867221,0,13795
chr13,24965835,24965853,24970488,24970518,1,4635
chr13,26623388,26623407,26561571,26561590,1,-61798
chr13,27947214,27947233,27947377,27947391,0,144
chr13,28630590,28630608,28630988,28631007,1,380
chr13,28988833,28988851,29010806,29010825,0,21955
chr13,29744295,29744313,29744302,29744320,1,0
chr13,29781270,29781289,29756203,29756217,0,-25053
chr13,29957164,29957182,29936937,29936952,0,-20212
chr13,30009890,30009908,30069259,30069278,0,59351
chr13,30013293,30013312,30069259,30069278,0,55947
chr13,30619479,30619497,30619352,30619368,1,-111
chr13,31068494,31068513,31068461,31068479,1,-15
chr13,31556953,31556972,31547642,31547658,0,-9295
chr13,31940718,31940737,31948816,31948836,0,8079
chr13,32508082,32508100,32536412,32536427,0,28312
chr13,32643073,32643091,32642621,32642637,1,-436
chr13,32741366,32741384,32755610,32755639,0,14226
chr13,32841468,32841486,32850448,32850463,1,8962
chr13,32866527,32866545,32864622,32864669,0,-1858
chr13,33068328,33068346,33068251,33068280,1,-48
chr13,34062551,34062569,34063540,34063604,0,971
chr13,34119035,34119053,34114189,34114215,0,-4820
chr13,34287854,34287873,34289180,34289224,1,1307
chr13,34375612,34375631,34365366,34365382,0,-10230
chr13,34656442,34656461,34667495,34667555,0,11034
chr13,34659788,34659806,34667495,34667555,0,7689
chr13,34700208,34700227,34703620,34703636,0,3393
chr13,35085523,35085541,35085502,35085516,1,-7
chr13,35169402,35169420,35166367,35166386,0,-3016
chr13,35202535,35202553,35223886,35223901,0,21333
chr13,35269496,35269514,35273000,35273022,1,3486
chr13,35664818,35664836,35631549,35631563,0,-33255
chr13,35704678,35704696,35711869,35711883,1,7173
chr13,35994271,35994290,35989343,35989357,0,-4914
chr13,36995063,36995081,37022740,37022762,1,27659
chr13,37115179,37115197,37120020,37120035,0,4823
chr13,37120281,37120300,37120299,37120313,0,0
chr13,37121828,37121846,37120299,37120313,1,-1515
chr13,37158487,37158505,37158402,37158418,1,-69
chr13,37279337,37279355,37245955,37245977,0,-33360
chr13,37282782,37282800,37245955,37245977,0,-36805
chr13,37361457,37361475,37365778,37365800,0,4303
chr13,37446894,37446912,37474532,37474555,1,27620
chr13,37472102,37472121,37474532,37474555,1,2411
chr13,37472239,37472258,37474532,37474555,1,2274
chr13,37584636,37584654,37584627,37584647,1,0
chr13,37715113,37715132,37724843,37724859,1,9711
chr13,38010650,38010669,37941383,37941397,1,-69253
chr13,38165163,38165181,38122498,38122513,1,-42650
chr13,38565085,38565104,38554582,38554612,1,-10473
chr13,38852018,38852036,38855982,38856004,0,3946
chr13,39183646,39183664,39143783,39143797,1,-39849
chr13,39767109,39767128,39769539,39769555,0,2411
chr13,40361864,40361882,40361592,40361608,0,-256
chr13,40482123,40482141,40482120,40482134,1,0
chr13,40854253,40854271,40859883,40859901,1,5612
chr13,40939081,40939099,40939087,40939101,1,0
chr13,40940185,40940203,40939087,40939101,0,-1084
chr13,40967845,40967863,40972039,40972054,0,4176
chr13,40978058,40978076,40977477,40977517,0,-541
chr13,41179800,41179818,41179820,41179842,0,2
chr13,41515603,41515621,41519584,41519599,0,3963
chr13,41531246,41531264,41532921,41532936,0,1657
chr13,41625672,41625690,41625812,41625828,0,122
chr13,41670827,41670845,41670877,41670892,1,32
chr13,41758459,41758477,41758388,41758402,0,-57
chr13,41758718,41758736,41758388,41758402,0,-316
chr13,41851041,41851059,41849646,41849662,1,-1379
chr13,43602607,43602626,43549575,43549597,0,-53010
chr13,43667041,43667060,43695196,43695216,1,28136
chr13,43961195,43961214,43960109,43960123,1,-1072
chr13,44039233,44039251,44039356,44039380,1,105
chr13,44104464,44104483,44104472,44104486,1,0
chr13,44457540,44457558,44457126,44457155,1,-385
chr13,45416813,45416831,45416825,45416847,1,0
chr13,45637551,45637570,45633295,45633318,0,-4233
chr13,45657014,45657032,45657112,45657126,0,80
chr13,46231723,46231741,46239081,46239118,0,7340
chr13,46241985,46242004,46239081,46239118,1,-2867
chr13,46263252,46263270,46255998,46256014,1,-7238
chr13,46970465,46970483,46968878,46968893,1,-1572
chr13,47217463,47217481,47215132,47215146,1,-2317
chr13,47259569,47259587,47259557,47259573,1,0
chr13,47974884,47974903,47974893,47974913,1,0
chr13,48489436,48489454,48502676,48502711,0,13222
chr13,48582892,48582910,48582901,48582921,1,0
chr13,48686814,48686832,48668527,48668546,0,-18268
chr13,48748430,48748448,48748421,48748436,1,0
chr13,49016754,49016773,49015811,49015833,0,-921
chr13,49169593,49169611,49168858,49168877,1,-716
chr13,49628291,49628309,49613897,49613920,0,-14371
chr13,49703706,49703724,49712097,49712116,0,8373
chr13,50423893,50423912,50382796,50382818,1,-41075
chr13,51171557,51171575,51162644,51162667,1,-8890
chr13,51316477,51316495,51311941,51311960,1,-4517
chr13,51552863,51552881,51568228,51568244,1,15347
chr13,52323886,52323905,52307140,52307165,0,-16721
chr13,52398519,52398537,52407247,52407264,0,8710
chr13,52469938,52469956,52476083,52476099,0,6127
chr13,52530982,52531000,52530932,52530951,0,-31
chr13,52576091,52576109,52576134,52576153,1,25
chr13,52594059,52594078,52594910,52594925,1,832
chr13,52763138,52763156,52764882,52764898,0,1726
chr13,52777706,52777724,52778321,52778335,0,597
chr13,53057388,53057406,53057206,53057222,1,-166
chr13,53226551,53226569,53226519,53226543,0,-8
chr13,54152552,54152570,54152481,54152497,0,-55
chr13,54824271,54824289,54800504,54800526,1,-23745
chr13,54963273,54963292,54950434,54950456,1,-12817
chr13,54980302,54980321,54983244,54983258,0,2923
chr13,55029570,55029588,55041743,55041759,1,12155
chr13,55063830,55063848,55061082,55061104,0,-2726
chr13,55224634,55224652,55224747,55224762,1,95
chr13,55249091,55249110,55249426,55249442,0,316
chr13,55386236,55386254,55384669,55384684,1,-1552
chr13,55757867,55757885,55757906,55757922,1,21
chr13,55904968,55904986,55892117,55892136,0,-12832
chr13,56279519,56279537,56260110,56260138,1,-19381
chr13,56392294,56392312,56378432,56378451,1,-13843
chr13,58048295,58048313,58048321,58048376,1,8
chr13,58534745,58534763,58522183,58522199,1,-12546
chr13,58996644,58996663,58941066,58941094,1,-55550
chr13,58999282,58999300,58941066,58941094,1,-58188
chr13,59025364,59025382,58941066,58941094,1,-84270
chr13,59300488,59300506,59426558,59426584,1,126052
chr13,59444467,59444485,59434685,59434701,1,-9766
chr13,59472382,59472400,59471514,59471537,0,-845
chr13,59796712,59796731,59803214,59803236,1,6483
chr13,59875822,59875841,59888800,59888834,0,12959
chr13,60492015,60492033,60480678,60480716,0,-11299
chr13,60615301,60615319,60612483,60612499,1,-2802
chr13,60660780,60660798,60660895,60660911,1,97
chr13,62007643,62007661,62007581,62007603,0,-40
chr13,62126701,62126719,62126635,62126649,0,-52
chr13,62950469,62950487,62950052,62950074,1,-395
chr13,63186727,63186745,63199895,63199919,1,13150
chr13,63206598,63206616,63206937,63206951,0,321
chr13,63548688,63548706,63541723,63541737,1,-6951
chr13,64388619,64388638,64402614,64402628,1,13976
chr13,64408526,64408544,64408421,64408453,1,-73
chr13,69481585,69481603,69480919,69480937,1,-648
chr13,69521281,69521299,69522177,69522193,1,878
chr13,72975823,72975841,73088126,73088142,0,112285
chr13,73383883,73383902,73383712,73383728,1,-155
chr13,73445630,73445648,73447316,73447331,0,1668
chr13,73971252,73971271,73971245,73971265,1,0
chr13,74481665,74481683,74481760,74481776,1,77
chr13,74759364,74759382,74754375,74754395,0,-4969
chr13,74892775,74892793,74892745,74892767,0,-8
chr13,74958487,74958505,74970409,74970425,0,11904
chr13,74970461,74970480,74970409,74970425,1,-36
chr13,75384160,75384179,75333907,75333929,0,-50231
chr13,75733399,75733417,75734507,75734533,0,1090
chr13,75825730,75825748,75825632,75825654,1,-76
chr13,76055404,76055422,76054471,76054491,1,-913
chr13,76976542,76976560,76976016,76976038,0,-504
chr13,77049566,77049584,77049796,77049810,1,212
chr13,77177666,77177684,77171499,77171515,1,-6151
chr13,78195517,78195536,78198824,78198849,0,3288
chr13,78629564,78629583,78629342,78629364,0,-200
chr13,79927925,79927943,79918165,79918192,1,-9733
chr13,80865898,80865916,80896768,80896787,0,30852
chr13,80985916,80985935,80971737,80971759,0,-14157
chr13,81100881,81100899,81099410,81099424,0,-1457
chr13,81162580,81162598,81154102,81154118,1,-8462
chr13,81211634,81211652,81225224,81225239,0,13572
chr13,82073553,82073571,82072292,82072308,0,-1245
chr13,82945743,82945761,82945640,82945659,0,-84
chr13,83074480,83074499,83076155,83076195,1,1656
chr13,83076827,83076845,83076155,83076195,0,-632
chr13,83344719,83344738,83345022,83345038,1,284
chr13,83473858,83473886,83473850,83473865,1,0
chr13,83582862,83582881,83582900,83582914,0,19
chr13,84240400,84240418,84240516,84240535,0,98
chr13,85253167,85253185,85253159,85253175,1,0
chr13,88723099,88723118,88698538,88698569,1,-24530
chr13,88787433,88787452,88806620,88806653,1,19168
chr13,88810374,88810392,88806620,88806653,0,-3721
chr13,88823317,88823335,88823178,88823192,0,-125
chr13,89067133,89067152,89067140,89067159,1,0
chr13,89229913,89229931,89292480,89292501,0,62549
chr13,89443732,89443751,89443783,89443798,1,32
chr13,89838782,89838801,89832567,89832586,1,-6196
chr13,90643862,90643880,90643863,90643878,.,0
chr13,90949074,90949092,90949040,90949062,1,-12
chr13,91038316,91038335,91038150,91038166,0,-150
chr13,91039425,91039443,91038150,91038166,0,-1259
chr13,91169020,91169038,91170461,91170480,1,1423
chr13,91529947,91529965,91521100,91521114,1,-8833
chr13,91741255,91741273,91741819,91741833,1,546
chr13,91966583,91966601,91974306,91974320,1,7705
chr13,92030676,92030695,92029279,92029298,0,-1378
chr13,92119805,92119823,92119722,92119737,0,-68
chr13,92664923,92664941,92667182,92667206,0,2241
chr13,92863862,92863881,92863904,92863930,1,23
chr13,93450651,93450670,93450696,93450710,1,26
chr13,93995612,93995631,93993974,93993993,1,-1619
chr13,93998075,93998093,93993974,93993993,1,-4082
chr13,94098593,94098611,94093086,94093102,1,-5491
chr13,94144293,94144311,94144241,94144257,0,-36
chr13,94160176,94160194,94162659,94162691,0,2465
chr13,94225744,94225762,94221989,94222005,1,-3739
chr13,94848923,94848941,94848777,94848793,0,-130
chr13,94965282,94965301,94964859,94964873,0,-409
chr13,95037353,95037371,95019963,95019982,1,-17371
chr13,95547420,95547438,95547437,95547453,1,0
chr13,95874903,95874921,95875153,95875172,0,232
chr13,95912358,95912376,95924387,95924401,0,12011
chr13,95922137,95922155,95924387,95924401,0,2232
chr13,96113355,96113373,96124481,96124495,1,11108
chr13,96531026,96531044,96529809,96529824,1,-1202
chr13,97375784,97375802,97379359,97379415,1,3557
chr13,97504461,97504480,97506296,97506315,1,1816
chr13,97551966,97551984,97548719,97548734,1,-3232
chr13,97561152,97561170,97559846,97559860,0,-1292
chr13,97638861,97638879,97638256,97638316,0,-545
chr13,97709559,97709577,97699241,97699277,0,-10282
chr13,98041476,98041495,98027865,98027879,1,-13597
chr13,98472880,98472899,98472831,98472866,0,-14
chr13,99652144,99652163,99563093,99563109,1,-89035
chr13,99752111,99752129,99750403,99750423,0,-1688
chr13,100284245,100284264,100285419,100285435,1,1155
chr13,101029037,101029055,101062899,101062914,0,33844
chr13,101096991,101097009,101097007,101097031,1,0
chr13,101917051,101917069,101919416,101919430,1,2347
chr13,101951184,101951202,101953979,101954005,0,2777
chr13,101995596,101995614,101996008,101996027,1,394
chr13,102021784,102021802,102021861,102021876,1,59
chr13,102128170,102128188,102108497,102108516,0,-19654
chr13,102307719,102307737,102334506,102334521,0,26769
chr13,102355412,102355430,102353901,102353931,1,-1481
chr13,102586344,102586362,102557509,102557531,1,-28813
chr13,102677765,102677783,102677704,102677731,1,-34
chr13,102852883,102852902,102853024,102853040,0,122
chr13,102857961,102857979,102862494,102862514,1,4515
chr13,102878915,102878933,102879237,102879256,1,304
chr13,102932170,102932188,102932296,102932310,1,108
chr13,102932341,102932360,102932296,102932310,0,-31
chr13,103974095,103974113,103978028,103978048,1,3915
chr13,104040705,104040724,104040649,104040679,1,-26
chr13,104365315,104365333,104355557,104355580,0,-9735
chr13,104650307,104650325,104650429,104650455,1,104
chr13,104650416,104650434,104650429,104650455,1,0
chr13,104694767,104694786,104682432,104682456,1,-12311
chr13,105039755,105039774,105039819,105039835,0,45
chr13,105132652,105132671,105147878,105147897,0,15207
chr13,105300832,105300850,105299364,105299410,0,-1422
chr13,105360453,105360471,105357401,105357416,0,-3037
chr13,105426054,105426072,105426050,105426066,1,0
chr13,106812270,106812288,106812212,106812231,1,-39
chr13,107610604,107610623,107610615,107610641,1,0
chr13,107657792,107657811,107670889,107670914,1,13078
chr13,108190802,108190821,108191133,108191147,0,312
chr13,108426065,108426083,108426433,108426482,1,350
chr13,108778052,108778071,108776258,108776278,1,-1774
chr13,109477840,109477858,109477853,109477868,1,0
chr13,109616100,109616118,109615527,109615546,1,-554
chr13,109760196,109760215,109760354,109760369,1,139
chr13,109997492,109997511,109997616,109997635,0,105
chr13,110039317,110039335,110049320,110049334,1,9985
chr13,110093430,110093448,110094592,110094616,1,1144
chr13,110446131,110446150,110446161,110446189,0,11
chr13,110461550,110461568,110471703,110471717,0,10135
chr13,110712636,110712654,110709646,110709665,1,-2971
chr13,110897831,110897849,110895689,110895720,0,-2111
chr13,110923973,110923991,110928236,110928272,1,4245
chr13,110944171,110944189,110936983,110937005,0,-7166
chr13,111111560,111111578,111116109,111116135,0,4531
chr13,111258984,111259003,111258103,111258125,0,-859
chr13,111397132,111397150,111397381,111397401,1,231
chr13,111418079,111418098,111418085,111418115,1,0
chr13,111842417,111842435,111842436,111842452,1,1
chr13,111920880,111920898,111921577,111921591,1,679
chr13,112016731,112016749,112016234,112016257,1,-474
chr13,112025307,112025325,112016234,112016257,1,-9050
chr13,112538856,112538874,112538864,112538894,1,0
chr13,113209710,113209728,113209643,113209657,0,-53
chr13,113320812,113320830,113337411,113337435,0,16581
chr13,113338785,113338803,113338800,113338822,1,0
chr13,113555685,113555704,113555757,113555791,0,53
chr13,114909830,114909848,114909908,114909924,1,60
chr13,115031430,115031448,115031500,115031514,1,52
chr13,115057977,115057995,115042830,115042846,1,-15131
chr13,115078032,115078051,115079723,115079739,1,1672
chr13,115101709,115101727,115118858,115118874,1,17131
chr13,115166648,115166666,115168455,115168474,0,1789
chr13,115178219,115178237,115178241,115178255,0,4
chr13,115252669,115252688,115230723,115230752,1,-21917
chr13,116010780,116010798,116006222,116006236,1,-4544
chr13,116138496,116138514,116134145,116134172,1,-4324
chr13,116711116,116711134,116712320,116712362,1,1186
chr13,116884846,116884864,116908306,116908326,1,23442
chr13,117091348,117091367,117091354,117091376,1,0
chr13,117134433,117134451,117134415,117134445,1,0
chr13,117144012,117144031,117142593,117142608,0,-1404
chr13,117308100,117308118,117333527,117333543,0,25409
chr13,117357399,117357417,117357576,117357597,1,159
chr13,117916858,117916876,117881088,117881107,1,-35751
chr13,118284943,118284961,118284841,118284863,0,-80
chr13,118539038,118539056,118538851,118538866,0,-172
chr13,118967895,118967914,118967921,118967943,0,7
chr14,8124834,8124852,8124146,8124189,1,-645
chr14,8643291,8643309,8639858,8639874,0,-3417
chr14,8932964,8932983,8812392,8812408,1,-120556
chr14,9600687,9600705,9607735,9607766,0,7030
chr14,9826043,9826061,9828691,9828717,0,2630
chr14,9935476,9935494,9941525,9941541,1,6031
chr14,10080169,10080187,10079987,10080009,0,-160
chr14,10228250,10228269,10228263,10228279,1,0
chr14,10546508,10546526,10545981,10546006,0,-502
chr14,10717785,10717803,10736479,10736498,1,18676
chr14,11572618,11572636,11612260,11612276,0,39624
chr14,11831832,11831850,11848722,11848746,0,16872
chr14,12337449,12337467,12336709,12336741,1,-708
chr14,12397755,12397774,12393055,12393074,1,-4681
chr14,13131146,13131164,13237074,13237114,0,105910
chr14,14481992,14482010,14482117,14482136,1,107
chr14,14511533,14511551,14511535,14511567,1,0
chr14,14926077,14926095,14925974,14926002,0,-75
chr14,14935723,14935741,14925974,14926002,0,-9721
chr14,15119946,15119964,15142489,15142511,0,22525
chr14,15902396,15902414,15902540,15902555,1,126
chr14,16513568,16513586,16513569,16513584,.,0
chr14,16591041,16591059,16595020,16595044,1,3961
chr14,16593905,16593923,16595020,16595044,1,1097
chr14,17061516,17061534,17069539,17069558,1,8005
chr14,17435663,17435682,17433197,17433229,1,-2434
chr14,17641353,17641371,17633579,17633637,1,-7716
chr14,17876409,17876427,17876417,17876435,1,0
chr14,17885532,17885550,17883450,17883466,0,-2066
chr14,17907510,17907528,17906288,17906303,0,-1207
chr14,18167281,18167299,18157521,18157537,1,-9744
chr14,18649193,18649211,18650703,18650723,1,1492
chr14,18849551,18849570,18849543,18849562,1,0
chr14,19775809,19775827,19769646,19769660,0,-6149
chr14,19905849,19905867,19904609,19904625,1,-1224
chr14,20067152,20067171,20070695,20070721,1,3524
chr14,20162882,20162901,20163012,20163028,0,111
chr14,20368484,20368502,20368522,20368550,1,20
chr14,20861748,20861767,20871748,20871770,1,9981
chr14,21091259,21091278,21091360,21091383,0,82
chr14,21336199,21336217,21336216,21336232,0,0
chr14,21336227,21336245,21336216,21336232,1,0
chr14,21559001,21559019,21561424,21561440,0,2405
chr14,21636100,21636119,21635221,21635255,0,-845
chr14,21680133,21680151,21676198,21676217,0,-3916
chr14,21966356,21966374,21941642,21941657,1,-24699
chr14,22007199,22007217,22020412,22020434,1,13195
chr14,22052549,22052567,22052600,22052616,0,33
chr14,22240409,22240427,22256560,22256574,0,16133
chr14,22286104,22286122,22285915,22285934,0,-170
chr14,22381278,22381296,22394239,22394258,0,12943
chr14,22396218,22396236,22396166,22396188,1,-30
chr14,22477837,22477855,22509853,22509867,1,31998
chr14,22937062,22937080,22986743,22986777,1,49663
chr14,23817052,23817070,23827141,23827163,1,10071
chr14,23966389,23966407,23911344,23911366,0,-55023
chr14,24055750,24055768,24093824,24093839,0,38056
chr14,24093310,24093328,24093824,24093839,0,496
chr14,24208078,24208096,24213603,24213637,1,5507
chr14,24507604,24507622,24535267,24535281,1,27645
chr14,24659008,24659027,24660073,24660089,1,1046
chr14,24788153,24788172,24788166,24788182,1,0
chr14,25001023,25001041,24996957,24996976,1,-4047
chr14,25133541,25133559,25133550,25133566,1,0
chr14,25186197,25186215,25184237,25184253,0,-1944
chr14,25199886,25199905,25201519,25201534,0,1614
chr14,25312800,25312818,25313066,25313102,0,248
chr14,25313256,25313275,25313066,25313102,1,-154
chr14,25564814,25564833,25577723,25577739,1,12890
chr14,25791873,25791891,25790329,25790344,1,-1529
chr14,26510761,26510780,26510823,26510842,1,43
chr14,27172102,27172120,27167195,27167217,1,-4885
chr14,27873802,27873820,27870145,27870167,1,-3635
chr14,28323700,28323718,28323602,28323616,0,-84
chr14,29997676,29997694,29996147,29996163,1,-1513
chr14,30095534,30095552,30093420,30093434,0,-2100
chr14,30125928,30125947,30106977,30106992,0,-18936
chr14,30138199,30138217,30106977,30106992,0,-31207
chr14,30183657,30183675,30184142,30184162,0,467
chr14,30429769,30429788,30428158,30428182,1,-1587
chr14,30678803,30678821,30678902,30678916,1,81
chr14,30732120,30732138,30732144,30732160,0,6
chr14,30764696,30764714,30761444,30761460,1,-3236
chr14,30865580,30865598,30866085,30866102,1,487
chr14,31768808,31768826,31768819,31768843,1,0
chr14,31854944,31854962,31891411,31891431,1,36449
chr14,31894170,31894189,31894177,31894208,1,0
chr14,32099808,32099826,32122209,32122224,1,22383
chr14,32633223,32633241,32629170,32629192,1,-4031
chr14,32704750,32704768,32696537,32696556,1,-8194
chr14,32763589,32763608,32770792,32770810,1,7184
chr14,32957089,32957107,32956965,32956979,1,-110
chr14,33003616,33003635,33000643,33000659,0,-2957
chr14,33057846,33057864,33057789,33057804,1,-42
chr14,33161719,33161737,33158566,33158588,0,-3131
chr14,33334055,33334074,33334115,33334134,1,41
chr14,33347953,33347971,33357920,33357934,0,9949
chr14,33521878,33521897,33526940,33526961,0,5043
chr14,33595573,33595592,33555688,33555710,0,-39863
chr14,33746330,33746348,33754238,33754252,0,7890
chr14,33841547,33841566,33824366,33824385,0,-17162
chr14,34107795,34107813,34099027,34099041,1,-8754
chr14,36248786,36248804,36255211,36255230,0,6407
chr14,40986197,40986216,40986248,40986262,1,32
chr14,41115849,41115868,41087605,41087621,0,-28228
chr14,43940358,43940376,43953536,43953555,0,13160
chr14,44023080,44023098,44009909,44009928,0,-13152
chr14,45140445,45140463,45134006,45134022,1,-6423
chr14,45173851,45173869,45167585,45167601,1,-6250
chr14,45453514,45453533,45453524,45453558,1,0
chr14,45478028,45478047,45478054,45478068,1,7
chr14,45635608,45635626,45633237,45633261,1,-2347
chr14,46808270,46808288,46807990,46808031,1,-239
chr14,46994905,46994923,46999669,46999711,0,4746
chr14,46999582,46999600,46999669,46999711,0,69
chr14,47359897,47359915,47361658,47361674,1,1743
chr14,47445145,47445163,47442103,47442127,1,-3018
chr14,47488794,47488812,47489779,47489793,0,967
chr14,47529173,47529191,47532463,47532501,1,3272
chr14,47966794,47966812,47966678,47966692,1,-102
chr14,48054988,48055006,48054993,48055007,.,0
chr14,48741095,48741113,48741010,48741026,0,-69
chr14,49116449,49116467,49118493,49118528,1,2026
chr14,50372220,50372239,50372315,50372335,1,76
chr14,50898223,50898241,50896399,50896413,0,-1810
chr14,50905500,50905518,50905355,50905389,0,-111
chr14,51140425,51140443,51140526,51140550,0,83
chr14,51143361,51143379,51143478,51143494,1,99
chr14,51229849,51229868,51233061,51233084,0,3193
chr14,51778075,51778093,51771457,51771507,0,-6568
chr14,52081343,52081361,52081382,52081408,1,21
chr14,52146236,52146254,52146391,52146407,0,137
chr14,54064808,54064826,54060037,54060051,1,-4757
chr14,54178991,54179009,54177126,54177142,1,-1849
chr14,54715175,54715194,54725633,54725648,1,10439
chr14,54974307,54974325,54974344,54974377,1,19
chr14,54997561,54997579,55000107,55000136,1,2528
chr14,55124410,55124428,55119846,55119862,1,-4548
chr14,55387263,55387282,55421242,55421258,0,33960
chr14,55825342,55825360,55822521,55822545,0,-2797
chr14,56091491,56091510,56091473,56091495,1,0
chr14,56520401,56520419,56520544,56520559,0,125
chr14,56847422,56847440,56837982,56838006,1,-9416
chr14,57132853,57132871,57111945,57111959,0,-20894
chr14,57140269,57140287,57111945,57111959,0,-28310
chr14,57332755,57332774,57332715,57332735,0,-20
chr14,58282848,58282866,58319355,58319370,1,36489
chr14,59535059,59535077,59535017,59535036,1,-23
chr14,59647414,59647432,59649323,59649339,0,1891
chr14,59805448,59805466,59805451,59805498,1,0
chr14,59890295,59890314,59887581,59887597,0,-2698
chr14,59927903,59927921,59920471,59920506,0,-7397
chr14,60287730,60287748,60287718,60287734,1,0
chr14,60599071,60599089,60601176,60601190,1,2087
chr14,60645881,60645899,60643147,60643174,1,-2707
chr14,61634221,61634240,61620495,61620511,1,-13710
chr14,62605477,62605495,62606108,62606122,0,613
chr14,62709115,62709133,62709174,62709197,0,41
chr14,62808562,62808581,62800233,62800252,1,-8310
chr14,62911960,62911978,62913380,62913396,0,1402
chr14,63407398,63407416,63398969,63399001,1,-8397
chr14,63422846,63422864,63419737,63419751,0,-3095
chr14,63577546,63577565,63575899,63575921,1,-1625
chr14,63777842,63777860,63730252,63730276,1,-47566
chr14,63941781,63941799,63927711,63927727,1,-14054
chr14,63983434,63983452,63983565,63983581,0,113
chr14,64229434,64229452,64229437,64229463,1,0
chr14,64917335,64917354,64916455,64916469,0,-866
chr14,65494461,65494480,65494440,65494456,1,-5
chr14,65574297,65574315,65573930,65573950,0,-347
chr14,65582290,65582308,65582303,65582319,1,0
chr14,65665265,65665284,65657824,65657839,1,-7426
chr14,65989273,65989291,65954061,65954080,1,-35193
chr14,66147995,66148013,66150205,66150227,1,2192
chr14,66989788,66989806,66989797,66989813,1,0
chr14,67019992,67020010,67021671,67021690,1,1661
chr14,67359317,67359335,67346587,67346603,1,-12714
chr14,67982506,67982524,67951321,67951353,1,-31153
chr14,68934904,68934922,68934895,68934909,1,0
chr14,69251527,69251545,69251461,69251483,0,-44
chr14,70818006,70818024,70816955,70816974,0,-1032
chr14,70832244,70832262,70832430,70832461,1,168
chr14,71192942,71192960,71194395,71194417,0,1435
chr14,72583172,72583190,72581197,72581213,1,-1959
chr14,72630168,72630186,72613544,72613560,0,-16608
chr14,72783448,72783466,72781353,72781377,1,-2071
chr14,72807498,72807516,72810012,72810034,0,2496
chr14,73219569,73219587,73219587,73219602,0,0
chr14,73269434,73269452,73266426,73266470,0,-2964
chr14,73374574,73374592,73370708,73370728,0,-3846
chr14,73452933,73452951,73425728,73425751,1,-27182
chr14,74700658,74700676,74703664,74703696,0,2988
chr14,74960892,74960910,74960883,74960898,1,0
chr14,75150476,75150494,75150443,75150488,1,0
chr14,75572292,75572310,75572290,75572319,0,0
chr14,75966346,75966365,75966215,75966234,1,-112
chr14,76323259,76323277,76323471,76323486,1,194
chr14,76518672,76518690,76518804,76518827,1,114
chr14,76821677,76821695,76825482,76825501,1,3787
chr14,76825471,76825489,76825482,76825501,1,0
chr14,77906058,77906076,77903952,77903974,0,-2084
chr14,78108429,78108448,78108309,78108325,0,-104
chr14,78159677,78159695,78171114,78171128,0,11419
chr14,78800625,78800643,78802676,78802699,0,2033
chr14,79123748,79123767,79124651,79124665,0,884
chr14,82685266,82685284,82753264,82753279,0,67980
chr14,82800944,82800963,82800698,82800721,1,-223
chr14,84258903,84258922,84258809,84258831,0,-72
chr14,86422175,86422193,86422231,86422272,0,38
chr14,86453340,86453358,86468026,86468040,0,14668
chr14,86725558,86725576,86757642,86757658,0,32066
chr14,86762728,86762746,86758756,86758797,0,-3931
chr14,87088083,87088101,87090950,87090969,1,2849
chr14,87093822,87093840,87091281,87091296,0,-2526
chr14,87127158,87127176,87127294,87127314,1,118
chr14,87544909,87544927,87544890,87544920,1,0
chr14,88270525,88270543,88270688,88270704,0,145
chr14,93317681,93317700,93317670,93317686,1,0
chr14,93506178,93506196,93475242,93475256,1,-30922
chr14,94084021,94084040,94081301,94081316,1,-2705
chr14,94372509,94372527,94435344,94435358,0,62817
chr14,97851118,97851136,97868608,97868622,0,17472
chr14,97984400,97984418,98048436,98048451,1,64018
chr14,98396402,98396421,98396594,98396613,0,173
chr14,98871127,98871145,98871139,98871153,1,0
chr14,98874667,98874685,98871139,98871153,0,-3514
chr14,98897949,98897967,98897970,98897984,1,3
chr14,99237298,99237316,99212055,99212071,1,-25227
chr14,100180033,100180051,100178748,100178762,0,-1271
chr14,100180103,100180121,100178748,100178762,0,-1341
chr14,100726352,100726370,100725095,100725111,1,-1241
chr14,101782224,101782242,101782131,101782150,1,-74
chr14,102867678,102867696,102868302,102868318,1,606
chr14,103034387,103034405,102971196,102971210,0,-63177
chr14,103285870,103285888,103285847,103285863,1,-7
chr14,103363024,103363042,103363725,103363740,0,683
chr14,103450863,103450881,103441715,103441729,0,-9134
chr14,103830998,103831017,103832587,103832602,0,1570
chr14,103994048,103994067,103956240,103956283,1,-37765
chr14,104350060,104350078,104350051,104350066,1,0
chr14,104853320,104853339,104863203,104863225,0,9864
chr14,105024544,105024562,105034969,105034996,1,10407
chr14,105220188,105220206,105222390,105222406,1,2184
chr14,105272716,105272735,105272760,105272774,0,25
chr14,105427548,105427566,105431626,105431681,1,4060
chr14,105643567,105643585,105644234,105644250,1,649
chr14,105741041,105741059,105737140,105737155,0,-3886
chr14,105804784,105804802,105804830,105804846,0,28
chr14,106500877,106500896,106552602,106552617,1,51706
chr14,112313855,112313873,111878304,111878323,0,-435532
chr14,115057635,115057654,115054504,115054519,1,-3116
chr14,115206175,115206193,115206203,115206225,0,10
chr14,115261543,115261561,115252413,115252429,1,-9114
chr14,115407591,115407609,115393377,115393393,0,-14198
chr14,117132600,117132618,117132581,117132600,0,0
chr14,117203819,117203838,117267945,117267964,1,64107
chr14,117816299,117816317,117821786,117821808,0,5469
chr14,118004702,118004720,117999136,117999156,0,-5546
chr14,118259366,118259384,118274399,118274423,0,15015
chr14,118392074,118392092,118423492,118423512,0,31400
chr14,118564662,118564680,118560888,118560927,1,-3735
chr14,118605087,118605105,118604987,118605034,1,-53
chr14,118638970,118638988,118637372,118637430,0,-1540
chr14,119126248,119126267,119123756,119123776,0,-2472
chr14,120159106,120159124,120159092,120159120,1,0
chr14,120233319,120233337,120244878,120244898,1,11541
chr14,120302999,120303017,120303070,120303084,1,53
chr14,120491628,120491646,120453876,120453895,1,-37733
chr14,120595588,120595607,120591269,120591288,1,-4300
chr14,120695138,120695156,120696461,120696491,1,1305
chr14,120805441,120805460,120805449,120805463,1,0
chr14,121120068,121120086,121124514,121124530,0,4428
chr14,121654653,121654671,121654666,121654680,1,0
chr14,121694354,121694372,121694283,121694299,0,-55
chr14,121702635,121702653,121705710,121705725,1,3057
chr14,122485096,122485114,122485173,122485199,0,59
chr14,122582911,122582929,122584940,122584954,1,2011
chr14,122683725,122683744,122674713,122674741,1,-8984
chr14,122759408,122759426,122759400,122759414,1,0
chr14,122784539,122784557,122784642,122784658,0,85
chr14,122836464,122836482,122812446,122812461,0,-24003
chr14,123240374,123240392,123272375,123272446,0,31983
chr14,123990945,123990963,123990883,123990897,0,-48
chr15,5281540,5281558,5288590,5288604,0,7032
chr15,5311698,5311717,5311699,5311714,.,0
chr15,6119950,6119968,6119963,6119977,0,0
chr15,6264675,6264693,6267137,6267174,1,2444
chr15,6360290,6360309,6369167,6369208,0,8858
chr15,6402934,6402952,6402564,6402588,1,-346
chr15,6858957,6858975,6849967,6849986,1,-8971
chr15,7154510,7154528,7161494,7161534,1,6966
chr15,7168380,7168398,7161494,7161534,0,-6846
chr15,7941649,7941668,7942188,7942208,1,520
chr15,8065564,8065582,8076708,8076722,0,11126
chr15,8131897,8131915,8129359,8129373,0,-2524
chr15,8430768,8430786,8420383,8420406,1,-10362
chr15,8896607,8896625,8850130,8850144,0,-46463
chr15,9123597,9123615,9090796,9090811,1,-32786
chr15,10312043,10312061,10311894,10311914,0,-129
chr15,10642612,10642630,10648543,10648562,0,5913
chr15,10696072,10696090,10695987,10696003,0,-69
chr15,11295170,11295188,11310440,11310455,1,15252
chr15,11915596,11915615,11891655,11891685,0,-23911
chr15,11957525,11957544,11959936,11959958,1,2392
chr15,12052009,12052027,12041890,12041904,0,-10105
chr15,12139260,12139279,12139253,12139277,1,0
chr15,12501181,12501199,12506123,12506153,1,4924
chr15,12502891,12502909,12506123,12506153,1,3214
chr15,13474502,13474520,13478788,13478804,1,4268
chr15,15596687,15596705,15709501,15709521,0,112796
chr15,17093567,17093585,17135888,17135904,0,42303
chr15,17369721,17369739,17229768,17229792,0,-139929
chr15,21243115,21243134,21236876,21236913,1,-6202
chr15,24589115,24589134,24596504,24596518,1,7370
chr15,25027348,25027366,25027375,25027394,0,9
chr15,25332276,25332294,25325417,25325446,1,-6830
chr15,25365465,25365483,25377754,25377787,0,12271
chr15,25502618,25502636,25496511,25496527,0,-6091
chr15,25546340,25546358,25557241,25557321,0,10883
chr15,25572532,25572550,25571763,25571785,0,-747
chr15,25645918,25645936,25645637,25645652,1,-266
chr15,25723894,25723912,25707461,25707477,1,-16417
chr15,25788603,25788621,25792372,25792392,0,3751
chr15,25878000,25878018,25879314,25879330,1,1296
chr15,27064082,27064100,27064083,27064099,.,0
chr15,27495297,27495315,27493876,27493894,0,-1403
chr15,27564623,27564641,27564196,27564210,0,-413
chr15,27941165,27941183,27941417,27941436,0,234
chr15,27949778,27949796,27949860,27949887,0,64
chr15,27952293,27952311,27952473,27952500,0,162
chr15,27998766,27998784,27998708,27998728,1,-38
chr15,28007463,28007481,27998708,27998728,1,-8735
chr15,29051459,29051477,29076880,29076895,1,25403
chr15,30364584,30364602,30390907,30390923,1,26305
chr15,30518048,30518066,30519664,30519683,0,1598
chr15,30697621,30697639,30686716,30686735,1,-10886
chr15,30741015,30741033,30740867,30740883,1,-132
chr15,30743000,30743018,30740867,30740883,1,-2117
chr15,31045056,31045075,31046392,31046407,0,1317
chr15,31238866,31238885,31238085,31238101,1,-765
chr15,31248753,31248771,31238085,31238101,1,-10652
chr15,31517336,31517354,31515958,31515972,1,-1364
chr15,31587628,31587647,31587713,31587728,1,66
chr15,31648723,31648741,31663257,31663271,0,14516
chr15,31805642,31805660,31785096,31785111,0,-20531
chr15,32619396,32619414,32718923,32718978,1,99509
chr15,33427027,33427045,33425427,33425449,0,-1578
chr15,33644213,33644231,33698123,33698138,0,53892
chr15,34097679,34097698,34097492,34097516,1,-163
chr15,34138290,34138308,34170226,34170242,0,31918
chr15,34383385,34383404,34384315,34384334,0,911
chr15,34385303,34385321,34385280,34385308,0,0
chr15,34389076,34389094,34388821,34388836,0,-240
chr15,34397509,34397527,34397657,34397672,1,130
chr15,34490751,34490769,34490739,34490759,1,0
chr15,34915818,34915836,34915829,34915848,1,0
chr15,34920310,34920328,34920567,34920590,1,239
chr15,35420990,35421008,35420963,35420995,1,0
chr15,35486317,35486335,35486322,35486344,1,0
chr15,35807033,35807051,35806653,35806677,1,-356
chr15,35822363,35822381,35826537,35826554,1,4156
chr15,35915250,35915268,35883602,35883618,0,-31632
chr15,35969803,35969821,35962012,35962032,0,-7771
chr15,36087645,36087663,36087496,36087518,0,-127
chr15,36668183,36668202,36668172,36668188,1,0
chr15,36750981,36750999,36750533,36750551,1,-430
chr15,36767048,36767066,36763875,36763889,0,-3159
chr15,37036864,37036882,37036782,37036806,0,-58
chr15,37231671,37231689,37232280,37232295,0,591
chr15,37364025,37364043,37333988,37334003,0,-30022
chr15,37419049,37419067,37458569,37458598,1,39502
chr15,38000803,38000821,37998423,37998443,0,-2360
chr15,38434147,38434165,38433622,38433642,0,-505
chr15,38672459,38672477,38696365,38696379,0,23888
chr15,38682645,38682663,38696365,38696379,0,13702
chr15,38900752,38900771,38933084,38933098,0,32313
chr15,39023256,39023274,39023158,39023192,0,-64
chr15,39661753,39661771,39660229,39660243,1,-1510
chr15,39901369,39901387,39902472,39902512,1,1085
chr15,39960358,39960376,39960522,39960540,1,146
chr15,41307162,41307180,41307206,41307248,0,26
chr15,41330340,41330359,41345662,41345681,0,15303
chr15,42119870,42119888,42097404,42097418,1,-22452
chr15,42417734,42417752,42410398,42410417,0,-7317
chr15,42642294,42642312,42642181,42642204,0,-90
chr15,42669566,42669584,42670785,42670801,1,1201
chr15,44637294,44637312,44637373,44637396,0,61
chr15,48411866,48411885,48411767,48411789,1,-77
chr15,49898925,49898943,49898850,49898872,1,-53
chr15,50235705,50235724,50235557,50235579,1,-126
chr15,50974509,50974528,50972670,50972689,0,-1820
chr15,50993641,50993660,50993467,50993483,0,-158
chr15,51071058,51071077,51073929,51073945,0,2852
chr15,51570721,51570740,51575554,51575570,1,4814
chr15,51724416,51724434,51729169,51729191,1,4735
chr15,51803324,51803342,51803063,51803083,0,-241
chr15,51916353,51916371,51925173,51925201,0,8802
chr15,51965992,51966010,51966075,51966102,1,65
chr15,51966068,51966087,51966075,51966102,1,0
chr15,52318151,52318169,52297933,52297980,1,-20171
chr15,52505612,52505630,52505674,52505731,1,44
chr15,52966812,52966830,52956290,52956319,0,-10493
chr15,53002172,53002190,53002209,53002223,0,19
chr15,53143298,53143316,53143397,53143430,1,81
chr15,53171567,53171585,53171487,53171502,0,-65
chr15,53519779,53519797,53519771,53519790,1,0
chr15,53653407,53653425,53644238,53644267,1,-9140
chr15,54807453,54807471,54809431,54809459,1,1960
chr15,54931628,54931646,54931587,54931609,0,-19
chr15,55135641,55135659,55132783,55132807,1,-2834
chr15,55206774,55206792,55210799,55210819,0,4007
chr15,55224365,55224383,55224346,55224374,1,0
chr15,55449177,55449195,55449254,55449268,1,59
chr15,55516434,55516452,55516424,55516444,1,0
chr15,55593614,55593632,55544309,55544337,0,-49277
chr15,55634880,55634898,55649021,55649036,0,14123
chr15,56244564,56244582,56240361,56240391,1,-4173
chr15,57187984,57188002,57355193,57355209,1,167191
chr15,57859688,57859706,57864406,57864440,1,4700
chr15,57987385,57987403,57990552,57990574,0,3149
chr15,58553076,58553094,58554048,58554063,0,954
chr15,58701495,58701513,58701501,58701529,1,0
chr15,58803172,58803191,58797579,58797605,1,-5567
chr15,59055084,59055102,59051773,59051792,0,-3292
chr15,59065513,59065531,59065198,59065220,0,-293
chr15,59071224,59071243,59071617,59071631,1,374
chr15,59435934,59435952,59448807,59448827,0,12855
chr15,60615658,60615676,60621668,60621682,1,5992
chr15,61935766,61935785,61935597,61935619,0,-147
chr15,62108354,62108373,62106686,62106711,0,-1643
chr15,62314787,62314805,62325857,62325873,0,11052
chr15,62546931,62546949,62562521,62562536,0,15572
chr15,62871554,62871572,62871320,62871334,1,-220
chr15,63463882,63463900,63463875,63463904,0,0
chr15,63616733,63616751,63617297,63617313,1,546
chr15,63648272,63648290,63648852,63648866,1,562
chr15,64092750,64092768,64092723,64092737,0,-13
chr15,64448800,64448818,64447779,64447805,1,-995
chr15,65632645,65632664,65632524,65632539,1,-106
chr15,66084127,66084146,66092403,66092444,0,8257
chr15,66192691,66192709,66172564,66172590,1,-20101
chr15,66244991,66245010,66229297,66229311,1,-15680
chr15,66920451,66920469,66920455,66920475,1,0
chr15,67068202,67068221,67068016,67068055,1,-147
chr15,67162723,67162742,67187408,67187424,0,24666
chr15,67813874,67813893,67800127,67800141,0,-13733
chr15,67876229,67876247,67869311,67869327,0,-6902
chr15,67903763,67903781,67905482,67905498,0,1701
chr15,67996690,67996708,67982102,67982118,1,-14572
chr15,68058941,68058959,68060018,68060050,1,1059
chr15,68222931,68222949,68222974,68222989,1,25
chr15,68347327,68347345,68344252,68344274,0,-3053
chr15,68624948,68624966,68624996,68625022,0,30
chr15,69001632,69001650,69002882,69002904,1,1232
chr15,69615444,69615462,69613894,69613915,0,-1529
chr15,69639452,69639471,69639465,69639481,1,0
chr15,71889561,71889580,71926825,71926843,1,37245
chr15,72010315,72010334,72051559,72051575,1,41225
chr15,72767766,72767785,72767980,72767995,0,195
chr15,72775823,72775841,72767980,72767995,1,-7828
chr15,72946016,72946035,72942818,72942833,0,-3183
chr15,73222822,73222840,73202072,73202102,0,-20720
chr15,73620428,73620446,73623266,73623288,1,2820
chr15,73784999,73785017,73802111,73802133,1,17094
chr15,74467943,74467962,74459062,74459078,0,-8865
chr15,74737992,74738010,74827391,74827405,0,89381
chr15,76802490,76802508,76796075,76796097,0,-6393
chr15,77176546,77176564,77175859,77175883,0,-663
chr15,77464619,77464637,77523595,77523609,0,58958
chr15,77875995,77876013,77876001,77876028,1,0
chr15,78155669,78155687,78162251,78162273,0,6564
chr15,78434864,78434882,78426406,78426428,0,-8436
chr15,78730736,78730755,78786507,78786522,1,55752
chr15,78815354,78815372,78815353,78815375,1,0
chr15,79383716,79383734,79384926,79384962,1,1192
chr15,81137551,81137569,81139264,81139278,1,1695
chr15,81137589,81137607,81139264,81139278,1,1657
chr15,81167923,81167941,81169005,81169025,1,1064
chr15,81416588,81416606,81416446,81416483,1,-105
chr15,82976171,82976189,82976184,82976208,1,0
chr15,83400567,83400585,83398994,83399008,1,-1559
chr15,83499255,83499273,83499275,83499289,1,2
chr15,84393476,84393494,84412550,84412570,1,19056
chr15,84719897,84719916,84717844,84717888,0,-2009
chr15,84727880,84727898,84717844,84717888,0,-9992
chr15,84952214,84952232,84952209,84952223,1,0
chr15,85012927,85012945,85020975,85020989,0,8030
chr15,85418915,85418933,85418927,85418968,1,0
chr15,85551404,85551422,85599704,85599719,0,48282
chr15,85792114,85792132,85786157,85786173,1,-5941
chr15,85909764,85909782,85909916,85909956,1,134
chr15,85913741,85913759,85911323,85911345,0,-2396
chr15,86001555,86001574,86002702,86002718,1,1128
chr15,87675884,87675903,87512343,87512357,0,-163527
chr15,87862716,87862734,87862766,87862780,0,32
chr15,89101396,89101414,89173197,89173216,1,71783
chr15,90306843,90306861,90306922,90306950,0,61
chr15,91056308,91056326,91105005,91105021,1,48679
chr15,91623310,91623328,91623451,91623466,1,123
chr15,92138449,92138467,92140246,92140270,1,1779
chr15,93161562,93161581,93161558,93161572,1,0
chr15,93366825,93366843,93364040,93364054,1,-2771
chr15,93561636,93561654,93551991,93552013,0,-9623
chr15,93583316,93583334,93583109,93583125,0,-191
chr15,93699031,93699049,93699043,93699062,1,0
chr15,93910413,93910431,93910292,93910326,0,-87
chr15,94240274,94240292,94239898,94239912,0,-362
chr15,94403811,94403829,94443181,94443205,1,39352
chr15,94683879,94683898,94680860,94680880,1,-2999
chr15,95824069,95824087,95824059,95824078,1,0
chr15,95850744,95850762,95836001,95836023,1,-14721
chr15,96308658,96308676,96308677,96308696,1,1
chr15,96486603,96486621,96485708,96485722,0,-881
chr15,97206071,97206089,97195761,97195776,0,-10295
chr15,97680673,97680692,97680666,97680686,1,0
chr15,98484128,98484146,98478840,98478854,0,-5274
chr15,99122897,99122915,99122734,99122779,0,-118
chr15,99788028,99788046,99806102,99806136,1,18056
chr15,100630347,100630365,100629069,100629095,0,-1252
chr15,101369663,101369681,101372125,101372172,1,2444
chr15,101587658,101587677,101583824,101583846,1,-3812
chr15,101632707,101632725,101599206,101599222,0,-33485
chr15,102364964,102364982,102362556,102362572,0,-2392
chr15,103100745,103100763,103100753,103100778,1,0
chr15,103284160,103284178,103284121,103284153,1,-7
chr16,4038968,4038986,4036550,4036566,0,-2402
chr16,4455874,4455892,4464948,4464979,1,9056
chr16,4464601,4464619,4464948,4464979,1,329
chr16,4584607,4584625,4584082,4584098,1,-509
chr16,4765959,4765978,4773324,4773353,0,7346
chr16,4773448,4773466,4773429,4773451,1,0
chr16,5113923,5113942,5103660,5103676,0,-10247
chr16,5184466,5184484,5184666,5184711,0,182
chr16,5351975,5351994,5334590,5334606,0,-17369
chr16,5358048,5358066,5370716,5370736,0,12650
chr16,5545187,5545205,5520793,5520813,0,-24374
chr16,5570738,5570757,5572310,5572334,0,1553
chr16,5662461,5662479,5631147,5631163,1,-31298
chr16,6741705,6741724,6741713,6741728,1,0
chr16,7081542,7081560,7088993,7089013,0,7433
chr16,7490798,7490816,7490989,7491012,0,173
chr16,8714917,8714935,8719426,8719442,1,4491
chr16,10298275,10298293,10306515,10306534,1,8222
chr16,10320755,10320773,10320732,10320746,0,-9
chr16,10358259,10358277,10356304,10356320,0,-1939
chr16,10567335,10567353,10571928,10571944,0,4575
chr16,10812348,10812366,10816151,10816170,1,3785
chr16,10816190,10816209,10816151,10816170,0,-20
chr16,10909827,10909845,10906938,10906958,1,-2869
chr16,11474933,11474951,11474745,11474781,0,-152
chr16,11581063,11581081,11577193,11577226,0,-3837
chr16,11623321,11623339,11621238,11621260,1,-2061
chr16,11640372,11640391,11639336,11639359,1,-1013
chr16,11870207,11870225,11876182,11876204,0,5957
chr16,11940688,11940706,11886720,11886748,0,-53940
chr16,12872338,12872356,12885711,12885799,0,13355
chr16,12956581,12956599,12938796,12938824,0,-17757
chr16,13367227,13367245,13367751,13367782,0,506
chr16,13532974,13532992,13532929,13532944,0,-30
chr16,13637674,13637693,13639768,13639784,1,2075
chr16,13699246,13699264,13699290,13699308,1,26
chr16,13742962,13742980,13766546,13766590,1,23566
chr16,13986591,13986609,13971993,13972015,1,-14576
chr16,13994474,13994492,13971993,13972015,1,-22459
chr16,13994535,13994553,13971993,13972015,1,-22520
chr16,14227779,14227797,14223437,14223459,1,-4320
chr16,14308800,14308819,14310193,14310212,1,1374
chr16,14894832,14894850,14895682,14895704,1,832
chr16,15712176,15712194,15712139,15712174,0,-2
chr16,15884421,15884439,15889546,15889573,1,5107
chr16,16008122,16008140,16008148,16008163,0,8
chr16,17561404,17561422,17554852,17554867,1,-6537
chr16,18144451,18144469,18130806,18130828,1,-13623
chr16,18154042,18154061,18160720,18160735,0,6659
chr16,18265277,18265295,18265184,18265199,0,-78
chr16,18443506,18443524,18415724,18415746,0,-27760
chr16,18753222,18753240,18753230,18753249,1,0
chr16,19854633,19854652,19854805,19854821,1,153
chr16,19912649,19912667,19914977,19914991,1,2310
chr16,20126612,20126631,20115234,20115276,1,-11336
chr16,20827383,20827401,20829380,20829408,0,1979
chr16,22545138,22545156,22545146,22545166,1,0
chr16,22600241,22600260,22602581,22602599,1,2321
chr16,22618115,22618134,22629988,22630026,0,11854
chr16,22938671,22938689,22883247,22883261,0,-55410
chr16,23414335,23414353,23414234,23414252,0,-83
chr16,23449911,23449929,23456787,23456801,0,6858
chr16,23671613,23671632,23670259,23670281,1,-1332
chr16,24062893,24062911,24062714,24062729,1,-164
chr16,24199957,24199975,24237681,24237695,0,37706
chr16,24281224,24281242,24281230,24281252,1,0
chr16,24468144,24468162,24468133,24468149,1,0
chr16,24570838,24570857,24575981,24576003,0,5124
chr16,24575997,24576015,24575981,24576003,1,0
chr16,24576060,24576078,24575981,24576003,1,-57
chr16,24659218,24659236,24656150,24656165,1,-3053
chr16,24886733,24886751,24886770,24886785,0,19
chr16,24974952,24974970,24973535,24973570,1,-1382
chr16,24976961,24976979,24977923,24977937,0,944
chr16,25011538,25011556,25010315,25010329,0,-1209
chr16,25024599,25024617,25024127,25024149,1,-450
chr16,25140630,25140648,25140802,25140818,1,154
chr16,25238404,25238422,25249094,25249110,1,10672
chr16,25398202,25398220,25398266,25398288,0,46
chr16,25619085,25619103,25602059,25602078,0,-17007
chr16,25701418,25701436,25701363,25701379,1,-39
chr16,26082913,26082932,26068257,26068271,1,-14642
chr16,26702674,26702692,26702852,26702874,1,160
chr16,26728201,26728219,26733882,26733912,1,5663
chr16,26744993,26745012,26750437,26750500,1,5425
chr16,27436753,27436772,27436613,27436638,1,-115
chr16,28238519,28238537,28288217,28288238,1,49680
chr16,28616777,28616795,28620571,28620585,0,3776
chr16,28898537,28898555,28902915,28902930,0,4360
chr16,28944743,28944761,28945364,28945385,0,603
chr16,28984058,28984076,28984066,28984080,1,0
chr16,29455070,29455088,29454942,29454956,1,-114
chr16,29893903,29893921,29885271,29885293,0,-8610
chr16,29919729,29919747,29909591,29909605,0,-10124
chr16,30036645,30036663,30043191,30043217,0,6528
chr16,30378110,30378128,30378139,30378158,1,11
chr16,30424038,30424059,30416086,30416117,0,-7921
chr16,30745974,30745993,30741103,30741118,0,-4856
chr16,30870829,30870848,30871514,30871548,0,666
chr16,31159318,31159336,31165211,31165227,1,5875
chr16,31176374,31176393,31175699,31175718,1,-656
chr16,31532649,31532668,31521890,31521905,0,-10744
chr16,31766863,31766881,31766976,31766990,1,95
chr16,32232985,32233003,32222740,32222770,1,-10215
chr16,32687451,32687469,32684904,32684920,1,-2531
chr16,32854301,32854319,32853302,32853316,1,-985
chr16,33449423,33449442,33445308,33445333,0,-4090
chr16,33476996,33477014,33477042,33477058,0,28
chr16,33776971,33776990,33782170,33782189,1,5180
chr16,33785254,33785272,33785458,33785489,0,186
chr16,34304082,34304100,34302754,34302769,1,-1313
chr16,34526627,34526645,34531747,34531763,1,5102
chr16,34566094,34566112,34556235,34556249,1,-9845
chr16,34637569,34637587,34633901,34633916,0,-3653
chr16,34746128,34746146,34750277,34750296,0,4131
chr16,34753169,34753188,34755116,34755135,0,1928
chr16,34797260,34797278,34791502,34791531,0,-5729
chr16,34829662,34829681,34829542,34829561,1,-101
chr16,34854069,34854087,34852874,34852888,1,-1181
chr16,34864907,34864925,34852874,34852888,1,-12019
chr16,34878284,34878302,34880453,34880467,1,2151
chr16,35122018,35122036,35123577,35123596,0,1541
chr16,35440028,35440046,35425424,35425438,0,-14590
chr16,35815324,35815342,35811813,35811829,0,-3495
chr16,37847691,37847709,37847651,37847665,0,-26
chr16,37851588,37851606,37853589,37853603,1,1983
chr16,37879036,37879054,37879170,37879186,0,116
chr16,37910089,37910107,37879170,37879186,1,-30903
chr16,38200396,38200414,38200325,38200341,1,-55
chr16,38248789,38248808,38245722,38245742,0,-3047
chr16,38374647,38374666,38376604,38376620,1,1938
chr16,38807951,38807970,38807943,38807959,1,0
chr16,40290273,40290291,40480782,40480801,0,190491
chr16,42269313,42269331,42269336,42269350,1,5
chr16,43276037,43276055,43276049,43276065,1,0
chr16,43303475,43303493,43303552,43303566,1,59
chr16,43335411,43335429,43335420,43335440,1,0
chr16,43338523,43338542,43338737,43338768,0,195
chr16,43385927,43385945,43381284,43381300,0,-4627
chr16,43407629,43407647,43410586,43410602,0,2939
chr16,43522329,43522347,43522229,43522248,0,-81
chr16,43850613,43850631,43842858,43842883,1,-7730
chr16,43935064,43935082,43935429,43935466,1,347
chr16,44212772,44212790,44217297,44217311,1,4507
chr16,44238915,44238933,44239084,44239103,1,151
chr16,44271508,44271526,44271636,44271658,0,110
chr16,44294160,44294179,44294167,44294198,1,0
chr16,44386766,44386784,44378127,44378141,1,-8625
chr16,44976227,44976245,44978396,44978422,0,2151
chr16,45335134,45335152,45332890,45332904,0,-2230
chr16,45435317,45435335,45435168,45435183,0,-134
chr16,45548289,45548307,45548254,45548270,1,-19
chr16,46526169,46526187,46526180,46526195,1,0
chr16,46777872,46777891,46776662,46776678,1,-1194
chr16,48327368,48327387,48320874,48320908,0,-6460
chr16,48644425,48644444,48638479,48638500,1,-5925
chr16,48871909,48871928,48874231,48874253,0,2303
chr16,49045776,49045795,49045763,49045786,1,0
chr16,49769907,49769925,49770403,49770429,0,478
chr16,49875212,49875230,49874234,49874254,1,-958
chr16,50351262,50351280,50349155,50349171,0,-2091
chr16,50688669,50688687,50688569,50688583,1,-86
chr16,50788922,50788940,50771975,50771991,1,-16931
chr16,50872267,50872285,50872246,50872265,0,-2
chr16,51050856,51050874,51118098,51118112,0,67224
chr16,51314868,51314887,51314860,51314875,1,0
chr16,51888659,51888677,51888664,51888687,1,0
chr16,52301972,52301990,52302013,52302031,0,23
chr16,53063187,53063205,53063205,53063221,0,0
chr16,55208819,55208837,55421947,55421963,1,213110
chr16,55623495,55623513,55623655,55623695,0,142
chr16,55710287,55710305,55712652,55712666,1,2347
chr16,55728773,55728791,55728631,55728645,0,-128
chr16,55994298,55994317,56128756,56128796,0,134439
chr16,56386650,56386669,56361048,56361067,1,-25583
chr16,56451611,56451629,56477708,56477740,0,26079
chr16,56452038,56452056,56477708,56477740,0,25652
chr16,56562539,56562557,56559332,56559351,1,-3188
chr16,56850638,56850656,56850643,56850664,1,0
chr16,56920587,56920605,56920547,56920563,0,-24
chr16,57183972,57183990,57197354,57197370,1,13364
chr16,58257217,58257235,58299728,58299742,0,42493
chr16,58281792,58281810,58299728,58299742,0,17918
chr16,58482916,58482935,58482921,58482945,1,0
chr16,62729809,62729827,62733746,62733760,1,3919
chr16,63159606,63159624,63194933,63194947,0,35309
chr16,63287818,63287836,63194933,63194947,1,-92871
chr16,63863342,63863360,63857727,63857741,1,-5601
chr16,65144486,65144504,65144633,65144648,0,129
chr16,65433500,65433518,65416630,65416649,1,-16851
chr16,65533511,65533529,65533518,65533537,1,0
chr16,65629370,65629388,65629428,65629442,1,40
chr16,67431523,67431542,67431516,67431532,1,0
chr16,69824836,69824854,69793446,69793460,1,-31376
chr16,69980204,69980222,69947464,69947488,0,-32716
chr16,70350289,70350308,70350204,70350224,1,-65
chr16,70395353,70395371,70395359,70395401,1,0
chr16,70868439,70868458,70838477,70838496,1,-29943
chr16,72784133,72784151,72800146,72800166,1,15995
chr16,74072486,74072504,74159138,74159154,1,86634
chr16,75293276,75293294,75293266,75293280,1,0
chr16,75779127,75779146,75784128,75784147,1,4982
chr16,76110219,76110238,76110889,76110911,1,651
chr16,76110953,76110971,76110889,76110911,0,-42
chr16,76130468,76130486,76118825,76118849,1,-11619
chr16,76183328,76183346,76183435,76183455,0,89
chr16,76449282,76449300,76449550,76449570,1,250
chr16,76538394,76538412,76532867,76532881,1,-5513
chr16,76600224,76600242,76597075,76597091,0,-3133
chr16,77379821,77379840,77379835,77379850,1,0
chr16,78261790,78261808,78264582,78264606,1,2774
chr16,78500938,78500957,78502652,78502666,0,1695
chr16,81366063,81366082,81350634,81350650,1,-15413
chr16,81450940,81450958,81451114,81451133,0,156
chr16,81869555,81869574,81869569,81869584,1,0
chr16,84804969,84804988,84800314,84800330,1,-4639
chr16,85063415,85063433,85072631,85072648,0,9198
chr16,85147652,85147671,85146770,85146785,1,-867
chr16,85270576,85270594,85270524,85270538,1,-38
chr16,85504009,85504027,85504182,85504196,1,155
chr16,87130994,87131012,87128506,87128520,1,-2474
chr16,87225144,87225162,87225132,87225148,1,0
chr16,87284884,87284902,87269453,87269469,0,-15415
chr16,87307204,87307222,87324469,87324503,0,17247
chr16,88360023,88360041,88331232,88331246,0,-28777
chr16,88813996,88814014,88735621,88735643,1,-78353
chr16,89785996,89786015,89786103,89786129,0,88
chr16,89795060,89795078,89796809,89796829,1,1731
chr16,89801599,89801618,89806232,89806256,1,4614
chr16,90046537,90046555,90046462,90046477,1,-60
chr16,90530362,90530380,90530348,90530373,1,0
chr16,90892265,90892283,90886253,90886268,0,-5997
chr16,90911425,90911444,90916087,90916106,1,4643
chr16,90984477,90984496,90984273,90984300,0,-177
chr16,91030874,91030892,91030850,91030866,1,-8
chr16,91217377,91217396,91217171,91217195,1,-182
chr16,91271396,91271414,91271799,91271813,0,385
chr16,91904411,91904429,91908737,91908764,0,4308
chr16,92038304,92038322,92038464,92038479,1,142
chr16,92349864,92349882,92331556,92331570,1,-18294
chr16,92357755,92357773,92369308,92369324,1,11535
chr16,92538571,92538589,92538573,92538589,.,0
chr16,92539643,92539661,92538573,92538589,1,-1054
chr16,92609673,92609691,92609529,92609543,1,-130
chr16,92749751,92749769,92754207,92754233,1,4438
chr16,92896751,92896770,92897173,92897192,1,403
chr16,93006599,93006617,93003897,93003911,0,-2688
chr16,93439814,93439832,93442437,93442459,1,2605
chr16,93747024,93747042,93750720,93750745,0,3678
chr16,93973851,93973870,93973822,93973863,1,0
chr16,94021356,94021374,94021343,94021367,1,0
chr16,94230570,94230589,94222202,94222216,0,-8354
chr16,94347290,94347308,94349063,94349094,1,1755
chr16,94350085,94350104,94349063,94349094,0,-991
chr16,94501838,94501857,94498166,94498180,0,-3658
chr16,94687197,94687215,94680225,94680241,1,-6956
chr16,94956692,94956710,94956518,94956534,0,-158
chr16,95430816,95430834,95430956,95430972,1,122
chr16,95847303,95847321,95931706,95931739,0,84385
chr16,96222047,96222065,96218126,96218140,0,-3907
chr16,96535459,96535477,96541327,96541342,0,5850
chr16,96743383,96743401,96743379,96743395,1,0
chr16,96757252,96757270,96743379,96743395,1,-13857
chr16,96917975,96917993,96916135,96916154,0,-1821
chr16,96945605,96945623,96932027,96932049,0,-13556
chr16,97014482,97014500,97014474,97014493,1,0
chr16,97017649,97017667,97014518,97014537,0,-3112
chr16,97075312,97075330,97076408,97076427,0,1078
chr16,97325908,97325926,97310203,97310227,0,-15681
chr16,97326159,97326177,97310203,97310227,0,-15932
chr16,97452478,97452496,97459946,97459962,0,7450
chr16,97494445,97494463,97494993,97495008,1,530
chr16,97655071,97655089,97653250,97653278,0,-1793
chr16,97689865,97689883,97684750,97684766,1,-5099
chr17,3402845,3402863,3402829,3402849,1,0
chr17,3611456,3611475,3597341,3597361,1,-14095
chr17,3862650,3862668,3879161,3879177,0,16493
chr17,4268794,4268812,4278347,4278363,0,9535
chr17,5733245,5733263,5729817,5729843,0,-3402
chr17,5924716,5924734,5924781,5924795,0,47
chr17,6006347,6006366,6001611,6001627,0,-4720
chr17,7831657,7831675,7818581,7818596,0,-13061
chr17,8436389,8436408,8444168,8444193,0,7760
chr17,8839831,8839849,8839938,8839953,0,89
chr17,8965451,8965469,8972813,8972827,1,7344
chr17,9514541,9514559,9514619,9514643,1,60
chr17,10081242,10081260,10095307,10095335,1,14047
chr17,10439712,10439730,10441412,10441426,1,1682
chr17,10558638,10558656,10566684,10566708,1,8028
chr17,10985488,10985507,10982342,10982362,1,-3126
chr17,11152425,11152443,11158308,11158324,1,5865
chr17,11656986,11657004,11658467,11658486,1,1463
chr17,12146395,12146413,12146487,12146503,0,74
chr17,12278304,12278323,12268134,12268168,0,-10136
chr17,12455410,12455428,12455421,12455443,1,0
chr17,12494606,12494624,12494475,12494501,0,-105
chr17,12580645,12580663,12580918,12580950,1,255
chr17,12641152,12641170,12637996,12638011,1,-3141
chr17,13660254,13660272,13701887,13701902,1,41615
chr17,13724984,13725002,13734870,13734886,1,9868
chr17,13811900,13811919,13811834,13811856,1,-44
chr17,14212721,14212739,14183972,14184006,1,-28715
chr17,14885889,14885907,14895216,14895235,1,9309
chr17,14887168,14887186,14895216,14895235,1,8030
chr17,14909456,14909474,14909457,14909472,.,0
chr17,15107459,15107477,15107071,15107093,1,-366
chr17,15145918,15145937,15153247,15153262,0,7310
chr17,15153301,15153319,15153247,15153262,1,-39
chr17,15174015,15174033,15153557,15153572,0,-20443
chr17,15260938,15260956,15252295,15252309,0,-8629
chr17,15445595,15445613,15442153,15442167,0,-3428
chr17,15446557,15446576,15442153,15442167,0,-4390
chr17,17537091,17537109,17525772,17525786,0,-11305
chr17,17587968,17587986,17586134,17586167,0,-1801
chr17,17871431,17871449,17871253,17871273,1,-158
chr17,17893586,17893605,17893491,17893507,1,-79
chr17,18295791,18295809,18270891,18270906,0,-24885
chr17,18974249,18974267,18968577,18968596,0,-5653
chr17,20824892,20824910,20824993,20825015,0,83
chr17,21411621,21411639,21411730,21411757,1,91
chr17,23652819,23652837,23661590,23661609,0,8753
chr17,23875478,23875497,23874167,23874181,0,-1297
chr17,23978827,23978846,23980295,23980310,0,1449
chr17,24048462,24048481,24039738,24039758,1,-8704
chr17,24307732,24307750,24296239,24296261,1,-11471
chr17,24307754,24307773,24296239,24296261,1,-11493
chr17,24391460,24391478,24432675,24432697,0,41197
chr17,25067667,25067686,25071161,25071185,0,3475
chr17,25547291,25547309,25555109,25555139,1,7800
chr17,25663949,25663968,25678267,25678295,0,14299
chr17,26465184,26465203,26463933,26463948,0,-1236
chr17,26731898,26731916,26732103,26732136,0,187
chr17,26743466,26743484,26752446,26752493,0,8962
chr17,27160001,27160019,27160009,27160046,1,0
chr17,27610804,27610822,27611002,27611016,0,180
chr17,27777886,27777904,27778660,27778688,1,756
chr17,27783873,27783891,27781130,27781150,0,-2723
chr17,27925699,27925718,27932511,27932526,1,6793
chr17,28068449,28068468,28096567,28096583,1,28099
chr17,28269745,28269764,28267393,28267409,1,-2336
chr17,28471063,28471081,28471022,28471037,0,-26
chr17,28588684,28588703,28588690,28588712,1,0
chr17,28642608,28642626,28640224,28640247,0,-2361
chr17,29303298,29303316,29304262,29304286,0,946
chr17,29518943,29518962,29552610,29552654,1,33648
chr17,30114962,30114980,30114895,30114911,1,-51
chr17,30287002,30287020,30270728,30270744,0,-16258
chr17,30884399,30884417,30884400,30884415,.,0
chr17,31165151,31165169,31191495,31191509,0,26326
chr17,31419732,31419751,31378231,31378245,1,-41487
chr17,31482731,31482749,31491444,31491482,1,8695
chr17,32259114,32259132,32260223,32260239,1,1091
chr17,32306782,32306800,32306851,32306865,0,51
chr17,32585203,32585221,32585530,32585585,0,309
chr17,32729169,32729187,32729146,32729173,1,0
chr17,33449103,33449121,33456847,33456880,0,7726
chr17,33729417,33729435,33729501,33729517,0,66
chr17,34383457,34383476,34383462,34383486,1,0
chr17,35543568,35543587,35544235,35544251,1,648
chr17,35544226,35544244,35544235,35544251,1,0
chr17,35560115,35560133,35559220,35559236,0,-879
chr17,35624847,35624865,35624888,35624904,0,23
chr17,36850109,36850127,36849565,36849587,0,-522
chr17,36982331,36982349,36977962,36977986,0,-4345
chr17,37218635,37218653,37218642,37218657,1,0
chr17,38997890,38997908,38843638,38843653,0,-154237
chr17,40873463,40873481,40873400,40873414,1,-49
chr17,40890792,40890810,40880668,40880682,1,-10110
chr17,42405784,42405802,42316010,42316036,0,-89748
chr17,42449383,42449402,42316010,42316036,0,-133347
chr17,42603522,42603540,42613282,42613296,1,9742
chr17,43075224,43075242,43077087,43077135,0,1845
chr17,43177479,43177497,43165840,43165859,0,-11620
chr17,43253831,43253849,43254568,43254604,1,719
chr17,43347221,43347239,43345975,43346009,1,-1212
chr17,43354784,43354802,43351717,43351733,0,-3051
chr17,43374023,43374041,43375747,43375762,0,1706
chr17,43389325,43389343,43388861,43388883,1,-442
chr17,43570076,43570094,43570084,43570100,1,0
chr17,43611706,43611724,43621532,43621552,0,9808
chr17,43717080,43717098,43724752,43724774,0,7654
chr17,43758957,43758975,43769961,43769977,0,10986
chr17,44116831,44116849,44122766,44122780,0,5917
chr17,44588131,44588149,44589103,44589122,1,954
chr17,44589146,44589164,44589103,44589122,0,-24
chr17,44601896,44601914,44599286,44599300,0,-2596
chr17,44641155,44641174,44640994,44641018,1,-137
chr17,44789095,44789114,44789209,44789225,0,95
chr17,44800103,44800122,44809864,44809878,0,9742
chr17,44945437,44945456,44950442,44950471,1,4986
chr17,45302968,45302987,45302802,45302821,0,-147
chr17,45361122,45361140,45353657,45353671,0,-7451
chr17,45747146,45747164,45756775,45756794,0,9611
chr17,45761728,45761746,45756775,45756794,1,-4934
chr17,45873604,45873622,45871009,45871024,1,-2580
chr17,46576304,46576323,46571963,46571982,0,-4322
chr17,46810195,46810213,46810201,46810223,1,0
chr17,46933138,46933156,47032879,47032895,0,99723
chr17,47155818,47155836,47157896,47157911,0,2060
chr17,47386767,47386785,47394580,47394602,1,7795
chr17,47658955,47658973,47658923,47658937,1,-18
chr17,47834984,47835006,47849651,47849667,1,14645
chr17,48055722,48055740,48055186,48055206,1,-516
chr17,48215577,48215595,48203873,48203908,1,-11669
chr17,48230965,48230983,48247357,48247371,1,16374
chr17,48445749,48445768,48445587,48445615,1,-134
chr17,49534674,49534692,49530500,49530519,0,-4155
chr17,49614574,49614592,49614643,49614662,0,51
chr17,50054793,50054812,50069308,50069327,0,14496
chr17,50059015,50059033,50069308,50069327,0,10275
chr17,50537039,50537058,50537091,50537136,0,33
chr17,51142592,51142611,51136294,51136309,0,-6283
chr17,51207997,51208015,51208074,51208090,0,59
chr17,51266116,51266134,51256646,51256660,0,-9456
chr17,51288623,51288641,51288523,51288549,1,-74
chr17,51675909,51675927,51675963,51675992,0,36
chr17,51682550,51682568,51680906,51680925,0,-1625
chr17,55797796,55797814,55806569,55806591,0,8755
chr17,55854306,55854324,55854311,55854327,1,0
chr17,56958358,56958376,56958001,56958020,0,-338
chr17,57410229,57410248,57410114,57410133,1,-96
chr17,57481416,57481434,57481437,57481452,1,3
chr17,59242009,59242027,59193587,59193609,1,-48400
chr17,59848742,59848761,59848537,59848561,0,-181
chr17,62819998,62820016,62818579,62818601,1,-1397
chr17,63238630,63238648,63237157,63237173,0,-1457
chr17,63348885,63348903,63356526,63356541,0,7623
chr17,63422804,63422822,63421972,63421986,0,-818
chr17,63463180,63463198,63450373,63450392,0,-12788
chr17,63689426,63689444,63691704,63691728,0,2260
chr17,64053103,64053121,64055858,64055882,1,2737
chr17,64685186,64685204,64685196,64685219,1,0
chr17,64743005,64743023,64765865,64765889,1,22842
chr17,64767298,64767316,64767308,64767323,1,0
chr17,64846257,64846276,64851816,64851838,0,5540
chr17,64848229,64848248,64851816,64851838,0,3568
chr17,64893670,64893689,64894843,64894862,1,1154
chr17,65769611,65769629,65770192,65770206,1,563
chr17,66197191,66197209,66203612,66203628,0,6403
chr17,66710972,66710990,66710654,66710681,1,-291
chr17,66744136,66744154,66754819,66754838,0,10665
chr17,67136751,67136769,67134350,67134372,0,-2379
chr17,67179567,67179585,67174944,67174968,1,-4599
chr17,67705354,67705372,67715891,67715913,1,10519
chr17,68087182,68087200,68092833,68092852,1,5633
chr17,68100383,68100401,68100441,68100455,0,40
chr17,68113134,68113153,68119324,68119340,0,6171
chr17,68119605,68119624,68119324,68119340,1,-265
chr17,68133100,68133119,68133170,68133206,1,51
chr17,68166695,68166713,68165492,68165523,0,-1172
chr17,69122634,69122652,69109243,69109262,0,-13372
chr17,70334474,70334492,70363356,70363372,0,28864
chr17,70614197,70614215,70614173,70614212,1,0
chr17,71042833,71042851,71082123,71082142,0,39272
chr17,71096335,71096354,71096324,71096348,1,0
chr17,71444851,71444869,71444894,71444910,1,25
chr17,71640844,71640862,71642327,71642343,0,1465
chr17,71890196,71890214,71896981,71897005,0,6767
chr17,71939054,71939073,71937452,71937471,0,-1583
chr17,72043670,72043688,72043728,72043744,1,40
chr17,72068757,72068776,72069306,72069324,0,530
chr17,72250797,72250815,72249683,72249697,1,-1100
chr17,72555463,72555482,72531086,72531100,1,-24363
chr17,73458791,73458809,73445210,73445229,1,-13562
chr17,73558630,73558648,73571310,73571326,0,12662
chr17,73717657,73717675,73718917,73718951,1,1242
chr17,73774795,73774813,73719085,73719101,1,-55694
chr17,73932538,73932556,73936002,73936028,1,3446
chr17,74500554,74500572,74500544,74500558,1,0
chr17,75142787,75142805,75143016,75143032,0,211
chr17,75216446,75216464,75214969,75215001,1,-1445
chr17,75329406,75329424,75330215,75330231,0,791
chr17,75349250,75349269,75330215,75330231,1,-19019
chr17,75369671,75369689,75369814,75369828,1,125
chr17,75437049,75437067,75437243,75437289,0,176
chr17,75450779,75450797,75450662,75450695,0,-84
chr17,75627513,75627531,75621473,75621511,0,-6002
chr17,75781929,75781947,75704220,75704244,1,-77685
chr17,77596597,77596615,77598585,77598601,0,1970
chr17,78078665,78078683,78078596,78078610,0,-55
chr17,78373593,78373611,78383122,78383141,0,9511
chr17,78561132,78561150,78577805,78577835,1,16655
chr17,78584947,78584965,78590541,78590589,1,5576
chr17,78641475,78641493,78608381,78608401,0,-33074
chr17,78716035,78716054,78713588,78713607,0,-2428
chr17,79334362,79334381,79334375,79334389,1,0
chr17,79429362,79429380,79427932,79427947,0,-1415
chr17,79473879,79473897,79472461,79472477,0,-1402
chr17,79578972,79578990,79579114,79579128,0,124
chr17,79760656,79760675,79765535,79765551,0,4860
chr17,80048106,80048125,80041993,80042013,1,-6093
chr17,80792991,80793009,80789847,80789862,0,-3129
chr17,80808176,80808195,80816027,80816049,1,7832
chr17,81267624,81267642,81270391,81270411,1,2749
chr17,81500942,81500960,81500888,81500902,0,-40
chr17,81849697,81849715,81851805,81851823,1,2090
chr17,81850859,81850877,81851805,81851823,1,928
chr17,82518233,82518251,82454038,82454052,0,-64181
chr17,83546601,83546620,83545932,83545946,1,-655
chr17,84582222,84582241,84582242,84582260,0,1
chr17,84978554,84978572,84978663,84978704,1,91
chr17,85372152,85372171,85374921,85374940,1,2750
chr17,85690217,85690235,85688285,85688300,1,-1917
chr17,85808800,85808818,85808745,85808759,0,-41
chr17,86200645,86200663,86205634,86205660,1,4971
chr17,86394075,86394094,86394571,86394587,0,477
chr17,87153266,87153285,87140060,87140079,1,-13187
chr17,87239889,87239907,87254475,87254497,1,14568
chr17,87304436,87304455,87303674,87303694,0,-742
chr17,87475798,87475816,87474659,87474673,1,-1125
chr17,87773483,87773502,87773263,87773277,0,-206
chr17,87796224,87796242,87774110,87774126,1,-22098
chr17,88195384,88195402,88206997,88207028,0,11595
chr17,88209824,88209842,88209430,88209452,0,-372
chr17,88342791,88342810,88341794,88341816,1,-975
chr17,88558383,88558401,88563839,88563859,0,5438
chr17,88562676,88562695,88563839,88563859,0,1144
chr17,88671441,88671459,88668253,88668275,1,-3166
chr17,88999528,88999546,89007004,89007020,0,7458
chr17,89013669,89013687,89008743,89008759,0,-4910
chr17,90755499,90755517,90758442,90758464,1,2925
chr17,90758762,90758781,90758761,90758783,1,0
chr17,90955203,90955221,90954986,90955008,0,-195
chr17,91050685,91050703,91059997,91060015,0,9294
chr17,91269458,91269477,91269552,91269566,1,75
chr17,91689276,91689294,91706443,91706457,0,17149
chr18,3248912,3248931,3248743,3248773,1,-139
chr18,3481976,3481994,3449524,3449543,0,-32433
chr18,3797799,3797817,3810491,3810513,1,12674
chr18,3841270,3841288,3836177,3836193,1,-5077
chr18,4008529,4008547,4002992,4003006,1,-5523
chr18,4239611,4239629,4239644,4239663,0,15
chr18,5040789,5040807,5033403,5033423,1,-7366
chr18,5412446,5412464,5414890,5414905,0,2426
chr18,5516199,5516217,5521076,5521098,1,4859
chr18,5712044,5712062,5715767,5715781,1,3705
chr18,6017610,6017629,6017603,6017623,1,0
chr18,6071363,6071381,6071374,6071390,1,0
chr18,7003625,7003643,7006498,7006514,1,2855
chr18,9828023,9828041,9819908,9819922,0,-8101
chr18,10451417,10451435,10444988,10445012,0,-6405
chr18,10461832,10461850,10461003,10461022,0,-810
chr18,10826240,10826258,10826871,10826885,0,613
chr18,10917066,10917084,10918134,10918154,1,1050
chr18,11230412,11230431,11230436,11230477,0,5
chr18,11571674,11571692,11573536,11573551,0,1844
chr18,12143035,12143054,12143065,12143093,1,11
chr18,12692472,12692490,12687575,12687590,0,-4882
chr18,13693932,13693950,13693975,13693989,1,25
chr18,13817360,13817378,13825325,13825345,1,7947
chr18,13900878,13900896,13900767,13900783,0,-95
chr18,14202083,14202101,14209790,14209804,1,7689
chr18,14379951,14379970,14379977,14379993,1,7
chr18,14932491,14932509,14931701,14931723,1,-768
chr18,14982129,14982147,14982205,14982219,1,58
chr18,15216201,15216219,15220751,15220767,0,4532
chr18,15312488,15312506,15312862,15312881,0,356
chr18,15347597,15347615,15349270,15349289,1,1655
chr18,15360753,15360771,15351582,15351597,0,-9156
chr18,15415282,15415300,15429496,15429511,1,14196
chr18,16213969,16213987,16212006,16212020,0,-1949
chr18,17584669,17584688,17625487,17625504,1,40799
chr18,19887969,19887987,19887945,19887959,0,-10
chr18,20555205,20555223,20555179,20555195,0,-10
chr18,20565225,20565243,20559492,20559506,1,-5719
chr18,20745665,20745683,20749275,20749290,0,3592
chr18,20921096,20921115,20921105,20921140,1,0
chr18,20977255,20977273,20977192,20977214,1,-41
chr18,21038964,21038982,21022119,21022138,1,-16826
chr18,21656581,21656599,21656266,21656281,0,-300
chr18,21738621,21738639,21738446,21738466,1,-155
chr18,22193227,22193245,22192286,22192302,0,-925
chr18,22242033,22242051,22192286,22192302,0,-49731
chr18,22649648,22649666,22596161,22596183,1,-53465
chr18,23489117,23489135,23489149,23489173,0,14
chr18,23895135,23895153,23895148,23895164,1,0
chr18,24091052,24091070,24092047,24092069,0,977
chr18,24142973,24142991,24142064,24142087,1,-886
chr18,24630077,24630095,24620185,24620199,1,-9878
chr18,25005142,25005160,24953557,24953576,0,-51566
chr18,25600021,25600040,25599446,25599460,1,-561
chr18,28368111,28368129,28368325,28368343,1,196
chr18,28368226,28368244,28368325,28368343,1,81
chr18,33337405,33337423,33336832,33336850,0,-555
chr18,34077382,34077400,34075693,34075712,0,-1670
chr18,34920353,34920371,34916035,34916064,0,-4289
chr18,35869314,35869332,35819277,35819292,0,-50022
chr18,36032314,36032332,36032149,36032253,0,-61
chr18,36089829,36089847,36089776,36089802,0,-27
chr18,36507897,36507915,36522354,36522381,0,14439
chr18,36509564,36509582,36522354,36522381,0,12772
chr18,37786771,37786789,37767012,37767027,0,-19744
chr18,38145842,38145860,38145583,38145605,0,-237
chr18,38147216,38147234,38145583,38145605,0,-1611
chr18,38151751,38151769,38151696,38151716,0,-35
chr18,38277990,38278008,38307290,38307319,0,29282
chr18,38802473,38802491,38802469,38802483,1,0
chr18,39020183,39020201,39023105,39023132,0,2904
chr18,39196730,39196748,39214474,39214489,1,17726
chr18,39409804,39409822,39413996,39414011,1,4174
chr18,39467868,39467887,39467848,39467867,0,-1
chr18,39558722,39558740,39553428,39553442,0,-5280
chr18,39615807,39615825,39616006,39616025,0,181
chr18,39854074,39854092,39855981,39856012,1,1889
chr18,39929461,39929480,39938877,39938900,0,9397
chr18,40083175,40083193,40029375,40029389,0,-53786
chr18,40261124,40261142,40267455,40267478,1,6313
chr18,42160497,42160515,42231595,42231614,1,71080
chr18,42790584,42790602,42790430,42790458,1,-126
chr18,43334721,43334739,43343874,43343894,1,9135
chr18,43422074,43422092,43422072,43422086,1,0
chr18,43660179,43660198,43658329,43658355,0,-1824
chr18,45742810,45742828,45751113,45751139,0,8285
chr18,46142749,46142767,46132604,46132619,1,-10130
chr18,46434661,46434680,46430433,46430447,0,-4214
chr18,46545150,46545169,46545318,46545333,1,149
chr18,46799182,46799200,46798778,46798806,1,-376
chr18,47293747,47293766,47290480,47290494,1,-3253
chr18,47432684,47432703,47432711,47432745,1,8
chr18,48634008,48634026,48634016,48634039,1,0
chr18,49559558,49559576,49581489,49581503,1,21913
chr18,50081576,50081595,50081560,50081588,1,0
chr18,50907683,50907701,50907747,50907762,0,46
chr18,51119507,51119525,51131495,51131514,0,11970
chr18,52125660,52125678,52125642,52125658,0,-2
chr18,52642733,52642751,52642813,52642829,0,62
chr18,52767539,52767557,52768848,52768866,1,1291
chr18,52790768,52790786,52777195,52777210,0,-13558
chr18,52968108,52968126,52918689,52918711,0,-49397
chr18,53038060,53038079,53059170,53059184,1,21091
chr18,53312275,53312293,53312256,53312278,1,0
chr18,53501619,53501637,53501620,53501635,.,0
chr18,53713946,53713964,53713812,53713828,1,-118
chr18,53824768,53824786,53828506,53828521,0,3720
chr18,53845480,53845499,53845514,53845538,0,15
chr18,53880219,53880237,53880141,53880163,1,-56
chr18,53888217,53888235,53888317,53888339,0,82
chr18,54139486,54139504,54122818,54122834,0,-16652
chr18,54825296,54825314,54821475,54821489,0,-3807
chr18,54833501,54833520,54839213,54839232,1,5693
chr18,55016047,55016065,55010557,55010605,1,-5442
chr18,55073328,55073346,55073724,55073739,0,378
chr18,55087988,55088006,55091997,55092011,1,3991
chr18,55108098,55108116,55091997,55092011,0,-16087
chr18,56132792,56132810,56136916,56136941,1,4106
chr18,56614763,56614781,56606796,56606814,0,-7949
chr18,57057333,57057351,57057203,57057217,0,-116
chr18,57850623,57850641,57845272,57845288,0,-5335
chr18,58012391,58012409,58009656,58009675,0,-2716
chr18,58489000,58489018,58466979,58466994,0,-22006
chr18,58618771,58618789,58633685,58633701,1,14896
chr18,59079860,59079878,59037836,59037852,1,-42008
chr18,60254534,60254553,60255345,60255361,0,792
chr18,60383110,60383128,60383150,60383164,0,22
chr18,60396401,60396420,60399621,60399637,0,3201
chr18,60536069,60536087,60536075,60536100,1,0
chr18,60542430,60542448,60536075,60536100,0,-6330
chr18,60867136,60867154,60871592,60871611,0,4438
chr18,60867297,60867315,60871592,60871611,0,4277
chr18,61043038,61043056,61033079,61033095,0,-9943
chr18,61072488,61072506,61074926,61074954,0,2420
chr18,61612804,61612822,61612779,61612798,1,-6
chr18,61766913,61766931,61767949,61767965,0,1018
chr18,61856284,61856303,61859390,61859417,0,3087
chr18,61946704,61946722,61943136,61943152,1,-3552
chr18,62046582,62046600,62046027,62046047,1,-535
chr18,62068663,62068682,62068644,62068660,0,-3
chr18,62232712,62232731,62230317,62230337,0,-2375
chr18,62800253,62800271,62800075,62800091,1,-162
chr18,63131260,63131278,63131111,63131131,1,-129
chr18,63199770,63199789,63210154,63210183,1,10365
chr18,64003035,64003053,64004054,64004078,0,1001
chr18,64685031,64685049,64680783,64680807,0,-4224
chr18,64744108,64744126,64745377,64745393,1,1251
chr18,65023895,65023914,65023887,65023902,1,0
chr18,65108972,65108991,65107705,65107727,1,-1245
chr18,65154376,65154395,65165677,65165763,0,11282
chr18,65169528,65169546,65165677,65165763,1,-3765
chr18,65228386,65228404,65214449,65214463,1,-13923
chr18,65679086,65679104,65684098,65684139,0,4994
chr18,65982860,65982879,66021585,66021649,1,38706
chr18,66556204,66556222,66556178,66556200,1,-4
chr18,66933825,66933843,66933830,66933864,1,0
chr18,66984388,66984406,66986499,66986537,0,2093
chr18,67569110,67569128,67569138,67569153,1,10
chr18,67607532,67607550,67607367,67607399,0,-133
chr18,67666801,67666820,67669214,67669235,1,2394
chr18,67700959,67700978,67701042,67701057,1,64
chr18,67918071,67918090,67918232,67918259,0,142
chr18,68145803,68145822,68153600,68153614,1,7778
chr18,68494137,68494155,68496063,68496082,1,1908
chr18,68671489,68671507,68673379,68673394,1,1872
chr18,68747723,68747742,68765637,68765653,1,17895
chr18,68922165,68922183,68926254,68926289,1,4071
chr18,68981523,68981542,68981497,68981516,0,-7
chr18,69051496,69051514,69051327,69051355,1,-141
chr18,69459956,69459975,69458399,69458415,1,-1541
chr18,69482599,69482617,69473649,69473664,0,-8935
chr18,69529247,69529265,69528016,69528035,0,-1212
chr18,69607024,69607042,69614566,69614580,0,7524
chr18,69648091,69648109,69649258,69649274,1,1149
chr18,69712415,69712434,69712407,69712422,1,0
chr18,70067052,70067070,70046464,70046480,1,-20572
chr18,70683622,70683640,70689649,70689663,1,6009
chr18,72718693,72718711,72718627,72718651,0,-42
chr18,72940861,72940879,72940796,72940810,0,-51
chr18,73502257,73502276,73511164,73511178,1,8888
chr18,74539220,74539238,74614383,74614402,0,75145
chr18,74645291,74645309,74614383,74614402,1,-30889
chr18,74808160,74808178,74812249,74812269,1,4071
chr18,75117865,75117883,75108571,75108614,0,-9251
chr18,75178511,75178529,75171876,75171890,0,-6621
chr18,75891075,75891093,75884137,75884151,1,-6924
chr18,77176006,77176024,77164677,77164691,0,-11315
chr18,78087338,78087357,78087363,78087378,0,6
chr18,78805284,78805302,78805151,78805245,1,-39
chr18,78996634,78996653,78996503,78996533,1,-101
chr18,79384167,79384185,79373752,79373766,0,-10401
chr18,80057075,80057093,80068545,80068563,1,11452
chr18,80110167,80110185,80110018,80110044,1,-123
chr18,80242210,80242228,80267370,80267392,0,25142
chr18,80546508,80546526,80546514,80546543,1,0
chr18,80844265,80844284,80843907,80843922,1,-343
chr18,80997197,80997215,80990746,80990764,1,-6433
chr18,82034655,82034673,82034758,82034778,1,85
chr18,82086134,82086152,82070778,82070797,1,-15337
chr18,82244849,82244867,82231184,82231200,0,-13649
chr18,82433688,82433706,82492133,82492170,0,58427
chr18,82547846,82547864,82493287,82493303,1,-54543
chr18,82894897,82894915,82894924,82894947,1,9
chr18,83422929,83422947,83424132,83424148,1,1185
chr18,83613905,83613924,83613886,83613914,1,0
chr18,83695770,83695789,83698701,83698716,1,2912
chr18,83932852,83932870,83961350,83961372,1,28480
chr18,83938701,83938719,83961350,83961372,1,22631
chr18,84350458,84350476,84354546,84354561,0,4070
chr18,84376751,84376769,84371412,84371432,0,-5319
chr18,84411493,84411511,84413689,84413708,1,2178
chr18,84520696,84520714,84522418,84522437,1,1704
chr18,84616643,84616661,84616681,84616700,1,20
chr18,84740732,84740750,84758744,84758759,1,17994
chr18,88674167,88674186,88735944,88735960,1,61758
chr18,88782815,88782833,88782987,88783003,1,154
chr18,88848079,88848097,88848121,88848136,1,24
chr18,88931531,88931549,88910522,88910544,0,-20987
chr18,89820325,89820343,89820473,89820489,0,130
chr19,3522297,3522315,3526184,3526199,1,3869
chr19,3558759,3558777,3558983,3558997,1,206
chr19,4660723,4660742,4644368,4644388,1,-16335
chr19,6684230,6684248,6684275,6684301,1,27
chr19,7307192,7307211,7309855,7309869,1,2644
chr19,7463504,7463522,7463647,7463675,1,125
chr19,8536303,8536321,8530179,8530200,0,-6103
chr19,8642245,8642264,8651815,8651831,0,9551
chr19,9023385,9023404,9022993,9023009,0,-376
chr19,10018645,10018663,9999094,9999116,0,-19529
chr19,10037591,10037609,10052707,10052722,0,15098
chr19,10277937,10277956,10284701,10284717,0,6745
chr19,10303477,10303495,10308454,10308477,1,4959
chr19,10341355,10341373,10323493,10323516,0,-17839
chr19,11810434,11810452,11811076,11811090,1,624
chr19,11812148,11812166,11811076,11811090,0,-1058
chr19,12196330,12196348,12196339,12196366,1,0
chr19,12440169,12440187,12440309,12440331,1,122
chr19,14541049,14541067,14543343,14543371,1,2276
chr19,14641334,14641352,14651004,14651020,1,9652
chr19,15481878,15481896,15519282,15519303,1,37386
chr19,16167439,16167458,16167031,16167050,1,-389
chr19,16182144,16182162,16187216,16187239,0,5054
chr19,16198767,16198786,16200435,16200455,1,1649
chr19,16285303,16285321,16286674,16286705,0,1353
chr19,16285796,16285814,16286674,16286705,0,860
chr19,16608292,16608310,16625823,16625838,1,17513
chr19,16756104,16756123,16757708,16757735,0,1585
chr19,16827974,16827992,16815423,16815449,0,-12525
chr19,17031004,17031022,17020879,17020895,1,-10109
chr19,17096757,17096775,17081740,17081755,0,-15002
chr19,17182007,17182025,17182039,17182055,0,14
chr19,17224680,17224699,17218811,17218839,0,-5841
chr19,17238654,17238672,17247529,17247543,1,8857
chr19,17326592,17326610,17326573,17326588,0,-4
chr19,17346509,17346527,17345855,17345871,1,-638
chr19,18068142,18068161,17857016,17857031,0,-211111
chr19,19440257,19440275,19414545,19414559,0,-25698
chr19,19783699,19783717,19783654,19783669,0,-30
chr19,20902814,20902832,20901579,20901616,0,-1198
chr19,20974312,20974330,20979522,20979541,0,5192
chr19,21201960,21201978,21211821,21211843,0,9843
chr19,21335870,21335888,21336289,21336305,0,401
chr19,21399330,21399348,21406183,21406205,1,6835
chr19,21612256,21612275,21615285,21615301,1,3010
chr19,21613287,21613305,21615285,21615301,1,1980
chr19,21833695,21833713,21824507,21824523,1,-9172
chr19,22342756,22342774,22343636,22343650,0,862
chr19,23153884,23153903,23152276,23152302,0,-1582
chr19,23362587,23362606,23362588,23362603,.,0
chr19,23850270,23850288,23847859,23847891,1,-2379
chr19,23978167,23978185,23978116,23978140,0,-27
chr19,23984396,23984414,23978116,23978140,0,-6256
chr19,23987384,23987402,23978116,23978140,0,-9244
chr19,24529510,24529529,24529593,24529607,1,64
chr19,25248110,25248128,25232205,25232224,0,-15886
chr19,25636089,25636108,25640991,25641027,0,4883
chr19,26697249,26697267,26666460,26666486,1,-30763
chr19,26999764,26999782,26999813,26999833,0,31
chr19,27144271,27144289,27144243,27144262,1,-9
chr19,27351938,27351956,27356474,27356493,1,4518
chr19,27356463,27356481,27356474,27356493,1,0
chr19,27563979,27563997,27609122,27609149,0,45125
chr19,27612446,27612465,27612575,27612598,0,110
chr19,27927972,27927990,27931392,27931412,1,3402
chr19,27968408,27968426,27990952,27990971,1,22526
chr19,28328645,28328663,28328712,28328728,0,49
chr19,28501522,28501541,28487890,28487906,0,-13616
chr19,28636216,28636234,28636267,28636290,1,33
chr19,28759079,28759097,28773409,28773439,1,14312
chr19,29011530,29011548,29011516,29011538,1,0
chr19,29168113,29168131,29168086,29168100,0,-13
chr19,29292716,29292735,29308948,29308980,0,16213
chr19,29400745,29400764,29400788,29400810,0,24
chr19,29499306,29499324,29504414,29504430,0,5090
chr19,29571189,29571207,29572408,29572423,0,1201
chr19,29659161,29659179,29659166,29659191,1,0
chr19,30107568,30107587,30113554,30113570,1,5967
chr19,31402103,31402121,31405184,31405206,1,3063
chr19,31593993,31594012,31593989,31594003,1,0
chr19,31743327,31743345,31743297,31743313,0,-14
chr19,31779229,31779248,31764406,31764420,0,-14809
chr19,32135724,32135743,32135047,32135069,0,-655
chr19,32147743,32147761,32147787,32147802,1,26
chr19,32223856,32223874,32223988,32224008,0,114
chr19,32303400,32303418,32304422,32304444,1,1004
chr19,32626874,32626892,32621639,32621655,0,-5219
chr19,32790396,32790414,32789807,32789829,1,-567
chr19,32818880,32818898,32825184,32825200,0,6286
chr19,32874623,32874642,32869751,32869766,1,-4857
chr19,33209809,33209827,33209516,33209557,1,-252
chr19,34074260,34074278,34058223,34058237,0,-16023
chr19,34207347,34207366,34213057,34213075,1,5691
chr19,34569150,34569168,34565512,34565531,1,-3619
chr19,34897682,34897700,34904820,34904856,0,7120
chr19,36016498,36016516,36014011,36014025,0,-2473
chr19,36257833,36257852,36257822,36257838,1,0
chr19,36731643,36731662,36738252,36738281,1,6590
chr19,36902922,36902940,36903128,36903163,0,188
chr19,37108418,37108437,37108083,37108122,1,-296
chr19,37347882,37347900,37351120,37351145,1,3220
chr19,37357716,37357735,37358125,37358144,1,390
chr19,37696699,37696717,37695758,37695796,1,-903
chr19,37698922,37698940,37695758,37695796,1,-3126
chr19,37724704,37724722,37724698,37724714,1,0
chr19,38011615,38011633,38013067,38013089,0,1434
chr19,38433612,38433630,38433716,38433730,1,86
chr19,38642001,38642020,38641870,38641892,0,-109
chr19,40334098,40334116,40333993,40334024,1,-74
chr19,40395794,40395812,40400750,40400767,0,4938
chr19,40441196,40441214,40437866,40437885,0,-3311
chr19,40626492,40626511,40626351,40626365,0,-127
chr19,41092109,41092127,41092016,41092032,0,-77
chr19,41764790,41764808,41765052,41765067,0,244
chr19,41769140,41769158,41769304,41769326,1,146
chr19,41773862,41773881,41774262,41774278,1,381
chr19,42158364,42158382,42158409,42158423,1,27
chr19,42256539,42256557,42256534,42256549,1,0
chr19,42922729,42922747,42921944,42921990,0,-739
chr19,43188752,43188770,43188665,43188681,1,-71
chr19,43464146,43464164,43487501,43487534,0,23337
chr19,43816210,43816228,43815665,43815687,1,-523
chr19,44487339,44487357,44496514,44496530,1,9157
chr19,45238250,45238268,45238374,45238389,0,106
chr19,45333116,45333135,45333270,45333286,1,135
chr19,45346282,45346301,45346269,45346293,1,0
chr19,45460790,45460809,45483853,45483878,0,23044
chr19,45538081,45538100,45528015,45528029,0,-10052
chr19,45594892,45594911,45601864,45601879,1,6953
chr19,45958619,45958637,45958607,45958623,1,0
chr19,46248992,46249010,46248643,46248659,1,-333
chr19,46275529,46275548,46282454,46282473,1,6906
chr19,46561230,46561249,46562182,46562221,0,933
chr19,46662393,46662411,46666543,46666570,1,4132
chr19,46823149,46823167,46822932,46822955,0,-194
chr19,47155019,47155037,47155111,47155135,1,74
chr19,47188658,47188676,47190521,47190535,1,1845
chr19,47943150,47943168,47979397,47979411,0,36229
chr19,49443858,49443876,48949366,48949382,1,-494476
chr19,50246148,50246166,50246159,50246175,1,0
chr19,52531561,52531579,52623603,52623623,1,92024
chr19,53078997,53079016,53087143,53087167,0,8127
chr19,53131427,53131446,53128383,53128399,0,-3028
chr19,53852846,53852864,53855594,53855610,0,2730
chr19,53862707,53862725,53858828,53858850,0,-3857
chr19,53983456,53983474,53983598,53983622,0,124
chr19,54151963,54151982,54176027,54176043,0,24045
chr19,54152074,54152093,54176027,54176043,0,23934
chr19,54248753,54248771,54248799,54248813,1,28
chr19,55275164,55275182,55265509,55265524,1,-9640
chr19,55462507,55462525,55454824,55454840,1,-7667
chr19,55609968,55609986,55609918,55609934,1,-34
chr19,55618771,55618790,55616021,55616036,1,-2735
chr19,55712824,55712842,55713019,55713062,1,177
chr19,55730771,55730790,55730762,55730784,1,0
chr19,56173368,56173386,56227535,56227551,0,54149
chr19,56370454,56370472,56370463,56370479,1,0
chr19,56756489,56756507,56724684,56724711,0,-31778
chr19,57169710,57169728,57161361,57161375,1,-8335
chr19,58348460,58348478,58348810,58348832,0,332
chr19,59042939,59042958,59037643,59037659,0,-5280
chr19,60464220,60464238,60477997,60478011,1,13759
chr19,60955985,60956004,60956256,60956297,1,252
chr19,61053016,61053034,61052877,61052893,1,-123
chr19,61057564,61057582,61056608,61056628,0,-936
chr2,3089562,3089580,3111795,3111810,0,22215
chr2,3348720,3348738,3298100,3298115,1,-50605
chr2,3356039,3356057,3298100,3298115,1,-57924
chr2,3471761,3471779,3474339,3474354,1,2560
chr2,4166410,4166428,4166256,4166278,1,-132
chr2,4256384,4256402,4253690,4253724,1,-2660
chr2,4344600,4344618,4353081,4353101,1,8463
chr2,4372971,4372989,4372957,4372982,1,0
chr2,4402926,4402944,4402796,4402820,0,-106
chr2,4454579,4454597,4454541,4454557,0,-22
chr2,5346370,5346388,5314691,5314707,0,-31663
chr2,5977670,5977688,5974772,5974800,0,-2870
chr2,7534701,7534719,7480800,7480824,0,-53877
chr2,8341811,8341829,8370900,8370914,1,29071
chr2,8380472,8380491,8370900,8370914,0,-9558
chr2,8774857,8774875,8796927,8796943,1,22052
chr2,8797051,8797069,8796927,8796943,0,-108
chr2,9637627,9637645,9634765,9634783,0,-2844
chr2,9847647,9847665,9847643,9847663,1,0
chr2,10098833,10098852,10094390,10094406,1,-4427
chr2,10276377,10276395,10284703,10284723,1,8308
chr2,10312470,10312488,10312460,10312483,1,0
chr2,10383444,10383463,10386893,10386914,0,3430
chr2,11454790,11454808,11457979,11457995,1,3171
chr2,11487675,11487693,11487494,11487514,0,-161
chr2,11969331,11969349,11972073,11972095,1,2724
chr2,12049650,12049669,12050085,12050113,0,416
chr2,12059706,12059724,12059798,12059812,0,74
chr2,12138962,12138980,12151640,12151661,1,12660
chr2,12227143,12227161,12216340,12216354,1,-10789
chr2,12312619,12312637,12312703,12312717,1,66
chr2,13205090,13205108,13204998,13205020,0,-70
chr2,13386128,13386146,13386003,13386017,0,-111
chr2,13399891,13399909,13396551,13396570,0,-3321
chr2,13430314,13430332,13430298,13430313,0,-1
chr2,13472562,13472580,13472524,13472562,0,0
chr2,13628200,13628218,13635089,13635111,0,6871
chr2,14053895,14053914,14048596,14048615,0,-5280
chr2,14154678,14154696,14157878,14157926,0,3182
chr2,14252190,14252208,14250247,14250266,0,-1924
chr2,14936738,14936756,14933107,14933123,0,-3615
chr2,15027478,15027496,15104345,15104361,1,76849
chr2,15027566,15027584,15104345,15104361,1,76761
chr2,15150386,15150404,15150407,15150423,1,3
chr2,15202273,15202291,15206075,15206095,0,3784
chr2,16169491,16169509,16169561,16169606,0,52
chr2,16182964,16182982,16183240,16183264,0,258
chr2,16387678,16387696,16387831,16387867,0,135
chr2,16403532,16403550,16403423,16403466,1,-66
chr2,16407694,16407713,16404012,16404028,0,-3666
chr2,16443986,16444004,16441986,16442005,1,-1981
chr2,16491502,16491520,16484035,16484063,0,-7439
chr2,16709541,16709560,16732620,16732642,1,23060
chr2,17531573,17531591,17539087,17539101,1,7496
chr2,17910081,17910100,17917827,17917849,1,7727
chr2,17964192,17964210,17964163,17964179,1,-13
chr2,18159719,18159737,18159720,18159735,.,0
chr2,18517325,18517343,18517300,18517322,0,-3
chr2,18734498,18734517,18717751,18717770,1,-16728
chr2,18857482,18857500,18858093,18858111,1,593
chr2,19640132,19640150,19646433,19646453,0,6283
chr2,20547637,20547655,20525939,20525962,0,-21675
chr2,21146705,21146723,21146710,21146726,1,0
chr2,22690087,22690105,22672860,22672874,0,-17213
chr2,22843473,22843491,22857651,22857665,1,14160
chr2,22941434,22941452,22939798,22939814,1,-1620
chr2,24046630,24046648,24046609,24046625,0,-5
chr2,24048499,24048518,24048398,24048412,1,-87
chr2,24182802,24182820,24182813,24182835,1,0
chr2,24187682,24187700,24184472,24184520,0,-3162
chr2,24295227,24295245,24310948,24310964,0,15703
chr2,24310969,24310987,24310948,24310964,1,-5
chr2,24841896,24841915,24863105,24863134,1,21190
chr2,24850631,24850650,24863105,24863134,1,12455
chr2,25004195,25004213,25004205,25004230,1,0
chr2,26054110,26054128,26055700,26055730,0,1572
chr2,26065463,26065481,26055808,26055856,0,-9607
chr2,26773454,26773473,26740337,26740351,0,-33103
chr2,27046053,27046072,27038866,27038888,1,-7165
chr2,27356179,27356197,27355759,27355775,0,-404
chr2,27492958,27492976,27494043,27494062,0,1067
chr2,27590724,27590743,27590709,27590736,1,0
chr2,27691330,27691349,27703336,27703367,1,11987
chr2,27697692,27697711,27703336,27703367,1,5625
chr2,27714267,27714286,27703336,27703367,0,-10900
chr2,27728064,27728082,27730930,27730945,0,2848
chr2,27874954,27874973,27897306,27897321,0,22333
chr2,28110874,28110893,28139295,28139321,1,28402
chr2,28299776,28299794,28218054,28218076,1,-81700
chr2,28426675,28426693,28423778,28423797,1,-2878
chr2,28727818,28727837,28684572,28684588,1,-43230
chr2,29243537,29243555,29216337,29216357,0,-27180
chr2,29266872,29266890,29271899,29271915,0,5009
chr2,29430802,29430820,29425148,29425170,1,-5632
chr2,29554182,29554200,29544393,29544412,0,-9770
chr2,29689545,29689563,29691814,29691829,0,2251
chr2,30897155,30897174,30897160,30897180,1,0
chr2,31202571,31202590,31206589,31206615,1,3999
chr2,31707053,31707072,31707059,31707081,1,0
chr2,31771320,31771338,31809237,31809252,0,37899
chr2,31914266,31914285,31915402,31915456,0,1117
chr2,31959861,31959880,31998678,31998704,1,38798
chr2,32942515,32942533,32947478,32947504,1,4945
chr2,33127553,33127571,33127563,33127578,1,0
chr2,33581665,33581683,33559870,33559886,0,-21779
chr2,33682370,33682388,33682341,33682359,0,-11
chr2,33818618,33818636,33846371,33846391,1,27735
chr2,33838405,33838423,33846371,33846391,1,7948
chr2,33868934,33868952,33868877,33868893,0,-41
chr2,34198863,34198881,34198884,34198908,1,3
chr2,34249757,34249776,34226375,34226416,1,-23341
chr2,34883442,34883460,34840283,34840299,1,-43143
chr2,35183349,35183367,35184153,35184179,1,786
chr2,35189042,35189060,35189048,35189067,1,0
chr2,35476482,35476501,35476358,35476372,0,-110
chr2,35614265,35614283,35623087,35623103,0,8804
chr2,35755576,35755595,35755557,35755571,1,-5
chr2,36247149,36247168,36244091,36244107,1,-3042
chr2,37575923,37575941,37597842,37597861,1,21901
chr2,38147911,38147929,38154796,38154815,0,6867
chr2,38379390,38379408,38368671,38368685,1,-10705
chr2,43269809,43269827,43273926,43273946,1,4099
chr2,43916652,43916671,43916455,43916488,0,-164
chr2,44030211,44030229,44023060,44023076,0,-7135
chr2,44094673,44094691,44087091,44087114,1,-7559
chr2,44597210,44597228,44574025,44574039,0,-23171
chr2,44901994,44902012,44902417,44902433,0,405
chr2,45042280,45042298,45041972,45041988,0,-292
chr2,45151868,45151886,45153578,45153600,0,1692
chr2,45285157,45285175,45287733,45287762,1,2558
chr2,45296987,45297005,45288673,45288687,1,-8300
chr2,45951650,45951669,45951655,45951670,.,0
chr2,46312819,46312837,46311372,46311386,0,-1433
chr2,46533582,46533600,46533244,46533264,1,-318
chr2,46539050,46539068,46533244,46533264,1,-5786
chr2,48754770,48754789,48754961,48754985,1,172
chr2,48766629,48766647,48766618,48766634,1,0
chr2,49154234,49154252,49153736,49153762,1,-472
chr2,49350297,49350316,49358229,49358248,1,7913
chr2,49425718,49425736,49425658,49425677,0,-41
chr2,49780722,49780740,49775284,49775306,1,-5416
chr2,49926104,49926122,49965185,49965201,1,39063
chr2,50067088,50067106,50067116,50067132,0,10
chr2,50096448,50096466,50112714,50112728,0,16248
chr2,50539861,50539879,50540209,50540225,1,330
chr2,50573215,50573233,50573557,50573573,0,324
chr2,50635575,50635593,50635576,50635605,1,0
chr2,50676368,50676386,50690702,50690722,1,14316
chr2,50802694,50802712,50802686,50802701,1,0
chr2,50824509,50824528,50826719,50826735,1,2191
chr2,50888917,50888935,50891369,50891384,1,2434
chr2,50983015,50983033,50983021,50983046,1,0
chr2,50983985,50984004,50983021,50983046,0,-939
chr2,51056266,51056284,51055573,51055592,0,-674
chr2,51376243,51376261,51376853,51376873,0,592
chr2,51626199,51626217,51626287,51626304,1,70
chr2,51915077,51915096,51915240,51915256,1,144
chr2,51953943,51953962,51953920,51953947,1,0
chr2,52391161,52391179,52394796,52394820,0,3617
chr2,52466414,52466432,52466324,52466345,1,-69
chr2,52526139,52526157,52527481,52527553,1,1324
chr2,52622761,52622779,52605594,52605609,0,-17152
chr2,52822270,52822288,52805083,52805097,0,-17173
chr2,52846749,52846767,52845593,52845609,0,-1140
chr2,52979600,52979618,52979791,52979811,0,173
chr2,53004301,53004319,53004491,53004537,1,172
chr2,53672589,53672608,53668871,53668886,0,-3703
chr2,56953569,56953587,56964080,56964102,1,10493
chr2,57365505,57365523,57365433,57365453,0,-52
chr2,57902793,57902811,57902722,57902742,1,-51
chr2,58436920,58436939,58436861,58436880,1,-40
chr2,58489822,58489841,58489773,58489800,1,-22
chr2,58503622,58503640,58496760,58496789,0,-6833
chr2,58558912,58558930,58559070,58559085,1,140
chr2,58978264,58978282,58972377,58972400,1,-5864
chr2,59228752,59228771,59228744,59228759,1,0
chr2,59539969,59539988,59539891,59539913,0,-56
chr2,59624161,59624180,59642913,59642927,1,18733
chr2,59740633,59740651,59726731,59726745,1,-13888
chr2,59740703,59740721,59726731,59726745,1,-13958
chr2,59748001,59748019,59762579,59762598,1,14560
chr2,59757098,59757116,59762579,59762598,1,5463
chr2,59828761,59828779,59830337,59830356,0,1558
chr2,59961801,59961819,59961624,59961661,1,-140
chr2,59969196,59969214,59976487,59976511,1,7273
chr2,60155753,60155771,60167025,60167041,0,11254
chr2,60370112,60370130,60370287,60370307,0,157
chr2,60444846,60444864,60445519,60445546,0,655
chr2,60608251,60608269,60608284,60608298,1,15
chr2,61079770,61079789,61079737,61079753,0,-17
chr2,61315356,61315375,61312366,61312385,0,-2971
chr2,61316440,61316458,61312366,61312385,0,-4055
chr2,61533328,61533346,61533298,61533320,0,-8
chr2,61561481,61561500,61567132,61567175,0,5632
chr2,62516839,62516857,62555983,62555999,0,39126
chr2,63087061,63087079,63086984,63086998,1,-63
chr2,65224033,65224052,65223112,65223128,0,-905
chr2,65393271,65393289,65396312,65396326,0,3023
chr2,65540921,65540939,65539833,65539852,1,-1069
chr2,65920814,65920832,65919635,65919653,0,-1161
chr2,66142166,66142184,66148803,66148822,1,6619
chr2,66144893,66144911,66148803,66148822,1,3892
chr2,66206608,66206626,66207372,66207400,1,746
chr2,66772710,66772728,66784935,66784954,0,12207
chr2,67122426,67122444,67122393,67122407,0,-19
chr2,68450475,68450494,68451377,68451421,0,883
chr2,68733327,68733345,68759701,68759720,0,26356
chr2,69047412,69047431,69054088,69054104,0,6657
chr2,69051757,69051775,69054088,69054104,0,2313
chr2,69493382,69493400,69492526,69492540,0,-842
chr2,70506022,70506040,70505423,70505439,0,-583
chr2,70608683,70608701,70608674,70608689,1,0
chr2,70672472,70672490,70672485,70672501,1,0
chr2,70871135,70871153,70871115,70871137,1,0
chr2,71104871,71104890,71105808,71105823,1,918
chr2,71327038,71327057,71326884,71326908,1,-130
chr2,71696874,71696893,71682429,71682445,1,-14429
chr2,71752256,71752274,71752249,71752272,0,0
chr2,71767488,71767507,71766205,71766221,1,-1267
chr2,72079372,72079391,72078156,72078171,0,-1201
chr2,72197192,72197210,72200573,72200589,1,3363
chr2,72297709,72297728,72297392,72297414,1,-295
chr2,72551457,72551475,72554567,72554615,1,3092
chr2,73055936,73055954,73056649,73056668,0,695
chr2,73944724,73944742,73944351,73944373,1,-351
chr2,74606496,74606514,74606537,74606559,1,23
chr2,74642721,74642740,74642798,74642812,0,58
chr2,75220996,75221015,75220895,75220912,0,-84
chr2,76065294,76065312,76067388,76067408,1,2076
chr2,76927125,76927143,76970876,76970892,0,43733
chr2,76951383,76951401,76970876,76970892,0,19475
chr2,77456861,77456879,77417903,77417917,1,-38944
chr2,77527077,77527095,77527066,77527088,1,0
chr2,78390612,78390630,78409572,78409591,1,18942
chr2,78608133,78608151,78587711,78587726,1,-20407
chr2,79023064,79023082,79036101,79036129,0,13019
chr2,79370708,79370732,79363981,79364000,0,-6708
chr2,79543739,79543757,79543585,79543603,1,-136
chr2,79698791,79698809,79698445,79698461,1,-330
chr2,79836472,79836490,79836491,79836510,0,1
chr2,80036636,80036654,80036608,80036623,0,-13
chr2,80110683,80110701,80110608,80110627,1,-56
chr2,80435583,80435601,80435111,80435153,0,-430
chr2,84258247,84258265,84259532,84259547,1,1267
chr2,84511210,84511228,84520600,84520615,0,9372
chr2,84623262,84623281,84623415,84623436,1,134
chr2,84996570,84996589,84996559,84996579,1,0
chr2,85112861,85112880,85107299,85107314,1,-5547
chr2,86196083,86196102,86175683,86175699,1,-20384
chr2,90528252,90528271,90527290,90527321,0,-931
chr2,91013683,91013701,91023367,91023381,0,9666
chr2,91333802,91333820,91347852,91347872,0,14032
chr2,92099270,92099288,92098756,92098772,1,-498
chr2,92240376,92240394,92240329,92240345,1,-31
chr2,93110150,93110169,93110146,93110160,1,0
chr2,93110244,93110262,93110146,93110160,1,-84
chr2,93238068,93238086,93224959,93225022,1,-13046
chr2,93287538,93287556,93293503,93293521,0,5947
chr2,93411888,93411906,93293503,93293521,1,-118367
chr2,94059689,94059707,94066251,94066267,1,6544
chr2,94465941,94465959,94465934,94465950,1,0
chr2,97238776,97238795,97506871,97506887,1,268076
chr2,101107697,101107715,101159354,101159384,1,51639
chr2,101563330,101563348,101563814,101563841,1,466
chr2,101696309,101696327,101699286,101699302,0,2959
chr2,101698135,101698153,101699286,101699302,0,1133
chr2,101783483,101783501,101783465,101783496,1,0
chr2,102103398,102103416,102103385,102103404,1,0
chr2,102110543,102110561,102117186,102117205,1,6625
chr2,102188873,102188891,102188825,102188839,0,-34
chr2,102434722,102434741,102453490,102453517,0,18749
chr2,102595609,102595628,102599643,102599659,0,4015
chr2,102616796,102616814,102615657,102615671,0,-1125
chr2,102662486,102662505,102661364,102661379,1,-1107
chr2,103026128,103026146,103063010,103063034,1,36864
chr2,103336898,103336916,103341686,103341713,0,4770
chr2,103345439,103345457,103345533,103345555,0,76
chr2,103506335,103506354,103506341,103506374,1,0
chr2,103600438,103600456,103600888,103600920,0,432
chr2,103604423,103604441,103600888,103600920,1,-3503
chr2,103696472,103696491,103696299,103696321,1,-151
chr2,103816210,103816228,103834053,103834079,0,17825
chr2,103891507,103891525,103890621,103890636,1,-871
chr2,103932341,103932359,103932332,103932351,1,0
chr2,104343209,104343227,104338125,104338164,1,-5045
chr2,104473977,104473995,104469603,104469617,0,-4360
chr2,105073226,105073245,105072846,105072868,0,-358
chr2,105133586,105133605,105133742,105133769,0,137
chr2,106722908,106722927,106722884,106722900,0,-8
chr2,108690257,108690275,108688797,108688813,0,-1444
chr2,109766086,109766104,109658518,109658534,1,-107552
chr2,109985143,109985161,109992571,109992585,1,7410
chr2,110273641,110273659,110273779,110273793,0,120
chr2,113491526,113491544,113491533,113491572,1,0
chr2,113538006,113538025,113527390,113527423,1,-10583
chr2,113539482,113539500,113527390,113527423,1,-12059
chr2,113870087,113870105,113868570,113868593,1,-1494
chr2,113893955,113893973,113900678,113900700,1,6705
chr2,113936659,113936678,113936501,113936519,0,-140
chr2,114027647,114027665,114040266,114040285,0,12601
chr2,114087669,114087687,114093577,114093599,1,5890
chr2,115037919,115037937,115014921,115014935,0,-22984
chr2,115631922,115631940,115631910,115631932,1,0
chr2,115638669,115638687,115645174,115645190,0,6487
chr2,115644979,115644997,115645174,115645190,0,177
chr2,115687794,115687812,115698198,115698220,1,10386
chr2,115741083,115741101,115742912,115742926,0,1811
chr2,116955185,116955203,116943258,116943274,1,-11911
chr2,117108316,117108334,117108304,117108319,1,0
chr2,117135149,117135167,117135326,117135342,0,159
chr2,117143235,117143253,117148228,117148242,0,4975
chr2,117800646,117800664,117800715,117800732,0,51
chr2,117851560,117851578,117842985,117843020,0,-8540
chr2,117852069,117852087,117842985,117843020,0,-9049
chr2,117867556,117867574,117862569,117862584,1,-4972
chr2,119364149,119364167,119360214,119360236,1,-3913
chr2,119380599,119380617,119370767,119370829,0,-9770
chr2,119686919,119686938,119692431,119692447,0,5493
chr2,119687003,119687021,119692431,119692447,0,5410
chr2,120106156,120106174,120106080,120106100,1,-56
chr2,120123776,120123794,120125823,120125840,1,2029
chr2,120231150,120231168,120245528,120245553,1,14360
chr2,120473695,120473713,120470639,120470662,1,-3033
chr2,120481636,120481654,120481737,120481761,0,83
chr2,120660632,120660650,120660547,120660571,0,-61
chr2,121699623,121699641,121698946,121698960,0,-663
chr2,122104882,122104900,122104853,122104879,1,-3
chr2,122259345,122259364,122266949,122266965,0,7585
chr2,122533663,122533682,122524308,122524330,1,-9333
chr2,122719294,122719312,122716050,122716078,1,-3216
chr2,123401006,123401024,123401033,123401056,0,9
chr2,124129099,124129118,124170325,124170341,1,41207
chr2,124137596,124137615,124170325,124170341,1,32710
chr2,124581405,124581424,124573880,124573897,0,-7508
chr2,124581434,124581452,124573880,124573897,0,-7537
chr2,124745195,124745214,124753580,124753602,1,8366
chr2,124848999,124849017,124863604,124863644,0,14587
chr2,125024452,125024470,125014649,125014675,0,-9777
chr2,125182809,125182828,125173346,125173362,0,-9447
chr2,125275747,125275765,125273382,125273396,0,-2351
chr2,125342052,125342070,125349151,125349167,0,7081
chr2,125442604,125442622,125442708,125442728,1,86
chr2,125643326,125643344,125696252,125696276,1,52908
chr2,126034705,126034723,126034697,126034713,1,0
chr2,126038385,126038403,126039869,126039885,1,1466
chr2,126363179,126363198,126363298,126363314,1,100
chr2,126466571,126466590,126458906,126458920,1,-7651
chr2,126476248,126476267,126479066,126479088,1,2799
chr2,127286931,127286949,127286919,127286934,1,0
chr2,127854514,127854532,127873887,127873903,1,19355
chr2,127891420,127891439,127889618,127889645,1,-1775
chr2,128655314,128655332,128655399,128655419,1,67
chr2,128782074,128782092,128782223,128782245,0,131
chr2,128878597,128878616,128878865,128878880,0,249
chr2,128881406,128881424,128881344,128881372,1,-34
chr2,129422458,129422477,129414796,129414818,0,-7640
chr2,129903478,129903496,129903665,129903680,0,169
chr2,129914338,129914357,129918478,129918492,1,4121
chr2,130475990,130476008,130475929,130475943,1,-47
chr2,131045539,131045557,131049316,131049332,1,3759
chr2,131047537,131047556,131049316,131049332,1,1760
chr2,131086206,131086225,131087446,131087496,1,1221
chr2,131093556,131093574,131093721,131093747,1,147
chr2,131440961,131440979,131443527,131443541,0,2548
chr2,131454373,131454391,131456884,131456906,1,2493
chr2,131639056,131639075,131639114,131639128,1,39
chr2,131655071,131655090,131639114,131639128,0,-15943
chr2,131885972,131885990,131878559,131878581,1,-7391
chr2,132064497,132064515,132064470,132064486,0,-11
chr2,132710754,132710773,132711022,132711037,1,249
chr2,133021065,133021084,133021343,133021357,1,259
chr2,133022345,133022363,133021689,133021705,0,-640
chr2,133335156,133335174,133320454,133320476,0,-14680
chr2,133444934,133444952,133444923,133444939,1,0
chr2,133502989,133503008,133506322,133506337,1,3314
chr2,133667772,133667791,133677087,133677103,1,9296
chr2,133791407,133791426,133793436,133793465,1,2010
chr2,133803024,133803042,133803281,133803316,0,239
chr2,134029807,134029826,134017237,134017253,1,-12554
chr2,134343088,134343106,134342647,134342666,1,-422
chr2,134726064,134726083,134697241,134697261,1,-28803
chr2,135035889,135035907,135035825,135035841,1,-48
chr2,135493216,135493234,135487188,135487215,1,-6001
chr2,135725461,135725480,135725473,135725495,1,0
chr2,135743421,135743439,135738593,135738612,1,-4809
chr2,135775652,135775671,135775138,135775160,1,-492
chr2,135797230,135797248,135796892,135796906,1,-324
chr2,135917118,135917136,135926300,135926326,0,9164
chr2,135932336,135932355,135934440,135934459,0,2085
chr2,136914394,136914413,136914420,136914439,0,7
chr2,136949011,136949029,136955603,136955619,0,6574
chr2,136965478,136965496,136965545,136965573,0,49
chr2,137042997,137043015,137050035,137050051,0,7020
chr2,137333379,137333397,137333308,137333331,0,-48
chr2,137575125,137575143,137575117,137575133,1,0
chr2,137663273,137663292,137663315,137663330,1,23
chr2,137777665,137777684,137808186,137808206,1,30502
chr2,138281692,138281710,138279980,138280001,1,-1691
chr2,138603707,138603725,138603566,138603588,0,-119
chr2,139778336,139778354,139735892,139735908,1,-42428
chr2,140569203,140569222,140565464,140565492,1,-3711
chr2,140704398,140704416,140701399,140701426,0,-2972
chr2,140721185,140721203,140718412,140718428,1,-2757
chr2,140934656,140934674,140934797,140934825,0,123
chr2,141033416,141033435,141011194,141011210,1,-22206
chr2,141274429,141274448,141274455,141274471,1,7
chr2,141292996,141293015,141286064,141286078,1,-6918
chr2,141700874,141700892,141701018,141701034,0,126
chr2,142544919,142544937,142660879,142660895,1,115942
chr2,142719632,142719650,142699054,142699068,1,-20564
chr2,142929468,142929486,142928281,142928295,0,-1173
chr2,143117733,143117752,143075425,143075441,1,-42292
chr2,143876304,143876322,143876293,143876309,1,0
chr2,144176660,144176678,144178329,144178353,1,1651
chr2,144429762,144429781,144441732,144441748,0,11951
chr2,144575282,144575301,144588987,144589007,1,13686
chr2,144588965,144588983,144588987,144589007,1,4
chr2,144637380,144637398,144637371,144637385,1,0
chr2,144745318,144745336,144745326,144745362,1,0
chr2,145185959,145185977,145185922,145185938,1,-21
chr2,145402349,145402367,145448737,145448756,0,46370
chr2,145563364,145563382,145563184,145563218,1,-146
chr2,145649756,145649775,145649922,145649936,0,147
chr2,145655720,145655738,145657162,145657176,0,1424
chr2,145711723,145711741,145719645,145719680,1,7904
chr2,145859442,145859460,145861939,145861970,0,2479
chr2,146027722,146027740,146036642,146036656,1,8902
chr2,146049459,146049477,146050470,146050502,1,993
chr2,146058404,146058422,146063828,146063844,0,5406
chr2,146074600,146074619,146077233,146077252,0,2614
chr2,146287910,146287929,146280078,146280092,0,-7818
chr2,146412872,146412890,146412871,146412893,1,0
chr2,146612384,146612403,146612436,146612455,1,33
chr2,146884669,146884687,146888051,146888065,0,3364
chr2,147045415,147045433,147035965,147035984,1,-9431
chr2,147269010,147269028,147269087,147269128,0,59
chr2,147704352,147704370,147704350,147704365,1,0
chr2,147928406,147928424,147942968,147942987,1,14544
chr2,148170731,148170750,148170715,148170744,1,0
chr2,148193066,148193084,148189079,148189093,0,-3973
chr2,148535975,148535994,148531838,148531857,1,-4118
chr2,148581895,148581914,148581897,148581930,1,0
chr2,148856938,148856957,148891350,148891403,0,34393
chr2,149545973,149545991,149513345,149513364,1,-32609
chr2,151596041,151596059,151558214,151558267,1,-37774
chr2,151615486,151615504,151648391,151648414,1,32887
chr2,151676521,151676539,151684856,151684872,0,8317
chr2,151818152,151818171,151842685,151842705,1,24514
chr2,151893328,151893346,151897759,151897782,0,4413
chr2,151941477,151941495,151925826,151925840,0,-15637
chr2,152601324,152601342,152617495,152617519,0,16153
chr2,153421398,153421417,153414380,153414410,0,-6988
chr2,153562567,153562586,153562579,153562601,1,0
chr2,153713361,153713379,153700274,153700303,1,-13058
chr2,154074347,154074365,154074338,154074358,1,0
chr2,154390745,154390763,154389416,154389431,0,-1314
chr2,155743576,155743594,155749679,155749708,0,6085
chr2,155793145,155793163,155802824,155802887,0,9661
chr2,155912669,155912688,155873919,155873939,1,-38730
chr2,156247717,156247735,156247136,156247158,0,-559
chr2,157931764,157931782,157931770,157931794,1,0
chr2,158275451,158275469,158273920,158273940,0,-1511
chr2,158284652,158284671,158273920,158273940,0,-10712
chr2,158609973,158609991,158596881,158596906,0,-13067
chr2,158653315,158653333,158653321,158653383,1,0
chr2,159021282,159021300,159037317,159037332,1,16017
chr2,159900155,159900173,159900079,159900104,1,-51
chr2,160445139,160445157,160445253,160445273,0,96
chr2,160560357,160560376,160554420,160554435,0,-5922
chr2,160778084,160778102,160780400,160780422,0,2298
chr2,160851157,160851175,160829228,160829247,0,-21910
chr2,160917159,160917178,160945186,160945208,0,28008
chr2,161061858,161061876,161066156,161066175,1,4280
chr2,161131347,161131365,161144977,161144993,0,13612
chr2,161138633,161138651,161144977,161144993,0,6326
chr2,161143381,161143400,161144977,161144993,0,1577
chr2,161185222,161185241,161185245,161185279,1,4
chr2,162689866,162689884,162689914,162689936,1,30
chr2,163189734,163189753,163189855,163189870,1,102
chr2,163756066,163756084,163745861,163745875,0,-10191
chr2,163900166,163900184,163909630,163909658,0,9446
chr2,164133888,164133906,164135422,164135438,0,1516
chr2,164243560,164243578,164197751,164197772,1,-45788
chr2,164372928,164372946,164372733,164372748,0,-180
chr2,164635572,164635590,164637772,164637794,1,2182
chr2,164862550,164862568,164862930,164862961,0,362
chr2,165060040,165060058,165060010,165060034,1,-6
chr2,165074601,165074619,165076476,165076491,0,1857
chr2,165106662,165106681,165121321,165121343,0,14640
chr2,165473899,165473917,165405122,165405137,1,-68762
chr2,165736403,165736421,165751463,165751509,0,15042
chr2,165846891,165846910,165819857,165819873,0,-27018
chr2,166101016,166101034,166102405,166102432,1,1371
chr2,166411455,166411473,166410237,166410253,0,-1202
chr2,166430403,166430422,166420410,166420424,1,-9979
chr2,166746177,166746195,166739605,166739632,0,-6545
chr2,166956858,166956877,166956899,166956918,1,22
chr2,167125975,167126004,167126019,167126035,1,15
chr2,167381087,167381105,167382601,167382617,1,1496
chr2,167382651,167382669,167382601,167382617,0,-34
chr2,167427188,167427206,167427196,167427218,1,0
chr2,168109063,168109081,168105526,168105546,0,-3517
chr2,168330979,168330998,168352276,168352294,1,21278
chr2,168333188,168333206,168352276,168352294,1,19070
chr2,168354150,168354168,168354434,168354448,0,266
chr2,168651992,168652010,168654384,168654403,0,2374
chr2,168660488,168660507,168660450,168660466,1,-22
chr2,168904458,168904476,168902869,168902883,1,-1575
chr2,169187293,169187311,169205022,169205038,0,17711
chr2,169486634,169486652,169499558,169499586,1,12906
chr2,169528275,169528293,169530869,169530891,0,2576
chr2,169599847,169599865,169597803,169597843,1,-2004
chr2,169632195,169632213,169634936,169634952,0,2723
chr2,169752371,169752389,169756519,169756538,0,4130
chr2,169870670,169870688,169869763,169869815,1,-855
chr2,170059081,170059099,170059077,170059099,1,0
chr2,170234030,170234048,170234024,170234039,1,0
chr2,170550473,170550491,170545473,170545489,1,-4984
chr2,170887900,170887918,170888075,170888091,1,157
chr2,172458641,172458660,172467105,172467145,0,8445
chr2,172508275,172508293,172510902,172510933,0,2609
chr2,172660607,172660625,172661742,172661758,1,1117
chr2,172804820,172804838,172802229,172802249,1,-2571
chr2,173286923,173286941,173293414,173293430,0,6473
chr2,173337737,173337756,173365671,173365696,0,27915
chr2,173564881,173564900,173696111,173696125,1,131211
chr2,174737513,174737531,174737496,174737518,1,0
chr2,178406409,178406427,178409303,178409332,1,2876
chr2,178436883,178436901,178436894,178436916,1,0
chr2,178473739,178473757,178473627,178473647,1,-92
chr2,178536772,178536790,178530470,178530484,1,-6288
chr2,178570836,178570854,178570847,178570862,1,0
chr2,178662584,178662603,178665030,178665054,0,2427
chr2,178728222,178728240,178718436,178718456,0,-9766
chr2,179044349,179044367,179057611,179057625,0,13244
chr2,179391579,179391597,179421956,179421976,1,30359
chr2,179576376,179576394,179564101,179564117,0,-12259
chr2,179734841,179734859,179754769,179754784,1,19910
chr2,179825066,179825084,179812124,179812138,1,-12928
chr2,179956662,179956680,179956669,179956688,1,0
chr2,180433294,180433312,180432825,180432851,0,-443
chr2,180604885,180604904,180560520,180560534,0,-44351
chr2,181101435,181101453,181060337,181060353,0,-41082
chr2,181641148,181641167,181623510,181623533,1,-17615
chr3,3311035,3311053,3502676,3502695,0,191623
chr3,5216477,5216495,5216447,5216469,1,-8
chr3,5596957,5596975,5596994,5597009,0,19
chr3,7385167,7385185,7399310,7399332,1,14125
chr3,7425861,7425879,7399310,7399332,0,-26529
chr3,7530960,7530978,7530914,7530969,0,0
chr3,7789414,7789432,7789266,7789288,0,-126
chr3,8566818,8566836,8599474,8599488,1,32638
chr3,9271307,9271325,9270899,9270914,1,-393
chr3,9350143,9350161,9346440,9346456,1,-3687
chr3,9448836,9448854,9442612,9442644,0,-6192
chr3,9487903,9487921,9488110,9488124,0,189
chr3,9567497,9567526,9574134,9574148,0,6608
chr3,9588672,9588690,9588729,9588748,0,39
chr3,9921808,9921826,9923332,9923346,1,1506
chr3,9944636,9944654,9923332,9923346,0,-21290
chr3,10288906,10288924,10289081,10289105,1,157
chr3,14592289,14592307,14592307,14592355,0,0
chr3,14958988,14959006,14953861,14953875,0,-5113
chr3,15054210,15054228,15073641,15073657,0,19413
chr3,15284659,15284677,15283516,15283530,0,-1129
chr3,15999789,15999808,16005663,16005684,1,5855
chr3,17798564,17798582,17871143,17871158,0,72561
chr3,18046210,18046228,18048052,18048069,0,1824
chr3,18442205,18442223,18408738,18408753,0,-33452
chr3,18672639,18672657,18668669,18668683,1,-3956
chr3,19201704,19201722,19201558,19201588,0,-116
chr3,20014753,20014771,20010385,20010401,0,-4352
chr3,20018104,20018122,20010385,20010401,0,-7703
chr3,20265545,20265563,20260677,20260691,1,-4854
chr3,20304596,20304615,20304631,20304647,0,16
chr3,21553652,21553670,21561104,21561120,1,7434
chr3,21761856,21761874,21761992,21762006,0,118
chr3,21899638,21899656,21899671,21899697,1,15
chr3,24071375,24071393,24071083,24071097,1,-278
chr3,25144989,25145007,25144994,25145018,1,0
chr3,26483488,26483507,26483671,26483686,1,164
chr3,27124084,27124103,27122182,27122198,1,-1886
chr3,27202342,27202360,27202317,27202355,1,0
chr3,27234705,27234723,27237331,27237353,0,2608
chr3,27512490,27512508,27515028,27515042,1,2520
chr3,27643210,27643229,27644871,27644887,1,1642
chr3,27654553,27654571,27644871,27644887,0,-9666
chr3,27941056,27941074,27945336,27945358,0,4262
chr3,30121359,30121377,30113699,30113715,1,-7644
chr3,30131505,30131524,30113699,30113715,1,-17790
chr3,30164912,30164930,30165076,30165090,0,146
chr3,30303425,30303444,30330777,30330793,1,27333
chr3,30450527,30450545,30456098,30456114,1,5553
chr3,31022955,31022973,31014444,31014468,1,-8487
chr3,31126486,31126505,31124714,31124736,1,-1750
chr3,31308927,31308946,31308920,31308936,1,0
chr3,31328349,31328367,31308920,31308936,1,-19413
chr3,31769480,31769498,31769476,31769490,1,0
chr3,31877193,31877211,31877231,31877245,1,20
chr3,32584701,32584720,32600136,32600160,0,15416
chr3,32630446,32630464,32638507,32638541,1,8043
chr3,32668994,32669012,32660198,32660218,0,-8776
chr3,33824853,33824871,33824694,33824708,0,-145
chr3,35899328,35899346,35902381,35902396,1,3035
chr3,36031515,36031534,36025967,36025986,0,-5529
chr3,36284785,36284803,36285099,36285114,1,296
chr3,36531431,36531449,36531385,36531401,0,-30
chr3,36787940,36787959,36780370,36780384,1,-7556
chr3,37229379,37229397,37243977,37243993,1,14580
chr3,37472738,37472756,37472532,37472563,1,-175
chr3,37802907,37802925,37786900,37786922,1,-15985
chr3,37850230,37850248,37850226,37850248,1,0
chr3,38051487,38051505,38036386,38036405,1,-15082
chr3,38130384,38130402,38131440,38131459,0,1038
chr3,38135751,38135769,38136009,38136028,1,240
chr3,38138284,38138302,38136009,38136028,0,-2256
chr3,38226260,38226278,38226255,38226270,1,0
chr3,38258905,38258924,38258080,38258102,1,-803
chr3,38344358,38344376,38351721,38351740,1,7345
chr3,38358401,38358419,38363938,38363952,0,5519
chr3,38418673,38418692,38413434,38413455,1,-5218
chr3,38423486,38423504,38413434,38413455,1,-10031
chr3,38424766,38424784,38413434,38413455,1,-11311
chr3,38625825,38625843,38645115,38645158,1,19272
chr3,38696041,38696059,38696116,38696130,1,57
chr3,38960370,38960388,38960202,38960217,1,-153
chr3,39220522,39220540,39220535,39220549,1,0
chr3,40389010,40389028,40390574,40390598,0,1546
chr3,40480306,40480324,40501407,40501427,0,21083
chr3,41123193,41123212,41123392,41123408,1,180
chr3,41183549,41183567,41189192,41189211,0,5625
chr3,41282669,41282687,41265585,41265609,1,-17060
chr3,41357128,41357146,41311685,41311699,0,-45429
chr3,41364259,41364277,41311685,41311699,0,-52560
chr3,41587071,41587090,41581599,41581613,0,-5458
chr3,46490123,46490141,46490135,46490149,1,0
chr3,46625941,46625959,46627779,46627794,0,1820
chr3,49514182,49514200,49486491,49486506,1,-27676
chr3,50321079,50321097,50320318,50320334,0,-745
chr3,50402709,50402727,50396908,50396922,0,-5787
chr3,50413474,50413493,50396908,50396922,0,-16552
chr3,50440688,50440707,50442662,50442690,0,1955
chr3,50607632,50607650,50607672,50607686,1,22
chr3,50609398,50609417,50607672,50607686,0,-1712
chr3,50695396,50695414,50693470,50693485,0,-1911
chr3,51764993,51765012,51765141,51765166,1,129
chr3,51942017,51942035,51942025,51942051,1,0
chr3,52863611,52863629,52866111,52866125,1,2482
chr3,53214026,53214044,53214060,53214082,0,16
chr3,53284960,53284979,53284605,53284627,0,-333
chr3,53491952,53491971,53491961,53491981,1,0
chr3,53528592,53528610,53528406,53528428,1,-164
chr3,54360380,54360399,54360474,54360493,1,75
chr3,54541556,54541574,54560344,54560358,1,18770
chr3,54600787,54600805,54601183,54601199,1,378
chr3,54765645,54765663,54795852,54795866,1,30189
chr3,55293607,55293626,55293599,55293629,1,0
chr3,55534258,55534276,55528316,55528330,1,-5928
chr3,55544124,55544142,55542465,55542484,0,-1640
chr3,55650028,55650046,55641436,55641451,1,-8577
chr3,55915345,55915363,55888048,55888067,0,-27278
chr3,56262433,56262451,56270633,56270648,0,8182
chr3,57487537,57487555,57487692,57487708,0,137
chr3,57576417,57576436,57572779,57572798,0,-3619
chr3,58448474,58448503,58434716,58434738,0,-13736
chr3,58565186,58565204,58593746,58593760,0,28542
chr3,58751140,58751159,58738611,58738625,1,-12515
chr3,58817629,58817647,58866074,58866090,0,48427
chr3,59054949,59054967,59054950,59054965,.,0
chr3,59856528,59856547,59858914,59858929,1,2367
chr3,60812404,60812422,60810578,60810597,1,-1807
chr3,61293449,61293468,61306693,61306712,0,13225
chr3,61391749,61391767,61386660,61386677,0,-5072
chr3,62453139,62453158,62453521,62453555,0,363
chr3,63093032,63093050,63085748,63085762,0,-7270
chr3,63534459,63534478,63534274,63534297,1,-162
chr3,63799772,63799790,63799736,63799759,0,-13
chr3,65129908,65129927,65114316,65114340,1,-15568
chr3,65411940,65411959,65411768,65411783,1,-157
chr3,65629775,65629793,65629908,65629927,0,115
chr3,65863404,65863422,65858198,65858213,0,-5191
chr3,65946550,65946568,65946510,65946532,1,-18
chr3,66164564,66164582,66123721,66123737,1,-40827
chr3,67183342,67183361,67116573,67116587,0,-66755
chr3,67487884,67487902,67503907,67503929,1,16005
chr3,68054730,68054748,68053818,68053842,1,-888
chr3,68611308,68611326,68608571,68608599,0,-2709
chr3,68647500,68647519,68647505,68647520,.,0
chr3,68717462,68717480,68718557,68718631,0,1077
chr3,68956662,68956680,68954596,68954610,1,-2052
chr3,69009464,69009483,69012606,69012620,1,3123
chr3,69103349,69103367,69104821,69104843,1,1454
chr3,69142590,69142608,69114354,69114373,0,-28217
chr3,69238586,69238604,69238675,69238690,1,71
chr3,69330148,69330166,69329521,69329541,1,-607
chr3,69544010,69544028,69573051,69573079,0,29023
chr3,69576995,69577013,69577002,69577022,1,0
chr3,70870222,70870240,70874372,70874394,1,4132
chr3,71564985,71565003,71564079,71564093,1,-892
chr3,75299532,75299551,75299709,75299729,0,158
chr3,76293103,76293121,76293016,76293045,0,-58
chr3,78292215,78292234,78291245,78291275,0,-940
chr3,78949493,78949511,78962563,78962579,1,13052
chr3,78991055,78991073,78991041,78991063,1,0
chr3,79024369,79024387,79038729,79038760,1,14342
chr3,79075262,79075280,79070572,79070608,0,-4654
chr3,79193175,79193193,79193048,79193064,0,-111
chr3,79516343,79516361,79512184,79512206,1,-4137
chr3,79542737,79542755,79544299,79544314,1,1544
chr3,79900501,79900519,79900030,79900052,1,-449
chr3,79937044,79937062,79923787,79923801,1,-13243
chr3,80674123,80674141,80673979,80674015,0,-108
chr3,80809813,80809831,80805653,80805668,1,-4145
chr3,80812500,80812518,80805653,80805668,1,-6832
chr3,81684814,81684832,81684849,81684868,1,17
chr3,82176671,82176690,82177061,82177094,1,371
chr3,82262220,82262238,82251044,82251067,1,-11153
chr3,82308814,82308832,82333878,82333892,1,25046
chr3,82808209,82808227,82808640,82808655,0,413
chr3,83139965,83139983,83139915,83139933,0,-32
chr3,83875165,83875183,83916179,83916218,1,40996
chr3,84176230,84176248,84169922,84169936,1,-6294
chr3,84314924,84314942,84314979,84314995,0,37
chr3,84826572,84826590,84826525,84826549,0,-23
chr3,84909569,84909587,84912585,84912615,0,2998
chr3,84923363,84923381,84932067,84932091,1,8686
chr3,84968878,84968896,84936407,84936422,1,-32456
chr3,85611503,85611521,85604248,85604264,1,-7239
chr3,85924369,85924387,85924376,85924401,1,0
chr3,86786514,86786532,86783851,86783870,1,-2644
chr3,86793130,86793148,86799391,86799406,1,6243
chr3,88659876,88659894,88659928,88659949,1,34
chr3,89148210,89148229,89136777,89136797,0,-11413
chr3,89494306,89494324,89497555,89497587,0,3231
chr3,89633100,89633119,89632999,89633017,0,-83
chr3,90394753,90394771,90397889,90397903,1,3118
chr3,92082064,92082083,92050909,92050965,1,-31099
chr3,92771793,92771812,92771852,92771887,1,40
chr3,94638223,94638241,94602293,94602317,1,-35906
chr3,96522335,96522353,96522278,96522292,1,-43
chr3,97203659,97203677,97206560,97206574,1,2883
chr3,97734361,97734379,97736019,97736034,0,1640
chr3,97796733,97796751,97789426,97789440,1,-7293
chr3,98389608,98389626,98381744,98381759,1,-7849
chr3,98969133,98969151,98915788,98915802,0,-53331
chr3,99448191,99448209,99534503,99534531,1,86294
chr3,100014156,100014174,100014139,100014155,1,-1
chr3,100610165,100610184,100610172,100610208,1,0
chr3,101323019,101323037,101389197,101389212,0,66160
chr3,101627156,101627175,101636763,101636782,1,9588
chr3,101716479,101716497,101716470,101716489,1,0
chr3,101856188,101856206,101856353,101856398,0,147
chr3,102481675,102481693,102556770,102556786,0,75077
chr3,103138649,103138667,103138638,103138660,1,0
chr3,103322615,103322633,103322554,103322568,1,-47
chr3,103520926,103520945,103520915,103520935,1,0
chr3,103648722,103648740,103605879,103605895,0,-42827
chr3,104078865,104078883,104093079,104093093,1,14196
chr3,104256423,104256441,104256486,104256502,0,45
chr3,104565797,104565816,104566542,104566570,0,726
chr3,105078014,105078032,105069885,105069904,0,-8110
chr3,105438788,105438806,105441257,105441273,0,2451
chr3,105751281,105751300,105752015,105752060,1,715
chr3,105873013,105873031,105873096,105873111,1,65
chr3,105927241,105927259,105927315,105927365,0,56
chr3,106320310,106320329,106317110,106317129,1,-3181
chr3,107834456,107834475,107834432,107834472,1,0
chr3,107946512,107946531,107946518,107946540,1,0
chr3,107986248,107986267,107983017,107983036,0,-3212
chr3,107999598,107999617,107998318,107998334,0,-1264
chr3,108109901,108109919,108113042,108113058,0,3123
chr3,108113816,108113834,108113042,108113058,1,-758
chr3,108323103,108323121,108323002,108323022,0,-81
chr3,108330614,108330632,108330622,108330653,1,0
chr3,108635614,108635632,108686355,108686373,1,50723
chr3,109058089,109058108,109058025,109058039,0,-50
chr3,109252319,109252337,109252338,109252354,0,1
chr3,109478542,109478560,109480630,109480658,1,2070
chr3,109697847,109697865,109690621,109690637,1,-7210
chr3,109719408,109719426,109714785,109714825,1,-4583
chr3,109754450,109754469,109747933,109747961,0,-6489
chr3,109771743,109771761,109762831,109762851,0,-8892
chr3,110149333,110149351,110149346,110149362,1,0
chr3,114244924,114244942,114107327,114107380,1,-137544
chr3,114747844,114747863,114808025,114808039,1,60162
chr3,114908865,114908883,114908803,114908823,1,-42
chr3,116055097,116055116,116049818,116049862,1,-5235
chr3,116108586,116108604,116106962,116106986,0,-1600
chr3,116630348,116630367,116630825,116630839,0,458
chr3,116919839,116919857,116952584,116952603,1,32727
chr3,116982397,116982415,116982124,116982140,1,-257
chr3,117116394,117116412,117117946,117117965,0,1534
chr3,117853855,117853873,117868352,117868374,1,14479
chr3,118691549,118691568,118633378,118633400,1,-58149
chr3,119795601,119795619,119814923,119814940,1,19304
chr3,119814990,119815009,119814923,119814940,0,-50
chr3,120457793,120457811,120470106,120470120,0,12295
chr3,120982818,120982836,120981280,120981306,0,-1512
chr3,121224254,121224272,121223222,121223238,1,-1016
chr3,121224594,121224613,121223222,121223238,1,-1356
chr3,121603227,121603245,121600677,121600691,1,-2536
chr3,121682601,121682619,121682815,121682837,0,196
chr3,122049238,122049256,122049921,122049937,0,665
chr3,122139357,122139376,122191163,122191189,1,51787
chr3,122336773,122336792,122336760,122336785,1,0
chr3,122349369,122349387,122346730,122346746,1,-2623
chr3,122417491,122417509,122417502,122417524,1,0
chr3,122502754,122502772,122513404,122513420,0,10632
chr3,122593182,122593212,122591404,122591445,0,-1737
chr3,122649179,122649197,122685018,122685037,0,35821
chr3,123356592,123356611,123356749,123356763,1,138
chr3,123478366,123478384,123462539,123462555,0,-15811
chr3,123893467,123893486,123893496,123893510,0,10
chr3,124272577,124272595,124275215,124275256,0,2620
chr3,124501520,124501538,124496155,124496179,1,-5341
chr3,124770459,124770477,124770451,124770466,1,0
chr3,125426217,125426235,125397756,125397778,1,-28439
chr3,125819873,125819891,125807408,125807424,1,-12449
chr3,126695533,126695551,126695418,126695434,0,-99
chr3,126958221,126958240,126952895,126952911,0,-5310
chr3,126981396,126981414,126978844,126978864,1,-2532
chr3,127014069,127014087,127015277,127015305,0,1190
chr3,127153596,127153614,127153970,127153985,1,356
chr3,127257758,127257776,127282690,127282704,0,24914
chr3,127526114,127526132,127525999,127526019,0,-95
chr3,127862940,127862959,127863721,127863743,0,762
chr3,127918368,127918386,127928869,127928884,0,10483
chr3,127930332,127930351,127930294,127930327,0,-5
chr3,128122677,128122696,128131453,128131473,0,8757
chr3,128155199,128155217,128155176,128155195,1,-4
chr3,129182147,129182165,129170488,129170504,1,-11643
chr3,129332428,129332446,129334674,129334700,1,2228
chr3,129639925,129639944,129636909,129636929,1,-2996
chr3,130073565,130073583,130075818,130075905,1,2235
chr3,130125913,130125931,130125925,130125939,1,0
chr3,130380401,130380419,130400649,130400663,1,20230
chr3,130920832,130920856,130888877,130888897,0,-31935
chr3,130991660,130991678,130999758,130999780,0,8080
chr3,131589421,131589439,131589408,131589431,1,0
chr3,131610252,131610270,131610243,131610257,1,0
chr3,131713000,131713018,131712924,131712960,0,-40
chr3,131921383,131921401,131921427,131921443,1,26
chr3,132171714,132171732,132169328,132169364,1,-2350
chr3,132698408,132698427,132701623,132701663,0,3196
chr3,132802603,132802622,132802585,132802615,1,0
chr3,132929558,132929576,132887173,132887195,0,-42363
chr3,133347628,133347646,133347574,133347598,1,-30
chr3,133359915,133359933,133361436,133361453,1,1503
chr3,133486697,133486715,133479017,133479049,1,-7648
chr3,133520983,133521002,133525674,133525690,1,4672
chr3,133708461,133708480,133699392,133699414,0,-9047
chr3,134366914,134366932,134367092,134367117,1,160
chr3,134718773,134718792,134718749,134718771,1,-2
chr3,135798494,135798513,135798305,135798320,0,-174
chr3,135903531,135903549,135907097,135907111,0,3548
chr3,136101744,136101763,136101733,136101757,1,0
chr3,136164561,136164579,136168162,136168181,1,3583
chr3,136213398,136213417,136205674,136205689,0,-7709
chr3,136244768,136244786,136245212,136245239,0,426
chr3,136349886,136349904,136349764,136349786,0,-100
chr3,136418801,136418819,136418837,136418855,0,18
chr3,136456123,136456141,136462866,136462896,1,6725
chr3,136771920,136771938,136771820,136771842,1,-78
chr3,137069061,137069080,137052247,137052263,0,-16798
chr3,137328313,137328331,137340570,137340585,1,12239
chr3,138025569,138025587,138025560,138025575,1,0
chr3,138458261,138458279,138506779,138506815,1,48500
chr3,138512354,138512372,138512490,138512506,0,118
chr3,138565325,138565343,138563598,138563637,1,-1688
chr3,138843384,138843402,138842403,138842427,1,-957
chr3,139277469,139277487,139277448,139277471,0,0
chr3,139419215,139419234,139419297,139419319,1,63
chr3,140150601,140150619,140150736,140150750,0,117
chr3,140412195,140412214,140511025,140511041,1,98811
chr3,140839423,140839441,140739195,140739211,0,-100212
chr3,141547460,141547478,141575077,141575097,1,27599
chr3,141977824,141977842,141977836,141977856,1,0
chr3,142222797,142222815,142222600,142222615,1,-182
chr3,142269180,142269199,142274548,142274564,1,5349
chr3,143092218,143092236,143103456,143103472,0,11220
chr3,143671485,143671503,143657628,143657643,0,-13842
chr3,143925583,143925601,143925641,143925655,1,40
chr3,143954624,143954642,143956289,143956303,0,1647
chr3,143972881,143972899,143965313,143965329,0,-7552
chr3,144004056,144004074,144003845,144003861,0,-195
chr3,144168942,144168960,144172031,144172050,0,3071
chr3,144848045,144848063,144825458,144825488,0,-22557
chr3,145024913,145024931,145024236,145024250,0,-663
chr3,145268256,145268274,145246495,145246509,1,-21747
chr3,145471337,145471356,145478672,145478688,1,7316
chr3,145592101,145592119,145592104,145592133,1,0
chr3,145599191,145599209,145599155,145599190,1,-1
chr3,145626186,145626204,145626169,145626201,1,0
chr3,145840001,145840019,145838591,145838613,0,-1388
chr3,146028471,146028489,146005013,146005039,1,-23432
chr3,146029414,146029432,146005013,146005039,1,-24375
chr3,146192475,146192493,146192789,146192814,1,296
chr3,146416135,146416153,146416168,146416187,0,15
chr3,146419055,146419073,146416168,146416187,1,-2868
chr3,146833861,146833879,146833881,146833900,1,2
chr3,147153553,147153572,147153489,147153508,0,-45
chr3,148227368,148227386,148227357,148227380,1,0
chr3,148326897,148326916,148324997,148325011,1,-1886
chr3,148562252,148562270,148562231,148562265,1,0
chr3,148795987,148796005,148793383,148793399,0,-2588
chr3,149042796,149042814,149029823,149029839,0,-12957
chr3,149075638,149075656,149085026,149085040,1,9370
chr3,149086940,149086958,149085026,149085040,0,-1900
chr3,149134588,149134606,149143293,149143308,1,8687
chr3,149181748,149181766,149179096,149179141,0,-2607
chr3,149223721,149223739,149219782,149219804,0,-3917
chr3,149338807,149338825,149312922,149312936,0,-25871
chr3,149426407,149426425,149428051,149428101,1,1626
chr3,149478524,149478543,149478515,149478529,1,0
chr3,150237022,150237040,150225151,150225166,0,-11856
chr3,151262913,151262932,151298317,151298344,0,35385
chr3,152170871,152170889,152171256,152171278,1,367
chr3,152831580,152831598,152837437,152837452,0,5839
chr3,152846552,152846570,152837437,152837452,1,-9100
chr3,152878025,152878043,152878586,152878608,1,543
chr3,153267694,153267712,153262907,153262926,0,-4768
chr3,153340189,153340207,153334364,153334378,1,-5811
chr3,153387602,153387620,153404000,153404029,1,16380
chr3,153636577,153636595,153636715,153636737,1,120
chr3,154185091,154185109,154188844,154188860,0,3735
chr3,154318079,154318098,154305909,154305937,0,-12142
chr3,154429783,154429801,154367645,154367659,0,-62124
chr3,154574003,154574021,154573991,154574007,1,0
chr3,156368946,156368965,156368975,156368990,1,10
chr3,156522912,156522930,156522784,156522800,0,-112
chr3,156563217,156563235,156576400,156576439,0,13165
chr3,156791377,156791396,156791467,156791482,0,71
chr3,157109643,157109661,157106005,157106020,1,-3623
chr3,157377721,157377739,157360034,157360056,1,-17665
chr3,157975986,157976004,157976172,157976186,1,168
chr3,157979765,157979783,157979905,157979920,0,122
chr4,3625573,3625591,3625643,3625663,1,52
chr4,3705846,3705864,3706276,3706313,1,412
chr4,3765661,3765679,3767642,3767658,0,1963
chr4,4695931,4695949,4695884,4695910,1,-21
chr4,5799813,5799832,5790192,5790220,0,-9593
chr4,6404219,6404237,6399804,6399826,0,-4393
chr4,7588738,7588756,7587504,7587519,0,-1219
chr4,8284739,8284757,8309549,8309571,1,24792
chr4,9616363,9616381,9621058,9621080,1,4677
chr4,9898050,9898068,9883613,9883628,0,-14422
chr4,10508472,10508490,10465037,10465075,1,-43397
chr4,10804860,10804879,10817592,10817611,1,12713
chr4,11682526,11682544,11683260,11683279,0,716
chr4,11818883,11818902,11819001,11819023,0,99
chr4,11884793,11884811,11871170,11871192,0,-13601
chr4,11887896,11887914,11871170,11871192,0,-16704
chr4,12560444,12560462,12560814,12560829,0,352
chr4,13281813,13281831,13281647,13281663,1,-150
chr4,14526164,14526182,14534793,14534808,0,8611
chr4,16208922,16208940,16212665,16212680,0,3725
chr4,16211708,16211727,16212665,16212680,0,938
chr4,17855347,17855365,17855348,17855363,.,0
chr4,20122442,20122460,20122382,20122434,0,-8
chr4,25035244,25035262,24991729,24991759,0,-43485
chr4,28785023,28785041,28785036,28785052,1,0
chr4,28802954,28802972,28808863,28808885,1,5891
chr4,28945894,28945912,28946013,28946032,1,101
chr4,29084114,29084132,29116023,29116039,0,31891
chr4,29830488,29830506,29830694,29830716,1,188
chr4,31561888,31561906,31622610,31622624,1,60704
chr4,31832873,31832891,31832830,31832849,0,-24
chr4,31932873,31932891,31936114,31936147,0,3223
chr4,32188689,32188707,32193053,32193087,0,4346
chr4,32669923,32669941,32668572,32668586,0,-1337
chr4,32871979,32871997,32871984,32872000,1,0
chr4,32875134,32875153,32875136,32875151,.,0
chr4,33746511,33746530,33745403,33745419,0,-1092
chr4,33759888,33759906,33759880,33759896,1,0
chr4,34234715,34234733,34234741,34234762,0,8
chr4,34309358,34309376,34309510,34309526,0,134
chr4,34309471,34309489,34309510,34309526,0,21
chr4,34643409,34643427,34581617,34581633,1,-61776
chr4,34865266,34865284,34865693,34865723,1,409
chr4,35301209,35301227,35310530,35310552,0,9303
chr4,36287998,36288016,36289050,36289064,1,1034
chr4,36314652,36314671,36305393,36305415,1,-9237
chr4,37099031,37099049,37098929,37098973,0,-58
chr4,39305705,39305723,39305712,39305730,1,0
chr4,39310287,39310306,39305712,39305730,0,-4557
chr4,40735292,40735310,40740295,40740309,0,4985
chr4,41327047,41327066,41299119,41299141,0,-27906
chr4,43287563,43287581,43287538,43287567,1,0
chr4,43888629,43888647,43897317,43897331,0,8670
chr4,44608195,44608213,44601522,44601538,0,-6657
chr4,44641800,44641818,44634195,44634211,1,-7589
chr4,44670616,44670634,44671167,44671181,1,533
chr4,44812385,44812403,44814124,44814139,0,1721
chr4,45032793,45032811,45038951,45038983,0,6140
chr4,45068037,45068055,45067652,45067667,0,-370
chr4,45392315,45392333,45392351,45392382,1,18
chr4,45494098,45494116,45499362,45499376,0,5246
chr4,45749597,45749615,45771780,45771796,0,22165
chr4,45820017,45820035,45819704,45819718,1,-299
chr4,46053069,46053087,46081328,46081347,0,28241
chr4,46728487,46728505,46698872,46698887,1,-29600
chr4,46800151,46800169,46800140,46800162,1,0
chr4,47143897,47143915,47136862,47136894,1,-7003
chr4,47634837,47634856,47646060,47646082,1,11204
chr4,47728285,47728303,47718035,47718054,1,-10231
chr4,47736961,47736979,47746476,47746490,1,9497
chr4,47808617,47808635,47808647,47808661,1,12
chr4,47953946,47953964,47965047,47965061,1,11083
chr4,47980936,47980954,47987426,47987462,0,6472
chr4,48023306,48023324,47987426,47987462,1,-35844
chr4,48149304,48149322,48153313,48153335,1,3991
chr4,48714100,48714119,48714158,48714172,1,39
chr4,49198242,49198260,49204189,49204209,0,5929
chr4,49206310,49206328,49204189,49204209,1,-2101
chr4,50138881,50138899,50138862,50138894,1,0
chr4,50772654,50772672,50765023,50765045,0,-7609
chr4,52930745,52930764,52930581,52930618,0,-127
chr4,53112022,53112040,53112456,53112486,1,416
chr4,53125308,53125326,53125316,53125338,1,0
chr4,53303785,53303804,53323798,53323813,1,19994
chr4,53315653,53315671,53323798,53323813,1,8127
chr4,53339898,53339916,53353909,53353928,0,13993
chr4,53352817,53352835,53353909,53353928,0,1074
chr4,53400326,53400345,53397759,53397775,0,-2551
chr4,53412204,53412222,53412108,53412128,1,-76
chr4,53790780,53790798,53792960,53792976,1,2162
chr4,54034947,54034965,53985337,53985384,0,-49563
chr4,54338723,54338741,54333645,54333661,1,-5062
chr4,54358565,54358583,54360645,54360664,0,2062
chr4,55113112,55113131,55097306,55097322,0,-15790
chr4,55154537,55154555,55158411,55158427,0,3856
chr4,55238629,55238647,55227490,55227504,1,-11125
chr4,55327664,55327682,55328993,55329007,0,1311
chr4,55364047,55364065,55365437,55365453,0,1372
chr4,55570267,55570285,55588185,55588199,1,17900
chr4,55658695,55658714,55655523,55655539,1,-3156
chr4,55800717,55800736,55801849,55801868,1,1113
chr4,55805829,55805847,55805963,55805978,1,116
chr4,56059048,56059066,56059173,56059189,1,107
chr4,56373801,56373819,56375073,56375087,0,1254
chr4,56472613,56472631,56482417,56482444,1,9786
chr4,56474348,56474366,56482417,56482444,1,8051
chr4,56493123,56493141,56483761,56483775,0,-9348
chr4,56901907,56901925,56904509,56904525,1,2584
chr4,56979427,56979445,56979404,56979439,1,0
chr4,58196188,58196206,58197535,58197554,1,1329
chr4,58413906,58413925,58413915,58413931,1,0
chr4,58467760,58467778,58469643,58469665,0,1865
chr4,58470329,58470347,58469931,58469945,0,-384
chr4,58586237,58586255,58586204,58586218,1,-19
chr4,58745175,58745193,58743392,58743422,0,-1753
chr4,58765502,58765520,58749462,58749495,0,-16007
chr4,59374821,59374839,59374728,59374742,0,-79
chr4,59669403,59669421,59712959,59712993,0,43538
chr4,59895327,59895345,59895474,59895489,0,129
chr4,59895485,59895504,59895474,59895489,1,0
chr4,59925191,59925209,59924395,59924411,1,-780
chr4,60175140,60175158,60105261,60105280,0,-69860
chr4,61794477,61794496,61795727,61795741,1,1231
chr4,61811228,61811246,61812838,61812854,1,1592
chr4,61845182,61845200,61840544,61840563,1,-4619
chr4,62650331,62650350,62647005,62647025,1,-3306
chr4,62684674,62684692,62684663,62684679,1,0
chr4,62892988,62893006,62892979,62892993,1,0
chr4,63003774,63003792,63003785,63003807,1,0
chr4,63166592,63166610,63172807,63172821,1,6197
chr4,63587811,63587829,63587816,63587846,1,0
chr4,63710559,63710578,63710742,63710765,0,164
chr4,64216124,64216142,64132252,64132272,0,-83852
chr4,64833129,64833147,64833098,64833112,0,-17
chr4,65187465,65187484,65187411,65187425,0,-40
chr4,65299006,65299024,65297958,65297974,1,-1032
chr4,65874665,65874683,65866048,65866063,1,-8602
chr4,66956436,66956454,66956573,66956589,0,119
chr4,67345391,67345409,67380441,67380457,0,35032
chr4,68857026,68857045,68850052,68850092,0,-6934
chr4,68865397,68865416,68850052,68850092,0,-15305
chr4,70303897,70303915,70303688,70303708,0,-189
chr4,70304002,70304021,70303688,70303708,0,-294
chr4,71485060,71485078,71485074,71485088,1,0
chr4,71658993,71659011,71658935,71658951,0,-42
chr4,72176087,72176105,72176238,72176257,1,133
chr4,74191396,74191414,74191677,74191696,0,263
chr4,74280302,74280320,74271514,74271530,1,-8772
chr4,74319513,74319531,74319278,74319304,1,-209
chr4,80202482,80202500,80199579,80199619,0,-2863
chr4,80907682,80907700,80911959,80911978,0,4259
chr4,81320409,81320427,81319724,81319738,1,-671
chr4,81580478,81580496,81596206,81596241,0,15710
chr4,81826188,81826206,81841905,81841919,0,15699
chr4,82021437,82021456,82021294,82021316,0,-121
chr4,82677399,82677417,82662434,82662450,0,-14949
chr4,83722902,83722920,83726203,83726225,0,3283
chr4,83888698,83888717,83916279,83916309,0,27562
chr4,84158278,84158296,84162061,84162083,0,3765
chr4,84282795,84282813,84282783,84282799,1,0
chr4,84407425,84407443,84391457,84391473,0,-15952
chr4,84686096,84686114,84705781,84705796,1,19667
chr4,84918518,84918536,84918453,84918469,1,-49
chr4,84942403,84942421,84941128,84941142,1,-1261
chr4,85061696,85061714,85061707,85061726,1,0
chr4,85612846,85612865,85612816,85612832,1,-14
chr4,85767074,85767092,85742122,85742136,1,-24938
chr4,86930659,86930677,86930559,86930595,1,-64
chr4,87435197,87435215,87427961,87427977,1,-7220
chr4,87447046,87447064,87448671,87448713,1,1607
chr4,87467228,87467246,87467311,87467327,1,65
chr4,87903426,87903445,87900147,87900162,1,-3264
chr4,88353808,88353826,88344554,88344570,1,-9238
chr4,88415307,88415326,88415354,88415379,0,28
chr4,88471723,88471741,88476807,88476826,1,5066
chr4,88475291,88475309,88476807,88476826,1,1498
chr4,88513933,88513951,88515276,88515296,0,1325
chr4,88817492,88817510,88823122,88823141,1,5612
chr4,88918698,88918716,88907946,88907973,0,-10725
chr4,89265758,89265777,89265778,89265794,1,1
chr4,89430052,89430071,89433779,89433795,0,3708
chr4,89508326,89508345,89500287,89500310,1,-8016
chr4,93223505,93223523,93223358,93223384,1,-121
chr4,94517890,94517908,94517911,94517925,1,3
chr4,94533356,94533374,94533458,94533480,1,84
chr4,94543282,94543300,94543308,94543336,1,8
chr4,94859284,94859302,94860873,94860892,0,1571
chr4,95677661,95677679,95686898,95686920,0,9219
chr4,95684968,95684987,95686898,95686920,0,1911
chr4,95778776,95778794,95781631,95781646,0,2837
chr4,96683578,96683596,96691710,96691726,1,8114
chr4,96683754,96683772,96691710,96691726,1,7938
chr4,96691726,96691744,96691710,96691726,0,0
chr4,98496500,98496518,98508671,98508696,0,12153
chr4,98511942,98511960,98508671,98508696,1,-3246
chr4,98660874,98660893,98662436,98662456,0,1543
chr4,98777829,98777847,98790038,98790054,0,12191
chr4,98796920,98796939,98790038,98790054,1,-6866
chr4,98843393,98843412,98895583,98895599,1,52171
chr4,98879323,98879341,98895583,98895599,1,16242
chr4,99006489,99006507,99006581,99006608,0,74
chr4,99061635,99061654,99061647,99061661,1,0
chr4,99224377,99224395,99224601,99224615,1,206
chr4,99253268,99253286,99253275,99253294,1,0
chr4,99377860,99377879,99366512,99366539,0,-11321
chr4,100096577,100096595,100093949,100093971,1,-2606
chr4,100223862,100223880,100221363,100221385,0,-2477
chr4,100426700,100426718,100427299,100427323,0,581
chr4,100915482,100915500,100886821,100886835,1,-28647
chr4,101440274,101440292,101438255,101438269,0,-2005
chr4,102233725,102233744,102229144,102229166,0,-4559
chr4,102486180,102486198,102483745,102483769,0,-2411
chr4,102530916,102530934,102530909,102530925,1,0
chr4,102624782,102624801,102624791,102624822,1,0
chr4,102804780,102804798,102804708,102804727,1,-53
chr4,103329371,103329389,103329201,103329216,1,-155
chr4,105015270,105015288,105034333,105034349,1,19045
chr4,105033420,105033439,105034333,105034349,1,894
chr4,105214716,105214734,105215466,105215510,0,732
chr4,105224345,105224363,105215900,105215916,1,-8429
chr4,105460251,105460269,105460215,105460230,0,-21
chr4,105466823,105466841,105460215,105460230,0,-6593
chr4,105550175,105550193,105566800,105566816,1,16607
chr4,106330782,106330800,106329246,106329274,1,-1508
chr4,106436726,106436745,106463836,106463851,1,27091
chr4,106724492,106724510,106724497,106724511,.,0
chr4,106771104,106771122,106776001,106776016,1,4879
chr4,106899087,106899105,106950352,106950392,0,51247
chr4,107013723,107013742,107013670,107013689,1,-34
chr4,107502957,107502975,107468376,107468392,1,-34565
chr4,107718945,107718963,107719380,107719396,0,417
chr4,107720235,107720253,107719380,107719396,1,-839
chr4,107761945,107761964,107750805,107750825,0,-11120
chr4,107794397,107794415,107794515,107794537,1,100
chr4,108909738,108909756,108935009,108935031,0,25253
chr4,109294119,109294138,109301555,109301633,1,7417
chr4,109550629,109550647,109550454,109550473,1,-156
chr4,109945661,109945679,109945680,109945702,0,1
chr4,110672797,110672816,110673871,110673893,0,1055
chr4,111365231,111365249,111365198,111365229,1,-2
chr4,111503110,111503128,111508478,111508501,1,5350
chr4,112232036,112232054,112232094,112232116,0,40
chr4,112252481,112252499,112232094,112232116,1,-20365
chr4,112787707,112787725,112787675,112787691,0,-16
chr4,114351913,114351931,114351904,114351919,1,0
chr4,114674898,114674916,114678790,114678806,0,3874
chr4,114922201,114922219,114892593,114892608,1,-29593
chr4,115954727,115954745,115958636,115958696,0,3891
chr4,116482755,116482774,116483647,116483665,1,873
chr4,116739488,116739506,116739458,116739473,0,-15
chr4,116777152,116777170,116777171,116777185,0,1
chr4,118152225,118152243,118145765,118145779,1,-6446
chr4,118344521,118344539,118344497,118344520,0,-1
chr4,118505643,118505661,118505733,118505752,1,72
chr4,118535253,118535271,118533479,118533494,1,-1759
chr4,119022084,119022102,119010991,119011010,1,-11074
chr4,119075610,119075628,119077523,119077537,0,1895
chr4,119082646,119082664,119082887,119082907,1,223
chr4,119268591,119268609,119263596,119263616,1,-4975
chr4,119790917,119790935,119804770,119804789,0,13835
chr4,119799156,119799174,119804770,119804789,0,5596
chr4,119804737,119804755,119804770,119804789,0,15
chr4,120061689,120061707,120061695,120061717,1,0
chr4,120071389,120071407,120072075,120072089,1,668
chr4,120224900,120224918,120245813,120245852,1,20895
chr4,120697403,120697421,120725515,120725567,0,28094
chr4,120746105,120746123,120741330,120741356,0,-4749
chr4,121978335,121978353,121984409,121984429,1,6056
chr4,122020239,122020258,122020231,122020247,1,0
chr4,122039542,122039560,122039407,122039429,0,-113
chr4,122944714,122944732,122923341,122923360,1,-21354
chr4,123951942,123951961,123949817,123949831,1,-2111
chr4,123962593,123962611,123962610,123962645,0,0
chr4,124770719,124770737,124766700,124766728,1,-3991
chr4,124997972,124997990,124953870,124953892,1,-44080
chr4,124998026,124998045,124953870,124953892,1,-44134
chr4,125261783,125261801,125261127,125261143,0,-640
chr4,125392163,125392182,125398735,125398751,0,6553
chr4,125429002,125429020,125442152,125442167,0,13132
chr4,125645315,125645333,125645405,125645421,1,72
chr4,125850408,125850427,125819492,125819508,0,-30900
chr4,125938379,125938397,125930578,125930593,1,-7786
chr4,126030975,126030993,126032459,126032478,0,1466
chr4,126528821,126528839,126527322,126527349,1,-1472
chr4,126883848,126883866,126883715,126883735,0,-113
chr4,126942406,126942424,126942220,126942246,0,-160
chr4,127277153,127277171,127328054,127328090,0,50883
chr4,128688667,128688685,128690620,128690653,1,1935
chr4,130174541,130174559,130173697,130173719,1,-822
chr4,130303387,130303405,130297468,130297521,1,-5866
chr4,130828089,130828107,130829505,130829528,1,1398
chr4,130835741,130835759,130836805,130836821,0,1046
chr4,131805754,131805772,131805812,131805839,1,40
chr4,132411459,132411477,132410007,132410066,0,-1393
chr4,132601398,132601417,132601390,132601409,1,0
chr4,132617414,132617432,132617429,132617447,1,0
chr4,134522773,134522791,134522676,134522695,0,-78
chr4,134883566,134883584,134880817,134880839,1,-2727
chr4,134892161,134892179,134892424,134892447,0,245
chr4,135220448,135220467,135219907,135219935,0,-513
chr4,135706220,135706238,135664290,135664310,0,-41910
chr4,135824923,135824941,135835782,135835804,0,10841
chr4,136158737,136158755,136242424,136242440,0,83669
chr4,136377188,136377206,136377096,136377110,1,-78
chr4,136627246,136627264,136626665,136626685,1,-561
chr4,136808831,136808850,136777375,136777401,1,-31430
chr4,137448354,137448373,137527829,137527867,1,79456
chr4,138017830,138017849,138033216,138033231,0,15367
chr4,138066448,138066466,138066469,138066507,0,3
chr4,138418116,138418134,138407990,138408009,0,-10107
chr4,138857218,138857236,138859537,138859557,1,2301
chr4,139232849,139232867,139231089,139231125,1,-1724
chr4,139397274,139397292,139397126,139397142,1,-132
chr4,139674118,139674136,139690223,139690239,0,16087
chr4,139852884,139852902,139851726,139851741,1,-1143
chr4,139947575,139947593,139876071,139876087,1,-71488
chr4,139967580,139967598,139876071,139876087,1,-91493
chr4,140122617,140122636,140092401,140092417,1,-30200
chr4,140153825,140153843,140092401,140092417,1,-61408
chr4,140221161,140221179,140229801,140229815,1,8622
chr4,140234544,140234562,140229801,140229815,0,-4729
chr4,140495730,140495748,140529518,140529548,1,33770
chr4,140636517,140636535,140623222,140623257,0,-13260
chr4,141340418,141340437,141345487,141345506,1,5050
chr4,141347776,141347794,141347740,141347754,0,-22
chr4,141584495,141584513,141584487,141584502,1,0
chr4,142024844,142024862,142023483,142023499,1,-1345
chr4,142078022,142078040,142078023,142078061,1,0
chr4,142205455,142205474,142205464,142205480,1,0
chr4,142235534,142235552,142240148,142240163,1,4596
chr4,143383887,143383906,143383916,143383932,1,10
chr4,144429000,144429018,144428979,144428993,0,-7
chr4,144613841,144613859,144428979,144428993,0,-184848
chr4,144782655,144782673,144867577,144867591,1,84904
chr4,144837473,144837491,144867577,144867591,1,30086
chr4,144906753,144906771,144914699,144914740,0,7928
chr4,144949943,144949961,144951096,144951115,0,1135
chr4,145025494,145025512,145019656,145019688,1,-5806
chr4,145069288,145069306,145068641,145068655,0,-633
chr4,145140325,145140343,145139963,145139977,0,-348
chr4,148060934,148060952,148065991,148066020,1,5039
chr4,148487674,148487693,148494703,148494722,0,7010
chr4,148656819,148656838,148663003,148663017,0,6165
chr4,149010238,149010257,149010143,149010167,0,-71
chr4,150396506,150396524,150403055,150403070,0,6531
chr4,150477208,150477226,150477207,150477243,1,0
chr4,150776152,150776171,150776164,150776183,1,0
chr4,151149184,151149202,151139584,151139600,0,-9584
chr4,151293008,151293026,151310581,151310603,0,17555
chr4,151302371,151302389,151310581,151310603,0,8192
chr4,151319070,151319088,151310581,151310603,1,-8467
chr4,151401449,151401467,151477597,151477611,1,76130
chr4,152209818,152209836,152217971,152217993,0,8135
chr4,152217982,152218000,152217971,152217993,1,0
chr4,154081299,154081317,154083090,154083122,0,1773
chr4,154098591,154098610,154083129,154083145,1,-15446
chr4,154171539,154171557,154183689,154183705,0,12132
chr4,154559277,154559295,154581499,154581513,1,22204
chr4,154586255,154586273,154581499,154581513,0,-4742
chr4,154587256,154587275,154581499,154581513,0,-5743
chr4,154993271,154993290,154915478,154915500,0,-77771
chr4,156044643,156044661,156045078,156045092,0,417
chr5,4595226,4595244,4593571,4593596,1,-1630
chr5,4932018,4932036,4946756,4946775,1,14720
chr5,4963474,4963492,4959590,4959606,1,-3868
chr5,5184325,5184344,5184364,5184383,0,20
chr5,5227135,5227154,5224460,5224484,0,-2651
chr5,5381420,5381438,5386202,5386224,1,4764
chr5,5501578,5501596,5503700,5503726,1,2104
chr5,7660884,7660903,7457225,7457247,0,-203637
chr5,8542811,8542829,8542730,8542748,0,-63
chr5,8590489,8590507,8542730,8542748,0,-47741
chr5,10661743,10661762,10662999,10663022,0,1237
chr5,10783663,10783681,10767750,10767764,0,-15899
chr5,12978016,12978034,12978104,12978124,1,70
chr5,14253554,14253572,14253600,14253614,1,28
chr5,16316722,16316740,16316061,16316077,0,-645
chr5,17308225,17308243,17289157,17289189,0,-19036
chr5,17574074,17574092,17574085,17574107,1,0
chr5,17770665,17770683,17770677,17770697,0,0
chr5,17854677,17854695,17843584,17843603,0,-11074
chr5,17881731,17881749,17881624,17881640,0,-91
chr5,18009337,18009355,18010154,18010182,0,799
chr5,19333990,19334009,19334069,19334085,0,60
chr5,19856022,19856040,19856035,19856050,1,0
chr5,20080759,20080778,20080878,20080893,1,100
chr5,20284342,20284360,20286445,20286464,0,2085
chr5,20377830,20377849,20380168,20380184,1,2319
chr5,21034586,21034605,21034670,21034692,1,65
chr5,21118549,21118567,21118423,21118438,0,-111
chr5,21395666,21395684,21395520,21395539,0,-127
chr5,21568044,21568062,21567266,21567280,1,-764
chr5,22160995,22161013,22175047,22175074,1,14034
chr5,22175095,22175113,22175047,22175074,0,-21
chr5,22360744,22360762,22360801,22360823,0,39
chr5,22963921,22963940,22963575,22963589,1,-332
chr5,23588686,23588704,23551987,23552003,1,-36683
chr5,23953195,23953213,23943623,23943647,1,-9548
chr5,23995218,23995236,23995248,23995282,1,12
chr5,25125390,25125408,25113535,25113551,1,-11839
chr5,25268025,25268043,25268031,25268055,1,0
chr5,25415549,25415567,25413399,25413415,0,-2134
chr5,25943843,25943862,25947150,25947174,0,3288
chr5,26905592,26905610,26831965,26831980,0,-73612
chr5,27336453,27336472,27319728,27319742,1,-16711
chr5,27743308,27743326,27743354,27743369,1,28
chr5,28032170,28032188,28040303,28040322,1,8115
chr5,28092503,28092521,28092465,28092481,1,-22
chr5,29137461,29137480,29227850,29227865,0,90370
chr5,29865112,29865130,29864555,29864571,0,-541
chr5,30009471,30009489,30000807,30000822,0,-8649
chr5,30738403,30738422,30726003,30726017,1,-12386
chr5,31279525,31279544,31278582,31278610,0,-915
chr5,32239884,32239902,32239791,32239816,0,-68
chr5,32338420,32338438,32322623,32322642,0,-15778
chr5,32388041,32388059,32409544,32409580,1,21485
chr5,32413133,32413152,32413806,32413822,0,654
chr5,32413678,32413696,32413806,32413822,0,110
chr5,32930938,32930956,32930815,32930837,0,-101
chr5,33297425,33297443,33297438,33297454,1,0
chr5,33304329,33304347,33301920,33301936,1,-2393
chr5,33538118,33538137,33454759,33454775,1,-83343
chr5,33692677,33692695,33640716,33640747,0,-51930
chr5,34827080,34827098,34830011,34830045,0,2913
chr5,35239056,35239074,35314950,35314966,0,75876
chr5,35729385,35729403,35718171,35718199,1,-11186
chr5,35805380,35805399,35805287,35805309,0,-71
chr5,36125225,36125243,36130326,36130375,0,5083
chr5,36130151,36130169,36130326,36130375,0,157
chr5,36316279,36316297,36317246,36317266,0,949
chr5,36322013,36322031,36317246,36317266,1,-4747
chr5,36515986,36516004,36515489,36515515,0,-471
chr5,36601730,36601748,36601744,36601758,1,0
chr5,36887137,36887155,36918559,36918581,0,31404
chr5,36920387,36920405,36918559,36918581,1,-1806
chr5,37313248,37313267,37303075,37303091,1,-10157
chr5,38205440,38205458,38235760,38235784,0,30302
chr5,38235772,38235790,38235760,38235784,1,0
chr5,38905523,38905541,38905383,38905399,1,-124
chr5,38905830,38905848,38905754,38905776,1,-54
chr5,38951574,38951592,38946711,38946734,1,-4840
chr5,38967285,38967303,38967267,38967283,1,-2
chr5,38971843,38971861,38967267,38967283,1,-4560
chr5,39128175,39128194,39117510,39117531,0,-10644
chr5,39257908,39257927,39258008,39258027,0,81
chr5,39327310,39327329,39335504,39335541,1,8175
chr5,39639597,39639615,39636392,39636411,1,-3186
chr5,39873342,39873361,39862346,39862368,0,-10974
chr5,40926910,40926928,40944114,40944136,1,17186
chr5,41563601,41563620,41563602,41563617,.,0
chr5,43052854,43052873,43051156,43051175,1,-1679
chr5,43117076,43117094,43113681,43113700,0,-3376
chr5,43551692,43551710,43555235,43555263,0,3525
chr5,43685234,43685252,43687355,43687370,0,2103
chr5,43848530,43848549,43848552,43848567,1,3
chr5,43883897,43883916,43883911,43883933,1,0
chr5,44413558,44413576,44413527,44413542,1,-16
chr5,44626358,44626377,44654234,44654258,1,27857
chr5,44654380,44654398,44654234,44654258,0,-122
chr5,45341988,45342006,45366227,45366249,1,24221
chr5,45402908,45402926,45385604,45385624,1,-17284
chr5,46028431,46028450,46019073,46019087,0,-9344
chr5,46347577,46347595,46406457,46406476,0,58862
chr5,47036878,47036896,47037014,47037030,1,118
chr5,47121927,47121945,47121910,47121936,1,0
chr5,48199609,48199627,48212657,48212673,0,13030
chr5,48932021,48932040,48931954,48931976,0,-45
chr5,49370748,49370766,49370748,49370764,.,-45
chr5,49556862,49556881,49556939,49556965,0,58
chr5,51541077,51541095,51552116,51552138,1,11021
chr5,51853640,51853658,51882377,51882396,1,28719
chr5,51919967,51919986,51920122,51920147,0,136
chr5,51939152,51939170,51920122,51920147,1,-19005
chr5,52520988,52521006,52537261,52537275,1,16255
chr5,52610137,52610155,52610147,52610162,1,0
chr5,52771614,52771632,52771622,52771636,1,0
chr5,53198781,53198800,53201704,53201718,1,2904
chr5,53372727,53372745,53377014,53377043,0,4269
chr5,53381984,53382002,53385552,53385568,0,3550
chr5,53619721,53619740,53619708,53619727,1,0
chr5,53619890,53619908,53619708,53619727,1,-163
chr5,53623941,53623960,53623984,53624003,0,24
chr5,53645188,53645207,53645006,53645022,1,-166
chr5,53685609,53685627,53674078,53674094,1,-11515
chr5,54797088,54797106,54705830,54705850,1,-91238
chr5,57727498,57727516,57727304,57727339,1,-159
chr5,57748235,57748253,57746134,57746164,1,-2071
chr5,57796643,57796662,57796654,57796669,1,0
chr5,57874295,57874313,57869106,57869135,1,-5160
chr5,58121464,58121482,58091236,58091264,1,-30200
chr5,59845865,59845883,59847958,59847973,1,2075
chr5,63540831,63540849,63766985,63766999,1,226136
chr5,63874986,63875005,63866847,63866867,0,-8119
chr5,64114356,64114375,64109306,64109335,0,-5021
chr5,64288592,64288610,64288729,64288761,0,119
chr5,64701600,64701619,64703607,64703625,0,1988
chr5,64737761,64737779,64734731,64734768,1,-2993
chr5,64747531,64747549,64752102,64752134,1,4553
chr5,65984188,65984206,65974347,65974366,1,-9822
chr5,66122253,66122271,66121251,66121273,1,-980
chr5,66298534,66298552,66298687,66298709,1,135
chr5,66515475,66515494,66515385,66515399,0,-76
chr5,66552418,66552436,66544008,66544027,0,-8391
chr5,67446687,67446705,67449137,67449164,0,2432
chr5,67668567,67668586,67685203,67685229,0,16617
chr5,67669394,67669412,67685203,67685229,0,15791
chr5,67705808,67705827,67705797,67705821,1,0
chr5,67826435,67826453,67833916,67833948,1,7463
chr5,67990599,67990618,67990692,67990706,0,74
chr5,69798833,69798851,69527068,69527087,1,-271746
chr5,71165529,71165547,71170432,71170448,1,4885
chr5,73307573,73307591,73307564,73307583,1,0
chr5,73392387,73392406,73391632,73391646,1,-741
chr5,73915067,73915085,73903090,73903104,1,-11963
chr5,73930321,73930340,73938074,73938088,0,7734
chr5,74001868,74001886,73971989,73972008,1,-29860
chr5,74041964,74041982,74068905,74068919,1,26923
chr5,74052504,74052522,74068905,74068919,1,16383
chr5,74056297,74056315,74068905,74068919,1,12590
chr5,74056465,74056483,74068905,74068919,1,12422
chr5,74067022,74067040,74068905,74068919,1,1865
chr5,74285943,74285972,74285515,74285529,1,-414
chr5,74602861,74602879,74591684,74591707,1,-11154
chr5,74682938,74682956,74662929,74662945,0,-19993
chr5,75232319,75232337,75264092,75264108,1,31755
chr5,75555931,75555949,75544985,75545005,0,-10926
chr5,75836153,75836172,75836277,75836292,0,105
chr5,75836997,75837015,75836277,75836292,1,-705
chr5,75859653,75859671,75862697,75862721,1,3026
chr5,75877678,75877697,75862697,75862721,0,-14957
chr5,75965272,75965291,75970175,75970190,0,4884
chr5,75978724,75978743,75981008,75981024,1,2265
chr5,76067595,76067614,76068009,76068027,1,395
chr5,76841910,76841929,76833205,76833236,0,-8674
chr5,76869180,76869198,76892441,76892464,1,23243
chr5,77386253,77386271,77385984,77386000,1,-253
chr5,78881869,78881887,78801627,78801643,0,-80226
chr5,80659063,80659082,80662628,80662648,0,3546
chr5,81060996,81061015,81062267,81062283,1,1252
chr5,81062231,81062249,81062267,81062283,1,18
chr5,81107583,81107601,81110200,81110214,1,2599
chr5,85977909,85977927,85992347,85992378,1,14420
chr5,86419613,86419632,86419792,86419806,0,160
chr5,87560308,87560326,87560411,87560426,1,85
chr5,87850350,87850368,87922317,87922337,1,71949
chr5,88508716,88508734,88508470,88508486,0,-230
chr5,88601060,88601079,88601317,88601351,1,238
chr5,89900174,89900193,89893863,89893879,0,-6295
chr5,90335041,90335059,90331504,90331532,0,-3509
chr5,90395653,90395671,90395835,90395869,0,164
chr5,90603799,90603817,90595820,90595835,0,-7964
chr5,90611751,90611769,90611870,90611892,1,101
chr5,90768503,90768521,90771517,90771558,0,2996
chr5,90854123,90854141,90854135,90854151,1,0
chr5,90965458,90965476,90964387,90964403,0,-1055
chr5,91031853,91031872,91043810,91043838,1,11938
chr5,91317594,91317612,91311228,91311250,0,-6344
chr5,91569788,91569807,91566749,91566763,1,-3025
chr5,91604826,91604844,91611173,91611189,1,6329
chr5,91788794,91788813,91804424,91804444,1,15611
chr5,91945760,91945778,91947275,91947290,1,1497
chr5,91990577,91990595,91990636,91990650,0,41
chr5,92028805,92028823,92028766,92028794,1,-11
chr5,92149639,92149657,92166091,92166105,1,16434
chr5,92556020,92556038,92554199,92554222,0,-1798
chr5,93032715,93032733,93033356,93033380,1,623
chr5,93051208,93051226,93051182,93051202,1,-6
chr5,93060998,93061017,93070675,93070689,0,9658
chr5,93117454,93117473,93115607,93115641,1,-1813
chr5,96574905,96574923,96574883,96574897,1,-8
chr5,96792497,96792515,96796947,96796969,1,4432
chr5,97026327,97026345,97075705,97075727,0,49360
chr5,97078730,97078748,97075705,97075727,1,-3003
chr5,97132975,97132993,97132942,97132974,1,-1
chr5,97417250,97417268,97417236,97417259,1,0
chr5,97574325,97574344,97574138,97574153,1,-172
chr5,97671097,97671115,97737429,97737443,0,66314
chr5,97709879,97709897,97737429,97737443,0,27532
chr5,97843654,97843672,97843660,97843679,1,0
chr5,97920440,97920458,97918724,97918738,0,-1702
chr5,98064283,98064301,98068086,98068106,1,3785
chr5,98198655,98198674,98199116,98199158,0,442
chr5,98955906,98955924,98955803,98955831,1,-75
chr5,98962656,98962674,98955803,98955831,1,-6825
chr5,99106412,99106430,99106400,99106422,1,0
chr5,99374567,99374585,99380463,99380478,0,5878
chr5,99598758,99598776,99594350,99594369,1,-4389
chr5,99857163,99857181,99866459,99866494,0,9278
chr5,100199626,100199644,100209951,100209967,1,10307
chr5,100200892,100200910,100209951,100209967,1,9041
chr5,100359571,100359589,100359592,100359618,1,3
chr5,100625033,100625052,100625014,100625049,1,0
chr5,101005374,101005392,101005333,101005364,1,-10
chr5,101208513,101208531,101211136,101211157,0,2605
chr5,101357087,101357106,101357171,101357187,0,65
chr5,101670701,101670719,101664917,101664942,0,-5759
chr5,101932949,101932967,101932298,101932314,1,-635
chr5,101943918,101943936,101934945,101934967,1,-8951
chr5,101980686,101980704,101982354,101982369,1,1650
chr5,102037800,102037818,102033832,102033859,1,-3941
chr5,102248950,102248968,102254125,102254144,0,5157
chr5,102366448,102366466,102399187,102399203,1,32721
chr5,102576763,102576781,102583109,102583125,0,6328
chr5,102831533,102831551,102831477,102831493,1,-40
chr5,103453830,103453848,103453842,103453856,1,0
chr5,103459017,103459035,103457065,103457081,1,-1936
chr5,103715061,103715079,103715187,103715203,0,108
chr5,103807051,103807069,103800187,103800209,1,-6842
chr5,103807444,103807462,103800187,103800209,1,-7235
chr5,104062364,104062383,104109556,104109572,0,47173
chr5,104110610,104110628,104110571,104110602,0,-8
chr5,104396484,104396502,104408847,104408862,1,12345
chr5,104433011,104433029,104434472,104434514,0,1443
chr5,105540750,105540769,105540643,105540665,0,-85
chr5,105817706,105817724,105822786,105822800,0,5062
chr5,105889273,105889291,105822786,105822800,1,-66473
chr5,107098447,107098465,107098340,107098356,1,-91
chr5,107100647,107100665,107100580,107100595,1,-52
chr5,108079935,108079953,108078842,108078858,1,-1077
chr5,108160906,108160924,108160641,108160667,0,-239
chr5,108447225,108447244,108415001,108415028,1,-32197
chr5,108646190,108646208,108567386,108567408,0,-78782
chr5,110300931,110300949,110300714,110300730,1,-201
chr5,111237088,111237107,111237078,111237100,1,0
chr5,111460166,111460184,111470547,111470569,1,10363
chr5,111770423,111770442,111782482,111782506,1,12040
chr5,112039389,112039407,112002496,112002510,0,-36879
chr5,112057439,112057457,112084742,112084771,1,27285
chr5,112078020,112078038,112084742,112084771,1,6704
chr5,112577634,112577652,112549363,112549377,0,-28257
chr5,112608215,112608233,112631774,112631788,1,23541
chr5,112928515,112928533,112934165,112934181,0,5632
chr5,113074610,113074629,113070925,113070947,0,-3663
chr5,113142772,113142790,113138648,113138678,1,-4094
chr5,113216847,113216865,113209134,113209150,0,-7697
chr5,114762183,114762201,114752625,114752661,0,-9522
chr5,114787656,114787674,114787645,114787661,1,0
chr5,115026281,115026299,115029995,115030040,0,3696
chr5,115624340,115624358,115624331,115624345,0,0
chr5,115854855,115854873,115866474,115866489,0,11601
chr5,116210011,116210029,116214103,116214138,1,4074
chr5,117150205,117150223,117150212,117150234,1,0
chr5,117150255,117150273,117150212,117150234,0,-21
chr5,117922016,117922035,117916700,117916719,1,-5297
chr5,118014195,118014214,118016510,118016526,0,2296
chr5,118143773,118143791,118111351,118111367,0,-32406
chr5,118258475,118258493,118257041,118257065,1,-1410
chr5,118427018,118427036,118438339,118438354,0,11303
chr5,118647348,118647366,118647289,118647318,1,-30
chr5,118656060,118656078,118655063,118655079,1,-981
chr5,118656188,118656206,118655063,118655079,1,-1109
chr5,119218399,119218417,119251585,119251601,1,33168
chr5,119317793,119317811,119317641,119317663,0,-130
chr5,119634124,119634142,119635170,119635185,1,1028
chr5,119635006,119635024,119635170,119635185,1,146
chr5,119750879,119750897,119748679,119748708,1,-2171
chr5,119771179,119771198,119762413,119762433,1,-8746
chr5,119866867,119866885,119845083,119845098,1,-21769
chr5,121125183,121125201,121126120,121126142,1,919
chr5,121252878,121252896,121253839,121253863,0,943
chr5,121255690,121255708,121253839,121253863,1,-1827
chr5,121733882,121733900,121734039,121734059,0,139
chr5,121813347,121813365,121811768,121811790,1,-1557
chr5,122514306,122514324,122516582,122516623,0,2258
chr5,122518494,122518512,122520039,122520055,1,1527
chr5,122529071,122529089,122536075,122536098,0,6986
chr5,122763904,122763922,122762484,122762498,0,-1406
chr5,123789187,123789205,123789294,123789308,0,89
chr5,123896527,123896546,123893643,123893658,1,-2869
chr5,124241717,124241736,124241693,124241715,1,-2
chr5,124923091,124923110,124873239,124873261,1,-49830
chr5,125017027,125017045,125056601,125056625,1,39556
chr5,125104807,125104825,125107562,125107595,1,2737
chr5,125275460,125275478,125273821,125273841,0,-1619
chr5,125351546,125351564,125351527,125351557,1,0
chr5,125534882,125534900,125534799,125534821,1,-61
chr5,128238879,128238897,128135335,128135379,0,-103500
chr5,128504695,128504713,128569298,128569317,0,64585
chr5,129426842,129426861,129421676,129421703,0,-5139
chr5,129555967,129555985,129620684,129620698,1,64699
chr5,129863914,129863932,129863926,129863940,1,0
chr5,130129970,130129988,130130280,130130294,0,292
chr5,131781194,131781212,131761665,131761687,0,-19507
chr5,131944143,131944161,131948720,131948734,1,4559
chr5,132028733,132028752,132028738,132028779,1,0
chr5,132166818,132166836,132166794,132166808,0,-10
chr5,132207171,132207189,132207176,132207225,1,0
chr5,132738696,132738714,132636240,132636261,0,-102435
chr5,132766020,132766038,132878729,132878759,1,112691
chr5,134887987,134888005,134891856,134891888,0,3851
chr5,135533298,135533316,135533167,135533191,0,-107
chr5,135563788,135563806,135568673,135568699,0,4867
chr5,135568045,135568063,135568673,135568699,0,610
chr5,136325474,136325492,136324470,136324484,1,-990
chr5,136327958,136327976,136327997,136328011,1,21
chr5,136660997,136661015,136654706,136654726,1,-6271
chr5,136683266,136683284,136692887,136692901,1,9603
chr5,136998316,136998334,137068736,137068763,0,70402
chr5,137264153,137264171,137208939,137208958,0,-55195
chr5,137430435,137430453,137425871,137425887,1,-4548
chr5,137877972,137877990,137883092,137883114,1,5102
chr5,138753457,138753475,138740897,138740912,0,-12545
chr5,138868895,138868913,138886084,138886100,1,17171
chr5,138987236,138987254,138997668,138997683,1,10414
chr5,139083735,139083753,139088202,139088228,1,4449
chr5,139404034,139404052,139403599,139403635,0,-399
chr5,139725065,139725084,139725061,139725075,1,0
chr5,140106409,140106427,140106429,140106445,0,2
chr5,140179408,140179426,140186421,140186440,1,6995
chr5,140852638,140852657,140812121,140812141,1,-40497
chr5,140896266,140896285,140912535,140912549,0,16250
chr5,140914243,140914261,140912535,140912549,1,-1694
chr5,141033296,141033314,141055268,141055282,1,21954
chr5,141070943,141070962,141067667,141067684,1,-3259
chr5,141130579,141130597,141115362,141115378,1,-15201
chr5,141130607,141130625,141115362,141115378,1,-15229
chr5,141782640,141782658,141779945,141779959,1,-2681
chr5,141825315,141825333,141779945,141779959,1,-45356
chr5,141837168,141837186,141779945,141779959,1,-57209
chr5,141918033,141918051,142039031,142039094,0,120980
chr5,142061618,142061636,142062109,142062123,0,473
chr5,142505884,142505902,142505872,142505887,1,0
chr5,142695032,142695051,142667750,142667782,1,-27250
chr5,142844504,142844522,142842188,142842213,0,-2291
chr5,142988179,142988197,142989439,142989463,1,1242
chr5,142989433,142989451,142989439,142989463,1,0
chr5,143509955,143509973,143512158,143512195,1,2185
chr5,143580125,143580143,143580337,143580359,0,194
chr5,144068539,144068557,144084471,144084493,1,15914
chr5,144126005,144126023,144130669,144130685,0,4646
chr5,144278368,144278386,144277151,144277165,0,-1203
chr5,144457703,144457721,144491555,144491601,0,33834
chr5,144720249,144720267,144694442,144694468,0,-25781
chr5,144856204,144856222,144852082,144852098,0,-4106
chr5,144946858,144946876,144944235,144944254,0,-2604
chr5,145043262,145043280,145055092,145055119,0,11812
chr5,145687254,145687272,145660562,145660594,1,-26660
chr5,146200719,146200737,146200692,146200707,1,-12
chr5,146299354,146299372,146299480,146299502,0,108
chr5,146307563,146307581,146299480,146299502,1,-8061
chr5,146692742,146692760,146692098,146692114,0,-628
chr5,146723670,146723688,146732553,146732575,1,8865
chr5,146767839,146767857,146767881,146767900,1,24
chr5,147011371,147011389,147038237,147038259,1,26848
chr5,147036132,147036150,147038237,147038259,1,2087
chr5,147095589,147095608,147093960,147093988,1,-1601
chr5,147128052,147128070,147128030,147128052,0,0
chr5,147459960,147459979,147451759,147451779,1,-8181
chr5,147660011,147660030,147659900,147659932,0,-79
chr5,148212612,148212631,148212596,148212618,1,0
chr5,148300841,148300859,148301000,148301046,0,141
chr5,148454484,148454502,148453001,148453015,1,-1469
chr5,148534961,148534980,148534980,148534995,0,0
chr5,148802761,148802779,148803095,148803117,0,316
chr5,148907798,148907816,148907779,148907803,1,0
chr5,149080729,149080748,149079776,149079828,0,-901
chr5,149266741,149266760,149265648,149265680,1,-1061
chr5,149647565,149647583,149648004,149648032,1,421
chr5,150409032,150409050,150420628,150420657,0,11578
chr5,151111989,151112008,151112096,151112123,1,88
chr5,151135259,151135277,151142492,151142506,1,7215
chr5,151400845,151400863,151417053,151417074,1,16190
chr6,4026655,4026674,4031081,4031097,0,4407
chr6,4589613,4589631,4611950,4611972,1,22319
chr6,4589798,4589816,4611950,4611972,1,22134
chr6,4904184,4904203,4904100,4904159,0,-25
chr6,4977605,4977623,4977594,4977616,1,0
chr6,5165405,5165423,5165375,5165391,1,-14
chr6,5413868,5413886,5422054,5422076,1,8168
chr6,5448645,5448664,5448654,5448700,1,0
chr6,5750356,5750374,5767214,5767236,0,16840
chr6,6211671,6211689,6208478,6208492,0,-3179
chr6,6867349,6867367,6863476,6863518,0,-3831
chr6,7690811,7690829,7708411,7708427,1,17582
chr6,8094275,8094293,8096254,8096269,1,1961
chr6,8312643,8312661,8313239,8313268,0,578
chr6,8443362,8443380,8443369,8443385,1,0
chr6,8465547,8465565,8461153,8461177,1,-4370
chr6,9250048,9250066,8936016,8936038,1,-314010
chr6,11355886,11355905,11355873,11355895,1,0
chr6,12151095,12151113,12151086,12151105,1,0
chr6,12263253,12263271,12263265,12263284,1,0
chr6,12550111,12550129,12550079,12550095,1,-16
chr6,12794401,12794419,12814104,12814119,0,19685
chr6,13006625,13006643,12994978,12994992,1,-11633
chr6,13143566,13143584,13143509,13143525,0,-41
chr6,13152376,13152394,13143509,13143525,0,-8851
chr6,14484642,14484660,14523026,14523056,1,38366
chr6,15167966,15167984,15163815,15163830,1,-4136
chr6,15415359,15415389,15408076,15408102,0,-7257
chr6,15676329,15676347,15676212,15676235,0,-94
chr6,15816568,15816586,15816590,15816612,1,4
chr6,15838465,15838483,15838432,15838451,1,-14
chr6,16889609,16889628,16882841,16882856,0,-6753
chr6,17215420,17215438,17211762,17211778,1,-3642
chr6,17276286,17276315,17276301,17276321,1,0
chr6,17466421,17466439,17475289,17475310,1,8850
chr6,17764497,17764515,17771608,17771624,1,7093
chr6,17922190,17922208,17938731,17938747,0,16523
chr6,18459007,18459037,18458902,18458916,0,-91
chr6,22025797,22025816,22026130,22026144,1,314
chr6,22051664,22051682,22045424,22045448,1,-6216
chr6,22071508,22071526,22071667,22071690,0,141
chr6,22237849,22237867,22228406,22228420,1,-9429
chr6,24384675,24384693,24376232,24376254,0,-8421
chr6,26705255,26705273,26701537,26701562,0,-3693
chr6,26789712,26789730,26789709,26789723,1,0
chr6,26977162,26977181,27033990,27034016,1,56809
chr6,28130270,28130288,28134896,28134915,0,4608
chr6,28343110,28343128,28340986,28341001,0,-2109
chr6,28400038,28400056,28400063,28400077,1,7
chr6,28464612,28464631,28460557,28460583,1,-4029
chr6,28843555,28843574,28843547,28843566,1,0
chr6,28931247,28931266,28954301,28954333,1,23035
chr6,29254695,29254713,29254714,29254743,1,1
chr6,29254882,29254900,29254714,29254743,0,-139
chr6,29327256,29327274,29303958,29303973,0,-23283
chr6,29557345,29557363,29557248,29557304,0,-41
chr6,30088915,30088934,30088760,30088775,1,-140
chr6,30093490,30093508,30093474,30093503,1,0
chr6,30616727,30616746,30617852,30617880,1,1106
chr6,30616918,30616936,30617852,30617880,1,916
chr6,30628300,30628318,30636279,30636299,1,7961
chr6,30650225,30650244,30636279,30636299,0,-13926
chr6,30673279,30673297,30636279,30636299,0,-36980
chr6,31280915,31280934,31285637,31285676,0,4703
chr6,31308224,31308243,31315069,31315085,0,6826
chr6,31465757,31465775,31465771,31465785,1,0
chr6,31501172,31501190,31518426,31518442,1,17236
chr6,31696058,31696077,31693335,31693357,1,-2701
chr6,31840805,31840823,31840704,31840723,1,-82
chr6,31925673,31925691,31925684,31925703,1,0
chr6,32959063,32959082,32959086,32959102,0,4
chr6,33198285,33198303,33198424,33198507,1,121
chr6,33264592,33264611,33264480,33264496,1,-96
chr6,33867311,33867329,33867328,33867350,0,0
chr6,33892407,33892425,33892423,33892437,1,0
chr6,33973084,33973102,33962827,33962846,1,-10238
chr6,34000923,34000941,34000915,34000935,1,0
chr6,34284760,34284778,34286667,34286683,1,1889
chr6,35280377,35280395,35273738,35273753,0,-6624
chr6,35288966,35288985,35288911,35288947,0,-19
chr6,35334093,35334111,35334145,35334164,1,34
chr6,35350100,35350118,35349947,35349963,0,-137
chr6,36372484,36372502,36389318,36389333,0,16816
chr6,36819301,36819319,36819145,36819161,0,-140
chr6,37249899,37249918,37249881,37249897,1,-2
chr6,37330786,37330804,37330798,37330820,1,0
chr6,37651503,37651522,37651496,37651512,1,0
chr6,37930473,37930491,37908433,37908447,1,-22026
chr6,38720931,38720949,38721951,38722010,0,1002
chr6,38947405,38947424,38940300,38940319,1,-7086
chr6,38964642,38964660,38964650,38964676,1,0
chr6,39068696,39068714,39068722,39068738,1,8
chr6,40149734,40149753,40149714,40149744,1,0
chr6,40235939,40235957,40238738,40238772,0,2781
chr6,40503331,40503349,40510860,40510874,0,7511
chr6,40672313,40672332,40672310,40672326,1,0
chr6,41281154,41281172,41281229,41281243,0,57
chr6,41648087,41648106,41648205,41648226,1,99
chr6,42292377,42292395,42293573,42293601,0,1178
chr6,43384681,43384699,43384700,43384722,0,1
chr6,43431216,43431234,43431195,43431209,1,-7
chr6,43449529,43449547,43456092,43456114,0,6545
chr6,44011172,44011190,43774677,43774694,1,-236478
chr6,45389531,45389549,45389536,45389559,1,0
chr6,45390117,45390136,45389944,45389970,1,-147
chr6,45536288,45536307,45536263,45536283,1,-5
chr6,46031107,46031125,46031163,46031185,0,38
chr6,46240627,46240645,46149962,46149976,0,-90651
chr6,47279422,47279441,47284863,47284901,1,5422
chr6,47472599,47472617,47472807,47472829,0,190
chr6,48200199,48200217,48200212,48200226,0,0
chr6,48456462,48456480,48504120,48504150,0,47640
chr6,48799251,48799269,48799187,48799202,1,-49
chr6,49954664,49954683,49934022,49934041,1,-20623
chr6,50142961,50142979,50146416,50146444,0,3437
chr6,50205074,50205092,50205065,50205080,1,0
chr6,50282136,50282155,50282157,50282196,1,2
chr6,51015825,51015843,51026889,51026908,1,11046
chr6,51027412,51027430,51026889,51026908,0,-504
chr6,51096740,51096758,51077916,51077938,1,-18802
chr6,51436370,51436389,51436429,51436443,0,40
chr6,52064490,52064508,52070873,52070889,1,6365
chr6,52086599,52086617,52076284,52076311,0,-10288
chr6,52118471,52118489,52112090,52112104,0,-6367
chr6,52424928,52424946,52415842,52415868,1,-9060
chr6,52526032,52526051,52526024,52526039,1,0
chr6,52677636,52677654,52677789,52677804,0,135
chr6,52807802,52807820,52807730,52807759,0,-43
chr6,52815671,52815689,52818313,52818345,0,2624
chr6,52869211,52869229,52869345,52869359,0,116
chr6,52906018,52906048,52907220,52907234,0,1172
chr6,52907387,52907405,52907220,52907234,1,-153
chr6,54097444,54097463,54096994,54097012,1,-432
chr6,54303071,54303089,54290783,54290799,0,-12272
chr6,54659827,54659845,54659918,54659932,0,73
chr6,55117418,55117436,55099424,55099443,1,-17975
chr6,55267521,55267540,55262253,55262282,0,-5239
chr6,55341804,55341822,55348484,55348500,0,6662
chr6,55508427,55508445,55507910,55507925,0,-502
chr6,55779604,55779622,55779803,55779819,0,181
chr6,55921047,55921066,55920984,55920998,1,-49
chr6,55950773,55950791,55951827,55951847,0,1036
chr6,56260279,56260297,56260343,56260374,1,46
chr6,56281034,56281052,56281544,56281570,1,492
chr6,56880085,56880103,56850045,56850071,1,-30014
chr6,57521371,57521390,57521379,57521395,1,0
chr6,58279820,58279839,58279830,58279846,1,0
chr6,60343408,60343426,60343390,60343420,0,0
chr6,61762328,61762346,61778066,61778082,0,15720
chr6,64990018,64990036,64990035,64990059,1,0
chr6,65096011,65096029,65095995,65096027,1,0
chr6,65167104,65167122,65167109,65167124,1,0
chr6,65433394,65433412,65416940,65416956,0,-16438
chr6,65465584,65465603,65461014,65461033,1,-4551
chr6,65615767,65615785,65615758,65615772,1,0
chr6,66219514,66219532,66207216,66207238,1,-12276
chr6,66399583,66399601,66399538,66399557,0,-26
chr6,66498236,66498255,66498192,66498208,0,-28
chr6,66987933,66987952,66998131,66998150,1,10179
chr6,66998011,66998029,66998131,66998150,1,102
chr6,67098348,67098366,67099704,67099718,0,1338
chr6,67105492,67105510,67104855,67104879,0,-613
chr6,67566571,67566590,67569905,67569921,1,3315
chr6,67754247,67754265,67724710,67724727,1,-29520
chr6,67766733,67766751,67801043,67801059,0,34292
chr6,68219773,68219791,68201697,68201715,0,-18058
chr6,68422303,68422321,68390308,68390330,0,-31973
chr6,69702480,69702498,69682164,69682180,1,-20300
chr6,69726463,69726481,69750821,69750843,0,24340
chr6,69900308,69900326,69879773,69879795,0,-20513
chr6,70102925,70102943,70117710,70117732,1,14767
chr6,70105740,70105758,70117710,70117732,1,11952
chr6,70372682,70372701,70371343,70371359,1,-1323
chr6,70752518,70752536,70753945,70753963,0,1409
chr6,71012562,71012581,71012793,71012807,1,212
chr6,71016530,71016548,71012793,71012807,0,-3723
chr6,71076873,71076892,71083989,71084004,1,7097
chr6,71212089,71212108,71213670,71213686,0,1562
chr6,71346918,71346936,71344626,71344648,1,-2270
chr6,71371219,71371238,71371216,71371232,1,0
chr6,72120066,72120085,72134957,72134979,0,14872
chr6,72235614,72235633,72217056,72217078,0,-18536
chr6,72734924,72734942,72734959,72734981,1,17
chr6,73009243,73009261,73031092,73031111,1,21831
chr6,73709777,73709795,73644415,73644469,0,-65308
chr6,76266943,76266961,76266833,76266853,1,-90
chr6,77038089,77038107,77228747,77228762,0,190640
chr6,79879500,79879518,80126885,80126901,0,247367
chr6,80245429,80245447,80285019,80285035,0,39572
chr6,80793825,80793843,80786566,80786582,1,-7243
chr6,81564502,81564520,81564556,81564578,1,36
chr6,82079085,82079103,82084438,82084452,0,5335
chr6,82908273,82908291,82908322,82908336,0,31
chr6,83186277,83186295,83176497,83176513,1,-9764
chr6,84419534,84419553,84423304,84423326,0,3751
chr6,84639892,84639910,84596626,84596650,0,-43242
chr6,84776944,84776962,84759811,84759826,0,-17118
chr6,84962961,84962979,84967934,84967953,1,4955
chr6,85102727,85102745,85043927,85043978,1,-58749
chr6,85978883,85978902,85978875,85978891,1,0
chr6,86046318,86046336,86033640,86033654,0,-12664
chr6,86504468,86504486,86504383,86504403,0,-65
chr6,86790282,86790300,86790294,86790310,1,0
chr6,86826413,86826431,86823944,86823966,1,-2447
chr6,87073013,87073031,87075434,87075453,0,2403
chr6,87164846,87164864,87173276,87173291,0,8412
chr6,87210711,87210729,87213084,87213098,1,2355
chr6,87475441,87475459,87480935,87480957,1,5476
chr6,88136368,88136386,88206866,88206906,0,70480
chr6,88398938,88398957,88383946,88383967,0,-14971
chr6,88927132,88927150,88947811,88947831,1,20661
chr6,88958010,88958028,88962953,88962975,0,4925
chr6,89296495,89296514,89289535,89289551,1,-6944
chr6,89403574,89403593,89398217,89398233,0,-5341
chr6,89671953,89671972,89671977,89671998,1,5
chr6,90334553,90334571,90337292,90337316,1,2721
chr6,90560516,90560535,90551995,90552032,1,-8484
chr6,90794797,90794816,90794922,90794936,0,106
chr6,90984232,90984251,91052846,91052870,1,68595
chr6,91828788,91828806,91852823,91852870,0,24017
chr6,92015146,92015164,92030716,92030730,1,15552
chr6,92270579,92270597,92270593,92270615,1,0
chr6,92446866,92446885,92468954,92468974,1,22069
chr6,92904681,92904699,92904689,92904705,1,0
chr6,92989121,92989139,92988312,92988326,1,-795
chr6,93162548,93162567,93172434,93172463,0,9867
chr6,93743330,93743349,93757680,93757695,0,14331
chr6,94158588,94158606,94158755,94158792,1,149
chr6,94187349,94187368,94184399,94184423,0,-2926
chr6,94264058,94264077,94258309,94258323,1,-5735
chr6,94466584,94466602,94466610,94466640,0,8
chr6,94534946,94534964,94533816,94533835,1,-1111
chr6,94986592,94986610,94991462,94991477,0,4852
chr6,95332893,95332911,95339116,95339140,1,6205
chr6,95376447,95376465,95365184,95365204,1,-11243
chr6,95482906,95482924,95469796,95469810,1,-13096
chr6,95559750,95559769,95557389,95557412,0,-2338
chr6,95573237,95573255,95573945,95573959,1,690
chr6,95615813,95615831,95615741,95615760,0,-53
chr6,95702380,95702398,95702376,95702396,1,0
chr6,97033062,97033081,97032884,97032898,0,-164
chr6,97248847,97248865,97248865,97248881,1,0
chr6,98273328,98273346,98271653,98271667,1,-1661
chr6,98285243,98285262,98276054,98276069,0,-9174
chr6,98388701,98388719,98383493,98383516,0,-5185
chr6,98597142,98597160,98597154,98597177,1,0
chr6,98831053,98831071,98841683,98841697,0,10612
chr6,98849327,98849346,98846458,98846474,1,-2853
chr6,99611935,99611953,99610552,99610579,0,-1356
chr6,99835772,99835791,99827730,99827744,1,-8028
chr6,99844060,99844078,99827730,99827744,1,-16316
chr6,99938497,99938515,99939509,99939525,0,994
chr6,100083367,100083386,100087372,100087388,0,3986
chr6,100087416,100087434,100087372,100087388,1,-28
chr6,100105897,100105915,100087372,100087388,1,-18509
chr6,100363854,100363873,100363767,100363783,0,-71
chr6,100596724,100596743,100596711,100596730,1,0
chr6,100622796,100622815,100622946,100622966,0,131
chr6,100622934,100622952,100622946,100622966,0,0
chr6,100640692,100640710,100640852,100640866,1,142
chr6,100912156,100912174,100912142,100912168,1,0
chr6,100931516,100931534,100933533,100933547,1,1999
chr6,101186999,101187018,101186757,101186775,1,-224
chr6,101261694,101261712,101266671,101266685,1,4959
chr6,101359964,101359982,101360062,101360099,0,80
chr6,101561251,101561269,101561242,101561261,1,0
chr6,103355072,103355090,103318806,103318822,1,-36250
chr6,103464863,103464881,103465587,103465601,1,706
chr6,106738389,106738408,106740528,106740550,0,2120
chr6,106750506,106750524,106750479,106750498,0,-8
chr6,106855693,106855711,106921220,106921241,0,65509
chr6,107061891,107061909,107036554,107036578,0,-25313
chr6,108384731,108384749,108391059,108391074,0,6310
chr6,108471742,108471760,108471948,108471968,1,188
chr6,108742373,108742391,108748719,108748735,1,6328
chr6,108857487,108857505,108857453,108857502,1,0
chr6,109031232,109031251,108994244,108994275,1,-36957
chr6,110040421,110040439,110040460,110040479,0,21
chr6,112351251,112351270,112334280,112334302,1,-16949
chr6,112790143,112790161,112781566,112781580,0,-8563
chr6,112816965,112816983,112819565,112819581,1,2582
chr6,112906043,112906062,112905950,112905966,1,-77
chr6,112959853,112959871,112939432,112939448,0,-20405
chr6,114015450,114015468,114015487,114015509,0,19
chr6,114106252,114106270,114092614,114092637,0,-13615
chr6,114692831,114692850,114687119,114687161,0,-5670
chr6,114742687,114742705,114742867,114742888,1,162
chr6,114818431,114818449,114817769,114817783,0,-648
chr6,115424677,115424695,115448203,115448222,1,23508
chr6,115472141,115472160,115472179,115472195,1,19
chr6,115647092,115647110,115649254,115649268,1,2144
chr6,115907460,115907478,115897712,115897749,1,-9711
chr6,116113388,116113407,116115621,116115647,1,2214
chr6,116120904,116120922,116120929,116120949,0,7
chr6,116340705,116340723,116345261,116345283,0,4538
chr6,116765715,116765733,116765666,116765703,1,-12
chr6,117203163,117203181,117211590,117211612,0,8409
chr6,117266952,117266970,117266208,117266222,1,-730
chr6,117559036,117559054,117572891,117572910,0,13837
chr6,118189624,118189642,118189629,118189654,1,0
chr6,118204307,118204325,118190765,118190781,1,-13526
chr6,118638617,118638635,118626313,118626335,0,-12282
chr6,118898835,118898853,118889585,118889603,1,-9232
chr6,119052808,119052826,119052969,119052989,0,143
chr6,119711809,119711827,119712708,119712722,1,881
chr6,119720113,119720132,119712708,119712722,0,-7391
chr6,119925146,119925164,119925308,119925369,1,144
chr6,119947392,119947410,119947529,119947548,0,119
chr6,120618850,120618868,120612107,120612121,0,-6729
chr6,120795721,120795739,120792393,120792407,1,-3314
chr6,121087600,121087618,121087530,121087544,0,-56
chr6,121350656,121350675,121345550,121345569,1,-5087
chr6,122724930,122724948,122724901,122724939,1,0
chr6,123961797,123961815,123961809,123961835,1,0
chr6,124048610,124048629,124048499,124048521,1,-89
chr6,124049008,124049027,124048499,124048521,1,-487
chr6,124512632,124512651,124512595,124512615,0,-17
chr6,124544694,124544713,124545549,124545565,0,836
chr6,124640271,124640290,124641147,124641163,0,857
chr6,125288546,125288565,125320026,125320041,0,31461
chr6,125501991,125502009,125502003,125502019,1,0
chr6,125526792,125526811,125526763,125526777,1,-15
chr6,125726569,125726587,125690908,125690924,1,-35645
chr6,125828226,125828244,125828078,125828093,1,-133
chr6,125927260,125927279,125976151,125976182,0,48872
chr6,125975982,125976000,125976151,125976182,0,151
chr6,126530272,126530290,126530076,126530115,0,-157
chr6,126599797,126599815,126569900,126569920,1,-29877
chr6,126837672,126837690,126837511,126837526,0,-146
chr6,127491328,127491346,127549246,127549270,0,57900
chr6,127498006,127498024,127549246,127549270,0,51222
chr6,128105970,128105988,128107999,128108015,0,2011
chr6,128386568,128386587,128386532,128386554,1,-14
chr6,128622815,128622834,128621115,128621134,1,-1681
chr6,128662533,128662551,128657285,128657321,0,-5212
chr6,128868424,128868442,128868312,128868326,1,-98
chr6,129112575,129112593,129112335,129112351,0,-224
chr6,129116498,129116517,129120375,129120397,1,3858
chr6,129372501,129372519,129372557,129372572,0,38
chr6,129407049,129407067,129407470,129407486,0,403
chr6,129545896,129545914,129544487,129544502,0,-1394
chr6,129626132,129626150,129622614,129622637,1,-3495
chr6,129684877,129684895,129684917,129684931,1,22
chr6,129874248,129874266,129874111,129874127,1,-121
chr6,129915155,129915173,129915118,129915132,1,-23
chr6,130096640,130096658,130092838,130092862,0,-3778
chr6,130237095,130237113,130237087,130237107,1,0
chr6,130672393,130672411,130701827,130701849,1,29416
chr6,130747174,130747193,130733936,130733952,0,-13222
chr6,131003495,131003514,131022308,131022322,0,18794
chr6,133987353,133987371,133988042,133988057,0,671
chr6,134119235,134119253,134123081,134123103,0,3828
chr6,134321671,134321689,134323534,134323556,0,1845
chr6,134354150,134354168,134328234,134328270,0,-25880
chr6,134476087,134476105,134476227,134476243,1,122
chr6,134476215,134476233,134476227,134476243,1,0
chr6,134668615,134668634,134664593,134664613,0,-4002
chr6,134817366,134817384,134804339,134804361,0,-13005
chr6,135082450,135082469,135076704,135076723,1,-5727
chr6,135136020,135136039,135141589,135141605,1,5550
chr6,135288513,135288531,135278412,135278434,1,-10079
chr6,135549833,135549852,135552337,135552392,0,2485
chr6,135615513,135615536,135615502,135615526,1,0
chr6,135674554,135674572,135683313,135683329,1,8741
chr6,135818828,135818846,135820221,135820235,1,1375
chr6,135895524,135895542,135890951,135890967,1,-4557
chr6,136236795,136236813,136239180,136239194,1,2367
chr6,137322917,137322935,137316239,137316254,0,-6663
chr6,137410618,137410636,137410811,137410825,1,175
chr6,137488080,137488098,137503531,137503547,1,15433
chr6,137648217,137648236,137648087,137648106,0,-111
chr6,137690677,137690695,137690661,137690683,1,0
chr6,137705276,137705294,137705269,137705285,1,0
chr6,139249156,139249175,139577646,139577660,0,328471
chr6,140148972,140148990,140148938,140148960,1,-12
chr6,140306044,140306062,140306050,140306081,1,0
chr6,140308220,140308238,140306050,140306081,0,-2139
chr6,140379340,140379358,140368860,140368879,0,-10461
chr6,140489403,140489421,140489436,140489458,0,15
chr6,140533000,140533019,140548483,140548511,0,15464
chr6,140920195,140920213,140920168,140920182,0,-13
chr6,140957289,140957307,140920168,140920182,0,-37107
chr6,141041517,141041535,141041760,141041785,1,225
chr6,141268122,141268140,141260834,141260868,1,-7254
chr6,142192190,142192208,142289873,142289892,0,97665
chr6,143199050,143199069,143204567,143204581,0,5498
chr6,144021757,144021776,144020842,144020870,0,-887
chr6,144057506,144057524,144059542,144059564,0,2018
chr6,144707366,144707384,144705061,144705075,1,-2291
chr6,144879922,144879940,144883445,144883470,1,3505
chr6,145054695,145054713,145054721,145054747,1,8
chr6,145089851,145089870,145089860,145089903,1,0
chr6,145396861,145396880,145401274,145401294,0,4394
chr6,145433074,145433092,145433147,145433169,0,55
chr6,145516487,145516506,145516359,145516378,0,-109
chr6,145579086,145579104,145604476,145604492,1,25372
chr6,145581515,145581533,145604476,145604492,1,22943
chr6,145792655,145792673,145801631,145801647,1,8958
chr6,145846061,145846079,145830201,145830217,1,-15844
chr6,145893314,145893333,145893200,145893214,0,-100
chr6,146740042,146740060,146745442,146745464,0,5382
chr6,146770989,146771007,146773926,146773940,0,2919
chr6,147919452,147919471,147919461,147919483,1,0
chr6,148180944,148180962,148199709,148199728,1,18747
chr6,148226931,148226949,148225816,148225836,1,-1095
chr6,148289495,148289514,148289554,148289568,1,40
chr6,148293199,148293218,148289554,148289568,0,-3631
chr6,148362364,148362383,148356200,148356224,1,-6140
chr6,149244356,149244374,149234060,149234080,0,-10276
chr6,149396447,149396465,149396362,149396377,1,-70
chr7,3122356,3122374,3122546,3122565,0,172
chr7,3390183,3390201,3400089,3400104,0,9888
chr7,3954603,3954621,4039215,4039234,1,84594
chr7,6730550,6730568,6937239,6937254,1,206671
chr7,14541459,14541477,14541625,14541641,0,148
chr7,16071132,16071150,16070929,16070945,1,-187
chr7,16507454,16507472,16471766,16471790,0,-35664
chr7,18821631,18821649,18823361,18823377,0,1712
chr7,19546735,19546754,19546538,19546554,0,-181
chr7,24519335,24519353,24516596,24516611,1,-2724
chr7,24624024,24624043,24621317,24621331,1,-2693
chr7,25030219,25030237,25027540,25027560,0,-2659
chr7,26169246,26169264,26169413,26169428,0,149
chr7,27378481,27378499,27384557,27384596,0,6058
chr7,28112885,28112903,28207270,28207307,1,94367
chr7,28208635,28208653,28208472,28208487,0,-148
chr7,28209041,28209059,28208472,28208487,0,-554
chr7,29335514,29335532,29338589,29338605,1,3057
chr7,29407997,29408015,29408008,29408027,1,0
chr7,30747557,30747575,30747965,30747981,1,390
chr7,30825411,30825429,30824484,30824506,0,-905
chr7,30842995,30843014,30842225,30842240,0,-755
chr7,30920685,30920703,30909665,30909679,1,-11006
chr7,34439158,34439177,34448542,34448564,1,9365
chr7,34633025,34633043,34629453,34629468,0,-3557
chr7,35221268,35221286,35221269,35221307,1,0
chr7,35374558,35374576,35379933,35379948,0,5357
chr7,35416769,35416787,35447067,35447087,0,30280
chr7,35702918,35702936,35710304,35710325,1,7368
chr7,35742436,35742454,35711600,35711615,0,-30821
chr7,36126097,36126115,36149973,36149992,0,23858
chr7,36152057,36152075,36152045,36152060,1,0
chr7,36201771,36201789,36201596,36201614,1,-157
chr7,36221169,36221187,36201596,36201614,1,-19555
chr7,37378320,37378338,37346086,37346101,1,-32219
chr7,37387029,37387047,37346086,37346101,1,-40928
chr7,37421861,37421879,37439185,37439211,1,17306
chr7,37469534,37469552,37471963,37471979,0,2411
chr7,38167345,38167364,38161680,38161696,0,-5649
chr7,39864828,39864846,39867316,39867330,0,2470
chr7,39882246,39882264,39882959,39882981,0,695
chr7,42493568,42493586,42493645,42493661,1,59
chr7,43594019,43594038,43594026,43594045,1,0
chr7,43621129,43621147,43621103,43621117,1,-12
chr7,43626212,43626230,43623009,43623031,0,-3181
chr7,43877048,43877067,43866203,43866226,1,-10822
chr7,43939750,43939768,43955702,43955717,0,15934
chr7,44445160,44445178,44449105,44449125,0,3927
chr7,44572045,44572063,44570074,44570099,0,-1946
chr7,44647348,44647366,44647175,44647193,1,-155
chr7,45107855,45107873,45107675,45107689,0,-166
chr7,45842904,45842922,45898335,45898350,1,55413
chr7,46586469,46586487,46586457,46586473,1,0
chr7,46724465,46724483,46741587,46741603,0,17104
chr7,46816327,46816345,46817487,46817547,1,1142
chr7,47272064,47272082,47253007,47253026,1,-19038
chr7,47770744,47770763,47770754,47770770,1,0
chr7,48757727,48757745,48756649,48756685,1,-1042
chr7,48988570,48988588,48990749,48990765,0,2161
chr7,49137691,49137709,49136682,49136707,1,-984
chr7,49190844,49190862,49190806,49190826,1,-18
chr7,49273097,49273115,49256608,49256624,1,-16473
chr7,49368334,49368352,49368335,49368350,.,0
chr7,49485482,49485501,49485179,49485211,1,-271
chr7,50899810,50899829,50783942,50783968,0,-115842
chr7,51665673,51665692,51665816,51665830,1,124
chr7,52551367,52551385,52702682,52702698,0,151297
chr7,55918551,55918569,55920778,55920808,0,2209
chr7,56132388,56132407,56131786,56131805,1,-583
chr7,57377661,57377679,57378114,57378157,1,435
chr7,58501216,58501234,58496681,58496708,0,-4508
chr7,58543225,58543243,58547341,58547356,1,4098
chr7,58762573,58762592,58798725,58798740,0,36133
chr7,58836944,58836962,58842228,58842247,1,5266
chr7,58859370,58859388,58858837,58858851,1,-519
chr7,63425051,63425069,63462573,63462592,0,37504
chr7,63685008,63685027,63643734,63643756,1,-41252
chr7,64232181,64232200,64232327,64232368,1,127
chr7,64404719,64404737,64404695,64404710,1,-9
chr7,64840603,64840621,64830189,64830214,0,-10389
chr7,65061223,65061242,65054228,65054247,1,-6976
chr7,65334896,65334914,65334907,65334922,1,0
chr7,65371670,65371688,65371662,65371676,1,0
chr7,65456163,65456181,65456159,65456175,1,0
chr7,65610259,65610277,65615521,65615541,0,5244
chr7,65780117,65780135,65772980,65772996,1,-7121
chr7,65911133,65911151,65911085,65911099,0,-34
chr7,66044750,66044768,66044880,66044902,1,112
chr7,66146773,66146791,66151470,66151484,1,4679
chr7,66323505,66323523,66323601,66323620,0,78
chr7,66356339,66356357,66356397,66356419,1,40
chr7,66612605,66612623,66623368,66623384,1,10745
chr7,66960418,66960437,66962500,66962532,0,2063
chr7,66982601,66982619,66980714,66980730,1,-1871
chr7,67047900,67047918,67051521,67051535,1,3603
chr7,67244585,67244604,67244447,67244462,0,-123
chr7,67313478,67313496,67307342,67307358,0,-6120
chr7,67344127,67344145,67344074,67344093,1,-34
chr7,67344639,67344657,67344538,67344552,0,-87
chr7,67458087,67458105,67457455,67457482,1,-605
chr7,67499004,67499022,67503246,67503285,0,4224
chr7,67864691,67864709,67906360,67906375,0,41651
chr7,68667751,68667770,68667747,68667761,1,0
chr7,69847003,69847021,69865860,69865905,1,18839
chr7,70064139,70064158,70069354,70069370,1,5196
chr7,70332679,70332697,70327296,70327318,1,-5361
chr7,71587836,71587854,71598813,71598833,0,10959
chr7,72339491,72339509,72339502,72339522,1,0
chr7,73371921,73371939,73376052,73376079,0,4113
chr7,73387947,73387965,73376052,73376079,1,-11868
chr7,73434604,73434622,73430884,73430912,0,-3692
chr7,73680223,73680242,73680219,73680233,1,0
chr7,73749589,73749607,73749574,73749594,1,0
chr7,73941624,73941642,73941621,73941635,1,0
chr7,74199509,74199527,74173516,74173543,1,-25966
chr7,74838268,74838287,74863012,74863027,1,24725
chr7,75220933,75220952,75215916,75215938,1,-4995
chr7,75320142,75320160,75320102,75320118,1,-24
chr7,76154091,76154109,76142289,76142316,1,-11775
chr7,76408113,76408131,76408320,76408335,0,189
chr7,76462896,76462914,76467920,76467939,1,5006
chr7,76526432,76526451,76526411,76526425,1,-7
chr7,76661060,76661078,76593784,76593800,0,-67260
chr7,77096863,77096882,77096856,77096872,1,0
chr7,78763073,78763091,78762805,78762842,0,-231
chr7,80057179,80057198,80059795,80059809,0,2597
chr7,81129711,81129730,81122956,81122983,0,-6728
chr7,81472963,81472981,81472917,81472953,0,-10
chr7,82056761,82056779,82057047,82057062,1,268
chr7,82192616,82192635,82192601,82192623,1,0
chr7,82222045,82222063,82222003,82222030,1,-15
chr7,82287396,82287414,82306107,82306123,1,18693
chr7,82429602,82429620,82432076,82432099,1,2456
chr7,82559750,82559768,82567793,82567824,1,8025
chr7,82567853,82567871,82567793,82567824,0,-29
chr7,82686563,82686581,82699161,82699183,0,12580
chr7,82902495,82902514,82895775,82895791,0,-6704
chr7,83431455,83431473,83431427,83431461,1,0
chr7,83688014,83688032,83699162,83699176,0,11130
chr7,83859053,83859083,83863673,83863687,1,4590
chr7,83981189,83981207,83976529,83976551,0,-4638
chr7,84211409,84211427,84211647,84211671,0,220
chr7,84254852,84254870,84254975,84254989,0,105
chr7,84335908,84335926,84336067,84336081,1,141
chr7,84361168,84361186,84372221,84372237,1,11035
chr7,84397610,84397629,84422511,84422527,1,24882
chr7,88054547,88054565,88117138,88117157,0,62573
chr7,88315061,88315079,88314302,88314318,0,-743
chr7,88321251,88321269,88319012,88319028,0,-2223
chr7,88323750,88323768,88323775,88323803,1,7
chr7,88387632,88387650,88398006,88398020,0,10356
chr7,88545072,88545090,88546139,88546155,0,1049
chr7,89297260,89297278,89296875,89296895,0,-365
chr7,89381291,89381310,89385516,89385532,0,4206
chr7,89390807,89390825,89393081,89393097,1,2256
chr7,89489951,89489969,89499683,89499699,0,9714
chr7,89490012,89490030,89499683,89499699,0,9653
chr7,89628156,89628174,89669510,89669527,0,41336
chr7,89632425,89632444,89669510,89669527,0,37066
chr7,89636104,89636122,89669510,89669527,0,33388
chr7,90162852,90162870,90162831,90162865,1,0
chr7,92103150,92103168,92103194,92103214,1,26
chr7,92322366,92322384,92320891,92320908,1,-1458
chr7,92428380,92428398,92424713,92424729,1,-3651
chr7,96438591,96438609,96426084,96426103,0,-12488
chr7,96729889,96729907,96729973,96729988,1,66
chr7,96754484,96754502,96754593,96754621,0,91
chr7,96883106,96883124,96883116,96883131,1,0
chr7,97190762,97190780,97190770,97190785,1,0
chr7,97388057,97388076,97388063,97388085,1,0
chr7,97777391,97777409,97777380,97777395,1,0
chr7,98120797,98120815,98146694,98146719,0,25879
chr7,98869322,98869340,98852086,98852101,1,-17221
chr7,99024139,99024157,99025107,99025134,1,950
chr7,99113536,99113554,99113413,99113427,0,-109
chr7,99407459,99407477,99407464,99407480,1,0
chr7,99999726,99999745,99999745,99999764,1,0
chr7,100473477,100473496,100466738,100466775,1,-6702
chr7,100845579,100845597,100817360,100817380,0,-28199
chr7,101333673,101333691,101355635,101355651,1,21944
chr7,101333745,101333763,101355635,101355651,1,21872
chr7,101650833,101650851,101650842,101650862,1,0
chr7,101680114,101680132,101681811,101681826,0,1679
chr7,101683027,101683045,101683035,101683057,1,0
chr7,102193954,102193972,102193894,102193937,0,-17
chr7,102384086,102384105,102384093,102384121,1,0
chr7,102575710,102575728,102575840,102575864,0,112
chr7,102576118,102576136,102576130,102576149,1,0
chr7,102705359,102705377,102665554,102665568,0,-39791
chr7,103809133,103809151,103809031,103809059,1,-74
chr7,104022021,104022039,104019090,104019106,0,-2915
chr7,105486257,105486275,105487173,105487188,0,898
chr7,105621284,105621302,105676061,105676083,0,54759
chr7,106494069,106494087,106494058,106494081,1,0
chr7,106589224,106589242,106589436,106589451,1,194
chr7,107094411,107094429,107088357,107088373,0,-6038
chr7,107392897,107392915,107393029,107393043,1,114
chr7,107495741,107495760,107526594,107526616,1,30834
chr7,109200952,109200971,109201877,109201891,1,906
chr7,109265453,109265471,109254830,109254850,1,-10603
chr7,109295761,109295780,109310194,109310255,0,14414
chr7,109474564,109474582,109474568,109474589,1,0
chr7,109585680,109585698,109590589,109590608,1,4891
chr7,109630097,109630115,109631204,109631218,1,1089
chr7,109794855,109794874,109792850,109792864,1,-1991
chr7,110386525,110386543,110387618,110387637,1,1075
chr7,110556434,110556452,110569028,110569050,1,12576
chr7,110590189,110590207,110588070,110588088,0,-2101
chr7,110689705,110689723,110679906,110679961,0,-9744
chr7,110816176,110816194,110821485,110821504,1,5291
chr7,110916093,110916111,110919334,110919358,1,3223
chr7,110941531,110941550,110941654,110941683,1,104
chr7,111070668,111070686,111070704,111070720,1,18
chr7,111156148,111156166,111150016,111150030,0,-6118
chr7,111162781,111162800,111164461,111164475,0,1661
chr7,111654671,111654689,111676775,111676791,0,22086
chr7,111716441,111716459,111718963,111718979,1,2504
chr7,112915881,112915899,112919910,112919981,1,4011
chr7,113239984,113240002,113238461,113238483,1,-1501
chr7,113281552,113281570,113281799,113281818,0,229
chr7,113653392,113653410,113637990,113638005,0,-15387
chr7,113962217,113962235,114016623,114016639,1,54388
chr7,114199031,114199049,114199555,114199573,0,506
chr7,114421099,114421117,114421111,114421130,1,0
chr7,114496593,114496612,114496570,114496608,1,0
chr7,114753815,114753833,114762900,114762914,1,9067
chr7,114831477,114831495,114832570,114832584,1,1075
chr7,114925625,114925643,114931353,114931369,0,5710
chr7,115085952,115085970,115084090,115084106,0,-1846
chr7,115173158,115173176,115155127,115155143,0,-18015
chr7,115195320,115195339,115192518,115192534,0,-2786
chr7,115673127,115673145,115667161,115667175,1,-5952
chr7,115724490,115724508,115681624,115681640,1,-42850
chr7,115951898,115951916,115951832,115951848,1,-50
chr7,116113883,116113901,116113889,116113922,1,0
chr7,116189976,116189994,116189119,116189148,0,-828
chr7,116274069,116274088,116282988,116283010,1,8900
chr7,116808645,116808664,116869900,116869916,0,61236
chr7,116888384,116888402,116869995,116870014,1,-18370
chr7,116918459,116918477,116918821,116918837,0,344
chr7,117087403,117087421,117087395,117087414,1,0
chr7,117541074,117541092,117541090,117541106,0,0
chr7,117587243,117587261,117595035,117595049,0,7774
chr7,117630872,117630890,117629970,117629984,0,-888
chr7,117740243,117740262,117729369,117729385,1,-10858
chr7,118056458,118056476,118065637,118065653,0,9161
chr7,118079253,118079272,118080909,118080923,0,1637
chr7,118154290,118154309,118157297,118157323,1,2988
chr7,118392426,118392444,118409528,118409564,1,17084
chr7,118800325,118800343,118801913,118801939,1,1570
chr7,120861052,120861070,120861035,120861065,1,0
chr7,120869983,120870001,120870215,120870229,1,214
chr7,121002570,121002588,121044914,121044938,0,42326
chr7,121159349,121159368,121173683,121173707,1,14315
chr7,121275355,121275373,121280940,121280955,0,5567
chr7,121539687,121539705,121517621,121517647,0,-22040
chr7,121641904,121641922,121641403,121641441,0,-463
chr7,122331781,122331800,122329882,122329902,1,-1879
chr7,122331950,122331968,122329882,122329902,1,-2048
chr7,122356761,122356779,122356702,122356717,1,-44
chr7,122740865,122740883,122717182,122717204,1,-23661
chr7,122866287,122866306,122866237,122866252,0,-35
chr7,123199219,123199238,123201128,123201143,0,1890
chr7,123201757,123201776,123201483,123201504,0,-253
chr7,123336616,123336635,123336691,123336711,0,56
chr7,123403835,123403853,123399899,123399922,0,-3913
chr7,123503621,123503639,123503504,123503518,1,-103
chr7,124514251,124514269,124682938,124682973,1,168669
chr7,124682935,124682953,124682938,124682973,1,0
chr7,124711431,124711449,124711514,124711536,0,65
chr7,125339383,125339401,125339346,125339368,0,-15
chr7,125689785,125689803,125675015,125675037,1,-14748
chr7,126028299,126028318,126035232,126035248,1,6914
chr7,126848604,126848622,126814100,126814120,0,-34484
chr7,127641337,127641355,127646470,127646506,0,5115
chr7,127820922,127820941,127805868,127805890,1,-15032
chr7,128224415,128224433,128224512,128224535,1,79
chr7,129142803,129142821,129301712,129301728,0,158891
chr7,129403866,129403885,129398997,129399044,0,-4822
chr7,129604235,129604253,129604193,129604219,1,-16
chr7,129623099,129623117,129620726,129620740,1,-2359
chr7,129801872,129801890,129802367,129802385,1,477
chr7,129924586,129924605,129924653,129924671,1,48
chr7,130335677,130335696,130309906,130309935,1,-25742
chr7,130365074,130365092,130365091,130365107,1,0
chr7,130946513,130946532,130994012,130994044,1,47480
chr7,131036663,131036682,130999865,130999879,1,-36784
chr7,131193558,131193576,131169393,131169412,1,-24146
chr7,132031160,132031178,132030835,132030851,1,-309
chr7,132246041,132246059,132260105,132260145,1,14046
chr7,132495169,132495187,132471494,132471516,1,-23653
chr7,132697518,132697536,132622977,132622999,0,-74519
chr7,133723454,133723472,133725045,133725067,0,1573
chr7,134608806,134608824,134611416,134611430,1,2592
chr7,134650690,134650708,134674228,134674248,0,23520
chr7,134708746,134708764,134700997,134701013,1,-7733
chr7,134892731,134892749,134893851,134893865,1,1102
chr7,135027970,135027988,135021429,135021445,1,-6525
chr7,135179734,135179752,135178710,135178739,1,-995
chr7,135313506,135313525,135321250,135321272,1,7725
chr7,135576523,135576541,135577804,135577839,1,1263
chr7,135599016,135599035,135599021,135599057,1,0
chr7,135609969,135609987,135608492,135608512,1,-1457
chr7,135883193,135883211,135889258,135889274,0,6047
chr7,135965520,135965538,135965448,135965467,1,-53
chr7,135982296,135982314,135965448,135965467,1,-16829
chr7,136022061,136022079,136034553,136034567,0,12474
chr7,136047302,136047320,136047295,136047309,1,0
chr7,136101842,136101861,136101840,136101855,1,0
chr7,136144319,136144337,136143074,136143098,0,-1221
chr7,136159252,136159270,136161175,136161189,0,1905
chr7,136197767,136197785,136197739,136197764,0,-3
chr7,136229240,136229258,136230384,136230398,0,1126
chr7,136294522,136294540,136271565,136271580,1,-22942
chr7,136370477,136370496,136271565,136271580,1,-98897
chr7,136458162,136458180,136479818,136479833,0,21638
chr7,136689740,136689758,136675215,136675231,0,-14509
chr7,136946225,136946243,136946421,136946440,0,178
chr7,137274362,137274380,137268556,137268573,0,-5789
chr7,137308480,137308498,137308570,137308585,0,72
chr7,137583552,137583570,137588796,137588819,1,5226
chr7,137841548,137841566,137805498,137805520,1,-36028
chr7,139326151,139326169,139319409,139319424,1,-6727
chr7,139364351,139364370,139360863,139360878,1,-3473
chr7,139484332,139484351,139505156,139505170,0,20805
chr7,140972106,140972125,140973790,140973809,1,1665
chr7,141242495,141242513,141242700,141242740,0,187
chr7,141316024,141316042,141279048,141279066,0,-36958
chr7,141550559,141550578,141550526,141550546,1,-13
chr7,142419955,142419974,142420111,142420145,0,137
chr7,142572169,142572187,142485097,142485116,1,-87053
chr7,143031213,143031231,143027171,143027199,1,-4014
chr7,143805698,143805716,143808989,143809012,0,3273
chr7,143809018,143809036,143808989,143809012,1,-6
chr7,144267106,144267124,144267103,144267118,1,0
chr7,144371543,144371561,144391971,144391999,0,20410
chr7,144427596,144427614,144461812,144461828,1,34198
chr7,144837368,144837386,144822157,144822177,0,-15191
chr8,3317913,3317931,3317445,3317486,0,-427
chr8,3417752,3417770,3425494,3425508,0,7724
chr8,3481947,3481965,3464413,3464429,1,-17518
chr8,3532161,3532179,3532149,3532165,1,0
chr8,3657155,3657173,3652969,3652983,1,-4172
chr8,3855878,3855897,3868260,3868286,0,12363
chr8,3878521,3878539,3868347,3868361,0,-10160
chr8,4367923,4367941,4370248,4370264,0,2307
chr8,5800052,5800070,5764175,5764189,1,-35863
chr8,6006552,6006570,6005508,6005527,1,-1025
chr8,6179774,6179792,6179539,6179553,1,-221
chr8,8143500,8143518,8190363,8190387,1,46845
chr8,8220201,8220220,8239625,8239641,1,19405
chr8,8446309,8446327,8452356,8452372,0,6029
chr8,9402721,9402739,9402555,9402571,1,-150
chr8,9451785,9451803,9451798,9451831,1,0
chr8,9465897,9465915,9455362,9455413,0,-10484
chr8,9821665,9821684,9851639,9851655,1,29955
chr8,9851452,9851471,9851639,9851655,1,168
chr8,10044061,10044079,10040346,10040372,0,-3689
chr8,10168414,10168432,10145318,10145336,0,-23078
chr8,10216093,10216111,10216106,10216121,1,0
chr8,10219275,10219293,10217390,10217406,1,-1869
chr8,10463325,10463344,10463662,10463677,1,318
chr8,10537974,10537992,10541309,10541326,1,3317
chr8,10743765,10743783,10726352,10726372,0,-17393
chr8,10759668,10759686,10761515,10761529,0,1829
chr8,10820972,10820990,10820985,10821003,0,0
chr8,10831853,10831872,10832001,10832017,0,129
chr8,10859901,10859919,10858236,10858256,1,-1645
chr8,10994433,10994451,10997539,10997553,0,3088
chr8,11107647,11107665,11105542,11105556,0,-2091
chr8,11114325,11114343,11105542,11105556,0,-8769
chr8,11127592,11127610,11127557,11127579,0,-13
chr8,11187134,11187152,11187152,11187180,0,0
chr8,11577691,11577710,11588093,11588108,0,10383
chr8,11841520,11841538,11833907,11833926,0,-7594
chr8,12014354,12014372,12000013,12000027,0,-14327
chr8,12164332,12164351,12188385,12188404,1,24034
chr8,12576142,12576160,12645013,12645032,0,68853
chr8,12736022,12736041,12735826,12735845,1,-177
chr8,12792954,12792972,12800091,12800113,0,7119
chr8,13036522,13036540,13036523,13036538,.,0
chr8,13056778,13056796,13036523,13036538,0,-20240
chr8,13258711,13258729,13267725,13267741,1,8996
chr8,13569179,13569198,13566695,13566709,1,-2470
chr8,14385125,14385144,14368653,14368695,1,-16430
chr8,14719912,14719930,14719997,14720016,1,67
chr8,16427585,16427604,16408526,16408542,1,-19043
chr8,17167489,17167508,17167486,17167502,1,0
chr8,18388451,18388469,18570420,18570435,0,181951
chr8,18626611,18626629,18626624,18626640,1,0
chr8,18800333,18800351,18800159,18800174,1,-159
chr8,18817833,18817851,18815628,18815647,0,-2186
chr8,21798184,21798202,21804811,21804826,0,6609
chr8,22298803,22298821,22298790,22298806,0,0
chr8,22340573,22340591,22340604,22340629,1,13
chr8,22444172,22444190,22444043,22444065,0,-107
chr8,22538677,22538695,22538549,22538564,1,-113
chr8,22827173,22827192,22877756,22877772,0,50564
chr8,22877739,22877757,22877756,22877772,0,0
chr8,23028153,23028171,23021551,23021567,0,-6586
chr8,24285056,24285074,24240847,24240870,0,-44186
chr8,24949061,24949079,24954944,24954958,0,5865
chr8,25454832,25454850,25454758,25454780,0,-52
chr8,25897625,25897643,25890055,25890085,1,-7540
chr8,25965706,25965725,25962355,25962391,0,-3315
chr8,26229151,26229169,26228994,26229019,0,-132
chr8,26229826,26229844,26228994,26229019,0,-807
chr8,26476968,26476986,26477152,26477166,0,166
chr8,26635253,26635271,26634678,26634697,1,-556
chr8,26673639,26673657,26675905,26675921,0,2248
chr8,26788355,26788374,26778315,26778329,0,-10026
chr8,26801497,26801515,26808818,26808833,0,7303
chr8,26828723,26828741,26828739,26828753,0,0
chr8,26841326,26841345,26845346,26845360,1,4001
chr8,26907646,26907665,26915830,26915849,1,8165
chr8,27107441,27107460,27100215,27100250,0,-7191
chr8,27362042,27362060,27205382,27205406,0,-156636
chr8,27409755,27409773,27205382,27205406,0,-204349
chr8,28597002,28597021,28559692,28559708,1,-37294
chr8,28681843,28681861,28695304,28695330,1,13443
chr8,29477051,29477069,29476852,29476874,1,-177
chr8,30959696,30959715,30941418,30941438,1,-18258
chr8,31301659,31301677,31301307,31301321,0,-338
chr8,31372388,31372406,31372345,31372359,1,-29
chr8,31920726,31920744,31920778,31920794,0,34
chr8,31977021,31977039,31990519,31990539,1,13480
chr8,33104154,33104172,33089908,33089930,1,-14224
chr8,33510721,33510739,33516890,33516933,0,6151
chr8,33554576,33554594,33554601,33554620,1,7
chr8,33554674,33554692,33554731,33554783,0,39
chr8,33629322,33629340,33673313,33673327,0,43973
chr8,33677128,33677146,33677176,33677192,1,30
chr8,33703965,33703983,33704394,33704410,0,411
chr8,33711056,33711074,33708955,33708969,0,-2087
chr8,33853589,33853607,33855281,33855319,1,1674
chr8,33855401,33855419,33855413,33855429,1,0
chr8,34355494,34355512,34355349,34355377,1,-117
chr8,34455062,34455080,34445557,34445592,0,-9470
chr8,35206572,35206590,35208653,35208688,1,2063
chr8,35233527,35233545,35237758,35237780,1,4213
chr8,35454534,35454552,35448419,35448433,1,-6101
chr8,35567420,35567439,35565102,35565122,0,-2298
chr8,35693118,35693136,35699346,35699373,1,6210
chr8,35890397,35890415,35883464,35883492,1,-6905
chr8,36041116,36041135,36041172,36041186,1,37
chr8,36201645,36201663,36202065,36202093,0,402
chr8,36456294,36456312,36456109,36456151,0,-143
chr8,36585521,36585539,36580453,36580467,1,-5054
chr8,36879612,36879630,36874578,36874592,1,-5020
chr8,37049524,37049542,37049537,37049561,1,0
chr8,38656405,38656424,38649021,38649037,0,-7368
chr8,39106268,39106287,39103555,39103571,0,-2697
chr8,39131981,39131999,39118775,39118799,1,-13182
chr8,40007323,40007341,40007180,40007199,1,-124
chr8,40019344,40019362,40019352,40019367,1,0
chr8,41004710,41004729,40998922,40998938,0,-5772
chr8,41006079,41006097,40998922,40998938,0,-7141
chr8,41318214,41318232,41317482,41317497,1,-717
chr8,45359511,45359529,45359291,45359315,1,-196
chr8,45690048,45690066,45690051,45690065,.,0
chr8,45905754,45905772,45905738,45905760,1,0
chr8,46114162,46114180,46124520,46124562,1,10340
chr8,46497038,46497056,46495621,46495636,0,-1402
chr8,46700916,46700934,46704386,46704401,0,3452
chr8,47026640,47026658,47045429,47045460,1,18771
chr8,47242855,47242873,47243169,47243195,1,296
chr8,48473168,48473186,48477160,48477180,1,3974
chr8,48532034,48532052,48527553,48527572,0,-4462
chr8,51214609,51214627,51253585,51253600,1,38958
chr8,51214645,51214663,51253585,51253600,1,38922
chr8,53435776,53435794,53435767,53435788,1,0
chr8,53997553,53997571,53997614,53997630,0,43
chr8,54028848,54028866,54035129,54035144,1,6263
chr8,54043690,54043708,54050585,54050609,1,6877
chr8,54085868,54085886,54085807,54085829,1,-39
chr8,54276527,54276545,54275206,54275221,0,-1306
chr8,54276587,54276605,54275206,54275221,0,-1366
chr8,54422292,54422310,54422335,54422349,0,25
chr8,54465790,54465808,54467404,54467448,1,1596
chr8,54808542,54808560,54788268,54788283,0,-20259
chr8,56278292,56278311,56285100,56285114,1,6789
chr8,56370833,56370852,56345738,56345757,0,-25076
chr8,56884453,56884471,56896518,56896534,1,12047
chr8,57722584,57722602,57724528,57724543,0,1926
chr8,61316242,61316261,61316082,61316104,0,-138
chr8,61563536,61563555,61556910,61556932,0,-6604
chr8,61634674,61634693,61642566,61642588,1,7873
chr8,61673562,61673580,61672606,61672634,1,-928
chr8,61748562,61748580,61736196,61736255,1,-12307
chr8,61894347,61894365,61896031,61896055,1,1666
chr8,63877668,63877687,63927142,63927158,0,49455
chr8,64342781,64342799,64372852,64372866,1,30053
chr8,64406770,64406788,64405028,64405042,0,-1728
chr8,64841204,64841223,64839754,64839773,0,-1431
chr8,65022624,65022643,65022613,65022629,1,0
chr8,66346026,66346044,66340097,66340120,0,-5906
chr8,66407184,66407202,66415332,66415351,0,8130
chr8,66444460,66444478,66445603,66445651,1,1125
chr8,67853921,67853939,67855694,67855709,1,1755
chr8,67908103,67908122,67903805,67903829,0,-4274
chr8,68644350,68644368,68634876,68634898,0,-9452
chr8,68920062,68920080,68920092,68920106,0,12
chr8,69861000,69861018,69860879,69860898,1,-102
chr8,70339232,70339250,70332153,70332172,0,-7060
chr8,70731062,70731080,70565941,70565957,1,-165105
chr8,71224860,71224878,71207026,71207040,0,-17820
chr8,71298679,71298697,71294236,71294280,0,-4399
chr8,71358219,71358237,71307609,71307667,1,-50552
chr8,75820527,75820545,75650881,75650907,1,-169620
chr8,77143539,77143557,77150995,77151064,0,7438
chr8,77350364,77350382,77351675,77351697,1,1293
chr8,77486461,77486479,77489504,77489524,1,3025
chr8,77826412,77826430,77827167,77827181,1,737
chr8,78648977,78648995,78649109,78649128,0,114
chr8,79329256,79329275,79331316,79331338,1,2041
chr8,79382014,79382032,79381278,79381293,0,-721
chr8,79606958,79606976,79603458,79603478,0,-3480
chr8,79731331,79731350,79731523,79731538,1,173
chr8,79874204,79874222,79870836,79870852,1,-3352
chr8,80021189,80021208,80032158,80032177,1,10950
chr8,80278945,80278963,80276381,80276406,1,-2539
chr8,80753625,80753643,80751944,80751964,0,-1661
chr8,80834513,80834531,80834672,80834691,0,141
chr8,80853858,80853876,80865602,80865624,0,11726
chr8,82372964,82372982,82374550,82374569,1,1568
chr8,82391466,82391485,82383412,82383436,0,-8030
chr8,82992155,82992173,82992150,82992168,1,0
chr8,83109953,83109972,83104535,83104551,0,-5402
chr8,83310093,83310111,83310050,83310069,0,-24
chr8,83536045,83536063,83679341,83679392,1,143278
chr8,84173550,84173568,84164286,84164302,1,-9248
chr8,84521181,84521199,84521042,84521075,1,-106
chr8,84579755,84579773,84570588,84570612,0,-9143
chr8,85446237,85446255,85446244,85446263,1,0
chr8,85460916,85460934,85466539,85466553,0,5605
chr8,86390107,86390125,86398071,86398085,1,7946
chr8,86412789,86412808,86398152,86398167,0,-14622
chr8,87571116,87571134,87570160,87570174,0,-942
chr8,87742935,87742953,87777596,87777614,0,34643
chr8,88437889,88437907,88437869,88437895,1,0
chr8,90321554,90321572,90302281,90302295,0,-19259
chr8,90370387,90370406,90370414,90370443,1,8
chr8,91548698,91548716,91532224,91532243,0,-16455
chr8,91776113,91776131,91765409,91765429,1,-10684
chr8,92329012,92329030,92330241,92330257,0,1211
chr8,92440017,92440035,92455243,92455257,1,15208
chr8,92686962,92686980,92686934,92686949,0,-13
chr8,92792184,92792202,92792308,92792324,1,106
chr8,93090007,93090025,93096643,93096658,0,6618
chr8,93176616,93176634,93176581,93176605,0,-11
chr8,94119174,94119192,94118570,94118584,1,-590
chr8,94330194,94330212,94307680,94307702,1,-22492
chr8,94517272,94517290,94490124,94490144,1,-27128
chr8,94521647,94521666,94548117,94548131,0,26451
chr8,94881946,94881964,94909885,94909909,0,27921
chr8,94970312,94970331,94967189,94967203,1,-3109
chr8,95219860,95219878,95221767,95221781,0,1889
chr8,95409857,95409876,95403769,95403785,0,-6072
chr8,95422425,95422443,95403769,95403785,0,-18640
chr8,95505010,95505028,95533684,95533698,1,28656
chr8,95823464,95823482,95823478,95823500,1,0
chr8,99780733,99780752,99600740,99600755,0,-179978
chr8,103577663,103577681,103568374,103568393,0,-9270
chr8,104146505,104146523,104139525,104139546,0,-6959
chr8,104422340,104422359,104422411,104422425,1,52
chr8,105510114,105510132,105507562,105507594,0,-2520
chr8,105515784,105515802,105518133,105518152,1,2331
chr8,105516072,105516090,105518133,105518152,1,2043
chr8,106040373,106040391,106038353,106038377,0,-1996
chr8,107956925,107956943,108020250,108020264,1,63307
chr8,108650937,108650956,108650885,108650908,0,-29
chr8,108723130,108723148,108725070,108725092,0,1922
chr8,108764608,108764626,108764826,108764845,0,200
chr8,108790722,108790740,108781194,108781216,1,-9506
chr8,108860156,108860174,108861895,108861914,0,1721
chr8,109551793,109551811,109590822,109590836,1,39011
chr8,109585866,109585884,109590822,109590836,1,4938
chr8,109593471,109593489,109593484,109593500,0,0
chr8,109791040,109791059,109791222,109791238,0,163
chr8,110189099,110189117,110180027,110180046,1,-9053
chr8,110489504,110489522,110502951,110502969,1,13429
chr8,110631358,110631376,110597638,110597683,1,-33675
chr8,110673784,110673803,110676308,110676349,0,2505
chr8,110676438,110676456,110676308,110676349,1,-89
chr8,111551965,111551984,111552026,111552048,1,42
chr8,111774536,111774554,111774582,111774598,0,28
chr8,111895214,111895232,111895258,111895295,1,26
chr8,112936697,112936716,112936388,112936402,1,-295
chr8,112972549,112972567,112936388,112936402,1,-36147
chr8,113664842,113664860,113693078,113693099,0,28218
chr8,114193632,114193650,114193478,114193497,1,-135
chr8,114565411,114565429,114548628,114548657,0,-16754
chr8,114630407,114630425,114636569,114636583,1,6144
chr8,115314332,115314350,115314344,115314371,1,0
chr8,115338621,115338639,115322604,115322632,1,-15989
chr8,115451093,115451111,115462470,115462486,1,11359
chr8,115470585,115470603,115462470,115462486,0,-8099
chr8,115529762,115529780,115534895,115534909,1,5115
chr8,115754873,115754891,115743648,115743671,1,-11202
chr8,116069662,116069681,116069589,116069604,0,-58
chr8,116163662,116163681,116148108,116148123,0,-15539
chr8,116905192,116905210,116906522,116906544,0,1312
chr8,117078719,117078737,117079837,117079859,1,1100
chr8,117388476,117388495,117365049,117365063,0,-23413
chr8,117488705,117488724,117485584,117485600,1,-3105
chr8,117600977,117600995,117594846,117594869,1,-6108
chr8,117727633,117727651,117700864,117700878,1,-26755
chr8,117898212,117898230,117883089,117883111,0,-15101
chr8,119121408,119121426,119121505,119121519,0,79
chr8,119134302,119134320,119138874,119138890,1,4554
chr8,119412106,119412124,119436096,119436114,0,23972
chr8,119712363,119712381,119715279,119715301,0,2898
chr8,119962970,119962989,119935750,119935772,1,-27198
chr8,120150018,120150036,120150388,120150408,0,352
chr8,120349116,120349134,120343765,120343781,1,-5335
chr8,120874535,120874554,120874540,120874556,1,0
chr8,120963654,120963672,120956541,120956569,0,-7085
chr8,121001769,121001788,120971500,120971515,0,-30254
chr8,121030745,121030763,121054538,121054560,0,23775
chr8,121975492,121975510,121971492,121971511,1,-3981
chr8,122081890,122081908,122062714,122062730,0,-19160
chr8,122155195,122155213,122117039,122117062,1,-38133
chr8,122824751,122824770,122801378,122801430,1,-23321
chr8,123077286,123077305,123132335,123132356,0,55030
chr8,124066907,124066925,124066949,124066968,1,24
chr8,124332317,124332335,124361927,124361949,1,29592
chr8,124928881,124928899,124928956,124928975,0,57
chr8,125044353,125044372,125044358,125044384,1,0
chr8,125199498,125199517,125219669,125219691,1,20152
chr8,125217452,125217471,125219669,125219691,1,2198
chr8,125369681,125369699,125324756,125324772,0,-44909
chr8,125447572,125447590,125493680,125493696,1,46090
chr8,125510124,125510142,125513467,125513489,1,3325
chr8,125521110,125521128,125513547,125513566,0,-7544
chr8,125655328,125655346,125640208,125640224,0,-15104
chr8,126396073,126396091,126395509,126395525,1,-548
chr8,126433927,126433945,126395509,126395525,1,-38402
chr8,127090653,127090671,127093235,127093261,0,2564
chr8,127178915,127178933,127190395,127190409,1,11462
chr8,127254651,127254669,127264734,127264756,0,10065
chr8,127651513,127651531,127658998,127659014,0,7467
chr8,127697723,127697741,127709526,127709544,0,11785
chr8,127775749,127775767,127775761,127775783,1,0
chr8,128030738,128030756,128039451,128039465,1,8695
chr8,128066137,128066156,128066461,128066476,1,305
chr8,128168159,128168177,128148427,128148449,1,-19710
chr8,128235602,128235620,128242746,128242760,0,7126
chr8,128326171,128326190,128320555,128320581,0,-5590
chr8,128432311,128432329,128437210,128437226,0,4881
chr8,128435924,128435942,128437210,128437226,0,1268
chr8,128437408,128437426,128437247,128437263,0,-145
chr8,128451931,128451949,128451829,128451843,0,-88
chr8,128457371,128457390,128456514,128456530,0,-841
chr8,128572532,128572550,128572559,128572605,1,9
chr9,6165259,6165278,6165266,6165285,1,0
chr9,6353820,6353838,6338023,6338042,0,-15778
chr9,7042747,7042765,7060239,7060254,1,17474
chr9,7042821,7042839,7060239,7060254,1,17400
chr9,7042846,7042865,7060239,7060254,1,17374
chr9,7138029,7138047,7109917,7109931,1,-28098
chr9,7261773,7261791,7261891,7261905,0,100
chr9,7270599,7270617,7270545,7270573,1,-26
chr9,7431876,7431894,7431888,7431902,1,0
chr9,7604295,7604313,7605731,7605757,1,1418
chr9,7926082,7926101,7919780,7919799,0,-6283
chr9,9050933,9050951,9107367,9107385,1,56416
chr9,10911399,10911417,10909810,10909830,1,-1569
chr9,13185736,13185755,13185151,13185167,0,-569
chr9,13454729,13454747,13497345,13497367,0,42598
chr9,13668869,13668887,13669908,13669928,0,1021
chr9,13986297,13986315,13991208,13991224,0,4893
chr9,14329741,14329759,14364533,14364594,1,34774
chr9,14520007,14520026,14521018,14521034,0,992
chr9,14711307,14711326,14703758,14703774,1,-7533
chr9,14954803,14954821,14966969,14966985,0,12148
chr9,15212174,15212192,15187659,15187686,0,-24488
chr9,15658718,15658736,15652144,15652160,0,-6558
chr9,15739046,15739064,15739060,15739082,1,0
chr9,16319108,16319126,16318444,16318458,0,-650
chr9,20735016,20735034,20738702,20738729,0,3668
chr9,20751740,20751758,20738916,20738939,1,-12801
chr9,21523436,21523454,21523643,21523665,0,189
chr9,21653252,21653271,21653397,21653413,0,126
chr9,21840231,21840250,21840215,21840243,1,0
chr9,22213712,22213730,22213738,22213757,0,8
chr9,22370097,22370115,22370624,22370640,0,509
chr9,23066429,23066447,23066373,23066392,1,-37
chr9,23567150,23567168,23567302,23567318,1,134
chr9,23723917,23723935,23723900,23723926,1,0
chr9,24274567,24274585,24284569,24284592,0,9984
chr9,24515837,24515855,24491058,24491072,0,-24765
chr9,25022657,25022676,25076041,25076055,0,53365
chr9,25231275,25231293,25231384,25231399,0,91
chr9,25430500,25430519,25429707,25429732,1,-768
chr9,25539351,25539369,25539246,25539278,0,-73
chr9,25550922,25550941,25549235,25549251,1,-1671
chr9,25570475,25570493,25571520,25571542,0,1027
chr9,26972135,26972153,26962367,26962381,1,-9754
chr9,27287723,27287741,27287690,27287704,0,-19
chr9,28606068,28606086,28610751,28610766,1,4665
chr9,29015057,29015075,28973139,28973153,1,-41904
chr9,29648447,29648465,29647947,29647963,1,-484
chr9,29787649,29787667,29791586,29791605,1,3919
chr9,29880116,29880134,29880039,29880053,0,-63
chr9,29929584,29929602,29880039,29880053,0,-49531
chr9,30385099,30385117,30438651,30438670,0,53534
chr9,30450237,30450255,30438651,30438670,1,-11567
chr9,31018385,31018403,31018538,31018559,0,135
chr9,31412405,31412423,31418924,31418938,0,6501
chr9,31433554,31433573,31432416,31432432,0,-1122
chr9,31984441,31984460,31995743,31995758,1,11283
chr9,32159318,32159336,32163909,32163923,0,4573
chr9,32332760,32332778,32373724,32373750,0,40946
chr9,32560111,32560129,32633049,32633065,0,72920
chr9,33186491,33186509,33187083,33187102,0,574
chr9,33483485,33483503,33479605,33479624,0,-3861
chr9,34842734,34842752,34889600,34889619,0,46848
chr9,34847811,34847830,34889600,34889619,0,41770
chr9,34902230,34902248,34902235,34902250,1,0
chr9,35161954,35161972,35163505,35163529,1,1533
chr9,35329732,35329750,35339258,35339279,1,9508
chr9,35341293,35341311,35339449,35339463,0,-1830
chr9,35682184,35682202,35682200,35682214,0,0
chr9,37417232,37417250,37431405,37431420,1,14155
chr9,37456461,37456480,37441226,37441249,1,-15212
chr9,37626248,37626266,37598701,37598732,1,-27516
chr9,40228346,40228364,40228182,40228216,0,-130
chr9,40271382,40271400,40269670,40269684,1,-1698
chr9,40519419,40519438,40527067,40527089,0,7629
chr9,40612530,40612549,40614105,40614121,1,1556
chr9,41546007,41546025,41526395,41526409,1,-19598
chr9,42060391,42060409,42060321,42060335,0,-56
chr9,42217843,42217862,42205434,42205476,1,-12367
chr9,42296399,42296417,42296425,42296441,1,8
chr9,42383149,42383167,42423700,42423734,1,40533
chr9,42503672,42503691,42503702,42503724,0,11
chr9,42504543,42504562,42503702,42503724,1,-819
chr9,42943222,42943240,42944388,42944429,0,1148
chr9,43074962,43074981,43074949,43074968,1,0
chr9,43337454,43337472,43364500,43364519,0,27028
chr9,43482366,43482384,43491604,43491619,1,9220
chr9,44153169,44153188,44151243,44151265,0,-1904
chr9,44207760,44207778,44209136,44209151,1,1358
chr9,45281422,45281450,45311999,45312015,0,30549
chr9,45846557,45846575,45852091,45852125,1,5516
chr9,46098459,46098477,46099140,46099157,0,663
chr9,46101310,46101328,46099140,46099157,1,-2153
chr9,47057675,47057693,47093293,47093331,1,35600
chr9,47140621,47140639,47134883,47134902,1,-5719
chr9,47624973,47624991,47621909,47621946,0,-3027
chr9,47920704,47920722,47912854,47912868,0,-7836
chr9,48522103,48522121,48522252,48522289,1,131
chr9,48606373,48606392,48593963,48593987,0,-12386
chr9,48723183,48723202,48723163,48723177,0,-6
chr9,48800728,48800746,48804835,48804877,1,4089
chr9,48856484,48856502,48835605,48835631,0,-20853
chr9,49608205,49608223,49534193,49534224,0,-73981
chr9,50414075,50414093,50421330,50421353,1,7237
chr9,50966883,50966901,50965450,50965466,0,-1417
chr9,51032096,51032114,51035112,51035127,1,2998
chr9,51044664,51044682,51044478,51044493,1,-171
chr9,51301399,51301417,51307118,51307132,0,5701
chr9,51328997,51329016,51321325,51321340,0,-7657
chr9,52105634,52105652,52105569,52105584,1,-50
chr9,53854836,53854855,53845299,53845321,1,-9515
chr9,53868427,53868445,53868480,53868496,0,35
chr9,54970400,54970419,54970343,54970359,1,-41
chr9,55235765,55235783,55235871,55235890,0,88
chr9,56121146,56121164,56109836,56109858,1,-11288
chr9,56183809,56183827,56183820,56183836,1,0
chr9,56390844,56390862,56393458,56393472,0,2596
chr9,56585927,56585945,56598655,56598678,0,12710
chr9,57056364,57056382,57056432,57056447,1,50
chr9,57317766,57317784,57302359,57302393,1,-15373
chr9,57688207,57688225,57688054,57688068,1,-139
chr9,57927986,57928004,57898935,57898954,1,-29032
chr9,58442337,58442355,58422625,58422678,0,-19659
chr9,58496328,58496346,58488463,58488482,1,-7846
chr9,58805820,58805838,58856690,58856709,0,50852
chr9,59137329,59137347,59249589,59249604,0,112242
chr9,59930341,59930359,59929164,59929186,0,-1155
chr9,60195654,60195672,60195584,60195612,1,-42
chr9,60379179,60379198,60370347,60370361,1,-8818
chr9,60561887,60561905,60562707,60562721,0,802
chr9,60562591,60562609,60562707,60562721,0,98
chr9,60595903,60595921,60595912,60595934,1,0
chr9,60756422,60756440,60756561,60756593,0,121
chr9,60804700,60804718,60804597,60804616,0,-84
chr9,60868043,60868061,60867748,60867776,1,-267
chr9,60887781,60887799,60887793,60887809,1,0
chr9,60962872,60962890,60958352,60958366,1,-4506
chr9,61351283,61351301,61330950,61330969,1,-20314
chr9,61443988,61444007,61470234,61470273,0,26227
chr9,61882466,61882484,61899091,61899105,0,16607
chr9,62013686,62013704,62013604,62013623,0,-63
chr9,62192624,62192643,62197030,62197099,0,4387
chr9,62235852,62235870,62236001,62236026,1,131
chr9,62382396,62382415,62397688,62397703,0,15273
chr9,63095144,63095162,63094228,63094243,0,-901
chr9,63098606,63098625,63098625,63098644,1,0
chr9,63513027,63513046,63507107,63507129,1,-5898
chr9,64098561,64098579,64098558,64098573,1,0
chr9,64126326,64126344,64115881,64115895,0,-10431
chr9,64374325,64374343,64447612,64447628,0,73269
chr9,64598547,64598566,64612642,64612658,1,14076
chr9,65502378,65502397,65562280,65562300,0,59883
chr9,65931445,65931463,65930669,65930705,0,-740
chr9,66265988,66266007,66264993,66265028,1,-960
chr9,67011763,67011782,67011707,67011721,1,-42
chr9,67220627,67220646,67188674,67188690,0,-31937
chr9,67485270,67485288,67489439,67489469,1,4151
chr9,67851381,67851399,67858256,67858271,1,6857
chr9,67884329,67884347,67883939,67883962,0,-367
chr9,67904503,67904521,67904510,67904545,1,0
chr9,67973587,67973605,67973596,67973623,1,0
chr9,68244695,68244713,68254461,68254492,0,9748
chr9,68413899,68413918,68413925,68413957,1,7
chr9,69367122,69367140,69368162,69368190,1,1022
chr9,69377136,69377154,69379027,69379059,1,1873
chr9,69379184,69379202,69379027,69379059,0,-125
chr9,70692512,70692530,70692551,70692586,0,21
chr9,70894395,70894414,70878915,70878943,0,-15452
chr9,70991560,70991579,70992079,70992099,0,500
chr9,71401848,71401866,71401757,71401783,1,-65
chr9,71547793,71547811,71521928,71521942,0,-25851
chr9,71737355,71737373,71738595,71738617,0,1222
chr9,71750635,71750653,71738595,71738617,1,-12018
chr9,71751409,71751427,71738595,71738617,1,-12792
chr9,72800294,72800312,72800299,72800379,1,0
chr9,72872437,72872456,72872511,72872539,1,55
chr9,72878203,72878221,72881101,72881117,1,2880
chr9,73025892,73025910,73006416,73006438,0,-19454
chr9,74425696,74425715,74425697,74425712,.,0
chr9,74425744,74425762,74425697,74425712,1,-32
chr9,74530544,74530562,74530584,74530598,0,22
chr9,74876565,74876583,74871070,74871089,1,-5476
chr9,74965231,74965249,74988207,74988232,1,22958
chr9,75158463,75158481,75158438,75158460,1,-3
chr9,75196548,75196566,75205349,75205375,0,8783
chr9,75232458,75232476,75239435,75239449,0,6959
chr9,75535282,75535300,75541396,75541434,1,6096
chr9,76043655,76043673,76052760,76052782,1,9087
chr9,76539361,76539380,76539997,76540025,1,617
chr9,76540862,76540880,76539997,76540025,0,-837
chr9,77033588,77033606,77045699,77045715,0,12093
chr9,77035630,77035648,77045699,77045715,0,10051
chr9,77051638,77051656,77045699,77045715,1,-5923
chr9,77455986,77456004,77456563,77456578,1,559
chr9,78503368,78503386,78501279,78501298,1,-2070
chr9,78875448,78875467,78875440,78875455,1,0
chr9,79686208,79686226,79686151,79686167,1,-41
chr9,79717924,79717942,79687079,79687103,1,-30821
chr9,79815653,79815671,79810667,79810707,0,-4946
chr9,80610334,80610352,80599914,80599948,1,-10386
chr9,80819231,80819249,80819956,80819978,0,707
chr9,81073537,81073555,81134224,81134240,0,60669
chr9,81746030,81746048,81746163,81746177,1,115
chr9,81807050,81807068,81814666,81814685,1,7598
chr9,82011085,82011103,82013387,82013439,0,2284
chr9,82944395,82944413,82944499,82944520,0,86
chr9,83321042,83321060,83321120,83321136,1,60
chr9,83517992,83518010,83517980,83517995,1,0
chr9,83643460,83643478,83659291,83659310,0,15813
chr9,83962632,83962650,83962497,83962511,1,-121
chr9,84370370,84370388,84376808,84376840,1,6420
chr9,84472210,84472229,84472668,84472684,1,439
chr9,84841657,84841675,84874416,84874436,1,32741
chr9,85194313,85194331,85201079,85201099,1,6748
chr9,85368649,85368667,85368614,85368628,1,-21
chr9,85483451,85483469,85475284,85475308,1,-8143
chr9,85762363,85762382,85777481,85777495,1,15099
chr9,86478905,86478923,86478948,86478995,0,25
chr9,86625174,86625192,86630463,86630477,0,5271
chr9,86777398,86777416,86792031,86792060,1,14615
chr9,86955942,86955960,87049546,87049568,0,93586
chr9,87065826,87065844,87062394,87062408,0,-3418
chr9,87844113,87844131,87940833,87940856,1,96702
chr9,88085580,88085598,88091938,88091957,1,6340
chr9,88091926,88091944,88091938,88091957,1,0
chr9,88209702,88209720,88209719,88209755,1,0
chr9,89267315,89267334,89267725,89267739,0,391
chr9,89651093,89651112,89620429,89620445,0,-30648
chr9,89673632,89673650,89620429,89620445,0,-53187
chr9,89892802,89892820,89886130,89886144,1,-6658
chr9,89909935,89909953,89909469,89909493,1,-442
chr9,90064352,90064370,90060455,90060474,1,-3878
chr9,90182140,90182158,90165455,90165469,1,-16671
chr9,91715680,91715698,91715704,91715724,0,6
chr9,94580183,94580202,94576005,94576020,0,-4163
chr9,95168778,95168796,95164956,95164990,1,-3788
chr9,95538466,95538484,95539465,95539487,0,981
chr9,95552217,95552235,95539465,95539487,1,-12730
chr9,95709053,95709072,95709003,95709029,1,-24
chr9,95722348,95722378,95722331,95722353,1,5
chr9,96170678,96170697,96170684,96170704,1,0
chr9,96213136,96213154,96216576,96216598,1,3422
chr9,97077898,97077916,97088111,97088135,1,10195
chr9,97307514,97307532,97307435,97307449,1,-65
chr9,98511595,98511613,98498024,98498040,0,-13555
chr9,98536028,98536046,98498024,98498040,0,-37988
chr9,99092622,99092640,99091745,99091764,0,-858
chr9,99195034,99195053,99191051,99191070,1,-3964
chr9,99211413,99211431,99199234,99199250,1,-12163
chr9,99308181,99308199,99307784,99307798,0,-383
chr9,99329478,99329496,99339270,99339299,1,9774
chr9,99360865,99360883,99362254,99362273,0,1371
chr9,99362262,99362281,99362254,99362273,1,0
chr9,99497584,99497602,99499423,99499445,1,1821
chr9,99847008,99847026,99861229,99861243,0,14203
chr9,100162061,100162080,100332502,100332524,1,170422
chr9,100484675,100484693,100484765,100484786,0,72
chr9,100734238,100734256,100734236,100734251,1,0
chr9,100848209,100848227,100848367,100848383,1,140
chr9,100910658,100910676,100911791,100911826,0,1115
chr9,101265751,101265769,101221987,101222003,0,-43748
chr9,102613877,102613895,102614013,102614032,1,118
chr9,102650875,102650893,102657253,102657272,0,6360
chr9,102759010,102759028,102759174,102759196,0,146
chr9,103753603,103753621,103752703,103752717,1,-886
chr9,104235787,104235805,104234500,104234519,1,-1268
chr9,104285963,104285981,104281067,104281081,0,-4882
chr9,104375847,104375865,104379664,104379683,0,3799
chr9,104482660,104482678,104482576,104482592,1,-68
chr9,105461717,105461735,105458909,105458923,0,-2794
chr9,105852352,105852370,105852449,105852465,0,79
chr9,106057941,106057959,106065989,106066003,1,8030
chr9,106296936,106296954,106301712,106301728,1,4758
chr9,106330315,106330333,106330329,106330356,1,0
chr9,110038916,110038935,110060854,110060874,0,21919
chr9,110268572,110268590,110257669,110257689,0,-10883
chr9,110833270,110833289,110803799,110803813,0,-29457
chr9,111074116,111074134,111074126,111074141,1,0
chr9,111571916,111571934,111552081,111552101,1,-19815
chr9,112793672,112793691,112700418,112700432,1,-93240
chr9,113026295,113026313,113026206,113026222,0,-73
chr9,113029319,113029337,113026206,113026222,0,-3097
chr9,113650520,113650538,113650929,113650958,1,391
chr9,113725110,113725129,113725761,113725783,1,632
chr9,113755526,113755544,113755531,113755581,1,0
chr9,114552852,114552870,114546771,114546802,0,-6050
chr9,114803626,114803644,114807346,114807362,0,3702
chr9,114811291,114811309,114812124,114812140,1,815
chr9,114855502,114855520,114887957,114887973,1,32437
chr9,114961062,114961080,114960986,114961008,1,-54
chr9,114979320,114979338,114975544,114975573,1,-3747
chr9,115265858,115265877,115261877,115261896,1,-3962
chr9,115266117,115266136,115261877,115261896,1,-4221
chr9,115370453,115370471,115372659,115372673,1,2188
chr9,115451693,115451711,115446982,115447001,1,-4692
chr9,116058635,116058653,116065777,116065822,1,7124
chr9,116477200,116477219,116473152,116473193,0,-4007
chr9,117018818,117018837,117057623,117057639,1,38786
chr9,117166393,117166411,117177660,117177679,0,11249
chr9,117919805,117919823,117919795,117919809,1,0
chr9,117919966,117919984,117919795,117919809,1,-157
chr9,118053136,118053155,118053373,118053389,1,218
chr9,118451046,118451065,118432497,118432516,1,-18530
chr9,118545503,118545521,118545422,118545438,1,-65
chr9,118921025,118921043,118915342,118915409,1,-5616
chr9,119054465,119054483,119054221,119054237,0,-228
chr9,120299578,120299596,120299566,120299586,1,0
chr9,120602464,120602482,120593715,120593739,1,-8725
chr9,121163111,121163129,121159136,121159163,1,-3948
chr9,121521977,121521995,121524592,121524608,1,2597
chr9,121895709,121895727,121895773,121895787,1,46
chr9,121897944,121897962,121895773,121895787,0,-2157
chr9,122028679,122028698,122028666,122028688,1,0
chr9,122270172,122270190,122270173,122270188,.,0
chr9,122449630,122449648,122446509,122446544,0,-3086
chr9,124016116,124016134,124015427,124015449,0,-667
chrX,6922364,6922382,6922295,6922317,0,-47
chrX,7250436,7250454,7256084,7256099,0,5630
chrX,7308326,7308345,7308277,7308291,0,-35
chrX,8223434,8223452,8216795,8216818,0,-6616
chrX,9444390,9444409,9447288,9447320,0,2879
chrX,9474482,9474501,9474519,9474533,0,18
chrX,10073902,10073920,10108613,10108635,1,34693
chrX,10501866,10501884,10501856,10501876,1,0
chrX,10764989,10765007,10786569,10786585,0,21562
chrX,10868174,10868193,10860614,10860630,0,-7544
chrX,11369436,11369454,11369389,11369422,1,-14
chrX,11717012,11717030,11717073,11717087,0,43
chrX,11840959,11840977,11840385,11840399,1,-560
chrX,11846007,11846025,11840385,11840399,1,-5608
chrX,12175371,12175389,12195355,12195369,1,19966
chrX,12384051,12384070,12383955,12383974,1,-77
chrX,13297749,13297768,13295163,13295182,1,-2567
chrX,13332812,13332830,13332840,13332862,0,10
chrX,13675810,13675829,13677932,13677959,1,2103
chrX,17769499,17769517,17728345,17728361,1,-41138
chrX,18675499,18675517,18675524,18675544,0,7
chrX,19155940,19155958,19155966,19155980,1,8
chrX,19168301,19168319,19168452,19168472,0,133
chrX,20062230,20062248,20077781,20077797,1,15533
chrX,20380641,20380659,20380632,20380646,1,0
chrX,20411492,20411511,20382331,20382347,0,-29145
chrX,36100981,36100999,36101131,36101147,1,132
chrX,36138768,36138786,36138751,36138779,1,0
chrX,36229027,36229045,36228993,36229009,1,-18
chrX,36229197,36229216,36228993,36229009,1,-188
chrX,36959600,36959618,36949386,36949400,0,-10200
chrX,38237912,38237930,38238021,38238038,1,91
chrX,41804712,41804731,41803659,41803702,0,-1010
chrX,49178945,49178963,49218386,49218418,0,39423
chrX,50575334,50575353,50572244,50572273,0,-3061
chrX,50972394,50972412,50948975,50948994,0,-23400
chrX,51079038,51079056,51077670,51077690,1,-1348
chrX,51171524,51171542,51171470,51171486,0,-38
chrX,52375375,52375393,52375376,52375420,1,0
chrX,53298852,53298871,53298860,53298877,1,0
chrX,53340768,53340786,53337446,53337460,1,-3308
chrX,53357442,53357461,53357444,53357459,.,0
chrX,56018701,56018719,56134867,56134882,0,116148
chrX,57168019,57168037,57175927,57175943,1,7890
chrX,60231191,60231209,60231161,60231175,1,-16
chrX,61653213,61653231,61680398,61680420,1,27167
chrX,68495398,68495417,68495252,68495268,0,-130
chrX,71163241,71163260,71163296,71163323,1,36
chrX,71294076,71294094,71296141,71296156,0,2047
chrX,71296152,71296170,71296141,71296156,1,0
chrX,71532733,71532751,71544818,71544837,1,12067
chrX,72644891,72644909,72644920,72644957,1,11
chrX,75035334,75035352,75035442,75035475,0,90
chrX,77408263,77408281,77408251,77408267,1,0
chrX,77632362,77632380,77640232,77640252,0,7852
chrX,85114758,85114776,85171344,85171359,1,56568
chrX,85235321,85235339,85235184,85235199,0,-122
chrX,85304775,85304793,85294108,85294122,1,-10653
chrX,93051567,93051585,93051757,93051789,1,172
chrX,93159288,93159307,93238601,93238620,1,79294
chrX,93369944,93369962,93299941,93299957,1,-69987
chrX,93655443,93655461,93644307,93644323,0,-11120
chrX,93687964,93687982,93689458,93689497,0,1476
chrX,95012113,95012132,95012136,95012202,1,4
chrX,95849512,95849531,95834409,95834425,0,-15087
chrX,98245105,98245123,98241782,98241814,1,-3291
chrX,98291638,98291656,98291998,98292014,0,342
chrX,98315921,98315939,98314578,98314594,1,-1327
chrX,98476718,98476736,98476714,98476728,1,0
chrX,98682815,98682833,98682857,98682871,1,24
chrX,98836199,98836217,98843186,98843228,0,6969
chrX,99582394,99582412,99582952,99582972,1,540
chrX,102383673,102383691,102359261,102359277,1,-24396
chrX,102415453,102415472,102415255,102415271,0,-182
chrX,103945797,103945815,103937581,103937597,1,-8200
chrX,104695936,104695954,104653558,104653574,0,-42362
chrX,105946068,105946086,105946594,105946609,1,508
chrX,107402061,107402080,107375290,107375336,0,-26725
chrX,108814145,108814164,108814153,108814191,1,0
chrX,109186350,109186368,109186360,109186375,1,0
chrX,111463508,111463526,111464190,111464204,1,664
chrX,113992742,113992760,113992804,113992820,1,44
chrX,129415543,129415561,129449378,129449398,0,33817
chrX,129547691,129547709,129538405,129538433,1,-9258
chrX,129547787,129547805,129538405,129538433,1,-9354
chrX,129772017,129772035,129772034,129772056,0,0
chrX,130505374,130505392,130509075,130509089,0,3683
chrX,130768982,130769000,130772782,130772811,0,3782
chrX,130842964,130842982,130863417,130863439,1,20435
chrX,130967186,130967204,131025850,131025874,0,58646
chrX,133818188,133818206,133815732,133815747,1,-2441
chrX,134128621,134128640,134137880,134137902,1,9240
chrX,134652343,134652361,134652302,134652330,0,-13
chrX,134898416,134898434,134925321,134925360,0,26887
chrX,135091290,135091308,135091346,135091376,1,38
chrX,136825212,136825231,136730127,136730142,1,-95070
chrX,139016753,139016771,139039345,139039361,1,22574
chrX,139722645,139722663,139722532,139722546,1,-99
chrX,139828502,139828520,139837069,139837085,0,8549
chrX,141156912,141156930,141156949,141156963,1,19
chrX,142361471,142361490,142325964,142325992,1,-35479
chrX,142577543,142577562,142577510,142577549,1,0
chrX,142789092,142789110,142788879,142788894,1,-198
chrX,142821199,142821218,142818535,142818561,1,-2638
chrX,142893191,142893209,142893260,142893279,0,51
chrX,142930187,142930205,142930115,142930129,0,-58
chrX,142970744,142970762,142970751,142970765,1,0
chrX,143886152,143886171,143739252,143739266,0,-146886
chrX,144234609,144234628,144234734,144234750,1,106
chrX,145263935,145263953,145264017,145264032,1,64
chrX,145456475,145456494,145463598,145463638,1,7104
chrX,145471446,145471464,145479142,145479156,0,7678
chrX,152676646,152676664,152690975,152690997,1,14311
chrX,153015122,153015140,153011812,153011828,1,-3294
chrX,153665113,153665131,153665126,153665142,1,0
chrX,155195287,155195305,155195252,155195266,1,-21
chrX,155376756,155376774,155376803,155376842,1,29
chrX,155900645,155900663,155900650,155900666,1,0
chrX,157292495,157292513,157292520,157292539,0,7
chrX,157355733,157355751,157365667,157365687,1,9916
chrX,157644887,157644905,157662319,157662357,0,17414
chrX,157978260,157978278,157921296,157921311,0,-56949
chrX,159075096,159075114,159081110,159081125,0,5996
chrX,159878901,159878920,159876149,159876163,0,-2738
chrX,160414013,160414031,160413991,160414028,1,0
chrX,160603647,160603665,160603656,160603672,1,0
chrX,160750995,160751013,160747709,160747748,0,-3247
chrX,160914913,160914931,160973989,160974008,1,59058
chrX,162255193,162255211,162279189,162279205,0,23978
chrX,162868127,162868145,162868184,162868206,1,39
chrX,164431654,164431672,164436589,164436605,0,4917
chrX,164431795,164431814,164436589,164436605,0,4775
chrX,164835889,164835907,164835900,164835922,1,0
chrX,166219942,166219960,166220476,166220503,0,516
chrX,166300137,166300155,166303899,166303921,0,3744
chrX,166495672,166495690,166495718,166495744,0,28
chrX,167522313,167522331,167522264,167522278,0,-35
chrX,168338330,168338348,168328982,168328998,1,-9332
chrX,168793037,168793073,168794880,168794902,1,1807
chrX,169049697,169049715,169047808,169047823,1,-1874
chrX,169396485,169396504,169386955,169386969,0,-9516
chrX,169493702,169493721,169508470,169508484,1,14749
