chr,start,end,min_dist_to_HH
chr1,4768477,4768517,836314.0
chr1,6149890,6149918,267738.0
chr1,6169344,6169363,248293.0
chr1,7011805,7011824,594131.0
chr1,7088362,7088400,670688.0
chr1,7088744,7088760,671070.0
chr1,7390153,7390186,972479.0
chr1,7390205,7390298,972531.0
chr1,7390293,7390345,972619.0
chr1,7396998,7397021,979324.0
chr1,7397112,7397172,979438.0
chr1,7397300,7397329,979626.0
chr1,7397353,7397370,979679.0
chr1,7397491,7397600,979817.0
chr1,8466579,8466602,1332121.0
chr1,9402970,9402998,395725.0
chr1,9403119,9403150,395573.0
chr1,9403156,9403182,395541.0
chr1,9700943,9700965,97758.0
chr1,10037691,10037725,61364.0
chr1,10038294,10038308,61967.0
chr1,10038433,10038459,62106.0
chr1,10191728,10191768,44764.0
chr1,10191763,10191799,44799.0
chr1,10257827,10257860,110863.0
chr1,10257865,10257887,110901.0
chr1,10423981,10423996,277017.0
chr1,10424145,10424159,277181.0
chr1,12875433,12875455,589431.0
chr1,13311822,13311844,153042.0
chr1,13311880,13311902,152984.0
chr1,13311913,13311935,152951.0
chr1,13374043,13374059,90827.0
chr1,13374870,13374896,89990.0
chr1,13383557,13383571,81315.0
chr1,13383779,13383801,81085.0
chr1,13427319,13427333,37553.0
chr1,15493388,15493410,491760.0
chr1,15806118,15806139,179031.0
chr1,16619569,16619583,5856.0
chr1,16629848,16629870,16135.0
chr1,16665683,16665708,51970.0
chr1,16688312,16688331,74599.0
chr1,16688353,16688385,74640.0
chr1,17289726,17289745,676013.0
chr1,17957042,17957061,1343329.0
chr1,20820527,20820553,685005.0
chr1,20825336,20825358,689814.0
chr1,20933520,20933534,797998.0
chr1,20933576,20933590,798054.0
chr1,20939164,20939183,803642.0
chr1,20939185,20939205,803663.0
chr1,20939296,20939310,803774.0
chr1,21052502,21052526,916980.0
chr1,21304742,21304756,1122866.0
chr1,21309182,21309204,1118418.0
chr1,21333479,21333501,1094121.0
chr1,21333507,21333526,1094096.0
chr1,21333953,21333996,1093626.0
chr1,21334125,21334154,1093468.0
chr1,21963616,21963632,463990.0
chr1,22081233,22081255,346367.0
chr1,22081307,22081328,346294.0
chr1,23915756,23915778,1262240.0
chr1,23916081,23916107,1262565.0
chr1,23924258,23924284,1270742.0
chr1,24678241,24678272,2024725.0
chr1,24679134,24679158,2025618.0
chr1,24838093,24838108,2127813.0
chr1,30162344,30162381,537506.0
chr1,30920778,30920829,220872.0
chr1,30920889,30920924,220983.0
chr1,30921013,30921035,221107.0
chr1,30921386,30921405,221480.0
chr1,30921479,30921501,221573.0
chr1,30950245,30950260,250339.0
chr1,30950445,30950482,250539.0
chr1,31794104,31794120,531240.0
chr1,33669901,33669942,213240.0
chr1,33670085,33670120,213062.0
chr1,33684535,33684561,198621.0
chr1,33684703,33684722,198460.0
chr1,33684724,33684780,198402.0
chr1,33814709,33814731,68451.0
chr1,34005496,34005526,122296.0
chr1,34006614,34006630,123414.0
chr1,34029096,34029113,145896.0
chr1,34434203,34434254,111524.0
chr1,34434285,34434322,111456.0
chr1,34434424,34434440,111338.0
chr1,34434792,34434806,110972.0
chr1,34462777,34462799,82979.0
chr1,34510906,34510932,34846.0
chr1,34843219,34843239,297423.0
chr1,34843331,34843345,297535.0
chr1,34843812,34843826,298016.0
chr1,34867267,34867281,321471.0
chr1,34896935,34896949,351139.0
chr1,35653346,35653368,614360.0
chr1,36068059,36068081,199647.0
chr1,36264369,36264401,3327.0
chr1,36264397,36264419,3309.0
chr1,36309748,36309787,36056.0
chr1,36470863,36470887,197171.0
chr1,36511515,36511547,197391.0
chr1,36737351,36737367,28395.0
chr1,36737561,36737580,28605.0
chr1,36797749,36797771,88793.0
chr1,36884016,36884041,175060.0
chr1,36922259,36922288,213303.0
chr1,36922404,36922436,213448.0
chr1,36960712,36960726,251756.0
chr1,37002410,37002436,244482.0
chr1,37028963,37028987,217931.0
chr1,37030768,37030807,216111.0
chr1,37232824,37232846,14072.0
chr1,37233022,37233044,13874.0
chr1,37233124,37233146,13772.0
chr1,37299474,37299509,52538.0
chr1,37481466,37481492,62044.0
chr1,37496194,37496213,76772.0
chr1,37496738,37496774,77316.0
chr1,37530188,37530218,110766.0
chr1,37544481,37544503,125059.0
chr1,37872267,37872286,452845.0
chr1,37872524,37872538,453102.0
chr1,37890631,37890653,471209.0
chr1,38130354,38130397,710932.0
chr1,38130414,38130444,710992.0
chr1,38657777,38657805,1056494.0
chr1,38657873,38657887,1056412.0
chr1,38664869,38664888,1049411.0
chr1,38723674,38723702,990597.0
chr1,38898297,38898327,815972.0
chr1,38898330,38898345,815954.0
chr1,38898349,38898365,815934.0
chr1,39196758,39196779,517520.0
chr1,39234840,39234860,479439.0
chr1,39281434,39281462,432837.0
chr1,39559129,39559155,155144.0
chr1,39577697,39577744,136555.0
chr1,39842894,39842960,128576.0
chr1,39918248,39918267,203930.0
chr1,39936342,39936368,222024.0
chr1,39936793,39936807,222475.0
chr1,39936826,39936869,222508.0
chr1,39936926,39936948,222608.0
chr1,39944681,39944707,230363.0
chr1,39983431,39983450,269113.0
chr1,39983451,39983467,269133.0
chr1,39983572,39983586,269254.0
chr1,39983600,39983623,269282.0
chr1,40056092,40056106,341774.0
chr1,40324455,40324469,293657.0
chr1,40324874,40324901,293225.0
chr1,40324908,40324928,293198.0
chr1,40325024,40325040,293086.0
chr1,40325079,40325113,293013.0
chr1,40382924,40382950,235176.0
chr1,40382990,40383037,235089.0
chr1,40399586,40399600,218526.0
chr1,40399615,40399655,218471.0
chr1,40399668,40399690,218436.0
chr1,40470000,40470019,148107.0
chr1,40473940,40473955,144171.0
chr1,40475885,40475907,142219.0
chr1,40479634,40479653,138473.0
chr1,40515477,40515491,102635.0
chr1,42640030,42640084,211190.0
chr1,43457114,43457133,53614.0
chr1,43457188,43457210,53688.0
chr1,43465008,43465022,61508.0
chr1,43467993,43468013,64493.0
chr1,43472573,43472592,69073.0
chr1,43472684,43472703,69184.0
chr1,43501422,43501451,97922.0
chr1,43519846,43519870,116346.0
chr1,43520005,43520027,116505.0
chr1,43520338,43520360,116838.0
chr1,43535084,43535106,131584.0
chr1,43542318,43542352,138818.0
chr1,43562382,43562398,158882.0
chr1,43826893,43826935,423393.0
chr1,43880558,43880594,477058.0
chr1,43939263,43939283,535763.0
chr1,43939432,43939447,535932.0
chr1,43939517,43939533,536017.0
chr1,44808812,44808846,1405312.0
chr1,44808868,44808890,1405368.0
chr1,45817005,45817019,2413505.0
chr1,45817151,45817187,2413651.0
chr1,46894764,46894793,3491264.0
chr1,46939351,46939380,3535851.0
chr1,46939537,46939597,3536037.0
chr1,48497366,48497381,2864148.0
chr1,48591161,48591175,2770354.0
chr1,48591312,48591344,2770185.0
chr1,48817389,48817403,2544126.0
chr1,48817472,48817497,2544032.0
chr1,48825599,48825618,2535911.0
chr1,48825628,48825650,2535879.0
chr1,50126011,50126032,1235497.0
chr1,51478075,51478103,116528.0
chr1,51478122,51478172,116575.0
chr1,51578091,51578106,216544.0
chr1,51584544,51584606,222997.0
chr1,51584680,51584702,223133.0
chr1,51584958,51584980,223411.0
chr1,51585207,51585221,223660.0
chr1,51585601,51585616,224054.0
chr1,51593768,51593813,232221.0
chr1,51594012,51594035,232465.0
chr1,52011017,52011044,24402.0
chr1,52011120,52011136,24310.0
chr1,52011546,52011568,23878.0
chr1,52019685,52019711,15735.0
chr1,52019845,52019880,15566.0
chr1,52022431,52022459,12987.0
chr1,52040612,52040631,5148.0
chr1,52100590,52100614,47756.0
chr1,52363840,52363862,11645.0
chr1,52363965,52363981,11526.0
chr1,52388557,52388576,13031.0
chr1,52391996,52392016,16470.0
chr1,52483067,52483095,107541.0
chr1,52578501,52578516,202975.0
chr1,52607740,52607776,232214.0
chr1,52607845,52607865,232319.0
chr1,52608029,52608043,232503.0
chr1,52630939,52630967,255413.0
chr1,52653569,52653588,278043.0
chr1,52751714,52751814,376188.0
chr1,52751918,52751934,376392.0
chr1,52799764,52799778,424238.0
chr1,52802562,52802600,427036.0
chr1,52844715,52844744,469189.0
chr1,53050233,53050252,299962.0
chr1,53050432,53050446,299768.0
chr1,53050482,53050502,299712.0
chr1,53610135,53610154,181465.0
chr1,53774011,53774033,17586.0
chr1,53774095,53774117,17502.0
chr1,53774300,53774319,17300.0
chr1,53781373,53781392,10227.0
chr1,53797351,53797367,5714.0
chr1,53797369,53797391,5732.0
chr1,53798004,53798018,6367.0
chr1,53808497,53808519,16860.0
chr1,53824748,53824768,33111.0
chr1,53824887,53824903,33250.0
chr1,53845628,53845647,53991.0
chr1,53851275,53851340,59638.0
chr1,53852437,53852455,60800.0
chr1,53875845,53875864,84208.0
chr1,53875930,53876016,84293.0
chr1,53882748,53882762,91111.0
chr1,53909381,53909397,117744.0
chr1,54407262,54407310,155935.0
chr1,54408376,54408399,157049.0
chr1,54408438,54408455,157111.0
chr1,54408582,54408601,157255.0
chr1,54410641,54410659,159314.0
chr1,54421669,54421685,170342.0
chr1,54438773,54438792,187446.0
chr1,54439168,54439207,187841.0
chr1,54492486,54492504,241159.0
chr1,54492519,54492535,241192.0
chr1,54493562,54493589,242235.0
chr1,54578590,54578604,282101.0
chr1,54578604,54578618,282087.0
chr1,54578690,54578714,281991.0
chr1,54578722,54578744,281961.0
chr1,54578763,54578778,281927.0
chr1,54578896,54578915,281790.0
chr1,54585396,54585410,275295.0
chr1,54585779,54585810,274895.0
chr1,54585814,54585843,274862.0
chr1,54748117,54748139,112566.0
chr1,54748162,54748184,112521.0
chr1,54842119,54842141,18564.0
chr1,54842217,54842239,18466.0
chr1,54842260,54842279,18426.0
chr1,54883064,54883093,11576.0
chr1,54896618,54896637,25130.0
chr1,54896749,54896765,25261.0
chr1,54896794,54896810,25306.0
chr1,54896971,54896993,25483.0
chr1,54913832,54913851,42344.0
chr1,54914350,54914392,42862.0
chr1,54914728,54914750,43240.0
chr1,54924155,54924171,52667.0
chr1,54924366,54924380,52878.0
chr1,55236964,55236983,365476.0
chr1,55423842,55423995,552354.0
chr1,55430704,55430718,559216.0
chr1,55446911,55446990,575423.0
chr1,56849635,56849649,358968.0
chr1,57436339,57436361,227704.0
chr1,58156964,58156980,818310.0
chr1,58156986,58157000,818290.0
chr1,58301399,58301413,673877.0
chr1,58303806,58303841,671449.0
chr1,58423298,58423320,551970.0
chr1,58423368,58423382,551908.0
chr1,58423558,58423592,551698.0
chr1,58669894,58669910,305380.0
chr1,58712469,58712503,262787.0
chr1,58716436,58716452,258838.0
chr1,58721239,58721260,254030.0
chr1,58721306,58721320,253970.0
chr1,58742574,58742603,232687.0
chr1,58795218,58795238,180052.0
chr1,58802321,58802337,172953.0
chr1,58802386,58802400,172890.0
chr1,58807125,58807141,168149.0
chr1,58860845,58860861,114429.0
chr1,58956585,58956605,18685.0
chr1,58956654,58956670,18620.0
chr1,58965419,58965473,9817.0
chr1,59602796,59602818,484829.0
chr1,59602841,59602863,484784.0
chr1,59684625,59684644,403003.0
chr1,59684744,59684758,402889.0
chr1,59684818,59684841,402806.0
chr1,59923405,59923419,164228.0
chr1,60003871,60003923,83724.0
chr1,60016265,60016284,71363.0
chr1,60016359,60016378,71269.0
chr1,60016415,60016446,71201.0
chr1,60016512,60016563,71084.0
chr1,60042763,60042781,44866.0
chr1,60097833,60097847,10168.0
chr1,60180142,60180169,92477.0
chr1,60180201,60180215,92536.0
chr1,60483197,60483215,272427.0
chr1,60539232,60539246,216396.0
chr1,60627687,60627713,127929.0
chr1,60627844,60627876,127766.0
chr1,60652594,60652630,103012.0
chr1,60653017,60653042,102600.0
chr1,60713708,60713727,41915.0
chr1,60713749,60713772,41870.0
chr1,60713967,60713986,41656.0
chr1,60720281,60720295,35347.0
chr1,60746091,60746120,9522.0
chr1,60746224,60746258,9384.0
chr1,60746536,60746551,9091.0
chr1,60761482,60761497,2940.0
chr1,60761531,60761558,2989.0
chr1,60761688,60761723,3146.0
chr1,60777097,60777119,18555.0
chr1,60777479,60777493,18937.0
chr1,60781761,60781792,23219.0
chr1,60781817,60781832,23275.0
chr1,60805764,60805783,19633.0
chr1,60875448,60875463,50014.0
chr1,60883009,60883031,57575.0
chr1,60883107,60883137,57673.0
chr1,60883218,60883247,57784.0
chr1,60887071,60887093,61637.0
chr1,60898509,60898543,73075.0
chr1,60899181,60899204,73747.0
chr1,60899224,60899246,73790.0
chr1,60908888,60908928,83454.0
chr1,60908978,60909000,83544.0
chr1,60911589,60911663,86155.0
chr1,60913267,60913296,87833.0
chr1,60913518,60913534,88084.0
chr1,60916409,60916428,90975.0
chr1,60941537,60941551,74675.0
chr1,60941561,60941576,74650.0
chr1,60941715,60941737,74489.0
chr1,60978103,60978151,38075.0
chr1,60978503,60978565,37661.0
chr1,60990616,60990630,25596.0
chr1,61030802,61030825,14557.0
chr1,61030852,61030870,14607.0
chr1,61035432,61035454,19187.0
chr1,61046115,61046174,29870.0
chr1,61050353,61050418,34108.0
chr1,61068177,61068196,39264.0
chr1,61135667,61135681,28189.0
chr1,61135832,61135846,28354.0
chr1,61135938,61135961,28460.0
chr1,61136194,61136220,28716.0
chr1,61139509,61139523,32031.0
chr1,61423577,61423596,11052.0
chr1,61423756,61423774,10874.0
chr1,62638858,62638877,538046.0
chr1,62786245,62786279,390644.0
chr1,62786318,62786332,390591.0
chr1,62786331,62786350,390573.0
chr1,63114382,63114408,62515.0
chr1,63114551,63114565,62358.0
chr1,64088152,64088191,178146.0
chr1,64088229,64088249,178088.0
chr1,64088274,64088296,178041.0
chr1,64108758,64108787,157550.0
chr1,64121106,64121137,145200.0
chr1,64121137,64121167,145170.0
chr1,64301131,64301146,34776.0
chr1,64301187,64301206,34832.0
chr1,64531862,64531881,177713.0
chr1,64531985,64532004,177590.0
chr1,65010442,65010524,300830.0
chr1,65975896,65975918,1266284.0
chr1,66552803,66552822,1843191.0
chr1,66552832,66552856,1843220.0
chr1,66700672,66700694,1991060.0
chr1,66816825,66816847,2107213.0
chr1,66817023,66817042,2107411.0
chr1,66838476,66838511,2128864.0
chr1,66838555,66838596,2128943.0
chr1,67685846,67685868,1433832.0
chr1,67685878,67685897,1433803.0
chr1,67685902,67685916,1433784.0
chr1,67686024,67686043,1433657.0
chr1,68601081,68601100,518600.0
chr1,68601187,68601206,518494.0
chr1,68601400,68601419,518281.0
chr1,69537452,69537468,117243.0
chr1,69537902,69537916,117693.0
chr1,69537991,69538005,117782.0
chr1,69538270,69538284,118061.0
chr1,69544229,69544251,124020.0
chr1,69545006,69545020,124797.0
chr1,69555514,69555538,135305.0
chr1,69555995,69556009,135786.0
chr1,69556097,69556119,135888.0
chr1,69608872,69608886,188663.0
chr1,69609068,69609104,188859.0
chr1,69644877,69644898,224668.0
chr1,69657772,69657800,237563.0
chr1,69667031,69667080,246822.0
chr1,69681323,69681367,261114.0
chr1,69687075,69687100,266866.0
chr1,69752866,69752882,332657.0
chr1,69752978,69753004,332769.0
chr1,69759405,69759431,339196.0
chr1,69759816,69759843,339607.0
chr1,69764739,69764774,344530.0
chr1,69769133,69769181,348924.0
chr1,70983350,70983372,90265.0
chr1,70983382,70983401,90297.0
chr1,70983406,70983420,90321.0
chr1,72284486,72284514,29598.0
chr1,72307170,72307209,52282.0
chr1,74145548,74145567,216617.0
chr1,74196042,74196066,267111.0
chr1,74201451,74201491,272520.0
chr1,74201626,74201645,272695.0
chr1,74201817,74201857,272886.0
chr1,74239191,74239221,310260.0
chr1,74262829,74262846,333898.0
chr1,74397254,74397286,219855.0
chr1,74808099,74808118,49244.0
chr1,75125344,75125358,16891.0
chr1,75236342,75236356,94074.0
chr1,75521859,75521875,44568.0
chr1,77940393,77940420,76757.0
chr1,77940548,77940573,76604.0
chr1,77940642,77940656,76521.0
chr1,78436252,78436271,419057.0
chr1,78436374,78436402,419179.0
chr1,78436406,78436448,419211.0
chr1,78489300,78489316,472105.0
chr1,78538502,78538529,521307.0
chr1,79464377,79464415,1447182.0
chr1,79581814,79581836,1564619.0
chr1,79752458,79752497,1460021.0
chr1,79752614,79752630,1459888.0
chr1,79761877,79761924,1450594.0
chr1,79775870,79775889,1436629.0
chr1,80381421,80381447,831071.0
chr1,80381455,80381481,831037.0
chr1,80409815,80409831,802687.0
chr1,80416432,80416451,796067.0
chr1,80416592,80416627,795891.0
chr1,80441129,80441148,771370.0
chr1,80441225,80441239,771279.0
chr1,80637070,80637087,575431.0
chr1,80644144,80644158,568360.0
chr1,80665576,80665600,546918.0
chr1,80665605,80665627,546891.0
chr1,80670584,80670600,541918.0
chr1,80670710,80670732,541786.0
chr1,80703677,80703691,508827.0
chr1,80728600,80728616,483902.0
chr1,80730762,80730776,481742.0
chr1,80746631,80746646,465872.0
chr1,80747090,80747121,465397.0
chr1,80765631,80765656,446862.0
chr1,80874474,80874488,338030.0
chr1,80874522,80874554,337964.0
chr1,81375475,81375702,162939.0
chr1,81592517,81592536,379981.0
chr1,82283078,82283114,481552.0
chr1,82807550,82807599,3683.0
chr1,82974082,82974098,73168.0
chr1,83076870,83076884,175956.0
chr1,83076931,83076946,176017.0
chr1,84839741,84839776,900593.0
chr1,84851307,84851360,889009.0
chr1,85686538,85686564,53805.0
chr1,85686564,85686579,53790.0
chr1,85732616,85732631,7738.0
chr1,85761690,85761706,21303.0
chr1,85853602,85853670,113215.0
chr1,86000563,86000583,152823.0
chr1,86004428,86004443,148963.0
chr1,86004465,86004487,148919.0
chr1,86344210,86344245,190786.0
chr1,86344538,86344553,191114.0
chr1,86393268,86393317,239844.0
chr1,86393479,86393502,240055.0
chr1,86394556,86394575,241132.0
chr1,86405110,86405159,251686.0
chr1,86434831,86434850,281407.0
chr1,86441262,86441296,287838.0
chr1,86441758,86441778,288334.0
chr1,86441840,86441866,288416.0
chr1,86471426,86471460,318002.0
chr1,86471481,86471537,318057.0
chr1,86582678,86582697,429254.0
chr1,86586947,86586961,433523.0
chr1,87098687,87098709,534145.0
chr1,87098717,87098739,534115.0
chr1,87291695,87291711,341143.0
chr1,87291795,87291829,341025.0
chr1,87291835,87291870,340984.0
chr1,87327033,87327055,305799.0
chr1,87608192,87608305,24549.0
chr1,87637089,87637111,4217.0
chr1,87660072,87660099,27200.0
chr1,87755757,87755773,122885.0
chr1,87847376,87847395,214504.0
chr1,87847519,87847581,214647.0
chr1,87847678,87847719,214806.0
chr1,87847723,87847739,214851.0
chr1,87867034,87867053,234162.0
chr1,87899915,87899935,267043.0
chr1,87922889,87922905,290017.0
chr1,88497547,88497561,56127.0
chr1,88578250,88578278,9349.0
chr1,88622856,88622870,35210.0
chr1,88644746,88644777,57100.0
chr1,88655193,88655228,67547.0
chr1,88705383,88705426,117737.0
chr1,88709148,88709174,121502.0
chr1,88709199,88709230,121553.0
chr1,88709255,88709286,121609.0
chr1,89078698,89078720,491052.0
chr1,89631355,89631429,1043709.0
chr1,89631680,89631709,1044034.0
chr1,90695486,90695505,2107840.0
chr1,91250066,91250085,2094101.0
chr1,91250248,91250279,2093907.0
chr1,91963802,91963826,1380360.0
chr1,91963925,91963939,1380247.0
chr1,92058736,92058756,1285430.0
chr1,92069477,92069499,1274687.0
chr1,92080245,92080279,1263907.0
chr1,92103664,92103678,1240508.0
chr1,92774128,92774170,570016.0
chr1,92774171,92774205,569981.0
chr1,92774205,92774219,569967.0
chr1,92895169,92895197,448989.0
chr1,93289711,93289730,54456.0
chr1,93635979,93636008,291775.0
chr1,93668999,93669015,324795.0
chr1,93755529,93755577,411325.0
chr1,93825558,93825577,481354.0
chr1,94034808,94034840,690604.0
chr1,94035656,94035670,691452.0
chr1,94091940,94091962,747736.0
chr1,94092006,94092028,747802.0
chr1,95268070,95268086,322281.0
chr1,95313868,95313886,276481.0
chr1,95572956,95572972,17395.0
chr1,95573069,95573085,17282.0
chr1,95655521,95655546,50022.0
chr1,95655898,95655912,50399.0
chr1,95656100,95656114,50601.0
chr1,95657332,95657347,51833.0
chr1,95664893,95664933,59394.0
chr1,95666635,95666676,61136.0
chr1,95667777,95667803,62278.0
chr1,95744465,95744484,138966.0
chr1,95744530,95744569,139031.0
chr1,95744594,95744608,139095.0
chr1,95744670,95744694,139171.0
chr1,96195424,96195438,589925.0
chr1,97497005,97497020,1891506.0
chr1,97580346,97580361,1974847.0
chr1,97623867,97623892,2018368.0
chr1,97660618,97660650,2055119.0
chr1,97662295,97662317,2056796.0
chr1,97770287,97770321,2164788.0
chr1,97918461,97918476,2312962.0
chr1,97925064,97925086,2319565.0
chr1,98092975,98093036,2487476.0
chr1,98093034,98093054,2487535.0
chr1,98285573,98285592,2680074.0
chr1,98985764,98985778,3380265.0
chr1,98985981,98985995,3380482.0
chr1,102005453,102005485,1894021.0
chr1,104269394,104269408,369870.0
chr1,104269537,104269559,370013.0
chr1,105663419,105663441,1094367.0
chr1,105663599,105663627,1094181.0
chr1,105838744,105838777,919031.0
chr1,105838786,105838818,918990.0
chr1,105972026,105972064,785744.0
chr1,105972130,105972148,785660.0
chr1,106152206,106152228,605580.0
chr1,106204174,106204188,553620.0
chr1,106204246,106204287,553521.0
chr1,106318556,106318594,439214.0
chr1,106321661,106321693,436115.0
chr1,106321786,106321833,435975.0
chr1,106561033,106561075,196733.0
chr1,106581738,106581760,176048.0
chr1,106600909,106600935,156873.0
chr1,106601069,106601097,156711.0
chr1,106602669,106602689,155119.0
chr1,106602712,106602734,155074.0
chr1,106602758,106602777,155031.0
chr1,106612594,106612616,145192.0
chr1,106617198,106617214,140594.0
chr1,106617422,106617445,140363.0
chr1,106647460,106647497,110311.0
chr1,106688432,106688446,69362.0
chr1,106796065,106796113,38239.0
chr1,106866851,106866870,109025.0
chr1,109266639,109266664,1057343.0
chr1,113776316,113776358,1912224.0
chr1,113776361,113776434,1912269.0
chr1,114175239,114175263,2311147.0
chr1,114175529,114175548,2311437.0
chr1,115597121,115597140,2714204.0
chr1,117957305,117957332,354012.0
chr1,117957398,117957413,353931.0
chr1,118389393,118389419,1528.0
chr1,118458891,118458905,67926.0
chr1,119836954,119836968,263481.0
chr1,119912939,119912961,187488.0
chr1,120121221,120121242,20751.0
chr1,121328223,121328243,1227753.0
chr1,121568106,121568128,1269124.0
chr1,121668195,121668217,1169035.0
chr1,125436022,125436044,36953.0
chr1,125441736,125441751,42667.0
chr1,125466646,125466668,67577.0
chr1,125466676,125466690,67607.0
chr1,125467916,125467953,68847.0
chr1,126763402,126763504,17533.0
chr1,127213483,127213499,150397.0
chr1,127213513,127213608,150288.0
chr1,127215137,127215162,148734.0
chr1,127233574,127233588,130308.0
chr1,127242695,127242714,121182.0
chr1,127322742,127322774,41122.0
chr1,127773692,127773718,303739.0
chr1,127773791,127773813,303644.0
chr1,127774033,127774052,303405.0
chr1,127796352,127796396,281061.0
chr1,127796670,127796692,280765.0
chr1,127869368,127869384,208073.0
chr1,127869425,127869444,208013.0
chr1,128104121,128104147,26645.0
chr1,128399214,128399233,212604.0
chr1,128399318,128399349,212488.0
chr1,128592038,128592054,19783.0
chr1,128602728,128602747,9090.0
chr1,128705181,128705203,93274.0
chr1,128705407,128705424,93500.0
chr1,128766515,128766585,154608.0
chr1,128766661,128766677,154754.0
chr1,128766711,128766730,154804.0
chr1,128767022,128767042,155115.0
chr1,128767178,128767197,155271.0
chr1,128767238,128767257,155331.0
chr1,128787629,128787656,175722.0
chr1,128787665,128787684,175758.0
chr1,128790905,128790943,178998.0
chr1,128790971,128790986,179064.0
chr1,128791037,128791064,179130.0
chr1,128832498,128832531,220591.0
chr1,128832652,128832701,220745.0
chr1,128832706,128832732,220799.0
chr1,130475314,130475341,679160.0
chr1,130475470,130475519,678982.0
chr1,130549496,130549511,604990.0
chr1,130549631,130549676,604825.0
chr1,130877178,130877204,277297.0
chr1,130993489,130993536,160965.0
chr1,131038928,131038965,115536.0
chr1,131076063,131076079,78422.0
chr1,131076090,131076104,78397.0
chr1,131080705,131080721,73780.0
chr1,131138861,131138898,15603.0
chr1,131278744,131278766,101084.0
chr1,131365835,131365866,13984.0
chr1,131638070,131638089,148913.0
chr1,131638218,131638232,149061.0
chr1,131638730,131638770,149573.0
chr1,131639011,131639026,149854.0
chr1,131652823,131652838,163666.0
chr1,131653064,131653086,163907.0
chr1,131653286,131653330,164129.0
chr1,131658118,131658151,168961.0
chr1,131821094,131821130,189793.0
chr1,131821293,131821312,189611.0
chr1,131995179,131995211,15712.0
chr1,132038968,132039000,28027.0
chr1,132155985,132155999,145044.0
chr1,132237867,132237883,226926.0
chr1,132341690,132341736,330749.0
chr1,132477255,132477270,466314.0
chr1,132477285,132477299,466344.0
chr1,132477329,132477345,466388.0
chr1,132968921,132968940,957980.0
chr1,132968938,132968975,957997.0
chr1,133025522,133025543,1014581.0
chr1,133029676,133029711,1018735.0
chr1,133029811,133029846,1018870.0
chr1,133029988,133030007,1019047.0
chr1,133030097,133030131,1019156.0
chr1,133039637,133039679,1023851.0
chr1,133046708,133046728,1016802.0
chr1,133545225,133545249,518281.0
chr1,133545270,133545301,518229.0
chr1,133661585,133661609,401921.0
chr1,133689760,133689792,373738.0
chr1,133772257,133772279,291251.0
chr1,133815843,133815881,247649.0
chr1,133894220,133894240,169290.0
chr1,134048726,134048819,14711.0
chr1,134059044,134059068,4462.0
chr1,134065658,134065683,2109.0
chr1,134079906,134079925,16357.0
chr1,134093510,134093532,29961.0
chr1,134361625,134361644,111672.0
chr1,134518686,134518713,41322.0
chr1,134962793,134962813,402740.0
chr1,134962915,134962935,402862.0
chr1,134962969,134963003,402916.0
chr1,135154488,135154504,515708.0
chr1,135154546,135154571,515641.0
chr1,135259370,135259384,410828.0
chr1,135259525,135259547,410665.0
chr1,135284562,135284577,385635.0
chr1,135753259,135753348,54348.0
chr1,136135285,136135301,327571.0
chr1,136254604,136254626,354384.0
chr1,136254651,136254675,354335.0
chr1,136254970,136254997,354013.0
chr1,136415697,136415733,193277.0
chr1,136618594,136618626,9566.0
chr1,136624203,136624217,15175.0
chr1,136624523,136624542,15495.0
chr1,136637097,136637113,28069.0
chr1,136637175,136637255,28147.0
chr1,136685610,136685636,76582.0
chr1,136685655,136685671,76627.0
chr1,136699066,136699085,90038.0
chr1,136699439,136699496,90411.0
chr1,136769245,136769261,160217.0
chr1,137075115,137075134,466087.0
chr1,137075202,137075263,466174.0
chr1,138134465,138134481,8985.0
chr1,138136159,138136185,8763.0
chr1,138148958,138148974,3813.0
chr1,138157121,138157137,9599.0
chr1,138162784,138162798,3938.0
chr1,138174747,138174766,7992.0
chr1,138174975,138174994,8220.0
chr1,138175171,138175202,8416.0
chr1,138175359,138175373,8604.0
chr1,138175527,138175541,8772.0
chr1,138250965,138250996,84210.0
chr1,138251214,138251240,84459.0
chr1,138251242,138251256,84487.0
chr1,138251302,138251316,84547.0
chr1,138275906,138275920,109151.0
chr1,138290310,138290324,123555.0
chr1,138290555,138290570,123800.0
chr1,138303215,138303231,136460.0
chr1,138304168,138304194,137413.0
chr1,138327360,138327374,160605.0
chr1,138328276,138328298,161521.0
chr1,138517422,138517442,25324.0
chr1,138560049,138560072,17265.0
chr1,138560074,138560089,17290.0
chr1,138560154,138560177,17370.0
chr1,138585689,138585717,42905.0
chr1,138629187,138629208,71396.0
chr1,138683892,138683911,16693.0
chr1,138964142,138964161,263520.0
chr1,138976157,138976171,275535.0
chr1,139009547,139009561,308925.0
chr1,139009600,139009614,308978.0
chr1,139009744,139009766,309122.0
chr1,139180728,139180784,480106.0
chr1,139421824,139421846,721202.0
chr1,139454584,139454603,753962.0
chr1,142358775,142358790,1908830.0
chr1,143451812,143451834,815786.0
chr1,143918961,143918984,348636.0
chr1,144004614,144004639,262981.0
chr1,144006609,144006634,260986.0
chr1,144006863,144006885,260735.0
chr1,144033760,144033784,233836.0
chr1,144248904,144248932,18688.0
chr1,144249274,144249293,18327.0
chr1,144249422,144249436,18184.0
chr1,144256750,144256764,10856.0
chr1,144256965,144256979,10641.0
chr1,144257004,144257020,10600.0
chr1,144264804,144264818,2802.0
chr1,144264879,144264905,2715.0
chr1,144264986,144265022,2598.0
chr1,144265145,144265161,2459.0
chr1,144283600,144283626,10592.0
chr1,144330267,144330284,23521.0
chr1,144330394,144330408,23648.0
chr1,144337573,144337595,30827.0
chr1,144337750,144337766,31004.0
chr1,146365625,146365639,229930.0
chr1,147519548,147519564,29861.0
chr1,147519605,147519637,29918.0
chr1,151096037,151096056,361143.0
chr1,151096252,151096268,360931.0
chr1,151287654,151287676,169523.0
chr1,151345490,151345516,111683.0
chr1,151395084,151395104,62095.0
chr1,151395164,151395178,62021.0
chr1,151395238,151395252,61947.0
chr1,151395249,151395320,61879.0
chr1,151428526,151428545,28654.0
chr1,151571270,151571285,44156.0
chr1,151682910,151682927,67451.0
chr1,151683125,151683139,67666.0
chr1,151683225,151683247,67766.0
chr1,151683267,151683286,67808.0
chr1,151689874,151689901,74415.0
chr1,152008323,152008375,281090.0
chr1,152008387,152008407,281058.0
chr1,152008421,152008441,281024.0
chr1,152008645,152008661,280804.0
chr1,152008821,152008843,280622.0
chr1,152010257,152010271,279194.0
chr1,152019121,152019141,270324.0
chr1,152019232,152019248,270217.0
chr1,152037486,152037508,251957.0
chr1,152037509,152037531,251934.0
chr1,152288102,152288121,1344.0
chr1,152585414,152585428,180923.0
chr1,152585488,152585508,180843.0
chr1,152585708,152585736,180615.0
chr1,152903117,152903132,136748.0
chr1,153141208,153141224,272540.0
chr1,153288029,153288078,125686.0
chr1,153288116,153288138,125626.0
chr1,153294094,153294113,119651.0
chr1,153304044,153304095,109669.0
chr1,153304182,153304196,109568.0
chr1,153320281,153320303,93461.0
chr1,153346994,153347045,66719.0
chr1,153347108,153347163,66601.0
chr1,153379863,153379879,33885.0
chr1,153379923,153379942,33822.0
chr1,153415314,153415336,1532.0
chr1,153424654,153424668,10872.0
chr1,153691555,153691571,77139.0
chr1,153723710,153723736,109294.0
chr1,153730180,153730204,115764.0
chr1,153730262,153730282,115846.0
chr1,153730362,153730382,115946.0
chr1,153740004,153740023,125588.0
chr1,153742387,153742430,127971.0
chr1,153742478,153742564,128062.0
chr1,153742621,153742647,128205.0
chr1,153749456,153749475,135040.0
chr1,153749634,153749654,135218.0
chr1,153751769,153751785,137353.0
chr1,153846856,153846872,232440.0
chr1,153847148,153847167,232732.0
chr1,153900259,153900278,285843.0
chr1,154134699,154134721,520283.0
chr1,154786436,154786452,372859.0
chr1,154900651,154900666,258645.0
chr1,155006486,155006508,152803.0
chr1,155059897,155059916,99395.0
chr1,155060033,155060049,99262.0
chr1,155072493,155072512,86799.0
chr1,155121954,155121976,37335.0
chr1,155122053,155122081,37230.0
chr1,155122264,155122285,37026.0
chr1,155322232,155322254,148831.0
chr1,155417721,155417736,113089.0
chr1,155564961,155564976,34117.0
chr1,155973738,155973754,59100.0
chr1,155973807,155973826,59169.0
chr1,156041007,156041034,126369.0
chr1,156042160,156042214,127522.0
chr1,156421048,156421070,157410.0
chr1,156522491,156522520,258853.0
chr1,156674798,156674817,173304.0
chr1,156809634,156809648,38473.0
chr1,156809777,156809799,38322.0
chr1,156905652,156905672,57513.0
chr1,156905841,156905875,57702.0
chr1,156938625,156938665,90486.0
chr1,156938903,156938919,90764.0
chr1,156986270,156986314,90919.0
chr1,156986475,156986489,90744.0
chr1,156986663,156986707,90526.0
chr1,157039300,157039317,37916.0
chr1,157110160,157110182,32909.0
chr1,157110249,157110270,32998.0
chr1,157110311,157110326,33060.0
chr1,157259927,157259946,182676.0
chr1,157553291,157553313,437314.0
chr1,157599561,157599604,391023.0
chr1,159928796,159928810,129458.0
chr1,159952797,159952819,105449.0
chr1,159952886,159952902,105366.0
chr1,160007101,160007117,51151.0
chr1,160039968,160040007,18261.0
chr1,160042763,160042794,15474.0
chr1,160044767,160044794,13474.0
chr1,160047017,160047045,11223.0
chr1,160290556,160290582,16418.0
chr1,160300185,160300212,6788.0
chr1,160300269,160300291,6709.0
chr1,160786574,160786590,139864.0
chr1,160786843,160786867,139587.0
chr1,160842388,160842402,84052.0
chr1,160842478,160842531,83923.0
chr1,160842716,160842770,83684.0
chr1,160907252,160907280,19174.0
chr1,161034194,161034210,107722.0
chr1,161070579,161070598,144107.0
chr1,161070606,161070640,144134.0
chr1,161071399,161071427,144927.0
chr1,161071551,161071573,145079.0
chr1,161250035,161250057,323563.0
chr1,161250121,161250135,323649.0
chr1,161251666,161251682,325194.0
chr1,161309395,161309417,382923.0
chr1,161309600,161309625,383128.0
chr1,161309652,161309666,383180.0
chr1,161670660,161670680,96432.0
chr1,161670682,161670709,96403.0
chr1,161670720,161670736,96376.0
chr1,161670967,161670986,96126.0
chr1,161671293,161671308,95804.0
chr1,161671326,161671340,95772.0
chr1,161704593,161704609,62503.0
chr1,161704721,161704748,62364.0
chr1,161705142,161705188,61924.0
chr1,161712939,161712973,54139.0
chr1,161734720,161734742,32370.0
chr1,161750870,161750884,16228.0
chr1,161751303,161751325,15787.0
chr1,161751481,161751495,15617.0
chr1,161751504,161751518,15594.0
chr1,161761626,161761640,5472.0
chr1,161779388,161779402,12258.0
chr1,161779434,161779453,12304.0
chr1,161794668,161794694,27538.0
chr1,161830494,161830510,63364.0
chr1,161830570,161830592,63440.0
chr1,161869391,161869406,24884.0
chr1,161876138,161876164,18126.0
chr1,161908043,161908062,4737.0
chr1,162000019,162000070,24626.0
chr1,162295683,162295705,88387.0
chr1,162549916,162549990,342620.0
chr1,162550147,162550209,342851.0
chr1,162571351,162571365,364055.0
chr1,162571754,162571774,364458.0
chr1,162727979,162727993,520683.0
chr1,162728333,162728349,521037.0
chr1,162728392,162728407,521096.0
chr1,162752351,162752366,545055.0
chr1,163403521,163403540,1196225.0
chr1,163994515,163994538,1199003.0
chr1,164009029,164009045,1184496.0
chr1,164009055,164009069,1184472.0
chr1,164009340,164009365,1184176.0
chr1,164009368,164009384,1184157.0
chr1,164062047,164062066,1131475.0
chr1,164062295,164062351,1131190.0
chr1,164063745,164063776,1129765.0
chr1,164063876,164063907,1129634.0
chr1,164069191,164069245,1124296.0
chr1,164069246,164069306,1124235.0
chr1,164069371,164069393,1124148.0
chr1,164069546,164069560,1123981.0
chr1,164077084,164077111,1116430.0
chr1,164077304,164077318,1116223.0
chr1,164077389,164077405,1116136.0
chr1,164078435,164078460,1115081.0
chr1,164078481,164078509,1115032.0
chr1,164078552,164078566,1114975.0
chr1,164109703,164109729,1083812.0
chr1,164109887,164109902,1083639.0
chr1,164131382,164131396,1062145.0
chr1,164144875,164144891,1048650.0
chr1,164453825,164453847,739694.0
chr1,164454044,164454069,739472.0
chr1,164503666,164503685,689856.0
chr1,164503733,164503756,689785.0
chr1,164504551,164504601,688940.0
chr1,164504606,164504633,688908.0
chr1,164815760,164815777,377764.0
chr1,164815790,164815804,377737.0
chr1,164881894,164881924,311617.0
chr1,164882231,164882246,311295.0
chr1,164960340,164960359,233182.0
chr1,164960576,164960590,232951.0
chr1,164966671,164966697,226844.0
chr1,165132758,165132786,60755.0
chr1,165174447,165174466,19075.0
chr1,165236354,165236373,42794.0
chr1,165252006,165252039,58446.0
chr1,165252276,165252331,58716.0
chr1,165252350,165252372,58790.0
chr1,165460847,165460867,182623.0
chr1,165705965,165705998,62457.0
chr1,165718068,165718093,74560.0
chr1,165780047,165780066,136539.0
chr1,165780594,165780642,137086.0
chr1,165791556,165791575,148048.0
chr1,165791746,165791776,148238.0
chr1,165803374,165803389,159866.0
chr1,165808413,165808458,164905.0
chr1,165810760,165810807,167252.0
chr1,165838013,165838035,148253.0
chr1,166000954,166000976,14648.0
chr1,166001115,166001143,14809.0
chr1,166002897,166002927,16591.0
chr1,166010248,166010262,23942.0
chr1,166010284,166010304,23978.0
chr1,166016548,166016570,30242.0
chr1,166044004,166044035,57698.0
chr1,166048146,166048178,61840.0
chr1,166048420,166048441,62114.0
chr1,167245622,167245648,835590.0
chr1,167394043,167394062,984011.0
chr1,170861714,170861745,518300.0
chr1,170861919,170861945,518100.0
chr1,170861944,170861958,518087.0
chr1,170867959,170867996,512049.0
chr1,170868009,170868023,512022.0
chr1,170868540,170868567,511478.0
chr1,170868657,170868673,511372.0
chr1,170885624,170885646,494399.0
chr1,171150724,171150816,229229.0
chr1,171294881,171294897,85148.0
chr1,171502921,171502940,90126.0
chr1,171502983,171503002,90188.0
chr1,171503294,171503336,90499.0
chr1,171606929,171606943,194134.0
chr1,171681965,171681993,269170.0
chr1,171681997,171682026,269202.0
chr1,171685017,171685044,272222.0
chr1,171685102,171685124,272307.0
chr1,171771379,171771411,358584.0
chr1,171771454,171771503,358659.0
chr1,171772541,171772557,359746.0
chr1,171782790,171782828,369995.0
chr1,171845060,171845092,432265.0
chr1,171845118,171845140,432323.0
chr1,171845324,171845350,432529.0
chr1,171917248,171917312,504453.0
chr1,171917456,171917475,504661.0
chr1,171921673,171921696,508878.0
chr1,171939493,171939511,526698.0
chr1,171963954,171963970,551159.0
chr1,171966512,171966532,553717.0
chr1,171966593,171966616,553798.0
chr1,171975750,171975764,562955.0
chr1,171975929,171975948,563134.0
chr1,171975968,171975982,563173.0
chr1,171976175,171976209,563380.0
chr1,171976223,171976237,563428.0
chr1,171983687,171983734,570892.0
chr1,171983926,171983957,571131.0
chr1,172119764,172119817,706969.0
chr1,172126599,172126643,713804.0
chr1,172147665,172147681,734870.0
chr1,172147758,172147798,734963.0
chr1,172310643,172310692,897848.0
chr1,172311692,172311714,898897.0
chr1,172455674,172455690,943133.0
chr1,172549033,172549074,849749.0
chr1,172619526,172619579,779244.0
chr1,173339881,173339900,58923.0
chr1,173412129,173412160,13288.0
chr1,173432700,173432776,33859.0
chr1,173441028,173441050,42187.0
chr1,173441135,173441149,42294.0
chr1,173441718,173441733,42877.0
chr1,173491391,173491405,92550.0
chr1,173491542,173491565,92701.0
chr1,173510726,173510745,111885.0
chr1,173510791,173510813,111950.0
chr1,173535597,173535620,121852.0
chr1,173535861,173535877,121595.0
chr1,173536111,173536135,121337.0
chr1,173548931,173548950,108522.0
chr1,173548984,173549006,108466.0
chr1,173549052,173549071,108401.0
chr1,173599134,173599154,58318.0
chr1,173599377,173599403,58069.0
chr1,173599529,173599551,57921.0
chr1,173630678,173630702,26770.0
chr1,173630837,173630856,26616.0
chr1,173630937,173630953,26519.0
chr1,173634265,173634284,23188.0
chr1,173673399,173673421,7403.0
chr1,173673558,173673572,7252.0
chr1,173678672,173678691,2133.0
chr1,173678926,173678959,1865.0
chr1,173880254,173880269,199412.0
chr1,173880275,173880291,199433.0
chr1,173880293,173880309,199451.0
chr1,173942558,173942573,261716.0
chr1,173942579,173942599,261737.0
chr1,173942734,173942754,261892.0
chr1,175010087,175010102,1329245.0
chr1,175693171,175693190,1293114.0
chr1,176945814,176945830,40474.0
chr1,176945855,176945883,40421.0
chr1,176993453,176993475,7131.0
chr1,177257271,177257287,80953.0
chr1,177441181,177441195,102923.0
chr1,177441227,177441253,102969.0
chr1,177718183,177718217,379925.0
chr1,177795748,177795784,457490.0
chr1,177983042,177983070,644784.0
chr1,178242422,178242444,904164.0
chr1,178318318,178318344,980060.0
chr1,178338101,178338202,999843.0
chr1,178369282,178369308,1031024.0
chr1,178405254,178405304,1066996.0
chr1,178405456,178405472,1067198.0
chr1,178405837,178405894,1067579.0
chr1,178406812,178406828,1068554.0
chr1,179169661,179169687,1135126.0
chr1,179169696,179169723,1135090.0
chr1,179169758,179169786,1135027.0
chr1,179170142,179170205,1134608.0
chr1,179170332,179170389,1134424.0
chr1,179232180,179232196,1072617.0
chr1,179240676,179240691,1064122.0
chr1,179240798,179240829,1063984.0
chr1,179549737,179549759,755054.0
chr1,179560906,179560920,743893.0
chr1,179561045,179561061,743752.0
chr1,179561079,179561107,743706.0
chr1,179624439,179624491,680322.0
chr1,179656341,179656355,648458.0
chr1,179734561,179734583,570230.0
chr1,180225751,180225836,78977.0
chr1,180264775,180264804,40009.0
chr1,180264918,180264937,39876.0
chr1,180265004,180265023,39790.0
chr1,180296381,180296403,8410.0
chr1,180314169,180314188,9338.0
chr1,180330258,180330273,25427.0
chr1,180330288,180330304,25457.0
chr1,180330321,180330364,25490.0
chr1,180330673,180330690,25842.0
chr1,180335815,180335852,30984.0
chr1,180355565,180355599,50734.0
chr1,180359723,180359751,54892.0
chr1,180371186,180371206,66355.0
chr1,180388487,180388501,83656.0
chr1,180388519,180388541,83688.0
chr1,180388851,180388902,84020.0
chr1,180389052,180389074,84221.0
chr1,180390957,180390982,86126.0
chr1,180397973,180397987,93142.0
chr1,180403374,180403394,98543.0
chr1,180546326,180546348,241495.0
chr1,180641558,180641585,336727.0
chr1,180768164,180768190,463333.0
chr1,180777496,180777515,463189.0
chr1,180778042,180778057,462647.0
chr1,180812500,180812522,428182.0
chr1,180916860,180916894,323810.0
chr1,181143883,181143897,96807.0
chr1,181144393,181144409,96295.0
chr1,181144578,181144592,96112.0
chr1,181211247,181211265,29439.0
chr1,181227114,181227130,13574.0
chr1,181227874,181227918,12786.0
chr1,182125382,182125396,884660.0
chr1,182163229,182163253,922507.0
chr1,182408903,182408918,771231.0
chr1,182489812,182489838,690311.0
chr1,183134913,183134939,45210.0
chr1,183136977,183136996,43153.0
chr1,183137101,183137120,43029.0
chr1,183155161,183155196,24953.0
chr1,183168168,183168184,11965.0
chr1,183566690,183566706,328607.0
chr1,183813751,183813765,248042.0
chr1,183987803,183987834,73973.0
chr1,184024679,184024701,37106.0
chr1,184024853,184024888,36919.0
chr1,184034200,184034214,27593.0
chr1,184034782,184034804,27003.0
chr1,184060572,184060587,1220.0
chr1,184060613,184060635,1172.0
chr1,184060648,184060664,1143.0
chr1,184060729,184060756,1051.0
chr1,184069160,184069182,5516.0
chr1,184069326,184069372,5326.0
chr1,184793225,184793239,52084.0
chr1,185193722,185193755,348381.0
chr1,185331971,185331987,486630.0
chr1,186749652,186749757,14524.0
chr1,187215330,187215349,480202.0
chr1,188980310,188980332,952747.0
chr1,190156223,190156249,1253531.0
chr1,191194155,191194171,215609.0
chr1,191259258,191259280,150500.0
chr1,191312959,191313023,96757.0
chr1,191384897,191384924,24856.0
chr1,191446105,191446127,36307.0
chr1,191446303,191446318,36505.0
chr1,191447386,191447441,37588.0
chr1,191480652,191480674,70854.0
chr1,191480695,191480709,70897.0
chr1,191480719,191480733,70921.0
chr1,191576195,191576209,166397.0
chr1,191576215,191576229,166417.0
chr1,191599598,191599620,189800.0
chr1,191599694,191599729,189896.0
chr1,192086861,192086877,98085.0
chr1,192745415,192745431,448537.0
chr1,192763216,192763238,430730.0
chr1,193130168,193130197,63771.0
chr1,193131011,193131040,62928.0
chr1,193131218,193131242,62726.0
chr1,193131249,193131276,62692.0
chr1,193146492,193146528,47440.0
chr1,193159280,193159296,34672.0
chr1,193173302,193173337,20631.0
chr1,193181371,193181390,12578.0
chr1,193189232,193189252,4716.0
chr1,193189323,193189345,4623.0
chr1,193201025,193201039,7039.0
chr1,193264426,193264445,70440.0
chr1,193285809,193285830,91823.0
chr1,193286287,193286302,92301.0
chr1,193338459,193338481,82898.0
chr1,194996040,194996060,267843.0
chr1,194996074,194996096,267877.0
chr1,194996112,194996160,267915.0
chr1,194996184,194996208,267987.0
chr1,195131204,195131219,403007.0
chr1,195131551,195131565,403354.0
chr1,195131732,195131761,403535.0
chr10,4387938,4387960,144684.0
chr10,4432710,4432729,99915.0
chr10,4598340,4598385,65678.0
chr10,4921882,4922035,272664.0
chr10,5163776,5163803,30896.0
chr10,5164097,5164113,30586.0
chr10,5806217,5806252,173172.0
chr10,5823789,5823805,155619.0
chr10,5824869,5824897,154527.0
chr10,5824994,5825026,154398.0
chr10,6983283,6983299,2682.0
chr10,7041217,7041241,60616.0
chr10,7076257,7076271,95656.0
chr10,7076530,7076552,95929.0
chr10,7212757,7212792,232156.0
chr10,7212956,7212970,232355.0
chr10,7780217,7780247,83206.0
chr10,7781123,7781151,82302.0
chr10,7819500,7819534,43919.0
chr10,7819722,7819741,43712.0
chr10,7824965,7824981,38472.0
chr10,7825149,7825163,38290.0
chr10,7832255,7832279,31174.0
chr10,7847507,7847529,15924.0
chr10,7992941,7992964,129470.0
chr10,8055542,8055556,192071.0
chr10,8131231,8131250,267760.0
chr10,8214381,8214422,302657.0
chr10,8454279,8454298,62781.0
chr10,8454424,8454443,62636.0
chr10,8454566,8454585,62494.0
chr10,8454626,8454645,62434.0
chr10,8506030,8506047,11032.0
chr10,8506145,8506178,10901.0
chr10,8506377,8506391,10688.0
chr10,8506486,8506538,10541.0
chr10,9902170,9902186,149194.0
chr10,10143299,10143313,91901.0
chr10,10143389,10143408,91991.0
chr10,10190322,10190339,138924.0
chr10,10190600,10190617,139202.0
chr10,10320935,10321031,269537.0
chr10,10321058,10321121,269660.0
chr10,11281112,11281144,115782.0
chr10,11282284,11282311,116954.0
chr10,11282360,11282374,117030.0
chr10,12688868,12688955,124917.0
chr10,12688958,12689232,124640.0
chr10,12806167,12806198,7674.0
chr10,12823798,12823820,9908.0
chr10,12860663,12860703,46773.0
chr10,12874898,12874912,48422.0
chr10,13008228,13008275,27314.0
chr10,13057183,13057203,76269.0
chr10,13057310,13057340,76396.0
chr10,13060178,13060192,79264.0
chr10,13193367,13193412,212453.0
chr10,13429811,13429825,448897.0
chr10,13430034,13430048,449120.0
chr10,13438447,13438469,457533.0
chr10,13438576,13438602,457662.0
chr10,13452785,13452815,471871.0
chr10,13453583,13453599,472669.0
chr10,13564958,13564985,451499.0
chr10,13610930,13610949,405535.0
chr10,13967418,13967434,49050.0
chr10,13982686,13982735,33749.0
chr10,13993223,13993248,23236.0
chr10,13993931,13993950,22534.0
chr10,13998906,13998925,17559.0
chr10,14018426,14018441,1923.0
chr10,14045867,14045889,2333.0
chr10,14046070,14046103,2536.0
chr10,14046110,14046124,2576.0
chr10,14046162,14046178,2628.0
chr10,14046520,14046546,2986.0
chr10,14046711,14046739,3177.0
chr10,14057427,14057446,13893.0
chr10,14057790,14057809,14256.0
chr10,14057940,14057974,14406.0
chr10,14057991,14058031,14457.0
chr10,14058046,14058079,14512.0
chr10,14085990,14086016,42456.0
chr10,14110946,14110961,67412.0
chr10,14111016,14111031,67482.0
chr10,14116215,14116231,72681.0
chr10,14116278,14116294,72744.0
chr10,14207679,14207699,164145.0
chr10,14705687,14705731,662153.0
chr10,15688793,15688815,1645259.0
chr10,15688871,15688908,1645337.0
chr10,15688990,15689013,1645456.0
chr10,15689085,15689108,1645551.0
chr10,16945191,16945205,512309.0
chr10,16945437,16945452,512062.0
chr10,17406544,17406564,50950.0
chr10,17406606,17406643,50871.0
chr10,17406721,17406749,50765.0
chr10,17550144,17550166,92612.0
chr10,17550222,17550237,92690.0
chr10,17550283,17550341,92751.0
chr10,17565497,17565519,107965.0
chr10,17565534,17565566,108002.0
chr10,17565597,17565616,108065.0
chr10,17565626,17565652,108094.0
chr10,17567041,17567055,109509.0
chr10,17716536,17716550,210066.0
chr10,17722635,17722676,203940.0
chr10,17728791,17728826,197790.0
chr10,17728990,17729004,197612.0
chr10,17775432,17775452,151164.0
chr10,17775473,17775511,151105.0
chr10,17795993,17796020,130596.0
chr10,17796030,17796055,130561.0
chr10,17860740,17860785,65831.0
chr10,17920281,17920317,6299.0
chr10,17946795,17946821,20161.0
chr10,17946862,17946901,20228.0
chr10,17948057,17948076,21423.0
chr10,17966306,17966325,39672.0
chr10,17987844,17987860,61210.0
chr10,18047794,18047808,121160.0
chr10,18047829,18047844,121195.0
chr10,18197172,18197195,270538.0
chr10,18197216,18197242,270582.0
chr10,18197344,18197385,270710.0
chr10,18235321,18235343,308687.0
chr10,18235490,18235519,308856.0
chr10,18407498,18407517,480864.0
chr10,18470348,18470367,543714.0
chr10,18917425,18917469,199473.0
chr10,18917662,18917676,199266.0
chr10,18941410,18941424,175518.0
chr10,18941472,18941503,175439.0
chr10,18941628,18941650,175292.0
chr10,18941691,18941707,175235.0
chr10,18965307,18965345,151597.0
chr10,18983785,18983817,133125.0
chr10,19015674,19015711,101231.0
chr10,19062346,19062366,54576.0
chr10,19062542,19062561,54381.0
chr10,19094237,19094260,22682.0
chr10,19094541,19094557,22385.0
chr10,19094669,19094688,22254.0
chr10,19104713,19104735,12207.0
chr10,19105324,19105346,11596.0
chr10,19122519,19122534,5558.0
chr10,19127916,19127938,10955.0
chr10,19171951,19171983,54990.0
chr10,19172168,19172182,55207.0
chr10,19184943,19184958,67982.0
chr10,19185911,19185938,68950.0
chr10,19185971,19185993,69010.0
chr10,19186027,19186060,69066.0
chr10,19186554,19186573,69593.0
chr10,19188543,19188565,71582.0
chr10,19188694,19188709,71733.0
chr10,19240120,19240150,123159.0
chr10,19333649,19333671,171026.0
chr10,19333674,19333690,171007.0
chr10,19491633,19491647,13050.0
chr10,19491864,19491887,12810.0
chr10,19491966,19491981,12716.0
chr10,19494359,19494434,10263.0
chr10,19506260,19506294,1544.0
chr10,19582130,19582161,4285.0
chr10,19592496,19592522,14651.0
chr10,19619729,19619745,41884.0
chr10,19619892,19619928,42047.0
chr10,19619957,19619971,42112.0
chr10,19620005,19620024,42160.0
chr10,19620085,19620156,42240.0
chr10,19620172,19620194,42327.0
chr10,19718651,19718670,140806.0
chr10,19747940,19747962,170095.0
chr10,19887656,19887680,309811.0
chr10,19887783,19887807,309938.0
chr10,19935137,19935175,294979.0
chr10,20000249,20000276,229878.0
chr10,20005516,20005536,224618.0
chr10,20005622,20005658,224496.0
chr10,20281451,20281477,51279.0
chr10,20281542,20281570,51370.0
chr10,20281847,20281874,51675.0
chr10,20290411,20290426,60239.0
chr10,20290471,20290525,60299.0
chr10,20882655,20882686,652483.0
chr10,20882759,20882785,652587.0
chr10,20952301,20952315,583540.0
chr10,20954298,20954314,581541.0
chr10,21158848,21158864,376991.0
chr10,21179139,21179153,356702.0
chr10,21200876,21200913,334942.0
chr10,21223573,21223587,312268.0
chr10,21223622,21223641,312214.0
chr10,21223679,21223693,312162.0
chr10,21224528,21224565,311290.0
chr10,21235281,21235297,300558.0
chr10,21235757,21235773,300082.0
chr10,21235873,21235889,299966.0
chr10,21236019,21236041,299814.0
chr10,21255282,21255298,280557.0
chr10,21419598,21419612,116243.0
chr10,21419641,21419657,116198.0
chr10,21419683,21419720,116135.0
chr10,21479488,21479502,56353.0
chr10,21882408,21882430,346535.0
chr10,21905974,21906014,370101.0
chr10,21946611,21946631,410738.0
chr10,21946831,21946846,410958.0
chr10,21947137,21947153,411264.0
chr10,22299345,22299420,763472.0
chr10,22303992,22304011,768119.0
chr10,22530264,22530291,994391.0
chr10,23621466,23621495,321130.0
chr10,23787048,23787067,155558.0
chr10,23787467,23787486,155139.0
chr10,23965225,23965244,22582.0
chr10,24149128,24149147,206485.0
chr10,24312399,24312453,369756.0
chr10,24622830,24622844,680187.0
chr10,24640232,24640254,673525.0
chr10,24640275,24640300,673479.0
chr10,24640361,24640383,673396.0
chr10,24640386,24640402,673377.0
chr10,24640441,24640478,673301.0
chr10,24640534,24640561,673218.0
chr10,24640624,24640643,673136.0
chr10,24673113,24673141,640638.0
chr10,24673247,24673262,640517.0
chr10,24753938,24753992,559787.0
chr10,24823784,24823798,489981.0
chr10,24870432,24870448,443331.0
chr10,25297382,25297396,16383.0
chr10,25426782,25426798,31099.0
chr10,26139509,26139564,5946.0
chr10,26139699,26139715,6136.0
chr10,26325232,26325251,191669.0
chr10,26325321,26325343,191758.0
chr10,26325671,26325704,192108.0
chr10,26359065,26359089,225502.0
chr10,26520827,26520867,387264.0
chr10,26521179,26521198,387616.0
chr10,26799471,26799519,665908.0
chr10,26799824,26799870,666261.0
chr10,26894543,26894559,760980.0
chr10,26894580,26894596,761017.0
chr10,26894618,26894634,761055.0
chr10,26894656,26894672,761093.0
chr10,26894696,26894712,761133.0
chr10,26894736,26894752,761173.0
chr10,26894776,26894792,761213.0
chr10,28567637,28567653,26370.0
chr10,28619314,28619328,25273.0
chr10,29361456,29361470,575488.0
chr10,30200601,30200623,263625.0
chr10,30200699,30200729,263723.0
chr10,30617972,30617994,184508.0
chr10,30627890,30627918,174584.0
chr10,30811099,30811118,8579.0
chr10,30811236,30811274,8716.0
chr10,30811284,30811298,8764.0
chr10,30819390,30819405,16870.0
chr10,30842907,30842926,40387.0
chr10,31668499,31668514,865979.0
chr10,33950832,33950846,785043.0
chr10,34111060,34111082,624807.0
chr10,34111087,34111121,624768.0
chr10,34282101,34282123,453766.0
chr10,34297307,34297321,438568.0
chr10,34893206,34893234,157299.0
chr10,35071555,35071583,335648.0
chr10,35071799,35071819,335892.0
chr10,36158021,36158037,1422114.0
chr10,36158309,36158328,1422402.0
chr10,37232472,37232486,876529.0
chr10,37232504,37232527,876488.0
chr10,37337585,37337605,771410.0
chr10,38884955,38884977,585320.0
chr10,39172127,39172146,298151.0
chr10,39339786,39339819,130478.0
chr10,39339940,39339962,130335.0
chr10,39369005,39369021,101276.0
chr10,39369240,39369262,101035.0
chr10,39420385,39420401,49896.0
chr10,39486978,39486994,16663.0
chr10,39612668,39612725,142353.0
chr10,39625827,39625846,155512.0
chr10,39691872,39691894,221557.0
chr10,39691979,39692001,221664.0
chr10,39692009,39692041,221694.0
chr10,39731738,39731772,261423.0
chr10,39732784,39732798,262469.0
chr10,39774338,39774386,304023.0
chr10,39774500,39774515,304185.0
chr10,39793531,39793552,323216.0
chr10,39793649,39793678,323334.0
chr10,39960493,39960518,203025.0
chr10,40125598,40125701,37842.0
chr10,40257896,40257915,84698.0
chr10,40258270,40258301,84312.0
chr10,40258674,40258696,83917.0
chr10,40259224,40259276,83337.0
chr10,40309917,40309940,32673.0
chr10,40310034,40310067,32546.0
chr10,40348873,40348889,6242.0
chr10,40349337,40349353,6706.0
chr10,40362578,40362607,19947.0
chr10,40362611,40362639,19980.0
chr10,40371551,40371577,14728.0
chr10,40371755,40371790,14515.0
chr10,40371816,40371838,14467.0
chr10,40371938,40371957,14348.0
chr10,40451842,40451880,31490.0
chr10,40462438,40462457,42086.0
chr10,40479251,40479267,58899.0
chr10,40479379,40479396,59027.0
chr10,40479559,40479573,59207.0
chr10,40713029,40713057,169303.0
chr10,40713171,40713185,169445.0
chr10,41288079,41288097,326424.0
chr10,41288169,41288204,326317.0
chr10,41304333,41304349,310172.0
chr10,41449998,41450012,164509.0
chr10,41477344,41477359,137162.0
chr10,41491197,41491217,123304.0
chr10,41491312,41491335,123186.0
chr10,41518985,41519015,95506.0
chr10,41527238,41527257,87264.0
chr10,41527484,41527500,87021.0
chr10,41530212,41530231,84290.0
chr10,41530343,41530357,84164.0
chr10,41552983,41553003,61518.0
chr10,41603166,41603180,11341.0
chr10,41615758,41615786,1219.0
chr10,41682844,41682858,68305.0
chr10,41683047,41683061,68508.0
chr10,41690616,41690630,76077.0
chr10,41880856,41880870,19147.0
chr10,41880910,41880926,19091.0
chr10,41887915,41887948,12069.0
chr10,41893655,41893678,6339.0
chr10,41893737,41893756,6261.0
chr10,41937322,41937350,37287.0
chr10,41937515,41937554,37480.0
chr10,42277923,42277939,58735.0
chr10,42838900,42838916,619712.0
chr10,42860935,42860949,641747.0
chr10,42887082,42887108,667894.0
chr10,42887252,42887268,668064.0
chr10,42888368,42888421,669180.0
chr10,42888649,42888671,669461.0
chr10,42897712,42897740,678524.0
chr10,42897762,42897784,678574.0
chr10,42962213,42962243,743025.0
chr10,43002429,43002460,775429.0
chr10,43002611,43002643,775246.0
chr10,43480128,43480158,297731.0
chr10,43740514,43740530,37359.0
chr10,43740802,43740844,37045.0
chr10,43901915,43901935,124008.0
chr10,43996341,43996360,218434.0
chr10,44002694,44002714,224787.0
chr10,44002861,44002885,224954.0
chr10,44005556,44005609,227649.0
chr10,44380704,44380737,37887.0
chr10,44429811,44429825,11169.0
chr10,44448389,44448408,29747.0
chr10,44483074,44483107,64432.0
chr10,44483439,44483454,64797.0
chr10,44483500,44483520,64858.0
chr10,44529638,44529677,110996.0
chr10,44821692,44821711,136161.0
chr10,44911042,44911064,46808.0
chr10,45000816,45000847,42926.0
chr10,45000860,45000882,42970.0
chr10,45000955,45000991,43065.0
chr10,45001335,45001369,43445.0
chr10,45019640,45019662,61750.0
chr10,45019676,45019714,61786.0
chr10,45020563,45020582,62673.0
chr10,46301284,46301303,1111218.0
chr10,46301344,46301358,1111163.0
chr10,46301400,46301448,1111073.0
chr10,50593291,50593306,699710.0
chr10,50593444,50593502,699863.0
chr10,53348397,53348413,247583.0
chr10,53412368,53412388,183608.0
chr10,53412387,53412413,183583.0
chr10,53597165,53597179,1151.0
chr10,53629328,53629344,12371.0
chr10,53629341,53629365,12350.0
chr10,54005818,54005832,364084.0
chr10,54006027,54006051,364293.0
chr10,54032438,54032466,390704.0
chr10,54032999,54033025,391265.0
chr10,54033050,54033064,391316.0
chr10,54041023,54041047,399289.0
chr10,55621452,55621474,1979718.0
chr10,56650623,56650638,1093101.0
chr10,57532709,57532724,211015.0
chr10,57532763,57532803,210936.0
chr10,57571562,57571582,172157.0
chr10,57727714,57727736,16003.0
chr10,57727800,57727823,15916.0
chr10,57753354,57753370,9596.0
chr10,57753711,57753737,9953.0
chr10,57796339,57796358,52581.0
chr10,57796426,57796448,52668.0
chr10,58359351,58359370,11009.0
chr10,58359406,58359446,10933.0
chr10,58359499,58359525,10854.0
chr10,58377530,58377598,7133.0
chr10,58378061,58378096,7664.0
chr10,58383521,58383543,13124.0
chr10,59309263,59309317,527325.0
chr10,59322286,59322300,514342.0
chr10,59322458,59322495,514147.0
chr10,59571065,59571087,265555.0
chr10,59974785,59974824,138125.0
chr10,59974955,59974971,138295.0
chr10,60002465,60002499,165805.0
chr10,60002505,60002527,165845.0
chr10,60081235,60081251,244575.0
chr10,60346216,60346277,509556.0
chr10,60352002,60352021,515342.0
chr10,60380812,60380863,544152.0
chr10,60381076,60381098,544416.0
chr10,60760403,60760440,385532.0
chr10,61231859,61231886,83746.0
chr10,61231915,61231929,83802.0
chr10,61475546,61475573,23190.0
chr10,62183229,62183261,323387.0
chr10,62500496,62500522,6126.0
chr10,62500529,62500544,6104.0
chr10,62500561,62500580,6068.0
chr10,62507944,62507977,1277.0
chr10,62544055,62544102,37388.0
chr10,62792752,62792766,8223.0
chr10,62792767,62792798,8238.0
chr10,62859103,62859135,74574.0
chr10,62946693,62946722,162164.0
chr10,63166110,63166137,381581.0
chr10,63176683,63176725,392154.0
chr10,63231795,63231810,447266.0
chr10,63244878,63244893,460349.0
chr10,63377615,63377638,593086.0
chr10,63386294,63386368,601765.0
chr10,63386408,63386501,601879.0
chr10,63424385,63424416,639856.0
chr10,63424438,63424460,639909.0
chr10,63424495,63424509,639966.0
chr10,63424683,63424713,640154.0
chr10,63424731,63424750,640202.0
chr10,63429452,63429466,644923.0
chr10,64782465,64782484,342661.0
chr10,64782527,64782554,342591.0
chr10,66525074,66525093,34391.0
chr10,66525201,66525215,34269.0
chr10,66525220,66525239,34245.0
chr10,66525249,66525271,34213.0
chr10,66853455,66853477,11069.0
chr10,66955351,66955394,90786.0
chr10,66955450,66955478,90885.0
chr10,67052728,67052743,131847.0
chr10,67052835,67052854,131736.0
chr10,67052890,67052930,131660.0
chr10,67065675,67065703,118887.0
chr10,67065719,67065741,118849.0
chr10,67068920,67068974,115616.0
chr10,67185828,67185850,1182.0
chr10,67186066,67186088,1420.0
chr10,67200645,67200660,15999.0
chr10,67200669,67200691,16023.0
chr10,67497779,67497809,38726.0
chr10,67536476,67536504,77423.0
chr10,67537131,67537155,78078.0
chr10,67537328,67537363,78275.0
chr10,67549266,67549286,90213.0
chr10,67549560,67549576,90507.0
chr10,67565803,67565831,106750.0
chr10,67586238,67586264,127185.0
chr10,67607844,67607858,148791.0
chr10,67643796,67643810,184743.0
chr10,67644439,67644466,185386.0
chr10,67647267,67647301,188214.0
chr10,67657478,67657494,198425.0
chr10,67657500,67657529,198447.0
chr10,67862440,67862456,135991.0
chr10,67891643,67891665,106782.0
chr10,68035770,68035784,37305.0
chr10,68039802,68039828,41337.0
chr10,68040260,68040281,41795.0
chr10,68053923,68053946,55458.0
chr10,68066487,68066563,68022.0
chr10,68082057,68082076,83592.0
chr10,68105243,68105267,106778.0
chr10,68105397,68105423,106932.0
chr10,68119607,68119622,121142.0
chr10,68135740,68135754,105483.0
chr10,68137397,68137419,103818.0
chr10,68140154,68140176,101061.0
chr10,68140188,68140218,101019.0
chr10,68147070,68147092,94145.0
chr10,68154318,68154389,86848.0
chr10,68191725,68191773,49464.0
chr10,68191920,68191936,49301.0
chr10,68192076,68192090,49147.0
chr10,68192419,68192435,48802.0
chr10,68192437,68192463,48774.0
chr10,68192519,68192547,48690.0
chr10,68192887,68192918,48319.0
chr10,68192981,68193012,48225.0
chr10,68193112,68193134,48103.0
chr10,68204720,68204765,36472.0
chr10,68204783,68204842,36395.0
chr10,68238490,68238507,2730.0
chr10,68238763,68238828,2409.0
chr10,68238917,68238936,2301.0
chr10,68239042,68239056,2181.0
chr10,68239082,68239109,2128.0
chr10,68239320,68239348,1889.0
chr10,68247763,68247782,6508.0
chr10,68247799,68247818,6544.0
chr10,68247854,68247876,6599.0
chr10,68248156,68248170,6901.0
chr10,68248709,68248731,7454.0
chr10,68249511,68249530,8256.0
chr10,68277445,68277493,36190.0
chr10,68277520,68277568,36265.0
chr10,68277615,68277631,36360.0
chr10,68355053,68355079,113798.0
chr10,68445312,68445326,204057.0
chr10,68445646,68445673,204391.0
chr10,68445708,68445727,204453.0
chr10,68519948,68519962,278693.0
chr10,68520037,68520058,278782.0
chr10,68541508,68541522,300253.0
chr10,70040120,70040134,1798865.0
chr10,70095581,70095610,1854326.0
chr10,70096582,70096598,1855327.0
chr10,70116755,70116779,1875500.0
chr10,70180953,70181006,1939698.0
chr10,70222520,70222535,1981265.0
chr10,71285237,71285259,1369681.0
chr10,71358021,71358060,1296880.0
chr10,71361730,71361763,1293177.0
chr10,71361781,71361875,1293065.0
chr10,71399153,71399202,1255738.0
chr10,72689119,72689135,34160.0
chr10,75059382,75059404,382646.0
chr10,75299869,75299934,440411.0
chr10,75326833,75326872,413473.0
chr10,75439766,75439823,300522.0
chr10,75446514,75446536,293809.0
chr10,75518098,75518112,222233.0
chr10,75531913,75531935,208410.0
chr10,75591728,75591750,148595.0
chr10,75764530,75764600,24167.0
chr10,75765377,75765393,25014.0
chr10,75765573,75765587,25210.0
chr10,75836139,75836176,95776.0
chr10,75836265,75836284,95902.0
chr10,75836355,75836394,95992.0
chr10,75883540,75883554,143177.0
chr10,75883583,75883606,143220.0
chr10,75893209,75893231,152846.0
chr10,75951653,75951672,211290.0
chr10,75951683,75951731,211320.0
chr10,75951736,75951757,211373.0
chr10,76033195,76033211,292832.0
chr10,76033285,76033309,292922.0
chr10,76355118,76355140,614755.0
chr10,76442132,76442155,701769.0
chr10,76799006,76799028,737995.0
chr10,77520848,77520862,16161.0
chr10,77607154,77607168,70113.0
chr10,78086727,78086762,518550.0
chr10,78185382,78185418,419894.0
chr10,78298563,78298587,306725.0
chr10,78594642,78594661,10651.0
chr10,78595023,78595049,10263.0
chr10,79003570,79003592,398240.0
chr10,79003798,79003817,398468.0
chr10,79097115,79097134,491785.0
chr10,79097737,79097776,492407.0
chr10,79703941,79703985,157802.0
chr10,79855390,79855417,6370.0
chr10,79855513,79855548,6239.0
chr10,79959508,79959569,97699.0
chr10,79959654,79959788,97845.0
chr10,79984465,79984484,122656.0
chr10,79984537,79984553,122728.0
chr10,79984819,79984833,123010.0
chr10,79984883,79984897,123074.0
chr10,79984937,79984951,123128.0
chr10,80023889,80023904,162080.0
chr10,80024029,80024061,162220.0
chr10,80024190,80024221,162381.0
chr10,80024460,80024493,162651.0
chr10,80033460,80033485,171651.0
chr10,80137727,80137749,275918.0
chr10,80141624,80141640,279815.0
chr10,80149649,80149671,287840.0
chr10,80168159,80168173,306350.0
chr10,80173254,80173299,311445.0
chr10,80248910,80248932,387101.0
chr10,80249275,80249297,387466.0
chr10,80292276,80292302,384213.0
chr10,80434165,80434191,242324.0
chr10,80484499,80484514,192001.0
chr10,80509606,80509640,166875.0
chr10,80561892,80561919,114596.0
chr10,80618193,80618208,58307.0
chr10,80695276,80695295,18743.0
chr10,80695543,80695574,19010.0
chr10,80695743,80695765,19210.0
chr10,80754853,80754895,15902.0
chr10,80901190,80901219,116129.0
chr10,80901246,80901261,116087.0
chr10,81082501,81082515,65135.0
chr10,81105513,81105561,88147.0
chr10,81105674,81105688,88308.0
chr10,81137370,81137392,120004.0
chr10,81217337,81217353,111971.0
chr10,81217530,81217576,111748.0
chr10,81248052,81248071,81253.0
chr10,81285999,81286026,43298.0
chr10,81298791,81298813,30511.0
chr10,81357316,81357338,26886.0
chr10,81357340,81357359,26865.0
chr10,81450165,81450187,52399.0
chr10,81499697,81499719,2867.0
chr10,81510346,81510368,7742.0
chr10,81551912,81551927,49308.0
chr10,82393338,82393360,187243.0
chr10,82666471,82666499,85850.0
chr10,82796550,82796572,215929.0
chr10,82909404,82909454,328783.0
chr10,83004720,83004754,424099.0
chr10,83004842,83004867,424221.0
chr10,83330211,83330231,388877.0
chr10,83330288,83330319,388789.0
chr10,83330328,83330386,388722.0
chr10,83330520,83330559,388549.0
chr10,83359833,83359886,359222.0
chr10,83543739,83543753,175355.0
chr10,83544415,83544434,174674.0
chr10,84576377,84576391,542383.0
chr10,84577330,84577352,541422.0
chr10,84577546,84577570,541204.0
chr10,85046675,85046703,72071.0
chr10,85102242,85102277,16497.0
chr10,85128388,85128412,9596.0
chr10,85162078,85162097,43286.0
chr10,85411182,85411201,292390.0
chr10,85411475,85411510,292683.0
chr10,85411553,85411569,292761.0
chr10,85828969,85829015,710177.0
chr10,85829270,85829286,710478.0
chr10,86685101,86685147,1287602.0
chr10,86685409,86685426,1287323.0
chr10,86706850,86706864,1265885.0
chr10,86707062,86707084,1265665.0
chr10,86731384,86731403,1241346.0
chr10,88357234,88357253,373706.0
chr10,88405717,88405733,325226.0
chr10,88420828,88420850,310109.0
chr10,88826920,88826939,95943.0
chr10,88826943,88826987,95966.0
chr10,88826996,88827028,96019.0
chr10,89678038,89678066,880106.0
chr10,89678279,89678295,879877.0
chr10,89703108,89703122,855050.0
chr10,89731984,89732000,826172.0
chr10,89732021,89732037,826135.0
chr10,89732479,89732504,825668.0
chr10,89764508,89764530,793642.0
chr10,91160835,91160854,545914.0
chr10,91170560,91170579,555639.0
chr10,91170598,91170625,555677.0
chr10,91170651,91170677,555730.0
chr10,91181193,91181215,566272.0
chr10,91181380,91181413,566459.0
chr10,91188054,91188068,573133.0
chr10,91188233,91188285,573312.0
chr10,91270907,91270979,655986.0
chr10,91271433,91271452,656512.0
chr10,92507154,92507170,945010.0
chr10,92722542,92722562,729618.0
chr10,93041365,93041387,410793.0
chr10,93041475,93041490,410690.0
chr10,93041529,93041617,410563.0
chr10,93041623,93041642,410538.0
chr10,93041785,93041820,410360.0
chr10,93042070,93042092,410088.0
chr10,93070623,93070637,381543.0
chr10,93070825,93070859,381321.0
chr10,93123067,93123090,329090.0
chr10,93123093,93123112,329068.0
chr10,93143372,93143405,308775.0
chr10,93143436,93143463,308717.0
chr10,93153619,93153691,298489.0
chr10,93153743,93153759,298421.0
chr10,93158577,93158704,293476.0
chr10,93158824,93158848,293332.0
chr10,93159750,93159808,292372.0
chr10,93160758,93160798,291382.0
chr10,93171502,93171528,280652.0
chr10,93205243,93205257,246923.0
chr10,93205693,93205724,246456.0
chr10,93228328,93228344,223836.0
chr10,93228367,93228383,223797.0
chr10,93228442,93228464,223716.0
chr10,93274383,93274399,177781.0
chr10,93309486,93309508,142672.0
chr10,93310659,93310709,141471.0
chr10,93310890,93310904,141276.0
chr10,93325505,93325538,126642.0
chr10,93335980,93335994,116186.0
chr10,93468173,93468229,15974.0
chr10,93540233,93540259,88034.0
chr10,93540493,93540515,88294.0
chr10,93541125,93541141,88926.0
chr10,93541695,93541739,89496.0
chr10,93541771,93541794,89572.0
chr10,93541919,93541945,89720.0
chr10,93743377,93743399,54485.0
chr10,93743439,93743458,54547.0
chr10,93868703,93868764,179811.0
chr10,93939084,93939111,250192.0
chr10,94037418,94037433,348526.0
chr10,94037612,94037635,348720.0
chr10,94087637,94087659,398745.0
chr10,94088005,94088021,399113.0
chr10,94378557,94378573,318199.0
chr10,94408872,94408894,287878.0
chr10,94419154,94419176,277596.0
chr10,94426716,94426732,270040.0
chr10,94689195,94689225,7547.0
chr10,94828432,94828446,131642.0
chr10,94845131,94845153,148341.0
chr10,94865046,94865062,168256.0
chr10,95196094,95196116,201877.0
chr10,95218279,95218326,179667.0
chr10,95255221,95255236,142757.0
chr10,95255365,95255379,142614.0
chr10,95261156,95261196,136797.0
chr10,95261245,95261306,136687.0
chr10,95261451,95261466,136527.0
chr10,95261521,95261540,136453.0
chr10,95313934,95313956,84037.0
chr10,95313964,95313986,84007.0
chr10,95314025,95314047,83946.0
chr10,95323711,95323744,74249.0
chr10,95324011,95324042,73951.0
chr10,95358025,95358047,39946.0
chr10,95372264,95372298,25695.0
chr10,95372335,95372368,25625.0
chr10,95418615,95418688,20604.0
chr10,95476111,95476133,1097.0
chr10,95677556,95677570,21555.0
chr10,95677908,95677930,21195.0
chr10,95746157,95746181,47014.0
chr10,95780035,95780049,34900.0
chr10,95942134,95942148,2102.0
chr10,95942237,95942259,2205.0
chr10,95942370,95942394,2338.0
chr10,95942428,95942443,2396.0
chr10,96201311,96201325,191828.0
chr10,96201405,96201420,191733.0
chr10,96201622,96201637,191516.0
chr10,96204203,96204242,188911.0
chr10,96204456,96204477,188676.0
chr10,96214972,96214992,178161.0
chr10,96274118,96274138,119015.0
chr10,96274364,96274386,118767.0
chr10,96325251,96325291,67862.0
chr10,96325370,96325392,67761.0
chr10,96348425,96348444,44709.0
chr10,96364051,96364070,29083.0
chr10,96364134,96364148,29005.0
chr10,96374278,96374336,18817.0
chr10,96374456,96374478,18675.0
chr10,96374590,96374604,18549.0
chr10,96398565,96398618,5394.0
chr10,96400765,96400787,7594.0
chr10,96407881,96407897,1642.0
chr10,96407908,96407927,1612.0
chr10,96408001,96408017,1522.0
chr10,96467082,96467097,57525.0
chr10,96481303,96481325,71746.0
chr10,96481377,96481391,71820.0
chr10,96481422,96481445,71865.0
chr10,96497821,96497849,88264.0
chr10,96565208,96565278,44264.0
chr10,96565517,96565532,44010.0
chr10,96565534,96565556,43986.0
chr10,96570360,96570379,39163.0
chr10,96579868,96579888,29654.0
chr10,96586526,96586557,22985.0
chr10,96588409,96588425,21117.0
chr10,96589972,96590000,19542.0
chr10,96599608,96599650,9892.0
chr10,96599647,96599670,9872.0
chr10,96599681,96599697,9845.0
chr10,96599855,96599887,9655.0
chr10,96616784,96616804,7224.0
chr10,96686029,96686048,8018.0
chr10,96698316,96698339,4232.0
chr10,96725235,96725251,31151.0
chr10,97160895,97160911,184949.0
chr10,97312608,97312627,33233.0
chr10,97312939,97312958,32902.0
chr10,97313263,97313285,32575.0
chr10,97313327,97313341,32519.0
chr10,97313400,97313415,32445.0
chr10,97313619,97313633,32227.0
chr10,97333895,97333948,11912.0
chr10,98684278,98684294,101295.0
chr10,98684340,98684371,101218.0
chr10,98684624,98684646,100943.0
chr10,98745768,98745782,39807.0
chr10,98745850,98745900,39689.0
chr10,98745942,98745968,39621.0
chr10,98745988,98746007,39582.0
chr10,98776376,98776400,9189.0
chr10,98782121,98782150,3439.0
chr10,98799236,98799270,10728.0
chr10,98875702,98875889,10019.0
chr10,98877649,98877677,8231.0
chr10,98877767,98877786,8122.0
chr10,98877833,98877876,8032.0
chr10,98914946,98914967,29020.0
chr10,99116865,99116895,11021.0
chr10,99117090,99117128,10788.0
chr10,99204810,99204841,37240.0
chr10,99339673,99339699,97574.0
chr10,99385933,99385957,143834.0
chr10,99386162,99386176,144063.0
chr10,99386299,99386325,144200.0
chr10,99393535,99393557,151436.0
chr10,99416823,99416837,174724.0
chr10,99416867,99416881,174768.0
chr10,99416938,99416960,174839.0
chr10,99417052,99417085,174953.0
chr10,99460343,99460376,218244.0
chr10,99460870,99460889,218771.0
chr10,99592489,99592503,350390.0
chr10,99599896,99599918,357797.0
chr10,100298952,100298967,386111.0
chr10,100579955,100579986,105092.0
chr10,100589362,100589384,95694.0
chr10,100651472,100651494,33584.0
chr10,104242469,104242506,1150648.0
chr10,105238565,105238579,154575.0
chr10,107932661,107932680,2539489.0
chr10,108129418,108129444,2360281.0
chr10,108161440,108161459,2328266.0
chr10,108161468,108161494,2328231.0
chr10,108352585,108352623,2137102.0
chr10,108352632,108352659,2137066.0
chr10,110891071,110891090,117151.0
chr10,110932144,110932180,76061.0
chr10,111108863,111108879,100604.0
chr10,111165753,111165775,157494.0
chr10,111214709,111214732,206450.0
chr10,111226807,111226829,218548.0
chr10,111234810,111234851,226551.0
chr10,111422227,111422246,413968.0
chr10,111516188,111516203,507929.0
chr10,111578556,111578572,570297.0
chr10,111924472,111924516,916213.0
chr10,111997322,111997357,863855.0
chr10,111997498,111997512,863700.0
chr10,115314709,115314740,950777.0
chr10,115314769,115314788,950837.0
chr10,115363287,115363321,999355.0
chr10,115384217,115384232,1020285.0
chr10,115385281,115385296,1021349.0
chr10,116198985,116199034,278280.0
chr10,116396456,116396489,80825.0
chr10,116564882,116564896,87550.0
chr10,116565017,116565036,87685.0
chr10,116565315,116565363,87983.0
chr10,116565548,116565581,88216.0
chr10,116581930,116581947,104598.0
chr10,116582460,116582475,105128.0
chr10,116582917,116582933,105585.0
chr10,116582953,116582984,105621.0
chr10,116656297,116656313,178965.0
chr10,116656337,116656357,179005.0
chr10,116883622,116883694,65473.0
chr10,116913974,116913996,35171.0
chr10,116914006,116914037,35130.0
chr10,116914202,116914231,34936.0
chr10,116914237,116914265,34902.0
chr10,117104260,117104287,155075.0
chr10,117104465,117104487,155280.0
chr10,117112455,117112492,163270.0
chr10,117112617,117112641,163432.0
chr10,117118412,117118431,169227.0
chr10,117118463,117118477,169278.0
chr10,117215796,117215818,266611.0
chr10,117493979,117494008,131803.0
chr10,117530853,117530867,94944.0
chr10,117710961,117710988,57223.0
chr10,117793093,117793123,11016.0
chr10,117845281,117845295,41124.0
chr10,117865001,117865035,60844.0
chr10,117865116,117865142,60959.0
chr10,117894696,117894711,58188.0
chr10,117894922,117894957,57942.0
chr10,117894954,117894970,57929.0
chr10,117909886,117909901,42998.0
chr10,117910137,117910160,42739.0
chr10,117916619,117916649,36250.0
chr10,117918589,117918603,34296.0
chr10,117925956,117925980,26919.0
chr10,117925988,117926023,26876.0
chr10,117940401,117940434,12465.0
chr10,117940507,117940574,12325.0
chr10,117940766,117940800,12099.0
chr10,117948005,117948027,4872.0
chr10,117948041,117948077,4822.0
chr10,117948366,117948388,4511.0
chr10,117948392,117948414,4485.0
chr10,117948507,117948523,4376.0
chr10,117959583,117959664,6665.0
chr10,117982558,117982574,29640.0
chr10,118041353,118041401,88435.0
chr10,118089789,118089805,51661.0
chr10,118172594,118172608,31110.0
chr10,118195395,118195417,53911.0
chr10,118418574,118418588,11666.0
chr10,118460342,118460357,53434.0
chr10,118460399,118460413,53491.0
chr10,118461547,118461587,54639.0
chr10,118461600,118461630,54692.0
chr10,118461757,118461778,54849.0
chr10,118477402,118477440,70494.0
chr10,118506409,118506428,99501.0
chr10,118633680,118633699,226772.0
chr10,118766454,118766470,359546.0
chr10,118811134,118811157,404226.0
chr10,118882483,118882513,475575.0
chr10,118882594,118882613,475686.0
chr10,118882856,118882888,475948.0
chr10,119011325,119011356,604417.0
chr10,119050669,119050703,643761.0
chr10,119294757,119294803,887849.0
chr10,119294998,119295041,888090.0
chr10,120125104,120125119,1408771.0
chr10,120125117,120125160,1408730.0
chr10,120191535,120191551,1342339.0
chr10,120193465,120193490,1340400.0
chr10,120201973,120202006,1331884.0
chr10,120271083,120271117,1262773.0
chr10,120617002,120617021,916869.0
chr10,120895992,120896014,637876.0
chr10,120896275,120896297,637593.0
chr10,120979088,120979106,554784.0
chr10,120979144,120979176,554714.0
chr10,121033753,121033777,500113.0
chr10,121033841,121033863,500027.0
chr10,121263576,121263592,270298.0
chr10,121263840,121263859,270031.0
chr10,121264201,121264220,269670.0
chr10,121297622,121297644,236246.0
chr10,121316604,121316618,217272.0
chr10,121429845,121429861,104029.0
chr10,121430014,121430056,103834.0
chr10,121464468,121464494,69396.0
chr10,121474010,121474034,59856.0
chr10,121516529,121516572,17318.0
chr10,122200090,122200112,558297.0
chr10,122578463,122578502,179907.0
chr10,122652340,122652360,106049.0
chr10,122739007,122739027,19382.0
chr10,122739293,122739335,19074.0
chr10,122794435,122794449,35701.0
chr10,122794986,122795006,36252.0
chr10,122807146,122807176,48412.0
chr10,122807249,122807284,48515.0
chr10,122985357,122985389,226623.0
chr10,122985692,122985714,226958.0
chr10,123005337,123005378,246603.0
chr10,123196204,123196233,437470.0
chr10,125717108,125717122,1925221.0
chr10,125717190,125717210,1925133.0
chr10,125717344,125717365,1924978.0
chr10,126905604,126905639,736704.0
chr10,127031010,127031026,611317.0
chr10,127107694,127107708,534635.0
chr10,127108037,127108069,534274.0
chr10,127135562,127135581,506762.0
chr10,127136526,127136548,505795.0
chr10,127136709,127136735,505608.0
chr10,127150475,127150508,491835.0
chr10,127150692,127150708,491635.0
chr10,127177180,127177267,465076.0
chr10,127225756,127225778,416565.0
chr10,127266173,127266188,376155.0
chr10,127311998,127312014,330329.0
chr10,127351016,127351037,291306.0
chr10,127668684,127668715,26322.0
chr10,127668751,127668767,26389.0
chr10,127668788,127668810,26426.0
chr10,127674741,127674760,32379.0
chr10,127739285,127739301,96923.0
chr10,127745061,127745098,102699.0
chr10,127937568,127937597,143257.0
chr10,127937658,127937701,143153.0
chr10,128058662,128058681,22173.0
chr10,128097887,128097915,17015.0
chr10,128097918,128097944,17046.0
chr10,128135463,128135478,54591.0
chr10,128135602,128135621,54730.0
chr10,128176707,128176741,35287.0
chr10,128232663,128232690,20616.0
chr10,128270997,128271013,58950.0
chr10,128284255,128284316,72208.0
chr10,128322105,128322121,110058.0
chr10,128322139,128322187,110092.0
chr10,128424920,128424934,30398.0
chr10,128439232,128439264,16068.0
chr10,128499017,128499073,43666.0
chr10,128504993,128505013,49642.0
chr10,128505030,128505052,49679.0
chr10,128636900,128636936,181549.0
chr10,128637343,128637365,181992.0
chr10,128637378,128637400,182027.0
chr10,128637459,128637478,182108.0
chr10,128637500,128637534,182149.0
chr10,128674890,128674938,219539.0
chr10,128746344,128746371,290993.0
chr10,128821332,128821351,365981.0
chr10,128822084,128822106,366733.0
chr10,129035677,129035706,580326.0
chr10,129969770,129969786,1514419.0
chr10,129969995,129970014,1514644.0
chr10,129970041,129970064,1514690.0
chr10,129978645,129978661,1523294.0
chr10,129978870,129978889,1523519.0
chr10,129978916,129978939,1523565.0
chr10,130313584,130313606,1858233.0
chr10,130313638,130313657,1858287.0
chr10,130313943,130313957,1858592.0
chr10,130322973,130322992,1867622.0
chr10,130336753,130336773,1881402.0
chr11,3227201,3227249,117845.0
chr11,3289796,3289810,55284.0
chr11,3313379,3313399,31695.0
chr11,3332613,3332632,12462.0
chr11,3335827,3335858,9236.0
chr11,3387013,3387032,41901.0
chr11,3963501,3963550,283246.0
chr11,4203491,4203505,43291.0
chr11,4203633,4203655,43141.0
chr11,4289178,4289215,42364.0
chr11,4289427,4289449,42613.0
chr11,4289531,4289550,42717.0
chr11,4319801,4319823,15341.0
chr11,4319846,4319868,15296.0
chr11,4336260,4336287,1078.0
chr11,4423874,4423898,88692.0
chr11,4424127,4424172,88945.0
chr11,4424184,4424203,89002.0
chr11,4497455,4497483,162273.0
chr11,4536775,4536805,201593.0
chr11,4594753,4594775,219225.0
chr11,4595014,4595030,218970.0
chr11,4629274,4629307,184693.0
chr11,4629504,4629532,184468.0
chr11,4638069,4638085,175915.0
chr11,4803929,4803945,10055.0
chr11,4804112,4804132,9868.0
chr11,4805096,4805118,8882.0
chr11,4805220,4805234,8766.0
chr11,4987078,4987098,117637.0
chr11,5058732,5058771,157250.0
chr11,5061999,5062018,154003.0
chr11,5411696,5411711,79685.0
chr11,5424108,5424135,92097.0
chr11,5424211,5424230,92200.0
chr11,5424300,5424322,92289.0
chr11,5430032,5430054,98021.0
chr11,5430076,5430104,98065.0
chr11,5443099,5443117,111088.0
chr11,5485564,5485635,153553.0
chr11,5541428,5541456,209417.0
chr11,5575521,5575602,243510.0
chr11,5636198,5636217,304187.0
chr11,5636219,5636233,304208.0
chr11,5788250,5788264,212691.0
chr11,6006780,6006802,5807.0
chr11,6006823,6006884,5850.0
chr11,6152999,6153021,152026.0
chr11,6153060,6153088,152087.0
chr11,6184481,6184503,183508.0
chr11,6200542,6200556,199569.0
chr11,6267761,6267777,266788.0
chr11,6366134,6366148,193124.0
chr11,6410526,6410561,148711.0
chr11,6444801,6444830,114442.0
chr11,6547356,6547370,11902.0
chr11,6567931,6567959,8641.0
chr11,6694982,6695034,14984.0
chr11,6695132,6695146,15134.0
chr11,6695209,6695231,15211.0
chr11,6701407,6701442,21409.0
chr11,6705193,6705223,25195.0
chr11,6705251,6705265,25253.0
chr11,7145206,7145228,465208.0
chr11,7145687,7145709,465689.0
chr11,7161682,7161696,481684.0
chr11,9010775,9010803,2330777.0
chr11,9048299,9048353,2368301.0
chr11,9749113,9749128,1820702.0
chr11,9749234,9749270,1820560.0
chr11,9749324,9749339,1820491.0
chr11,11500085,11500099,69731.0
chr11,11512351,11512370,57460.0
chr11,11519361,11519377,50453.0
chr11,11521796,11521822,48008.0
chr11,11528783,11528802,41028.0
chr11,11528994,11529010,40820.0
chr11,11529066,11529088,40742.0
chr11,11529219,11529233,40597.0
chr11,11690718,11690758,120869.0
chr11,11703825,11703839,132960.0
chr11,11716617,11716636,120163.0
chr11,11719992,11720024,116775.0
chr11,11726128,11726143,110656.0
chr11,11726784,11726802,109997.0
chr11,11741537,11741579,95220.0
chr11,11741710,11741726,95073.0
chr11,11766208,11766222,70577.0
chr11,11766451,11766513,70286.0
chr11,11788352,11788395,48404.0
chr11,11808799,11808832,27967.0
chr11,14191143,14191162,1899510.0
chr11,15180519,15180533,2888886.0
chr11,15180538,15180557,2888905.0
chr11,15180566,15180588,2888933.0
chr11,16455084,16455098,3860863.0
chr11,16455167,16455192,3860769.0
chr11,16455320,16455341,3860620.0
chr11,17160296,17160368,3155593.0
chr11,17192455,17192474,3123487.0
chr11,17211183,17211255,3104706.0
chr11,17257808,17257830,3058131.0
chr11,17953176,17953192,2362769.0
chr11,17953370,17953413,2362548.0
chr11,18196076,18196090,2119871.0
chr11,18527391,18527519,1788442.0
chr11,18527590,18527609,1788352.0
chr11,19924323,19924342,391619.0
chr11,19979152,19979174,336787.0
chr11,19992979,19993005,322956.0
chr11,20112342,20112364,203597.0
chr11,20143832,20143852,172109.0
chr11,20212006,20212038,103923.0
chr11,20248392,20248429,67532.0
chr11,20248661,20248683,67278.0
chr11,20248766,20248809,67152.0
chr11,20282669,20282709,33252.0
chr11,20455223,20455239,139016.0
chr11,20455430,20455445,139223.0
chr11,20553504,20553520,237297.0
chr11,20616054,20616073,299847.0
chr11,20632656,20632670,316449.0
chr11,20639175,20639189,322968.0
chr11,20639201,20639235,322994.0
chr11,20661772,20661801,345565.0
chr11,20712106,20712138,395899.0
chr11,20712609,20712657,396402.0
chr11,20742831,20742847,426624.0
chr11,21091389,21091404,128078.0
chr11,21101392,21101423,118059.0
chr11,21101539,21101570,117912.0
chr11,21103183,21103227,116255.0
chr11,21103376,21103398,116084.0
chr11,21115469,21115485,103997.0
chr11,21115560,21115576,103906.0
chr11,21134918,21134934,84548.0
chr11,21139915,21139952,79530.0
chr11,21140001,21140015,79467.0
chr11,21141841,21141867,77615.0
chr11,21141891,21141907,77575.0
chr11,21141984,21141998,77484.0
chr11,21166843,21166865,52617.0
chr11,21166929,21166952,52530.0
chr11,21167060,21167082,52400.0
chr11,21172698,21172714,46768.0
chr11,21180624,21180646,38836.0
chr11,21181123,21181150,38332.0
chr11,21223180,21223197,3679.0
chr11,21224278,21224304,4777.0
chr11,21253513,21253532,34012.0
chr11,21253603,21253635,34102.0
chr11,21253714,21253740,34213.0
chr11,21303797,21303813,84296.0
chr11,21303976,21303992,84475.0
chr11,21339732,21339766,120231.0
chr11,22842228,22842255,130716.0
chr11,22845092,22845131,127840.0
chr11,22845144,22845168,127803.0
chr11,22845420,22845439,127532.0
chr11,22871979,22871998,100973.0
chr11,22882941,22882960,90011.0
chr11,22903217,22903233,69738.0
chr11,22981910,22981924,8921.0
chr11,22982455,22982477,9466.0
chr11,23769699,23769721,94281.0
chr11,23769763,23769777,94345.0
chr11,23771949,23771964,96531.0
chr11,25373900,25373937,286644.0
chr11,26387575,26387589,726976.0
chr11,28947103,28947145,192338.0
chr11,28947246,28947260,192223.0
chr11,29129963,29129993,9490.0
chr11,29694114,29694129,132804.0
chr11,30182465,30182497,594175.0
chr11,30182610,30182629,594043.0
chr11,30190327,30190356,586316.0
chr11,30986560,30986579,209870.0
chr11,30986676,30986690,209986.0
chr11,31892269,31892291,233845.0
chr11,31892293,31892315,233821.0
chr11,31892407,31892429,233707.0
chr11,31949099,31949129,177007.0
chr11,32000152,32000190,125946.0
chr11,32000598,32000620,125516.0
chr11,32011742,32011766,114370.0
chr11,32019905,32019925,106211.0
chr11,32020391,32020407,105729.0
chr11,32039267,32039296,86840.0
chr11,32104750,32104764,21372.0
chr11,32105976,32106029,20107.0
chr11,32216966,32217007,9191.0
chr11,32325065,32325131,98849.0
chr11,32325221,32325235,99005.0
chr11,32543391,32543452,317175.0
chr11,32554866,32554889,328650.0
chr11,32554897,32554923,328681.0
chr11,32580922,32580944,354706.0
chr11,32580965,32580991,354749.0
chr11,32583075,32583089,356859.0
chr11,32588468,32588484,362252.0
chr11,32642298,32642320,416082.0
chr11,32768856,32768878,542640.0
chr11,32801744,32801758,575528.0
chr11,33199692,33199743,973476.0
chr11,33199855,33199889,973639.0
chr11,33199959,33199973,973743.0
chr11,33447135,33447159,1220919.0
chr11,33447553,33447575,1221337.0
chr11,33447641,33447727,1221425.0
chr11,34047074,34047094,716591.0
chr11,34506661,34506680,257005.0
chr11,34737256,34737278,26407.0
chr11,34737333,34737353,26332.0
chr11,34762361,34762375,1310.0
chr11,34762385,34762415,1270.0
chr11,34762421,34762447,1238.0
chr11,34762493,34762509,1176.0
chr11,34762617,34762684,1001.0
chr11,34770798,34770840,7095.0
chr11,35834559,35834581,211270.0
chr11,35834706,35834757,211094.0
chr11,37757667,37757682,431169.0
chr11,40692427,40692443,1223173.0
chr11,40694299,40694315,1221301.0
chr11,40694479,40694508,1221108.0
chr11,41090340,41090362,825254.0
chr11,41090386,41090405,825211.0
chr11,42909705,42909731,121391.0
chr11,42909788,42909810,121474.0
chr11,42909888,42909902,121574.0
chr11,43426347,43426415,50334.0
chr11,43433663,43433682,57650.0
chr11,44501530,44501549,6028.0
chr11,44501591,44501607,6089.0
chr11,44520373,44520395,24871.0
chr11,44526935,44526951,31433.0
chr11,44527077,44527093,31575.0
chr11,44543970,44543998,48468.0
chr11,44544070,44544102,48568.0
chr11,45555264,45555280,317000.0
chr11,45679031,45679055,193225.0
chr11,45794969,45795003,77277.0
chr11,45852782,45852798,19482.0
chr11,45875618,45875641,3320.0
chr11,45875671,45875690,3373.0
chr11,45875720,45875787,3422.0
chr11,45926652,45926676,54354.0
chr11,46076125,46076141,176001.0
chr11,46086643,46086659,165483.0
chr11,46090265,46090287,161855.0
chr11,46343828,46343844,91668.0
chr11,46343885,46343907,91725.0
chr11,46344093,46344115,91933.0
chr11,46344487,46344506,92327.0
chr11,46344513,46344541,92353.0
chr11,46372314,46372352,120154.0
chr11,46372552,46372568,120392.0
chr11,46372640,46372673,120480.0
chr11,46373119,46373144,120959.0
chr11,46373432,46373460,121272.0
chr11,46380287,46380306,128127.0
chr11,46389197,46389260,137037.0
chr11,46389313,46389329,137153.0
chr11,46421299,46421313,161063.0
chr11,46431483,46431511,150865.0
chr11,46448088,46448155,134221.0
chr11,46448211,46448230,134146.0
chr11,46448372,46448396,133980.0
chr11,46467211,46467233,115143.0
chr11,46474212,46474228,108148.0
chr11,46474350,46474369,108007.0
chr11,46474503,46474532,107844.0
chr11,46668229,46668248,85835.0
chr11,48787683,48787715,416931.0
chr11,48799920,48799940,404706.0
chr11,48817425,48817441,387205.0
chr11,48818321,48818367,386279.0
chr11,48833840,48833868,370778.0
chr11,48834098,48834130,370516.0
chr11,48834144,48834170,370476.0
chr11,48834383,48834410,370236.0
chr11,48856354,48856376,348270.0
chr11,48856714,48856733,347913.0
chr11,48856752,48856780,347866.0
chr11,48856799,48856813,347833.0
chr11,48917943,48917971,286675.0
chr11,48918169,48918191,286455.0
chr11,49072178,49072200,132446.0
chr11,49072404,49072418,132228.0
chr11,49085183,49085230,119416.0
chr11,49090838,49090854,113792.0
chr11,49093713,49093755,110891.0
chr11,49202784,49202803,1843.0
chr11,49203303,49203325,1321.0
chr11,49249962,49249981,45297.0
chr11,49250077,49250099,45412.0
chr11,49712994,49713016,269932.0
chr11,49770926,49770946,212002.0
chr11,49771523,49771542,211406.0
chr11,49811258,49811272,171676.0
chr11,50174558,50174649,191592.0
chr11,50175094,50175134,192128.0
chr11,50378633,50378653,1141.0
chr11,50415726,50415741,38234.0
chr11,50415751,50415777,38259.0
chr11,50835785,50835813,458293.0
chr11,50835920,50835960,458428.0
chr11,51753756,51753772,254647.0
chr11,51763482,51763535,244884.0
chr11,51763906,51763936,244483.0
chr11,51856578,51856602,151817.0
chr11,51858500,51858522,149897.0
chr11,52011075,52011091,2638.0
chr11,52036021,52036035,27584.0
chr11,52223000,52223020,156877.0
chr11,52264658,52264674,198535.0
chr11,52268512,52268532,202389.0
chr11,52274135,52274216,208012.0
chr11,52299819,52299833,222850.0
chr11,52313971,52313993,208690.0
chr11,52314331,52314345,208338.0
chr11,52341276,52341292,181391.0
chr11,52341287,52341320,181363.0
chr11,52396230,52396269,126414.0
chr11,53318007,53318027,138675.0
chr11,53318038,53318064,138706.0
chr11,53318066,53318085,138734.0
chr11,53330286,53330329,150954.0
chr11,53330370,53330392,151038.0
chr11,53330408,53330436,151076.0
chr11,53590541,53590573,26756.0
chr11,53737819,53737848,120472.0
chr11,53737882,53737951,120535.0
chr11,53764203,53764231,146856.0
chr11,53811445,53811494,194098.0
chr11,53811591,53811615,194244.0
chr11,53859204,53859218,241857.0
chr11,53859227,53859255,241880.0
chr11,54437229,54437250,63189.0
chr11,54492001,54492017,8422.0
chr11,54492218,54492233,8206.0
chr11,54492477,54492508,7931.0
chr11,54492612,54492631,7808.0
chr11,54533847,54533869,10998.0
chr11,54535027,54535049,12178.0
chr11,54567858,54567873,45009.0
chr11,54567935,54567955,45086.0
chr11,54595353,54595369,72504.0
chr11,54764040,54764072,177821.0
chr11,54774339,54774385,167508.0
chr11,54774935,54774950,166943.0
chr11,54844414,54844445,97448.0
chr11,54860727,54860741,81152.0
chr11,54860976,54861005,80888.0
chr11,54936769,54936785,5108.0
chr11,54956405,54956421,14494.0
chr11,54958665,54958693,16754.0
chr11,54973613,54973635,31702.0
chr11,54973778,54973800,31867.0
chr11,54973842,54973888,31931.0
chr11,54998778,54998802,56867.0
chr11,55072738,55072752,130827.0
chr11,55072900,55072914,130989.0
chr11,55120870,55120890,178959.0
chr11,55121257,55121276,179346.0
chr11,55131996,55132012,190085.0
chr11,55132239,55132275,190328.0
chr11,55132541,55132576,190630.0
chr11,55132629,55132645,190718.0
chr11,55136662,55136684,194751.0
chr11,55159058,55159072,217147.0
chr11,55159133,55159147,217222.0
chr11,57445593,57445607,694224.0
chr11,57669714,57669736,470095.0
chr11,57686022,57686075,453756.0
chr11,57686106,57686145,453686.0
chr11,57686351,57686386,453445.0
chr11,57951228,57951249,188582.0
chr11,58096559,58096573,43258.0
chr11,58168750,58168778,28901.0
chr11,58179937,58179984,40088.0
chr11,58181797,58181811,41948.0
chr11,58181838,58181864,41989.0
chr11,58181877,58181917,42028.0
chr11,58209357,58209379,69508.0
chr11,58301832,58301854,161983.0
chr11,58302150,58302174,162301.0
chr11,58330519,58330538,190670.0
chr11,58519823,58519846,379974.0
chr11,58520103,58520119,380254.0
chr11,58715448,58715470,575599.0
chr11,58715604,58715628,575755.0
chr11,58847128,58847147,707279.0
chr11,58904379,58904414,764530.0
chr11,58904700,58904728,764851.0
chr11,58904800,58904819,764951.0
chr11,58914838,58914875,774989.0
chr11,58927885,58927930,788036.0
chr11,58954590,58954612,814741.0
chr11,58954694,58954726,814845.0
chr11,58978032,58978047,838183.0
chr11,59163897,59163913,921071.0
chr11,59628569,59628682,456302.0
chr11,59809595,59809617,275367.0
chr11,59839986,59840012,244972.0
chr11,60199875,60199897,114873.0
chr11,60219819,60219841,134817.0
chr11,60330871,60330885,245869.0
chr11,60334373,60334392,249371.0
chr11,60334486,60334515,249484.0
chr11,60334638,60334668,249636.0
chr11,60334673,60334692,249671.0
chr11,60417278,60417298,332276.0
chr11,61580086,61580105,348256.0
chr11,61638770,61638814,406940.0
chr11,61647373,61647414,415543.0
chr11,61647532,61647556,415702.0
chr11,61653019,61653038,421189.0
chr11,61653247,61653274,421417.0
chr11,61660993,61661016,429163.0
chr11,61661039,61661055,429209.0
chr11,62218289,62218347,248700.0
chr11,62218434,62218452,248595.0
chr11,62495138,62495157,7648.0
chr11,62544380,62544414,56890.0
chr11,62550802,62550834,63312.0
chr11,62551326,62551345,63836.0
chr11,62574546,62574585,87056.0
chr11,62613954,62613976,126464.0
chr11,62677122,62677156,189632.0
chr11,63908530,63908545,1421040.0
chr11,63920789,63920804,1433299.0
chr11,63989611,63989627,1502121.0
chr11,63989633,63989647,1502143.0
chr11,64079288,64079302,1591798.0
chr11,64899052,64899070,1273000.0
chr11,65794789,65794805,377265.0
chr11,66332925,66332947,160837.0
chr11,66397416,66397432,225328.0
chr11,67024692,67024780,27041.0
chr11,67024887,67024903,26918.0
chr11,67112861,67112889,61021.0
chr11,68135576,68135595,295109.0
chr11,68199156,68199181,231523.0
chr11,68279653,68279675,151029.0
chr11,68451187,68451203,20465.0
chr11,68451520,68451567,20798.0
chr11,68453628,68453678,22906.0
chr11,68485345,68485361,54623.0
chr11,68499151,68499173,68429.0
chr11,68901580,68901599,470858.0
chr11,68965825,68965840,466375.0
chr11,68965890,68965970,466245.0
chr11,68967912,68967949,464266.0
chr11,69016172,69016220,415995.0
chr11,69016372,69016394,415821.0
chr11,69037743,69037762,394453.0
chr11,69062908,69062928,369287.0
chr11,69124133,69124155,308060.0
chr11,69257954,69257968,174247.0
chr11,69257997,69258082,174133.0
chr11,69258393,69258412,173803.0
chr11,69266560,69266582,165633.0
chr11,69267373,69267434,164781.0
chr11,69366689,69366705,65510.0
chr11,69411086,69411112,21103.0
chr11,69579533,69579547,102745.0
chr11,69581352,69581374,100918.0
chr11,69613902,69613922,68370.0
chr11,69629905,69629954,52338.0
chr11,69632694,69632710,49582.0
chr11,69662267,69662281,20011.0
chr11,69662813,69662835,19457.0
chr11,69662984,69663003,19289.0
chr11,69754713,69754763,72403.0
chr11,69754792,69754865,72482.0
chr11,69758454,69758474,76144.0
chr11,69758517,69758533,76207.0
chr11,69991212,69991236,308902.0
chr11,69991409,69991424,309099.0
chr11,70309392,70309411,196941.0
chr11,70525034,70525054,18664.0
chr11,70525213,70525230,18843.0
chr11,70563774,70563800,57404.0
chr11,70629791,70629828,123421.0
chr11,70629907,70629921,123537.0
chr11,70647580,70647613,141210.0
chr11,70654926,70654963,148556.0
chr11,70669868,70669890,163498.0
chr11,71203235,71203277,696865.0
chr11,71203359,71203403,696989.0
chr11,72041751,72041802,140607.0
chr11,72427128,72427202,244701.0
chr11,72429002,72429024,246575.0
chr11,72429272,72429306,246845.0
chr11,72795964,72796007,403714.0
chr11,74443339,74443384,358587.0
chr11,74960225,74960241,121398.0
chr11,75279645,75279690,43522.0
chr11,75282816,75282839,40373.0
chr11,75336999,75337025,1418.0
chr11,75348744,75348758,10283.0
chr11,75486580,75486595,148119.0
chr11,75539169,75539185,200708.0
chr11,75587815,75587836,249354.0
chr11,75679007,75679022,340546.0
chr11,75976901,75976923,61277.0
chr11,75983467,75983486,54714.0
chr11,75984885,75984899,53301.0
chr11,75999869,75999888,38312.0
chr11,76170929,76170971,132710.0
chr11,76296425,76296455,110281.0
chr11,76494450,76494465,87696.0
chr11,76734834,76734848,317129.0
chr11,76734944,76734970,317007.0
chr11,77216689,77216737,164694.0
chr11,77349169,77349191,297174.0
chr11,77349332,77349348,297337.0
chr11,77371649,77371663,319654.0
chr11,77372441,77372457,320446.0
chr11,77386171,77386193,334176.0
chr11,77386403,77386419,334408.0
chr11,77386632,77386657,334637.0
chr11,77386706,77386720,334711.0
chr11,77483904,77483922,431909.0
chr11,77484186,77484200,432191.0
chr11,77491137,77491153,439142.0
chr11,77519251,77519273,467256.0
chr11,77685570,77685594,489583.0
chr11,77685724,77685744,489433.0
chr11,77793067,77793083,382094.0
chr11,77984743,77984757,190420.0
chr11,78060708,78060736,114441.0
chr11,78169094,78169109,6068.0
chr11,78176319,78176338,1124.0
chr11,78246027,78246049,70832.0
chr11,78261869,78261891,86674.0
chr11,78453763,78453801,55592.0
chr11,78453974,78454001,55392.0
chr11,78454005,78454035,55358.0
chr11,78600143,78600180,90732.0
chr11,78600264,78600286,90853.0
chr11,78664877,78664897,155466.0
chr11,78679013,78679039,169602.0
chr11,78679300,78679343,169889.0
chr11,78679469,78679499,170058.0
chr11,78697687,78697701,188276.0
chr11,78697715,78697735,188304.0
chr11,78697740,78697792,188329.0
chr11,78766842,78766879,243732.0
chr11,78823138,78823199,187412.0
chr11,79218097,79218147,64496.0
chr11,79296327,79296349,13666.0
chr11,79296435,79296517,13774.0
chr11,79296532,79296561,13871.0
chr11,79366296,79366310,32022.0
chr11,79366360,79366379,31953.0
chr11,79461059,79461085,62708.0
chr11,79461107,79461135,62756.0
chr11,79461243,79461265,62892.0
chr11,79520172,79520194,121117.0
chr11,79530508,79530530,110781.0
chr11,79530721,79530736,110575.0
chr11,79614986,79615005,26306.0
chr11,79615118,79615140,26171.0
chr11,79623386,79623438,17873.0
chr11,79658457,79658483,17128.0
chr11,79704734,79704791,63405.0
chr11,80043140,80043203,80486.0
chr11,80067787,80067809,105133.0
chr11,80072370,80072396,109716.0
chr11,80075781,80075816,113127.0
chr11,80086741,80086785,124087.0
chr11,80087046,80087068,124392.0
chr11,80089167,80089192,126513.0
chr11,80208832,80208846,246178.0
chr11,80378182,80378202,146842.0
chr11,80382975,80383046,141998.0
chr11,80383052,80383072,141972.0
chr11,80383320,80383334,141710.0
chr11,80383373,80383414,141630.0
chr11,80504455,80504474,20570.0
chr11,80504598,80504637,20407.0
chr11,80508483,80508503,16541.0
chr11,82183438,82183477,769139.0
chr11,82870112,82870134,82482.0
chr11,82886792,82886814,65802.0
chr11,82947707,82947727,4889.0
chr11,83040246,83040274,87612.0
chr11,83040417,83040439,87783.0
chr11,83224231,83224247,271597.0
chr11,83224252,83224271,271618.0
chr11,83224531,83224561,271897.0
chr11,83271744,83271763,319110.0
chr11,83271779,83271801,319145.0
chr11,83272580,83272594,319946.0
chr11,83272594,83272609,319960.0
chr11,83802107,83802138,849473.0
chr11,83802151,83802170,849517.0
chr11,83802175,83802230,849541.0
chr11,83802233,83802261,849599.0
chr11,84243875,84243894,564778.0
chr11,85324179,85324207,515489.0
chr11,85324245,85324275,515555.0
chr11,85545774,85545796,737084.0
chr11,85574881,85574907,766191.0
chr11,86201644,86201663,1392954.0
chr11,86257671,86257690,1448981.0
chr11,86464209,86464255,1473673.0
chr11,86464491,86464510,1473418.0
chr11,86464544,86464559,1473369.0
chr11,86484753,86484768,1453160.0
chr11,86589999,86590027,1347901.0
chr11,86590150,86590191,1347737.0
chr11,86590307,86590334,1347594.0
chr11,86596054,86596134,1341794.0
chr11,86621257,86621271,1316657.0
chr11,86624310,86624330,1313598.0
chr11,86624609,86624628,1313300.0
chr11,86652618,86652640,1285288.0
chr11,86746262,86746276,1191652.0
chr11,86746346,86746374,1191554.0
chr11,86814982,86815033,1122895.0
chr11,86815041,86815075,1122853.0
chr11,86815132,86815155,1122773.0
chr11,86815159,86815196,1122732.0
chr11,86827587,86827601,1110327.0
chr11,86827784,86827800,1110128.0
chr11,86828714,86828736,1109192.0
chr11,86828861,86828896,1109032.0
chr11,87086967,87086989,850939.0
chr11,87214235,87214257,723671.0
chr11,87393918,87393937,543991.0
chr11,87394014,87394036,543892.0
chr11,87404690,87404718,533210.0
chr11,87423028,87423042,514886.0
chr11,87423658,87423699,514229.0
chr11,87426320,87426380,511548.0
chr11,87426488,87426504,511424.0
chr11,87426899,87426928,511000.0
chr11,87427087,87427120,510808.0
chr11,87443627,87443649,494279.0
chr11,87448845,87448862,489066.0
chr11,87448872,87448892,489036.0
chr11,87448991,87449009,488919.0
chr11,87449094,87449113,488815.0
chr11,87449237,87449253,488675.0
chr11,87462631,87462653,475275.0
chr11,87462712,87462752,475176.0
chr11,87471660,87471674,466254.0
chr11,87471687,87471702,466226.0
chr11,87591701,87591715,346213.0
chr11,87684372,87684394,253534.0
chr11,87720433,87720452,217476.0
chr11,87720644,87720666,217262.0
chr11,87721239,87721270,216658.0
chr11,87721373,87721397,216531.0
chr11,87737144,87737183,200745.0
chr11,87751631,87751653,186275.0
chr11,87758935,87758958,178970.0
chr11,87759931,87759951,177977.0
chr11,87967904,87967928,29958.0
chr11,88068891,88068915,130945.0
chr11,88145469,88145483,207523.0
chr11,88194428,88194467,256482.0
chr11,88527064,88527098,37707.0
chr11,88553098,88553117,11688.0
chr11,88576946,88576970,12123.0
chr11,88595914,88595954,31091.0
chr11,88598986,88599005,34163.0
chr11,88599110,88599138,34287.0
chr11,88614835,88614857,50012.0
chr11,88619219,88619250,54396.0
chr11,88620173,88620187,55350.0
chr11,88620574,88620590,55751.0
chr11,88620675,88620708,55852.0
chr11,88620749,88620769,55926.0
chr11,88629237,88629265,64414.0
chr11,88629282,88629296,64459.0
chr11,88895825,88895861,331002.0
chr11,88895884,88895906,331061.0
chr11,88955205,88955235,390382.0
chr11,88955681,88955695,390858.0
chr11,88955700,88955717,390877.0
chr11,88999391,88999405,434568.0
chr11,89024054,89024070,459231.0
chr11,89024075,89024102,459252.0
chr11,89058760,89058782,493937.0
chr11,89061487,89061509,496664.0
chr11,90224869,90224885,17235.0
chr11,90225367,90225383,16737.0
chr11,90264231,90264253,7048.0
chr11,90512821,90512836,125135.0
chr11,90548795,90548822,89149.0
chr11,93886188,93886206,109243.0
chr11,93968433,93968460,26989.0
chr11,94086932,94086993,91464.0
chr11,94223216,94223244,227748.0
chr11,94223320,94223351,227852.0
chr11,94386579,94386593,332793.0
chr11,94528315,94528341,191045.0
chr11,94528355,94528381,191005.0
chr11,94697910,94697932,21454.0
chr11,94698027,94698049,21337.0
chr11,94698192,94698211,21175.0
chr11,94937155,94937169,217751.0
chr11,94979055,94979077,259651.0
chr11,95000849,95000896,281445.0
chr11,95356743,95356784,7517.0
chr11,95397812,95397834,33493.0
chr11,95413621,95413640,49302.0
chr11,95414263,95414287,49944.0
chr11,95688593,95688609,324274.0
chr11,95713956,95713978,349637.0
chr11,95714324,95714368,350005.0
chr11,96010552,96010609,494116.0
chr11,96034761,96034775,469950.0
chr11,96441884,96441900,62825.0
chr11,96442029,96442052,62673.0
chr11,96466942,96466971,37754.0
chr11,96468339,96468386,36339.0
chr11,96468398,96468412,36313.0
chr11,96788901,96788921,284158.0
chr11,96788984,96789016,284241.0
chr11,96876071,96876088,371328.0
chr11,96977990,96978004,473247.0
chr11,96979239,96979267,474496.0
chr11,96979274,96979323,474531.0
chr11,96988179,96988195,483436.0
chr11,97041493,97041516,536750.0
chr11,97140956,97140970,481479.0
chr11,97347896,97347912,274537.0
chr11,97347915,97347931,274518.0
chr11,97684388,97684403,34640.0
chr11,97728100,97728146,9038.0
chr11,97744524,97744546,25462.0
chr11,97793200,97793234,28796.0
chr11,97841062,97841098,19014.0
chr11,97884004,97884055,61956.0
chr11,97899908,97899924,77860.0
chr11,97996320,97996348,47941.0
chr11,98026833,98026849,17440.0
chr11,98026857,98026871,17418.0
chr11,98149589,98149619,105282.0
chr11,98469753,98469781,44127.0
chr11,98477720,98477734,36174.0
chr11,98487417,98487438,26470.0
chr11,98550090,98550112,36163.0
chr11,98550171,98550190,36244.0
chr11,98783276,98783292,269349.0
chr11,98788739,98788780,274812.0
chr11,98863292,98863322,260943.0
chr11,98863395,98863411,260854.0
chr11,98907593,98907607,216658.0
chr11,98942248,98942270,181995.0
chr11,98944387,98944418,179847.0
chr11,98945303,98945332,178933.0
chr11,99010220,99010248,114017.0
chr11,99136476,99136496,12192.0
chr11,99136534,99136550,12250.0
chr11,99155032,99155054,30748.0
chr11,99155521,99155537,31237.0
chr11,99170775,99170794,46491.0
chr11,99170976,99171018,46692.0
chr11,99199952,99199999,38701.0
chr11,99207465,99207480,31220.0
chr11,99255531,99255569,16813.0
chr11,99255620,99255652,16902.0
chr11,99311046,99311072,72328.0
chr11,99311240,99311254,72522.0
chr11,100399644,100399664,1160926.0
chr11,100472944,100472983,1234226.0
chr11,100473013,100473048,1234295.0
chr11,100574397,100574433,1335679.0
chr11,100609887,100609914,1371169.0
chr11,100610151,100610171,1371433.0
chr11,100760209,100760248,1521491.0
chr11,100804507,100804526,1565789.0
chr11,100804619,100804634,1565901.0
chr11,100804711,100804733,1565993.0
chr11,100822702,100822722,1583984.0
chr11,100823979,100824001,1585261.0
chr11,100824039,100824058,1585321.0
chr11,100831517,100831559,1592799.0
chr11,100831571,100831597,1592853.0
chr11,100841061,100841085,1602343.0
chr11,100846148,100846170,1607430.0
chr11,100846188,100846236,1607470.0
chr11,100846391,100846443,1607673.0
chr11,100860024,100860043,1621306.0
chr11,100860046,100860076,1621328.0
chr11,100891658,100891677,1652940.0
chr11,100891841,100891860,1653123.0
chr11,100952175,100952203,1713457.0
chr11,100952578,100952598,1713860.0
chr11,101008105,101008141,1769387.0
chr11,101082366,101082380,1843648.0
chr11,101082596,101082612,1843878.0
chr11,101144268,101144339,1905550.0
chr11,101173935,101173957,1935217.0
chr11,101302484,101302532,1866418.0
chr11,101417570,101417596,1751354.0
chr11,101442006,101442022,1726928.0
chr11,101552693,101552721,1616229.0
chr11,101562686,101562708,1606242.0
chr11,101627171,101627202,1541748.0
chr11,101627645,101627661,1541289.0
chr11,101627778,101627825,1541125.0
chr11,101642002,101642016,1526934.0
chr11,101645660,101645674,1523276.0
chr11,101658824,101658843,1510107.0
chr11,101659004,101659027,1509923.0
chr11,102061216,102061240,1107710.0
chr11,102137540,102137573,1031377.0
chr11,102156746,102156767,1012183.0
chr11,102156769,102156785,1012165.0
chr11,102156790,102156809,1012141.0
chr11,102284598,102284620,884330.0
chr11,102320268,102320284,848666.0
chr11,102556636,102556681,612269.0
chr11,102556746,102556760,612190.0
chr11,103115556,103115580,53370.0
chr11,103133120,103133134,35816.0
chr11,103262783,103262813,93815.0
chr11,103266105,103266128,97137.0
chr11,103359388,103359410,190420.0
chr11,103697622,103697646,528654.0
chr11,103698224,103698240,529256.0
chr11,103698268,103698288,529300.0
chr11,103771732,103771748,602764.0
chr11,104383227,104383266,1113.0
chr11,104383361,104383381,1247.0
chr11,104425048,104425067,42934.0
chr11,104425089,104425104,42975.0
chr11,104442924,104442940,60810.0
chr11,104443071,104443097,60957.0
chr11,104443138,104443152,61024.0
chr11,104443197,104443219,61083.0
chr11,104443440,104443459,61326.0
chr11,104443596,104443610,61482.0
chr11,104448911,104448928,66797.0
chr11,104461630,104461662,79516.0
chr11,104581484,104581506,199370.0
chr11,104607758,104607775,225644.0
chr11,104609516,104609536,227402.0
chr11,104609712,104609752,227598.0
chr11,104622798,104622812,240684.0
chr11,104630351,104630367,248237.0
chr11,104630517,104630539,248403.0
chr11,104660851,104660891,278737.0
chr11,104660918,104660934,278804.0
chr11,105125582,105125630,54889.0
chr11,105592054,105592078,141889.0
chr11,106001858,106001874,551693.0
chr11,106002000,106002024,551835.0
chr11,106065509,106065523,515831.0
chr11,106065566,106065649,515705.0
chr11,106065724,106065759,515595.0
chr11,106076654,106076673,504681.0
chr11,106167505,106167529,413825.0
chr11,106180036,106180055,401299.0
chr11,106180084,106180101,401253.0
chr11,106216608,106216643,364711.0
chr11,106318122,106318144,263210.0
chr11,106387835,106387862,193492.0
chr11,106430801,106430816,150538.0
chr11,106430861,106430875,150479.0
chr11,106430915,106430941,150413.0
chr11,106438949,106438965,142389.0
chr11,106439102,106439116,142238.0
chr11,106588108,106588128,6736.0
chr11,106664923,106664937,83551.0
chr11,106665108,106665171,83736.0
chr11,106665328,106665398,83956.0
chr11,106668142,106668188,86770.0
chr11,106674845,106674878,93473.0
chr11,106680299,106680341,98927.0
chr11,106680566,106680643,99194.0
chr11,106680984,106680998,99612.0
chr11,106681024,106681044,99652.0
chr11,106725463,106725638,144091.0
chr11,106725752,106725863,144380.0
chr11,106742589,106742614,131660.0
chr11,106742796,106742829,131445.0
chr11,106750655,106750671,123603.0
chr11,106750751,106750773,123501.0
chr11,106750996,106751024,123250.0
chr11,106762612,106762640,111634.0
chr11,106762882,106762897,111377.0
chr11,106770337,106770388,103886.0
chr11,106770487,106770535,103739.0
chr11,106779750,106779781,94493.0
chr11,106779835,106779854,94420.0
chr11,106999804,106999820,13400.0
chr11,107105296,107105312,77776.0
chr11,107371866,107371882,86612.0
chr11,107372076,107372113,86381.0
chr11,107394037,107394076,64418.0
chr11,107408043,107408079,50415.0
chr11,107451031,107451071,7423.0
chr11,107452236,107452339,6155.0
chr11,107464126,107464179,5614.0
chr11,107529765,107529781,17761.0
chr11,107668425,107668447,120806.0
chr11,108094750,108094774,77187.0
chr11,108094778,108094825,77136.0
chr11,108094868,108094882,77079.0
chr11,108095013,108095035,76926.0
chr11,108178890,108178912,6743.0
chr11,108222950,108222972,6608.0
chr11,108248401,108248423,32059.0
chr11,108272991,108273005,56649.0
chr11,108273717,108273749,57375.0
chr11,108273896,108273910,57554.0
chr11,108920470,108920484,19010.0
chr11,109362309,109362349,57431.0
chr11,109420996,109421018,1198.0
chr11,109431206,109431237,11408.0
chr11,109431253,109431275,11455.0
chr11,109445683,109445731,25885.0
chr11,109470130,109470217,50332.0
chr11,109470234,109470248,50436.0
chr11,109470962,109471003,51164.0
chr11,109496042,109496064,64751.0
chr11,109553980,109553997,6818.0
chr11,109662923,109662951,102090.0
chr11,109663044,109663066,102211.0
chr11,109860366,109860382,13192.0
chr11,109860438,109860467,13107.0
chr11,109860509,109860524,13050.0
chr11,110268773,110268812,81962.0
chr11,110794828,110794853,395339.0
chr11,110794914,110794929,395425.0
chr11,110993977,110993999,594488.0
chr11,110994081,110994107,594592.0
chr11,111801066,111801100,523048.0
chr11,113268077,113268091,93840.0
chr11,113648289,113648311,474052.0
chr11,113684241,113684266,510004.0
chr11,113787906,113787932,613669.0
chr11,114702811,114702862,371260.0
chr11,114702931,114702959,371163.0
chr11,114876563,114876594,197528.0
chr11,115158113,115158127,83973.0
chr11,115277304,115277332,203164.0
chr11,115358507,115358553,284367.0
chr11,115407436,115407467,333296.0
chr11,115412490,115412512,338350.0
chr11,115412650,115412665,338510.0
chr11,115413936,115413950,339796.0
chr11,115508331,115508345,263021.0
chr11,115746433,115746468,24898.0
chr11,115920204,115920240,148820.0
chr11,115920370,115920409,148986.0
chr11,116087497,116087511,6465.0
chr11,116198971,116198985,117939.0
chr11,116369798,116369820,288766.0
chr11,116377126,116377180,296094.0
chr11,116406929,116406954,325897.0
chr11,116413882,116413927,332850.0
chr11,116414173,116414227,333141.0
chr11,116423978,116424017,342946.0
chr11,116433693,116433715,352661.0
chr11,116434583,116434605,353551.0
chr11,116488723,116488739,397563.0
chr11,116488954,116488976,397326.0
chr11,117092515,117092531,20556.0
chr11,117092645,117092699,20686.0
chr11,117109799,117109833,37840.0
chr11,117242833,117242859,166850.0
chr11,117242870,117242890,166819.0
chr11,117300012,117300035,109674.0
chr11,117301930,117301959,107750.0
chr11,117319465,117319487,90222.0
chr11,117319566,117319582,90127.0
chr11,117392582,117392597,17112.0
chr11,117401722,117401746,7963.0
chr11,117401927,117401944,7765.0
chr11,117666644,117666663,204961.0
chr11,117666680,117666709,204915.0
chr11,117828682,117828701,42923.0
chr11,117846977,117846993,24631.0
chr11,117960348,117960374,88706.0
chr11,118144015,118144051,272373.0
chr11,118145727,118145751,274085.0
chr11,118152268,118152318,280626.0
chr11,118152511,118152657,280869.0
chr11,118225757,118225772,354115.0
chr11,118225836,118225868,354194.0
chr11,118225958,118225980,354316.0
chr11,118232496,118232522,360854.0
chr11,118232601,118232617,360959.0
chr11,118245164,118245178,373522.0
chr11,118266067,118266090,394425.0
chr11,118266109,118266155,394467.0
chr11,118266197,118266234,394555.0
chr11,118266292,118266320,394650.0
chr11,118290574,118290614,418932.0
chr11,118337600,118337622,465958.0
chr11,118980521,118980547,523345.0
chr11,119085228,119085243,418649.0
chr11,119162928,119162962,340930.0
chr11,119162964,119162998,340894.0
chr11,119166040,119166062,337830.0
chr11,119166068,119166105,337787.0
chr11,119166152,119166171,337721.0
chr11,119166386,119166417,337475.0
chr11,119229008,119229024,274868.0
chr11,119238271,119238318,265574.0
chr11,119258955,119258977,244915.0
chr11,119258993,119259017,244875.0
chr11,119928161,119928176,424251.0
chr11,119928181,119928209,424271.0
chr11,119928245,119928261,424335.0
chr11,119943115,119943137,439205.0
chr11,120150609,120150631,646699.0
chr11,120150769,120150795,646859.0
chr11,120492797,120492816,988887.0
chr11,120492835,120492851,988925.0
chr11,120510953,120510993,1007043.0
chr11,120851878,120851910,1347968.0
chr11,120851915,120851930,1348005.0
chr11,120852004,120852023,1348094.0
chr11,120852035,120852081,1348125.0
chr11,120905412,120905464,1401502.0
chr11,120916560,120916582,1412650.0
chr11,121064271,121064286,1560361.0
chr11,121100540,121100582,1596630.0
chr11,121100665,121100690,1596755.0
chr11,121100768,121100783,1596858.0
chr11,121229504,121229558,1725594.0
chr11,121237647,121237669,1733737.0
chr11,121237780,121237813,1733870.0
chr11,121261602,121261616,1757692.0
chr11,121261803,121261825,1757893.0
chr11,121672923,121672938,2169013.0
chr11,121706446,121706468,2202536.0
chr11,121706760,121706774,2202850.0
chr12,3235516,3235532,371242.0
chr12,3322167,3322194,284580.0
chr12,3322332,3322354,284420.0
chr12,3322679,3322716,284058.0
chr12,3357622,3357642,249132.0
chr12,3426508,3426532,180242.0
chr12,3427730,3427744,179030.0
chr12,3441644,3441677,165097.0
chr12,3462996,3463012,143762.0
chr12,3463170,3463196,143578.0
chr12,3463235,3463261,143513.0
chr12,3463710,3463744,143030.0
chr12,3547599,3547613,59161.0
chr12,3547746,3547785,58989.0
chr12,3569028,3569054,37720.0
chr12,3695860,3695894,88963.0
chr12,3696023,3696047,89126.0
chr12,3740348,3740401,133451.0
chr12,3745696,3745726,138799.0
chr12,3745775,3745791,138878.0
chr12,3755596,3755630,148699.0
chr12,3792181,3792203,185284.0
chr12,3855816,3855835,248919.0
chr12,3871520,3871554,264623.0
chr12,4424449,4424465,817552.0
chr12,4593597,4593660,986700.0
chr12,4907919,4907935,1002502.0
chr12,4918404,4918438,991999.0
chr12,6668469,6668484,758014.0
chr12,7702798,7702817,1782571.0
chr12,8306811,8306855,1178533.0
chr12,8307009,8307028,1178360.0
chr12,8351407,8351437,1133951.0
chr12,8351453,8351467,1133921.0
chr12,8502552,8502567,982821.0
chr12,8502654,8502692,982696.0
chr12,9002298,9002314,483074.0
chr12,9030618,9030640,454748.0
chr12,12289726,12289784,1059476.0
chr12,12289789,12289808,1059539.0
chr12,12289973,12289987,1059723.0
chr12,12313577,12313607,1083327.0
chr12,12373111,12373130,1142861.0
chr12,15535893,15535939,470993.0
chr12,15603390,15603417,403515.0
chr12,15603436,15603452,403480.0
chr12,15755612,15755634,251298.0
chr12,15805250,15805269,201663.0
chr12,15812190,15812214,194718.0
chr12,15812384,15812405,194527.0
chr12,15816185,15816219,190713.0
chr12,15816241,15816256,190676.0
chr12,15896573,15896598,110334.0
chr12,15967533,15967548,39384.0
chr12,15998574,15998588,8344.0
chr12,15998690,15998716,8216.0
chr12,16009259,16009278,2308.0
chr12,16014753,16014775,7802.0
chr12,16049909,16049931,42958.0
chr12,16133305,16133327,126354.0
chr12,16170371,16170393,163420.0
chr12,16532253,16532313,51519.0
chr12,16588767,16588791,4917.0
chr12,16588842,16588868,4992.0
chr12,16805598,16805628,221748.0
chr12,17032749,17032764,448899.0
chr12,17033205,17033227,449355.0
chr12,17113793,17113815,529943.0
chr12,17256955,17257003,401121.0
chr12,17266250,17266278,391846.0
chr12,17266412,17266436,391688.0
chr12,17348305,17348332,309792.0
chr12,17373000,17373027,285097.0
chr12,17373086,17373108,285016.0
chr12,17373850,17373869,284255.0
chr12,17377718,17377743,280381.0
chr12,17377885,17377915,280209.0
chr12,17389999,17390023,268101.0
chr12,17390111,17390133,267991.0
chr12,17556794,17556843,101281.0
chr12,17556844,17556862,101262.0
chr12,17818654,17818673,160512.0
chr12,18606215,18606238,948073.0
chr12,18606292,18606307,948150.0
chr12,18606404,18606419,948262.0
chr12,19118198,19118235,1460056.0
chr12,19118239,19118261,1460097.0
chr12,19118319,19118353,1460177.0
chr12,21087324,21087343,63679.0
chr12,21142952,21142966,8056.0
chr12,21143017,21143037,7985.0
chr12,21286383,21286423,135343.0
chr12,21287284,21287306,136244.0
chr12,21336227,21336241,185187.0
chr12,21417537,21417551,266497.0
chr12,21451443,21451464,300403.0
chr12,21545125,21545144,394085.0
chr12,21545182,21545215,394142.0
chr12,21939544,21939579,788504.0
chr12,22817083,22817097,1442779.0
chr12,22817102,22817121,1442755.0
chr12,22817131,22817153,1442723.0
chr12,24498389,24498429,238495.0
chr12,24500251,24500270,240357.0
chr12,24500309,24500342,240415.0
chr12,24593430,24593452,333536.0
chr12,24593529,24593551,333635.0
chr12,24593750,24593770,333856.0
chr12,24741963,24741982,482069.0
chr12,24831640,24831656,410212.0
chr12,24975513,24975532,266336.0
chr12,25360145,25360160,118259.0
chr12,25360279,25360293,118393.0
chr12,25365347,25365372,123461.0
chr12,25365464,25365478,123578.0
chr12,25864435,25864449,21047.0
chr12,25864500,25864514,20982.0
chr12,25958767,25958783,73253.0
chr12,25959016,25959035,73502.0
chr12,26057730,26057758,172216.0
chr12,26057820,26057855,172306.0
chr12,26185053,26185067,299539.0
chr12,26296129,26296164,410615.0
chr12,26401806,26401829,516292.0
chr12,26401893,26401963,516379.0
chr12,26415520,26415536,530006.0
chr12,26456759,26456783,571245.0
chr12,26456855,26456902,571341.0
chr12,28835699,28835718,56067.0
chr12,28835734,28835756,56102.0
chr12,28835950,28835978,56318.0
chr12,30755339,30755354,420775.0
chr12,30755449,30755471,420658.0
chr12,31351602,31351618,175454.0
chr12,31374726,31374748,198578.0
chr12,31634344,31634375,353960.0
chr12,31755718,31755734,232601.0
chr12,31755842,31755870,232465.0
chr12,31755881,31755906,232429.0
chr12,31756089,31756105,232230.0
chr12,31756236,31756279,232056.0
chr12,31756307,31756351,231984.0
chr12,31950625,31950641,37694.0
chr12,32009199,32009219,20846.0
chr12,32009274,32009294,20921.0
chr12,32208294,32208316,6147.0
chr12,32208481,32208509,6334.0
chr12,32208547,32208563,6400.0
chr12,32208573,32208599,6426.0
chr12,32208858,32208880,6711.0
chr12,32292552,32292574,90405.0
chr12,33076493,33076509,256944.0
chr12,33131902,33131924,201529.0
chr12,33158397,33158428,175025.0
chr12,33164896,33164918,168535.0
chr12,33302044,33302078,31375.0
chr12,33302116,33302132,31321.0
chr12,33302152,33302174,31279.0
chr12,33302351,33302385,31068.0
chr12,33302666,33302686,30767.0
chr12,33302689,33302717,30736.0
chr12,33302905,33302924,30529.0
chr12,33380271,33380286,46744.0
chr12,33380404,33380429,46877.0
chr12,33411614,33411628,78087.0
chr12,33411648,33411672,78121.0
chr12,33411672,33411693,78145.0
chr12,33411723,33411745,78196.0
chr12,33434008,33434034,100481.0
chr12,33434225,33434247,100698.0
chr12,34248781,34248803,284460.0
chr12,34806038,34806053,156369.0
chr12,34990557,34990584,340888.0
chr12,34990603,34990618,340934.0
chr12,35021521,35021556,371852.0
chr12,35123820,35123854,474151.0
chr12,35579124,35579146,176278.0
chr12,35579172,35579189,176235.0
chr12,35641380,35641430,113994.0
chr12,35770400,35770419,14957.0
chr12,35770553,35770575,15110.0
chr12,35927799,35927821,104768.0
chr12,35927905,35927921,104668.0
chr12,35928118,35928132,104457.0
chr12,36004396,36004411,28178.0
chr12,36019743,36019773,12816.0
chr12,36019788,36019810,12779.0
chr12,36039495,36039514,6888.0
chr12,36136245,36136275,19476.0
chr12,36136327,36136343,19408.0
chr12,36136441,36136473,19278.0
chr12,36136497,36136530,19221.0
chr12,38778423,38778449,150596.0
chr12,38778460,38778500,150545.0
chr12,38778521,38778541,150504.0
chr12,39566719,39566747,471933.0
chr12,40090314,40090329,51616.0
chr12,40536435,40536457,497737.0
chr12,41023638,41023652,223507.0
chr12,41023667,41023696,223463.0
chr12,41023724,41023763,223396.0
chr12,41487274,41487304,240096.0
chr12,41487436,41487464,240258.0
chr12,41500391,41500414,253213.0
chr12,41777862,41777878,312576.0
chr12,41777888,41777914,312540.0
chr12,42954132,42954146,548481.0
chr12,44268906,44268922,65254.0
chr12,51747067,51747091,117985.0
chr12,51747140,51747162,117914.0
chr12,51747288,51747302,117774.0
chr12,51848057,51848071,17005.0
chr12,51848307,51848373,16703.0
chr12,51866535,51866557,1441.0
chr12,51886702,51886721,21608.0
chr12,51887581,51887595,22487.0
chr12,51971520,51971536,106426.0
chr12,52524781,52524800,70354.0
chr12,52524807,52524823,70380.0
chr12,52524836,52524864,70409.0
chr12,52602781,52602795,148354.0
chr12,52684841,52684858,230414.0
chr12,53073031,53073046,618604.0
chr12,53073075,53073100,618648.0
chr12,53073136,53073167,618709.0
chr12,53196747,53196761,742320.0
chr12,54202532,54202546,1286397.0
chr12,54202599,54202621,1286322.0
chr12,54293339,54293355,1195588.0
chr12,54353019,54353063,1135880.0
chr12,54353367,54353381,1135562.0
chr12,54566853,54566880,922063.0
chr12,54567182,54567206,921737.0
chr12,54568954,54569077,919866.0
chr12,54682433,54682447,806496.0
chr12,54697005,54697028,791915.0
chr12,54697043,54697059,791884.0
chr12,54697285,54697315,791628.0
chr12,55050039,55050063,438880.0
chr12,55050063,55050078,438865.0
chr12,55050136,55050158,438785.0
chr12,55302797,55302830,186113.0
chr12,55303047,55303066,185877.0
chr12,55303150,55303166,185777.0
chr12,55303231,55303253,185690.0
chr12,55388317,55388353,100590.0
chr12,55388472,55388505,100438.0
chr12,55447024,55447038,41905.0
chr12,55464780,55464796,24147.0
chr12,55464810,55464829,24114.0
chr12,55465173,55465205,23738.0
chr12,59206601,59206633,12226.0
chr12,59206655,59206791,12068.0
chr12,59206971,59206998,11861.0
chr12,59207109,59207135,11724.0
chr12,59207157,59207204,11655.0
chr12,64917594,64917616,315569.0
chr12,65065542,65065564,167621.0
chr12,65075408,65075452,157733.0
chr12,65172994,65173020,60165.0
chr12,65173316,65173340,59845.0
chr12,68073851,68073865,49434.0
chr12,68963728,68963747,201164.0
chr12,69102058,69102080,62831.0
chr12,69159605,69159620,5291.0
chr12,69159718,69159732,5179.0
chr12,69168663,69168682,3734.0
chr12,69242407,69242440,77478.0
chr12,69257836,69257850,92907.0
chr12,69258094,69258116,93165.0
chr12,69296925,69296944,131996.0
chr12,69351737,69351751,95461.0
chr12,69351934,69351960,95252.0
chr12,69351978,69352013,95199.0
chr12,69352016,69352030,95182.0
chr12,69352033,69352053,95159.0
chr12,69385836,69385850,61362.0
chr12,69385903,69385918,61294.0
chr12,69400479,69400498,46714.0
chr12,69423168,69423182,24030.0
chr12,69475721,69475779,13620.0
chr12,69511083,69511099,2758.0
chr12,69516832,69516855,2957.0
chr12,69574474,69574513,41544.0
chr12,69574590,69574609,41448.0
chr12,69825140,69825159,209065.0
chr12,69825242,69825256,209167.0
chr12,69863932,69863951,247857.0
chr12,69892461,69892483,276386.0
chr12,70078949,70078968,462874.0
chr12,70079095,70079117,463020.0
chr12,70136562,70136593,520487.0
chr12,70477320,70477335,570110.0
chr12,70477386,70477406,570039.0
chr12,70477406,70477440,570005.0
chr12,70477576,70477598,569847.0
chr12,70628573,70628589,418856.0
chr12,70713747,70713769,333676.0
chr12,70713798,70713862,333583.0
chr12,70853262,70853281,194164.0
chr12,70853640,70853654,193791.0
chr12,70968814,70968860,78585.0
chr12,70969249,70969295,78150.0
chr12,70969300,70969331,78114.0
chr12,70969415,70969431,78014.0
chr12,70969442,70969487,77958.0
chr12,70969804,70969820,77625.0
chr12,71006650,71006672,40773.0
chr12,71040595,71040614,6831.0
chr12,71193074,71193099,144953.0
chr12,72086214,72086236,443495.0
chr12,72665069,72665093,135320.0
chr12,72694281,72694339,164532.0
chr12,72777398,72777426,247649.0
chr12,72844623,72844647,278840.0
chr12,72976928,72976952,146535.0
chr12,73111212,73111258,12229.0
chr12,73111259,73111319,12168.0
chr12,73111349,73111398,12089.0
chr12,73165278,73165300,41772.0
chr12,73171221,73171243,47715.0
chr12,73198852,73198866,75346.0
chr12,73198987,73199001,75481.0
chr12,73199179,73199193,75673.0
chr12,73201625,73201677,78119.0
chr12,73201950,73201989,78444.0
chr12,73202113,73202149,78607.0
chr12,73202753,73202806,79247.0
chr12,73382145,73382198,229055.0
chr12,73382583,73382603,228650.0
chr12,73382637,73382656,228597.0
chr12,73382659,73382673,228580.0
chr12,73578321,73578340,32913.0
chr12,73593331,73593359,17894.0
chr12,73593576,73593606,17647.0
chr12,73604810,73604826,6427.0
chr12,73605320,73605351,5902.0
chr12,73633986,73634006,22715.0
chr12,73645296,73645342,34025.0
chr12,73645491,73645507,34220.0
chr12,73647879,73647898,36608.0
chr12,73664151,73664178,52880.0
chr12,73664317,73664352,53046.0
chr12,73679587,73679609,68316.0
chr12,73686780,73686812,75509.0
chr12,73686850,73686864,75579.0
chr12,73692312,73692331,81041.0
chr12,73693401,73693435,82130.0
chr12,73693619,73693633,82348.0
chr12,73715902,73715926,104631.0
chr12,73716337,73716369,105066.0
chr12,73720593,73720612,109322.0
chr12,73842198,73842214,46302.0
chr12,73842715,73842734,45782.0
chr12,73851079,73851098,37418.0
chr12,73851113,73851129,37387.0
chr12,73851179,73851216,37300.0
chr12,73879981,73879997,8519.0
chr12,73880054,73880093,8423.0
chr12,73989606,73989620,80727.0
chr12,75449768,75449787,929912.0
chr12,75449815,75449829,929870.0
chr12,75726704,75726738,652961.0
chr12,75836972,75837000,542699.0
chr12,76196902,76196924,182775.0
chr12,76345863,76345899,33800.0
chr12,76361548,76361584,18115.0
chr12,76362709,76362756,16943.0
chr12,76367432,76367446,12253.0
chr12,76369838,76369874,9825.0
chr12,76403587,76403604,23870.0
chr12,76778585,76778604,89441.0
chr12,76837228,76837256,30789.0
chr12,76886794,76886813,18731.0
chr12,76886888,76886904,18825.0
chr12,76887071,76887093,19008.0
chr12,76962006,76962021,93943.0
chr12,77000349,77000378,132286.0
chr12,77113505,77113534,245442.0
chr12,77113743,77113758,245680.0
chr12,77113804,77113826,245741.0
chr12,77193303,77193325,325240.0
chr12,77193418,77193432,325355.0
chr12,77267465,77267488,399402.0
chr12,77267543,77267565,399480.0
chr12,77267688,77267703,399625.0
chr12,77788415,77788441,780549.0
chr12,78803574,78803608,234566.0
chr12,78803618,78803640,234610.0
chr12,78980832,78980891,315688.0
chr12,79028859,79028892,267687.0
chr12,79171923,79171969,124610.0
chr12,79429858,79429878,14911.0
chr12,79429962,79429978,14811.0
chr12,79430001,79430017,14772.0
chr12,79625897,79625934,8001.0
chr12,79626145,79626162,7773.0
chr12,79628485,79628520,5415.0
chr12,79628525,79628539,5396.0
chr12,79646747,79646769,12794.0
chr12,79692354,79692373,58401.0
chr12,79751711,79751726,117758.0
chr12,79803539,79803581,169586.0
chr12,79803703,79803739,169750.0
chr12,79854534,79854586,214537.0
chr12,80113422,80113463,44281.0
chr12,80114332,80114352,45191.0
chr12,80114624,80114653,45483.0
chr12,80115322,80115348,46181.0
chr12,80115520,80115542,46379.0
chr12,80130992,80131014,61851.0
chr12,80273202,80273230,189756.0
chr12,80642900,80642930,179895.0
chr12,80644085,80644100,181080.0
chr12,80790275,80790308,327270.0
chr12,80791261,80791288,328256.0
chr12,80793192,80793206,330187.0
chr12,80815340,80815365,352335.0
chr12,80816532,80816552,353527.0
chr12,80833644,80833660,370639.0
chr12,80945570,80945598,482565.0
chr12,81484739,81484777,705068.0
chr12,81595337,81595380,594465.0
chr12,81788866,81788897,400948.0
chr12,82166465,82166503,23342.0
chr12,82203229,82203248,13366.0
chr12,82203521,82203536,13658.0
chr12,82208936,82208974,19073.0
chr12,82208984,82209014,19121.0
chr12,82245244,82245270,55381.0
chr12,82245522,82245545,55659.0
chr12,82284657,82284672,94794.0
chr12,82470897,82470931,71165.0
chr12,83502757,83502790,59738.0
chr12,83597498,83597512,154479.0
chr12,83631942,83631958,188923.0
chr12,83687946,83687971,244927.0
chr12,83922063,83922085,479044.0
chr12,83929605,83929627,486586.0
chr12,83934865,83934892,482287.0
chr12,83987754,83987781,429398.0
chr12,83988518,83988551,428628.0
chr12,84170160,84170179,247000.0
chr12,84175670,84175692,241487.0
chr12,84221141,84221160,196019.0
chr12,84221173,84221212,195967.0
chr12,84222896,84222912,194267.0
chr12,84222978,84222994,194185.0
chr12,84407954,84407976,9203.0
chr12,84450581,84450600,33384.0
chr12,84525579,84525595,108382.0
chr12,84762441,84762538,120065.0
chr12,84762584,84762606,119997.0
chr12,84762748,84762762,119841.0
chr12,84969025,84969051,86404.0
chr12,84969129,84969148,86508.0
chr12,84969208,84969236,86587.0
chr12,84971040,84971072,88419.0
chr12,84996029,84996052,113408.0
chr12,85111425,85111445,228804.0
chr12,85209011,85209025,218783.0
chr12,85257339,85257358,170450.0
chr12,85270934,85270963,156845.0
chr12,85445000,85445038,17173.0
chr12,85447134,85447156,19307.0
chr12,85447346,85447380,19519.0
chr12,85455219,85455247,27392.0
chr12,85455552,85455580,27725.0
chr12,85686530,85686562,132177.0
chr12,85705947,85705969,112770.0
chr12,85712676,85712691,106048.0
chr12,85845963,85845985,27206.0
chr12,86046470,86046498,72637.0
chr12,86046523,86046539,72690.0
chr12,86046578,86046593,72745.0
chr12,86309900,86309920,336067.0
chr12,86726690,86726706,752857.0
chr12,86796149,86796175,822316.0
chr12,86802112,86802155,828279.0
chr12,86807400,86807435,833567.0
chr12,86807442,86807477,833609.0
chr12,86825382,86825420,851549.0
chr12,86825441,86825460,851608.0
chr12,86825481,86825501,851648.0
chr12,86825504,86825529,851671.0
chr12,86834051,86834080,860218.0
chr12,86834184,86834241,860351.0
chr12,86834596,86834610,860763.0
chr12,86860357,86860376,886524.0
chr12,86861327,86861355,887494.0
chr12,86884721,86884743,910888.0
chr12,86891418,86891445,917585.0
chr12,86891484,86891555,917651.0
chr12,86895105,86895132,921272.0
chr12,87416938,87416979,1053204.0
chr12,89719380,89719418,164193.0
chr12,89719452,89719479,164265.0
chr12,89719595,89719609,164408.0
chr12,89719626,89719642,164439.0
chr12,89719915,89719960,164728.0
chr12,91065422,91065477,646432.0
chr12,91384624,91384640,327269.0
chr12,91589703,91589729,122180.0
chr12,91589807,91589821,122088.0
chr12,91765482,91765501,53555.0
chr12,91799363,91799410,87436.0
chr12,91799430,91799447,87503.0
chr12,91799496,91799558,87569.0
chr12,91848996,91849011,137069.0
chr12,96082180,96082217,483688.0
chr12,96082225,96082252,483733.0
chr12,96082305,96082327,483813.0
chr12,96353712,96353727,755220.0
chr12,98116876,98116898,461842.0
chr12,98116995,98117010,461730.0
chr12,98269738,98269754,308986.0
chr12,98270007,98270023,308717.0
chr12,98747440,98747454,168682.0
chr12,99097066,99097080,295968.0
chr12,99544753,99544767,151686.0
chr12,99564719,99564742,171652.0
chr12,99576851,99576874,183784.0
chr12,99610586,99610602,217519.0
chr12,99640695,99640714,247628.0
chr12,99640772,99640787,247705.0
chr12,100159446,100159468,766379.0
chr12,100187347,100187373,794280.0
chr12,100187378,100187397,794311.0
chr12,100725240,100725262,1256214.0
chr12,100846216,100846250,1135226.0
chr12,100883184,100883200,1098276.0
chr12,100887515,100887568,1093908.0
chr12,100887706,100887729,1093747.0
chr12,100895548,100895586,1085890.0
chr12,100903598,100903666,1077810.0
chr12,100988517,100988544,992932.0
chr12,101063185,101063238,918238.0
chr12,101063368,101063382,918094.0
chr12,101063570,101063611,917865.0
chr12,101063616,101063640,917836.0
chr12,101897610,101897626,83850.0
chr12,101958152,101958168,23308.0
chr12,101958458,101958490,22986.0
chr12,101971273,101971316,10160.0
chr12,101971422,101971437,10039.0
chr12,101974815,101974844,6632.0
chr12,102295643,102295662,75345.0
chr12,102384888,102384910,13862.0
chr12,102439562,102439584,68536.0
chr12,102451730,102451744,80704.0
chr12,102456634,102456674,85608.0
chr12,102456858,102456872,85832.0
chr12,103331464,103331506,161545.0
chr12,103341368,103341390,151661.0
chr12,103443957,103443971,49080.0
chr12,103443987,103444024,49027.0
chr12,103444160,103444174,48877.0
chr12,104936477,104936505,1443408.0
chr12,105013484,105013508,1520415.0
chr12,105728136,105728150,1255140.0
chr12,105728152,105728195,1255095.0
chr12,105784069,105784126,1199164.0
chr12,105785405,105785421,1197869.0
chr12,106016331,106016360,966930.0
chr12,106032158,106032172,951118.0
chr12,106034387,106034406,948884.0
chr12,106308898,106308977,674313.0
chr12,106311113,106311129,672161.0
chr12,106475900,106475921,507369.0
chr12,106475927,106475948,507342.0
chr12,106565394,106565416,417874.0
chr12,106602368,106602387,380903.0
chr12,107011369,107011383,28061.0
chr12,107123517,107123600,2559.0
chr12,107139037,107139059,12860.0
chr12,107141061,107141083,14884.0
chr12,107146800,107146823,20623.0
chr12,107146946,107146968,20769.0
chr12,107160501,107160515,24217.0
chr12,107191351,107191372,6600.0
chr12,107361829,107361878,177078.0
chr12,107362292,107362320,177541.0
chr12,107559609,107559635,85938.0
chr12,107729264,107729278,8397.0
chr12,107729369,107729403,8502.0
chr12,107815116,107815135,31214.0
chr12,107924161,107924183,13583.0
chr12,107953607,107953636,15823.0
chr12,107953660,107953676,15876.0
chr12,108178154,108178186,200439.0
chr12,108179677,108179723,201962.0
chr12,108631735,108631755,13264.0
chr12,108635560,108635580,9439.0
chr12,108635704,108635726,9293.0
chr12,108646352,108646371,1315.0
chr12,108646480,108646494,1443.0
chr12,108761274,108761290,51205.0
chr12,108792668,108792683,19812.0
chr12,109438119,109438138,361042.0
chr12,110375311,110375326,22202.0
chr12,110382016,110382038,28907.0
chr12,110463737,110463799,15504.0
chr12,110485318,110485359,5997.0
chr12,110485775,110485791,6454.0
chr12,110494859,110494928,1088.0
chr12,110592022,110592038,95988.0
chr12,110736688,110736729,34543.0
chr12,110736722,110736759,34513.0
chr12,111159913,111159927,4579.0
chr12,111967270,111967290,234753.0
chr12,112449543,112449572,624832.0
chr12,112587225,112587250,487154.0
chr12,112619725,112619747,454657.0
chr12,112849343,112849357,225047.0
chr12,112849402,112849432,224972.0
chr12,112849600,112849619,224785.0
chr12,112854565,112854581,219823.0
chr12,112855149,112855176,219228.0
chr12,112859966,112860003,214401.0
chr12,112870090,112870113,204291.0
chr12,113345694,113345709,158007.0
chr12,113945789,113945818,758102.0
chr12,113952972,113952992,765285.0
chr12,113953722,113953744,766035.0
chr12,113981686,113981702,793999.0
chr12,113986743,113986757,799056.0
chr12,114013015,114013034,825328.0
chr12,114022070,114022086,834383.0
chr12,114022141,114022160,834454.0
chr12,114378983,114379011,611808.0
chr12,114379020,114379034,611785.0
chr12,114909860,114909886,80933.0
chr12,114914455,114914471,76348.0
chr12,114914494,114914510,76309.0
chr12,114981598,114981620,9199.0
chr12,114981945,114981967,8852.0
chr12,115257918,115257940,267080.0
chr12,115948529,115948551,435596.0
chr12,115948567,115948581,435566.0
chr12,115948825,115948859,435288.0
chr12,116263102,116263124,121023.0
chr12,116293323,116293337,90810.0
chr12,116293349,116293367,90780.0
chr12,116293462,116293482,90665.0
chr12,116416765,116416819,32600.0
chr12,117764969,117764984,1380804.0
chr12,117765151,117765182,1380986.0
chr12,118301055,118301079,1916890.0
chr12,118373215,118373243,1989050.0
chr12,118373356,118373386,1989191.0
chr12,118376707,118376723,1992542.0
chr12,118377125,118377179,1992960.0
chr12,118428539,118428558,2044374.0
chr12,119204578,119204592,2820413.0
chr12,119204967,119204986,2820802.0
chr13,3513408,3513422,11897.0
chr13,3526591,3526607,1254.0
chr13,3526681,3526719,1344.0
chr13,3637093,3637125,99941.0
chr13,3637218,3637235,100066.0
chr13,3918446,3918474,381294.0
chr13,4944959,4944978,1407807.0
chr13,4945152,4945166,1408000.0
chr13,4945264,4945292,1408112.0
chr13,4945319,4945334,1408167.0
chr13,5666501,5666527,2129349.0
chr13,5666602,5666616,2129450.0
chr13,5666637,5666681,2129485.0
chr13,5667179,5667195,2130027.0
chr13,5757396,5757418,2220244.0
chr13,5757540,5757556,2220388.0
chr13,5779468,5779498,2242316.0
chr13,5803796,5803822,2266644.0
chr13,5804382,5804423,2267230.0
chr13,5845901,5845917,2308749.0
chr13,5845954,5845976,2308802.0
chr13,5862295,5862336,2325143.0
chr13,5862450,5862464,2325298.0
chr13,5862635,5862654,2325483.0
chr13,5864453,5864475,2327301.0
chr13,5864661,5864708,2327509.0
chr13,5890362,5890450,2353210.0
chr13,5890457,5890492,2353305.0
chr13,5890483,5890519,2353331.0
chr13,6627025,6627044,2813046.0
chr13,6627296,6627408,2812682.0
chr13,6627416,6627449,2812641.0
chr13,6627453,6627515,2812575.0
chr13,6633576,6633591,2806499.0
chr13,6634053,6634075,2806015.0
chr13,6647426,6647445,2792645.0
chr13,6647475,6647507,2792583.0
chr13,7031522,7031550,2408540.0
chr13,8831990,8832012,608078.0
chr13,8870957,8870979,569111.0
chr13,8871076,8871092,568998.0
chr13,8871172,8871194,568896.0
chr13,8886325,8886341,553749.0
chr13,8886371,8886393,553697.0
chr13,9011727,9011755,428335.0
chr13,9638258,9638277,53362.0
chr13,12108965,12108987,24424.0
chr13,12344390,12344433,163149.0
chr13,12344490,12344511,163071.0
chr13,12349528,12349553,158029.0
chr13,12349580,12349602,157980.0
chr13,12349765,12349820,157762.0
chr13,12402382,12402423,105159.0
chr13,12402484,12402524,105058.0
chr13,12460431,12460453,47129.0
chr13,12460637,12460665,46917.0
chr13,12575000,12575020,67399.0
chr13,13130271,13130308,341111.0
chr13,13130732,13130754,340665.0
chr13,13130764,13130783,340636.0
chr13,13520555,13520577,49118.0
chr13,13529331,13529364,57894.0
chr13,13614277,13614299,130918.0
chr13,14039883,14039897,74096.0
chr13,14612643,14612675,498632.0
chr13,14612730,14612844,498719.0
chr13,14613191,14613225,499180.0
chr13,15759086,15759115,437212.0
chr13,15759241,15759257,437070.0
chr13,17151140,17151177,281362.0
chr13,17975966,17975999,185207.0
chr13,19162333,19162355,80385.0
chr13,19182237,19182256,60484.0
chr13,19318128,19318147,75370.0
chr13,19474462,19474478,144468.0
chr13,19690247,19690267,71282.0
chr13,20098175,20098198,244044.0
chr13,20185072,20185114,330941.0
chr13,20713833,20713852,449399.0
chr13,21160768,21160782,2469.0
chr13,21169824,21169839,6555.0
chr13,21200316,21200339,37047.0
chr13,21200796,21200834,37527.0
chr13,21222284,21222303,59015.0
chr13,21441272,21441333,278003.0
chr13,21453353,21453385,290084.0
chr13,21453390,21453424,290121.0
chr13,21453857,21453873,290588.0
chr13,21716270,21716284,553001.0
chr13,21716808,21716831,553539.0
chr13,21721981,21721997,558712.0
chr13,21855897,21855919,692628.0
chr13,21855986,21856005,692717.0
chr13,21856085,21856128,692816.0
chr13,21935337,21935402,772068.0
chr13,21940587,21940620,777318.0
chr13,21974458,21974502,811189.0
chr13,21974624,21974643,811355.0
chr13,21974646,21974675,811377.0
chr13,21974739,21974758,811470.0
chr13,21974950,21974983,811681.0
chr13,21975149,21975171,811880.0
chr13,22015720,22015754,828100.0
chr13,22026464,22026480,817374.0
chr13,22026623,22026664,817190.0
chr13,22029092,22029129,814725.0
chr13,22029125,22029155,814699.0
chr13,22030675,22030694,813160.0
chr13,22030721,22030749,813105.0
chr13,22050904,22050945,792909.0
chr13,22742666,22742692,101162.0
chr13,22742917,22742939,100915.0
chr13,22742949,22742968,100886.0
chr13,23446070,23446089,328493.0
chr13,23446314,23446333,328249.0
chr13,23450579,23450601,323981.0
chr13,23450816,23450844,323738.0
chr13,23453579,23453616,320966.0
chr13,23453879,23453908,320674.0
chr13,23454008,23454066,320516.0
chr13,23454202,23454216,320366.0
chr13,23517303,23517395,257187.0
chr13,23518312,23518326,256256.0
chr13,23531654,23531670,242912.0
chr13,23531758,23531780,242802.0
chr13,23544059,23544083,230499.0
chr13,23544120,23544139,230443.0
chr13,23555048,23555070,219512.0
chr13,23562951,23562967,211615.0
chr13,23571398,23571425,203157.0
chr13,23584866,23584885,189697.0
chr13,23584930,23584956,189626.0
chr13,23597984,23598031,176551.0
chr13,23598251,23598292,176290.0
chr13,23697199,23697227,77355.0
chr13,23697259,23697285,77297.0
chr13,23697302,23697345,77237.0
chr13,23746035,23746051,28531.0
chr13,23761242,23761258,13324.0
chr13,23762345,23762367,12215.0
chr13,24357762,24357778,88024.0
chr13,24415657,24415671,30131.0
chr13,24419593,24419608,26194.0
chr13,24419652,24419674,26128.0
chr13,24419741,24419763,26039.0
chr13,24570593,24570612,43524.0
chr13,24570717,24570731,43405.0
chr13,24588833,24588849,25287.0
chr13,24604583,24604625,9511.0
chr13,24604630,24604673,9463.0
chr13,24604712,24604738,9398.0
chr13,24639761,24639780,25606.0
chr13,24640033,24640095,25878.0
chr13,24776531,24776551,162376.0
chr13,24801169,24801199,187014.0
chr13,24921441,24921461,307286.0
chr13,27426323,27426376,991116.0
chr13,27426472,27426488,991004.0
chr13,27426519,27426534,990958.0
chr13,27426711,27426726,990766.0
chr13,27426787,27426820,990672.0
chr13,28502568,28502582,85058.0
chr13,28512986,28513014,95476.0
chr13,28513023,28513039,95513.0
chr13,28513073,28513095,95563.0
chr13,28513105,28513121,95595.0
chr13,28513207,28513226,95697.0
chr13,28513246,28513268,95736.0
chr13,28551674,28551688,134164.0
chr13,28677719,28677843,260209.0
chr13,28724608,28724622,307098.0
chr13,28758135,28758151,340625.0
chr13,28884295,28884323,466785.0
chr13,29104457,29104478,686947.0
chr13,29769689,29769718,441214.0
chr13,29983794,29983813,227119.0
chr13,29983979,29983995,226937.0
chr13,30036848,30036890,174042.0
chr13,30085350,30085398,125534.0
chr13,30085423,30085438,125494.0
chr13,30085551,30085602,125330.0
chr13,30085603,30085631,125301.0
chr13,30085714,30085742,125190.0
chr13,30093192,30093208,117724.0
chr13,30166481,30166497,44435.0
chr13,30166651,30166685,44247.0
chr13,30174646,30174698,36234.0
chr13,30259145,30259159,48195.0
chr13,30545581,30545610,93332.0
chr13,30747614,30747629,5006.0
chr13,30747711,30747759,5103.0
chr13,30748263,30748282,5655.0
chr13,30748397,30748428,5789.0
chr13,30756203,30756217,13595.0
chr13,30792309,30792363,49701.0
chr13,30833429,30833443,80458.0
chr13,30833628,30833650,80251.0
chr13,30833836,30833855,80046.0
chr13,30833877,30833894,80007.0
chr13,30833934,30833950,79951.0
chr13,30841994,30842013,71888.0
chr13,30863865,30863884,50017.0
chr13,30863892,30863906,49995.0
chr13,30863909,30863923,49978.0
chr13,30863942,30863957,49944.0
chr13,30933194,30933209,19275.0
chr13,30933420,30933440,19501.0
chr13,30981745,30981759,67826.0
chr13,32899270,32899338,687294.0
chr13,33965573,33965626,130497.0
chr13,34002218,34002237,93886.0
chr13,34003131,34003154,92969.0
chr13,34046657,34046679,49444.0
chr13,34046698,34046713,49410.0
chr13,34046719,34046741,49382.0
chr13,34874605,34874619,9862.0
chr13,34993421,34993478,128678.0
chr13,35496252,35496271,631509.0
chr13,35496416,35496430,631673.0
chr13,36117162,36117220,349682.0
chr13,36117261,36117280,349622.0
chr13,36366054,36366068,100834.0
chr13,36789596,36789616,322676.0
chr13,36808106,36808125,341186.0
chr13,36808293,36808307,341373.0
chr13,36886306,36886320,419386.0
chr13,37007624,37007646,300536.0
chr13,37312522,37312536,4322.0
chr13,37434342,37434372,108757.0
chr13,37434475,37434494,108890.0
chr13,37619436,37619458,131737.0
chr13,37619743,37619816,131379.0
chr13,37793097,37793119,41884.0
chr13,37793223,37793253,42010.0
chr13,37801700,37801742,50487.0
chr13,37802052,37802084,50839.0
chr13,37969627,37969641,218414.0
chr13,37994452,37994491,243239.0
chr13,38038067,38038087,286854.0
chr13,38338193,38338235,75269.0
chr13,38937043,38937071,523521.0
chr13,38938786,38938808,525264.0
chr13,38938819,38938841,525297.0
chr13,41000826,41000871,78262.0
chr13,41016390,41016412,93826.0
chr13,41035741,41035769,113177.0
chr13,41035813,41035829,113249.0
chr13,41097435,41097450,174871.0
chr13,41249498,41249512,326934.0
chr13,41372973,41372995,450409.0
chr13,41381644,41381693,459080.0
chr13,41381719,41381738,459155.0
chr13,41382104,41382126,459540.0
chr13,41487396,41487410,564832.0
chr13,41487718,41487740,565154.0
chr13,41572292,41572316,649728.0
chr13,42049266,42049301,244087.0
chr13,42049356,42049370,244018.0
chr13,42050364,42050386,243002.0
chr13,42050416,42050431,242957.0
chr13,42052985,42053007,240381.0
chr13,43177451,43177474,62867.0
chr13,43215854,43215883,24458.0
chr13,43216037,43216059,24282.0
chr13,43216081,43216103,24238.0
chr13,43269064,43269092,28705.0
chr13,43269471,43269485,29112.0
chr13,43304450,43304466,9107.0
chr13,43365568,43365587,51806.0
chr13,43453557,43453612,139795.0
chr13,43769249,43769282,348727.0
chr13,43774276,43774290,343719.0
chr13,43898487,43898518,219491.0
chr13,43906364,43906383,211626.0
chr13,44321150,44321174,180781.0
chr13,44417294,44417316,84639.0
chr13,44507254,44507283,5280.0
chr13,44507452,44507515,5478.0
chr13,44732615,44732637,49866.0
chr13,44732668,44732707,49796.0
chr13,44732711,44732728,49775.0
chr13,44800315,44800347,17794.0
chr13,44811102,44811128,28581.0
chr13,44811260,44811306,28739.0
chr13,44811887,44811913,29366.0
chr13,44816047,44816061,33526.0
chr13,44816160,44816183,33639.0
chr13,44816269,44816283,33748.0
chr13,44816345,44816365,33824.0
chr13,44984084,44984098,201563.0
chr13,44984153,44984178,201632.0
chr13,44984333,44984348,201812.0
chr13,45371870,45371889,400689.0
chr13,45389340,45389362,383216.0
chr13,45391540,45391592,380986.0
chr13,45391627,45391649,380929.0
chr13,45852456,45852478,79860.0
chr13,45885323,45885339,112727.0
chr13,45903662,45903710,131066.0
chr13,45914477,45914539,141881.0
chr13,45922882,45922901,150286.0
chr13,45924662,45924684,152066.0
chr13,45932465,45932485,159869.0
chr13,46339984,46340000,279816.0
chr13,46340292,46340311,279505.0
chr13,46364801,46364821,254995.0
chr13,46364832,46364852,254964.0
chr13,46616870,46616898,2918.0
chr13,46690874,46690898,11696.0
chr13,46735744,46735758,33132.0
chr13,46735909,46735931,33297.0
chr13,46735987,46736001,33375.0
chr13,46736533,46736561,33921.0
chr13,46736879,46736901,34267.0
chr13,46780151,46780175,77539.0
chr13,46798119,46798141,95507.0
chr13,46798207,46798239,95595.0
chr13,46948116,46948132,245504.0
chr13,48516179,48516210,413083.0
chr13,48528438,48528452,400841.0
chr13,48625170,48625186,304107.0
chr13,49270291,49270323,291061.0
chr13,49291737,49291752,312507.0
chr13,49309222,49309244,329992.0
chr13,49557107,49557122,577877.0
chr13,49557263,49557279,578033.0
chr13,49653145,49653160,673915.0
chr13,49681836,49681856,702606.0
chr13,49682063,49682085,702833.0
chr13,51088471,51088500,668919.0
chr13,51101607,51101634,655785.0
chr13,51101652,51101674,655745.0
chr13,51101734,51101750,655669.0
chr13,51644743,51644757,112662.0
chr13,51749603,51749637,7782.0
chr13,51768027,51768055,10590.0
chr13,51792673,51792709,35236.0
chr13,51814217,51814232,56780.0
chr13,51816166,51816190,58729.0
chr13,51816290,51816310,58853.0
chr13,51964483,51964499,78334.0
chr13,52026668,52026702,140519.0
chr13,52026768,52026784,140619.0
chr13,52165658,52165690,279509.0
chr13,52165762,52165781,279613.0
chr13,52615234,52615265,246877.0
chr13,52615420,52615436,246706.0
chr13,52822705,52822719,39423.0
chr13,52828221,52828270,33872.0
chr13,52874415,52874429,12186.0
chr13,52874461,52874475,12232.0
chr13,52922178,52922197,3927.0
chr13,52976447,52976469,58196.0
chr13,52976562,52976581,58311.0
chr13,52976606,52976631,58355.0
chr13,52982736,52982750,64485.0
chr13,52998423,52998439,80172.0
chr13,52998471,52998490,80220.0
chr13,52998491,52998540,80240.0
chr13,52998664,52998693,80413.0
chr13,53015186,53015206,96935.0
chr13,54188230,54188258,1256234.0
chr13,54188261,54188287,1256205.0
chr13,54188279,54188294,1256198.0
chr13,54468990,54469039,975453.0
chr13,54469043,54469063,975429.0
chr13,54687232,54687254,757238.0
chr13,55017934,55017957,426535.0
chr13,55018146,55018168,426324.0
chr13,55100413,55100432,344060.0
chr13,55105149,55105173,339319.0
chr13,55210956,55210984,233508.0
chr13,55327989,55328011,116481.0
chr13,55423539,55423558,20934.0
chr13,55432532,55432560,11932.0
chr13,55432713,55432729,11763.0
chr13,55432781,55432813,11679.0
chr13,55672686,55672725,228176.0
chr13,55672998,55673022,228488.0
chr13,55692603,55692634,248093.0
chr13,55727051,55727094,282541.0
chr13,55727643,55727662,283133.0
chr13,55727717,55727736,283207.0
chr13,56135127,56135149,16524.0
chr13,56191293,56191307,39602.0
chr13,56476788,56476807,325097.0
chr13,56507396,56507415,355705.0
chr13,56658123,56658139,506432.0
chr13,56682392,56682414,530701.0
chr13,58158184,58158200,19453.0
chr13,58158252,58158271,19382.0
chr13,58158357,58158373,19280.0
chr13,58158701,58158727,18926.0
chr13,58216017,58216031,1477.0
chr13,58419272,58419286,204732.0
chr13,58453465,58453480,238925.0
chr13,58453538,58453554,238998.0
chr13,59221395,59221409,350933.0
chr13,59221437,59221457,350885.0
chr13,59536539,59536565,35777.0
chr13,59584869,59584891,12389.0
chr13,59584922,59584936,12442.0
chr13,59584974,59584994,12494.0
chr13,59585014,59585033,12534.0
chr13,59585425,59585440,12945.0
chr13,60601698,60601727,279545.0
chr13,60601736,60601753,279583.0
chr13,60839444,60839495,517291.0
chr13,60839575,60839597,517422.0
chr13,60839678,60839745,517525.0
chr13,60848682,60848708,526529.0
chr13,60848785,60848812,526632.0
chr13,60848878,60848892,526725.0
chr13,60849061,60849080,526908.0
chr13,61092991,61093015,770838.0
chr13,61675955,61675981,794220.0
chr13,61676075,61676097,794104.0
chr13,62383131,62383150,87051.0
chr13,62466758,62466782,3419.0
chr13,62558538,62558557,88318.0
chr13,62624089,62624108,153869.0
chr13,62653154,62653173,182934.0
chr13,62684889,62684908,214669.0
chr13,62718577,62718591,248357.0
chr13,62718804,62718829,248584.0
chr13,62719061,62719075,248841.0
chr13,62719984,62719998,249764.0
chr13,62721476,62721490,251256.0
chr13,62721496,62721510,251276.0
chr13,62785737,62785756,315517.0
chr13,62856254,62856279,284785.0
chr13,62965303,62965322,175742.0
chr13,63223194,63223226,82112.0
chr13,63223773,63223821,82691.0
chr13,63249747,63249769,108665.0
chr13,63249799,63249815,108717.0
chr13,63249886,63249915,108804.0
chr13,63261616,63261631,120534.0
chr13,63275049,63275077,133967.0
chr13,63411079,63411098,269997.0
chr13,63411113,63411127,270031.0
chr13,63411222,63411244,270140.0
chr13,63411254,63411276,270172.0
chr13,63431659,63431683,290577.0
chr13,63564875,63564897,423793.0
chr13,64129544,64129579,241065.0
chr13,64129644,64129671,240973.0
chr13,64299296,64299318,71326.0
chr13,64299378,64299392,71252.0
chr13,64299395,64299429,71215.0
chr13,64312038,64312071,58573.0
chr13,65241097,65241120,870435.0
chr13,65241426,65241452,870764.0
chr13,65278407,65278426,907745.0
chr13,66771119,66771171,2400457.0
chr13,67081514,67081540,2710852.0
chr13,67172866,67172881,2802204.0
chr13,67194505,67194519,2823843.0
chr13,67269141,67269156,2898479.0
chr13,67484500,67484516,3113838.0
chr13,70471286,70471314,3132351.0
chr13,71881110,71881125,1722540.0
chr13,71881305,71881340,1722325.0
chr13,73328711,73328754,274911.0
chr13,73520939,73520979,82686.0
chr13,73703388,73703412,99705.0
chr13,73709853,73709867,106170.0
chr13,74462670,74462684,112725.0
chr13,74617291,74617305,267346.0
chr13,74639121,74639137,289176.0
chr13,74639613,74639639,289668.0
chr13,74770420,74770438,332594.0
chr13,74770927,74770942,332090.0
chr13,74854720,74854739,248293.0
chr13,76098607,76098623,500296.0
chr13,76590863,76590910,8009.0
chr13,76590953,76591000,7919.0
chr13,76591044,76591060,7859.0
chr13,77708571,77708593,544825.0
chr13,77762297,77762319,491099.0
chr13,77780618,77780633,472785.0
chr13,77864857,77864871,388547.0
chr13,77864977,77864997,388421.0
chr13,78072443,78072465,180953.0
chr13,80886507,80886521,1582498.0
chr13,80939997,80940013,1635988.0
chr13,81175961,81175977,1871952.0
chr13,81176084,81176121,1872075.0
chr13,81182527,81182572,1878518.0
chr13,81199754,81199776,1895745.0
chr13,81711439,81711454,2039838.0
chr13,81793778,81793810,1957482.0
chr13,81793882,81793904,1957388.0
chr13,84646963,84646987,100664.0
chr13,84647363,84647399,100252.0
chr13,84647402,84647417,100234.0
chr13,85289020,85289043,230289.0
chr13,85359488,85359502,159830.0
chr13,85376468,85376484,142848.0
chr13,85376693,85376715,142617.0
chr13,85412222,85412238,107094.0
chr13,85412271,85412290,107042.0
chr13,85412332,85412346,106986.0
chr13,85412471,85412496,106836.0
chr13,85412492,85412516,106816.0
chr13,85430418,85430480,88852.0
chr13,85430811,85430838,88494.0
chr13,85479532,85479565,39767.0
chr13,85498684,85498698,20634.0
chr13,85505216,85505245,14087.0
chr13,85505254,85505269,14063.0
chr13,85507225,85507242,12090.0
chr13,85507276,85507305,12027.0
chr13,85507307,85507345,11987.0
chr13,85509807,85509824,9508.0
chr13,85556153,85556214,36803.0
chr13,85556424,85556439,37074.0
chr13,85556490,85556518,37140.0
chr13,85556534,85556553,37184.0
chr13,86351984,86352009,521778.0
chr13,86352138,86352159,521932.0
chr13,88992105,88992131,1097825.0
chr13,88992185,88992200,1097756.0
chr13,88992254,88992280,1097676.0
chr13,88992285,88992312,1097644.0
chr13,88992323,88992352,1097604.0
chr13,88992366,88992380,1097576.0
chr13,89551629,89551675,538281.0
chr13,89551806,89551832,538124.0
chr13,89551834,89551848,538108.0
chr13,91093985,91094016,293345.0
chr13,91223737,91223751,285947.0
chr13,91305933,91305950,203748.0
chr13,91370831,91370868,138830.0
chr13,91462510,91462526,47172.0
chr13,91462680,91462724,46974.0
chr13,91484311,91484362,25336.0
chr13,91484396,91484418,25280.0
chr13,91541181,91541209,31465.0
chr13,91541353,91541370,31637.0
chr13,91636751,91636780,43468.0
chr13,91636843,91636858,43390.0
chr13,91637037,91637056,43192.0
chr13,91807792,91807814,127526.0
chr13,92304474,92304503,525914.0
chr13,92354062,92354104,476313.0
chr13,92483349,92483385,347032.0
chr13,92483542,92483600,346817.0
chr13,92483863,92483888,346529.0
chr13,92523338,92523352,307065.0
chr13,92986949,92986971,156514.0
chr13,92987044,92987073,156609.0
chr13,93192294,93192308,361859.0
chr13,93192325,93192351,361890.0
chr13,93192741,93192765,362306.0
chr13,93894141,93894155,269785.0
chr13,93894216,93894230,269860.0
chr13,94285731,94285750,108323.0
chr13,94400640,94400656,223232.0
chr13,94458003,94458068,280595.0
chr13,94794743,94794765,532419.0
chr13,94795065,94795088,532096.0
chr13,94976224,94976240,350944.0
chr13,94976824,94976840,350344.0
chr13,95063107,95063121,264063.0
chr13,95063432,95063457,263727.0
chr13,95324474,95324507,2677.0
chr13,95324506,95324535,2649.0
chr13,95521345,95521371,71917.0
chr13,95521467,95521481,71807.0
chr13,95567382,95567404,25884.0
chr13,95618737,95618751,25431.0
chr13,95712849,95712863,27856.0
chr13,95742257,95742271,57264.0
chr13,95892520,95892542,207527.0
chr13,95960730,95960828,275737.0
chr13,95964344,95964363,279351.0
chr13,95964675,95964731,279682.0
chr13,96387911,96387936,702918.0
chr13,96388038,96388053,703045.0
chr13,96432070,96432098,747077.0
chr13,96432173,96432189,747180.0
chr13,96511425,96511451,826432.0
chr13,96511459,96511501,826466.0
chr13,96816326,96816340,626581.0
chr13,97238833,97238856,204065.0
chr13,97242716,97242735,200186.0
chr13,97287120,97287148,155773.0
chr13,97287283,97287303,155618.0
chr13,97287324,97287359,155562.0
chr13,97406858,97406880,36041.0
chr13,97406886,97406908,36013.0
chr13,97789888,97789907,27876.0
chr13,97939214,97939242,39581.0
chr13,98737947,98737966,615129.0
chr13,98759645,98759670,593425.0
chr13,98759812,98759840,593255.0
chr13,98810518,98810552,542543.0
chr13,98891273,98891287,461808.0
chr13,98925797,98925826,427269.0
chr13,100015949,100015981,662836.0
chr13,100057763,100057789,704650.0
chr13,100104199,100104214,751086.0
chr13,100174894,100174913,691767.0
chr13,100731100,100731134,135546.0
chr13,100731215,100731229,135451.0
chr13,100731264,100731310,135370.0
chr13,100833844,100833858,32822.0
chr13,100946446,100946461,35053.0
chr13,101538424,101538454,627031.0
chr13,101659340,101659359,747947.0
chr13,101668885,101668944,757492.0
chr13,101669040,101669062,757647.0
chr13,101669067,101669089,757674.0
chr13,101669221,101669236,757828.0
chr13,101669255,101669271,757862.0
chr13,101694346,101694366,782953.0
chr13,101694437,101694453,783044.0
chr13,101696808,101696824,785415.0
chr13,101696834,101696861,785441.0
chr13,101696995,101697017,785602.0
chr13,101701917,101701949,790524.0
chr13,101702107,101702126,790714.0
chr13,101712327,101712353,800934.0
chr13,101713772,101713791,802379.0
chr13,101713932,101713969,802539.0
chr13,101713967,101713983,802574.0
chr13,101719614,101719630,808221.0
chr13,101729659,101729685,818266.0
chr13,101759063,101759083,847670.0
chr13,101759136,101759150,847743.0
chr13,101759399,101759418,848006.0
chr13,101801335,101801357,889942.0
chr13,101801605,101801624,890212.0
chr13,102144032,102144046,1232639.0
chr13,102144105,102144121,1232712.0
chr13,102906306,102906320,1994913.0
chr13,102906557,102906574,1995164.0
chr13,102906748,102906770,1995355.0
chr13,103405483,103405498,2277786.0
chr13,103919610,103919630,1763654.0
chr13,103919791,103919813,1763471.0
chr13,103920208,103920247,1763037.0
chr13,104112646,104112668,1570616.0
chr13,104139904,104139932,1543352.0
chr13,104178553,104178576,1504708.0
chr13,104286166,104286186,1397098.0
chr13,104286253,104286272,1397012.0
chr13,104286300,104286363,1396921.0
chr13,104286676,104286712,1396572.0
chr13,104287688,104287716,1395568.0
chr13,104303354,104303385,1379899.0
chr13,104574505,104574560,1108724.0
chr13,104577802,104577826,1105458.0
chr13,104577831,104577855,1105429.0
chr13,104610585,104610601,1072683.0
chr13,104620328,104620374,1062910.0
chr13,104620437,104620456,1062828.0
chr13,104623379,104623398,1059886.0
chr13,104937786,104937812,745472.0
chr13,104938063,104938117,745167.0
chr13,105067064,105067080,616204.0
chr13,106836133,106836155,170493.0
chr13,107056690,107056712,50024.0
chr13,107094279,107094301,87613.0
chr13,107094460,107094503,87794.0
chr13,107094532,107094546,87866.0
chr13,107523126,107523157,308314.0
chr13,107825703,107825731,5740.0
chr13,107825779,107825795,5676.0
chr13,107825901,107825917,5554.0
chr13,107825959,107825998,5473.0
chr13,107897189,107897205,5628.0
chr13,107897284,107897298,5723.0
chr13,107903904,107903933,12343.0
chr13,107955798,107955826,64237.0
chr13,108041412,108041434,149851.0
chr13,108297892,108297906,406331.0
chr13,108316256,108316278,424695.0
chr13,109230471,109230496,572192.0
chr13,109238980,109239000,563688.0
chr13,109239001,109239028,563660.0
chr13,109239041,109239067,563621.0
chr13,109820191,109820207,17485.0
chr13,109822781,109822803,20075.0
chr13,109823026,109823045,20320.0
chr13,109823087,109823109,20381.0
chr13,109843179,109843201,40473.0
chr13,109845155,109845190,42449.0
chr13,109902801,109902825,100095.0
chr13,109907682,109907698,104976.0
chr13,110382615,110382673,446878.0
chr13,110382832,110382854,446697.0
chr13,110959963,110959995,130394.0
chr13,111065179,111065207,114501.0
chr13,111569392,111569451,108044.0
chr13,111771142,111771165,96242.0
chr13,111771167,111771194,96213.0
chr13,111771307,111771330,96077.0
chr13,111796975,111797010,70397.0
chr13,111797087,111797101,70306.0
chr13,111807138,111807172,60235.0
chr13,111807507,111807521,59886.0
chr13,111808323,111808345,59062.0
chr13,111977726,111977740,25180.0
chr13,111978090,111978105,24815.0
chr13,112000847,112000890,2030.0
chr13,112000935,112000949,1971.0
chr13,112001324,112001347,1573.0
chr13,112287940,112287970,285001.0
chr13,112287982,112288002,285043.0
chr13,112288624,112288656,285685.0
chr13,112289150,112289176,286211.0
chr13,112398665,112398681,395726.0
chr13,112398715,112398731,395776.0
chr13,112418129,112418152,415190.0
chr13,112424630,112424649,421691.0
chr13,112425108,112425164,422169.0
chr13,112427381,112427404,424442.0
chr13,112433344,112433371,430405.0
chr13,112437891,112437905,434952.0
chr13,112438317,112438337,435378.0
chr13,112439348,112439367,436409.0
chr13,112463562,112463590,460623.0
chr13,112472697,112472711,469758.0
chr13,112492339,112492365,489400.0
chr13,112551188,112551219,548249.0
chr13,112551243,112551257,548304.0
chr13,112551525,112551544,548586.0
chr13,112927264,112927283,647175.0
chr13,113170354,113170388,404070.0
chr13,113170451,113170493,403965.0
chr13,113429712,113429726,144732.0
chr13,113579913,113579964,5437.0
chr13,113579971,113579985,5495.0
chr13,113580481,113580515,6005.0
chr13,113614853,113614881,40377.0
chr13,113618810,113618881,44334.0
chr13,114151579,114151601,185115.0
chr13,114151709,114151723,185245.0
chr13,114387363,114387409,420899.0
chr13,114388151,114388173,421687.0
chr13,116854886,116854908,193514.0
chr13,116854969,116854985,193437.0
chr13,116855043,116855073,193349.0
chr13,116855094,116855109,193313.0
chr13,116855288,116855310,193112.0
chr13,116967279,116967299,81123.0
chr13,116967314,116967336,81086.0
chr13,117024064,117024104,24318.0
chr13,117055075,117055101,6635.0
chr13,117196098,117196127,13738.0
chr13,117198341,117198394,11471.0
chr13,117198497,117198534,11331.0
chr13,117211350,117211372,1467.0
chr13,117217824,117217869,2301.0
chr13,117217906,117217920,2250.0
chr13,117217953,117217993,2177.0
chr13,117242304,117242319,22116.0
chr13,117261099,117261125,40911.0
chr13,118387389,118387417,643340.0
chr13,118387685,118387729,643028.0
chr13,118409095,118409110,621647.0
chr13,119836797,119836825,373884.0
chr14,5874719,5874741,938712.0
chr14,5918081,5918107,895346.0
chr14,6930001,6930020,116530.0
chr14,6930232,6930254,116761.0
chr14,7766254,7766270,952783.0
chr14,7774205,7774233,960734.0
chr14,7997729,7997745,1184258.0
chr14,8080122,8080151,1266651.0
chr14,8097950,8097964,1284479.0
chr14,8610712,8610728,1797241.0
chr14,8610834,8610857,1797363.0
chr14,10146720,10146755,3333249.0
chr14,10453069,10453084,3589734.0
chr14,10453779,10453801,3589017.0
chr14,10453909,10453923,3588895.0
chr14,13960439,13960478,82340.0
chr14,14068391,14068426,25555.0
chr14,14068532,14068547,25696.0
chr14,14121190,14121205,78354.0
chr14,14345709,14345731,302873.0
chr14,14346198,14346219,303362.0
chr14,14633341,14633376,590505.0
chr14,14633436,14633450,590600.0
chr14,14634071,14634131,591235.0
chr14,14702843,14702862,660007.0
chr14,14863712,14863729,820876.0
chr14,14863756,14863780,820920.0
chr14,14863780,14863808,820944.0
chr14,14863982,14864006,821146.0
chr14,15272520,15272542,729356.0
chr14,15272726,15272740,729158.0
chr14,15273364,15273386,728512.0
chr14,16170492,16170508,168576.0
chr14,16173470,16173484,171554.0
chr14,16212694,16212709,210778.0
chr14,16243880,16243900,241964.0
chr14,16243945,16243964,242029.0
chr14,16256485,16256501,254569.0
chr14,16364982,16365004,312991.0
chr14,16373000,16373022,304973.0
chr14,16380131,16380153,297842.0
chr14,16380294,16380310,297685.0
chr14,16380432,16380457,297538.0
chr14,18002132,18002147,236450.0
chr14,18002202,18002221,236376.0
chr14,18186925,18186965,51632.0
chr14,18187022,18187036,51561.0
chr14,18187131,18187154,51443.0
chr14,18331146,18331165,40730.0
chr14,18331793,18331808,40087.0
chr14,18665901,18665923,293988.0
chr14,19824052,19824093,138233.0
chr14,19970737,19970751,1228.0
chr14,19976809,19976832,7300.0
chr14,19976880,19976902,7371.0
chr14,19985264,19985283,15755.0
chr14,19986298,19986314,16789.0
chr14,19987013,19987043,17504.0
chr14,20012939,20012995,43430.0
chr14,20013042,20013056,43533.0
chr14,20035195,20035236,65686.0
chr14,20082639,20082658,113130.0
chr14,20282916,20282935,313407.0
chr14,20388968,20388982,419459.0
chr14,20674115,20674135,352647.0
chr14,20674136,20674162,352620.0
chr14,20885555,20885627,141155.0
chr14,20928885,20928924,97858.0
chr14,21078712,21078726,46397.0
chr14,21101980,21101996,69665.0
chr14,21113167,21113182,80852.0
chr14,21500907,21500922,468592.0
chr14,21523539,21523554,491224.0
chr14,21523605,21523619,491290.0
chr14,21659725,21659762,627410.0
chr14,21750284,21750318,717969.0
chr14,22352160,22352179,1319845.0
chr14,23465494,23465516,1707990.0
chr14,25378119,25378135,204595.0
chr14,25393001,25393021,219477.0
chr14,25421953,25421989,248429.0
chr14,25459035,25459054,285511.0
chr14,25517390,25517412,343866.0
chr14,25693772,25693791,520248.0
chr14,26580055,26580088,42687.0
chr14,26670201,26670229,47408.0
chr14,26988750,26988765,5083.0
chr14,27023125,27023156,29259.0
chr14,27229359,27229373,110053.0
chr14,27230881,27230897,108529.0
chr14,27238123,27238142,101284.0
chr14,27238288,27238324,101102.0
chr14,27351870,27351884,12426.0
chr14,27376031,27376084,36587.0
chr14,27376086,27376106,36642.0
chr14,27384331,27384362,44887.0
chr14,27390652,27390666,51208.0
chr14,27390686,27390719,51242.0
chr14,27402739,27402758,63295.0
chr14,27405269,27405294,65825.0
chr14,27405574,27405600,66130.0
chr14,27405744,27405758,66300.0
chr14,27412718,27412732,73274.0
chr14,27412850,27412866,73406.0
chr14,29967757,29967803,656870.0
chr14,29967926,29967953,656720.0
chr14,30061601,30061617,563056.0
chr14,30548963,30548986,75687.0
chr14,30579409,30579428,45245.0
chr14,30579514,30579530,45143.0
chr14,30654087,30654114,29396.0
chr14,30654207,30654247,29516.0
chr14,30654248,30654270,29557.0
chr14,30717039,30717058,92348.0
chr14,31019690,31019716,394999.0
chr14,31019729,31019763,395038.0
chr14,31194798,31194821,467077.0
chr14,31194842,31194858,467040.0
chr14,31195296,31195312,466586.0
chr14,31272443,31272521,389377.0
chr14,31399404,31399430,262468.0
chr14,31414516,31414545,247353.0
chr14,31436316,31436330,225568.0
chr14,31669873,31669892,7957.0
chr14,31670169,31670224,8253.0
chr14,31781922,31781938,120006.0
chr14,31933770,31933864,271854.0
chr14,32006145,32006208,344229.0
chr14,32085200,32085235,423284.0
chr14,32159442,32159458,497526.0
chr14,34401415,34401460,278277.0
chr14,34660243,34660288,537105.0
chr14,34768392,34768406,645254.0
chr14,34768410,34768429,645272.0
chr14,36378143,36378165,515127.0
chr14,36378359,36378373,514919.0
chr14,36864362,36864409,28883.0
chr14,37135641,37135663,182633.0
chr14,37165606,37165628,212598.0
chr14,40894892,40894923,35315.0
chr14,40943829,40943873,13573.0
chr14,40943870,40943922,13614.0
chr14,40947423,40947437,17167.0
chr14,40949982,40950004,19726.0
chr14,41013923,41013939,83667.0
chr14,41033397,41033479,103141.0
chr14,41050525,41050544,120269.0
chr14,41050760,41050775,120504.0
chr14,41245020,41245034,40495.0
chr14,41291730,41291756,6183.0
chr14,44066884,44066916,720654.0
chr14,44167314,44167330,620240.0
chr14,44167372,44167396,620174.0
chr14,44167408,44167434,620136.0
chr14,44167442,44167464,620106.0
chr14,44193813,44193827,593743.0
chr14,44241515,44241530,546040.0
chr14,44241760,44241789,545781.0
chr14,44700006,44700022,87548.0
chr14,45005554,45005576,76364.0
chr14,45005614,45005636,76424.0
chr14,45005738,45005766,76548.0
chr14,45005844,45005858,76654.0
chr14,45041314,45041333,61230.0
chr14,45051722,45052156,50407.0
chr14,45317995,45318017,215414.0
chr14,45329512,45329531,226931.0
chr14,45387506,45387530,284925.0
chr14,45691046,45691103,588465.0
chr14,45691232,45691278,588651.0
chr14,46831632,46831652,273881.0
chr14,47187972,47188014,82421.0
chr14,47257349,47257365,151798.0
chr14,47395927,47395951,290376.0
chr14,47418463,47418504,312912.0
chr14,48367345,48367365,626593.0
chr14,48375432,48375448,634680.0
chr14,49219807,49219823,1479055.0
chr14,49219911,49219941,1479159.0
chr14,49222093,49222107,1481341.0
chr14,49222221,49222237,1481469.0
chr14,49608426,49608440,1867674.0
chr14,49991303,49991319,1900856.0
chr14,50062996,50063027,1829148.0
chr14,50063154,50063192,1828983.0
chr14,50771078,50771100,1121075.0
chr14,50784917,50784945,1107230.0
chr14,50785019,50785049,1107126.0
chr14,50785659,50785692,1106483.0
chr14,50870518,50870537,1021638.0
chr14,50881412,50881431,1010744.0
chr14,50924615,50924634,967541.0
chr14,50925173,50925192,966983.0
chr14,51065137,51065164,827011.0
chr14,51082795,51082809,809366.0
chr14,51089771,51089791,802384.0
chr14,51089857,51089883,802292.0
chr14,51090540,51090555,801620.0
chr14,51098324,51098346,793829.0
chr14,51098523,51098549,793626.0
chr14,51632402,51632425,259750.0
chr14,51843029,51843043,49132.0
chr14,51843071,51843085,49090.0
chr14,51883930,51883965,8210.0
chr14,51884277,51884293,7882.0
chr14,51884335,51884357,7818.0
chr14,51884403,51884432,7743.0
chr14,52103571,52103586,211378.0
chr14,52103638,52103652,211445.0
chr14,52119700,52119764,227507.0
chr14,52123705,52123721,231512.0
chr14,52197307,52197333,172572.0
chr14,52279796,52279822,90083.0
chr14,52588836,52588850,218913.0
chr14,52776073,52776090,406150.0
chr14,53134799,53134818,764876.0
chr14,53559696,53559718,657262.0
chr14,53649445,53649467,567513.0
chr14,53931737,53931751,285229.0
chr14,53960765,53960788,256192.0
chr14,54198069,54198095,18885.0
chr14,54198112,54198138,18842.0
chr14,54198144,54198166,18814.0
chr14,54209946,54209975,7005.0
chr14,54210040,54210059,6921.0
chr14,54233359,54233374,16360.0
chr14,54328802,54328816,111803.0
chr14,54328878,54328905,111879.0
chr14,54360512,54360540,143513.0
chr14,54360549,54360565,143550.0
chr14,54399111,54399163,182112.0
chr14,54423413,54423432,194558.0
chr14,54423467,54423493,194497.0
chr14,54492715,54492734,125256.0
chr14,54517839,54517853,100137.0
chr14,54517907,54517926,100064.0
chr14,54518433,54518514,99476.0
chr14,54518563,54518577,99413.0
chr14,54518860,54518876,99114.0
chr14,54553799,54553818,64172.0
chr14,54554632,54554654,63336.0
chr14,54603764,54603778,14212.0
chr14,54651138,54651168,9633.0
chr14,55079477,55079493,437972.0
chr14,55161611,55161709,520106.0
chr14,55560260,55560296,918755.0
chr14,55629556,55629593,988051.0
chr14,55635901,55635916,994396.0
chr14,55724341,55724366,950661.0
chr14,55724880,55724894,950133.0
chr14,55879865,55879929,795098.0
chr14,55918700,55918726,756301.0
chr14,55918798,55918820,756207.0
chr14,55918952,55918971,756056.0
chr14,56283941,56283957,391070.0
chr14,56284349,56284368,390659.0
chr14,56297045,56297078,377949.0
chr14,56304117,56304181,370846.0
chr14,56304308,56304327,370700.0
chr14,56304384,56304404,370623.0
chr14,56575898,56575913,99114.0
chr14,56576026,56576045,98982.0
chr14,56777738,56777769,102693.0
chr14,56778232,56778246,103187.0
chr14,56793121,56793135,118076.0
chr14,56793156,56793179,118111.0
chr14,56793295,56793327,118250.0
chr14,57372805,57372833,413690.0
chr14,57398721,57398737,439606.0
chr14,57409139,57409158,450024.0
chr14,57409310,57409324,450195.0
chr14,57409355,57409373,450240.0
chr14,57593279,57593301,308949.0
chr14,57617791,57617825,284425.0
chr14,57617969,57617984,284266.0
chr14,57618045,57618059,284191.0
chr14,57657696,57657715,244535.0
chr14,57657750,57657802,244448.0
chr14,57657804,57657839,244411.0
chr14,57680265,57680299,221951.0
chr14,57680360,57680382,221868.0
chr14,57769233,57769252,132998.0
chr14,57772527,57772546,129704.0
chr14,57798019,57798035,104215.0
chr14,57865341,57865360,36890.0
chr14,57908466,57908504,6198.0
chr14,57910508,57910527,8240.0
chr14,58412161,58412180,338224.0
chr14,60694668,60694694,50142.0
chr14,60705371,60705395,39441.0
chr14,60712036,60712063,32773.0
chr14,60738745,60738772,6064.0
chr14,60738864,60738890,5946.0
chr14,60771421,60771470,26567.0
chr14,60771511,60771533,26657.0
chr14,61056616,61056635,311762.0
chr14,61057278,61057292,312424.0
chr14,61173596,61173665,428742.0
chr14,61535861,61535877,243006.0
chr14,61557088,61557113,221770.0
chr14,61599348,61599386,179497.0
chr14,61599384,61599427,179456.0
chr14,61692120,61692147,86736.0
chr14,61718552,61718575,60308.0
chr14,61736673,61736704,42179.0
chr14,61736788,61736816,42067.0
chr14,61737045,61737059,41824.0
chr14,61737201,61737215,41668.0
chr14,61980851,61980871,175146.0
chr14,62022339,62022359,216634.0
chr14,62219143,62219181,413438.0
chr14,62837302,62837317,154830.0
chr14,62940811,62940825,258339.0
chr14,63066867,63066899,384395.0
chr14,63193587,63193610,511115.0
chr14,63544107,63544154,861635.0
chr14,64272660,64272688,658309.0
chr14,64434386,64434408,496589.0
chr14,64441177,64441196,489801.0
chr14,64666932,64666956,264041.0
chr14,64885277,64885303,45694.0
chr14,65044717,65044739,113702.0
chr14,65045438,65045463,114423.0
chr14,65150271,65150287,219256.0
chr14,65330394,65330483,399379.0
chr14,65352278,65352297,421263.0
chr14,65357785,65357811,426770.0
chr14,65357968,65357984,426953.0
chr14,65374096,65374120,443081.0
chr14,65381811,65381830,450796.0
chr14,65598377,65598397,473582.0
chr14,65598442,65598456,473523.0
chr14,65598459,65598481,473498.0
chr14,66198991,66199026,29880.0
chr14,66199860,66199876,29030.0
chr14,66200017,66200039,28867.0
chr14,66250225,66250247,20809.0
chr14,66260518,66260547,31102.0
chr14,66791807,66791874,278476.0
chr14,66869266,66869280,201070.0
chr14,67008724,67008755,61595.0
chr14,67072597,67072619,2229.0
chr14,67188962,67188981,118594.0
chr14,67211602,67211618,141234.0
chr14,67211671,67211687,141303.0
chr14,67211780,67211796,141412.0
chr14,67211994,67212013,141626.0
chr14,68050791,68050827,980423.0
chr14,68993388,68993426,1072221.0
chr14,68993476,68993522,1072125.0
chr14,68993628,68993694,1071953.0
chr14,68993708,68993727,1071920.0
chr14,69707694,69707714,357933.0
chr14,70148126,70148167,82461.0
chr14,70148265,70148284,82600.0
chr14,70154023,70154045,88358.0
chr14,70175947,70175969,110282.0
chr14,70181413,70181453,115748.0
chr14,70272534,70272560,206869.0
chr14,70272599,70272621,206934.0
chr14,70272628,70272650,206963.0
chr14,70276857,70276884,211192.0
chr14,70544910,70544936,479245.0
chr14,70545031,70545092,479366.0
chr14,70659614,70659630,593949.0
chr14,70773480,70773502,707815.0
chr14,70773521,70773535,707856.0
chr14,72603017,72603031,7321.0
chr14,72708791,72708807,113095.0
chr14,72821758,72821797,226062.0
chr14,72822134,72822150,226438.0
chr14,72822167,72822192,226471.0
chr14,72822289,72822303,226593.0
chr14,72822745,72822769,227049.0
chr14,72983441,72983457,104775.0
chr14,73049007,73049023,39209.0
chr14,73049114,73049136,39096.0
chr14,73049314,73049359,38873.0
chr14,73117156,73117178,28875.0
chr14,73123775,73123811,35494.0
chr14,73161878,73161909,73597.0
chr14,73253519,73253541,135596.0
chr14,73289922,73289938,99199.0
chr14,73326096,73326115,63022.0
chr14,73334084,73334106,55031.0
chr14,73335548,73335576,53561.0
chr14,73340284,73340306,48831.0
chr14,73349413,73349448,39689.0
chr14,73349595,73349616,39521.0
chr14,73442354,73442373,43606.0
chr14,73474805,73474843,50475.0
chr14,73507658,73507672,17646.0
chr14,73507731,73507745,17573.0
chr14,74835105,74835127,610623.0
chr14,74847180,74847202,598548.0
chr14,74847612,74847640,598110.0
chr14,74847706,74847732,598018.0
chr14,74880744,74880766,564984.0
chr14,74921283,74921305,524445.0
chr14,74921328,74921342,524408.0
chr14,74948017,74948063,497687.0
chr14,74949115,74949134,496616.0
chr14,74949290,74949312,496438.0
chr14,74984808,74984841,460909.0
chr14,75069310,75069324,376426.0
chr14,75187137,75187151,258599.0
chr14,75230440,75230466,215284.0
chr14,75230684,75230706,215044.0
chr14,75318923,75318949,126801.0
chr14,75754717,75754732,238616.0
chr14,75754740,75754775,238639.0
chr14,75769355,75769383,253254.0
chr14,75769476,75769492,253375.0
chr14,76414291,76414306,898190.0
chr14,76474131,76474150,958030.0
chr14,76474168,76474182,958067.0
chr14,76474268,76474299,958167.0
chr14,76474320,76474336,958219.0
chr14,76582780,76582806,1066679.0
chr14,77011820,77011892,1372646.0
chr14,77149853,77149868,1234670.0
chr14,77875094,77875114,509424.0
chr14,78303694,78303710,80828.0
chr14,78304295,78304326,80212.0
chr14,78306850,78306876,77662.0
chr14,78357010,78357024,27514.0
chr14,78459132,78459152,74576.0
chr14,78459277,78459305,74721.0
chr14,78687684,78687699,303128.0
chr14,78687762,78687820,303206.0
chr14,78698972,78698991,314416.0
chr14,78698999,78699043,314443.0
chr14,78713262,78713294,328706.0
chr14,78908355,78908377,418523.0
chr14,78908441,78908463,418437.0
chr14,78908641,78908667,418233.0
chr14,78914531,78914559,412341.0
chr14,79236467,79236489,90411.0
chr14,79236579,79236623,90277.0
chr14,79236822,79236839,90061.0
chr14,79243908,79243927,82973.0
chr14,79293622,79293648,33252.0
chr14,79393278,79393317,66360.0
chr14,79393543,79393565,66625.0
chr14,79393569,79393583,66651.0
chr14,79451669,79451691,124751.0
chr14,79481759,79481775,154841.0
chr14,79499447,79499463,172529.0
chr14,79515564,79515580,188646.0
chr14,79515776,79515796,188858.0
chr14,79521821,79521850,194903.0
chr14,79521853,79521867,194935.0
chr14,79522065,79522081,195147.0
chr14,79522197,79522234,195279.0
chr14,79530626,79530651,203708.0
chr14,79537387,79537409,210469.0
chr14,79557981,79558005,231063.0
chr14,79587890,79587916,260972.0
chr14,79587927,79587942,261009.0
chr14,82544345,82544380,64348.0
chr14,82544412,82544439,64289.0
chr14,82544446,82544484,64244.0
chr14,83411905,83411919,803159.0
chr14,83411938,83411961,803192.0
chr14,84284360,84284383,398111.0
chr14,84284558,84284592,397902.0
chr14,84284658,84284673,397821.0
chr14,86145949,86146043,209716.0
chr14,86714422,86714447,32106.0
chr14,86714465,86714510,32149.0
chr14,86714522,86714560,32206.0
chr14,86714586,86714600,32270.0
chr14,86736747,86736771,54431.0
chr14,86736990,86737005,54674.0
chr14,86847086,86847100,164770.0
chr14,86847245,86847278,164929.0
chr14,87416664,87416707,306596.0
chr14,87416715,87416729,306647.0
chr14,87452136,87452161,342068.0
chr14,87452166,87452195,342098.0
chr14,87452208,87452224,342140.0
chr14,87452364,87452378,342296.0
chr14,90458858,90458877,2056290.0
chr14,91758698,91758720,3356130.0
chr14,93212788,93212815,3858327.0
chr14,93213255,93213277,3857865.0
chr14,93213513,93213546,3857596.0
chr14,93214378,93214397,3856745.0
chr14,93214405,93214438,3856704.0
chr14,93214447,93214479,3856663.0
chr14,96601367,96601386,469756.0
chr14,100211326,100211360,1266565.0
chr14,100211381,100211401,1266524.0
chr14,101452979,101453006,24919.0
chr14,101453339,101453355,24570.0
chr14,101510808,101510836,32865.0
chr14,102127750,102127769,486820.0
chr14,102983543,102983558,110180.0
chr14,103069856,103069874,23864.0
chr14,103070020,103070046,23692.0
chr14,103099887,103099912,6131.0
chr14,103349362,103349389,255606.0
chr14,103469553,103469572,375797.0
chr14,104027332,104027348,933576.0
chr14,105185020,105185036,111274.0
chr14,105198130,105198144,98166.0
chr14,105198153,105198179,98131.0
chr14,105258540,105258555,37755.0
chr14,105500177,105500193,203849.0
chr14,105500223,105500247,203895.0
chr14,105500255,105500271,203927.0
chr14,105500291,105500307,203963.0
chr14,105500311,105500331,203983.0
chr14,107075178,107075208,56682.0
chr14,111003412,111003442,1291770.0
chr14,111003627,111003644,1291985.0
chr14,111003711,111003725,1292069.0
chr14,115017695,115017717,2447818.0
chr14,115040895,115040909,2424626.0
chr14,118089502,118089522,144135.0
chr14,118173898,118173920,59737.0
chr14,118180398,118180422,53235.0
chr14,118761121,118761140,221635.0
chr14,118761334,118761355,221420.0
chr14,118820158,118820199,162576.0
chr14,118823579,118823605,159170.0
chr14,118864941,118864981,117794.0
chr14,118865010,118865032,117743.0
chr14,118865081,118865105,117670.0
chr14,118865151,118865167,117608.0
chr14,118929797,118929823,52952.0
chr14,118929891,118929913,52862.0
chr14,118929964,118929980,52795.0
chr14,118933081,118933108,49667.0
chr14,120477943,120477957,203205.0
chr14,120544773,120544789,270035.0
chr14,120832166,120832185,557428.0
chr14,121107595,121107621,747288.0
chr14,121311281,121311295,543614.0
chr14,121349542,121349564,505345.0
chr14,121354033,121354048,500861.0
chr14,121366514,121366530,488379.0
chr14,121366532,121366552,488357.0
chr14,121371835,121371885,483024.0
chr14,121373135,121373149,481760.0
chr14,121405412,121405444,449465.0
chr14,121451251,121451265,403644.0
chr14,121484494,121484508,370401.0
chr14,121823005,121823021,31888.0
chr14,121881523,121881552,25183.0
chr14,121898793,121898809,7926.0
chr14,121903745,121903767,2968.0
chr14,121915475,121915509,1583.0
chr14,121929000,121929026,11890.0
chr14,121930772,121930788,13662.0
chr14,121930819,121930850,13709.0
chr14,121931423,121931455,14313.0
chr14,121931535,121931554,14425.0
chr14,121938562,121938584,21452.0
chr14,121938689,121938703,21579.0
chr14,121946434,121946456,29324.0
chr14,121946509,121946525,29399.0
chr14,121954689,121954704,37579.0
chr14,121954919,121954948,37809.0
chr14,121954948,121954963,37838.0
chr14,122000773,122000799,83663.0
chr14,122009412,122009442,92302.0
chr14,122066541,122066555,149431.0
chr14,122073493,122073512,156383.0
chr14,122223702,122223759,306592.0
chr14,122901997,122902013,83457.0
chr14,122951787,122951815,33655.0
chr14,122997436,122997451,11870.0
chr14,122997637,122997653,12071.0
chr14,124294755,124294776,11441.0
chr15,3171905,3171927,2065462.0
chr15,3171998,3172012,2065377.0
chr15,3234389,3234411,2002978.0
chr15,3270598,3270618,1966771.0
chr15,3995267,3995296,1242093.0
chr15,4085835,4085854,1151535.0
chr15,5108564,5108597,128792.0
chr15,5143347,5143366,94023.0
chr15,5143466,5143485,93904.0
chr15,5185277,5185293,52096.0
chr15,5230754,5230770,6619.0
chr15,5409492,5409508,172085.0
chr15,5414417,5414432,177010.0
chr15,5414803,5414835,177396.0
chr15,5446502,5446524,209095.0
chr15,5446748,5446762,209341.0
chr15,5465037,5465107,227630.0
chr15,5510102,5510117,272695.0
chr15,5510394,5510413,272987.0
chr15,5514393,5514425,276986.0
chr15,5517561,5517587,280154.0
chr15,5518041,5518055,280634.0
chr15,5554962,5554984,258466.0
chr15,5555293,5555307,258143.0
chr15,5608038,5608060,205390.0
chr15,5608141,5608156,205294.0
chr15,5740754,5740773,72677.0
chr15,5758810,5758826,54624.0
chr15,5758885,5758907,54543.0
chr15,5762384,5762400,51050.0
chr15,5762956,5762971,50479.0
chr15,5769613,5769687,43763.0
chr15,5776892,5776914,36536.0
chr15,5840136,5840150,26605.0
chr15,5840264,5840330,26733.0
chr15,5840375,5840401,26844.0
chr15,6569018,6569040,14798.0
chr15,6578314,6578333,24094.0
chr15,6578429,6578443,24209.0
chr15,6579585,6579609,25365.0
chr15,6579689,6579711,25469.0
chr15,6592860,6592874,38640.0
chr15,6593120,6593139,38900.0
chr15,6601228,6601283,47008.0
chr15,6612912,6612931,58692.0
chr15,6612986,6613000,58766.0
chr15,6613011,6613030,58791.0
chr15,6707964,6707997,153744.0
chr15,6726359,6726381,172139.0
chr15,8168330,8168391,498875.0
chr15,8168441,8168456,498810.0
chr15,8168546,8168577,498689.0
chr15,8234087,8234101,433165.0
chr15,8234213,8234250,433016.0
chr15,8280351,8280380,386886.0
chr15,8443535,8443549,223717.0
chr15,8444342,8444358,222908.0
chr15,8444676,8444698,222568.0
chr15,8445411,8445433,221833.0
chr15,8451048,8451068,216198.0
chr15,8511886,8511901,155365.0
chr15,8511938,8511960,155306.0
chr15,8590001,8590038,77228.0
chr15,9070971,9070993,364823.0
chr15,9071284,9071317,364499.0
chr15,9472191,9472222,36357.0
chr15,9528245,9528271,52755.0
chr15,9533836,9533852,47174.0
chr15,9572770,9572790,8236.0
chr15,9668559,9668575,87515.0
chr15,9701835,9701911,120791.0
chr15,9701949,9701971,120905.0
chr15,9748032,9748048,166988.0
chr15,10075088,10075114,494044.0
chr15,10982129,10982145,1028734.0
chr15,11533213,11533235,477644.0
chr15,11995275,11995294,15585.0
chr15,12204476,12204507,87227.0
chr15,12204758,12204772,87509.0
chr15,12229842,12229885,112593.0
chr15,12230231,12230268,112982.0
chr15,12285389,12285411,168140.0
chr15,12285429,12285448,168180.0
chr15,12371189,12371204,253940.0
chr15,12380639,12380661,263390.0
chr15,12795432,12795452,678183.0
chr15,13949047,13949084,1831798.0
chr15,14292105,14292124,2061220.0
chr15,14292128,14292142,2061202.0
chr15,14292196,14292215,2061129.0
chr15,22112870,22112886,9202.0
chr15,25216492,25216523,523888.0
chr15,25216629,25216643,523768.0
chr15,25216661,25216675,523736.0
chr15,25227575,25227601,512810.0
chr15,25227762,25227788,512623.0
chr15,25269792,25269814,470597.0
chr15,25269904,25269920,470491.0
chr15,25270172,25270187,470224.0
chr15,25591050,25591072,149339.0
chr15,25817316,25817330,76887.0
chr15,25844536,25844556,104107.0
chr15,25845014,25845066,104087.0
chr15,25858721,25858740,90413.0
chr15,27466651,27466667,1620.0
chr15,27597044,27597068,128666.0
chr15,27641395,27641410,84324.0
chr15,27641695,27641715,84019.0
chr15,27641799,27641835,83899.0
chr15,27647918,27647977,77757.0
chr15,27659756,27659775,65959.0
chr15,27659846,27659877,65857.0
chr15,27668101,27668123,57611.0
chr15,27668274,27668297,57437.0
chr15,27668720,27668736,56998.0
chr15,27668875,27668912,56822.0
chr15,27670052,27670068,55666.0
chr15,27670102,27670124,55610.0
chr15,27671070,27671084,54650.0
chr15,27702643,27702677,23057.0
chr15,27724618,27724649,1085.0
chr15,27785559,27785581,59807.0
chr15,27828360,27828385,102608.0
chr15,28158861,28158884,433109.0
chr15,28159136,28159164,433384.0
chr15,28189436,28189593,463684.0
chr15,28284438,28284463,558686.0
chr15,28284529,28284543,558777.0
chr15,30252686,30252701,829667.0
chr15,30581508,30581533,1158489.0
chr15,30581662,30581683,1158643.0
chr15,31166783,31166821,1717401.0
chr15,31167040,31167076,1717146.0
chr15,31225794,31225829,1658393.0
chr15,31225973,31226018,1658204.0
chr15,31529948,31529967,1354255.0
chr15,31530002,31530031,1354191.0
chr15,31602384,31602405,1281817.0
chr15,31602408,31602515,1281707.0
chr15,34050462,34050491,1166222.0
chr15,34443727,34443741,1085892.0
chr15,34469954,34470026,1059607.0
chr15,35071515,35071535,458098.0
chr15,35071674,35071690,457943.0
chr15,35071826,35071842,457791.0
chr15,35071897,35071919,457714.0
chr15,35119786,35119813,409820.0
chr15,35119820,35119857,409776.0
chr15,35295953,35295972,233661.0
chr15,36173641,36173666,190522.0
chr15,36173866,36173901,190287.0
chr15,36214281,36214297,149891.0
chr15,36214298,36214350,149838.0
chr15,36303494,36303508,60680.0
chr15,36345878,36345916,18272.0
chr15,36346296,36346310,17878.0
chr15,36346562,36346576,17612.0
chr15,36375164,36375190,10958.0
chr15,36415642,36415694,51436.0
chr15,36438883,36438929,74677.0
chr15,36439790,36439836,75584.0
chr15,36449047,36449069,84841.0
chr15,36449088,36449128,84882.0
chr15,36458394,36458416,94188.0
chr15,36458627,36458643,94421.0
chr15,36460930,36460944,96724.0
chr15,36496966,36496982,83704.0
chr15,36496991,36497007,83679.0
chr15,36517841,36517887,62799.0
chr15,36518063,36518094,62592.0
chr15,36565659,36565673,15013.0
chr15,36608791,36608817,28087.0
chr15,36608837,36608868,28133.0
chr15,36608872,36608901,28168.0
chr15,36650153,36650186,69449.0
chr15,36652302,36652324,71598.0
chr15,36652533,36652555,71829.0
chr15,36782170,36782189,201466.0
chr15,36782303,36782327,201599.0
chr15,36902408,36902472,321704.0
chr15,36939221,36939286,358517.0
chr15,36966085,36966128,385381.0
chr15,37783378,37783398,1202674.0
chr15,37783550,37783583,1202846.0
chr15,38129351,38129365,1091656.0
chr15,38129366,38129413,1091608.0
chr15,38129431,38129462,1091559.0
chr15,38129470,38129494,1091527.0
chr15,38129589,38129608,1091413.0
chr15,38519209,38519235,701786.0
chr15,38602490,38602516,618505.0
chr15,38602604,38602652,618369.0
chr15,38634895,38634939,586082.0
chr15,38635062,38635082,585939.0
chr15,39861413,39861441,640374.0
chr15,39913690,39913709,692651.0
chr15,41788380,41788394,44248.0
chr15,41830785,41830801,1841.0
chr15,44619875,44619894,1142167.0
chr15,44619900,44619922,1142192.0
chr15,44836322,44836337,1358614.0
chr15,44836403,44836417,1358695.0
chr15,44836437,44836459,1358729.0
chr15,46870065,46870080,905319.0
chr15,46870134,46870168,905231.0
chr15,46870274,46870300,905099.0
chr15,47783759,47783793,8342.0
chr15,49738227,49738243,835531.0
chr15,49738308,49738327,835612.0
chr15,50350308,50350327,311953.0
chr15,50350337,50350353,311927.0
chr15,50361674,50361690,300590.0
chr15,50361941,50361955,300325.0
chr15,50362184,50362207,300073.0
chr15,50697725,50697760,35427.0
chr15,50698128,50698154,35830.0
chr15,50870248,50870267,207950.0
chr15,50889848,50889895,227550.0
chr15,51846784,51846798,1184486.0
chr15,51847065,51847093,1184767.0
chr15,51847099,51847178,1184801.0
chr15,51871076,51871129,1194791.0
chr15,51991696,51991712,1074208.0
chr15,52839434,52839449,226471.0
chr15,52878710,52878732,187188.0
chr15,53100925,53100947,26854.0
chr15,53216494,53216513,58770.0
chr15,53216633,53216649,58909.0
chr15,53267083,53267110,61030.0
chr15,53267221,53267293,60847.0
chr15,53267449,53267465,60675.0
chr15,53272692,53272735,55405.0
chr15,53272751,53272770,55370.0
chr15,53308599,53308618,19522.0
chr15,53982830,53982852,654672.0
chr15,53982972,53982999,654814.0
chr15,55106818,55106840,722352.0
chr15,55120728,55120742,708450.0
chr15,55120817,55120836,708356.0
chr15,55613611,55613665,215527.0
chr15,55613691,55613738,215454.0
chr15,55764220,55764247,64945.0
chr15,55851237,55851256,2771.0
chr15,55854604,55854623,6138.0
chr15,55889787,55889813,41321.0
chr15,55897073,55897124,48607.0
chr15,56259037,56259059,410571.0
chr15,57693853,57693880,451585.0
chr15,57694052,57694081,451384.0
chr15,57694074,57694106,451359.0
chr15,57695419,57695445,450020.0
chr15,57772847,57772873,372592.0
chr15,57773066,57773088,372377.0
chr15,57773121,57773140,372325.0
chr15,57838945,57838983,306482.0
chr15,57839008,57839027,306438.0
chr15,57839490,57839527,305938.0
chr15,57839588,57839604,305861.0
chr15,57878686,57878708,266757.0
chr15,58141012,58141034,4431.0
chr15,58164634,58164664,19151.0
chr15,58164725,58164744,19242.0
chr15,58165400,58165422,19917.0
chr15,58171394,58171408,25911.0
chr15,58195167,58195201,49684.0
chr15,58384176,58384190,32213.0
chr15,58685288,58685307,268867.0
chr15,58685310,58685324,268889.0
chr15,58750399,58750421,333978.0
chr15,58750432,58750454,334011.0
chr15,58872519,58872545,233666.0
chr15,58974446,58974493,131718.0
chr15,58974579,58974614,131597.0
chr15,58976114,58976140,130071.0
chr15,59081932,59081956,24255.0
chr15,59280273,59280289,174044.0
chr15,59280417,59280466,174188.0
chr15,59280596,59280610,174367.0
chr15,59374495,59374515,268266.0
chr15,59374697,59374719,268468.0
chr15,59389487,59389556,283258.0
chr15,59509053,59509067,402824.0
chr15,59509265,59509279,403036.0
chr15,59525587,59525609,411086.0
chr15,59526405,59526427,410268.0
chr15,59572219,59572238,364457.0
chr15,59573603,59573665,363030.0
chr15,59573714,59573733,362962.0
chr15,59588413,59588447,348248.0
chr15,59592561,59592577,344118.0
chr15,59618394,59618413,318282.0
chr15,59652232,59652246,284449.0
chr15,59913631,59913651,23044.0
chr15,59914121,59914137,22558.0
chr15,59978831,59978845,42118.0
chr15,59978921,59978948,42208.0
chr15,60097559,60097587,4543.0
chr15,60111809,60111823,9661.0
chr15,60120142,60120164,17994.0
chr15,60124610,60124626,22462.0
chr15,60130321,60130380,28173.0
chr15,60136720,60136739,34572.0
chr15,60136753,60136773,34605.0
chr15,60136816,60136835,34668.0
chr15,60141966,60141980,39818.0
chr15,60142018,60142040,39870.0
chr15,61408751,61408773,4877.0
chr15,61420020,61420040,6352.0
chr15,61439962,61439977,26294.0
chr15,61440080,61440102,26412.0
chr15,61440237,61440253,26569.0
chr15,61440284,61440300,26616.0
chr15,61440615,61440660,26947.0
chr15,61481998,61482022,68330.0
chr15,61482125,61482147,68457.0
chr15,61541276,61541292,127608.0
chr15,61541434,61541460,127766.0
chr15,61541538,61541564,127870.0
chr15,61582353,61582377,168685.0
chr15,61670709,61670725,257041.0
chr15,61671086,61671105,257418.0
chr15,61981412,61981426,475989.0
chr15,62038964,62038995,418420.0
chr15,62039090,62039118,418297.0
chr15,62164594,62164644,292771.0
chr15,62164914,62164933,292482.0
chr15,62189703,62189727,267688.0
chr15,62730916,62730942,93261.0
chr15,62734924,62734938,89265.0
chr15,62807714,62807732,16471.0
chr15,63132130,63132149,307909.0
chr15,63828804,63828848,484494.0
chr15,63829051,63829066,484276.0
chr15,63829082,63829139,484203.0
chr15,63989865,63989880,323462.0
chr15,64060316,64060338,253004.0
chr15,64107015,64107041,206301.0
chr15,64107050,64107101,206241.0
chr15,64163301,64163315,150027.0
chr15,64163754,64163769,149573.0
chr15,64185895,64185932,127410.0
chr15,64186337,64186356,126986.0
chr15,64206474,64206508,106834.0
chr15,64211531,64211557,101785.0
chr15,64211740,64211756,101586.0
chr15,64235095,64235119,78223.0
chr15,64235179,64235201,78141.0
chr15,64235685,64235707,77635.0
chr15,64237961,64237976,75366.0
chr15,64246616,64246636,66706.0
chr15,64278991,64279015,34327.0
chr15,64279061,64279075,34267.0
chr15,64279385,64279427,33915.0
chr15,64284861,64284876,28466.0
chr15,64284878,64284901,28441.0
chr15,66445364,66445379,415901.0
chr15,66445714,66445736,415544.0
chr15,66476726,66476748,384532.0
chr15,66512794,66512829,348451.0
chr15,66513108,66513123,348157.0
chr15,66513238,66513257,348023.0
chr15,66558824,66558862,302418.0
chr15,66558900,66558919,302361.0
chr15,66559057,66559071,302209.0
chr15,66559072,66559100,302180.0
chr15,66577351,66577373,283907.0
chr15,66789152,66789174,72106.0
chr15,66789349,66789369,71911.0
chr15,66793257,66793271,68009.0
chr15,66801725,66801747,59533.0
chr15,66804129,66804145,57135.0
chr15,66825808,66825823,35457.0
chr15,66843002,66843033,18247.0
chr15,66859187,66859203,2077.0
chr15,66859206,66859222,2058.0
chr15,66859372,66859387,1893.0
chr15,66865299,66865326,3559.0
chr15,66865406,66865420,3666.0
chr15,66865521,66865537,3781.0
chr15,66969504,66969520,107764.0
chr15,66981490,66981509,119750.0
chr15,66998239,66998265,136499.0
chr15,66998296,66998310,136556.0
chr15,67174577,67174604,312837.0
chr15,68258777,68258804,1397037.0
chr15,69951422,69951441,502171.0
chr15,73155325,73155371,5479.0
chr15,73161953,73161972,12107.0
chr15,73169762,73169808,19916.0
chr15,73169897,73169919,20051.0
chr15,73175857,73175880,26011.0
chr15,73176261,73176282,26415.0
chr15,73176286,73176324,26440.0
chr15,73423892,73423922,82434.0
chr15,73423997,73424013,82343.0
chr15,73424033,73424055,82301.0
chr15,73424122,73424136,82220.0
chr15,73595663,73595677,14380.0
chr15,74687421,74687445,1106138.0
chr15,74933591,74933644,975761.0
chr15,74933664,74933678,975727.0
chr15,74934024,74934043,975362.0
chr15,74934385,74934402,975003.0
chr15,75116488,75116502,792903.0
chr15,75117534,75117549,791856.0
chr15,75436653,75436690,472715.0
chr15,75841811,75841827,67578.0
chr15,75842203,75842223,67182.0
chr15,75894502,75894521,14884.0
chr15,75968956,75968975,59533.0
chr15,75969001,75969027,59578.0
chr15,75969206,75969228,59783.0
chr15,76070024,76070043,160601.0
chr15,76082424,76082440,173001.0
chr15,76239147,76239161,78230.0
chr15,76273810,76273866,43525.0
chr15,76312676,76312690,4701.0
chr15,76327107,76327131,9698.0
chr15,76327140,76327177,9731.0
chr15,76351045,76351061,33636.0
chr15,76380036,76380055,62627.0
chr15,76440363,76440383,122954.0
chr15,76538974,76538988,221565.0
chr15,76550406,76550445,232997.0
chr15,76626249,76626277,308840.0
chr15,76671442,76671457,354033.0
chr15,76671944,76671990,354535.0
chr15,76701096,76701152,383687.0
chr15,76757867,76757886,440458.0
chr15,76770373,76770420,452964.0
chr15,76900015,76900029,325780.0
chr15,76928028,76928050,297759.0
chr15,76948810,76948839,276970.0
chr15,77698815,77698843,472988.0
chr15,77698857,77698879,473030.0
chr15,77789495,77789511,563668.0
chr15,77806000,77806022,580173.0
chr15,77816367,77816387,574665.0
chr15,77838695,77838714,552338.0
chr15,77838848,77838918,552134.0
chr15,77838933,77838959,552093.0
chr15,77839137,77839156,551896.0
chr15,78174833,78174847,216205.0
chr15,78406168,78406182,15098.0
chr15,78528373,78528400,59314.0
chr15,78528413,78528427,59287.0
chr15,78558112,78558134,29580.0
chr15,78558233,78558248,29466.0
chr15,78558352,78558377,29337.0
chr15,78576829,78576845,10869.0
chr15,78581890,78581906,5808.0
chr15,78582046,78582063,5651.0
chr15,78594902,78594942,7169.0
chr15,78595188,78595202,7455.0
chr15,78614445,78614461,26712.0
chr15,78870067,78870102,186259.0
chr15,78913445,78913482,229637.0
chr15,79038894,79038922,355086.0
chr15,79139839,79139881,438099.0
chr15,79209111,79209130,368850.0
chr15,79270361,79270377,307603.0
chr15,79309332,79309354,268626.0
chr15,79323661,79323683,254297.0
chr15,79347281,79347300,230680.0
chr15,79348098,79348114,229866.0
chr15,79441543,79441562,136418.0
chr15,79441870,79441884,136096.0
chr15,79473328,79473342,104638.0
chr15,79473473,79473541,104439.0
chr15,79658207,79658272,80209.0
chr15,79658288,79658307,80290.0
chr15,79658869,79658883,80871.0
chr15,79670619,79670640,92621.0
chr15,79895869,79895888,317871.0
chr15,79950460,79950517,359684.0
chr15,79950538,79950564,359637.0
chr15,79956484,79956503,353698.0
chr15,79956513,79956552,353649.0
chr15,80066797,80066888,243313.0
chr15,80083676,80083698,226503.0
chr15,80192061,80192093,118108.0
chr15,80225226,80225266,84935.0
chr15,80506131,80506153,7674.0
chr15,80506250,80506272,7555.0
chr15,80536547,80536569,22702.0
chr15,80538748,80538785,24903.0
chr15,80538867,80538911,25022.0
chr15,80555571,80555609,41726.0
chr15,80559626,80559648,45781.0
chr15,80572416,80572435,58571.0
chr15,80576634,80576653,62789.0
chr15,80576777,80576808,62932.0
chr15,80582908,80582924,69063.0
chr15,80611614,80611628,97769.0
chr15,80615792,80615808,101947.0
chr15,80630400,80630437,116555.0
chr15,80630455,80630474,116610.0
chr15,80697622,80697639,183777.0
chr15,80711253,80711281,185954.0
chr15,80711291,80711326,185909.0
chr15,80735553,80735572,161663.0
chr15,80735621,80735653,161582.0
chr15,80735704,80735718,161517.0
chr15,80743577,80743599,153636.0
chr15,80744044,80744068,153167.0
chr15,80800835,80800860,96375.0
chr15,80800953,80800985,96250.0
chr15,80929773,80929803,32519.0
chr15,80929832,80929847,32578.0
chr15,80929875,80929889,32621.0
chr15,80929991,80930028,32737.0
chr15,80930942,80930992,33688.0
chr15,80931012,80931093,33758.0
chr15,81081302,81081323,184048.0
chr15,81081583,81081613,184329.0
chr15,81097976,81098002,200722.0
chr15,81098162,81098181,200908.0
chr15,81155018,81155040,147648.0
chr15,81199507,81199569,103119.0
chr15,81301131,81301151,1537.0
chr15,81301516,81301535,1153.0
chr15,81330121,81330137,27415.0
chr15,81330185,81330207,27479.0
chr15,81361165,81361187,58459.0
chr15,81400026,81400042,97320.0
chr15,81539589,81539648,236883.0
chr15,81539763,81539791,237057.0
chr15,81562235,81562257,259529.0
chr15,81729914,81729937,427208.0
chr15,81730305,81730319,427599.0
chr15,81745150,81745164,442444.0
chr15,81745249,81745264,442543.0
chr15,81745253,81745274,442547.0
chr15,81745804,81745826,443098.0
chr15,81859725,81859744,557019.0
chr15,81860055,81860075,557349.0
chr15,81908809,81908842,606103.0
chr15,81909182,81909198,606476.0
chr15,81961315,81961344,658609.0
chr15,82166028,82166047,863322.0
chr15,82166202,82166235,863496.0
chr15,82166734,82166761,864028.0
chr15,82244816,82244854,942110.0
chr15,83076024,83076040,526583.0
chr15,83148694,83148721,453902.0
chr15,83455877,83455897,146726.0
chr15,83563128,83563158,39465.0
chr15,83563234,83563287,39336.0
chr15,84192299,84192321,272642.0
chr15,84192577,84192596,272920.0
chr15,85001418,85001452,1081761.0
chr15,85042284,85042306,1122627.0
chr15,85390065,85390084,1470408.0
chr15,85390253,85390267,1470596.0
chr15,85390310,85390329,1470653.0
chr15,85390361,85390381,1470704.0
chr15,85879559,85879574,1959902.0
chr15,85977125,85977141,2057468.0
chr15,85981960,85981982,2062303.0
chr15,86045585,86045601,2125928.0
chr15,86045636,86045652,2125979.0
chr15,86045667,86045683,2126010.0
chr15,86045736,86045756,2126079.0
chr15,86045762,86045798,2126105.0
chr15,86045863,86045879,2126206.0
chr15,86045886,86045902,2126229.0
chr15,86180274,86180298,2260617.0
chr15,86182627,86182662,2262970.0
chr15,86205402,86205424,2285745.0
chr15,86343091,86343118,2423434.0
chr15,88737034,88737062,338943.0
chr15,88837655,88837671,238334.0
chr15,88931004,88931019,144986.0
chr15,89059633,89059647,16358.0
chr15,89131421,89131444,55398.0
chr15,89149959,89149987,73936.0
chr15,89210266,89210294,134243.0
chr15,89210364,89210379,134341.0
chr15,89211024,89211039,135001.0
chr15,89211210,89211252,135187.0
chr15,89309864,89309883,233841.0
chr15,89343425,89343479,267402.0
chr15,90680260,90680274,221075.0
chr15,93379146,93379171,580571.0
chr15,93518834,93518880,440862.0
chr15,93596117,93596132,363610.0
chr15,94213953,94213982,254193.0
chr15,95791255,95791269,17645.0
chr15,95885155,95885182,111545.0
chr15,96298052,96298086,268130.0
chr15,96507612,96507631,58585.0
chr15,96507781,96507800,58416.0
chr15,96507844,96507892,58324.0
chr15,96543325,96543355,22861.0
chr15,96543554,96543581,22635.0
chr15,96543956,96544025,22191.0
chr15,96638561,96638583,72327.0
chr15,96638611,96638659,72377.0
chr15,96638661,96638693,72427.0
chr15,96640646,96640668,74412.0
chr15,96641004,96641018,74770.0
chr15,96654669,96654683,88435.0
chr15,96666834,96666848,100600.0
chr15,96667001,96667023,100767.0
chr15,96699514,96699539,133280.0
chr15,96699614,96699636,133380.0
chr15,96710341,96710376,144107.0
chr15,96710429,96710445,144195.0
chr15,96710493,96710521,144259.0
chr15,96758099,96758113,191865.0
chr15,96937033,96937047,309802.0
chr15,96937048,96937062,309787.0
chr15,97343618,97343634,21110.0
chr15,97356016,97356031,33508.0
chr15,97356032,97356046,33524.0
chr15,97356416,97356430,33908.0
chr15,97361826,97361840,39318.0
chr15,97373195,97373238,50687.0
chr15,97373244,97373276,50736.0
chr15,97373895,97373910,51387.0
chr15,97374163,97374203,51655.0
chr15,97374483,97374515,51975.0
chr15,97401111,97401130,28316.0
chr15,97406058,97406089,23357.0
chr15,97406101,97406135,23311.0
chr15,97406198,97406235,23211.0
chr15,97406345,97406364,23082.0
chr15,97424646,97424661,4785.0
chr15,97458826,97458848,29362.0
chr15,97464431,97464459,34967.0
chr15,97464532,97464547,35068.0
chr15,97470043,97470065,40579.0
chr15,97665230,97665252,87173.0
chr15,97665261,97665283,87204.0
chr15,97666005,97666044,87948.0
chr15,97667621,97667635,89564.0
chr15,97667657,97667676,89600.0
chr15,97718227,97718256,118548.0
chr15,97718275,97718294,118510.0
chr15,97816275,97816369,20435.0
chr15,97825437,97825451,11353.0
chr15,98089468,98089488,252646.0
chr15,98181666,98181692,344844.0
chr15,98567608,98567623,730786.0
chr15,98610251,98610271,773429.0
chr15,98622602,98622630,771280.0
chr15,98622639,98622659,771251.0
chr15,98622704,98622734,771176.0
chr15,98622756,98622772,771138.0
chr15,98662541,98662557,731353.0
chr15,98831680,98831702,562208.0
chr15,98881320,98881347,512563.0
chr15,98952945,98952976,440934.0
chr15,98986004,98986040,407870.0
chr15,98993959,98993975,399935.0
chr15,99000298,99000353,393557.0
chr15,99026406,99026420,367490.0
chr15,99026431,99026447,367463.0
chr15,99026629,99026656,367254.0
chr15,99026657,99026681,367229.0
chr15,99075010,99075032,318878.0
chr15,99252259,99252288,141622.0
chr15,99294761,99294810,99100.0
chr15,99333208,99333239,60671.0
chr15,99736082,99736112,319116.0
chr15,99772421,99772440,288333.0
chr15,99972453,99972467,88306.0
chr15,100018833,100018855,41918.0
chr15,100041868,100041883,18890.0
chr15,100419186,100419205,153516.0
chr15,100747563,100747595,293488.0
chr15,100747778,100747800,293283.0
chr15,100748046,100748062,293021.0
chr15,100750034,100750073,291010.0
chr15,100750072,100750087,290996.0
chr15,100750224,100750239,290844.0
chr15,100750445,100750467,290616.0
chr15,100750482,100750501,290582.0
chr15,100905100,100905122,135961.0
chr15,100905313,100905344,135739.0
chr15,100905447,100905487,135596.0
chr15,101195900,101195975,47031.0
chr15,101196003,101196137,46869.0
chr15,101246888,101246914,3863.0
chr15,101274702,101274718,31677.0
chr15,101283437,101283453,40412.0
chr15,101284094,101284124,41069.0
chr15,101284441,101284463,41416.0
chr15,101339812,101339840,96787.0
chr15,102115989,102116008,872964.0
chr15,102225582,102225629,982557.0
chr15,102341721,102341745,916612.0
chr15,102350885,102350914,907443.0
chr15,102400039,102400053,858304.0
chr15,102421136,102421165,837192.0
chr15,102421247,102421321,837036.0
chr15,102458192,102458214,800143.0
chr15,102458323,102458350,800007.0
chr15,102458512,102458563,799794.0
chr15,102458857,102458913,799444.0
chr15,102470181,102470195,788162.0
chr15,102518235,102518276,740081.0
chr15,102526203,102526231,732126.0
chr15,102526679,102526725,731632.0
chr15,102526758,102526783,731574.0
chr15,102671352,102671395,586962.0
chr15,102722075,102722100,536257.0
chr15,102742881,102742895,515462.0
chr15,102746972,102746988,511369.0
chr15,103165553,103165569,92788.0
chr15,103224249,103224283,34074.0
chr16,3547262,3547276,3565525.0
chr16,3547508,3547533,3565268.0
chr16,3547746,3547760,3565041.0
chr16,3547761,3547784,3565017.0
chr16,3895428,3895454,3217347.0
chr16,3908504,3908519,3204282.0
chr16,4213984,4214006,2898795.0
chr16,4289785,4289831,2822970.0
chr16,4542246,4542276,2570525.0
chr16,4560094,4560111,2552690.0
chr16,4683898,4683912,2428889.0
chr16,4880476,4880492,2232309.0
chr16,4913870,4913898,2198903.0
chr16,5233686,5233701,1879100.0
chr16,5393705,5393727,1719074.0
chr16,7067143,7067159,45642.0
chr16,8306656,8306675,1193837.0
chr16,8610547,8610561,1497728.0
chr16,8637578,8637592,1524759.0
chr16,8639989,8640017,1527170.0
chr16,8671492,8671518,1558673.0
chr16,8829786,8829808,1716967.0
chr16,8849822,8849862,1737003.0
chr16,8850139,8850159,1737320.0
chr16,10399222,10399236,778416.0
chr16,10536577,10536599,641053.0
chr16,10536604,10536720,640932.0
chr16,10585588,10585607,592045.0
chr16,10585626,10585640,592012.0
chr16,10586633,10586648,591004.0
chr16,10683155,10683187,494465.0
chr16,10683764,10683786,493866.0
chr16,10741262,10741284,436368.0
chr16,10770810,10770827,406825.0
chr16,10770975,10770997,406655.0
chr16,10844454,10844476,333176.0
chr16,11034513,11034567,143085.0
chr16,11109259,11109284,68368.0
chr16,11157800,11157819,19833.0
chr16,11175970,11175996,1656.0
chr16,11218354,11218368,6441.0
chr16,11218490,11218508,6301.0
chr16,11909031,11909072,407877.0
chr16,11972289,11972305,471135.0
chr16,13109172,13109191,81870.0
chr16,13109456,13109478,82154.0
chr16,13160186,13160210,132884.0
chr16,13672828,13672847,645526.0
chr16,13796729,13796748,583201.0
chr16,13796756,13796770,583179.0
chr16,13848637,13848659,531290.0
chr16,14159208,14159222,220727.0
chr16,15594650,15594673,1214683.0
chr16,15863368,15863390,1483401.0
chr16,16302440,16302462,1922473.0
chr16,16358441,16358469,1978474.0
chr16,16828795,16828866,1559374.0
chr16,16829621,16829635,1558605.0
chr16,16870519,16870533,1517707.0
chr16,17015479,17015513,1372727.0
chr16,17015524,17015550,1372690.0
chr16,17015884,17015906,1372334.0
chr16,17016164,17016254,1371986.0
chr16,17110814,17110833,1277407.0
chr16,17146553,17146569,1241671.0
chr16,17146674,17146690,1241550.0
chr16,17146752,17146772,1241468.0
chr16,17146787,17146814,1241426.0
chr16,17452018,17452041,936199.0
chr16,17614895,17614933,773307.0
chr16,17614978,17615032,773208.0
chr16,17694824,17694838,693402.0
chr16,17694996,17695024,693216.0
chr16,17786916,17786935,601305.0
chr16,18075277,18075303,312937.0
chr16,18075313,18075342,312898.0
chr16,18498458,18498485,110200.0
chr16,18858663,18858685,470405.0
chr16,18858765,18858802,470507.0
chr16,18858857,18858879,470599.0
chr16,18858896,18858932,470638.0
chr16,19983326,19983342,947087.0
chr16,20000351,20000367,930062.0
chr16,20000404,20000420,930009.0
chr16,20000634,20000656,929773.0
chr16,20302599,20302613,627816.0
chr16,20425790,20425840,504589.0
chr16,21671966,21671980,439086.0
chr16,21672182,21672210,439302.0
chr16,21689234,21689262,456354.0
chr16,21728094,21728113,495214.0
chr16,22265530,22265544,878924.0
chr16,22466566,22466594,677874.0
chr16,22466857,22466881,677587.0
chr16,22655641,22655660,488808.0
chr16,22807994,22808013,336455.0
chr16,22808065,22808098,336370.0
chr16,22808121,22808146,336322.0
chr16,22857144,22857163,287305.0
chr16,23087681,23087724,56744.0
chr16,23087907,23087926,56542.0
chr16,23087986,23088035,56433.0
chr16,23100034,23100056,44412.0
chr16,23135472,23135547,8921.0
chr16,23135553,23135577,8891.0
chr16,23135658,23135677,8791.0
chr16,23135680,23135695,8773.0
chr16,23151515,23151534,7029.0
chr16,23175171,23175190,30685.0
chr16,23180957,23180983,36471.0
chr16,23195400,23195422,50914.0
chr16,23195509,23195525,51023.0
chr16,23195720,23195739,51234.0
chr16,23225752,23225783,81266.0
chr16,23250528,23250554,106042.0
chr16,23274791,23274807,130305.0
chr16,23286554,23286576,142068.0
chr16,23306215,23306250,161729.0
chr16,23379737,23379783,235251.0
chr16,23609707,23609740,380049.0
chr16,23941312,23941326,48463.0
chr16,23941445,23941467,48322.0
chr16,23983540,23983603,6186.0
chr16,23988445,23988480,1309.0
chr16,23988556,23988571,1218.0
chr16,23991233,23991249,1426.0
chr16,23991538,23991574,1731.0
chr16,23997370,23997386,7563.0
chr16,23997558,23997572,7751.0
chr16,24092136,24092152,102329.0
chr16,24092228,24092250,102421.0
chr16,24151579,24151594,61353.0
chr16,24151621,24151635,61312.0
chr16,24151729,24151748,61199.0
chr16,24154262,24154289,58658.0
chr16,24154285,24154304,58643.0
chr16,24154322,24154368,58579.0
chr16,24155188,24155210,57737.0
chr16,24155460,24155482,57465.0
chr16,24159530,24159545,53402.0
chr16,24159619,24159634,53313.0
chr16,24223272,24223287,10307.0
chr16,24263154,24263191,50189.0
chr16,24263199,24263224,50234.0
chr16,24263275,24263315,50310.0
chr16,24392525,24392555,146464.0
chr16,24507238,24507257,31762.0
chr16,24527331,24527350,11669.0
chr16,24527518,24527533,11486.0
chr16,24527561,24527586,11433.0
chr16,24629229,24629262,90192.0
chr16,24629316,24629338,90279.0
chr16,24909700,24909719,89946.0
chr16,24909795,24909809,90041.0
chr16,24910308,24910322,90554.0
chr16,24910683,24910702,90929.0
chr16,24910939,24910967,91185.0
chr16,25426391,25426429,214624.0
chr16,27349646,27349662,150804.0
chr16,27457317,27457336,258475.0
chr16,27457535,27457580,258693.0
chr16,29834661,29834677,289846.0
chr16,29834857,29834883,289640.0
chr16,29834943,29834962,289561.0
chr16,29835058,29835114,289409.0
chr16,29835127,29835158,289365.0
chr16,29835159,29835173,289350.0
chr16,29845826,29845841,278682.0
chr16,29845943,29845965,278558.0
chr16,30186032,30186054,61491.0
chr16,30187892,30187920,63351.0
chr16,30453847,30453869,14676.0
chr16,30510269,30510288,71098.0
chr16,30520619,30520641,81448.0
chr16,30587539,30587561,148368.0
chr16,30679098,30679117,239927.0
chr16,30679329,30679348,240158.0
chr16,30686713,30686747,247542.0
chr16,30948548,30948602,73851.0
chr16,31039979,31040001,17508.0
chr16,31663225,31663245,399000.0
chr16,31663248,31663264,398981.0
chr16,32078092,32078118,9965.0
chr16,32078116,32078132,9989.0
chr16,32078253,32078269,10126.0
chr16,32087518,32087532,19391.0
chr16,32087562,32087589,19435.0
chr16,32107574,32107593,39447.0
chr16,32108108,32108151,39981.0
chr16,32108196,32108212,40069.0
chr16,32111072,32111109,42945.0
chr16,32111144,32111160,43017.0
chr16,32111321,32111337,43194.0
chr16,32247309,32247331,179182.0
chr16,32332246,32332261,264119.0
chr16,32520711,32520725,452584.0
chr16,32572757,32572779,504630.0
chr16,32750399,32750421,682272.0
chr16,32750612,32750635,682485.0
chr16,32750896,32750911,682769.0
chr16,32750999,32751022,682872.0
chr16,32751328,32751356,683201.0
chr16,32812919,32812933,744792.0
chr16,32913912,32913934,845785.0
chr16,32949181,32949221,881054.0
chr16,32954419,32954435,886292.0
chr16,33261851,33261882,1193724.0
chr16,33261955,33261970,1193828.0
chr16,33337536,33337563,1269409.0
chr16,33371164,33371204,1303037.0
chr16,33371450,33371465,1303323.0
chr16,33371474,33371497,1303347.0
chr16,33584448,33584470,1516321.0
chr16,33606912,33606956,1538785.0
chr16,33714460,33714476,1646333.0
chr16,33747348,33747396,1679221.0
chr16,33747873,33747896,1679746.0
chr16,33751321,33751337,1683194.0
chr16,33965255,33965277,1897128.0
chr16,35742221,35742235,199389.0
chr16,35742565,35742598,199026.0
chr16,35742718,35742740,198884.0
chr16,35743107,35743126,198498.0
chr16,35765746,35765765,175859.0
chr16,35765784,35765804,175820.0
chr16,35765846,35765868,175756.0
chr16,35793193,35793274,148350.0
chr16,35871497,35871549,70075.0
chr16,35984030,35984045,24315.0
chr16,36040924,36040939,30072.0
chr16,36477077,36477099,406047.0
chr16,36603076,36603090,532046.0
chr16,36666940,36666976,595910.0
chr16,36666997,36667022,595967.0
chr16,36675117,36675157,604087.0
chr16,36684324,36684363,613294.0
chr16,36684529,36684555,613499.0
chr16,36684672,36684694,613642.0
chr16,36828798,36828828,608507.0
chr16,36922358,36922389,514946.0
chr16,36927483,36927497,509838.0
chr16,37011546,37011568,425767.0
chr16,37814793,37814815,214384.0
chr16,38346838,38346879,215137.0
chr16,38353145,38353179,221444.0
chr16,38456781,38456800,325080.0
chr16,38562644,38562686,430943.0
chr16,38632138,38632196,500437.0
chr16,38632485,38632501,500784.0
chr16,38678683,38678756,546982.0
chr16,38729803,38729825,598102.0
chr16,42190162,42190182,1164853.0
chr16,42583657,42583676,1558348.0
chr16,42875294,42875318,1620553.0
chr16,42875395,42875411,1620460.0
chr16,42907426,42907448,1588423.0
chr16,43573501,43573515,922356.0
chr16,43573810,43573844,922027.0
chr16,43614951,43614974,880897.0
chr16,43615134,43615169,880702.0
chr16,43664291,43664317,831554.0
chr16,43699224,43699278,796593.0
chr16,43709506,43709526,786345.0
chr16,43709823,43709865,786006.0
chr16,43710164,43710186,785685.0
chr16,43979181,43979197,516674.0
chr16,43980303,43980331,515540.0
chr16,43980325,43980360,515511.0
chr16,43980596,43980631,515240.0
chr16,44139178,44139221,356650.0
chr16,44320589,44320611,175260.0
chr16,44320624,44320646,175225.0
chr16,44332888,44332910,162961.0
chr16,44333016,44333035,162836.0
chr16,44362730,44362802,133069.0
chr16,44419062,44419076,76795.0
chr16,44419101,44419117,76754.0
chr16,44692157,44692197,196268.0
chr16,44734133,44734158,238244.0
chr16,44734171,44734187,238282.0
chr16,44734297,44734319,238408.0
chr16,44735695,44735717,239806.0
chr16,44735830,44735849,239941.0
chr16,44736139,44736161,240250.0
chr16,44742861,44742892,246972.0
chr16,44745766,44745788,249877.0
chr16,44745892,44745917,250003.0
chr16,44999910,44999944,176563.0
chr16,45007289,45007310,169197.0
chr16,45016794,45016808,159699.0
chr16,45019020,45019036,157471.0
chr16,45019079,45019116,157391.0
chr16,45025500,45025514,150993.0
chr16,45025593,45025607,150900.0
chr16,45090249,45090271,86236.0
chr16,45158506,45158571,17936.0
chr16,45251808,45251824,28036.0
chr16,45251904,45251923,28132.0
chr16,45251928,45251957,28156.0
chr16,45382450,45382476,34547.0
chr16,45389662,45389681,41759.0
chr16,45407734,45407750,59831.0
chr16,45409141,45409163,61238.0
chr16,45795264,45795293,214305.0
chr16,45942439,45942458,67140.0
chr16,45942484,45942498,67100.0
chr16,45998453,45998515,11083.0
chr16,46006287,46006301,3297.0
chr16,46016821,46016843,5934.0
chr16,46016853,46016900,5966.0
chr16,46120412,46120431,109525.0
chr16,46313125,46313140,302238.0
chr16,47804044,47804066,791119.0
chr16,48672033,48672049,76830.0
chr16,48772063,48772091,14232.0
chr16,48772342,48772370,13953.0
chr16,48788630,48788644,2289.0
chr16,48788916,48788930,2575.0
chr16,48812093,48812111,25752.0
chr16,48992501,48992521,206160.0
chr16,49164436,49164450,378095.0
chr16,49503979,49503993,433703.0
chr16,49791054,49791076,146620.0
chr16,49818557,49818603,119093.0
chr16,49818629,49818657,119039.0
chr16,49818772,49818794,118902.0
chr16,49819085,49819104,118592.0
chr16,49888056,49888144,49552.0
chr16,49936150,49936172,1524.0
chr16,49936218,49936232,1464.0
chr16,50030813,50030829,92676.0
chr16,50030825,50030839,92688.0
chr16,50069320,50069336,131183.0
chr16,50069483,50069505,131346.0
chr16,50372849,50372869,434712.0
chr16,50736524,50736558,798387.0
chr16,50737124,50737171,798987.0
chr16,50841640,50841764,903503.0
chr16,50994699,50994728,863124.0
chr16,51076171,51076193,781659.0
chr16,51370042,51370058,487794.0
chr16,51370135,51370153,487699.0
chr16,51675159,51675188,182664.0
chr16,51675273,51675288,182564.0
chr16,51705417,51705448,152404.0
chr16,51718863,51718885,138967.0
chr16,52032353,52032369,23861.0
chr16,52054531,52054546,1684.0
chr16,52060533,52060555,4285.0
chr16,52060628,52060647,4380.0
chr16,52064859,52064878,8611.0
chr16,52068152,52068167,11904.0
chr16,52082102,52082116,25854.0
chr16,52082167,52082186,25919.0
chr16,52082204,52082252,25956.0
chr16,52082380,52082433,26132.0
chr16,52129766,52129782,13285.0
chr16,52147231,52147248,4146.0
chr16,52155479,52155501,12394.0
chr16,52182160,52182179,39075.0
chr16,52182204,52182240,39119.0
chr16,52182303,52182325,39218.0
chr16,52200186,52200309,57101.0
chr16,52454420,52454436,311335.0
chr16,54020893,54020915,684446.0
chr16,55129334,55129359,708916.0
chr16,55129432,55129455,708820.0
chr16,55129627,55129649,708626.0
chr16,55159340,55159355,678920.0
chr16,55480279,55480295,357980.0
chr16,55480380,55480402,357873.0
chr16,55480709,55480725,357550.0
chr16,55526301,55526315,311960.0
chr16,55526323,55526345,311930.0
chr16,55526405,55526427,311848.0
chr16,55526976,55527033,311242.0
chr16,55531130,55531145,307130.0
chr16,55531244,55531266,307009.0
chr16,55551244,55551263,287012.0
chr16,55582980,55582996,255279.0
chr16,55636965,55636987,201288.0
chr16,55752324,55752338,85937.0
chr16,55787744,55787766,50509.0
chr16,55820858,55820872,17403.0
chr16,55820879,55820898,17377.0
chr16,55852970,55852989,14677.0
chr16,55863400,55863431,25107.0
chr16,55863438,55863492,25145.0
chr16,55906961,55906981,68668.0
chr16,55907175,55907209,68882.0
chr16,55924249,55924271,85956.0
chr16,55924314,55924354,86021.0
chr16,55934108,55934128,95815.0
chr16,55934190,55934212,95897.0
chr16,55947935,55947954,109642.0
chr16,55948078,55948092,109785.0
chr16,55948112,55948134,109819.0
chr16,55948152,55948174,109859.0
chr16,55948194,55948216,109901.0
chr16,55949170,55949191,110877.0
chr16,56076187,56076236,237894.0
chr16,56076243,56076257,237950.0
chr16,57084822,57084837,152261.0
chr16,57084918,57084940,152357.0
chr16,57167425,57167460,150493.0
chr16,57422304,57422323,104333.0
chr16,57470707,57470726,114551.0
chr16,57470870,57470890,114387.0
chr16,57470912,57470926,114351.0
chr16,57492034,57492049,93228.0
chr16,57495564,57495586,89691.0
chr16,57495786,57495821,89456.0
chr16,57495872,57495891,89386.0
chr16,57496002,57496022,89255.0
chr16,57607009,57607061,21714.0
chr16,57607159,57607178,21864.0
chr16,57611825,57611853,26530.0
chr16,57611877,57611918,26582.0
chr16,58508094,58508110,288509.0
chr16,59639512,59639531,385002.0
chr16,62707950,62707971,2056595.0
chr16,62708098,62708117,2056449.0
chr16,62786384,62786406,1978160.0
chr16,62847363,62847422,1917144.0
chr16,62852938,62852953,1911613.0
chr16,62940726,62940765,1823801.0
chr16,64789883,64789899,10548.0
chr16,64789982,64789996,10451.0
chr16,64873780,64873796,37429.0
chr16,64941717,64941731,105366.0
chr16,64942091,64942131,105740.0
chr16,65320874,65320889,128969.0
chr16,66435485,66435501,938582.0
chr16,68533450,68533464,2140824.0
chr16,68533708,68533722,2140566.0
chr16,69639107,69639122,1035166.0
chr16,70326478,70326502,347786.0
chr16,70568607,70568632,105656.0
chr16,70568653,70568667,105621.0
chr16,70568917,70568931,105357.0
chr16,74552346,74552383,1781592.0
chr16,74957070,74957092,1376883.0
chr16,74957232,74957251,1376724.0
chr16,75767243,75767296,566679.0
chr16,75855378,75855397,478578.0
chr16,75855785,75855815,478160.0
chr16,75855904,75855935,478040.0
chr16,75894297,75894328,439647.0
chr16,75894400,75894428,439547.0
chr16,75903065,75903079,430896.0
chr16,75903177,75903191,430784.0
chr16,75908717,75908731,425244.0
chr16,75908923,75908939,425036.0
chr16,75909091,75909110,424865.0
chr16,75909349,75909371,424604.0
chr16,75909373,75909392,424583.0
chr16,75929784,75929810,404165.0
chr16,75983691,75983707,350268.0
chr16,75984011,75984041,349934.0
chr16,76219343,76219365,114610.0
chr16,76283930,76283945,50030.0
chr16,76321724,76321749,12226.0
chr16,76321937,76321956,12019.0
chr16,76337196,76337230,3203.0
chr16,76354681,76354695,20688.0
chr16,76370807,76370827,36814.0
chr16,76680299,76680319,257622.0
chr16,76899239,76899270,476562.0
chr16,76899345,76899365,476668.0
chr16,77057385,77057401,634708.0
chr16,77057411,77057433,634734.0
chr16,77060543,77060582,637866.0
chr16,78198831,78198853,1776154.0
chr16,78200486,78200508,1777809.0
chr16,78452585,78452604,2017782.0
chr16,78490392,78490416,1979970.0
chr16,78490647,78490663,1979723.0
chr16,78532224,78532243,1938143.0
chr16,78532370,78532386,1938000.0
chr16,78540350,78540364,1930022.0
chr16,78540415,78540432,1929954.0
chr16,78540723,78540751,1929635.0
chr16,78546689,78546705,1923681.0
chr16,78547476,78547514,1922872.0
chr16,78557742,78557756,1912630.0
chr16,78563553,78563579,1906807.0
chr16,78563744,78563766,1906620.0
chr16,78577265,78577280,1893106.0
chr16,78892469,78892491,1577895.0
chr16,81044870,81044884,574466.0
chr16,83237213,83237235,1956654.0
chr16,84251253,84251267,942622.0
chr16,84583614,84583640,610249.0
chr16,84583718,84583737,610152.0
chr16,84584027,84584049,609840.0
chr16,84584147,84584167,609722.0
chr16,84584172,84584187,609702.0
chr16,84621731,84621745,572144.0
chr16,84703133,84703182,490707.0
chr16,84703184,84703206,490683.0
chr16,84824845,84824874,369015.0
chr16,84824978,84824992,368897.0
chr16,84835218,84835260,358629.0
chr16,84835626,84835645,358244.0
chr16,87661856,87661884,2467949.0
chr16,87661952,87661974,2468045.0
chr16,87699304,87699326,2505397.0
chr16,87709328,87709350,2515421.0
chr16,87746833,87746855,2498170.0
chr16,87754987,87755009,2490016.0
chr16,87774388,87774414,2470611.0
chr16,87931638,87931687,2313338.0
chr16,87931694,87931719,2313306.0
chr16,87931755,87931783,2313242.0
chr16,89774791,89774814,470211.0
chr16,89827807,89827831,417194.0
chr16,89905440,89905480,339545.0
chr16,89905917,89905941,339084.0
chr16,90143504,90143523,101502.0
chr16,90220259,90220287,24738.0
chr16,90448947,90448971,203904.0
chr16,91061848,91061867,17151.0
chr16,91103386,91103456,58689.0
chr16,91103465,91103494,58768.0
chr16,91366672,91366689,14484.0
chr16,91374133,91374147,21945.0
chr16,91374185,91374201,21997.0
chr16,91374399,91374427,22211.0
chr16,91374612,91374648,22424.0
chr16,91406614,91406628,54426.0
chr16,91407407,91407493,55219.0
chr16,91433501,91433526,51136.0
chr16,91443370,91443392,41270.0
chr16,91443685,91443757,40905.0
chr16,91443778,91443806,40856.0
chr16,91445863,91445893,38769.0
chr16,91446866,91446895,37767.0
chr16,91458313,91458341,26321.0
chr16,91461491,91461530,23132.0
chr16,91466724,91466763,17899.0
chr16,91512656,91512781,27968.0
chr16,91685480,91685542,200792.0
chr16,91685557,91685571,200869.0
chr16,91789577,91789591,304889.0
chr16,91789707,91789729,305019.0
chr16,91826176,91826211,341488.0
chr16,91931577,91931599,446889.0
chr16,91963516,91963538,478828.0
chr16,92019318,92019340,534630.0
chr16,92019341,92019365,534653.0
chr16,92019494,92019531,534806.0
chr16,92058956,92058983,574268.0
chr16,92301459,92301478,400495.0
chr16,92641208,92641236,60737.0
chr16,92767863,92767878,65872.0
chr16,92818505,92818543,116514.0
chr16,92822035,92822061,120044.0
chr16,92826029,92826051,124038.0
chr16,92826266,92826303,124275.0
chr16,92826361,92826383,124370.0
chr16,92867555,92867584,165564.0
chr16,92867981,92868000,165990.0
chr16,92869018,92869037,167027.0
chr16,92869047,92869096,167056.0
chr16,92869103,92869197,167112.0
chr16,93016986,93017001,314995.0
chr16,93543773,93543789,260163.0
chr16,93574829,93574855,229097.0
chr16,93574902,93574916,229036.0
chr16,93780783,93780802,23150.0
chr16,94095276,94095295,196474.0
chr16,94095326,94095354,196524.0
chr16,94185396,94185418,146704.0
chr16,94313180,94313228,18894.0
chr16,94374227,94374243,41826.0
chr16,94404135,94404155,71734.0
chr16,94404231,94404260,71830.0
chr16,94589060,94589079,7624.0
chr16,94589307,94589326,7377.0
chr16,94601865,94601881,5144.0
chr16,94632197,94632216,35476.0
chr16,95150801,95150833,554080.0
chr16,95189398,95189435,592677.0
chr16,95196867,95196881,600146.0
chr16,95197053,95197072,600332.0
chr16,95219256,95219279,622535.0
chr16,95263012,95263039,638577.0
chr16,95263197,95263216,638400.0
chr16,95263321,95263336,638280.0
chr16,95341616,95341638,559978.0
chr16,95341802,95341821,559795.0
chr16,95360250,95360266,541350.0
chr16,95360321,95360357,541259.0
chr16,95749530,95749544,152072.0
chr16,95750410,95750437,151179.0
chr16,95750516,95750535,151081.0
chr16,95770434,95770458,131158.0
chr16,95779202,95779237,122379.0
chr16,95798454,95798473,103143.0
chr16,95798553,95798611,103005.0
chr16,95799168,95799203,102413.0
chr16,95806328,95806413,95203.0
chr16,95806495,95806539,95077.0
chr16,95816106,95816134,85482.0
chr16,95821151,95821167,80449.0
chr16,95893775,95893794,7822.0
chr16,96145040,96145054,46649.0
chr16,96192725,96192768,1004.0
chr16,96273256,96273276,81535.0
chr16,96341396,96341421,149675.0
chr16,96341420,96341439,149699.0
chr16,96629643,96629658,437922.0
chr16,96903243,96903265,359349.0
chr16,96903348,96903394,359220.0
chr16,96903452,96903514,359100.0
chr16,96903545,96903568,359046.0
chr16,97401795,97401815,129291.0
chr16,97402052,97402066,129548.0
chr17,3102177,3102203,20722.0
chr17,3102262,3102276,20649.0
chr17,3114339,3114392,8533.0
chr17,3114696,3114715,8210.0
chr17,3165182,3165231,42239.0
chr17,3165253,3165268,42310.0
chr17,3209761,3209784,86818.0
chr17,3209801,3209817,86858.0
chr17,3209902,3209924,86959.0
chr17,3224716,3224742,101773.0
chr17,3505542,3505556,173591.0
chr17,3557282,3557296,121851.0
chr17,4907778,4907802,129163.0
chr17,4980532,4980548,201917.0
chr17,5126256,5126278,123072.0
chr17,5138890,5138913,110437.0
chr17,5429483,5429505,180115.0
chr17,5440483,5440532,191115.0
chr17,5748008,5748030,65501.0
chr17,5748432,5748469,65062.0
chr17,5801954,5801970,11561.0
chr17,5804594,5804608,8923.0
chr17,5828282,5828297,14733.0
chr17,5841933,5841970,28384.0
chr17,5842051,5842065,28502.0
chr17,5977228,5977259,33771.0
chr17,6079447,6079469,135990.0
chr17,6861331,6861345,82845.0
chr17,7147867,7147886,369381.0
chr17,7164115,7164129,385629.0
chr17,7164229,7164257,385743.0
chr17,7865663,7865707,62060.0
chr17,7875062,7875089,52678.0
chr17,7884798,7884820,42947.0
chr17,7931835,7931857,4050.0
chr17,8147200,8147220,18873.0
chr17,8147251,8147267,18924.0
chr17,8311662,8311689,183335.0
chr17,8311775,8311809,183448.0
chr17,8311880,8311896,183553.0
chr17,8311970,8312002,183643.0
chr17,8372115,8372137,243788.0
chr17,8372242,8372261,243915.0
chr17,8372360,8372391,244033.0
chr17,8372690,8372746,244363.0
chr17,8562620,8562634,434293.0
chr17,8936827,8936841,152265.0
chr17,8988144,8988163,100943.0
chr17,10232655,10232677,649904.0
chr17,10232678,10232697,649927.0
chr17,10232723,10232763,649972.0
chr17,10319630,10319662,736879.0
chr17,10320391,10320415,737640.0
chr17,10953427,10953456,675429.0
chr17,11758463,11758483,129560.0
chr17,11758551,11758565,129648.0
chr17,12119786,12119814,490883.0
chr17,12119830,12119848,490927.0
chr17,12119914,12119936,491011.0
chr17,12195160,12195188,428054.0
chr17,12205677,12205701,417541.0
chr17,12206039,12206053,417189.0
chr17,12371517,12371539,251703.0
chr17,12371900,12371916,251326.0
chr17,12372093,12372148,251094.0
chr17,12372167,12372189,251053.0
chr17,12655896,12655918,32415.0
chr17,12677260,12677282,53779.0
chr17,12745897,12745923,24124.0
chr17,12759314,12759346,10701.0
chr17,12779860,12779876,9795.0
chr17,13759887,13759901,767767.0
chr17,14759611,14759626,231925.0
chr17,15499862,15499876,972176.0
chr17,15706350,15706381,1033540.0
chr17,15826037,15826052,913869.0
chr17,15894602,15894621,845300.0
chr17,15964551,15964573,775348.0
chr17,15964607,15964633,775288.0
chr17,17374431,17374445,634492.0
chr17,17600019,17600047,860080.0
chr17,17624888,17624907,884949.0
chr17,17625590,17625604,885651.0
chr17,17636271,17636287,896332.0
chr17,17636518,17636537,896579.0
chr17,20944501,20944538,1945664.0
chr17,20944656,20944677,1945819.0
chr17,21384248,21384288,2385411.0
chr17,21384421,21384435,2385584.0
chr17,21449972,21450012,2451135.0
chr17,21463557,21463579,2464720.0
chr17,21463670,21463689,2464833.0
chr17,21477977,21477999,2479140.0
chr17,21504818,21504862,2505981.0
chr17,21536656,21536693,2537819.0
chr17,21536701,21536723,2537864.0
chr17,21536874,21536893,2538037.0
chr17,21962070,21962117,2963233.0
chr17,21962187,21962209,2963350.0
chr17,21962960,21962985,2964123.0
chr17,21963206,21963220,2964369.0
chr17,21963237,21963276,2964400.0
chr17,22230854,22230877,2953425.0
chr17,22361099,22361121,2823181.0
chr17,22472108,22472127,2712175.0
chr17,22472171,22472190,2712112.0
chr17,22472200,22472222,2712080.0
chr17,22649236,22649268,2535034.0
chr17,22649278,22649309,2534993.0
chr17,22649317,22649336,2534966.0
chr17,22867239,22867290,2317012.0
chr17,22877770,22877816,2306486.0
chr17,22906844,22906859,2277443.0
chr17,22906921,22906943,2277359.0
chr17,23598415,23598437,1585865.0
chr17,23598529,23598545,1585757.0
chr17,23599002,23599024,1585278.0
chr17,23620801,23620823,1563479.0
chr17,23993516,23993545,1190757.0
chr17,24073765,24073790,1110512.0
chr17,24126895,24126926,1057376.0
chr17,24707791,24707821,476481.0
chr17,24720237,24720263,464039.0
chr17,24961027,24961049,223253.0
chr17,25116065,25116087,68215.0
chr17,25188392,25188411,4072.0
chr17,25224597,25224677,16209.0
chr17,25773550,25773572,532646.0
chr17,25792721,25792747,551817.0
chr17,25823259,25823318,582355.0
chr17,25823421,25823480,582517.0
chr17,25874924,25874939,634020.0
chr17,25875150,25875172,634246.0
chr17,25942213,25942235,701309.0
chr17,26168304,26168320,927400.0
chr17,26503064,26503086,631096.0
chr17,26503644,26503666,630516.0
chr17,26508565,26508585,625597.0
chr17,26509286,26509317,624865.0
chr17,26532180,26532202,601980.0
chr17,26532777,26532839,601343.0
chr17,26551132,26551147,583035.0
chr17,26572566,26572585,561597.0
chr17,26572837,26572853,561329.0
chr17,26676780,26676802,457380.0
chr17,26676861,26676883,457299.0
chr17,26715679,26715710,418472.0
chr17,26837322,26837338,296844.0
chr17,26843204,26843267,290915.0
chr17,26939205,26939219,194963.0
chr17,26973413,26973432,160750.0
chr17,27012364,27012384,121798.0
chr17,27204628,27204672,70428.0
chr17,27322884,27322898,188684.0
chr17,27323146,27323184,188946.0
chr17,27323186,27323212,188986.0
chr17,27323224,27323249,189024.0
chr17,27342245,27342264,208045.0
chr17,27342469,27342484,208269.0
chr17,27839939,27839954,68293.0
chr17,28144011,28144027,63238.0
chr17,28210737,28210753,129964.0
chr17,28211890,28211912,131117.0
chr17,28218102,28218116,137329.0
chr17,28256833,28256848,176060.0
chr17,28256857,28256871,176084.0
chr17,28553212,28553227,472439.0
chr17,28553332,28553425,472559.0
chr17,28601166,28601188,520393.0
chr17,28612498,28612512,531725.0
chr17,28612627,28612647,531854.0
chr17,28613081,28613111,532308.0
chr17,28613253,28613275,532480.0
chr17,28613276,28613309,532503.0
chr17,28625615,28625634,544842.0
chr17,28692347,28692366,611574.0
chr17,28697343,28697362,616570.0
chr17,28698403,28698427,617630.0
chr17,28701364,28701378,620591.0
chr17,28882628,28882656,554993.0
chr17,28882712,28882731,554918.0
chr17,28927355,28927371,510278.0
chr17,28927527,28927541,510108.0
chr17,28952085,28952148,485501.0
chr17,29003894,29003916,433733.0
chr17,29003934,29003956,433693.0
chr17,29003980,29004008,433641.0
chr17,29004094,29004116,433533.0
chr17,29008121,29008144,429505.0
chr17,29015899,29015956,421693.0
chr17,29015987,29016009,421640.0
chr17,29016049,29016068,421581.0
chr17,29041355,29041382,396267.0
chr17,29041394,29041413,396236.0
chr17,29041525,29041549,396100.0
chr17,29081980,29082006,355643.0
chr17,29095203,29095217,342432.0
chr17,29095719,29095733,341916.0
chr17,29193545,29193567,244082.0
chr17,29268665,29268705,168944.0
chr17,29394083,29394105,43544.0
chr17,29394267,29394281,43368.0
chr17,29428742,29428808,8841.0
chr17,29429289,29429341,8308.0
chr17,29490313,29490341,52646.0
chr17,29492220,29492289,54553.0
chr17,29501130,29501144,63463.0
chr17,29531863,29531877,94196.0
chr17,29614698,29614712,154404.0
chr17,29934207,29934233,39233.0
chr17,30006055,30006110,26357.0
chr17,30006119,30006141,26421.0
chr17,30046696,30046710,66998.0
chr17,30199726,30199742,211335.0
chr17,30363658,30363680,47397.0
chr17,30530106,30530130,119011.0
chr17,30530130,30530145,119035.0
chr17,30559901,30559949,148806.0
chr17,30559962,30560004,148867.0
chr17,30612228,30612244,201133.0
chr17,30681674,30681696,270579.0
chr17,30681903,30681917,270808.0
chr17,31033118,31033147,21342.0
chr17,31033250,31033269,21474.0
chr17,31039588,31039631,27812.0
chr17,31039878,31039905,28102.0
chr17,31057609,31057628,45833.0
chr17,31058824,31058838,47048.0
chr17,31070320,31070372,58544.0
chr17,31070405,31070421,58629.0
chr17,31070469,31070488,58693.0
chr17,31077889,31077905,66113.0
chr17,31136919,31136968,112031.0
chr17,31137071,31137179,111820.0
chr17,31205259,31205340,43659.0
chr17,31205777,31205796,43203.0
chr17,31206229,31206249,42750.0
chr17,31206478,31206497,42502.0
chr17,31206570,31206652,42347.0
chr17,31223889,31223926,25073.0
chr17,31296751,31296771,47734.0
chr17,31436890,31436905,187873.0
chr17,31436983,31437003,187966.0
chr17,31512509,31512537,263492.0
chr17,31519753,31519769,270736.0
chr17,31519818,31519840,270801.0
chr17,31520450,31520476,271433.0
chr17,31790098,31790114,241814.0
chr17,31821385,31821407,210521.0
chr17,31824831,31824853,207075.0
chr17,31825016,31825038,206890.0
chr17,31840421,31840449,191479.0
chr17,31840635,31840661,191267.0
chr17,31840892,31840911,191017.0
chr17,32053892,32053914,21946.0
chr17,32073325,32073423,41379.0
chr17,32965291,32965327,289509.0
chr17,32966251,32966270,288566.0
chr17,33033448,33033463,221373.0
chr17,33033556,33033613,221223.0
chr17,33394771,33394798,104919.0
chr17,33524069,33524116,234217.0
chr17,33568780,33568815,278928.0
chr17,33719005,33719059,232311.0
chr17,33851444,33851463,99907.0
chr17,33902850,33902865,48505.0
chr17,33902868,33902890,48480.0
chr17,33963334,33963348,11946.0
chr17,33992074,33992088,40686.0
chr17,33992131,33992147,40743.0
chr17,34047998,34048012,96610.0
chr17,34102988,34103007,68450.0
chr17,34103072,34103088,68369.0
chr17,34103100,34103134,68323.0
chr17,34231243,34231258,59767.0
chr17,34305290,34305307,133814.0
chr17,34305452,34305550,133976.0
chr17,34305546,34305598,134070.0
chr17,34313424,34313440,141948.0
chr17,34313532,34313558,142056.0
chr17,34603625,34603640,13989.0
chr17,34899958,34900021,310322.0
chr17,34932525,34932562,342889.0
chr17,34980831,34980854,373354.0
chr17,34980908,34980936,373272.0
chr17,35000518,35000537,353671.0
chr17,35121593,35121613,232595.0
chr17,35135514,35135540,218668.0
chr17,35186149,35186174,168034.0
chr17,35186206,35186246,167962.0
chr17,35204999,35205021,149187.0
chr17,35241523,35241542,112666.0
chr17,35258694,35258711,95497.0
chr17,35578493,35578512,224267.0
chr17,35706229,35706248,235364.0
chr17,35706251,35706265,235347.0
chr17,35739820,35739845,201767.0
chr17,35739998,35740012,201600.0
chr17,35742380,35742434,199178.0
chr17,35742504,35742541,199071.0
chr17,35841025,35841040,100572.0
chr17,35841097,35841117,100495.0
chr17,35841118,35841137,100475.0
chr17,35841766,35841799,99813.0
chr17,35970110,35970139,28480.0
chr17,35979576,35979598,37946.0
chr17,36020784,36020800,79154.0
chr17,36021079,36021107,79449.0
chr17,36031971,36032009,90341.0
chr17,36032033,36032055,90403.0
chr17,36033093,36033110,91463.0
chr17,36033115,36033131,91485.0
chr17,36112077,36112094,170447.0
chr17,36112099,36112115,170469.0
chr17,36227138,36227164,285508.0
chr17,36227258,36227272,285628.0
chr17,36227271,36227287,285641.0
chr17,36257263,36257303,315633.0
chr17,36824232,36824254,737428.0
chr17,36958891,36958952,602730.0
chr17,37203801,37203816,357866.0
chr17,37358191,37358236,203446.0
chr17,37955201,37955220,393501.0
chr17,38162330,38162385,600630.0
chr17,40750995,40751014,1464591.0
chr17,40934341,40934376,1647937.0
chr17,41523566,41523588,2175941.0
chr17,41691280,41691294,2008235.0
chr17,42093097,42093113,1606416.0
chr17,42093116,42093147,1606382.0
chr17,42875870,42875885,823644.0
chr17,42987790,42987812,711717.0
chr17,43667176,43667198,32331.0
chr17,43667421,43667451,32078.0
chr17,44076091,44076132,376544.0
chr17,44076153,44076214,376606.0
chr17,44569476,44569500,869929.0
chr17,44690418,44690433,883095.0
chr17,44718338,44718379,855149.0
chr17,44735456,44735530,837998.0
chr17,45119982,45120006,453522.0
chr17,45433717,45433737,139791.0
chr17,45433876,45433921,139607.0
chr17,45489202,45489217,84311.0
chr17,45555416,45555435,18093.0
chr17,45555443,45555467,18061.0
chr17,45619736,45619766,46190.0
chr17,46283268,46283297,122366.0
chr17,46772294,46772364,611392.0
chr17,46772402,46772418,611500.0
chr17,46829232,46829246,668330.0
chr17,46829315,46829329,668413.0
chr17,46835359,46835373,674457.0
chr17,46856925,46857033,696023.0
chr17,46870508,46870546,709606.0
chr17,46870749,46870765,709847.0
chr17,46870777,46870796,709875.0
chr17,46871239,46871262,710337.0
chr17,46888789,46888821,727887.0
chr17,46890099,46890115,729197.0
chr17,46890421,46890435,729519.0
chr17,47080670,47080686,842915.0
chr17,47140560,47140577,783024.0
chr17,47171180,47171204,752397.0
chr17,47332723,47332771,590830.0
chr17,47368705,47368752,554849.0
chr17,47501850,47501872,421729.0
chr17,47507886,47507931,415670.0
chr17,47531637,47531659,391942.0
chr17,47533806,47533822,389779.0
chr17,47533864,47533889,389712.0
chr17,47534155,47534169,389432.0
chr17,47534177,47534226,389375.0
chr17,47534221,47534258,389343.0
chr17,47534333,47534355,389246.0
chr17,47600102,47600116,323485.0
chr17,47600290,47600316,323285.0
chr17,47740206,47740220,183381.0
chr17,47740330,47740373,183228.0
chr17,47943042,47943064,19422.0
chr17,47989361,47989381,54561.0
chr17,47989414,47989441,54501.0
chr17,47989497,47989521,54421.0
chr17,48281797,48281831,144179.0
chr17,48293732,48293771,132239.0
chr17,48300940,48300954,125056.0
chr17,48301267,48301286,124724.0
chr17,48326069,48326085,99925.0
chr17,49443834,49443859,279215.0
chr17,49443923,49443937,279304.0
chr17,49444373,49444388,279754.0
chr17,49444422,49444437,279803.0
chr17,49446086,49446108,281467.0
chr17,49446402,49446434,281783.0
chr17,49993282,49993298,148666.0
chr17,50132848,50132864,9100.0
chr17,50173593,50173607,31611.0
chr17,50173739,50173765,31757.0
chr17,50185627,50185641,43645.0
chr17,50185795,50185817,43813.0
chr17,50426259,50426288,284277.0
chr17,50426307,50426328,284325.0
chr17,50470178,50470216,328196.0
chr17,50470225,50470240,328243.0
chr17,50470647,50470673,328665.0
chr17,50470803,50470817,328821.0
chr17,50483683,50483702,341701.0
chr17,50484070,50484090,342088.0
chr17,50484114,50484133,342132.0
chr17,50484139,50484154,342157.0
chr17,50509455,50509490,367473.0
chr17,50525527,50525561,383545.0
chr17,50555140,50555155,413158.0
chr17,50555183,50555221,413201.0
chr17,51800374,51800415,64901.0
chr17,51800469,51800489,64996.0
chr17,51800544,51800566,65071.0
chr17,51805706,51805729,70233.0
chr17,51805887,51805916,70414.0
chr17,51805945,51805969,70472.0
chr17,51814426,51814440,65784.0
chr17,51814614,51814640,65584.0
chr17,51820616,51820641,59583.0
chr17,51833981,51834008,46216.0
chr17,51855340,51855373,24851.0
chr17,51904276,51904300,11104.0
chr17,51906507,51906530,13335.0
chr17,51906598,51906617,13426.0
chr17,51906843,51906858,13671.0
chr17,52062371,52062395,63236.0
chr17,52062569,52062585,63046.0
chr17,52062684,52062699,62932.0
chr17,52064642,52064664,60967.0
chr17,52119579,52119605,6026.0
chr17,52119608,52119630,6001.0
chr17,52162498,52162535,11908.0
chr17,52162856,52162878,12266.0
chr17,52162920,52162935,12330.0
chr17,52168965,52168981,18375.0
chr17,52178062,52178091,27472.0
chr17,52348803,52348822,100193.0
chr17,52468439,52468461,19406.0
chr17,52468688,52468710,19655.0
chr17,52468740,52468762,19707.0
chr17,52560176,52560197,111143.0
chr17,52591972,52591986,142939.0
chr17,52592156,52592190,143123.0
chr17,53566819,53566841,1117786.0
chr17,53568123,53568146,1119090.0
chr17,53568357,53568376,1119324.0
chr17,53570820,53570850,1121787.0
chr17,53570964,53571005,1121931.0
chr17,53582484,53582515,1133451.0
chr17,53582520,53582549,1133487.0
chr17,53582578,53582597,1133545.0
chr17,53587508,53587524,1138475.0
chr17,53587790,53587809,1138757.0
chr17,53587906,53587923,1138873.0
chr17,53631373,53631388,1182340.0
chr17,53631462,53631482,1182429.0
chr17,53631623,53631652,1182590.0
chr17,53650342,53650364,1201309.0
chr17,53650383,53650402,1201350.0
chr17,55112401,55112422,759098.0
chr17,55112458,55112472,759048.0
chr17,55184321,55184336,687184.0
chr17,55712664,55712678,158842.0
chr17,55958899,55958915,87361.0
chr17,56036966,56036985,165428.0
chr17,56078779,56078820,207241.0
chr17,56078872,56078904,207334.0
chr17,56078908,56078924,207370.0
chr17,56079114,56079130,207576.0
chr17,56111743,56111785,240205.0
chr17,56163638,56163660,292100.0
chr17,56163861,56163876,292323.0
chr17,56200152,56200168,328614.0
chr17,56255842,56255866,371693.0
chr17,56269207,56269236,358323.0
chr17,56277179,56277195,350364.0
chr17,56277240,56277266,350293.0
chr17,56277483,56277500,350059.0
chr17,56289908,56289945,337614.0
chr17,56443478,56443494,184065.0
chr17,56445230,56445278,182281.0
chr17,56445360,56445382,182177.0
chr17,56445388,56445459,182100.0
chr17,56445512,56445526,182033.0
chr17,56445582,56445597,181962.0
chr17,56506962,56506988,120571.0
chr17,56585059,56585112,42447.0
chr17,56842476,56842502,214899.0
chr17,56990157,56990173,362580.0
chr17,57032122,57032137,404545.0
chr17,57131872,57131887,504295.0
chr17,57219197,57219216,591620.0
chr17,57275756,57275779,648179.0
chr17,57276799,57276826,649222.0
chr17,57276854,57276868,649277.0
chr17,57286821,57286840,659244.0
chr17,57290486,57290508,662909.0
chr17,57855917,57855955,234327.0
chr17,57971539,57971576,118706.0
chr17,57971703,57971728,118554.0
chr17,59909224,59909240,1818924.0
chr17,59909294,59909335,1818994.0
chr17,63324334,63324353,924128.0
chr17,63324672,63324692,923789.0
chr17,63324690,63324706,923775.0
chr17,63324732,63324746,923735.0
chr17,63405298,63405313,843168.0
chr17,63405441,63405460,843021.0
chr17,63405819,63405841,842640.0
chr17,64331770,64331784,83271.0
chr17,64332492,64332511,83993.0
chr17,64580012,64580035,331513.0
chr17,64754271,64754290,505772.0
chr17,64754470,64754505,505971.0
chr17,64754628,64754650,506129.0
chr17,64827071,64827116,578572.0
chr17,65540878,65540951,388438.0
chr17,65870269,65870296,59093.0
chr17,65962138,65962168,32731.0
chr17,66070768,66070790,30999.0
chr17,66074206,66074228,27561.0
chr17,66084481,66084503,17286.0
chr17,66084703,66084733,17056.0
chr17,66111258,66111283,8847.0
chr17,69383122,69383169,357793.0
chr17,69396430,69396465,371101.0
chr17,69396733,69396789,371404.0
chr17,69416421,69416463,391092.0
chr17,70430436,70430521,631669.0
chr17,70430542,70430569,631621.0
chr17,70852302,70852329,209861.0
chr17,70852429,70852451,209739.0
chr17,70852972,70852994,209196.0
chr17,70853115,70853131,209059.0
chr17,70853903,70853943,208247.0
chr17,70873958,70873978,188212.0
chr17,70925015,70925030,137160.0
chr17,70925053,70925083,137107.0
chr17,70973912,70973928,88262.0
chr17,70974278,70974294,87896.0
chr17,70986052,70986083,76107.0
chr17,70986238,70986260,75930.0
chr17,71165307,71165326,103099.0
chr17,71165370,71165389,103162.0
chr17,71196065,71196112,133857.0
chr17,71196170,71196219,133962.0
chr17,71230535,71230557,168327.0
chr17,71486453,71486485,424245.0
chr17,71491262,71491286,429054.0
chr17,71526341,71526373,464133.0
chr17,72821837,72821869,354114.0
chr17,72822036,72822055,353928.0
chr17,72822085,72822117,353866.0
chr17,72918204,72918219,257764.0
chr17,72918459,72918517,257466.0
chr17,72935872,72935892,240091.0
chr17,72936063,72936085,239898.0
chr17,72939417,72939436,236547.0
chr17,72939580,72939613,236370.0
chr17,72939616,72939642,236341.0
chr17,72939853,72939905,236078.0
chr17,72949388,72949404,226579.0
chr17,72949594,72949611,226372.0
chr17,72966183,72966215,209768.0
chr17,72967868,72967894,208089.0
chr17,72967948,72967964,208019.0
chr17,72996938,72996954,179029.0
chr17,73034293,73034313,141670.0
chr17,73034385,73034405,141578.0
chr17,73034654,73034676,141307.0
chr17,73087470,73087492,88491.0
chr17,73107185,73107312,68671.0
chr17,73107777,73107799,68184.0
chr17,73142001,73142015,33968.0
chr17,73142428,73142448,33535.0
chr17,73142448,73142467,33516.0
chr17,73151223,73151242,24741.0
chr17,73151640,73151662,24321.0
chr17,73151768,73151783,24200.0
chr17,73151770,73151796,24187.0
chr17,73151828,73151850,24133.0
chr17,73153909,73153928,22055.0
chr17,73164023,73164046,11937.0
chr17,73169468,73169496,6487.0
chr17,73169756,73169770,6213.0
chr17,73169990,73170009,5974.0
chr17,73170146,73170165,5818.0
chr17,73170171,73170205,5778.0
chr17,73174426,73174448,1535.0
chr17,73222122,73222138,46121.0
chr17,73222290,73222316,46289.0
chr17,73246814,73246839,70813.0
chr17,73246998,73247027,70997.0
chr17,73304479,73304519,128478.0
chr17,73813243,73813263,1807.0
chr17,73869664,73869696,1942.0
chr17,73952589,73952629,50225.0
chr17,73952633,73952674,50269.0
chr17,74315953,74315972,113168.0
chr17,74489125,74489174,59967.0
chr17,74894770,74894803,177012.0
chr17,75877037,75877056,1159279.0
chr17,76213356,76213370,1130897.0
chr17,78351630,78351667,648407.0
chr17,78351787,78351807,648267.0
chr17,78352272,78352300,647774.0
chr17,78352678,78352718,647356.0
chr17,78362459,78362481,637593.0
chr17,78455179,78455211,544863.0
chr17,79379292,79379328,379200.0
chr17,79964859,79964881,964767.0
chr17,80105630,80105656,1105538.0
chr17,80112717,80112739,1112625.0
chr17,80112974,80112993,1112882.0
chr17,80139673,80139733,1139581.0
chr17,80159155,80159170,1159063.0
chr17,80169862,80169881,1169770.0
chr17,80169992,80170021,1169900.0
chr17,80170161,80170181,1170069.0
chr17,80323772,80323794,1323680.0
chr17,80454612,80454626,1454520.0
chr17,80479040,80479062,1478948.0
chr17,80479188,80479215,1479096.0
chr17,80479263,80479291,1479171.0
chr17,80483275,80483297,1483183.0
chr17,80553309,80553325,1553217.0
chr17,80553956,80553984,1553864.0
chr17,80561060,80561103,1560968.0
chr17,80772618,80772632,1772526.0
chr17,81330495,81330515,2316463.0
chr17,81330614,81330633,2316345.0
chr17,82687201,82687216,959762.0
chr17,82687403,82687425,959553.0
chr17,83158352,83158366,488612.0
chr17,83158462,83158513,488465.0
chr17,83253012,83253038,393940.0
chr17,83267835,83267854,379124.0
chr17,83271935,83271955,375023.0
chr17,83277081,83277100,369878.0
chr17,83277103,83277139,369839.0
chr17,83278337,83278351,368627.0
chr17,83365138,83365173,281805.0
chr17,83365421,83365443,281535.0
chr17,83397379,83397401,249577.0
chr17,83397430,83397444,249534.0
chr17,83453850,83453902,193076.0
chr17,83457426,83457459,189519.0
chr17,83512477,83512505,134473.0
chr17,83514470,83514490,132488.0
chr17,83527516,83527530,119448.0
chr17,83690347,83690384,43351.0
chr17,83690399,83690418,43403.0
chr17,83707533,83707560,60537.0
chr17,83707668,83707690,60672.0
chr17,83707777,83707810,60781.0
chr17,83707947,83707961,60951.0
chr17,83709571,83709604,62575.0
chr17,83709619,83709647,62623.0
chr17,83709652,83709668,62656.0
chr17,83709669,83709688,62673.0
chr17,83721207,83721227,74211.0
chr17,83721310,83721324,74314.0
chr17,83721365,83721384,74369.0
chr17,83848433,83848454,201437.0
chr17,83862066,83862080,215070.0
chr17,83862864,83862892,215868.0
chr17,83918420,83918442,244723.0
chr17,83935390,83935410,227755.0
chr17,83935647,83935667,227498.0
chr17,83936384,83936441,226724.0
chr17,84004391,84004413,158752.0
chr17,84145683,84145742,17423.0
chr17,84146010,84146044,17121.0
chr17,84181029,84181051,17846.0
chr17,84181206,84181232,18023.0
chr17,84183241,84183278,20058.0
chr17,84231532,84231556,68349.0
chr17,84241592,84241606,78409.0
chr17,84268497,84268516,62280.0
chr17,84293372,84293391,37405.0
chr17,84314404,84314431,16365.0
chr17,84314479,84314501,16295.0
chr17,84333126,84333148,2312.0
chr17,84333256,84333275,2442.0
chr17,84419668,84419693,88854.0
chr17,84419737,84419751,88923.0
chr17,84423199,84423213,92385.0
chr17,84423300,84423333,92486.0
chr17,84423396,84423415,92582.0
chr17,84423567,84423600,92753.0
chr17,84790703,84790722,379986.0
chr17,84855664,84855693,315015.0
chr17,84877817,84877882,292826.0
chr17,84877950,84877966,292742.0
chr17,84878261,84878283,292425.0
chr17,84893285,84893307,277401.0
chr17,84894130,84894153,276555.0
chr17,84894155,84894187,276521.0
chr17,84957155,84957174,213534.0
chr17,85023796,85023821,146887.0
chr17,85023825,85023840,146868.0
chr17,85090431,85090450,80258.0
chr17,86144852,86144888,612958.0
chr17,86145513,86145563,612283.0
chr17,86323326,86323341,434505.0
chr17,86329695,86329711,428135.0
chr17,86336914,86336930,420916.0
chr17,86337165,86337184,420662.0
chr17,86337217,86337236,420610.0
chr17,86445070,86445084,312762.0
chr17,86535859,86535924,221922.0
chr17,86779251,86779273,21386.0
chr17,86962730,86962748,204865.0
chr17,86988399,86988415,230534.0
chr17,86988495,86988512,230630.0
chr17,87025587,87025623,257699.0
chr17,87025858,87025884,257438.0
chr17,87044692,87044707,238615.0
chr17,87044749,87044764,238558.0
chr17,87119034,87119049,164273.0
chr17,87119419,87119441,163881.0
chr17,87365377,87365399,82037.0
chr17,87447256,87447278,163916.0
chr17,87447424,87447470,164084.0
chr17,87571908,87571923,288568.0
chr17,87571916,87571955,288576.0
chr17,87571994,87572029,288654.0
chr17,87665412,87665453,382072.0
chr17,87672930,87672956,384890.0
chr17,88042432,88042464,15382.0
chr17,88042477,88042510,15336.0
chr17,88064785,88064804,6921.0
chr17,88111866,88111922,12017.0
chr17,88112649,88112665,11274.0
chr17,94864690,94864704,3941319.0
chr18,3280697,3280726,1032007.0
chr18,3280757,3280776,1031957.0
chr18,3337704,3337720,975013.0
chr18,4295194,4295216,17517.0
chr18,4295231,4295259,17474.0
chr18,4295809,4295856,16877.0
chr18,4920126,4920154,606119.0
chr18,5162920,5162971,525523.0
chr18,5335000,5335014,353480.0
chr18,5592975,5593049,95445.0
chr18,5593885,5593911,94583.0
chr18,5594253,5594272,94222.0
chr18,5603672,5603696,84798.0
chr18,5621078,5621092,67402.0
chr18,5621256,5621277,67217.0
chr18,6106944,6106960,418431.0
chr18,6281157,6281205,483685.0
chr18,6281323,6281338,483552.0
chr18,6377559,6377587,387303.0
chr18,6490139,6490165,274725.0
chr18,7608775,7608791,302239.0
chr18,7608810,7608872,302158.0
chr18,8850202,8850228,619261.0
chr18,8850441,8850473,619016.0
chr18,10181037,10181069,519895.0
chr18,10307822,10307844,393120.0
chr18,10307981,10308000,392964.0
chr18,10308006,10308020,392944.0
chr18,10308111,10308126,392838.0
chr18,10531859,10531923,169041.0
chr18,12102133,12102147,445420.0
chr18,12167883,12167941,511170.0
chr18,12498422,12498446,841709.0
chr18,12771824,12771850,1115111.0
chr18,12972877,12972893,1316164.0
chr18,13027122,13027211,1370409.0
chr18,13027333,13027349,1370620.0
chr18,14782774,14782839,3126061.0
chr18,14782961,14782985,3126248.0
chr18,15204412,15204430,3547699.0
chr18,15204575,15204612,3547862.0
chr18,20947020,20947048,11880.0
chr18,20947132,20947213,11715.0
chr18,20947265,20947281,11647.0
chr18,20962636,20962662,3690.0
chr18,20962672,20962686,3726.0
chr18,20962782,20962808,3836.0
chr18,20962826,20962862,3880.0
chr18,20963037,20963061,4091.0
chr18,21145698,21145729,186752.0
chr18,21145973,21145995,187027.0
chr18,23804138,23804161,2845192.0
chr18,23845099,23845121,2886153.0
chr18,24020500,24020519,3061554.0
chr18,24122081,24122095,3163135.0
chr18,25241965,25241990,4283019.0
chr18,30267572,30267594,1521271.0
chr18,30267615,30267666,1521199.0
chr18,30272641,30272667,1516198.0
chr18,31144619,31144638,644227.0
chr18,31608990,31609024,179841.0
chr18,31609147,31609194,179671.0
chr18,32240074,32240102,219295.0
chr18,32398040,32398060,200380.0
chr18,32837008,32837027,26237.0
chr18,32837086,32837100,26315.0
chr18,32837141,32837160,26370.0
chr18,32880755,32880769,65029.0
chr18,32880896,32880920,64878.0
chr18,32953147,32953169,7330.0
chr18,32953824,32953838,8007.0
chr18,32953962,32953976,8145.0
chr18,32954023,32954052,8206.0
chr18,32954101,32954128,8284.0
chr18,32954185,32954201,8368.0
chr18,32955387,32955416,9570.0
chr18,32970368,32970382,20496.0
chr18,32970638,32970703,20175.0
chr18,32978898,32978933,11945.0
chr18,32979059,32979079,11799.0
chr18,32979290,32979312,11566.0
chr18,32979626,32979646,11232.0
chr18,33089622,33089658,98726.0
chr18,33112978,33112997,122082.0
chr18,33826107,33826126,835211.0
chr18,34118096,34118117,545092.0
chr18,34330761,34330780,332429.0
chr18,34415925,34415955,247254.0
chr18,34507473,34507488,155721.0
chr18,34507635,34507675,155534.0
chr18,34631298,34631327,31882.0
chr18,34777563,34777578,114336.0
chr18,34779502,34779516,116275.0
chr18,34783699,34783730,120472.0
chr18,34783910,34783925,120683.0
chr18,34788313,34788341,125086.0
chr18,34788445,34788459,125218.0
chr18,34856332,34856351,193105.0
chr18,34932294,34932313,269067.0
chr18,35499328,35499358,411178.0
chr18,35598972,35598986,311550.0
chr18,35661423,35661462,249074.0
chr18,35661484,35661518,249018.0
chr18,35747154,35747180,163356.0
chr18,35747616,35747666,162870.0
chr18,35774038,35774076,136460.0
chr18,35829983,35830019,80517.0
chr18,35849855,35849871,60665.0
chr18,35888446,35888461,22075.0
chr18,35889376,35889392,21144.0
chr18,36670471,36670485,759917.0
chr18,36735071,36735105,824517.0
chr18,36760004,36760026,849450.0
chr18,37800767,37800797,13703.0
chr18,37883558,37883572,68287.0
chr18,37926193,37926227,110922.0
chr18,38406506,38406530,13517.0
chr18,38406553,38406572,13475.0
chr18,38407817,38407831,12216.0
chr18,38426933,38426947,6868.0
chr18,38427149,38427171,7084.0
chr18,38441617,38441641,21552.0
chr18,38601568,38601616,181503.0
chr18,38632044,38632066,211979.0
chr18,38930715,38930776,495272.0
chr18,39083079,39083105,342943.0
chr18,39083168,39083190,342858.0
chr18,39138008,39138024,288024.0
chr18,39140694,39140716,285332.0
chr18,39140860,39140886,285162.0
chr18,39490931,39490970,64865.0
chr18,39491485,39491507,65419.0
chr18,39518700,39518729,92634.0
chr18,39518768,39518784,92702.0
chr18,39518889,39518917,92823.0
chr18,39656391,39656408,230325.0
chr18,39666133,39666149,240067.0
chr18,39719161,39719183,293095.0
chr18,41951522,41951544,323380.0
chr18,42262215,42262234,12690.0
chr18,45212311,45212333,474991.0
chr18,46176244,46176259,454632.0
chr18,46176357,46176371,454520.0
chr18,46281048,46281070,349821.0
chr18,46281076,46281090,349801.0
chr18,46607482,46607499,23392.0
chr18,46746138,46746154,115229.0
chr18,46958594,46958608,327685.0
chr18,48507338,48507366,250688.0
chr18,48507460,48507486,250810.0
chr18,48531415,48531434,274765.0
chr18,48531522,48531559,274872.0
chr18,49721746,49721762,258302.0
chr18,49721773,49721799,258265.0
chr18,49721928,49721943,258121.0
chr18,49755160,49755182,224882.0
chr18,49756389,49756431,223633.0
chr18,49756480,49756495,223569.0
chr18,49832147,49832166,147898.0
chr18,50009092,50009127,29009.0
chr18,50014479,50014517,34396.0
chr18,50113012,50113028,132929.0
chr18,50113033,50113067,132950.0
chr18,52465411,52465458,1218152.0
chr18,52465523,52465545,1218264.0
chr18,52485774,52485796,1238515.0
chr18,52485812,52485846,1238553.0
chr18,53177740,53177768,1930481.0
chr18,53744908,53744931,2497649.0
chr18,53788976,53789068,2541717.0
chr18,53862168,53862193,2593437.0
chr18,53862205,53862231,2593399.0
chr18,53903786,53903827,2551803.0
chr18,53937453,53937471,2518159.0
chr18,53937656,53937679,2517951.0
chr18,54900346,54900360,1555270.0
chr18,54901129,54901145,1554485.0
chr18,54901315,54901355,1554275.0
chr18,54906603,54906639,1548991.0
chr18,54906648,54906682,1548948.0
chr18,54906852,54906866,1548764.0
chr18,54940461,54940483,1515147.0
chr18,54940557,54940579,1515051.0
chr18,54940647,54940662,1514968.0
chr18,54940781,54940800,1514830.0
chr18,55466997,55467013,988617.0
chr18,55467045,55467064,988566.0
chr18,55550222,55550244,905386.0
chr18,55550244,55550266,905364.0
chr18,56362914,56362936,92694.0
chr18,56412965,56412987,42643.0
chr18,56413072,56413094,42536.0
chr18,56413107,56413145,42485.0
chr18,56447466,56447505,8125.0
chr18,56451098,56451133,4497.0
chr18,56463456,56463492,5560.0
chr18,56470930,56470971,1860.0
chr18,56471218,56471276,2148.0
chr18,56471382,56471404,2312.0
chr18,56572727,56572759,103657.0
chr18,56685287,56685324,41252.0
chr18,56685643,56685698,40878.0
chr18,56711095,56711123,15453.0
chr18,56711157,56711173,15403.0
chr18,56714589,56714639,11937.0
chr18,56714941,56714963,11613.0
chr18,56733662,56733694,6931.0
chr18,56733717,56733743,6986.0
chr18,56733744,56733777,7013.0
chr18,56734147,56734169,7416.0
chr18,56857864,56857892,67945.0
chr18,56888878,56888892,36945.0
chr18,57878269,57878298,895393.0
chr18,57965539,57965562,808129.0
chr18,58510080,58510150,263541.0
chr18,58510161,58510177,263514.0
chr18,58510222,58510236,263455.0
chr18,58510328,58510351,263340.0
chr18,58510367,58510431,263260.0
chr18,60774160,60774174,6663.0
chr18,60774300,60774315,6803.0
chr18,60843987,60844011,5292.0
chr18,61188124,61188139,235342.0
chr18,61367832,61367874,415050.0
chr18,61377925,61377947,425143.0
chr18,61378067,61378089,425285.0
chr18,62125365,62125402,39357.0
chr18,62125748,62125770,38989.0
chr18,62174930,62174952,10153.0
chr18,62250385,62250418,46328.0
chr18,63260474,63260493,561305.0
chr18,63260626,63260646,561457.0
chr18,63692593,63692627,167522.0
chr18,64530736,64530755,29634.0
chr18,64894789,64894843,393687.0
chr18,64920797,64920816,419695.0
chr18,65007696,65007757,397769.0
chr18,65007847,65007875,397651.0
chr18,65007880,65007896,397630.0
chr18,65312591,65312612,92914.0
chr18,65319019,65319041,86485.0
chr18,65327166,65327185,78341.0
chr18,65381725,65381747,23779.0
chr18,65381752,65381800,23726.0
chr18,65414871,65414895,9327.0
chr18,65479307,65479322,73763.0
chr18,65479428,65479447,73884.0
chr18,65695704,65695729,290160.0
chr18,65697946,65697960,292402.0
chr18,65802843,65802915,397299.0
chr18,66429331,66429359,107783.0
chr18,66429414,66429429,107866.0
chr18,66429554,66429590,108006.0
chr18,66447706,66447730,126158.0
chr18,66447797,66447811,126249.0
chr18,66470805,66470835,149257.0
chr18,66471126,66471140,149578.0
chr18,66471388,66471452,149840.0
chr18,66478278,66478300,156730.0
chr18,66519457,66519495,197909.0
chr18,67205405,67205424,726557.0
chr18,67245360,67245382,686599.0
chr18,67258645,67258661,673320.0
chr18,67258672,67258694,673287.0
chr18,67280724,67280738,651243.0
chr18,67280783,67280821,651160.0
chr18,67457587,67457603,474378.0
chr18,67457802,67457850,474131.0
chr18,67457940,67457972,474009.0
chr18,67641835,67641855,290126.0
chr18,67725496,67725562,206419.0
chr18,67799802,67799837,132144.0
chr18,67967021,67967036,35022.0
chr18,68052735,68052750,11290.0
chr18,68052810,68052838,11202.0
chr18,68059003,68059022,5018.0
chr18,68059182,68059206,4834.0
chr18,68059214,68059247,4793.0
chr18,68059573,68059588,4452.0
chr18,68059630,68059644,4396.0
chr18,68096497,68096513,32439.0
chr18,68096976,68097018,32918.0
chr18,68297330,68297352,69653.0
chr18,69196066,69196080,226770.0
chr18,69196186,69196205,226890.0
chr18,69344576,69344591,375280.0
chr18,70522473,70522493,941091.0
chr18,70529406,70529446,934138.0
chr18,70530480,70530514,933070.0
chr18,70530885,70530909,932675.0
chr18,70531072,70531097,932487.0
chr18,70603257,70603279,860305.0
chr18,70603486,70603509,860075.0
chr18,70644923,70644948,818636.0
chr18,70645060,70645076,818508.0
chr18,73702869,73702884,1651107.0
chr18,73702976,73703018,1650973.0
chr18,73703049,73703068,1650923.0
chr18,73752350,73752378,1601613.0
chr18,73752428,73752442,1601549.0
chr18,73835559,73835578,1518413.0
chr18,73835578,73835594,1518397.0
chr18,73835762,73835784,1518207.0
chr18,73835830,73835849,1518142.0
chr18,73835874,73835893,1518098.0
chr18,74037250,74037264,1316727.0
chr18,74037279,74037293,1316698.0
chr18,74037368,74037394,1316597.0
chr18,74441909,74441954,912037.0
chr18,74572035,74572064,781927.0
chr18,74779841,74779860,574131.0
chr18,74779986,74780010,573981.0
chr18,74847184,74847206,506785.0
chr18,75000102,75000126,353865.0
chr18,75000131,75000147,353844.0
chr18,75000337,75000368,353623.0
chr18,75006160,75006182,347809.0
chr18,75207064,75207080,146911.0
chr18,75322061,75322105,31886.0
chr18,75322383,75322405,31586.0
chr18,75378022,75378036,5550.0
chr18,75387266,75387305,3662.0
chr18,75387527,75387550,3923.0
chr18,75424507,75424523,4743.0
chr18,75426349,75426377,6585.0
chr18,75447211,75447231,27447.0
chr18,76161033,76161047,741269.0
chr18,76929235,76929323,679524.0
chr18,76929760,76929791,679056.0
chr18,76945020,76945039,663808.0
chr18,76978217,76978233,630614.0
chr18,77066247,77066263,542584.0
chr18,77072605,77072644,536203.0
chr18,77121607,77121622,487225.0
chr18,77121670,77121692,487155.0
chr18,77767248,77767289,24342.0
chr18,77773837,77773853,30931.0
chr18,77773860,77773903,30954.0
chr18,77871264,77871314,128358.0
chr18,77871463,77871506,128557.0
chr18,78142153,78142186,97563.0
chr18,78142203,78142245,97504.0
chr18,79092772,79092799,165346.0
chr18,79293770,79293792,35607.0
chr18,79297938,79297962,39775.0
chr18,79298123,79298143,39960.0
chr18,80169409,80169424,31424.0
chr18,80169746,80169762,31086.0
chr18,80228543,80228570,27677.0
chr18,80600572,80600602,49125.0
chr18,80612276,80612290,37437.0
chr18,80612462,80612476,37251.0
chr18,80707183,80707202,11338.0
chr18,80724365,80724384,5807.0
chr18,80899747,80899766,181189.0
chr18,80899980,80899994,181422.0
chr18,80900052,80900071,181494.0
chr18,81047164,81047178,328606.0
chr18,81400298,81400328,168336.0
chr18,81404809,81404841,163823.0
chr18,81795677,81795705,226995.0
chr18,82477039,82477053,14904.0
chr18,82479691,82479720,17556.0
chr18,82480027,82480049,17892.0
chr18,82503854,82503876,41719.0
chr18,82512242,82512258,50107.0
chr18,82525073,82525159,62938.0
chr18,82535040,82535059,72905.0
chr18,82812626,82812661,46953.0
chr18,84086576,84086615,207723.0
chr18,84091709,84091744,202594.0
chr18,84646052,84646098,305410.0
chr18,84799284,84799300,152208.0
chr18,84874098,84874120,77388.0
chr18,84874177,84874196,77312.0
chr18,85703758,85703798,752232.0
chr18,87957368,87957382,451207.0
chr18,88618359,88618384,209752.0
chr18,88618512,88618533,209905.0
chr18,88618628,88618647,210021.0
chr18,88618657,88618677,210050.0
chr18,88770500,88770527,361893.0
chr18,88770560,88770580,361953.0
chr18,88770801,88770869,362194.0
chr18,88770871,88770908,362264.0
chr18,88981158,88981172,572551.0
chr18,89197065,89197093,788458.0
chr18,89197318,89197332,788711.0
chr18,89206139,89206159,797532.0
chr18,89234018,89234038,825411.0
chr18,89234174,89234193,825567.0
chr18,89245639,89245653,837032.0
chr18,90510039,90510060,199428.0
chr19,3389259,3389274,63898.0
chr19,3576091,3576107,250730.0
chr19,3660946,3661170,229235.0
chr19,3768953,3768981,121424.0
chr19,3769208,3769238,121167.0
chr19,3934917,3934958,44494.0
chr19,3934963,3934996,44540.0
chr19,3935035,3935067,44612.0
chr19,4113945,4113961,31168.0
chr19,4119693,4119734,25395.0
chr19,4120055,4120069,25060.0
chr19,4125445,4125461,19668.0
chr19,4125483,4125499,19630.0
chr19,4125562,4125578,19551.0
chr19,4135794,4135808,9321.0
chr19,4148360,4148392,3213.0
chr19,4169355,4169379,24208.0
chr19,4181959,4181984,36812.0
chr19,4203139,4203165,57992.0
chr19,4203299,4203313,58152.0
chr19,4294375,4294401,149228.0
chr19,4294589,4294619,149442.0
chr19,4295010,4295024,149863.0
chr19,4510078,4510100,364931.0
chr19,4842685,4842732,697538.0
chr19,4842822,4842880,697675.0
chr19,5041105,5041121,568994.0
chr19,5073397,5073411,536704.0
chr19,5088098,5088113,522002.0
chr19,5257336,5257355,352760.0
chr19,5257455,5257477,352638.0
chr19,5389522,5389536,220579.0
chr19,5389604,5389659,220456.0
chr19,5433086,5433110,177005.0
chr19,5786440,5786474,91378.0
chr19,5793115,5793166,84686.0
chr19,5815708,5815728,62124.0
chr19,5815802,5815816,62036.0
chr19,5815831,5815853,61999.0
chr19,5846239,5846262,31590.0
chr19,5964352,5964374,86482.0
chr19,5965348,5965383,87478.0
chr19,6018376,6018410,108125.0
chr19,6061165,6061181,65354.0
chr19,6118633,6118665,7870.0
chr19,6127797,6127812,1243.0
chr19,6334919,6334941,83819.0
chr19,6340829,6340848,77912.0
chr19,6340945,6340967,77793.0
chr19,6577241,6577268,158463.0
chr19,6856625,6856699,437847.0
chr19,6858299,6858319,439521.0
chr19,6869385,6869424,450607.0
chr19,6969976,6969990,551198.0
chr19,6980728,6980750,561950.0
chr19,7019579,7019616,600801.0
chr19,7206770,7206792,787992.0
chr19,7383534,7383566,964756.0
chr19,7483535,7483552,1064757.0
chr19,7495538,7495560,1076760.0
chr19,7495808,7495830,1077030.0
chr19,7569951,7570015,1151173.0
chr19,7869984,7870009,900921.0
chr19,8518594,8518627,252303.0
chr19,8518650,8518678,252252.0
chr19,8519251,8519271,251659.0
chr19,8592214,8592230,178700.0
chr19,8712124,8712146,58784.0
chr19,8757598,8757612,13318.0
chr19,8798708,8798738,11703.0
chr19,8802156,8802170,15151.0
chr19,8802269,8802285,15264.0
chr19,8881152,8881178,17525.0
chr19,8888723,8888745,9958.0
chr19,8888993,8889012,9691.0
chr19,8954065,8954091,55344.0
chr19,8984464,8984488,85743.0
chr19,8984598,8984613,85877.0
chr19,8998106,8998130,99385.0
chr19,9038367,9038386,139646.0
chr19,9038422,9038439,139701.0
chr19,9038451,9038467,139730.0
chr19,9055421,9055436,156700.0
chr19,9056100,9056116,157379.0
chr19,9065884,9065908,167163.0
chr19,9065926,9065941,167205.0
chr19,9066594,9066610,167873.0
chr19,9082443,9082490,183722.0
chr19,9135480,9135506,236759.0
chr19,9916184,9916245,22805.0
chr19,9916254,9916383,22667.0
chr19,10204031,10204050,264963.0
chr19,10530192,10530230,25836.0
chr19,10577013,10577041,20928.0
chr19,10606214,10606236,50129.0
chr19,10606282,10606301,50197.0
chr19,10747436,10747452,7129.0
chr19,10752614,10752636,12307.0
chr19,10752658,10752672,12351.0
chr19,10752694,10752714,12387.0
chr19,10752826,10752860,12519.0
chr19,10763826,10763840,13335.0
chr19,10764114,10764152,13023.0
chr19,10780157,10780204,2964.0
chr19,10780257,10780277,3064.0
chr19,10780290,10780312,3097.0
chr19,10780405,10780420,3212.0
chr19,10811385,10811404,34192.0
chr19,10811428,10811442,34235.0
chr19,10811614,10811660,34421.0
chr19,10816743,10816768,39550.0
chr19,10829953,10829975,52760.0
chr19,10949427,10949443,172234.0
chr19,10949550,10949566,172357.0
chr19,11045004,11045025,267811.0
chr19,11065339,11065377,288146.0
chr19,11065430,11065445,288237.0
chr19,11293120,11293158,212414.0
chr19,11355575,11355601,149971.0
chr19,11356234,11356289,149283.0
chr19,11362350,11362366,143206.0
chr19,11362393,11362420,143152.0
chr19,11362447,11362461,143111.0
chr19,11362509,11362556,143016.0
chr19,11362685,11362702,142870.0
chr19,11363994,11364043,141529.0
chr19,11371275,11371294,134278.0
chr19,11371531,11371553,134019.0
chr19,11371761,11371797,133775.0
chr19,11371808,11371827,133745.0
chr19,11386915,11386982,118590.0
chr19,11387157,11387176,118396.0
chr19,11396189,11396208,109364.0
chr19,11407705,11407719,97853.0
chr19,11411815,11411839,93733.0
chr19,11419200,11419214,86358.0
chr19,11434939,11434953,70619.0
chr19,11435028,11435050,70522.0
chr19,11435088,11435104,70468.0
chr19,11435126,11435157,70415.0
chr19,11435259,11435278,70294.0
chr19,11435363,11435398,70174.0
chr19,11435454,11435476,70096.0
chr19,11435524,11435549,70023.0
chr19,11435569,11435585,69987.0
chr19,11435609,11435629,69943.0
chr19,11443350,11443365,62207.0
chr19,11443409,11443432,62140.0
chr19,11443597,11443613,61959.0
chr19,11458721,11458737,46835.0
chr19,11479754,11479803,25769.0
chr19,11479903,11479919,25653.0
chr19,11483890,11483917,21655.0
chr19,11483954,11483976,21596.0
chr19,11484244,11484287,21285.0
chr19,11484321,11484346,21226.0
chr19,11491859,11491888,13684.0
chr19,11492072,11492088,13484.0
chr19,11496902,11496917,8655.0
chr19,11497481,11497509,8063.0
chr19,11513377,11513418,7787.0
chr19,11513429,11513505,7839.0
chr19,11513856,11513892,8266.0
chr19,11516941,11516955,11351.0
chr19,11517340,11517355,11750.0
chr19,11517393,11517431,11803.0
chr19,11589478,11589513,55489.0
chr19,12010067,12010106,476078.0
chr19,12010991,12011010,477002.0
chr19,12011260,12011294,477271.0
chr19,12012010,12012026,478021.0
chr19,12012053,12012072,478064.0
chr19,12012350,12012365,478361.0
chr19,12472077,12472099,938088.0
chr19,12473322,12473355,939333.0
chr19,12473387,12473410,939398.0
chr19,12473414,12473464,939425.0
chr19,12475981,12475997,941992.0
chr19,12476068,12476084,942079.0
chr19,12501853,12501869,967864.0
chr19,12806381,12806396,1272392.0
chr19,12806436,12806459,1272447.0
chr19,12806546,12806562,1272557.0
chr19,14588232,14588254,1562519.0
chr19,14588501,14588515,1562258.0
chr19,14588528,14588548,1562225.0
chr19,14597275,14597290,1553483.0
chr19,14597895,14597918,1552855.0
chr19,14598546,14598560,1552213.0
chr19,15077803,15077822,1072951.0
chr19,16029165,16029192,121581.0
chr19,17268696,17268741,270446.0
chr19,17269029,17269045,270779.0
chr19,17295284,17295299,297034.0
chr19,17295475,17295492,297225.0
chr19,18630857,18630913,11865.0
chr19,18630919,18630941,11927.0
chr19,18687818,18687832,68826.0
chr19,18746440,18746462,65179.0
chr19,18746677,18746692,64949.0
chr19,18746888,18746915,64726.0
chr19,20316057,20316091,720589.0
chr19,21713688,21713707,676990.0
chr19,21713914,21713928,677216.0
chr19,21714412,21714426,677714.0
chr19,21714478,21714492,677780.0
chr19,21737874,21737890,701176.0
chr19,21913151,21913167,876453.0
chr19,23323558,23323574,115151.0
chr19,23687268,23687290,478861.0
chr19,24280086,24280106,380885.0
chr19,24301375,24301401,359590.0
chr19,24621941,24621955,39036.0
chr19,24622077,24622096,38895.0
chr19,24622151,24622167,38824.0
chr19,24622228,24622242,38749.0
chr19,24622248,24622262,38729.0
chr19,25052274,25052290,391265.0
chr19,25052445,25052467,391436.0
chr19,25052499,25052518,391490.0
chr19,25052802,25052816,391793.0
chr19,25058138,25058158,397129.0
chr19,25062023,25062077,401014.0
chr19,25062539,25062559,401530.0
chr19,25062705,25062721,401696.0
chr19,25095233,25095248,434224.0
chr19,25095446,25095466,434437.0
chr19,25360765,25360781,699756.0
chr19,25360786,25360800,699777.0
chr19,25360944,25360963,699935.0
chr19,25865377,25865396,1085370.0
chr19,26605380,26605394,345372.0
chr19,26605402,26605427,345339.0
chr19,26748146,26748168,202598.0
chr19,26748361,26748377,202389.0
chr19,26748501,26748528,202238.0
chr19,26748581,26748625,202141.0
chr19,28010981,28011006,1025.0
chr19,28612163,28612179,598231.0
chr19,28678246,28678275,532135.0
chr19,28963695,28963733,246677.0
chr19,29064150,29064166,146244.0
chr19,29102029,29102044,108366.0
chr19,29102159,29102193,108217.0
chr19,29185583,29185610,24800.0
chr19,29185869,29185906,24504.0
chr19,29186043,29186059,24351.0
chr19,29194372,29194394,16016.0
chr19,29194568,29194601,15809.0
chr19,29221844,29221866,11416.0
chr19,29236966,29237002,26538.0
chr19,29252416,29252438,41988.0
chr19,29252852,29252874,42424.0
chr19,29253063,29253085,42635.0
chr19,29271557,29271571,61129.0
chr19,29325278,29325300,114850.0
chr19,29354819,29354851,144391.0
chr19,29362137,29362182,151709.0
chr19,29367085,29367146,156657.0
chr19,29367256,29367275,156828.0
chr19,29418531,29418545,208103.0
chr19,29418567,29418625,208139.0
chr19,29418799,29418819,208371.0
chr19,29418895,29418914,208467.0
chr19,29431450,29431464,221022.0
chr19,29475476,29475490,265048.0
chr19,29523814,29523833,313386.0
chr19,29638042,29638058,405710.0
chr19,29717928,29717950,325818.0
chr19,29717991,29718013,325755.0
chr19,29718077,29718092,325676.0
chr19,29718186,29718205,325563.0
chr19,30251087,30251170,96613.0
chr19,31337604,31337626,126793.0
chr19,31337642,31337656,126831.0
chr19,31337815,31337842,127004.0
chr19,31618084,31618099,407273.0
chr19,31618332,31618346,407521.0
chr19,31910815,31910829,212384.0
chr19,32167110,32167141,30111.0
chr19,32172809,32172847,24405.0
chr19,32173142,32173171,24081.0
chr19,32182421,32182440,14812.0
chr19,32182468,32182482,14770.0
chr19,32186718,32186759,10493.0
chr19,32235134,32235149,22551.0
chr19,32235367,32235386,22314.0
chr19,32262875,32262890,5156.0
chr19,32263121,32263135,5402.0
chr19,32266686,32266720,8967.0
chr19,32266747,32266768,9028.0
chr19,32292784,32292821,35065.0
chr19,32292839,32292858,35120.0
chr19,32328296,32328310,70577.0
chr19,32345138,32345152,87419.0
chr19,32409586,32409602,151867.0
chr19,32409774,32409796,152055.0
chr19,32409849,32409863,152130.0
chr19,32521716,32521730,263997.0
chr19,32989173,32989207,52094.0
chr19,33053349,33053364,61041.0
chr19,33101695,33101714,12691.0
chr19,33223182,33223201,108759.0
chr19,33265310,33265347,150887.0
chr19,33265406,33265420,150983.0
chr19,34167928,34167953,325052.0
chr19,34168148,34168193,324812.0
chr19,34168278,34168297,324708.0
chr19,34181232,34181254,311751.0
chr19,34181376,34181403,311602.0
chr19,34181504,34181520,311485.0
chr19,34181518,34181534,311471.0
chr19,34187169,34187197,305808.0
chr19,34248941,34248955,244050.0
chr19,34287994,34288014,204991.0
chr19,34298584,34298661,194344.0
chr19,34299572,34299591,193414.0
chr19,34306653,34306672,186333.0
chr19,34504976,34505000,11953.0
chr19,34505277,34505299,12254.0
chr19,34510943,34510958,17920.0
chr19,34511224,34511248,18201.0
chr19,34551184,34551212,58161.0
chr19,34623382,34623416,130359.0
chr19,34623469,34623488,130446.0
chr19,34826396,34826425,333373.0
chr19,34846511,34846525,353488.0
chr19,34846733,34846773,353710.0
chr19,34877759,34877813,384736.0
chr19,34922872,34922886,429849.0
chr19,34922942,34922956,429919.0
chr19,34959605,34959620,466582.0
chr19,34959807,34959851,466784.0
chr19,36111354,36111396,28373.0
chr19,36242326,36242341,159345.0
chr19,36242362,36242452,159381.0
chr19,36242457,36242476,159476.0
chr19,36350240,36350256,267259.0
chr19,36384332,36384354,301351.0
chr19,36833451,36833480,1506.0
chr19,36833481,36833500,1486.0
chr19,36833807,36833835,1151.0
chr19,37206846,37206862,169924.0
chr19,37208137,37208186,168600.0
chr19,37523800,37523822,146996.0
chr19,37551098,37551112,174294.0
chr19,37560131,37560147,183327.0
chr19,37560153,37560175,183349.0
chr19,38054531,38054559,318551.0
chr19,38352770,38352784,20326.0
chr19,38352798,38352830,20280.0
chr19,38930845,38930859,57886.0
chr19,40257320,40257342,332306.0
chr19,40267859,40267882,321766.0
chr19,40267895,40267911,321737.0
chr19,40366150,40366186,223462.0
chr19,40514119,40514135,75513.0
chr19,40679313,40679348,89647.0
chr19,40818844,40818876,229178.0
chr19,40818986,40819045,229320.0
chr19,40819065,40819087,229399.0
chr19,40819154,40819169,229488.0
chr19,41015994,41016010,426328.0
chr19,41071826,41071848,482160.0
chr19,41071861,41071889,482195.0
chr19,41263792,41263810,539824.0
chr19,41264629,41264668,538966.0
chr19,41328702,41328736,474898.0
chr19,41328910,41328938,474696.0
chr19,41329038,41329052,474582.0
chr19,41354514,41354537,449097.0
chr19,41354612,41354640,448994.0
chr19,41529161,41529175,274459.0
chr19,41529235,41529249,274385.0
chr19,41529256,41529285,274349.0
chr19,41529486,41529502,274132.0
chr19,41829651,41829681,25998.0
chr19,41911433,41911491,107780.0
chr19,41969753,41969772,166100.0
chr19,42089385,42089404,285732.0
chr19,42090033,42090048,286380.0
chr19,42579438,42579457,775785.0
chr19,42579598,42579628,775945.0
chr19,43530045,43530061,157183.0
chr19,43530102,43530118,157126.0
chr19,43530124,43530194,157050.0
chr19,43530306,43530333,156911.0
chr19,43675044,43675066,12178.0
chr19,44107623,44107660,16129.0
chr19,44135941,44136007,44447.0
chr19,44199045,44199097,107551.0
chr19,44248486,44248500,156992.0
chr19,44314882,44314924,223388.0
chr19,44562805,44562827,3884.0
chr19,44930597,44930644,64962.0
chr19,45783614,45783628,157139.0
chr19,45796445,45796473,169970.0
chr19,45998714,45998748,152144.0
chr19,46039765,46039784,111108.0
chr19,46056289,46056303,94589.0
chr19,46125630,46125647,25245.0
chr19,46125880,46125894,24998.0
chr19,46152305,46152321,1395.0
chr19,46329712,46329795,52274.0
chr19,46338782,46338804,43265.0
chr19,46396647,46396661,14560.0
chr19,46454411,46454431,72324.0
chr19,46479017,46479033,96930.0
chr19,46503263,46503290,116800.0
chr19,46511242,46511271,108819.0
chr19,46593288,46593332,26758.0
chr19,46613066,46613101,6989.0
chr19,46887897,46887921,267789.0
chr19,46926829,46926855,306721.0
chr19,46926872,46926910,306764.0
chr19,46927039,46927067,306931.0
chr19,46929377,46929399,309269.0
chr19,46970369,46970391,350261.0
chr19,46992402,46992418,372294.0
chr19,46992629,46992648,372521.0
chr19,47050212,47050259,430104.0
chr19,47169293,47169307,369586.0
chr19,47330577,47330616,208277.0
chr19,47382479,47382501,156392.0
chr19,47447136,47447159,91734.0
chr19,47450202,47450230,88663.0
chr19,47510975,47510997,27896.0
chr19,47511381,47511403,27490.0
chr19,47731100,47731114,64110.0
chr19,47854823,47854845,59581.0
chr19,47882891,47882930,87649.0
chr19,47888073,47888124,92831.0
chr19,47919666,47919685,124424.0
chr19,53040524,53040546,419905.0
chr19,53040573,53040592,419859.0
chr19,53163177,53163191,297260.0
chr19,53184331,53184363,276088.0
chr19,53184423,53184437,276014.0
chr19,53185476,53185492,274959.0
chr19,53185586,53185605,274846.0
chr19,53194628,53194647,265804.0
chr19,53199000,53199016,261435.0
chr19,53215425,53215450,245001.0
chr19,53264184,53264206,196245.0
chr19,53264524,53264543,195908.0
chr19,53310958,53310978,149473.0
chr19,53311073,53311089,149362.0
chr19,53311364,53311390,149061.0
chr19,53312726,53312760,147691.0
chr19,53313692,53313706,146745.0
chr19,53314046,53314109,146342.0
chr19,53328987,53329002,131449.0
chr19,53329008,53329046,131405.0
chr19,53329056,53329071,131380.0
chr19,53424387,53424412,36039.0
chr19,53424599,53424621,35830.0
chr19,53424903,53424950,35501.0
chr19,53434208,53434224,26227.0
chr19,53439371,53439408,21043.0
chr19,53441614,53441659,18792.0
chr19,53442928,53442947,17504.0
chr19,53443628,53443663,16788.0
chr19,53496979,53496997,36510.0
chr19,53497094,53497116,36625.0
chr19,53539380,53539395,78911.0
chr19,53539521,53539553,79052.0
chr19,53539636,53539664,79167.0
chr19,53539775,53539797,79306.0
chr19,53539828,53539865,79359.0
chr19,53539879,53539901,79410.0
chr19,53539917,53539939,79448.0
chr19,53539979,53540001,79510.0
chr19,53600225,53600247,112823.0
chr19,53600938,53600954,112116.0
chr19,53800630,53800652,87542.0
chr19,53807604,53807626,94516.0
chr19,53890940,53890959,31444.0
chr19,53899418,53899434,22969.0
chr19,53903355,53903387,19016.0
chr19,53906827,53906855,15548.0
chr19,53906873,53906901,15502.0
chr19,53906986,53907027,15376.0
chr19,55316161,55316188,1393740.0
chr19,55316211,55316230,1393790.0
chr19,55332609,55332635,1410188.0
chr19,55332631,55332659,1410210.0
chr19,55915530,55915549,1180228.0
chr19,56201035,56201111,894666.0
chr19,56548121,56548135,547642.0
chr19,56811450,56811469,284308.0
chr19,57072939,57072953,22824.0
chr19,57073289,57073315,22462.0
chr19,57073376,57073391,22386.0
chr19,57082919,57082933,12844.0
chr19,57113070,57113089,17274.0
chr19,57119310,57119329,23514.0
chr19,57124211,57124227,28415.0
chr19,57138192,57138257,42396.0
chr19,57212125,57212140,116329.0
chr19,57329016,57329035,27859.0
chr19,57355785,57355819,1075.0
chr19,57411751,57411771,54839.0
chr19,57430283,57430298,73371.0
chr19,59401279,59401349,61479.0
chr19,59401349,59401375,61549.0
chr19,59402155,59402170,62355.0
chr19,59942997,59943066,17066.0
chr19,60161019,60161046,235088.0
chr19,60226800,60226873,300869.0
chr19,60226890,60226916,300959.0
chr19,60580345,60580360,176473.0
chr19,60811382,60811396,54531.0
chr19,60811435,60811451,54584.0
chr19,60874805,60874838,117954.0
chr19,60889991,60890010,133140.0
chr2,3423837,3423856,6129.0
chr2,3423910,3423929,6202.0
chr2,3649211,3649227,78876.0
chr2,3649482,3649509,78594.0
chr2,3649571,3649594,78509.0
chr2,3659582,3659615,68488.0
chr2,3659863,3659886,68217.0
chr2,3703700,3703719,24384.0
chr2,3703831,3703923,24180.0
chr2,3704170,3704199,23904.0
chr2,3723727,3723750,4353.0
chr2,3731382,3731432,3261.0
chr2,3749745,3749767,21624.0
chr2,3753750,3753775,25629.0
chr2,3800108,3800124,71987.0
chr2,4499374,4499388,659196.0
chr2,4518866,4518886,639698.0
chr2,4560344,4560366,598218.0
chr2,4652348,4652362,506222.0
chr2,4718529,4718545,440039.0
chr2,4718639,4718678,439906.0
chr2,4881378,4881409,277175.0
chr2,4881752,4881766,276818.0
chr2,4882654,4882669,275915.0
chr2,4917666,4917685,240899.0
chr2,4917871,4917887,240697.0
chr2,5025267,5025282,133302.0
chr2,5025630,5025644,132940.0
chr2,5025730,5025772,132812.0
chr2,5713249,5713271,308613.0
chr2,5713353,5713379,308505.0
chr2,5844761,5844780,177104.0
chr2,6167930,6167966,146027.0
chr2,6213208,6213222,124558.0
chr2,6213265,6213281,124499.0
chr2,6459629,6459649,101944.0
chr2,6478541,6478557,120856.0
chr2,6622248,6622267,264563.0
chr2,6622464,6622480,264779.0
chr2,8295747,8295781,601119.0
chr2,9116751,9116767,219833.0
chr2,9520138,9520152,369325.0
chr2,9520188,9520210,369267.0
chr2,9520228,9520242,369235.0
chr2,9520415,9520429,369048.0
chr2,9578073,9578099,311378.0
chr2,9594076,9594098,295379.0
chr2,9594361,9594377,295100.0
chr2,9594717,9594737,294740.0
chr2,9595550,9595590,293887.0
chr2,9595744,9595778,293699.0
chr2,9677123,9677137,212340.0
chr2,9677223,9677253,212224.0
chr2,9677366,9677385,212092.0
chr2,9677410,9677426,212051.0
chr2,9677435,9677454,212023.0
chr2,9681545,9681567,207910.0
chr2,9689534,9689558,199919.0
chr2,9749677,9749730,139747.0
chr2,9867174,9867224,22253.0
chr2,9867298,9867320,22157.0
chr2,9867433,9867475,22002.0
chr2,9867566,9867581,21896.0
chr2,9867695,9867717,21760.0
chr2,9873119,9873133,16344.0
chr2,9873142,9873161,16316.0
chr2,9875970,9875992,13485.0
chr2,10015198,10015223,125703.0
chr2,10142806,10142828,10381.0
chr2,10873125,10873147,719898.0
chr2,11016475,11016498,672988.0
chr2,11118827,11118846,570640.0
chr2,11159993,11160022,529464.0
chr2,11166843,11166859,522627.0
chr2,11170070,11170084,519402.0
chr2,11172604,11172623,516863.0
chr2,11172781,11172819,516667.0
chr2,11172890,11172932,516554.0
chr2,11172936,11172973,516513.0
chr2,11180894,11180926,508560.0
chr2,11187532,11187551,501935.0
chr2,11193525,11193547,495939.0
chr2,11193551,11193567,495919.0
chr2,11195275,11195294,494192.0
chr2,11195363,11195412,494074.0
chr2,11202662,11202705,486781.0
chr2,11203455,11203470,486016.0
chr2,11204396,11204416,485070.0
chr2,11205751,11205787,483699.0
chr2,11238354,11238380,451106.0
chr2,11254243,11254262,435224.0
chr2,11254631,11254650,434836.0
chr2,11266699,11266727,422759.0
chr2,11288802,11288818,400668.0
chr2,11320136,11320170,369316.0
chr2,11320199,11320221,369265.0
chr2,11375156,11375222,314264.0
chr2,11375576,11375628,313858.0
chr2,11535306,11535336,154150.0
chr2,11572607,11572653,116833.0
chr2,11572849,11572868,116618.0
chr2,11628453,11628472,61014.0
chr2,11635785,11635813,53673.0
chr2,11635843,11635867,53619.0
chr2,11635903,11635919,53567.0
chr2,11639100,11639114,50372.0
chr2,11642060,11642074,47412.0
chr2,11642745,11642759,46727.0
chr2,11651893,11651915,37571.0
chr2,11655026,11655054,34432.0
chr2,11662982,11663004,26482.0
chr2,11705893,11705923,16389.0
chr2,11706447,11706496,16943.0
chr2,13088101,13088127,470431.0
chr2,13132794,13132808,425750.0
chr2,13224704,13224723,333835.0
chr2,13225047,13225079,333479.0
chr2,13233237,13233253,325305.0
chr2,13233639,13233675,324883.0
chr2,13413540,13413554,145004.0
chr2,13544883,13544916,13642.0
chr2,13544978,13545016,13542.0
chr2,13688064,13688098,129488.0
chr2,13688209,13688227,129633.0
chr2,13688237,13688286,129661.0
chr2,13718929,13718952,160353.0
chr2,13719124,13719140,160548.0
chr2,13757374,13757389,198798.0
chr2,13760298,13760314,201722.0
chr2,13760425,13760439,201849.0
chr2,13760629,13760648,202053.0
chr2,13792403,13792438,233827.0
chr2,14992765,14992787,33150.0
chr2,15862700,15862737,598517.0
chr2,16357247,16357269,103985.0
chr2,16359482,16359526,101728.0
chr2,16359563,16359591,101663.0
chr2,16359616,16359650,101604.0
chr2,16374332,16374360,86894.0
chr2,17365409,17365431,507838.0
chr2,17671753,17671772,201497.0
chr2,17702637,17702652,170617.0
chr2,17702682,17702711,170558.0
chr2,17702738,17702752,170517.0
chr2,17702756,17702770,170499.0
chr2,17702838,17702860,170409.0
chr2,17742044,17742063,131206.0
chr2,17742171,17742190,131079.0
chr2,17742207,17742231,131038.0
chr2,18028408,18028424,36759.0
chr2,18056152,18056174,9009.0
chr2,18264563,18264582,199361.0
chr2,18264592,18264607,199390.0
chr2,18264667,18264699,199465.0
chr2,18664212,18664240,293813.0
chr2,18664292,18664308,293745.0
chr2,18664323,18664354,293699.0
chr2,18821874,18821904,136149.0
chr2,18919610,18919629,38424.0
chr2,18919746,18919774,38279.0
chr2,18919864,18919886,38167.0
chr2,18943953,18943977,14076.0
chr2,18952094,18952108,5945.0
chr2,18952228,18952243,5810.0
chr2,19275921,19275937,317849.0
chr2,19300732,19300746,342660.0
chr2,19300776,19300804,342704.0
chr2,19300909,19300939,342837.0
chr2,19371984,19372000,413912.0
chr2,19529084,19529111,571012.0
chr2,19666210,19666244,708138.0
chr2,20969429,20969459,1814907.0
chr2,21958490,21958514,825852.0
chr2,22368149,22368177,416189.0
chr2,22721812,22721831,62535.0
chr2,22721955,22721969,62397.0
chr2,22774729,22774743,9623.0
chr2,22787330,22787345,2945.0
chr2,22787375,22787389,2990.0
chr2,22796858,22796872,12473.0
chr2,22796869,22796901,12484.0
chr2,22797041,22797057,12656.0
chr2,22805394,22805489,21009.0
chr2,22962325,22962357,87218.0
chr2,23006232,23006251,43324.0
chr2,23068121,23068143,18528.0
chr2,23068850,23068870,19257.0
chr2,23069287,23069312,19694.0
chr2,23092554,23092580,42961.0
chr2,23156591,23156623,106998.0
chr2,24366679,24366705,81099.0
chr2,24366788,24366810,80994.0
chr2,24367412,24367428,80376.0
chr2,24386131,24386174,61630.0
chr2,24830869,24830884,383047.0
chr2,24830909,24830928,383087.0
chr2,24919818,24919837,471996.0
chr2,24975830,24975849,528008.0
chr2,24976262,24976276,528440.0
chr2,25157227,25157259,377747.0
chr2,25157418,25157440,377566.0
chr2,25157848,25157863,377143.0
chr2,25228731,25228756,306250.0
chr2,25279478,25279500,255506.0
chr2,25663618,25663637,128593.0
chr2,26315327,26315346,93324.0
chr2,26503143,26503162,94454.0
chr2,26604158,26604180,195469.0
chr2,26640201,26640216,231512.0
chr2,26669092,26669108,260403.0
chr2,27539748,27539777,12797.0
chr2,27539790,27539806,12768.0
chr2,27540033,27540055,12519.0
chr2,27540203,27540217,12357.0
chr2,28467757,28467800,287859.0
chr2,28916391,28916425,160714.0
chr2,28916468,28916507,160791.0
chr2,29096029,29096043,340352.0
chr2,29097416,29097478,341739.0
chr2,29097615,29097637,341938.0
chr2,29124755,29124770,364665.0
chr2,29661991,29662020,32720.0
chr2,29662303,29662323,33032.0
chr2,29670410,29670424,41139.0
chr2,29787299,29787325,148686.0
chr2,29787382,29787425,148586.0
chr2,29787451,29787477,148534.0
chr2,29787817,29787831,148180.0
chr2,29787833,29787864,148147.0
chr2,29826903,29826953,109058.0
chr2,29868910,29868960,67051.0
chr2,30048593,30048631,45250.0
chr2,30363778,30363812,183829.0
chr2,30415924,30415976,131665.0
chr2,30464293,30464309,83332.0
chr2,30464462,30464491,83150.0
chr2,30594793,30594807,47134.0
chr2,30594953,30594975,47294.0
chr2,30625915,30625943,50933.0
chr2,30626016,30626031,50845.0
chr2,30626289,30626317,50559.0
chr2,30658167,30658187,18689.0
chr2,30658341,30658356,18520.0
chr2,30943056,30943074,145457.0
chr2,30952775,30952791,135740.0
chr2,30952790,30952819,135712.0
chr2,30953438,30953460,135071.0
chr2,31061701,31061717,26814.0
chr2,31062329,31062365,26166.0
chr2,31062794,31062816,25715.0
chr2,31081500,31081522,7009.0
chr2,31081561,31081589,6942.0
chr2,31116171,31116198,7778.0
chr2,31118894,31118925,10501.0
chr2,31119038,31119092,10645.0
chr2,31131146,31131165,22753.0
chr2,31164778,31164821,56385.0
chr2,31172647,31172663,64254.0
chr2,31180597,31180630,72204.0
chr2,31180758,31180772,72365.0
chr2,31291744,31291770,183351.0
chr2,31302804,31302820,194411.0
chr2,31880833,31880852,49100.0
chr2,32037733,32037751,107763.0
chr2,32062180,32062206,89447.0
chr2,32062940,32062984,88669.0
chr2,32077775,32077837,73816.0
chr2,32130707,32130750,20903.0
chr2,32130764,32130784,20869.0
chr2,32138113,32138127,13526.0
chr2,32164604,32164620,12933.0
chr2,32289828,32289857,138157.0
chr2,32289886,32289914,138215.0
chr2,32362611,32362625,210940.0
chr2,32362633,32362656,210962.0
chr2,32493747,32493769,342076.0
chr2,32542266,32542288,390595.0
chr2,32603068,32603084,451397.0
chr2,32725529,32725544,573858.0
chr2,32725699,32725721,574028.0
chr2,32756998,32757025,605327.0
chr2,32757845,32757880,606174.0
chr2,32758014,32758037,606343.0
chr2,32787254,32787312,635583.0
chr2,32834493,32834520,682822.0
chr2,32834552,32834588,682881.0
chr2,32917862,32917881,766191.0
chr2,32917897,32917913,766226.0
chr2,32962023,32962045,810352.0
chr2,32982289,32982328,830618.0
chr2,32982513,32982549,830842.0
chr2,32990254,32990274,838583.0
chr2,33383634,33383661,1231963.0
chr2,33431671,33431703,1280000.0
chr2,33468981,33469034,1317310.0
chr2,33469046,33469068,1317375.0
chr2,33908641,33908655,1260346.0
chr2,33908813,33908835,1260166.0
chr2,33914012,33914036,1254965.0
chr2,33914064,33914088,1254913.0
chr2,33914201,33914267,1254734.0
chr2,34074222,34074248,1094753.0
chr2,34963277,34963291,205710.0
chr2,34963319,34963333,205668.0
chr2,35132094,35132113,36888.0
chr2,35208986,35209042,24314.0
chr2,35406597,35406616,173222.0
chr2,35422646,35422662,189271.0
chr2,35423903,35423922,190528.0
chr2,35453944,35453958,220569.0
chr2,35453987,35454009,220612.0
chr2,35454133,35454152,220758.0
chr2,35461396,35461418,228021.0
chr2,35461655,35461677,228280.0
chr2,35461678,35461695,228303.0
chr2,35495951,35495970,262576.0
chr2,35496155,35496183,262780.0
chr2,35544707,35544758,311332.0
chr2,36137032,36137046,903657.0
chr2,36214318,36214343,980943.0
chr2,38064553,38064588,447453.0
chr2,38064599,38064614,447427.0
chr2,38072317,38072331,439710.0
chr2,38072381,38072403,439638.0
chr2,38205595,38205611,306430.0
chr2,38548065,38548081,36006.0
chr2,38548403,38548425,36344.0
chr2,39009144,39009161,497085.0
chr2,39373054,39373069,860995.0
chr2,39632301,39632323,1120242.0
chr2,39632334,39632353,1120275.0
chr2,39632358,39632372,1120299.0
chr2,39632423,39632439,1120364.0
chr2,39705896,39705916,1193837.0
chr2,39705920,39705947,1193861.0
chr2,39705966,39705992,1193907.0
chr2,39706226,39706252,1194167.0
chr2,40556070,40556085,2013516.0
chr2,40621496,40621783,1947818.0
chr2,41987648,41987663,581938.0
chr2,43673902,43673921,63931.0
chr2,43673962,43673999,63853.0
chr2,43727432,43727454,10398.0
chr2,43727686,43727705,10147.0
chr2,43728007,43728026,9826.0
chr2,43739268,43739284,1397.0
chr2,43748752,43748767,10881.0
chr2,43749364,43749383,11493.0
chr2,43756654,43756680,18783.0
chr2,43756763,43756782,18892.0
chr2,43772622,43772637,34751.0
chr2,43794789,43794806,56918.0
chr2,43794963,43795000,57092.0
chr2,43795075,43795091,57204.0
chr2,43795105,43795119,57234.0
chr2,43900620,43900644,162749.0
chr2,43900688,43900722,162817.0
chr2,43992613,43992666,254742.0
chr2,44873730,44873744,125682.0
chr2,44920594,44920610,172546.0
chr2,48315565,48315587,79543.0
chr2,48322551,48322577,72553.0
chr2,48381785,48381814,13316.0
chr2,48381953,48381972,13158.0
chr2,48382087,48382101,13029.0
chr2,48424904,48424950,29756.0
chr2,48473138,48473160,3910.0
chr2,48814484,48814531,337396.0
chr2,48814565,48814587,337477.0
chr2,48949662,48949677,472574.0
chr2,48949983,48950017,472895.0
chr2,49177081,49177127,699993.0
chr2,49734464,49734482,1006803.0
chr2,49734692,49734714,1006571.0
chr2,49748773,49748787,992498.0
chr2,49748990,49749017,992268.0
chr2,50296316,50296330,444955.0
chr2,50296939,50296965,444320.0
chr2,50814124,50814146,72821.0
chr2,51436039,51436058,650009.0
chr2,51436146,51436183,649884.0
chr2,51972522,51972588,113479.0
chr2,52072498,52072528,13539.0
chr2,52304668,52304684,80345.0
chr2,52304727,52304749,80404.0
chr2,52304866,52304883,80543.0
chr2,52314881,52314913,90558.0
chr2,52315997,52316023,91674.0
chr2,52319486,52319513,95163.0
chr2,52378755,52378777,154432.0
chr2,52425233,52425255,136402.0
chr2,52570213,52570227,8538.0
chr2,52756918,52756945,195243.0
chr2,52756968,52756983,195293.0
chr2,52757033,52757055,195358.0
chr2,52763216,52763235,201541.0
chr2,53083526,53083572,521851.0
chr2,53095161,53095185,533486.0
chr2,57182191,57182207,64245.0
chr2,57182216,57182246,64270.0
chr2,57182299,57182313,64353.0
chr2,57182338,57182359,64392.0
chr2,57182365,57182387,64419.0
chr2,58129821,58129856,1011875.0
chr2,58140868,58140898,1022922.0
chr2,58140938,58140965,1022992.0
chr2,58141441,58141473,1023495.0
chr2,58153768,58153790,1035822.0
chr2,58153990,58154016,1036044.0
chr2,58155692,58155715,1037746.0
chr2,58156909,58156936,1038963.0
chr2,58157116,58157146,1039170.0
chr2,58157258,58157309,1039312.0
chr2,58157413,58157459,1039467.0
chr2,58179058,58179072,1061112.0
chr2,58179159,58179183,1061213.0
chr2,58179199,58179215,1061253.0
chr2,58189136,58189162,1071190.0
chr2,58323567,58323586,1204268.0
chr2,58323650,58323664,1204190.0
chr2,58415275,58415312,1112542.0
chr2,58724457,58724478,803376.0
chr2,59438455,59438487,89367.0
chr2,59469711,59469733,58121.0
chr2,59469780,59469799,58055.0
chr2,60037265,60037287,219337.0
chr2,60124680,60124702,131922.0
chr2,60209508,60209535,47089.0
chr2,60210669,60210691,45933.0
chr2,60382507,60382542,125865.0
chr2,60726515,60726529,469873.0
chr2,60845544,60845566,425935.0
chr2,60867545,60867569,403932.0
chr2,60880485,60880528,390973.0
chr2,60880717,60880756,390745.0
chr2,60904152,60904179,367322.0
chr2,60904440,60904471,367030.0
chr2,60904528,60904544,366957.0
chr2,60924046,60924075,347426.0
chr2,60924131,60924158,347343.0
chr2,61402256,61402293,81550.0
chr2,61402583,61402605,81238.0
chr2,61492197,61492212,8336.0
chr2,61492324,61492343,8463.0
chr2,61494264,61494297,10403.0
chr2,61503684,61503706,19823.0
chr2,61503889,61503933,20028.0
chr2,62332162,62332178,19988.0
chr2,62391164,62391231,38980.0
chr2,62395054,62395085,42870.0
chr2,62395253,62395272,43069.0
chr2,62395291,62395337,43107.0
chr2,62410805,62410819,58621.0
chr2,62646217,62646231,105813.0
chr2,65181131,65181145,179881.0
chr2,65182801,65182815,181551.0
chr2,65182922,65182936,181672.0
chr2,65183052,65183083,181802.0
chr2,65188801,65188840,187551.0
chr2,65414652,65414674,413402.0
chr2,65792777,65792799,791527.0
chr2,68243293,68243357,2246247.0
chr2,68289566,68289580,2200024.0
chr2,68296774,68296788,2192816.0
chr2,68302010,68302046,2187558.0
chr2,68382575,68382594,2107010.0
chr2,68382867,68382886,2106718.0
chr2,68434853,68434875,2054729.0
chr2,68435115,68435131,2054473.0
chr2,68471461,68471493,2018111.0
chr2,68655891,68655906,1833698.0
chr2,68656000,68656019,1833585.0
chr2,68656068,68656102,1833502.0
chr2,69635226,69635285,854319.0
chr2,69779005,69779040,710564.0
chr2,69779039,69779053,710551.0
chr2,69861661,69861676,627928.0
chr2,69994745,69994761,494843.0
chr2,69994808,69994829,494775.0
chr2,69994926,69994954,494650.0
chr2,69994986,69995013,494591.0
chr2,70092301,70092316,397288.0
chr2,70105950,70105965,383639.0
chr2,70105998,70106028,383576.0
chr2,70175893,70175919,313685.0
chr2,70175916,70175932,313672.0
chr2,70661265,70661287,122737.0
chr2,70790449,70790463,45580.0
chr2,70790657,70790672,45371.0
chr2,70845094,70845116,9033.0
chr2,70845360,70845379,9299.0
chr2,71032118,71032138,196057.0
chr2,71032281,71032302,196220.0
chr2,71032557,71032579,196496.0
chr2,71032869,71032909,196808.0
chr2,71033018,71033063,196957.0
chr2,71046639,71046660,210578.0
chr2,71091169,71091188,255108.0
chr2,71128421,71128445,230430.0
chr2,71366935,71366951,8042.0
chr2,71453614,71453630,94721.0
chr2,71736094,71736128,20151.0
chr2,71736162,71736178,20219.0
chr2,71736306,71736320,20363.0
chr2,71810255,71810274,94312.0
chr2,71866742,71866764,150799.0
chr2,71873094,71873109,157151.0
chr2,71873745,71873782,157802.0
chr2,71941302,71941328,172750.0
chr2,71941529,71941543,172535.0
chr2,71941880,71941898,172180.0
chr2,72117483,72117563,3386.0
chr2,72183831,72183849,38905.0
chr2,72183850,72183869,38924.0
chr2,72183993,72184016,39067.0
chr2,72220162,72220178,75236.0
chr2,72220185,72220213,75259.0
chr2,72220219,72220233,75293.0
chr2,72837925,72837944,48311.0
chr2,72838666,72838680,47575.0
chr2,72855559,72855598,30657.0
chr2,72874474,72874496,11759.0
chr2,72874830,72874852,11403.0
chr2,72874877,72874901,11354.0
chr2,72881587,72881601,4654.0
chr2,72979284,72979312,93011.0
chr2,72979517,72979541,93244.0
chr2,72980379,72980401,94106.0
chr2,72997293,72997326,111020.0
chr2,73003167,73003181,116894.0
chr2,73278553,73278567,106896.0
chr2,73278580,73278596,106867.0
chr2,73404437,73404502,18956.0
chr2,73449080,73449099,63599.0
chr2,73450410,73450429,64929.0
chr2,73459778,73459811,74297.0
chr2,73459817,73459831,74336.0
chr2,73459945,73459964,74464.0
chr2,73464231,73464268,78750.0
chr2,73485346,73485372,99865.0
chr2,73486259,73486273,100778.0
chr2,73539933,73539949,154452.0
chr2,73567258,73567274,148998.0
chr2,73567305,73567345,148927.0
chr2,73893083,73893105,36669.0
chr2,73911485,73911500,55071.0
chr2,73911512,73911534,55098.0
chr2,74658048,74658064,415160.0
chr2,75055237,75055298,17926.0
chr2,75055444,75055460,17764.0
chr2,75151070,75151084,77827.0
chr2,75603404,75603442,372055.0
chr2,75605984,75605998,369499.0
chr2,75639242,75639271,336226.0
chr2,75639284,75639306,336191.0
chr2,75639364,75639398,336099.0
chr2,75639406,75639457,336040.0
chr2,75703409,75703431,272066.0
chr2,75786336,75786350,189147.0
chr2,75892150,75892166,83331.0
chr2,75892241,75892256,83241.0
chr2,75892497,75892529,82968.0
chr2,75907280,75907295,68202.0
chr2,76128463,76128478,114764.0
chr2,76133223,76133238,119524.0
chr2,76133301,76133320,119602.0
chr2,76215116,76215138,39703.0
chr2,76238787,76238809,16032.0
chr2,78869668,78869711,34386.0
chr2,78959611,78959625,50522.0
chr2,78960629,78960657,49490.0
chr2,78961559,78961581,48566.0
chr2,78961583,78961597,48550.0
chr2,78977985,78977999,32148.0
chr2,78978144,78978158,31989.0
chr2,78995670,78995700,14447.0
chr2,78995703,78995722,14425.0
chr2,79005081,79005097,5050.0
chr2,79005211,79005226,4921.0
chr2,79005283,79005297,4850.0
chr2,79005304,79005318,4829.0
chr2,79050764,79050786,40598.0
chr2,79051021,79051037,40855.0
chr2,79120970,79120999,110804.0
chr2,79121135,79121149,110969.0
chr2,79138216,79138230,110393.0
chr2,79172907,79172933,75690.0
chr2,79227865,79227887,20736.0
chr2,79227957,79227973,20650.0
chr2,79231211,79231233,17390.0
chr2,79635025,79635047,364443.0
chr2,80617311,80617353,1346729.0
chr2,80684920,80684935,1414338.0
chr2,83625521,83625535,399976.0
chr2,83625562,83625577,399934.0
chr2,83700726,83700751,324760.0
chr2,83723857,83723876,301635.0
chr2,83724201,83724223,301288.0
chr2,83765795,83765809,259702.0
chr2,83765826,83765841,259670.0
chr2,83765966,83765982,259529.0
chr2,83766067,83766086,259425.0
chr2,84481917,84481931,311809.0
chr2,84482166,84482181,311559.0
chr2,84660446,84660465,133275.0
chr2,84677932,84677951,115789.0
chr2,84715528,84715547,78193.0
chr2,84715800,84715815,77925.0
chr2,84779330,84779352,14388.0
chr2,84888869,84888883,95111.0
chr2,85047894,85047919,10954.0
chr2,90097490,90097506,570371.0
chr2,90097523,90097538,570339.0
chr2,90474854,90474884,192993.0
chr2,90487653,90487681,180196.0
chr2,90904177,90904206,147759.0
chr2,91042505,91042541,286087.0
chr2,91183106,91183127,426688.0
chr2,91184101,91184117,427683.0
chr2,91237629,91237658,481211.0
chr2,91242946,91243008,486528.0
chr2,91444815,91444842,509251.0
chr2,91710527,91710551,243542.0
chr2,91729867,91729907,224186.0
chr2,91730027,91730047,224046.0
chr2,91835192,91835214,118879.0
chr2,91876507,91876529,77564.0
chr2,91876563,91876582,77511.0
chr2,91950389,91950404,3689.0
chr2,91962253,91962272,8142.0
chr2,92183440,92183454,29162.0
chr2,92185018,92185041,27575.0
chr2,92185163,92185191,27425.0
chr2,93453172,93453191,1548.0
chr2,93453338,93453392,1347.0
chr2,93471563,93471585,16805.0
chr2,93823547,93823584,368789.0
chr2,94157912,94157926,703154.0
chr2,94405850,94405864,951092.0
chr2,99366865,99366884,1665228.0
chr2,101616179,101616201,374309.0
chr2,101616239,101616261,374249.0
chr2,101629097,101629116,361394.0
chr2,101653098,101653153,337357.0
chr2,101755603,101755617,234893.0
chr2,101756009,101756034,234476.0
chr2,101756202,101756218,234292.0
chr2,101756448,101756488,234022.0
chr2,101756504,101756523,233987.0
chr2,101761924,101761950,228560.0
chr2,101761979,101762005,228505.0
chr2,101762374,101762393,228117.0
chr2,101828162,101828232,162278.0
chr2,101828284,101828300,162210.0
chr2,102733229,102733251,162821.0
chr2,102733278,102733294,162778.0
chr2,102775988,102776005,120067.0
chr2,102776035,102776051,120021.0
chr2,102867682,102867712,28360.0
chr2,102867725,102867799,28273.0
chr2,102867803,102867819,28253.0
chr2,102873816,102873830,22242.0
chr2,102874047,102874090,21982.0
chr2,102874214,102874240,21832.0
chr2,102874347,102874366,21706.0
chr2,102886767,102886783,9289.0
chr2,102948216,102948238,52126.0
chr2,102948439,102948458,52349.0
chr2,102948506,102948522,52416.0
chr2,102956894,102956910,55912.0
chr2,102998529,102998548,14274.0
chr2,102998556,102998585,14237.0
chr2,102999289,102999323,13499.0
chr2,103004902,103004921,7901.0
chr2,103485398,103485412,436175.0
chr2,103485433,103485455,436210.0
chr2,103485517,103485531,436294.0
chr2,103566010,103566032,516787.0
chr2,103576884,103576900,527661.0
chr2,103583589,103583611,534366.0
chr2,103652307,103652331,527515.0
chr2,103682620,103682647,497199.0
chr2,103761561,103761575,418271.0
chr2,103796116,103796142,383704.0
chr2,104590582,104590625,135198.0
chr2,104848900,104848941,393516.0
chr2,108466653,108466667,1817436.0
chr2,108466672,108466691,1817455.0
chr2,108466701,108466723,1817484.0
chr2,108578064,108578096,1928847.0
chr2,109278136,109278151,2390071.0
chr2,109278194,109278219,2390003.0
chr2,109278444,109278490,2389732.0
chr2,112492598,112492613,207692.0
chr2,112510414,112510433,225508.0
chr2,112510565,112510579,225659.0
chr2,112513147,112513166,228241.0
chr2,112513187,112513203,228281.0
chr2,112517149,112517177,232243.0
chr2,112517296,112517319,232390.0
chr2,112517487,112517511,232581.0
chr2,113829680,113829706,289843.0
chr2,113848877,113848893,270656.0
chr2,113849091,113849142,270407.0
chr2,114145064,114145099,25496.0
chr2,114145108,114145139,25540.0
chr2,114426760,114426774,307192.0
chr2,114426834,114426850,307266.0
chr2,114426898,114426922,307330.0
chr2,114655080,114655094,535512.0
chr2,115581376,115581390,1461808.0
chr2,116066685,116066707,1366638.0
chr2,116361072,116361096,1072249.0
chr2,117120495,117120514,312831.0
chr2,117249335,117249361,183984.0
chr2,117249487,117249521,183824.0
chr2,117249602,117249618,183727.0
chr2,117304459,117304483,128862.0
chr2,117312614,117312640,120705.0
chr2,117319327,117319346,113999.0
chr2,117319425,117319459,113886.0
chr2,117390380,117390396,42949.0
chr2,117399813,117399853,33492.0
chr2,117417561,117417583,15762.0
chr2,117421510,117421530,11815.0
chr2,117421695,117421737,11608.0
chr2,117447205,117447224,13842.0
chr2,117450513,117450528,17150.0
chr2,117450574,117450590,17211.0
chr2,117450730,117450765,17367.0
chr2,118491221,118491240,11221.0
chr2,118598313,118598327,22395.0
chr2,118642709,118642736,21969.0
chr2,118642742,118642771,22002.0
chr2,118896675,118896697,150235.0
chr2,119166597,119166638,72719.0
chr2,119189186,119189202,50155.0
chr2,119437265,119437279,197843.0
chr2,119457531,119457589,218109.0
chr2,119478375,119478399,238953.0
chr2,119547453,119547472,308031.0
chr2,119559090,119559110,319668.0
chr2,119594120,119594134,354698.0
chr2,119594169,119594199,354747.0
chr2,119970692,119970711,731270.0
chr2,119970738,119970757,731316.0
chr2,120003948,120003967,764526.0
chr2,120353257,120353287,660524.0
chr2,120404001,120404023,609788.0
chr2,120563907,120563921,449890.0
chr2,120564018,120564058,449753.0
chr2,120578380,120578394,435417.0
chr2,120971164,120971192,42619.0
chr2,120971433,120971474,42337.0
chr2,121140310,121140324,29295.0
chr2,121432104,121432126,321089.0
chr2,121865915,121865938,162229.0
chr2,121865964,121865981,162186.0
chr2,121865981,121865997,162170.0
chr2,122126881,122126895,98696.0
chr2,122127111,122127145,98926.0
chr2,122180398,122180412,152213.0
chr2,122180454,122180491,152269.0
chr2,122180772,122180788,152587.0
chr2,122234463,122234498,206278.0
chr2,122377647,122377697,274598.0
chr2,122377791,122377813,274482.0
chr2,122429349,122429368,222927.0
chr2,122468300,122468314,183981.0
chr2,122469376,122469398,182897.0
chr2,122630224,122630243,22052.0
chr2,122630383,122630416,21879.0
chr2,122753778,122753800,101465.0
chr2,122754072,122754094,101759.0
chr2,123747278,123747297,128909.0
chr2,124695649,124695663,819425.0
chr2,124876947,124876969,982372.0
chr2,125136024,125136046,723295.0
chr2,125670887,125670916,188425.0
chr2,125671116,125671142,188199.0
chr2,125735852,125735867,123474.0
chr2,125735878,125735900,123441.0
chr2,125736032,125736047,123294.0
chr2,125736085,125736104,123237.0
chr2,125791300,125791344,67997.0
chr2,125791365,125791379,67962.0
chr2,126499727,126499755,97885.0
chr2,126499800,126499817,97823.0
chr2,126636502,126636521,38843.0
chr2,126636754,126636776,39095.0
chr2,126665887,126665940,68228.0
chr2,126666032,126666067,68373.0
chr2,126666070,126666092,68411.0
chr2,126676129,126676169,78470.0
chr2,126676198,126676224,78539.0
chr2,126876458,126876480,257774.0
chr2,126920547,126920566,213688.0
chr2,126920644,126920658,213596.0
chr2,126920694,126920710,213544.0
chr2,126920773,126920808,213446.0
chr2,127006814,127006853,127401.0
chr2,127070533,127070555,63699.0
chr2,127132279,127132301,1953.0
chr2,127319278,127319300,66872.0
chr2,127591195,127591209,201247.0
chr2,127916822,127916841,11074.0
chr2,127916897,127916929,10986.0
chr2,127917031,127917061,10854.0
chr2,128061081,128061117,133148.0
chr2,128158914,128158933,230981.0
chr2,128160941,128160957,233008.0
chr2,128204101,128204134,191616.0
chr2,128272798,128272818,122932.0
chr2,128294661,128294683,101067.0
chr2,128295398,128295420,100330.0
chr2,128295472,128295495,100255.0
chr2,128295605,128295630,100120.0
chr2,128295643,128295665,100085.0
chr2,128368710,128368729,27021.0
chr2,128368809,128368831,26919.0
chr2,128377953,128377980,17770.0
chr2,128377980,128378002,17748.0
chr2,128378271,128378310,17440.0
chr2,128378676,128378701,17049.0
chr2,128379414,128379431,16319.0
chr2,128379517,128379575,16175.0
chr2,128392311,128392334,3416.0
chr2,128544639,128544665,121880.0
chr2,128544815,128544842,122056.0
chr2,128817539,128817559,394780.0
chr2,128966956,128966978,544197.0
chr2,129084907,129084965,662148.0
chr2,129084967,129085003,662208.0
chr2,129085023,129085037,662264.0
chr2,129129605,129129623,706846.0
chr2,129129679,129129698,706920.0
chr2,129180242,129180256,757483.0
chr2,129180345,129180367,757586.0
chr2,129180468,129180493,757709.0
chr2,129197825,129197839,775066.0
chr2,130179448,130179498,1756689.0
chr2,130179506,130179555,1756747.0
chr2,130450039,130450055,2027280.0
chr2,131180384,131180400,2212703.0
chr2,131190135,131190157,2202946.0
chr2,131210509,131210533,2182570.0
chr2,131321480,131321502,2071601.0
chr2,131321585,131321599,2071504.0
chr2,131352434,131352456,2040647.0
chr2,131480806,131480839,1912264.0
chr2,131509902,131509918,1883185.0
chr2,131954350,131954374,1438729.0
chr2,132102650,132102666,1290437.0
chr2,132102947,132102971,1290132.0
chr2,132247381,132247403,1145700.0
chr2,132511272,132511291,881812.0
chr2,132511297,132511409,881694.0
chr2,132511532,132511560,881543.0
chr2,132512360,132512382,880721.0
chr2,132512513,132512527,880576.0
chr2,132620996,132621024,772079.0
chr2,132643111,132643137,749966.0
chr2,132670524,132670558,722545.0
chr2,132745624,132745640,647463.0
chr2,132745701,132745717,647386.0
chr2,133961099,133961118,567978.0
chr2,134644295,134644311,1229817.0
chr2,135600810,135600841,273287.0
chr2,135823993,135824007,50121.0
chr2,135862858,135862880,11248.0
chr2,135863173,135863195,10933.0
chr2,135863257,135863291,10837.0
chr2,135886187,135886229,12041.0
chr2,135891183,135891200,17037.0
chr2,135891503,135891525,17357.0
chr2,135891543,135891578,17397.0
chr2,135891581,135891612,17435.0
chr2,136890699,136890744,136485.0
chr2,136891888,136891903,137674.0
chr2,136891994,136892016,137780.0
chr2,138265866,138265888,847599.0
chr2,140043042,140043115,2624775.0
chr2,140043246,140043285,2624979.0
chr2,140051536,140051562,2633269.0
chr2,140067011,140067033,2648744.0
chr2,143063109,143063131,853482.0
chr2,143837301,143837325,79288.0
chr2,143839535,143839554,77059.0
chr2,144228864,144228883,312233.0
chr2,144459123,144459137,141256.0
chr2,144555517,144555544,44849.0
chr2,144555715,144555743,44650.0
chr2,145161380,145161424,449170.0
chr2,145197582,145197609,485372.0
chr2,145831985,145832014,1119775.0
chr2,145832015,145832053,1119805.0
chr2,145832058,145832091,1119848.0
chr2,145832308,145832327,1120098.0
chr2,145838756,145838775,1126546.0
chr2,145838928,145838950,1126718.0
chr2,146855537,146855557,1005144.0
chr2,147467221,147467240,393461.0
chr2,147467245,147467259,393442.0
chr2,147467369,147467388,393313.0
chr2,147595029,147595048,265653.0
chr2,148752453,148752472,891734.0
chr2,150307169,150307195,170792.0
chr2,150311475,150311494,175098.0
chr2,150551144,150551170,414767.0
chr2,150551849,150551864,415472.0
chr2,150552117,150552136,415740.0
chr2,150678764,150678778,542387.0
chr2,150909903,150909925,773526.0
chr2,150910042,150910069,773665.0
chr2,152293685,152293707,481869.0
chr2,152671778,152671797,103779.0
chr2,152825847,152825861,22625.0
chr2,153161118,153161146,184023.0
chr2,153214968,153214982,130187.0
chr2,153215070,153215092,130077.0
chr2,153263486,153263500,81669.0
chr2,153276632,153276662,68507.0
chr2,153276945,153276984,68185.0
chr2,153639268,153639310,226428.0
chr2,154372921,154372953,285299.0
chr2,154436073,154436096,222156.0
chr2,154436102,154436117,222135.0
chr2,154459828,154459843,198409.0
chr2,154613848,154613864,44388.0
chr2,154870557,154870573,212287.0
chr2,154870689,154870715,212419.0
chr2,154991702,154991716,333432.0
chr2,154991725,154991739,333455.0
chr2,155011425,155011447,353155.0
chr2,155079667,155079686,421397.0
chr2,155079728,155079744,421458.0
chr2,155079870,155079898,421600.0
chr2,155673648,155673682,120323.0
chr2,155673866,155673882,120541.0
chr2,155696305,155696319,142980.0
chr2,155696523,155696559,143198.0
chr2,155729570,155729601,176245.0
chr2,155826832,155826858,273507.0
chr2,156064986,156065014,511661.0
chr2,156065117,156065145,511792.0
chr2,156180032,156180051,626707.0
chr2,156180184,156180200,626859.0
chr2,156268006,156268030,714681.0
chr2,156278896,156278915,725571.0
chr2,156313120,156313139,759795.0
chr2,156393168,156393211,726120.0
chr2,156547445,156547469,571862.0
chr2,156862039,156862075,257256.0
chr2,156862128,156862148,257183.0
chr2,156862662,156862681,256650.0
chr2,157006626,157006648,112683.0
chr2,157131345,157131367,11996.0
chr2,157131475,157131494,12126.0
chr2,157138284,157138306,18935.0
chr2,157138488,157138504,19139.0
chr2,157142920,157142935,23571.0
chr2,157143032,157143047,23683.0
chr2,157147822,157147844,28473.0
chr2,157148154,157148180,28805.0
chr2,157200973,157200995,81624.0
chr2,157201017,157201033,81668.0
chr2,157201075,157201090,81726.0
chr2,157201437,157201466,82088.0
chr2,157201488,157201510,82139.0
chr2,157201523,157201561,82174.0
chr2,157367455,157367472,248106.0
chr2,157447134,157447158,327785.0
chr2,157447529,157447551,328180.0
chr2,157447620,157447644,328271.0
chr2,158361644,158361659,194703.0
chr2,158361711,158361725,194770.0
chr2,158380010,158380032,213069.0
chr2,158624649,158624677,50133.0
chr2,158688034,158688060,13206.0
chr2,158690318,158690337,15490.0
chr2,158690462,158690482,15634.0
chr2,158719330,158719352,44502.0
chr2,158719401,158719423,44573.0
chr2,158735574,158735596,60746.0
chr2,158852637,158852659,177809.0
chr2,158852813,158852841,177985.0
chr2,160757014,160757033,755097.0
chr2,161108960,161108974,403156.0
chr2,163120708,163120722,117519.0
chr2,163253624,163253640,15365.0
chr2,163472883,163472899,234624.0
chr2,163603100,163603120,364841.0
chr2,163658160,163658188,419901.0
chr2,163718309,163718354,480050.0
chr2,163718369,163718383,480110.0
chr2,163932456,163932482,612200.0
chr2,164047233,164047252,497430.0
chr2,164077925,164077939,466743.0
chr2,164080039,164080069,464613.0
chr2,164084484,164084504,460178.0
chr2,164521791,164521832,22850.0
chr2,164600420,164600463,55720.0
chr2,164600499,164600513,55799.0
chr2,164679167,164679181,134467.0
chr2,164850345,164850364,27614.0
chr2,164933533,164933549,110802.0
chr2,165326754,165326773,504023.0
chr2,165655189,165655216,376513.0
chr2,165955165,165955181,76548.0
chr2,165982720,165982769,48960.0
chr2,165986900,165986922,44807.0
chr2,166035575,166035594,3827.0
chr2,166035684,166035719,3936.0
chr2,166035857,166035888,4109.0
chr2,166046344,166046378,14596.0
chr2,166553548,166553570,332767.0
chr2,166620819,166620835,265502.0
chr2,166665580,166665619,220718.0
chr2,166671684,166671703,214634.0
chr2,166701722,166701773,184564.0
chr2,166775693,166775744,110593.0
chr2,166905753,166905773,19398.0
chr2,166905895,166905917,19540.0
chr2,167004763,167004829,118408.0
chr2,167004827,167004843,118472.0
chr2,167015166,167015180,128811.0
chr2,167058426,167058451,172071.0
chr2,167063322,167063336,176967.0
chr2,167102073,167102093,215718.0
chr2,167493164,167493204,249508.0
chr2,167503071,167503085,239627.0
chr2,167503196,167503211,239501.0
chr2,167533708,167533734,208978.0
chr2,167588434,167588489,154223.0
chr2,167588515,167588531,154181.0
chr2,167588633,167588649,154063.0
chr2,167632418,167632433,110279.0
chr2,167679886,167679905,62807.0
chr2,167698109,167698141,44571.0
chr2,167775602,167775622,32872.0
chr2,167805034,167805056,62304.0
chr2,167942680,167942702,199950.0
chr2,168574955,168574969,345240.0
chr2,168595701,168595719,365986.0
chr2,168595753,168595775,366038.0
chr2,168741126,168741154,511411.0
chr2,168742577,168742611,512862.0
chr2,168955732,168955746,726017.0
chr2,168990573,168990645,760858.0
chr2,168990649,168990664,760934.0
chr2,169612186,169612205,166677.0
chr2,169791304,169791338,4933.0
chr2,169791434,169791462,5063.0
chr2,169791469,169791489,5098.0
chr2,169791509,169791529,5138.0
chr2,170116872,170116894,52225.0
chr2,170117216,170117238,51881.0
chr2,170117256,170117270,51849.0
chr2,170131605,170131653,37466.0
chr2,170155041,170155063,14056.0
chr2,170160380,170160421,8698.0
chr2,170184824,170184840,15687.0
chr2,170185074,170185154,15937.0
chr2,170219222,170219248,50085.0
chr2,170219485,170219523,50348.0
chr2,170219516,170219538,50379.0
chr2,170219815,170219838,50678.0
chr2,170279548,170279570,110411.0
chr2,170279579,170279601,110442.0
chr2,170279674,170279690,110537.0
chr2,170292083,170292132,122946.0
chr2,170292201,170292220,123064.0
chr2,170401662,170401706,232525.0
chr2,170401706,170401722,232569.0
chr2,170401816,170401847,232679.0
chr2,172401332,172401367,675684.0
chr2,172433648,172433664,643387.0
chr2,172440637,172440659,636392.0
chr2,172937590,172937614,139437.0
chr2,172976770,172976798,100253.0
chr2,172977046,172977072,99979.0
chr2,172999659,172999708,77343.0
chr2,172999922,172999944,77107.0
chr2,173018278,173018328,58723.0
chr2,173218955,173218974,141886.0
chr2,173276791,173276813,175355.0
chr2,173349795,173349817,102351.0
chr2,173385627,173385643,66525.0
chr2,173410028,173410061,42107.0
chr2,173436478,173436505,15663.0
chr2,173469575,173469638,17389.0
chr2,173583472,173583532,131286.0
chr2,173679443,173679486,227257.0
chr2,173769420,173769450,298473.0
chr2,174077277,174077325,9336.0
chr2,174077534,174077568,9593.0
chr2,174584677,174584717,516736.0
chr2,174602717,174602732,534776.0
chr2,174612968,174612994,545027.0
chr2,174614161,174614175,546220.0
chr2,174614232,174614256,546291.0
chr2,174858320,174858346,790379.0
chr2,174858448,174858464,790507.0
chr2,174858476,174858503,790535.0
chr2,177946241,177946257,753804.0
chr2,177946402,177946424,753637.0
chr2,179977244,179977262,1277165.0
chr2,180024564,180024580,1294919.0
chr2,180257306,180257322,1062177.0
chr2,180456829,180456851,862648.0
chr2,180588958,180588980,730519.0
chr2,180709881,180709903,609596.0
chr2,181377535,181377555,58018.0
chr2,181377596,181377630,58079.0
chr2,181411168,181411187,91651.0
chr2,181411219,181411243,91702.0
chr2,181601428,181601442,281911.0
chr2,181680279,181680295,360762.0
chr2,181706674,181706707,387157.0
chr2,181706715,181706729,387198.0
chr2,181706919,181706983,387402.0
chr3,6494560,6494587,2140982.0
chr3,7034103,7034172,1601397.0
chr3,7034277,7034367,1601202.0
chr3,8766650,8766666,98764.0
chr3,9154398,9154417,87725.0
chr3,9249622,9249650,182949.0
chr3,9520798,9520813,156506.0
chr3,9755205,9755231,77868.0
chr3,9853515,9853534,130493.0
chr3,9885069,9885098,98929.0
chr3,9885216,9885232,98795.0
chr3,10841802,10841821,138018.0
chr3,12518912,12518927,1815128.0
chr3,14533701,14533717,272906.0
chr3,14886048,14886070,79407.0
chr3,15126875,15126889,320234.0
chr3,15126972,15126987,320331.0
chr3,16183945,16183966,1377304.0
chr3,16183975,16184000,1377334.0
chr3,16184017,16184039,1377376.0
chr3,16184503,16184518,1377862.0
chr3,16210615,16210661,1403974.0
chr3,16210676,16210691,1404035.0
chr3,18799774,18799793,458851.0
chr3,19018321,19018336,240308.0
chr3,19018571,19018626,240018.0
chr3,19165447,19165463,93181.0
chr3,19187989,19188004,70640.0
chr3,19216533,19216557,42087.0
chr3,19319117,19319153,60178.0
chr3,19430086,19430100,171147.0
chr3,19430414,19430430,171475.0
chr3,19628876,19628895,369937.0
chr3,19629074,19629120,370135.0
chr3,19662147,19662162,403208.0
chr3,19818824,19818840,323306.0
chr3,19818845,19818878,323268.0
chr3,19894551,19894565,247581.0
chr3,20034926,20034943,107203.0
chr3,20104683,20104743,37403.0
chr3,20104764,20104783,37363.0
chr3,20104796,20104810,37336.0
chr3,20104828,20104857,37289.0
chr3,20198959,20198973,23855.0
chr3,20198974,20199067,23761.0
chr3,21022906,21022932,800060.0
chr3,21961623,21961649,8330.0
chr3,21961653,21961707,8360.0
chr3,21961726,21961791,8433.0
chr3,21961972,21962008,8679.0
chr3,21962644,21962679,9351.0
chr3,21963046,21963065,9753.0
chr3,21963270,21963284,9977.0
chr3,22044524,22044546,91231.0
chr3,22044799,22044813,91506.0
chr3,22151277,22151292,197984.0
chr3,22152848,22152896,199555.0
chr3,26785507,26785532,368571.0
chr3,26785630,26785665,368438.0
chr3,26785697,26785724,368379.0
chr3,27182682,27182715,28560.0
chr3,27270362,27270378,116240.0
chr3,27285128,27285154,131006.0
chr3,27330906,27330920,176784.0
chr3,28468307,28468338,66034.0
chr3,28468354,28468369,66081.0
chr3,28780611,28780647,378338.0
chr3,28850185,28850207,447912.0
chr3,30600340,30600356,222181.0
chr3,30600644,30600666,222485.0
chr3,30601425,30601447,223266.0
chr3,30602072,30602091,223913.0
chr3,31061519,31061538,4558.0
chr3,31061554,31061578,4593.0
chr3,31093671,31093697,36710.0
chr3,31093969,31094023,37008.0
chr3,31096969,31096997,40008.0
chr3,31097149,31097179,40188.0
chr3,32397179,32397198,1340218.0
chr3,32398376,32398450,1341415.0
chr3,32420206,32420222,1363245.0
chr3,32420415,32420441,1363454.0
chr3,32420449,32420465,1363488.0
chr3,32529102,32529121,1427379.0
chr3,32709413,32709432,1247068.0
chr3,33799434,33799504,156996.0
chr3,35305948,35305978,1349430.0
chr3,35306258,35306280,1349740.0
chr3,35306344,35306367,1349826.0
chr3,35318300,35318334,1361782.0
chr3,35318379,35318416,1361861.0
chr3,35318533,35318567,1362015.0
chr3,35721327,35721385,1764809.0
chr3,35747186,35747209,1790668.0
chr3,35754830,35754852,1798312.0
chr3,35764813,35764835,1808295.0
chr3,35764945,35764986,1808427.0
chr3,35765024,35765040,1808506.0
chr3,36060518,36060546,1663618.0
chr3,36060644,36060675,1663489.0
chr3,36572013,36572029,1152135.0
chr3,36572412,36572431,1151733.0
chr3,36572441,36572469,1151695.0
chr3,36841320,36841339,882825.0
chr3,37205318,37205334,518830.0
chr3,37273163,37273190,450974.0
chr3,37292563,37292577,431587.0
chr3,37292703,37292725,431439.0
chr3,37292766,37292788,431376.0
chr3,37292792,37292824,431340.0
chr3,37420028,37420053,304111.0
chr3,37483735,37483759,240405.0
chr3,37484138,37484166,239998.0
chr3,37634734,37634765,89399.0
chr3,37634894,37634914,89250.0
chr3,37639622,37639644,84520.0
chr3,37640111,37640136,84028.0
chr3,37654776,37654792,69372.0
chr3,37738353,37738375,14171.0
chr3,38280450,38280465,526891.0
chr3,38280472,38280486,526913.0
chr3,38282949,38282990,529390.0
chr3,38283013,38283038,529454.0
chr3,38484203,38484217,730644.0
chr3,38497333,38497349,743774.0
chr3,38764988,38765009,1011429.0
chr3,38767590,38767609,1014031.0
chr3,40653308,40653351,679370.0
chr3,41042613,41042627,290094.0
chr3,41082960,41082974,249747.0
chr3,41408725,41408741,75986.0
chr3,41409226,41409246,76487.0
chr3,41565346,41565362,232607.0
chr3,41566242,41566264,233503.0
chr3,41742701,41742735,409962.0
chr3,44382212,44382231,581513.0
chr3,49163368,49163384,2176541.0
chr3,50887091,50887107,452818.0
chr3,50887177,50887191,452734.0
chr3,50906023,50906045,433880.0
chr3,50906050,50906072,433853.0
chr3,51289205,51289240,50685.0
chr3,51353626,51353646,13683.0
chr3,51377933,51377947,37990.0
chr3,51417354,51417385,77411.0
chr3,51495684,51495703,155741.0
chr3,51495772,51495794,155829.0
chr3,51559662,51559676,219719.0
chr3,51636646,51636694,296703.0
chr3,51654998,51655047,315055.0
chr3,51701044,51701063,361101.0
chr3,52000058,52000074,262686.0
chr3,52104774,52104790,157970.0
chr3,52198172,52198191,64569.0
chr3,52253974,52254023,8737.0
chr3,52298799,52298814,36020.0
chr3,52332105,52332163,69326.0
chr3,52411424,52411451,87746.0
chr3,52458729,52458743,40454.0
chr3,52459063,52459077,40120.0
chr3,52555108,52555124,55893.0
chr3,52572534,52572563,73319.0
chr3,52622019,52622035,122804.0
chr3,52648492,52648514,136434.0
chr3,52670872,52670888,114060.0
chr3,52670957,52670985,113963.0
chr3,52677141,52677163,107785.0
chr3,52679840,52679869,105079.0
chr3,52680166,52680182,104766.0
chr3,52680230,52680259,104689.0
chr3,52680293,52680322,104626.0
chr3,52680324,52680381,104567.0
chr3,52798010,52798026,13043.0
chr3,52802007,52802021,17040.0
chr3,52802104,52802126,17137.0
chr3,52830105,52830133,45138.0
chr3,52830249,52830278,45282.0
chr3,52840518,52840532,55551.0
chr3,52840685,52840714,55718.0
chr3,52844325,52844351,59358.0
chr3,52878697,52878719,28234.0
chr3,52882074,52882089,24864.0
chr3,53462460,53462488,444830.0
chr3,53462536,53462559,444906.0
chr3,53462718,53462747,445088.0
chr3,53463398,53463417,445768.0
chr3,53464064,53464107,446434.0
chr3,53464113,53464155,446483.0
chr3,53863971,53863993,368154.0
chr3,54399979,54399995,167683.0
chr3,54724258,54724290,491962.0
chr3,54724354,54724381,492058.0
chr3,54724504,54724531,492208.0
chr3,55111882,55111922,262085.0
chr3,55461697,55461711,87672.0
chr3,56007910,56007955,633885.0
chr3,57663952,57663981,180079.0
chr3,57683906,57683921,160139.0
chr3,58271548,58271574,427470.0
chr3,58414868,58414907,570790.0
chr3,58488037,58488064,643959.0
chr3,58488260,58488274,644182.0
chr3,58488367,58488381,644289.0
chr3,58517217,58517259,673139.0
chr3,58517464,58517479,673386.0
chr3,58552497,58552519,708419.0
chr3,58622730,58622789,778652.0
chr3,58622854,58622887,778776.0
chr3,59101825,59101847,600952.0
chr3,59102027,59102041,600758.0
chr3,59130613,59130630,572169.0
chr3,59229292,59229316,473483.0
chr3,59229665,59229679,473120.0
chr3,59235220,59235267,467532.0
chr3,59260616,59260630,442169.0
chr3,59260705,59260731,442068.0
chr3,59744649,59744663,41832.0
chr3,60091009,60091031,322975.0
chr3,60472309,60472349,58285.0
chr3,60472384,60472403,58360.0
chr3,60481673,60481707,55778.0
chr3,60481781,60481815,55670.0
chr3,60482008,60482024,55461.0
chr3,60482063,60482082,55403.0
chr3,60486840,60486862,50623.0
chr3,60496529,60496544,40941.0
chr3,60496573,60496592,40893.0
chr3,60502042,60502062,35423.0
chr3,60515891,60515911,21574.0
chr3,60515924,60515951,21534.0
chr3,60516522,60516570,20915.0
chr3,60519436,60519460,18025.0
chr3,60519601,60519623,17862.0
chr3,60527510,60527537,9948.0
chr3,60528816,60528835,8650.0
chr3,60576073,60576116,38570.0
chr3,60576315,60576335,38812.0
chr3,61082385,61082416,40790.0
chr3,61640782,61640804,517558.0
chr3,63929511,63929530,46479.0
chr3,63964921,63964937,11072.0
chr3,64971010,64971032,991032.0
chr3,65658757,65658776,303288.0
chr3,65658982,65658997,303067.0
chr3,65929739,65929775,32289.0
chr3,65930322,65930426,31638.0
chr3,65958165,65958184,3880.0
chr3,65990894,65990938,15271.0
chr3,66985558,66985592,1009935.0
chr3,67429890,67429905,753596.0
chr3,67429909,67429943,753558.0
chr3,67536488,67536510,646991.0
chr3,67536714,67536736,646765.0
chr3,68677378,68677403,117034.0
chr3,68759909,68759934,34503.0
chr3,68760488,68760524,33913.0
chr3,68784039,68784077,10360.0
chr3,68784254,68784276,10161.0
chr3,68784293,68784326,10111.0
chr3,68793093,68793107,1330.0
chr3,68793195,68793222,1215.0
chr3,68935593,68935607,52012.0
chr3,68967156,68967182,83575.0
chr3,68967259,68967273,83678.0
chr3,68967511,68967530,83930.0
chr3,68974997,68975011,91416.0
chr3,68980906,68980934,97325.0
chr3,68980949,68980965,97368.0
chr3,69156177,69156203,272596.0
chr3,69156222,69156250,272641.0
chr3,69159727,69159758,276146.0
chr3,69177650,69177701,294069.0
chr3,69205167,69205189,276763.0
chr3,69206056,69206072,275880.0
chr3,69373845,69373871,108081.0
chr3,74438455,74438470,3507718.0
chr3,75499050,75499066,3628819.0
chr3,75680975,75680999,3446886.0
chr3,75681178,75681212,3446673.0
chr3,75690252,75690268,3437617.0
chr3,75690293,75690334,3437551.0
chr3,75690346,75690366,3437519.0
chr3,75714037,75714051,3413834.0
chr3,75714163,75714190,3413695.0
chr3,76068181,76068197,3059688.0
chr3,78919849,78919863,208022.0
chr3,78919864,78919886,207999.0
chr3,79153400,79153422,25497.0
chr3,79177222,79177236,49319.0
chr3,79178224,79178246,50321.0
chr3,79178286,79178302,50383.0
chr3,79225765,79225849,49058.0
chr3,79226008,79226030,48877.0
chr3,79226166,79226182,48725.0
chr3,79227311,79227325,47582.0
chr3,79237861,79237889,37018.0
chr3,79239375,79239409,35498.0
chr3,79239575,79239591,35316.0
chr3,79252776,79252812,22095.0
chr3,79253082,79253103,21804.0
chr3,79591143,79591158,316218.0
chr3,79591252,79591274,316327.0
chr3,80012312,80012334,737387.0
chr3,80524180,80524196,1249255.0
chr3,80524556,80524571,1249631.0
chr3,80524587,80524603,1249662.0
chr3,81615623,81615644,2340698.0
chr3,81650678,81650700,2375753.0
chr3,81650904,81650923,2375979.0
chr3,81925906,81925930,2650981.0
chr3,81932533,81932553,2657608.0
chr3,82047407,82047481,2772482.0
chr3,83053740,83053754,1903127.0
chr3,83791702,83791729,1165152.0
chr3,84065922,84065948,890933.0
chr3,84066157,84066173,890708.0
chr3,84066325,84066347,890534.0
chr3,84154340,84154357,802524.0
chr3,84154362,84154411,802470.0
chr3,84154501,84154515,802366.0
chr3,84154522,84154546,802335.0
chr3,84154767,84154793,802088.0
chr3,84154794,84154809,802072.0
chr3,84228579,84228667,728214.0
chr3,84228894,84228967,727914.0
chr3,84337990,84338004,618877.0
chr3,84581759,84581787,375094.0
chr3,84622118,84622134,334747.0
chr3,84667639,84667655,289226.0
chr3,84681903,84681919,274962.0
chr3,84686862,84686878,270003.0
chr3,84715009,84715025,241856.0
chr3,84715060,84715084,241797.0
chr3,84771988,84772030,184851.0
chr3,84813621,84813659,143222.0
chr3,85195041,85195060,238141.0
chr3,85195099,85195118,238199.0
chr3,86196831,86196853,499291.0
chr3,86328637,86328660,516886.0
chr3,86328695,86328736,516810.0
chr3,86837543,86837575,7971.0
chr3,86871246,86871267,25682.0
chr3,86920998,86921018,75434.0
chr3,86998908,86998927,153344.0
chr3,86999463,86999513,153899.0
chr3,86999558,86999577,153994.0
chr3,87408221,87408241,107196.0
chr3,87529627,87529646,14172.0
chr3,87538174,87538197,22719.0
chr3,87743059,87743082,227604.0
chr3,87743086,87743102,227631.0
chr3,87845223,87845242,197731.0
chr3,87885773,87885813,157160.0
chr3,87906384,87906406,136567.0
chr3,87919583,87919619,123354.0
chr3,87961159,87961218,81755.0
chr3,88011184,88011229,31744.0
chr3,88087774,88087801,44783.0
chr3,88087963,88087990,44972.0
chr3,88141539,88141558,98548.0
chr3,88296487,88296514,213728.0
chr3,88410471,88410485,99757.0
chr3,88453918,88453940,56302.0
chr3,88554427,88554446,25105.0
chr3,88640718,88640732,61149.0
chr3,88685349,88685386,105780.0
chr3,88939944,88939966,360375.0
chr3,88940011,88940035,360442.0
chr3,88940037,88940052,360468.0
chr3,88940080,88940094,360511.0
chr3,88940219,88940236,360650.0
chr3,89101981,89101997,522412.0
chr3,89177375,89177390,523456.0
chr3,89214740,89214754,486092.0
chr3,89231842,89231864,468982.0
chr3,89282268,89282287,418559.0
chr3,89396526,89396545,304301.0
chr3,89411905,89411919,288927.0
chr3,89437341,89437360,263486.0
chr3,89458978,89459000,241846.0
chr3,89709196,89709231,8332.0
chr3,89714438,89714458,13574.0
chr3,89801391,89801443,100527.0
chr3,89864255,89864284,163391.0
chr3,89869934,89869973,169070.0
chr3,89869993,89870044,169129.0
chr3,89871175,89871197,170311.0
chr3,89887774,89887790,186910.0
chr3,89904987,89905022,204123.0
chr3,89905032,89905046,204168.0
chr3,89905054,89905073,204190.0
chr3,89905134,89905148,204270.0
chr3,89905293,89905359,204429.0
chr3,89906252,89906271,205388.0
chr3,89998988,89999007,298124.0
chr3,90052187,90052209,351323.0
chr3,90491217,90491319,790353.0
chr3,90508952,90508974,808088.0
chr3,90586995,90587017,886131.0
chr3,90587598,90587630,886734.0
chr3,91032415,91032434,568548.0
chr3,91032442,91032462,568520.0
chr3,91280786,91280808,320174.0
chr3,93506723,93506745,1601600.0
chr3,93515030,93515066,1609907.0
chr3,93547670,93547700,1642547.0
chr3,93547713,93547749,1642590.0
chr3,93548533,93548553,1643410.0
chr3,93548626,93548641,1643503.0
chr3,93548686,93548717,1643563.0
chr3,93548791,93548813,1643668.0
chr3,93554914,93554936,1649791.0
chr3,93597673,93597688,1692550.0
chr3,94355438,94355457,1538725.0
chr3,94443899,94443925,1450257.0
chr3,94616884,94616918,1277264.0
chr3,94617009,94617053,1277129.0
chr3,94811734,94811761,1082421.0
chr3,94837255,94837279,1056903.0
chr3,94954115,94954143,940039.0
chr3,95015734,95015756,878426.0
chr3,95028720,95028736,865446.0
chr3,95028867,95028889,865293.0
chr3,95028942,95028958,865224.0
chr3,95028972,95028992,865190.0
chr3,95042821,95042874,851308.0
chr3,95043301,95043337,850845.0
chr3,95101142,95101156,793026.0
chr3,95106738,95106757,787425.0
chr3,95110829,95110849,783333.0
chr3,95111403,95111430,782752.0
chr3,95111635,95111649,782533.0
chr3,95134131,95134164,760018.0
chr3,95135810,95135836,758346.0
chr3,95141775,95141794,752388.0
chr3,95185289,95185311,708871.0
chr3,95357452,95357474,536708.0
chr3,95512162,95512188,381994.0
chr3,95517581,95517609,376573.0
chr3,95523811,95523837,370345.0
chr3,95523861,95523883,370299.0
chr3,95541533,95541580,352602.0
chr3,95541585,95541599,352583.0
chr3,95668803,95668819,225363.0
chr3,95668967,95668989,225193.0
chr3,95669061,95669123,225059.0
chr3,95669271,95669311,224871.0
chr3,95672684,95672712,221470.0
chr3,95722671,95722701,171481.0
chr3,95722698,95722726,171456.0
chr3,95758418,95758437,135745.0
chr3,95928947,95928996,34747.0
chr3,95930733,95930762,36533.0
chr3,95951503,95951544,20840.0
chr3,95951672,95951714,20670.0
chr3,95996265,95996287,23863.0
chr3,96032172,96032191,59770.0
chr3,96032391,96032456,59989.0
chr3,96414965,96414982,142046.0
chr3,96547427,96547458,9570.0
chr3,96547486,96547500,9528.0
chr3,96558106,96558129,1059.0
chr3,96563410,96563450,6363.0
chr3,96563455,96563486,6408.0
chr3,96567088,96567104,10041.0
chr3,96567154,96567176,10107.0
chr3,96567308,96567324,10261.0
chr3,96576290,96576318,19243.0
chr3,96629697,96629733,72650.0
chr3,97332417,97332433,775370.0
chr3,97332593,97332632,775546.0
chr3,97332632,97332646,775585.0
chr3,97609496,97609511,1052449.0
chr3,97628571,97628585,1071524.0
chr3,97628592,97628608,1071545.0
chr3,97628681,97628695,1071634.0
chr3,97628936,97628956,1071889.0
chr3,98027343,98027398,1470296.0
chr3,98280883,98280898,1723836.0
chr3,98280994,98281008,1723947.0
chr3,98281247,98281261,1724200.0
chr3,98348237,98348256,1791190.0
chr3,98348778,98348792,1791731.0
chr3,100384981,100385000,303138.0
chr3,100422626,100422655,265483.0
chr3,100422696,100422725,265413.0
chr3,100482591,100482605,205533.0
chr3,100502608,100502622,185516.0
chr3,100502810,100502841,185297.0
chr3,100558329,100558351,129787.0
chr3,100558575,100558615,129523.0
chr3,100558675,100558703,129435.0
chr3,100561805,100561819,126319.0
chr3,100562058,100562090,126048.0
chr3,100568679,100568701,119437.0
chr3,100568745,100568760,119378.0
chr3,100568837,100568853,119285.0
chr3,100818955,100818983,130799.0
chr3,100819505,100819519,131349.0
chr3,100906930,100906949,218774.0
chr3,101021286,101021331,333130.0
chr3,101021353,101021367,333197.0
chr3,101021414,101021446,333258.0
chr3,101059382,101059402,371226.0
chr3,101146046,101146065,457890.0
chr3,101233579,101233594,545423.0
chr3,101236447,101236464,548291.0
chr3,101265724,101265743,577568.0
chr3,101265781,101265809,577625.0
chr3,101295363,101295419,607207.0
chr3,101295480,101295524,607324.0
chr3,101296690,101296727,608534.0
chr3,101376817,101376831,688661.0
chr3,101462324,101462396,774168.0
chr3,101603809,101603823,915653.0
chr3,101803905,101803925,1115749.0
chr3,102000195,102000223,1312039.0
chr3,102000399,102000444,1312243.0
chr3,102715245,102715261,662424.0
chr3,102738651,102738682,639003.0
chr3,102738717,102738743,638942.0
chr3,102756011,102756051,621634.0
chr3,102804229,102804268,573417.0
chr3,102804351,102804377,573308.0
chr3,103058110,103058129,319556.0
chr3,103171552,103171574,206111.0
chr3,103206556,103206600,171085.0
chr3,103206762,103206781,170904.0
chr3,103237019,103237052,140633.0
chr3,103384868,103384888,7165.0
chr3,103385811,103385833,8108.0
chr3,103386389,103386415,8686.0
chr3,103405372,103405391,27669.0
chr3,103405431,103405445,27728.0
chr3,103405622,103405641,27919.0
chr3,103405740,103405756,28037.0
chr3,103773201,103773217,7805.0
chr3,103773296,103773312,7710.0
chr3,103789779,103789839,8739.0
chr3,103789858,103789872,8818.0
chr3,103790381,103790417,9341.0
chr3,103801998,103802020,20958.0
chr3,103857436,103857483,76396.0
chr3,103859564,103859583,78524.0
chr3,103860437,103860463,79397.0
chr3,103863131,103863180,82091.0
chr3,103867652,103867671,86612.0
chr3,103868080,103868102,87040.0
chr3,103868224,103868238,87184.0
chr3,103868435,103868466,87395.0
chr3,103868519,103868535,87479.0
chr3,103886342,103886390,105302.0
chr3,103887708,103887734,106668.0
chr3,103937503,103937539,156463.0
chr3,103937615,103937631,156575.0
chr3,103991466,103991485,210426.0
chr3,104512122,104512148,731082.0
chr3,104616497,104616517,835457.0
chr3,104856463,104856482,1075423.0
chr3,104992724,104992745,999032.0
chr3,105341347,105341379,650398.0
chr3,105763353,105763375,228402.0
chr3,105763803,105763850,227927.0
chr3,105800055,105800074,191703.0
chr3,105800198,105800221,191556.0
chr3,105815816,105815832,175945.0
chr3,105892082,105892101,99676.0
chr3,105959382,105959398,32379.0
chr3,106000998,106001012,2384.0
chr3,106449109,106449128,445694.0
chr3,106449460,106449480,446045.0
chr3,106461888,106461902,458473.0
chr3,106493172,106493212,489757.0
chr3,106493784,106493810,490369.0
chr3,106522904,106522927,519489.0
chr3,106522971,106522997,519556.0
chr3,106523001,106523024,519586.0
chr3,106721527,106721541,484703.0
chr3,106722446,106722468,483776.0
chr3,106774596,106774610,431634.0
chr3,106785148,106785163,421081.0
chr3,106785605,106785631,420613.0
chr3,106788170,106788189,418055.0
chr3,106788569,106788588,417656.0
chr3,106788592,106788608,417636.0
chr3,106788827,106788846,417398.0
chr3,106832591,106832615,373629.0
chr3,106940325,106940339,265905.0
chr3,106940389,106940424,265820.0
chr3,106966116,106966141,240103.0
chr3,106966211,106966239,240005.0
chr3,106966636,106966667,239577.0
chr3,106966682,106966701,239543.0
chr3,106974471,106974497,231747.0
chr3,107038506,107038531,167713.0
chr3,107047839,107047864,158380.0
chr3,107048057,107048071,158173.0
chr3,107048188,107048216,158028.0
chr3,107061569,107061583,144661.0
chr3,107061729,107061745,144499.0
chr3,107063049,107063064,143180.0
chr3,107090022,107090041,116203.0
chr3,107094052,107094131,112113.0
chr3,107100152,107100174,106070.0
chr3,107760339,107760359,423848.0
chr3,107796482,107796501,459991.0
chr3,107846393,107846454,509902.0
chr3,107853299,107853325,516808.0
chr3,107918267,107918312,581776.0
chr3,108140786,108140801,804295.0
chr3,108140845,108140867,804354.0
chr3,108147936,108147955,811445.0
chr3,108257195,108257217,920704.0
chr3,108389356,108389399,1052865.0
chr3,108389673,108389695,1053182.0
chr3,108490109,108490125,1153618.0
chr3,108554107,108554157,1217616.0
chr3,108554922,108554941,1218431.0
chr3,108555041,108555055,1218550.0
chr3,108562737,108562756,1226246.0
chr3,108563168,108563191,1226677.0
chr3,108653627,108653757,1317136.0
chr3,108840750,108840766,1504259.0
chr3,108880613,108880635,1544122.0
chr3,109011173,109011192,1674682.0
chr3,109027820,109027839,1679219.0
chr3,109071277,109071296,1635762.0
chr3,109071500,109071522,1635536.0
chr3,109341611,109341657,1365401.0
chr3,109362370,109362401,1344657.0
chr3,109452115,109452131,1254927.0
chr3,109454764,109454786,1252272.0
chr3,110773255,110773277,66179.0
chr3,110773287,110773306,66211.0
chr3,110773311,110773325,66235.0
chr3,110773435,110773454,66359.0
chr3,111488724,111488738,781648.0
chr3,111488737,111488752,781661.0
chr3,111488757,111488772,781681.0
chr3,111488773,111488788,781697.0
chr3,111488789,111488816,781713.0
chr3,111488855,111488900,781779.0
chr3,112236424,112236439,1374977.0
chr3,113123507,113123522,487894.0
chr3,113630302,113630324,18868.0
chr3,113984608,113984627,327530.0
chr3,115642931,115642951,329737.0
chr3,115673365,115673380,299308.0
chr3,115673487,115673502,299186.0
chr3,115673810,115673824,298864.0
chr3,115675947,115675967,296721.0
chr3,115676139,115676153,296535.0
chr3,115676208,115676279,296409.0
chr3,115689484,115689526,283162.0
chr3,115690189,115690205,282483.0
chr3,115690363,115690390,282298.0
chr3,115704549,115704568,268120.0
chr3,115704678,115704694,267994.0
chr3,115715056,115715083,257605.0
chr3,115758718,115758732,213956.0
chr3,115793370,115793398,179290.0
chr3,115793502,115793521,179167.0
chr3,115793754,115793776,178912.0
chr3,115800547,115800563,172125.0
chr3,115800619,115800635,172053.0
chr3,115800648,115800670,172018.0
chr3,115800880,115800894,171794.0
chr3,115801279,115801293,171395.0
chr3,115801533,115801580,171108.0
chr3,115801628,115801657,171031.0
chr3,115801868,115801888,170800.0
chr3,115805952,115805971,166717.0
chr3,115815592,115815614,157074.0
chr3,115815708,115815730,156958.0
chr3,115887466,115887480,85208.0
chr3,115933504,115933523,39165.0
chr3,115940399,115940421,32267.0
chr3,115940652,115940666,32022.0
chr3,115940780,115940794,31894.0
chr3,116436467,116436498,109026.0
chr3,116766902,116766916,53896.0
chr3,116767054,116767112,54048.0
chr3,116767187,116767209,54181.0
chr3,116767326,116767398,54320.0
chr3,116861714,116861738,148708.0
chr3,119782360,119782401,16270.0
chr3,119782405,119782419,16315.0
chr3,119782518,119782549,16428.0
chr3,119782577,119782602,16487.0
chr3,121171186,121171203,468652.0
chr3,121171209,121171250,468605.0
chr3,121306603,121306670,333185.0
chr3,121345339,121345355,294500.0
chr3,121369929,121369953,269902.0
chr3,121548085,121548107,91748.0
chr3,121885177,121885222,211263.0
chr3,122202289,122202311,105786.0
chr3,122245223,122245255,148720.0
chr3,122638782,122638798,230563.0
chr3,122638884,122638900,230461.0
chr3,123174371,123174396,1925.0
chr3,123174463,123174483,1838.0
chr3,123174501,123174534,1787.0
chr3,123196006,123196021,19667.0
chr3,123386124,123386166,102943.0
chr3,123386412,123386432,102677.0
chr3,123386429,123386461,102648.0
chr3,123386548,123386594,102515.0
chr3,123386626,123386646,102463.0
chr3,123386680,123386734,102375.0
chr3,123386749,123386765,102344.0
chr3,123444791,123444805,44304.0
chr3,126588733,126588757,73112.0
chr3,126588769,126588794,73075.0
chr3,126588807,126588823,73046.0
chr3,126589733,126589753,72116.0
chr3,126660473,126660499,1370.0
chr3,126834957,126834976,173070.0
chr3,127561178,127561194,710676.0
chr3,127561198,127561220,710650.0
chr3,127572594,127572614,699256.0
chr3,127763515,127763546,508324.0
chr3,127824463,127824488,447382.0
chr3,127837909,127837952,433918.0
chr3,127949319,127949362,322508.0
chr3,129459583,129459605,271185.0
chr3,129536570,129536617,194173.0
chr3,129553595,129553632,177158.0
chr3,129602418,129602434,128356.0
chr3,129686980,129687031,43759.0
chr3,129879656,129879676,107466.0
chr3,129879792,129879816,107326.0
chr3,130013035,130013084,25875.0
chr3,130061101,130061127,73941.0
chr3,130691413,130691441,366232.0
chr3,130730284,130730303,327370.0
chr3,130749181,130749195,308478.0
chr3,130749194,130749210,308463.0
chr3,130749398,130749418,308255.0
chr3,130764488,130764503,293170.0
chr3,130796617,130796636,261037.0
chr3,130796682,130796704,260969.0
chr3,130818996,130819011,238662.0
chr3,130901757,130901777,155896.0
chr3,130903008,130903039,154634.0
chr3,130936867,130936950,120723.0
chr3,131014128,131014156,43517.0
chr3,131014321,131014344,43329.0
chr3,131014423,131014442,43231.0
chr3,131014502,131014544,43129.0
chr3,131014628,131014648,43025.0
chr3,131110974,131111015,53283.0
chr3,131117870,131117884,60179.0
chr3,131139560,131139579,81869.0
chr3,131139679,131139693,81988.0
chr3,131147859,131147881,90168.0
chr3,131148105,131148135,90414.0
chr3,131154190,131154219,96499.0
chr3,131160241,131160298,102550.0
chr3,131195067,131195083,137376.0
chr3,131199948,131199962,142257.0
chr3,131303364,131303417,245673.0
chr3,131552680,131552707,494989.0
chr3,132823532,132823551,229118.0
chr3,132823757,132823779,228890.0
chr3,133065612,133065637,12925.0
chr3,133065764,133065785,13077.0
chr3,133310732,133310754,258045.0
chr3,133332233,133332247,279546.0
chr3,133332402,133332418,279715.0
chr3,133332511,133332547,279824.0
chr3,133332585,133332599,279898.0
chr3,133510516,133510538,457829.0
chr3,133614472,133614502,561785.0
chr3,135212224,135212246,831909.0
chr3,135212292,135212306,831849.0
chr3,135212326,135212354,831801.0
chr3,135307877,135307917,736238.0
chr3,135479996,135480012,564143.0
chr3,135486257,135486272,557883.0
chr3,135515639,135515658,528497.0
chr3,135579409,135579423,464732.0
chr3,135594709,135594731,449424.0
chr3,135607442,135607456,436699.0
chr3,135640398,135640417,403738.0
chr3,135665734,135665775,378380.0
chr3,135666304,135666332,377823.0
chr3,135689544,135689566,354589.0
chr3,135718884,135718904,325251.0
chr3,135731225,135731274,312881.0
chr3,135731306,135731369,312786.0
chr3,135731622,135731636,312519.0
chr3,135824936,135824955,219200.0
chr3,135887340,135887391,156764.0
chr3,136611606,136611621,567433.0
chr3,136670571,136670591,626398.0
chr3,136671081,136671120,626908.0
chr3,136743091,136743111,698918.0
chr3,136956188,136956207,912015.0
chr3,137865260,137865276,609534.0
chr3,137865464,137865508,609302.0
chr3,137865834,137865873,608937.0
chr3,137865982,137866009,608801.0
chr3,137879870,137880107,594703.0
chr3,137969243,137969257,505553.0
chr3,137981708,137981727,493083.0
chr3,138526788,138526816,51960.0
chr3,138527088,138527103,52260.0
chr3,138877082,138877105,22246.0
chr3,139944087,139944107,1089251.0
chr3,142356698,142356712,61634.0
chr3,142443234,142443248,50743.0
chr3,142533636,142533685,39626.0
chr3,142550243,142550265,56233.0
chr3,142560315,142560342,58533.0
chr3,142560563,142560585,58290.0
chr3,142562850,142562872,56003.0
chr3,142562891,142562910,55965.0
chr3,142764856,142764870,144974.0
chr3,142765450,142765472,145568.0
chr3,142880803,142880817,260921.0
chr3,143647238,143647252,390069.0
chr3,143647407,143647467,390238.0
chr3,143884112,143884139,166164.0
chr3,143884146,143884183,166120.0
chr3,143884232,143884248,166055.0
chr3,143884400,143884442,165861.0
chr3,143884446,143884460,165843.0
chr3,144089737,144089751,39416.0
chr3,144089885,144089899,39564.0
chr3,144090034,144090069,39713.0
chr3,144253103,144253141,202782.0
chr3,144719125,144719145,668804.0
chr3,145117888,145117908,1067567.0
chr3,145118006,145118075,1067685.0
chr3,145118444,145118466,1068123.0
chr3,145923740,145923781,1873419.0
chr3,145923948,145923968,1873627.0
chr3,145937857,145937880,1887536.0
chr3,145994442,145994468,1944121.0
chr3,145994610,145994636,1944289.0
chr3,146152587,146152615,2102266.0
chr3,146152617,146152639,2102296.0
chr3,146152646,146152668,2102325.0
chr3,146158262,146158281,2107941.0
chr3,146158291,146158328,2107970.0
chr3,146181071,146181085,2130750.0
chr3,146946166,146946188,2719463.0
chr3,146946293,146946314,2719337.0
chr3,148491365,148491392,1174259.0
chr3,148491706,148491726,1173925.0
chr3,148510604,148510618,1155033.0
chr3,148510620,148510648,1155003.0
chr3,148510742,148510764,1154887.0
chr3,148851254,148851273,814378.0
chr3,148851280,148851312,814339.0
chr3,148867691,148867710,797941.0
chr3,148867752,148867771,797880.0
chr3,149326591,149326664,338987.0
chr3,149326664,149326699,338952.0
chr3,149327117,149327136,338515.0
chr3,151789853,151789926,1152005.0
chr3,151789948,151790026,1151905.0
chr3,151790048,151790070,1151861.0
chr3,152193695,152193714,748217.0
chr3,152229735,152229759,712172.0
chr3,152340789,152340828,601103.0
chr3,152340834,152340856,601075.0
chr3,152432727,152432752,509179.0
chr3,152433031,152433045,508886.0
chr3,152713862,152713884,228047.0
chr3,152713954,152714020,227911.0
chr3,152714032,152714051,227880.0
chr3,152912776,152912795,29136.0
chr3,152943111,152943125,1162.0
chr3,152950255,152950277,2170.0
chr3,152950338,152950357,2090.0
chr3,152958332,152958351,5867.0
chr3,153723871,153723887,132149.0
chr3,153756062,153756078,164340.0
chr3,153764776,153764826,173054.0
chr3,153764921,153764954,173199.0
chr3,153765155,153765177,173433.0
chr3,153806344,153806399,153120.0
chr3,157533964,157533981,82998.0
chr3,158031291,158031313,414294.0
chr3,159495138,159495165,726608.0
chr4,3967604,3967626,14969.0
chr4,3967923,3967938,14657.0
chr4,4793428,4793450,803367.0
chr4,5929814,5929847,545264.0
chr4,6445690,6445712,29399.0
chr4,6445877,6445892,29219.0
chr4,6452242,6452264,22847.0
chr4,6453051,6453071,22040.0
chr4,6453570,6453601,21510.0
chr4,6541475,6541511,66346.0
chr4,6541533,6541552,66404.0
chr4,6663817,6663832,41517.0
chr4,6663839,6663861,41539.0
chr4,6792394,6792467,24780.0
chr4,6803755,6803777,13470.0
chr4,6860159,6860178,42894.0
chr4,6869414,6869428,52149.0
chr4,6882627,6882649,65362.0
chr4,6887438,6887473,70173.0
chr4,6902040,6902072,84775.0
chr4,6924848,6924874,107583.0
chr4,6924886,6924912,107621.0
chr4,6925204,6925226,107939.0
chr4,6930549,6930568,113284.0
chr4,6930578,6930600,113313.0
chr4,6930925,6930948,113660.0
chr4,6931045,6931071,113780.0
chr4,6934010,6934029,116745.0
chr4,6934193,6934221,116928.0
chr4,6934408,6934450,117143.0
chr4,6935080,6935102,117815.0
chr4,6940805,6940827,123540.0
chr4,6940834,6940848,123569.0
chr4,6950361,6950377,133096.0
chr4,6958396,6958415,141131.0
chr4,6958454,6958470,141189.0
chr4,6958484,6958503,141219.0
chr4,6963773,6963793,146508.0
chr4,6970360,6970376,153095.0
chr4,6970573,6970588,153308.0
chr4,6976083,6976097,158818.0
chr4,6990515,6990529,173250.0
chr4,6990542,6990590,173277.0
chr4,6990697,6990711,173432.0
chr4,6990940,6990966,173675.0
chr4,6991666,6991682,174401.0
chr4,7112481,7112503,295216.0
chr4,7357852,7357867,85525.0
chr4,7455408,7455430,11998.0
chr4,7455456,7455472,12046.0
chr4,7455613,7455637,12203.0
chr4,7556949,7556968,113539.0
chr4,7557063,7557161,113653.0
chr4,8535180,8535208,99329.0
chr4,8535215,8535229,99308.0
chr4,8720926,8720948,71082.0
chr4,8721321,8721344,71477.0
chr4,8783583,8783635,133739.0
chr4,8799944,8799970,150100.0
chr4,8800013,8800032,150169.0
chr4,8800367,8800406,150523.0
chr4,8806125,8806153,156281.0
chr4,8810944,8810963,161100.0
chr4,8811015,8811034,161171.0
chr4,8842862,8842876,193018.0
chr4,8843178,8843209,193334.0
chr4,8853987,8854012,204143.0
chr4,8926919,8926941,277075.0
chr4,8942942,8942964,293098.0
chr4,9009549,9009572,359705.0
chr4,9009592,9009607,359748.0
chr4,9423366,9423385,347801.0
chr4,10161654,10161668,390450.0
chr4,10444548,10444567,536804.0
chr4,10675291,10675328,306043.0
chr4,10770110,10770129,211242.0
chr4,10912888,10912921,68450.0
chr4,10912938,10912960,68411.0
chr4,11135272,11135292,11451.0
chr4,11135307,11135336,11407.0
chr4,11135558,11135577,11166.0
chr4,11135619,11135641,11102.0
chr4,11322767,11322781,176006.0
chr4,11347597,11347611,151425.0
chr4,11347680,11347696,151340.0
chr4,11485630,11485649,13387.0
chr4,11493292,11493313,5723.0
chr4,11559297,11559326,60243.0
chr4,11610018,11610038,110964.0
chr4,11610040,11610073,110986.0
chr4,11610276,11610298,111222.0
chr4,11704217,11704249,205163.0
chr4,11721171,11721188,222117.0
chr4,11721192,11721207,222138.0
chr4,11721320,11721345,222266.0
chr4,11721656,11721675,222602.0
chr4,11900273,11900304,146407.0
chr4,11965860,11965884,80827.0
chr4,12088040,12088054,41311.0
chr4,12850349,12850377,668942.0
chr4,12850471,12850497,668822.0
chr4,12850638,12850665,668654.0
chr4,14826777,14826792,1118983.0
chr4,15273199,15273213,672562.0
chr4,15273589,15273624,672151.0
chr4,15281133,15281159,664616.0
chr4,15281188,15281207,664568.0
chr4,15294994,15295008,650767.0
chr4,15300420,15300442,645333.0
chr4,15305977,15305991,639784.0
chr4,15307077,15307132,638643.0
chr4,15307197,15307232,638543.0
chr4,15307387,15307416,638359.0
chr4,15317250,15317264,628511.0
chr4,15317504,15317524,628251.0
chr4,15317606,15317621,628154.0
chr4,15929252,15929286,16489.0
chr4,16162669,16162718,175942.0
chr4,19785878,19785897,88824.0
chr4,19785950,19785966,88896.0
chr4,19895950,19895969,36465.0
chr4,19926248,19926274,6160.0
chr4,19928461,19928498,3936.0
chr4,21183714,21183751,543477.0
chr4,21767262,21767276,40016.0
chr4,22467949,22467964,740703.0
chr4,24497069,24497103,124113.0
chr4,25136411,25136425,201845.0
chr4,25495162,25495181,156873.0
chr4,27891766,27891798,1077573.0
chr4,28570818,28570867,398504.0
chr4,28570873,28570892,398479.0
chr4,28570936,28570951,398420.0
chr4,30965405,30965422,1167610.0
chr4,31963752,31963768,169264.0
chr4,32055382,32055418,77614.0
chr4,32126981,32127000,6032.0
chr4,32127058,32127087,5945.0
chr4,32149430,32149445,16379.0
chr4,32164821,32164835,31770.0
chr4,32216655,32216683,33181.0
chr4,32216791,32216824,33040.0
chr4,32250968,32250999,1086.0
chr4,32251014,32251028,1132.0
chr4,32258566,32258588,8684.0
chr4,32258605,32258633,8723.0
chr4,32263242,32263258,13360.0
chr4,32281547,32281566,31665.0
chr4,32281606,32281628,31724.0
chr4,32288099,32288118,38217.0
chr4,32291834,32291867,41952.0
chr4,32335688,32335705,6895.0
chr4,32336027,32336043,6557.0
chr4,32336055,32336087,6513.0
chr4,32343739,32343761,1120.0
chr4,32344139,32344165,1520.0
chr4,32351607,32351634,8988.0
chr4,32351827,32351855,9208.0
chr4,32351885,32351913,9266.0
chr4,32387788,32387802,45169.0
chr4,32405248,32405275,62629.0
chr4,32405434,32405454,62815.0
chr4,32424671,32424685,82052.0
chr4,32425169,32425196,82550.0
chr4,32425198,32425220,82579.0
chr4,32481807,32481826,139188.0
chr4,32560646,32560674,218027.0
chr4,32614951,32614985,272332.0
chr4,32657186,32657208,314567.0
chr4,32748436,32748452,405817.0
chr4,32748454,32748473,405835.0
chr4,32800504,32800523,457885.0
chr4,33291977,33292006,83633.0
chr4,33309738,33309785,65854.0
chr4,33989039,33989055,613382.0
chr4,33989073,33989087,613416.0
chr4,35071780,35071799,59139.0
chr4,35138084,35138098,7128.0
chr4,35140463,35140482,9507.0
chr4,35140633,35140708,9677.0
chr4,35226380,35226419,95424.0
chr4,40270005,40270019,410465.0
chr4,40301125,40301142,379342.0
chr4,40721068,40721096,40565.0
chr4,40781236,40781265,100733.0
chr4,40782081,40782127,101578.0
chr4,40833627,40833649,153124.0
chr4,40833658,40833695,153155.0
chr4,40834322,40834344,153819.0
chr4,40834354,40834377,153851.0
chr4,40839034,40839073,158531.0
chr4,40876300,40876332,195797.0
chr4,41124741,41124757,132198.0
chr4,41523192,41523211,181733.0
chr4,42767266,42767282,194544.0
chr4,43000281,43000296,37849.0
chr4,43005900,43005915,32230.0
chr4,43025563,43025585,12560.0
chr4,43457027,43457046,418864.0
chr4,43482073,43482097,443910.0
chr4,43492734,43492784,454571.0
chr4,43562435,43562457,524272.0
chr4,43724976,43724991,546445.0
chr4,43725046,43725062,546374.0
chr4,43788153,43788167,483269.0
chr4,43788249,43788268,483168.0
chr4,43936962,43936984,334452.0
chr4,43960448,43960493,310943.0
chr4,43960767,43960803,310633.0
chr4,44012594,44012616,258820.0
chr4,44022182,44022197,249239.0
chr4,44022431,44022464,248972.0
chr4,44045151,44045178,226258.0
chr4,44045254,44045268,226168.0
chr4,44065347,44065367,206069.0
chr4,44159925,44159957,111479.0
chr4,44168601,44168620,102816.0
chr4,44202839,44202858,68578.0
chr4,44756063,44756103,217733.0
chr4,44756433,44756467,217369.0
chr4,45018446,45018465,44592.0
chr4,45108348,45108366,134494.0
chr4,45530682,45530698,556828.0
chr4,46151927,46151947,610023.0
chr4,46196574,46196593,565377.0
chr4,46388931,46388969,373001.0
chr4,46499228,46499288,262682.0
chr4,46507788,46507833,254137.0
chr4,46507977,46507996,253974.0
chr4,46508184,46508213,253757.0
chr4,46566936,46566978,194992.0
chr4,46584509,46584542,177428.0
chr4,47001299,47001318,239311.0
chr4,47001596,47001610,239608.0
chr4,47272553,47272567,510565.0
chr4,47272820,47272835,510832.0
chr4,47314091,47314141,552103.0
chr4,47320179,47320201,558191.0
chr4,48034653,48034681,21812.0
chr4,48043697,48043728,30856.0
chr4,48075010,48075029,62169.0
chr4,48075338,48075364,62497.0
chr4,48470922,48470959,458081.0
chr4,49139026,49139045,1126185.0
chr4,49139109,49139123,1126268.0
chr4,49631766,49631797,1618925.0
chr4,49631814,49631860,1618973.0
chr4,52229870,52229885,943240.0
chr4,52438718,52438740,1152088.0
chr4,52439105,52439120,1152475.0
chr4,53158568,53158637,1871938.0
chr4,53218099,53218144,1931469.0
chr4,55343483,55343524,2559873.0
chr4,55398117,55398145,2505252.0
chr4,55398156,55398172,2505225.0
chr4,55398195,55398217,2505180.0
chr4,55443550,55443564,2459833.0
chr4,55532629,55532649,2370748.0
chr4,56555468,56555490,1347907.0
chr4,56558085,56558099,1345298.0
chr4,56558303,56558340,1345057.0
chr4,56733144,56733163,1170234.0
chr4,56916093,56916107,987290.0
chr4,57091536,57091552,811845.0
chr4,57301366,57301430,601967.0
chr4,57673502,57673524,229873.0
chr4,57681564,57681588,221809.0
chr4,57785021,57785035,118362.0
chr4,57785067,57785086,118311.0
chr4,57813530,57813549,89848.0
chr4,57832610,57832628,70769.0
chr4,57832633,57832647,70750.0
chr4,59156811,59156825,11164.0
chr4,59157403,59157422,10567.0
chr4,59190693,59190715,22686.0
chr4,59190775,59190797,22768.0
chr4,59190907,59190926,22900.0
chr4,59204941,59204960,36934.0
chr4,59254490,59254504,86483.0
chr4,59254531,59254545,86524.0
chr4,59254600,59254614,86593.0
chr4,59260957,59261001,92950.0
chr4,59261570,59261599,93563.0
chr4,59265985,59266001,97978.0
chr4,59266346,59266360,98339.0
chr4,59278681,59278700,110674.0
chr4,59291153,59291169,123146.0
chr4,59295365,59295396,127358.0
chr4,59331263,59331289,163256.0
chr4,59331928,59331961,163921.0
chr4,59360835,59360860,167630.0
chr4,59544943,59544976,16435.0
chr4,59682410,59682425,28355.0
chr4,60456420,60456446,802365.0
chr4,60456464,60456491,802409.0
chr4,60456519,60456565,802464.0
chr4,62287363,62287410,218388.0
chr4,62355582,62355602,150196.0
chr4,62355594,62355648,150150.0
chr4,62407404,62407436,98362.0
chr4,62407448,62407462,98336.0
chr4,62407524,62407553,98245.0
chr4,62407715,62407754,98044.0
chr4,62407897,62407921,97877.0
chr4,62536680,62536696,30864.0
chr4,62536826,62536842,31010.0
chr4,62562046,62562073,56230.0
chr4,62594258,62594272,88442.0
chr4,62740775,62740789,5999.0
chr4,62756745,62756764,21969.0
chr4,62806301,62806315,71525.0
chr4,62807017,62807042,72241.0
chr4,63385650,63385674,650874.0
chr4,63386119,63386135,651343.0
chr4,63562415,63562438,827639.0
chr4,63842359,63842385,1107583.0
chr4,63860103,63860125,1125327.0
chr4,63860303,63860353,1125527.0
chr4,64112130,64112150,1377354.0
chr4,64112281,64112306,1377505.0
chr4,65114011,65114039,2379235.0
chr4,67208664,67208683,1569382.0
chr4,68969731,68969765,191648.0
chr4,69567757,69567778,789674.0
chr4,69567870,69567884,789787.0
chr4,71291129,71291148,694456.0
chr4,71291793,71291807,695120.0
chr4,71817853,71817875,1221180.0
chr4,71817881,71817900,1221208.0
chr4,71817910,71817932,1221237.0
chr4,72201239,72201253,1604566.0
chr4,72851065,72851087,2254392.0
chr4,72990013,72990035,2393340.0
chr4,73755504,73755523,3158831.0
chr4,74251563,74251582,3654890.0
chr4,74251700,74251719,3655027.0
chr4,78313453,78313475,1918141.0
chr4,78313478,78313500,1918116.0
chr4,78313520,78313560,1918056.0
chr4,79486407,79486421,745195.0
chr4,80708399,80708436,476765.0
chr4,80708443,80708470,476809.0
chr4,80708475,80708491,476841.0
chr4,81462609,81462637,216295.0
chr4,81462653,81462675,216257.0
chr4,82773708,82773730,597155.0
chr4,82773750,82773772,597113.0
chr4,82773805,82773821,597064.0
chr4,82773825,82773852,597033.0
chr4,82773859,82773896,596989.0
chr4,83315332,83315346,55539.0
chr4,83315367,83315386,55499.0
chr4,83327964,83328005,42880.0
chr4,83339543,83339584,31301.0
chr4,83354704,83354723,16162.0
chr4,83354750,83354808,16077.0
chr4,83432803,83432819,61900.0
chr4,83486715,83486735,115812.0
chr4,83525023,83525052,154120.0
chr4,83570547,83570569,199644.0
chr4,83596795,83596811,225892.0
chr4,85840076,85840146,291102.0
chr4,86575483,86575507,255993.0
chr4,86611296,86611312,291806.0
chr4,86612358,86612377,292868.0
chr4,86612510,86612543,293020.0
chr4,86651999,86652053,332509.0
chr4,86748098,86748112,428608.0
chr4,86748189,86748283,428699.0
chr4,86886167,86886181,566677.0
chr4,86886682,86886696,567192.0
chr4,87313162,87313177,993672.0
chr4,87368322,87368338,1048832.0
chr4,87984190,87984209,883408.0
chr4,87984458,87984472,883145.0
chr4,88003302,88003317,864300.0
chr4,88003640,88003659,863958.0
chr4,88033047,88033075,834542.0
chr4,88033290,88033318,834299.0
chr4,88034532,88034560,833057.0
chr4,88045082,88045117,822500.0
chr4,88046637,88046661,820956.0
chr4,88078930,88078955,788662.0
chr4,88079051,88079082,788535.0
chr4,88120339,88120361,747256.0
chr4,88167251,88167290,700327.0
chr4,88167303,88167319,700298.0
chr4,88302373,88302387,565230.0
chr4,88302407,88302475,565142.0
chr4,88550496,88550535,317082.0
chr4,88641088,88641114,226503.0
chr4,88693419,88693493,174124.0
chr4,88693742,88693764,173853.0
chr4,88727310,88727326,140291.0
chr4,88727438,88727468,140149.0
chr4,88738557,88738583,129034.0
chr4,88738591,88738605,129012.0
chr4,88738823,88738847,128770.0
chr4,88761885,88761924,105693.0
chr4,88794009,88794055,73562.0
chr4,88805708,88805754,61863.0
chr4,88864703,88864722,2895.0
chr4,89137965,89137984,270329.0
chr4,89550572,89550588,682936.0
chr4,89550626,89550648,682990.0
chr4,90131532,90131551,708642.0
chr4,91001036,91001073,160825.0
chr4,91638026,91638063,301564.0
chr4,91638191,91638216,301729.0
chr4,91638752,91638784,302290.0
chr4,91638796,91638823,302334.0
chr4,91638855,91638890,302393.0
chr4,95052512,95052534,68127.0
chr4,95087539,95087558,33103.0
chr4,95215408,95215430,94729.0
chr4,97612277,97612321,668487.0
chr4,97612327,97612358,668450.0
chr4,97657874,97657889,622919.0
chr4,97772806,97772826,507982.0
chr4,98040341,98040357,240451.0
chr4,98040541,98040555,240253.0
chr4,98040606,98040666,240142.0
chr4,98291080,98291112,8797.0
chr4,98291187,98291217,8904.0
chr4,98322287,98322301,40004.0
chr4,98383375,98383409,53264.0
chr4,98444832,98444854,8038.0
chr4,98923144,98923164,486350.0
chr4,98923582,98923602,486788.0
chr4,99437966,99437980,1001172.0
chr4,100028720,100028734,924222.0
chr4,100028915,100028937,924019.0
chr4,100269850,100269869,683087.0
chr4,101167774,101167803,18212.0
chr4,101167805,101167822,18193.0
chr4,101187279,101187313,1246.0
chr4,101194327,101194370,8294.0
chr4,101196650,101196683,10617.0
chr4,101202624,101202640,14712.0
chr4,101202721,101202735,14617.0
chr4,101213586,101213605,3747.0
chr4,101244386,101244416,27015.0
chr4,101244612,101244640,27241.0
chr4,101244650,101244670,27279.0
chr4,101245004,101245026,27633.0
chr4,101245068,101245105,27697.0
chr4,101253177,101253260,35806.0
chr4,101261015,101261034,43644.0
chr4,101298483,101298507,81112.0
chr4,101298642,101298669,81271.0
chr4,101320552,101320591,71264.0
chr4,101320648,101320664,71191.0
chr4,101320867,101320890,70965.0
chr4,101507842,101507861,115969.0
chr4,102507436,102507458,9715.0
chr4,102507593,102507610,9563.0
chr4,102569491,102569507,52300.0
chr4,102569853,102569893,52662.0
chr4,102569916,102569932,52725.0
chr4,102607824,102607840,28171.0
chr4,102711448,102711467,29064.0
chr4,102982784,102982852,172057.0
chr4,102982907,102982926,171983.0
chr4,102982966,102982988,171921.0
chr4,102989549,102989587,165322.0
chr4,102991011,102991027,163882.0
chr4,103119932,103119948,34961.0
chr4,103120105,103120124,34785.0
chr4,103120354,103120373,34536.0
chr4,103120385,103120405,34504.0
chr4,104092404,104092429,288922.0
chr4,104092556,104092592,289074.0
chr4,104850830,104850867,482444.0
chr4,106794143,106794157,6259.0
chr4,106828295,106828309,40411.0
chr4,106839279,106839295,51395.0
chr4,106881440,106881462,93556.0
chr4,106910154,106910170,122270.0
chr4,106910300,106910314,122416.0
chr4,106935085,106935132,147201.0
chr4,106970858,106970880,182974.0
chr4,107179518,107179544,391634.0
chr4,107253856,107253870,465972.0
chr4,107260080,107260099,472196.0
chr4,107314115,107314137,526231.0
chr4,107314148,107314164,526264.0
chr4,107923797,107923819,147814.0
chr4,108301414,108301455,229762.0
chr4,108301482,108301520,229830.0
chr4,108318562,108318576,246910.0
chr4,108318770,108318814,247118.0
chr4,108318878,108318892,247226.0
chr4,108318986,108319002,247334.0
chr4,108319133,108319155,247481.0
chr4,108319188,108319244,247536.0
chr4,108327977,108327991,256325.0
chr4,108460566,108460582,388914.0
chr4,108579177,108579196,381445.0
chr4,108638747,108638784,321857.0
chr4,108638858,108638878,321763.0
chr4,108781607,108781637,179004.0
chr4,108781661,108781685,178956.0
chr4,108833798,108833820,126821.0
chr4,108987589,108987611,12315.0
chr4,108987628,108987661,12265.0
chr4,109079888,109079903,79944.0
chr4,109670315,109670329,389905.0
chr4,109670493,109670515,390083.0
chr4,109670580,109670596,390170.0
chr4,111574362,111574377,2293952.0
chr4,114214317,114214354,2239129.0
chr4,114652431,114652446,1801037.0
chr4,115838768,115838785,614698.0
chr4,116008656,116008681,444802.0
chr4,116008704,116008728,444755.0
chr4,116009005,116009044,444439.0
chr4,116015612,116015646,437837.0
chr4,116053421,116053444,400039.0
chr4,116053780,116053798,399685.0
chr4,116074654,116074674,378809.0
chr4,116075293,116075316,378167.0
chr4,116168663,116168679,284804.0
chr4,116168842,116168864,284619.0
chr4,116556019,116556041,70698.0
chr4,116556057,116556085,70654.0
chr4,116558155,116558215,68524.0
chr4,116685946,116685965,18001.0
chr4,116720407,116720421,16423.0
chr4,116720544,116720560,16560.0
chr4,116789206,116789226,85222.0
chr4,116789285,116789307,85301.0
chr4,117156329,117156344,16964.0
chr4,117182720,117182790,43355.0
chr4,117189551,117189570,50186.0
chr4,117189586,117189623,50221.0
chr4,117189696,117189715,50331.0
chr4,117189778,117189792,50413.0
chr4,117189861,117189875,50496.0
chr4,117190256,117190270,50891.0
chr4,117201974,117202004,62609.0
chr4,117202355,117202398,62990.0
chr4,117202710,117202724,63345.0
chr4,117210395,117210431,71030.0
chr4,117210686,117210712,71321.0
chr4,117210959,117210974,71594.0
chr4,119127161,119127205,718088.0
chr4,119339017,119339031,781213.0
chr4,119415670,119415685,704559.0
chr4,119540457,119540489,579755.0
chr4,120826189,120826205,32516.0
chr4,120952030,120952046,26506.0
chr4,120975023,120975045,49499.0
chr4,120986808,120986834,61284.0
chr4,121002546,121002562,77022.0
chr4,121004545,121004652,79021.0
chr4,121004690,121004721,79166.0
chr4,121004809,121004823,79285.0
chr4,121005010,121005032,79486.0
chr4,121196479,121196501,270955.0
chr4,121209187,121209213,283663.0
chr4,121209289,121209311,283765.0
chr4,122214190,122214209,720107.0
chr4,122898634,122898673,35643.0
chr4,122898685,122898739,35577.0
chr4,123577497,123577513,5545.0
chr4,124937153,124937175,1257282.0
chr4,125123439,125123458,1070999.0
chr4,126148320,126148347,46110.0
chr4,126201881,126201900,7406.0
chr4,126211771,126211791,17296.0
chr4,126677363,126677382,345129.0
chr4,126813280,126813299,209212.0
chr4,127008753,127008772,13739.0
chr4,127015569,127015588,6923.0
chr4,127061290,127061325,38761.0
chr4,128547587,128547612,187904.0
chr4,128547627,128547649,187867.0
chr4,128618701,128618737,116779.0
chr4,128619060,128619076,116440.0
chr4,128711662,128711686,23830.0
chr4,128981141,128981166,240109.0
chr4,129033276,129033313,216350.0
chr4,129034975,129035030,214633.0
chr4,129189753,129189776,59887.0
chr4,129344685,129344711,95004.0
chr4,129344880,129344926,95199.0
chr4,129365071,129365085,115390.0
chr4,129365331,129365377,115650.0
chr4,129406748,129406763,157067.0
chr4,129558855,129558874,11778.0
chr4,129575536,129575565,4866.0
chr4,129575587,129575608,4917.0
chr4,129619274,129619294,22310.0
chr4,129701757,129701776,60135.0
chr4,129742467,129742481,63082.0
chr4,129771045,129771090,34473.0
chr4,129785523,129785542,20021.0
chr4,129793911,129793954,11609.0
chr4,129794346,129794377,11186.0
chr4,129821568,129821587,6603.0
chr4,129877263,129877279,49055.0
chr4,129883132,129883148,54924.0
chr4,129914428,129914444,86220.0
chr4,129957603,129957653,129395.0
chr4,129957863,129957937,129655.0
chr4,130107399,130107429,279191.0
chr4,130107872,130107894,279664.0
chr4,130658190,130658205,241735.0
chr4,130723903,130723952,175988.0
chr4,130902670,130902692,2712.0
chr4,130902693,130902707,2735.0
chr4,130913274,130913293,13316.0
chr4,130914349,130914368,14391.0
chr4,130919253,130919291,19295.0
chr4,131873346,131873374,480359.0
chr4,132008074,132008088,345645.0
chr4,132033305,132033331,320402.0
chr4,132040198,132040212,313521.0
chr4,132040559,132040580,313153.0
chr4,132269122,132269183,84550.0
chr4,132269705,132269719,84014.0
chr4,132269754,132269786,83947.0
chr4,132345259,132345274,8459.0
chr4,132464106,132464120,110354.0
chr4,132515345,132515359,143921.0
chr4,132515446,132515473,143807.0
chr4,132515799,132515815,143465.0
chr4,132586485,132586499,72781.0
chr4,132586586,132586614,72666.0
chr4,132586656,132586687,72593.0
chr4,132586834,132586901,72379.0
chr4,132628787,132628812,30468.0
chr4,132647634,132647648,11632.0
chr4,132647687,132647708,11572.0
chr4,132732682,132732748,73383.0
chr4,132768117,132768142,108818.0
chr4,133011868,133011892,170739.0
chr4,133096818,133096840,85791.0
chr4,133096860,133096905,85726.0
chr4,133097092,133097114,85517.0
chr4,133130237,133130251,52380.0
chr4,133130344,133130358,52273.0
chr4,133130432,133130452,52179.0
chr4,133162340,133162392,20239.0
chr4,133169432,133169451,13180.0
chr4,133170438,133170458,12173.0
chr4,133174481,133174496,8135.0
chr4,133174526,133174548,8083.0
chr4,133174608,133174649,7982.0
chr4,133369580,133369606,91500.0
chr4,133479765,133479781,201685.0
chr4,133584391,133584415,122945.0
chr4,133719982,133720007,12603.0
chr4,133800390,133800416,36538.0
chr4,133800661,133800704,36250.0
chr4,133800807,133800829,36125.0
chr4,133827959,133827975,8979.0
chr4,133828211,133828249,8705.0
chr4,133840945,133840977,3973.0
chr4,133841388,133841407,4416.0
chr4,133842277,133842322,5305.0
chr4,133879179,133879201,42207.0
chr4,133879311,133879330,42339.0
chr4,133918750,133918769,81778.0
chr4,133918793,133918815,81821.0
chr4,134097148,134097170,260176.0
chr4,134118602,134118621,251905.0
chr4,134160315,134160337,210189.0
chr4,134160359,134160396,210130.0
chr4,134460211,134460237,44988.0
chr4,134460410,134460438,44787.0
chr4,134460570,134460602,44623.0
chr4,134469205,134469247,35978.0
chr4,134478356,134478372,26853.0
chr4,134478397,134478416,26809.0
chr4,134495429,134495448,9777.0
chr4,134495531,134495562,9663.0
chr4,134495566,134495606,9619.0
chr4,134495662,134495709,9516.0
chr4,134735071,134735093,229828.0
chr4,134787132,134787160,281889.0
chr4,134787339,134787355,282096.0
chr4,134853299,134853315,348056.0
chr4,134853859,134853893,348616.0
chr4,134854355,134854383,349112.0
chr4,134914947,134914966,356702.0
chr4,134923187,134923232,348436.0
chr4,134923326,134923359,348309.0
chr4,134923362,134923401,348267.0
chr4,134946038,134946063,325605.0
chr4,135067195,135067214,204454.0
chr4,135079461,135079510,192158.0
chr4,135080065,135080084,191584.0
chr4,135090056,135090071,181597.0
chr4,135090094,135090109,181559.0
chr4,135120288,135120310,151358.0
chr4,135203062,135203151,68517.0
chr4,135203725,135203774,67894.0
chr4,135240472,135240494,31174.0
chr4,135240510,135240526,31142.0
chr4,135240691,135240705,30963.0
chr4,135240740,135240754,30914.0
chr4,135248795,135248811,22857.0
chr4,135248824,135248866,22802.0
chr4,135353594,135353609,81908.0
chr4,135358840,135358872,87154.0
chr4,135439608,135439659,44286.0
chr4,135494543,135494562,10579.0
chr4,135873957,135873979,18385.0
chr4,135911566,135911581,55994.0
chr4,135954254,135954276,98682.0
chr4,135954290,135954343,98718.0
chr4,135954349,135954403,98777.0
chr4,135954545,135954567,98973.0
chr4,136053314,136053333,36496.0
chr4,136060178,136060215,29614.0
chr4,136060363,136060393,29436.0
chr4,136100497,136100529,10650.0
chr4,136114043,136114068,24196.0
chr4,136123154,136123180,33307.0
chr4,136123316,136123358,33469.0
chr4,136123388,136123414,33541.0
chr4,136129846,136129884,39999.0
chr4,136129968,136129998,40121.0
chr4,136180053,136180075,90206.0
chr4,136260298,136260314,170451.0
chr4,136260400,136260427,170553.0
chr4,136266743,136266765,176896.0
chr4,136286001,136286023,196154.0
chr4,137334271,137334293,33514.0
chr4,137357920,137357935,9872.0
chr4,137357976,137358013,9794.0
chr4,137358148,137358192,9615.0
chr4,137358320,137358355,9452.0
chr4,137358526,137358542,9265.0
chr4,137468182,137468215,79408.0
chr4,137468251,137468267,79477.0
chr4,137861009,137861041,31306.0
chr4,137861267,137861296,31051.0
chr4,137993168,137993183,100803.0
chr4,137994629,137994672,102264.0
chr4,138216983,138217007,324618.0
chr4,138921847,138921863,7494.0
chr4,138922310,138922339,7957.0
chr4,138943519,138943539,29166.0
chr4,138943702,138943734,29349.0
chr4,138943759,138943790,29406.0
chr4,139352270,139352289,62726.0
chr4,139579211,139579225,122666.0
chr4,139611909,139611940,155364.0
chr4,140701484,140701519,100103.0
chr4,140701698,140701725,100317.0
chr4,140701872,140701891,100491.0
chr4,140815603,140815641,214222.0
chr4,140952352,140952386,350971.0
chr4,140952540,140952568,351159.0
chr4,141065411,141065425,464030.0
chr4,141077729,141077745,476348.0
chr4,141128939,141129187,527558.0
chr4,141184000,141184029,582619.0
chr4,141184045,141184108,582664.0
chr4,141546303,141546325,944922.0
chr4,141559974,141559988,958593.0
chr4,141666175,141666214,1064794.0
chr4,141666222,141666246,1064841.0
chr4,141666308,141666327,1064927.0
chr4,141666350,141666369,1064969.0
chr4,141666407,141666426,1065026.0
chr4,141666475,141666505,1065094.0
chr4,141998431,141998471,1397050.0
chr4,141998801,141998820,1397420.0
chr4,143143846,143143878,2542465.0
chr4,143198143,143198158,2596762.0
chr4,143219759,143219837,2618378.0
chr4,143238778,143238808,2637397.0
chr4,143238872,143238887,2637491.0
chr4,143241761,143241777,2640380.0
chr4,143412560,143412599,2811179.0
chr4,143412623,143412645,2811242.0
chr4,143412752,143412819,2811371.0
chr4,143645193,143645212,3043812.0
chr4,143988109,143988135,3386728.0
chr4,144892628,144892654,3157811.0
chr4,144892909,144892944,3157521.0
chr4,144892997,144893027,3157438.0
chr4,144895745,144895761,3154704.0
chr4,144986352,144986366,3064099.0
chr4,144986465,144986520,3063945.0
chr4,145045732,145045746,3004719.0
chr4,145045771,145045786,3004679.0
chr4,145210680,145210695,2839770.0
chr4,145210823,145210884,2839581.0
chr4,145211224,145211254,2839211.0
chr4,145211362,145211400,2839065.0
chr4,145211411,145211433,2839032.0
chr4,145254460,145254476,2795989.0
chr4,145254855,145254877,2795588.0
chr4,145255225,145255242,2795223.0
chr4,145255289,145255325,2795140.0
chr4,145255347,145255382,2795083.0
chr4,145255402,145255437,2795028.0
chr4,145266629,145266651,2783814.0
chr4,145390377,145390399,2660066.0
chr4,147868642,147868658,181807.0
chr4,147905111,147905148,145317.0
chr4,147905222,147905238,145227.0
chr4,148152202,148152244,101719.0
chr4,148155162,148155178,104679.0
chr4,148155250,148155279,104767.0
chr4,148170900,148170919,120417.0
chr4,148509625,148509656,459142.0
chr4,148509772,148509813,459289.0
chr4,148510055,148510074,459572.0
chr4,148626910,148626926,576427.0
chr4,148683771,148683785,599510.0
chr4,148900481,148900503,382792.0
chr4,149100016,149100051,183244.0
chr4,149167319,149167355,115940.0
chr4,149167530,149167549,115746.0
chr4,149322280,149322318,38967.0
chr4,149469556,149469584,186243.0
chr4,149469785,149469811,186472.0
chr4,149486128,149486207,172123.0
chr4,149663927,149663963,5371.0
chr4,149697829,149697864,39273.0
chr4,149698669,149698683,40113.0
chr4,149698687,149698709,40131.0
chr4,149698876,149698917,40320.0
chr4,149702430,149702464,43874.0
chr4,149702611,149702625,44055.0
chr4,149710299,149710387,51743.0
chr4,149856664,149856686,15262.0
chr4,149912511,149912531,40545.0
chr4,150009604,150009618,137638.0
chr4,150240402,150240416,98811.0
chr4,150281353,150281425,57802.0
chr4,150488094,150488124,33910.0
chr4,150517423,150517445,27799.0
chr4,150517477,150517501,27743.0
chr4,150517916,150517938,27306.0
chr4,150540114,150540152,5092.0
chr4,150540267,150540281,4963.0
chr4,150556572,150556594,9149.0
chr4,150556832,150556854,8889.0
chr4,150558023,150558043,7700.0
chr4,150558386,150558435,7308.0
chr4,150570161,150570190,4400.0
chr4,150586951,150586979,21190.0
chr4,150588012,150588059,22251.0
chr4,150588138,150588160,22377.0
chr4,150588299,150588331,22538.0
chr4,150593848,150593863,28087.0
chr4,150593892,150593914,28131.0
chr4,150594065,150594176,28304.0
chr4,150746423,150746442,169021.0
chr4,150798614,150798648,116815.0
chr4,150798743,150798765,116698.0
chr4,150798815,150798843,116620.0
chr4,150799266,150799285,116178.0
chr4,150799424,150799456,116007.0
chr4,150808934,150808953,106510.0
chr4,150938003,150938060,1904.0
chr4,150938308,150938330,1634.0
chr4,150965207,150965222,25225.0
chr4,150965438,150965453,25456.0
chr4,150965459,150965492,25477.0
chr4,151996803,151996825,1056821.0
chr4,152006248,152006274,1066266.0
chr4,152120852,152120887,1180870.0
chr4,152189243,152189263,1249261.0
chr4,152189375,152189406,1249393.0
chr4,152197777,152197799,1257795.0
chr4,152197965,152197985,1257983.0
chr4,152519373,152519395,1579391.0
chr4,152519487,152519501,1579505.0
chr4,154936509,154936551,225798.0
chr4,154936654,154936668,225681.0
chr4,154936725,154936744,225605.0
chr4,154936961,154936980,225369.0
chr4,154937203,154937222,225127.0
chr4,155136893,155136915,25434.0
chr4,155168746,155168776,6379.0
chr4,155169007,155169034,6640.0
chr4,155200773,155200795,2886.0
chr4,155201185,155201209,3298.0
chr4,155201224,155201246,3337.0
chr4,155209547,155209566,11660.0
chr4,155563275,155563315,268178.0
chr4,155568468,155568524,262969.0
chr4,155600538,155600587,230906.0
chr4,155600691,155600705,230788.0
chr4,155624206,155624240,207253.0
chr4,155669640,155669676,161817.0
chr4,155714817,155714872,116621.0
chr4,155715034,155715048,116445.0
chr4,155803349,155803369,28124.0
chr4,156021303,156021318,189792.0
chr4,156021440,156021488,189929.0
chr4,156032010,156032037,200499.0
chr4,156254943,156254958,423432.0
chr4,156255073,156255102,423562.0
chr5,3152110,3152129,502354.0
chr5,3342518,3342540,311943.0
chr5,3355837,3355861,298622.0
chr5,3355941,3355960,298523.0
chr5,3383841,3383860,270623.0
chr5,3383899,3383921,270562.0
chr5,3384068,3384087,270396.0
chr5,3501833,3501855,152628.0
chr5,3501939,3501958,152525.0
chr5,3508715,3508745,145738.0
chr5,3509511,3509527,144956.0
chr5,3509639,3509653,144830.0
chr5,3544415,3544476,110007.0
chr5,3544476,3544495,109988.0
chr5,3647133,3647149,7334.0
chr5,3803512,3803531,133393.0
chr5,3886860,3886884,216741.0
chr5,3894170,3894189,224051.0
chr5,3894195,3894239,224076.0
chr5,4192102,4192121,521983.0
chr5,4454296,4454310,560369.0
chr5,4454315,4454334,560345.0
chr5,7846719,7846739,723807.0
chr5,7846896,7846912,723984.0
chr5,8628866,8628912,1505954.0
chr5,8648805,8648819,1525893.0
chr5,8648828,8648844,1525916.0
chr5,8648925,8648947,1526013.0
chr5,8675643,8675658,1552731.0
chr5,8675660,8675675,1552748.0
chr5,8723004,8723026,1600092.0
chr5,8807157,8807182,1684245.0
chr5,8807663,8807685,1684751.0
chr5,9023637,9023673,1900725.0
chr5,9023722,9023744,1900810.0
chr5,9023850,9023866,1900938.0
chr5,9023962,9024006,1901050.0
chr5,9086859,9086886,1963947.0
chr5,9086935,9086996,1964023.0
chr5,9101087,9101106,1978175.0
chr5,9108167,9108189,1985255.0
chr5,10486540,10486559,658416.0
chr5,11045348,11045363,99612.0
chr5,11045443,11045486,99489.0
chr5,11895208,11895230,10817.0
chr5,16470285,16470320,1135288.0
chr5,18978762,18978788,232346.0
chr5,18978790,18978823,232374.0
chr5,19479494,19479513,34578.0
chr5,19479523,19479545,34607.0
chr5,20332548,20332619,880523.0
chr5,20332966,20332983,880159.0
chr5,20333060,20333082,880060.0
chr5,20443433,20443455,769687.0
chr5,20443674,20443689,769453.0
chr5,20702697,20702711,510431.0
chr5,20881407,20881421,331721.0
chr5,20882362,20882386,330756.0
chr5,20942616,20942638,270504.0
chr5,20955752,20955789,257353.0
chr5,20969242,20969262,243880.0
chr5,20969385,20969399,243743.0
chr5,20969409,20969431,243711.0
chr5,21002696,21002710,210432.0
chr5,21002886,21002908,210234.0
chr5,21255544,21255558,42383.0
chr5,21255776,21255792,42615.0
chr5,21309505,21309527,96344.0
chr5,21326778,21326792,113617.0
chr5,21354867,21354938,141706.0
chr5,21370704,21370720,157543.0
chr5,21370773,21370795,157612.0
chr5,21378711,21378733,165550.0
chr5,21378851,21378870,165690.0
chr5,21378983,21378999,165822.0
chr5,21379017,21379031,165856.0
chr5,21411409,21411423,198248.0
chr5,21411493,21411523,198332.0
chr5,21411645,21411659,198484.0
chr5,21438497,21438511,225336.0
chr5,21438527,21438542,225366.0
chr5,21701279,21701295,488118.0
chr5,21785344,21785393,572183.0
chr5,23169263,23169306,217301.0
chr5,23169340,23169400,217207.0
chr5,23169407,23169445,217162.0
chr5,23169468,23169497,217110.0
chr5,23415869,23415888,28441.0
chr5,23418239,23418267,30811.0
chr5,23473416,23473447,85988.0
chr5,23604689,23604705,217261.0
chr5,23604949,23604975,217521.0
chr5,23615543,23615576,228115.0
chr5,23719092,23719114,254920.0
chr5,23719187,23719202,254832.0
chr5,23719214,23719245,254789.0
chr5,23719295,23719330,254704.0
chr5,23844260,23844282,129752.0
chr5,23851011,23851039,122995.0
chr5,24031029,24031043,56977.0
chr5,24216213,24216235,242161.0
chr5,24216255,24216294,242203.0
chr5,24266249,24266275,292197.0
chr5,24344618,24344633,370566.0
chr5,24393627,24393653,419575.0
chr5,24394013,24394040,419961.0
chr5,24394063,24394095,420011.0
chr5,24423821,24423836,449769.0
chr5,25101077,25101101,377890.0
chr5,25223248,25223271,255720.0
chr5,25909444,25909463,430435.0
chr5,25909486,25909505,430477.0
chr5,25909542,25909574,430533.0
chr5,25909662,25909681,430653.0
chr5,27793965,27793987,185259.0
chr5,28270054,28270076,377496.0
chr5,28318091,28318126,329446.0
chr5,28382241,28382277,265295.0
chr5,28382274,28382293,265279.0
chr5,28382554,28382576,264996.0
chr5,28403142,28403164,244408.0
chr5,29568818,29568838,921228.0
chr5,29735994,29736013,1088404.0
chr5,29746253,29746307,1098663.0
chr5,29746305,29746320,1098715.0
chr5,30155354,30155373,1361445.0
chr5,30156006,30156025,1360793.0
chr5,30240864,30240901,1275917.0
chr5,30240946,30240962,1275856.0
chr5,30647765,30647779,869039.0
chr5,30647791,30647810,869008.0
chr5,30887402,30887418,629400.0
chr5,30961780,30961802,555016.0
chr5,31049399,31049426,467392.0
chr5,31094095,31094111,422707.0
chr5,31110920,31110934,405884.0
chr5,31111035,31111069,405749.0
chr5,31614406,31614443,97570.0
chr5,31698877,31698891,86404.0
chr5,31918652,31918671,66685.0
chr5,31918821,31918837,66519.0
chr5,31918860,31918875,66481.0
chr5,32104529,32104555,119077.0
chr5,32133598,32133612,148146.0
chr5,32134864,32134923,149412.0
chr5,32134952,32134974,149500.0
chr5,32135263,32135278,149811.0
chr5,32459138,32459162,18466.0
chr5,32478834,32478850,1188.0
chr5,32479034,32479050,1388.0
chr5,32479266,32479282,1620.0
chr5,32610437,32610454,132791.0
chr5,32721261,32721295,38840.0
chr5,32726207,32726226,33909.0
chr5,32726834,32726853,33282.0
chr5,33039268,33039290,279115.0
chr5,33342197,33342255,50431.0
chr5,33681689,33681711,288985.0
chr5,33830864,33830886,438160.0
chr5,33831088,33831114,438384.0
chr5,34169024,34169057,776320.0
chr5,34169208,34169230,776504.0
chr5,34210579,34210615,817875.0
chr5,34336134,34336156,943430.0
chr5,34466243,34466283,1073539.0
chr5,34466398,34466427,1073694.0
chr5,34525627,34525676,1132923.0
chr5,34549417,34549433,1156713.0
chr5,34723791,34723805,1331087.0
chr5,34761961,34761976,1369257.0
chr5,35105612,35105644,1712908.0
chr5,35166650,35166672,1693828.0
chr5,35575260,35575276,1285224.0
chr5,35906381,35906444,954056.0
chr5,35906549,35906597,953903.0
chr5,36538678,36538697,321803.0
chr5,36553975,36554006,306494.0
chr5,36796959,36796981,63519.0
chr5,36989503,36989534,77346.0
chr5,37051543,37051570,15310.0
chr5,37051575,37051597,15283.0
chr5,37051632,37051649,15231.0
chr5,37051877,37051894,14986.0
chr5,37051916,37051930,14950.0
chr5,37056389,37056413,10467.0
chr5,37607762,37607784,540864.0
chr5,38260639,38260670,338130.0
chr5,38260822,38260837,337963.0
chr5,38307556,38307638,291162.0
chr5,38480320,38480360,118440.0
chr5,38561884,38561910,36890.0
chr5,38562010,38562036,36764.0
chr5,38656930,38656949,58112.0
chr5,38865000,38865015,183387.0
chr5,40081617,40081652,63952.0
chr5,41768435,41768471,693687.0
chr5,41768539,41768558,693600.0
chr5,41843767,41843821,618337.0
chr5,41864319,41864341,597817.0
chr5,41864489,41864512,597646.0
chr5,43232687,43232717,770511.0
chr5,43495082,43495104,576566.0
chr5,43495114,43495133,576537.0
chr5,43495138,43495152,576518.0
chr5,43728336,43728358,343312.0
chr5,43771866,43771881,299789.0
chr5,43894264,43894286,177384.0
chr5,43948699,43948713,122957.0
chr5,48372168,48372182,1257918.0
chr5,49047342,49047364,582736.0
chr5,49047438,49047452,582648.0
chr5,49047528,49047542,582558.0
chr5,52190835,52190857,1111.0
chr5,52782680,52782722,592956.0
chr5,52782785,52782807,593061.0
chr5,53430377,53430393,1240653.0
chr5,53430490,53430506,1240766.0
chr5,53588821,53588908,1399097.0
chr5,54019842,54019876,1163004.0
chr5,54019904,54019920,1162960.0
chr5,54067819,54067846,1115034.0
chr5,54067895,54067914,1114966.0
chr5,54101331,54101347,1081533.0
chr5,54101506,54101528,1081352.0
chr5,54101657,54101686,1081194.0
chr5,54101783,54101807,1081073.0
chr5,54101847,54101869,1081011.0
chr5,57032513,57032532,486973.0
chr5,58968646,58968665,85542.0
chr5,60786804,60786819,81460.0
chr5,60787473,60787492,80787.0
chr5,61286826,61286860,418529.0
chr5,61286888,61286935,418591.0
chr5,61287114,61287129,418817.0
chr5,61911955,61912029,1043658.0
chr5,61912085,61912195,1043788.0
chr5,62223814,62223836,1355517.0
chr5,62715495,62715520,1247193.0
chr5,62715663,62715677,1247036.0
chr5,62751779,62751810,1210903.0
chr5,62751877,62751901,1210812.0
chr5,62751936,62751958,1210755.0
chr5,62751996,62752010,1210703.0
chr5,62752917,62752959,1209754.0
chr5,62753363,62753393,1209320.0
chr5,62778844,62778870,1183843.0
chr5,62779048,62779062,1183651.0
chr5,62791518,62791532,1171181.0
chr5,62815694,62815713,1147000.0
chr5,62815718,62815740,1146973.0
chr5,62815891,62815905,1146808.0
chr5,62858474,62858496,1104217.0
chr5,62858620,62858641,1104072.0
chr5,62867280,62867296,1095417.0
chr5,62911636,62911655,1051058.0
chr5,62911763,62911785,1050928.0
chr5,62911836,62911868,1050845.0
chr5,62960132,62960147,1002566.0
chr5,64024068,64024103,61337.0
chr5,64024261,64024319,61530.0
chr5,64149666,64149691,11491.0
chr5,64149966,64150003,11179.0
chr5,64371066,64371088,209866.0
chr5,64371233,64371290,210033.0
chr5,64371495,64371530,210295.0
chr5,64371564,64371586,210364.0
chr5,64478750,64478783,205298.0
chr5,64478850,64478866,205215.0
chr5,64486033,64486069,198012.0
chr5,64488165,64488184,195897.0
chr5,64496812,64496828,187253.0
chr5,64496984,64497015,187066.0
chr5,64498894,64498916,185165.0
chr5,64505670,64505702,178379.0
chr5,64505743,64505770,178311.0
chr5,64505964,64505978,178103.0
chr5,64519384,64519399,164682.0
chr5,64519404,64519420,164661.0
chr5,64599160,64599203,84878.0
chr5,64600018,64600032,84049.0
chr5,64651292,64651320,32761.0
chr5,64651362,64651378,32703.0
chr5,64651379,64651401,32680.0
chr5,64651415,64651429,32652.0
chr5,64676852,64676882,7199.0
chr5,64764586,64764605,41472.0
chr5,64771718,64771749,34328.0
chr5,64771812,64771826,34251.0
chr5,64780970,64780997,25080.0
chr5,64861298,64861332,55203.0
chr5,64861356,64861403,55261.0
chr5,64906399,64906457,100304.0
chr5,64933170,64933192,127075.0
chr5,64933671,64933685,127576.0
chr5,64959197,64959218,153102.0
chr5,64959279,64959306,153184.0
chr5,64969350,64969370,163255.0
chr5,65091890,65091922,285795.0
chr5,65103209,65103226,297114.0
chr5,65103269,65103293,297174.0
chr5,65154320,65154339,348225.0
chr5,65154448,65154462,348353.0
chr5,65154467,65154483,348372.0
chr5,65326309,65326331,469155.0
chr5,65335979,65336010,459476.0
chr5,65336059,65336073,459413.0
chr5,65336194,65336216,459270.0
chr5,65486486,65486508,308978.0
chr5,65493578,65493615,301871.0
chr5,65764671,65764687,30799.0
chr5,65851062,65851076,5922.0
chr5,65867730,65867746,10714.0
chr5,65873253,65873277,16237.0
chr5,65882358,65882372,25342.0
chr5,65882372,65882401,25356.0
chr5,65882460,65882514,25444.0
chr5,65882511,65882537,25495.0
chr5,65885325,65885339,28309.0
chr5,65885446,65885482,28430.0
chr5,65897905,65897930,40889.0
chr5,65898026,65898049,41010.0
chr5,65921030,65921069,64014.0
chr5,65921095,65921125,64079.0
chr5,65921129,65921143,64113.0
chr5,65928696,65928712,71680.0
chr5,65929417,65929436,72401.0
chr5,65955799,65955818,98783.0
chr5,66075171,66075187,218155.0
chr5,66105666,66105680,248650.0
chr5,66105812,66105834,248796.0
chr5,66105861,66105883,248845.0
chr5,66193790,66193829,336774.0
chr5,66200077,66200092,343061.0
chr5,66200339,66200358,343323.0
chr5,67016107,67016135,100457.0
chr5,67260580,67260607,143970.0
chr5,67260938,67260957,144328.0
chr5,67532672,67532694,416062.0
chr5,67846490,67846529,729880.0
chr5,68449816,68449835,1333206.0
chr5,69556525,69556566,1113866.0
chr5,70344572,70344604,325828.0
chr5,70858014,70858033,187564.0
chr5,72168308,72168336,7135.0
chr5,72202036,72202076,2573.0
chr5,72634615,72634629,177372.0
chr5,72636641,72636712,175289.0
chr5,72763814,72763830,48171.0
chr5,72813082,72813101,1062.0
chr5,72938766,72938788,69675.0
chr5,72938815,72938829,69724.0
chr5,72940945,72940961,71854.0
chr5,72941136,72941158,72045.0
chr5,73115158,73115203,171522.0
chr5,73115207,73115226,171499.0
chr5,73115262,73115292,171433.0
chr5,73115307,73115321,171404.0
chr5,73133725,73133745,152980.0
chr5,73152386,73152405,134320.0
chr5,73214945,73214967,71758.0
chr5,73233595,73233629,53096.0
chr5,73557104,73557118,29044.0
chr5,74404011,74404031,384072.0
chr5,74404065,74404084,384126.0
chr5,74944415,74944438,696484.0
chr5,75044478,75044493,596429.0
chr5,75045002,75045093,595829.0
chr5,75283045,75283059,357863.0
chr5,75416950,75416965,223957.0
chr5,75792176,75792216,151236.0
chr5,76435904,76435958,634261.0
chr5,76435963,76436001,634218.0
chr5,76436006,76436052,634167.0
chr5,76565619,76565639,504580.0
chr5,77125274,77125293,55037.0
chr5,77134800,77134826,64563.0
chr5,77140453,77140467,70216.0
chr5,77140632,77140647,70395.0
chr5,77175102,77175125,104865.0
chr5,77213930,77213949,143693.0
chr5,77267211,77267242,196974.0
chr5,77460241,77460263,390004.0
chr5,77460314,77460333,390077.0
chr5,77628132,77628147,557895.0
chr5,77631257,77631272,561020.0
chr5,79115893,79115915,303291.0
chr5,79176773,79176787,242419.0
chr5,79416969,79416988,2218.0
chr5,80066198,80066220,454367.0
chr5,80300979,80301005,219582.0
chr5,80301099,80301121,219466.0
chr5,82182271,82182285,10870.0
chr5,82182353,82182378,10952.0
chr5,82182435,82182457,11034.0
chr5,82647235,82647257,475834.0
chr5,82647291,82647305,475890.0
chr5,82647413,82647432,476012.0
chr5,85172341,85172356,832187.0
chr5,85172552,85172567,831976.0
chr5,85450154,85450173,554370.0
chr5,85450409,85450431,554112.0
chr5,86065478,86065517,27497.0
chr5,86071439,86071454,33458.0
chr5,86071472,86071487,33491.0
chr5,86086840,86086856,48859.0
chr5,86173101,86173126,135120.0
chr5,86191019,86191078,153038.0
chr5,86191085,86191099,153104.0
chr5,88553959,88553978,95418.0
chr5,88554026,88554076,95485.0
chr5,88675570,88675589,217029.0
chr5,88685950,88685965,211661.0
chr5,88689627,88689663,207963.0
chr5,88689674,88689690,207936.0
chr5,90224186,90224205,1326542.0
chr5,90365713,90365728,1331393.0
chr5,90365770,90365793,1331328.0
chr5,90365853,90365868,1331253.0
chr5,90825174,90825193,871928.0
chr5,91686217,91686232,10889.0
chr5,92245701,92245723,129263.0
chr5,92245851,92245875,129111.0
chr5,92435270,92435292,60266.0
chr5,92467811,92467841,92807.0
chr5,92491314,92491342,116310.0
chr5,92491554,92491568,116550.0
chr5,92491718,92491738,116714.0
chr5,92491912,92491938,116908.0
chr5,93021137,93021161,646133.0
chr5,93133447,93133461,758443.0
chr5,93133458,93133472,758454.0
chr5,93206351,93206371,831347.0
chr5,93206384,93206403,831380.0
chr5,93263793,93263807,888789.0
chr5,93263882,93263910,888878.0
chr5,93267242,93267270,892238.0
chr5,93267551,93267573,892547.0
chr5,93647314,93647353,1272310.0
chr5,93651489,93651509,1276485.0
chr5,93651520,93651560,1276516.0
chr5,93990408,93990445,1615404.0
chr5,93990456,93990476,1615452.0
chr5,94368898,94368935,1993894.0
chr5,94368946,94368966,1993942.0
chr5,95016847,95016885,2163468.0
chr5,95016896,95016916,2163437.0
chr5,95334163,95334198,1846155.0
chr5,95334209,95334229,1846124.0
chr5,95656234,95656271,1524082.0
chr5,95656282,95656302,1524051.0
chr5,96163834,96163873,1016480.0
chr5,96164218,96164237,1016116.0
chr5,96184497,96184519,995834.0
chr5,96201713,96201747,978606.0
chr5,96201852,96201874,978479.0
chr5,96209409,96209467,970886.0
chr5,96209867,96209881,970472.0
chr5,96879000,96879022,301331.0
chr5,96911895,96911929,268424.0
chr5,96911987,96912001,268352.0
chr5,96912206,96912222,268131.0
chr5,96913000,96913022,267331.0
chr5,96913151,96913170,267183.0
chr5,96916988,96917007,263346.0
chr5,96917065,96917084,263269.0
chr5,96917249,96917271,263082.0
chr5,96949105,96949124,231229.0
chr5,96963130,96963154,217199.0
chr5,96976222,96976244,204109.0
chr5,96976320,96976342,204011.0
chr5,97009614,97009630,170723.0
chr5,97055814,97055836,124517.0
chr5,97056004,97056018,124335.0
chr5,97112021,97112049,68304.0
chr5,97112165,97112211,68142.0
chr5,97983384,97983408,803013.0
chr5,98006893,98006939,826522.0
chr5,98007079,98007109,826708.0
chr5,98185198,98185230,1004827.0
chr5,98348727,98348749,1168356.0
chr5,99253180,99253199,1475589.0
chr5,99336647,99336669,1392119.0
chr5,99363465,99363480,1365308.0
chr5,100429937,100429959,298829.0
chr5,100466568,100466599,262189.0
chr5,100483901,100483923,244865.0
chr5,100501028,100501044,227744.0
chr5,100517962,100517981,210807.0
chr5,100518010,100518054,210734.0
chr5,100526238,100526257,202531.0
chr5,100526361,100526383,202405.0
chr5,100585320,100585350,143438.0
chr5,100642730,100642749,86039.0
chr5,100644361,100644380,84408.0
chr5,100644469,100644483,84305.0
chr5,100720381,100720403,8385.0
chr5,102207093,102207107,1312120.0
chr5,102482117,102482139,1037088.0
chr5,102700450,102700485,818742.0
chr5,102701943,102701978,817249.0
chr5,103356147,103356167,163060.0
chr5,103356162,103356198,163029.0
chr5,103356224,103356240,162987.0
chr5,103356355,103356395,162832.0
chr5,103367190,103367204,152023.0
chr5,103442456,103442479,76748.0
chr5,103698414,103698440,179164.0
chr5,103753466,103753496,234216.0
chr5,103914963,103914983,395713.0
chr5,103971517,103971533,452267.0
chr5,103971657,103971673,452407.0
chr5,103971700,103971714,452450.0
chr5,103975866,103975915,456616.0
chr5,104046336,104046358,527086.0
chr5,104571662,104571689,720742.0
chr5,104582630,104582652,709779.0
chr5,104860019,104860046,432385.0
chr5,105053672,105053716,238715.0
chr5,105062470,105062485,229946.0
chr5,105110390,105110404,182027.0
chr5,105114761,105114777,177654.0
chr5,105139645,105139683,152748.0
chr5,105239660,105239691,52740.0
chr5,105293834,105293865,1385.0
chr5,105306077,105306100,13628.0
chr5,105306406,105306462,13957.0
chr5,105306590,105306606,14141.0
chr5,105345305,105345349,52856.0
chr5,105345481,105345501,53032.0
chr5,105360386,105360405,67937.0
chr5,105360978,105361013,68529.0
chr5,105367098,105367117,74649.0
chr5,105400057,105400073,107608.0
chr5,105400180,105400196,107731.0
chr5,105500584,105500599,200982.0
chr5,105500663,105500690,200891.0
chr5,105508797,105508823,192758.0
chr5,105508906,105508928,192653.0
chr5,105518252,105518271,183310.0
chr5,105589089,105589115,112466.0
chr5,105589146,105589172,112409.0
chr5,105589232,105589248,112333.0
chr5,105589381,105589403,112178.0
chr5,105614688,105614705,86876.0
chr5,105642518,105642544,59037.0
chr5,105684437,105684473,17108.0
chr5,105684878,105684911,16670.0
chr5,105718331,105718377,16731.0
chr5,105798516,105798538,96916.0
chr5,106676997,106677019,126136.0
chr5,106936964,106936986,133791.0
chr5,107148369,107148383,116584.0
chr5,107177716,107177752,87215.0
chr5,107201414,107201436,63531.0
chr5,107259393,107259459,5508.0
chr5,107259536,107259550,5417.0
chr5,107354081,107354097,89096.0
chr5,107546027,107546046,281042.0
chr5,107598344,107598398,333359.0
chr5,107687850,107687864,272892.0
chr5,107687868,107687901,272855.0
chr5,107688244,107688258,272498.0
chr5,107703486,107703512,257244.0
chr5,107703840,107703876,256880.0
chr5,107718332,107718354,242402.0
chr5,107718474,107718490,242266.0
chr5,107718533,107718563,242193.0
chr5,107726050,107726064,234692.0
chr5,107726334,107726348,234408.0
chr5,107754259,107754277,206479.0
chr5,107754698,107754713,206043.0
chr5,107754855,107754877,205879.0
chr5,107921519,107921533,39223.0
chr5,107926646,107926662,34094.0
chr5,107926941,107926982,33774.0
chr5,107967113,107967148,6339.0
chr5,107978461,107978480,17687.0
chr5,107978621,107978647,17847.0
chr5,107986246,107986261,25472.0
chr5,108460754,108460801,499980.0
chr5,108465785,108465801,505011.0
chr5,108465809,108465846,505035.0
chr5,109751688,109751702,1087376.0
chr5,109796274,109796288,1042790.0
chr5,110108387,110108417,730661.0
chr5,110176428,110176443,662635.0
chr5,110176444,110176466,662612.0
chr5,110231628,110231643,607435.0
chr5,110231794,110231808,607270.0
chr5,110270021,110270063,569015.0
chr5,110512883,110512913,326165.0
chr5,110583238,110583252,255826.0
chr5,110639405,110639446,199632.0
chr5,110639611,110639630,199448.0
chr5,110639774,110639796,199282.0
chr5,110771232,110771251,67827.0
chr5,110780769,110780784,58294.0
chr5,110808521,110808543,30535.0
chr5,110808646,110808666,30412.0
chr5,110979925,110979939,98598.0
chr5,111059464,111059498,178137.0
chr5,111059598,111059627,178271.0
chr5,111178547,111178574,297220.0
chr5,111815316,111815349,472073.0
chr5,112274299,112274355,13067.0
chr5,112298439,112298455,10999.0
chr5,112325525,112325563,38085.0
chr5,113035475,113035495,748035.0
chr5,113735366,113735391,106934.0
chr5,113773699,113773721,68604.0
chr5,113773766,113773781,68544.0
chr5,113918250,113918278,75907.0
chr5,114039232,114039326,196889.0
chr5,114039507,114039537,197164.0
chr5,114315251,114315265,190186.0
chr5,114323245,114323259,182192.0
chr5,114378269,114378285,127166.0
chr5,114378434,114378469,126982.0
chr5,114378485,114378518,126933.0
chr5,114378536,114378568,126883.0
chr5,114378595,114378614,126837.0
chr5,114380682,114380698,124753.0
chr5,114567961,114567980,62492.0
chr5,114806164,114806180,91179.0
chr5,115132563,115132579,71429.0
chr5,115156539,115156558,47450.0
chr5,115188086,115188112,15896.0
chr5,115235690,115235706,31664.0
chr5,115471057,115471128,19358.0
chr5,115484560,115484605,5881.0
chr5,115489253,115489267,1219.0
chr5,115489277,115489291,1195.0
chr5,115516267,115516286,25685.0
chr5,115559138,115559195,68556.0
chr5,115712322,115712341,221740.0
chr5,115761196,115761234,270614.0
chr5,117114554,117114587,489006.0
chr5,117114825,117114867,489277.0
chr5,117287881,117287904,662333.0
chr5,117355748,117355767,730200.0
chr5,117956148,117956182,425077.0
chr5,118037727,118037794,343465.0
chr5,118038125,118038161,343098.0
chr5,118045546,118045569,335690.0
chr5,118047253,118047272,333987.0
chr5,118155622,118155650,225609.0
chr5,118360111,118360145,21114.0
chr5,118375926,118375958,5301.0
chr5,118465451,118465477,84174.0
chr5,118477910,118477947,96633.0
chr5,118477944,118477974,96667.0
chr5,118478365,118478387,97088.0
chr5,118478512,118478579,97235.0
chr5,118561058,118561091,43630.0
chr5,118588347,118588373,16348.0
chr5,118588566,118588580,16141.0
chr5,118588600,118588614,16107.0
chr5,118633297,118633317,28558.0
chr5,118633578,118633594,28839.0
chr5,119348515,119348530,743776.0
chr5,119348559,119348581,743820.0
chr5,119360164,119360193,755425.0
chr5,119360204,119360264,755465.0
chr5,119726283,119726306,1121544.0
chr5,120102816,120102835,1459685.0
chr5,120116182,120116202,1446318.0
chr5,120552582,120552598,1009922.0
chr5,120578841,120578863,983657.0
chr5,120648526,120648572,913948.0
chr5,120746467,120746482,816038.0
chr5,121095404,121095419,467101.0
chr5,121095475,121095564,466956.0
chr5,121106841,121106863,455657.0
chr5,121106892,121106932,455588.0
chr5,121107210,121107232,455288.0
chr5,121107388,121107421,455099.0
chr5,121112745,121112790,449730.0
chr5,121112794,121112982,449538.0
chr5,121191664,121191684,370836.0
chr5,121229576,121229592,332928.0
chr5,121335369,121335403,227117.0
chr5,121335467,121335486,227034.0
chr5,121335549,121335564,226956.0
chr5,121385267,121385283,177237.0
chr5,121397819,121397842,164678.0
chr5,121564709,121564731,2171.0
chr5,121602192,121602208,39654.0
chr5,121837052,121837079,274514.0
chr5,121838399,121838435,275861.0
chr5,121838929,121838949,276391.0
chr5,121849328,121849355,282288.0
chr5,121849476,121849549,282094.0
chr5,122163617,122163633,31956.0
chr5,122230905,122230925,2323.0
chr5,122232173,122232187,3591.0
chr5,122262339,122262396,33757.0
chr5,122262467,122262483,33885.0
chr5,122288401,122288420,59819.0
chr5,122288494,122288516,59912.0
chr5,122298909,122298933,70327.0
chr5,122372732,122372768,144150.0
chr5,122391683,122391720,163101.0
chr5,122394164,122394195,165582.0
chr5,122602272,122602294,10862.0
chr5,122638592,122638614,47182.0
chr5,122638694,122638710,47284.0
chr5,122652440,122652459,46126.0
chr5,122708284,122708318,9681.0
chr5,122732686,122732743,34083.0
chr5,122733675,122733713,35072.0
chr5,122733827,122733841,35224.0
chr5,122733850,122733950,35247.0
chr5,122811771,122811786,21249.0
chr5,122811942,122811957,21078.0
chr5,122821338,122821360,11675.0
chr5,122821556,122821572,11463.0
chr5,122949190,122949217,3311.0
chr5,122988971,122989013,43092.0
chr5,122990498,122990520,44619.0
chr5,122990677,122990692,44798.0
chr5,122994312,122994327,48433.0
chr5,122994333,122994359,48454.0
chr5,122994383,122994402,48504.0
chr5,122994462,122994488,48583.0
chr5,122995208,122995251,49329.0
chr5,123057648,123057674,76064.0
chr5,123057673,123057687,76051.0
chr5,123057741,123057786,75952.0
chr5,123060025,123060041,73697.0
chr5,123060153,123060172,73566.0
chr5,123140002,123140058,6246.0
chr5,123140132,123140146,6376.0
chr5,123155711,123155730,21955.0
chr5,123167752,123167811,33996.0
chr5,123199034,123199050,45452.0
chr5,123220726,123220740,23762.0
chr5,123228037,123228053,16449.0
chr5,123228586,123228622,15880.0
chr5,123539721,123539769,295201.0
chr5,123573196,123573217,328676.0
chr5,123603456,123603472,358936.0
chr5,123603830,123603845,359310.0
chr5,123682301,123682323,437781.0
chr5,123721364,123721386,476844.0
chr5,123749228,123749260,504708.0
chr5,123749410,123749424,504890.0
chr5,124034491,124034505,580236.0
chr5,124034789,124034833,579908.0
chr5,124035827,124035854,578887.0
chr5,124035863,124035887,578854.0
chr5,124036015,124036041,578700.0
chr5,124074781,124074797,539944.0
chr5,124074815,124074834,539907.0
chr5,124075277,124075297,539444.0
chr5,124075494,124075519,539222.0
chr5,124185466,124185490,429251.0
chr5,124215213,124215261,399480.0
chr5,124426261,124426299,188442.0
chr5,124475785,124475804,138937.0
chr5,124482917,124482939,131802.0
chr5,124482998,124483030,131711.0
chr5,124579274,124579298,35443.0
chr5,124602405,124602440,12301.0
chr5,124955225,124955244,10525.0
chr5,125158670,125158684,213970.0
chr5,125368503,125368549,97548.0
chr5,125389071,125389090,77007.0
chr5,125389321,125389337,76760.0
chr5,125405779,125405801,60296.0
chr5,125405822,125405837,60260.0
chr5,125405842,125405864,60233.0
chr5,125406010,125406024,60073.0
chr5,125434485,125434530,31567.0
chr5,125434693,125434707,31390.0
chr5,127010932,127010957,606568.0
chr5,128314357,128314381,274340.0
chr5,129786925,129786954,100744.0
chr5,129847044,129847059,40639.0
chr5,129895499,129895515,7783.0
chr5,130023737,130023812,136021.0
chr5,130029165,130029184,141449.0
chr5,130036293,130036323,148577.0
chr5,130144518,130144537,256802.0
chr5,130196702,130196716,308986.0
chr5,130222033,130222070,334317.0
chr5,130222866,130222885,335150.0
chr5,130255091,130255113,367375.0
chr5,130255726,130255740,368010.0
chr5,130255739,130255761,368023.0
chr5,132682386,132682408,1554242.0
chr5,134184074,134184110,52540.0
chr5,134184111,134184141,52509.0
chr5,134227917,134227933,8717.0
chr5,134233641,134233663,2987.0
chr5,134244300,134244320,7632.0
chr5,134269746,134269775,33078.0
chr5,134313722,134313750,77054.0
chr5,134314735,134314759,78067.0
chr5,134314764,134314778,78096.0
chr5,134330189,134330225,93521.0
chr5,134332672,134332709,96004.0
chr5,134333015,134333051,96347.0
chr5,134333213,134333248,96545.0
chr5,134350756,134350775,114088.0
chr5,134379023,134379049,142355.0
chr5,134379097,134379111,142429.0
chr5,134491539,134491588,254871.0
chr5,134491625,134491652,254957.0
chr5,134491658,134491712,254990.0
chr5,134491755,134491771,255087.0
chr5,134491798,134491818,255130.0
chr5,134571560,134571600,334892.0
chr5,134571616,134571653,334948.0
chr5,134582508,134582527,345840.0
chr5,134582538,134582557,345870.0
chr5,134932025,134932079,183415.0
chr5,134932204,134932226,183268.0
chr5,134933317,134933336,182158.0
chr5,134933384,134933400,182094.0
chr5,134941931,134941972,173522.0
chr5,135001720,135001740,113754.0
chr5,135024881,135024930,90564.0
chr5,135025159,135025181,90313.0
chr5,135134393,135134423,18881.0
chr5,135632396,135632454,516884.0
chr5,135913487,135913534,797975.0
chr5,135934902,135934916,819390.0
chr5,135957294,135957320,841782.0
chr5,135957904,135957937,842392.0
chr5,135968872,135968916,853360.0
chr5,135969118,135969132,853606.0
chr5,135969143,135969159,853631.0
chr5,136199300,136199337,1083788.0
chr5,136459918,136459934,1234101.0
chr5,136623173,136623187,1070848.0
chr5,136962575,136962594,731441.0
chr5,136962604,136962618,731417.0
chr5,137103631,137103663,590372.0
chr5,137103685,137103701,590334.0
chr5,137116191,137116210,577825.0
chr5,137159824,137159863,534172.0
chr5,137159896,137159925,534110.0
chr5,137189885,137189946,504089.0
chr5,137338467,137338489,355546.0
chr5,137338538,137338552,355483.0
chr5,137585299,137585317,108718.0
chr5,137585346,137585366,108669.0
chr5,137652785,137652799,41236.0
chr5,137692141,137692158,1877.0
chr5,137707536,137707555,13483.0
chr5,138085485,138085521,391432.0
chr5,138116734,138116760,422681.0
chr5,138116788,138116802,422735.0
chr5,138171009,138171029,432621.0
chr5,138187366,138187380,416270.0
chr5,138187480,138187495,416155.0
chr5,138193895,138193917,409733.0
chr5,138194047,138194080,409570.0
chr5,138264150,138264175,339475.0
chr5,138441258,138441282,162368.0
chr5,138571249,138571265,32385.0
chr5,138571289,138571303,32347.0
chr5,138571352,138571367,32283.0
chr5,138571399,138571414,32236.0
chr5,138571460,138571481,32169.0
chr5,138622804,138622820,19136.0
chr5,138657850,138657870,54182.0
chr5,138658064,138658084,54396.0
chr5,139167242,139167270,563574.0
chr5,139167335,139167377,563667.0
chr5,139167532,139167588,563864.0
chr5,139174748,139174767,571080.0
chr5,139196414,139196436,592746.0
chr5,139196480,139196502,592812.0
chr5,139196557,139196585,592889.0
chr5,139196623,139196657,592955.0
chr5,139283632,139283662,679964.0
chr5,139303786,139303808,700118.0
chr5,139382504,139382542,778836.0
chr5,139382619,139382635,778951.0
chr5,139484485,139484507,847790.0
chr5,139505021,139505049,827248.0
chr5,139775714,139775733,556564.0
chr5,139792187,139792209,540088.0
chr5,139827078,139827101,505196.0
chr5,140215360,140215375,116922.0
chr5,140215475,140215492,116805.0
chr5,140321777,140321807,10490.0
chr5,140321971,140322026,10271.0
chr5,140419086,140419106,86541.0
chr5,140419155,140419171,86476.0
chr5,140517794,140517808,12129.0
chr5,140517830,140517853,12165.0
chr5,140574906,140574926,63312.0
chr5,140574972,140574992,63246.0
chr5,140575886,140575912,62326.0
chr5,140596980,140597002,41236.0
chr5,140618337,140618365,19873.0
chr5,140618385,140618419,19819.0
chr5,140636585,140636602,1636.0
chr5,140636605,140636639,1599.0
chr5,140831025,140831057,128521.0
chr5,140871275,140871289,168771.0
chr5,140871448,140871470,168944.0
chr5,140948301,140948320,245797.0
chr5,140948444,140948468,245940.0
chr5,141000699,141000713,298195.0
chr5,141018158,141018173,287784.0
chr5,141084964,141084986,220971.0
chr5,141196337,141196369,109588.0
chr5,141985288,141985341,679313.0
chr5,142401135,142401159,1095160.0
chr5,142401175,142401215,1095200.0
chr5,142440097,142440116,1134122.0
chr5,142440871,142440923,1134896.0
chr5,142794075,142794090,1488100.0
chr5,142881442,142881464,1575467.0
chr5,142909018,142909037,1603043.0
chr5,142920441,142920458,1614466.0
chr5,142920550,142920594,1614575.0
chr5,142932064,142932086,1626089.0
chr5,143043494,143043537,1737519.0
chr5,143329352,143329383,2023377.0
chr5,143329501,143329520,2023526.0
chr5,143329522,143329546,2023547.0
chr5,143621798,143621812,2315823.0
chr5,143621941,143621956,2315966.0
chr5,143630867,143630889,2324892.0
chr5,143630938,143630957,2324963.0
chr5,143631007,143631047,2325032.0
chr5,143631066,143631088,2325091.0
chr5,143655096,143655118,2349121.0
chr5,143669911,143669950,2363936.0
chr5,143670140,143670154,2364165.0
chr5,143731017,143731033,2425042.0
chr5,143731225,143731241,2425250.0
chr5,143817570,143817596,2511595.0
chr5,143818220,143818246,2512245.0
chr5,143818266,143818288,2512291.0
chr5,143910292,143910312,2604317.0
chr5,143917721,143917766,2611746.0
chr5,144015096,144015153,2709121.0
chr5,144015301,144015391,2709326.0
chr5,144163236,144163250,2857261.0
chr5,144221253,144221269,2915278.0
chr5,144222654,144222674,2916679.0
chr5,144254788,144254819,2948813.0
chr5,144254973,144254991,2948998.0
chr5,144254992,144255014,2949017.0
chr5,144876176,144876233,2455635.0
chr5,144876343,144876359,2455509.0
chr5,144876372,144876388,2455480.0
chr5,145084014,145084036,2247832.0
chr5,145116310,145116341,2215527.0
chr5,145116518,145116551,2215317.0
chr5,145116725,145116741,2215127.0
chr5,145201863,145201882,2129986.0
chr5,145204259,145204280,2127588.0
chr5,145231543,145231562,2100306.0
chr5,145280293,145280313,2051555.0
chr5,145281071,145281086,2050782.0
chr5,145781444,145781466,1550402.0
chr5,145781515,145781551,1550317.0
chr5,145781657,145781683,1550185.0
chr5,146379534,146379551,952317.0
chr5,146379689,146379716,952152.0
chr5,146567384,146567424,764444.0
chr5,146567427,146567443,764425.0
chr5,146567610,146567624,764244.0
chr5,146567669,146567685,764183.0
chr5,146567723,146567744,764124.0
chr5,146793876,146793892,537976.0
chr5,146832736,146832760,499108.0
chr5,146832807,146832835,499033.0
chr5,146948023,146948070,383798.0
chr5,146948194,146948213,383655.0
chr5,146948265,146948284,383584.0
chr5,146963903,146963917,367951.0
chr5,147049854,147049868,282000.0
chr5,147063112,147063167,268701.0
chr5,147063648,147063675,268193.0
chr5,147063711,147063730,268138.0
chr5,147418154,147418168,86267.0
chr5,147431529,147431549,99642.0
chr5,147564068,147564117,232181.0
chr5,147894376,147894398,562489.0
chr5,147894445,147894472,562558.0
chr5,148319924,148319938,181297.0
chr5,148342541,148342556,158679.0
chr5,148400136,148400158,101077.0
chr5,148495323,148495349,5886.0
chr5,148495597,148495619,5616.0
chr5,148622561,148622608,121218.0
chr5,148634761,148634777,133418.0
chr5,148679101,148679120,177758.0
chr5,148700222,148700238,198879.0
chr5,148819793,148819807,318450.0
chr5,148831659,148831675,330316.0
chr5,148831797,148831819,330454.0
chr5,148866879,148866898,365536.0
chr5,148888022,148888048,386679.0
chr5,149015877,149015891,514534.0
chr5,149015993,149016008,514650.0
chr5,149016049,149016071,514706.0
chr5,149016268,149016292,514925.0
chr5,149016632,149016685,515289.0
chr5,149051236,149051258,549893.0
chr5,149051512,149051557,550169.0
chr5,149368557,149368573,817901.0
chr5,149428938,149428952,757522.0
chr5,149434277,149434310,752164.0
chr5,149446535,149446592,739882.0
chr5,149526965,149526991,659483.0
chr5,149831478,149831494,354980.0
chr5,149831498,149831513,354961.0
chr5,149850993,149851036,335438.0
chr5,150118315,150118330,68144.0
chr5,150118329,150118345,68129.0
chr5,150522425,150522439,142970.0
chr5,150522457,150522473,143002.0
chr5,150594499,150594514,215044.0
chr5,150674553,150674601,295098.0
chr5,151247173,151247195,867718.0
chr5,151247738,151247760,868283.0
chr5,151368375,151368397,988920.0
chr5,151369056,151369072,989601.0
chr5,151686721,151686743,1307266.0
chr6,3345887,3345922,821308.0
chr6,3346199,3346215,821015.0
chr6,3346257,3346273,820957.0
chr6,3399611,3399627,767603.0
chr6,3399671,3399687,767543.0
chr6,3447344,3447371,719859.0
chr6,4317794,4317809,150546.0
chr6,4319210,4319232,151962.0
chr6,4319242,4319281,151994.0
chr6,5297864,5297884,26118.0
chr6,5298594,5298624,26848.0
chr6,5298642,5298661,26896.0
chr6,6578185,6578207,176341.0
chr6,6578761,6578802,175746.0
chr6,7844023,7844038,668619.0
chr6,8259653,8259679,252978.0
chr6,8351960,8351976,160681.0
chr6,8408603,8408648,104009.0
chr6,8408701,8408716,103941.0
chr6,8408821,8408837,103820.0
chr6,8486236,8486259,26398.0
chr6,8505139,8505155,7502.0
chr6,8505330,8505390,7267.0
chr6,8505400,8505415,7242.0
chr6,8510892,8510914,1743.0
chr6,8511060,8511101,1556.0
chr6,8511139,8511158,1499.0
chr6,8649036,8649059,86115.0
chr6,8649114,8649153,86021.0
chr6,10075471,10075497,1339951.0
chr6,10075705,10075719,1340185.0
chr6,11062571,11062597,1720792.0
chr6,11062612,11062640,1720749.0
chr6,11062749,11062763,1720626.0
chr6,11907638,11907673,875716.0
chr6,11925994,11926016,857373.0
chr6,12038467,12038501,744888.0
chr6,12082016,12082038,701351.0
chr6,12301516,12301553,481836.0
chr6,12315319,12315356,468033.0
chr6,15710907,15710930,17522.0
chr6,15720170,15720185,8267.0
chr6,15747665,15747681,19195.0
chr6,15748249,15748268,19779.0
chr6,15748285,15748299,19815.0
chr6,15779191,15779205,50721.0
chr6,15779371,15779395,50901.0
chr6,15780153,15780167,51683.0
chr6,15793847,15793869,65377.0
chr6,16693260,16693274,405772.0
chr6,16693282,16693314,405732.0
chr6,16693334,16693351,405695.0
chr6,17726127,17726141,466416.0
chr6,17726316,17726331,466605.0
chr6,17748978,17748992,489267.0
chr6,17749043,17749076,489332.0
chr6,19996901,19996925,1136336.0
chr6,20550106,20550121,763716.0
chr6,20550215,20550234,763603.0
chr6,20550242,20550275,763562.0
chr6,20550284,20550316,763521.0
chr6,21016398,21016420,297417.0
chr6,21949355,21949375,445707.0
chr6,21949599,21949643,445439.0
chr6,22330667,22330687,64395.0
chr6,22349674,22349704,45378.0
chr6,22350357,22350393,44689.0
chr6,22350455,22350477,44605.0
chr6,22378813,22378844,16238.0
chr6,22408971,22408993,13870.0
chr6,22409095,22409124,13994.0
chr6,22409380,22409396,14279.0
chr6,22424358,22424380,29257.0
chr6,22424426,22424441,29325.0
chr6,22444554,22444576,49453.0
chr6,25469770,25469784,939476.0
chr6,25884733,25884755,1354439.0
chr6,25986814,25986828,1302633.0
chr6,25987022,25987054,1302407.0
chr6,26392209,26392225,897236.0
chr6,26392363,26392378,897083.0
chr6,26392408,26392430,897031.0
chr6,27649597,27649648,360118.0
chr6,28147547,28147588,171292.0
chr6,28410332,28410346,91434.0
chr6,28487039,28487061,168141.0
chr6,29164774,29164788,435201.0
chr6,29165038,29165054,435465.0
chr6,29232194,29232218,502621.0
chr6,29838718,29838732,1109145.0
chr6,29838955,29838992,1109382.0
chr6,29841682,29841721,1112109.0
chr6,29841811,29841827,1112238.0
chr6,29853445,29853459,1123872.0
chr6,29985217,29985236,1248078.0
chr6,29985292,29985308,1248006.0
chr6,30047587,30047603,1185711.0
chr6,30205536,30205604,1027710.0
chr6,30326161,30326183,907131.0
chr6,30326191,30326205,907109.0
chr6,30357800,30357844,875470.0
chr6,30391156,30391172,842142.0
chr6,30401324,30401346,831968.0
chr6,30401378,30401397,831917.0
chr6,30510210,30510243,723071.0
chr6,30592146,30592160,641154.0
chr6,30592253,30592327,640987.0
chr6,31080119,31080146,153168.0
chr6,31114928,31114979,118335.0
chr6,31115012,31115032,118282.0
chr6,31126342,31126372,106942.0
chr6,31176469,31176485,56829.0
chr6,31176741,31176756,56558.0
chr6,31184806,31184828,48486.0
chr6,31189183,31189210,44104.0
chr6,31190659,31190686,42628.0
chr6,31190689,31190728,42586.0
chr6,31190868,31190908,42406.0
chr6,31191006,31191020,42294.0
chr6,31201630,31201645,31669.0
chr6,31216408,31216422,16892.0
chr6,31218525,31218546,14768.0
chr6,31399963,31400050,89942.0
chr6,31400058,31400074,89918.0
chr6,31400104,31400126,89866.0
chr6,33060192,33060214,247135.0
chr6,33248894,33248916,58433.0
chr6,34176345,34176367,811782.0
chr6,34317721,34317735,670414.0
chr6,34476430,34476445,511704.0
chr6,34495193,34495220,492929.0
chr6,34952094,34952114,36035.0
chr6,35133936,35133960,145769.0
chr6,35134028,35134047,145861.0
chr6,35172076,35172106,183909.0
chr6,35172284,35172299,184117.0
chr6,35172318,35172345,184151.0
chr6,35256971,35256987,268804.0
chr6,35257909,35257955,269742.0
chr6,35379978,35380005,391811.0
chr6,35776169,35776195,788002.0
chr6,35776319,35776356,788152.0
chr6,35776363,35776390,788196.0
chr6,35776443,35776465,788276.0
chr6,35776485,35776507,788318.0
chr6,37464565,37464584,409603.0
chr6,37481188,37481202,426226.0
chr6,37608341,37608360,553379.0
chr6,37608378,37608410,553416.0
chr6,37821731,37821751,766769.0
chr6,37821813,37821868,766851.0
chr6,38120711,38120730,1065749.0
chr6,38344050,38344064,1107204.0
chr6,38344280,38344302,1106966.0
chr6,38352389,38352429,1098839.0
chr6,38365090,38365118,1086150.0
chr6,38365147,38365162,1086106.0
chr6,38365252,38365268,1086000.0
chr6,38533996,38534028,917240.0
chr6,38534071,38534085,917183.0
chr6,38534239,38534280,916988.0
chr6,38534408,38534450,916818.0
chr6,38535490,38535506,915762.0
chr6,38552156,38552178,899090.0
chr6,38805922,38805959,645309.0
chr6,38806046,38806070,645198.0
chr6,38848042,38848058,603210.0
chr6,39205419,39205435,245833.0
chr6,39241627,39241646,209622.0
chr6,39241771,39241793,209475.0
chr6,39275421,39275450,175818.0
chr6,39315928,39315974,135294.0
chr6,39316247,39316262,135006.0
chr6,39316311,39316345,134923.0
chr6,39334199,39334215,117053.0
chr6,39334421,39334440,116828.0
chr6,39379342,39379364,71904.0
chr6,39379741,39379763,71505.0
chr6,39379847,39379879,71389.0
chr6,39380165,39380210,71058.0
chr6,39420239,39420261,31007.0
chr6,39463280,39463295,11994.0
chr6,39810465,39810488,359179.0
chr6,39810677,39810693,359391.0
chr6,40440447,40440483,710673.0
chr6,40471158,40471255,679901.0
chr6,41124908,41124942,26214.0
chr6,41124986,41125053,26103.0
chr6,41125070,41125107,26049.0
chr6,41125132,41125151,26005.0
chr6,41137238,41137299,13857.0
chr6,41137413,41137476,13680.0
chr6,41177217,41177254,26043.0
chr6,41200807,41200875,15453.0
chr6,41200883,41200917,15411.0
chr6,41200975,41200997,15331.0
chr6,41201001,41201038,15290.0
chr6,41218770,41218797,2424.0
chr6,41218917,41218931,2571.0
chr6,41540111,41540142,14138.0
chr6,42265069,42265094,710771.0
chr6,42380528,42380550,826230.0
chr6,42389062,42389090,834764.0
chr6,42389143,42389169,834845.0
chr6,42389181,42389203,834883.0
chr6,42389310,42389326,835012.0
chr6,42454704,42454718,900406.0
chr6,43198394,43198408,1644096.0
chr6,46760407,46760426,589630.0
chr6,46898541,46898566,451490.0
chr6,47060848,47060864,289192.0
chr6,47635491,47635589,74238.0
chr6,47636995,47637009,75742.0
chr6,47637023,47637051,75770.0
chr6,47788654,47788680,227401.0
chr6,47921091,47921113,359838.0
chr6,47921242,47921291,359989.0
chr6,47953527,47953546,392274.0
chr6,48554391,48554406,7742.0
chr6,48554623,48554651,7974.0
chr6,48554838,48554860,8189.0
chr6,48555128,48555142,8479.0
chr6,48627260,48627280,73206.0
chr6,48680752,48680780,19706.0
chr6,48697110,48697132,3354.0
chr6,48697135,48697214,3272.0
chr6,48697265,48697284,3202.0
chr6,48697315,48697338,3148.0
chr6,48707618,48707634,7114.0
chr6,48707670,48707686,7166.0
chr6,48707726,48707748,7222.0
chr6,48707810,48707838,7306.0
chr6,48707852,48707883,7348.0
chr6,48732744,48732763,14193.0
chr6,48733371,48733393,14820.0
chr6,48738694,48738771,20143.0
chr6,48740026,48740165,21475.0
chr6,48747809,48747825,29258.0
chr6,48771921,48771957,53370.0
chr6,48772232,48772256,53681.0
chr6,48772278,48772309,53727.0
chr6,48817828,48817851,99277.0
chr6,48818034,48818060,99483.0
chr6,48818080,48818099,99529.0
chr6,48818155,48818194,99604.0
chr6,48829857,48829871,111306.0
chr6,49036323,49036358,317772.0
chr6,49074284,49074299,282249.0
chr6,49217203,49217237,139311.0
chr6,49217775,49217791,138757.0
chr6,49264251,49264300,92248.0
chr6,49318944,49318966,37582.0
chr6,49397703,49397725,41137.0
chr6,49586878,49586909,230312.0
chr6,49973511,49973540,329879.0
chr6,49973748,49973770,329649.0
chr6,49973967,49973995,329424.0
chr6,50373003,50373017,69565.0
chr6,50373050,50373066,69612.0
chr6,50377886,50377915,74448.0
chr6,50381646,50381660,73864.0
chr6,50381916,50381935,73589.0
chr6,50390272,50390307,65217.0
chr6,50393945,50393971,61553.0
chr6,50416716,50416735,38789.0
chr6,50417246,50417280,38244.0
chr6,50417336,50417384,38140.0
chr6,50937204,50937230,481662.0
chr6,50937349,50937373,481807.0
chr6,50937436,50937455,481894.0
chr6,51060005,51060021,469298.0
chr6,51060205,51060224,469095.0
chr6,51060321,51060355,468964.0
chr6,51060422,51060451,468868.0
chr6,51209262,51209309,320010.0
chr6,51209328,51209356,319963.0
chr6,51209531,51209574,319745.0
chr6,51469169,51469197,60122.0
chr6,51470011,51470025,59294.0
chr6,51470746,51470765,58554.0
chr6,51510465,51510497,18822.0
chr6,52211941,52211964,593456.0
chr6,52226382,52226401,607897.0
chr6,52713557,52713573,986454.0
chr6,52714155,52714180,985847.0
chr6,52957737,52957753,742274.0
chr6,54151565,54151584,31444.0
chr6,54151644,54151672,31523.0
chr6,54151724,54151750,31603.0
chr6,54681143,54681194,24162.0
chr6,54699730,54699746,5610.0
chr6,54715849,54715869,10474.0
chr6,54759788,54759803,22299.0
chr6,54766694,54766717,29205.0
chr6,54810182,54810220,72693.0
chr6,54817567,54817583,80078.0
chr6,54850000,54850016,112511.0
chr6,54866663,54866677,129174.0
chr6,54867090,54867110,129601.0
chr6,54964817,54964831,227328.0
chr6,54964906,54964944,227417.0
chr6,54972730,54972753,235241.0
chr6,54972999,54973026,235510.0
chr6,55037497,55037525,300008.0
chr6,55167117,55167154,429628.0
chr6,56608269,56608296,95681.0
chr6,56750053,56750075,46058.0
chr6,56750085,56750132,46090.0
chr6,56750231,56750250,46236.0
chr6,56901486,56901501,197491.0
chr6,56909032,56909046,205037.0
chr6,56916212,56916264,212217.0
chr6,56916383,56916408,212388.0
chr6,56916639,56916666,212644.0
chr6,57306447,57306469,602452.0
chr6,57306664,57306678,602669.0
chr6,57570491,57570543,866496.0
chr6,57570652,57570689,866657.0
chr6,57703580,57703599,999585.0
chr6,57823154,57823202,935815.0
chr6,57823218,57823240,935777.0
chr6,57823383,57823464,935553.0
chr6,57823520,57823536,935481.0
chr6,57823777,57823811,935206.0
chr6,58832883,58832902,73848.0
chr6,58833044,58833058,74009.0
chr6,58834871,58834893,75836.0
chr6,58844152,58844176,85117.0
chr6,59411979,59412011,398001.0
chr6,59412118,59412139,398140.0
chr6,59412269,59412305,398291.0
chr6,59412364,59412378,398386.0
chr6,59535463,59535479,521485.0
chr6,59535639,59535663,521661.0
chr6,60607635,60607670,570104.0
chr6,65042418,65042450,3539343.0
chr6,65049159,65049199,3532594.0
chr6,65049223,65049239,3532554.0
chr6,65049248,65049283,3532510.0
chr6,65145035,65145049,3436744.0
chr6,65145157,65145177,3436616.0
chr6,65390683,65390702,3191091.0
chr6,65510230,65510257,3071536.0
chr6,65510259,65510322,3071471.0
chr6,65564313,65564328,3017465.0
chr6,65600147,65600169,2981624.0
chr6,65600206,65600229,2981564.0
chr6,65649102,65649117,2932676.0
chr6,65662376,65662414,2919379.0
chr6,65662593,65662609,2919184.0
chr6,65662636,65662650,2919143.0
chr6,66318899,66318934,2262859.0
chr6,66318966,66318993,2262800.0
chr6,66319005,66319037,2262756.0
chr6,66319573,66319598,2262195.0
chr6,66319726,66319763,2262030.0
chr6,66320061,66320080,2261713.0
chr6,66320171,66320203,2261590.0
chr6,66320237,66320259,2261534.0
chr6,66895862,66895876,1685917.0
chr6,66895938,66895988,1685805.0
chr6,67184956,67184972,1396821.0
chr6,67185049,67185071,1396722.0
chr6,67266653,67266675,1315118.0
chr6,67267199,67267218,1314575.0
chr6,67555881,67555900,1025893.0
chr6,68162848,68162877,418916.0
chr6,68162987,68163059,418734.0
chr6,68163103,68163122,418671.0
chr6,68289774,68289788,292005.0
chr6,69250055,69250077,668244.0
chr6,69850244,69850266,948150.0
chr6,70090961,70090977,707439.0
chr6,70090986,70091005,707411.0
chr6,70091113,70091127,707289.0
chr6,70091132,70091151,707265.0
chr6,70091161,70091183,707233.0
chr6,70285335,70285354,513062.0
chr6,70714444,70714460,83956.0
chr6,70714471,70714485,83931.0
chr6,70714570,70714595,83821.0
chr6,70714751,70714773,83643.0
chr6,70714790,70714829,83587.0
chr6,70764624,70764638,33778.0
chr6,70764691,70764705,33711.0
chr6,70764959,70764987,33429.0
chr6,70804524,70804611,6090.0
chr6,70804807,70804832,6373.0
chr6,70805394,70805418,6960.0
chr6,70880932,70880946,56343.0
chr6,70880999,70881025,56410.0
chr6,71167091,71167110,342502.0
chr6,71440439,71440453,152788.0
chr6,71493590,71493631,99610.0
chr6,71494055,71494077,99164.0
chr6,71823619,71823635,7948.0
chr6,71823800,71823819,7764.0
chr6,71823902,71823918,7665.0
chr6,71824000,71824031,7552.0
chr6,71824036,71824064,7519.0
chr6,71908925,71908944,77323.0
chr6,72362741,72362755,531139.0
chr6,72362929,72362945,531327.0
chr6,72407210,72407239,575608.0
chr6,72535274,72535290,582934.0
chr6,72544746,72544768,573456.0
chr6,72544988,72545010,573214.0
chr6,72553102,72553142,565082.0
chr6,72553237,72553253,564971.0
chr6,72635658,72635673,482551.0
chr6,72635810,72635838,482386.0
chr6,72636060,72636076,482148.0
chr6,72798005,72798065,320159.0
chr6,72900277,72900297,217927.0
chr6,72949878,72949913,168311.0
chr6,72954827,72954862,163362.0
chr6,72954977,72955004,163220.0
chr6,72962236,72962255,155969.0
chr6,72962311,72962327,155897.0
chr6,72993174,72993200,125024.0
chr6,72993313,72993345,124879.0
chr6,73020310,73020324,97900.0
chr6,73210434,73210449,92192.0
chr6,73210511,73210541,92269.0
chr6,73210589,73210611,92347.0
chr6,73248440,73248454,130198.0
chr6,82103783,82103802,424703.0
chr6,82872471,82872490,49123.0
chr6,83010097,83010111,13017.0
chr6,83054588,83054608,57508.0
chr6,83095929,83095986,98849.0
chr6,83096114,83096140,99034.0
chr6,83115323,83115342,118243.0
chr6,83121548,83121570,124468.0
chr6,83121604,83121619,124524.0
chr6,83159485,83159508,162405.0
chr6,83159680,83159700,162600.0
chr6,83159928,83159944,162848.0
chr6,83165549,83165563,168469.0
chr6,83165598,83165617,168518.0
chr6,83312423,83312455,144734.0
chr6,83312472,83312488,144701.0
chr6,83415425,83415447,41742.0
chr6,83416392,83416414,40775.0
chr6,83416663,83416679,40510.0
chr6,83428606,83428628,28561.0
chr6,83440884,83440920,16269.0
chr6,83440931,83440963,16226.0
chr6,83441439,83441462,15727.0
chr6,83717680,83717718,28752.0
chr6,83731405,83731448,42477.0
chr6,83776267,83776283,87339.0
chr6,83776394,83776431,87466.0
chr6,83779050,83779070,90122.0
chr6,83831829,83831843,142901.0
chr6,83863682,83863706,174754.0
chr6,83863793,83863829,174865.0
chr6,83868436,83868455,179508.0
chr6,84078522,84078536,389594.0
chr6,85068504,85068523,90696.0
chr6,85068597,85068628,90591.0
chr6,85966219,85966238,806982.0
chr6,85966436,85966452,807199.0
chr6,85966462,85966510,807225.0
chr6,86127184,86127204,967947.0
chr6,86404021,86404037,1098895.0
chr6,86487728,86487750,1015182.0
chr6,86593135,86593168,909764.0
chr6,86605322,86605344,897588.0
chr6,86645241,86645263,857669.0
chr6,86645352,86645398,857534.0
chr6,86684830,86684852,818080.0
chr6,86850682,86850718,652214.0
chr6,86850750,86850764,652168.0
chr6,86864478,86864492,638440.0
chr6,87504176,87504195,1226.0
chr6,87533261,87533275,30311.0
chr6,87535639,87535655,32689.0
chr6,87541724,87541778,38774.0
chr6,87838937,87838961,9067.0
chr6,88075288,88075303,245418.0
chr6,88084547,88084569,254677.0
chr6,88189731,88189753,229863.0
chr6,88465172,88465186,45538.0
chr6,88769861,88769880,350227.0
chr6,88902132,88902152,482498.0
chr6,90010874,90010888,1591240.0
chr6,90010956,90010981,1591322.0
chr6,90740929,90740948,2321295.0
chr6,90741072,90741086,2321438.0
chr6,91108373,91108399,2097065.0
chr6,91108791,91108817,2096647.0
chr6,91109183,91109198,2096266.0
chr6,91679085,91679101,1526363.0
chr6,91766956,91766981,1438483.0
chr6,91767116,91767136,1438328.0
chr6,91767230,91767256,1438208.0
chr6,92091518,92091540,1113924.0
chr6,92131760,92131788,1073676.0
chr6,92131803,92131818,1073646.0
chr6,92745468,92745584,459880.0
chr6,94634196,94634246,333040.0
chr6,94634309,94634335,332951.0
chr6,94634377,94634407,332879.0
chr6,94661639,94661663,305623.0
chr6,94665075,94665097,302189.0
chr6,94665181,94665197,302089.0
chr6,94665606,94665632,301654.0
chr6,94690330,94690350,276936.0
chr6,94690564,94690606,276680.0
chr6,94700911,94700939,266347.0
chr6,95515859,95515874,456092.0
chr6,97277553,97277575,127575.0
chr6,97294192,97294220,110930.0
chr6,97294518,97294533,110617.0
chr6,97310902,97310921,94229.0
chr6,97353260,97353276,51874.0
chr6,97353396,97353412,51738.0
chr6,97806767,97806782,278523.0
chr6,98024091,98024113,61192.0
chr6,98024115,98024142,61163.0
chr6,98113918,98113946,28595.0
chr6,98632897,98632934,547574.0
chr6,98808142,98808158,453480.0
chr6,98992667,98992698,268940.0
chr6,98992721,98992735,268903.0
chr6,98992811,98992825,268813.0
chr6,98993365,98993381,268257.0
chr6,98993440,98993457,268181.0
chr6,99013428,99013456,248182.0
chr6,99023592,99023615,238023.0
chr6,99023647,99023663,237975.0
chr6,99023682,99023701,237937.0
chr6,99023760,99023792,237846.0
chr6,99023844,99023858,237780.0
chr6,99026392,99026415,235223.0
chr6,99026457,99026479,235159.0
chr6,99028628,99028644,232994.0
chr6,99031086,99031128,230510.0
chr6,99031362,99031384,230254.0
chr6,99031526,99031545,230093.0
chr6,99050524,99050567,211071.0
chr6,99050776,99050792,210846.0
chr6,99094705,99094721,166917.0
chr6,99095559,99095574,166064.0
chr6,99096021,99096035,165603.0
chr6,99131053,99131095,130543.0
chr6,99131096,99131114,130524.0
chr6,99172004,99172023,89615.0
chr6,99172772,99172794,88844.0
chr6,99270051,99270075,3452.0
chr6,99270234,99270250,3635.0
chr6,99274545,99274564,7946.0
chr6,99275709,99275728,9110.0
chr6,99275915,99275934,9316.0
chr6,99303175,99303206,25021.0
chr6,99309416,99309435,18792.0
chr6,99309726,99309742,18485.0
chr6,99310156,99310171,18056.0
chr6,99310174,99310193,18034.0
chr6,99402144,99402158,4212.0
chr6,99433273,99433328,35341.0
chr6,99435415,99435437,37483.0
chr6,99435544,99435590,37612.0
chr6,99474427,99474464,76495.0
chr6,99474503,99474575,76571.0
chr6,99522389,99522478,124457.0
chr6,99522918,99522938,124986.0
chr6,99522961,99522996,125029.0
chr6,99540760,99540779,142828.0
chr6,99540787,99540811,142855.0
chr6,99540906,99540928,142974.0
chr6,99542859,99542898,144927.0
chr6,99643854,99643873,75627.0
chr6,99644101,99644127,75373.0
chr6,99644225,99644244,75256.0
chr6,99646715,99646736,72764.0
chr6,99665571,99665593,53907.0
chr6,99665764,99665795,53705.0
chr6,99665805,99665833,53667.0
chr6,99670969,99670983,48517.0
chr6,100438688,100438703,228259.0
chr6,100807362,100807384,596933.0
chr6,103340028,103340065,3129599.0
chr6,103340256,103340270,3129827.0
chr6,103898606,103898625,3688177.0
chr6,106768962,106769020,1329667.0
chr6,107687869,107687904,410783.0
chr6,108169472,108169488,56406.0
chr6,108169489,108169503,56423.0
chr6,108185702,108185724,72636.0
chr6,108314337,108314353,201271.0
chr6,108328311,108328325,215245.0
chr6,108435257,108435281,114151.0
chr6,108435329,108435361,114071.0
chr6,108512231,108512275,37157.0
chr6,108553694,108553723,4243.0
chr6,108553760,108553794,4309.0
chr6,108553967,108553991,4516.0
chr6,108688428,108688450,30870.0
chr6,108782875,108782909,125317.0
chr6,108830481,108830522,172923.0
chr6,108836190,108836209,178632.0
chr6,108876031,108876065,218473.0
chr6,112695711,112695745,1586819.0
chr6,112695871,112695904,1586979.0
chr6,112696046,112696069,1587154.0
chr6,112852254,112852276,1743362.0
chr6,113377919,113377941,1471285.0
chr6,113531716,113531735,1317491.0
chr6,113661297,113661319,1187907.0
chr6,113661956,113661975,1187251.0
chr6,113662056,113662088,1187138.0
chr6,113669235,113669257,1179969.0
chr6,113681330,113681359,1167867.0
chr6,113696654,113696681,1152545.0
chr6,113696749,113696763,1152463.0
chr6,114444995,114445017,404209.0
chr6,114660171,114660193,189033.0
chr6,114796447,114796488,52738.0
chr6,114875347,114875363,26103.0
chr6,114893699,114893725,44455.0
chr6,114893946,114893974,44702.0
chr6,114894827,114894841,45583.0
chr6,114907464,114907504,58220.0
chr6,114907523,114907572,58279.0
chr6,114907579,114907617,58335.0
chr6,114919651,114919674,70407.0
chr6,114921703,114921742,72459.0
chr6,114922187,114922203,72943.0
chr6,115544452,115544492,5617.0
chr6,115601565,115601587,62730.0
chr6,115677644,115677672,138809.0
chr6,115697936,115697958,154820.0
chr6,115717463,115717485,135293.0
chr6,115717586,115717608,135170.0
chr6,115717674,115717690,135088.0
chr6,115803547,115803587,49191.0
chr6,115808950,115808985,43793.0
chr6,115854458,115854517,1661.0
chr6,115854695,115854711,1898.0
chr6,115989529,115989568,67281.0
chr6,116294948,116294967,238063.0
chr6,117737725,117737740,717949.0
chr6,117879906,117879920,575769.0
chr6,117882215,117882234,573455.0
chr6,117882239,117882292,573397.0
chr6,117890466,117890502,565187.0
chr6,117890646,117890692,564997.0
chr6,117900073,117900103,555586.0
chr6,117900369,117900406,555283.0
chr6,118139376,118139409,316280.0
chr6,118167094,118167114,288575.0
chr6,118419458,118419474,36215.0
chr6,119175084,119175100,306955.0
chr6,119210380,119210399,271656.0
chr6,119210557,119210577,271478.0
chr6,119210638,119210663,271392.0
chr6,119210731,119210745,271310.0
chr6,119408909,119408933,73122.0
chr6,119500300,119500331,18227.0
chr6,119500418,119500433,18345.0
chr6,119508967,119508986,26894.0
chr6,119663292,119663314,27835.0
chr6,119848395,119848417,55372.0
chr6,119902705,119902727,1062.0
chr6,120047926,120047948,144119.0
chr6,120056509,120056532,152702.0
chr6,120082246,120082281,178439.0
chr6,120082665,120082687,178858.0
chr6,120082868,120082905,179061.0
chr6,120111799,120111875,207992.0
chr6,120111969,120111988,208162.0
chr6,120112774,120112843,208967.0
chr6,120114568,120114685,210761.0
chr6,120123215,120123261,219408.0
chr6,120124679,120124723,220872.0
chr6,120155532,120155552,251725.0
chr6,120155552,120155567,251745.0
chr6,120193429,120193448,273701.0
chr6,120193518,120193540,273609.0
chr6,120357007,120357026,110123.0
chr6,120357362,120357381,109768.0
chr6,120363953,120363968,103181.0
chr6,120364248,120364286,102863.0
chr6,120364428,120364442,102707.0
chr6,120364584,120364609,102540.0
chr6,120464243,120464274,2875.0
chr6,120488719,120488741,21552.0
chr6,120488834,120488879,21667.0
chr6,120488952,120488966,21785.0
chr6,120529179,120529209,62012.0
chr6,120567604,120567619,100437.0
chr6,120567671,120567685,100504.0
chr6,120567919,120567956,100752.0
chr6,120580150,120580169,112983.0
chr6,120580179,120580198,113012.0
chr6,120666214,120666236,199047.0
chr6,120822236,120822263,308591.0
chr6,120836862,120836895,293959.0
chr6,121017461,121017477,113377.0
chr6,121063215,121063237,67617.0
chr6,121108947,121108991,21863.0
chr6,121109063,121109082,21772.0
chr6,121238386,121238408,107514.0
chr6,121238430,121238444,107558.0
chr6,121245821,121245840,114949.0
chr6,121272806,121272921,141934.0
chr6,122016943,122016962,744392.0
chr6,122186196,122186215,575139.0
chr6,122291779,122291793,469561.0
chr6,122291828,122291875,469479.0
chr6,122292108,122292146,469208.0
chr6,122308460,122308479,452875.0
chr6,122340039,122340080,421274.0
chr6,122527932,122527948,233406.0
chr6,122533058,122533074,228280.0
chr6,122533624,122533735,227619.0
chr6,122533737,122533829,227525.0
chr6,122556998,122557024,204330.0
chr6,122557202,122557216,204138.0
chr6,122602504,122602545,158809.0
chr6,122602651,122602690,158664.0
chr6,122742796,122742816,18538.0
chr6,122759064,122759186,2168.0
chr6,122811636,122811670,50264.0
chr6,122826815,122826841,65443.0
chr6,122874311,122874325,112939.0
chr6,122874807,122874831,113435.0
chr6,122999197,122999212,237825.0
chr6,123362470,123362484,601098.0
chr6,123362594,123362615,601222.0
chr6,123915806,123915820,507538.0
chr6,123915889,123915903,507455.0
chr6,124344801,124344845,78513.0
chr6,124694474,124694496,45962.0
chr6,124885754,124885815,105986.0
chr6,124885961,124885984,106193.0
chr6,124898171,124898194,118403.0
chr6,124898195,124898256,118427.0
chr6,124898443,124898465,118675.0
chr6,124898596,124898618,118828.0
chr6,125008720,125008744,228870.0
chr6,125039837,125039856,197758.0
chr6,125071539,125071561,166053.0
chr6,125096061,125096083,141531.0
chr6,125222171,125222193,15421.0
chr6,125222525,125222547,15067.0
chr6,125241547,125241576,3915.0
chr6,125241744,125241766,4112.0
chr6,125241973,125242035,4341.0
chr6,125265030,125265046,27398.0
chr6,125265233,125265249,27601.0
chr6,125339377,125339399,42478.0
chr6,125339502,125339518,42359.0
chr6,125482533,125482555,90398.0
chr6,125749085,125749124,176114.0
chr6,125749366,125749425,176395.0
chr6,126811515,126811535,292847.0
chr6,126811643,126811662,292720.0
chr6,126811738,126811753,292629.0
chr6,126939725,126939739,164643.0
chr6,126939784,126939798,164584.0
chr6,126939830,126939852,164530.0
chr6,126939941,126939957,164425.0
chr6,127240279,127240301,132452.0
chr6,127240342,127240366,132387.0
chr6,127265916,127265950,106803.0
chr6,127306194,127306221,66532.0
chr6,127306277,127306305,66448.0
chr6,127306443,127306463,66290.0
chr6,127401556,127401578,28784.0
chr6,127401691,127401707,28919.0
chr6,127433900,127433924,61128.0
chr6,127433964,127433991,61192.0
chr6,127434023,127434055,61251.0
chr6,127434330,127434349,61558.0
chr6,127434432,127434451,61660.0
chr6,127446775,127446803,74003.0
chr6,127454096,127454110,81324.0
chr6,127473997,127474019,101225.0
chr6,127561849,127561877,73160.0
chr6,127575284,127575300,59737.0
chr6,128760262,128760294,499892.0
chr6,128766763,128766782,493404.0
chr6,128766876,128766902,493284.0
chr6,128796575,128796616,463570.0
chr6,128799047,128799079,461107.0
chr6,128799378,128799392,460794.0
chr6,128799435,128799451,460735.0
chr6,128805087,128805106,455080.0
chr6,128805200,128805226,454960.0
chr6,128807246,128807276,452910.0
chr6,128807302,128807345,452841.0
chr6,128836295,128836309,423877.0
chr6,128836369,128836385,423801.0
chr6,128836393,128836408,423778.0
chr6,128836639,128836659,423527.0
chr6,128937086,128937100,323086.0
chr6,128963194,128963227,296959.0
chr6,129180426,129180464,79722.0
chr6,129186108,129186123,74063.0
chr6,129192936,129192967,67219.0
chr6,129193098,129193135,67051.0
chr6,129210572,129210602,49584.0
chr6,129219464,129219493,40693.0
chr6,129219534,129219581,40605.0
chr6,129219595,129219634,40552.0
chr6,129219658,129219680,40506.0
chr6,129234129,129234154,26032.0
chr6,129234159,129234173,26013.0
chr6,129234549,129234571,25615.0
chr6,129238149,129238171,22015.0
chr6,129238322,129238353,21833.0
chr6,129240116,129240132,20054.0
chr6,129273666,129273685,9939.0
chr6,129273749,129273771,9853.0
chr6,129275896,129275912,7712.0
chr6,129285037,129285056,1395.0
chr6,129304312,129304327,2546.0
chr6,129304494,129304508,2365.0
chr6,129315746,129315768,8855.0
chr6,129423636,129423654,109265.0
chr6,129423699,129423718,109201.0
chr6,131292927,131292973,1759990.0
chr6,131293373,131293396,1760436.0
chr6,131387441,131387456,1854504.0
chr6,131569011,131569026,2036074.0
chr6,131569034,131569049,2036097.0
chr6,131569293,131569325,2036356.0
chr6,131569347,131569367,2036410.0
chr6,131569375,131569399,2036438.0
chr6,131764097,131764134,2231160.0
chr6,131764141,131764168,2231204.0
chr6,132075916,132075932,2542979.0
chr6,132075988,132076024,2543051.0
chr6,132463666,132463716,2434922.0
chr6,133249696,133249839,1648799.0
chr6,134048369,134048384,850254.0
chr6,134343065,134343081,555557.0
chr6,134389567,134389601,509037.0
chr6,134533028,134533050,365588.0
chr6,134555435,134555457,343181.0
chr6,134752855,134752884,145754.0
chr6,134829895,134829914,68724.0
chr6,134872992,134873011,25627.0
chr6,134917132,134917171,18476.0
chr6,134919014,134919030,20358.0
chr6,134920143,134920175,21487.0
chr6,134928895,134928940,30239.0
chr6,134929007,134929023,30351.0
chr6,134932663,134932683,34007.0
chr6,134932794,134932825,34138.0
chr6,134946769,134946800,48113.0
chr6,134946849,134946865,48193.0
chr6,134947040,134947084,48384.0
chr6,134947455,134947474,48799.0
chr6,134947522,134947553,48866.0
chr6,134947685,134947701,49029.0
chr6,135011394,135011423,112738.0
chr6,135168538,135168583,249256.0
chr6,135218429,135218451,199388.0
chr6,135323982,135324008,93831.0
chr6,135364157,135364189,53650.0
chr6,135364614,135364630,53209.0
chr6,135433943,135433957,16086.0
chr6,136463673,136463700,13251.0
chr6,136464007,136464048,13585.0
chr6,136464244,136464263,13822.0
chr6,136477115,136477131,26693.0
chr6,136477227,136477262,26805.0
chr6,136477333,136477347,26911.0
chr6,136491393,136491412,40971.0
chr6,136518492,136518554,68070.0
chr6,136518560,136518591,68138.0
chr6,136519581,136519608,69159.0
chr6,136519668,136519688,69246.0
chr6,136554018,136554032,103596.0
chr6,136722169,136722185,21844.0
chr6,136722191,136722213,21816.0
chr6,136722223,136722239,21790.0
chr6,136722319,136722348,21681.0
chr6,136804385,136804401,24107.0
chr6,136804600,136804614,23894.0
chr6,136804621,136804640,23868.0
chr6,136898975,136899012,48198.0
chr6,137756384,137756399,299691.0
chr6,137756403,137756433,299710.0
chr6,140459667,140459686,54836.0
chr6,140598840,140598854,84299.0
chr6,140615121,140615137,100580.0
chr6,140623118,140623152,108577.0
chr6,140659860,140659894,145319.0
chr6,140659941,140660108,145400.0
chr6,140660165,140660195,145624.0
chr6,140722239,140722258,207698.0
chr6,141582517,141582549,307050.0
chr6,141582561,141582588,307011.0
chr6,141582619,141582654,306945.0
chr6,141630718,141630762,258837.0
chr6,142123248,142123273,233631.0
chr6,142123396,142123415,233779.0
chr6,142346241,142346257,214986.0
chr6,142538713,142538735,22508.0
chr6,142752368,142752411,93052.0
chr6,142757647,142757669,98331.0
chr6,142757868,142757905,98552.0
chr6,142780019,142780035,87435.0
chr6,142876931,142876981,8664.0
chr6,142877209,142877228,8417.0
chr6,142881538,142881564,4081.0
chr6,142915495,142915515,26606.0
chr6,142917427,142917441,24680.0
chr6,142917484,142917506,24615.0
chr6,142918007,142918050,24071.0
chr6,142945676,142945702,3537.0
chr6,142946349,142946371,4210.0
chr6,142956510,142956539,14371.0
chr6,142956552,142956578,14413.0
chr6,142956683,142956699,14544.0
chr6,143099802,143099818,157663.0
chr6,143100346,143100360,158207.0
chr6,143114430,143114452,172291.0
chr6,143115473,143115489,173334.0
chr6,143172301,143172320,230162.0
chr6,143868203,143868217,88987.0
chr6,144572922,144572962,581930.0
chr6,144670409,144670424,679417.0
chr6,144670489,144670515,679497.0
chr6,144670868,144670892,679876.0
chr6,144902147,144902166,911155.0
chr6,144953064,144953127,962072.0
chr6,145101025,145101058,1110033.0
chr6,145101166,145101180,1110174.0
chr6,145101231,145101274,1110239.0
chr6,145101485,145101512,1110493.0
chr6,145133647,145133669,1142655.0
chr6,145179741,145179772,1188749.0
chr6,145187407,145187429,1196415.0
chr6,145242184,145242206,1251192.0
chr6,145242289,145242321,1251297.0
chr6,145307034,145307053,1316042.0
chr6,145341237,145341256,1295183.0
chr6,145360295,145360317,1276122.0
chr6,145360349,145360371,1276068.0
chr6,145360449,145360469,1275970.0
chr6,145417896,145417952,1218487.0
chr6,145417992,145418008,1218431.0
chr6,145418239,145418261,1218178.0
chr6,145454299,145454319,1182120.0
chr6,145981080,145981105,655334.0
chr6,145981320,145981342,655097.0
chr6,145993362,145993397,643042.0
chr6,146081356,146081384,555055.0
chr6,146081537,146081552,554887.0
chr6,146221463,146221485,414954.0
chr6,146410124,146410208,226231.0
chr6,146410330,146410352,226087.0
chr6,146410416,146410436,226003.0
chr6,146481234,146481272,155167.0
chr6,146481306,146481322,155117.0
chr6,146490178,146490194,146245.0
chr6,146498126,146498140,138299.0
chr6,146501545,146501564,134875.0
chr6,146521233,146521247,115192.0
chr6,146521431,146521475,114964.0
chr6,146522062,146522084,114355.0
chr6,146642188,146642213,5731.0
chr6,146642218,146642276,5761.0
chr6,147042524,147042544,406067.0
chr6,147042568,147042622,406111.0
chr6,147091148,147091168,385116.0
chr6,147099749,147099768,376516.0
chr6,147304596,147304615,171669.0
chr6,147304639,147304661,171623.0
chr6,147655638,147655657,179335.0
chr6,148958945,148958961,234749.0
chr6,149141460,149141485,52225.0
chr6,149141639,149141655,52055.0
chr6,149141784,149141810,51900.0
chr6,149188435,149188454,5256.0
chr6,149309708,149309744,115979.0
chr6,149343849,149343875,150120.0
chr6,149366360,149366425,172631.0
chr6,149366460,149366494,172731.0
chr6,149366527,149366546,172798.0
chr6,149366660,149366692,172931.0
chr6,149366746,149366761,173017.0
chr7,3290208,3290222,1394931.0
chr7,3290325,3290344,1394809.0
chr7,3616988,3617014,1068139.0
chr7,3617208,3617222,1067931.0
chr7,3630133,3630154,1054999.0
chr7,3704557,3704581,980572.0
chr7,4082447,4082461,602692.0
chr7,4082671,4082693,602460.0
chr7,4082708,4082736,602417.0
chr7,4082899,4082926,602227.0
chr7,4136725,4136746,548407.0
chr7,4464513,4464531,220622.0
chr7,4653855,4653881,31272.0
chr7,4654133,4654152,31001.0
chr7,4812897,4812911,127726.0
chr7,4915570,4915584,230399.0
chr7,5014605,5014621,329434.0
chr7,5014978,5015000,329807.0
chr7,5062623,5062661,377452.0
chr7,5079916,5079936,394745.0
chr7,5992909,5992928,290539.0
chr7,6610699,6610718,327214.0
chr7,7188363,7188412,904878.0
chr7,8443160,8443175,2159675.0
chr7,8443406,8443420,2159921.0
chr7,8443476,8443494,2159991.0
chr7,10285220,10285234,1540853.0
chr7,12834560,12834579,1008455.0
chr7,12835087,12835101,1008982.0
chr7,12962209,12962246,1136104.0
chr7,12978438,12978472,1152333.0
chr7,12992434,12992448,1166329.0
chr7,14601786,14601805,1320484.0
chr7,15853230,15853244,69045.0
chr7,15853378,15853394,68895.0
chr7,15853494,15853508,68781.0
chr7,15881871,15881961,40328.0
chr7,15882095,15882136,40153.0
chr7,15946379,15946414,24072.0
chr7,16046569,16046591,22892.0
chr7,16048115,16048129,24438.0
chr7,16048159,16048173,24482.0
chr7,16052984,16053017,29307.0
chr7,16053212,16053249,29535.0
chr7,16053343,16053359,29666.0
chr7,16053520,16053546,29843.0
chr7,16098156,16098170,74479.0
chr7,16222324,16222343,39976.0
chr7,16295211,16295225,26909.0
chr7,16296921,16296941,25193.0
chr7,16364335,16364366,41746.0
chr7,16364476,16364514,41598.0
chr7,16364843,16364865,41247.0
chr7,16400731,16400745,5367.0
chr7,16618615,16618640,63954.0
chr7,16873955,16873990,191343.0
chr7,16875069,16875083,192457.0
chr7,18591462,18591476,646081.0
chr7,19006594,19006613,853249.0
chr7,19093670,19093684,766178.0
chr7,19227850,19227884,631978.0
chr7,19281918,19281942,577920.0
chr7,19300914,19300962,558900.0
chr7,19301119,19301133,558729.0
chr7,19319844,19319866,539996.0
chr7,19326258,19326324,533538.0
chr7,19381657,19381715,478147.0
chr7,19508427,19508459,351403.0
chr7,19665298,19665323,194539.0
chr7,19665643,19665659,194203.0
chr7,19797659,19797686,62176.0
chr7,19940365,19940384,80485.0
chr7,19945747,19945781,85867.0
chr7,20560887,20560912,701007.0
chr7,23326298,23326314,1780970.0
chr7,23326327,23326349,1780935.0
chr7,23326539,23326564,1780720.0
chr7,23326628,23326642,1780642.0
chr7,24081948,24081979,1025305.0
chr7,24299459,24299487,807797.0
chr7,24299709,24299760,807524.0
chr7,24299769,24299804,807480.0
chr7,24369302,24369317,737967.0
chr7,24369921,24369943,737341.0
chr7,24373349,24373375,733909.0
chr7,24439991,24440007,667277.0
chr7,24441826,24441867,665417.0
chr7,24452313,24452362,654922.0
chr7,24452374,24452427,654857.0
chr7,24530608,24530630,576654.0
chr7,24645140,24645198,462086.0
chr7,24907360,24907382,199902.0
chr7,24963590,24963831,143453.0
chr7,24963904,24963979,143305.0
chr7,25088042,25088075,19209.0
chr7,25088088,25088110,19174.0
chr7,25088118,25088140,19144.0
chr7,25088171,25088193,19091.0
chr7,25088197,25088340,18944.0
chr7,25088347,25088396,18888.0
chr7,25088417,25088514,18770.0
chr7,25132807,25132829,25504.0
chr7,25205352,25205374,98049.0
chr7,25205887,25205912,98584.0
chr7,25395808,25395862,21298.0
chr7,25396139,25396161,20999.0
chr7,25619003,25619017,61776.0
chr7,25619150,25619184,61609.0
chr7,25755184,25755206,19721.0
chr7,25755505,25755533,19394.0
chr7,25755921,25755949,18978.0
chr7,25756251,25756266,18661.0
chr7,25781277,25781291,6332.0
chr7,25782428,25782444,7483.0
chr7,25782520,25782536,7575.0
chr7,25782850,25782864,7905.0
chr7,25816774,25816790,41829.0
chr7,25826041,25826055,51096.0
chr7,25826081,25826103,51136.0
chr7,25827202,25827222,52257.0
chr7,25827283,25827297,52338.0
chr7,25827352,25827371,52407.0
chr7,25827471,25827507,52526.0
chr7,25835646,25835668,60701.0
chr7,25835759,25835778,60814.0
chr7,26246834,26246853,471889.0
chr7,26368295,26368317,593350.0
chr7,27419216,27419251,53797.0
chr7,27508367,27508383,35301.0
chr7,27508676,27508703,35610.0
chr7,27545465,27545529,45893.0
chr7,28179236,28179252,245596.0
chr7,28179494,28179516,245854.0
chr7,28277504,28277583,343864.0
chr7,28373175,28373189,353334.0
chr7,28392557,28392579,333944.0
chr7,28598446,28598460,128063.0
chr7,28665882,28665898,60625.0
chr7,28677113,28677162,49361.0
chr7,28694050,28694072,32451.0
chr7,28694076,28694098,32425.0
chr7,28694209,28694266,32257.0
chr7,28707245,28707273,19250.0
chr7,28781270,28781314,42485.0
chr7,28981893,28981909,158076.0
chr7,28981910,28981924,158093.0
chr7,29000580,29000615,176763.0
chr7,29134633,29134647,310816.0
chr7,29180956,29180972,357139.0
chr7,29860243,29860265,269672.0
chr7,29860528,29860544,269957.0
chr7,29908255,29908277,317684.0
chr7,29983606,29983628,249158.0
chr7,30072421,30072435,160351.0
chr7,30099360,30099374,133412.0
chr7,30169290,30169306,63480.0
chr7,30170309,30170331,62455.0
chr7,30301003,30301061,68198.0
chr7,30322813,30322837,90008.0
chr7,30332198,30332214,99393.0
chr7,30333019,30333041,100214.0
chr7,30333151,30333167,100346.0
chr7,30333271,30333285,100466.0
chr7,30394956,30394971,162151.0
chr7,30394977,30395002,162172.0
chr7,30395010,30395026,162205.0
chr7,30422825,30422848,186292.0
chr7,30492806,30492834,116306.0
chr7,30493020,30493049,116091.0
chr7,30493044,30493061,116079.0
chr7,30493061,30493078,116062.0
chr7,30551718,30551740,57400.0
chr7,30551751,30551816,57324.0
chr7,30551988,30552004,57136.0
chr7,30552371,30552393,56747.0
chr7,30559785,30559801,49339.0
chr7,30626267,30626282,17109.0
chr7,30729790,30729806,44442.0
chr7,30957268,30957292,16754.0
chr7,31003079,31003093,62565.0
chr7,31097917,31097936,157403.0
chr7,31144938,31144952,204424.0
chr7,31144953,31144975,204439.0
chr7,31153746,31153762,213232.0
chr7,31153867,31153903,213353.0
chr7,31153909,31153940,213395.0
chr7,31160937,31160971,220423.0
chr7,31172468,31172493,231954.0
chr7,33815147,33815179,1417357.0
chr7,34196846,34196887,1035649.0
chr7,34388093,34388120,844416.0
chr7,34388194,34388228,844308.0
chr7,34388526,34388545,843991.0
chr7,34407879,34407938,824598.0
chr7,35056880,35056909,175627.0
chr7,35057152,35057211,175325.0
chr7,35128160,35128189,104347.0
chr7,35333670,35333689,101003.0
chr7,35729534,35729553,496867.0
chr7,35991391,35991413,758724.0
chr7,35991598,35991628,758931.0
chr7,37490332,37490360,2257665.0
chr7,38018776,38018807,2786109.0
chr7,38094591,38094610,2861924.0
chr7,38227047,38227099,2738913.0
chr7,38294186,38294205,2671807.0
chr7,38294217,38294235,2671777.0
chr7,39655156,39655172,1310840.0
chr7,39833693,39833707,1132305.0
chr7,39833726,39833846,1132166.0
chr7,41500359,41500396,131945.0
chr7,41599223,41599245,33096.0
chr7,42505481,42505510,872372.0
chr7,42505763,42505785,872654.0
chr7,43049458,43049477,416177.0
chr7,43481522,43481557,15850.0
chr7,43562300,43562315,96628.0
chr7,43579445,43579484,113773.0
chr7,44554210,44554224,338310.0
chr7,44772694,44772734,119800.0
chr7,44772842,44772858,119676.0
chr7,44818216,44818242,74292.0
chr7,44849120,44849136,43398.0
chr7,44849853,44849875,42659.0
chr7,44895611,44895642,3059.0
chr7,44895882,44895898,3330.0
chr7,44931488,44931547,38936.0
chr7,45052987,45053006,160435.0
chr7,45053399,45053414,160847.0
chr7,45053583,45053620,161031.0
chr7,45082727,45082742,190175.0
chr7,45239682,45239716,347130.0
chr7,45341602,45341624,373830.0
chr7,45395250,45395269,320185.0
chr7,45522070,45522084,193370.0
chr7,45526478,45526505,188949.0
chr7,45526827,45526857,188597.0
chr7,45526870,45526890,188564.0
chr7,45568160,45568179,147275.0
chr7,45574011,45574048,141406.0
chr7,45644104,45644118,71336.0
chr7,45705119,45705151,10303.0
chr7,45779154,45779176,63682.0
chr7,46059222,46059255,343750.0
chr7,46059335,46059380,343863.0
chr7,46390057,46390079,674585.0
chr7,46390080,46390096,674608.0
chr7,46606711,46606751,505079.0
chr7,46833169,46833208,278622.0
chr7,46838700,46838770,273060.0
chr7,46899489,46899525,212305.0
chr7,46920240,46920255,191575.0
chr7,47022627,47022642,89188.0
chr7,48900867,48900886,8189.0
chr7,48928355,48928369,11921.0
chr7,49741219,49741296,824785.0
chr7,49741355,49741424,824921.0
chr7,49741619,49741641,825185.0
chr7,50990430,50990568,706050.0
chr7,50991064,50991080,705538.0
chr7,50991311,50991331,705287.0
chr7,51724384,51724400,14345.0
chr7,54299799,54299818,114707.0
chr7,54300146,54300162,114363.0
chr7,56050514,56050536,1635971.0
chr7,56050553,56050575,1636010.0
chr7,56569673,56569687,2155130.0
chr7,57846296,57846318,1447082.0
chr7,57846354,57846376,1447024.0
chr7,57930167,57930195,1363205.0
chr7,58392566,58392592,900808.0
chr7,58392655,58392680,900720.0
chr7,58399398,58399412,893988.0
chr7,58399679,58399698,893702.0
chr7,58449184,58449206,844194.0
chr7,58449213,58449235,844165.0
chr7,58449367,58449395,844005.0
chr7,58449434,58449449,843951.0
chr7,58452036,58452058,841342.0
chr7,58452147,58452163,841237.0
chr7,58452260,58452275,841125.0
chr7,58568875,58568917,724483.0
chr7,58568935,58568954,724446.0
chr7,58677785,58677821,615579.0
chr7,58697046,58697106,596294.0
chr7,58711905,58711919,581481.0
chr7,58712078,58712105,581295.0
chr7,58731152,58731184,562216.0
chr7,59463055,59463070,169637.0
chr7,61740847,61740875,1174676.0
chr7,62332811,62332840,582711.0
chr7,62332974,62332994,582557.0
chr7,62333062,62333076,582475.0
chr7,63752209,63752232,290666.0
chr7,63755552,63755574,287324.0
chr7,63815956,63815972,226926.0
chr7,63816470,63816503,226395.0
chr7,63922262,63922276,120622.0
chr7,63937010,63937056,105842.0
chr7,63970718,63970765,72133.0
chr7,63970775,63970800,72098.0
chr7,63984492,63984514,58384.0
chr7,63987143,63987167,55731.0
chr7,63999419,63999441,43457.0
chr7,64011549,64011577,31321.0
chr7,64011594,64011622,31276.0
chr7,64012264,64012286,30612.0
chr7,64061347,64061373,18431.0
chr7,64061398,64061430,18482.0
chr7,64374276,64374306,331360.0
chr7,64392452,64392474,349536.0
chr7,64873206,64873234,830290.0
chr7,65693795,65693811,1650879.0
chr7,65694044,65694066,1651128.0
chr7,66060365,66060384,1329573.0
chr7,66109348,66109370,1280587.0
chr7,66661941,66661957,728000.0
chr7,66839378,66839392,550565.0
chr7,66839642,66839670,550287.0
chr7,67422116,67422130,32141.0
chr7,67630982,67630998,22894.0
chr7,67631173,67631188,22704.0
chr7,67631198,67631220,22672.0
chr7,67951361,67951382,297451.0
chr7,67951926,67951948,298016.0
chr7,67954021,67954040,300111.0
chr7,67954188,67954202,300278.0
chr7,68085692,68085708,431782.0
chr7,68128869,68128891,474959.0
chr7,68129604,68129620,475694.0
chr7,68134028,68134131,480118.0
chr7,68139572,68139594,485662.0
chr7,68190273,68190295,536363.0
chr7,68190355,68190369,536445.0
chr7,68250355,68250370,596445.0
chr7,68250830,68250879,596920.0
chr7,68264615,68264631,610705.0
chr7,68275693,68275715,621783.0
chr7,68275778,68275809,621868.0
chr7,68282990,68283020,629080.0
chr7,68284076,68284098,630166.0
chr7,68284134,68284156,630224.0
chr7,68287037,68287059,633127.0
chr7,70488899,70488920,506972.0
chr7,70488928,70488942,506950.0
chr7,72240075,72240113,168452.0
chr7,73479734,73479775,1071151.0
chr7,73481174,73481188,1072591.0
chr7,73518582,73518615,1109999.0
chr7,73518634,73518656,1110051.0
chr7,73523276,73523341,1114693.0
chr7,73523384,73523406,1114801.0
chr7,73523463,73523479,1114880.0
chr7,73523490,73523509,1114907.0
chr7,73531141,73531163,1122558.0
chr7,73538205,73538227,1129622.0
chr7,73538250,73538265,1129667.0
chr7,73556652,73556666,1148069.0
chr7,73556982,73556997,1148399.0
chr7,73572669,73572688,1164086.0
chr7,73572998,73573012,1164415.0
chr7,73583443,73583462,1174860.0
chr7,73583537,73583556,1174954.0
chr7,73583792,73583810,1175209.0
chr7,73583878,73583904,1175295.0
chr7,73584243,73584257,1175660.0
chr7,73584457,73584481,1175874.0
chr7,73584771,73584793,1176188.0
chr7,73584805,73584820,1176222.0
chr7,73611948,73611970,1203365.0
chr7,73618119,73618133,1209536.0
chr7,74363464,74363484,1021768.0
chr7,74363576,74363616,1021636.0
chr7,74690768,74690786,694466.0
chr7,74690982,74691008,694244.0
chr7,74703754,74703795,681457.0
chr7,74703949,74703977,681275.0
chr7,75362710,75362725,22527.0
chr7,75362925,75362955,22297.0
chr7,75371469,75371501,13751.0
chr7,75374838,75374856,10396.0
chr7,75486382,75486396,44942.0
chr7,75486653,75486708,44630.0
chr7,75488082,75488104,43234.0
chr7,75517530,75517553,13785.0
chr7,75572430,75572480,12345.0
chr7,75572615,75572643,12530.0
chr7,75572659,75572683,12574.0
chr7,75572967,75572983,12882.0
chr7,75575167,75575187,15082.0
chr7,75575516,75575549,15431.0
chr7,75575718,75575784,15633.0
chr7,75596201,75596223,36116.0
chr7,75600411,75600432,40326.0
chr7,75600650,75600664,40565.0
chr7,75610551,75610573,50466.0
chr7,75611610,75611625,51525.0
chr7,75611738,75611766,51653.0
chr7,75633070,75633088,72985.0
chr7,75633225,75633240,73140.0
chr7,75655654,75655668,95569.0
chr7,75655992,75656014,95907.0
chr7,75656096,75656146,96011.0
chr7,75656182,75656201,96097.0
chr7,75656222,75656246,96137.0
chr7,75656508,75656528,96423.0
chr7,75656687,75656703,96602.0
chr7,75656932,75656958,96847.0
chr7,75656962,75656981,96877.0
chr7,75669318,75669337,109233.0
chr7,75686830,75686845,126745.0
chr7,75700774,75700788,140689.0
chr7,75701841,75701860,141756.0
chr7,75702198,75702235,142113.0
chr7,75702329,75702367,142244.0
chr7,75702383,75702397,142298.0
chr7,75702564,75702629,142479.0
chr7,75709487,75709506,149402.0
chr7,75709589,75709617,149504.0
chr7,75715119,75715141,155034.0
chr7,75774067,75774091,213982.0
chr7,75774129,75774156,214044.0
chr7,75782301,75782330,222216.0
chr7,75782632,75782683,222547.0
chr7,75782923,75782950,222838.0
chr7,75793977,75793991,233892.0
chr7,75795532,75795598,235447.0
chr7,75800526,75800551,240441.0
chr7,75855266,75855288,295181.0
chr7,75881274,75881290,321189.0
chr7,75881442,75881469,321357.0
chr7,75982180,75982200,255505.0
chr7,75982307,75982334,255371.0
chr7,76018586,76018608,219097.0
chr7,76176249,76176264,61441.0
chr7,76185915,76185947,51758.0
chr7,78707849,78707865,307005.0
chr7,78719441,78719460,318597.0
chr7,78737922,78737941,337078.0
chr7,78847687,78847727,446843.0
chr7,78847731,78847753,446887.0
chr7,78847806,78847842,446962.0
chr7,78853969,78854008,453125.0
chr7,78854104,78854123,453260.0
chr7,78895499,78895556,494655.0
chr7,79300984,79301000,891666.0
chr7,79363917,79363939,828727.0
chr7,79392873,79392912,799754.0
chr7,79422958,79422984,769682.0
chr7,79423060,79423082,769584.0
chr7,79466490,79466519,726147.0
chr7,79466542,79466561,726105.0
chr7,80033357,80033372,159294.0
chr7,80033537,80033565,159101.0
chr7,80091615,80091687,100979.0
chr7,80156561,80156587,36079.0
chr7,80156720,80156740,35926.0
chr7,80156741,80156760,35906.0
chr7,80182094,80182135,10531.0
chr7,80182620,80182642,10024.0
chr7,80182656,80182675,9991.0
chr7,80182774,80182817,9849.0
chr7,80205070,80205084,12386.0
chr7,80205265,80205298,12581.0
chr7,80210096,80210132,17412.0
chr7,80210154,80210168,17470.0
chr7,80246117,80246131,53433.0
chr7,80261073,80261101,68389.0
chr7,80340400,80340420,63629.0
chr7,80343187,80343209,60840.0
chr7,80370159,80370179,33870.0
chr7,80370305,80370329,33720.0
chr7,80371561,80371609,32440.0
chr7,80417228,80417250,13161.0
chr7,80450002,80450025,45935.0
chr7,80535315,80535360,131248.0
chr7,80554988,80555017,150921.0
chr7,80555426,80555440,151359.0
chr7,80582967,80582993,178900.0
chr7,80643330,80643356,239263.0
chr7,80643434,80643459,239367.0
chr7,80643692,80643712,239625.0
chr7,80672538,80672554,268471.0
chr7,80680610,80680632,276543.0
chr7,80689413,80689441,285346.0
chr7,80697192,80697211,281587.0
chr7,80697212,80697234,281564.0
chr7,80765996,80766048,212750.0
chr7,80828773,80828789,150009.0
chr7,80832526,80832549,146249.0
chr7,80901357,80901376,77422.0
chr7,80901390,80901409,77389.0
chr7,80936667,80936689,42109.0
chr7,80936941,80936966,41832.0
chr7,80948115,80948129,30669.0
chr7,80973657,80973682,5116.0
chr7,80973765,80973779,5019.0
chr7,80973938,80973960,4838.0
chr7,80986992,80987011,8172.0
chr7,80993145,80993159,14325.0
chr7,81074255,81074306,95435.0
chr7,81075345,81075365,96525.0
chr7,81155003,81155029,176183.0
chr7,81155266,81155290,176446.0
chr7,81167021,81167059,188201.0
chr7,81167189,81167211,188369.0
chr7,81167220,81167255,188400.0
chr7,81572021,81572073,593201.0
chr7,82235698,82235724,1052476.0
chr7,82240984,82241000,1047200.0
chr7,82820720,82820740,467460.0
chr7,83617558,83617572,38066.0
chr7,83648895,83648909,6729.0
chr7,83648987,83649006,6632.0
chr7,83884656,83884670,228999.0
chr7,84120014,84120030,464357.0
chr7,84165366,84165386,509709.0
chr7,84196552,84196580,492837.0
chr7,84679575,84679589,9828.0
chr7,84679601,84679626,9791.0
chr7,84681822,84681867,7550.0
chr7,84779548,84779578,90112.0
chr7,84779798,84779820,90362.0
chr7,88206599,88206649,918469.0
chr7,88206790,88206833,918660.0
chr7,88277519,88277543,989389.0
chr7,88277597,88277623,989467.0
chr7,89171974,89171988,1301860.0
chr7,89236255,89236271,1237577.0
chr7,89248429,89248451,1225397.0
chr7,89940715,89940731,533117.0
chr7,90023240,90023261,450587.0
chr7,90023332,90023351,450497.0
chr7,90129601,90129615,344233.0
chr7,90138350,90138390,335458.0
chr7,90138640,90138666,335182.0
chr7,90302595,90302617,171231.0
chr7,90341719,90341741,132107.0
chr7,90341781,90341803,132045.0
chr7,90355767,90355786,118062.0
chr7,92561471,92561493,1672256.0
chr7,92575725,92575739,1658010.0
chr7,92575753,92575767,1657982.0
chr7,92575781,92575795,1657954.0
chr7,92575809,92575823,1657926.0
chr7,92575841,92575855,1657894.0
chr7,92575869,92575883,1657866.0
chr7,92575900,92575929,1657820.0
chr7,92637257,92637296,1596453.0
chr7,92741003,92741044,1492705.0
chr7,93217077,93217091,1016658.0
chr7,96456420,96456442,571986.0
chr7,96456504,96456528,572070.0
chr7,96920580,96920602,616201.0
chr7,96920766,96920780,616023.0
chr7,96946840,96946856,589947.0
chr7,96952133,96952165,584638.0
chr7,97400123,97400145,136658.0
chr7,97480761,97480780,56023.0
chr7,97842812,97842829,93918.0
chr7,97877892,97877915,128998.0
chr7,98557141,98557163,808247.0
chr7,98571752,98571808,822858.0
chr7,98580520,98580552,831626.0
chr7,98580750,98580772,831856.0
chr7,98580785,98580800,831891.0
chr7,98694282,98694298,945388.0
chr7,99041731,99041764,632724.0
chr7,99041796,99041841,632647.0
chr7,99086990,99087039,587449.0
chr7,99087304,99087319,587169.0
chr7,99142006,99142043,532445.0
chr7,99311315,99311408,363080.0
chr7,99449196,99449220,225268.0
chr7,99449304,99449330,225158.0
chr7,99828235,99828257,34738.0
chr7,99833883,99833912,29083.0
chr7,99856370,99856392,6603.0
chr7,99859241,99859255,3740.0
chr7,99981615,99981669,91911.0
chr7,100227455,100227469,337751.0
chr7,100234392,100234411,344688.0
chr7,100496144,100496160,598714.0
chr7,100699758,100699774,395100.0
chr7,100876078,100876097,218777.0
chr7,101060668,101060696,34178.0
chr7,101060794,101060823,34051.0
chr7,101079989,101080015,14859.0
chr7,101080034,101080058,14816.0
chr7,101080148,101080162,14712.0
chr7,101080185,101080202,14672.0
chr7,101080228,101080244,14630.0
chr7,101113670,101113705,18778.0
chr7,101214034,101214066,119142.0
chr7,101214162,101214184,119270.0
chr7,101288566,101288621,193674.0
chr7,101288730,101288749,193838.0
chr7,101466709,101466726,133846.0
chr7,101478190,101478212,122360.0
chr7,101538597,101538636,61936.0
chr7,101540660,101540686,59886.0
chr7,101540836,101540858,59714.0
chr7,101548003,101548019,52553.0
chr7,101550870,101550889,49683.0
chr7,101550894,101550999,49573.0
chr7,101735404,101735441,133951.0
chr7,101905530,101905546,9189.0
chr7,101926038,101926057,29697.0
chr7,101934442,101934464,38101.0
chr7,101970378,101970394,74037.0
chr7,101970864,101970901,74523.0
chr7,102076966,102076982,180625.0
chr7,102076985,102077013,180644.0
chr7,102251044,102251066,33147.0
chr7,102251086,102251100,33113.0
chr7,102251127,102251162,33051.0
chr7,102251160,102251183,33030.0
chr7,102266238,102266253,17960.0
chr7,102266410,102266432,17781.0
chr7,102266450,102266477,17736.0
chr7,102267043,102267057,17156.0
chr7,102337875,102337922,15078.0
chr7,102338017,102338036,15220.0
chr7,102338215,102338260,15418.0
chr7,102338270,102338289,15473.0
chr7,102441544,102441566,118747.0
chr7,102686490,102686584,363693.0
chr7,102686642,102686664,363845.0
chr7,102686936,102686951,364139.0
chr7,104287819,104287876,3208.0
chr7,104292159,104292190,1057.0
chr7,104315175,104315206,24073.0
chr7,104352870,104352892,61768.0
chr7,104353039,104353099,61937.0
chr7,104446109,104446142,155007.0
chr7,104446280,104446296,155178.0
chr7,104446365,104446384,155263.0
chr7,105651051,105651065,251763.0
chr7,105811505,105811519,412217.0
chr7,105811524,105811538,412236.0
chr7,106441151,106441170,1041863.0
chr7,106441219,106441258,1041931.0
chr7,106529259,106529285,1129971.0
chr7,106529339,106529399,1130051.0
chr7,106529492,106529508,1130204.0
chr7,106551073,106551087,1151785.0
chr7,106644231,106644257,1244943.0
chr7,106644318,106644333,1245030.0
chr7,106644457,106644479,1245169.0
chr7,106644517,106644537,1245229.0
chr7,106644704,106644735,1245416.0
chr7,106644791,106644834,1245503.0
chr7,106920161,106920187,1520873.0
chr7,107594487,107594521,2195199.0
chr7,108010411,108010433,2611123.0
chr7,108010467,108010499,2611179.0
chr7,108010590,108010609,2611302.0
chr7,108950458,108950478,1685944.0
chr7,109518630,109518646,1117776.0
chr7,109518940,109518965,1117457.0
chr7,109741937,109741984,894438.0
chr7,109951353,109951372,685050.0
chr7,109951639,109951655,684767.0
chr7,109959528,109959576,676846.0
chr7,109986851,109986904,649518.0
chr7,109987054,109987090,649332.0
chr7,110018103,110018117,618305.0
chr7,110109155,110109187,527235.0
chr7,110109338,110109352,527070.0
chr7,110221295,110221325,415097.0
chr7,110242825,110242851,393571.0
chr7,110259213,110259237,377185.0
chr7,110259391,110259426,376996.0
chr7,110844575,110844589,208135.0
chr7,111029237,111029256,392797.0
chr7,111029465,111029485,393025.0
chr7,111122557,111122582,486117.0
chr7,112053738,112053757,126465.0
chr7,112053815,112053831,126391.0
chr7,112053876,112053909,126313.0
chr7,112204283,112204336,24043.0
chr7,112208259,112208297,28019.0
chr7,112208342,112208361,28102.0
chr7,112208645,112208667,28405.0
chr7,112213230,112213244,32990.0
chr7,112213256,112213275,33016.0
chr7,112565908,112565928,385668.0
chr7,112565937,112565963,385697.0
chr7,112566053,112566068,385813.0
chr7,112566138,112566161,385898.0
chr7,113250956,113250975,121585.0
chr7,113263405,113263419,109141.0
chr7,113609303,113609319,236725.0
chr7,114069246,114069282,410644.0
chr7,114069546,114069562,410364.0
chr7,114069576,114069598,410328.0
chr7,114088099,114088121,391805.0
chr7,114088421,114088440,391486.0
chr7,114088501,114088535,391391.0
chr7,114091505,114091549,388377.0
chr7,114093734,114093750,386176.0
chr7,114093789,114093808,386118.0
chr7,114093886,114093908,386018.0
chr7,114093955,114093969,385957.0
chr7,114116023,114116042,363884.0
chr7,114116072,114116097,363829.0
chr7,114116906,114116928,362998.0
chr7,114139606,114139651,340275.0
chr7,114145776,114145822,334104.0
chr7,114145870,114145884,334042.0
chr7,114254949,114254963,224963.0
chr7,114276287,114276303,203623.0
chr7,114276463,114276479,203447.0
chr7,114301710,114301724,178202.0
chr7,114308206,114308233,171693.0
chr7,114317466,114317485,162441.0
chr7,114317816,114317842,162084.0
chr7,115616300,115616315,136806.0
chr7,115838512,115838798,85340.0
chr7,116032757,116032779,279585.0
chr7,116040483,116040555,287311.0
chr7,116328231,116328250,575059.0
chr7,116334758,116334796,581586.0
chr7,116334871,116334894,581699.0
chr7,116409648,116409664,656476.0
chr7,116431083,116431101,677911.0
chr7,116431356,116431382,678184.0
chr7,116459287,116459330,706115.0
chr7,116459473,116459520,706301.0
chr7,116484326,116484345,731154.0
chr7,116505041,116505069,751869.0
chr7,116698384,116698400,788275.0
chr7,117428716,117428738,57937.0
chr7,117429443,117429538,57137.0
chr7,118116233,118116249,181514.0
chr7,118116398,118116422,181341.0
chr7,118116533,118116583,181180.0
chr7,118120031,118120053,177710.0
chr7,118120119,118120138,177625.0
chr7,118259863,118259885,37878.0
chr7,118259901,118259920,37843.0
chr7,118260093,118260107,37656.0
chr7,118277319,118277400,20363.0
chr7,118277450,118277468,20295.0
chr7,118519026,118519042,213929.0
chr7,118740501,118740536,259056.0
chr7,119720977,119720994,520400.0
chr7,119801076,119801090,600499.0
chr7,119801194,119801217,600617.0
chr7,119801244,119801267,600667.0
chr7,119836104,119836123,635527.0
chr7,119836357,119836380,635780.0
chr7,119861722,119861749,661145.0
chr7,120835260,120835297,83334.0
chr7,120835355,120835392,83239.0
chr7,120835414,120835462,83169.0
chr7,120917386,120917401,1230.0
chr7,120917424,120917447,1184.0
chr7,120917452,120917466,1165.0
chr7,120982392,120982406,63743.0
chr7,121059733,121059770,141084.0
chr7,121059809,121059823,141160.0
chr7,121707665,121707687,317848.0
chr7,121945135,121945157,80378.0
chr7,121945526,121945548,79987.0
chr7,121981797,121981819,43716.0
chr7,121981957,121982012,43523.0
chr7,122242312,122242346,82759.0
chr7,122251546,122251568,91993.0
chr7,122251574,122251590,92021.0
chr7,122287167,122287189,127396.0
chr7,122402344,122402366,12219.0
chr7,122402460,122402474,12111.0
chr7,122932364,122932384,152264.0
chr7,122939381,122939400,145248.0
chr7,122940379,122940406,144242.0
chr7,122970018,122970053,114595.0
chr7,123019743,123019762,64886.0
chr7,123020278,123020310,64338.0
chr7,123123804,123123830,39138.0
chr7,123354912,123354955,270246.0
chr7,123371434,123371456,286768.0
chr7,123371516,123371531,286850.0
chr7,123371544,123371605,286878.0
chr7,123371700,123371714,287034.0
chr7,124538917,124538952,1005105.0
chr7,125190196,125190224,353833.0
chr7,125420317,125420333,123724.0
chr7,125472181,125472196,71861.0
chr7,125487269,125487284,56773.0
chr7,125488866,125488892,55165.0
chr7,125488913,125488935,55122.0
chr7,125489093,125489112,54945.0
chr7,125507176,125507209,36848.0
chr7,125507297,125507370,36687.0
chr7,125507571,125507590,36467.0
chr7,125507640,125507669,36388.0
chr7,125551958,125551977,7883.0
chr7,125580944,125580958,36869.0
chr7,125581293,125581327,37218.0
chr7,125607314,125607328,63239.0
chr7,125634325,125634368,90250.0
chr7,125634480,125634622,90405.0
chr7,126181141,126181160,425401.0
chr7,126182676,126182708,423853.0
chr7,126199630,126199646,406915.0
chr7,126285378,126285394,321167.0
chr7,126330371,126330385,276176.0
chr7,126377757,126377771,228790.0
chr7,126503821,126503840,102721.0
chr7,126649215,126649229,5708.0
chr7,126655718,126655732,12211.0
chr7,126695313,126695327,51806.0
chr7,126794298,126794320,150791.0
chr7,126862062,126862081,218555.0
chr7,126976399,126976428,205452.0
chr7,127031527,127031547,150333.0
chr7,127031551,127031566,150314.0
chr7,127084001,127084015,97865.0
chr7,127084022,127084038,97842.0
chr7,127089452,127089480,92400.0
chr7,127089827,127089841,92039.0
chr7,127089906,127089926,91954.0
chr7,127104616,127104632,77248.0
chr7,127137462,127137515,44365.0
chr7,127144692,127144721,37159.0
chr7,127195869,127195891,13971.0
chr7,127208887,127208913,26989.0
chr7,127228858,127228901,15186.0
chr7,127233027,127233046,11041.0
chr7,127295812,127295861,51707.0
chr7,127295988,127296026,51883.0
chr7,127362597,127362654,118492.0
chr7,127449193,127449209,205088.0
chr7,127572834,127572862,328729.0
chr7,127573406,127573432,329301.0
chr7,127841294,127841324,292761.0
chr7,127876766,127876799,257286.0
chr7,127895857,127895890,238195.0
chr7,127912389,127912404,221681.0
chr7,127922800,127922814,211271.0
chr7,128374411,128374443,240308.0
chr7,128384181,128384219,249271.0
chr7,128417447,128417466,216024.0
chr7,128497957,128497998,135492.0
chr7,128744646,128744680,111138.0
chr7,128758917,128758933,125409.0
chr7,130693652,130693674,19489.0
chr7,130801880,130801899,127717.0
chr7,132287032,132287070,498262.0
chr7,132317363,132317382,467950.0
chr7,132639000,132639027,146305.0
chr7,132639230,132639254,146078.0
chr7,132649789,132649803,135529.0
chr7,132686473,132686495,98837.0
chr7,132686553,132686585,98747.0
chr7,132765191,132765213,20119.0
chr7,132773037,132773059,12273.0
chr7,132773184,132773206,12126.0
chr7,132795271,132795290,9838.0
chr7,132898485,132898522,113052.0
chr7,133585219,133585243,130683.0
chr7,133636952,133636974,182416.0
chr7,133636979,133637023,182443.0
chr7,135542609,135542629,22134.0
chr7,135542758,135542773,22283.0
chr7,135647451,135647467,126976.0
chr7,135652117,135652135,131642.0
chr7,139233620,139233653,845193.0
chr7,139233751,139233767,845079.0
chr7,139648307,139648329,430517.0
chr7,139905798,139905814,173032.0
chr7,139905818,139905834,173012.0
chr7,139978707,139978726,100120.0
chr7,141048974,141048998,129242.0
chr7,141049027,141049042,129198.0
chr7,141059016,141059038,119202.0
chr7,141059037,141059059,119181.0
chr7,141072347,141072366,105874.0
chr7,141072369,141072383,105857.0
chr7,141072381,141072411,105829.0
chr7,141344963,141344999,166705.0
chr7,141345143,141345200,166885.0
chr7,141392129,141392153,213871.0
chr7,142057096,142057111,296795.0
chr7,142284349,142284363,69543.0
chr7,142284549,142284563,69343.0
chr7,142351956,142351985,1921.0
chr7,142460633,142460710,106709.0
chr7,142460730,142460752,106806.0
chr7,142919586,142919608,124728.0
chr7,143008876,143008896,214018.0
chr7,143546774,143546790,102606.0
chr7,143548309,143548324,101072.0
chr7,143624821,143624866,24530.0
chr7,143625277,143625300,24096.0
chr7,143706799,143706821,57385.0
chr7,143712801,143712827,63387.0
chr7,143712929,143712956,63515.0
chr7,144447208,144447227,766489.0
chr7,144554179,144554193,659523.0
chr7,144560731,144560753,652963.0
chr7,144907794,144907845,305871.0
chr7,144907849,144907889,305827.0
chr7,144915104,144915128,298588.0
chr8,3353425,3353439,182912.0
chr8,3355726,3355745,185213.0
chr8,3356034,3356068,185521.0
chr8,3500323,3500338,329810.0
chr8,3556299,3556325,385786.0
chr8,3556345,3556371,385832.0
chr8,3803044,3803090,632531.0
chr8,4140243,4140262,969730.0
chr8,4238578,4238608,1068065.0
chr8,4313448,4313467,1142935.0
chr8,4313648,4313662,1143135.0
chr8,4313995,4314009,1143482.0
chr8,4413452,4413482,1242939.0
chr8,4413596,4413633,1243083.0
chr8,4507754,4507790,1337241.0
chr8,4507849,4507864,1337336.0
chr8,4507865,4507879,1337352.0
chr8,4678122,4678138,1186121.0
chr8,4678141,4678163,1186096.0
chr8,4806936,4806968,1057291.0
chr8,6477017,6477039,612740.0
chr8,6572384,6572399,704800.0
chr8,7356004,7356023,78674.0
chr8,10946384,10946403,3033861.0
chr8,11008337,11008377,2971887.0
chr8,11008955,11008974,2971290.0
chr8,11430760,11430776,2549488.0
chr8,11430798,11430829,2549435.0
chr8,11636236,11636284,2343980.0
chr8,13132197,13132229,848035.0
chr8,13132477,13132491,847773.0
chr8,13132587,13132603,847661.0
chr8,13213696,13213718,766546.0
chr8,13594886,13594908,385356.0
chr8,13595358,13595393,384871.0
chr8,13601111,13601130,379134.0
chr8,13601214,13601242,379022.0
chr8,13601258,13601286,378978.0
chr8,13601300,13601327,378937.0
chr8,13601369,13601395,378869.0
chr8,13601797,13601819,378445.0
chr8,13630799,13630825,349439.0
chr8,13649040,13649060,331204.0
chr8,13649317,13649348,330916.0
chr8,13649382,13649424,330840.0
chr8,13676406,13676425,303839.0
chr8,13713132,13713147,267117.0
chr8,13869482,13869560,110704.0
chr8,13907603,13907630,72634.0
chr8,13964801,13964825,15439.0
chr8,13974088,13974136,6128.0
chr8,13986849,13986887,6566.0
chr8,13986974,13986996,6691.0
chr8,13987280,13987316,6997.0
chr8,14012233,14012269,2446.0
chr8,14012409,14012429,2622.0
chr8,14897453,14897497,57093.0
chr8,14897510,14897529,57061.0
chr8,14961239,14961266,6631.0
chr8,14961486,14961500,6878.0
chr8,14961667,14961683,7059.0
chr8,14961808,14961822,7200.0
chr8,14968098,14968122,13490.0
chr8,14968145,14968167,13537.0
chr8,14996521,14996561,41913.0
chr8,15018696,15018715,64088.0
chr8,15018800,15018819,64192.0
chr8,15018889,15018903,64281.0
chr8,15027076,15027126,72468.0
chr8,15043102,15043118,88494.0
chr8,15043130,15043145,88522.0
chr8,15043146,15043165,88538.0
chr8,18594922,18594955,68374.0
chr8,18594965,18595000,68417.0
chr8,18747964,18747992,221416.0
chr8,18858837,18858874,332289.0
chr8,18936280,18936306,409732.0
chr8,19161768,19161791,635220.0
chr8,19161817,19161868,635269.0
chr8,21988142,21988157,135985.0
chr8,21988251,21988270,135872.0
chr8,21988278,21988311,135831.0
chr8,21988320,21988352,135790.0
chr8,22192540,22192595,68380.0
chr8,22192660,22192675,68500.0
chr8,22193645,22193667,69485.0
chr8,22476924,22476950,303628.0
chr8,22712483,22712505,68073.0
chr8,22724378,22724404,56174.0
chr8,22806642,22806676,26046.0
chr8,22807785,22807799,27189.0
chr8,22808699,22808736,28103.0
chr8,22838936,22838955,58340.0
chr8,22838965,22838987,58369.0
chr8,23238034,23238049,457438.0
chr8,23255894,23255932,475298.0
chr8,25102184,25102203,738055.0
chr8,25201887,25201914,747028.0
chr8,25535606,25535620,413322.0
chr8,25575349,25575420,373522.0
chr8,25575492,25575514,373428.0
chr8,25575518,25575533,373409.0
chr8,25618105,25618121,330821.0
chr8,25625140,25625162,323780.0
chr8,25625327,25625341,323601.0
chr8,25625766,25625795,323147.0
chr8,25625812,25625834,323108.0
chr8,25627726,25627748,321194.0
chr8,25632631,25632668,316274.0
chr8,25632686,25632708,316234.0
chr8,25632880,25632927,316015.0
chr8,25653731,25653792,295150.0
chr8,25754756,25754806,194136.0
chr8,25840910,25840925,108017.0
chr8,25841144,25841172,107770.0
chr8,26015807,26015838,66847.0
chr8,26015844,26015874,66884.0
chr8,26715040,26715062,307304.0
chr8,26715166,26715188,307178.0
chr8,27023740,27023779,1356.0
chr8,27159247,27159290,30350.0
chr8,27253803,27253853,124906.0
chr8,27253971,27254036,125074.0
chr8,27254063,27254083,125166.0
chr8,28307034,28307065,1178137.0
chr8,28527382,28527613,1398485.0
chr8,29463162,29463254,1508294.0
chr8,31150406,31150441,178840.0
chr8,31240229,31240244,268663.0
chr8,31396163,31396178,361130.0
chr8,31396272,31396291,361017.0
chr8,31396299,31396332,360976.0
chr8,31396341,31396373,360935.0
chr8,33601940,33601972,109752.0
chr8,33602207,33602247,110019.0
chr8,33763447,33763481,271259.0
chr8,33902741,33902768,410553.0
chr8,33902874,33902898,410686.0
chr8,34045960,34045982,553772.0
chr8,34046855,34046885,554667.0
chr8,34047051,34047065,554863.0
chr8,34047398,34047419,555210.0
chr8,34083582,34083609,591394.0
chr8,34108600,34108636,616412.0
chr8,34145194,34145210,587044.0
chr8,34146107,34146121,586133.0
chr8,34146207,34146223,586031.0
chr8,34146267,34146292,585962.0
chr8,34149528,34149562,582692.0
chr8,34149592,34149636,582618.0
chr8,34155074,34155089,577165.0
chr8,34163628,34163660,568594.0
chr8,34163723,34163738,568516.0
chr8,34164445,34164467,567787.0
chr8,34164492,34164507,567747.0
chr8,34216025,34216047,516207.0
chr8,34216538,34216560,515694.0
chr8,34276079,34276109,456145.0
chr8,34276316,34276339,455915.0
chr8,34622837,34622859,109395.0
chr8,34623086,34623112,109142.0
chr8,34659872,34659903,72351.0
chr8,34671716,34671731,60523.0
chr8,34671809,34671829,60425.0
chr8,34689068,34689094,43160.0
chr8,34740261,34740277,7989.0
chr8,34740277,34740313,8005.0
chr8,34740472,34740494,8200.0
chr8,34755866,34755880,23594.0
chr8,34756398,34756417,24126.0
chr8,34808323,34808345,7932.0
chr8,34808414,34808430,7847.0
chr8,34939043,34939077,122747.0
chr8,35145207,35145221,21570.0
chr8,35321589,35321604,197952.0
chr8,35321711,35321733,198074.0
chr8,35430989,35431008,307352.0
chr8,35431142,35431166,307505.0
chr8,35431221,35431300,307584.0
chr8,35597074,35597093,473437.0
chr8,35597434,35597468,473797.0
chr8,35597509,35597532,473872.0
chr8,35634439,35634468,510802.0
chr8,35634733,35634791,511096.0
chr8,35678982,35678998,555345.0
chr8,35679101,35679123,555464.0
chr8,35679128,35679143,555491.0
chr8,35679192,35679237,555555.0
chr8,35679379,35679444,555742.0
chr8,35992086,35992100,868449.0
chr8,36150514,36150528,1026877.0
chr8,36150750,36150764,1027113.0
chr8,36158874,36158893,1035237.0
chr8,36168586,36168612,1044949.0
chr8,36168824,36168862,1045187.0
chr8,36168937,36168952,1045300.0
chr8,36169002,36169018,1045365.0
chr8,40075572,40075609,51236.0
chr8,40609836,40609860,166511.0
chr8,40953251,40953266,90314.0
chr8,43319447,43319477,2275849.0
chr8,43319497,43319519,2275899.0
chr8,43590085,43590104,2546487.0
chr8,43618352,43618380,2574754.0
chr8,45332959,45332981,1218710.0
chr8,45934530,45934549,617142.0
chr8,46163268,46163283,388408.0
chr8,46617410,46617428,65701.0
chr8,46686515,46686529,134806.0
chr8,46739757,46739776,188048.0
chr8,46739866,46739888,188157.0
chr8,46755846,46755865,204137.0
chr8,46755995,46756074,204286.0
chr8,46756212,46756231,204503.0
chr8,46845218,46845242,293509.0
chr8,46859739,46859758,308030.0
chr8,46859760,46859782,308051.0
chr8,46941234,46941248,389525.0
chr8,46941435,46941449,389726.0
chr8,46941641,46941661,389932.0
chr8,46941798,46941855,390089.0
chr8,46943534,46943590,391825.0
chr8,47533420,47533442,981711.0
chr8,47673844,47673866,1122135.0
chr8,47676147,47676175,1124438.0
chr8,47692968,47693026,1141259.0
chr8,47693062,47693082,1141353.0
chr8,47693209,47693248,1141500.0
chr8,47693259,47693278,1141550.0
chr8,47693404,47693424,1141695.0
chr8,47713887,47713909,1162178.0
chr8,49135047,49135063,1772980.0
chr8,49135162,49135178,1772865.0
chr8,51225874,51225934,190446.0
chr8,52442499,52442527,701672.0
chr8,52720407,52720429,423770.0
chr8,52720579,52720595,423604.0
chr8,52720608,52720622,423577.0
chr8,53511595,53511620,367378.0
chr8,55602895,55602909,129904.0
chr8,56582912,56582963,32019.0
chr8,56616385,56616399,65492.0
chr8,56616394,56616422,65501.0
chr8,57427568,57427648,92683.0
chr8,57427725,57427739,92592.0
chr8,57427943,57427957,92374.0
chr8,57428038,57428060,92271.0
chr8,57576223,57576245,55874.0
chr8,57612067,57612125,91718.0
chr8,57800000,57800028,279651.0
chr8,60602947,60602965,844401.0
chr8,60602999,60603014,844352.0
chr8,60603740,60603762,843604.0
chr8,60603773,60603799,843567.0
chr8,60604220,60604239,843127.0
chr8,60983711,60983739,463627.0
chr8,61001685,61001700,445666.0
chr8,61270169,61270183,177183.0
chr8,61270201,61270220,177146.0
chr8,61270397,61270416,176950.0
chr8,61283482,61283525,163841.0
chr8,61283555,61283588,163778.0
chr8,61606645,61606661,18822.0
chr8,61607123,61607142,19300.0
chr8,61928167,61928183,340344.0
chr8,63779574,63779628,214128.0
chr8,64447619,64447651,100816.0
chr8,64447660,64447693,100774.0
chr8,64447701,64447728,100739.0
chr8,64447751,64447770,100697.0
chr8,64447815,64447830,100637.0
chr8,64611676,64611690,63191.0
chr8,64805271,64805321,34044.0
chr8,64805432,64805460,34205.0
chr8,64826400,64826414,55173.0
chr8,64826496,64826512,55269.0
chr8,64946915,64946937,117600.0
chr8,67798375,67798390,109152.0
chr8,68336848,68336882,647625.0
chr8,68793297,68793325,1104074.0
chr8,68793387,68793464,1104164.0
chr8,69118940,69118968,1429717.0
chr8,69119084,69119103,1429861.0
chr8,69119152,69119174,1429929.0
chr8,69188847,69188895,1499624.0
chr8,69716904,69716926,1035283.0
chr8,69749484,69749505,1002704.0
chr8,69952906,69952944,799265.0
chr8,69953000,69953032,799177.0
chr8,69997279,69997305,754904.0
chr8,70037005,70037019,715190.0
chr8,70172209,70172243,579966.0
chr8,70506809,70506854,245355.0
chr8,70538958,70538984,213225.0
chr8,70611117,70611132,141077.0
chr8,70611335,70611372,140837.0
chr8,70653302,70653330,98879.0
chr8,70653331,70653345,98864.0
chr8,70653474,70653500,98709.0
chr8,70653597,70653616,98593.0
chr8,70673012,70673050,79159.0
chr8,70700516,70700549,51660.0
chr8,70720842,70720872,31337.0
chr8,70761083,70761102,8855.0
chr8,70763372,70763421,11144.0
chr8,70763429,70763454,11201.0
chr8,70777030,70777046,24802.0
chr8,70777408,70777424,25180.0
chr8,70840083,70840103,87855.0
chr8,70866003,70866025,113775.0
chr8,70897788,70897804,145560.0
chr8,71486136,71486162,213527.0
chr8,71561588,71561616,288979.0
chr8,71591941,71591957,316783.0
chr8,71672049,71672086,236654.0
chr8,71731815,71731829,176911.0
chr8,71731960,71731979,176761.0
chr8,72037092,72037107,128334.0
chr8,72136754,72136776,154528.0
chr8,72160538,72160588,130716.0
chr8,72163162,72163190,128114.0
chr8,72239762,72239811,51493.0
chr8,72272852,72272913,18391.0
chr8,72279542,72279561,11743.0
chr8,72303508,72303552,12186.0
chr8,72303618,72303647,12296.0
chr8,72303667,72303693,12345.0
chr8,72331079,72331098,39757.0
chr8,72331132,72331154,39810.0
chr8,72331233,72331255,39911.0
chr8,72343761,72343806,52439.0
chr8,72344019,72344078,52697.0
chr8,72350762,72350800,59440.0
chr8,72351029,72351043,59707.0
chr8,72351077,72351091,59755.0
chr8,72365131,72365173,73809.0
chr8,72590211,72590226,298889.0
chr8,74382310,74382329,2090988.0
chr8,74382417,74382454,2091095.0
chr8,74382537,74382559,2091215.0
chr8,74401890,74401904,2110568.0
chr8,74993481,74993497,2215704.0
chr8,75108621,75108640,2100561.0
chr8,75440657,75440671,1768530.0
chr8,75586782,75586797,1622404.0
chr8,75586842,75586861,1622340.0
chr8,75586891,75586910,1622291.0
chr8,75586918,75586949,1622252.0
chr8,75586959,75586991,1622210.0
chr8,75856395,75856414,1352787.0
chr8,77221067,77221089,11847.0
chr8,77422980,77422999,213760.0
chr8,77451826,77451840,242606.0
chr8,77503237,77503260,294017.0
chr8,77503268,77503294,294048.0
chr8,77630250,77630272,421030.0
chr8,77630391,77630418,421171.0
chr8,78509532,78509563,1300312.0
chr8,78821312,78821334,1612092.0
chr8,79639386,79639400,853446.0
chr8,80584842,80584864,91978.0
chr8,80584889,80584911,92025.0
chr8,80584957,80584979,92093.0
chr8,80584994,80585016,92130.0
chr8,80585049,80585071,92185.0
chr8,80740028,80740044,247164.0
chr8,81011862,81011876,518998.0
chr8,81011888,81011938,519024.0
chr8,81012074,81012096,519210.0
chr8,81012316,81012332,519452.0
chr8,81012373,81012389,519509.0
chr8,81012452,81012474,519588.0
chr8,81075422,81075447,543708.0
chr8,81075574,81075611,543544.0
chr8,81479010,81479026,140129.0
chr8,81479065,81479079,140076.0
chr8,81479178,81479213,139942.0
chr8,81491917,81491948,127207.0
chr8,81492020,81492050,127105.0
chr8,81492189,81492203,126952.0
chr8,81497644,81497670,121485.0
chr8,81503250,81503272,115883.0
chr8,81503321,81503354,115801.0
chr8,81517121,81517145,102010.0
chr8,81558893,81558912,60243.0
chr8,81559111,81559133,60022.0
chr8,81572820,81572857,46298.0
chr8,81611006,81611025,8130.0
chr8,81636296,81636318,13023.0
chr8,81636345,81636364,12977.0
chr8,81636565,81636581,12760.0
chr8,81636911,81636939,12402.0
chr8,81692334,81692353,3285.0
chr8,81692459,81692473,3410.0
chr8,81692485,81692507,3436.0
chr8,81695012,81695031,5963.0
chr8,81702341,81702355,13292.0
chr8,81702467,81702481,13418.0
chr8,81703592,81703608,14543.0
chr8,81703900,81703920,14851.0
chr8,81703939,81703953,14890.0
chr8,81703961,81703980,14912.0
chr8,81717497,81717512,25428.0
chr8,81717525,81717547,25393.0
chr8,81717604,81717618,25322.0
chr8,81757403,81757419,14445.0
chr8,81766157,81766179,23199.0
chr8,81766202,81766216,23244.0
chr8,81766404,81766420,23446.0
chr8,81766499,81766515,23541.0
chr8,81768032,81768077,25074.0
chr8,81768485,81768507,25527.0
chr8,81782720,81782742,39762.0
chr8,81783259,81783285,40301.0
chr8,81792697,81792711,49739.0
chr8,81792997,81793019,50039.0
chr8,81823745,81823767,80787.0
chr8,81823895,81823910,80937.0
chr8,81824232,81824247,81274.0
chr8,81824469,81824504,81511.0
chr8,81840824,81840838,97866.0
chr8,81840908,81840926,97950.0
chr8,81841020,81841034,98062.0
chr8,81871706,81871739,128748.0
chr8,81881686,81881702,130148.0
chr8,82759229,82759244,382267.0
chr8,82774328,82774342,367169.0
chr8,82774361,82774383,367128.0
chr8,82774493,82774523,366988.0
chr8,82774955,82774979,366532.0
chr8,83332325,83332351,95361.0
chr8,83594722,83594736,166992.0
chr8,83600028,83600054,172298.0
chr8,83742297,83742337,314567.0
chr8,83742607,83742639,314877.0
chr8,83773638,83773671,300092.0
chr8,83773753,83773796,299967.0
chr8,83899110,83899124,174639.0
chr8,83899314,83899363,174400.0
chr8,84066906,84066928,6835.0
chr8,84106922,84106972,33141.0
chr8,84127443,84127471,53662.0
chr8,84128368,84128388,54587.0
chr8,84148140,84148162,74359.0
chr8,84197484,84197500,123703.0
chr8,84249917,84249938,176136.0
chr8,84270636,84270655,196855.0
chr8,84270782,84270798,197001.0
chr8,84639191,84639228,67323.0
chr8,84639752,84639766,66785.0
chr8,84639774,84639805,66746.0
chr8,84639966,84639989,66562.0
chr8,84857050,84857065,130982.0
chr8,84893946,84893962,167878.0
chr8,84975937,84975959,249869.0
chr8,84975967,84975994,249899.0
chr8,84978939,84978955,252871.0
chr8,85036860,85036877,310792.0
chr8,85036880,85036895,310812.0
chr8,85083433,85083455,357365.0
chr8,85409501,85409529,639246.0
chr8,85624617,85624631,424144.0
chr8,86052108,86052127,3314.0
chr8,86052152,86052183,3358.0
chr8,86585758,86585774,122044.0
chr8,86686966,86686980,20838.0
chr8,86870791,86870813,162954.0
chr8,86870912,86870931,163075.0
chr8,86888243,86888258,180406.0
chr8,88200177,88200208,1492340.0
chr8,88266092,88266111,1558255.0
chr8,88297849,88297871,1590012.0
chr8,88362387,88362413,1654550.0
chr8,88619781,88619818,1911944.0
chr8,88619818,88619834,1911981.0
chr8,88668468,88668488,1907009.0
chr8,88691858,88691900,1883597.0
chr8,88692274,88692296,1883201.0
chr8,90795557,90795583,220041.0
chr8,90795822,90795844,220306.0
chr8,90887152,90887174,195458.0
chr8,90887194,90887240,195392.0
chr8,90887427,90887449,195183.0
chr8,91070660,91070679,11953.0
chr8,91070995,91071017,11615.0
chr8,91077437,91077451,5181.0
chr8,91077521,91077540,5092.0
chr8,91255229,91255283,172579.0
chr8,91255307,91255380,172657.0
chr8,91312838,91312901,230188.0
chr8,91312944,91312958,230294.0
chr8,93580104,93580137,216448.0
chr8,93718437,93718451,354781.0
chr8,94354682,94354702,58619.0
chr8,94363584,94363606,49715.0
chr8,94400193,94400207,13114.0
chr8,94400278,94400333,12988.0
chr8,94454105,94454121,24227.0
chr8,94454183,94454198,24150.0
chr8,94458669,94458685,19663.0
chr8,94458772,94458794,19554.0
chr8,94601577,94601604,53057.0
chr8,94633781,94633803,20858.0
chr8,94667299,94667324,12620.0
chr8,94667343,94667357,12664.0
chr8,94703248,94703293,48569.0
chr8,94703300,94703314,48621.0
chr8,94956430,94956452,301751.0
chr8,94956514,94956541,301835.0
chr8,94956585,94956616,301906.0
chr8,95245203,95245217,590524.0
chr8,95245224,95245246,590545.0
chr8,95807853,95807872,345388.0
chr8,96419973,96420010,203020.0
chr8,96420026,96420048,203073.0
chr8,101878975,101878994,532962.0
chr8,104219310,104219340,985375.0
chr8,104219387,104219403,985312.0
chr8,104239517,104239536,965179.0
chr8,104239578,104239600,965115.0
chr8,104249259,104249273,955442.0
chr8,104249274,104249300,955415.0
chr8,104249336,104249352,955363.0
chr8,104564916,104564930,639785.0
chr8,104565202,104565237,639478.0
chr8,105121343,105121440,83275.0
chr8,105170847,105170861,33854.0
chr8,105225177,105225192,20443.0
chr8,105289341,105289360,22509.0
chr8,105297514,105297538,30682.0
chr8,105623321,105623343,356489.0
chr8,105708186,105708208,299287.0
chr8,105745961,105746040,261455.0
chr8,105746468,105746504,260991.0
chr8,105810167,105810234,197261.0
chr8,105810241,105810267,197228.0
chr8,105855670,105855709,151786.0
chr8,105899972,105899998,107497.0
chr8,105900043,105900069,107426.0
chr8,105900097,105900111,107384.0
chr8,105992762,105992788,14707.0
chr8,105992805,105992831,14664.0
chr8,106053027,106053052,45514.0
chr8,106054319,106054335,46806.0
chr8,106128779,106128801,20247.0
chr8,106129288,106129307,20756.0
chr8,106129505,106129522,20973.0
chr8,106129934,106129968,21402.0
chr8,106169293,106169320,60761.0
chr8,106337778,106337805,229246.0
chr8,106415159,106415183,306627.0
chr8,106683411,106683425,435535.0
chr8,106687520,106687611,431349.0
chr8,106687633,106687649,431311.0
chr8,107095901,107095923,23037.0
chr8,107114422,107114457,4503.0
chr8,107324214,107324228,205236.0
chr8,107588600,107588656,469622.0
chr8,107603148,107603162,484170.0
chr8,108827482,108827501,949648.0
chr8,108827556,108827580,949569.0
chr8,110902634,110902693,1125467.0
chr8,110902706,110902750,1125539.0
chr8,110939383,110939398,1162216.0
chr8,110997931,110997947,1220764.0
chr8,111258954,111258972,1481787.0
chr8,111299432,111299446,1522265.0
chr8,111343549,111343568,1566382.0
chr8,111527374,111527388,1750207.0
chr8,111562599,111562625,1785432.0
chr8,111563772,111563800,1786605.0
chr8,111570791,111570870,1793624.0
chr8,111571883,111571899,1794716.0
chr8,111572122,111572144,1794955.0
chr8,111582379,111582413,1805212.0
chr8,111582453,111582479,1805286.0
chr8,111594517,111594543,1817350.0
chr8,111594576,111594592,1817409.0
chr8,111644077,111644108,1866910.0
chr8,111644119,111644141,1866952.0
chr8,111644444,111644468,1867277.0
chr8,111644518,111644540,1867351.0
chr8,111821278,111821309,1693810.0
chr8,111821318,111821347,1693772.0
chr8,111821492,111821511,1693608.0
chr8,111940753,111940768,1574351.0
chr8,111976619,111976641,1538478.0
chr8,112061319,112061337,1453782.0
chr8,112061523,112061537,1453582.0
chr8,112986044,112986062,529057.0
chr8,112986194,112986216,528903.0
chr8,114133094,114133145,306811.0
chr8,114438208,114438222,1734.0
chr8,114438287,114438349,1607.0
chr8,114453075,114453115,13101.0
chr8,114789700,114789719,349726.0
chr8,114789835,114789857,349861.0
chr8,114801769,114801797,361795.0
chr8,114815408,114815422,375434.0
chr8,114869304,114869323,429330.0
chr8,114869344,114869364,429370.0
chr8,114881057,114881079,441083.0
chr8,114973122,114973137,533148.0
chr8,115045218,115045256,605244.0
chr8,115064820,115064863,624846.0
chr8,115159894,115159913,719920.0
chr8,115190053,115190072,750079.0
chr8,115190239,115190253,750265.0
chr8,115190327,115190372,750353.0
chr8,115397956,115397975,957982.0
chr8,115707469,115707501,880391.0
chr8,115707634,115707701,880191.0
chr8,115708271,115708287,879605.0
chr8,115726801,115726860,861032.0
chr8,115727158,115727185,860707.0
chr8,116504444,116504481,83411.0
chr8,116555750,116555767,32125.0
chr8,116635914,116635930,48004.0
chr8,116732955,116732975,145045.0
chr8,116921577,116921592,227486.0
chr8,116922045,116922059,227019.0
chr8,117262968,117262984,4465.0
chr8,117474896,117474940,73588.0
chr8,119423944,119423963,135152.0
chr8,119424111,119424138,134977.0
chr8,119570043,119570065,10910.0
chr8,119570109,119570128,10976.0
chr8,119586388,119586462,27255.0
chr8,119605391,119605407,46258.0
chr8,119812044,119812066,85830.0
chr8,119838580,119838596,59300.0
chr8,119838765,119838809,59087.0
chr8,119895898,119895937,1959.0
chr8,119895957,119895979,1917.0
chr8,119910427,119910444,12512.0
chr8,119910446,119910461,12531.0
chr8,119948659,119948673,50744.0
chr8,120544598,120544621,110417.0
chr8,120544624,120544643,110443.0
chr8,120599826,120599852,165645.0
chr8,120599854,120599876,165673.0
chr8,120618340,120618362,184159.0
chr8,120724099,120724168,289918.0
chr8,120736509,120736578,302328.0
chr8,121579374,121579396,370467.0
chr8,121585167,121585218,364645.0
chr8,121585445,121585461,364402.0
chr8,121585670,121585689,364174.0
chr8,121590970,121590996,358867.0
chr8,122769535,122769549,148503.0
chr8,122924326,122924348,6255.0
chr8,122937734,122937753,19663.0
chr8,122938536,122938579,20465.0
chr8,122938752,122938774,20681.0
chr8,122953063,122953077,8283.0
chr8,122970215,122970237,8837.0
chr8,122970280,122970302,8902.0
chr8,122986822,122986880,25444.0
chr8,122987049,122987063,25671.0
chr8,122987106,122987137,25728.0
chr8,123000409,123000426,25725.0
chr8,123000581,123000597,25554.0
chr8,123000680,123000726,25425.0
chr8,123015496,123015522,10629.0
chr8,123027794,123027841,1625.0
chr8,123027855,123027882,1686.0
chr8,123034317,123034332,8148.0
chr8,123034457,123034476,8288.0
chr8,123034482,123034519,8313.0
chr8,123052681,123052703,8669.0
chr8,123052784,123052798,8772.0
chr8,123065019,123065051,21007.0
chr8,123065110,123065133,21098.0
chr8,123065259,123065278,21247.0
chr8,123113814,123113847,69802.0
chr8,123113857,123113873,69845.0
chr8,123113904,123113944,69892.0
chr8,123114052,123114067,70040.0
chr8,123162678,123162692,118666.0
chr8,123162716,123162732,118704.0
chr8,123203706,123203722,159694.0
chr8,123319912,123319938,275900.0
chr8,123320016,123320062,276004.0
chr8,123385160,123385195,341148.0
chr8,123416039,123416081,372027.0
chr8,123416161,123416183,372149.0
chr8,123416229,123416294,372217.0
chr8,123859040,123859059,815028.0
chr8,124242420,124242452,1022449.0
chr8,124318038,124318089,946812.0
chr8,124947599,124947669,317232.0
chr8,124947775,124947797,317104.0
chr8,124949703,124949736,315165.0
chr8,124950051,124950065,314836.0
chr8,124950092,124950116,314785.0
chr8,124959716,124959732,305169.0
chr8,125067136,125067150,197751.0
chr8,125067226,125067241,197660.0
chr8,125067518,125067538,197363.0
chr8,125067980,125068002,196899.0
chr8,125559007,125559022,96890.0
chr8,125567938,125567964,105821.0
chr8,125574416,125574435,112299.0
chr8,125667495,125667511,205378.0
chr8,125667535,125667557,205418.0
chr8,126258413,126258443,796296.0
chr8,126585528,126585556,568473.0
chr8,126585586,126585612,568417.0
chr8,126596206,126596228,557801.0
chr8,126596243,126596257,557772.0
chr8,126616158,126616180,537849.0
chr8,126616838,126616860,537169.0
chr8,126627057,126627071,526958.0
chr8,126627173,126627215,526814.0
chr8,126652235,126652254,501775.0
chr8,126663075,126663094,490935.0
chr8,126663127,126663148,490881.0
chr8,126666494,126666508,487521.0
chr8,126666797,126666811,487218.0
chr8,126699473,126699495,454534.0
chr8,126699672,126699686,454343.0
chr8,126757683,126757699,396330.0
chr8,126757709,126757729,396300.0
chr8,126757768,126757788,396241.0
chr8,126758338,126758353,395676.0
chr8,126832534,126832581,321448.0
chr8,126832824,126832846,321183.0
chr8,126832848,126832875,321154.0
chr8,126846730,126846752,307277.0
chr8,126846769,126846789,307240.0
chr8,126848205,126848224,305805.0
chr8,126848303,126848322,305707.0
chr8,126848356,126848402,305627.0
chr8,126854434,126854448,299581.0
chr8,126854482,126854504,299525.0
chr8,126855789,126855803,298226.0
chr8,126856095,126856115,297914.0
chr8,127500248,127500272,338483.0
chr8,127515962,127515978,322777.0
chr8,127966920,127966966,128147.0
chr8,128224906,128224922,248906.0
chr8,128268025,128268041,205787.0
chr8,128504265,128504284,30419.0
chr8,128504309,128504324,30463.0
chr8,128504501,128504528,30655.0
chr8,128526089,128526103,52243.0
chr8,128526146,128526165,52300.0
chr8,128534328,128534342,60482.0
chr8,128534413,128534435,60567.0
chr8,128534547,128534561,60521.0
chr8,128547534,128547554,47528.0
chr8,129234391,129234407,546231.0
chr9,3403685,3403699,4469908.0
chr9,3858641,3858656,4014951.0
chr9,4138908,4138930,3734677.0
chr9,5308648,5308705,2564902.0
chr9,7221591,7221628,651979.0
chr9,7221729,7221745,651862.0
chr9,7221831,7221853,651754.0
chr9,7764867,7764889,108718.0
chr9,7836806,7836839,36768.0
chr9,7838001,7838047,35560.0
chr9,9326682,9326714,1309374.0
chr9,9326886,9326901,1309578.0
chr9,13323277,13323296,26771.0
chr9,13323802,13323821,27296.0
chr9,13443359,13443394,146853.0
chr9,13443426,13443450,146920.0
chr9,13443851,13443875,147345.0
chr9,13444087,13444103,147581.0
chr9,13444111,13444141,147605.0
chr9,13466312,13466340,169806.0
chr9,13466637,13466656,170131.0
chr9,13466710,13466732,170204.0
chr9,13470206,13470220,173700.0
chr9,13484633,13484666,188127.0
chr9,13484810,13484838,188304.0
chr9,13537044,13537066,240538.0
chr9,13561779,13561795,265273.0
chr9,13701821,13701840,405315.0
chr9,13811213,13811235,433217.0
chr9,13811293,13811309,433143.0
chr9,13811342,13811357,433095.0
chr9,13894801,13894820,349632.0
chr9,13919534,13919548,324904.0
chr9,13929646,13929668,314784.0
chr9,13929684,13929706,314746.0
chr9,14010127,14010143,234309.0
chr9,14010151,14010167,234285.0
chr9,14010212,14010226,234226.0
chr9,14010243,14010284,234168.0
chr9,14093037,14093064,151388.0
chr9,14262877,14262899,18407.0
chr9,14263077,14263091,18607.0
chr9,14376125,14376145,131655.0
chr9,14499471,14499485,255001.0
chr9,14500532,14500555,256062.0
chr9,14500795,14500821,256325.0
chr9,14765060,14765091,520590.0
chr9,14904242,14904276,659772.0
chr9,15018067,15018094,773597.0
chr9,15045751,15045810,801281.0
chr9,15280078,15280148,738135.0
chr9,15280196,15280226,738057.0
chr9,15550505,15550519,467764.0
chr9,15550696,15550711,467572.0
chr9,15709274,15709308,308975.0
chr9,18412522,18412591,275083.0
chr9,20607719,20607738,1464078.0
chr9,20610132,20610160,1461656.0
chr9,20636651,20636679,1435137.0
chr9,20765451,20765479,1306337.0
chr9,20765639,20765655,1306161.0
chr9,20961531,20961553,1110263.0
chr9,20961562,20961578,1110238.0
chr9,20961588,20961637,1110179.0
chr9,21091549,21091582,980234.0
chr9,21167823,21167853,903963.0
chr9,21172466,21172488,899328.0
chr9,21172528,21172550,899266.0
chr9,21260997,21261038,810778.0
chr9,21288428,21288457,783359.0
chr9,21320516,21320584,751232.0
chr9,21328256,21328296,743520.0
chr9,21367576,21367592,704224.0
chr9,21367633,21367652,704164.0
chr9,21425024,21425046,646770.0
chr9,21450043,21450083,621733.0
chr9,21610272,21610294,461522.0
chr9,21956242,21956290,115526.0
chr9,22085652,22085670,13818.0
chr9,22224990,22225012,153156.0
chr9,22225083,22225097,153249.0
chr9,22467363,22467384,395529.0
chr9,22467563,22467579,395729.0
chr9,22468450,22468485,396616.0
chr9,22640742,22640786,568908.0
chr9,22645902,22645917,574068.0
chr9,22646167,22646182,574333.0
chr9,22650786,22650806,578952.0
chr9,23123536,23123565,1051702.0
chr9,25167758,25167772,24036.0
chr9,25185944,25185964,5844.0
chr9,25196912,25196931,5086.0
chr9,25197095,25197121,5269.0
chr9,25197183,25197199,5357.0
chr9,25252258,25252303,60432.0
chr9,25482418,25482437,290592.0
chr9,25969973,25969995,778147.0
chr9,25970005,25970024,778179.0
chr9,25970028,25970042,778202.0
chr9,25970151,25970170,778325.0
chr9,27756212,27756228,976703.0
chr9,30426806,30426831,500267.0
chr9,31030117,31030131,103001.0
chr9,31254862,31254881,327746.0
chr9,31255008,31255042,327892.0
chr9,31300551,31300592,373435.0
chr9,31300732,31300748,373616.0
chr9,31300922,31300946,373806.0
chr9,31301123,31301150,374007.0
chr9,31772235,31772512,577867.0
chr9,31772575,31772621,577758.0
chr9,32495987,32496012,145590.0
chr9,32496073,32496143,145676.0
chr9,32499895,32499944,149498.0
chr9,32507717,32507749,157320.0
chr9,32541545,32541564,185533.0
chr9,32592081,32592108,134989.0
chr9,32592157,32592184,134913.0
chr9,32592214,32592260,134837.0
chr9,32594136,32594177,132920.0
chr9,32594209,32594268,132829.0
chr9,32615834,32615848,111249.0
chr9,32615972,32615999,111098.0
chr9,32652277,32652301,74796.0
chr9,32661760,32661782,65315.0
chr9,32662007,32662049,65048.0
chr9,32672523,32672556,54541.0
chr9,32692854,32692876,34221.0
chr9,32692923,32692942,34155.0
chr9,32693006,32693028,34069.0
chr9,32693087,32693102,33995.0
chr9,32703042,32703068,24029.0
chr9,32703082,32703101,23996.0
chr9,32706438,32706456,20641.0
chr9,32706593,32706621,20476.0
chr9,32706683,32706699,20398.0
chr9,32717668,32717682,9415.0
chr9,32717715,32717735,9362.0
chr9,32717876,32717892,9205.0
chr9,32722999,32723026,4071.0
chr9,32747831,32747857,19174.0
chr9,32751626,32751662,22969.0
chr9,32815683,32815698,87026.0
chr9,32901628,32901647,8696.0
chr9,32915961,32915977,5600.0
chr9,32916148,32916180,5787.0
chr9,32916188,32916226,5827.0
chr9,32916255,32916274,5894.0
chr9,32916732,32916746,6371.0
chr9,32916964,32916987,6603.0
chr9,32926347,32926369,2180.0
chr9,32941282,32941296,12714.0
chr9,32941339,32941353,12771.0
chr9,32942040,32942086,13472.0
chr9,32962633,32962664,34065.0
chr9,32962894,32962909,34326.0
chr9,32962981,32963005,34413.0
chr9,33061254,33061270,24887.0
chr9,33061335,33061354,24968.0
chr9,33061470,33061487,25103.0
chr9,33061517,33061533,25150.0
chr9,33080537,33080583,44170.0
chr9,35117956,35117978,347206.0
chr9,35211661,35211686,253498.0
chr9,35267452,35267471,197713.0
chr9,35268047,35268069,197115.0
chr9,35282513,35282532,182652.0
chr9,35282599,35282613,182571.0
chr9,35434023,35434037,31147.0
chr9,35495484,35495503,30282.0
chr9,35495834,35495875,30632.0
chr9,35569644,35569659,104442.0
chr9,36768160,36768176,1302958.0
chr9,37488637,37488663,1317540.0
chr9,37613608,37613657,1192546.0
chr9,40424038,40424052,573230.0
chr9,40424388,40424424,572858.0
chr9,40424708,40424744,572538.0
chr9,40424870,40424916,572366.0
chr9,40456229,40456252,541030.0
chr9,40636106,40636170,361112.0
chr9,40757975,40757991,239291.0
chr9,40784161,40784180,213102.0
chr9,40814110,40814125,183157.0
chr9,40834752,40834774,162508.0
chr9,41073716,41073732,28508.0
chr9,41083712,41083731,38504.0
chr9,41097725,41097848,52517.0
chr9,41097864,41097878,52656.0
chr9,41107379,41107393,62171.0
chr9,41107454,41107469,62246.0
chr9,41107495,41107509,62287.0
chr9,41107601,41107617,62393.0
chr9,41113461,41113486,68253.0
chr9,41118047,41118071,72839.0
chr9,41118137,41118159,72929.0
chr9,41118245,41118264,73037.0
chr9,41118519,41118535,73311.0
chr9,41141454,41141470,96246.0
chr9,41154074,41154131,108866.0
chr9,41154268,41154283,109060.0
chr9,41161021,41161035,115813.0
chr9,41167078,41167097,121870.0
chr9,41182749,41182768,137541.0
chr9,41951244,41951258,81600.0
chr9,42244182,42244256,167718.0
chr9,42244272,42244286,167808.0
chr9,42244408,42244422,167944.0
chr9,42249406,42249437,172942.0
chr9,43545377,43545396,706835.0
chr9,44022074,44022097,623981.0
chr9,44022422,44022438,623640.0
chr9,44029697,44029723,616355.0
chr9,44034333,44034359,611719.0
chr9,44094180,44094214,551864.0
chr9,44130244,44130263,515815.0
chr9,44238543,44238562,407516.0
chr9,44269379,44269427,376651.0
chr9,44515798,44515820,130258.0
chr9,44516210,44516240,129838.0
chr9,44526467,44526481,119597.0
chr9,44526603,44526635,119443.0
chr9,44568215,44568235,77843.0
chr9,44568263,44568295,77783.0
chr9,44568374,44568393,77685.0
chr9,44581534,44581553,64525.0
chr9,44581597,44581622,64456.0
chr9,44773012,44773043,52247.0
chr9,44873899,44873914,113317.0
chr9,44920846,44920872,66359.0
chr9,44954462,44954498,32733.0
chr9,44954598,44954624,32607.0
chr9,44980536,44980564,6667.0
chr9,44981510,44981526,5705.0
chr9,44981534,44981556,5675.0
chr9,45010314,45010342,23065.0
chr9,45015886,45015901,28637.0
chr9,45048653,45048684,61404.0
chr9,45062639,45062660,75390.0
chr9,45062767,45062793,75518.0
chr9,45062797,45062816,75548.0
chr9,45062818,45062860,75569.0
chr9,45116811,45116841,129562.0
chr9,45117147,45117167,129898.0
chr9,45127173,45127195,139924.0
chr9,45137894,45137923,150645.0
chr9,45292079,45292098,129355.0
chr9,45294087,45294102,127351.0
chr9,45294440,45294460,126993.0
chr9,45294631,45294662,126791.0
chr9,45294732,45294754,126699.0
chr9,45828889,45828907,40708.0
chr9,45981466,45981492,111833.0
chr9,46014704,46014726,112359.0
chr9,46014954,46014970,112115.0
chr9,46015087,46015122,111963.0
chr9,46142530,46142585,7709.0
chr9,46142704,46142726,7568.0
chr9,46154776,46154809,4464.0
chr9,46302688,46302711,152376.0
chr9,46302721,46302737,152409.0
chr9,48413189,48413217,2124390.0
chr9,48413282,48413304,2124303.0
chr9,48480951,48480974,2056633.0
chr9,48562581,48562604,1975003.0
chr9,48562764,48562807,1974800.0
chr9,49813068,49813087,724520.0
chr9,49813293,49813315,724292.0
chr9,50324670,50324703,212904.0
chr9,50363221,50363243,174364.0
chr9,50363242,50363264,174343.0
chr9,50463009,50463064,74543.0
chr9,50463154,50463215,74392.0
chr9,50470366,50470388,67219.0
chr9,50548220,50548271,10595.0
chr9,50593928,50593950,56303.0
chr9,50617195,50617211,79570.0
chr9,50617596,50617618,79971.0
chr9,50856271,50856293,156638.0
chr9,50905497,50905519,205864.0
chr9,50922621,50922643,222988.0
chr9,51020338,51020353,193587.0
chr9,51186008,51186037,27903.0
chr9,51766907,51766921,76043.0
chr9,51963045,51963064,120063.0
chr9,53535612,53535634,74923.0
chr9,53667746,53667769,57171.0
chr9,53806969,53806992,196394.0
chr9,53807015,53807037,196440.0
chr9,54586216,54586238,975641.0
chr9,54612523,54612539,1001948.0
chr9,54612679,54612718,1002104.0
chr9,54612708,54612751,1002133.0
chr9,54612810,54612841,1002235.0
chr9,54950528,54950542,1339953.0
chr9,55102179,55102195,1317572.0
chr9,55102312,55102334,1317433.0
chr9,55126419,55126433,1293334.0
chr9,55511463,55511487,908280.0
chr9,55511497,55511513,908254.0
chr9,56152561,56152583,267184.0
chr9,56152826,56152848,266919.0
chr9,56325864,56325907,93860.0
chr9,56325990,56326023,93744.0
chr9,56326055,56326090,93677.0
chr9,56465301,56465317,45516.0
chr9,56498340,56498362,78555.0
chr9,56507130,56507152,87345.0
chr9,56507185,56507208,87400.0
chr9,56927943,56927965,508158.0
chr9,56927973,56928027,508188.0
chr9,56937228,56937253,517443.0
chr9,56951076,56951098,531291.0
chr9,56995286,56995305,575501.0
chr9,57148662,57148684,621144.0
chr9,57339995,57340017,429811.0
chr9,57407274,57407311,362517.0
chr9,57407358,57407374,362454.0
chr9,57520945,57520967,248861.0
chr9,57537342,57537356,232472.0
chr9,57561681,57561695,208133.0
chr9,57585195,57585223,184605.0
chr9,57585263,57585287,184541.0
chr9,57621047,57621084,148744.0
chr9,58112523,58112542,245577.0
chr9,58112762,58112780,245816.0
chr9,58226404,58226426,359458.0
chr9,58253033,58253055,386087.0
chr9,58253791,58253807,386845.0
chr9,58253926,58253967,386980.0
chr9,58271456,58271490,404510.0
chr9,58271495,58271524,404549.0
chr9,59296564,59296580,498802.0
chr9,59338561,59338586,456796.0
chr9,59616906,59616928,178454.0
chr9,59959569,59959604,164169.0
chr9,60717681,60717695,534015.0
chr9,60717767,60717782,533928.0
chr9,60717969,60718001,533709.0
chr9,60819492,60819537,432173.0
chr9,60991841,60991891,259819.0
chr9,61370879,61370896,119151.0
chr9,61370900,61370916,119172.0
chr9,61372499,61372515,120771.0
chr9,61669123,61669151,10391.0
chr9,61681222,61681265,1662.0
chr9,61702743,61702757,23183.0
chr9,61707720,61707746,28160.0
chr9,61708002,61708017,28442.0
chr9,61859594,61859610,55330.0
chr9,61859794,61859813,55127.0
chr9,61947084,61947122,32125.0
chr9,61947133,61947165,32174.0
chr9,61965711,61965755,50752.0
chr9,61983678,61983716,68719.0
chr9,61983722,61983736,68763.0
chr9,61985422,61985453,70463.0
chr9,61985813,61985829,70854.0
chr9,62295292,62295318,73586.0
chr9,62343835,62343877,25027.0
chr9,62344348,62344363,24541.0
chr9,62363979,62363995,4909.0
chr9,62367397,62367419,1485.0
chr9,62440108,62440130,71185.0
chr9,62440150,62440189,71227.0
chr9,62488793,62488809,119870.0
chr9,62977269,62977300,608346.0
chr9,63377532,63377551,496103.0
chr9,63400209,63400223,473431.0
chr9,63400379,63400393,473261.0
chr9,63706523,63706542,167112.0
chr9,63714515,63714578,159076.0
chr9,63714583,63714599,159055.0
chr9,63738107,63738131,135523.0
chr9,63738356,63738375,135279.0
chr9,63740542,63740564,133090.0
chr9,63749331,63749347,124307.0
chr9,63749470,63749492,124162.0
chr9,63758563,63758608,115046.0
chr9,64050084,64050116,176412.0
chr9,64173000,64173014,299328.0
chr9,64173208,64173227,299536.0
chr9,64179163,64179182,305491.0
chr9,64789595,64789617,35251.0
chr9,64789647,64789669,35199.0
chr9,64789837,64789885,34983.0
chr9,64796179,64796229,28639.0
chr9,64796237,64796278,28590.0
chr9,64811840,64811862,13006.0
chr9,65022058,65022090,180254.0
chr9,65196431,65196451,5893.0
chr9,65196845,65196867,5477.0
chr9,65346668,65346687,144305.0
chr9,65434343,65434369,231980.0
chr9,65479466,65479488,277103.0
chr9,65479731,65479761,277368.0
chr9,65523978,65524053,321615.0
chr9,65535583,65535605,333220.0
chr9,65541573,65541595,339210.0
chr9,65580579,65580595,378216.0
chr9,65580876,65580898,378513.0
chr9,65680847,65680869,478484.0
chr9,65681011,65681045,478648.0
chr9,65681092,65681114,478729.0
chr9,66124785,66124803,207463.0
chr9,66126745,66126759,205507.0
chr9,66281592,66281618,50648.0
chr9,66305283,66305309,26957.0
chr9,66503962,66503993,171678.0
chr9,66504107,66504122,171823.0
chr9,66560987,66561009,228703.0
chr9,66593422,66593444,261138.0
chr9,66614993,66615030,282709.0
chr9,66705833,66705847,276571.0
chr9,66706195,66706220,276198.0
chr9,66706283,66706307,276111.0
chr9,66800703,66800725,181693.0
chr9,66873780,66873802,108616.0
chr9,66873929,66873948,108470.0
chr9,66882863,66882882,99536.0
chr9,66887983,66887998,94420.0
chr9,66888242,66888256,94162.0
chr9,66888347,66888386,94032.0
chr9,66898817,66898850,83568.0
chr9,66903522,66903536,78882.0
chr9,66975593,66975612,6806.0
chr9,67799701,67799720,117300.0
chr9,68957271,68957291,77583.0
chr9,69070215,69070246,35323.0
chr9,69073660,69073680,38768.0
chr9,69125312,69125358,90420.0
chr9,69125831,69125847,90939.0
chr9,69296409,69296432,261517.0
chr9,69296452,69296474,261560.0
chr9,69296493,69296557,261601.0
chr9,69297728,69297761,262836.0
chr9,69297826,69297863,262934.0
chr9,69297965,69297981,263073.0
chr9,69298022,69298080,263130.0
chr9,69314481,69314495,279589.0
chr9,69314623,69314645,279731.0
chr9,69314704,69314724,279812.0
chr9,69314752,69314771,279860.0
chr9,69397770,69397786,362878.0
chr9,69398260,69398279,363368.0
chr9,69505698,69505724,445715.0
chr9,69758460,69758474,192965.0
chr9,69758507,69758526,192913.0
chr9,69987753,69987775,36296.0
chr9,70080268,70080287,128811.0
chr9,70244033,70244069,29363.0
chr9,70244112,70244134,29442.0
chr9,70244407,70244442,29737.0
chr9,70543386,70543402,46543.0
chr9,70552211,70552357,55368.0
chr9,70552365,70552381,55522.0
chr9,71874312,71874341,267577.0
chr9,71896249,71896265,289514.0
chr9,71896280,71896295,289545.0
chr9,71896319,71896333,289584.0
chr9,71896552,71896568,289817.0
chr9,72029894,72029913,423159.0
chr9,72092411,72092433,485676.0
chr9,72098065,72098079,491330.0
chr9,72098239,72098261,491504.0
chr9,72381325,72381509,528958.0
chr9,72492422,72492437,418030.0
chr9,72532824,72532852,377615.0
chr9,73039787,73039801,129302.0
chr9,73045747,73045775,135262.0
chr9,73045821,73045840,135336.0
chr9,73045880,73045925,135395.0
chr9,73073420,73073442,162935.0
chr9,73091818,73091832,181333.0
chr9,73827610,73827629,175746.0
chr9,73827738,73827752,175623.0
chr9,73827757,73827776,175599.0
chr9,75434526,75434582,842669.0
chr9,75434773,75434789,842462.0
chr9,75558763,75558783,718468.0
chr9,75645526,75645548,631703.0
chr9,75922164,75922186,355065.0
chr9,77430939,77430975,643187.0
chr9,77431004,77431029,643133.0
chr9,77431089,77431114,643048.0
chr9,77834247,77834269,239893.0
chr9,77834508,77834536,239626.0
chr9,77911696,77911728,162434.0
chr9,77911760,77911784,162378.0
chr9,77911895,77911923,162239.0
chr9,77911957,77911972,162190.0
chr9,77912096,77912116,162046.0
chr9,77917038,77917082,157080.0
chr9,77921759,77921779,152383.0
chr9,77961269,77961291,112871.0
chr9,77961469,77961493,112669.0
chr9,78046957,78046990,27172.0
chr9,78194041,78194056,119860.0
chr9,78222455,78222471,148274.0
chr9,78222563,78222587,148382.0
chr9,78443460,78443511,369279.0
chr9,78527956,78527976,453775.0
chr9,78528138,78528168,453957.0
chr9,79792880,79792902,512742.0
chr9,79795221,79795243,510401.0
chr9,79795280,79795303,510341.0
chr9,79935781,79935807,369837.0
chr9,80164264,80164278,141366.0
chr9,80318134,80318153,12472.0
chr9,82975629,82975645,61425.0
chr9,82975862,82975884,61658.0
chr9,83023674,83023712,109470.0
chr9,83023893,83023907,109689.0
chr9,83441302,83441321,527098.0
chr9,83610171,83610190,492355.0
chr9,83691660,83691699,410846.0
chr9,83833947,83833966,268579.0
chr9,83833975,83834004,268541.0
chr9,83834141,83834160,268385.0
chr9,83834161,83834187,268358.0
chr9,83893457,83893471,209074.0
chr9,83987627,83987649,114896.0
chr9,85120295,85120334,610444.0
chr9,85685114,85685136,45642.0
chr9,85685237,85685266,45512.0
chr9,85685304,85685318,45460.0
chr9,85748356,85748384,17560.0
chr9,86573097,86573116,682192.0
chr9,87021699,87021726,233582.0
chr9,88326107,88326121,2902.0
chr9,88326231,88326287,2736.0
chr9,88357055,88357081,28014.0
chr9,88357088,88357148,28047.0
chr9,88357158,88357178,28117.0
chr9,88357192,88357206,28151.0
chr9,88366362,88366384,37321.0
chr9,88380211,88380233,51170.0
chr9,88380447,88380462,51406.0
chr9,88437917,88437940,108876.0
chr9,88438135,88438155,109094.0
chr9,88438207,88438226,109166.0
chr9,88516885,88516931,187844.0
chr9,88516939,88517026,187898.0
chr9,88956236,88956264,256154.0
chr9,88956584,88956598,255820.0
chr9,89198545,89198573,13845.0
chr9,89198873,89198907,13511.0
chr9,89199237,89199259,13159.0
chr9,89209258,89209280,3138.0
chr9,90098967,90098982,413652.0
chr9,90099263,90099290,413948.0
chr9,90113807,90113831,428492.0
chr9,90114256,90114280,428941.0
chr9,90125929,90125973,440614.0
chr9,90126311,90126327,440996.0
chr9,90126419,90126445,441104.0
chr9,90126490,90126516,441175.0
chr9,90126621,90126640,441306.0
chr9,90126690,90126732,441375.0
chr9,90126748,90126762,441433.0
chr9,90135701,90135764,450386.0
chr9,90251250,90251265,354525.0
chr9,92207547,92207574,703893.0
chr9,92384518,92384538,526929.0
chr9,93085637,93085653,174152.0
chr9,93085722,93085744,174237.0
chr9,93085767,93085828,174282.0
chr9,93085834,93085888,174349.0
chr9,94441330,94441352,1529845.0
chr9,94441459,94441483,1529974.0
chr9,94607163,94607179,1695678.0
chr9,94620491,94620505,1709006.0
chr9,94620590,94620604,1709105.0
chr9,94668668,94668682,1757183.0
chr9,94678283,94678326,1766798.0
chr9,94678495,94678519,1767010.0
chr9,94692052,94692087,1780567.0
chr9,95072641,95072677,1817438.0
chr9,95072765,95072784,1817331.0
chr9,95315504,95315528,1574587.0
chr9,95317165,95317187,1572928.0
chr9,95317286,95317313,1572802.0
chr9,95317439,95317461,1572654.0
chr9,95328356,95328375,1561740.0
chr9,95350862,95350888,1539227.0
chr9,95350962,95350976,1539139.0
chr9,95835089,95835129,1054986.0
chr9,95835386,95835419,1054696.0
chr9,95954816,95954835,935280.0
chr9,96350683,96350720,539395.0
chr9,96350901,96350917,539198.0
chr9,96351119,96351147,538968.0
chr9,96370122,96370141,519974.0
chr9,96376070,96376085,514030.0
chr9,96376184,96376223,513892.0
chr9,96583653,96583675,306440.0
chr9,96618725,96618751,271364.0
chr9,96696104,96696118,193997.0
chr9,96696187,96696209,193906.0
chr9,96696469,96696491,193624.0
chr9,96696538,96696552,193563.0
chr9,96740602,96740621,149494.0
chr9,96787901,96787923,102192.0
chr9,96787998,96788012,102103.0
chr9,96935830,96935860,45697.0
chr9,96935988,96936002,45855.0
chr9,96936087,96936109,45954.0
chr9,96957345,96957371,67212.0
chr9,97110446,97110493,220313.0
chr9,98296392,98296448,36853.0
chr9,98979834,98979853,17304.0
chr9,98980044,98980069,17514.0
chr9,99009455,99009469,46925.0
chr9,99575611,99575638,613081.0
chr9,100460434,100460458,1747.0
chr9,100522361,100522382,60138.0
chr9,100643025,100643040,180802.0
chr9,100693155,100693171,230932.0
chr9,100693300,100693316,231077.0
chr9,101057301,101057315,595078.0
chr9,101057425,101057439,595202.0
chr9,101074710,101074725,612487.0
chr9,101249822,101249850,787599.0
chr9,101251982,101251996,789759.0
chr9,102792392,102792406,2330169.0
chr9,103108580,103108594,2023059.0
chr9,103181446,103181470,1950183.0
chr9,103181502,103181524,1950129.0
chr9,103202179,103202205,1929448.0
chr9,104063184,104063216,1068437.0
chr9,104223237,104223256,908397.0
chr9,104223462,104223484,908169.0
chr9,105617244,105617262,485573.0
chr9,105617270,105617295,485599.0
chr9,105887847,105887863,756176.0
chr9,106160064,106160080,1028393.0
chr9,106176946,106176960,1045275.0
chr9,106176984,106177020,1045313.0
chr9,106177290,106177309,1045619.0
chr9,106177457,106177485,1045786.0
chr9,106177558,106177582,1045887.0
chr9,106203539,106203565,1071868.0
chr9,106215803,106215817,1084132.0
chr9,106215833,106215847,1084162.0
chr9,106215854,106215870,1084183.0
chr9,106281132,106281148,1149461.0
chr9,106422242,106422261,1104510.0
chr9,106429351,106429367,1097404.0
chr9,106686115,106686137,840634.0
chr9,106789370,106789423,737348.0
chr9,106822743,106822765,704006.0
chr9,106822816,106822838,703933.0
chr9,106822915,106822937,703834.0
chr9,106823036,106823059,703712.0
chr9,106823061,106823076,703695.0
chr9,106891757,106891776,634995.0
chr9,106923311,106923342,603429.0
chr9,107280782,107280804,245967.0
chr9,107288998,107289017,237754.0
chr9,107290043,107290057,236714.0
chr9,107295364,107295388,231383.0
chr9,107296031,107296061,230710.0
chr9,107313591,107313610,213161.0
chr9,107313665,107313679,213092.0
chr9,107563038,107563053,25403.0
chr9,107580522,107580536,7920.0
chr9,107612991,107613010,24516.0
chr9,107624670,107624689,36195.0
chr9,107887732,107887751,299257.0
chr9,107985669,107985691,397194.0
chr9,107986218,107986265,397743.0
chr9,108002579,108002601,414104.0
chr9,108035234,108035256,446759.0
chr9,108279336,108279350,690861.0
chr9,108279343,108279374,690868.0
chr9,108338824,108338838,750349.0
chr9,108338943,108338958,750468.0
chr9,108342397,108342413,753922.0
chr9,108342519,108342535,754044.0
chr9,108342656,108342672,754181.0
chr9,108490730,108490749,677568.0
chr9,108517485,108517515,650802.0
chr9,108540972,108541025,627292.0
chr9,108560221,108560240,608077.0
chr9,108792806,108792825,375492.0
chr9,108792831,108792864,375453.0
chr9,109003310,109003346,164971.0
chr9,109832597,109832618,664262.0
chr9,109875697,109875716,707362.0
chr9,109931122,109931146,762787.0
chr9,110131776,110131792,775803.0
chr9,110132586,110132610,774985.0
chr9,110333896,110333918,573677.0
chr9,110504725,110504747,402848.0
chr9,110533306,110533342,374253.0
chr9,110645340,110645372,262223.0
chr9,110656936,110656980,250615.0
chr9,112053580,112053596,140705.0
chr9,112101007,112101022,93279.0
chr9,112174469,112174491,19810.0
chr9,112174498,112174534,19767.0
chr9,112174787,112174801,19500.0
chr9,112186688,112186708,7593.0
chr9,113792812,113792826,54469.0
chr9,113812026,113812048,35247.0
chr9,113812224,113812239,35056.0
chr9,113990922,113990941,143609.0
chr9,114422079,114422111,4593.0
chr9,114422119,114422133,4633.0
chr9,114427534,114427562,10048.0
chr9,114427700,114427724,10214.0
chr9,114440442,114440456,11559.0
chr9,114440781,114440803,11212.0
chr9,114443628,114443662,8353.0
chr9,114496349,114496392,44315.0
chr9,114496639,114496668,44605.0
chr9,114640121,114640136,188087.0
chr9,114648577,114648593,196543.0
chr9,114648698,114648755,196664.0
chr9,114730328,114730344,278294.0
chr9,114730941,114730999,278907.0
chr9,114731624,114731646,279590.0
chr9,114731703,114731719,279669.0
chr9,114742842,114742864,290808.0
chr9,114753229,114753248,301195.0
chr9,114758415,114758448,306381.0
chr9,114782209,114782224,330175.0
chr9,114782270,114782334,330236.0
chr9,114787856,114787878,335822.0
chr9,115309477,115309501,303252.0
chr9,115468582,115468601,144152.0
chr9,115468695,115468759,143994.0
chr9,115468792,115468831,143922.0
chr9,115471756,115471798,140955.0
chr9,115471847,115471862,140891.0
chr9,115471883,115471912,140841.0
chr9,115484071,115484096,128657.0
chr9,115484122,115484136,128617.0
chr9,115499604,115499626,113127.0
chr9,115499733,115499762,112991.0
chr9,115561618,115561635,51118.0
chr9,115624125,115624152,6018.0
chr9,116091780,116091794,41856.0
chr9,116101939,116101961,31689.0
chr9,116114598,116114613,19037.0
chr9,116122861,116122928,10722.0
chr9,116123165,116123179,10471.0
chr9,116123235,116123249,10401.0
chr9,116123630,116123653,9997.0
chr9,116139688,116139703,6020.0
chr9,116145241,116145257,11573.0
chr9,116146034,116146054,12366.0
chr9,116161231,116161253,27563.0
chr9,116163845,116163865,30177.0
chr9,116169305,116169319,35637.0
chr9,116175728,116175742,42060.0
chr9,116176058,116176072,42390.0
chr9,116176178,116176230,42510.0
chr9,116189260,116189276,40339.0
chr9,116189415,116189442,40173.0
chr9,116214392,116214414,15201.0
chr9,116230668,116230685,1035.0
chr9,116329483,116329507,8814.0
chr9,116366689,116366711,28350.0
chr9,116369509,116369531,31170.0
chr9,116369542,116369564,31203.0
chr9,116384148,116384162,45809.0
chr9,118272898,118272920,1067559.0
chr9,118272927,118272941,1067538.0
chr9,118390685,118390707,949772.0
chr9,118487943,118487957,852522.0
chr9,118487962,118487978,852501.0
chr9,118488981,118489034,851445.0
chr9,118606507,118606526,733953.0
chr9,118821619,118821638,518841.0
chr9,119322597,119322619,17860.0
chr9,119322725,119322741,17738.0
chr9,119621277,119621296,171629.0
chr9,119743913,119743929,294265.0
chr9,119982288,119982310,532640.0
chr9,120011601,120011621,561953.0
chr9,120011747,120011771,562099.0
chr9,120020373,120020387,570725.0
chr9,120028066,120028080,578418.0
chr9,120028301,120028345,578653.0
chr9,120030045,120030077,580397.0
chr9,120030605,120030637,580957.0
chr9,120074254,120074283,624606.0
chr9,120079871,120079900,630223.0
chr9,120080142,120080164,630494.0
chr9,120080263,120080279,630615.0
chr9,120091598,120091624,641950.0
chr9,120091788,120091832,642140.0
chr9,120096124,120096152,646476.0
chr9,120096155,120096177,646507.0
chr9,120110180,120110204,660532.0
chr9,120110206,120110232,660558.0
chr9,120127206,120127236,649887.0
chr9,120340154,120340173,436950.0
chr9,120570224,120570281,206842.0
chr9,120578858,120578872,198251.0
chr9,120582935,120582949,194174.0
chr9,120583272,120583294,193829.0
chr9,120692132,120692148,84975.0
chr9,121454982,121454996,236845.0
chr9,121674975,121674994,456838.0
chr9,121698018,121698089,479881.0
chr9,121705547,121705573,487410.0
chr9,121718414,121718428,500277.0
chr9,121718717,121718780,500580.0
chr9,121831139,121831158,395664.0
chr9,121831308,121831324,395498.0
chr9,122128615,122128629,98193.0
chr9,122150783,122150799,76023.0
chr9,122193565,122193587,33235.0
chr9,122805332,122805348,561585.0
chr9,122865666,122865693,501240.0
chr9,123006165,123006227,360706.0
chr9,123240267,123240289,126644.0
chr9,123240443,123240457,126476.0
chr9,123241341,123241411,125522.0
chr9,123261127,123261146,105787.0
chr9,123261161,123261231,105702.0
chr9,123450409,123450445,83458.0
chr9,123509959,123509981,143008.0
chr9,123529327,123529349,162376.0
chr9,123723414,123723443,320903.0
chr9,123754858,123754878,289468.0
chr9,123754923,123754937,289409.0
chr9,123784887,123784932,259414.0
chr9,123785059,123785081,259265.0
chr9,123785185,123785217,259129.0
chr9,123806551,123806570,237776.0
chr9,123814523,123814542,229804.0
chr9,123814700,123814714,229632.0
chr9,123851155,123851170,193176.0
chr9,123931848,123931870,112476.0
chr9,123938131,123938159,106187.0
chr9,123960424,123960483,83863.0
chr9,124039121,124039136,5210.0
chr9,124068826,124068846,24461.0
chr9,124100316,124100346,55951.0
chr9,124100452,124100487,56087.0
chr9,124100524,124100546,56159.0
chr9,124100646,124100668,56281.0
chr9,124121686,124121701,77321.0
chr9,124132443,124132621,88078.0
chr9,124132623,124132752,88258.0
chr9,124132778,124132836,88413.0
chr9,124132874,124132960,88509.0
chr9,124133018,124133037,88653.0
chr9,124146357,124146379,101992.0
chr9,124413100,124413150,368735.0
chr9,124424264,124424286,379899.0
chr9,124424476,124424503,380111.0
chr9,124424863,124424879,380498.0
chrX,7322637,7322651,316029.0
chrX,7566331,7566379,72301.0
chrX,7566392,7566422,72258.0
chrX,7570835,7570849,67831.0
chrX,7571129,7571148,67532.0
chrX,7584262,7584278,54402.0
chrX,7618521,7618549,20131.0
chrX,7648956,7648978,10257.0
chrX,7721788,7721807,83089.0
chrX,7877984,7878016,36775.0
chrX,9139559,9139608,994276.0
chrX,10216714,10216730,632082.0
chrX,11254150,11254172,405320.0
chrX,12091616,12091638,1242786.0
chrX,12153373,12153387,1304543.0
chrX,12153404,12153426,1304574.0
chrX,12153455,12153495,1304625.0
chrX,12762435,12762471,1913605.0
chrX,13042179,13042193,2193349.0
chrX,13071598,13071652,2222768.0
chrX,13230505,13230538,2381675.0
chrX,13346773,13346811,2497943.0
chrX,13516530,13516549,2667700.0
chrX,13516619,13516642,2667789.0
chrX,13576724,13576746,2727894.0
chrX,13577885,13577914,2729055.0
chrX,13602443,13602457,2753613.0
chrX,13602548,13602563,2753718.0
chrX,13618528,13618548,2769698.0
chrX,13618592,13618616,2769762.0
chrX,14146943,14146962,3298113.0
chrX,14146967,14146981,3298137.0
chrX,15802769,15802784,4953939.0
chrX,15802877,15802891,4954047.0
chrX,16297666,16297704,4550247.0
chrX,16297711,16297738,4550213.0
chrX,16398401,16398416,4449535.0
chrX,16670644,16670681,4177270.0
chrX,16670688,16670715,4177236.0
chrX,16670719,16670735,4177216.0
chrX,16670765,16670790,4177161.0
chrX,16670810,16670832,4177119.0
chrX,16671055,16671083,4176868.0
chrX,17364513,17364552,3483399.0
chrX,17572082,17572097,3275854.0
chrX,18164121,18164137,2683814.0
chrX,18164145,18164160,2683791.0
chrX,18164256,18164272,2683679.0
chrX,18507282,18507317,2340634.0
chrX,18507349,18507376,2340575.0
chrX,18507388,18507420,2340531.0
chrX,20271928,20271944,576007.0
chrX,20271994,20272013,575938.0
chrX,20704743,20704785,143166.0
chrX,22069600,22069622,1221631.0
chrX,22069777,22069797,1221808.0
chrX,23767972,23767991,2920003.0
chrX,23931581,23931596,3083612.0
chrX,25751006,25751032,4903037.0
chrX,26140148,26140164,5292179.0
chrX,26140168,26140195,5292199.0
chrX,26140202,26140239,5292233.0
chrX,35889542,35889573,4726962.0
chrX,35897808,35897822,4718713.0
chrX,35897882,35897924,4718611.0
chrX,35898671,35898693,4717842.0
chrX,36474362,36474391,4142144.0
chrX,36474474,36474493,4142042.0
chrX,36474537,36474559,4141976.0
chrX,36474658,36474697,4141838.0
chrX,36795326,36795364,3821171.0
chrX,36795711,36795725,3820810.0
chrX,36807654,36807704,3808831.0
chrX,36864390,36864414,3752121.0
chrX,36903805,36903821,3712714.0
chrX,36980721,36980747,3635788.0
chrX,36980962,36980981,3635554.0
chrX,36981227,36981259,3635276.0
chrX,37085421,37085437,3531098.0
chrX,37126839,37126896,3489639.0
chrX,38181929,38181951,2434584.0
chrX,38999523,38999560,1616975.0
chrX,40115092,40115107,501428.0
chrX,40115200,40115222,501313.0
chrX,40117818,40117832,498703.0
chrX,40118027,40118049,498486.0
chrX,41123243,41123268,506690.0
chrX,41123391,41123423,506838.0
chrX,41912077,41912112,599363.0
chrX,42152070,42152095,359380.0
chrX,42360546,42360588,150887.0
chrX,42360731,42360761,150714.0
chrX,42366075,42366091,145384.0
chrX,42366120,42366136,145339.0
chrX,42481241,42481263,30212.0
chrX,42481309,42481328,30147.0
chrX,42481428,42481450,30025.0
chrX,42540574,42540593,29081.0
chrX,42540617,42540639,29124.0
chrX,42540797,42540821,29304.0
chrX,43949331,43949358,1437838.0
chrX,43949365,43949402,1437872.0
chrX,43949635,43949649,1438142.0
chrX,43949717,43949742,1438224.0
chrX,44107114,44107130,1595621.0
chrX,45257334,45257353,2745841.0
chrX,47985262,47985278,299176.0
chrX,47985437,47985471,298983.0
chrX,47985480,47985519,298935.0
chrX,47992816,47992835,291619.0
chrX,47992900,47992936,291518.0
chrX,47998574,47998602,285852.0
chrX,48097327,48097347,187107.0
chrX,48138869,48138884,145570.0
chrX,48141605,48141627,142827.0
chrX,48256557,48256597,27857.0
chrX,48481266,48481295,196794.0
chrX,48481374,48481400,196902.0
chrX,49206482,49206504,922010.0
chrX,49954652,49954671,1058373.0
chrX,50805877,50805891,207153.0
chrX,50874407,50874429,138615.0
chrX,50874776,50874802,138242.0
chrX,51204777,51204792,191714.0
chrX,51205493,51205507,192430.0
chrX,52757409,52757425,276115.0
chrX,52760211,52760239,273301.0
chrX,52913387,52913402,120138.0
chrX,52913473,52913493,120047.0
chrX,52913599,52913634,119906.0
chrX,52930226,52930259,103281.0
chrX,52930376,52930404,103136.0
chrX,53670582,53670606,637024.0
chrX,57187294,57187322,73619.0
chrX,57187419,57187438,73503.0
chrX,57189367,57189418,71523.0
chrX,57196697,57196713,64228.0
chrX,57216561,57216583,44358.0
chrX,57228277,57228299,32642.0
chrX,57254088,57254103,6838.0
chrX,57336911,57336933,75951.0
chrX,57338764,57338778,77804.0
chrX,59673973,59673987,89427.0
chrX,60925852,60925867,1341306.0
chrX,60926091,60926141,1341545.0
chrX,62951139,62951158,3366593.0
chrX,65543295,65543314,973286.0
chrX,68100677,68100708,1584059.0
chrX,68100844,68100866,1584226.0
chrX,68100954,68100969,1584336.0
chrX,68932150,68932169,2415532.0
chrX,71367308,71367336,2600016.0
chrX,71378683,71378705,2588647.0
chrX,71378743,71378767,2588585.0
chrX,71378773,71378799,2588553.0
chrX,73493572,73493588,473764.0
chrX,73493616,73493706,473646.0
chrX,73493839,73493854,473498.0
chrX,74024210,74024225,56840.0
chrX,74081012,74081052,113642.0
chrX,74270913,74270935,303543.0
chrX,74282489,74282505,315119.0
chrX,74305140,74305156,337770.0
chrX,74368827,74368846,401457.0
chrX,75514722,75514754,1547352.0
chrX,75942540,75942577,1566526.0
chrX,75942662,75942676,1566427.0
chrX,76744042,76744056,765047.0
chrX,77268435,77268449,240654.0
chrX,77268517,77268531,240572.0
chrX,77339727,77339751,169352.0
chrX,77339835,77339851,169252.0
chrX,77580035,77580072,70914.0
chrX,77719303,77719329,210182.0
chrX,78395154,78395173,353283.0
chrX,78582914,78582936,541043.0
chrX,78809855,78809870,767984.0
chrX,79291717,79291732,1249846.0
chrX,82264579,82264594,1529200.0
chrX,84832251,84832265,4096872.0
chrX,84832270,84832289,4096891.0
chrX,84832330,84832349,4096951.0
chrX,85507628,85507650,4772249.0
chrX,88015496,88015514,2700811.0
chrX,88676242,88676261,2040064.0
chrX,88676310,88676324,2040001.0
chrX,88676358,88676380,2039945.0
chrX,89633974,89634011,1082314.0
chrX,89634098,89634114,1082211.0
chrX,89828614,89828630,887695.0
chrX,89828748,89828762,887563.0
chrX,92615817,92615845,1617520.0
chrX,93632722,93632761,1397234.0
chrX,94178299,94178313,851682.0
chrX,94213056,94213092,816903.0
chrX,95957172,95957211,927159.0
chrX,95957286,95957318,927273.0
chrX,96026061,96026080,996048.0
chrX,96130795,96130819,1100782.0
chrX,97494473,97494495,2464460.0
chrX,97494505,97494519,2464492.0
chrX,97494604,97494618,2464591.0
chrX,97494623,97494642,2464610.0
chrX,98260046,98260081,3230033.0
chrX,98260090,98260104,3230077.0
chrX,98265946,98265972,3235933.0
chrX,98266254,98266278,3236241.0
chrX,99470871,99470885,4121860.0
chrX,99470909,99470931,4121814.0
chrX,99470968,99471008,4121737.0
chrX,99471003,99471017,4121728.0
chrX,101163609,101163623,2429122.0
chrX,101222910,101222925,2369820.0
chrX,101254217,101254236,2338509.0
chrX,101368996,101369069,2223676.0
chrX,101639794,101639809,1952936.0
chrX,101640056,101640075,1952670.0
chrX,101680466,101680698,1912047.0
chrX,101712840,101712877,1879868.0
chrX,101954441,101954455,1638290.0
chrX,102504508,102504523,1088222.0
chrX,102505467,102505491,1087254.0
chrX,103616198,103616227,23435.0
chrX,103616407,103616423,23644.0
chrX,103616531,103616550,23768.0
chrX,103616628,103616642,23865.0
chrX,103616644,103616672,23881.0
chrX,104414098,104414112,67697.0
chrX,105926634,105926661,124907.0
chrX,106027001,106027020,225274.0
chrX,106734591,106734613,186620.0
chrX,106962580,106962602,41329.0
chrX,107039714,107039733,2823.0
chrX,107088609,107088625,46035.0
chrX,107088858,107088892,46284.0
chrX,107088978,107089000,46404.0
chrX,107089195,107089217,46621.0
chrX,107149526,107149554,87264.0
chrX,107149653,107149675,87143.0
chrX,107149803,107149819,86999.0
chrX,107150734,107150753,86065.0
chrX,107217772,107217791,19027.0
chrX,107218098,107218120,18698.0
chrX,107224876,107224900,11918.0
chrX,107224986,107225010,11808.0
chrX,107234765,107234787,2031.0
chrX,107234926,107234951,1867.0
chrX,107250721,107250753,13885.0
chrX,107255609,107255623,18773.0
chrX,107266363,107266377,29527.0
chrX,107266632,107266660,29796.0
chrX,107325473,107325492,88637.0
chrX,107326046,107326082,89210.0
chrX,107326147,107326169,89311.0
chrX,107326259,107326281,89423.0
chrX,107326341,107326365,89505.0
chrX,107417610,107417629,180774.0
chrX,107421363,107421413,184527.0
chrX,107421596,107421615,184760.0
chrX,107421626,107421645,184790.0
chrX,108119182,108119204,303057.0
chrX,108537167,108537183,721042.0
chrX,108834768,108834788,1018643.0
chrX,108929746,108929762,1113621.0
chrX,109012785,109012841,1196660.0
chrX,109013143,109013165,1197018.0
chrX,109114217,109114239,1298092.0
chrX,110522785,110522801,2706660.0
chrX,110522851,110522873,2706726.0
chrX,110884567,110884581,3068442.0
chrX,110884586,110884605,3068461.0
chrX,112284908,112284927,4468783.0
chrX,112311719,112311764,4495594.0
chrX,113247424,113247446,5154538.0
chrX,113247456,113247475,5154509.0
chrX,113247480,113247512,5154472.0
chrX,113867969,113867983,4534001.0
chrX,113868202,113868230,4533754.0
chrX,113957629,113957687,4444297.0
chrX,113957689,113957732,4444252.0
chrX,114534501,114534523,3867461.0
chrX,116786077,116786119,1615865.0
chrX,116786137,116786171,1615813.0
chrX,116786209,116786247,1615737.0
chrX,116786277,116786303,1615681.0
chrX,120471326,120471341,2069324.0
chrX,121369620,121369639,2967618.0
chrX,121965202,121965221,3563200.0
chrX,126590597,126590621,8188595.0
chrX,126590754,126590776,8188752.0
chrX,126693124,126693139,8111484.0
chrX,126693182,126693196,8111427.0
chrX,126693240,126693259,8111364.0
chrX,126693336,126693359,8111264.0
chrX,126693458,126693474,8111149.0
chrX,126693502,126693521,8111102.0
chrX,126693538,126693562,8111061.0
chrX,126693672,126693686,8110937.0
chrX,127779388,127779407,7025216.0
chrX,127779612,127779634,7024989.0
chrX,130549307,130549337,4255286.0
chrX,130549395,130549411,4255212.0
chrX,132566179,132566216,2238407.0
chrX,132632966,132632994,2171629.0
chrX,133135057,133135079,1669544.0
chrX,133135509,133135530,1669093.0
chrX,134307847,134307866,496757.0
chrX,135742283,135742297,175867.0
chrX,136388383,136388414,227760.0
chrX,136388475,136388490,227684.0
chrX,136741883,136741913,95856.0
chrX,136742225,136742252,96198.0
chrX,136742353,136742391,96326.0
chrX,137037982,137038015,391955.0
chrX,139998406,139998454,952434.0
chrX,140505928,140505950,444938.0
chrX,140520353,140520369,430519.0
chrX,140520610,140520624,430264.0
chrX,142227974,142227988,1277068.0
chrX,142228019,142228047,1277113.0
chrX,142228053,142228086,1277147.0
chrX,142228110,142228124,1277204.0
chrX,142556152,142556212,1605246.0
chrX,142556228,142556271,1605322.0
chrX,142556301,142556347,1605395.0
chrX,142679838,142679908,1728932.0
chrX,143761669,143761693,764478.0
chrX,144029081,144029103,497068.0
chrX,147916020,147916039,3389830.0
chrX,150458798,150458839,1790545.0
chrX,150865515,150865534,1383850.0
chrX,150865565,150865579,1383805.0
chrX,151017343,151017358,1232026.0
chrX,151017469,151017499,1231885.0
chrX,151520407,151520433,728951.0
chrX,151727281,151727307,522077.0
chrX,151727350,151727365,522019.0
chrX,152336535,152336551,87133.0
chrX,152728128,152728182,478726.0
chrX,152728341,152728360,478939.0
chrX,152728380,152728402,478978.0
chrX,153498000,153498016,1248598.0
chrX,157598760,157598792,1449021.0
chrX,159607113,159607166,101036.0
chrX,159607229,159607243,100959.0
chrX,159676423,159676483,31719.0
chrX,159677648,159677670,30532.0
chrX,159677886,159677905,30297.0
chrX,159696838,159696860,11342.0
chrX,159735816,159735832,27596.0
chrX,159735943,159735965,27723.0
chrX,159736333,159736366,28113.0
chrX,159758306,159758322,50086.0
chrX,159769138,159769165,60918.0
chrX,159809324,159809405,101104.0
chrX,159809461,159809504,101241.0
chrX,159858325,159858345,150105.0
chrX,160502301,160502321,794081.0
chrX,162902620,162902639,3194400.0
chrX,162976513,162976664,3268293.0
chrX,164419293,164419323,2700152.0
chrX,166170296,166170312,949163.0
chrX,166170849,166170893,948582.0
chrX,166236821,166236867,882608.0
chrX,166236887,166236909,882566.0
chrX,166510758,166510784,608691.0
chrX,166661218,166661242,458233.0
chrX,167036823,167036847,82628.0
chrX,167102181,167102196,17279.0
chrX,167134252,167134271,14758.0
chrX,167134490,167134514,14996.0
chrX,167139325,167139339,19831.0
chrX,167139916,167139957,20422.0
chrX,167147529,167147551,28035.0
chrX,167152525,167152541,33031.0
chrX,167152621,167152661,33127.0
chrX,167182500,167182514,63006.0
chrX,167201439,167201453,81945.0
chrX,167342071,167342105,222577.0
chrX,167382668,167382683,263174.0
