chr,TnG_start,TnG_end,strand
chr1,4496462,4496478,+
chr1,5082892,5082916,+
chr1,6442011,6442069,+
chr1,7088365,7088392,+
chr1,7088744,7088760,+
chr1,7089452,7089466,+
chr1,7394668,7394684,+
chr1,7394914,7394930,+
chr1,7396971,7397022,+
chr1,7397112,7397172,+
chr1,7397302,7397329,+
chr1,7397353,7397370,+
chr1,7397493,7397557,+
chr1,7397562,7397583,+
chr1,9747758,9747773,+
chr1,9847013,9847069,+
chr1,9849631,9849650,+
chr1,10038294,10038308,+
chr1,13267235,13267251,+
chr1,13288768,13288788,+
chr1,13293538,13293554,+
chr1,13295451,13295506,+
chr1,13311880,13311894,+
chr1,13311919,13311933,+
chr1,13312428,13312471,+
chr1,13395026,13395102,+
chr1,13590427,13590453,+
chr1,13593941,13593955,+
chr1,16217744,16217806,+
chr1,16227775,16227816,+
chr1,16688353,16688385,+
chr1,20825017,20825033,+
chr1,20825337,20825356,+
chr1,20825643,20825657,+
chr1,20913019,20913034,+
chr1,20943120,20943139,+
chr1,20943295,20943358,+
chr1,20969228,20969244,+
chr1,20969351,20969372,+
chr1,20969563,20969578,+
chr1,20969619,20969635,+
chr1,20969735,20969762,+
chr1,20969788,20969807,+
chr1,20969813,20969860,+
chr1,21029501,21029532,+
chr1,21029590,21029612,+
chr1,21140102,21140202,+
chr1,21140486,21140511,+
chr1,21333507,21333526,+
chr1,21333955,21333996,+
chr1,21480042,21480126,+
chr1,21963616,21963632,+
chr1,23272430,23272455,+
chr1,23882861,23882880,+
chr1,24678019,24678038,+
chr1,24678242,24678271,+
chr1,30872826,30872847,+
chr1,30874322,30874360,+
chr1,30920778,30920824,+
chr1,30920889,30920923,+
chr1,30948672,30948687,+
chr1,30948924,30948948,+
chr1,33883646,33883677,+
chr1,34433709,34433739,+
chr1,34434205,34434254,+
chr1,34434291,34434321,+
chr1,34434629,34434643,+
chr1,34434792,34434806,+
chr1,34831740,34831764,+
chr1,34835501,34835528,+
chr1,35653907,35653933,+
chr1,35653952,35654008,+
chr1,35654025,35654042,+
chr1,35654045,35654064,+
chr1,35708963,35709018,+
chr1,35983428,35983447,+
chr1,36148794,36148813,+
chr1,36148829,36148843,+
chr1,36148895,36148909,+
chr1,36149302,36149316,+
chr1,36149677,36149724,+
chr1,36159698,36159722,+
chr1,36161067,36161083,+
chr1,36165553,36165568,+
chr1,36165615,36165644,+
chr1,36165744,36165760,+
chr1,36256345,36256385,+
chr1,36260301,36260333,+
chr1,36260480,36260523,+
chr1,36260784,36260800,+
chr1,36260811,36260827,+
chr1,36264370,36264401,+
chr1,36266991,36267011,+
chr1,36274228,36274253,+
chr1,36293889,36293903,+
chr1,36470511,36470551,+
chr1,36470688,36470739,+
chr1,36511363,36511382,+
chr1,36511515,36511547,+
chr1,36691190,36691204,+
chr1,36911980,36911996,+
chr1,36921716,36921735,+
chr1,36922259,36922288,+
chr1,37000254,37000288,+
chr1,37000456,37000471,+
chr1,37000851,37000873,+
chr1,37028963,37028987,+
chr1,37029824,37029843,+
chr1,37030768,37030807,+
chr1,37299475,37299509,+
chr1,37300430,37300446,+
chr1,37469162,37469181,+
chr1,37469285,37469304,+
chr1,37473023,37473042,+
chr1,37477476,37477492,+
chr1,37478006,37478026,+
chr1,37478069,37478088,+
chr1,37478724,37478739,+
chr1,37479054,37479073,+
chr1,37479105,37479127,+
chr1,37481096,37481110,+
chr1,37481205,37481224,+
chr1,37481231,37481248,+
chr1,37530188,37530216,+
chr1,37872523,37872542,+
chr1,37872768,37872783,+
chr1,37998298,37998314,+
chr1,38130355,38130396,+
chr1,38130422,38130444,+
chr1,38149889,38149926,+
chr1,38149930,38149964,+
chr1,38898297,38898327,+
chr1,38898330,38898345,+
chr1,38898349,38898365,+
chr1,39090116,39090132,+
chr1,39090324,39090338,+
chr1,39090371,39090390,+
chr1,39091660,39091674,+
chr1,39092992,39093008,+
chr1,39102449,39102468,+
chr1,39281434,39281462,+
chr1,39576408,39576423,+
chr1,39577697,39577738,+
chr1,39746519,39746533,+
chr1,39843676,39843692,+
chr1,39843726,39843746,+
chr1,39896521,39896537,+
chr1,39902461,39902494,+
chr1,39904231,39904247,+
chr1,39904269,39904285,+
chr1,39904307,39904323,+
chr1,39904379,39904395,+
chr1,39904443,39904459,+
chr1,40081901,40081957,+
chr1,40382990,40383014,+
chr1,40473940,40473955,+
chr1,40474996,40475010,+
chr1,40475267,40475281,+
chr1,40476514,40476533,+
chr1,40687831,40687845,+
chr1,40751546,40751699,+
chr1,43098359,43098373,+
chr1,43457114,43457133,+
chr1,43467613,43467650,+
chr1,43468121,43468140,+
chr1,43472573,43472592,+
chr1,43472715,43472729,+
chr1,43535084,43535104,+
chr1,43562382,43562398,+
chr1,43826895,43826935,+
chr1,44101332,44101360,+
chr1,44101874,44101893,+
chr1,44102006,44102020,+
chr1,45794816,45794854,+
chr1,46852547,46852563,+
chr1,46894046,46894070,+
chr1,51071947,51071962,+
chr1,51478075,51478094,+
chr1,51478124,51478168,+
chr1,51529795,51529819,+
chr1,51577571,51577587,+
chr1,51584001,51584020,+
chr1,51584055,51584069,+
chr1,51584550,51584606,+
chr1,51585601,51585616,+
chr1,51585846,51585862,+
chr1,51585867,51585886,+
chr1,52009355,52009377,+
chr1,52009399,52009427,+
chr1,52011024,52011044,+
chr1,52012593,52012609,+
chr1,52012823,52012837,+
chr1,52019263,52019297,+
chr1,52022432,52022458,+
chr1,52116831,52116845,+
chr1,52231665,52231684,+
chr1,52499506,52499521,+
chr1,52630419,52630443,+
chr1,52649929,52649945,+
chr1,52653569,52653588,+
chr1,52653824,52653843,+
chr1,52654042,52654062,+
chr1,52655272,52655288,+
chr1,52751748,52751767,+
chr1,52751773,52751813,+
chr1,52799141,52799155,+
chr1,52799764,52799778,+
chr1,53076883,53076905,+
chr1,53168111,53168169,+
chr1,53774013,53774028,+
chr1,53774095,53774115,+
chr1,53774556,53774575,+
chr1,53775606,53775626,+
chr1,53776174,53776190,+
chr1,53776320,53776334,+
chr1,53776455,53776469,+
chr1,53777169,53777183,+
chr1,53781972,53781986,+
chr1,53782010,53782053,+
chr1,53782242,53782258,+
chr1,53782887,53782901,+
chr1,53782908,53782922,+
chr1,53783112,53783136,+
chr1,53783441,53783460,+
chr1,53797351,53797367,+
chr1,53798004,53798018,+
chr1,53824887,53824903,+
chr1,53845628,53845647,+
chr1,53850670,53850684,+
chr1,53851285,53851338,+
chr1,53851973,53851993,+
chr1,53852437,53852455,+
chr1,53857047,53857065,+
chr1,53875726,53875745,+
chr1,53875845,53875864,+
chr1,53875930,53876010,+
chr1,53886623,53886644,+
chr1,53886964,53886983,+
chr1,53890499,53890518,+
chr1,53945882,53945911,+
chr1,53946175,53946195,+
chr1,54421669,54421685,+
chr1,54422221,54422256,+
chr1,54492223,54492239,+
chr1,54492519,54492535,+
chr1,54558266,54558280,+
chr1,54585223,54585242,+
chr1,54585396,54585410,+
chr1,54660837,54660856,+
chr1,54833047,54833067,+
chr1,54833081,54833095,+
chr1,54833104,54833123,+
chr1,54842217,54842237,+
chr1,54842424,54842438,+
chr1,54842491,54842506,+
chr1,54846826,54846845,+
chr1,54853080,54853108,+
chr1,54858964,54858983,+
chr1,54859041,54859056,+
chr1,54859059,54859074,+
chr1,54871082,54871098,+
chr1,54871257,54871276,+
chr1,54872075,54872102,+
chr1,54883064,54883093,+
chr1,54896618,54896637,+
chr1,54906864,54906884,+
chr1,54913330,54913363,+
chr1,54914243,54914269,+
chr1,54914728,54914750,+
chr1,54923497,54923517,+
chr1,54923648,54923672,+
chr1,54923840,54923854,+
chr1,54924155,54924171,+
chr1,54924366,54924380,+
chr1,55026029,55026055,+
chr1,55026330,55026346,+
chr1,55028858,55028888,+
chr1,55029514,55029539,+
chr1,55052046,55052060,+
chr1,55053346,55053365,+
chr1,55209093,55209121,+
chr1,55210055,55210070,+
chr1,55236964,55236983,+
chr1,55372855,55372880,+
chr1,55423845,55424012,+
chr1,55424281,55424297,+
chr1,55446912,55446990,+
chr1,58301174,58301195,+
chr1,58301399,58301413,+
chr1,58304168,58304192,+
chr1,58311321,58311336,+
chr1,58415730,58415746,+
chr1,58415749,58415797,+
chr1,58423558,58423586,+
chr1,58445863,58445882,+
chr1,58505291,58505312,+
chr1,58505429,58505445,+
chr1,58669894,58669910,+
chr1,58714271,58714285,+
chr1,58714815,58714862,+
chr1,58717521,58717549,+
chr1,58717844,58717867,+
chr1,58721239,58721260,+
chr1,58773953,58773972,+
chr1,58802196,58802244,+
chr1,58802386,58802400,+
chr1,58803176,58803200,+
chr1,58807125,58807141,+
chr1,58860845,58860861,+
chr1,58956585,58956605,+
chr1,58965421,58965473,+
chr1,59316760,59316774,+
chr1,59684744,59684758,+
chr1,59684824,59684840,+
chr1,59912349,59912368,+
chr1,59913293,59913308,+
chr1,59917787,59917802,+
chr1,59923405,59923419,+
chr1,60016416,60016446,+
chr1,60073866,60074001,+
chr1,60074017,60074051,+
chr1,60074957,60074986,+
chr1,60097833,60097847,+
chr1,60179989,60180007,+
chr1,60180201,60180215,+
chr1,60482922,60482944,+
chr1,60495875,60495921,+
chr1,60539232,60539246,+
chr1,60652538,60652563,+
chr1,60652596,60652628,+
chr1,60664206,60664256,+
chr1,60702690,60702706,+
chr1,60746230,60746249,+
chr1,60755834,60755853,+
chr1,60758594,60758613,+
chr1,60761301,60761332,+
chr1,60761482,60761497,+
chr1,60781761,60781792,+
chr1,60781817,60781832,+
chr1,60813467,60813485,+
chr1,60908978,60908998,+
chr1,60911589,60911657,+
chr1,60990937,60990951,+
chr1,61030802,61030825,+
chr1,61030852,61030870,+
chr1,61046120,61046172,+
chr1,61135667,61135681,+
chr1,62829582,62829598,+
chr1,62875541,62875578,+
chr1,62876271,62876287,+
chr1,62876947,62876961,+
chr1,64000426,64000445,+
chr1,64088155,64088178,+
chr1,64088229,64088249,+
chr1,64120755,64120814,+
chr1,64120879,64120893,+
chr1,64123988,64124048,+
chr1,64137010,64137024,+
chr1,64528103,64528117,+
chr1,64531862,64531881,+
chr1,64531985,64532004,+
chr1,64688196,64688215,+
chr1,65010446,65010524,+
chr1,65186023,65186045,+
chr1,65186123,65186168,+
chr1,66496346,66496365,+
chr1,66553211,66553225,+
chr1,66678982,66678999,+
chr1,66817023,66817042,+
chr1,66838555,66838595,+
chr1,66863648,66863664,+
chr1,66863886,66863901,+
chr1,66874849,66874873,+
chr1,67039477,67039493,+
chr1,69657472,69657493,+
chr1,69657775,69657795,+
chr1,69681323,69681366,+
chr1,69686611,69686648,+
chr1,69759816,69759840,+
chr1,69769144,69769177,+
chr1,69785163,69785254,+
chr1,71068968,71068984,+
chr1,72254531,72254546,+
chr1,74179127,74179143,+
chr1,74239191,74239221,+
chr1,74239662,74239681,+
chr1,74243532,74243548,+
chr1,74332189,74332205,+
chr1,74390057,74390085,+
chr1,74390778,74390805,+
chr1,74391264,74391286,+
chr1,74397257,74397281,+
chr1,75125344,75125358,+
chr1,75168332,75168347,+
chr1,75236342,75236356,+
chr1,78538144,78538164,+
chr1,78538502,78538516,+
chr1,79751810,79751843,+
chr1,79752458,79752497,+
chr1,79752614,79752630,+
chr1,79761879,79761923,+
chr1,80214429,80214453,+
chr1,80361386,80361408,+
chr1,80361612,80361626,+
chr1,80381423,80381442,+
chr1,80381632,80381660,+
chr1,80409369,80409385,+
chr1,80409634,80409661,+
chr1,80409815,80409831,+
chr1,80440648,80440667,+
chr1,80441129,80441148,+
chr1,80644144,80644158,+
chr1,80670584,80670600,+
chr1,80724904,80724918,+
chr1,80725365,80725385,+
chr1,80730762,80730776,+
chr1,80756064,80756086,+
chr1,80757352,80757376,+
chr1,80765631,80765656,+
chr1,80766066,80766085,+
chr1,80858786,80858853,+
chr1,82283078,82283093,+
chr1,82283100,82283114,+
chr1,82830837,82830852,+
chr1,82831023,82831055,+
chr1,82832338,82832354,+
chr1,82832736,82832770,+
chr1,82833762,82833778,+
chr1,82974082,82974098,+
chr1,82975707,82975727,+
chr1,84305708,84305763,+
chr1,84318836,84318865,+
chr1,84780764,84780790,+
chr1,84780859,84780878,+
chr1,84780909,84780923,+
chr1,84839747,84839776,+
chr1,85680338,85680358,+
chr1,85686564,85686579,+
chr1,85735568,85735582,+
chr1,85735715,85735735,+
chr1,86005786,86005806,+
chr1,86405361,86405391,+
chr1,86441758,86441778,+
chr1,86441842,86441857,+
chr1,86488300,86488324,+
chr1,86583106,86583128,+
chr1,87379244,87379271,+
chr1,87755757,87755773,+
chr1,87828004,87828021,+
chr1,87847519,87847577,+
chr1,87854439,87854454,+
chr1,88497547,88497561,+
chr1,88506843,88506858,+
chr1,88555836,88555857,+
chr1,88578652,88578676,+
chr1,88584945,88584964,+
chr1,88587843,88587865,+
chr1,88588726,88588745,+
chr1,88616542,88616590,+
chr1,88616859,88616873,+
chr1,88622939,88622969,+
chr1,88625513,88625534,+
chr1,88636617,88636636,+
chr1,88638626,88638640,+
chr1,88643292,88643306,+
chr1,88644192,88644250,+
chr1,88644990,88645006,+
chr1,88646928,88646952,+
chr1,88647766,88647846,+
chr1,88654034,88654048,+
chr1,88655193,88655228,+
chr1,88656118,88656134,+
chr1,88680954,88680974,+
chr1,88694913,88694957,+
chr1,88697153,88697178,+
chr1,88697183,88697209,+
chr1,88698167,88698183,+
chr1,88698186,88698214,+
chr1,88699051,88699067,+
chr1,88699307,88699331,+
chr1,88704922,88704946,+
chr1,88705383,88705423,+
chr1,88709199,88709230,+
chr1,88720917,88720931,+
chr1,91055673,91055687,+
chr1,91056139,91056155,+
chr1,91096594,91096613,+
chr1,91181303,91181319,+
chr1,91183268,91183288,+
chr1,91183294,91183315,+
chr1,91183807,91183852,+
chr1,91249881,91249898,+
chr1,91250066,91250085,+
chr1,92051172,92051187,+
chr1,92052242,92052264,+
chr1,92058736,92058756,+
chr1,92068849,92068863,+
chr1,92068896,92068911,+
chr1,92069483,92069499,+
chr1,92070144,92070163,+
chr1,92072048,92072062,+
chr1,92072239,92072273,+
chr1,92080248,92080277,+
chr1,92086432,92086454,+
chr1,92086456,92086492,+
chr1,92104791,92104825,+
chr1,92127735,92127751,+
chr1,92127823,92127856,+
chr1,92127947,92127969,+
chr1,92148673,92148697,+
chr1,92178763,92178779,+
chr1,92181260,92181274,+
chr1,92468689,92468704,+
chr1,92774205,92774219,+
chr1,92910327,92910349,+
chr1,93668999,93669015,+
chr1,94034808,94034836,+
chr1,95268070,95268086,+
chr1,95655521,95655546,+
chr1,95655898,95655912,+
chr1,95656100,95656114,+
chr1,95657332,95657347,+
chr1,95666641,95666670,+
chr1,97580346,97580361,+
chr1,97623178,97623195,+
chr1,97623689,97623724,+
chr1,97624114,97624137,+
chr1,97624212,97624234,+
chr1,97660618,97660650,+
chr1,97662377,97662411,+
chr1,97918461,97918476,+
chr1,98589722,98589738,+
chr1,105663605,105663627,+
chr1,105997306,105997327,+
chr1,106037101,106037133,+
chr1,106170902,106170921,+
chr1,106321661,106321693,+
chr1,106494681,106494719,+
chr1,106600298,106600322,+
chr1,106600380,106600400,+
chr1,106601075,106601094,+
chr1,106602232,106602248,+
chr1,106602669,106602689,+
chr1,106612594,106612616,+
chr1,106647463,106647488,+
chr1,106688432,106688446,+
chr1,106760083,106760102,+
chr1,106796071,106796109,+
chr1,106866851,106866870,+
chr1,106867179,106867193,+
chr1,118289973,118289988,+
chr1,118289993,118290007,+
chr1,118311653,118311667,+
chr1,119082865,119082917,+
chr1,119178471,119179054,+
chr1,119476834,119476893,+
chr1,119487137,119487157,+
chr1,119836954,119836968,+
chr1,119837959,119837978,+
chr1,119912910,119912957,+
chr1,120055016,120055072,+
chr1,120055444,120055468,+
chr1,120056247,120056263,+
chr1,120056766,120056780,+
chr1,120057057,120057076,+
chr1,120245411,120245427,+
chr1,121328223,121328243,+
chr1,121568107,121568126,+
chr1,125426722,125426738,+
chr1,125434261,125434275,+
chr1,125437709,125437723,+
chr1,125441173,125441189,+
chr1,125442010,125442029,+
chr1,125464440,125464467,+
chr1,125466646,125466668,+
chr1,125466676,125466690,+
chr1,125467479,125467531,+
chr1,125467660,125467683,+
chr1,125467926,125467953,+
chr1,125487478,125487505,+
chr1,125487524,125487546,+
chr1,125487652,125487667,+
chr1,127159419,127159461,+
chr1,127212559,127212606,+
chr1,127213483,127213499,+
chr1,127213513,127213606,+
chr1,127215137,127215162,+
chr1,127215438,127215458,+
chr1,127233574,127233588,+
chr1,127321889,127321915,+
chr1,127773579,127773609,+
chr1,127774033,127774052,+
chr1,127850088,127850131,+
chr1,127868581,127868600,+
chr1,127869368,127869384,+
chr1,127954213,127954242,+
chr1,127954305,127954351,+
chr1,127978306,127978325,+
chr1,127982767,127982799,+
chr1,128102718,128102732,+
chr1,128243867,128243886,+
chr1,128416653,128416672,+
chr1,128549057,128549072,+
chr1,128591233,128591261,+
chr1,128592038,128592054,+
chr1,128602955,128602970,+
chr1,128604104,128604124,+
chr1,128615983,128615999,+
chr1,128618019,128618033,+
chr1,128766391,128766407,+
chr1,128766661,128766677,+
chr1,128767178,128767197,+
chr1,128787665,128787684,+
chr1,128790639,128790655,+
chr1,128790905,128790943,+
chr1,128790971,128790986,+
chr1,128832652,128832701,+
chr1,128950421,128950455,+
chr1,129616053,129616116,+
chr1,129616402,129616422,+
chr1,130475314,130475340,+
chr1,130475489,130475516,+
chr1,130502230,130502252,+
chr1,130551715,130551736,+
chr1,130630153,130630167,+
chr1,130633379,130633399,+
chr1,130715480,130715519,+
chr1,131076063,131076079,+
chr1,131076090,131076104,+
chr1,131080705,131080721,+
chr1,131138861,131138898,+
chr1,131195233,131195249,+
chr1,131279222,131279237,+
chr1,131290251,131290301,+
chr1,131290411,131290426,+
chr1,131325152,131325166,+
chr1,131325172,131325194,+
chr1,131384439,131384458,+
chr1,131420773,131420792,+
chr1,131427606,131427628,+
chr1,131446690,131446705,+
chr1,131446974,131447013,+
chr1,131492682,131492732,+
chr1,131637731,131637747,+
chr1,131637753,131637768,+
chr1,131639284,131639327,+
chr1,131658125,131658151,+
chr1,131867614,131867630,+
chr1,132007167,132007222,+
chr1,132038972,132038996,+
chr1,132341694,132341736,+
chr1,132477329,132477345,+
chr1,133029811,133029845,+
chr1,133029988,133030007,+
chr1,133158989,133159026,+
chr1,133545270,133545299,+
chr1,133661848,133661898,+
chr1,133689765,133689792,+
chr1,133711305,133711339,+
chr1,133711419,133711451,+
chr1,134058772,134058786,+
chr1,134059044,134059068,+
chr1,134065658,134065683,+
chr1,134065850,134065885,+
chr1,134066223,134066241,+
chr1,134075620,134075639,+
chr1,134078393,134078413,+
chr1,134093510,134093524,+
chr1,134708110,134708173,+
chr1,134962265,134962280,+
chr1,134962915,134962935,+
chr1,135259370,135259384,+
chr1,135259525,135259547,+
chr1,135712880,135712945,+
chr1,135713011,135713027,+
chr1,135713058,135713072,+
chr1,135725564,135725578,+
chr1,135725878,135725924,+
chr1,136131995,136132015,+
chr1,136135285,136135301,+
chr1,136135533,136135549,+
chr1,136139682,136139696,+
chr1,136139808,136139828,+
chr1,136140024,136140038,+
chr1,136140039,136140061,+
chr1,136465979,136465999,+
chr1,136582164,136582184,+
chr1,136618553,136618611,+
chr1,136637097,136637113,+
chr1,136682928,136682948,+
chr1,136685655,136685671,+
chr1,137900426,137900441,+
chr1,137900641,137900665,+
chr1,138131984,138132003,+
chr1,138132030,138132061,+
chr1,138135481,138135495,+
chr1,138135996,138136047,+
chr1,138136161,138136185,+
chr1,138136896,138136912,+
chr1,138136940,138136954,+
chr1,138137624,138137639,+
chr1,138140745,138140764,+
chr1,138145285,138145300,+
chr1,138157121,138157137,+
chr1,138157589,138157603,+
chr1,138157860,138157875,+
chr1,138157982,138157996,+
chr1,138158031,138158055,+
chr1,138166402,138166416,+
chr1,138172495,138172509,+
chr1,138173022,138173036,+
chr1,138173933,138173952,+
chr1,138173964,138173980,+
chr1,138174747,138174766,+
chr1,138174975,138174994,+
chr1,138175172,138175202,+
chr1,138175359,138175373,+
chr1,138175527,138175541,+
chr1,138179125,138179142,+
chr1,138188106,138188130,+
chr1,138188168,138188187,+
chr1,138190812,138190831,+
chr1,138199623,138199647,+
chr1,138224471,138224485,+
chr1,138275906,138275920,+
chr1,138298526,138298577,+
chr1,138299234,138299251,+
chr1,138299291,138299310,+
chr1,138303215,138303231,+
chr1,138517240,138517295,+
chr1,138517422,138517442,+
chr1,138517808,138517822,+
chr1,138589159,138589210,+
chr1,139033124,139033138,+
chr1,139033225,139033295,+
chr1,139422884,139422899,+
chr1,144004614,144004630,+
chr1,144007030,144007068,+
chr1,144249274,144249293,+
chr1,144330394,144330408,+
chr1,144516734,144516801,+
chr1,144516887,144516906,+
chr1,150395811,150395859,+
chr1,150396142,150396173,+
chr1,151002480,151002499,+
chr1,151074867,151074881,+
chr1,151084661,151084676,+
chr1,151097542,151097558,+
chr1,151097641,151097660,+
chr1,151345878,151345898,+
chr1,151500005,151500019,+
chr1,151873545,151873603,+
chr1,152008323,152008375,+
chr1,152008387,152008407,+
chr1,152008421,152008441,+
chr1,152009129,152009148,+
chr1,152010257,152010271,+
chr1,152038227,152038246,+
chr1,152263117,152263181,+
chr1,152288102,152288121,+
chr1,152585488,152585508,+
chr1,152585708,152585733,+
chr1,152767609,152767628,+
chr1,153426962,153426984,+
chr1,153497792,153497946,+
chr1,153630834,153630910,+
chr1,153748980,153749012,+
chr1,153786981,153787067,+
chr1,153787247,153787273,+
chr1,153787280,153787294,+
chr1,154300766,154300833,+
chr1,154786436,154786452,+
chr1,155039266,155039286,+
chr1,155039332,155039351,+
chr1,155040926,155040940,+
chr1,155059897,155059916,+
chr1,155065928,155065947,+
chr1,155470653,155470732,+
chr1,155476693,155476707,+
chr1,155973738,155973754,+
chr1,155974046,155974061,+
chr1,156035355,156035369,+
chr1,156037035,156037049,+
chr1,156037439,156037458,+
chr1,156041007,156041032,+
chr1,156407709,156407740,+
chr1,156418346,156418368,+
chr1,156420473,156420504,+
chr1,156420533,156420560,+
chr1,156421325,156421341,+
chr1,156522229,156522248,+
chr1,156522492,156522520,+
chr1,156523957,156523971,+
chr1,156569610,156569657,+
chr1,156618243,156618259,+
chr1,156740746,156740810,+
chr1,156938630,156938660,+
chr1,156938903,156938919,+
chr1,156986475,156986489,+
chr1,156986668,156986701,+
chr1,157038584,157038598,+
chr1,157038974,157039010,+
chr1,157039300,157039317,+
chr1,157099031,157099091,+
chr1,159928755,159928769,+
chr1,159928796,159928810,+
chr1,160007101,160007117,+
chr1,160023940,160023972,+
chr1,160025031,160025046,+
chr1,160025081,160025095,+
chr1,160025146,160025160,+
chr1,160037107,160037129,+
chr1,160037159,160037175,+
chr1,160045112,160045154,+
chr1,160046334,160046353,+
chr1,160047019,160047045,+
chr1,160047829,160047845,+
chr1,160052602,160052621,+
chr1,160194813,160194827,+
chr1,160247297,160247384,+
chr1,160248027,160248053,+
chr1,160299929,160299948,+
chr1,160300187,160300210,+
chr1,160306383,160306424,+
chr1,160306694,160306708,+
chr1,160306914,160306928,+
chr1,160308921,160308935,+
chr1,160786843,160786867,+
chr1,160905829,160905843,+
chr1,160907257,160907280,+
chr1,160919455,160919470,+
chr1,160919784,160919883,+
chr1,161070579,161070598,+
chr1,161156738,161156762,+
chr1,161156969,161156985,+
chr1,161250121,161250135,+
chr1,161309652,161309666,+
chr1,161309890,161309906,+
chr1,161310070,161310131,+
chr1,161310161,161310198,+
chr1,161660929,161660945,+
chr1,161661727,161661806,+
chr1,161661841,161661856,+
chr1,161670515,161670529,+
chr1,161670660,161670680,+
chr1,161670682,161670702,+
chr1,161670720,161670736,+
chr1,161670967,161670986,+
chr1,161671326,161671340,+
chr1,161704721,161704741,+
chr1,161707146,161707180,+
chr1,161707447,161707461,+
chr1,161713434,161713448,+
chr1,161734720,161734742,+
chr1,161735541,161735556,+
chr1,161767059,161767084,+
chr1,161767086,161767110,+
chr1,161767124,161767143,+
chr1,161775198,161775215,+
chr1,161779388,161779402,+
chr1,161804272,161804286,+
chr1,161875984,161876000,+
chr1,161877535,161877549,+
chr1,161908043,161908062,+
chr1,161968733,161968749,+
chr1,162206941,162206966,+
chr1,162207145,162207164,+
chr1,162207277,162207312,+
chr1,162295683,162295703,+
chr1,162571351,162571365,+
chr1,162728333,162728349,+
chr1,162728392,162728407,+
chr1,162751953,162752015,+
chr1,162752061,162752105,+
chr1,164062047,164062066,+
chr1,164062295,164062347,+
chr1,164062709,164062724,+
chr1,164062837,164062856,+
chr1,164069267,164069306,+
chr1,164070334,164070356,+
chr1,164076076,164076090,+
chr1,164078112,164078127,+
chr1,164079370,164079386,+
chr1,164082900,164082915,+
chr1,164083430,164083446,+
chr1,164087089,164087208,+
chr1,164134587,164134606,+
chr1,164135027,164135043,+
chr1,164248452,164248497,+
chr1,164275422,164275436,+
chr1,164453825,164453847,+
chr1,164454044,164454068,+
chr1,164454213,164454257,+
chr1,164503666,164503685,+
chr1,164504607,164504623,+
chr1,164571515,164571529,+
chr1,164572581,164572597,+
chr1,164600655,164600678,+
chr1,164700229,164700243,+
chr1,164881899,164881924,+
chr1,164882231,164882246,+
chr1,164955889,164955912,+
chr1,164960340,164960359,+
chr1,164960576,164960590,+
chr1,165154577,165154598,+
chr1,165174229,165174248,+
chr1,165174447,165174466,+
chr1,165193433,165193455,+
chr1,165193631,165193650,+
chr1,165193737,165193757,+
chr1,165194701,165194715,+
chr1,165236210,165236230,+
chr1,165236354,165236373,+
chr1,165377865,165377900,+
chr1,165459269,165459294,+
chr1,165460847,165460867,+
chr1,165641488,165641507,+
chr1,165641529,165641548,+
chr1,165641772,165641803,+
chr1,165641811,165641833,+
chr1,165642246,165642272,+
chr1,165676017,165676060,+
chr1,165681590,165681604,+
chr1,165684058,165684078,+
chr1,165700208,165700222,+
chr1,165701865,165701899,+
chr1,165705791,165705807,+
chr1,165708196,165708215,+
chr1,165712050,165712066,+
chr1,165718608,165718641,+
chr1,165747339,165747432,+
chr1,165763552,165763572,+
chr1,165780598,165780642,+
chr1,165788518,165788537,+
chr1,165789830,165789849,+
chr1,165808415,165808458,+
chr1,165810767,165810802,+
chr1,165812842,165812856,+
chr1,165828527,165828546,+
chr1,165838087,165838102,+
chr1,165838200,165838216,+
chr1,165844231,165844250,+
chr1,166000843,166000859,+
chr1,166044004,166044033,+
chr1,166048146,166048178,+
chr1,166380335,166380363,+
chr1,166400841,166400901,+
chr1,166400906,166400954,+
chr1,166410301,166410323,+
chr1,167245649,167245666,+
chr1,167270774,167270792,+
chr1,167286353,167286409,+
chr1,170863313,170863328,+
chr1,171388267,171388283,+
chr1,171481349,171481368,+
chr1,171502921,171502940,+
chr1,171502983,171503002,+
chr1,171503294,171503330,+
chr1,171504311,171504327,+
chr1,171643450,171643464,+
chr1,171789437,171789453,+
chr1,171789585,171789604,+
chr1,171844826,171844860,+
chr1,171845065,171845089,+
chr1,171845118,171845140,+
chr1,171916182,171916204,+
chr1,171916442,171916468,+
chr1,171917456,171917475,+
chr1,171917619,171917634,+
chr1,171918555,171918585,+
chr1,171918671,171918703,+
chr1,171918876,171918895,+
chr1,171920671,171920687,+
chr1,171963954,171963970,+
chr1,171983687,171983729,+
chr1,171983932,171983954,+
chr1,171984005,171984027,+
chr1,172026059,172026075,+
chr1,172026301,172026315,+
chr1,172126599,172126641,+
chr1,172147665,172147681,+
chr1,172147761,172147795,+
chr1,172149161,172149177,+
chr1,172311692,172311714,+
chr1,172501613,172501628,+
chr1,173419080,173419100,+
chr1,173420744,173420770,+
chr1,173425353,173425408,+
chr1,173425492,173425506,+
chr1,173436756,173436780,+
chr1,173489677,173489692,+
chr1,173490346,173490393,+
chr1,173490414,173490429,+
chr1,173491391,173491405,+
chr1,173534480,173534503,+
chr1,173535861,173535877,+
chr1,173536339,173536355,+
chr1,173548931,173548950,+
chr1,173549052,173549071,+
chr1,173549242,173549276,+
chr1,173597459,173597482,+
chr1,173598374,173598421,+
chr1,173599134,173599154,+
chr1,173599378,173599395,+
chr1,173599652,173599666,+
chr1,173599735,173599754,+
chr1,173630678,173630702,+
chr1,173630837,173630856,+
chr1,173631205,173631220,+
chr1,173634064,173634079,+
chr1,173641554,173641625,+
chr1,173673087,173673102,+
chr1,173678672,173678691,+
chr1,173678926,173678959,+
chr1,173809437,173809461,+
chr1,173878520,173878544,+
chr1,173878656,173878670,+
chr1,173880275,173880291,+
chr1,173880293,173880309,+
chr1,173942579,173942599,+
chr1,173949224,173949243,+
chr1,174040960,174040975,+
chr1,175693171,175693190,+
chr1,176945814,176945830,+
chr1,176946515,176946539,+
chr1,176947144,176947167,+
chr1,176947210,176947224,+
chr1,177670663,177670678,+
chr1,177670769,177670791,+
chr1,177670841,177670856,+
chr1,177700678,177700698,+
chr1,177795503,177795519,+
chr1,177795524,177795548,+
chr1,177795751,177795782,+
chr1,178187167,178187188,+
chr1,178242422,178242444,+
chr1,178318059,178318073,+
chr1,178318318,178318344,+
chr1,178336198,178336212,+
chr1,178336291,178336310,+
chr1,178369282,178369308,+
chr1,178405163,178405187,+
chr1,178405838,178405894,+
chr1,178406812,178406828,+
chr1,179240533,179240547,+
chr1,179240676,179240691,+
chr1,179240801,179240829,+
chr1,180195535,180195559,+
chr1,180196569,180196585,+
chr1,180330321,180330362,+
chr1,180332580,180332604,+
chr1,180338047,180338106,+
chr1,180338463,180338502,+
chr1,180390963,180390982,+
chr1,180391267,180391287,+
chr1,180397486,180397508,+
chr1,180397973,180397987,+
chr1,180398272,180398292,+
chr1,180774741,180774767,+
chr1,180777496,180777515,+
chr1,180778042,180778057,+
chr1,180811961,180811977,+
chr1,180811982,180812002,+
chr1,180812122,180812138,+
chr1,180812274,180812293,+
chr1,180812319,180812371,+
chr1,180903936,180903960,+
chr1,180916144,180916164,+
chr1,180916880,180916894,+
chr1,180926498,180926522,+
chr1,181117157,181117185,+
chr1,181143794,181143808,+
chr1,181143883,181143897,+
chr1,181144393,181144409,+
chr1,181144578,181144592,+
chr1,181150761,181150780,+
chr1,181210133,181210168,+
chr1,181227114,181227130,+
chr1,181227878,181227910,+
chr1,181228276,181228291,+
chr1,181229634,181229649,+
chr1,181234701,181234717,+
chr1,181861241,181861290,+
chr1,181861409,181861474,+
chr1,182163229,182163253,+
chr1,182254555,182254571,+
chr1,182340636,182340660,+
chr1,183179943,183179965,+
chr1,183180071,183180085,+
chr1,183180255,183180269,+
chr1,183180319,183180333,+
chr1,183180409,183180424,+
chr1,183180574,183180594,+
chr1,184014009,184014024,+
chr1,184014105,184014121,+
chr1,184014123,184014141,+
chr1,184024679,184024701,+
chr1,184024856,184024880,+
chr1,184025073,184025092,+
chr1,184060648,184060664,+
chr1,184060732,184060756,+
chr1,184117218,184117256,+
chr1,184793100,184793129,+
chr1,184794031,184794045,+
chr1,185203736,185203775,+
chr1,186750215,186750229,+
chr1,186750365,186750408,+
chr1,189796483,189796502,+
chr1,189831399,189831417,+
chr1,190929242,190929257,+
chr1,191363116,191363131,+
chr1,191363314,191363330,+
chr1,191369517,191369533,+
chr1,191391306,191391325,+
chr1,191391364,191391401,+
chr1,191391450,191391469,+
chr1,191402094,191402137,+
chr1,191402156,191402179,+
chr1,191421382,191421401,+
chr1,191446105,191446127,+
chr1,191446303,191446318,+
chr1,191446509,191446544,+
chr1,191479813,191479837,+
chr1,191479851,191479887,+
chr1,191576195,191576209,+
chr1,191717639,191717653,+
chr1,192086861,192086877,+
chr1,193130169,193130194,+
chr1,193146492,193146527,+
chr1,193173307,193173337,+
chr1,193181371,193181390,+
chr1,193262983,193262999,+
chr1,193325138,193325187,+
chr1,193325191,193325208,+
chr1,193338115,193338134,+
chr1,193345347,193345361,+
chr1,193420482,193420525,+
chr1,193420954,193420973,+
chr1,193421858,193421882,+
chr1,193444345,193444368,+
chr1,195089938,195089977,+
chr1,195130841,195130855,+
chr1,195131204,195131219,+
chr1,195131551,195131565,+
chr1,195176248,195176317,+
chr1,6214190,6214204,-
chr1,6454057,6454073,-
chr1,6454246,6454261,-
chr1,7005820,7005887,-
chr1,7090447,7090468,-
chr1,7090476,7090501,-
chr1,7395094,7395108,-
chr1,7395756,7395782,-
chr1,7414528,7414542,-
chr1,9235733,9235752,-
chr1,9236649,9236686,-
chr1,9522308,9522327,-
chr1,9522347,9522443,-
chr1,9700943,9700965,-
chr1,9729563,9729612,-
chr1,9747730,9747746,-
chr1,9847123,9847143,-
chr1,9849705,9849732,-
chr1,9863706,9863720,-
chr1,9883240,9883262,-
chr1,9883517,9883552,-
chr1,9944415,9944431,-
chr1,10038433,10038459,-
chr1,13267908,13267928,-
chr1,13293926,13293944,-
chr1,13294698,13294717,-
chr1,13374043,13374059,-
chr1,13559617,13559631,-
chr1,13593430,13593452,-
chr1,15806118,15806139,-
chr1,16200803,16200884,-
chr1,16619569,16619583,-
chr1,16688312,16688331,-
chr1,16689091,16689106,-
chr1,16689157,16689171,-
chr1,20820528,20820564,-
chr1,20969442,20969543,-
chr1,21052245,21052260,-
chr1,21052502,21052526,-
chr1,21480203,21480219,-
chr1,21480268,21480302,-
chr1,21963147,21963176,-
chr1,23272394,23272414,-
chr1,24678044,24678060,-
chr1,24679134,24679158,-
chr1,24679392,24679411,-
chr1,30872643,30872674,-
chr1,30950245,30950260,-
chr1,30950451,30950482,-
chr1,33669902,33669936,-
chr1,33670085,33670119,-
chr1,33883738,33883753,-
chr1,34428913,34428974,-
chr1,34434424,34434440,-
chr1,34510906,34510926,-
chr1,34843219,34843239,-
chr1,34843331,34843345,-
chr1,35653180,35653199,-
chr1,35816842,35816871,-
chr1,35862236,35862264,-
chr1,35862384,35862403,-
chr1,35862434,35862469,-
chr1,35943725,35943781,-
chr1,35944233,35944304,-
chr1,36097432,36097532,-
chr1,36097555,36097661,-
chr1,36256388,36256404,-
chr1,36262218,36262239,-
chr1,36264397,36264419,-
chr1,36267097,36267143,-
chr1,36272589,36272604,-
chr1,36295013,36295044,-
chr1,36295546,36295560,-
chr1,36308330,36308362,-
chr1,36309748,36309787,-
chr1,36310076,36310095,-
chr1,36445472,36445488,-
chr1,36470863,36470887,-
chr1,36737561,36737580,-
chr1,36797749,36797769,-
chr1,36807276,36807296,-
chr1,36807466,36807490,-
chr1,36940273,36940293,-
chr1,36960712,36960726,-
chr1,36961031,36961053,-
chr1,37300542,37300561,-
chr1,37481466,37481492,-
chr1,37496194,37496213,-
chr1,37614757,37614776,-
chr1,37614874,37614893,-
chr1,37872267,37872286,-
chr1,37890099,37890118,-
chr1,37997496,37997512,-
chr1,38657777,38657799,-
chr1,38657873,38657887,-
chr1,38664187,38664206,-
chr1,38664869,38664888,-
chr1,38898469,38898509,-
chr1,39090466,39090484,-
chr1,39091798,39091835,-
chr1,39097215,39097231,-
chr1,39102179,39102201,-
chr1,39102574,39102601,-
chr1,39535365,39535380,-
chr1,39555818,39555842,-
chr1,39714289,39714311,-
chr1,39735892,39735908,-
chr1,39735957,39735979,-
chr1,39746953,39746972,-
chr1,39749678,39749700,-
chr1,39842020,39842044,-
chr1,39842895,39842957,-
chr1,39901703,39901746,-
chr1,39902404,39902423,-
chr1,39907364,39907380,-
chr1,39917068,39917082,-
chr1,39917087,39917106,-
chr1,39917716,39917740,-
chr1,39918248,39918267,-
chr1,39918480,39918506,-
chr1,39936344,39936368,-
chr1,39936793,39936807,-
chr1,39936828,39936867,-
chr1,39944688,39944707,-
chr1,39954617,39954632,-
chr1,40324455,40324469,-
chr1,40324876,40324898,-
chr1,40324908,40324928,-
chr1,40325024,40325040,-
chr1,40325085,40325112,-
chr1,40470000,40470019,-
chr1,40474653,40474672,-
chr1,40475885,40475907,-
chr1,40479634,40479653,-
chr1,40479978,40479992,-
chr1,40515477,40515491,-
chr1,40687915,40687929,-
chr1,40751726,40751745,-
chr1,43403703,43403766,-
chr1,43451461,43451480,-
chr1,43451509,43451535,-
chr1,43456824,43456839,-
chr1,43457190,43457209,-
chr1,43464797,43464813,-
chr1,43464917,43464934,-
chr1,43465008,43465022,-
chr1,43465531,43465547,-
chr1,43467993,43468013,-
chr1,43472684,43472703,-
chr1,43501423,43501446,-
chr1,43542320,43542339,-
chr1,43542959,43542978,-
chr1,43592341,43592357,-
chr1,43880566,43880593,-
chr1,43934667,43934687,-
chr1,43934726,43934745,-
chr1,45734291,45734310,-
chr1,45739217,45739236,-
chr1,46181115,46181134,-
chr1,46852447,46852467,-
chr1,46852647,46852661,-
chr1,46874374,46874396,-
chr1,46874404,46874424,-
chr1,46894774,46894793,-
chr1,51071602,51071675,-
chr1,51071714,51071733,-
chr1,51121104,51121139,-
chr1,51573049,51573068,-
chr1,51577592,51577614,-
chr1,51578091,51578106,-
chr1,51585207,51585221,-
chr1,52009548,52009592,-
chr1,52010083,52010099,-
chr1,52011120,52011136,-
chr1,52012119,52012134,-
chr1,52013119,52013138,-
chr1,52019685,52019711,-
chr1,52019846,52019868,-
chr1,52020366,52020382,-
chr1,52020391,52020407,-
chr1,52100590,52100614,-
chr1,52116976,52117029,-
chr1,52118879,52118898,-
chr1,52118920,52118934,-
chr1,52118941,52118961,-
chr1,52150578,52150614,-
chr1,52231875,52231889,-
chr1,52374784,52374799,-
chr1,52375047,52375096,-
chr1,52578501,52578516,-
chr1,52607740,52607773,-
chr1,52607845,52607865,-
chr1,52630948,52630967,-
chr1,52631313,52631333,-
chr1,52650578,52650604,-
chr1,52844717,52844744,-
chr1,53076972,53077029,-
chr1,53728365,53728422,-
chr1,53728500,53728514,-
chr1,53774300,53774319,-
chr1,53780945,53780959,-
chr1,53781373,53781392,-
chr1,53782395,53782415,-
chr1,53783650,53783664,-
chr1,53824590,53824606,-
chr1,53824748,53824768,-
chr1,53843331,53843345,-
chr1,53850462,53850477,-
chr1,53882748,53882762,-
chr1,53886736,53886752,-
chr1,53940584,53940599,-
chr1,54492486,54492504,-
chr1,54493566,54493587,-
chr1,54585782,54585805,-
chr1,54585819,54585838,-
chr1,54842260,54842279,-
chr1,54853120,54853144,-
chr1,54853165,54853193,-
chr1,54871461,54871476,-
chr1,54896749,54896765,-
chr1,54896794,54896810,-
chr1,54913832,54913851,-
chr1,54914062,54914109,-
chr1,54914350,54914391,-
chr1,54925365,54925403,-
chr1,55028904,55028924,-
chr1,55029279,55029298,-
chr1,55030967,55031074,-
chr1,55031224,55031250,-
chr1,55130698,55130714,-
chr1,55215953,55215985,-
chr1,55239387,55239401,-
chr1,55372897,55372919,-
chr1,55405559,55405578,-
chr1,55448152,55448168,-
chr1,58301803,58301820,-
chr1,58310987,58311019,-
chr1,58311026,58311055,-
chr1,58312004,58312020,-
chr1,58422783,58422805,-
chr1,58423368,58423382,-
chr1,58444950,58444974,-
chr1,58652333,58652353,-
chr1,58652368,58652400,-
chr1,58652441,58652455,-
chr1,58710896,58710941,-
chr1,58711054,58711080,-
chr1,58711289,58711322,-
chr1,58712470,58712502,-
chr1,58712995,58713014,-
chr1,58713165,58713193,-
chr1,58713957,58713977,-
chr1,58714223,58714242,-
chr1,58714494,58714520,-
chr1,58714559,58714573,-
chr1,58714583,58714599,-
chr1,58714793,58714809,-
chr1,58715001,58715046,-
chr1,58715360,58715388,-
chr1,58715745,58715784,-
chr1,58716436,58716452,-
chr1,58716832,58716860,-
chr1,58717695,58717713,-
chr1,58717983,58717997,-
chr1,58720657,58720671,-
chr1,58721306,58721320,-
chr1,58795218,58795238,-
chr1,58797227,58797276,-
chr1,58797313,58797327,-
chr1,58797888,58797902,-
chr1,58802321,58802337,-
chr1,58803060,58803076,-
chr1,58803290,58803306,-
chr1,58803800,58803834,-
chr1,58956654,58956670,-
chr1,58965535,58965589,-
chr1,59237811,59237827,-
chr1,59237980,59237996,-
chr1,59316850,59316899,-
chr1,59608585,59608646,-
chr1,59609041,59609056,-
chr1,59914423,59914483,-
chr1,59923552,59923568,-
chr1,60016522,60016536,-
chr1,60075568,60075582,-
chr1,60158562,60158606,-
chr1,60180142,60180161,-
chr1,60236360,60236376,-
chr1,60236530,60236549,-
chr1,60352864,60352907,-
chr1,60353245,60353267,-
chr1,60416634,60416653,-
chr1,60416702,60416717,-
chr1,60417190,60417219,-
chr1,60483197,60483215,-
chr1,60539671,60539693,-
chr1,60652518,60652537,-
chr1,60746091,60746120,-
chr1,60746536,60746551,-
chr1,60746773,60746799,-
chr1,60755455,60755471,-
chr1,60758002,60758018,-
chr1,60758190,60758205,-
chr1,60759233,60759247,-
chr1,60760429,60760445,-
chr1,60761534,60761556,-
chr1,60761916,60761949,-
chr1,60777097,60777119,-
chr1,60777479,60777493,-
chr1,60811804,60811823,-
chr1,60811894,60811908,-
chr1,60883009,60883031,-
chr1,60898527,60898541,-
chr1,60908888,60908928,-
chr1,60916409,60916428,-
chr1,60978103,60978149,-
chr1,60990616,60990630,-
chr1,61135832,61135846,-
chr1,61135938,61135961,-
chr1,61136197,61136217,-
chr1,62829523,62829542,-
chr1,62874902,62874918,-
chr1,63114382,63114404,-
chr1,63114551,63114565,-
chr1,63114963,63114978,-
chr1,63176891,63176905,-
chr1,64088519,64088535,-
chr1,64121053,64121073,-
chr1,64121108,64121137,-
chr1,64136419,64136438,-
chr1,64136457,64136484,-
chr1,64136600,64136648,-
chr1,64533768,64533839,-
chr1,64534097,64534116,-
chr1,64949682,64949707,-
chr1,64949718,64949737,-
chr1,65153027,65153046,-
chr1,66496401,66496460,-
chr1,66552358,66552377,-
chr1,66552803,66552822,-
chr1,66552832,66552856,-
chr1,66678904,66678951,-
chr1,66758018,66758042,-
chr1,66758162,66758178,-
chr1,66758491,66758510,-
chr1,66758537,66758634,-
chr1,66863567,66863624,-
chr1,66863722,66863760,-
chr1,66987742,66987756,-
chr1,66987777,66987793,-
chr1,69687076,69687090,-
chr1,69752866,69752882,-
chr1,69752983,69753002,-
chr1,72244584,72244616,-
chr1,72307170,72307209,-
chr1,74238304,74238319,-
chr1,74238949,74238973,-
chr1,74244711,74244727,-
chr1,74248822,74248837,-
chr1,75125382,75125398,-
chr1,75125402,75125418,-
chr1,75252040,75252056,-
chr1,75521284,75521298,-
chr1,75521859,75521875,-
chr1,75522263,75522279,-
chr1,75522317,75522335,-
chr1,75522362,75522394,-
chr1,78489300,78489316,-
chr1,78537344,78537363,-
chr1,78538162,78538211,-
chr1,79775870,79775889,-
chr1,80214350,80214364,-
chr1,80341387,80341403,-
chr1,80361640,80361768,-
chr1,80361897,80361920,-
chr1,80381457,80381481,-
chr1,80409686,80409700,-
chr1,80409714,80409728,-
chr1,80416432,80416451,-
chr1,80416593,80416621,-
chr1,80441225,80441239,-
chr1,80637070,80637087,-
chr1,80665576,80665600,-
chr1,80665613,80665627,-
chr1,80670803,80670822,-
chr1,80699797,80699836,-
chr1,80700091,80700110,-
chr1,80700187,80700211,-
chr1,80703677,80703691,-
chr1,80728600,80728616,-
chr1,80728787,80728809,-
chr1,80728840,80728854,-
chr1,80746631,80746646,-
chr1,81375479,81375729,-
chr1,82296390,82296442,-
chr1,82803692,82803707,-
chr1,82803846,82803861,-
chr1,82803906,82803929,-
chr1,82807014,82807033,-
chr1,82807550,82807596,-
chr1,82831056,82831104,-
chr1,82833507,82833523,-
chr1,82900354,82900368,-
chr1,82973757,82973776,-
chr1,84305982,84306004,-
chr1,84318727,84318741,-
chr1,85686540,85686562,-
chr1,85688186,85688205,-
chr1,85693984,85694003,-
chr1,85732616,85732631,-
chr1,85736227,85736243,-
chr1,85752842,85752876,-
chr1,85895650,85895669,-
chr1,86152732,86152752,-
chr1,86152898,86152932,-
chr1,86344212,86344239,-
chr1,86344538,86344553,-
chr1,86405112,86405156,-
chr1,86434831,86434850,-
chr1,86441237,86441251,-
chr1,86441260,86441295,-
chr1,86525721,86525735,-
chr1,86528591,86528607,-
chr1,86528754,86528770,-
chr1,86582678,86582697,-
chr1,87378781,87378797,-
chr1,87608193,87608298,-
chr1,87608311,87608326,-
chr1,87829575,87829594,-
chr1,87847376,87847395,-
chr1,87847682,87847719,-
chr1,87847723,87847739,-
chr1,87854698,87854723,-
chr1,87867034,87867053,-
chr1,87872489,87872517,-
chr1,87878196,87878212,-
chr1,87878231,87878261,-
chr1,87899915,87899935,-
chr1,88430901,88430915,-
chr1,88578250,88578278,-
chr1,88610980,88610995,-
chr1,88611137,88611156,-
chr1,88611172,88611210,-
chr1,88611229,88611260,-
chr1,88616728,88616743,-
chr1,88622856,88622870,-
chr1,88625318,88625332,-
chr1,88644746,88644777,-
chr1,88647263,88647279,-
chr1,88648904,88648934,-
chr1,88654172,88654187,-
chr1,88656293,88656309,-
chr1,88656643,88656663,-
chr1,88681015,88681029,-
chr1,88697286,88697309,-
chr1,88699877,88699914,-
chr1,88700192,88700218,-
chr1,88709255,88709274,-
chr1,91054885,91054904,-
chr1,91056307,91056333,-
chr1,91064976,91064990,-
chr1,91090387,91090414,-
chr1,91095145,91095159,-
chr1,91095737,91095757,-
chr1,91100413,91100479,-
chr1,91100537,91100551,-
chr1,91190640,91190664,-
chr1,91250261,91250277,-
chr1,92070381,92070395,-
chr1,92102795,92102819,-
chr1,92103152,92103166,-
chr1,92103664,92103678,-
chr1,92190456,92190475,-
chr1,92190818,92190832,-
chr1,92774173,92774204,-
chr1,93635986,93636007,-
chr1,93755534,93755574,-
chr1,93825558,93825577,-
chr1,94035656,94035670,-
chr1,94091942,94091958,-
chr1,94092014,94092028,-
chr1,94868960,94868976,-
chr1,94868986,94869012,-
chr1,94869018,94869033,-
chr1,94869146,94869161,-
chr1,94979025,94979093,-
chr1,95313106,95313128,-
chr1,95313868,95313886,-
chr1,95573069,95573085,-
chr1,95664901,95664933,-
chr1,95665792,95665827,-
chr1,95666539,95666554,-
chr1,97497005,97497020,-
chr1,97525552,97525567,-
chr1,97525641,97525700,-
chr1,97525815,97525829,-
chr1,97525925,97525941,-
chr1,97525953,97525972,-
chr1,97623867,97623892,-
chr1,97662450,97662469,-
chr1,97664837,97664913,-
chr1,97770288,97770319,-
chr1,97918967,97918988,-
chr1,97919206,97919252,-
chr1,98129760,98129780,-
chr1,98130411,98130436,-
chr1,98131240,98131255,-
chr1,98589156,98589193,-
chr1,98589197,98589211,-
chr1,101903113,101903127,-
chr1,105435553,105435567,-
chr1,105435603,105435623,-
chr1,105435668,105435713,-
chr1,105972028,105972043,-
chr1,105972045,105972064,-
chr1,105981028,105981050,-
chr1,105997128,105997219,-
chr1,105997465,105997490,-
chr1,105997573,105997587,-
chr1,106020014,106020046,-
chr1,106020134,106020149,-
chr1,106020416,106020436,-
chr1,106036657,106036685,-
chr1,106036706,106036745,-
chr1,106066043,106066057,-
chr1,106152208,106152222,-
chr1,106318559,106318593,-
chr1,106321789,106321826,-
chr1,106345745,106345759,-
chr1,106345776,106345850,-
chr1,106345936,106345950,-
chr1,106494801,106494882,-
chr1,106494891,106494920,-
chr1,106494951,106494991,-
chr1,106562364,106562384,-
chr1,106602758,106602777,-
chr1,106713216,106713238,-
chr1,118290008,118290061,-
chr1,118290068,118290139,-
chr1,118388454,118388478,-
chr1,118389393,118389419,-
chr1,118458891,118458905,-
chr1,119083102,119083147,-
chr1,119487355,119487379,-
chr1,119990219,119990351,-
chr1,119990357,119990402,-
chr1,119990408,119990771,-
chr1,120057431,120057447,-
chr1,120057518,120057534,-
chr1,120057636,120057661,-
chr1,120057975,120057999,-
chr1,120121221,120121242,-
chr1,122193799,122193832,-
chr1,122193912,122193936,-
chr1,125431084,125431103,-
chr1,125441736,125441751,-
chr1,125465905,125465949,-
chr1,125466386,125466406,-
chr1,125466522,125466557,-
chr1,127159497,127159564,-
chr1,127159583,127159625,-
chr1,127214679,127214698,-
chr1,127230829,127230848,-
chr1,127318330,127318360,-
chr1,127318539,127318566,-
chr1,127318772,127318794,-
chr1,127322747,127322773,-
chr1,127347828,127347842,-
chr1,127796354,127796395,-
chr1,127796672,127796692,-
chr1,127850025,127850067,-
chr1,127869425,127869444,-
chr1,127869582,127869597,-
chr1,127982259,127982281,-
chr1,128104122,128104136,-
chr1,128243908,128243924,-
chr1,128359934,128359965,-
chr1,128417574,128417588,-
chr1,128593537,128593581,-
chr1,128601470,128601491,-
chr1,128602728,128602747,-
chr1,128604347,128604366,-
chr1,128612898,128612912,-
chr1,128613013,128613028,-
chr1,128615763,128615779,-
chr1,128665712,128665726,-
chr1,128665846,128665861,-
chr1,128666013,128666032,-
chr1,128666051,128666070,-
chr1,128705183,128705202,-
chr1,128705407,128705424,-
chr1,128766518,128766584,-
chr1,128766711,128766730,-
chr1,128767022,128767042,-
chr1,128767238,128767257,-
chr1,128782281,128782295,-
chr1,128782320,128782347,-
chr1,128782541,128782570,-
chr1,128787631,128787653,-
chr1,129616354,129616368,-
chr1,129616542,129616556,-
chr1,130463986,130464002,-
chr1,130474885,130474907,-
chr1,130502336,130502406,-
chr1,130508570,130508584,-
chr1,130629835,130629859,-
chr1,131278745,131278764,-
chr1,131365835,131365866,-
chr1,131446867,131446883,-
chr1,131638070,131638089,-
chr1,131638218,131638232,-
chr1,131638738,131638768,-
chr1,131639011,131639026,-
chr1,131653291,131653311,-
chr1,131653316,131653335,-
chr1,132008771,132008801,-
chr1,132009777,132009799,-
chr1,132010312,132010339,-
chr1,132011561,132011575,-
chr1,132011967,132011982,-
chr1,132012001,132012018,-
chr1,132155985,132155999,-
chr1,132342286,132342300,-
chr1,132342447,132342477,-
chr1,132418364,132418408,-
chr1,132477255,132477270,-
chr1,132477285,132477299,-
chr1,133025522,133025543,-
chr1,133030097,133030161,-
chr1,133039645,133039679,-
chr1,133040044,133040088,-
chr1,133040101,133040118,-
chr1,133661585,133661609,-
chr1,133689499,133689513,-
chr1,133690534,133690567,-
chr1,133711488,133711507,-
chr1,133821642,133821666,-
chr1,134059649,134059668,-
chr1,134059755,134059774,-
chr1,134078135,134078149,-
chr1,134079906,134079925,-
chr1,134096255,134096269,-
chr1,134098066,134098087,-
chr1,134099822,134099841,-
chr1,134558034,134558059,-
chr1,134930463,134930477,-
chr1,134962793,134962813,-
chr1,134962974,134963002,-
chr1,134963150,134963177,-
chr1,135154488,135154504,-
chr1,135284562,135284577,-
chr1,135725953,135725967,-
chr1,135726368,135726403,-
chr1,136132055,136132074,-
chr1,136136050,136136070,-
chr1,136136239,136136253,-
chr1,136136268,136136283,-
chr1,136414975,136414998,-
chr1,136415709,136415733,-
chr1,136415757,136415787,-
chr1,136551946,136552044,-
chr1,136568870,136568892,-
chr1,136573252,136573328,-
chr1,136582011,136582033,-
chr1,136624523,136624542,-
chr1,136637181,136637252,-
chr1,136672288,136672302,-
chr1,136685610,136685636,-
chr1,136699439,136699492,-
chr1,138062404,138062444,-
chr1,138130289,138130308,-
chr1,138134465,138134481,-
chr1,138144937,138144957,-
chr1,138145243,138145271,-
chr1,138162784,138162798,-
chr1,138163285,138163329,-
chr1,138166558,138166574,-
chr1,138171935,138171979,-
chr1,138176019,138176035,-
chr1,138176406,138176422,-
chr1,138188670,138188686,-
chr1,138188726,138188740,-
chr1,138190633,138190652,-
chr1,138199698,138199748,-
chr1,138199967,138199987,-
chr1,138250972,138250994,-
chr1,138251214,138251238,-
chr1,138251242,138251256,-
chr1,138251302,138251316,-
chr1,138251975,138252009,-
chr1,138378359,138378423,-
chr1,138964142,138964161,-
chr1,138973449,138973463,-
chr1,139036350,139036365,-
chr1,139423080,139423094,-
chr1,139454584,139454603,-
chr1,139454829,139454855,-
chr1,142797198,142797309,-
chr1,143918961,143918984,-
chr1,143919620,143919639,-
chr1,144006611,144006634,-
chr1,144249422,144249436,-
chr1,144307264,144307286,-
chr1,144307334,144307353,-
chr1,144330267,144330284,-
chr1,150465479,150465494,-
chr1,151002295,151002325,-
chr1,151096037,151096056,-
chr1,151096252,151096268,-
chr1,151270624,151270667,-
chr1,151270683,151270750,-
chr1,151345490,151345513,-
chr1,151428526,151428545,-
chr1,151682910,151682927,-
chr1,151683125,151683139,-
chr1,151683225,151683242,-
chr1,151683267,151683286,-
chr1,151754746,151754791,-
chr1,152008645,152008661,-
chr1,152009230,152009244,-
chr1,152037239,152037253,-
chr1,152037510,152037530,-
chr1,152585414,152585428,-
chr1,152767835,152767855,-
chr1,152767937,152767967,-
chr1,152767981,152767995,-
chr1,152790478,152790492,-
chr1,152790716,152790772,-
chr1,152903117,152903132,-
chr1,152904443,152904462,-
chr1,152904877,152904891,-
chr1,153141208,153141224,-
chr1,153424654,153424668,-
chr1,153486568,153486588,-
chr1,153487950,153487966,-
chr1,153749456,153749475,-
chr1,153749634,153749654,-
chr1,153751769,153751785,-
chr1,153847148,153847167,-
chr1,153900259,153900278,-
chr1,154837537,154837613,-
chr1,155040019,155040053,-
chr1,155040755,155040797,-
chr1,155060033,155060049,-
chr1,155060112,155060128,-
chr1,155060146,155060162,-
chr1,155417721,155417736,-
chr1,155476207,155476221,-
chr1,155476593,155476633,-
chr1,155973807,155973826,-
chr1,156036995,156037009,-
chr1,156037193,156037207,-
chr1,156037566,156037585,-
chr1,156418403,156418419,-
chr1,156418579,156418607,-
chr1,156616156,156616180,-
chr1,156616295,156616319,-
chr1,159929069,159929089,-
chr1,159952886,159952902,-
chr1,160024180,160024207,-
chr1,160039976,160040003,-
chr1,160042451,160042470,-
chr1,160044767,160044794,-
chr1,160045812,160045850,-
chr1,160058127,160058213,-
chr1,160058225,160058380,-
chr1,160213474,160213488,-
chr1,160306801,160306815,-
chr1,161034194,161034210,-
chr1,161195748,161195767,-
chr1,161250450,161250475,-
chr1,161251666,161251682,-
chr1,161306975,161306989,-
chr1,161307022,161307037,-
chr1,161307490,161307510,-
chr1,161309010,161309026,-
chr1,161309395,161309417,-
chr1,161309600,161309625,-
chr1,161662016,161662031,-
chr1,161671293,161671308,-
chr1,161704593,161704609,-
chr1,161705147,161705187,-
chr1,161707033,161707049,-
chr1,161712942,161712967,-
chr1,161713403,161713436,-
chr1,161766624,161766659,-
chr1,161766718,161766732,-
chr1,161778758,161778777,-
chr1,161779434,161779453,-
chr1,161801661,161801702,-
chr1,161877411,161877437,-
chr1,162186947,162186963,-
chr1,162187130,162187152,-
chr1,162207023,162207037,-
chr1,162727979,162727993,-
chr1,162752351,162752366,-
chr1,163403521,163403540,-
chr1,164009340,164009365,-
chr1,164009368,164009384,-
chr1,164061796,164061827,-
chr1,164063237,164063308,-
chr1,164063565,164063587,-
chr1,164063596,164063610,-
chr1,164063877,164063907,-
chr1,164069191,164069245,-
chr1,164069546,164069560,-
chr1,164071208,164071224,-
chr1,164071859,164071873,-
chr1,164075375,164075399,-
chr1,164076111,164076130,-
chr1,164076446,164076475,-
chr1,164077084,164077111,-
chr1,164077304,164077318,-
chr1,164077389,164077405,-
chr1,164078438,164078460,-
chr1,164078487,164078509,-
chr1,164078552,164078566,-
chr1,164082917,164082949,-
chr1,164083143,164083167,-
chr1,164087269,164087292,-
chr1,164098625,164098646,-
chr1,164134927,164134952,-
chr1,164405497,164405522,-
chr1,164426541,164426565,-
chr1,164503741,164503755,-
chr1,164503912,164503936,-
chr1,164573404,164573419,-
chr1,164600783,164600805,-
chr1,164815053,164815072,-
chr1,164815760,164815777,-
chr1,164815790,164815804,-
chr1,165071118,165071179,-
chr1,165193252,165193274,-
chr1,165193396,165193425,-
chr1,165194871,165194885,-
chr1,165459235,165459261,-
chr1,165641704,165641739,-
chr1,165705597,165705611,-
chr1,165705965,165705991,-
chr1,165707561,165707575,-
chr1,165707610,165707629,-
chr1,165717134,165717158,-
chr1,165717184,165717204,-
chr1,165718068,165718093,-
chr1,165730416,165730452,-
chr1,165747249,165747263,-
chr1,165775763,165775798,-
chr1,165779908,165779923,-
chr1,165780047,165780066,-
chr1,165791556,165791575,-
chr1,165791747,165791776,-
chr1,165795290,165795309,-
chr1,165803374,165803389,-
chr1,165813101,165813115,-
chr1,165816725,165816739,-
chr1,165816740,165816754,-
chr1,165838013,165838035,-
chr1,165844323,165844349,-
chr1,165847608,165847628,-
chr1,165847756,165847770,-
chr1,165852662,165852681,-
chr1,166002897,166002926,-
chr1,166003606,166003642,-
chr1,166017274,166017288,-
chr1,166048420,166048441,-
chr1,167394043,167394062,-
chr1,170863192,170863206,-
chr1,170867960,170867996,-
chr1,170868009,170868023,-
chr1,171150733,171150800,-
chr1,171294881,171294897,-
chr1,171361078,171361099,-
chr1,171390539,171390554,-
chr1,171411927,171411941,-
chr1,171412313,171412348,-
chr1,171412471,171412490,-
chr1,171502520,171502536,-
chr1,171504409,171504436,-
chr1,171606929,171606943,-
chr1,171767303,171767319,-
chr1,171782793,171782823,-
chr1,171840990,171841012,-
chr1,171841033,171841047,-
chr1,171844730,171844749,-
chr1,171845324,171845340,-
chr1,171916082,171916096,-
chr1,171917248,171917306,-
chr1,171921673,171921696,-
chr1,171922071,171922102,-
chr1,171922148,171922168,-
chr1,171939493,171939511,-
chr1,171961923,171961942,-
chr1,171966512,171966532,-
chr1,171966593,171966616,-
chr1,172119777,172119817,-
chr1,172149116,172149138,-
chr1,172161349,172161373,-
chr1,172161412,172161427,-
chr1,172205946,172205970,-
chr1,172206006,172206037,-
chr1,172310454,172310474,-
chr1,172310650,172310690,-
chr1,172455674,172455690,-
chr1,172520490,172520504,-
chr1,172520519,172520544,-
chr1,172525184,172525200,-
chr1,173432700,173432722,-
chr1,173432731,173432776,-
chr1,173440465,173440493,-
chr1,173440531,173440550,-
chr1,173441718,173441733,-
chr1,173510521,173510555,-
chr1,173510726,173510745,-
chr1,173526080,173526141,-
chr1,173532554,173532573,-
chr1,173535605,173535620,-
chr1,173536111,173536135,-
chr1,173548568,173548582,-
chr1,173597917,173597936,-
chr1,173630415,173630479,-
chr1,173630937,173630953,-
chr1,173632318,173632341,-
chr1,173673558,173673572,-
chr1,173679181,173679195,-
chr1,173809262,173809284,-
chr1,173880254,173880269,-
chr1,173942558,173942573,-
chr1,173942734,173942754,-
chr1,173949044,173949066,-
chr1,174040789,174040803,-
chr1,176815106,176815155,-
chr1,176945855,176945883,-
chr1,176946468,176946484,-
chr1,176946795,176946811,-
chr1,176947267,176947291,-
chr1,176993060,176993079,-
chr1,176993455,176993470,-
chr1,177257271,177257287,-
chr1,177441181,177441195,-
chr1,177441227,177441243,-
chr1,178336135,178336154,-
chr1,178338104,178338198,-
chr1,178338278,178338302,-
chr1,178369651,178369667,-
chr1,178369687,178369702,-
chr1,178405254,178405298,-
chr1,178405456,178405472,-
chr1,179169760,179169780,-
chr1,179518144,179518183,-
chr1,179559319,179559339,-
chr1,179560067,179560081,-
chr1,179565180,179565214,-
chr1,179624439,179624471,-
chr1,179624474,179624489,-
chr1,179804255,179804269,-
chr1,180196395,180196438,-
chr1,180225619,180225645,-
chr1,180225751,180225834,-
chr1,180314169,180314188,-
chr1,180330258,180330273,-
chr1,180330288,180330304,-
chr1,180330673,180330690,-
chr1,180335606,180335625,-
chr1,180335820,180335852,-
chr1,180354947,180354961,-
chr1,180355565,180355599,-
chr1,180359723,180359750,-
chr1,180365744,180365771,-
chr1,180366344,180366358,-
chr1,180371186,180371206,-
chr1,180387317,180387331,-
chr1,180387977,180387994,-
chr1,180388487,180388501,-
chr1,180388851,180388900,-
chr1,180397166,180397182,-
chr1,180398170,180398185,-
chr1,180399150,180399172,-
chr1,180399400,180399426,-
chr1,180403374,180403394,-
chr1,180641558,180641574,-
chr1,180723456,180723471,-
chr1,180723797,180723811,-
chr1,180766912,180766927,-
chr1,180767410,180767462,-
chr1,180812860,180812879,-
chr1,180848360,180848387,-
chr1,180884701,180884717,-
chr1,180907124,180907138,-
chr1,180907238,180907252,-
chr1,180912377,180912397,-
chr1,180912561,180912575,-
chr1,180926520,180926536,-
chr1,180940410,180940426,-
chr1,181061734,181061797,-
chr1,181211247,181211265,-
chr1,181212706,181212731,-
chr1,181227239,181227259,-
chr1,181227296,181227310,-
chr1,181227511,181227533,-
chr1,181229408,181229428,-
chr1,182125382,182125396,-
chr1,182210716,182210730,-
chr1,182340534,182340554,-
chr1,182346709,182346729,-
chr1,182357556,182357570,-
chr1,182358651,182358667,-
chr1,182358910,182358975,-
chr1,182364140,182364159,-
chr1,182364262,182364282,-
chr1,182408903,182408918,-
chr1,182489813,182489835,-
chr1,183180108,183180162,-
chr1,183987811,183987826,-
chr1,184014431,184014522,-
chr1,184026207,184026248,-
chr1,184034200,184034214,-
chr1,184034824,184034843,-
chr1,184060572,184060587,-
chr1,184793225,184793239,-
chr1,184845158,184845172,-
chr1,184846001,184846025,-
chr1,186749652,186749757,-
chr1,186750177,186750194,-
chr1,186750423,186750437,-
chr1,187308595,187308628,-
chr1,187345627,187345671,-
chr1,187345687,187345703,-
chr1,187346295,187346321,-
chr1,187346583,187346611,-
chr1,189602349,189602369,-
chr1,189608872,189608886,-
chr1,189609027,189609046,-
chr1,189795636,189795662,-
chr1,189795741,189795787,-
chr1,189795880,189795906,-
chr1,189799342,189799376,-
chr1,189866900,189866924,-
chr1,189867006,189867025,-
chr1,191194155,191194171,-
chr1,191259258,191259280,-
chr1,191312960,191313019,-
chr1,191325466,191325480,-
chr1,191576215,191576229,-
chr1,191599037,191599057,-
chr1,191599602,191599618,-
chr1,191599694,191599720,-
chr1,193159280,193159296,-
chr1,193189232,193189252,-
chr1,193201025,193201039,-
chr1,193263794,193263820,-
chr1,193264426,193264445,-
chr1,193286287,193286302,-
chr1,193420995,193421009,-
chr1,193444244,193444268,-
chr1,194897897,194897937,-
chr1,194995627,194995646,-
chr1,195089989,195090070,-
chr1,195132045,195132097,-
chr10,3974131,3974147,+
chr10,4092123,4092148,+
chr10,4341765,4341799,+
chr10,4355952,4355971,+
chr10,4598340,4598385,+
chr10,4598717,4598736,+
chr10,4619492,4619512,+
chr10,4619526,4619542,+
chr10,4712982,4713058,+
chr10,4868488,4868543,+
chr10,5079362,5079389,+
chr10,5163777,5163803,+
chr10,5164097,5164113,+
chr10,5164225,5164244,+
chr10,5164281,5164297,+
chr10,5195043,5195063,+
chr10,5203198,5203255,+
chr10,5384048,5384094,+
chr10,5476471,5476485,+
chr10,5476733,5476749,+
chr10,5823789,5823805,+
chr10,5824881,5824897,+
chr10,6885919,6885941,+
chr10,6949135,6949212,+
chr10,6949253,6949272,+
chr10,6949322,6949341,+
chr10,6949351,6949367,+
chr10,6949450,6949464,+
chr10,6954743,6954762,+
chr10,6956354,6956368,+
chr10,6978453,6978525,+
chr10,6980393,6980407,+
chr10,6982130,6982144,+
chr10,6982508,6982527,+
chr10,6983283,6983299,+
chr10,6983362,6983376,+
chr10,6983760,6983782,+
chr10,6997064,6997088,+
chr10,7010569,7010588,+
chr10,7173165,7173181,+
chr10,7212766,7212791,+
chr10,7780217,7780233,+
chr10,7834990,7835005,+
chr10,7954499,7954598,+
chr10,7955298,7955312,+
chr10,7976510,7976525,+
chr10,7976994,7977008,+
chr10,8055542,8055556,+
chr10,8065418,8065447,+
chr10,8065760,8065775,+
chr10,8066272,8066352,+
chr10,8505217,8505236,+
chr10,8505272,8505291,+
chr10,8506146,8506177,+
chr10,8506377,8506391,+
chr10,8506500,8506537,+
chr10,8530175,8530219,+
chr10,9147824,9147873,+
chr10,9147874,9147924,+
chr10,9147944,9147983,+
chr10,9750294,9750362,+
chr10,9902170,9902186,+
chr10,10186502,10186563,+
chr10,10186616,10186632,+
chr10,10186816,10186837,+
chr10,10320935,10321031,+
chr10,10321061,10321119,+
chr10,11281115,11281138,+
chr10,12455218,12455285,+
chr10,12688558,12688577,+
chr10,12688680,12688702,+
chr10,12688880,12688944,+
chr10,12689015,12689103,+
chr10,12689114,12689232,+
chr10,12788406,12788422,+
chr10,12788511,12788545,+
chr10,12788927,12788941,+
chr10,12806167,12806191,+
chr10,12813128,12813151,+
chr10,12813570,12813594,+
chr10,12814068,12814093,+
chr10,12922035,12922108,+
chr10,12923346,12923368,+
chr10,12930535,12930551,+
chr10,13008231,13008274,+
chr10,13193372,13193402,+
chr10,13964307,13964347,+
chr10,13965970,13965995,+
chr10,13966443,13966477,+
chr10,13970695,13970709,+
chr10,13982168,13982194,+
chr10,13982686,13982730,+
chr10,13983635,13983654,+
chr10,13993234,13993248,+
chr10,14014531,14014563,+
chr10,14044000,14044014,+
chr10,14045867,14045887,+
chr10,14046723,14046739,+
chr10,14046912,14046926,+
chr10,14315019,14315045,+
chr10,14329261,14329280,+
chr10,14329789,14329808,+
chr10,15392312,15392327,+
chr10,17722636,17722676,+
chr10,17724825,17724839,+
chr10,17795844,17795873,+
chr10,17795996,17796015,+
chr10,17796032,17796050,+
chr10,17796795,17796809,+
chr10,17946872,17946900,+
chr10,17987844,17987860,+
chr10,17989258,17989274,+
chr10,18138877,18138896,+
chr10,18193836,18193852,+
chr10,18196988,18197020,+
chr10,18197034,18197053,+
chr10,18197172,18197195,+
chr10,18197349,18197385,+
chr10,18210894,18210913,+
chr10,18470819,18470838,+
chr10,18528247,18528275,+
chr10,18917425,18917459,+
chr10,18931698,18931717,+
chr10,18965307,18965345,+
chr10,19014356,19014375,+
chr10,19061781,19061797,+
chr10,19068602,19068616,+
chr10,19094245,19094260,+
chr10,19094541,19094557,+
chr10,19104719,19104733,+
chr10,19116954,19116973,+
chr10,19117243,19117262,+
chr10,19171959,19171981,+
chr10,19172168,19172182,+
chr10,19186027,19186055,+
chr10,19186554,19186573,+
chr10,19186969,19186984,+
chr10,19187508,19187524,+
chr10,19189356,19189370,+
chr10,19209943,19209970,+
chr10,19321560,19321575,+
chr10,19321591,19321620,+
chr10,19333204,19333218,+
chr10,19333674,19333690,+
chr10,19368745,19368823,+
chr10,19474333,19474398,+
chr10,19491633,19491647,+
chr10,19491865,19491885,+
chr10,19494304,19494429,+
chr10,19504575,19504589,+
chr10,19505546,19505560,+
chr10,19505635,19505653,+
chr10,19506261,19506294,+
chr10,19530715,19530734,+
chr10,19578379,19578397,+
chr10,19582001,19582017,+
chr10,19583257,19583271,+
chr10,19592925,19592939,+
chr10,19619893,19619925,+
chr10,19692241,19692255,+
chr10,19718651,19718670,+
chr10,19747548,19747563,+
chr10,20005512,20005536,+
chr10,20005622,20005657,+
chr10,20050430,20050542,+
chr10,20050611,20050635,+
chr10,20119712,20119728,+
chr10,20281553,20281567,+
chr10,20502762,20502835,+
chr10,20586533,20586591,+
chr10,20882655,20882669,+
chr10,21158848,21158864,+
chr10,21186702,21186725,+
chr10,21187860,21187879,+
chr10,21223622,21223641,+
chr10,21223679,21223693,+
chr10,21223987,21224003,+
chr10,21234975,21234990,+
chr10,21235281,21235297,+
chr10,21235757,21235773,+
chr10,21235873,21235889,+
chr10,21236020,21236039,+
chr10,21236435,21236454,+
chr10,21239459,21239474,+
chr10,21239553,21239572,+
chr10,21255282,21255298,+
chr10,21383228,21383247,+
chr10,21419598,21419612,+
chr10,21419641,21419657,+
chr10,21419686,21419721,+
chr10,21553162,21553184,+
chr10,21886950,21886966,+
chr10,21906355,21906374,+
chr10,21906377,21906415,+
chr10,21906601,21906644,+
chr10,21907699,21907716,+
chr10,21907720,21907734,+
chr10,21908761,21908803,+
chr10,21975794,21975808,+
chr10,21992541,21992557,+
chr10,21993398,21993417,+
chr10,22303992,22304011,+
chr10,22304077,22304091,+
chr10,22346130,22346181,+
chr10,23787048,23787067,+
chr10,24640284,24640300,+
chr10,24640386,24640402,+
chr10,24640441,24640470,+
chr10,24640535,24640559,+
chr10,24640624,24640643,+
chr10,24673113,24673135,+
chr10,24673247,24673262,+
chr10,24753938,24753992,+
chr10,24754997,24755016,+
chr10,25296517,25296531,+
chr10,25296563,25296579,+
chr10,26139515,26139561,+
chr10,26301334,26301422,+
chr10,26325232,26325251,+
chr10,26359065,26359089,+
chr10,26364187,26364203,+
chr10,26364889,26364908,+
chr10,26373590,26373623,+
chr10,26520561,26520577,+
chr10,26521179,26521198,+
chr10,26585383,26585397,+
chr10,26585616,26585631,+
chr10,28516529,28516554,+
chr10,28518137,28518156,+
chr10,28568370,28568389,+
chr10,28619314,28619328,+
chr10,28650661,28650677,+
chr10,28651070,28651086,+
chr10,28669180,28669224,+
chr10,28670234,28670258,+
chr10,28673988,28674002,+
chr10,28675828,28675850,+
chr10,28856221,28856245,+
chr10,29361193,29361209,+
chr10,29361456,29361470,+
chr10,30617972,30617991,+
chr10,30618836,30618863,+
chr10,30732670,30732690,+
chr10,30732696,30732712,+
chr10,30732724,30732768,+
chr10,30732774,30732806,+
chr10,30811099,30811118,+
chr10,34020318,34020338,+
chr10,34111093,34111115,+
chr10,34197760,34197774,+
chr10,34197781,34197796,+
chr10,34197945,34197959,+
chr10,34198050,34198064,+
chr10,34198444,34198458,+
chr10,34281237,34281251,+
chr10,34297307,34297321,+
chr10,34417403,34417422,+
chr10,36157769,36157788,+
chr10,36157904,36157931,+
chr10,36158309,36158328,+
chr10,36974054,36974068,+
chr10,37139090,37139112,+
chr10,37193155,37193176,+
chr10,37238307,37238329,+
chr10,37252420,37252434,+
chr10,37252546,37252596,+
chr10,37279953,37280021,+
chr10,37324037,37324056,+
chr10,37892089,37892105,+
chr10,37892126,37892181,+
chr10,38215654,38215721,+
chr10,38881121,38881143,+
chr10,38884336,38884350,+
chr10,39170243,39170257,+
chr10,39343975,39343999,+
chr10,39368611,39368637,+
chr10,39369005,39369021,+
chr10,39420687,39420701,+
chr10,39470711,39470725,+
chr10,39488160,39488184,+
chr10,39612672,39612725,+
chr10,39613720,39613739,+
chr10,39644753,39644769,+
chr10,39731738,39731770,+
chr10,39732784,39732798,+
chr10,39960493,39960518,+
chr10,39975271,39975286,+
chr10,40090163,40090185,+
chr10,40163042,40163081,+
chr10,40165403,40165419,+
chr10,40191271,40191305,+
chr10,40191318,40191337,+
chr10,40203774,40203830,+
chr10,40257896,40257915,+
chr10,40348873,40348889,+
chr10,40349337,40349353,+
chr10,40372182,40372208,+
chr10,40418185,40418214,+
chr10,40418219,40418244,+
chr10,40420517,40420558,+
chr10,40479030,40479064,+
chr10,40479070,40479089,+
chr10,40479559,40479573,+
chr10,41303352,41303381,+
chr10,41304334,41304348,+
chr10,41449998,41450012,+
chr10,41474290,41474306,+
chr10,41477344,41477359,+
chr10,41518522,41518546,+
chr10,41595381,41595400,+
chr10,41615761,41615784,+
chr10,41620345,41620371,+
chr10,41638813,41638832,+
chr10,41683047,41683061,+
chr10,41785829,41785895,+
chr10,41810818,41810833,+
chr10,41880712,41880728,+
chr10,41880856,41880870,+
chr10,41881219,41881234,+
chr10,41887915,41887948,+
chr10,41888453,41888469,+
chr10,41937112,41937128,+
chr10,41937322,41937339,+
chr10,41972951,41972966,+
chr10,41972981,41972996,+
chr10,42068362,42068377,+
chr10,42068405,42068424,+
chr10,42068728,42068744,+
chr10,42068864,42068883,+
chr10,42098992,42099015,+
chr10,42270762,42270784,+
chr10,42277923,42277939,+
chr10,42698932,42698956,+
chr10,42698957,42698984,+
chr10,42838900,42838916,+
chr10,42843091,42843105,+
chr10,42843369,42843388,+
chr10,42861954,42861979,+
chr10,42864517,42864531,+
chr10,42867936,42868026,+
chr10,42877072,42877103,+
chr10,42877245,42877259,+
chr10,42877471,42877495,+
chr10,42886623,42886664,+
chr10,42886669,42886695,+
chr10,42887082,42887106,+
chr10,42887252,42887268,+
chr10,42887763,42887779,+
chr10,42888374,42888421,+
chr10,42888877,42888893,+
chr10,42889051,42889069,+
chr10,42896389,42896403,+
chr10,42897712,42897740,+
chr10,42898653,42898669,+
chr10,42899008,42899023,+
chr10,42901284,42901343,+
chr10,43996341,43996360,+
chr10,43996912,43996936,+
chr10,44003346,44003362,+
chr10,44448389,44448408,+
chr10,44462157,44462171,+
chr10,44483076,44483107,+
chr10,50593796,50593819,+
chr10,53595704,53595718,+
chr10,53595763,53595782,+
chr10,53629328,53629344,+
chr10,54006027,54006051,+
chr10,54065220,54065242,+
chr10,54070866,54070882,+
chr10,54076382,54076407,+
chr10,57531994,57532020,+
chr10,57753354,57753370,+
chr10,57794492,57794506,+
chr10,57796554,57796568,+
chr10,58359982,58359998,+
chr10,58370386,58370410,+
chr10,58371192,58371211,+
chr10,58498597,58498611,+
chr10,58642286,58642385,+
chr10,58714447,58714474,+
chr10,59636908,59636938,+
chr10,59940090,59940104,+
chr10,59970467,59970481,+
chr10,59973915,59973946,+
chr10,59974785,59974820,+
chr10,59975708,59975751,+
chr10,60002465,60002499,+
chr10,60002505,60002527,+
chr10,60115393,60115409,+
chr10,60345626,60345642,+
chr10,60346216,60346238,+
chr10,60346245,60346269,+
chr10,60350781,60350805,+
chr10,60350907,60350929,+
chr10,60351154,60351174,+
chr10,60352002,60352021,+
chr10,60352733,60352777,+
chr10,60380814,60380863,+
chr10,60388990,60389006,+
chr10,61145978,61145998,+
chr10,61146128,61146156,+
chr10,61231869,61231886,+
chr10,61231915,61231929,+
chr10,61232761,61232781,+
chr10,61233801,61233820,+
chr10,61306413,61306429,+
chr10,61475546,61475571,+
chr10,61559435,61559451,+
chr10,61679919,61679938,+
chr10,62500561,62500580,+
chr10,62501140,62501159,+
chr10,62503429,62503449,+
chr10,62503616,62503646,+
chr10,62503872,62503910,+
chr10,62578729,62578743,+
chr10,62602916,62602938,+
chr10,62665845,62665864,+
chr10,62792752,62792766,+
chr10,62857033,62857053,+
chr10,62857138,62857159,+
chr10,62858991,62859007,+
chr10,62859103,62859122,+
chr10,62862470,62862499,+
chr10,62863807,62863823,+
chr10,63022747,63022761,+
chr10,63022781,63022805,+
chr10,63092502,63092552,+
chr10,63092559,63092588,+
chr10,63177173,63177187,+
chr10,63243488,63243507,+
chr10,63243536,63243576,+
chr10,63380244,63380260,+
chr10,63380282,63380302,+
chr10,63380306,63380322,+
chr10,63382269,63382336,+
chr10,63383466,63383486,+
chr10,63386296,63386363,+
chr10,63386408,63386496,+
chr10,63387314,63387328,+
chr10,63424683,63424703,+
chr10,63424731,63424750,+
chr10,63429452,63429466,+
chr10,66953846,66953872,+
chr10,67068924,67068972,+
chr10,67071759,67071773,+
chr10,67186212,67186226,+
chr10,67204910,67204929,+
chr10,67311838,67311918,+
chr10,67312007,67312026,+
chr10,67497781,67497808,+
chr10,67504233,67504252,+
chr10,67537131,67537155,+
chr10,67546926,67546998,+
chr10,67584913,67584946,+
chr10,67585840,67585854,+
chr10,67586768,67586787,+
chr10,67644857,67644915,+
chr10,67647556,67647586,+
chr10,67658181,67658195,+
chr10,68105243,68105267,+
chr10,68192076,68192090,+
chr10,68192519,68192547,+
chr10,68192981,68193006,+
chr10,68238764,68238825,+
chr10,68239042,68239056,+
chr10,68239938,68239952,+
chr10,68240471,68240500,+
chr10,68240672,68240691,+
chr10,68241109,68241142,+
chr10,68241539,68241558,+
chr10,68249433,68249457,+
chr10,68249473,68249508,+
chr10,68249511,68249530,+
chr10,68276269,68276288,+
chr10,68277445,68277461,+
chr10,68277465,68277479,+
chr10,68277520,68277554,+
chr10,68277615,68277631,+
chr10,68278336,68278350,+
chr10,68278376,68278422,+
chr10,68278529,68278549,+
chr10,68279038,68279052,+
chr10,68279393,68279413,+
chr10,68280259,68280275,+
chr10,68442806,68442832,+
chr10,68506339,68506354,+
chr10,68506571,68506645,+
chr10,68673473,68673498,+
chr10,70040120,70040134,+
chr10,70096352,70096382,+
chr10,70096582,70096598,+
chr10,71238642,71238658,+
chr10,71238672,71238694,+
chr10,71239401,71239418,+
chr10,71239620,71239639,+
chr10,71239832,71239847,+
chr10,71240096,71240148,+
chr10,71247013,71247029,+
chr10,71347190,71347217,+
chr10,75032165,75032258,+
chr10,75294851,75294865,+
chr10,75418078,75418093,+
chr10,75518098,75518112,+
chr10,75532309,75532323,+
chr10,75535955,75535974,+
chr10,75586639,75586655,+
chr10,75765377,75765393,+
chr10,75833439,75833458,+
chr10,75836265,75836284,+
chr10,75836357,75836387,+
chr10,75848335,75848349,+
chr10,75951653,75951672,+
chr10,75951715,75951731,+
chr10,75975311,75975341,+
chr10,76442132,76442151,+
chr10,76744530,76744546,+
chr10,77520227,77520246,+
chr10,77537028,77537043,+
chr10,77537587,77537607,+
chr10,77605610,77605627,+
chr10,78086727,78086761,+
chr10,78088959,78089019,+
chr10,78089189,78089205,+
chr10,78089227,78089302,+
chr10,78089502,78089537,+
chr10,78115447,78115469,+
chr10,78133945,78133961,+
chr10,78185383,78185418,+
chr10,78298563,78298587,+
chr10,78351750,78351794,+
chr10,78351847,78351863,+
chr10,78420906,78420946,+
chr10,78505492,78505543,+
chr10,78594642,78594661,+
chr10,79097739,79097776,+
chr10,79417433,79417448,+
chr10,79832073,79832102,+
chr10,79909080,79909094,+
chr10,79909107,79909126,+
chr10,79959503,79959565,+
chr10,79984883,79984897,+
chr10,79985410,79985439,+
chr10,79996025,79996057,+
chr10,79997006,79997020,+
chr10,80018528,80018543,+
chr10,80040246,80040262,+
chr10,80051453,80051473,+
chr10,80158344,80158363,+
chr10,80165456,80165475,+
chr10,80167414,80167457,+
chr10,80248654,80248684,+
chr10,80292278,80292294,+
chr10,80407028,80407046,+
chr10,80509606,80509634,+
chr10,80618193,80618208,+
chr10,80621822,80621854,+
chr10,80658720,80658740,+
chr10,80659504,80659526,+
chr10,80677698,80677721,+
chr10,80681803,80681837,+
chr10,80695276,80695295,+
chr10,80695549,80695574,+
chr10,80696694,80696722,+
chr10,80697967,80697991,+
chr10,80699464,80699480,+
chr10,80699488,80699502,+
chr10,80701066,80701080,+
chr10,80701313,80701359,+
chr10,80701561,80701577,+
chr10,80747481,80747503,+
chr10,80754802,80754818,+
chr10,80754853,80754895,+
chr10,81060490,81060509,+
chr10,81069775,81069789,+
chr10,81105516,81105558,+
chr10,81105674,81105688,+
chr10,81266202,81266229,+
chr10,81266334,81266348,+
chr10,81266501,81266519,+
chr10,81267187,81267206,+
chr10,81286364,81286394,+
chr10,81331097,81331162,+
chr10,81351038,81351054,+
chr10,81351734,81351750,+
chr10,81357316,81357338,+
chr10,81357340,81357359,+
chr10,81430222,81430236,+
chr10,81432890,81432904,+
chr10,81433489,81433503,+
chr10,81496934,81496964,+
chr10,81500133,81500167,+
chr10,81508438,81508457,+
chr10,82241063,82241083,+
chr10,82623625,82623639,+
chr10,82666473,82666499,+
chr10,82773327,82773397,+
chr10,82887534,82887556,+
chr10,82891372,82891391,+
chr10,82893727,82893746,+
chr10,82894191,82894221,+
chr10,82900424,82900439,+
chr10,83129603,83129638,+
chr10,83140794,83140810,+
chr10,83330211,83330231,+
chr10,83330288,83330319,+
chr10,83359741,83359758,+
chr10,83359858,83359886,+
chr10,83543739,83543753,+
chr10,83544513,83544529,+
chr10,83644364,83644378,+
chr10,83652636,83652656,+
chr10,83719139,83719159,+
chr10,84768694,84768733,+
chr10,84816018,84816056,+
chr10,84897809,84897823,+
chr10,84916983,84917050,+
chr10,85102242,85102272,+
chr10,85128388,85128412,+
chr10,85169934,85169980,+
chr10,85359677,85359727,+
chr10,85386704,85386730,+
chr10,85389457,85389471,+
chr10,85410925,85410939,+
chr10,85431025,85431043,+
chr10,85829270,85829286,+
chr10,85941271,85941334,+
chr10,86685409,86685426,+
chr10,86707228,86707244,+
chr10,86803477,86803535,+
chr10,88202795,88202815,+
chr10,88203326,88203342,+
chr10,88826920,88826939,+
chr10,89619950,89619968,+
chr10,89703108,89703122,+
chr10,89731984,89732000,+
chr10,89732021,89732037,+
chr10,89744732,89744749,+
chr10,89744785,89744801,+
chr10,89766281,89766295,+
chr10,91082240,91082259,+
chr10,91107739,91107822,+
chr10,91154269,91154311,+
chr10,91170560,91170579,+
chr10,91170598,91170624,+
chr10,91181200,91181214,+
chr10,91181380,91181406,+
chr10,91182614,91182628,+
chr10,91182714,91182729,+
chr10,91182813,91182831,+
chr10,91259886,91259905,+
chr10,91260006,91260076,+
chr10,91270908,91270976,+
chr10,93041264,93041288,+
chr10,93041535,93041562,+
chr10,93041563,93041587,+
chr10,93041589,93041617,+
chr10,93042473,93042487,+
chr10,93051059,93051077,+
chr10,93051209,93051228,+
chr10,93143372,93143395,+
chr10,93158579,93158696,+
chr10,93159752,93159801,+
chr10,93162677,93162701,+
chr10,93165163,93165179,+
chr10,93169362,93169376,+
chr10,93170459,93170478,+
chr10,93172935,93172955,+
chr10,93192176,93192201,+
chr10,93274036,93274054,+
chr10,93274140,93274164,+
chr10,93274383,93274399,+
chr10,93309103,93309122,+
chr10,93310659,93310691,+
chr10,93326587,93326611,+
chr10,93539677,93539698,+
chr10,93540233,93540257,+
chr10,93540493,93540507,+
chr10,93541125,93541141,+
chr10,93541537,93541551,+
chr10,93541698,93541731,+
chr10,93541772,93541786,+
chr10,93541921,93541943,+
chr10,93614784,93614803,+
chr10,93615270,93615287,+
chr10,94419156,94419171,+
chr10,95261246,95261305,+
chr10,95261521,95261540,+
chr10,95262249,95262273,+
chr10,95314026,95314040,+
chr10,95324011,95324041,+
chr10,95502146,95502161,+
chr10,95668208,95668360,+
chr10,95698658,95698732,+
chr10,95699133,95699153,+
chr10,95746157,95746181,+
chr10,96137027,96137085,+
chr10,96201311,96201325,+
chr10,96204185,96204242,+
chr10,96214581,96214595,+
chr10,96214718,96214737,+
chr10,96240353,96240372,+
chr10,96254388,96254437,+
chr10,96273684,96273703,+
chr10,96325253,96325288,+
chr10,96333572,96333608,+
chr10,96357399,96357418,+
chr10,96370484,96370519,+
chr10,96374278,96374336,+
chr10,96374590,96374604,+
chr10,96400258,96400274,+
chr10,96407881,96407897,+
chr10,96408001,96408017,+
chr10,96565517,96565532,+
chr10,96570041,96570068,+
chr10,96571735,96571767,+
chr10,96571823,96571839,+
chr10,96579277,96579305,+
chr10,96579868,96579888,+
chr10,96581018,96581037,+
chr10,96581402,96581416,+
chr10,96585050,96585069,+
chr10,96585161,96585185,+
chr10,96585982,96585998,+
chr10,96587171,96587190,+
chr10,96588409,96588425,+
chr10,96589722,96589738,+
chr10,96598419,96598438,+
chr10,96599041,96599063,+
chr10,96599608,96599647,+
chr10,96602863,96602884,+
chr10,96606791,96606843,+
chr10,96607006,96607023,+
chr10,96609444,96609481,+
chr10,96621294,96621313,+
chr10,96621425,96621444,+
chr10,96622772,96622794,+
chr10,96648121,96648149,+
chr10,96654463,96654485,+
chr10,96693758,96693777,+
chr10,96697452,96697468,+
chr10,96698396,96698413,+
chr10,96707210,96707224,+
chr10,96722002,96722021,+
chr10,96723302,96723318,+
chr10,96723550,96723569,+
chr10,96725235,96725251,+
chr10,96786639,96786654,+
chr10,96826050,96826074,+
chr10,96838295,96838362,+
chr10,96838409,96838440,+
chr10,96838459,96838473,+
chr10,96871628,96871642,+
chr10,96955144,96955163,+
chr10,97160895,97160911,+
chr10,97313400,97313415,+
chr10,98728915,98728929,+
chr10,98745339,98745355,+
chr10,98745855,98745881,+
chr10,98774736,98774755,+
chr10,98776376,98776400,+
chr10,98782121,98782150,+
chr10,98785246,98785273,+
chr10,98785410,98785429,+
chr10,99106582,99106606,+
chr10,99106619,99106633,+
chr10,99116732,99116746,+
chr10,99119541,99119560,+
chr10,99119832,99119847,+
chr10,99127360,99127374,+
chr10,99132643,99132662,+
chr10,99204818,99204841,+
chr10,99204973,99204999,+
chr10,99228088,99228102,+
chr10,99241186,99241200,+
chr10,99385933,99385957,+
chr10,99416823,99416837,+
chr10,99416867,99416881,+
chr10,99417052,99417084,+
chr10,99440907,99440948,+
chr10,99460708,99460722,+
chr10,99460870,99460889,+
chr10,100695851,100695870,+
chr10,100696372,100696391,+
chr10,100701604,100701653,+
chr10,100770050,100770066,+
chr10,100771013,100771027,+
chr10,101988468,101988532,+
chr10,105573792,105573822,+
chr10,107872848,107872862,+
chr10,108114583,108114597,+
chr10,108114619,108114643,+
chr10,108119554,108119573,+
chr10,108161440,108161459,+
chr10,108161468,108161492,+
chr10,110891071,110891090,+
chr10,110933203,110933218,+
chr10,111008837,111008871,+
chr10,111008877,111008891,+
chr10,111009020,111009065,+
chr10,111010539,111010553,+
chr10,111064699,111064713,+
chr10,111164094,111164126,+
chr10,111164133,111164167,+
chr10,111164294,111164312,+
chr10,111168135,111168177,+
chr10,111214709,111214732,+
chr10,111223056,111223078,+
chr10,111299098,111299122,+
chr10,111468518,111468577,+
chr10,111505940,111505965,+
chr10,111506981,111506996,+
chr10,111525580,111525645,+
chr10,111946201,111946248,+
chr10,111972402,111972417,+
chr10,111996013,111996027,+
chr10,111996522,111996537,+
chr10,111996582,111996605,+
chr10,111996739,111996767,+
chr10,111997498,111997512,+
chr10,115314710,115314737,+
chr10,115314769,115314788,+
chr10,115385281,115385296,+
chr10,115495247,115495314,+
chr10,116505555,116505569,+
chr10,116565316,116565361,+
chr10,116565549,116565581,+
chr10,116580824,116580876,+
chr10,116583224,116583238,+
chr10,116912610,116912624,+
chr10,116912648,116912667,+
chr10,116913215,116913238,+
chr10,116913974,116913993,+
chr10,116914009,116914035,+
chr10,116914202,116914231,+
chr10,116914243,116914264,+
chr10,116916981,116917010,+
chr10,116930454,116930468,+
chr10,116932077,116932107,+
chr10,116949495,116949509,+
chr10,116950960,116950982,+
chr10,117112268,117112313,+
chr10,117112431,117112485,+
chr10,117112617,117112641,+
chr10,117118412,117118431,+
chr10,117118463,117118477,+
chr10,117119388,117119407,+
chr10,117119470,117119499,+
chr10,117149977,117149991,+
chr10,117434776,117434805,+
chr10,117452301,117452325,+
chr10,117625924,117625948,+
chr10,117710961,117710986,+
chr10,117711153,117711177,+
chr10,117711330,117711359,+
chr10,117793153,117793190,+
chr10,117824190,117824206,+
chr10,117829816,117829832,+
chr10,117836740,117836764,+
chr10,117836941,117837024,+
chr10,117843818,117843833,+
chr10,117844315,117844331,+
chr10,117844645,117844669,+
chr10,117844919,117844938,+
chr10,117845090,117845105,+
chr10,117845281,117845295,+
chr10,117861385,117861399,+
chr10,117861767,117861807,+
chr10,117863915,117864051,+
chr10,117865558,117865580,+
chr10,117918589,117918603,+
chr10,117919973,117919992,+
chr10,117925956,117925980,+
chr10,117925988,117926010,+
chr10,117943674,117943691,+
chr10,117952717,117952736,+
chr10,117953816,117953831,+
chr10,117959584,117959658,+
chr10,117982414,117982429,+
chr10,117982558,117982574,+
chr10,117983379,117983409,+
chr10,117983610,117983630,+
chr10,117984065,117984090,+
chr10,118007554,118007568,+
chr10,118050064,118050108,+
chr10,118083708,118083786,+
chr10,118089789,118089805,+
chr10,118100375,118100394,+
chr10,118103794,118103826,+
chr10,118418484,118418504,+
chr10,118418574,118418588,+
chr10,118461757,118461778,+
chr10,118477408,118477438,+
chr10,118477676,118477692,+
chr10,118534599,118534618,+
chr10,118604136,118604152,+
chr10,118604512,118604600,+
chr10,118604771,118604798,+
chr10,118713908,118713922,+
chr10,118714673,118714687,+
chr10,118766454,118766470,+
chr10,118793779,118793793,+
chr10,118793922,118793941,+
chr10,118796682,118796697,+
chr10,118796958,118796983,+
chr10,118854257,118854273,+
chr10,118854416,118854440,+
chr10,118867042,118867064,+
chr10,118878333,118878433,+
chr10,118882594,118882613,+
chr10,118884540,118884556,+
chr10,118884778,118884794,+
chr10,118893889,118893904,+
chr10,118899559,118899574,+
chr10,118929865,118929907,+
chr10,118929910,118929926,+
chr10,119001479,119001493,+
chr10,119010681,119010695,+
chr10,119011325,119011356,+
chr10,119040038,119040078,+
chr10,119050276,119050290,+
chr10,119055983,119055997,+
chr10,119218970,119218989,+
chr10,120193466,120193490,+
chr10,120616426,120616449,+
chr10,120616508,120616522,+
chr10,120625927,120625941,+
chr10,121189299,121189319,+
chr10,121264201,121264220,+
chr10,121297622,121297644,+
chr10,121420774,121420845,+
chr10,121427061,121427089,+
chr10,121428971,121428999,+
chr10,121429621,121429637,+
chr10,121429845,121429861,+
chr10,121473721,121473735,+
chr10,121474010,121474034,+
chr10,121475347,121475367,+
chr10,121494139,121494165,+
chr10,121625875,121625889,+
chr10,121887480,121887499,+
chr10,122599588,122599603,+
chr10,122601647,122601707,+
chr10,122601713,122601782,+
chr10,122601787,122601813,+
chr10,122601854,122601878,+
chr10,122605142,122605161,+
chr10,122663104,122663124,+
chr10,122678343,122678362,+
chr10,122717858,122717874,+
chr10,122717973,122717992,+
chr10,122725992,122726007,+
chr10,122727568,122727587,+
chr10,122758532,122758555,+
chr10,122758644,122758659,+
chr10,122758846,122758860,+
chr10,122794435,122794449,+
chr10,122795065,122795099,+
chr10,122801201,122801217,+
chr10,122985357,122985387,+
chr10,123196204,123196232,+
chr10,123250717,123250760,+
chr10,125370282,125370304,+
chr10,126905605,126905637,+
chr10,127063031,127063053,+
chr10,127063102,127063119,+
chr10,127076539,127076560,+
chr10,127104018,127104038,+
chr10,127104044,127104067,+
chr10,127107694,127107708,+
chr10,127108037,127108069,+
chr10,127125619,127125715,+
chr10,127135562,127135581,+
chr10,127135948,127135963,+
chr10,127136093,127136181,+
chr10,127136418,127136434,+
chr10,127136437,127136458,+
chr10,127136709,127136735,+
chr10,127140820,127140837,+
chr10,127149790,127149804,+
chr10,127150083,127150099,+
chr10,127150475,127150504,+
chr10,127151006,127151025,+
chr10,127151170,127151205,+
chr10,127162456,127162470,+
chr10,127171464,127171488,+
chr10,127173811,127173833,+
chr10,127175417,127175436,+
chr10,127225645,127225659,+
chr10,127337815,127337835,+
chr10,127380089,127380111,+
chr10,127641985,127642004,+
chr10,127668788,127668804,+
chr10,127677992,127678008,+
chr10,127709905,127709987,+
chr10,127739285,127739301,+
chr10,128008418,128008443,+
chr10,128058662,128058681,+
chr10,128080606,128080626,+
chr10,128093558,128093587,+
chr10,128098119,128098133,+
chr10,128188563,128188592,+
chr10,128232665,128232687,+
chr10,128368428,128368442,+
chr10,128439394,128439416,+
chr10,128455567,128455582,+
chr10,128458442,128458456,+
chr10,128499349,128499365,+
chr10,128504993,128505013,+
chr10,128505635,128505693,+
chr10,128524528,128524543,+
chr10,128549529,128549544,+
chr10,128637459,128637478,+
chr10,128674462,128674477,+
chr10,128696922,128696959,+
chr10,128727021,128727040,+
chr10,128745117,128745172,+
chr10,128745774,128745794,+
chr10,128746344,128746371,+
chr10,128747047,128747075,+
chr10,128747716,128747735,+
chr10,130313638,130313657,+
chr10,130327898,130327940,+
chr10,130335028,130335043,+
chr10,130335300,130335315,+
chr10,130335336,130335350,+
chr10,130335500,130335514,+
chr10,130335595,130335622,+
chr10,130337667,130337696,+
chr10,130344390,130344406,+
chr10,130369446,130369466,+
chr10,4089425,4089453,-
chr10,4092043,4092057,-
chr10,4092212,4092233,-
chr10,4291232,4291246,-
chr10,4291304,4291393,-
chr10,4291394,4291414,-
chr10,4432710,4432729,-
chr10,4470081,4470110,-
chr10,4619365,4619392,-
chr10,4977521,4977536,-
chr10,5079228,5079244,-
chr10,5079331,5079349,-
chr10,5080255,5080271,-
chr10,5195372,5195396,-
chr10,5448716,5448730,-
chr10,5806225,5806251,-
chr10,5806352,5806374,-
chr10,6885707,6885746,-
chr10,6885788,6885802,-
chr10,6902862,6902917,-
chr10,6954775,6954790,-
chr10,6982016,6982045,-
chr10,6982250,6982286,-
chr10,6982625,6982644,-
chr10,7010624,7010653,-
chr10,7010692,7010711,-
chr10,7212454,7212477,-
chr10,7212956,7212970,-
chr10,7589413,7589427,-
chr10,7631283,7631297,-
chr10,7726327,7726374,-
chr10,7726524,7726549,-
chr10,7781131,7781151,-
chr10,7824965,7824981,-
chr10,7825149,7825163,-
chr10,7825169,7825183,-
chr10,7832255,7832279,-
chr10,7976524,7976540,-
chr10,7977044,7977066,-
chr10,8065705,8065724,-
chr10,8184805,8184819,-
chr10,8214385,8214407,-
chr10,8506030,8506047,-
chr10,8517051,8517086,-
chr10,8519202,8519218,-
chr10,8530098,8530131,-
chr10,8530277,8530303,-
chr10,8531806,8531828,-
chr10,9902398,9902414,-
chr10,10184175,10184197,-
chr10,10396441,10396456,-
chr10,10721267,10721344,-
chr10,11149058,11149082,-
chr10,12688735,12688773,-
chr10,12788621,12788653,-
chr10,12813620,12813650,-
chr10,12874898,12874912,-
chr10,12923296,12923315,-
chr10,12929160,12929194,-
chr10,12997289,12997303,-
chr10,13868203,13868219,-
chr10,13964421,13964438,-
chr10,13967418,13967434,-
chr10,13968597,13968616,-
chr10,13970491,13970513,-
chr10,13982239,13982267,-
chr10,13983490,13983526,-
chr10,13984197,13984221,-
chr10,13989084,13989108,-
chr10,13993931,13993950,-
chr10,13998755,13998769,-
chr10,13998906,13998925,-
chr10,14013854,14013878,-
chr10,14044751,14044767,-
chr10,14045544,14045579,-
chr10,14046070,14046103,-
chr10,14046110,14046124,-
chr10,14046162,14046178,-
chr10,14057090,14057105,-
chr10,14057427,14057446,-
chr10,14057790,14057809,-
chr10,14057940,14057968,-
chr10,14057991,14058031,-
chr10,14058046,14058077,-
chr10,14085990,14086010,-
chr10,14207679,14207699,-
chr10,14208158,14208172,-
chr10,14208175,14208196,-
chr10,14315170,14315186,-
chr10,14705695,14705728,-
chr10,15506005,15506048,-
chr10,15506141,15506157,-
chr10,16688221,16688264,-
chr10,17172570,17172644,-
chr10,17721924,17721943,-
chr10,17728792,17728826,-
chr10,17728990,17729004,-
chr10,17775432,17775452,-
chr10,17920281,17920302,-
chr10,17948057,17948076,-
chr10,17987159,17987217,-
chr10,17987320,17987368,-
chr10,17987643,17987657,-
chr10,17988994,17989018,-
chr10,18022250,18022269,-
chr10,18061890,18061906,-
chr10,18138904,18138959,-
chr10,18197593,18197621,-
chr10,18203210,18203271,-
chr10,18234239,18234276,-
chr10,18235321,18235343,-
chr10,18235490,18235519,-
chr10,18469702,18469718,-
chr10,18470348,18470367,-
chr10,18470368,18470391,-
chr10,18470739,18470763,-
chr10,18470766,18470792,-
chr10,18527687,18527701,-
chr10,18527826,18527850,-
chr10,18528045,18528086,-
chr10,18528131,18528150,-
chr10,18931234,18931248,-
chr10,19061931,19061945,-
chr10,19062346,19062366,-
chr10,19062542,19062561,-
chr10,19065428,19065448,-
chr10,19067013,19067038,-
chr10,19094047,19094067,-
chr10,19104398,19104427,-
chr10,19104475,19104519,-
chr10,19117428,19117443,-
chr10,19122519,19122534,-
chr10,19161957,19162015,-
chr10,19184333,19184352,-
chr10,19184943,19184958,-
chr10,19185336,19185398,-
chr10,19185912,19185937,-
chr10,19186853,19186873,-
chr10,19186895,19186915,-
chr10,19188002,19188017,-
chr10,19188694,19188709,-
chr10,19189180,19189196,-
chr10,19282098,19282114,-
chr10,19282154,19282170,-
chr10,19368549,19368607,-
chr10,19491966,19491981,-
chr10,19504123,19504142,-
chr10,19504978,19504992,-
chr10,19531279,19531332,-
chr10,19578315,19578330,-
chr10,19581636,19581697,-
chr10,19581704,19581758,-
chr10,19581762,19581778,-
chr10,19581866,19581886,-
chr10,19582090,19582161,-
chr10,19592496,19592516,-
chr10,19594868,19594894,-
chr10,19613855,19613871,-
chr10,19619957,19619971,-
chr10,19620005,19620024,-
chr10,19620085,19620151,-
chr10,19747945,19747960,-
chr10,19907162,19907186,-
chr10,19935138,19935172,-
chr10,19963260,19963276,-
chr10,20219588,20219607,-
chr10,20281847,20281874,-
chr10,20502653,20502675,-
chr10,20835272,20835291,-
chr10,20835439,20835461,-
chr10,20952301,20952315,-
chr10,21077647,21077663,-
chr10,21223261,21223277,-
chr10,21223573,21223587,-
chr10,21224528,21224543,-
chr10,21224755,21224785,-
chr10,21479347,21479366,-
chr10,21479488,21479502,-
chr10,21905974,21906013,-
chr10,21911906,21911928,-
chr10,21976732,21976746,-
chr10,21995076,21995090,-
chr10,21995311,21995351,-
chr10,22295897,22295912,-
chr10,22299345,22299419,-
chr10,22345992,22346011,-
chr10,22346027,22346043,-
chr10,23787467,23787486,-
chr10,24149128,24149147,-
chr10,24636474,24636494,-
chr10,24636498,24636514,-
chr10,24640962,24640981,-
chr10,24755276,24755290,-
chr10,24869596,24869615,-
chr10,25360640,25360656,-
chr10,25387654,25387669,-
chr10,26139699,26139715,-
chr10,26325672,26325702,-
chr10,26373136,26373150,-
chr10,26373932,26373966,-
chr10,26374561,26374580,-
chr10,26376254,26376270,-
chr10,26376274,26376288,-
chr10,26520827,26520865,-
chr10,26585422,26585447,-
chr10,26799486,26799518,-
chr10,26799827,26799870,-
chr10,28513382,28513396,-
chr10,28513941,28513960,-
chr10,28516652,28516666,-
chr10,28567637,28567653,-
chr10,28593291,28593330,-
chr10,28594402,28594422,-
chr10,28594565,28594581,-
chr10,28597086,28597101,-
chr10,28650590,28650609,-
chr10,28650725,28650783,-
chr10,28667845,28667872,-
chr10,28669226,28669250,-
chr10,28670331,28670345,-
chr10,28674179,28674253,-
chr10,28688620,28688648,-
chr10,28723691,28723750,-
chr10,28730447,28730465,-
chr10,30200699,30200727,-
chr10,30618797,30618813,-
chr10,30618876,30618895,-
chr10,30811236,30811265,-
chr10,30842907,30842926,-
chr10,33950765,33950784,-
chr10,33950832,33950846,-
chr10,34020371,34020385,-
chr10,34110527,34110551,-
chr10,34111502,34111529,-
chr10,34128025,34128044,-
chr10,34171965,34171979,-
chr10,34197587,34197606,-
chr10,34235530,34235544,-
chr10,34281087,34281103,-
chr10,34281651,34281669,-
chr10,35945670,35945738,-
chr10,36158021,36158037,-
chr10,36837214,36837281,-
chr10,37139154,37139183,-
chr10,37193025,37193039,-
chr10,37280137,37280153,-
chr10,37280243,37280257,-
chr10,38884351,38884370,-
chr10,38884955,38884977,-
chr10,39172127,39172146,-
chr10,39339786,39339818,-
chr10,39358768,39358784,-
chr10,39370471,39370490,-
chr10,39371206,39371220,-
chr10,39403094,39403110,-
chr10,39472299,39472315,-
chr10,39472342,39472364,-
chr10,39486798,39486826,-
chr10,39486827,39486844,-
chr10,39486978,39486994,-
chr10,39520367,39520386,-
chr10,39600024,39600044,-
chr10,39625827,39625846,-
chr10,39730982,39731003,-
chr10,39793531,39793552,-
chr10,39793657,39793678,-
chr10,40163354,40163381,-
chr10,40163783,40163797,-
chr10,40177814,40177830,-
chr10,40178024,40178046,-
chr10,40258271,40258301,-
chr10,40258674,40258696,-
chr10,40259233,40259275,-
chr10,40259503,40259526,-
chr10,40301983,40302003,-
chr10,40336999,40337041,-
chr10,40371559,40371576,-
chr10,40371755,40371783,-
chr10,40371818,40371833,-
chr10,40371938,40371957,-
chr10,40385893,40385909,-
chr10,40386196,40386212,-
chr10,40419602,40419619,-
chr10,40420021,40420040,-
chr10,40420222,40420251,-
chr10,40420426,40420446,-
chr10,40421749,40421779,-
chr10,40447816,40447840,-
chr10,40447841,40447857,-
chr10,40451848,40451880,-
chr10,40462438,40462457,-
chr10,40477066,40477085,-
chr10,40477377,40477396,-
chr10,40478646,40478665,-
chr10,40479251,40479267,-
chr10,40479379,40479396,-
chr10,40515172,40515191,-
chr10,41303815,41303830,-
chr10,41473799,41473813,-
chr10,41491318,41491335,-
chr10,41491482,41491507,-
chr10,41527179,41527193,-
chr10,41527238,41527257,-
chr10,41527484,41527500,-
chr10,41530212,41530231,-
chr10,41530343,41530357,-
chr10,41552983,41553003,-
chr10,41603166,41603180,-
chr10,41620598,41620628,-
chr10,41831158,41831177,-
chr10,41880910,41880926,-
chr10,41881285,41881301,-
chr10,41888734,41888748,-
chr10,41937082,41937097,-
chr10,41937519,41937553,-
chr10,42275894,42275917,-
chr10,42699518,42699556,-
chr10,42838427,42838441,-
chr10,42838636,42838658,-
chr10,42843145,42843198,-
chr10,42860935,42860949,-
chr10,42861052,42861067,-
chr10,42861211,42861240,-
chr10,42861345,42861361,-
chr10,42862054,42862070,-
chr10,42862745,42862759,-
chr10,42862811,42862846,-
chr10,42863141,42863155,-
chr10,42863856,42863875,-
chr10,42866376,42866402,-
chr10,42866823,42866838,-
chr10,42877858,42877877,-
chr10,42887732,42887756,-
chr10,42888049,42888076,-
chr10,42896708,42896723,-
chr10,42896732,42896750,-
chr10,42897259,42897275,-
chr10,42900728,42900747,-
chr10,42901070,42901089,-
chr10,42962213,42962243,-
chr10,42963058,42963074,-
chr10,43480131,43480166,-
chr10,43740514,43740530,-
chr10,43901228,43901257,-
chr10,43901263,43901280,-
chr10,43901915,43901935,-
chr10,43996711,43996727,-
chr10,44002694,44002714,-
chr10,44002861,44002885,-
chr10,44282583,44282602,-
chr10,44341845,44341932,-
chr10,44429811,44429825,-
chr10,44483439,44483454,-
chr10,44483500,44483520,-
chr10,44483580,44483594,-
chr10,44529640,44529676,-
chr10,50592024,50592043,-
chr10,50593291,50593306,-
chr10,50593444,50593499,-
chr10,50593627,50593642,-
chr10,53348397,53348413,-
chr10,53596179,53596219,-
chr10,53597165,53597179,-
chr10,53629341,53629365,-
chr10,53630314,53630366,-
chr10,53987630,53987719,-
chr10,54032999,54033025,-
chr10,54033050,54033064,-
chr10,54041023,54041047,-
chr10,56089645,56089711,-
chr10,56300030,56300115,-
chr10,57532709,57532724,-
chr10,57532766,57532800,-
chr10,57533082,57533098,-
chr10,57743584,57743598,-
chr10,57743717,57743755,-
chr10,57744034,57744050,-
chr10,57744068,57744082,-
chr10,57753712,57753732,-
chr10,57795637,57795663,-
chr10,57796339,57796358,-
chr10,58360114,58360136,-
chr10,58370228,58370244,-
chr10,58371287,58371302,-
chr10,58447624,58447643,-
chr10,58498499,58498513,-
chr10,59322458,59322473,-
chr10,59322476,59322495,-
chr10,59698979,59699003,-
chr10,59699092,59699135,-
chr10,59699228,59699247,-
chr10,59699331,59699346,-
chr10,59952976,59953012,-
chr10,59974955,59974971,-
chr10,60000029,60000057,-
chr10,60000336,60000360,-
chr10,60027960,60027983,-
chr10,60081235,60081251,-
chr10,60115317,60115332,-
chr10,60116229,60116244,-
chr10,60345755,60345770,-
chr10,60370614,60370634,-
chr10,60390479,60390498,-
chr10,60760417,60760431,-
chr10,61148060,61148109,-
chr10,61232228,61232296,-
chr10,61232461,61232485,-
chr10,61233952,61233977,-
chr10,61301593,61301609,-
chr10,61305800,61305828,-
chr10,61305856,61305872,-
chr10,61306771,61306798,-
chr10,61336607,61336621,-
chr10,61453220,61453236,-
chr10,61535065,61535081,-
chr10,61559694,61559723,-
chr10,61559967,61559983,-
chr10,61679864,61679879,-
chr10,62337641,62337724,-
chr10,62337903,62337994,-
chr10,62500529,62500544,-
chr10,62500657,62500671,-
chr10,62503644,62503672,-
chr10,62505848,62505862,-
chr10,62506014,62506036,-
chr10,62506520,62506534,-
chr10,62506624,62506657,-
chr10,62507459,62507477,-
chr10,62507945,62507975,-
chr10,62508351,62508392,-
chr10,62544062,62544102,-
chr10,62665864,62665886,-
chr10,62792767,62792792,-
chr10,62865184,62865198,-
chr10,62983885,62983902,-
chr10,63092608,63092634,-
chr10,63176328,63176360,-
chr10,63176687,63176719,-
chr10,63177184,63177198,-
chr10,63231795,63231810,-
chr10,63382975,63383007,-
chr10,63385680,63385696,-
chr10,63385808,63385827,-
chr10,63385873,63385893,-
chr10,63385896,63385912,-
chr10,63386088,63386115,-
chr10,63386133,63386166,-
chr10,63386891,63386907,-
chr10,63387405,63387424,-
chr10,63424495,63424509,-
chr10,63428788,63428807,-
chr10,66864535,66864555,-
chr10,66864744,66864775,-
chr10,66953175,66953191,-
chr10,67004797,67004813,-
chr10,67065678,67065700,-
chr10,67069500,67069519,-
chr10,67112089,67112108,-
chr10,67184581,67184600,-
chr10,67185457,67185486,-
chr10,67185506,67185520,-
chr10,67186320,67186366,-
chr10,67187258,67187272,-
chr10,67188973,67188987,-
chr10,67189039,67189053,-
chr10,67202588,67202617,-
chr10,67536476,67536504,-
chr10,67537331,67537357,-
chr10,67537996,67538010,-
chr10,67538035,67538073,-
chr10,67549266,67549286,-
chr10,67549560,67549576,-
chr10,67586245,67586264,-
chr10,67586815,67586829,-
chr10,67636812,67636829,-
chr10,67643796,67643810,-
chr10,67644446,67644466,-
chr10,67644714,67644728,-
chr10,67647269,67647301,-
chr10,67647659,67647673,-
chr10,68082057,68082076,-
chr10,68105397,68105415,-
chr10,68192419,68192435,-
chr10,68192893,68192916,-
chr10,68238917,68238936,-
chr10,68239082,68239109,-
chr10,68239799,68239813,-
chr10,68283608,68283635,-
chr10,68445648,68445662,-
chr10,68445708,68445727,-
chr10,68446207,68446240,-
chr10,68541508,68541522,-
chr10,68674045,68674059,-
chr10,70095591,70095610,-
chr10,70096009,70096023,-
chr10,70096275,70096291,-
chr10,70180953,70180999,-
chr10,71239850,71239864,-
chr10,71240049,71240063,-
chr10,71302519,71302539,-
chr10,71302727,71302743,-
chr10,71361782,71361870,-
chr10,75059390,75059404,-
chr10,75105364,75105391,-
chr10,75299755,75299769,-
chr10,75299877,75299934,-
chr10,75302099,75302113,-
chr10,75318288,75318303,-
chr10,75326837,75326870,-
chr10,75406064,75406088,-
chr10,75418036,75418073,-
chr10,75418104,75418126,-
chr10,75439768,75439823,-
chr10,75535908,75535927,-
chr10,75536126,75536148,-
chr10,75536784,75536811,-
chr10,75566686,75566700,-
chr10,75566854,75566873,-
chr10,75591074,75591090,-
chr10,75591728,75591750,-
chr10,75591960,75591975,-
chr10,75764530,75764599,-
chr10,75765573,75765590,-
chr10,75834981,75835034,-
chr10,75835042,75835056,-
chr10,75835186,75835206,-
chr10,75835207,75835249,-
chr10,75836139,75836158,-
chr10,75836530,75836545,-
chr10,75836705,75836720,-
chr10,75836762,75836788,-
chr10,75848282,75848298,-
chr10,75853573,75853589,-
chr10,75853591,75853605,-
chr10,75951736,75951757,-
chr10,76033195,76033211,-
chr10,76033290,76033309,-
chr10,77520848,77520862,-
chr10,77535637,77535657,-
chr10,77535658,77535680,-
chr10,77535681,77535701,-
chr10,77535717,77535741,-
chr10,77537280,77537295,-
chr10,77537764,77537783,-
chr10,77538835,77538849,-
chr10,77607154,77607168,-
chr10,77627571,77627585,-
chr10,77634996,77635011,-
chr10,78088630,78088654,-
chr10,78133868,78133883,-
chr10,78245243,78245276,-
chr10,78304126,78304140,-
chr10,78595050,78595069,-
chr10,78595724,78595757,-
chr10,79097115,79097134,-
chr10,79703950,79703985,-
chr10,79746756,79746783,-
chr10,79746795,79746825,-
chr10,79855392,79855414,-
chr10,79855529,79855543,-
chr10,79909352,79909371,-
chr10,79927868,79927887,-
chr10,79959654,79959788,-
chr10,79984465,79984484,-
chr10,79984537,79984553,-
chr10,79984819,79984833,-
chr10,79984937,79984951,-
chr10,79985605,79985619,-
chr10,79986207,79986227,-
chr10,79986853,79986879,-
chr10,79986941,79986957,-
chr10,79994662,79994688,-
chr10,80023300,80023314,-
chr10,80023889,80023904,-
chr10,80024029,80024060,-
chr10,80024194,80024215,-
chr10,80024470,80024484,-
chr10,80032541,80032570,-
chr10,80032689,80032711,-
chr10,80032722,80032741,-
chr10,80033469,80033485,-
chr10,80141624,80141640,-
chr10,80142670,80142686,-
chr10,80158080,80158127,-
chr10,80168159,80168173,-
chr10,80173255,80173299,-
chr10,80264078,80264175,-
chr10,80264434,80264464,-
chr10,80432023,80432040,-
chr10,80434168,80434182,-
chr10,80561892,80561914,-
chr10,80591001,80591034,-
chr10,80610471,80610491,-
chr10,80629071,80629085,-
chr10,80659150,80659183,-
chr10,80659455,80659475,-
chr10,80661279,80661293,-
chr10,80664170,80664224,-
chr10,80664327,80664346,-
chr10,80664413,80664427,-
chr10,80665183,80665197,-
chr10,80677167,80677183,-
chr10,80677774,80677793,-
chr10,80678971,80679005,-
chr10,80694586,80694605,-
chr10,80695751,80695765,-
chr10,80697652,80697671,-
chr10,80700489,80700508,-
chr10,80749974,80750068,-
chr10,80750203,80750241,-
chr10,80763445,80763461,-
chr10,80822067,80822084,-
chr10,80824196,80824234,-
chr10,80901190,80901216,-
chr10,80901246,80901261,-
chr10,81060524,81060562,-
chr10,81060566,81060582,-
chr10,81128928,81128959,-
chr10,81129600,81129616,-
chr10,81136695,81136739,-
chr10,81248052,81248071,-
chr10,81257656,81257684,-
chr10,81266519,81266541,-
chr10,81286007,81286026,-
chr10,81292426,81292470,-
chr10,81379079,81379093,-
chr10,81382362,81382382,-
chr10,81384149,81384173,-
chr10,81432366,81432396,-
chr10,81434605,81434621,-
chr10,81435105,81435124,-
chr10,81500277,81500292,-
chr10,81507499,81507549,-
chr10,81550516,81550530,-
chr10,81551912,81551927,-
chr10,81559065,81559084,-
chr10,81571034,81571048,-
chr10,81571085,81571114,-
chr10,81571310,81571329,-
chr10,81571404,81571418,-
chr10,81571886,81571900,-
chr10,82354893,82354909,-
chr10,82354956,82354986,-
chr10,82662654,82662670,-
chr10,82697799,82697815,-
chr10,82781114,82781128,-
chr10,82893751,82893800,-
chr10,82894122,82894142,-
chr10,83184118,83184132,-
chr10,83330328,83330384,-
chr10,83330520,83330548,-
chr10,83544415,83544434,-
chr10,84575826,84575851,-
chr10,84575932,84575954,-
chr10,84576377,84576391,-
chr10,84577546,84577570,-
chr10,84585586,84585622,-
chr10,84585656,84585696,-
chr10,84585809,84585837,-
chr10,84631924,84631939,-
chr10,84768680,84768696,-
chr10,84768871,84768893,-
chr10,84896705,84896725,-
chr10,84925415,84925429,-
chr10,84925464,84925480,-
chr10,84925673,84925687,-
chr10,85185808,85185852,-
chr10,85388738,85388752,-
chr10,85410857,85410871,-
chr10,85410984,85410999,-
chr10,85411182,85411201,-
chr10,85411475,85411510,-
chr10,85411553,85411569,-
chr10,85412204,85412226,-
chr10,85828969,85829015,-
chr10,85835839,85835904,-
chr10,86685101,86685147,-
chr10,86706850,86706864,-
chr10,86707062,86707084,-
chr10,86707101,86707117,-
chr10,86707197,86707223,-
chr10,86717194,86717253,-
chr10,86717415,86717467,-
chr10,86731384,86731403,-
chr10,88201787,88201803,-
chr10,88202186,88202227,-
chr10,88202437,88202459,-
chr10,88202898,88202920,-
chr10,88203624,88203649,-
chr10,88203775,88203811,-
chr10,88204401,88204420,-
chr10,88357234,88357253,-
chr10,88730990,88731005,-
chr10,88731241,88731278,-
chr10,88826954,88826985,-
chr10,88827003,88827025,-
chr10,89463239,89463255,-
chr10,89703480,89703502,-
chr10,89732479,89732504,-
chr10,89766057,89766082,-
chr10,89766244,89766258,-
chr10,89766289,89766308,-
chr10,90689593,90689618,-
chr10,90689641,90689661,-
chr10,91182391,91182405,-
chr10,91182580,91182594,-
chr10,91259866,91259880,-
chr10,91271193,91271207,-
chr10,91271433,91271452,-
chr10,92722542,92722562,-
chr10,93041475,93041490,-
chr10,93041623,93041642,-
chr10,93041788,93041812,-
chr10,93070623,93070637,-
chr10,93070825,93070851,-
chr10,93123067,93123090,-
chr10,93123093,93123112,-
chr10,93143439,93143458,-
chr10,93144838,93144852,-
chr10,93158824,93158848,-
chr10,93160758,93160797,-
chr10,93161759,93161775,-
chr10,93161986,93162000,-
chr10,93162321,93162335,-
chr10,93162534,93162563,-
chr10,93162621,93162645,-
chr10,93162708,93162737,-
chr10,93165124,93165143,-
chr10,93165661,93165687,-
chr10,93167611,93167637,-
chr10,93167924,93168013,-
chr10,93168258,93168277,-
chr10,93170567,93170586,-
chr10,93170852,93170875,-
chr10,93171504,93171528,-
chr10,93171917,93171951,-
chr10,93226136,93226160,-
chr10,93228328,93228344,-
chr10,93228367,93228383,-
chr10,93228442,93228464,-
chr10,93228619,93228641,-
chr10,93228846,93228860,-
chr10,93261283,93261297,-
chr10,93273650,93273674,-
chr10,93291824,93291859,-
chr10,93310890,93310904,-
chr10,93325314,93325328,-
chr10,93325506,93325538,-
chr10,93335530,93335576,-
chr10,93335980,93335994,-
chr10,93336584,93336598,-
chr10,93402520,93402535,-
chr10,93402636,93402664,-
chr10,93451620,93451660,-
chr10,93452678,93452697,-
chr10,93452859,93452879,-
chr10,93453126,93453140,-
chr10,94378252,94378268,-
chr10,94378557,94378573,-
chr10,94689198,94689224,-
chr10,94828432,94828446,-
chr10,95055930,95055996,-
chr10,95178781,95178803,-
chr10,95179157,95179171,-
chr10,95195699,95195713,-
chr10,95255862,95255878,-
chr10,95255887,95255945,-
chr10,95256109,95256123,-
chr10,95261156,95261196,-
chr10,95261451,95261466,-
chr10,95323715,95323744,-
chr10,95324337,95324355,-
chr10,95668014,95668043,-
chr10,95780035,95780049,-
chr10,95894891,95894922,-
chr10,96136941,96136957,-
chr10,96181866,96181885,-
chr10,96201405,96201420,-
chr10,96201622,96201637,-
chr10,96204456,96204477,-
chr10,96204642,96204658,-
chr10,96214972,96214992,-
chr10,96240531,96240550,-
chr10,96274118,96274138,-
chr10,96274364,96274386,-
chr10,96364051,96364070,-
chr10,96398565,96398616,-
chr10,96401441,96401479,-
chr10,96407908,96407927,-
chr10,96467082,96467097,-
chr10,96481684,96481703,-
chr10,96496173,96496187,-
chr10,96496873,96496901,-
chr10,96497408,96497423,-
chr10,96497821,96497847,-
chr10,96565619,96565642,-
chr10,96565785,96565804,-
chr10,96570360,96570379,-
chr10,96581425,96581447,-
chr10,96586031,96586053,-
chr10,96586532,96586557,-
chr10,96599647,96599670,-
chr10,96599681,96599697,-
chr10,96599868,96599887,-
chr10,96602103,96602119,-
chr10,96602334,96602354,-
chr10,96606181,96606200,-
chr10,96610119,96610138,-
chr10,96610246,96610265,-
chr10,96615744,96615765,-
chr10,96616058,96616074,-
chr10,96616169,96616183,-
chr10,96616784,96616804,-
chr10,96618684,96618708,-
chr10,96618782,96618824,-
chr10,96619474,96619493,-
chr10,96620438,96620482,-
chr10,96620604,96620632,-
chr10,96621338,96621391,-
chr10,96621514,96621533,-
chr10,96621550,96621569,-
chr10,96621801,96621816,-
chr10,96621853,96621887,-
chr10,96622575,96622589,-
chr10,96622610,96622629,-
chr10,96622701,96622716,-
chr10,96651562,96651584,-
chr10,96652753,96652773,-
chr10,96664625,96664644,-
chr10,96686029,96686048,-
chr10,96690297,96690356,-
chr10,96690736,96690755,-
chr10,96693376,96693392,-
chr10,96693402,96693429,-
chr10,96694156,96694188,-
chr10,96698321,96698339,-
chr10,96698374,96698393,-
chr10,96698414,96698429,-
chr10,96721138,96721157,-
chr10,96721391,96721405,-
chr10,96723060,96723079,-
chr10,96724378,96724399,-
chr10,96786938,96786960,-
chr10,96787607,96787638,-
chr10,96787652,96787666,-
chr10,96822768,96822784,-
chr10,96823044,96823058,-
chr10,96826202,96826218,-
chr10,96871421,96871437,-
chr10,96955204,96955220,-
chr10,97312608,97312627,-
chr10,97312939,97312958,-
chr10,97313327,97313341,-
chr10,97313619,97313633,-
chr10,97314222,97314244,-
chr10,98638533,98638611,-
chr10,98684278,98684294,-
chr10,98684342,98684368,-
chr10,98684680,98684699,-
chr10,98745768,98745782,-
chr10,98745942,98745968,-
chr10,98745988,98746007,-
chr10,98775158,98775187,-
chr10,98776058,98776101,-
chr10,98776789,98776833,-
chr10,98782391,98782410,-
chr10,98785194,98785212,-
chr10,98785542,98785564,-
chr10,98785759,98785773,-
chr10,98791969,98792090,-
chr10,98875702,98875792,-
chr10,98876078,98876097,-
chr10,98876163,98876206,-
chr10,98876219,98876235,-
chr10,98877649,98877677,-
chr10,98877767,98877786,-
chr10,98877833,98877873,-
chr10,98913602,98913621,-
chr10,98913679,98913699,-
chr10,98914946,98914967,-
chr10,99107871,99107915,-
chr10,99116631,99116694,-
chr10,99116865,99116889,-
chr10,99117092,99117125,-
chr10,99119574,99119605,-
chr10,99171834,99171856,-
chr10,99182552,99182576,-
chr10,99240888,99240904,-
chr10,99262536,99262556,-
chr10,99263379,99263398,-
chr10,99268704,99268724,-
chr10,99268870,99268886,-
chr10,99284934,99284956,-
chr10,99285001,99285020,-
chr10,99386162,99386176,-
chr10,99393535,99393551,-
chr10,99393928,99393958,-
chr10,99417386,99417416,-
chr10,99417545,99417585,-
chr10,99460345,99460374,-
chr10,99460595,99460611,-
chr10,99460717,99460752,-
chr10,100696021,100696037,-
chr10,100716509,100716543,-
chr10,100770996,100771011,-
chr10,107868739,107868758,-
chr10,107869277,107869291,-
chr10,108114295,108114465,-
chr10,110891391,110891429,-
chr10,110932145,110932180,-
chr10,110932365,110932384,-
chr10,110933242,110933261,-
chr10,110933450,110933472,-
chr10,110933794,110933855,-
chr10,110933874,110933896,-
chr10,110933982,110933996,-
chr10,110934241,110934267,-
chr10,111010825,111010839,-
chr10,111064627,111064682,-
chr10,111165753,111165775,-
chr10,111215543,111215557,-
chr10,111227240,111227287,-
chr10,111227299,111227313,-
chr10,111422227,111422246,-
chr10,111505882,111505906,-
chr10,111525642,111525656,-
chr10,111578556,111578572,-
chr10,111578959,111578986,-
chr10,111946170,111946202,-
chr10,111977811,111977830,-
chr10,111997322,111997357,-
chr10,112000889,112000921,-
chr10,112001678,112001693,-
chr10,112002887,112002927,-
chr10,114298285,114298379,-
chr10,115251855,115251870,-
chr10,115252236,115252254,-
chr10,115314556,115314572,-
chr10,115384217,115384232,-
chr10,116396458,116396484,-
chr10,116472400,116472416,-
chr10,116581930,116581947,-
chr10,116582460,116582475,-
chr10,116582917,116582933,-
chr10,116582955,116582976,-
chr10,116913399,116913420,-
chr10,116914441,116914478,-
chr10,116950889,116950924,-
chr10,117377301,117377330,-
chr10,117377341,117377356,-
chr10,117397623,117397665,-
chr10,117602388,117602417,-
chr10,117602568,117602587,-
chr10,117608961,117609010,-
chr10,117626233,117626252,-
chr10,117628300,117628315,-
chr10,117630024,117630092,-
chr10,117630260,117630276,-
chr10,117659729,117659749,-
chr10,117660220,117660242,-
chr10,117660303,117660332,-
chr10,117793093,117793117,-
chr10,117829946,117829980,-
chr10,117830140,117830164,-
chr10,117836416,117836447,-
chr10,117844013,117844027,-
chr10,117844402,117844418,-
chr10,117856327,117856348,-
chr10,117865538,117865556,-
chr10,117865739,117865753,-
chr10,117905865,117905879,-
chr10,117906465,117906480,-
chr10,117918436,117918471,-
chr10,117919006,117919022,-
chr10,117920922,117920942,-
chr10,117920956,117921000,-
chr10,117921036,117921080,-
chr10,117944085,117944100,-
chr10,117948007,117948021,-
chr10,117948043,117948076,-
chr10,117948507,117948523,-
chr10,117948535,117948551,-
chr10,117948580,117948600,-
chr10,117948628,117948644,-
chr10,117948745,117948761,-
chr10,117948768,117948795,-
chr10,117948808,117948828,-
chr10,117948908,117948924,-
chr10,117948951,117948971,-
chr10,117951793,117951807,-
chr10,117959254,117959270,-
chr10,117983298,117983314,-
chr10,117988523,117988539,-
chr10,118006866,118006884,-
chr10,118007742,118007783,-
chr10,118081614,118081642,-
chr10,118081673,118081688,-
chr10,118082646,118082660,-
chr10,118087576,118087593,-
chr10,118096410,118096424,-
chr10,118100889,118100903,-
chr10,118101250,118101274,-
chr10,118101612,118101628,-
chr10,118104009,118104041,-
chr10,118406358,118406374,-
chr10,118406882,118406896,-
chr10,118419610,118419624,-
chr10,118461550,118461587,-
chr10,118469635,118469672,-
chr10,118534192,118534219,-
chr10,118599140,118599156,-
chr10,118599378,118599393,-
chr10,118599608,118599643,-
chr10,118599833,118599857,-
chr10,118600020,118600036,-
chr10,118633680,118633699,-
chr10,118713737,118713764,-
chr10,118714866,118714885,-
chr10,118793625,118793645,-
chr10,118814110,118814124,-
chr10,118854358,118854374,-
chr10,118854565,118854581,-
chr10,118867594,118867618,-
chr10,118867629,118867650,-
chr10,118882483,118882508,-
chr10,118882856,118882888,-
chr10,118883092,118883106,-
chr10,118885043,118885071,-
chr10,118899679,118899727,-
chr10,118930238,118930299,-
chr10,118930340,118930360,-
chr10,118930489,118930508,-
chr10,118930517,118930536,-
chr10,119050669,119050700,-
chr10,119055895,119055955,-
chr10,119056031,119056045,-
chr10,120220207,120220239,-
chr10,120278204,120278228,-
chr10,120617002,120617021,-
chr10,120979088,120979106,-
chr10,120979144,120979174,-
chr10,121189177,121189223,-
chr10,121316604,121316618,-
chr10,121430017,121430051,-
chr10,121477179,121477194,-
chr10,121494276,121494335,-
chr10,121505604,121505623,-
chr10,121506172,121506186,-
chr10,121587053,121587067,-
chr10,121626891,121626918,-
chr10,121887342,121887356,-
chr10,122578476,122578498,-
chr10,122599455,122599474,-
chr10,122602030,122602050,-
chr10,122602790,122602851,-
chr10,122652340,122652360,-
chr10,122663286,122663305,-
chr10,122678117,122678137,-
chr10,122678255,122678274,-
chr10,122680247,122680261,-
chr10,122726068,122726087,-
chr10,122726267,122726307,-
chr10,122739007,122739027,-
chr10,122739300,122739333,-
chr10,122742462,122742486,-
chr10,122742582,122742598,-
chr10,122742640,122742656,-
chr10,122760490,122760509,-
chr10,122760719,122760754,-
chr10,122792394,122792409,-
chr10,122792602,122792621,-
chr10,122792795,122792811,-
chr10,122794300,122794316,-
chr10,122794986,122795006,-
chr10,122795101,122795167,-
chr10,122807146,122807176,-
chr10,122807249,122807284,-
chr10,122830002,122830027,-
chr10,122830119,122830135,-
chr10,122830244,122830266,-
chr10,122986619,122986640,-
chr10,122986656,122986692,-
chr10,122987969,122987988,-
chr10,125370487,125370501,-
chr10,125400128,125400200,-
chr10,126547300,126547367,-
chr10,127031010,127031026,-
chr10,127123611,127123644,-
chr10,127123826,127123842,-
chr10,127134730,127134774,-
chr10,127134936,127134995,-
chr10,127135088,127135103,-
chr10,127136214,127136228,-
chr10,127137345,127137360,-
chr10,127138221,127138246,-
chr10,127138620,127138634,-
chr10,127138672,127138692,-
chr10,127150185,127150255,-
chr10,127150692,127150708,-
chr10,127162392,127162411,-
chr10,127162472,127162486,-
chr10,127164592,127164611,-
chr10,127175462,127175513,-
chr10,127225759,127225778,-
chr10,127266173,127266188,-
chr10,127311998,127312014,-
chr10,127312691,127312723,-
chr10,127321461,127321497,-
chr10,127321623,127321637,-
chr10,127323587,127323606,-
chr10,127338866,127338881,-
chr10,127642283,127642299,-
chr10,127643056,127643080,-
chr10,127668687,127668715,-
chr10,127668751,127668767,-
chr10,127669070,127669090,-
chr10,127674741,127674760,-
chr10,127676487,127676514,-
chr10,127709811,127709835,-
chr10,128039110,128039162,-
chr10,128080870,128080906,-
chr10,128097918,128097944,-
chr10,128176709,128176740,-
chr10,128176860,128176897,-
chr10,128186788,128186869,-
chr10,128188757,128188814,-
chr10,128212020,128212039,-
chr10,128231460,128231480,-
chr10,128231570,128231585,-
chr10,128231922,128231938,-
chr10,128322147,128322185,-
chr10,128410170,128410190,-
chr10,128410737,128410753,-
chr10,128424920,128424934,-
chr10,128434509,128434535,-
chr10,128435074,128435094,-
chr10,128439235,128439261,-
chr10,128439353,128439380,-
chr10,128499025,128499073,-
chr10,128504099,128504113,-
chr10,128504506,128504526,-
chr10,128506020,128506035,-
chr10,128548458,128548472,-
chr10,128626219,128626241,-
chr10,128636909,128636936,-
chr10,128637500,128637529,-
chr10,128637643,128637659,-
chr10,128674900,128674936,-
chr10,128718238,128718254,-
chr10,128743318,128743350,-
chr10,128745253,128745278,-
chr10,128745334,128745358,-
chr10,128745371,128745403,-
chr10,128745984,128746006,-
chr10,128747211,128747244,-
chr10,128747414,128747433,-
chr10,128989878,128989894,-
chr10,128990947,128990963,-
chr10,128991180,128991196,-
chr10,130281446,130281507,-
chr10,130313943,130313957,-
chr10,130322973,130322992,-
chr10,130330938,130330973,-
chr10,130335443,130335457,-
chr10,130336753,130336773,-
chr10,130337239,130337255,-
chr10,130341969,130341988,-
chr10,130342030,130342049,-
chr10,130342197,130342213,-
chr10,130342266,130342298,-
chr10,130344081,130344103,-
chr10,130369508,130369586,-
chr10,130369679,130369693,-
chr10,130439222,130439237,-
chr10,130439265,130439285,-
chr10,130511608,130511627,-
chr10,130511827,130511889,-
chr10,130512051,130512069,-
chr10,130512122,130512148,-
chr11,3328089,3328106,+
chr11,3328881,3328905,+
chr11,3329854,3329870,+
chr11,3333634,3333648,+
chr11,3333956,3333973,+
chr11,3333982,3334009,+
chr11,3334188,3334212,+
chr11,3344522,3344537,+
chr11,4246807,4246822,+
chr11,4288989,4289008,+
chr11,4289178,4289213,+
chr11,4423874,4423898,+
chr11,4424127,4424171,+
chr11,4424184,4424203,+
chr11,4593803,4593842,+
chr11,4594758,4594773,+
chr11,4595014,4595030,+
chr11,4595045,4595059,+
chr11,4804112,4804132,+
chr11,4824019,4824043,+
chr11,4824044,4824084,+
chr11,4848596,4848614,+
chr11,4848650,4848674,+
chr11,4987078,4987098,+
chr11,5074978,5075022,+
chr11,5215005,5215024,+
chr11,5215533,5215557,+
chr11,5216665,5216689,+
chr11,5260908,5260927,+
chr11,5296990,5297015,+
chr11,5297110,5297129,+
chr11,5411696,5411711,+
chr11,5430082,5430102,+
chr11,5435038,5435057,+
chr11,5436000,5436043,+
chr11,5485564,5485580,+
chr11,5485583,5485633,+
chr11,5541428,5541451,+
chr11,5690939,5690963,+
chr11,5788250,5788264,+
chr11,6150928,6150986,+
chr11,6153063,6153085,+
chr11,6267761,6267777,+
chr11,6332651,6332670,+
chr11,6365707,6365727,+
chr11,6365740,6365767,+
chr11,6405667,6405686,+
chr11,6410527,6410558,+
chr11,6528451,6528465,+
chr11,6529058,6529083,+
chr11,6558772,6558787,+
chr11,6559689,6559703,+
chr11,6560009,6560028,+
chr11,6567935,6567959,+
chr11,6679526,6679541,+
chr11,6679964,6679983,+
chr11,6679993,6680058,+
chr11,6705194,6705223,+
chr11,6907163,6907221,+
chr11,9010781,9010802,+
chr11,11508716,11508732,+
chr11,11512036,11512062,+
chr11,11515162,11515187,+
chr11,11518545,11518560,+
chr11,11519361,11519377,+
chr11,11528994,11529010,+
chr11,11529066,11529080,+
chr11,11529219,11529233,+
chr11,11529571,11529585,+
chr11,11529620,11529639,+
chr11,11563820,11563836,+
chr11,11565003,11565017,+
chr11,11569271,11569286,+
chr11,11570076,11570096,+
chr11,11644036,11644055,+
chr11,11657755,11657773,+
chr11,11687595,11687610,+
chr11,11688729,11688746,+
chr11,11689318,11689336,+
chr11,11689884,11689899,+
chr11,11692490,11692505,+
chr11,11692922,11692942,+
chr11,11726128,11726143,+
chr11,11738940,11738956,+
chr11,11740813,11740828,+
chr11,11741710,11741726,+
chr11,11742044,11742063,+
chr11,11742203,11742222,+
chr11,11751656,11751670,+
chr11,11766453,11766512,+
chr11,11766683,11766702,+
chr11,11788344,11788393,+
chr11,11808799,11808831,+
chr11,11977255,11977310,+
chr11,17953176,17953192,+
chr11,17953370,17953405,+
chr11,17954195,17954209,+
chr11,17954286,17954302,+
chr11,19992979,19992998,+
chr11,20107715,20107734,+
chr11,20107962,20107981,+
chr11,20112196,20112223,+
chr11,20200817,20200831,+
chr11,20340693,20340760,+
chr11,20543795,20543817,+
chr11,20553504,20553520,+
chr11,20615999,20616023,+
chr11,20733683,20733705,+
chr11,20742115,20742131,+
chr11,20742831,20742847,+
chr11,20742879,20742900,+
chr11,21074800,21074851,+
chr11,21090913,21090932,+
chr11,21091389,21091404,+
chr11,21103706,21103720,+
chr11,21103763,21103785,+
chr11,21114839,21114854,+
chr11,21151724,21151746,+
chr11,21167066,21167080,+
chr11,21172698,21172714,+
chr11,21172838,21172854,+
chr11,21173721,21173762,+
chr11,21174236,21174255,+
chr11,21175093,21175107,+
chr11,21178473,21178487,+
chr11,21180624,21180644,+
chr11,21181277,21181296,+
chr11,21299359,21299383,+
chr11,22841480,22841494,+
chr11,22842228,22842272,+
chr11,22843853,22843869,+
chr11,22845093,22845131,+
chr11,22845144,22845164,+
chr11,22851716,22851730,+
chr11,22857607,22857621,+
chr11,22871979,22871998,+
chr11,22981910,22981924,+
chr11,22990308,22990324,+
chr11,23008024,23008038,+
chr11,23497460,23497479,+
chr11,23770241,23770260,+
chr11,23771949,23771964,+
chr11,23782041,23782083,+
chr11,29514836,29514852,+
chr11,30126834,30126860,+
chr11,30126873,30126924,+
chr11,30127003,30127025,+
chr11,30127421,30127435,+
chr11,30166167,30166189,+
chr11,30182159,30182179,+
chr11,30182319,30182363,+
chr11,30182466,30182490,+
chr11,30182610,30182629,+
chr11,30187622,30187650,+
chr11,30196593,30196614,+
chr11,30986676,30986690,+
chr11,31892407,31892429,+
chr11,31963993,31964009,+
chr11,31999487,31999501,+
chr11,32000152,32000190,+
chr11,32010824,32010839,+
chr11,32011005,32011022,+
chr11,32011537,32011576,+
chr11,32014652,32014667,+
chr11,32015055,32015071,+
chr11,32125449,32125465,+
chr11,32125952,32125971,+
chr11,32126467,32126483,+
chr11,32128435,32128450,+
chr11,32534713,32534744,+
chr11,32535718,32535757,+
chr11,32554206,32554221,+
chr11,32580965,32580991,+
chr11,32581068,32581087,+
chr11,32582369,32582405,+
chr11,32768707,32768726,+
chr11,33932712,33932727,+
chr11,34008652,34008672,+
chr11,34009208,34009222,+
chr11,34009374,34009398,+
chr11,34043010,34043042,+
chr11,34046393,34046412,+
chr11,34046433,34046448,+
chr11,34048693,34048707,+
chr11,34050028,34050061,+
chr11,34053359,34053393,+
chr11,34054573,34054588,+
chr11,34056968,34056987,+
chr11,34063538,34063570,+
chr11,34398710,34398725,+
chr11,34428137,34428184,+
chr11,34428422,34428488,+
chr11,34428550,34428566,+
chr11,34539951,34539971,+
chr11,34540927,34540942,+
chr11,34690070,34690089,+
chr11,34690159,34690182,+
chr11,34690202,34690225,+
chr11,34690236,34690259,+
chr11,34690264,34690287,+
chr11,34690292,34690315,+
chr11,34690320,34690343,+
chr11,34690348,34690371,+
chr11,34690376,34690399,+
chr11,34690410,34690433,+
chr11,34690436,34690461,+
chr11,34690466,34690489,+
chr11,34690494,34690517,+
chr11,34690529,34690552,+
chr11,34690555,34690586,+
chr11,34690865,34690879,+
chr11,34690895,34690919,+
chr11,34743810,34743826,+
chr11,34743834,34743859,+
chr11,34758548,34758570,+
chr11,34758924,34758945,+
chr11,34761481,34761500,+
chr11,34761831,34761847,+
chr11,34762361,34762375,+
chr11,34762385,34762413,+
chr11,34762421,34762447,+
chr11,34762493,34762509,+
chr11,34762627,34762684,+
chr11,34763333,34763349,+
chr11,34770799,34770833,+
chr11,34772169,34772188,+
chr11,34772245,34772271,+
chr11,34772477,34772492,+
chr11,34779999,34780018,+
chr11,34780857,34780871,+
chr11,34783433,34783453,+
chr11,34838740,34838759,+
chr11,35505210,35505226,+
chr11,35505277,35505294,+
chr11,36209895,36210274,+
chr11,40692427,40692443,+
chr11,40692970,40692984,+
chr11,40694094,40694109,+
chr11,40694479,40694508,+
chr11,40695134,40695150,+
chr11,40755623,40755637,+
chr11,43359298,43359322,+
chr11,43362893,43362951,+
chr11,43426354,43426412,+
chr11,43433531,43433547,+
chr11,43433663,43433682,+
chr11,43761380,43761437,+
chr11,43767446,43767483,+
chr11,43776784,43776842,+
chr11,43776993,43777041,+
chr11,44543971,44543998,+
chr11,45794969,45795001,+
chr11,45795952,45795972,+
chr11,45852782,45852798,+
chr11,45954972,45954986,+
chr11,46086643,46086659,+
chr11,46089914,46089946,+
chr11,46216347,46216362,+
chr11,46328189,46328220,+
chr11,46341239,46341260,+
chr11,46343434,46343461,+
chr11,46344521,46344536,+
chr11,46345271,46345285,+
chr11,46346004,46346023,+
chr11,46347929,46347945,+
chr11,46358296,46358314,+
chr11,46360062,46360077,+
chr11,46360318,46360337,+
chr11,46361274,46361290,+
chr11,46370622,46370638,+
chr11,46372316,46372345,+
chr11,46372552,46372568,+
chr11,46372657,46372673,+
chr11,46373014,46373029,+
chr11,46373119,46373144,+
chr11,46373432,46373454,+
chr11,46380287,46380306,+
chr11,46380918,46380937,+
chr11,46381132,46381147,+
chr11,46386382,46386419,+
chr11,46389201,46389260,+
chr11,46389313,46389329,+
chr11,46398775,46398789,+
chr11,46398794,46398808,+
chr11,46421299,46421313,+
chr11,46421922,46421938,+
chr11,46431484,46431511,+
chr11,46448088,46448147,+
chr11,46448211,46448230,+
chr11,46448372,46448396,+
chr11,48788509,48788523,+
chr11,48788541,48788560,+
chr11,48799920,48799940,+
chr11,48817705,48817739,+
chr11,48817944,48817964,+
chr11,48834383,48834410,+
chr11,48834705,48834732,+
chr11,48856799,48856813,+
chr11,48870968,48870987,+
chr11,48901504,48901544,+
chr11,48927315,48927331,+
chr11,49060566,49060595,+
chr11,49062179,49062202,+
chr11,49064340,49064356,+
chr11,49082527,49082549,+
chr11,49084634,49084693,+
chr11,49086242,49086308,+
chr11,49088841,49088856,+
chr11,49090838,49090854,+
chr11,49092749,49092774,+
chr11,49093131,49093152,+
chr11,49202991,49203005,+
chr11,49204393,49204407,+
chr11,49244987,49245009,+
chr11,49249962,49249981,+
chr11,49982796,49982820,+
chr11,49982829,49982869,+
chr11,49982978,49983010,+
chr11,50377481,50377495,+
chr11,50377541,50377574,+
chr11,50835785,50835804,+
chr11,50835925,50835958,+
chr11,50836186,50836200,+
chr11,51638592,51638622,+
chr11,51638677,51638710,+
chr11,51763485,51763528,+
chr11,51856578,51856602,+
chr11,51857240,51857266,+
chr11,52001050,52001074,+
chr11,52001414,52001430,+
chr11,52231391,52231427,+
chr11,52267142,52267157,+
chr11,52270945,52270973,+
chr11,52271591,52271611,+
chr11,52271616,52271637,+
chr11,52273900,52273916,+
chr11,52278696,52278726,+
chr11,52279342,52279356,+
chr11,52281140,52281160,+
chr11,52281786,52281802,+
chr11,52283886,52283900,+
chr11,52299819,52299833,+
chr11,52300682,52300701,+
chr11,52303178,52303197,+
chr11,52303515,52303537,+
chr11,52311391,52311405,+
chr11,52311980,52312009,+
chr11,52314989,52315009,+
chr11,52315792,52315810,+
chr11,52318354,52318373,+
chr11,52320755,52320774,+
chr11,52321560,52321580,+
chr11,52326656,52326729,+
chr11,52327963,52327983,+
chr11,52341276,52341292,+
chr11,52342376,52342390,+
chr11,52343226,52343250,+
chr11,52352614,52352687,+
chr11,52396231,52396259,+
chr11,53277906,53277954,+
chr11,53306016,53306042,+
chr11,53351614,53351633,+
chr11,53431342,53431370,+
chr11,53516646,53516675,+
chr11,53516779,53516808,+
chr11,53517121,53517149,+
chr11,53737620,53737636,+
chr11,53737819,53737848,+
chr11,53758800,53758836,+
chr11,53764203,53764225,+
chr11,53786565,53786584,+
chr11,53800126,53800157,+
chr11,53840172,53840188,+
chr11,53841919,53841941,+
chr11,53845412,53845446,+
chr11,53851704,53851726,+
chr11,53857476,53857490,+
chr11,53859233,53859255,+
chr11,53892886,53892934,+
chr11,54083448,54083482,+
chr11,54083495,54083509,+
chr11,54161232,54161254,+
chr11,54598202,54598221,+
chr11,54598257,54598273,+
chr11,54627286,54627300,+
chr11,54708401,54708423,+
chr11,54729166,54729180,+
chr11,54736987,54737002,+
chr11,54763853,54763874,+
chr11,54764043,54764065,+
chr11,54764767,54764786,+
chr11,54774339,54774374,+
chr11,54774935,54774950,+
chr11,54802623,54802701,+
chr11,54805956,54805996,+
chr11,54835304,54835329,+
chr11,54844417,54844442,+
chr11,54850504,54850527,+
chr11,54860727,54860741,+
chr11,54860976,54860992,+
chr11,54955510,54955561,+
chr11,54956405,54956425,+
chr11,54956662,54956698,+
chr11,54959146,54959165,+
chr11,54984572,54984616,+
chr11,55032700,55032722,+
chr11,55064182,55064234,+
chr11,55064279,55064298,+
chr11,55064316,55064336,+
chr11,55072738,55072752,+
chr11,55136572,55136588,+
chr11,55159058,55159072,+
chr11,55195236,55195252,+
chr11,55195258,55195299,+
chr11,55469040,55469076,+
chr11,57664795,57664821,+
chr11,57665152,57665169,+
chr11,57668839,57668853,+
chr11,57673719,57673739,+
chr11,57673747,57673767,+
chr11,57673787,57673807,+
chr11,57673813,57673829,+
chr11,57673837,57673871,+
chr11,57673891,57673907,+
chr11,57675837,57675851,+
chr11,57718174,57718189,+
chr11,57955127,57955143,+
chr11,58008318,58008337,+
chr11,58010168,58010210,+
chr11,58098339,58098353,+
chr11,58098364,58098394,+
chr11,58181797,58181811,+
chr11,58183629,58183649,+
chr11,58302150,58302174,+
chr11,58306975,58306990,+
chr11,58330242,58330279,+
chr11,58788720,58788746,+
chr11,58978032,58978047,+
chr11,59163897,59163913,+
chr11,59191409,59191438,+
chr11,59192368,59192384,+
chr11,59809244,59809259,+
chr11,60032463,60032496,+
chr11,60046021,60046047,+
chr11,60100548,60100594,+
chr11,60101501,60101517,+
chr11,60101640,60101660,+
chr11,60101692,60101733,+
chr11,60101896,60101951,+
chr11,60114456,60114472,+
chr11,60130976,60130990,+
chr11,60142750,60142769,+
chr11,60142933,60142948,+
chr11,60232386,60232400,+
chr11,60232472,60232513,+
chr11,60232520,60232546,+
chr11,60233007,60233045,+
chr11,60233049,60233097,+
chr11,60334373,60334392,+
chr11,60334486,60334515,+
chr11,60334644,60334666,+
chr11,60540122,60540142,+
chr11,60728199,60728215,+
chr11,61175739,61175755,+
chr11,61266776,61266795,+
chr11,61645192,61645211,+
chr11,61652897,61652913,+
chr11,61653248,61653264,+
chr11,61761579,61761625,+
chr11,61761718,61761732,+
chr11,62280962,62280978,+
chr11,62456582,62456597,+
chr11,62495138,62495157,+
chr11,62507539,62507604,+
chr11,62524460,62524480,+
chr11,62524662,62524678,+
chr11,62549886,62549901,+
chr11,62549993,62550015,+
chr11,62550159,62550175,+
chr11,62550806,62550832,+
chr11,62552020,62552039,+
chr11,62574549,62574579,+
chr11,62574899,62574918,+
chr11,62752428,62752443,+
chr11,63920789,63920804,+
chr11,63990038,63990052,+
chr11,63990093,63990107,+
chr11,63992338,63992362,+
chr11,63992621,63992641,+
chr11,64013396,64013423,+
chr11,64079288,64079302,+
chr11,64079779,64079795,+
chr11,64079814,64079833,+
chr11,64116999,64117019,+
chr11,68433287,68433306,+
chr11,68442831,68442930,+
chr11,68453635,68453677,+
chr11,68464509,68464523,+
chr11,68549688,68549735,+
chr11,68549888,68549910,+
chr11,68967916,68967948,+
chr11,69011972,69012011,+
chr11,69037743,69037762,+
chr11,69041438,69041460,+
chr11,69041939,69041969,+
chr11,69059103,69059123,+
chr11,69062212,69062234,+
chr11,69062514,69062534,+
chr11,69062908,69062928,+
chr11,69063448,69063486,+
chr11,69066442,69066462,+
chr11,69094197,69094227,+
chr11,69097439,69097458,+
chr11,69118659,69118678,+
chr11,69118765,69118784,+
chr11,69124428,69124447,+
chr11,69124556,69124572,+
chr11,69124747,69124777,+
chr11,69124925,69124957,+
chr11,69257954,69257968,+
chr11,69275655,69275674,+
chr11,69275701,69275717,+
chr11,69366491,69366510,+
chr11,69416589,69416619,+
chr11,69632369,69632385,+
chr11,69662267,69662281,+
chr11,69682297,69682325,+
chr11,69682457,69682496,+
chr11,69758454,69758474,+
chr11,69758517,69758533,+
chr11,69881547,69881563,+
chr11,69920073,69920093,+
chr11,69920160,69920179,+
chr11,69922339,69922368,+
chr11,69922509,69922536,+
chr11,69927852,69927871,+
chr11,69991409,69991424,+
chr11,70001995,70002014,+
chr11,70432072,70432088,+
chr11,70435906,70435922,+
chr11,70437897,70437913,+
chr11,70451754,70451770,+
chr11,70525034,70525054,+
chr11,70536720,70536750,+
chr11,70536864,70536922,+
chr11,70562660,70562675,+
chr11,70563775,70563799,+
chr11,70629791,70629825,+
chr11,70629907,70629921,+
chr11,70630149,70630214,+
chr11,70650361,70650380,+
chr11,70651882,70651929,+
chr11,70654926,70654963,+
chr11,70669868,70669890,+
chr11,70792473,70792489,+
chr11,70804208,70804249,+
chr11,71953690,71953746,+
chr11,72000499,72000514,+
chr11,72000544,72000571,+
chr11,72301349,72301363,+
chr11,72427128,72427199,+
chr11,72795966,72796007,+
chr11,73039664,73039683,+
chr11,73090453,73090479,+
chr11,74573116,74573170,+
chr11,74770547,74770571,+
chr11,74960567,74960582,+
chr11,75033093,75033115,+
chr11,75279652,75279680,+
chr11,75282816,75282837,+
chr11,75322540,75322587,+
chr11,75322683,75322706,+
chr11,75323131,75323147,+
chr11,75323533,75323553,+
chr11,75336593,75336615,+
chr11,75336633,75336652,+
chr11,75337008,75337022,+
chr11,75338629,75338669,+
chr11,75344339,75344378,+
chr11,75348004,75348026,+
chr11,75348744,75348758,+
chr11,75486580,75486595,+
chr11,75533118,75533132,+
chr11,75541589,75541603,+
chr11,75756573,75756646,+
chr11,75934195,75934215,+
chr11,75934256,75934292,+
chr11,75934293,75934319,+
chr11,75961930,75961952,+
chr11,75976901,75976921,+
chr11,75977903,75977932,+
chr11,75978426,75978445,+
chr11,75978670,75978689,+
chr11,75983224,75983248,+
chr11,75983467,75983486,+
chr11,75999869,75999888,+
chr11,76014783,76014806,+
chr11,76037785,76037812,+
chr11,76494450,76494465,+
chr11,76732822,76732836,+
chr11,76732964,76732995,+
chr11,76734371,76734386,+
chr11,76734518,76734532,+
chr11,76734834,76734848,+
chr11,76734956,76734970,+
chr11,76735015,76735031,+
chr11,76735876,76735937,+
chr11,76735965,76735979,+
chr11,76738875,76738897,+
chr11,76739735,76739750,+
chr11,76740047,76740071,+
chr11,77371649,77371672,+
chr11,77371685,77371713,+
chr11,77371926,77371940,+
chr11,77372147,77372166,+
chr11,77372169,77372183,+
chr11,77386173,77386188,+
chr11,77386632,77386657,+
chr11,77387234,77387253,+
chr11,77483904,77483922,+
chr11,77484186,77484200,+
chr11,77492630,77492649,+
chr11,77685570,77685594,+
chr11,77685724,77685744,+
chr11,77686345,77686367,+
chr11,77686882,77686906,+
chr11,77888018,77888050,+
chr11,77981507,77981523,+
chr11,78061650,78061677,+
chr11,78061805,78061826,+
chr11,78117671,78117687,+
chr11,78117725,78117745,+
chr11,78169094,78169109,+
chr11,78169634,78169653,+
chr11,78176319,78176338,+
chr11,78328021,78328037,+
chr11,78328041,78328067,+
chr11,78599905,78599921,+
chr11,78600143,78600173,+
chr11,78600625,78600647,+
chr11,78678625,78678645,+
chr11,78678803,78678817,+
chr11,78679022,78679038,+
chr11,78679302,78679338,+
chr11,78679469,78679499,+
chr11,78689325,78689347,+
chr11,78690639,78690653,+
chr11,78697687,78697701,+
chr11,78766844,78766907,+
chr11,78767141,78767157,+
chr11,78780163,78780182,+
chr11,78780865,78780887,+
chr11,78823140,78823181,+
chr11,78823323,78823342,+
chr11,78973378,78973403,+
chr11,79006314,79006330,+
chr11,79006480,79006496,+
chr11,79023302,79023342,+
chr11,79217859,79217885,+
chr11,79217892,79217911,+
chr11,79461111,79461133,+
chr11,79520316,79520330,+
chr11,79523553,79523569,+
chr11,79528638,79528652,+
chr11,79529655,79529669,+
chr11,79530086,79530120,+
chr11,79623057,79623073,+
chr11,79623645,79623660,+
chr11,79642242,79642264,+
chr11,79703346,79703365,+
chr11,79703432,79703446,+
chr11,80072667,80072732,+
chr11,80072776,80072793,+
chr11,80075572,80075606,+
chr11,80075782,80075815,+
chr11,80078364,80078383,+
chr11,80086559,80086575,+
chr11,80086578,80086601,+
chr11,80086745,80086785,+
chr11,80382982,80383045,+
chr11,80476398,80476414,+
chr11,80512664,80512678,+
chr11,82746988,82747011,+
chr11,82747016,82747036,+
chr11,82860693,82860707,+
chr11,82870342,82870368,+
chr11,82951941,82951963,+
chr11,82953208,82953233,+
chr11,82955343,82955358,+
chr11,82974422,82974463,+
chr11,83021048,83021062,+
chr11,83021091,83021107,+
chr11,83040418,83040438,+
chr11,83224252,83224271,+
chr11,83224532,83224561,+
chr11,83224593,83224612,+
chr11,83272580,83272594,+
chr11,83537176,83537199,+
chr11,83639516,83639539,+
chr11,83641588,83641607,+
chr11,83802108,83802130,+
chr11,83917289,83917308,+
chr11,84217224,84217289,+
chr11,84829858,84829872,+
chr11,84868974,84868989,+
chr11,84869254,84869273,+
chr11,85126713,85126729,+
chr11,85127163,85127177,+
chr11,86246986,86247019,+
chr11,86257424,86257441,+
chr11,86357835,86357852,+
chr11,86357855,86357907,+
chr11,86371323,86371348,+
chr11,86578804,86578818,+
chr11,86581807,86581861,+
chr11,86581929,86581943,+
chr11,86587837,86587853,+
chr11,86587982,86588001,+
chr11,86599086,86599100,+
chr11,86599241,86599319,+
chr11,86599475,86599499,+
chr11,86599519,86599556,+
chr11,86808910,86808929,+
chr11,86808939,86808961,+
chr11,86809741,86809765,+
chr11,86810174,86810190,+
chr11,86810250,86810287,+
chr11,86810396,86810410,+
chr11,86811530,86811546,+
chr11,86811590,86811609,+
chr11,86814991,86815026,+
chr11,86815047,86815074,+
chr11,86815132,86815155,+
chr11,86815163,86815182,+
chr11,86815811,86815830,+
chr11,86816396,86816411,+
chr11,86816420,86816434,+
chr11,86816487,86816510,+
chr11,86822502,86822522,+
chr11,86827587,86827601,+
chr11,86827784,86827800,+
chr11,86828970,86828998,+
chr11,86925371,86925395,+
chr11,87393918,87393937,+
chr11,87394014,87394036,+
chr11,87404695,87404718,+
chr11,87422523,87422549,+
chr11,87426293,87426312,+
chr11,87426327,87426377,+
chr11,87426488,87426504,+
chr11,87427692,87427725,+
chr11,87443928,87443948,+
chr11,87443966,87443986,+
chr11,87448070,87448087,+
chr11,87449237,87449253,+
chr11,87504858,87504873,+
chr11,87591554,87591568,+
chr11,87591701,87591715,+
chr11,87719981,87720001,+
chr11,87720312,87720343,+
chr11,87720344,87720358,+
chr11,87720433,87720452,+
chr11,87721251,87721270,+
chr11,87737144,87737182,+
chr11,87744380,87744433,+
chr11,87752720,87752750,+
chr11,87752754,87752803,+
chr11,87752931,87752976,+
chr11,87756103,87756118,+
chr11,87756125,87756140,+
chr11,87759448,87759464,+
chr11,87759931,87759951,+
chr11,87936161,87936177,+
chr11,87965575,87965606,+
chr11,87967904,87967928,+
chr11,87986170,87986198,+
chr11,88046907,88046923,+
chr11,88046966,88046991,+
chr11,88073220,88073234,+
chr11,88194429,88194465,+
chr11,88576946,88576966,+
chr11,88599110,88599132,+
chr11,88613584,88613603,+
chr11,88614507,88614539,+
chr11,88619233,88619248,+
chr11,88620160,88620187,+
chr11,88620574,88620590,+
chr11,88620686,88620700,+
chr11,88620749,88620769,+
chr11,88629243,88629265,+
chr11,88629282,88629296,+
chr11,88716614,88716640,+
chr11,88955205,88955227,+
chr11,88993468,88993493,+
chr11,89024054,89024070,+
chr11,89024076,89024100,+
chr11,89027921,89027940,+
chr11,89058760,89058782,+
chr11,89061331,89061355,+
chr11,89061828,89061852,+
chr11,90248896,90248915,+
chr11,90257170,90257185,+
chr11,94169464,94169493,+
chr11,94169949,94169971,+
chr11,94209662,94209697,+
chr11,94209725,94209740,+
chr11,94253310,94253327,+
chr11,94386579,94386593,+
chr11,94563418,94563432,+
chr11,94564688,94564704,+
chr11,94591366,94591385,+
chr11,94592046,94592061,+
chr11,94592282,94592296,+
chr11,94592304,94592328,+
chr11,94695770,94695786,+
chr11,94696142,94696204,+
chr11,94696261,94696316,+
chr11,94696342,94696370,+
chr11,94696444,94696478,+
chr11,94698033,94698047,+
chr11,94716637,94716671,+
chr11,94998551,94998570,+
chr11,94998756,94998786,+
chr11,94999039,94999064,+
chr11,95001429,95001475,+
chr11,95336793,95336831,+
chr11,95351650,95351666,+
chr11,95353068,95353087,+
chr11,95355778,95355797,+
chr11,95357664,95357678,+
chr11,95358963,95358990,+
chr11,95413614,95413640,+
chr11,95688593,95688609,+
chr11,95713958,95713973,+
chr11,95715028,95715042,+
chr11,95835115,95835140,+
chr11,95858660,95858679,+
chr11,95859924,95859947,+
chr11,95897019,95897034,+
chr11,95897056,95897075,+
chr11,96034761,96034775,+
chr11,96422472,96422526,+
chr11,96467378,96467392,+
chr11,96467754,96467777,+
chr11,96467974,96467995,+
chr11,96468072,96468119,+
chr11,96468398,96468412,+
chr11,96468838,96468875,+
chr11,96469791,96469805,+
chr11,96697285,96697360,+
chr11,96697441,96697457,+
chr11,96788901,96788921,+
chr11,96788987,96789016,+
chr11,96830739,96830754,+
chr11,96867134,96867191,+
chr11,96867195,96867230,+
chr11,96966851,96966867,+
chr11,96966871,96966893,+
chr11,96979245,96979267,+
chr11,97026128,97026142,+
chr11,97140956,97140970,+
chr11,97143085,97143120,+
chr11,97143236,97143266,+
chr11,97143269,97143291,+
chr11,97275691,97275719,+
chr11,97662694,97662710,+
chr11,97684388,97684403,+
chr11,97685446,97685460,+
chr11,97702888,97702912,+
chr11,97718531,97718562,+
chr11,97719048,97719099,+
chr11,97727933,97727954,+
chr11,97728100,97728146,+
chr11,97781657,97781676,+
chr11,97793202,97793232,+
chr11,97796998,97797014,+
chr11,97810735,97810749,+
chr11,97810996,97811021,+
chr11,97825165,97825185,+
chr11,97840040,97840059,+
chr11,97840061,97840075,+
chr11,97840390,97840453,+
chr11,97883367,97883425,+
chr11,97884013,97884049,+
chr11,97899908,97899924,+
chr11,97905620,97905639,+
chr11,97946089,97946138,+
chr11,97946432,97946499,+
chr11,97996320,97996346,+
chr11,98001159,98001182,+
chr11,98001349,98001368,+
chr11,98026833,98026849,+
chr11,98026857,98026871,+
chr11,98050090,98050113,+
chr11,98149595,98149617,+
chr11,98193651,98193665,+
chr11,98465286,98465305,+
chr11,98465381,98465413,+
chr11,98479453,98479469,+
chr11,98488154,98488179,+
chr11,98492904,98492934,+
chr11,98545556,98545575,+
chr11,98545634,98545656,+
chr11,98546546,98546565,+
chr11,98550171,98550190,+
chr11,98778678,98778706,+
chr11,98783276,98783292,+
chr11,98809469,98809488,+
chr11,98863292,98863322,+
chr11,98863395,98863411,+
chr11,98875513,98875527,+
chr11,98907593,98907607,+
chr11,98938168,98938192,+
chr11,98938708,98938739,+
chr11,98952649,98952684,+
chr11,98954179,98954214,+
chr11,99104372,99104388,+
chr11,99104392,99104406,+
chr11,99105647,99105676,+
chr11,99115689,99115724,+
chr11,99133596,99133612,+
chr11,99136193,99136212,+
chr11,99137415,99137429,+
chr11,99146439,99146458,+
chr11,99146621,99146668,+
chr11,99147061,99147083,+
chr11,99148600,99148619,+
chr11,99166025,99166044,+
chr11,99170976,99170995,+
chr11,99187036,99187059,+
chr11,99255073,99255097,+
chr11,99255553,99255569,+
chr11,99361198,99361256,+
chr11,99361263,99361278,+
chr11,100326723,100326776,+
chr11,100399644,100399664,+
chr11,100588546,100588565,+
chr11,100588680,100588712,+
chr11,100610151,100610171,+
chr11,100622577,100622597,+
chr11,100622662,100622681,+
chr11,100804619,100804634,+
chr11,100818659,100818689,+
chr11,100819024,100819040,+
chr11,100819085,100819130,+
chr11,100819447,100819463,+
chr11,100822210,100822255,+
chr11,100822702,100822722,+
chr11,100824039,100824058,+
chr11,100824845,100824860,+
chr11,100846208,100846228,+
chr11,100846912,100846960,+
chr11,100847621,100847644,+
chr11,100847982,100848003,+
chr11,100848304,100848320,+
chr11,100848812,100848831,+
chr11,100848834,100848850,+
chr11,100848876,100848908,+
chr11,100891841,100891860,+
chr11,100931475,100931495,+
chr11,101002113,101002127,+
chr11,101008474,101008490,+
chr11,101067374,101067410,+
chr11,101082366,101082380,+
chr11,101218996,101219012,+
chr11,101219053,101219072,+
chr11,101225510,101225564,+
chr11,101315589,101315603,+
chr11,101357507,101357524,+
chr11,101424825,101424841,+
chr11,101441882,101441896,+
chr11,101442006,101442022,+
chr11,101626938,101626954,+
chr11,101627171,101627201,+
chr11,101627778,101627825,+
chr11,101645148,101645167,+
chr11,101645334,101645356,+
chr11,101645660,101645674,+
chr11,101658824,101658843,+
chr11,101665407,101665421,+
chr11,102319219,102319234,+
chr11,102408835,102408849,+
chr11,102556746,102556760,+
chr11,103175530,103175583,+
chr11,103222309,103222352,+
chr11,103255082,103255136,+
chr11,103255269,103255288,+
chr11,103264904,103264921,+
chr11,103266105,103266120,+
chr11,103266493,103266527,+
chr11,103372642,103372692,+
chr11,103373033,103373093,+
chr11,103698224,103698240,+
chr11,103698268,103698288,+
chr11,104347049,104347118,+
chr11,104347245,104347261,+
chr11,104382998,104383092,+
chr11,104383230,104383264,+
chr11,104383361,104383410,+
chr11,104442924,104442940,+
chr11,104443197,104443219,+
chr11,104443440,104443459,+
chr11,104443596,104443610,+
chr11,104549573,104549588,+
chr11,104551037,104551068,+
chr11,104581407,104581437,+
chr11,104609714,104609749,+
chr11,104630351,104630367,+
chr11,104660867,104660889,+
chr11,106065358,106065374,+
chr11,106158067,106158086,+
chr11,106167505,106167529,+
chr11,106167977,106167996,+
chr11,106201431,106201455,+
chr11,106201724,106201743,+
chr11,106201920,106201946,+
chr11,106318122,106318142,+
chr11,106387027,106387041,+
chr11,106387835,106387859,+
chr11,106660764,106660783,+
chr11,106662690,106662709,+
chr11,106663413,106663443,+
chr11,106664484,106664528,+
chr11,106664613,106664640,+
chr11,106664923,106664937,+
chr11,106665109,106665170,+
chr11,106665328,106665390,+
chr11,106666141,106666160,+
chr11,106666184,106666203,+
chr11,106673969,106674001,+
chr11,106742590,106742614,+
chr11,106742798,106742825,+
chr11,106745302,106745317,+
chr11,106745457,106745556,+
chr11,106749701,106749723,+
chr11,106749954,106749978,+
chr11,106750655,106750671,+
chr11,106750996,106751019,+
chr11,106751535,106751565,+
chr11,106762882,106762897,+
chr11,106770342,106770388,+
chr11,106770488,106770532,+
chr11,106778374,106778442,+
chr11,106779752,106779771,+
chr11,106787916,106787932,+
chr11,106788176,106788191,+
chr11,106962868,106962892,+
chr11,106962903,106962917,+
chr11,106963309,106963407,+
chr11,106963847,106963863,+
chr11,106964247,106964263,+
chr11,106981148,106981163,+
chr11,106981168,106981192,+
chr11,106981197,106981221,+
chr11,106981226,106981247,+
chr11,106981252,106981273,+
chr11,106981278,106981302,+
chr11,106981307,106981331,+
chr11,106981336,106981360,+
chr11,106981365,106981389,+
chr11,106981394,106981418,+
chr11,106981423,106981447,+
chr11,106981452,106981473,+
chr11,106981478,106981499,+
chr11,106981504,106981531,+
chr11,106981536,106981559,+
chr11,106981565,106981586,+
chr11,106999804,106999820,+
chr11,106999976,106999995,+
chr11,107012118,107012163,+
chr11,107026519,107026534,+
chr11,107101550,107101574,+
chr11,107105162,107105183,+
chr11,107130621,107130637,+
chr11,107130792,107130817,+
chr11,107213959,107213973,+
chr11,107213974,107214039,+
chr11,107394043,107394074,+
chr11,107394554,107394569,+
chr11,107421712,107421754,+
chr11,107446653,107446668,+
chr11,107447208,107447224,+
chr11,107447987,107448001,+
chr11,107449125,107449153,+
chr11,107449938,107449987,+
chr11,107450440,107450462,+
chr11,107450586,107450643,+
chr11,107450847,107450866,+
chr11,107451031,107451069,+
chr11,107451747,107451769,+
chr11,107454339,107454359,+
chr11,107456138,107456182,+
chr11,107464126,107464179,+
chr11,107464583,107464598,+
chr11,107465412,107465431,+
chr11,107467497,107467531,+
chr11,107468774,107468788,+
chr11,107470308,107470328,+
chr11,107668181,107668195,+
chr11,108238161,108238180,+
chr11,108238225,108238281,+
chr11,108272991,108273005,+
chr11,108273717,108273736,+
chr11,108273896,108273910,+
chr11,108920470,108920484,+
chr11,109362310,109362349,+
chr11,109419589,109419613,+
chr11,109420385,109420409,+
chr11,109431893,109431918,+
chr11,109432579,109432594,+
chr11,109433694,109433740,+
chr11,109470136,109470193,+
chr11,109470196,109470217,+
chr11,109470234,109470248,+
chr11,109470969,109471003,+
chr11,109471492,109471506,+
chr11,109472859,109472891,+
chr11,109554241,109554256,+
chr11,109554279,109554301,+
chr11,109779552,109779571,+
chr11,109860366,109860382,+
chr11,109860438,109860467,+
chr11,109860509,109860524,+
chr11,110993304,110993318,+
chr11,110993979,110993994,+
chr11,110997430,110997449,+
chr11,111801481,111801497,+
chr11,113362736,113362750,+
chr11,113684241,113684266,+
chr11,113752143,113752158,+
chr11,114702814,114702862,+
chr11,114872880,114872904,+
chr11,114873190,114873209,+
chr11,114876564,114876590,+
chr11,114877335,114877351,+
chr11,114945284,114945300,+
chr11,115161590,115161609,+
chr11,115187733,115187752,+
chr11,115358519,115358551,+
chr11,115366312,115366326,+
chr11,115407438,115407464,+
chr11,115408862,115408878,+
chr11,115409224,115409243,+
chr11,115413936,115413950,+
chr11,115423122,115423141,+
chr11,115477512,115477528,+
chr11,115504148,115504162,+
chr11,115508331,115508345,+
chr11,115512731,115512745,+
chr11,115707564,115707616,+
chr11,115708868,115708892,+
chr11,115709057,115709076,+
chr11,116023549,116023564,+
chr11,116078608,116078627,+
chr11,116087497,116087511,+
chr11,116198971,116198985,+
chr11,116199304,116199323,+
chr11,116255812,116255828,+
chr11,116259509,116259523,+
chr11,116369569,116369595,+
chr11,116376431,116376448,+
chr11,116376608,116376624,+
chr11,116376741,116376810,+
chr11,116376861,116376877,+
chr11,116377130,116377157,+
chr11,116377166,116377180,+
chr11,116387979,116387998,+
chr11,116435307,116435326,+
chr11,116615761,116615775,+
chr11,116624502,116624518,+
chr11,116880331,116880370,+
chr11,117242833,117242858,+
chr11,117242870,117242890,+
chr11,117277883,117277899,+
chr11,117300871,117300886,+
chr11,117301931,117301955,+
chr11,117302424,117302439,+
chr11,117319566,117319582,+
chr11,117638900,117638916,+
chr11,117653570,117653584,+
chr11,117671744,117671776,+
chr11,117781938,117781952,+
chr11,117782702,117782730,+
chr11,117828682,117828701,+
chr11,117846977,117846993,+
chr11,117909533,117909571,+
chr11,117952028,117952047,+
chr11,117954505,117954534,+
chr11,118145727,118145751,+
chr11,118147298,118147313,+
chr11,118152269,118152315,+
chr11,118152514,118152657,+
chr11,118220700,118220722,+
chr11,118225757,118225772,+
chr11,118225836,118225868,+
chr11,118226303,118226323,+
chr11,118228036,118228052,+
chr11,118228314,118228328,+
chr11,118231432,118231457,+
chr11,118232201,118232220,+
chr11,118232950,118232966,+
chr11,118236293,118236381,+
chr11,118240672,118240699,+
chr11,118243701,118243719,+
chr11,118244795,118244817,+
chr11,118244973,118245005,+
chr11,118259651,118259665,+
chr11,118260436,118260452,+
chr11,118266203,118266232,+
chr11,118290575,118290611,+
chr11,118336559,118336575,+
chr11,118337496,118337510,+
chr11,118360929,118360944,+
chr11,118402804,118402866,+
chr11,119054151,119054166,+
chr11,119085228,119085243,+
chr11,119143213,119143246,+
chr11,119162929,119162945,+
chr11,119162946,119162962,+
chr11,119162964,119162996,+
chr11,119163359,119163383,+
chr11,119163963,119163991,+
chr11,119164003,119164026,+
chr11,119164601,119164620,+
chr11,119385435,119385487,+
chr11,119602543,119602562,+
chr11,119602576,119602590,+
chr11,119602719,119602738,+
chr11,119856574,119856590,+
chr11,119928161,119928176,+
chr11,119928181,119928206,+
chr11,119928245,119928261,+
chr11,119929664,119929686,+
chr11,120227684,120227708,+
chr11,120776550,120776564,+
chr11,121019804,121019823,+
chr11,121100535,121100580,+
chr11,121100668,121100685,+
chr11,121100768,121100783,+
chr11,121237647,121237661,+
chr11,121353706,121353725,+
chr11,121559513,121559537,+
chr11,121672923,121672938,+
chr11,3289796,3289810,-
chr11,3328210,3328230,-
chr11,3328338,3328362,-
chr11,3328731,3328746,-
chr11,3329488,3329504,-
chr11,3329972,3329986,-
chr11,3332613,3332632,-
chr11,3332965,3332979,-
chr11,3334716,3334757,-
chr11,3335277,3335321,-
chr11,3335835,3335854,-
chr11,3336408,3336451,-
chr11,3336885,3336905,-
chr11,3963509,3963549,-
chr11,4123534,4123554,-
chr11,4203491,4203505,-
chr11,4204205,4204221,-
chr11,4237256,4237270,-
chr11,4288460,4288476,-
chr11,4289531,4289550,-
chr11,4536775,4536803,-
chr11,5097083,5097103,-
chr11,5098488,5098508,-
chr11,5099976,5100006,-
chr11,5259977,5259992,-
chr11,5468819,5468866,-
chr11,5541143,5541175,-
chr11,5691362,5691377,-
chr11,5762612,5762626,-
chr11,5788081,5788108,-
chr11,5877840,5877867,-
chr11,6187752,6187784,-
chr11,6200542,6200556,-
chr11,6332356,6332397,-
chr11,6332877,6332976,-
chr11,6366134,6366148,-
chr11,6388407,6388423,-
chr11,6388425,6388457,-
chr11,6388562,6388620,-
chr11,6388624,6388654,-
chr11,6409779,6409798,-
chr11,6409957,6409977,-
chr11,6410675,6410758,-
chr11,6421529,6421575,-
chr11,6444801,6444830,-
chr11,6444996,6445013,-
chr11,6465419,6465454,-
chr11,6529138,6529175,-
chr11,6547356,6547370,-
chr11,6558786,6558802,-
chr11,6558949,6558963,-
chr11,6560315,6560329,-
chr11,6560375,6560405,-
chr11,6562178,6562212,-
chr11,6562764,6562778,-
chr11,6569367,6569382,-
chr11,6694982,6695027,-
chr11,6695132,6695146,-
chr11,6705251,6705265,-
chr11,6705379,6705395,-
chr11,6907103,6907117,-
chr11,9048280,9048352,-
chr11,10220321,10220385,-
chr11,10276540,10276566,-
chr11,11499980,11499996,-
chr11,11500085,11500099,-
chr11,11512351,11512370,-
chr11,11518611,11518627,-
chr11,11518693,11518709,-
chr11,11519159,11519173,-
chr11,11521512,11521526,-
chr11,11521802,11521822,-
chr11,11528783,11528802,-
chr11,11557179,11557194,-
chr11,11568295,11568314,-
chr11,11643958,11644021,-
chr11,11668216,11668232,-
chr11,11686511,11686541,-
chr11,11686743,11686757,-
chr11,11687352,11687366,-
chr11,11687526,11687542,-
chr11,11688016,11688036,-
chr11,11689853,11689887,-
chr11,11690721,11690755,-
chr11,11692182,11692197,-
chr11,11692423,11692438,-
chr11,11692446,11692460,-
chr11,11693151,11693165,-
chr11,11695747,11695770,-
chr11,11716617,11716636,-
chr11,11719999,11720024,-
chr11,11726784,11726802,-
chr11,11727244,11727266,-
chr11,11741210,11741240,-
chr11,11766208,11766222,-
chr11,11768349,11768363,-
chr11,11847346,11847360,-
chr11,16440494,16440594,-
chr11,17067225,17067283,-
chr11,17160296,17160339,-
chr11,17160340,17160363,-
chr11,17192455,17192474,-
chr11,17257808,17257830,-
chr11,17954139,17954155,-
chr11,19851729,19851834,-
chr11,19857900,19857958,-
chr11,19890764,19890792,-
chr11,19923844,19923858,-
chr11,19924323,19924342,-
chr11,19925960,19925974,-
chr11,19926198,19926212,-
chr11,19965070,19965095,-
chr11,19965658,19965693,-
chr11,19979005,19979019,-
chr11,20108050,20108066,-
chr11,20248400,20248429,-
chr11,20248772,20248803,-
chr11,20616054,20616073,-
chr11,20632656,20632670,-
chr11,20638780,20638799,-
chr11,20639175,20639189,-
chr11,20639201,20639241,-
chr11,20644326,20644354,-
chr11,20644454,20644496,-
chr11,21091984,21092006,-
chr11,21092061,21092085,-
chr11,21092994,21093025,-
chr11,21101398,21101421,-
chr11,21101539,21101570,-
chr11,21102413,21102427,-
chr11,21103055,21103074,-
chr11,21103183,21103203,-
chr11,21103208,21103227,-
chr11,21104002,21104018,-
chr11,21114271,21114299,-
chr11,21114314,21114330,-
chr11,21114354,21114370,-
chr11,21118491,21118535,-
chr11,21151793,21151817,-
chr11,21166929,21166944,-
chr11,21181131,21181147,-
chr11,21240441,21240460,-
chr11,21240551,21240566,-
chr11,21303797,21303813,-
chr11,21549196,21549219,-
chr11,21549250,21549266,-
chr11,22845420,22845439,-
chr11,22851675,22851690,-
chr11,22852629,22852648,-
chr11,22860800,22860820,-
chr11,22982457,22982471,-
chr11,23008142,23008161,-
chr11,23305637,23305656,-
chr11,23769763,23769777,-
chr11,23853543,23853558,-
chr11,23856287,23856301,-
chr11,26387575,26387589,-
chr11,29129937,29129991,-
chr11,29694114,29694129,-
chr11,30187734,30187753,-
chr11,30190327,30190356,-
chr11,30196189,30196210,-
chr11,30772568,30772637,-
chr11,30772722,30772741,-
chr11,30986560,30986579,-
chr11,31672236,31672250,-
chr11,31892272,31892291,-
chr11,31949496,31949512,-
chr11,32000606,32000620,-
chr11,32001266,32001281,-
chr11,32001478,32001505,-
chr11,32011742,32011766,-
chr11,32013802,32013839,-
chr11,32020391,32020407,-
chr11,32021978,32021998,-
chr11,32039267,32039295,-
chr11,32039408,32039436,-
chr11,32126204,32126234,-
chr11,32543391,32543482,-
chr11,32554866,32554889,-
chr11,32554898,32554923,-
chr11,32555894,32555918,-
chr11,32555962,32555978,-
chr11,32583075,32583089,-
chr11,32588468,32588484,-
chr11,32768856,32768878,-
chr11,34000400,34000420,-
chr11,34000566,34000593,-
chr11,34008143,34008157,-
chr11,34009677,34009692,-
chr11,34011203,34011240,-
chr11,34047074,34047094,-
chr11,34048821,34048836,-
chr11,34049615,34049633,-
chr11,34050412,34050432,-
chr11,34051082,34051098,-
chr11,34054688,34054702,-
chr11,34054709,34054725,-
chr11,34064788,34064838,-
chr11,34064901,34064915,-
chr11,34074044,34074064,-
chr11,34078220,34078239,-
chr11,34078276,34078332,-
chr11,34737574,34737632,-
chr11,34738874,34738893,-
chr11,34740035,34740049,-
chr11,34761851,34761905,-
chr11,34775242,34775298,-
chr11,34779939,34779955,-
chr11,34833818,34833845,-
chr11,34839454,34839476,-
chr11,34839908,34839928,-
chr11,35834706,35834753,-
chr11,40692839,40692867,-
chr11,40693859,40693880,-
chr11,40694299,40694315,-
chr11,40744464,40744483,-
chr11,40744549,40744565,-
chr11,40755534,40755585,-
chr11,43362546,43362566,-
chr11,44520373,44520395,-
chr11,44520784,44520840,-
chr11,44544070,44544102,-
chr11,44545583,44545599,-
chr11,44893410,44893444,-
chr11,45214428,45214447,-
chr11,45794011,45794048,-
chr11,45795417,45795436,-
chr11,45795754,45795769,-
chr11,45875618,45875641,-
chr11,45926652,45926676,-
chr11,46090373,46090388,-
chr11,46090633,46090649,-
chr11,46115196,46115211,-
chr11,46115253,46115273,-
chr11,46304905,46304919,-
chr11,46341189,46341205,-
chr11,46341496,46341512,-
chr11,46343828,46343844,-
chr11,46344487,46344506,-
chr11,46345673,46345689,-
chr11,46377701,46377720,-
chr11,46385880,46385920,-
chr11,46386234,46386248,-
chr11,46388589,46388612,-
chr11,46395984,46396048,-
chr11,46399744,46399768,-
chr11,46421435,46421454,-
chr11,46422107,46422122,-
chr11,48788848,48788868,-
chr11,48817425,48817441,-
chr11,48818322,48818364,-
chr11,48833842,48833868,-
chr11,48834098,48834130,-
chr11,48853441,48853460,-
chr11,48853761,48853777,-
chr11,48855802,48855824,-
chr11,48856354,48856376,-
chr11,48856714,48856733,-
chr11,48857605,48857654,-
chr11,48873193,48873209,-
chr11,49061800,49061816,-
chr11,49061858,49061882,-
chr11,49062201,49062215,-
chr11,49081757,49081771,-
chr11,49082548,49082563,-
chr11,49082583,49082597,-
chr11,49082629,49082648,-
chr11,49083299,49083313,-
chr11,49085185,49085227,-
chr11,49086976,49086995,-
chr11,49087420,49087444,-
chr11,49087768,49087789,-
chr11,49088737,49088756,-
chr11,49089252,49089269,-
chr11,49093111,49093131,-
chr11,49093196,49093216,-
chr11,49093293,49093315,-
chr11,49093330,49093353,-
chr11,49093715,49093755,-
chr11,49250085,49250099,-
chr11,49713061,49713080,-
chr11,49807187,49807229,-
chr11,49807255,49807336,-
chr11,50174561,50174643,-
chr11,50175097,50175118,-
chr11,50378633,50378653,-
chr11,50834289,50834305,-
chr11,51545415,51545484,-
chr11,51633644,51633660,-
chr11,51637817,51637837,-
chr11,51637859,51637881,-
chr11,51638485,51638499,-
chr11,51638575,51638591,-
chr11,51763906,51763950,-
chr11,51938710,51938729,-
chr11,51939217,51939233,-
chr11,51961492,51961522,-
chr11,51961874,51961899,-
chr11,51967105,51967129,-
chr11,51968197,51968221,-
chr11,51968981,51969007,-
chr11,52065760,52065779,-
chr11,52223000,52223020,-
chr11,52264205,52264229,-
chr11,52264658,52264674,-
chr11,52266998,52267034,-
chr11,52267726,52267740,-
chr11,52268512,52268532,-
chr11,52271144,52271175,-
chr11,52271184,52271203,-
chr11,52271360,52271396,-
chr11,52274135,52274158,-
chr11,52274166,52274212,-
chr11,52280378,52280392,-
chr11,52300436,52300467,-
chr11,52300804,52300862,-
chr11,52301198,52301214,-
chr11,52301413,52301457,-
chr11,52309038,52309082,-
chr11,52309903,52309948,-
chr11,52310725,52310739,-
chr11,52313915,52313931,-
chr11,52314331,52314345,-
chr11,52315256,52315277,-
chr11,52315288,52315310,-
chr11,52318396,52318420,-
chr11,52328072,52328092,-
chr11,52341287,52341320,-
chr11,52397001,52397025,-
chr11,52931691,52931755,-
chr11,53141268,53141287,-
chr11,53306127,53306210,-
chr11,53350163,53350192,-
chr11,53350241,53350289,-
chr11,53351778,53351793,-
chr11,53517251,53517265,-
chr11,53590541,53590573,-
chr11,53707717,53707764,-
chr11,53737882,53737944,-
chr11,53758777,53758802,-
chr11,53764463,53764480,-
chr11,53770833,53770849,-
chr11,53770947,53770973,-
chr11,53771010,53771030,-
chr11,53786927,53786943,-
chr11,53841982,53842001,-
chr11,53842079,53842112,-
chr11,53851728,53851747,-
chr11,53859204,53859218,-
chr11,53859654,53859675,-
chr11,53892996,53893012,-
chr11,54017750,54017764,-
chr11,54017854,54017870,-
chr11,54063289,54063311,-
chr11,54083600,54083614,-
chr11,54105240,54105259,-
chr11,54150972,54150988,-
chr11,54161366,54161393,-
chr11,54163382,54163399,-
chr11,54438934,54438957,-
chr11,54465110,54465129,-
chr11,54492612,54492631,-
chr11,54522359,54522400,-
chr11,54522426,54522454,-
chr11,54567858,54567873,-
chr11,54567935,54567955,-
chr11,54569171,54569185,-
chr11,54570500,54570520,-
chr11,54571369,54571386,-
chr11,54571435,54571477,-
chr11,54571490,54571509,-
chr11,54571510,54571529,-
chr11,54617016,54617032,-
chr11,54621610,54621625,-
chr11,54621666,54621681,-
chr11,54626746,54626760,-
chr11,54708322,54708346,-
chr11,54727046,54727060,-
chr11,54728057,54728071,-
chr11,54729185,54729199,-
chr11,54762408,54762432,-
chr11,54762433,54762462,-
chr11,54765244,54765259,-
chr11,54786783,54786797,-
chr11,54788085,54788117,-
chr11,54788121,54788141,-
chr11,54802990,54803009,-
chr11,54805568,54805584,-
chr11,54805666,54805768,-
chr11,54806005,54806024,-
chr11,54936769,54936785,-
chr11,54957700,54957757,-
chr11,54958667,54958692,-
chr11,54973613,54973635,-
chr11,54973848,54973884,-
chr11,54998778,54998802,-
chr11,55023624,55023639,-
chr11,55030922,55030956,-
chr11,55072897,55072919,-
chr11,55119855,55119877,-
chr11,55120096,55120111,-
chr11,55120870,55120890,-
chr11,55121257,55121276,-
chr11,55132261,55132275,-
chr11,55136670,55136684,-
chr11,55137175,55137194,-
chr11,55137421,55137463,-
chr11,55137471,55137488,-
chr11,55147963,55147981,-
chr11,55159133,55159147,-
chr11,55189895,55189919,-
chr11,55221538,55221557,-
chr11,55431876,55431926,-
chr11,57445593,57445607,-
chr11,57665219,57665235,-
chr11,57669917,57669947,-
chr11,57675643,57675657,-
chr11,57675775,57675789,-
chr11,57686023,57686075,-
chr11,57686112,57686145,-
chr11,57686352,57686384,-
chr11,57718211,57718225,-
chr11,57951228,57951249,-
chr11,57958315,57958337,-
chr11,57995062,57995118,-
chr11,57995249,57995296,-
chr11,57995301,57995320,-
chr11,58096559,58096573,-
chr11,58102552,58102571,-
chr11,58179940,58179983,-
chr11,58181845,58181864,-
chr11,58181882,58181916,-
chr11,58301662,58301676,-
chr11,58301704,58301735,-
chr11,58301840,58301854,-
chr11,58330519,58330538,-
chr11,58436978,58436994,-
chr11,58788605,58788619,-
chr11,58847128,58847147,-
chr11,58867010,58867029,-
chr11,58904379,58904412,-
chr11,58927885,58927930,-
chr11,58948901,58948917,-
chr11,58954696,58954726,-
chr11,60100598,60100676,-
chr11,60100804,60100826,-
chr11,60100971,60100995,-
chr11,60101025,60101044,-
chr11,60130404,60130423,-
chr11,60219821,60219836,-
chr11,60222595,60222610,-
chr11,60417278,60417298,-
chr11,60539494,60539520,-
chr11,60539655,60539708,-
chr11,60539759,60539773,-
chr11,60539845,60539859,-
chr11,60539867,60539906,-
chr11,60539963,60539977,-
chr11,60727732,60727756,-
chr11,60830340,60830362,-
chr11,60834737,60834793,-
chr11,61647532,61647556,-
chr11,61652658,61652730,-
chr11,61653019,61653038,-
chr11,61653658,61653688,-
chr11,61660994,61661016,-
chr11,61661039,61661055,-
chr11,62280633,62280647,-
chr11,62466766,62466781,-
chr11,62507978,62507997,-
chr11,62508183,62508220,-
chr11,62551326,62551345,-
chr11,62551915,62551929,-
chr11,62574753,62574772,-
chr11,62575032,62575053,-
chr11,62575092,62575132,-
chr11,62576733,62576748,-
chr11,62577362,62577441,-
chr11,62602448,62602463,-
chr11,63146615,63146637,-
chr11,63975209,63975225,-
chr11,63977069,63977087,-
chr11,63989611,63989627,-
chr11,63989633,63989647,-
chr11,63989986,63990027,-
chr11,63991995,63992014,-
chr11,64037570,64037594,-
chr11,64075683,64075697,-
chr11,64079840,64079854,-
chr11,64105289,64105330,-
chr11,67024887,67024903,-
chr11,67983205,67983227,-
chr11,68417712,68417745,-
chr11,68431023,68431042,-
chr11,68433021,68433035,-
chr11,68435475,68435489,-
chr11,68437274,68437296,-
chr11,68451187,68451203,-
chr11,68451527,68451554,-
chr11,68485345,68485361,-
chr11,68901580,68901599,-
chr11,68939764,68939778,-
chr11,68965890,68965949,-
chr11,68967570,68967591,-
chr11,69011489,69011507,-
chr11,69011509,69011525,-
chr11,69011882,69011908,-
chr11,69012056,69012080,-
chr11,69016187,69016219,-
chr11,69037604,69037619,-
chr11,69038116,69038143,-
chr11,69040458,69040485,-
chr11,69041061,69041079,-
chr11,69041400,69041414,-
chr11,69041481,69041501,-
chr11,69062289,69062303,-
chr11,69072989,69073003,-
chr11,69111038,69111052,-
chr11,69124935,69124953,-
chr11,69257997,69258072,-
chr11,69325914,69325939,-
chr11,69366689,69366705,-
chr11,69432102,69432130,-
chr11,69579533,69579547,-
chr11,69582120,69582151,-
chr11,69629906,69629954,-
chr11,69630250,69630264,-
chr11,69632694,69632710,-
chr11,69662984,69663003,-
chr11,69682586,69682614,-
chr11,69761767,69761788,-
chr11,69761792,69761821,-
chr11,69762010,69762029,-
chr11,69762054,69762086,-
chr11,69762139,69762154,-
chr11,69763106,69763200,-
chr11,69763846,69763860,-
chr11,69765019,69765045,-
chr11,69765227,69765261,-
chr11,69766876,69766892,-
chr11,69795171,69795190,-
chr11,69894527,69894561,-
chr11,69922553,69922587,-
chr11,69991212,69991236,-
chr11,69995126,69995142,-
chr11,70308378,70308422,-
chr11,70308428,70308444,-
chr11,70435526,70435545,-
chr11,70437794,70437826,-
chr11,70506723,70506743,-
chr11,70525213,70525230,-
chr11,70536972,70536992,-
chr11,70580241,70580261,-
chr11,70629977,70630041,-
chr11,70647580,70647608,-
chr11,70648386,70648400,-
chr11,70651390,70651404,-
chr11,72301611,72301630,-
chr11,72429272,72429301,-
chr11,72441129,72441145,-
chr11,73084770,73084784,-
chr11,73094345,73094359,-
chr11,73108067,73108081,-
chr11,74955307,74955329,-
chr11,74960225,74960241,-
chr11,75013360,75013392,-
chr11,75033344,75033365,-
chr11,75347976,75348003,-
chr11,75517254,75517305,-
chr11,75532265,75532284,-
chr11,75533663,75533683,-
chr11,75533698,75533714,-
chr11,75533909,75533930,-
chr11,75539169,75539185,-
chr11,75541464,75541483,-
chr11,75587743,75587767,-
chr11,75587815,75587836,-
chr11,75631493,75631508,-
chr11,75631851,75631876,-
chr11,75655042,75655077,-
chr11,75678507,75678531,-
chr11,75678597,75678624,-
chr11,75679007,75679022,-
chr11,75756792,75756811,-
chr11,75835828,75835844,-
chr11,75913930,75913949,-
chr11,75933996,75934010,-
chr11,75934494,75934522,-
chr11,75975899,75975933,-
chr11,75976032,75976062,-
chr11,75976529,75976597,-
chr11,75978348,75978367,-
chr11,75978890,75978923,-
chr11,75979743,75979758,-
chr11,75980095,75980110,-
chr11,75983645,75983659,-
chr11,75984885,75984899,-
chr11,75984928,75984959,-
chr11,75989688,75989716,-
chr11,76037427,76037441,-
chr11,76037469,76037513,-
chr11,76038652,76038682,-
chr11,76040025,76040097,-
chr11,76110449,76110489,-
chr11,76110672,76110721,-
chr11,76406975,76406991,-
chr11,76479458,76479474,-
chr11,76495894,76495916,-
chr11,76495947,76495977,-
chr11,76495998,76496012,-
chr11,76740130,76740144,-
chr11,76749112,76749135,-
chr11,77078736,77078760,-
chr11,77216690,77216736,-
chr11,77349332,77349348,-
chr11,77372071,77372090,-
chr11,77372441,77372457,-
chr11,77372733,77372752,-
chr11,77372827,77372844,-
chr11,77386403,77386419,-
chr11,77386706,77386720,-
chr11,77400379,77400459,-
chr11,77483446,77483471,-
chr11,77491137,77491153,-
chr11,77518004,77518027,-
chr11,77521134,77521164,-
chr11,77521234,77521248,-
chr11,77721541,77721557,-
chr11,77791720,77791740,-
chr11,77792445,77792464,-
chr11,77792511,77792525,-
chr11,77793067,77793083,-
chr11,77984743,77984757,-
chr11,78060711,78060731,-
chr11,78176191,78176211,-
chr11,78183745,78183777,-
chr11,78183801,78183838,-
chr11,78261184,78261217,-
chr11,78262893,78262909,-
chr11,78262966,78263008,-
chr11,78697715,78697735,-
chr11,78697741,78697788,-
chr11,78766220,78766242,-
chr11,78772438,78772462,-
chr11,78779876,78779920,-
chr11,78865040,78865062,-
chr11,78887385,78887400,-
chr11,79218097,79218147,-
chr11,79218347,79218395,-
chr11,79519887,79519902,-
chr11,79523536,79523550,-
chr11,79524549,79524563,-
chr11,79524569,79524583,-
chr11,79527610,79527625,-
chr11,79527693,79527712,-
chr11,79527856,79527871,-
chr11,79527922,79527936,-
chr11,79527946,79527972,-
chr11,79528787,79528801,-
chr11,79529989,79530033,-
chr11,79530721,79530736,-
chr11,79614845,79614861,-
chr11,79614986,79615005,-
chr11,79615118,79615140,-
chr11,79623388,79623437,-
chr11,79640705,79640721,-
chr11,79641236,79641251,-
chr11,79641459,79641477,-
chr11,79652854,79652877,-
chr11,79658466,79658481,-
chr11,79672431,79672447,-
chr11,79703860,79703875,-
chr11,79704734,79704791,-
chr11,79962634,79962648,-
chr11,80043140,80043177,-
chr11,80067787,80067809,-
chr11,80087233,80087276,-
chr11,80208832,80208846,-
chr11,80383052,80383072,-
chr11,80383320,80383334,-
chr11,80383380,80383411,-
chr11,80465686,80465705,-
chr11,80465818,80465832,-
chr11,80504455,80504474,-
chr11,80508483,80508503,-
chr11,82781944,82781972,-
chr11,82860542,82860566,-
chr11,82947707,82947727,-
chr11,82947956,82947996,-
chr11,82954907,82954921,-
chr11,83020930,83020944,-
chr11,83115212,83115228,-
chr11,83118279,83118306,-
chr11,83192389,83192411,-
chr11,83224231,83224247,-
chr11,83271744,83271763,-
chr11,83271832,83271858,-
chr11,83272594,83272609,-
chr11,83291341,83291355,-
chr11,83472580,83472594,-
chr11,83535458,83535505,-
chr11,83537408,83537452,-
chr11,83558934,83558954,-
chr11,83558971,83558988,-
chr11,83605597,83605611,-
chr11,83641147,83641207,-
chr11,83802151,83802170,-
chr11,83802178,83802227,-
chr11,83802233,83802255,-
chr11,83917363,83917379,-
chr11,83917388,83917594,-
chr11,83917860,83917876,-
chr11,83929028,83929089,-
chr11,84013544,84013560,-
chr11,84013810,84013870,-
chr11,84013991,84014005,-
chr11,84014135,84014161,-
chr11,85127180,85127194,-
chr11,85324181,85324207,-
chr11,85324253,85324267,-
chr11,86201644,86201663,-
chr11,86201877,86201906,-
chr11,86247181,86247205,-
chr11,86257671,86257690,-
chr11,86371303,86371322,-
chr11,86484753,86484768,-
chr11,86484959,86484975,-
chr11,86545126,86545140,-
chr11,86578846,86578861,-
chr11,86581183,86581197,-
chr11,86808063,86808079,-
chr11,86808216,86808246,-
chr11,86814246,86814260,-
chr11,86814685,86814701,-
chr11,86816666,86816680,-
chr11,86816736,86816754,-
chr11,86827402,86827428,-
chr11,86828714,86828736,-
chr11,86828861,86828903,-
chr11,86829002,86829022,-
chr11,86829090,86829109,-
chr11,87074268,87074294,-
chr11,87240220,87240246,-
chr11,87422421,87422436,-
chr11,87423028,87423042,-
chr11,87423660,87423699,-
chr11,87426899,87426928,-
chr11,87427090,87427119,-
chr11,87443985,87444012,-
chr11,87447595,87447611,-
chr11,87448845,87448862,-
chr11,87448872,87448892,-
chr11,87448991,87449009,-
chr11,87449094,87449113,-
chr11,87449439,87449458,-
chr11,87462631,87462653,-
chr11,87462714,87462752,-
chr11,87468439,87468454,-
chr11,87471660,87471674,-
chr11,87471687,87471702,-
chr11,87504814,87504844,-
chr11,87679423,87679457,-
chr11,87706731,87706786,-
chr11,87706887,87706901,-
chr11,87720644,87720666,-
chr11,87721373,87721417,-
chr11,87733959,87733978,-
chr11,87738140,87738162,-
chr11,87744087,87744101,-
chr11,87744147,87744172,-
chr11,87755184,87755210,-
chr11,87755827,87755869,-
chr11,87757530,87757549,-
chr11,87758943,87758958,-
chr11,87760144,87760166,-
chr11,87808276,87808291,-
chr11,88068891,88068915,-
chr11,88073753,88073772,-
chr11,88143586,88143632,-
chr11,88143635,88143651,-
chr11,88145469,88145483,-
chr11,88455290,88455309,-
chr11,88582027,88582054,-
chr11,88595919,88595949,-
chr11,88596350,88596366,-
chr11,88598986,88599005,-
chr11,88615337,88615359,-
chr11,88622580,88622596,-
chr11,88955681,88955695,-
chr11,88955700,88955717,-
chr11,88999391,88999405,-
chr11,89027860,89027888,-
chr11,89061489,89061509,-
chr11,90251031,90251051,-
chr11,90257269,90257301,-
chr11,93886188,93886206,-
chr11,93968440,93968460,-
chr11,94142539,94142628,-
chr11,94223216,94223242,-
chr11,94223320,94223397,-
chr11,94260191,94260224,-
chr11,94275410,94275432,-
chr11,94549423,94549449,-
chr11,94563396,94563412,-
chr11,94697236,94697250,-
chr11,94697439,94697467,-
chr11,94698192,94698211,-
chr11,94698639,94698655,-
chr11,94716742,94716761,-
chr11,95000868,95000890,-
chr11,95350799,95350826,-
chr11,95351262,95351297,-
chr11,95353708,95353722,-
chr11,95354651,95354675,-
chr11,95355645,95355659,-
chr11,95355869,95355883,-
chr11,95356745,95356774,-
chr11,95357309,95357328,-
chr11,95358074,95358101,-
chr11,95367325,95367339,-
chr11,95414263,95414287,-
chr11,95714324,95714368,-
chr11,95714611,95714627,-
chr11,95714833,95714857,-
chr11,95714915,95714944,-
chr11,95714954,95714968,-
chr11,95715170,95715194,-
chr11,96441884,96441900,-
chr11,96443375,96443406,-
chr11,96454591,96454620,-
chr11,96455734,96455750,-
chr11,96462397,96462416,-
chr11,96466943,96466965,-
chr11,96468339,96468385,-
chr11,96469181,96469197,-
chr11,96505184,96505204,-
chr11,96667027,96667057,-
chr11,96667077,96667108,-
chr11,96830688,96830702,-
chr11,96944794,96944839,-
chr11,96967966,96967996,-
chr11,96977990,96978004,-
chr11,96978761,96978790,-
chr11,96986463,96986477,-
chr11,96987309,96987366,-
chr11,96988179,96988195,-
chr11,97041493,97041516,-
chr11,97127523,97127537,-
chr11,97275600,97275614,-
chr11,97357899,97357913,-
chr11,97435418,97435438,-
chr11,97435512,97435528,-
chr11,97683028,97683102,-
chr11,97685464,97685488,-
chr11,97719032,97719047,-
chr11,97744524,97744546,-
chr11,97798869,97798884,-
chr11,97810911,97810925,-
chr11,97840075,97840121,-
chr11,97946661,97946695,-
chr11,97989073,97989096,-
chr11,97996382,97996413,-
chr11,98202416,98202437,-
chr11,98463335,98463351,-
chr11,98491769,98491788,-
chr11,98493424,98493452,-
chr11,98513736,98513788,-
chr11,98546570,98546586,-
chr11,98740855,98740881,-
chr11,98747399,98747418,-
chr11,98788009,98788025,-
chr11,98788063,98788083,-
chr11,98788746,98788779,-
chr11,98810488,98810512,-
chr11,98880803,98880831,-
chr11,98880837,98880857,-
chr11,98932694,98932710,-
chr11,98940582,98940601,-
chr11,98944393,98944412,-
chr11,98945303,98945332,-
chr11,98954402,98954417,-
chr11,98964670,98964685,-
chr11,99104443,99104459,-
chr11,99104477,99104497,-
chr11,99116389,99116408,-
chr11,99116414,99116433,-
chr11,99117154,99117175,-
chr11,99124136,99124158,-
chr11,99133057,99133071,-
chr11,99133158,99133207,-
chr11,99136476,99136496,-
chr11,99136534,99136550,-
chr11,99144221,99144243,-
chr11,99150752,99150771,-
chr11,99155521,99155537,-
chr11,99155668,99155736,-
chr11,99162705,99162742,-
chr11,99166791,99166807,-
chr11,99168194,99168232,-
chr11,99168628,99168646,-
chr11,99170775,99170794,-
chr11,99171690,99171723,-
chr11,99171979,99171998,-
chr11,99238122,99238138,-
chr11,99238287,99238303,-
chr11,99238423,99238456,-
chr11,99238851,99238873,-
chr11,99238938,99238973,-
chr11,99239009,99239023,-
chr11,99239035,99239057,-
chr11,99255624,99255652,-
chr11,100472944,100472983,-
chr11,100473013,100473045,-
chr11,100574405,100574427,-
chr11,100575703,100575718,-
chr11,100608767,100608792,-
chr11,100609667,100609681,-
chr11,100609883,100609914,-
chr11,100804507,100804526,-
chr11,100819319,100819341,-
chr11,100819472,100819488,-
chr11,100822840,100822873,-
chr11,100824354,100824368,-
chr11,100846391,100846443,-
chr11,100847642,100847662,-
chr11,100848420,100848464,-
chr11,100850838,100850857,-
chr11,100860024,100860043,-
chr11,100860046,100860073,-
chr11,100861003,100861020,-
chr11,101008105,101008141,-
chr11,101082596,101082612,-
chr11,101143563,101143579,-
chr11,101144275,101144339,-
chr11,101219074,101219101,-
chr11,101226766,101226797,-
chr11,101302485,101302532,-
chr11,101314661,101314693,-
chr11,101314700,101314720,-
chr11,101357646,101357662,-
chr11,101357889,101357916,-
chr11,101360617,101360631,-
chr11,101360743,101360759,-
chr11,101552693,101552716,-
chr11,101626986,101627008,-
chr11,101627645,101627661,-
chr11,101642002,101642016,-
chr11,101642318,101642340,-
chr11,102298290,102298314,-
chr11,102319241,102319262,-
chr11,102320268,102320284,-
chr11,102556641,102556681,-
chr11,102713613,102713660,-
chr11,102713686,102713708,-
chr11,102713785,102713820,-
chr11,103102623,103102654,-
chr11,103115556,103115580,-
chr11,103133120,103133134,-
chr11,103134933,103134983,-
chr11,103135055,103135109,-
chr11,103174720,103174735,-
chr11,103175771,103175812,-
chr11,103176493,103176509,-
chr11,103176633,103176653,-
chr11,103261401,103261421,-
chr11,103262793,103262813,-
chr11,103266718,103266732,-
chr11,103697622,103697646,-
chr11,103907567,103907607,-
chr11,103907616,103907723,-
chr11,104425048,104425067,-
chr11,104425089,104425104,-
chr11,104441371,104441411,-
chr11,104443138,104443152,-
chr11,104443870,104443886,-
chr11,104607758,104607775,-
chr11,104609516,104609536,-
chr11,104630525,104630539,-
chr11,104660918,104660934,-
chr11,105445143,105445159,-
chr11,105592054,105592078,-
chr11,106057284,106057303,-
chr11,106065604,106065648,-
chr11,106065724,106065746,-
chr11,106085327,106085353,-
chr11,106194032,106194047,-
chr11,106200943,106200977,-
chr11,106216609,106216640,-
chr11,106388493,106388509,-
chr11,106388552,106388570,-
chr11,106430801,106430816,-
chr11,106430861,106430875,-
chr11,106430915,106430949,-
chr11,106491648,106491684,-
chr11,106657198,106657214,-
chr11,106661164,106661188,-
chr11,106668147,106668185,-
chr11,106674847,106674875,-
chr11,106680614,106680640,-
chr11,106743136,106743163,-
chr11,106745059,106745078,-
chr11,106750759,106750773,-
chr11,106751972,106751992,-
chr11,106762120,106762139,-
chr11,106762439,106762458,-
chr11,106762621,106762640,-
chr11,106779835,106779854,-
chr11,106958444,106958468,-
chr11,106958851,106958867,-
chr11,106963089,106963103,-
chr11,107013181,107013232,-
chr11,107026462,107026489,-
chr11,107027613,107027633,-
chr11,107101967,107101983,-
chr11,107102265,107102291,-
chr11,107105296,107105312,-
chr11,107130477,107130496,-
chr11,107130538,107130557,-
chr11,107131077,107131116,-
chr11,107408046,107408078,-
chr11,107414290,107414317,-
chr11,107418032,107418056,-
chr11,107441932,107441946,-
chr11,107442053,107442089,-
chr11,107443553,107443587,-
chr11,107444472,107444493,-
chr11,107444502,107444518,-
chr11,107447474,107447490,-
chr11,107448464,107448492,-
chr11,107448987,107449011,-
chr11,107452236,107452262,-
chr11,107452269,107452337,-
chr11,107454370,107454384,-
chr11,107454568,107454595,-
chr11,107464573,107464587,-
chr11,107465009,107465050,-
chr11,107468919,107468933,-
chr11,107469598,107469614,-
chr11,107471554,107471573,-
chr11,107471574,107471602,-
chr11,107471609,107471628,-
chr11,107473461,107473517,-
chr11,107585402,107585429,-
chr11,108923057,108923073,-
chr11,109312119,109312158,-
chr11,109375411,109375431,-
chr11,109419686,109419706,-
chr11,109426596,109426627,-
chr11,109431211,109431237,-
chr11,109431998,109432023,-
chr11,109432036,109432052,-
chr11,109432881,109432910,-
chr11,109440641,109440661,-
chr11,109471219,109471233,-
chr11,109471727,109471743,-
chr11,109553980,109553997,-
chr11,109554342,109554387,-
chr11,109770320,109770334,-
chr11,109770488,109770512,-
chr11,110899272,110899334,-
chr11,110994083,110994105,-
chr11,110997639,110997663,-
chr11,111801068,111801084,-
chr11,111801393,111801415,-
chr11,113268077,113268091,-
chr11,113338552,113338567,-
chr11,114807589,114807608,-
chr11,114808225,114808251,-
chr11,114808486,114808502,-
chr11,114877197,114877221,-
chr11,115158113,115158127,-
chr11,115162597,115162617,-
chr11,115406710,115406729,-
chr11,115407951,115407973,-
chr11,115412491,115412510,-
chr11,115412650,115412665,-
chr11,115414085,115414101,-
chr11,115423296,115423315,-
chr11,115451595,115451615,-
chr11,115475303,115475322,-
chr11,115477160,115477178,-
chr11,115483991,115484039,-
chr11,115491094,115491114,-
chr11,115514759,115514773,-
chr11,115746434,115746467,-
chr11,115747330,115747352,-
chr11,115920370,115920409,-
chr11,115920434,115920456,-
chr11,116024954,116024969,-
chr11,116377687,116377706,-
chr11,116388173,116388193,-
chr11,116413888,116413925,-
chr11,116418243,116418267,-
chr11,116418331,116418350,-
chr11,116423715,116423737,-
chr11,116423973,116424016,-
chr11,116424440,116424485,-
chr11,116433515,116433560,-
chr11,116433596,116433625,-
chr11,116880392,116880412,-
chr11,116880553,116880638,-
chr11,117266834,117266866,-
chr11,117293113,117293133,-
chr11,117293239,117293265,-
chr11,117299332,117299351,-
chr11,117299515,117299531,-
chr11,117300014,117300035,-
chr11,117300888,117300910,-
chr11,117301558,117301583,-
chr11,117301641,117301701,-
chr11,117302787,117302807,-
chr11,117306998,117307014,-
chr11,117307263,117307279,-
chr11,117307301,117307317,-
chr11,117307431,117307455,-
chr11,117318554,117318570,-
chr11,117333053,117333072,-
chr11,117333598,117333617,-
chr11,117334821,117334843,-
chr11,117349360,117349375,-
chr11,117349397,117349421,-
chr11,117556526,117556587,-
chr11,117638765,117638780,-
chr11,117638841,117638865,-
chr11,117639415,117639431,-
chr11,117686259,117686279,-
chr11,117720700,117720736,-
chr11,117776938,117776980,-
chr11,117794477,117794496,-
chr11,117794517,117794591,-
chr11,117828711,117828761,-
chr11,117873587,117873601,-
chr11,117943995,117944045,-
chr11,117951807,117951821,-
chr11,117953037,117953056,-
chr11,117953106,117953120,-
chr11,118015212,118015238,-
chr11,118129345,118129367,-
chr11,118144021,118144051,-
chr11,118152974,118153002,-
chr11,118227586,118227602,-
chr11,118228114,118228130,-
chr11,118230606,118230622,-
chr11,118232134,118232156,-
chr11,118232601,118232617,-
chr11,118232983,118232999,-
chr11,118233091,118233111,-
chr11,118233524,118233549,-
chr11,118245164,118245178,-
chr11,118980528,118980547,-
chr11,119023916,119023942,-
chr11,119056150,119056209,-
chr11,119085370,119085385,-
chr11,119151465,119151491,-
chr11,119165608,119165624,-
chr11,119166074,119166096,-
chr11,119166152,119166171,-
chr11,119166398,119166417,-
chr11,119166428,119166454,-
chr11,119166647,119166666,-
chr11,119229008,119229024,-
chr11,119238266,119238314,-
chr11,119258993,119259017,-
chr11,119354702,119354717,-
chr11,119363817,119363844,-
chr11,119363880,119363896,-
chr11,119391164,119391183,-
chr11,119391236,119391283,-
chr11,119391733,119391756,-
chr11,119392975,119392989,-
chr11,119834037,119834051,-
chr11,119834521,119834546,-
chr11,119834553,119834577,-
chr11,119847563,119847582,-
chr11,119855219,119855238,-
chr11,119928852,119928886,-
chr11,119929892,119929921,-
chr11,119930082,119930101,-
chr11,120233125,120233149,-
chr11,120673589,120673604,-
chr11,120838412,120838428,-
chr11,121039755,121039774,-
chr11,121229509,121229546,-
chr11,121237787,121237810,-
chr11,121237840,121237854,-
chr11,121706760,121706774,-
chr11,121706958,121706972,-
chr12,3235516,3235532,+
chr12,3322332,3322346,+
chr12,3426508,3426532,+
chr12,3442028,3442044,+
chr12,3569496,3569544,+
chr12,3571831,3571847,+
chr12,3696023,3696043,+
chr12,3740359,3740400,+
chr12,3746068,3746087,+
chr12,3855632,3855661,+
chr12,3855816,3855835,+
chr12,3891009,3891036,+
chr12,3959679,3959695,+
chr12,4020211,4020242,+
chr12,4065884,4065982,+
chr12,4445307,4445321,+
chr12,4918409,4918430,+
chr12,8351453,8351467,+
chr12,8496602,8496616,+
chr12,8846929,8846945,+
chr12,8968819,8968834,+
chr12,8969126,8969196,+
chr12,11210602,11210623,+
chr12,11229809,11229829,+
chr12,11229868,11229896,+
chr12,11230347,11230373,+
chr12,11230705,11230731,+
chr12,11265688,11265724,+
chr12,12263712,12263728,+
chr12,12287807,12287835,+
chr12,12289728,12289781,+
chr12,12289973,12289987,+
chr12,13508590,13508648,+
chr12,13508718,13508734,+
chr12,15805250,15805269,+
chr12,15807748,15807767,+
chr12,15807924,15807939,+
chr12,15807967,15807986,+
chr12,15809288,15809304,+
chr12,15809653,15809669,+
chr12,15812190,15812214,+
chr12,15812384,15812405,+
chr12,15812790,15812804,+
chr12,15813335,15813354,+
chr12,15813411,15813427,+
chr12,15813640,15813654,+
chr12,15813943,15813959,+
chr12,15814137,15814181,+
chr12,15814370,15814384,+
chr12,15814736,15814751,+
chr12,15815022,15815038,+
chr12,15815512,15815551,+
chr12,15815977,15816004,+
chr12,15816185,15816212,+
chr12,15816241,15816256,+
chr12,15817821,15817835,+
chr12,15967533,15967548,+
chr12,16008052,16008066,+
chr12,16013582,16013601,+
chr12,16014303,16014324,+
chr12,16014505,16014559,+
chr12,16014593,16014620,+
chr12,16014753,16014767,+
chr12,16049578,16049592,+
chr12,16049909,16049923,+
chr12,16133102,16133129,+
chr12,16133933,16133952,+
chr12,16136593,16136617,+
chr12,16170371,16170385,+
chr12,16210982,16211006,+
chr12,16215585,16215657,+
chr12,16568556,16568610,+
chr12,16588767,16588791,+
chr12,16588845,16588867,+
chr12,16901134,16901158,+
chr12,17266412,17266436,+
chr12,18216630,18216648,+
chr12,21287289,21287303,+
chr12,21409903,21409918,+
chr12,21410001,21410017,+
chr12,21410019,21410034,+
chr12,21462431,21462516,+
chr12,21462657,21462716,+
chr12,21462772,21462791,+
chr12,21462823,21462843,+
chr12,23026342,23026361,+
chr12,24498391,24498427,+
chr12,24831640,24831656,+
chr12,25010432,25010456,+
chr12,25011737,25011751,+
chr12,25266681,25266697,+
chr12,25455242,25455347,+
chr12,25455657,25455694,+
chr12,25864107,25864159,+
chr12,25959016,25959035,+
chr12,26071510,26071529,+
chr12,26071579,26071593,+
chr12,26184618,26184648,+
chr12,26185053,26185067,+
chr12,26401806,26401821,+
chr12,26401902,26401928,+
chr12,26401935,26401963,+
chr12,26402167,26402186,+
chr12,26456759,26456783,+
chr12,26468350,26468372,+
chr12,26468555,26468585,+
chr12,28808225,28808241,+
chr12,28833523,28833538,+
chr12,28835380,28835394,+
chr12,31499219,31499247,+
chr12,31621866,31621882,+
chr12,31755881,31755906,+
chr12,31756089,31756105,+
chr12,32006727,32006741,+
chr12,32009122,32009161,+
chr12,32009199,32009219,+
chr12,32009274,32009294,+
chr12,32208031,32208054,+
chr12,32208057,32208073,+
chr12,32208294,32208316,+
chr12,32208495,32208509,+
chr12,32208573,32208599,+
chr12,32209245,32209264,+
chr12,32900142,32900197,+
chr12,33036705,33036747,+
chr12,33036764,33036778,+
chr12,33048608,33048623,+
chr12,33302116,33302132,+
chr12,33380271,33380286,+
chr12,33429263,33429293,+
chr12,34907926,34907941,+
chr12,34981670,34981684,+
chr12,34991009,34991038,+
chr12,35198476,35198643,+
chr12,35579172,35579189,+
chr12,35770559,35770573,+
chr12,36025322,36025342,+
chr12,36025386,36025402,+
chr12,36039398,36039412,+
chr12,36041525,36041541,+
chr12,36041589,36041617,+
chr12,36042838,36042862,+
chr12,36042956,36042977,+
chr12,36136245,36136275,+
chr12,36136327,36136343,+
chr12,36136446,36136471,+
chr12,36136514,36136530,+
chr12,36155785,36155811,+
chr12,36205857,36205884,+
chr12,36206008,36206046,+
chr12,38778425,38778447,+
chr12,38778464,38778500,+
chr12,40198889,40198903,+
chr12,40248760,40248775,+
chr12,40253574,40253611,+
chr12,40253627,40253645,+
chr12,40253706,40253742,+
chr12,40536634,40536653,+
chr12,41023637,41023652,+
chr12,41023725,41023753,+
chr12,41168123,41168139,+
chr12,41787079,41787186,+
chr12,44268906,44268922,+
chr12,46057783,46057807,+
chr12,46057808,46057921,+
chr12,51830345,51830367,+
chr12,51848307,51848373,+
chr12,51856467,51856486,+
chr12,51865349,51865363,+
chr12,51866907,51866949,+
chr12,51867053,51867069,+
chr12,51871374,51871395,+
chr12,51886702,51886721,+
chr12,51886810,51886832,+
chr12,51887070,51887086,+
chr12,51887581,51887595,+
chr12,52035217,52035291,+
chr12,52524781,52524800,+
chr12,52602781,52602795,+
chr12,52604250,52604276,+
chr12,52604283,52604299,+
chr12,52819102,52819116,+
chr12,52819118,52819138,+
chr12,54201135,54201149,+
chr12,54202532,54202546,+
chr12,54202776,54202795,+
chr12,54293339,54293355,+
chr12,54398240,54398271,+
chr12,54398372,54398396,+
chr12,54569341,54569360,+
chr12,54695275,54695291,+
chr12,54892574,54892597,+
chr12,55015698,55015718,+
chr12,55388317,55388351,+
chr12,55388477,55388503,+
chr12,55447024,55447038,+
chr12,55464810,55464829,+
chr12,55465975,55466001,+
chr12,55489464,55489478,+
chr12,55921302,55921417,+
chr12,59012336,59012352,+
chr12,59013010,59013036,+
chr12,59021404,59021418,+
chr12,59021423,59021447,+
chr12,59061694,59061709,+
chr12,59206576,59206626,+
chr12,59206657,59206752,+
chr12,59206754,59206788,+
chr12,59206971,59206990,+
chr12,59207164,59207203,+
chr12,59216275,59216299,+
chr12,59216599,59216622,+
chr12,59219460,59219486,+
chr12,64917595,64917614,+
chr12,65065161,65065176,+
chr12,65075408,65075452,+
chr12,65173317,65173348,+
chr12,65340726,65340750,+
chr12,65340888,65340978,+
chr12,65340979,65341011,+
chr12,69159605,69159620,+
chr12,69168663,69168682,+
chr12,69229179,69229195,+
chr12,69229325,69229344,+
chr12,69257557,69257576,+
chr12,69257611,69257660,+
chr12,69333808,69333831,+
chr12,69351737,69351751,+
chr12,69351934,69351960,+
chr12,69354896,69354910,+
chr12,69355237,69355261,+
chr12,69355622,69355712,+
chr12,69355741,69355775,+
chr12,69355977,69355993,+
chr12,69356190,69356210,+
chr12,69356349,69356376,+
chr12,69371417,69371431,+
chr12,69371436,69371458,+
chr12,69385903,69385918,+
chr12,69386544,69386573,+
chr12,69386577,69386592,+
chr12,69413710,69413724,+
chr12,69421260,69421279,+
chr12,69421284,69421298,+
chr12,69472051,69472067,+
chr12,69475721,69475754,+
chr12,69475755,69475779,+
chr12,69516832,69516855,+
chr12,69529529,69529545,+
chr12,69530045,69530067,+
chr12,69878478,69878492,+
chr12,69878546,69878577,+
chr12,69878580,69878609,+
chr12,69892461,69892475,+
chr12,69935320,69935372,+
chr12,70078949,70078968,+
chr12,70104820,70104877,+
chr12,70105159,70105204,+
chr12,70108199,70108223,+
chr12,70133839,70133888,+
chr12,70135647,70135661,+
chr12,70219231,70219246,+
chr12,70280868,70280882,+
chr12,70713547,70713562,+
chr12,70940881,70940898,+
chr12,70941116,70941135,+
chr12,70968819,70968859,+
chr12,70969415,70969431,+
chr12,70969448,70969483,+
chr12,70969693,70969707,+
chr12,70969804,70969820,+
chr12,70999982,70999996,+
chr12,71000221,71000235,+
chr12,71000250,71000315,+
chr12,71007309,71007351,+
chr12,71007439,71007474,+
chr12,71040595,71040614,+
chr12,71047790,71047809,+
chr12,71047822,71047836,+
chr12,71051030,71051046,+
chr12,71932719,71932735,+
chr12,71933611,71933656,+
chr12,72535863,72535877,+
chr12,72665069,72665093,+
chr12,72844906,72844925,+
chr12,73382115,73382197,+
chr12,73382637,73382656,+
chr12,73584111,73584131,+
chr12,73592577,73592625,+
chr12,73593047,73593067,+
chr12,73594925,73594947,+
chr12,73597796,73597856,+
chr12,73598674,73598688,+
chr12,73598700,73598716,+
chr12,73647879,73647898,+
chr12,73671604,73671619,+
chr12,73686850,73686864,+
chr12,73692312,73692331,+
chr12,73693404,73693434,+
chr12,73693619,73693633,+
chr12,73715902,73715926,+
chr12,73720593,73720612,+
chr12,74024082,74024168,+
chr12,74024269,74024322,+
chr12,74024334,74024353,+
chr12,74024373,74024392,+
chr12,75283687,75283701,+
chr12,75449815,75449829,+
chr12,75654687,75654702,+
chr12,75654780,75654796,+
chr12,75658286,75658303,+
chr12,75658446,75658460,+
chr12,75726704,75726738,+
chr12,75727278,75727294,+
chr12,76345864,76345893,+
chr12,76361554,76361583,+
chr12,76361696,76361710,+
chr12,76362711,76362750,+
chr12,76366818,76366840,+
chr12,76368058,76368077,+
chr12,76368119,76368138,+
chr12,76368915,76368929,+
chr12,76369838,76369873,+
chr12,76376766,76376785,+
chr12,76403587,76403604,+
chr12,76537802,76537870,+
chr12,76537990,76538041,+
chr12,76778585,76778604,+
chr12,76841172,76841203,+
chr12,76853264,76853288,+
chr12,76886794,76886813,+
chr12,76886888,76886904,+
chr12,76961207,76961244,+
chr12,76963023,76963042,+
chr12,76969966,76970004,+
chr12,76970120,76970134,+
chr12,76970144,76970160,+
chr12,76970205,76970258,+
chr12,76970273,76970287,+
chr12,76970555,76970569,+
chr12,77066025,77066041,+
chr12,77124665,77124689,+
chr12,77133774,77133791,+
chr12,77177172,77177191,+
chr12,77177315,77177372,+
chr12,77178676,77178691,+
chr12,77178866,77178944,+
chr12,77179092,77179108,+
chr12,77240896,77240912,+
chr12,77259041,77259057,+
chr12,77259152,77259177,+
chr12,77259181,77259200,+
chr12,77259250,77259316,+
chr12,77259349,77259380,+
chr12,77534193,77534212,+
chr12,78978711,78978789,+
chr12,78979073,78979096,+
chr12,78979142,78979161,+
chr12,78980386,78980402,+
chr12,78980832,78980885,+
chr12,78981315,78981340,+
chr12,79296744,79296758,+
chr12,79297168,79297187,+
chr12,79440934,79440950,+
chr12,79441092,79441112,+
chr12,79646747,79646769,+
chr12,79692040,79692056,+
chr12,79692354,79692373,+
chr12,79692527,79692557,+
chr12,80114624,80114653,+
chr12,80130992,80131012,+
chr12,80131638,80131654,+
chr12,80208361,80208376,+
chr12,80256998,80257012,+
chr12,80265973,80266014,+
chr12,80271869,80271884,+
chr12,80272720,80272743,+
chr12,80273703,80273756,+
chr12,80462964,80462987,+
chr12,80642902,80642930,+
chr12,80643104,80643126,+
chr12,80644085,80644100,+
chr12,80790254,80790308,+
chr12,80791655,80791679,+
chr12,80793394,80793443,+
chr12,80938701,80938717,+
chr12,81484742,81484772,+
chr12,81595340,81595379,+
chr12,82203101,82203117,+
chr12,82208936,82208952,+
chr12,82208960,82208974,+
chr12,82264348,82264367,+
chr12,83597498,83597512,+
chr12,83631942,83631958,+
chr12,83687952,83687971,+
chr12,83772690,83772767,+
chr12,83833729,83833785,+
chr12,83987464,83987484,+
chr12,84177928,84177948,+
chr12,84218321,84218340,+
chr12,84221141,84221160,+
chr12,84221174,84221202,+
chr12,84222583,84222597,+
chr12,84222978,84222994,+
chr12,84243959,84243973,+
chr12,84245531,84245563,+
chr12,84245706,84245725,+
chr12,84407669,84407698,+
chr12,84409203,84409255,+
chr12,84450581,84450600,+
chr12,84762447,84762503,+
chr12,84762507,84762538,+
chr12,84762584,84762598,+
chr12,84770183,84770231,+
chr12,84971145,84971164,+
chr12,85004025,85004039,+
chr12,85092585,85092619,+
chr12,85373782,85373798,+
chr12,85444572,85444593,+
chr12,85445001,85445034,+
chr12,85455225,85455247,+
chr12,85456053,85456067,+
chr12,85456179,85456208,+
chr12,85687941,85687960,+
chr12,85794552,85794645,+
chr12,85963758,85963773,+
chr12,85969383,85969403,+
chr12,85973929,85973952,+
chr12,85974145,85974159,+
chr12,86726690,86726706,+
chr12,86808245,86808261,+
chr12,86825441,86825460,+
chr12,86825481,86825501,+
chr12,86825504,86825528,+
chr12,86829372,86829401,+
chr12,86829568,86829597,+
chr12,86834051,86834080,+
chr12,86834596,86834610,+
chr12,86835286,86835300,+
chr12,86835468,86835499,+
chr12,86835992,86836018,+
chr12,86886599,86886615,+
chr12,86891246,86891265,+
chr12,86891484,86891555,+
chr12,86893746,86893770,+
chr12,87179221,87179279,+
chr12,87416939,87416977,+
chr12,88408397,88408424,+
chr12,89718904,89718918,+
chr12,89719393,89719409,+
chr12,89719626,89719642,+
chr12,89719916,89719960,+
chr12,90738585,90738619,+
chr12,91009050,91009064,+
chr12,91566050,91566077,+
chr12,91566106,91566167,+
chr12,91588114,91588133,+
chr12,91588155,91588174,+
chr12,91588624,91588645,+
chr12,91588652,91588681,+
chr12,91588802,91588819,+
chr12,91589572,91589586,+
chr12,91589599,91589658,+
chr12,91589807,91589821,+
chr12,91734637,91734660,+
chr12,91766051,91766073,+
chr12,91766102,91766116,+
chr12,91766768,91766787,+
chr12,91799363,91799410,+
chr12,91799498,91799558,+
chr12,91848996,91849011,+
chr12,92775757,92775779,+
chr12,92823050,92823067,+
chr12,92976236,92976261,+
chr12,93227060,93227080,+
chr12,93227289,93227310,+
chr12,98269738,98269754,+
chr12,98270007,98270023,+
chr12,98677419,98677438,+
chr12,98746474,98746508,+
chr12,99314063,99314079,+
chr12,99321963,99321983,+
chr12,99392273,99392297,+
chr12,99393060,99393079,+
chr12,99393366,99393388,+
chr12,99406434,99406452,+
chr12,99562140,99562168,+
chr12,99564177,99564193,+
chr12,99564275,99564295,+
chr12,99564720,99564742,+
chr12,99576851,99576873,+
chr12,99633740,99633767,+
chr12,99640695,99640714,+
chr12,99700244,99700260,+
chr12,99838895,99838909,+
chr12,99883751,99883778,+
chr12,100159447,100159466,+
chr12,100168572,100168600,+
chr12,100187378,100187397,+
chr12,100190458,100190526,+
chr12,100508782,100508801,+
chr12,100538012,100538070,+
chr12,100539591,100539615,+
chr12,100539665,100539693,+
chr12,100539750,100539772,+
chr12,100636065,100636084,+
chr12,100636628,100636642,+
chr12,100725666,100725680,+
chr12,100725844,100725868,+
chr12,100876766,100876790,+
chr12,100883184,100883200,+
chr12,100887295,100887313,+
chr12,100887469,100887491,+
chr12,100887515,100887563,+
chr12,100890646,100890672,+
chr12,100903600,100903663,+
chr12,100907006,100907028,+
chr12,100988517,100988541,+
chr12,101006959,101006973,+
chr12,101008096,101008120,+
chr12,101013450,101013476,+
chr12,101017652,101017671,+
chr12,101018469,101018493,+
chr12,101020514,101020538,+
chr12,101028514,101028538,+
chr12,101897610,101897626,+
chr12,101971422,101971437,+
chr12,102034188,102034265,+
chr12,102367123,102367149,+
chr12,102619708,102619727,+
chr12,102643612,102643627,+
chr12,102651310,102651402,+
chr12,102651482,102651502,+
chr12,102702610,102702624,+
chr12,103331475,103331506,+
chr12,103341369,103341388,+
chr12,103443957,103443971,+
chr12,103443987,103444017,+
chr12,105008912,105008926,+
chr12,105021592,105021611,+
chr12,105684112,105684131,+
chr12,105728136,105728150,+
chr12,105728152,105728190,+
chr12,106032158,106032172,+
chr12,106308567,106308584,+
chr12,107118341,107118361,+
chr12,107125940,107125957,+
chr12,107125987,107126001,+
chr12,107139037,107139059,+
chr12,107140766,107140795,+
chr12,107159515,107159534,+
chr12,107160501,107160515,+
chr12,107240342,107240364,+
chr12,107559613,107559632,+
chr12,107645744,107645770,+
chr12,107646025,107646044,+
chr12,107720648,107720663,+
chr12,107720854,107720874,+
chr12,107721074,107721088,+
chr12,107721405,107721421,+
chr12,107729264,107729278,+
chr12,107730855,107730874,+
chr12,107731342,107731359,+
chr12,107731378,107731402,+
chr12,107779524,107779549,+
chr12,107783896,107783912,+
chr12,107815116,107815135,+
chr12,107919721,107919758,+
chr12,107920641,107920655,+
chr12,107922513,107922533,+
chr12,107922545,107922564,+
chr12,107926091,107926119,+
chr12,107926242,107926261,+
chr12,107928432,107928455,+
chr12,107928874,107928888,+
chr12,107928889,107928905,+
chr12,107930956,107930973,+
chr12,107931434,107931458,+
chr12,107937132,107937146,+
chr12,107961139,107961153,+
chr12,107973981,107973995,+
chr12,107975195,107975210,+
chr12,107975836,107975871,+
chr12,107975995,107976017,+
chr12,107977144,107977158,+
chr12,107977159,107977186,+
chr12,107977873,107977887,+
chr12,107978255,107978274,+
chr12,107991516,107991534,+
chr12,107991545,107991564,+
chr12,107992127,107992141,+
chr12,107993874,107993890,+
chr12,107994433,107994453,+
chr12,107994837,107994852,+
chr12,107996908,107996923,+
chr12,107997751,107997801,+
chr12,107998564,107998581,+
chr12,107998636,107998651,+
chr12,107999467,107999487,+
chr12,107999576,107999590,+
chr12,107999749,107999783,+
chr12,108001501,108001518,+
chr12,108001587,108001631,+
chr12,108001965,108001981,+
chr12,108003630,108003646,+
chr12,108003652,108003683,+
chr12,108004369,108004385,+
chr12,108075099,108075114,+
chr12,108103417,108103436,+
chr12,108630938,108630952,+
chr12,108633346,108633366,+
chr12,108634121,108634140,+
chr12,108634202,108634232,+
chr12,108646352,108646371,+
chr12,108646480,108646494,+
chr12,108648916,108648935,+
chr12,108649467,108649505,+
chr12,108761274,108761290,+
chr12,108761733,108761749,+
chr12,108798943,108798962,+
chr12,109119469,109119533,+
chr12,109438287,109438303,+
chr12,110463740,110463797,+
chr12,110492433,110492473,+
chr12,110492500,110492515,+
chr12,110494861,110494921,+
chr12,110495525,110495539,+
chr12,110496029,110496043,+
chr12,110496101,110496123,+
chr12,110503693,110503709,+
chr12,110503844,110503858,+
chr12,110506529,110506544,+
chr12,110992131,110992150,+
chr12,111040800,111040814,+
chr12,111040962,111040976,+
chr12,111914219,111914233,+
chr12,112587233,112587250,+
chr12,112849406,112849430,+
chr12,112853625,112853641,+
chr12,112854541,112854557,+
chr12,112854561,112854581,+
chr12,112855939,112855979,+
chr12,112856717,112856731,+
chr12,112857138,112857157,+
chr12,112859966,112860000,+
chr12,112942454,112942473,+
chr12,112967982,112968001,+
chr12,112968215,112968243,+
chr12,112976082,112976108,+
chr12,112984264,112984329,+
chr12,113005333,113005347,+
chr12,113046251,113046265,+
chr12,113046276,113046290,+
chr12,113102773,113102791,+
chr12,113149834,113149874,+
chr12,113392726,113392746,+
chr12,113392814,113392833,+
chr12,113392878,113392902,+
chr12,113392961,113393050,+
chr12,113393077,113393093,+
chr12,113393241,113393265,+
chr12,113393286,113393302,+
chr12,113393311,113393330,+
chr12,113393439,113393453,+
chr12,113413056,113413114,+
chr12,113481527,113481543,+
chr12,113517866,113517888,+
chr12,113994778,113994794,+
chr12,114007808,114007865,+
chr12,114007893,114007910,+
chr12,114008052,114008075,+
chr12,114008155,114008170,+
chr12,114203358,114203408,+
chr12,114203419,114203478,+
chr12,114378635,114378656,+
chr12,114379020,114379034,+
chr12,114483906,114483962,+
chr12,114483964,114483985,+
chr12,114483996,114484010,+
chr12,114583424,114583440,+
chr12,114650541,114650566,+
chr12,114656327,114656450,+
chr12,114656463,114656487,+
chr12,114656495,114656514,+
chr12,114656875,114656889,+
chr12,114763972,114763986,+
chr12,114909871,114909885,+
chr12,114914455,114914471,+
chr12,114914494,114914510,+
chr12,114936970,114936986,+
chr12,115008556,115008571,+
chr12,115023802,115023822,+
chr12,115121401,115121420,+
chr12,115159316,115159342,+
chr12,115159571,115159590,+
chr12,115207949,115207964,+
chr12,115215787,115215850,+
chr12,115215860,115215882,+
chr12,115215923,115215937,+
chr12,115216017,115216031,+
chr12,115242546,115242563,+
chr12,115255000,115255024,+
chr12,115255111,115255126,+
chr12,115256147,115256183,+
chr12,115256422,115256446,+
chr12,115256622,115256637,+
chr12,115256782,115256796,+
chr12,115257683,115257699,+
chr12,115257919,115257938,+
chr12,115258055,115258077,+
chr12,115258557,115258573,+
chr12,115258830,115258850,+
chr12,115293847,115293866,+
chr12,115373175,115373194,+
chr12,115379804,115379878,+
chr12,115379882,115379904,+
chr12,115380037,115380051,+
chr12,115403972,115403988,+
chr12,115404209,115404223,+
chr12,115461911,115461937,+
chr12,115471335,115471385,+
chr12,115759172,115759191,+
chr12,115803814,115803833,+
chr12,115851777,115851850,+
chr12,115920142,115920158,+
chr12,115963680,115963696,+
chr12,115967866,115967881,+
chr12,116010848,116010870,+
chr12,116282920,116282934,+
chr12,116284287,116284303,+
chr12,116313781,116313795,+
chr12,116313926,116313951,+
chr12,116316222,116316238,+
chr12,117655365,117655414,+
chr12,117655420,117655447,+
chr12,117942369,117942383,+
chr12,117994989,117995014,+
chr12,118255860,118255879,+
chr12,118301055,118301079,+
chr12,118373217,118373235,+
chr12,118376303,118376330,+
chr12,118377125,118377174,+
chr12,118428254,118428296,+
chr12,119148020,119148055,+
chr12,3236124,3236143,-
chr12,3427730,3427744,-
chr12,3427801,3427815,-
chr12,3427892,3427911,-
chr12,3440210,3440226,-
chr12,3440309,3440355,-
chr12,3441658,3441677,-
chr12,3441802,3441816,-
chr12,3441956,3441980,-
chr12,3547599,3547613,-
chr12,3547750,3547782,-
chr12,3556637,3556660,-
chr12,3569028,3569054,-
chr12,3569328,3569342,-
chr12,3745775,3745791,-
chr12,3781829,3781844,-
chr12,3871524,3871538,-
chr12,4477671,4477691,-
chr12,4558878,4558897,-
chr12,4593597,4593658,-
chr12,4843829,4843874,-
chr12,4907919,4907935,-
chr12,8351407,8351437,-
chr12,8500443,8500462,-
chr12,8500512,8500526,-
chr12,8502657,8502692,-
chr12,8521313,8521332,-
chr12,8968947,8968966,-
chr12,8969194,8969215,-
chr12,10387546,10387587,-
chr12,10387593,10387705,-
chr12,10390551,10390566,-
chr12,11229834,11229850,-
chr12,11230611,11230637,-
chr12,11276845,11276859,-
chr12,11279986,11280005,-
chr12,12115141,12115223,-
chr12,12247223,12247285,-
chr12,12264313,12264332,-
chr12,12289789,12289808,-
chr12,12302657,12302687,-
chr12,13508701,13508717,-
chr12,13518556,13518571,-
chr12,13518693,13518708,-
chr12,15809912,15809927,-
chr12,15814674,15814688,-
chr12,15815146,15815163,-
chr12,15816621,15816655,-
chr12,15968000,15968019,-
chr12,15998127,15998151,-
chr12,15998161,15998199,-
chr12,15998574,15998588,-
chr12,16006482,16006504,-
chr12,16008146,16008165,-
chr12,16008343,16008362,-
chr12,16009259,16009278,-
chr12,16133182,16133197,-
chr12,16133955,16133972,-
chr12,16134337,16134352,-
chr12,16134949,16134977,-
chr12,16210720,16210734,-
chr12,16296081,16296114,-
chr12,16526384,16526400,-
chr12,16569361,16569380,-
chr12,16591247,16591268,-
chr12,17032749,17032764,-
chr12,17266253,17266278,-
chr12,17348307,17348329,-
chr12,17545445,17545464,-
chr12,17703066,17703085,-
chr12,17727262,17727281,-
chr12,17728397,17728413,-
chr12,17737348,17737364,-
chr12,21286396,21286422,-
chr12,21417537,21417551,-
chr12,21451443,21451464,-
chr12,21459887,21459906,-
chr12,21463090,21463124,-
chr12,21480451,21480473,-
chr12,24975513,24975532,-
chr12,25010920,25010935,-
chr12,25013472,25013501,-
chr12,25164893,25164915,-
chr12,25187459,25187478,-
chr12,25316177,25316196,-
chr12,25784598,25784625,-
chr12,25864022,25864042,-
chr12,25864435,25864449,-
chr12,25864500,25864514,-
chr12,25918414,25918453,-
chr12,25956647,25956671,-
chr12,25958767,25958783,-
chr12,25959289,25959313,-
chr12,26057470,26057488,-
chr12,26057732,26057758,-
chr12,26057829,26057852,-
chr12,26068971,26068991,-
chr12,26069302,26069321,-
chr12,26080112,26080126,-
chr12,26080195,26080276,-
chr12,26470100,26470120,-
chr12,28808092,28808106,-
chr12,28834939,28834953,-
chr12,28835699,28835718,-
chr12,28835735,28835755,-
chr12,28846113,28846128,-
chr12,29290902,29290918,-
chr12,31392493,31392509,-
chr12,31634345,31634375,-
chr12,31756236,31756279,-
chr12,31756308,31756349,-
chr12,31949356,31949380,-
chr12,31950625,31950641,-
chr12,32208547,32208563,-
chr12,32212790,32212805,-
chr12,32489969,32489985,-
chr12,33036681,33036704,-
chr12,33302046,33302060,-
chr12,33302369,33302385,-
chr12,33302666,33302686,-
chr12,33302905,33302924,-
chr12,33411154,33411184,-
chr12,33411339,33411353,-
chr12,34907534,34907590,-
chr12,34990603,34990618,-
chr12,35007139,35007157,-
chr12,35046602,35046624,-
chr12,36019749,36019771,-
chr12,36039495,36039514,-
chr12,38778521,38778541,-
chr12,41023670,41023696,-
chr12,41168173,41168214,-
chr12,41500391,41500414,-
chr12,41728042,41728058,-
chr12,41786813,41786827,-
chr12,41852197,41852231,-
chr12,44210768,44210810,-
chr12,51830588,51830602,-
chr12,51830681,51830790,-
chr12,51848057,51848071,-
chr12,51886353,51886367,-
chr12,51971520,51971536,-
chr12,52061636,52061685,-
chr12,52524807,52524823,-
chr12,52524842,52524864,-
chr12,52605330,52605345,-
chr12,52605347,52605367,-
chr12,52767953,52768026,-
chr12,52818779,52818795,-
chr12,52818967,52818999,-
chr12,54398109,54398143,-
chr12,54398528,54398542,-
chr12,54398603,54398627,-
chr12,54568966,54569073,-
chr12,54660403,54660470,-
chr12,54697005,54697028,-
chr12,54697043,54697059,-
chr12,54697285,54697314,-
chr12,54863247,54863263,-
chr12,54868840,54868899,-
chr12,54869038,54869115,-
chr12,55303047,55303066,-
chr12,55303150,55303166,-
chr12,55316831,55316847,-
chr12,55357397,55357422,-
chr12,55357567,55357603,-
chr12,55366966,55366982,-
chr12,55464780,55464796,-
chr12,55465175,55465204,-
chr12,55489821,55489853,-
chr12,55820270,55820299,-
chr12,59012397,59012411,-
chr12,59131919,59131938,-
chr12,59132065,59132084,-
chr12,59170000,59170019,-
chr12,59170237,59170253,-
chr12,64918571,64918597,-
chr12,64975594,64975613,-
chr12,65173001,65173020,-
chr12,69159718,69159732,-
chr12,69229284,69229311,-
chr12,69229613,69229627,-
chr12,69242412,69242439,-
chr12,69256157,69256171,-
chr12,69257836,69257850,-
chr12,69296925,69296944,-
chr12,69351981,69352013,-
chr12,69352016,69352030,-
chr12,69352033,69352053,-
chr12,69354938,69354962,-
chr12,69355149,69355173,-
chr12,69361980,69361999,-
chr12,69385836,69385850,-
chr12,69411901,69411937,-
chr12,69413246,69413270,-
chr12,69413648,69413664,-
chr12,69423168,69423182,-
chr12,69447675,69447696,-
chr12,69447699,69447713,-
chr12,69476462,69476528,-
chr12,69530012,69530026,-
chr12,69583553,69583589,-
chr12,69725381,69725421,-
chr12,69725604,69725620,-
chr12,69863932,69863951,-
chr12,70135658,70135677,-
chr12,70136562,70136587,-
chr12,70137059,70137074,-
chr12,70280884,70280898,-
chr12,70713747,70713769,-
chr12,70713823,70713861,-
chr12,70941256,70941275,-
chr12,70968032,70968046,-
chr12,70969251,70969295,-
chr12,70969300,70969323,-
chr12,70969737,70969751,-
chr12,71006481,71006504,-
chr12,71014771,71014790,-
chr12,71017008,71017028,-
chr12,71040247,71040270,-
chr12,71047443,71047457,-
chr12,71048093,71048112,-
chr12,71048581,71048614,-
chr12,71192636,71192655,-
chr12,71193074,71193088,-
chr12,71933479,71933498,-
chr12,72694284,72694336,-
chr12,72762076,72762095,-
chr12,72777398,72777426,-
chr12,72844623,72844647,-
chr12,73382583,73382603,-
chr12,73382659,73382673,-
chr12,73578321,73578340,-
chr12,73586067,73586091,-
chr12,73587690,73587706,-
chr12,73593331,73593359,-
chr12,73593576,73593600,-
chr12,73594251,73594265,-
chr12,73595164,73595178,-
chr12,73596528,73596543,-
chr12,73599176,73599226,-
chr12,73599232,73599248,-
chr12,73599273,73599289,-
chr12,73604810,73604826,-
chr12,73605323,73605348,-
chr12,73610313,73610339,-
chr12,73612214,73612236,-
chr12,73618347,73618409,-
chr12,73633986,73634006,-
chr12,73679595,73679609,-
chr12,73686780,73686796,-
chr12,73692990,73693004,-
chr12,73710945,73710959,-
chr12,73716337,73716369,-
chr12,73842715,73842734,-
chr12,73881770,73881784,-
chr12,73908367,73908381,-
chr12,73964220,73964240,-
chr12,74024428,74024460,-
chr12,75412142,75412209,-
chr12,75449768,75449787,-
chr12,75654264,75654306,-
chr12,75654752,75654767,-
chr12,75658399,75658413,-
chr12,75670134,75670149,-
chr12,75733663,75733677,-
chr12,75734582,75734596,-
chr12,75736242,75736377,-
chr12,76362198,76362214,-
chr12,76367432,76367446,-
chr12,76370979,76371003,-
chr12,76766026,76766045,-
chr12,76778997,76779013,-
chr12,76837147,76837161,-
chr12,76837234,76837253,-
chr12,76845135,76845149,-
chr12,76852805,76852849,-
chr12,76854219,76854233,-
chr12,76962006,76962021,-
chr12,76962668,76962687,-
chr12,77113505,77113524,-
chr12,77113743,77113758,-
chr12,77130635,77130668,-
chr12,77133361,77133375,-
chr12,77177702,77177731,-
chr12,77179893,77179929,-
chr12,77193185,77193205,-
chr12,77193418,77193432,-
chr12,77237778,77237797,-
chr12,77240987,77241009,-
chr12,77535082,77535098,-
chr12,77535155,77535179,-
chr12,79296566,79296592,-
chr12,79296801,79296817,-
chr12,79442332,79442352,-
chr12,79444781,79444800,-
chr12,79444905,79444960,-
chr12,79625906,79625934,-
chr12,79626145,79626162,-
chr12,79627511,79627535,-
chr12,79647616,79647635,-
chr12,80109252,80109274,-
chr12,80113424,80113457,-
chr12,80113781,80113796,-
chr12,80114332,80114352,-
chr12,80115325,80115348,-
chr12,80115522,80115541,-
chr12,80116338,80116367,-
chr12,80117038,80117065,-
chr12,80272202,80272231,-
chr12,80273825,80273877,-
chr12,80791261,80791287,-
chr12,80791496,80791518,-
chr12,80792169,80792184,-
chr12,80793192,80793206,-
chr12,80815340,80815365,-
chr12,80816532,80816552,-
chr12,80833644,80833660,-
chr12,80945582,80945598,-
chr12,81788867,81788894,-
chr12,81848601,81848647,-
chr12,81848668,81848700,-
chr12,81859628,81859647,-
chr12,82166465,82166484,-
chr12,82186917,82186932,-
chr12,82187523,82187545,-
chr12,82187814,82187833,-
chr12,82190275,82190291,-
chr12,82190295,82190309,-
chr12,82203229,82203248,-
chr12,82203521,82203536,-
chr12,82208590,82208609,-
chr12,82208988,82209007,-
chr12,82245247,82245267,-
chr12,82245522,82245541,-
chr12,82284657,82284672,-
chr12,82285082,82285109,-
chr12,82349358,82349382,-
chr12,82349446,82349462,-
chr12,82349505,82349551,-
chr12,82350539,82350558,-
chr12,83520887,83520922,-
chr12,83597630,83597649,-
chr12,83632672,83632696,-
chr12,83689470,83689486,-
chr12,83689538,83689553,-
chr12,83762875,83762889,-
chr12,83954069,83954129,-
chr12,83987755,83987770,-
chr12,83988522,83988559,-
chr12,84175435,84175460,-
chr12,84175470,84175499,-
chr12,84177000,84177014,-
chr12,84219238,84219257,-
chr12,84220492,84220520,-
chr12,84222896,84222912,-
chr12,84762748,84762762,-
chr12,84971044,84971084,-
chr12,84995953,84995967,-
chr12,84996034,84996052,-
chr12,85123461,85123483,-
chr12,85270704,85270728,-
chr12,85270752,85270766,-
chr12,85416553,85416572,-
chr12,85445491,85445507,-
chr12,85447347,85447371,-
chr12,85455558,85455580,-
chr12,85456099,85456113,-
chr12,85457597,85457619,-
chr12,85471892,85471911,-
chr12,85624957,85624998,-
chr12,85686537,85686560,-
chr12,85794694,85794721,-
chr12,85794819,85794835,-
chr12,85963448,85963462,-
chr12,86046470,86046492,-
chr12,86046523,86046539,-
chr12,86047449,86047463,-
chr12,86796152,86796173,-
chr12,86807413,86807435,-
chr12,86807442,86807477,-
chr12,86810562,86810583,-
chr12,86825384,86825420,-
chr12,86825834,86825862,-
chr12,86834185,86834240,-
chr12,86835636,86835658,-
chr12,86835805,86835866,-
chr12,86836185,86836225,-
chr12,86860357,86860376,-
chr12,86860455,86860475,-
chr12,86883577,86883612,-
chr12,86884726,86884741,-
chr12,86885389,86885403,-
chr12,86887788,86887826,-
chr12,86890939,86890963,-
chr12,86891419,86891445,-
chr12,86891767,86891784,-
chr12,86892025,86892044,-
chr12,86894019,86894033,-
chr12,86894143,86894163,-
chr12,86894168,86894192,-
chr12,86895112,86895132,-
chr12,86947702,86947729,-
chr12,86949946,86949974,-
chr12,87417027,87417077,-
chr12,89718930,89718951,-
chr12,89719452,89719479,-
chr12,89719595,89719609,-
chr12,90236206,90236228,-
chr12,90738721,90738735,-
chr12,91384624,91384640,-
chr12,91588819,91588835,-
chr12,91589018,91589056,-
chr12,91799430,91799447,-
chr12,92775787,92775824,-
chr12,98453969,98454005,-
chr12,98747440,98747454,-
chr12,99391806,99391825,-
chr12,99391833,99391857,-
chr12,99406659,99406679,-
chr12,99515575,99515599,-
chr12,99515818,99515834,-
chr12,99561302,99561330,-
chr12,99564065,99564119,-
chr12,99565279,99565310,-
chr12,99565526,99565550,-
chr12,99628284,99628303,-
chr12,99640772,99640787,-
chr12,99640945,99640965,-
chr12,99642324,99642343,-
chr12,99883642,99883656,-
chr12,99883914,99883930,-
chr12,100185127,100185148,-
chr12,100185162,100185176,-
chr12,100480889,100480905,-
chr12,100636666,100636680,-
chr12,100856250,100856264,-
chr12,100856608,100856627,-
chr12,100876687,100876706,-
chr12,100884019,100884041,-
chr12,100887706,100887729,-
chr12,100888599,100888613,-
chr12,100890132,100890190,-
chr12,100890407,100890421,-
chr12,100895549,100895585,-
chr12,100898623,100898638,-
chr12,100900913,100900927,-
chr12,100901203,100901223,-
chr12,100907187,100907209,-
chr12,100907217,100907236,-
chr12,101007312,101007334,-
chr12,101013632,101013691,-
chr12,101023840,101023856,-
chr12,101027578,101027597,-
chr12,101897047,101897061,-
chr12,101958152,101958168,-
chr12,101958459,101958490,-
chr12,102227101,102227153,-
chr12,102295643,102295662,-
chr12,102308500,102308516,-
chr12,102321476,102321495,-
chr12,102401427,102401493,-
chr12,102401505,102401558,-
chr12,102468738,102468760,-
chr12,102505106,102505125,-
chr12,102519141,102519204,-
chr12,102627422,102627437,-
chr12,102702730,102702749,-
chr12,102744861,102744877,-
chr12,103331181,103331200,-
chr12,103426242,103426267,-
chr12,103444160,103444174,-
chr12,104056987,104057001,-
chr12,105013484,105013508,-
chr12,105785405,105785421,-
chr12,105971337,105971364,-
chr12,106027779,106027799,-
chr12,106034387,106034406,-
chr12,106035033,106035052,-
chr12,106308900,106308977,-
chr12,106310451,106310506,-
chr12,106311113,106311129,-
chr12,106311852,106311884,-
chr12,106956783,106956823,-
chr12,106956828,106956889,-
chr12,106956968,106957006,-
chr12,107011369,107011383,-
chr12,107046820,107046836,-
chr12,107046847,107046862,-
chr12,107122632,107122647,-
chr12,107123005,107123065,-
chr12,107123518,107123600,-
chr12,107141741,107141755,-
chr12,107159718,107159733,-
chr12,107183318,107183342,-
chr12,107184472,107184486,-
chr12,107185029,107185043,-
chr12,107240596,107240667,-
chr12,107240763,107240779,-
chr12,107260529,107260568,-
chr12,107260579,107260662,-
chr12,107361829,107361877,-
chr12,107362292,107362318,-
chr12,107720992,107721013,-
chr12,107731321,107731340,-
chr12,107750099,107750114,-
chr12,107779599,107779618,-
chr12,107782458,107782478,-
chr12,107813098,107813116,-
chr12,107920047,107920063,-
chr12,107940762,107940777,-
chr12,107975543,107975557,-
chr12,107990775,107990795,-
chr12,107996359,107996388,-
chr12,107996537,107996556,-
chr12,107996730,107996756,-
chr12,107996762,107996776,-
chr12,107997995,107998009,-
chr12,108002340,108002359,-
chr12,108002466,108002480,-
chr12,108003320,108003350,-
chr12,108075114,108075139,-
chr12,108075142,108075217,-
chr12,108178157,108178184,-
chr12,108179685,108179723,-
chr12,108600905,108600931,-
chr12,108600948,108600964,-
chr12,108630957,108630972,-
chr12,108631153,108631169,-
chr12,108631735,108631755,-
chr12,108635560,108635580,-
chr12,108649846,108649860,-
chr12,108653820,108653839,-
chr12,108761749,108761766,-
chr12,108792668,108792683,-
chr12,108794119,108794133,-
chr12,108794778,108794792,-
chr12,109438119,109438138,-
chr12,110485775,110485791,-
chr12,110495676,110495695,-
chr12,110495707,110495745,-
chr12,110496009,110496025,-
chr12,110496076,110496092,-
chr12,110496738,110496759,-
chr12,110499147,110499173,-
chr12,110503064,110503098,-
chr12,110504063,110504082,-
chr12,110519319,110519334,-
chr12,110751017,110751048,-
chr12,110759496,110759518,-
chr12,110759725,110759740,-
chr12,110759775,110759824,-
chr12,110759831,110759849,-
chr12,110770915,110770929,-
chr12,111038225,111038252,-
chr12,111040633,111040658,-
chr12,111159913,111159927,-
chr12,111538516,111538538,-
chr12,111911978,111912018,-
chr12,112449543,112449600,-
chr12,112844049,112844068,-
chr12,112849600,112849619,-
chr12,112856676,112856705,-
chr12,112856878,112856892,-
chr12,112870090,112870106,-
chr12,113023361,113023380,-
chr12,113042744,113042766,-
chr12,113042846,113042862,-
chr12,113045424,113045451,-
chr12,113046296,113046312,-
chr12,113059254,113059268,-
chr12,113074225,113074260,-
chr12,113101940,113101960,-
chr12,113994092,113994108,-
chr12,114008025,114008041,-
chr12,114008075,114008089,-
chr12,114008218,114008294,-
chr12,114045392,114045475,-
chr12,114093959,114093974,-
chr12,114109032,114109047,-
chr12,114299584,114299623,-
chr12,114300326,114300345,-
chr12,114378983,114379005,-
chr12,114566575,114566643,-
chr12,114615490,114615506,-
chr12,114656284,114656310,-
chr12,114755129,114755149,-
chr12,114755337,114755430,-
chr12,114763387,114763413,-
chr12,115139567,115139586,-
chr12,115139636,115139655,-
chr12,115139687,115139711,-
chr12,115139814,115139835,-
chr12,115242523,115242543,-
chr12,115255175,115255190,-
chr12,115255385,115255415,-
chr12,115255454,115255468,-
chr12,115255549,115255573,-
chr12,115255585,115255643,-
chr12,115255647,115255696,-
chr12,115255920,115256008,-
chr12,115358827,115358851,-
chr12,115802345,115802359,-
chr12,116048841,116048883,-
chr12,116200561,116200584,-
chr12,116263104,116263123,-
chr12,116283478,116283532,-
chr12,116283607,116283634,-
chr12,116283869,116283884,-
chr12,116283973,116283992,-
chr12,116284084,116284102,-
chr12,116284193,116284233,-
chr12,116314997,116315011,-
chr12,116315052,116315076,-
chr12,117959359,117959375,-
chr12,118300663,118300682,-
chr12,118300710,118300736,-
chr12,118300851,118300869,-
chr12,118373358,118373380,-
chr12,118376707,118376723,-
chr12,118411040,118411059,-
chr12,118411235,118411254,-
chr12,118428539,118428558,-
chr12,119157304,119157323,-
chr13,3537889,3537904,+
chr13,3537905,3537924,+
chr13,3636867,3636894,+
chr13,5714346,5714365,+
chr13,5757396,5757418,+
chr13,5757540,5757556,+
chr13,5804388,5804422,+
chr13,5862635,5862654,+
chr13,5864455,5864473,+
chr13,5890364,5890448,+
chr13,5890457,5890485,+
chr13,6633576,6633591,+
chr13,6647426,6647445,+
chr13,6647479,6647501,+
chr13,8456507,8456529,+
chr13,8457732,8457751,+
chr13,8457797,8457819,+
chr13,8457883,8457900,+
chr13,8469580,8469596,+
chr13,8474842,8474861,+
chr13,8780458,8780472,+
chr13,8871076,8871092,+
chr13,9760664,9760684,+
chr13,9775858,9775874,+
chr13,10066388,10066402,+
chr13,10083600,10083640,+
chr13,12273022,12273051,+
chr13,12274588,12274602,+
chr13,12317169,12317186,+
chr13,12344393,12344430,+
chr13,12344490,12344511,+
chr13,12460637,12460659,+
chr13,12485164,12485213,+
chr13,13520376,13520428,+
chr13,13524602,13524622,+
chr13,13529332,13529362,+
chr13,13530840,13530854,+
chr13,13565053,13565075,+
chr13,13591136,13591155,+
chr13,14039883,14039897,+
chr13,14040014,14040033,+
chr13,14612643,14612675,+
chr13,14612730,14612813,+
chr13,14612814,14612830,+
chr13,14613200,14613225,+
chr13,17679640,17679717,+
chr13,17780242,17780256,+
chr13,17975966,17975992,+
chr13,18717130,18717144,+
chr13,19182237,19182256,+
chr13,19182875,19182901,+
chr13,19828403,19828417,+
chr13,20094753,20094772,+
chr13,20184008,20184025,+
chr13,20185072,20185110,+
chr13,21160768,21160782,+
chr13,21160960,21160974,+
chr13,21168050,21168072,+
chr13,21169500,21169524,+
chr13,21169556,21169570,+
chr13,21169662,21169678,+
chr13,21441277,21441330,+
chr13,21453404,21453423,+
chr13,21506712,21506726,+
chr13,21506734,21506753,+
chr13,21710487,21710502,+
chr13,21714825,21714840,+
chr13,21716270,21716284,+
chr13,21716808,21716831,+
chr13,21721981,21721997,+
chr13,21940594,21940618,+
chr13,21940782,21940802,+
chr13,21974458,21974502,+
chr13,21974624,21974643,+
chr13,21974950,21974983,+
chr13,21975149,21975168,+
chr13,22016069,22016084,+
chr13,22016087,22016101,+
chr13,22026464,22026480,+
chr13,22029128,22029155,+
chr13,22041937,22041962,+
chr13,22050318,22050338,+
chr13,22050467,22050481,+
chr13,22050514,22050528,+
chr13,22050533,22050557,+
chr13,22050905,22050945,+
chr13,23431237,23431274,+
chr13,23431528,23431543,+
chr13,23436237,23436263,+
chr13,23446070,23446089,+
chr13,23446314,23446333,+
chr13,23447016,23447065,+
chr13,23450816,23450844,+
chr13,23453364,23453386,+
chr13,23453879,23453908,+
chr13,23517305,23517395,+
chr13,23530323,23530339,+
chr13,23532130,23532156,+
chr13,23544120,23544139,+
chr13,23584866,23584885,+
chr13,23597818,23597834,+
chr13,23697265,23697285,+
chr13,23697303,23697345,+
chr13,23710359,23710375,+
chr13,23738487,23738501,+
chr13,23738582,23738596,+
chr13,23745698,23745720,+
chr13,23751018,23751032,+
chr13,23760824,23760840,+
chr13,23761242,23761258,+
chr13,24231078,24231109,+
chr13,24414961,24414977,+
chr13,24415025,24415041,+
chr13,24415117,24415133,+
chr13,24416547,24416568,+
chr13,24417946,24417962,+
chr13,24501446,24501462,+
chr13,24518263,24518296,+
chr13,24518312,24518339,+
chr13,24518353,24518369,+
chr13,24549498,24549513,+
chr13,24549959,24549978,+
chr13,24594727,24594776,+
chr13,24598059,24598075,+
chr13,24599190,24599206,+
chr13,24601546,24601568,+
chr13,24602805,24602821,+
chr13,24602961,24602986,+
chr13,24604481,24604507,+
chr13,24604576,24604606,+
chr13,24606794,24606810,+
chr13,24607251,24607280,+
chr13,24607303,24607319,+
chr13,24613540,24613562,+
chr13,24614145,24614167,+
chr13,24615976,24616011,+
chr13,24618829,24618845,+
chr13,24639761,24639780,+
chr13,24785998,24786017,+
chr13,24831232,24831246,+
chr13,24921277,24921291,+
chr13,24921303,24921317,+
chr13,28512482,28512501,+
chr13,28512986,28513014,+
chr13,28513023,28513039,+
chr13,28513105,28513121,+
chr13,28513246,28513266,+
chr13,28551133,28551147,+
chr13,28552154,28552171,+
chr13,28684915,28684942,+
chr13,28720183,28720199,+
chr13,28757238,28757262,+
chr13,28951142,28951165,+
chr13,28951339,28951374,+
chr13,29488692,29488815,+
chr13,29756203,29756217,+
chr13,29769689,29769718,+
chr13,30166659,30166685,+
chr13,30197998,30198035,+
chr13,30545583,30545609,+
chr13,30570517,30570535,+
chr13,30733077,30733103,+
chr13,30733376,30733401,+
chr13,30747714,30747759,+
chr13,30748263,30748282,+
chr13,30792309,30792363,+
chr13,30834731,30834759,+
chr13,30933194,30933209,+
chr13,30933420,30933440,+
chr13,30972509,30972537,+
chr13,31503446,31503473,+
chr13,31504358,31504399,+
chr13,31505068,31505082,+
chr13,32339386,32339402,+
chr13,32833580,32833599,+
chr13,32966512,32966534,+
chr13,33965574,33965624,+
chr13,34002218,34002237,+
chr13,34090584,34090600,+
chr13,34837803,34837835,+
chr13,34838122,34838166,+
chr13,34874605,34874619,+
chr13,34914888,34914902,+
chr13,34993423,34993477,+
chr13,36117162,36117220,+
chr13,36117261,36117280,+
chr13,36807780,36807802,+
chr13,36808106,36808125,+
chr13,36808293,36808307,+
chr13,36955241,36955264,+
chr13,37148535,37148549,+
chr13,37148587,37148602,+
chr13,37148717,37148739,+
chr13,37434475,37434494,+
chr13,37532896,37532918,+
chr13,37538137,37538166,+
chr13,37994458,37994484,+
chr13,38036723,38036758,+
chr13,38937047,38937071,+
chr13,38938819,38938839,+
chr13,41000826,41000870,+
chr13,41249322,41249336,+
chr13,41359218,41359235,+
chr13,41372510,41372530,+
chr13,41487897,41487912,+
chr13,41583907,41583921,+
chr13,41929930,41929946,+
chr13,41932130,41932144,+
chr13,41932891,41932910,+
chr13,41946318,41946346,+
chr13,41948869,41948905,+
chr13,42050040,42050064,+
chr13,42050212,42050245,+
chr13,42103511,42103527,+
chr13,43269471,43269485,+
chr13,43304450,43304466,+
chr13,43442732,43442751,+
chr13,43452259,43452297,+
chr13,43550356,43550370,+
chr13,43554772,43554808,+
chr13,43898502,43898518,+
chr13,43932161,43932177,+
chr13,43962235,43962254,+
chr13,44088661,44088676,+
chr13,44292795,44292809,+
chr13,44594032,44594046,+
chr13,44594221,44594242,+
chr13,44635177,44635191,+
chr13,44635267,44635315,+
chr13,44811888,44811907,+
chr13,44985378,44985403,+
chr13,44985476,44985495,+
chr13,45048634,45048743,+
chr13,45048744,45049115,+
chr13,45156552,45156575,+
chr13,45157319,45157335,+
chr13,45371668,45371718,+
chr13,45371870,45371889,+
chr13,45391627,45391649,+
chr13,45392036,45392052,+
chr13,45442818,45442834,+
chr13,45691941,45691989,+
chr13,45852456,45852475,+
chr13,45870130,45870149,+
chr13,45870595,45870615,+
chr13,45875518,45875537,+
chr13,45876065,45876081,+
chr13,45876306,45876320,+
chr13,45876639,45876659,+
chr13,45877335,45877360,+
chr13,45889626,45889641,+
chr13,45903668,45903708,+
chr13,45922882,45922901,+
chr13,45962983,45963002,+
chr13,45963147,45963176,+
chr13,45963356,45963375,+
chr13,45966471,45966509,+
chr13,46340292,46340311,+
chr13,46360513,46360532,+
chr13,46360540,46360554,+
chr13,46616564,46616582,+
chr13,46618935,46618949,+
chr13,46619172,46619209,+
chr13,46619238,46619252,+
chr13,46725114,46725146,+
chr13,46730616,46730644,+
chr13,46734162,46734184,+
chr13,46735160,46735215,+
chr13,46735744,46735758,+
chr13,46735987,46736001,+
chr13,46736533,46736561,+
chr13,46736879,46736901,+
chr13,46780151,46780175,+
chr13,46798207,46798239,+
chr13,46923227,46923257,+
chr13,47021637,47021766,+
chr13,48513643,48513671,+
chr13,48863650,48863669,+
chr13,48863997,48864026,+
chr13,48869740,48869759,+
chr13,48978003,48978017,+
chr13,48978018,48978032,+
chr13,48994859,48994874,+
chr13,49090412,49090431,+
chr13,49247664,49247679,+
chr13,49681836,49681856,+
chr13,51637795,51637822,+
chr13,51638445,51638464,+
chr13,51644743,51644757,+
chr13,51736745,51736759,+
chr13,51749389,51749423,+
chr13,51749604,51749637,+
chr13,51753936,51753955,+
chr13,51754115,51754141,+
chr13,51755886,51755905,+
chr13,51757272,51757292,+
chr13,51757392,51757416,+
chr13,51763795,51763832,+
chr13,51768027,51768055,+
chr13,51775403,51775417,+
chr13,51775506,51775543,+
chr13,51792533,51792547,+
chr13,51800563,51800585,+
chr13,51800651,51800680,+
chr13,51816290,51816310,+
chr13,51846296,51846321,+
chr13,51886134,51886174,+
chr13,51958775,51958806,+
chr13,51958807,51958874,+
chr13,51964483,51964499,+
chr13,52003991,52004011,+
chr13,52024790,52024821,+
chr13,52084566,52084585,+
chr13,52165762,52165781,+
chr13,52628066,52628082,+
chr13,52628088,52628102,+
chr13,52635894,52635908,+
chr13,52922178,52922197,+
chr13,52929120,52929134,+
chr13,52930099,52930115,+
chr13,52983105,52983122,+
chr13,54187731,54187765,+
chr13,54188230,54188258,+
chr13,54188261,54188284,+
chr13,54209581,54209600,+
chr13,54687232,54687254,+
chr13,54688592,54688615,+
chr13,54988116,54988132,+
chr13,54988160,54988176,+
chr13,55017405,55017421,+
chr13,55018147,55018166,+
chr13,55018474,55018490,+
chr13,55099866,55099880,+
chr13,55100413,55100432,+
chr13,55105149,55105173,+
chr13,55328176,55328198,+
chr13,55431541,55431577,+
chr13,55592821,55592841,+
chr13,55600533,55600547,+
chr13,55716378,55716397,+
chr13,55726875,55726891,+
chr13,55726901,55726939,+
chr13,55727054,55727077,+
chr13,55727643,55727662,+
chr13,55727717,55727736,+
chr13,56141693,56141708,+
chr13,56153732,56153794,+
chr13,56476788,56476807,+
chr13,56546214,56546228,+
chr13,56546334,56546578,+
chr13,58126506,58126526,+
chr13,58126838,58126857,+
chr13,58126936,58126950,+
chr13,58127189,58127204,+
chr13,58158184,58158200,+
chr13,58158252,58158271,+
chr13,58158357,58158373,+
chr13,58359703,58359722,+
chr13,58472031,58472050,+
chr13,59584869,59584891,+
chr13,59584922,59584936,+
chr13,59585014,59585033,+
chr13,59656773,59656788,+
chr13,59668420,59668436,+
chr13,59669130,59669152,+
chr13,59669237,59669261,+
chr13,59672462,59672476,+
chr13,59790097,59790167,+
chr13,59822300,59822314,+
chr13,59841172,59841208,+
chr13,60839446,60839495,+
chr13,60839678,60839739,+
chr13,60848591,60848611,+
chr13,60848682,60848696,+
chr13,60848785,60848812,+
chr13,60849061,60849080,+
chr13,60849293,60849308,+
chr13,60849643,60849730,+
chr13,60849823,60849845,+
chr13,62383131,62383150,+
chr13,62466758,62466782,+
chr13,62558538,62558557,+
chr13,62624089,62624108,+
chr13,62653154,62653173,+
chr13,62684889,62684908,+
chr13,62785737,62785756,+
chr13,62856254,62856270,+
chr13,63223775,63223820,+
chr13,63223838,63223855,+
chr13,63411254,63411276,+
chr13,63431004,63431028,+
chr13,63528175,63528189,+
chr13,63528871,63528917,+
chr13,63562623,63562658,+
chr13,63567489,63567521,+
chr13,63567730,63567763,+
chr13,63814733,63814747,+
chr13,63886797,63886836,+
chr13,64129644,64129671,+
chr13,64161328,64161342,+
chr13,64250388,64250407,+
chr13,64252806,64252826,+
chr13,64253042,64253057,+
chr13,64299301,64299316,+
chr13,64299378,64299392,+
chr13,64300125,64300144,+
chr13,64300218,64300239,+
chr13,66932544,66932565,+
chr13,67060596,67060618,+
chr13,67081514,67081540,+
chr13,67269753,67269793,+
chr13,67269798,67269817,+
chr13,67526475,67526491,+
chr13,67553483,67553499,+
chr13,67729607,67729626,+
chr13,67892633,67892647,+
chr13,73603841,73603860,+
chr13,73702470,73702493,+
chr13,73703388,73703412,+
chr13,73704271,73704285,+
chr13,73714380,73714395,+
chr13,73725089,73725115,+
chr13,73737878,73737894,+
chr13,74208324,74208344,+
chr13,74209186,74209218,+
chr13,74462670,74462684,+
chr13,74617291,74617305,+
chr13,74639121,74639137,+
chr13,74639307,74639337,+
chr13,74639613,74639639,+
chr13,74769797,74769822,+
chr13,74770420,74770438,+
chr13,74770927,74770942,+
chr13,74963595,74963674,+
chr13,74963751,74963765,+
chr13,74963781,74963797,+
chr13,75034757,75034777,+
chr13,75034854,75034868,+
chr13,75266112,75266193,+
chr13,75824705,75824719,+
chr13,75844298,75844312,+
chr13,76019365,76019385,+
chr13,76098482,76098497,+
chr13,76098607,76098623,+
chr13,77710539,77710589,+
chr13,80874795,80874814,+
chr13,80875098,80875112,+
chr13,80875171,80875187,+
chr13,80881747,80881761,+
chr13,80882240,80882260,+
chr13,80886688,80886704,+
chr13,81176084,81176121,+
chr13,81351631,81351650,+
chr13,81351817,81351837,+
chr13,81352292,81352316,+
chr13,81352348,81352362,+
chr13,81658152,81658174,+
chr13,81675823,81675845,+
chr13,81711439,81711454,+
chr13,85189183,85189215,+
chr13,85289020,85289043,+
chr13,85289855,85289874,+
chr13,85508140,85508159,+
chr13,85552520,85552563,+
chr13,85552596,85552616,+
chr13,85552788,85552804,+
chr13,85552830,85552895,+
chr13,85553023,85553037,+
chr13,85553045,85553059,+
chr13,85553132,85553151,+
chr13,85556534,85556553,+
chr13,89127164,89127304,+
chr13,89418868,89418888,+
chr13,89428320,89428334,+
chr13,89428615,89428629,+
chr13,90922687,90922715,+
chr13,91093986,91094016,+
chr13,91223433,91223447,+
chr13,91377526,91377542,+
chr13,91451629,91451650,+
chr13,91451714,91451756,+
chr13,91452984,91453023,+
chr13,91453256,91453275,+
chr13,91462510,91462526,+
chr13,91462680,91462727,+
chr13,91463095,91463115,+
chr13,91484311,91484357,+
chr13,91541353,91541375,+
chr13,91815001,91815025,+
chr13,91827941,91827955,+
chr13,92353812,92353826,+
chr13,92483545,92483579,+
chr13,92483586,92483600,+
chr13,92483863,92483888,+
chr13,93072864,93072883,+
chr13,93192294,93192308,+
chr13,93192745,93192765,+
chr13,93341107,93341129,+
chr13,93341181,93341203,+
chr13,93593875,93593889,+
chr13,93593894,93593917,+
chr13,93763273,93763287,+
chr13,93890913,93890978,+
chr13,93893982,93893998,+
chr13,93894044,93894063,+
chr13,93894216,93894230,+
chr13,93898509,93898528,+
chr13,94285731,94285750,+
chr13,95449409,95449433,+
chr13,95449490,95449511,+
chr13,95449939,95449965,+
chr13,95520933,95520947,+
chr13,95521347,95521370,+
chr13,95521467,95521481,+
chr13,95593121,95593150,+
chr13,95617387,95617409,+
chr13,95618737,95618751,+
chr13,95713530,95713550,+
chr13,95892796,95892810,+
chr13,95960855,95960874,+
chr13,95963839,95963859,+
chr13,95964678,95964730,+
chr13,95987930,95987946,+
chr13,96387912,96387936,+
chr13,96432076,96432098,+
chr13,96432173,96432189,+
chr13,96492196,96492212,+
chr13,96492267,96492365,+
chr13,96492397,96492416,+
chr13,96671356,96671372,+
chr13,96956304,96956318,+
chr13,96965048,96965071,+
chr13,97162213,97162273,+
chr13,97162327,97162379,+
chr13,97162433,97162487,+
chr13,97242716,97242735,+
chr13,97287134,97287148,+
chr13,97287584,97287603,+
chr13,97439901,97439915,+
chr13,97442784,97442798,+
chr13,97789888,97789907,+
chr13,98814304,98814320,+
chr13,98815606,98815631,+
chr13,98925807,98925826,+
chr13,98944420,98944439,+
chr13,99269613,99269687,+
chr13,99932946,99932962,+
chr13,99933640,99933659,+
chr13,100594694,100594720,+
chr13,100594757,100594784,+
chr13,100670183,100670206,+
chr13,100742094,100742186,+
chr13,101538092,101538108,+
chr13,101538426,101538451,+
chr13,101659495,101659511,+
chr13,101694346,101694366,+
chr13,101694437,101694453,+
chr13,101696808,101696824,+
chr13,101696846,101696861,+
chr13,101696995,101697017,+
chr13,101697212,101697228,+
chr13,101701917,101701946,+
chr13,101702107,101702126,+
chr13,101706879,101706920,+
chr13,101711907,101711928,+
chr13,101712032,101712067,+
chr13,101713772,101713791,+
chr13,101713939,101713968,+
chr13,101719614,101719630,+
chr13,101729659,101729685,+
chr13,101759063,101759083,+
chr13,101759136,101759150,+
chr13,101759399,101759418,+
chr13,101946854,101946950,+
chr13,102905807,102905838,+
chr13,102906306,102906320,+
chr13,102906557,102906574,+
chr13,103773762,103773781,+
chr13,103773935,103773951,+
chr13,103774925,103774940,+
chr13,103919325,103919342,+
chr13,103919610,103919630,+
chr13,103919791,103919811,+
chr13,103920209,103920242,+
chr13,104012539,104012555,+
chr13,104055480,104055535,+
chr13,104123077,104123142,+
chr13,104139906,104139937,+
chr13,104222966,104222983,+
chr13,104285667,104285685,+
chr13,104286302,104286360,+
chr13,104286677,104286705,+
chr13,104287691,104287713,+
chr13,104938064,104938117,+
chr13,105067064,105067080,+
chr13,107094461,107094502,+
chr13,107523134,107523157,+
chr13,107867018,107867033,+
chr13,107867107,107867147,+
chr13,107868764,107868779,+
chr13,107897189,107897205,+
chr13,107903904,107903926,+
chr13,107955798,107955824,+
chr13,108170131,108170167,+
chr13,108297132,108297205,+
chr13,108297892,108297906,+
chr13,108298809,108298851,+
chr13,108426433,108426482,+
chr13,108453087,108453155,+
chr13,108596758,108596772,+
chr13,108597317,108597334,+
chr13,108762867,108762911,+
chr13,109209633,109209649,+
chr13,109230095,109230122,+
chr13,109231143,109231197,+
chr13,109440786,109440806,+
chr13,109546196,109546211,+
chr13,109546300,109546324,+
chr13,109547167,109547191,+
chr13,109820191,109820207,+
chr13,109822781,109822795,+
chr13,109823026,109823045,+
chr13,109824557,109824575,+
chr13,109837320,109837391,+
chr13,109838427,109838449,+
chr13,109902801,109902825,+
chr13,110018943,110018982,+
chr13,111771143,111771165,+
chr13,111771167,111771181,+
chr13,111796978,111797006,+
chr13,111797087,111797101,+
chr13,111797402,111797416,+
chr13,111807507,111807521,+
chr13,111808323,111808337,+
chr13,111867319,111867334,+
chr13,111867949,111867963,+
chr13,111895384,111895518,+
chr13,111977726,111977740,+
chr13,112000935,112000949,+
chr13,112002191,112002206,+
chr13,112287946,112287968,+
chr13,112287982,112288002,+
chr13,112289151,112289170,+
chr13,112416435,112416476,+
chr13,112419968,112419984,+
chr13,112425961,112426008,+
chr13,112426093,112426118,+
chr13,112426279,112426298,+
chr13,112427372,112427404,+
chr13,112428353,112428369,+
chr13,112433216,112433235,+
chr13,112433801,112433815,+
chr13,112433870,112433884,+
chr13,112439348,112439367,+
chr13,112467483,112467497,+
chr13,112467752,112467771,+
chr13,112474275,112474289,+
chr13,113614865,113614879,+
chr13,113635791,113635811,+
chr13,113870266,113870311,+
chr13,113870473,113870493,+
chr13,114387363,114387409,+
chr13,114580536,114580580,+
chr13,114580587,114580623,+
chr13,114831853,114831877,+
chr13,114831936,114831972,+
chr13,114915634,114915714,+
chr13,117023476,117023498,+
chr13,117023974,117023993,+
chr13,117024069,117024101,+
chr13,117048589,117048603,+
chr13,117051546,117051565,+
chr13,117053519,117053616,+
chr13,117053793,117053812,+
chr13,117054002,117054023,+
chr13,117054153,117054177,+
chr13,117054619,117054650,+
chr13,117055078,117055098,+
chr13,117188877,117188942,+
chr13,117196105,117196125,+
chr13,117211350,117211372,+
chr13,117215835,117215857,+
chr13,117216536,117216555,+
chr13,117216556,117216577,+
chr13,117216758,117216788,+
chr13,117216832,117216846,+
chr13,117219287,117219323,+
chr13,117219407,117219423,+
chr13,117220179,117220201,+
chr13,117221525,117221541,+
chr13,117284058,117284077,+
chr13,117390268,117390283,+
chr13,118387686,118387726,+
chr13,119632098,119632112,+
chr13,119790336,119790372,+
chr13,120299637,120299652,+
chr13,3526591,3526607,-
chr13,3526681,3526718,-
chr13,3637095,3637125,-
chr13,3637218,3637235,-
chr13,3918446,3918468,-
chr13,4942342,4942360,-
chr13,4943072,4943091,-
chr13,5757043,5757058,-
chr13,5757916,5757939,-
chr13,5806160,5806220,-
chr13,5845901,5845917,-
chr13,5846219,5846236,-
chr13,5862100,5862130,-
chr13,5862300,5862334,-
chr13,5862450,5862464,-
chr13,5864661,5864696,-
chr13,6547850,6547870,-
chr13,8055077,8055176,-
chr13,8450983,8451048,-
chr13,8451074,8451171,-
chr13,8451197,8451479,-
chr13,8458083,8458123,-
chr13,8458277,8458300,-
chr13,8831992,8832007,-
chr13,9425999,9426065,-
chr13,9762962,9762982,-
chr13,9763005,9763028,-
chr13,9776193,9776209,-
chr13,10065733,10065748,-
chr13,10066245,10066265,-
chr13,10287414,10287472,-
chr13,10287487,10287509,-
chr13,12274078,12274097,-
chr13,12274340,12274370,-
chr13,12274606,12274630,-
chr13,12278141,12278155,-
chr13,12278336,12278350,-
chr13,12278472,12278487,-
chr13,12349765,12349823,-
chr13,12485243,12485262,-
chr13,12507974,12507989,-
chr13,12575000,12575020,-
chr13,13524226,13524241,-
chr13,13529731,13529745,-
chr13,13559238,13559257,-
chr13,13564135,13564154,-
chr13,13565368,13565388,-
chr13,13609714,13609729,-
chr13,14065400,14065419,-
chr13,15846207,15846226,-
chr13,19162496,19162515,-
chr13,19395376,19395408,-
chr13,19396225,19396241,-
chr13,19396263,19396277,-
chr13,19828117,19828136,-
chr13,20092621,20092635,-
chr13,20092807,20092835,-
chr13,20098319,20098342,-
chr13,20184222,20184238,-
chr13,20184509,20184531,-
chr13,20306437,20306457,-
chr13,20502466,20502486,-
chr13,20538534,20538570,-
chr13,21161494,21161533,-
chr13,21167441,21167455,-
chr13,21168206,21168222,-
chr13,21168253,21168272,-
chr13,21169824,21169839,-
chr13,21170131,21170154,-
chr13,21172427,21172451,-
chr13,21200316,21200339,-
chr13,21200796,21200824,-
chr13,21367026,21367065,-
chr13,21453857,21453873,-
chr13,21470695,21470754,-
chr13,21710651,21710670,-
chr13,21710831,21710847,-
chr13,21919506,21919531,-
chr13,21935340,21935403,-
chr13,21935410,21935426,-
chr13,21935434,21935458,-
chr13,21940203,21940217,-
chr13,21974646,21974662,-
chr13,21974739,21974758,-
chr13,21975416,21975435,-
chr13,22015720,22015739,-
chr13,22026324,22026338,-
chr13,22026380,22026396,-
chr13,22026623,22026664,-
chr13,22029102,22029127,-
chr13,22029388,22029402,-
chr13,22031756,22031821,-
chr13,22035779,22035793,-
chr13,22035849,22035878,-
chr13,22040950,22040964,-
chr13,22041748,22041767,-
chr13,23424090,23424107,-
chr13,23431184,23431198,-
chr13,23433188,23433207,-
chr13,23436416,23436443,-
chr13,23437073,23437093,-
chr13,23438766,23438788,-
chr13,23445508,23445542,-
chr13,23446962,23446981,-
chr13,23446988,23447002,-
chr13,23450585,23450601,-
chr13,23453579,23453616,-
chr13,23454011,23454064,-
chr13,23454202,23454216,-
chr13,23500803,23500818,-
chr13,23518312,23518326,-
chr13,23519368,23519387,-
chr13,23530446,23530460,-
chr13,23531654,23531670,-
chr13,23544059,23544083,-
chr13,23554873,23554895,-
chr13,23556338,23556352,-
chr13,23562951,23562967,-
chr13,23571879,23571898,-
chr13,23597986,23598029,-
chr13,23598251,23598289,-
chr13,23698759,23698789,-
chr13,23740119,23740133,-
chr13,23740150,23740174,-
chr13,23740181,23740210,-
chr13,23740350,23740364,-
chr13,23745677,23745696,-
chr13,23746035,23746051,-
chr13,23761754,23761768,-
chr13,23762476,23762490,-
chr13,23762532,23762550,-
chr13,23762658,23762673,-
chr13,24246386,24246405,-
chr13,24246502,24246524,-
chr13,24374163,24374177,-
chr13,24376232,24376248,-
chr13,24413646,24413661,-
chr13,24413673,24413694,-
chr13,24415166,24415254,-
chr13,24415657,24415671,-
chr13,24417580,24417600,-
chr13,24417989,24418014,-
chr13,24418070,24418089,-
chr13,24419593,24419608,-
chr13,24419749,24419763,-
chr13,24501517,24501532,-
chr13,24503121,24503190,-
chr13,24550656,24550705,-
chr13,24588833,24588849,-
chr13,24597595,24597609,-
chr13,24597612,24597628,-
chr13,24597946,24598020,-
chr13,24600188,24600204,-
chr13,24600478,24600512,-
chr13,24604630,24604645,-
chr13,24604712,24604738,-
chr13,24605307,24605339,-
chr13,24605630,24605665,-
chr13,24606214,24606259,-
chr13,24606866,24606882,-
chr13,24607088,24607183,-
chr13,24613759,24613799,-
chr13,24615511,24615526,-
chr13,24616488,24616502,-
chr13,24617359,24617393,-
chr13,24620353,24620367,-
chr13,24634727,24634743,-
chr13,24640033,24640095,-
chr13,24640810,24640825,-
chr13,24682373,24682389,-
chr13,24779734,24779763,-
chr13,24786210,24786229,-
chr13,24800552,24800582,-
chr13,24801169,24801199,-
chr13,24921441,24921461,-
chr13,28417772,28417791,-
chr13,28502568,28502582,-
chr13,28512186,28512205,-
chr13,28512283,28512302,-
chr13,28513207,28513226,-
chr13,28551674,28551688,-
chr13,28724608,28724622,-
chr13,28758507,28758523,-
chr13,29780888,29780907,-
chr13,29780921,29780940,-
chr13,29983979,29983995,-
chr13,30166481,30166497,-
chr13,30167891,30167975,-
chr13,30167979,30167999,-
chr13,30168001,30168066,-
chr13,30168067,30168083,-
chr13,30192362,30192377,-
chr13,30198052,30198071,-
chr13,30570276,30570290,-
chr13,30681681,30681696,-
chr13,30721773,30721846,-
chr13,30767442,30767487,-
chr13,31503839,31503859,-
chr13,32801631,32801647,-
chr13,32801687,32801719,-
chr13,32965836,32965893,-
chr13,32965996,32966020,-
chr13,33004130,33004144,-
chr13,34003139,34003154,-
chr13,34037510,34037524,-
chr13,34090415,34090430,-
chr13,34090701,34090726,-
chr13,34837517,34837533,-
chr13,34838201,34838220,-
chr13,34875007,34875022,-
chr13,34875044,34875058,-
chr13,35131951,35131965,-
chr13,35790730,35790749,-
chr13,35795249,35795267,-
chr13,36118111,36118181,-
chr13,36789596,36789616,-
chr13,37007632,37007646,-
chr13,37022099,37022154,-
chr13,37120299,37120313,-
chr13,37413655,37413743,-
chr13,37619745,37619814,-
chr13,37658145,37658164,-
chr13,37658302,37658318,-
chr13,37751480,37751500,-
chr13,37751528,37751549,-
chr13,37801703,37801740,-
chr13,37802053,37802084,-
chr13,37803561,37803598,-
chr13,37826237,37826251,-
chr13,37870490,37870517,-
chr13,37880690,37880704,-
chr13,40922733,40922759,-
chr13,40922794,40922831,-
chr13,41016000,41016014,-
chr13,41249498,41249512,-
chr13,41372973,41372995,-
chr13,41381644,41381663,-
chr13,41381678,41381693,-
chr13,41381719,41381738,-
chr13,41382104,41382126,-
chr13,41487396,41487410,-
chr13,41487719,41487754,-
chr13,41606633,41606653,-
chr13,41932803,41932840,-
chr13,41948230,41948250,-
chr13,41948442,41948456,-
chr13,41948569,41948626,-
chr13,41949416,41949448,-
chr13,41949467,41949483,-
chr13,42049272,42049301,-
chr13,42049356,42049370,-
chr13,42050366,42050385,-
chr13,42050416,42050431,-
chr13,42052987,42053006,-
chr13,42061297,42061316,-
chr13,42102954,42102968,-
chr13,42103873,42103910,-
chr13,43177459,43177474,-
chr13,43365568,43365587,-
chr13,43398123,43398139,-
chr13,43442767,43442786,-
chr13,43450674,43450700,-
chr13,43453557,43453571,-
chr13,43453572,43453611,-
chr13,43454717,43454732,-
chr13,43796123,43796226,-
chr13,43906364,43906383,-
chr13,43962065,43962085,-
chr13,43962091,43962111,-
chr13,43962361,43962375,-
chr13,44507263,44507283,-
chr13,44507455,44507509,-
chr13,44593272,44593874,-
chr13,44593887,44593956,-
chr13,44593963,44593987,-
chr13,44731538,44731579,-
chr13,44732276,44732291,-
chr13,44732618,44732637,-
chr13,44732672,44732707,-
chr13,44732711,44732728,-
chr13,44733351,44733388,-
chr13,44800315,44800347,-
chr13,44811266,44811305,-
chr13,44816047,44816061,-
chr13,44816160,44816179,-
chr13,45156854,45156868,-
chr13,45372064,45372101,-
chr13,45389342,45389361,-
chr13,45391546,45391590,-
chr13,45391932,45391957,-
chr13,45443251,45443266,-
chr13,45455657,45455679,-
chr13,45496416,45496471,-
chr13,45693387,45693406,-
chr13,45852109,45852169,-
chr13,45870345,45870361,-
chr13,45871842,45871861,-
chr13,45876376,45876390,-
chr13,45883261,45883277,-
chr13,45885323,45885339,-
chr13,45924476,45924497,-
chr13,46335945,46336044,-
chr13,46336065,46336080,-
chr13,46337997,46338017,-
chr13,46339636,46339650,-
chr13,46339984,46340000,-
chr13,46340479,46340495,-
chr13,46616876,46616898,-
chr13,46617229,46617251,-
chr13,46619209,46619225,-
chr13,46619553,46619569,-
chr13,46690874,46690898,-
chr13,46724877,46724893,-
chr13,46734252,46734289,-
chr13,46737080,46737105,-
chr13,46737136,46737160,-
chr13,46737356,46737376,-
chr13,46737387,46737423,-
chr13,46738217,46738231,-
chr13,46930556,46930575,-
chr13,47056332,47056351,-
chr13,47056434,47056448,-
chr13,48516181,48516207,-
chr13,48977788,48977804,-
chr13,48978367,48978382,-
chr13,48979198,48979217,-
chr13,49307970,49308000,-
chr13,49653145,49653160,-
chr13,51101609,51101633,-
chr13,51101734,51101750,-
chr13,51595996,51596052,-
chr13,51596251,51596270,-
chr13,51738462,51738497,-
chr13,51755194,51755227,-
chr13,51781276,51781295,-
chr13,51792673,51792708,-
chr13,51801466,51801482,-
chr13,51814217,51814232,-
chr13,51816166,51816190,-
chr13,51886341,51886355,-
chr13,51951050,51951070,-
chr13,51958480,51958496,-
chr13,51958879,51958895,-
chr13,51964375,51964394,-
chr13,52026668,52026700,-
chr13,52026768,52026784,-
chr13,52085570,52085589,-
chr13,52085630,52085649,-
chr13,52144408,52144427,-
chr13,52165661,52165690,-
chr13,52538189,52538208,-
chr13,52635703,52635727,-
chr13,52635810,52635826,-
chr13,52828223,52828269,-
chr13,52829218,52829234,-
chr13,52829808,52829865,-
chr13,52981416,52981438,-
chr13,52998677,52998693,-
chr13,54188279,54188294,-
chr13,54189030,54189065,-
chr13,54468991,54469039,-
chr13,54469043,54469063,-
chr13,55017934,55017957,-
chr13,55018221,55018263,-
chr13,55018281,55018300,-
chr13,55185589,55185608,-
chr13,55185621,55185636,-
chr13,55185697,55185724,-
chr13,55185745,55185780,-
chr13,55368713,55368744,-
chr13,55405986,55406000,-
chr13,55432536,55432560,-
chr13,55432713,55432729,-
chr13,55432781,55432811,-
chr13,55443548,55443564,-
chr13,55443963,55443978,-
chr13,55447264,55447283,-
chr13,55447641,55447655,-
chr13,55448276,55448300,-
chr13,55465056,55465077,-
chr13,55600650,55600678,-
chr13,55600742,55600770,-
chr13,56151488,56151503,-
chr13,56153541,56153566,-
chr13,56153574,56153590,-
chr13,56153652,56153666,-
chr13,56476281,56476295,-
chr13,56507396,56507415,-
chr13,56546048,56546066,-
chr13,56546577,56546591,-
chr13,58216017,58216031,-
chr13,59584821,59584845,-
chr13,59584974,59584994,-
chr13,59585425,59585440,-
chr13,59704583,59704603,-
chr13,59823515,59823529,-
chr13,59840818,59840851,-
chr13,60839060,60839074,-
chr13,60839112,60839136,-
chr13,60839321,60839335,-
chr13,60848878,60848892,-
chr13,60849234,60849248,-
chr13,60855122,60855138,-
chr13,61804328,61804352,-
chr13,62129956,62129975,-
chr13,63223202,63223226,-
chr13,63249048,63249087,-
chr13,63249799,63249815,-
chr13,63249891,63249915,-
chr13,63250295,63250309,-
chr13,63410898,63410919,-
chr13,63411079,63411098,-
chr13,63411113,63411127,-
chr13,63431659,63431683,-
chr13,63432091,63432105,-
chr13,63528832,63528846,-
chr13,63562981,63563000,-
chr13,63566551,63566571,-
chr13,63567605,63567619,-
chr13,63574022,63574082,-
chr13,63815821,63815835,-
chr13,63815883,63815906,-
chr13,64129546,64129579,-
chr13,64153765,64153803,-
chr13,64153934,64153948,-
chr13,64250620,64250674,-
chr13,64252517,64252533,-
chr13,64299395,64299432,-
chr13,64299668,64299684,-
chr13,64312040,64312062,-
chr13,65241097,65241118,-
chr13,65241426,65241445,-
chr13,65278407,65278426,-
chr13,66932619,66932638,-
chr13,67269141,67269156,-
chr13,67306749,67306763,-
chr13,67484500,67484516,-
chr13,67484762,67484777,-
chr13,67638067,67638101,-
chr13,67683819,67683854,-
chr13,67831415,67831475,-
chr13,68297622,68297646,-
chr13,68297676,68297696,-
chr13,73328712,73328753,-
chr13,73690822,73690860,-
chr13,73709853,73709867,-
chr13,73736828,73736847,-
chr13,73737415,73737431,-
chr13,73737601,73737615,-
chr13,73738998,73739014,-
chr13,73739961,73739977,-
chr13,73740123,73740137,-
chr13,73773132,73773151,-
chr13,73773515,73773530,-
chr13,74209044,74209060,-
chr13,74638980,74638996,-
chr13,74639012,74639028,-
chr13,75825047,75825061,-
chr13,75825595,75825609,-
chr13,75825632,75825654,-
chr13,75825656,75825675,-
chr13,76018856,76018875,-
chr13,80874892,80874950,-
chr13,80875150,80875164,-
chr13,80882101,80882122,-
chr13,80882161,80882177,-
chr13,80882203,80882222,-
chr13,80882889,80882903,-
chr13,80882946,80882965,-
chr13,80883603,80883617,-
chr13,80883627,80883644,-
chr13,80884993,80885017,-
chr13,80886507,80886521,-
chr13,80886657,80886672,-
chr13,81175961,81175977,-
chr13,81347533,81347547,-
chr13,81352084,81352104,-
chr13,81784029,81784043,-
chr13,81784140,81784162,-
chr13,81793778,81793810,-
chr13,82964795,82964876,-
chr13,83712494,83712618,-
chr13,85479534,85479562,-
chr13,85505216,85505232,-
chr13,85505254,85505269,-
chr13,85507225,85507242,-
chr13,85507276,85507300,-
chr13,85507307,85507332,-
chr13,85509807,85509824,-
chr13,85519147,85519171,-
chr13,85519324,85519338,-
chr13,85552705,85552724,-
chr13,85556161,85556214,-
chr13,85556424,85556439,-
chr13,85556490,85556509,-
chr13,89127465,89127489,-
chr13,89428559,89428578,-
chr13,91094561,91094580,-
chr13,91223451,91223489,-
chr13,91223737,91223751,-
chr13,91370834,91370868,-
chr13,91371377,91371392,-
chr13,91377276,91377366,-
chr13,91377595,91377609,-
chr13,91451809,91451823,-
chr13,91463016,91463035,-
chr13,91463149,91463168,-
chr13,91484057,91484071,-
chr13,91484403,91484418,-
chr13,91484664,91484680,-
chr13,91484949,91484983,-
chr13,91485798,91485822,-
chr13,91486000,91486015,-
chr13,91509231,91509250,-
chr13,91509790,91509809,-
chr13,91540741,91540757,-
chr13,91541181,91541203,-
chr13,91541627,91541649,-
chr13,91636158,91636273,-
chr13,91637037,91637056,-
chr13,91827580,91827594,-
chr13,91827895,91827910,-
chr13,92354068,92354104,-
chr13,92671859,92671879,-
chr13,92671896,92671915,-
chr13,93073778,93073797,-
chr13,93093548,93093562,-
chr13,93095178,93095202,-
chr13,93545795,93545852,-
chr13,93593294,93593308,-
chr13,93593931,93593953,-
chr13,93875569,93875589,-
chr13,93894141,93894155,-
chr13,93921830,93921880,-
chr13,93922608,93922625,-
chr13,93922917,93922951,-
chr13,93922962,93922976,-
chr13,93939733,93939747,-
chr13,93939815,93939836,-
chr13,94109581,94109653,-
chr13,94400640,94400656,-
chr13,94976224,94976240,-
chr13,94976824,94976840,-
chr13,95684922,95684937,-
chr13,95712849,95712863,-
chr13,95943104,95943120,-
chr13,95962431,95962461,-
chr13,95962496,95962510,-
chr13,95964344,95964363,-
chr13,96388038,96388053,-
chr13,97138295,97138311,-
chr13,97238833,97238854,-
chr13,97240098,97240150,-
chr13,97240197,97240227,-
chr13,97242468,97242482,-
chr13,97242593,97242607,-
chr13,97287283,97287303,-
chr13,97287340,97287359,-
chr13,97287563,97287582,-
chr13,97406886,97406908,-
chr13,97848282,97848301,-
chr13,97853190,97853209,-
chr13,97939214,97939236,-
chr13,100594793,100594812,-
chr13,100670097,100670112,-
chr13,100670443,100670457,-
chr13,100731120,100731134,-
chr13,100731215,100731229,-
chr13,100731264,100731309,-
chr13,101540739,101540754,-
chr13,101658514,101658542,-
chr13,101659340,101659359,-
chr13,101664034,101664053,-
chr13,101668888,101668942,-
chr13,101706363,101706388,-
chr13,101710517,101710533,-
chr13,101710553,101710569,-
chr13,101713967,101713983,-
chr13,101714103,101714143,-
chr13,102827335,102827354,-
chr13,102834137,102834156,-
chr13,103919415,103919435,-
chr13,103919492,103919521,-
chr13,104012602,104012624,-
chr13,104055578,104055597,-
chr13,104123016,104123031,-
chr13,104123290,104123318,-
chr13,104123332,104123369,-
chr13,104178553,104178576,-
chr13,104285975,104285991,-
chr13,104286166,104286186,-
chr13,104286253,104286272,-
chr13,104286528,104286550,-
chr13,104286583,104286599,-
chr13,104287403,104287453,-
chr13,104288313,104288333,-
chr13,104574505,104574554,-
chr13,104789804,104789818,-
chr13,104937787,104937810,-
chr13,107041138,107041204,-
chr13,107041318,107041378,-
chr13,107041617,107041667,-
chr13,107094532,107094546,-
chr13,107450232,107450314,-
chr13,107897284,107897298,-
chr13,107927855,107927890,-
chr13,108298598,108298614,-
chr13,108298933,108298955,-
chr13,108426613,108426629,-
chr13,108426681,108426701,-
chr13,108596984,108596999,-
chr13,108597015,108597041,-
chr13,108763002,108763080,-
chr13,109230721,109230740,-
chr13,109231915,109231931,-
chr13,109440857,109440876,-
chr13,109546700,109546714,-
chr13,109547476,109547655,-
chr13,109548374,109548390,-
chr13,109820700,109820801,-
chr13,109820876,109820916,-
chr13,109836915,109836929,-
chr13,109843181,109843199,-
chr13,109845156,109845189,-
chr13,109902268,109902288,-
chr13,109907676,109907698,-
chr13,111481054,111481073,-
chr13,111725146,111725162,-
chr13,111771309,111771330,-
chr13,111868443,111868462,-
chr13,111978090,111978105,-
chr13,111983647,111983669,-
chr13,112000847,112000889,-
chr13,112001324,112001347,-
chr13,112001995,112002014,-
chr13,112003305,112003339,-
chr13,112288630,112288656,-
chr13,112355015,112355045,-
chr13,112399128,112399164,-
chr13,112415798,112415824,-
chr13,112417647,112417671,-
chr13,112418129,112418152,-
chr13,112418359,112418384,-
chr13,112424458,112424472,-
chr13,112424630,112424649,-
chr13,112425108,112425162,-
chr13,112427126,112427145,-
chr13,112433099,112433118,-
chr13,112437891,112437905,-
chr13,112438317,112438337,-
chr13,112450469,112450483,-
chr13,112464925,112464940,-
chr13,112465201,112465215,-
chr13,112465492,112465547,-
chr13,112467263,112467334,-
chr13,112469478,112469514,-
chr13,112474066,112474082,-
chr13,112474086,112474124,-
chr13,112474784,112474807,-
chr13,112477976,112478000,-
chr13,112508782,112508835,-
chr13,112694552,112694596,-
chr13,112927264,112927283,-
chr13,113013310,113013324,-
chr13,113100978,113100998,-
chr13,113101030,113101044,-
chr13,113198051,113198070,-
chr13,113579918,113579964,-
chr13,113579971,113579985,-
chr13,113580481,113580506,-
chr13,113580639,113580660,-
chr13,113618818,113618892,-
chr13,113870524,113870543,-
chr13,114189800,114189834,-
chr13,114190008,114190037,-
chr13,114388153,114388173,-
chr13,114831592,114831606,-
chr13,114845584,114845598,-
chr13,117028623,117028637,-
chr13,117028717,117028865,-
chr13,117033975,117033989,-
chr13,117034232,117034277,-
chr13,117048812,117048826,-
chr13,117051444,117051458,-
chr13,117053175,117053194,-
chr13,117053749,117053764,-
chr13,117054170,117054190,-
chr13,117054536,117054550,-
chr13,117054554,117054582,-
chr13,117211099,117211115,-
chr13,117212066,117212104,-
chr13,117215380,117215396,-
chr13,117215916,117215948,-
chr13,117217832,117217852,-
chr13,117217906,117217920,-
chr13,117217953,117217993,-
chr13,117219999,117220013,-
chr13,117220130,117220144,-
chr13,117223089,117223106,-
chr13,117241704,117241720,-
chr13,117241979,117242001,-
chr13,117242304,117242319,-
chr13,117390305,117390327,-
chr13,117390483,117390505,-
chr13,118387401,118387417,-
chr13,119462807,119462859,-
chr13,119653399,119653413,-
chr13,119706833,119706861,-
chr13,119791739,119791768,-
chr13,120299653,120299668,-
chr13,120300937,120300953,-
chr13,120301980,120302004,-
chr13,120302154,120302178,-
chr13,120302189,120302223,-
chr13,120302592,120302665,-
chr14,7766254,7766270,+
chr14,7997729,7997745,+
chr14,8080125,8080151,+
chr14,8469096,8469155,+
chr14,8469169,8469197,+
chr14,8639640,8639662,+
chr14,8639857,8639874,+
chr14,10146452,10146466,+
chr14,10146720,10146734,+
chr14,10146738,10146755,+
chr14,10301431,10301452,+
chr14,10453069,10453084,+
chr14,10453909,10453923,+
chr14,10454315,10454329,+
chr14,10527233,10527248,+
chr14,10639780,10639848,+
chr14,10724053,10724116,+
chr14,10911715,10911734,+
chr14,11162202,11162217,+
chr14,13960445,13960474,+
chr14,14068532,14068547,+
chr14,14121190,14121205,+
chr14,14294828,14294899,+
chr14,14353717,14353741,+
chr14,14353821,14353837,+
chr14,14633436,14633450,+
chr14,14633836,14633850,+
chr14,14800765,14800783,+
chr14,14800963,14800987,+
chr14,14863982,14864006,+
chr14,15063107,15063121,+
chr14,15145366,15145443,+
chr14,15272726,15272740,+
chr14,15753613,15753651,+
chr14,15770122,15770160,+
chr14,15770493,15770507,+
chr14,15770518,15770533,+
chr14,16024048,16024062,+
chr14,16136044,16136058,+
chr14,16155063,16155077,+
chr14,16164807,16164821,+
chr14,16170492,16170508,+
chr14,16171089,16171103,+
chr14,16171313,16171361,+
chr14,16172567,16172586,+
chr14,16172666,16172686,+
chr14,16172702,16172727,+
chr14,16172759,16172787,+
chr14,16173470,16173484,+
chr14,16182198,16182217,+
chr14,16243880,16243900,+
chr14,16364982,16365001,+
chr14,16366816,16366830,+
chr14,16373002,16373017,+
chr14,18003747,18003761,+
chr14,18042035,18042059,+
chr14,18331141,18331165,+
chr14,18331793,18331808,+
chr14,18605622,18605691,+
chr14,18654153,18654284,+
chr14,18654362,18654376,+
chr14,18666090,18666104,+
chr14,18666113,18666158,+
chr14,18666245,18666261,+
chr14,18670728,18670765,+
chr14,19824053,19824093,+
chr14,19976211,19976227,+
chr14,19976809,19976825,+
chr14,19976880,19976902,+
chr14,19987303,19987322,+
chr14,20379690,20379709,+
chr14,20380123,20380150,+
chr14,20380322,20380344,+
chr14,20388968,20388982,+
chr14,20389241,20389257,+
chr14,20545484,20545499,+
chr14,20546694,20546710,+
chr14,20674115,20674135,+
chr14,20682305,20682332,+
chr14,20694828,20694842,+
chr14,20734853,20734871,+
chr14,20785143,20785158,+
chr14,20877361,20877380,+
chr14,20885050,20885085,+
chr14,20885556,20885626,+
chr14,20886049,20886077,+
chr14,21500907,21500922,+
chr14,21659725,21659757,+
chr14,21750301,21750318,+
chr14,25421953,25421975,+
chr14,25459035,25459054,+
chr14,25693772,25693791,+
chr14,26580058,26580087,+
chr14,26591181,26591210,+
chr14,26591232,26591261,+
chr14,26591274,26591299,+
chr14,27231380,27231402,+
chr14,27234510,27234526,+
chr14,27238288,27238324,+
chr14,27338250,27338275,+
chr14,27338288,27338302,+
chr14,27338376,27338394,+
chr14,27345167,27345187,+
chr14,27346459,27346476,+
chr14,27346864,27346925,+
chr14,27349428,27349444,+
chr14,27349474,27349506,+
chr14,27349510,27349548,+
chr14,27351870,27351884,+
chr14,27356587,27356633,+
chr14,27391872,27391891,+
chr14,27392357,27392392,+
chr14,27402739,27402758,+
chr14,27403246,27403281,+
chr14,27405025,27405044,+
chr14,27405188,27405222,+
chr14,27405269,27405294,+
chr14,27407913,27407935,+
chr14,27411584,27411608,+
chr14,27411723,27411743,+
chr14,27412718,27412732,+
chr14,29967750,29967802,+
chr14,29967926,29967953,+
chr14,29978126,29978140,+
chr14,29978220,29978264,+
chr14,29978266,29978298,+
chr14,30248397,30248416,+
chr14,30654087,30654114,+
chr14,30654207,30654238,+
chr14,30674969,30674993,+
chr14,31129402,31129418,+
chr14,31272443,31272519,+
chr14,31401594,31401610,+
chr14,31432058,31432078,+
chr14,31432646,31432662,+
chr14,31432672,31432687,+
chr14,31434000,31434024,+
chr14,31434486,31434505,+
chr14,31436316,31436330,+
chr14,31441019,31441033,+
chr14,31494524,31494546,+
chr14,31536497,31536517,+
chr14,31570732,31570748,+
chr14,31662704,31662724,+
chr14,31669873,31669892,+
chr14,31670172,31670217,+
chr14,31781922,31781938,+
chr14,32005976,32005997,+
chr14,32085202,32085231,+
chr14,32165501,32165520,+
chr14,33422155,33422198,+
chr14,33422226,33422284,+
chr14,34310104,34310124,+
chr14,34715755,34715833,+
chr14,34768973,34768989,+
chr14,34770123,34770137,+
chr14,36863892,36863912,+
chr14,36863913,36863943,+
chr14,36864362,36864405,+
chr14,36932180,36932202,+
chr14,36952955,36952974,+
chr14,36954595,36954609,+
chr14,37017411,37017480,+
chr14,37103137,37103211,+
chr14,40930365,40930391,+
chr14,40930466,40930492,+
chr14,40930558,40930582,+
chr14,40943838,40943872,+
chr14,40947423,40947437,+
chr14,40964199,40964214,+
chr14,40964240,40964285,+
chr14,41050760,41050775,+
chr14,45219071,45219090,+
chr14,45317995,45318017,+
chr14,45329241,45329272,+
chr14,45387506,45387530,+
chr14,46821273,46821298,+
chr14,46821454,46821469,+
chr14,46821736,46821755,+
chr14,46831517,46831531,+
chr14,46831632,46831652,+
chr14,47104634,47104653,+
chr14,47396408,47396424,+
chr14,47541930,47541945,+
chr14,48271066,48271109,+
chr14,48271657,48271672,+
chr14,48271682,48271697,+
chr14,48271707,48271722,+
chr14,48271732,48271747,+
chr14,48271757,48271772,+
chr14,48303744,48303780,+
chr14,48367345,48367365,+
chr14,49222093,49222107,+
chr14,49222221,49222237,+
chr14,49222349,49222368,+
chr14,50870518,50870537,+
chr14,50924458,50924485,+
chr14,50924536,50924552,+
chr14,50924615,50924634,+
chr14,51064519,51064543,+
chr14,51065137,51065158,+
chr14,51065610,51065626,+
chr14,51065747,51065761,+
chr14,51082795,51082809,+
chr14,51088031,51088065,+
chr14,51088070,51088115,+
chr14,51088151,51088183,+
chr14,51090540,51090555,+
chr14,51884403,51884432,+
chr14,52103571,52103586,+
chr14,52103638,52103652,+
chr14,52118802,52118845,+
chr14,52119704,52119764,+
chr14,52166557,52166613,+
chr14,52197307,52197333,+
chr14,52256323,52256347,+
chr14,52256349,52256368,+
chr14,52256585,52256610,+
chr14,52256980,52257025,+
chr14,52257269,52257289,+
chr14,52304539,52304561,+
chr14,52343688,52343704,+
chr14,52436753,52436780,+
chr14,52504928,52504959,+
chr14,52726962,52726981,+
chr14,53045639,53045653,+
chr14,53046991,53047017,+
chr14,53080138,53080168,+
chr14,53080189,53080203,+
chr14,53081747,53081767,+
chr14,53105138,53105157,+
chr14,53350791,53350824,+
chr14,53374505,53374525,+
chr14,53430420,53430439,+
chr14,53491416,53491435,+
chr14,53553501,53553521,+
chr14,53581796,53581820,+
chr14,53581837,53581856,+
chr14,53764788,53764818,+
chr14,53764838,53764852,+
chr14,53766371,53766393,+
chr14,53778286,53778306,+
chr14,53803949,53803963,+
chr14,53804111,53804136,+
chr14,53808088,53808108,+
chr14,53876627,53876646,+
chr14,53878626,53878648,+
chr14,53956411,53956442,+
chr14,53959589,53959617,+
chr14,53959812,53959826,+
chr14,53961785,53961799,+
chr14,53962010,53962025,+
chr14,54040754,54040773,+
chr14,54049640,54049654,+
chr14,54138417,54138433,+
chr14,54138609,54138633,+
chr14,54138640,54138654,+
chr14,54139136,54139158,+
chr14,54143844,54143863,+
chr14,54143897,54143920,+
chr14,54146630,54146648,+
chr14,54146923,54146939,+
chr14,54147295,54147314,+
chr14,54148157,54148178,+
chr14,54152801,54152820,+
chr14,54152887,54152911,+
chr14,54153081,54153095,+
chr14,54156899,54156913,+
chr14,54156931,54156945,+
chr14,54158952,54158971,+
chr14,54159187,54159203,+
chr14,54165779,54165793,+
chr14,54167108,54167127,+
chr14,54168266,54168282,+
chr14,54168742,54168760,+
chr14,54169099,54169113,+
chr14,54169693,54169709,+
chr14,54169715,54169740,+
chr14,54171944,54171960,+
chr14,54174740,54174755,+
chr14,54174792,54174808,+
chr14,54175065,54175084,+
chr14,54175782,54175801,+
chr14,54176618,54176634,+
chr14,54181458,54181478,+
chr14,54182036,54182057,+
chr14,54182901,54182915,+
chr14,54198551,54198570,+
chr14,54209566,54209582,+
chr14,54209625,54209644,+
chr14,54210494,54210531,+
chr14,54210685,54210713,+
chr14,54210866,54210892,+
chr14,54210901,54210916,+
chr14,54211470,54211485,+
chr14,54217046,54217071,+
chr14,54228182,54228201,+
chr14,54229780,54229809,+
chr14,54229899,54229927,+
chr14,54232643,54232665,+
chr14,54233359,54233374,+
chr14,54493239,54493265,+
chr14,54494584,54494603,+
chr14,54518434,54518510,+
chr14,54518563,54518577,+
chr14,54518860,54518876,+
chr14,54523338,54523358,+
chr14,54523374,54523394,+
chr14,54603877,54603913,+
chr14,54604033,54604047,+
chr14,54651139,54651168,+
chr14,54675273,54675287,+
chr14,54682464,54682478,+
chr14,54739620,54739695,+
chr14,54739701,54739722,+
chr14,54749081,54749097,+
chr14,54749112,54749128,+
chr14,54893451,54893473,+
chr14,55079477,55079493,+
chr14,55092179,55092195,+
chr14,55092206,55092220,+
chr14,55557179,55557204,+
chr14,55560264,55560293,+
chr14,55585444,55585458,+
chr14,55635901,55635916,+
chr14,55879865,55879929,+
chr14,55882281,55882297,+
chr14,55918219,55918265,+
chr14,56284154,56284170,+
chr14,56284349,56284368,+
chr14,56576436,56576452,+
chr14,56667883,56667902,+
chr14,56778232,56778246,+
chr14,56813125,56813147,+
chr14,57278373,57278457,+
chr14,57611473,57611487,+
chr14,57730190,57730209,+
chr14,57769233,57769252,+
chr14,57798019,57798035,+
chr14,57808905,57808926,+
chr14,57865341,57865360,+
chr14,57865725,57865760,+
chr14,57889404,57889443,+
chr14,57908466,57908500,+
chr14,57910508,57910527,+
chr14,57972619,57972636,+
chr14,59200459,59200475,+
chr14,59339846,59339886,+
chr14,59388395,59388409,+
chr14,59388439,59388455,+
chr14,59388608,59388622,+
chr14,59441586,59441615,+
chr14,59441818,59441849,+
chr14,60072782,60072801,+
chr14,60072815,60072834,+
chr14,60086742,60086766,+
chr14,60128882,60128901,+
chr14,60252263,60252285,+
chr14,60705371,60705395,+
chr14,60711891,60711910,+
chr14,60712037,60712059,+
chr14,60738042,60738061,+
chr14,60738867,60738889,+
chr14,61518811,61518830,+
chr14,61599384,61599418,+
chr14,61634383,61634441,+
chr14,61634731,61634750,+
chr14,61649135,61649155,+
chr14,61684128,61684143,+
chr14,61684345,61684369,+
chr14,61718552,61718574,+
chr14,61736342,61736359,+
chr14,61736676,61736703,+
chr14,61737201,61737215,+
chr14,63193587,63193610,+
chr14,63544110,63544153,+
chr14,64440044,64440059,+
chr14,64440494,64440508,+
chr14,64441177,64441196,+
chr14,64627113,64627133,+
chr14,64949188,64949202,+
chr14,64949209,64949225,+
chr14,65044289,65044330,+
chr14,65102797,65102816,+
chr14,65150271,65150287,+
chr14,65150325,65150353,+
chr14,65344448,65344464,+
chr14,65352278,65352297,+
chr14,65353866,65353919,+
chr14,65353937,65353956,+
chr14,65357790,65357809,+
chr14,65357968,65357984,+
chr14,65598377,65598397,+
chr14,66198991,66199023,+
chr14,66199860,66199876,+
chr14,66218652,66218668,+
chr14,66224870,66224897,+
chr14,66229165,66229189,+
chr14,66229798,66229813,+
chr14,66260521,66260540,+
chr14,66276658,66276717,+
chr14,66280339,66280379,+
chr14,66808921,66808940,+
chr14,66868625,66868640,+
chr14,67008093,67008125,+
chr14,67008146,67008161,+
chr14,67008199,67008216,+
chr14,67009367,67009382,+
chr14,67009485,67009505,+
chr14,67057642,67057669,+
chr14,67057786,67057802,+
chr14,67061618,67061694,+
chr14,67188962,67188981,+
chr14,67892737,67892802,+
chr14,68050794,68050825,+
chr14,69286788,69286802,+
chr14,69805574,69805617,+
chr14,70010629,70010649,+
chr14,70057703,70057719,+
chr14,70076095,70076133,+
chr14,70153205,70153221,+
chr14,70154025,70154040,+
chr14,70181415,70181447,+
chr14,70272538,70272560,+
chr14,70273528,70273542,+
chr14,70273779,70273798,+
chr14,70273821,70273840,+
chr14,70273950,70273965,+
chr14,70276859,70276875,+
chr14,70278702,70278726,+
chr14,70279373,70279389,+
chr14,70283561,70283575,+
chr14,70284441,70284466,+
chr14,70333579,70333620,+
chr14,70659614,70659630,+
chr14,70740895,70740914,+
chr14,70741244,70741320,+
chr14,71434203,71434289,+
chr14,71434299,71434357,+
chr14,71434361,71434397,+
chr14,72073071,72073119,+
chr14,72073132,72073531,+
chr14,72822134,72822150,+
chr14,72822289,72822303,+
chr14,73049007,73049023,+
chr14,73049114,73049136,+
chr14,73106596,73106616,+
chr14,73116451,73116472,+
chr14,73116514,73116536,+
chr14,73116853,73116869,+
chr14,73119942,73119958,+
chr14,73238981,73239000,+
chr14,73324585,73324599,+
chr14,73326096,73326115,+
chr14,73349413,73349447,+
chr14,73349595,73349616,+
chr14,73388646,73388661,+
chr14,73398375,73398400,+
chr14,73525336,73525352,+
chr14,73525437,73525456,+
chr14,73525600,73525619,+
chr14,73532834,73532898,+
chr14,74359884,74359899,+
chr14,74847620,74847635,+
chr14,74847706,74847732,+
chr14,74906294,74906308,+
chr14,74996814,74996830,+
chr14,75177852,75177945,+
chr14,75178165,75178184,+
chr14,75180524,75180538,+
chr14,75180956,75180974,+
chr14,75192280,75192342,+
chr14,75193188,75193219,+
chr14,75227710,75227738,+
chr14,75318687,75318701,+
chr14,75446221,75446241,+
chr14,75754717,75754732,+
chr14,75769355,75769374,+
chr14,75769476,75769492,+
chr14,76414864,76414879,+
chr14,76582786,76582806,+
chr14,76594258,76594344,+
chr14,76781936,76781950,+
chr14,77519207,77519247,+
chr14,77836858,77836902,+
chr14,77836909,77836933,+
chr14,77846472,77846486,+
chr14,77861636,77861651,+
chr14,77861992,77862008,+
chr14,77864694,77864708,+
chr14,77867335,77867379,+
chr14,77867568,77867605,+
chr14,77868615,77868636,+
chr14,77871360,77871374,+
chr14,77871886,77871905,+
chr14,77994652,77994709,+
chr14,78306711,78306730,+
chr14,78306850,78306876,+
chr14,78357010,78357024,+
chr14,78459132,78459152,+
chr14,78459283,78459302,+
chr14,78687684,78687699,+
chr14,78844747,78844811,+
chr14,78844812,78844851,+
chr14,79226826,79226848,+
chr14,79236029,79236053,+
chr14,79236585,79236619,+
chr14,79236822,79236849,+
chr14,79239445,79239459,+
chr14,79239781,79239810,+
chr14,79244055,79244069,+
chr14,79255778,79255792,+
chr14,79280937,79280989,+
chr14,79293623,79293648,+
chr14,79294543,79294558,+
chr14,79301212,79301231,+
chr14,79327161,79327185,+
chr14,79331730,79331746,+
chr14,79426292,79426313,+
chr14,79451566,79451589,+
chr14,79451669,79451688,+
chr14,79530626,79530640,+
chr14,79534431,79534455,+
chr14,79541484,79541499,+
chr14,79551068,79551117,+
chr14,79559174,79559188,+
chr14,79559211,79559230,+
chr14,84121028,84121043,+
chr14,86681552,86681568,+
chr14,86681577,86681632,+
chr14,86682125,86682139,+
chr14,86682300,86682328,+
chr14,86682329,86682364,+
chr14,86682559,86682578,+
chr14,86714423,86714447,+
chr14,86720746,86720762,+
chr14,86736335,86736354,+
chr14,86737199,86737213,+
chr14,87147454,87147468,+
chr14,87147623,87147666,+
chr14,87147682,87147704,+
chr14,87147793,87147807,+
chr14,87452008,87452029,+
chr14,87452168,87452195,+
chr14,99045057,99045084,+
chr14,99045255,99045274,+
chr14,99045287,99045312,+
chr14,99449346,99449360,+
chr14,99449657,99449676,+
chr14,99450073,99450087,+
chr14,101477902,101477923,+
chr14,101478044,101478069,+
chr14,101510808,101510833,+
chr14,102806305,102806324,+
chr14,102828481,102828495,+
chr14,102828706,102828720,+
chr14,102906339,102906353,+
chr14,102906386,102906426,+
chr14,102980147,102980162,+
chr14,103020862,103020876,+
chr14,103098514,103098533,+
chr14,103098735,103098750,+
chr14,103099890,103099912,+
chr14,103100085,103100104,+
chr14,103195555,103195591,+
chr14,103195594,103195608,+
chr14,103694569,103694583,+
chr14,103709773,103709835,+
chr14,105603197,105603216,+
chr14,115362571,115362600,+
chr14,115362610,115362663,+
chr14,115362720,115362800,+
chr14,115362801,115362816,+
chr14,115362822,115362866,+
chr14,116210631,116210651,+
chr14,118089502,118089522,+
chr14,118124388,118124416,+
chr14,118124419,118124435,+
chr14,118173561,118173590,+
chr14,118173898,118173920,+
chr14,118174171,118174190,+
chr14,118180398,118180422,+
chr14,118673342,118673358,+
chr14,118673435,118673451,+
chr14,118681132,118681149,+
chr14,118681234,118681254,+
chr14,118681354,118681370,+
chr14,118820161,118820190,+
chr14,118833947,118833967,+
chr14,118834126,118834140,+
chr14,118864956,118864978,+
chr14,118865151,118865167,+
chr14,118931052,118931067,+
chr14,118931916,118931932,+
chr14,118932113,118932142,+
chr14,118932157,118932173,+
chr14,118932778,118932810,+
chr14,118933081,118933101,+
chr14,118982036,118982050,+
chr14,119006891,119006906,+
chr14,119007342,119007356,+
chr14,119007773,119007795,+
chr14,120276320,120276334,+
chr14,120277096,120277110,+
chr14,120314171,120314190,+
chr14,120347734,120347750,+
chr14,120520172,120520220,+
chr14,121261476,121261492,+
chr14,121306052,121306078,+
chr14,121330215,121330239,+
chr14,121365852,121365874,+
chr14,121366514,121366530,+
chr14,121366532,121366552,+
chr14,121371016,121371075,+
chr14,121371835,121371885,+
chr14,121373135,121373149,+
chr14,121374020,121374034,+
chr14,121421619,121421633,+
chr14,121455572,121455596,+
chr14,121455598,121455648,+
chr14,121477908,121477931,+
chr14,121478290,121478306,+
chr14,121545702,121545721,+
chr14,121732436,121732454,+
chr14,121846214,121846236,+
chr14,121915476,121915504,+
chr14,121929918,121929932,+
chr14,121938689,121938703,+
chr14,121946509,121946525,+
chr14,121947902,121947917,+
chr14,121948080,121948096,+
chr14,121948163,121948182,+
chr14,121954948,121954963,+
chr14,121955656,121955670,+
chr14,121955784,121955800,+
chr14,121960559,121960573,+
chr14,121988071,121988086,+
chr14,122006684,122006703,+
chr14,122006753,122006778,+
chr14,122060682,122060702,+
chr14,122062331,122062347,+
chr14,122062739,122062768,+
chr14,122065898,122065914,+
chr14,122066541,122066555,+
chr14,122067123,122067151,+
chr14,122070054,122070068,+
chr14,122073493,122073512,+
chr14,122104726,122104740,+
chr14,122557367,122557387,+
chr14,122655495,122655544,+
chr14,122852282,122852299,+
chr14,122901997,122902013,+
chr14,122951787,122951809,+
chr14,122982488,122982507,+
chr14,122982516,122982531,+
chr14,7769084,7769145,-
chr14,7769290,7769322,-
chr14,7774441,7774461,-
chr14,8080780,8080799,-
chr14,8097950,8097964,-
chr14,8173591,8173613,-
chr14,8469223,8469240,-
chr14,10301481,10301495,-
chr14,14067544,14067580,-
chr14,14068391,14068417,-
chr14,14068627,14068646,-
chr14,14068866,14068888,-
chr14,14088098,14088117,-
chr14,14294731,14294753,-
chr14,14346198,14346219,-
chr14,14633341,14633374,-
chr14,14634071,14634128,-
chr14,14702843,14702862,-
chr14,14716974,14716990,-
chr14,14800441,14800456,-
chr14,14801182,14801196,-
chr14,15272526,15272542,-
chr14,15272859,15272879,-
chr14,15747134,15747155,-
chr14,15747167,15747185,-
chr14,15769585,15769601,-
chr14,16023969,16023988,-
chr14,16024109,16024147,-
chr14,16129397,16129416,-
chr14,16129462,16129485,-
chr14,16155529,16155551,-
chr14,16170787,16170825,-
chr14,16196723,16196752,-
chr14,16196753,16196791,-
chr14,16243945,16243964,-
chr14,16255696,16255711,-
chr14,16256485,16256501,-
chr14,16366515,16366549,-
chr14,16380131,16380148,-
chr14,16380294,16380310,-
chr14,18002132,18002147,-
chr14,18002202,18002221,-
chr14,18426404,18426495,-
chr14,18605335,18605350,-
chr14,19968508,19968528,-
chr14,19985264,19985283,-
chr14,19985869,19985891,-
chr14,19986022,19986042,-
chr14,19986298,19986314,-
chr14,19987013,19987033,-
chr14,19987048,19987067,-
chr14,19987084,19987110,-
chr14,20006439,20006461,-
chr14,20035203,20035236,-
chr14,20082639,20082658,-
chr14,20478751,20478765,-
chr14,20640291,20640307,-
chr14,20682948,20682968,-
chr14,20928893,20928907,-
chr14,21032535,21032549,-
chr14,21032682,21032703,-
chr14,21523539,21523554,-
chr14,21523605,21523619,-
chr14,21636971,21636999,-
chr14,21854053,21854072,-
chr14,23465091,23465108,-
chr14,25378119,25378135,-
chr14,25378794,25378813,-
chr14,25458051,25458077,-
chr14,25458100,25458116,-
chr14,25609676,25609692,-
chr14,25841941,25841955,-
chr14,25855514,25855530,-
chr14,25857573,25857587,-
chr14,25858158,25858177,-
chr14,25858392,25858407,-
chr14,26591340,26591360,-
chr14,26639031,26639051,-
chr14,26670207,26670229,-
chr14,27085739,27085793,-
chr14,27226140,27226162,-
chr14,27229359,27229373,-
chr14,27230881,27230897,-
chr14,27232900,27232914,-
chr14,27232936,27232957,-
chr14,27233838,27233858,-
chr14,27234974,27235002,-
chr14,27238123,27238142,-
chr14,27238922,27238938,-
chr14,27239091,27239111,-
chr14,27239115,27239131,-
chr14,27239257,27239273,-
chr14,27335219,27335300,-
chr14,27335312,27335345,-
chr14,27336934,27336953,-
chr14,27338028,27338043,-
chr14,27345492,27345511,-
chr14,27346575,27346601,-
chr14,27347076,27347100,-
chr14,27347129,27347185,-
chr14,27351995,27352018,-
chr14,27356296,27356315,-
chr14,27378978,27378997,-
chr14,27379566,27379588,-
chr14,27390652,27390666,-
chr14,27390688,27390717,-
chr14,27391343,27391377,-
chr14,27400802,27400817,-
chr14,27403402,27403427,-
chr14,27404864,27404883,-
chr14,27404952,27404966,-
chr14,27405744,27405758,-
chr14,27407330,27407353,-
chr14,27407630,27407668,-
chr14,27407854,27407874,-
chr14,27412850,27412866,-
chr14,27426019,27426038,-
chr14,27562631,27562660,-
chr14,30014758,30014774,-
chr14,30024329,30024345,-
chr14,30024365,30024387,-
chr14,30024540,30024559,-
chr14,30262864,30262981,-
chr14,30548963,30548978,-
chr14,31019691,31019706,-
chr14,31019729,31019763,-
chr14,31019779,31019802,-
chr14,31194322,31194338,-
chr14,31194798,31194821,-
chr14,31194842,31194858,-
chr14,31195296,31195312,-
chr14,31337441,31337463,-
chr14,31399836,31399852,-
chr14,31414516,31414542,-
chr14,31433020,31433053,-
chr14,31536096,31536138,-
chr14,31641562,31641584,-
chr14,32006148,32006207,-
chr14,32006258,32006279,-
chr14,32159442,32159458,-
chr14,34311480,34311494,-
chr14,34317590,34317614,-
chr14,34317738,34317769,-
chr14,34715839,34715880,-
chr14,34770100,34770121,-
chr14,34776547,34776611,-
chr14,36953649,36953668,-
chr14,36969073,36969092,-
chr14,37135642,37135656,-
chr14,37135686,37135705,-
chr14,40930111,40930126,-
chr14,40930226,40930242,-
chr14,40930289,40930308,-
chr14,40943870,40943922,-
chr14,40948294,40948308,-
chr14,41013923,41013939,-
chr14,45219007,45219021,-
chr14,45329512,45329531,-
chr14,47104663,47104682,-
chr14,47187973,47188013,-
chr14,47188541,47188555,-
chr14,47222994,47223014,-
chr14,47395927,47395951,-
chr14,47418463,47418501,-
chr14,47518623,47518652,-
chr14,48246087,48246109,-
chr14,48246672,48246687,-
chr14,48303919,48303943,-
chr14,48376224,48376238,-
chr14,49067000,49067014,-
chr14,49173707,49173721,-
chr14,49219807,49219823,-
chr14,49219919,49219941,-
chr14,49221690,49221706,-
chr14,50785659,50785691,-
chr14,50925173,50925192,-
chr14,51063245,51063274,-
chr14,51063743,51063757,-
chr14,51064741,51064756,-
chr14,51088566,51088582,-
chr14,51089771,51089791,-
chr14,51089997,51090013,-
chr14,51385908,51385924,-
chr14,51883933,51883965,-
chr14,51884277,51884293,-
chr14,51884343,51884357,-
chr14,51892349,51892376,-
chr14,52002890,52002905,-
chr14,52002913,52002974,-
chr14,52279796,52279815,-
chr14,52404547,52404563,-
chr14,52404644,52404732,-
chr14,52404839,52404914,-
chr14,52451348,52451364,-
chr14,52504860,52504890,-
chr14,52504982,52504997,-
chr14,52567065,52567084,-
chr14,52795863,52795889,-
chr14,53047317,53047336,-
chr14,53048131,53048146,-
chr14,53079470,53079490,-
chr14,53079539,53079558,-
chr14,53080401,53080460,-
chr14,53105023,53105050,-
chr14,53134799,53134818,-
chr14,53373225,53373269,-
chr14,53491299,53491328,-
chr14,53553269,53553298,-
chr14,53553329,53553349,-
chr14,53554970,53554989,-
chr14,53555039,53555058,-
chr14,53581725,53581754,-
chr14,53608813,53608863,-
chr14,53608873,53608904,-
chr14,53648880,53648894,-
chr14,53649637,53649651,-
chr14,53650206,53650225,-
chr14,53710082,53710122,-
chr14,53765050,53765112,-
chr14,53796127,53796149,-
chr14,53796159,53796207,-
chr14,53901418,53901432,-
chr14,53901524,53901540,-
chr14,53960488,53960573,-
chr14,53960766,53960788,-
chr14,54034529,54034545,-
chr14,54040798,54040817,-
chr14,54041934,54041949,-
chr14,54042001,54042016,-
chr14,54058499,54058554,-
chr14,54059864,54059884,-
chr14,54060037,54060051,-
chr14,54125436,54125450,-
chr14,54136512,54136526,-
chr14,54138297,54138361,-
chr14,54144301,54144315,-
chr14,54158597,54158620,-
chr14,54158978,54158998,-
chr14,54161040,54161064,-
chr14,54163091,54163105,-
chr14,54164280,54164296,-
chr14,54166315,54166329,-
chr14,54166853,54166916,-
chr14,54168660,54168678,-
chr14,54172084,54172098,-
chr14,54172474,54172526,-
chr14,54174364,54174394,-
chr14,54175406,54175421,-
chr14,54179595,54179609,-
chr14,54181839,54181861,-
chr14,54181992,54182036,-
chr14,54198069,54198095,-
chr14,54200112,54200137,-
chr14,54206879,54206895,-
chr14,54209749,54209768,-
chr14,54209946,54209975,-
chr14,54210040,54210059,-
chr14,54210897,54210918,-
chr14,54222081,54222095,-
chr14,54224009,54224055,-
chr14,54225543,54225559,-
chr14,54225580,54225594,-
chr14,54226493,54226517,-
chr14,54232765,54232780,-
chr14,54234236,54234250,-
chr14,54360513,54360540,-
chr14,54360549,54360565,-
chr14,54423468,54423490,-
chr14,54427250,54427282,-
chr14,54517839,54517853,-
chr14,54517907,54517926,-
chr14,54521807,54521823,-
chr14,54553799,54553818,-
chr14,54554632,54554648,-
chr14,54603764,54603778,-
chr14,54739740,54739765,-
chr14,54864720,54864735,-
chr14,54893512,54893543,-
chr14,55585548,55585582,-
chr14,55604441,55604460,-
chr14,55629560,55629593,-
chr14,55644018,55644044,-
chr14,55672807,55672844,-
chr14,55724194,55724218,-
chr14,55724344,55724366,-
chr14,55724880,55724894,-
chr14,55918334,55918360,-
chr14,55918673,55918689,-
chr14,55918800,55918814,-
chr14,55918952,55918971,-
chr14,56283941,56283957,-
chr14,56297052,56297078,-
chr14,56297228,56297242,-
chr14,56297274,56297289,-
chr14,56777738,56777769,-
chr14,56778500,56778519,-
chr14,57398721,57398737,-
chr14,57423674,57423688,-
chr14,57746808,57746822,-
chr14,57865213,57865229,-
chr14,59201956,59201970,-
chr14,59388458,59388507,-
chr14,59388643,59388659,-
chr14,59441749,59441766,-
chr14,59695385,59695405,-
chr14,60130468,60130489,-
chr14,60722121,60722141,-
chr14,60738068,60738104,-
chr14,60744475,60744501,-
chr14,60744625,60744647,-
chr14,60771424,60771469,-
chr14,61056616,61056635,-
chr14,61057278,61057292,-
chr14,61173597,61173665,-
chr14,61339744,61339763,-
chr14,61440403,61440427,-
chr14,61589715,61589730,-
chr14,61589802,61589816,-
chr14,61589990,61590014,-
chr14,61599349,61599383,-
chr14,61634524,61634542,-
chr14,61648670,61648684,-
chr14,61681950,61681971,-
chr14,61683766,61683796,-
chr14,61685110,61685124,-
chr14,61736793,61736816,-
chr14,61737045,61737059,-
chr14,61737414,61737438,-
chr14,62837302,62837317,-
chr14,62862890,62862920,-
chr14,62928301,62928323,-
chr14,62940811,62940825,-
chr14,64382055,64382159,-
chr14,64486724,64486740,-
chr14,64732057,64732076,-
chr14,64959304,64959402,-
chr14,65330463,65330483,-
chr14,65351731,65351750,-
chr14,65357431,65357445,-
chr14,65357468,65357487,-
chr14,65381811,65381830,-
chr14,65598442,65598456,-
chr14,66200506,66200529,-
chr14,66218766,66218782,-
chr14,66235952,66235967,-
chr14,66236108,66236200,-
chr14,66260837,66260856,-
chr14,66276794,66276813,-
chr14,66869266,66869280,-
chr14,67008727,67008750,-
chr14,67892837,67892851,-
chr14,69286988,69287005,-
chr14,69287062,69287076,-
chr14,69505238,69505255,-
chr14,69505312,69505326,-
chr14,69733693,69733712,-
chr14,69774332,69774351,-
chr14,69780065,69780089,-
chr14,69977693,69977709,-
chr14,69978787,69978803,-
chr14,70065353,70065368,-
chr14,70279942,70279958,-
chr14,70351776,70351791,-
chr14,70545032,70545089,-
chr14,70767181,70767195,-
chr14,70767487,70767502,-
chr14,70775011,70775031,-
chr14,71075701,71075721,-
chr14,71076019,71076033,-
chr14,72804901,72804953,-
chr14,72821759,72821795,-
chr14,72822170,72822192,-
chr14,72829489,72829508,-
chr14,73116784,73116804,-
chr14,73118532,73118548,-
chr14,73119360,73119375,-
chr14,73119403,73119418,-
chr14,73123775,73123811,-
chr14,73140177,73140197,-
chr14,73161880,73161909,-
chr14,73239311,73239325,-
chr14,73325118,73325148,-
chr14,73388991,73389013,-
chr14,73389033,73389080,-
chr14,73389251,73389270,-
chr14,73389444,73389503,-
chr14,73389643,73389663,-
chr14,73398612,73398631,-
chr14,73532944,73532972,-
chr14,74359737,74359753,-
chr14,74658937,74659033,-
chr14,74908379,74908398,-
chr14,74945568,74945596,-
chr14,74948018,74948046,-
chr14,74949115,74949134,-
chr14,74949292,74949311,-
chr14,74949344,74949358,-
chr14,75010889,75010909,-
chr14,75034622,75034652,-
chr14,75069310,75069324,-
chr14,75131921,75131949,-
chr14,75131993,75132039,-
chr14,75176313,75176332,-
chr14,75177366,75177403,-
chr14,75181064,75181087,-
chr14,75187137,75187151,-
chr14,75187344,75187363,-
chr14,75318934,75318948,-
chr14,75446233,75446249,-
chr14,75446345,75446360,-
chr14,75478785,75478837,-
chr14,75516076,75516096,-
chr14,75516341,75516374,-
chr14,75754740,75754772,-
chr14,75786229,75786248,-
chr14,75846103,75846135,-
chr14,76414291,76414306,-
chr14,76579773,76579808,-
chr14,76665032,76665051,-
chr14,77835810,77835839,-
chr14,77860847,77860861,-
chr14,77860924,77860940,-
chr14,77861187,77861206,-
chr14,77861831,77861846,-
chr14,77867477,77867493,-
chr14,77867504,77867523,-
chr14,77870892,77870931,-
chr14,77875094,77875114,-
chr14,77905512,77905527,-
chr14,78382187,78382206,-
chr14,78687762,78687811,-
chr14,78692400,78692465,-
chr14,78914531,78914559,-
chr14,79243031,79243045,-
chr14,79243908,79243927,-
chr14,79255823,79255852,-
chr14,79255966,79256007,-
chr14,79275065,79275127,-
chr14,79293252,79293272,-
chr14,79293953,79293969,-
chr14,79294460,79294480,-
chr14,79294483,79294526,-
chr14,79315599,79315615,-
chr14,79315619,79315647,-
chr14,79315657,79315703,-
chr14,79315723,79315739,-
chr14,79315782,79315808,-
chr14,79331701,79331723,-
chr14,79426073,79426098,-
chr14,79481759,79481775,-
chr14,79484168,79484199,-
chr14,79484434,79484465,-
chr14,79503871,79503886,-
chr14,79515564,79515580,-
chr14,79515776,79515796,-
chr14,79516195,79516215,-
chr14,79521264,79521290,-
chr14,79521393,79521407,-
chr14,79521502,79521541,-
chr14,79521821,79521850,-
chr14,79521853,79521867,-
chr14,79522065,79522081,-
chr14,79522198,79522232,-
chr14,79522677,79522693,-
chr14,79524491,79524528,-
chr14,79529964,79529998,-
chr14,79532682,79532710,-
chr14,79534660,79534695,-
chr14,79537808,79537823,-
chr14,79537874,79537911,-
chr14,79538189,79538241,-
chr14,79541975,79541997,-
chr14,79550982,79550998,-
chr14,79551453,79551469,-
chr14,79557981,79558005,-
chr14,79587927,79587942,-
chr14,79591155,79591171,-
chr14,79591305,79591320,-
chr14,79591389,79591425,-
chr14,79591669,79591685,-
chr14,79591715,79591739,-
chr14,86682089,86682120,-
chr14,86714471,86714508,-
chr14,86714522,86714560,-
chr14,86714586,86714600,-
chr14,86736064,86736078,-
chr14,86736500,86736526,-
chr14,86736747,86736771,-
chr14,86736990,86737005,-
chr14,86737118,86737137,-
chr14,87087937,87087993,-
chr14,87147520,87147586,-
chr14,87415665,87415679,-
chr14,87416665,87416705,-
chr14,87416715,87416729,-
chr14,87452136,87452161,-
chr14,87452208,87452224,-
chr14,87498402,87498421,-
chr14,99045336,99045350,-
chr14,99045364,99045381,-
chr14,99104828,99104843,-
chr14,99105059,99105123,-
chr14,99105334,99105348,-
chr14,99171207,99171275,-
chr14,99449450,99449466,-
chr14,99449496,99449512,-
chr14,101477312,101477328,-
chr14,101478227,101478244,-
chr14,101478303,101478323,-
chr14,101478372,101478394,-
chr14,102983543,102983558,-
chr14,103020525,103020599,-
chr14,103069856,103069874,-
chr14,103070020,103070046,-
chr14,103098452,103098476,-
chr14,103098669,103098683,-
chr14,103100170,103100195,-
chr14,103349341,103349389,-
chr14,103469553,103469572,-
chr14,103469960,103469977,-
chr14,103649747,103649761,-
chr14,103654076,103654107,-
chr14,103710033,103710068,-
chr14,105258540,105258555,-
chr14,105602864,105602879,-
chr14,107858492,107858671,-
chr14,107858674,107858712,-
chr14,115040895,115040909,-
chr14,115070082,115070137,-
chr14,115362474,115362488,-
chr14,118179976,118179990,-
chr14,118180910,118180955,-
chr14,118778496,118778520,-
chr14,118823579,118823605,-
chr14,118833984,118834003,-
chr14,118834856,118834883,-
chr14,118838543,118838594,-
chr14,118865081,118865105,-
chr14,118929716,118929730,-
chr14,118929797,118929823,-
chr14,118929964,118929980,-
chr14,118941092,118941106,-
chr14,118942358,118942377,-
chr14,118982933,118982948,-
chr14,120275932,120275948,-
chr14,120314313,120314329,-
chr14,120314330,120314357,-
chr14,120477943,120477957,-
chr14,120502810,120502825,-
chr14,120502834,120502849,-
chr14,120502858,120502873,-
chr14,120502882,120502897,-
chr14,120502906,120502921,-
chr14,120502930,120502945,-
chr14,120502954,120502969,-
chr14,120502978,120502993,-
chr14,120503002,120503017,-
chr14,120503026,120503041,-
chr14,120503050,120503065,-
chr14,120503074,120503089,-
chr14,120503098,120503113,-
chr14,120525853,120525873,-
chr14,121261240,121261267,-
chr14,121261346,121261360,-
chr14,121261768,121261816,-
chr14,121291228,121291247,-
chr14,121306130,121306218,-
chr14,121405412,121405444,-
chr14,121451251,121451265,-
chr14,121451580,121451594,-
chr14,121545566,121545593,-
chr14,121553238,121553257,-
chr14,121816101,121816188,-
chr14,121821918,121821973,-
chr14,121880706,121880759,-
chr14,121881523,121881552,-
chr14,121894606,121894621,-
chr14,121894765,121894781,-
chr14,121898345,121898378,-
chr14,121898793,121898809,-
chr14,121900124,121900150,-
chr14,121907003,121907023,-
chr14,121930058,121930072,-
chr14,121930581,121930595,-
chr14,121930606,121930625,-
chr14,121930772,121930788,-
chr14,121930820,121930850,-
chr14,121931429,121931455,-
chr14,121946436,121946456,-
chr14,121947017,121947036,-
chr14,121954689,121954704,-
chr14,121954924,121954946,-
chr14,121955252,121955268,-
chr14,121955475,121955489,-
chr14,121958006,121958030,-
chr14,121964979,121964993,-
chr14,121965457,121965471,-
chr14,121994560,121994579,-
chr14,121994623,121994650,-
chr14,122000780,122000799,-
chr14,122005712,122005732,-
chr14,122005746,122005780,-
chr14,122006878,122006892,-
chr14,122009408,122009441,-
chr14,122026133,122026152,-
chr14,122054367,122054403,-
chr14,122062766,122062780,-
chr14,122063298,122063322,-
chr14,122063429,122063448,-
chr14,122064091,122064105,-
chr14,122223708,122223759,-
chr14,122557284,122557308,-
chr14,122557681,122557706,-
chr14,122655301,122655320,-
chr14,122674713,122674735,-
chr14,122787788,122787807,-
chr14,122787828,122787851,-
chr14,122787877,122787896,-
chr14,122787944,122787970,-
chr14,122787994,122788008,-
chr14,122788024,122788061,-
chr14,122788146,122788160,-
chr14,122985917,122985955,-
chr14,122997637,122997653,-
chr15,3172337,3172356,+
chr15,3174662,3174677,+
chr15,3234661,3234680,+
chr15,3269805,3269834,+
chr15,3269950,3269976,+
chr15,3270598,3270618,+
chr15,3272061,3272075,+
chr15,3309706,3309720,+
chr15,3994967,3994987,+
chr15,3995241,3995255,+
chr15,3995267,3995295,+
chr15,4086011,4086030,+
chr15,5109012,5109041,+
chr15,5185277,5185293,+
chr15,5230754,5230770,+
chr15,5237103,5237117,+
chr15,5241933,5241957,+
chr15,5245047,5245068,+
chr15,5367475,5367495,+
chr15,5367702,5367783,+
chr15,5368022,5368041,+
chr15,5510394,5510413,+
chr15,5514393,5514412,+
chr15,6553656,6553671,+
chr15,6554563,6554582,+
chr15,6574505,6574521,+
chr15,6578429,6578443,+
chr15,6579060,6579084,+
chr15,6579585,6579609,+
chr15,6592102,6592146,+
chr15,6592192,6592212,+
chr15,6610726,6610740,+
chr15,6612986,6613000,+
chr15,6707964,6707997,+
chr15,6709601,6709625,+
chr15,7987250,7987305,+
chr15,8444342,8444358,+
chr15,8445838,8445852,+
chr15,8451048,8451068,+
chr15,9070971,9070993,+
chr15,9071286,9071310,+
chr15,9179733,9179752,+
chr15,9179831,9179880,+
chr15,9472193,9472216,+
chr15,9509767,9509791,+
chr15,9509878,9509894,+
chr15,9566993,9567039,+
chr15,9574549,9574573,+
chr15,9600113,9600129,+
chr15,9668925,9668941,+
chr15,9701457,9701478,+
chr15,9701838,9701911,+
chr15,9702415,9702431,+
chr15,9702605,9702642,+
chr15,9745558,9745635,+
chr15,10235973,10235992,+
chr15,11534016,11534031,+
chr15,11995275,11995294,+
chr15,12010188,12010218,+
chr15,12010243,12010267,+
chr15,12011196,12011238,+
chr15,12204758,12204772,+
chr15,12285429,12285448,+
chr15,12436242,12436261,+
chr15,12795432,12795452,+
chr15,25216399,25216419,+
chr15,25216493,25216519,+
chr15,25216661,25216675,+
chr15,25227575,25227601,+
chr15,25269792,25269806,+
chr15,25269904,25269920,+
chr15,25314464,25314502,+
chr15,25844536,25844556,+
chr15,27597044,27597068,+
chr15,27641395,27641410,+
chr15,27641695,27641715,+
chr15,27668517,27668545,+
chr15,27668720,27668736,+
chr15,27668877,27668906,+
chr15,27669176,27669239,+
chr15,27670052,27670068,+
chr15,27670102,27670121,+
chr15,27670821,27670836,+
chr15,27671640,27671659,+
chr15,27680441,27680462,+
chr15,27680531,27680547,+
chr15,27724618,27724649,+
chr15,27725063,27725082,+
chr15,27725600,27725614,+
chr15,27726039,27726055,+
chr15,27726319,27726334,+
chr15,27783658,27783677,+
chr15,27785672,27785711,+
chr15,27794636,27794656,+
chr15,27826950,27826966,+
chr15,27828360,27828385,+
chr15,27868823,27868868,+
chr15,27923597,27923612,+
chr15,27924373,27924389,+
chr15,27926330,27926346,+
chr15,27926812,27926826,+
chr15,30611450,30611466,+
chr15,30665032,30665051,+
chr15,30672346,30672432,+
chr15,30672488,30672516,+
chr15,31166073,31166092,+
chr15,31166783,31166812,+
chr15,31167057,31167076,+
chr15,31167380,31167394,+
chr15,31225979,31226018,+
chr15,31472864,31472888,+
chr15,31530009,31530031,+
chr15,31531989,31532006,+
chr15,31602408,31602515,+
chr15,31649729,31649748,+
chr15,34043412,34043426,+
chr15,34046521,34046540,+
chr15,34050462,34050481,+
chr15,34443727,34443741,+
chr15,35822208,35822227,+
chr15,36173868,36173900,+
chr15,36214300,36214343,+
chr15,36281970,36281986,+
chr15,36282164,36282178,+
chr15,36303494,36303508,+
chr15,36304090,36304104,+
chr15,36304405,36304424,+
chr15,36336206,36336245,+
chr15,36336345,36336376,+
chr15,36336643,36336662,+
chr15,36346562,36346576,+
chr15,36449088,36449108,+
chr15,36458627,36458643,+
chr15,36496966,36496982,+
chr15,36565392,36565406,+
chr15,36565659,36565673,+
chr15,36608800,36608816,+
chr15,36614917,36614960,+
chr15,36652533,36652552,+
chr15,36652741,36652770,+
chr15,36666895,36666925,+
chr15,36667059,36667099,+
chr15,36937729,36937757,+
chr15,36937850,36937878,+
chr15,36939222,36939283,+
chr15,37458569,37458598,+
chr15,37458707,37458725,+
chr15,38282568,38282607,+
chr15,38635062,38635082,+
chr15,39907131,39907152,+
chr15,39913690,39913709,+
chr15,39913799,39913813,+
chr15,41830617,41830636,+
chr15,41833029,41833044,+
chr15,41981757,41981812,+
chr15,41981864,41981921,+
chr15,42676435,42676454,+
chr15,43476853,43476877,+
chr15,44618922,44618941,+
chr15,49899971,49899990,+
chr15,49943166,49943189,+
chr15,50361674,50361690,+
chr15,50362184,50362202,+
chr15,50400226,50400245,+
chr15,50400619,50400638,+
chr15,50402338,50402357,+
chr15,50841846,50841866,+
chr15,50841949,50841980,+
chr15,50870248,50870267,+
chr15,51737019,51737033,+
chr15,51871085,51871129,+
chr15,51871389,51871411,+
chr15,51990819,51990839,+
chr15,51991696,51991712,+
chr15,52739972,52740001,+
chr15,52740239,52740255,+
chr15,52749971,52749995,+
chr15,52752675,52752694,+
chr15,52752763,52752779,+
chr15,52752782,52752804,+
chr15,52753838,52753852,+
chr15,53113788,53113820,+
chr15,53113861,53113881,+
chr15,53140249,53140268,+
chr15,53157604,53157623,+
chr15,53216234,53216263,+
chr15,53216494,53216513,+
chr15,53216633,53216649,+
chr15,53235859,53235875,+
chr15,53267085,53267110,+
chr15,53267449,53267465,+
chr15,53308599,53308618,+
chr15,53325076,53325093,+
chr15,53325259,53325308,+
chr15,53328067,53328081,+
chr15,53345289,53345313,+
chr15,53345390,53345406,+
chr15,53563910,53563934,+
chr15,53564002,53564113,+
chr15,53724069,53724084,+
chr15,53724104,53724121,+
chr15,55520774,55520796,+
chr15,55828656,55828675,+
chr15,55843450,55843470,+
chr15,55847460,55847478,+
chr15,55849966,55849980,+
chr15,55850175,55850189,+
chr15,55850231,55850245,+
chr15,55850629,55850645,+
chr15,55851237,55851256,+
chr15,55851672,55851746,+
chr15,55854118,55854135,+
chr15,55855216,55855230,+
chr15,55919999,55920048,+
chr15,57694052,57694074,+
chr15,57973127,57973152,+
chr15,58060618,58060637,+
chr15,58060679,58060721,+
chr15,58060914,58060972,+
chr15,58140810,58140824,+
chr15,58141014,58141029,+
chr15,58145435,58145467,+
chr15,58164725,58164744,+
chr15,58174589,58174607,+
chr15,58174655,58174670,+
chr15,58697981,58697996,+
chr15,58872519,58872538,+
chr15,58887954,58887983,+
chr15,58933459,58933476,+
chr15,59019042,59019061,+
chr15,59051773,59051792,+
chr15,59063931,59063965,+
chr15,59081932,59081956,+
chr15,59280432,59280466,+
chr15,59374495,59374515,+
chr15,59619610,59619624,+
chr15,59646376,59646417,+
chr15,59646975,59646989,+
chr15,59653162,59653197,+
chr15,59713061,59713119,+
chr15,59796075,59796094,+
chr15,59913173,59913213,+
chr15,59914121,59914137,+
chr15,59914375,59914391,+
chr15,59914449,59914464,+
chr15,59937591,59937606,+
chr15,59978922,59978941,+
chr15,60036611,60036756,+
chr15,60097559,60097584,+
chr15,60102557,60102576,+
chr15,60111809,60111823,+
chr15,60112518,60112533,+
chr15,60113224,60113242,+
chr15,60117071,60117085,+
chr15,60119482,60119497,+
chr15,60120347,60120362,+
chr15,60123488,60123502,+
chr15,60123680,60123765,+
chr15,60124091,60124111,+
chr15,60124610,60124626,+
chr15,60125068,60125084,+
chr15,60129975,60130012,+
chr15,60130026,60130042,+
chr15,60130067,60130083,+
chr15,60130084,60130100,+
chr15,60130321,60130377,+
chr15,60130511,60130530,+
chr15,60130800,60130814,+
chr15,60135208,60135227,+
chr15,60136117,60136132,+
chr15,60136386,60136447,+
chr15,60136465,60136480,+
chr15,60136720,60136739,+
chr15,60136753,60136773,+
chr15,60141098,60141114,+
chr15,61412164,61412179,+
chr15,61420020,61420040,+
chr15,61481998,61482022,+
chr15,61541276,61541292,+
chr15,61582214,61582229,+
chr15,61595295,61595311,+
chr15,61670547,61670563,+
chr15,62165765,62165792,+
chr15,62166110,62166139,+
chr15,62170951,62170970,+
chr15,62391373,62391396,+
chr15,62391417,62391461,+
chr15,62391497,62391584,+
chr15,62457268,62457283,+
chr15,62824414,62824433,+
chr15,63005638,63005653,+
chr15,63006424,63006438,+
chr15,63006465,63006479,+
chr15,63123247,63123266,+
chr15,63971781,63971800,+
chr15,63989865,63989880,+
chr15,64021866,64021896,+
chr15,64023400,64023416,+
chr15,64024744,64024758,+
chr15,64059797,64059811,+
chr15,64067813,64067828,+
chr15,64068058,64068096,+
chr15,64068102,64068118,+
chr15,64107015,64107041,+
chr15,64107050,64107101,+
chr15,64185449,64185464,+
chr15,64185899,64185930,+
chr15,64206474,64206508,+
chr15,64234921,64234935,+
chr15,64235095,64235119,+
chr15,64235179,64235200,+
chr15,64278991,64279015,+
chr15,64279387,64279427,+
chr15,64568774,64568801,+
chr15,64568811,64568876,+
chr15,66444513,66444537,+
chr15,66444544,66444568,+
chr15,66445024,66445038,+
chr15,66475787,66475806,+
chr15,66475814,66475865,+
chr15,66513238,66513257,+
chr15,66513524,66513543,+
chr15,66558778,66558794,+
chr15,66558828,66558861,+
chr15,66558900,66558919,+
chr15,66559077,66559097,+
chr15,66559206,66559220,+
chr15,66577356,66577371,+
chr15,66754941,66754957,+
chr15,66789349,66789369,+
chr15,66793257,66793271,+
chr15,66802137,66802156,+
chr15,66804129,66804145,+
chr15,66825808,66825823,+
chr15,66859157,66859203,+
chr15,66859206,66859222,+
chr15,66859372,66859387,+
chr15,66865521,66865537,+
chr15,66969504,66969520,+
chr15,67196522,67196542,+
chr15,67248722,67248740,+
chr15,67289561,67289590,+
chr15,67434558,67434584,+
chr15,67460420,67460434,+
chr15,67624376,67624391,+
chr15,68322513,68322644,+
chr15,68322748,68322764,+
chr15,68322815,68322829,+
chr15,68363777,68363797,+
chr15,72929323,72929338,+
chr15,73092982,73093024,+
chr15,73117598,73117612,+
chr15,73138259,73138273,+
chr15,73150211,73150272,+
chr15,73150906,73150921,+
chr15,73154670,73154684,+
chr15,73156666,73156686,+
chr15,73161953,73161972,+
chr15,73175857,73175880,+
chr15,73176261,73176282,+
chr15,73183093,73183107,+
chr15,73423895,73423921,+
chr15,73423997,73424013,+
chr15,73656950,73657008,+
chr15,74918353,74918368,+
chr15,74918431,74918445,+
chr15,74930410,74930436,+
chr15,74931058,74931077,+
chr15,74933031,74933055,+
chr15,74933592,74933644,+
chr15,74933664,74933678,+
chr15,74934385,74934402,+
chr15,74956499,74956552,+
chr15,74983907,74983927,+
chr15,74989511,74989525,+
chr15,75117124,75117143,+
chr15,75117534,75117549,+
chr15,75154937,75155023,+
chr15,75841811,75841827,+
chr15,75921108,75921122,+
chr15,75921787,75921825,+
chr15,75968956,75968975,+
chr15,76068683,76068723,+
chr15,76070024,76070043,+
chr15,76082384,76082411,+
chr15,76082424,76082440,+
chr15,76243423,76243437,+
chr15,76299910,76299926,+
chr15,76317185,76317211,+
chr15,76317329,76317348,+
chr15,76326695,76326719,+
chr15,76326730,76326754,+
chr15,76326873,76326914,+
chr15,76327107,76327131,+
chr15,76327140,76327174,+
chr15,76343336,76343364,+
chr15,76351045,76351061,+
chr15,76368706,76368722,+
chr15,76379974,76379989,+
chr15,76538974,76538988,+
chr15,76640364,76640378,+
chr15,76671442,76671457,+
chr15,76701098,76701149,+
chr15,76757867,76757886,+
chr15,76770374,76770415,+
chr15,76800110,76800126,+
chr15,76871613,76871627,+
chr15,76871741,76871779,+
chr15,76948810,76948837,+
chr15,77698552,77698566,+
chr15,77789037,77789051,+
chr15,77789495,77789511,+
chr15,77789727,77789753,+
chr15,77796718,77796740,+
chr15,77798456,77798500,+
chr15,77799790,77799812,+
chr15,77800376,77800405,+
chr15,77801636,77801652,+
chr15,77804925,77804939,+
chr15,77805000,77805021,+
chr15,77830844,77830860,+
chr15,77833082,77833099,+
chr15,77833731,77833747,+
chr15,77837623,77837637,+
chr15,77837896,77837910,+
chr15,77838695,77838714,+
chr15,77838933,77838957,+
chr15,77839164,77839183,+
chr15,77839265,77839299,+
chr15,77850653,77850672,+
chr15,77863881,77863930,+
chr15,77880986,77881002,+
chr15,78174833,78174847,+
chr15,78183233,78183267,+
chr15,78406168,78406182,+
chr15,78494382,78494401,+
chr15,78510953,78510973,+
chr15,78514695,78514719,+
chr15,78528413,78528427,+
chr15,78563794,78563808,+
chr15,78565152,78565177,+
chr15,78566210,78566226,+
chr15,78568558,78568574,+
chr15,78568669,78568697,+
chr15,78570182,78570205,+
chr15,78576829,78576845,+
chr15,78581173,78581189,+
chr15,78581890,78581906,+
chr15,78595188,78595202,+
chr15,78614445,78614461,+
chr15,78799795,78799812,+
chr15,78799894,78799961,+
chr15,78799972,78800015,+
chr15,78800157,78800183,+
chr15,78800219,78800252,+
chr15,78800297,78800319,+
chr15,78800759,78800778,+
chr15,78870067,78870100,+
chr15,78876845,78876859,+
chr15,78913448,78913482,+
chr15,78923320,78923340,+
chr15,78935536,78935551,+
chr15,79053053,79053097,+
chr15,79063285,79063299,+
chr15,79063314,79063334,+
chr15,79323229,79323254,+
chr15,79328726,79328750,+
chr15,79347047,79347063,+
chr15,79347281,79347300,+
chr15,79375140,79375156,+
chr15,79441543,79441562,+
chr15,79441870,79441884,+
chr15,79658869,79658883,+
chr15,79896304,79896340,+
chr15,79901149,79901184,+
chr15,79901486,79901506,+
chr15,79933068,79933086,+
chr15,79933268,79933282,+
chr15,79934064,79934083,+
chr15,79934543,79934562,+
chr15,79934602,79934618,+
chr15,79934693,79934712,+
chr15,79956357,79956381,+
chr15,79956450,79956469,+
chr15,79956479,79956503,+
chr15,79956530,79956552,+
chr15,80066797,80066813,+
chr15,80066820,80066882,+
chr15,80082852,80082871,+
chr15,80503543,80503565,+
chr15,80506012,80506027,+
chr15,80507122,80507136,+
chr15,80513864,80513894,+
chr15,80513896,80513915,+
chr15,80537101,80537128,+
chr15,80538759,80538783,+
chr15,80538867,80538889,+
chr15,80555585,80555607,+
chr15,80572416,80572435,+
chr15,80574481,80574495,+
chr15,80575764,80575784,+
chr15,80578450,80578468,+
chr15,80590691,80590715,+
chr15,80598513,80598527,+
chr15,80599339,80599363,+
chr15,80600149,80600185,+
chr15,80607201,80607244,+
chr15,80608410,80608426,+
chr15,80608509,80608528,+
chr15,80610217,80610233,+
chr15,80610380,80610394,+
chr15,80611614,80611628,+
chr15,80613389,80613414,+
chr15,80614357,80614376,+
chr15,80614440,80614458,+
chr15,80615376,80615395,+
chr15,80615445,80615459,+
chr15,80615622,80615637,+
chr15,80617982,80618006,+
chr15,80619756,80619776,+
chr15,80630407,80630437,+
chr15,80630455,80630474,+
chr15,80639142,80639164,+
chr15,80697428,80697443,+
chr15,80697622,80697639,+
chr15,80710263,80710278,+
chr15,80741965,80741994,+
chr15,80742293,80742309,+
chr15,80743450,80743469,+
chr15,80743583,80743597,+
chr15,80744044,80744068,+
chr15,80744109,80744131,+
chr15,80797685,80797711,+
chr15,80798179,80798193,+
chr15,80798700,80798716,+
chr15,80799660,80799674,+
chr15,80801285,80801301,+
chr15,80814344,80814381,+
chr15,80814544,80814561,+
chr15,80892413,80892427,+
chr15,80892681,80892704,+
chr15,80929991,80930028,+
chr15,80931191,80931210,+
chr15,80931580,80931612,+
chr15,80938622,80938638,+
chr15,80938732,80938751,+
chr15,81037656,81037674,+
chr15,81040817,81040841,+
chr15,81040856,81040880,+
chr15,81040899,81040923,+
chr15,81041329,81041345,+
chr15,81041452,81041468,+
chr15,81097977,81097993,+
chr15,81098162,81098181,+
chr15,81098458,81098498,+
chr15,81098545,81098565,+
chr15,81098711,81098736,+
chr15,81104623,81104637,+
chr15,81104646,81104665,+
chr15,81301025,81301052,+
chr15,81301131,81301151,+
chr15,81301516,81301535,+
chr15,81302295,81302341,+
chr15,81304516,81304536,+
chr15,81304554,81304596,+
chr15,81361165,81361187,+
chr15,81400026,81400042,+
chr15,81539770,81539789,+
chr15,81663709,81663732,+
chr15,81730305,81730319,+
chr15,81730421,81730442,+
chr15,81730494,81730508,+
chr15,81730581,81730595,+
chr15,81745150,81745164,+
chr15,81745253,81745274,+
chr15,81860055,81860075,+
chr15,81960101,81960144,+
chr15,81960181,81960197,+
chr15,82008709,82008777,+
chr15,82016936,82016955,+
chr15,82027810,82027829,+
chr15,82162769,82162816,+
chr15,82165295,82165316,+
chr15,82165320,82165335,+
chr15,82165843,82165857,+
chr15,82166028,82166047,+
chr15,82166734,82166753,+
chr15,82187634,82187648,+
chr15,82187773,82187792,+
chr15,83038489,83038508,+
chr15,83075678,83075727,+
chr15,83076024,83076040,+
chr15,83076498,83076514,+
chr15,83079965,83079999,+
chr15,83080220,83080234,+
chr15,83080295,83080311,+
chr15,83150417,83150433,+
chr15,83150443,83150457,+
chr15,83563235,83563284,+
chr15,83563897,83563916,+
chr15,83572910,83572966,+
chr15,83573128,83573226,+
chr15,83573234,83573260,+
chr15,83573280,83573315,+
chr15,84388866,84388885,+
chr15,85879559,85879574,+
chr15,85977018,85977032,+
chr15,85977037,85977053,+
chr15,85982593,85982612,+
chr15,86181739,86181763,+
chr15,86181764,86181780,+
chr15,86184640,86184668,+
chr15,86343094,86343118,+
chr15,88736277,88736296,+
chr15,88737040,88737062,+
chr15,89131225,89131239,+
chr15,89131421,89131439,+
chr15,89147398,89147437,+
chr15,89149964,89149987,+
chr15,89210266,89210293,+
chr15,89210364,89210379,+
chr15,89210834,89210899,+
chr15,89211024,89211039,+
chr15,89211210,89211266,+
chr15,89287727,89287765,+
chr15,89309864,89309883,+
chr15,89339909,89339950,+
chr15,89339951,89339965,+
chr15,90224119,90224134,+
chr15,91651775,91651791,+
chr15,93251727,93251741,+
chr15,93565585,93565601,+
chr15,93565633,93565685,+
chr15,93941978,93941993,+
chr15,93974498,93974517,+
chr15,93974791,93974810,+
chr15,94188205,94188228,+
chr15,94265936,94265993,+
chr15,94479032,94479061,+
chr15,95791255,95791269,+
chr15,96258087,96258101,+
chr15,96258120,96258155,+
chr15,96258235,96258249,+
chr15,96284863,96284877,+
chr15,96286167,96286186,+
chr15,96288526,96288545,+
chr15,96289206,96289220,+
chr15,96543328,96543354,+
chr15,96641004,96641018,+
chr15,96643545,96643564,+
chr15,96699615,96699634,+
chr15,96710494,96710513,+
chr15,96758099,96758113,+
chr15,96770907,96770934,+
chr15,96778573,96778600,+
chr15,96827431,96827467,+
chr15,96937048,96937062,+
chr15,97246920,97246936,+
chr15,97247910,97247954,+
chr15,97248220,97248234,+
chr15,97287210,97287229,+
chr15,97311626,97311657,+
chr15,97327558,97327586,+
chr15,97327733,97327752,+
chr15,97342203,97342222,+
chr15,97356016,97356031,+
chr15,97356032,97356046,+
chr15,97361826,97361840,+
chr15,97374489,97374508,+
chr15,97374732,97374746,+
chr15,97375249,97375268,+
chr15,97391179,97391193,+
chr15,97391473,97391488,+
chr15,97400754,97400823,+
chr15,97425516,97425532,+
chr15,97429538,97429557,+
chr15,97458826,97458845,+
chr15,97464431,97464453,+
chr15,97464835,97464860,+
chr15,97468295,97468309,+
chr15,97472384,97472398,+
chr15,97520765,97520783,+
chr15,97577780,97577826,+
chr15,97581609,97581672,+
chr15,97666007,97666042,+
chr15,97667657,97667676,+
chr15,97718227,97718243,+
chr15,97825437,97825451,+
chr15,97835798,97835836,+
chr15,97837313,97837345,+
chr15,97837351,97837367,+
chr15,97839695,97839710,+
chr15,97841731,97841763,+
chr15,97841955,97841982,+
chr15,97842266,97842282,+
chr15,97842862,97842899,+
chr15,97849272,97849286,+
chr15,98108365,98108381,+
chr15,98662541,98662557,+
chr15,98762625,98762649,+
chr15,98831900,98831919,+
chr15,98832029,98832048,+
chr15,98832111,98832144,+
chr15,98832481,98832529,+
chr15,98832534,98832560,+
chr15,98832584,98832630,+
chr15,98832703,98832718,+
chr15,98871194,98871220,+
chr15,98872812,98872826,+
chr15,98877616,98877663,+
chr15,98881320,98881345,+
chr15,98881694,98881713,+
chr15,98917274,98917289,+
chr15,98938166,98938180,+
chr15,98952945,98952976,+
chr15,98986005,98986038,+
chr15,98986132,98986154,+
chr15,98992913,98992932,+
chr15,98993823,98993843,+
chr15,98993871,98993901,+
chr15,98993959,98993975,+
chr15,98994219,98994241,+
chr15,99008412,99008428,+
chr15,99009560,99009584,+
chr15,99025012,99025037,+
chr15,99065707,99065727,+
chr15,99075010,99075032,+
chr15,99119865,99119931,+
chr15,99294763,99294810,+
chr15,99333217,99333237,+
chr15,99392553,99392572,+
chr15,99459135,99459160,+
chr15,99459164,99459225,+
chr15,99652762,99652783,+
chr15,99772421,99772440,+
chr15,100041868,100041883,+
chr15,100124370,100124389,+
chr15,100181083,100181111,+
chr15,100183334,100183348,+
chr15,100227452,100227476,+
chr15,100228664,100228678,+
chr15,100312344,100312368,+
chr15,100418722,100418738,+
chr15,100418911,100418931,+
chr15,100418949,100418969,+
chr15,100419095,100419119,+
chr15,100419186,100419205,+
chr15,100420367,100420382,+
chr15,100420824,100420843,+
chr15,100442953,100442974,+
chr15,100539380,100539429,+
chr15,100654728,100654746,+
chr15,100666773,100666816,+
chr15,100667596,100667616,+
chr15,100667623,100667637,+
chr15,100668597,100668632,+
chr15,100701834,100701856,+
chr15,100720238,100720252,+
chr15,100750034,100750070,+
chr15,100750224,100750239,+
chr15,100845017,100845033,+
chr15,100846071,100846085,+
chr15,101173447,101173463,+
chr15,101244342,101244361,+
chr15,101247016,101247031,+
chr15,101250768,101250783,+
chr15,101250812,101250831,+
chr15,101283437,101283453,+
chr15,101284096,101284115,+
chr15,102231654,102231670,+
chr15,102235181,102235208,+
chr15,102237546,102237570,+
chr15,102244186,102244205,+
chr15,102244787,102244801,+
chr15,102245335,102245354,+
chr15,102245846,102245861,+
chr15,102264614,102264659,+
chr15,102264864,102264891,+
chr15,102400039,102400053,+
chr15,102458168,102458183,+
chr15,102458323,102458342,+
chr15,102458857,102458913,+
chr15,102518235,102518275,+
chr15,102526679,102526717,+
chr15,102526761,102526780,+
chr15,102626157,102626171,+
chr15,102671352,102671390,+
chr15,102721109,102721123,+
chr15,102722078,102722100,+
chr15,103163139,103163153,+
chr15,3171345,3171359,-
chr15,3171632,3171669,-
chr15,3171998,3172012,-
chr15,3174011,3174066,-
chr15,3270233,3270249,-
chr15,3271166,3271180,-
chr15,3271209,3271254,-
chr15,3271799,3271829,-
chr15,3310421,3310446,-
chr15,3979713,3979729,-
chr15,4085835,4085854,-
chr15,4125215,4125229,-
chr15,5108583,5108597,-
chr15,5117253,5117275,-
chr15,5143347,5143366,-
chr15,5143466,5143485,-
chr15,5236774,5236818,-
chr15,5237006,5237020,-
chr15,5237045,5237069,-
chr15,5237749,5237787,-
chr15,5414417,5414432,-
chr15,5510102,5510117,-
chr15,5518041,5518055,-
chr15,5518186,5518200,-
chr15,6555177,6555214,-
chr15,6555349,6555369,-
chr15,6568717,6568733,-
chr15,6569021,6569040,-
chr15,6573594,6573608,-
chr15,6578314,6578333,-
chr15,6581704,6581781,-
chr15,6586359,6586374,-
chr15,6590413,6590440,-
chr15,6592156,6592171,-
chr15,6592860,6592874,-
chr15,6593120,6593139,-
chr15,6601255,6601283,-
chr15,6612912,6612931,-
chr15,6613011,6613030,-
chr15,6624881,6624900,-
chr15,6709747,6709773,-
chr15,6709801,6709821,-
chr15,7978774,7978789,-
chr15,7978806,7978822,-
chr15,7987211,7987240,-
chr15,7987392,7987406,-
chr15,8168333,8168391,-
chr15,8168441,8168456,-
chr15,8168546,8168567,-
chr15,8443078,8443094,-
chr15,8443535,8443549,-
chr15,8444943,8444975,-
chr15,8445400,8445428,-
chr15,8445714,8445753,-
chr15,8445860,8445876,-
chr15,8450915,8450934,-
chr15,8450953,8450968,-
chr15,8511886,8511901,-
chr15,9179972,9180041,-
chr15,9180108,9180122,-
chr15,9509959,9509985,-
chr15,9528245,9528271,-
chr15,9533836,9533852,-
chr15,9564128,9564142,-
chr15,9567326,9567345,-
chr15,9572770,9572790,-
chr15,9581311,9581325,-
chr15,9596822,9596846,-
chr15,9600193,9600207,-
chr15,10341361,10341404,-
chr15,10341408,10341475,-
chr15,10341514,10341540,-
chr15,10982129,10982145,-
chr15,11532931,11532950,-
chr15,11533873,11533887,-
chr15,11971934,11971958,-
chr15,12095573,12095591,-
chr15,12095758,12095786,-
chr15,12095803,12096150,-
chr15,12096157,12096326,-
chr15,12117191,12117205,-
chr15,12229639,12229661,-
chr15,12229842,12229885,-
chr15,12230240,12230268,-
chr15,12322441,12322463,-
chr15,12322885,12322904,-
chr15,25216427,25216441,-
chr15,25216629,25216643,-
chr15,25270172,25270187,-
chr15,25314113,25314207,-
chr15,25692425,25692448,-
chr15,25844085,25844101,-
chr15,25845014,25845048,-
chr15,25891499,25891513,-
chr15,27466651,27466667,-
chr15,27518179,27518201,-
chr15,27518647,27518671,-
chr15,27593081,27593100,-
chr15,27600874,27600893,-
chr15,27659756,27659775,-
chr15,27659849,27659874,-
chr15,27668279,27668297,-
chr15,27669238,27669268,-
chr15,27671070,27671084,-
chr15,27702647,27702673,-
chr15,27726496,27726513,-
chr15,27785142,27785159,-
chr15,27785561,27785575,-
chr15,27800928,27800947,-
chr15,27801031,27801051,-
chr15,27924396,27924410,-
chr15,28159139,28159163,-
chr15,30610185,30610201,-
chr15,30610578,30610594,-
chr15,30662172,30662186,-
chr15,30662375,30662391,-
chr15,30662510,30662530,-
chr15,30663703,30663749,-
chr15,30664984,30665033,-
chr15,30672531,30672553,-
chr15,30672890,30672928,-
chr15,30686475,30686490,-
chr15,31167502,31167516,-
chr15,31189550,31189570,-
chr15,31189576,31189610,-
chr15,31189614,31189634,-
chr15,31222191,31222232,-
chr15,31225796,31225828,-
chr15,31226276,31226295,-
chr15,31472742,31472770,-
chr15,31529948,31529967,-
chr15,31532019,31532041,-
chr15,31602384,31602405,-
chr15,34469955,34470021,-
chr15,35071674,35071690,-
chr15,35071826,35071842,-
chr15,35147966,35148014,-
chr15,35529437,35529479,-
chr15,35545001,35545017,-
chr15,36200738,36200799,-
chr15,36214281,36214297,-
chr15,36303279,36303303,-
chr15,36344218,36344234,-
chr15,36345856,36345916,-
chr15,36346296,36346310,-
chr15,36397072,36397103,-
chr15,36458396,36458411,-
chr15,36608840,36608867,-
chr15,36608875,36608897,-
chr15,36639963,36639977,-
chr15,36641536,36641562,-
chr15,36650159,36650185,-
chr15,36708769,36708798,-
chr15,36782170,36782189,-
chr15,36782303,36782327,-
chr15,36791559,36791578,-
chr15,36799967,36799981,-
chr15,36865431,36865462,-
chr15,36866413,36866432,-
chr15,36902411,36902469,-
chr15,36902592,36902621,-
chr15,37783552,37783577,-
chr15,38079338,38079360,-
chr15,38602492,38602515,-
chr15,38602605,38602648,-
chr15,39905198,39905212,-
chr15,41788380,41788394,-
chr15,41830785,41830801,-
chr15,41846780,41846802,-
chr15,41981386,41981439,-
chr15,43476788,43476803,-
chr15,44619875,44619894,-
chr15,44619907,44619922,-
chr15,44620892,44620906,-
chr15,44621221,44621237,-
chr15,49900224,49900261,-
chr15,50361941,50361955,-
chr15,50400286,50400328,-
chr15,50697725,50697758,-
chr15,50698134,50698151,-
chr15,50841986,50842034,-
chr15,50889848,50889892,-
chr15,51736897,51736930,-
chr15,51737101,51737147,-
chr15,51847065,51847084,-
chr15,52740545,52740599,-
chr15,52752704,52752723,-
chr15,52753594,52753626,-
chr15,52754097,52754170,-
chr15,53101205,53101221,-
chr15,53157697,53157716,-
chr15,53267221,53267276,-
chr15,53267278,53267293,-
chr15,53328412,53328433,-
chr15,53724221,53724241,-
chr15,55120728,55120742,-
chr15,55120817,55120836,-
chr15,55121248,55121264,-
chr15,55699961,55699976,-
chr15,55828429,55828448,-
chr15,55828940,55828963,-
chr15,55850529,55850544,-
chr15,55851381,55851400,-
chr15,55851458,55851475,-
chr15,55854604,55854623,-
chr15,55858541,55858596,-
chr15,57693854,57693878,-
chr15,57694087,57694106,-
chr15,57694709,57694769,-
chr15,57695182,57695209,-
chr15,57695422,57695443,-
chr15,57772854,57772870,-
chr15,57773121,57773140,-
chr15,57838946,57838983,-
chr15,57839008,57839027,-
chr15,57839493,57839521,-
chr15,58134394,58134408,-
chr15,58165402,58165417,-
chr15,58175370,58175384,-
chr15,59006919,59006948,-
chr15,59063512,59063532,-
chr15,59090321,59090335,-
chr15,59263372,59263387,-
chr15,59280273,59280289,-
chr15,59280769,59280812,-
chr15,59399265,59399287,-
chr15,59399297,59399319,-
chr15,59600344,59600364,-
chr15,59618394,59618413,-
chr15,59646941,59646975,-
chr15,59647772,59647786,-
chr15,59914416,59914432,-
chr15,59936807,59936826,-
chr15,59950973,59950993,-
chr15,59978327,59978351,-
chr15,59978831,59978845,-
chr15,60096676,60096697,-
chr15,60097772,60097798,-
chr15,60102675,60102703,-
chr15,60112895,60112910,-
chr15,60118382,60118410,-
chr15,60118419,60118433,-
chr15,60119634,60119650,-
chr15,60120556,60120577,-
chr15,60120605,60120624,-
chr15,60123080,60123094,-
chr15,60123378,60123392,-
chr15,60124370,60124389,-
chr15,60125257,60125276,-
chr15,60131361,60131380,-
chr15,60132145,60132164,-
chr15,60134826,60134842,-
chr15,60135225,60135240,-
chr15,60135454,60135470,-
chr15,60136168,60136182,-
chr15,60136816,60136835,-
chr15,60136992,60137006,-
chr15,60141116,60141130,-
chr15,60141966,60141980,-
chr15,60142234,60142254,-
chr15,60142276,60142290,-
chr15,60142629,60142653,-
chr15,61416142,61416161,-
chr15,61423010,61423029,-
chr15,61423519,61423575,-
chr15,61439962,61439977,-
chr15,61440237,61440253,-
chr15,61440284,61440300,-
chr15,61582239,61582259,-
chr15,61582353,61582377,-
chr15,61595042,61595103,-
chr15,61619014,61619033,-
chr15,61670709,61670725,-
chr15,61702148,61702194,-
chr15,61981412,61981426,-
chr15,61983717,61983747,-
chr15,62038969,62038995,-
chr15,62039090,62039118,-
chr15,62092005,62092024,-
chr15,62164038,62164061,-
chr15,62164542,62164644,-
chr15,62164914,62164933,-
chr15,62165358,62165377,-
chr15,62165580,62165594,-
chr15,62165964,62165997,-
chr15,62166821,62166845,-
chr15,62170869,62170948,-
chr15,62171353,62171372,-
chr15,62457405,62457421,-
chr15,62546829,62546843,-
chr15,62699136,62699155,-
chr15,62730357,62730372,-
chr15,62730384,62730399,-
chr15,62807714,62807732,-
chr15,63006045,63006222,-
chr15,63006358,63006394,-
chr15,63006506,63006525,-
chr15,63971940,63971956,-
chr15,64033528,64033542,-
chr15,64077659,64077777,-
chr15,64163754,64163769,-
chr15,64185530,64185544,-
chr15,64185627,64185659,-
chr15,64186337,64186356,-
chr15,64205656,64205675,-
chr15,64279061,64279075,-
chr15,64313295,64313315,-
chr15,64802092,64802162,-
chr15,66445364,66445379,-
chr15,66447643,66447668,-
chr15,66512794,66512826,-
chr15,66513108,66513123,-
chr15,66559057,66559071,-
chr15,66577231,66577245,-
chr15,66789154,66789168,-
chr15,66799642,66799658,-
chr15,66800807,66800821,-
chr15,66800861,66800880,-
chr15,66843006,66843020,-
chr15,66858812,66858850,-
chr15,66865299,66865326,-
chr15,66865406,66865420,-
chr15,67095453,67095472,-
chr15,67174577,67174604,-
chr15,67409181,67409205,-
chr15,67624415,67624498,-
chr15,68258783,68258804,-
chr15,68911995,68912060,-
chr15,72929277,72929293,-
chr15,73091088,73091113,-
chr15,73092810,73092829,-
chr15,73093038,73093057,-
chr15,73163865,73163887,-
chr15,73176302,73176328,-
chr15,74906253,74906269,-
chr15,74918628,74918642,-
chr15,74918949,74918972,-
chr15,74933065,74933129,-
chr15,74934024,74934043,-
chr15,74983637,74983721,-
chr15,74983838,74983857,-
chr15,75116488,75116502,-
chr15,75250255,75250338,-
chr15,75842203,75842223,-
chr15,75921127,75921151,-
chr15,75969562,75969576,-
chr15,76192810,76192826,-
chr15,76239147,76239161,-
chr15,76247744,76247775,-
chr15,76294276,76294296,-
chr15,76312676,76312690,-
chr15,76317482,76317507,-
chr15,76326798,76326812,-
chr15,76343364,76343379,-
chr15,76364284,76364436,-
chr15,76364540,76364660,-
chr15,76380009,76380055,-
chr15,76626263,76626277,-
chr15,76640220,76640234,-
chr15,76698335,76698349,-
chr15,76724102,76724116,-
chr15,76770722,76770738,-
chr15,76900015,76900029,-
chr15,77698330,77698344,-
chr15,77698817,77698836,-
chr15,77698857,77698879,-
chr15,77699209,77699225,-
chr15,77790195,77790214,-
chr15,77799962,77799976,-
chr15,77816367,77816387,-
chr15,77835060,77835095,-
chr15,77835564,77835579,-
chr15,77838542,77838562,-
chr15,77838848,77838910,-
chr15,77839137,77839166,-
chr15,77840397,77840440,-
chr15,78233856,78233950,-
chr15,78233991,78234019,-
chr15,78528373,78528400,-
chr15,78558233,78558248,-
chr15,78558352,78558376,-
chr15,78566242,78566318,-
chr15,78577083,78577117,-
chr15,78580677,78580691,-
chr15,78582046,78582063,-
chr15,78594913,78594942,-
chr15,78596885,78596905,-
chr15,78869813,78869831,-
chr15,78928530,78928558,-
chr15,79030838,79030857,-
chr15,79074686,79074700,-
chr15,79074825,79074876,-
chr15,79115211,79115227,-
chr15,79209111,79209130,-
chr15,79348098,79348114,-
chr15,79374767,79374783,-
chr15,79894409,79894424,-
chr15,79894459,79894487,-
chr15,79895869,79895888,-
chr15,79900242,79900258,-
chr15,79901299,79901319,-
chr15,79901370,79901384,-
chr15,79901635,79901663,-
chr15,79935152,79935172,-
chr15,79950460,79950517,-
chr15,79950540,79950564,-
chr15,80009831,80009845,-
chr15,80053355,80053398,-
chr15,80083926,80083940,-
chr15,80149230,80149250,-
chr15,80192067,80192083,-
chr15,80555050,80555072,-
chr15,80567584,80567604,-
chr15,80573248,80573267,-
chr15,80573936,80573964,-
chr15,80576634,80576653,-
chr15,80576780,80576806,-
chr15,80577364,80577382,-
chr15,80577419,80577446,-
chr15,80582908,80582924,-
chr15,80589755,80589775,-
chr15,80590076,80590091,-
chr15,80598780,80598794,-
chr15,80601079,80601101,-
chr15,80602405,80602439,-
chr15,80603537,80603566,-
chr15,80610347,80610367,-
chr15,80611989,80612044,-
chr15,80612795,80612833,-
chr15,80613638,80613657,-
chr15,80613876,80613891,-
chr15,80613896,80613915,-
chr15,80615792,80615808,-
chr15,80619781,80619796,-
chr15,80711261,80711275,-
chr15,80711294,80711325,-
chr15,80735553,80735572,-
chr15,80735621,80735640,-
chr15,80735704,80735718,-
chr15,80741767,80741782,-
chr15,80798123,80798139,-
chr15,80798159,80798184,-
chr15,80798194,80798208,-
chr15,80800586,80800600,-
chr15,80800601,80800619,-
chr15,80800835,80800857,-
chr15,80800953,80800982,-
chr15,80814055,80814084,-
chr15,80814104,80814120,-
chr15,80814318,80814337,-
chr15,80897208,80897247,-
chr15,80924389,80924434,-
chr15,80930942,80930970,-
chr15,80931014,80931059,-
chr15,80931065,80931092,-
chr15,81043980,81044020,-
chr15,81189795,81189810,-
chr15,81539595,81539645,-
chr15,81729914,81729937,-
chr15,81745249,81745264,-
chr15,81810499,81810526,-
chr15,81858591,81858618,-
chr15,81859456,81859470,-
chr15,81859725,81859744,-
chr15,81961315,81961344,-
chr15,82111953,82111968,-
chr15,82146133,82146152,-
chr15,82166208,82166234,-
chr15,82167256,82167278,-
chr15,82186574,82186588,-
chr15,82187810,82187835,-
chr15,82187860,82187879,-
chr15,82187956,82187985,-
chr15,82188108,82188147,-
chr15,82244816,82244848,-
chr15,83563128,83563158,-
chr15,83601952,83601971,-
chr15,83603345,83603389,-
chr15,84331595,84331611,-
chr15,84331617,84331637,-
chr15,84993508,84993535,-
chr15,84993547,84993621,-
chr15,85828931,85828945,-
chr15,85829079,85829093,-
chr15,85977125,85977141,-
chr15,86007918,86007937,-
chr15,86062590,86062605,-
chr15,86066935,86066955,-
chr15,86172453,86172472,-
chr15,86182634,86182662,-
chr15,86345101,86345116,-
chr15,89196835,89196855,-
chr15,89210672,89210700,-
chr15,89309468,89309483,-
chr15,92134255,92134270,-
chr15,93179479,93179497,-
chr15,93337646,93337665,-
chr15,93596117,93596132,-
chr15,93974772,93974791,-
chr15,94187851,94187865,-
chr15,94231304,94231323,-
chr15,94231407,94231428,-
chr15,94254892,94254911,-
chr15,94265996,94266010,-
chr15,94501812,94501828,-
chr15,94501924,94502055,-
chr15,94502058,94502527,-
chr15,94502736,94502750,-
chr15,94502757,94502772,-
chr15,95885156,95885180,-
chr15,96286207,96286222,-
chr15,96288708,96288736,-
chr15,96297502,96297525,-
chr15,96298053,96298080,-
chr15,96498029,96498074,-
chr15,96593257,96593273,-
chr15,96599652,96599668,-
chr15,96637896,96637920,-
chr15,96638616,96638659,-
chr15,96638661,96638686,-
chr15,96654655,96654686,-
chr15,96655210,96655248,-
chr15,96698574,96698590,-
chr15,96699514,96699539,-
chr15,96710341,96710376,-
chr15,96710429,96710445,-
chr15,96771073,96771093,-
chr15,96937033,96937047,-
chr15,96944536,96944570,-
chr15,97246831,97246854,-
chr15,97287358,97287374,-
chr15,97311434,97311448,-
chr15,97311591,97311613,-
chr15,97342935,97342954,-
chr15,97343618,97343634,-
chr15,97372358,97372380,-
chr15,97372410,97372438,-
chr15,97372458,97372477,-
chr15,97372578,97372594,-
chr15,97373196,97373231,-
chr15,97373244,97373276,-
chr15,97373895,97373910,-
chr15,97374163,97374203,-
chr15,97375070,97375093,-
chr15,97378311,97378325,-
chr15,97378464,97378478,-
chr15,97390882,97390929,-
chr15,97391213,97391227,-
chr15,97391494,97391509,-
chr15,97401111,97401130,-
chr15,97423972,97423994,-
chr15,97424646,97424661,-
chr15,97429244,97429263,-
chr15,97459278,97459330,-
chr15,97464532,97464547,-
chr15,97465226,97465244,-
chr15,97468144,97468160,-
chr15,97468821,97468838,-
chr15,97470048,97470063,-
chr15,97498551,97498566,-
chr15,97501455,97501471,-
chr15,97501862,97501889,-
chr15,97506721,97506787,-
chr15,97573985,97574000,-
chr15,97577930,97577946,-
chr15,97667621,97667635,-
chr15,97833648,97833664,-
chr15,97835654,97835670,-
chr15,97849099,97849134,-
chr15,98089468,98089488,-
chr15,98399808,98399869,-
chr15,98567608,98567623,-
chr15,98568311,98568327,-
chr15,98610251,98610271,-
chr15,98623240,98623267,-
chr15,98623362,98623390,-
chr15,98663208,98663225,-
chr15,98663235,98663251,-
chr15,98831682,98831696,-
chr15,98831944,98831960,-
chr15,98918556,98918600,-
chr15,98927767,98927796,-
chr15,98954066,98954097,-
chr15,98956308,98956324,-
chr15,98956964,98957031,-
chr15,98957328,98957352,-
chr15,98957575,98957591,-
chr15,98985059,98985090,-
chr15,98985095,98985109,-
chr15,98985297,98985321,-
chr15,99008592,99008640,-
chr15,99009277,99009291,-
chr15,99024868,99024884,-
chr15,99185544,99185560,-
chr15,99185665,99185684,-
chr15,99185724,99185779,-
chr15,99185783,99185847,-
chr15,99252259,99252278,-
chr15,99393818,99393843,-
chr15,99416785,99416833,-
chr15,99458802,99458817,-
chr15,99576676,99576718,-
chr15,99643971,99643986,-
chr15,99972453,99972467,-
chr15,100042377,100042401,-
chr15,100042574,100042596,-
chr15,100060570,100060592,-
chr15,100060955,100060971,-
chr15,100119436,100119460,-
chr15,100123936,100123955,-
chr15,100124186,100124209,-
chr15,100124353,100124369,-
chr15,100180185,100180199,-
chr15,100181192,100181229,-
chr15,100182828,100182842,-
chr15,100183350,100183366,-
chr15,100228747,100228787,-
chr15,100539657,100539675,-
chr15,100664803,100664822,-
chr15,100665374,100665391,-
chr15,100665706,100665722,-
chr15,100667758,100667789,-
chr15,100667954,100667973,-
chr15,100705563,100705578,-
chr15,100706044,100706063,-
chr15,100747563,100747588,-
chr15,100748046,100748062,-
chr15,100750072,100750087,-
chr15,100750482,100750501,-
chr15,100750765,100750780,-
chr15,100750785,100750800,-
chr15,100760150,100760197,-
chr15,100845961,100845985,-
chr15,100846312,100846326,-
chr15,100905313,100905344,-
chr15,100905456,100905475,-
chr15,100905633,100905647,-
chr15,100905688,100905712,-
chr15,101191106,101191138,-
chr15,101195900,101195975,-
chr15,101196003,101196137,-
chr15,101246037,101246061,-
chr15,101246137,101246151,-
chr15,101246890,101246914,-
chr15,101247146,101247178,-
chr15,101257568,101257584,-
chr15,101257620,101257639,-
chr15,101274702,101274718,-
chr15,101284449,101284463,-
chr15,102208246,102208265,-
chr15,102225585,102225629,-
chr15,102236897,102236925,-
chr15,102237112,102237173,-
chr15,102245359,102245406,-
chr15,102287701,102287715,-
chr15,102295994,102296013,-
chr15,102350885,102350909,-
chr15,102378249,102378268,-
chr15,102399189,102399218,-
chr15,102407127,102407144,-
chr15,102458194,102458214,-
chr15,102458527,102458561,-
chr15,102459413,102459460,-
chr15,102459859,102459887,-
chr15,102470181,102470195,-
chr15,102526209,102526231,-
chr15,102526982,102526996,-
chr15,102671567,102671598,-
chr15,103165553,103165569,-
chr16,4074970,4074992,+
chr16,4212753,4212778,+
chr16,4213984,4214004,+
chr16,4542248,4542270,+
chr16,4542324,4542346,+
chr16,4560094,4560111,+
chr16,4624521,4624540,+
chr16,4674584,4674629,+
chr16,4683898,4683912,+
chr16,4736345,4736377,+
chr16,4790560,4790576,+
chr16,4913876,4913891,+
chr16,5256562,5256576,+
chr16,5279419,5279447,+
chr16,5279456,5279535,+
chr16,5279579,5279594,+
chr16,5446319,5446333,+
chr16,5453943,5453958,+
chr16,5453978,5453993,+
chr16,8636907,8636923,+
chr16,8637578,8637592,+
chr16,8719426,8719442,+
chr16,8840733,8840764,+
chr16,10411616,10411672,+
chr16,10543434,10543448,+
chr16,10543574,10543590,+
chr16,10543738,10543789,+
chr16,10585626,10585640,+
chr16,10740932,10740970,+
chr16,10770975,10770989,+
chr16,10773283,10773298,+
chr16,10773425,10773468,+
chr16,10802111,10802135,+
chr16,10830803,10830828,+
chr16,10835696,10835710,+
chr16,10845088,10845132,+
chr16,10846800,10846822,+
chr16,10969382,10969398,+
chr16,11065921,11065940,+
chr16,11158116,11158150,+
chr16,11158157,11158178,+
chr16,11177664,11177678,+
chr16,11500986,11501000,+
chr16,13160186,13160210,+
chr16,13796539,13796559,+
chr16,14159879,14159893,+
chr16,14160087,14160102,+
chr16,15594656,15594673,+
chr16,15636789,15636808,+
chr16,16146456,16146482,+
chr16,17069660,17069674,+
chr16,17110814,17110833,+
chr16,17146752,17146772,+
chr16,17146790,17146814,+
chr16,17727524,17727548,+
chr16,18249248,18249267,+
chr16,18498461,18498483,+
chr16,19761506,19761532,+
chr16,19961290,19961312,+
chr16,19976932,19976951,+
chr16,19981373,19981387,+
chr16,19982236,19982260,+
chr16,19984738,19984766,+
chr16,19985525,19985565,+
chr16,19985586,19985600,+
chr16,20425790,20425840,+
chr16,20459179,20459194,+
chr16,20462749,20462795,+
chr16,20534984,20535003,+
chr16,20535067,20535081,+
chr16,20930111,20930131,+
chr16,20956625,20956680,+
chr16,20958792,20958807,+
chr16,20958838,20958854,+
chr16,21793907,21793940,+
chr16,22009071,22009090,+
chr16,22264664,22264681,+
chr16,22264720,22264734,+
chr16,22265530,22265544,+
chr16,22368129,22368208,+
chr16,22387830,22387863,+
chr16,22387872,22387894,+
chr16,22438714,22438752,+
chr16,22466857,22466881,+
chr16,23127549,23127568,+
chr16,23135474,23135541,+
chr16,23135553,23135577,+
chr16,23135658,23135677,+
chr16,23144247,23144407,+
chr16,23144984,23145043,+
chr16,23165515,23165529,+
chr16,23175171,23175190,+
chr16,23182398,23182422,+
chr16,23195720,23195739,+
chr16,23196076,23196095,+
chr16,23224440,23224454,+
chr16,23225752,23225782,+
chr16,23228191,23228210,+
chr16,23236522,23236590,+
chr16,23274791,23274807,+
chr16,23306215,23306245,+
chr16,23329124,23329144,+
chr16,23375025,23375044,+
chr16,23379626,23379652,+
chr16,23379956,23379975,+
chr16,23414234,23414252,+
chr16,23609707,23609733,+
chr16,23879262,23879332,+
chr16,23983543,23983597,+
chr16,23986786,23986800,+
chr16,23987585,23987624,+
chr16,23987872,23987896,+
chr16,23988230,23988244,+
chr16,23988252,23988271,+
chr16,23988456,23988471,+
chr16,23988556,23988571,+
chr16,23989154,23989169,+
chr16,23991229,23991249,+
chr16,23991629,23991645,+
chr16,24092136,24092152,+
chr16,24092498,24092512,+
chr16,24154263,24154287,+
chr16,24171470,24171490,+
chr16,24223272,24223287,+
chr16,24391273,24391292,+
chr16,24392524,24392539,+
chr16,24539315,24539329,+
chr16,24597326,24597344,+
chr16,24909700,24909719,+
chr16,24910683,24910702,+
chr16,24910939,24910964,+
chr16,25249094,25249110,+
chr16,25426391,25426428,+
chr16,27388539,27388584,+
chr16,29713156,29713185,+
chr16,29713193,29713217,+
chr16,29834661,29834677,+
chr16,29834943,29834962,+
chr16,30187901,30187915,+
chr16,30453556,30453570,+
chr16,30453615,30453641,+
chr16,30504594,30504608,+
chr16,30504629,30504649,+
chr16,30510269,30510288,+
chr16,30535060,30535079,+
chr16,31074938,31074998,+
chr16,31075141,31075157,+
chr16,31191555,31191569,+
chr16,31297297,31297313,+
chr16,31428432,31428446,+
chr16,32087518,32087532,+
chr16,32087562,32087581,+
chr16,32107574,32107593,+
chr16,32111073,32111107,+
chr16,32111144,32111160,+
chr16,32129814,32129836,+
chr16,32130902,32130926,+
chr16,32175532,32175547,+
chr16,32277302,32277317,+
chr16,32331830,32331849,+
chr16,32331928,32331952,+
chr16,32333102,32333116,+
chr16,32522183,32522231,+
chr16,32522367,32522381,+
chr16,32541202,32541226,+
chr16,32541350,32541453,+
chr16,32608506,32608522,+
chr16,32750612,32750635,+
chr16,32750896,32750911,+
chr16,32751007,32751022,+
chr16,32751328,32751354,+
chr16,32949296,32949310,+
chr16,32949473,32949491,+
chr16,32954419,32954435,+
chr16,32972913,32972931,+
chr16,33024092,33024110,+
chr16,33181792,33181853,+
chr16,33181925,33181939,+
chr16,33261575,33261603,+
chr16,33261851,33261876,+
chr16,33261955,33261970,+
chr16,33268236,33268250,+
chr16,33271972,33272004,+
chr16,33371450,33371465,+
chr16,33556977,33557047,+
chr16,33584448,33584470,+
chr16,33714084,33714103,+
chr16,33714176,33714195,+
chr16,33714460,33714476,+
chr16,33747354,33747394,+
chr16,33747873,33747896,+
chr16,33988534,33988553,+
chr16,34026335,34026365,+
chr16,34026445,34026508,+
chr16,35742221,35742235,+
chr16,35742576,35742590,+
chr16,35747254,35747273,+
chr16,35765165,35765181,+
chr16,35765746,35765765,+
chr16,35870059,35870077,+
chr16,35870896,35870912,+
chr16,35870953,35870977,+
chr16,35871500,35871549,+
chr16,35938156,35938176,+
chr16,35938204,35938250,+
chr16,35939454,35939473,+
chr16,35949149,35949169,+
chr16,36588076,36588095,+
chr16,36588194,36588209,+
chr16,36666385,36666410,+
chr16,36666998,36667022,+
chr16,36681871,36681895,+
chr16,36684324,36684362,+
chr16,36927483,36927497,+
chr16,37093936,37093960,+
chr16,38131338,38131366,+
chr16,38131691,38131711,+
chr16,38346841,38346878,+
chr16,38523240,38523265,+
chr16,38562645,38562686,+
chr16,42190162,42190182,+
chr16,42875294,42875318,+
chr16,42875395,42875411,+
chr16,42876490,42876518,+
chr16,42876537,42876577,+
chr16,42907955,42907969,+
chr16,43664301,43664317,+
chr16,43708249,43708263,+
chr16,43709506,43709526,+
chr16,43889502,43889516,+
chr16,43979181,43979197,+
chr16,44140970,44140994,+
chr16,44172404,44172428,+
chr16,44320274,44320308,+
chr16,44333016,44333035,+
chr16,44337001,44337015,+
chr16,44337538,44337552,+
chr16,44338039,44338053,+
chr16,44347190,44347206,+
chr16,44735830,44735849,+
chr16,44745766,44745786,+
chr16,44965402,44965422,+
chr16,44999914,44999964,+
chr16,45007551,45007577,+
chr16,45016794,45016808,+
chr16,45016903,45016922,+
chr16,45019082,45019098,+
chr16,45158506,45158569,+
chr16,45222766,45222787,+
chr16,45251904,45251923,+
chr16,45382015,45382034,+
chr16,45382116,45382130,+
chr16,45802585,45802653,+
chr16,45942439,45942458,+
chr16,45942484,45942498,+
chr16,45998458,45998515,+
chr16,45998848,45998881,+
chr16,46001494,46001510,+
chr16,46001828,46001843,+
chr16,46008591,46008665,+
chr16,46009430,46009460,+
chr16,46009607,46009626,+
chr16,46022963,46022979,+
chr16,46022985,46023018,+
chr16,46103238,46103257,+
chr16,46103270,46103290,+
chr16,46104393,46104408,+
chr16,46120412,46120431,+
chr16,48594451,48594465,+
chr16,48594487,48594503,+
chr16,48672033,48672049,+
chr16,48754912,48754926,+
chr16,48755066,48755116,+
chr16,48772342,48772370,+
chr16,48788916,48788930,+
chr16,48994193,48994209,+
chr16,49503432,49503480,+
chr16,49503567,49503585,+
chr16,49503689,49503717,+
chr16,49503979,49503993,+
chr16,49698851,49698870,+
chr16,49766523,49766537,+
chr16,49771957,49771981,+
chr16,49772015,49772035,+
chr16,49772735,49772751,+
chr16,49801789,49801812,+
chr16,49818559,49818593,+
chr16,49819085,49819104,+
chr16,49819202,49819222,+
chr16,49839367,49839399,+
chr16,49839568,49839582,+
chr16,49855076,49855098,+
chr16,49857430,49857450,+
chr16,49962489,49962508,+
chr16,50364165,50364184,+
chr16,50373116,50373135,+
chr16,50430866,50430890,+
chr16,50632767,50632782,+
chr16,50719074,50719205,+
chr16,50736838,50736862,+
chr16,50841641,50841764,+
chr16,51675159,51675186,+
chr16,51675273,51675288,+
chr16,51691412,51691426,+
chr16,51691477,51691492,+
chr16,51705417,51705433,+
chr16,51705856,51705870,+
chr16,51705896,51705915,+
chr16,51718619,51718635,+
chr16,51718865,51718880,+
chr16,51895562,51895631,+
chr16,51895644,51895693,+
chr16,52056312,52056326,+
chr16,52064859,52064878,+
chr16,52090704,52090723,+
chr16,52143003,52143022,+
chr16,52143325,52143344,+
chr16,52143452,52143466,+
chr16,52182160,52182179,+
chr16,52182205,52182239,+
chr16,52199769,52199783,+
chr16,52200850,52200864,+
chr16,52468430,52468458,+
chr16,55631420,55631434,+
chr16,55637239,55637253,+
chr16,55820858,55820872,+
chr16,55820879,55820898,+
chr16,55838280,55838302,+
chr16,55839501,55839540,+
chr16,55852970,55852989,+
chr16,55863270,55863289,+
chr16,55863400,55863431,+
chr16,55934108,55934128,+
chr16,55934190,55934212,+
chr16,55947935,55947954,+
chr16,55948078,55948092,+
chr16,55948112,55948134,+
chr16,55948924,55948939,+
chr16,55949170,55949191,+
chr16,55952043,55952057,+
chr16,55952183,55952208,+
chr16,55952436,55952469,+
chr16,55953239,55953254,+
chr16,55966172,55966191,+
chr16,56029045,56029064,+
chr16,56068595,56068609,+
chr16,56070251,56070341,+
chr16,56075045,56075067,+
chr16,57231903,57231919,+
chr16,57332704,57332759,+
chr16,57332768,57332782,+
chr16,57332795,57332809,+
chr16,57332887,57332901,+
chr16,57422872,57422888,+
chr16,57465300,57465319,+
chr16,57470707,57470726,+
chr16,57470870,57470890,+
chr16,57470912,57470926,+
chr16,57495564,57495578,+
chr16,57495799,57495813,+
chr16,58543042,58543060,+
chr16,59515667,59515681,+
chr16,59515929,59515986,+
chr16,59517480,59517499,+
chr16,59639710,59639724,+
chr16,60075624,60075688,+
chr16,62786358,62786372,+
chr16,62940732,62940764,+
chr16,64647793,64647807,+
chr16,64757281,64757305,+
chr16,64767159,64767178,+
chr16,64770234,64770262,+
chr16,64789982,64789996,+
chr16,64836241,64836262,+
chr16,64836376,64836396,+
chr16,64836675,64836691,+
chr16,64836832,64836854,+
chr16,64873282,64873331,+
chr16,64873780,64873796,+
chr16,64874397,64874411,+
chr16,69085556,69085621,+
chr16,70365445,70365476,+
chr16,75767567,75767582,+
chr16,76185030,76185106,+
chr16,76246586,76246600,+
chr16,76310275,76310310,+
chr16,76323191,76323223,+
chr16,76323411,76323444,+
chr16,76324030,76324063,+
chr16,76346281,76346295,+
chr16,76354681,76354695,+
chr16,76366198,76366221,+
chr16,76370807,76370827,+
chr16,76371072,76371088,+
chr16,76371618,76371644,+
chr16,76372163,76372181,+
chr16,76373970,76373985,+
chr16,76374311,76374325,+
chr16,76422860,76422899,+
chr16,76679553,76679568,+
chr16,76711339,76711433,+
chr16,78200359,78200373,+
chr16,78200486,78200508,+
chr16,78490392,78490416,+
chr16,78490647,78490663,+
chr16,78531951,78531985,+
chr16,78540415,78540432,+
chr16,78540724,78540744,+
chr16,78540932,78540956,+
chr16,78547478,78547507,+
chr16,78553226,78553242,+
chr16,78553320,78553354,+
chr16,78557742,78557756,+
chr16,78563042,78563061,+
chr16,78573105,78573127,+
chr16,78573433,78573448,+
chr16,78573449,78573473,+
chr16,78577804,78577822,+
chr16,84583718,84583737,+
chr16,84584028,84584044,+
chr16,84584172,84584187,+
chr16,84621254,84621274,+
chr16,84703184,84703204,+
chr16,84835218,84835259,+
chr16,84950312,84950359,+
chr16,84990419,84990433,+
chr16,87661862,87661884,+
chr16,87662172,87662192,+
chr16,87700702,87700722,+
chr16,87700730,87700750,+
chr16,87713058,87713072,+
chr16,87725885,87725902,+
chr16,87836522,87836547,+
chr16,87836636,87836674,+
chr16,87836675,87836716,+
chr16,87836720,87836782,+
chr16,87836788,87836854,+
chr16,87836858,87836906,+
chr16,87836907,87837132,+
chr16,87837136,87837171,+
chr16,87837173,87837223,+
chr16,89905917,89905941,+
chr16,89938087,89938102,+
chr16,89940270,89940286,+
chr16,89986572,89986591,+
chr16,89996321,89996335,+
chr16,90005309,90005333,+
chr16,90143504,90143523,+
chr16,90194345,90194359,+
chr16,90194445,90194459,+
chr16,90194505,90194519,+
chr16,90194545,90194559,+
chr16,90194645,90194659,+
chr16,90194745,90194759,+
chr16,90198102,90198126,+
chr16,90220256,90220282,+
chr16,90935033,90935055,+
chr16,91057174,91057193,+
chr16,91366420,91366436,+
chr16,91366672,91366689,+
chr16,91374133,91374147,+
chr16,91374612,91374647,+
chr16,91405863,91405879,+
chr16,91406614,91406628,+
chr16,91433501,91433526,+
chr16,91443688,91443757,+
chr16,91443778,91443803,+
chr16,91445867,91445889,+
chr16,91448696,91448754,+
chr16,91450314,91450330,+
chr16,91457909,91457948,+
chr16,91460190,91460205,+
chr16,91460211,91460235,+
chr16,91460432,91460454,+
chr16,91461492,91461525,+
chr16,91464762,91464778,+
chr16,91465433,91465460,+
chr16,91466191,91466205,+
chr16,91513101,91513123,+
chr16,91596456,91596490,+
chr16,91598202,91598216,+
chr16,91685490,91685529,+
chr16,91931875,91931901,+
chr16,92058958,92058981,+
chr16,92639680,92639706,+
chr16,92641208,92641236,+
chr16,92715497,92715549,+
chr16,92779767,92779822,+
chr16,92780008,92780037,+
chr16,92783888,92783921,+
chr16,92802618,92802634,+
chr16,92818513,92818537,+
chr16,92821596,92821614,+
chr16,92822035,92822054,+
chr16,92823960,92823976,+
chr16,92824982,92825008,+
chr16,92825556,92825570,+
chr16,92825848,92825864,+
chr16,92825874,92825901,+
chr16,92826267,92826303,+
chr16,92869018,92869037,+
chr16,92869064,92869096,+
chr16,92869112,92869126,+
chr16,92869132,92869197,+
chr16,92979984,92979999,+
chr16,93392378,93392394,+
chr16,93446969,93446989,+
chr16,93543773,93543789,+
chr16,93551967,93551991,+
chr16,93572167,93572266,+
chr16,93573087,93573103,+
chr16,93573147,93573195,+
chr16,93573219,93573239,+
chr16,93573251,93573267,+
chr16,93573303,93573320,+
chr16,93573332,93573348,+
chr16,93573370,93573390,+
chr16,93573416,93573440,+
chr16,93574902,93574916,+
chr16,93575117,93575131,+
chr16,93767650,93767678,+
chr16,93816870,93816884,+
chr16,94067272,94067289,+
chr16,94185396,94185410,+
chr16,94238950,94238964,+
chr16,94239955,94239971,+
chr16,94240055,94240080,+
chr16,94240899,94240915,+
chr16,94245973,94245992,+
chr16,94254648,94254665,+
chr16,94256088,94256102,+
chr16,94369932,94369948,+
chr16,94370582,94370598,+
chr16,94568890,94568932,+
chr16,94581127,94581152,+
chr16,94589586,94589600,+
chr16,94600420,94600434,+
chr16,94600534,94600566,+
chr16,95263197,95263216,+
chr16,95263321,95263336,+
chr16,95749530,95749544,+
chr16,95750410,95750437,+
chr16,95750516,95750535,+
chr16,95750678,95750705,+
chr16,95770566,95770581,+
chr16,95778807,95778826,+
chr16,95778860,95778879,+
chr16,95798571,95798605,+
chr16,95820889,95820904,+
chr16,95820907,95820921,+
chr16,95821151,95821167,+
chr16,96081026,96081045,+
chr16,96087051,96087077,+
chr16,96145040,96145054,+
chr16,96341396,96341410,+
chr16,97310203,97310227,+
chr16,97535224,97535238,+
chr16,3895439,3895454,-
chr16,4726055,4726072,-
chr16,4880476,4880492,-
chr16,4881342,4881357,-
chr16,4881393,4881414,-
chr16,5233686,5233701,-
chr16,5255303,5255322,-
chr16,5452240,5452259,-
chr16,5452489,5452505,-
chr16,8470530,8470544,-
chr16,8631602,8631626,-
chr16,8823785,8823799,-
chr16,8829788,8829807,-
chr16,8840862,8840876,-
chr16,8841013,8841040,-
chr16,10536604,10536720,-
chr16,10543402,10543419,-
chr16,10543542,10543557,-
chr16,10544790,10544812,-
chr16,10585588,10585607,-
chr16,10669225,10669239,-
chr16,10770810,10770827,-
chr16,10802437,10802456,-
chr16,10815401,10815423,-
chr16,10844457,10844473,-
chr16,11073470,11073485,-
chr16,11073600,11073619,-
chr16,11157800,11157819,-
chr16,11254770,11254787,-
chr16,11526823,11526858,-
chr16,11909033,11909055,-
chr16,13376426,13376480,-
chr16,13376482,13376503,-
chr16,13376533,13376565,-
chr16,13437513,13437532,-
chr16,13671431,13671447,-
chr16,13672392,13672411,-
chr16,13672828,13672847,-
chr16,13796729,13796748,-
chr16,13796756,13796770,-
chr16,14159208,14159222,-
chr16,14160130,14160146,-
chr16,14378885,14378904,-
chr16,16302442,16302461,-
chr16,16358444,16358463,-
chr16,16829621,16829635,-
chr16,16870519,16870533,-
chr16,17276017,17276060,-
chr16,17452018,17452033,-
chr16,18235347,18235367,-
chr16,18498215,18498231,-
chr16,18858766,18858802,-
chr16,19762074,19762135,-
chr16,19959706,19959760,-
chr16,19959765,19959815,-
chr16,19983326,19983342,-
chr16,19984769,19984802,-
chr16,19985370,19985386,-
chr16,20098491,20098513,-
chr16,20302599,20302613,-
chr16,20458579,20458598,-
chr16,20956610,20956629,-
chr16,21835903,21835927,-
chr16,21836047,21836061,-
chr16,22119430,22119446,-
chr16,22266285,22266304,-
chr16,22387944,22387958,-
chr16,22440226,22440240,-
chr16,22466363,22466379,-
chr16,22466574,22466592,-
chr16,23087907,23087926,-
chr16,23087990,23088033,-
chr16,23102740,23102756,-
chr16,23135680,23135695,-
chr16,23144007,23144021,-
chr16,23151515,23151534,-
chr16,23165973,23165996,-
chr16,23171418,23171438,-
chr16,23171593,23171626,-
chr16,23174693,23174711,-
chr16,23182518,23182532,-
chr16,23226920,23226938,-
chr16,23227298,23227312,-
chr16,23228254,23228285,-
chr16,23228398,23228417,-
chr16,23262938,23262961,-
chr16,23264034,23264053,-
chr16,23285971,23285987,-
chr16,23286007,23286027,-
chr16,23296818,23296832,-
chr16,23379494,23379523,-
chr16,23379740,23379783,-
chr16,23403286,23403300,-
chr16,23414155,23414169,-
chr16,23984574,23984598,-
chr16,23985540,23985589,-
chr16,23986593,23986619,-
chr16,23986853,23986881,-
chr16,23989227,23989255,-
chr16,23989339,23989361,-
chr16,23989673,23989702,-
chr16,23991539,23991574,-
chr16,24151579,24151594,-
chr16,24151621,24151635,-
chr16,24151729,24151748,-
chr16,24154285,24154304,-
chr16,24154358,24154386,-
chr16,24154409,24154425,-
chr16,24154922,24154936,-
chr16,24171196,24171217,-
chr16,24186068,24186095,-
chr16,24263156,24263187,-
chr16,24263199,24263215,-
chr16,24629231,24629260,-
chr16,24909795,24909809,-
chr16,24910239,24910255,-
chr16,24910303,24910323,-
chr16,25249215,25249263,-
chr16,27388648,27388664,-
chr16,29835058,29835114,-
chr16,30177600,30177663,-
chr16,30177854,30177869,-
chr16,30453850,30453866,-
chr16,30942993,30943012,-
chr16,31297370,31297385,-
chr16,32078116,32078132,-
chr16,32078253,32078269,-
chr16,32078530,32078544,-
chr16,32108196,32108212,-
chr16,32108661,32108675,-
chr16,32108846,32108937,-
chr16,32111321,32111337,-
chr16,32115713,32115750,-
chr16,32163797,32163813,-
chr16,32163966,32163990,-
chr16,32164289,32164309,-
chr16,32164317,32164359,-
chr16,32247311,32247325,-
chr16,32332246,32332261,-
chr16,32333435,32333457,-
chr16,32433851,32433868,-
chr16,32434039,32434053,-
chr16,32434063,32434092,-
chr16,32434383,32434410,-
chr16,32434419,32434439,-
chr16,32434504,32434566,-
chr16,32643742,32643756,-
chr16,32645122,32645137,-
chr16,32868614,32868628,-
chr16,32913912,32913934,-
chr16,32949182,32949218,-
chr16,32949484,32949532,-
chr16,32953669,32953711,-
chr16,33012284,33012320,-
chr16,33260747,33260761,-
chr16,33261368,33261382,-
chr16,33267527,33267541,-
chr16,33272093,33272118,-
chr16,33337536,33337563,-
chr16,33337748,33337784,-
chr16,33371165,33371204,-
chr16,33371474,33371497,-
chr16,33557120,33557134,-
chr16,33694554,33694570,-
chr16,33967185,33967215,-
chr16,34120786,34120801,-
chr16,35741592,35741607,-
chr16,35743107,35743126,-
chr16,35765784,35765804,-
chr16,35769630,35769659,-
chr16,35769738,35769752,-
chr16,35793193,35793274,-
chr16,35869580,35869595,-
chr16,35870306,35870333,-
chr16,35919653,35919667,-
chr16,35939231,35939258,-
chr16,36040924,36040939,-
chr16,36477082,36477097,-
chr16,36666941,36666976,-
chr16,36934714,36934733,-
chr16,37093799,37093815,-
chr16,37093866,37093882,-
chr16,37654569,37654588,-
chr16,37867647,37867686,-
chr16,38131243,38131258,-
chr16,38131292,38131306,-
chr16,38131394,38131410,-
chr16,38399991,38400030,-
chr16,38616010,38616026,-
chr16,38616037,38616058,-
chr16,42647231,42647371,-
chr16,42907434,42907448,-
chr16,42908037,42908057,-
chr16,43699229,43699276,-
chr16,43709825,43709865,-
chr16,43979019,43979038,-
chr16,44139178,44139218,-
chr16,44151446,44151506,-
chr16,44319880,44319895,-
chr16,44337431,44337445,-
chr16,44337569,44337585,-
chr16,44337874,44337893,-
chr16,44348334,44348348,-
chr16,44348363,44348386,-
chr16,44356473,44356494,-
chr16,44357125,44357139,-
chr16,44357933,44357952,-
chr16,44358232,44358291,-
chr16,44362531,44362545,-
chr16,44362736,44362802,-
chr16,44437710,44437765,-
chr16,44460838,44460852,-
chr16,44461107,44461122,-
chr16,44692157,44692197,-
chr16,44727663,44727685,-
chr16,44745892,44745911,-
chr16,45007289,45007310,-
chr16,45016483,45016497,-
chr16,45019020,45019036,-
chr16,45019271,45019290,-
chr16,45025500,45025514,-
chr16,45025593,45025607,-
chr16,45224010,45224046,-
chr16,45224228,45224256,-
chr16,45225031,45225050,-
chr16,45251928,45251955,-
chr16,45305484,45305548,-
chr16,45305762,45305776,-
chr16,45382132,45382154,-
chr16,45389662,45389681,-
chr16,45742510,45742528,-
chr16,45744116,45744159,-
chr16,45787113,45787132,-
chr16,45802724,45802738,-
chr16,46001463,46001478,-
chr16,46006287,46006301,-
chr16,46009219,46009233,-
chr16,46009539,46009573,-
chr16,46010967,46010989,-
chr16,46021941,46021963,-
chr16,46044525,46044569,-
chr16,46104724,46104739,-
chr16,46119607,46119623,-
chr16,48755012,48755039,-
chr16,48771698,48771713,-
chr16,48788630,48788644,-
chr16,48801303,48801322,-
chr16,48801387,48801431,-
chr16,48806527,48806542,-
chr16,48806667,48806681,-
chr16,48993446,48993467,-
chr16,49503807,49503823,-
chr16,49698891,49698915,-
chr16,49773046,49773070,-
chr16,49818629,49818648,-
chr16,49836233,49836265,-
chr16,49836273,49836293,-
chr16,49840629,49840655,-
chr16,49856430,49856452,-
chr16,49856547,49856561,-
chr16,49856969,49856984,-
chr16,49857033,49857048,-
chr16,49857402,49857420,-
chr16,49857527,49857541,-
chr16,49859396,49859415,-
chr16,49888057,49888142,-
chr16,49962459,49962478,-
chr16,50069320,50069336,-
chr16,50372348,50372369,-
chr16,50372849,50372869,-
chr16,50373222,50373238,-
chr16,50430599,50430613,-
chr16,50430701,50430725,-
chr16,50555185,50555204,-
chr16,50632980,50633002,-
chr16,50737126,50737165,-
chr16,50842040,50842062,-
chr16,51691424,51691453,-
chr16,51705568,51705582,-
chr16,51719136,51719164,-
chr16,51720085,51720099,-
chr16,52006943,52006957,-
chr16,52032341,52032369,-
chr16,52032723,52032738,-
chr16,52033825,52033844,-
chr16,52033902,52033916,-
chr16,52033922,52033945,-
chr16,52034212,52034231,-
chr16,52056098,52056118,-
chr16,52060535,52060549,-
chr16,52060628,52060647,-
chr16,52082102,52082116,-
chr16,52082167,52082186,-
chr16,52090632,52090647,-
chr16,52129220,52129236,-
chr16,52129766,52129782,-
chr16,52143047,52143076,-
chr16,52143513,52143532,-
chr16,52182306,52182325,-
chr16,52194525,52194545,-
chr16,52194579,52194652,-
chr16,52194721,52194750,-
chr16,52194828,52194873,-
chr16,52194978,52194992,-
chr16,52199630,52199658,-
chr16,52199663,52199678,-
chr16,52200186,52200252,-
chr16,52200254,52200309,-
chr16,52200741,52200757,-
chr16,55582980,55582996,-
chr16,55820278,55820292,-
chr16,55863441,55863492,-
chr16,55947586,55947622,-
chr16,55948626,55948641,-
chr16,55948786,55948819,-
chr16,55949406,55949421,-
chr16,55949592,55949607,-
chr16,55949937,55949962,-
chr16,55949963,55949983,-
chr16,55950145,55950161,-
chr16,55950843,55950857,-
chr16,55951380,55951415,-
chr16,55951417,55951431,-
chr16,55953330,55953386,-
chr16,55953393,55953419,-
chr16,55953421,55953458,-
chr16,55975006,55975020,-
chr16,55975043,55975067,-
chr16,56068762,56068784,-
chr16,56075021,56075041,-
chr16,56075066,56075081,-
chr16,56076187,56076234,-
chr16,56076243,56076257,-
chr16,57167431,57167460,-
chr16,57332904,57332936,-
chr16,57422304,57422323,-
chr16,57465377,57465396,-
chr16,57495872,57495891,-
chr16,57496002,57496022,-
chr16,57535130,57535152,-
chr16,57607009,57607034,-
chr16,57607035,57607055,-
chr16,57607159,57607178,-
chr16,58546039,58546058,-
chr16,59460150,59460168,-
chr16,59516082,59516098,-
chr16,59518059,59518073,-
chr16,59639512,59639531,-
chr16,62786378,62786406,-
chr16,62847366,62847422,-
chr16,64759163,64759182,-
chr16,64759285,64759304,-
chr16,64759513,64759529,-
chr16,64766794,64766813,-
chr16,64766973,64766992,-
chr16,64789883,64789899,-
chr16,64800435,64800450,-
chr16,64801700,64801720,-
chr16,64836598,64836630,-
chr16,64836657,64836671,-
chr16,64852770,64852793,-
chr16,64872867,64872908,-
chr16,64873155,64873169,-
chr16,64899322,64899391,-
chr16,64941497,64941519,-
chr16,64941717,64941731,-
chr16,64942091,64942131,-
chr16,69872026,69872090,-
chr16,70326355,70326374,-
chr16,70326478,70326502,-
chr16,70421366,70421380,-
chr16,75767244,75767293,-
chr16,75767620,75767636,-
chr16,75908717,75908731,-
chr16,75908923,75908939,-
chr16,75909091,75909110,-
chr16,75909355,75909371,-
chr16,75909373,75909392,-
chr16,76184768,76184787,-
chr16,76246370,76246384,-
chr16,76283930,76283945,-
chr16,76310619,76310642,-
chr16,76321724,76321749,-
chr16,76374288,76374310,-
chr16,76416442,76416494,-
chr16,76416563,76416650,-
chr16,76416664,76416694,-
chr16,76678996,76679015,-
chr16,76680299,76680319,-
chr16,76695281,76695296,-
chr16,76899345,76899365,-
chr16,77016288,77016320,-
chr16,77095355,77095377,-
chr16,78199341,78199355,-
chr16,78199605,78199621,-
chr16,78265105,78265119,-
chr16,78265155,78265179,-
chr16,78375732,78375752,-
chr16,78452585,78452604,-
chr16,78491054,78491088,-
chr16,78532224,78532243,-
chr16,78532370,78532386,-
chr16,78537725,78537786,-
chr16,78540350,78540364,-
chr16,78546689,78546705,-
chr16,78560648,78560664,-
chr16,78563558,78563577,-
chr16,78564523,78564552,-
chr16,78577265,78577280,-
chr16,78577889,78577909,-
chr16,78577928,78577958,-
chr16,78595978,78595997,-
chr16,84557360,84557374,-
chr16,84557569,84557650,-
chr16,84584147,84584167,-
chr16,84621731,84621745,-
chr16,84622144,84622163,-
chr16,84703136,84703175,-
chr16,84703789,84703850,-
chr16,84703875,84703915,-
chr16,84835626,84835645,-
chr16,84871178,84871331,-
chr16,84982366,84982380,-
chr16,84982899,84982918,-
chr16,84983190,84983214,-
chr16,84990447,84990461,-
chr16,86081643,86081669,-
chr16,87336817,87336884,-
chr16,87354683,87354702,-
chr16,87440694,87440709,-
chr16,87454582,87454597,-
chr16,87589605,87589660,-
chr16,87589721,87589737,-
chr16,87654436,87654452,-
chr16,87661109,87661133,-
chr16,87709330,87709344,-
chr16,87837265,87837284,-
chr16,89837923,89837946,-
chr16,89912669,89912715,-
chr16,90005156,90005231,-
chr16,90220072,90220088,-
chr16,90220116,90220151,-
chr16,90284886,90284900,-
chr16,91373812,91373847,-
chr16,91374185,91374201,-
chr16,91374399,91374421,-
chr16,91407409,91407575,-
chr16,91442396,91442410,-
chr16,91444360,91444375,-
chr16,91446843,91446894,-
chr16,91452276,91452290,-
chr16,91452747,91452766,-
chr16,91452907,91452922,-
chr16,91466725,91466752,-
chr16,91512656,91512781,-
chr16,91512911,91512928,-
chr16,91513060,91513075,-
chr16,91554092,91554118,-
chr16,91596327,91596349,-
chr16,91596670,91596686,-
chr16,91685557,91685571,-
chr16,91789707,91789726,-
chr16,91825585,91825606,-
chr16,91825632,91825686,-
chr16,91826184,91826226,-
chr16,91826301,91826316,-
chr16,91931956,91932008,-
chr16,92019341,92019365,-
chr16,92019494,92019531,-
chr16,92020104,92020120,-
chr16,92698110,92698124,-
chr16,92774981,92774999,-
chr16,92775007,92775047,-
chr16,92823912,92823926,-
chr16,92867565,92867584,-
chr16,92867981,92868000,-
chr16,92868897,92868911,-
chr16,92869455,92869499,-
chr16,93572358,93572392,-
chr16,93767321,93767359,-
chr16,93777293,93777312,-
chr16,93777888,93777907,-
chr16,93815970,93816009,-
chr16,93908086,93908125,-
chr16,94239124,94239140,-
chr16,94239890,94239904,-
chr16,94241565,94241579,-
chr16,94255045,94255059,-
chr16,94255413,94255427,-
chr16,94313187,94313227,-
chr16,94527288,94527303,-
chr16,94569699,94569721,-
chr16,94581379,94581393,-
chr16,94585682,94585706,-
chr16,94589060,94589079,-
chr16,94589307,94589326,-
chr16,94600523,94600537,-
chr16,94632197,94632216,-
chr16,94637787,94637808,-
chr16,94660236,94660251,-
chr16,95189399,95189434,-
chr16,95189660,95189675,-
chr16,95762837,95762874,-
chr16,95762890,95762944,-
chr16,95779203,95779236,-
chr16,95821477,95821496,-
chr16,95870067,95870096,-
chr16,95893775,95893794,-
chr16,95984865,95984910,-
chr16,95985289,95985308,-
chr16,96273256,96273276,-
chr16,96341420,96341439,-
chr17,3114346,3114392,+
chr17,4778602,4778618,+
chr17,4996880,4996902,+
chr17,4996903,4996919,+
chr17,5089314,5089336,+
chr17,5089368,5089382,+
chr17,5089955,5089969,+
chr17,5091546,5091583,+
chr17,5195681,5195700,+
chr17,5295657,5295671,+
chr17,5748432,5748480,+
chr17,5801954,5801970,+
chr17,5804594,5804608,+
chr17,5804959,5804978,+
chr17,6016537,6016557,+
chr17,6016721,6016735,+
chr17,6079452,6079466,+
chr17,6154618,6154632,+
chr17,6772257,6772273,+
chr17,6773178,6773202,+
chr17,6773234,6773256,+
chr17,6778338,6778366,+
chr17,6778753,6778769,+
chr17,6780465,6780501,+
chr17,6780704,6780747,+
chr17,6781330,6781344,+
chr17,6782451,6782470,+
chr17,6783650,6783664,+
chr17,6816515,6816530,+
chr17,7039150,7039187,+
chr17,7871766,7871785,+
chr17,7884799,7884818,+
chr17,7926122,7926141,+
chr17,7928113,7928127,+
chr17,7928153,7928171,+
chr17,8093573,8093589,+
chr17,8093672,8093688,+
chr17,8128570,8128589,+
chr17,8144168,8144187,+
chr17,8144287,8144306,+
chr17,8147200,8147220,+
chr17,8147251,8147267,+
chr17,8158765,8158781,+
chr17,8164742,8164774,+
chr17,8170476,8170495,+
chr17,8389852,8389879,+
chr17,9002282,9002297,+
chr17,10320391,10320415,+
chr17,10499239,10499346,+
chr17,12307314,12307330,+
chr17,12307626,12307645,+
chr17,12321304,12321319,+
chr17,12321798,12321817,+
chr17,12372099,12372148,+
chr17,12380870,12380944,+
chr17,12620130,12620170,+
chr17,12745900,12745923,+
chr17,12746166,12746180,+
chr17,12755982,12755998,+
chr17,12759314,12759338,+
chr17,12760376,12760427,+
chr17,12760491,12760520,+
chr17,12991660,12991699,+
chr17,13753367,13753386,+
chr17,13753390,13753412,+
chr17,15499311,15499327,+
chr17,15499862,15499876,+
chr17,15564800,15564832,+
chr17,15704208,15704244,+
chr17,15821685,15821712,+
chr17,15822063,15822084,+
chr17,15822111,15822126,+
chr17,15822174,15822209,+
chr17,15826037,15826052,+
chr17,15832123,15832138,+
chr17,17315675,17315690,+
chr17,17374431,17374445,+
chr17,17442169,17442202,+
chr17,17442211,17442227,+
chr17,17442730,17442745,+
chr17,17444354,17444377,+
chr17,17608341,17608360,+
chr17,17624888,17624907,+
chr17,17625590,17625604,+
chr17,17625918,17625938,+
chr17,17626036,17626058,+
chr17,17636271,17636287,+
chr17,17649928,17649971,+
chr17,17650001,17650041,+
chr17,18003446,18003460,+
chr17,18189984,18190003,+
chr17,18458054,18458075,+
chr17,18533067,18533152,+
chr17,18533231,18533263,+
chr17,18597118,18597132,+
chr17,18706106,18706125,+
chr17,18718113,18718132,+
chr17,18837715,18837729,+
chr17,18889193,18889212,+
chr17,18889880,18889894,+
chr17,18947030,18947044,+
chr17,18968577,18968596,+
chr17,18968793,18968816,+
chr17,19444932,19444946,+
chr17,20944997,20945016,+
chr17,20946953,20946969,+
chr17,21370586,21370600,+
chr17,21384248,21384288,+
chr17,21463557,21463579,+
chr17,21463670,21463689,+
chr17,21475495,21475511,+
chr17,21489720,21489735,+
chr17,21536669,21536693,+
chr17,21536702,21536721,+
chr17,21733018,21733041,+
chr17,21962079,21962109,+
chr17,22360982,22361027,+
chr17,22847975,22848043,+
chr17,22866457,22866489,+
chr17,22866807,22866826,+
chr17,23548628,23548647,+
chr17,23548671,23548690,+
chr17,23570265,23570280,+
chr17,23597707,23597726,+
chr17,23597857,23597872,+
chr17,23597995,23598040,+
chr17,23598418,23598437,+
chr17,23598529,23598545,+
chr17,23617540,23617555,+
chr17,23858713,23858735,+
chr17,23924522,23924538,+
chr17,24073765,24073790,+
chr17,24126608,24126630,+
chr17,24126640,24126657,+
chr17,24127199,24127216,+
chr17,24127245,24127287,+
chr17,24413929,24413961,+
chr17,24454202,24454252,+
chr17,24454289,24454308,+
chr17,24470710,24470725,+
chr17,25015069,25015088,+
chr17,25225073,25225092,+
chr17,25823421,25823474,+
chr17,25844810,25844836,+
chr17,25874924,25874939,+
chr17,26065984,26066075,+
chr17,26066383,26066399,+
chr17,26066420,26066444,+
chr17,26168304,26168320,+
chr17,26228571,26228598,+
chr17,26228749,26228769,+
chr17,26234188,26234225,+
chr17,26234931,26234945,+
chr17,26252664,26252678,+
chr17,26676174,26676188,+
chr17,26715679,26715710,+
chr17,26939205,26939219,+
chr17,26981515,26981529,+
chr17,26981586,26981602,+
chr17,27056653,27056675,+
chr17,27056787,27056837,+
chr17,27063007,27063052,+
chr17,27322884,27322898,+
chr17,27323224,27323249,+
chr17,27342245,27342264,+
chr17,27342469,27342484,+
chr17,27364911,27364950,+
chr17,27365091,27365106,+
chr17,27591881,27591900,+
chr17,27591963,27592010,+
chr17,27592036,27592058,+
chr17,27592163,27592185,+
chr17,27592520,27592536,+
chr17,27635570,27635584,+
chr17,27821235,27821257,+
chr17,27826788,27826804,+
chr17,28007134,28007153,+
chr17,28007190,28007219,+
chr17,28014525,28014547,+
chr17,28211679,28211695,+
chr17,28218102,28218116,+
chr17,28256833,28256848,+
chr17,28382778,28382805,+
chr17,28382809,28382864,+
chr17,28382870,28382899,+
chr17,28382909,28382940,+
chr17,28417704,28417732,+
chr17,28417735,28417751,+
chr17,28442786,28442805,+
chr17,28442908,28442927,+
chr17,28467531,28467550,+
chr17,28467999,28468018,+
chr17,28522549,28522586,+
chr17,28523892,28523914,+
chr17,28553212,28553227,+
chr17,28553334,28553423,+
chr17,28593816,28593835,+
chr17,28612627,28612647,+
chr17,28613081,28613109,+
chr17,28613255,28613274,+
chr17,28617715,28617753,+
chr17,28625615,28625634,+
chr17,28698819,28698841,+
chr17,28882329,28882365,+
chr17,28951811,28951827,+
chr17,28953010,28953030,+
chr17,29000735,29000751,+
chr17,29000789,29000814,+
chr17,29003994,29004008,+
chr17,29004189,29004203,+
chr17,29015900,29015950,+
chr17,29095719,29095733,+
chr17,29155730,29155758,+
chr17,29263659,29263675,+
chr17,29265175,29265191,+
chr17,29280859,29280893,+
chr17,29370871,29370931,+
chr17,29394089,29394103,+
chr17,29394858,29394874,+
chr17,29428684,29428703,+
chr17,29429290,29429341,+
chr17,29437793,29437814,+
chr17,29489414,29489440,+
chr17,29493629,29493650,+
chr17,29494193,29494212,+
chr17,29494213,29494227,+
chr17,29494535,29494549,+
chr17,29519115,29519181,+
chr17,29531840,29531862,+
chr17,29531863,29531877,+
chr17,29533632,29533653,+
chr17,29534276,29534296,+
chr17,29535446,29535461,+
chr17,29535602,29535626,+
chr17,29552610,29552655,+
chr17,29973206,29973234,+
chr17,29973649,29973672,+
chr17,30006055,30006090,+
chr17,30006094,30006110,+
chr17,30026767,30026783,+
chr17,30047403,30047417,+
chr17,30054174,30054224,+
chr17,30336705,30336725,+
chr17,30363323,30363337,+
chr17,30364046,30364065,+
chr17,30383534,30383556,+
chr17,30575515,30575539,+
chr17,30612228,30612244,+
chr17,30627305,30627324,+
chr17,30627392,30627414,+
chr17,31039591,31039631,+
chr17,31057609,31057628,+
chr17,31058595,31058617,+
chr17,31070320,31070369,+
chr17,31077889,31077905,+
chr17,31136932,31136961,+
chr17,31176700,31176717,+
chr17,31204594,31204610,+
chr17,31204902,31204932,+
chr17,31206229,31206249,+
chr17,31206478,31206497,+
chr17,31206572,31206647,+
chr17,31206898,31206917,+
chr17,31207617,31207645,+
chr17,31223907,31223926,+
chr17,31224655,31224674,+
chr17,31325460,31325475,+
chr17,31326134,31326163,+
chr17,31327232,31327251,+
chr17,31512509,31512534,+
chr17,31820204,31820238,+
chr17,31840302,31840321,+
chr17,31840421,31840446,+
chr17,31841166,31841196,+
chr17,31841828,31841843,+
chr17,32073329,32073422,+
chr17,32091344,32091363,+
chr17,32201595,32201622,+
chr17,32277213,32277235,+
chr17,32277300,32277324,+
chr17,32284951,32284970,+
chr17,32349057,32349071,+
chr17,32349203,32349227,+
chr17,32351000,32351016,+
chr17,32402510,32402530,+
chr17,32402676,32402695,+
chr17,32432223,32432255,+
chr17,32965291,32965327,+
chr17,33033448,33033463,+
chr17,33394771,33394794,+
chr17,33523468,33523487,+
chr17,33628981,33629000,+
chr17,33889141,33889224,+
chr17,33891260,33891274,+
chr17,33902341,33902373,+
chr17,33908841,33908856,+
chr17,33914914,33914943,+
chr17,33968944,33968974,+
chr17,33992074,33992088,+
chr17,33992131,33992147,+
chr17,34101931,34101950,+
chr17,34117513,34117533,+
chr17,34117675,34117690,+
chr17,34117753,34117777,+
chr17,34117784,34117798,+
chr17,34117866,34117888,+
chr17,34128604,34128632,+
chr17,34171092,34171111,+
chr17,34171468,34171483,+
chr17,34201420,34201439,+
chr17,34203933,34203949,+
chr17,34206263,34206281,+
chr17,34234098,34234150,+
chr17,34239324,34239339,+
chr17,34239970,34239984,+
chr17,34305290,34305307,+
chr17,34305452,34305550,+
chr17,34330291,34330324,+
chr17,34588592,34588611,+
chr17,34590358,34590380,+
chr17,34629706,34629720,+
chr17,34631243,34631262,+
chr17,34879659,34879678,+
chr17,34952650,34952696,+
chr17,34952882,34952917,+
chr17,34980664,34980680,+
chr17,34980831,34980854,+
chr17,34984311,34984335,+
chr17,34984459,34984475,+
chr17,35002308,35002322,+
chr17,35049152,35049181,+
chr17,35049377,35049391,+
chr17,35089046,35089062,+
chr17,35089067,35089081,+
chr17,35168935,35168951,+
chr17,35186606,35186620,+
chr17,35191394,35191408,+
chr17,35191474,35191510,+
chr17,35204999,35205021,+
chr17,35210699,35210713,+
chr17,35220136,35220155,+
chr17,35233658,35233674,+
chr17,35234144,35234160,+
chr17,35234584,35234620,+
chr17,35235526,35235560,+
chr17,35236153,35236174,+
chr17,35241523,35241542,+
chr17,35257739,35257761,+
chr17,35259033,35259049,+
chr17,35730875,35730913,+
chr17,35730926,35730950,+
chr17,35731020,35731063,+
chr17,35731103,35731134,+
chr17,35735089,35735108,+
chr17,35739821,35739845,+
chr17,35742381,35742433,+
chr17,35748471,35748490,+
chr17,35748987,35749013,+
chr17,35752100,35752116,+
chr17,35752124,35752159,+
chr17,35752837,35752857,+
chr17,35763393,35763434,+
chr17,35764794,35764824,+
chr17,35765658,35765688,+
chr17,35766091,35766107,+
chr17,35766890,35766910,+
chr17,35767076,35767090,+
chr17,35841025,35841040,+
chr17,35841097,35841117,+
chr17,35841118,35841137,+
chr17,35861945,35861967,+
chr17,35897605,35897620,+
chr17,35897646,35897661,+
chr17,35917232,35917248,+
chr17,35999194,35999208,+
chr17,35999217,35999236,+
chr17,35999744,35999758,+
chr17,36001646,36001673,+
chr17,36020233,36020257,+
chr17,36031971,36032001,+
chr17,36042924,36042943,+
chr17,36121641,36121660,+
chr17,36227258,36227272,+
chr17,36265857,36265873,+
chr17,37146002,37146035,+
chr17,37146045,37146109,+
chr17,37269927,37269941,+
chr17,37269950,37269977,+
chr17,40934342,40934376,+
chr17,40935184,40935211,+
chr17,42875870,42875885,+
chr17,42892076,42892090,+
chr17,43232697,43232711,+
chr17,43233252,43233280,+
chr17,43665958,43665990,+
chr17,43667429,43667451,+
chr17,44076313,44076335,+
chr17,44178654,44178754,+
chr17,44188782,44188796,+
chr17,44567333,44567355,+
chr17,44569326,44569345,+
chr17,44569484,44569500,+
chr17,44570364,44570380,+
chr17,44599286,44599300,+
chr17,44625907,44625921,+
chr17,44626108,44626144,+
chr17,44661613,44661632,+
chr17,44690418,44690433,+
chr17,44708522,44708541,+
chr17,44708602,44708651,+
chr17,44708663,44708690,+
chr17,45119982,45120006,+
chr17,45433717,45433737,+
chr17,45489202,45489217,+
chr17,45555401,45555435,+
chr17,45555443,45555467,+
chr17,45563647,45563687,+
chr17,45579102,45579136,+
chr17,45644551,45644574,+
chr17,46110856,46110875,+
chr17,46162647,46162661,+
chr17,46163136,46163171,+
chr17,46283269,46283283,+
chr17,46556534,46556550,+
chr17,46772327,46772364,+
chr17,46856926,46857026,+
chr17,46858146,46858160,+
chr17,46870512,46870543,+
chr17,46870749,46870765,+
chr17,46870777,46870796,+
chr17,46871243,46871262,+
chr17,46888792,46888821,+
chr17,46890099,46890115,+
chr17,46890421,46890435,+
chr17,47009612,47009632,+
chr17,47116255,47116274,+
chr17,47140241,47140266,+
chr17,47140560,47140577,+
chr17,47368705,47368752,+
chr17,47435685,47435713,+
chr17,47435963,47436018,+
chr17,47436076,47436154,+
chr17,47486259,47486275,+
chr17,47503298,47503328,+
chr17,47504249,47504271,+
chr17,47509971,47509994,+
chr17,47532254,47532268,+
chr17,47533806,47533822,+
chr17,47533869,47533884,+
chr17,47534155,47534169,+
chr17,47534177,47534226,+
chr17,47535014,47535056,+
chr17,47536083,47536102,+
chr17,47581706,47581732,+
chr17,47581739,47581763,+
chr17,47598168,47598184,+
chr17,47600102,47600116,+
chr17,47600587,47600606,+
chr17,47600726,47600763,+
chr17,47629105,47629121,+
chr17,47923410,47923450,+
chr17,48002350,48002369,+
chr17,48040058,48040091,+
chr17,48043748,48043764,+
chr17,48043946,48044006,+
chr17,48318678,48318698,+
chr17,48408703,48408717,+
chr17,48408816,48408845,+
chr17,48646620,48646727,+
chr17,49406277,49406296,+
chr17,49428179,49428208,+
chr17,50083987,50084001,+
chr17,50132314,50132329,+
chr17,50132848,50132864,+
chr17,50135857,50135876,+
chr17,50148493,50148509,+
chr17,50158334,50158359,+
chr17,50169721,50169737,+
chr17,50173387,50173406,+
chr17,50173443,50173457,+
chr17,50173593,50173607,+
chr17,50185500,50185549,+
chr17,50185795,50185814,+
chr17,50186101,50186116,+
chr17,50189658,50189677,+
chr17,50310339,50310355,+
chr17,50331055,50331070,+
chr17,50331375,50331437,+
chr17,50415586,50415612,+
chr17,50415951,50415971,+
chr17,50426273,50426288,+
chr17,50469691,50469705,+
chr17,50470649,50470663,+
chr17,50471745,50471770,+
chr17,50484070,50484090,+
chr17,50485071,50485085,+
chr17,50509433,50509488,+
chr17,50522502,50522564,+
chr17,50525529,50525558,+
chr17,50525716,50525742,+
chr17,50525756,50525771,+
chr17,50539750,50539766,+
chr17,50731352,50731371,+
chr17,51178600,51178614,+
chr17,51406962,51406982,+
chr17,51409577,51409591,+
chr17,51410288,51410310,+
chr17,51437887,51437948,+
chr17,51479376,51479435,+
chr17,51487437,51487483,+
chr17,51502620,51502643,+
chr17,51751049,51751063,+
chr17,51751162,51751228,+
chr17,51800393,51800415,+
chr17,51800469,51800489,+
chr17,51800549,51800564,+
chr17,51805891,51805916,+
chr17,51805945,51805969,+
chr17,51806846,51806861,+
chr17,51806913,51806932,+
chr17,51809531,51809550,+
chr17,51811680,51811704,+
chr17,51811786,51811811,+
chr17,51812315,51812330,+
chr17,51814426,51814440,+
chr17,51814614,51814640,+
chr17,51815054,51815072,+
chr17,51815210,51815245,+
chr17,51815788,51815821,+
chr17,51816126,51816143,+
chr17,51816668,51816683,+
chr17,51820376,51820395,+
chr17,51820616,51820641,+
chr17,51823837,51823860,+
chr17,51826302,51826316,+
chr17,51826868,51826891,+
chr17,51827294,51827310,+
chr17,51827612,51827626,+
chr17,51830113,51830138,+
chr17,51830277,51830297,+
chr17,51830449,51830463,+
chr17,51834477,51834497,+
chr17,51834604,51834624,+
chr17,51855340,51855373,+
chr17,51877305,51877320,+
chr17,51878901,51878930,+
chr17,51880101,51880115,+
chr17,51880905,51880925,+
chr17,51882549,51882569,+
chr17,51892602,51892616,+
chr17,51893176,51893191,+
chr17,51893525,51893571,+
chr17,51904615,51904638,+
chr17,51906598,51906617,+
chr17,51912330,51912363,+
chr17,51912520,51912573,+
chr17,51912598,51912617,+
chr17,52062129,52062145,+
chr17,52062371,52062395,+
chr17,52068016,52068036,+
chr17,52150576,52150591,+
chr17,52150964,52150983,+
chr17,52161996,52162015,+
chr17,52162498,52162529,+
chr17,52162920,52162935,+
chr17,52163445,52163487,+
chr17,52166266,52166285,+
chr17,52168965,52168981,+
chr17,52448967,52448995,+
chr17,52449095,52449114,+
chr17,52469357,52469372,+
chr17,52502800,52502838,+
chr17,52502857,52502933,+
chr17,52502952,52503085,+
chr17,52503117,52503174,+
chr17,52578064,52578079,+
chr17,52578138,52578208,+
chr17,53558404,53558456,+
chr17,53558641,53558660,+
chr17,53566819,53566841,+
chr17,53570091,53570105,+
chr17,53570828,53570850,+
chr17,53570972,53570994,+
chr17,53587508,53587524,+
chr17,53587790,53587809,+
chr17,55712664,55712678,+
chr17,55944626,55944675,+
chr17,55958899,55958915,+
chr17,56008238,56008260,+
chr17,56032679,56032695,+
chr17,56035098,56035128,+
chr17,56036966,56036985,+
chr17,56078621,56078635,+
chr17,56078779,56078811,+
chr17,56078872,56078903,+
chr17,56078908,56078924,+
chr17,56163638,56163660,+
chr17,56163861,56163876,+
chr17,56255842,56255866,+
chr17,56269209,56269230,+
chr17,56277179,56277195,+
chr17,56445582,56445597,+
chr17,56506962,56506988,+
chr17,56585061,56585104,+
chr17,56609468,56609482,+
chr17,56672991,56673011,+
chr17,56763717,56763731,+
chr17,56819701,56819723,+
chr17,56842478,56842497,+
chr17,56842809,56842833,+
chr17,56913302,56913328,+
chr17,56913555,56913571,+
chr17,56913713,56913732,+
chr17,57032122,57032137,+
chr17,57080040,57080072,+
chr17,57276854,57276868,+
chr17,57277191,57277211,+
chr17,57286821,57286840,+
chr17,57287304,57287320,+
chr17,57303987,57304054,+
chr17,57304058,57304234,+
chr17,57304255,57304269,+
chr17,62857634,62857653,+
chr17,63176980,63177074,+
chr17,63295828,63295852,+
chr17,63324334,63324353,+
chr17,63324672,63324692,+
chr17,63324732,63324746,+
chr17,63405298,63405313,+
chr17,63742372,63742391,+
chr17,63749153,63749172,+
chr17,64251064,64251078,+
chr17,64258619,64258719,+
chr17,64331770,64331784,+
chr17,64332492,64332511,+
chr17,64332758,64332772,+
chr17,64580012,64580035,+
chr17,64754271,64754290,+
chr17,64754476,64754505,+
chr17,64755176,64755190,+
chr17,64755651,64755705,+
chr17,65884403,65884422,+
chr17,65886528,65886547,+
chr17,65906828,65906842,+
chr17,65957428,65957447,+
chr17,66123372,66123395,+
chr17,66123404,66123421,+
chr17,68941734,68941753,+
chr17,68948538,68948557,+
chr17,69383125,69383163,+
chr17,69396735,69396787,+
chr17,69396869,69396884,+
chr17,69397028,69397044,+
chr17,69416752,69416771,+
chr17,69604405,69604514,+
chr17,69604522,69604634,+
chr17,70847263,70847282,+
chr17,70849913,70849939,+
chr17,70850366,70850380,+
chr17,70852302,70852329,+
chr17,70968817,70968832,+
chr17,70986052,70986080,+
chr17,70986238,70986258,+
chr17,70986527,70986570,+
chr17,70986582,70986597,+
chr17,70986834,70986848,+
chr17,70987168,70987187,+
chr17,71196092,71196112,+
chr17,71196342,71196356,+
chr17,71474241,71474264,+
chr17,71479347,71479362,+
chr17,71485273,71485289,+
chr17,71486461,71486480,+
chr17,71982451,71982516,+
chr17,72919782,72919806,+
chr17,72921697,72921711,+
chr17,72934146,72934161,+
chr17,72937552,72937568,+
chr17,72939417,72939436,+
chr17,72939856,72939903,+
chr17,72947926,72947940,+
chr17,72947965,72947980,+
chr17,72949004,72949019,+
chr17,72950025,72950047,+
chr17,72960984,72961002,+
chr17,72967278,72967309,+
chr17,72967870,72967892,+
chr17,72967948,72967964,+
chr17,72996230,72996246,+
chr17,72996938,72996954,+
chr17,73034293,73034313,+
chr17,73035181,73035196,+
chr17,73035970,73036011,+
chr17,73068587,73068601,+
chr17,73107136,73107298,+
chr17,73142448,73142467,+
chr17,73162142,73162159,+
chr17,73162415,73162434,+
chr17,73164379,73164393,+
chr17,73246819,73246839,+
chr17,73812824,73812842,+
chr17,73905028,73905042,+
chr17,73905086,73905105,+
chr17,73949573,73949591,+
chr17,73950203,73950228,+
chr17,73951949,73951968,+
chr17,74754507,74754541,+
chr17,78087178,78087194,+
chr17,78351274,78351293,+
chr17,78352272,78352289,+
chr17,78352679,78352713,+
chr17,78361985,78362004,+
chr17,78400387,78400411,+
chr17,78429074,78429142,+
chr17,78455179,78455211,+
chr17,78994992,78995006,+
chr17,78995030,78995058,+
chr17,78995137,78995156,+
chr17,79043960,79044009,+
chr17,79354339,79354354,+
chr17,79637633,79637648,+
chr17,79818780,79818795,+
chr17,79862210,79862226,+
chr17,79894801,79894815,+
chr17,79964482,79964507,+
chr17,79965293,79965307,+
chr17,80169862,80169881,+
chr17,80170161,80170181,+
chr17,80479264,80479288,+
chr17,80480808,80480862,+
chr17,80482903,80482922,+
chr17,80501919,80501945,+
chr17,80521643,80521663,+
chr17,80522175,80522200,+
chr17,80553309,80553325,+
chr17,80553956,80553978,+
chr17,80564377,80564399,+
chr17,80564672,80564691,+
chr17,80564818,80564842,+
chr17,81043467,81043499,+
chr17,83267286,83267305,+
chr17,83397379,83397399,+
chr17,83457426,83457459,+
chr17,83514470,83514490,+
chr17,83527022,83527038,+
chr17,83527516,83527530,+
chr17,83655158,83655172,+
chr17,83655261,83655280,+
chr17,83695794,83695810,+
chr17,83695851,83695876,+
chr17,83705174,83705190,+
chr17,83705198,83705225,+
chr17,83705284,83705320,+
chr17,83707220,83707237,+
chr17,83707243,83707262,+
chr17,83707947,83707961,+
chr17,83708302,83708335,+
chr17,83709407,83709437,+
chr17,83709572,83709600,+
chr17,83709628,83709647,+
chr17,83730163,83730185,+
chr17,83732664,83732715,+
chr17,83762339,83762354,+
chr17,83762389,83762410,+
chr17,83762417,83762438,+
chr17,83762445,83762466,+
chr17,83762473,83762494,+
chr17,83762504,83762519,+
chr17,83762526,83762547,+
chr17,83762560,83762575,+
chr17,83762607,83762628,+
chr17,83762641,83762667,+
chr17,83762759,83762777,+
chr17,83762837,83762852,+
chr17,83762869,83762884,+
chr17,83774290,83774326,+
chr17,83774646,83774666,+
chr17,83777542,83777562,+
chr17,83799517,83799539,+
chr17,83807716,83807731,+
chr17,83824337,83824361,+
chr17,83862864,83862892,+
chr17,83918881,83918905,+
chr17,83935647,83935667,+
chr17,83936384,83936441,+
chr17,83945658,83945721,+
chr17,84010182,84010212,+
chr17,84018987,84019002,+
chr17,84019197,84019211,+
chr17,84117601,84117672,+
chr17,84117758,84117777,+
chr17,84119039,84119067,+
chr17,84146010,84146044,+
chr17,84148504,84148543,+
chr17,84163176,84163191,+
chr17,84163207,84163223,+
chr17,84177380,84177416,+
chr17,84183241,84183277,+
chr17,84184667,84184683,+
chr17,84184813,84184828,+
chr17,84185164,84185190,+
chr17,84185556,84185610,+
chr17,84239899,84239921,+
chr17,84241592,84241606,+
chr17,84268497,84268516,+
chr17,84273554,84273570,+
chr17,84278058,84278116,+
chr17,84308873,84308889,+
chr17,84312592,84312608,+
chr17,84312820,84312868,+
chr17,84314308,84314322,+
chr17,84314405,84314431,+
chr17,84330121,84330140,+
chr17,84330606,84330643,+
chr17,84330802,84330821,+
chr17,84330915,84330931,+
chr17,84331054,84331070,+
chr17,84331077,84331096,+
chr17,84331118,84331137,+
chr17,84332075,84332107,+
chr17,84335914,84335928,+
chr17,84408078,84408098,+
chr17,84419668,84419693,+
chr17,84419737,84419751,+
chr17,84423199,84423213,+
chr17,84423303,84423333,+
chr17,84423396,84423415,+
chr17,84626263,84626297,+
chr17,84739080,84739172,+
chr17,84859643,84859657,+
chr17,84877692,84877714,+
chr17,84877950,84877966,+
chr17,84954931,84954960,+
chr17,84957155,84957174,+
chr17,85023825,85023840,+
chr17,85090431,85090450,+
chr17,86323933,86323949,+
chr17,86337217,86337236,+
chr17,86445070,86445084,+
chr17,86674880,86674913,+
chr17,86801586,86801605,+
chr17,86957926,86957952,+
chr17,86969629,86969673,+
chr17,87282399,87282413,+
chr17,87345150,87345164,+
chr17,87445981,87446005,+
chr17,87447425,87447470,+
chr17,87601902,87601924,+
chr17,87608948,87608976,+
chr17,87609054,87609073,+
chr17,88063879,88063895,+
chr17,88064016,88064030,+
chr17,88064785,88064804,+
chr17,88539112,88539190,+
chr17,88753419,88753458,+
chr17,88756012,88756038,+
chr17,88758324,88758340,+
chr17,94750566,94750593,+
chr17,94864690,94864704,+
chr17,3092598,3092613,-
chr17,3114696,3114715,-
chr17,3115938,3115960,-
chr17,3156392,3156412,-
chr17,3165182,3165228,-
chr17,3557282,3557296,-
chr17,4778510,4778561,-
chr17,4778634,4778669,-
chr17,5138893,5138913,-
chr17,5139211,5139226,-
chr17,5195864,5195883,-
chr17,5249346,5249362,-
chr17,5440492,5440532,-
chr17,5748008,5748030,-
chr17,5973706,5973720,-
chr17,5973730,5973762,-
chr17,6002268,6002287,-
chr17,6773612,6773628,-
chr17,6775978,6776003,-
chr17,6828736,6828757,-
chr17,7147867,7147886,-
chr17,7875063,7875089,-
chr17,7926301,7926320,-
chr17,7926352,7926371,-
chr17,7928449,7928497,-
chr17,7928578,7928594,-
chr17,8087485,8087528,-
chr17,8112244,8112263,-
chr17,8158945,8158969,-
chr17,8165898,8165913,-
chr17,8170285,8170324,-
chr17,8372242,8372261,-
chr17,8372360,8372388,-
chr17,8372691,8372744,-
chr17,8372995,8373035,-
chr17,8389244,8389268,-
chr17,8389314,8389330,-
chr17,9002192,9002275,-
chr17,10232678,10232697,-
chr17,10232723,10232761,-
chr17,10319638,10319662,-
chr17,12119830,12119848,-
chr17,12119914,12119936,-
chr17,12321213,12321232,-
chr17,12321372,12321466,-
chr17,12371520,12371539,-
chr17,12371900,12371916,-
chr17,12380961,12381015,-
chr17,12666211,12666272,-
chr17,12779860,12779888,-
chr17,12783664,12783680,-
chr17,12916539,12916558,-
chr17,13753439,13753486,-
chr17,13753551,13753579,-
chr17,15499451,15499473,-
chr17,15518901,15518935,-
chr17,15706356,15706381,-
chr17,15706655,15706674,-
chr17,15743238,15743260,-
chr17,17005760,17005808,-
chr17,17120701,17120743,-
chr17,17122020,17122071,-
chr17,17178615,17178657,-
chr17,17179934,17179969,-
chr17,17315528,17315610,-
chr17,17600019,17600041,-
chr17,17608485,17608514,-
chr17,17625901,17625917,-
chr17,17625964,17625984,-
chr17,17626158,17626180,-
chr17,17636518,17636537,-
chr17,17899504,17899520,-
chr17,17899528,17899542,-
chr17,18000168,18000188,-
chr17,18000195,18000214,-
chr17,18005111,18005127,-
chr17,18095893,18095912,-
chr17,18096010,18096026,-
chr17,18161450,18161469,-
chr17,18161538,18161554,-
chr17,18429832,18429846,-
chr17,18429939,18429993,-
chr17,18540328,18540398,-
chr17,18686615,18686733,-
chr17,18686768,18686807,-
chr17,18718599,18718618,-
chr17,18953624,18953651,-
chr17,19146383,19146495,-
chr17,19146532,19146562,-
chr17,19303928,19303947,-
chr17,19435006,19435022,-
chr17,21384421,21384435,-
chr17,21384611,21384656,-
chr17,21422891,21422932,-
chr17,21449996,21450010,-
chr17,21450036,21450058,-
chr17,21450875,21450889,-
chr17,21473812,21473831,-
chr17,21474150,21474187,-
chr17,21474257,21474273,-
chr17,21474292,21474327,-
chr17,21477616,21477630,-
chr17,21477638,21477659,-
chr17,21534714,21534728,-
chr17,21535333,21535349,-
chr17,21536874,21536893,-
chr17,21537023,21537049,-
chr17,21617179,21617193,-
chr17,21680353,21680372,-
chr17,21962960,21962985,-
chr17,21963206,21963220,-
chr17,21963237,21963256,-
chr17,21963261,21963276,-
chr17,21963579,21963594,-
chr17,22315027,22315041,-
chr17,22867239,22867267,-
chr17,22867271,22867290,-
chr17,23193354,23193368,-
chr17,23599931,23599952,-
chr17,23620803,23620823,-
chr17,23771981,23772018,-
chr17,23804126,23804159,-
chr17,23804901,23804916,-
chr17,23805020,23805039,-
chr17,23980295,23980310,-
chr17,24127230,24127250,-
chr17,24142015,24142030,-
chr17,24142061,24142075,-
chr17,24345071,24345100,-
chr17,24479398,24479417,-
chr17,24548582,24548596,-
chr17,24548725,24548746,-
chr17,24548842,24548861,-
chr17,24549185,24549226,-
chr17,24549527,24549548,-
chr17,24669148,24669165,-
chr17,24687165,24687185,-
chr17,24707791,24707821,-
chr17,24707852,24707878,-
chr17,25188392,25188411,-
chr17,25189745,25189773,-
chr17,25220211,25220237,-
chr17,25220240,25220268,-
chr17,25223098,25223119,-
chr17,25224597,25224677,-
chr17,25255361,25255385,-
chr17,25875158,25875172,-
chr17,26138241,26138257,-
chr17,26228856,26228875,-
chr17,26234672,26234698,-
chr17,26503649,26503664,-
chr17,26508565,26508585,-
chr17,26509287,26509316,-
chr17,26572566,26572585,-
chr17,26676149,26676165,-
chr17,26752446,26752497,-
chr17,26916464,26916478,-
chr17,26916633,26916661,-
chr17,26973413,26973432,-
chr17,26998410,26998429,-
chr17,26998475,26998491,-
chr17,27012364,27012384,-
chr17,27012668,27012682,-
chr17,27027410,27027426,-
chr17,27056635,27056652,-
chr17,27062986,27063000,-
chr17,27204628,27204666,-
chr17,27323146,27323184,-
chr17,27323193,27323212,-
chr17,27652354,27652368,-
chr17,27652488,27652508,-
chr17,27825861,27825888,-
chr17,27827318,27827335,-
chr17,27839939,27839954,-
chr17,28007313,28007332,-
chr17,28014872,28014892,-
chr17,28210502,28210596,-
chr17,28210709,28210729,-
chr17,28210737,28210753,-
chr17,28213545,28213565,-
chr17,28218187,28218207,-
chr17,28219051,28219065,-
chr17,28256348,28256378,-
chr17,28256528,28256554,-
chr17,28256857,28256871,-
chr17,28417997,28418019,-
chr17,28467550,28467658,-
chr17,28506176,28506213,-
chr17,28512186,28512205,-
chr17,28553641,28553655,-
chr17,28566191,28566250,-
chr17,28566395,28566410,-
chr17,28612498,28612512,-
chr17,28692347,28692366,-
chr17,28697206,28697220,-
chr17,28697343,28697362,-
chr17,28701364,28701378,-
chr17,28702845,28702872,-
chr17,28952093,28952146,-
chr17,28994868,28994893,-
chr17,29003032,29003047,-
chr17,29004428,29004456,-
chr17,29007016,29007068,-
chr17,29008125,29008144,-
chr17,29016862,29016881,-
chr17,29022217,29022279,-
chr17,29032052,29032089,-
chr17,29033182,29033196,-
chr17,29033382,29033419,-
chr17,29081984,29082004,-
chr17,29095203,29095217,-
chr17,29172705,29172733,-
chr17,29265192,29265216,-
chr17,29268667,29268703,-
chr17,29269330,29269353,-
chr17,29304262,29304286,-
chr17,29394267,29394281,-
chr17,29395249,29395263,-
chr17,29490313,29490341,-
chr17,29492226,29492289,-
chr17,29492425,29492490,-
chr17,29492517,29492555,-
chr17,29493504,29493526,-
chr17,29493664,29493697,-
chr17,29493989,29494015,-
chr17,29495587,29495660,-
chr17,29495687,29495723,-
chr17,29495759,29495791,-
chr17,29496054,29496076,-
chr17,29501130,29501144,-
chr17,29514557,29514576,-
chr17,29551407,29551421,-
chr17,29565577,29565606,-
chr17,29565920,29565934,-
chr17,29585447,29585472,-
chr17,29614211,29614231,-
chr17,29614698,29614712,-
chr17,29769600,29769614,-
chr17,29973457,29973471,-
chr17,30026902,30026916,-
chr17,30026925,30026940,-
chr17,30046498,30046536,-
chr17,30046540,30046556,-
chr17,30046696,30046710,-
chr17,30053741,30053758,-
chr17,30053874,30053901,-
chr17,30053990,30054004,-
chr17,30131794,30131808,-
chr17,30159281,30159318,-
chr17,30199726,30199742,-
chr17,30336662,30336696,-
chr17,30363666,30363680,-
chr17,30363780,30363795,-
chr17,30383446,30383460,-
chr17,30559906,30559947,-
chr17,30625076,30625095,-
chr17,30625245,30625264,-
chr17,30627800,30627819,-
chr17,31012294,31012372,-
chr17,31039878,31039905,-
chr17,31058824,31058838,-
chr17,31059506,31059521,-
chr17,31060538,31060557,-
chr17,31070405,31070421,-
chr17,31070469,31070488,-
chr17,31070810,31070824,-
chr17,31074555,31074604,-
chr17,31082578,31082602,-
chr17,31175403,31175467,-
chr17,31204803,31204827,-
chr17,31205260,31205340,-
chr17,31205777,31205796,-
chr17,31296751,31296771,-
chr17,31306063,31306131,-
chr17,31306144,31306173,-
chr17,31351693,31351714,-
chr17,31351737,31351758,-
chr17,31437270,31437285,-
chr17,31437293,31437309,-
chr17,31519753,31519769,-
chr17,31520450,31520476,-
chr17,31563593,31563617,-
chr17,31564079,31564107,-
chr17,31790098,31790114,-
chr17,31821393,31821407,-
chr17,31825018,31825037,-
chr17,31840892,31840911,-
chr17,31841650,31841675,-
chr17,32054200,32054214,-
chr17,32126850,32126902,-
chr17,32201631,32201653,-
chr17,32341264,32341278,-
chr17,32402490,32402506,-
chr17,32403886,32403902,-
chr17,32432086,32432112,-
chr17,32432273,32432293,-
chr17,32966251,32966270,-
chr17,33033563,33033613,-
chr17,33451132,33451157,-
chr17,33456847,33456880,-
chr17,33484557,33484577,-
chr17,33524069,33524115,-
chr17,33564148,33564162,-
chr17,33685671,33685695,-
chr17,33716104,33716126,-
chr17,33716236,33716263,-
chr17,33716270,33716328,-
chr17,33719005,33719058,-
chr17,33851444,33851463,-
chr17,33889269,33889290,-
chr17,33897205,33897229,-
chr17,33902437,33902473,-
chr17,33902850,33902865,-
chr17,33902868,33902890,-
chr17,34001835,34001877,-
chr17,34001979,34002011,-
chr17,34048179,34048196,-
chr17,34092813,34092832,-
chr17,34102154,34102190,-
chr17,34102988,34103007,-
chr17,34103072,34103088,-
chr17,34103100,34103134,-
chr17,34123015,34123030,-
chr17,34123211,34123227,-
chr17,34128368,34128394,-
chr17,34129916,34129950,-
chr17,34164171,34164195,-
chr17,34164435,34164451,-
chr17,34165472,34165486,-
chr17,34171129,34171148,-
chr17,34194575,34194595,-
chr17,34204280,34204352,-
chr17,34209801,34209820,-
chr17,34211821,34211840,-
chr17,34239075,34239097,-
chr17,34305549,34305598,-
chr17,34329627,34329645,-
chr17,34329650,34329674,-
chr17,34398367,34398389,-
chr17,34589187,34589219,-
chr17,34603625,34603640,-
chr17,34646827,34646851,-
chr17,34875094,34875117,-
chr17,34899959,34900021,-
chr17,34932542,34932556,-
chr17,34980909,34980942,-
chr17,35000518,35000537,-
chr17,35048800,35048822,-
chr17,35051590,35051619,-
chr17,35089680,35089696,-
chr17,35121593,35121613,-
chr17,35122158,35122176,-
chr17,35135515,35135535,-
chr17,35165651,35165666,-
chr17,35174908,35174923,-
chr17,35174931,35174948,-
chr17,35185762,35185776,-
chr17,35186149,35186171,-
chr17,35186206,35186245,-
chr17,35187154,35187173,-
chr17,35187708,35187761,-
chr17,35187941,35187961,-
chr17,35189550,35189568,-
chr17,35192138,35192152,-
chr17,35193808,35193827,-
chr17,35194721,35194741,-
chr17,35194905,35194921,-
chr17,35197461,35197480,-
chr17,35197554,35197570,-
chr17,35201245,35201259,-
chr17,35202365,35202381,-
chr17,35202400,35202419,-
chr17,35233128,35233155,-
chr17,35233506,35233525,-
chr17,35235444,35235459,-
chr17,35258694,35258711,-
chr17,35259102,35259118,-
chr17,35301641,35301656,-
chr17,35578493,35578512,-
chr17,35674062,35674078,-
chr17,35733748,35733808,-
chr17,35734870,35734884,-
chr17,35739998,35740012,-
chr17,35740231,35740247,-
chr17,35741820,35741848,-
chr17,35742506,35742541,-
chr17,35748592,35748635,-
chr17,35764450,35764467,-
chr17,35766388,35766415,-
chr17,35822491,35822507,-
chr17,35838509,35838528,-
chr17,35841768,35841796,-
chr17,35869906,35869930,-
chr17,35870003,35870021,-
chr17,35897630,35897645,-
chr17,35917175,35917189,-
chr17,35917635,35917654,-
chr17,35918279,35918298,-
chr17,35918856,35918871,-
chr17,35918931,35918968,-
chr17,35919049,35919068,-
chr17,35919224,35919240,-
chr17,35919244,35919275,-
chr17,35970110,35970139,-
chr17,35994097,35994179,-
chr17,35994577,35994605,-
chr17,35994681,35994697,-
chr17,35997576,35997603,-
chr17,35998129,35998187,-
chr17,35999771,35999795,-
chr17,35999816,35999830,-
chr17,36000657,36000673,-
chr17,36001491,36001550,-
chr17,36020784,36020800,-
chr17,36021087,36021106,-
chr17,36023491,36023510,-
chr17,36033093,36033110,-
chr17,36033115,36033131,-
chr17,36033318,36033338,-
chr17,36042807,36042822,-
chr17,36112077,36112094,-
chr17,36112099,36112115,-
chr17,36112302,36112322,-
chr17,36227271,36227287,-
chr17,36257267,36257302,-
chr17,36274026,36274046,-
chr17,36836452,36836471,-
chr17,36836641,36836657,-
chr17,36837578,36837617,-
chr17,37047073,37047092,-
chr17,40935292,40935311,-
chr17,42876912,42876948,-
chr17,43666028,43666077,-
chr17,44076097,44076132,-
chr17,44076153,44076212,-
chr17,44570076,44570095,-
chr17,44599438,44599487,-
chr17,44599493,44599554,-
chr17,44735456,44735530,-
chr17,44969318,44969357,-
chr17,45139472,45139536,-
chr17,45139667,45139761,-
chr17,45433876,45433920,-
chr17,45619741,45619763,-
chr17,46074528,46074542,-
chr17,46153713,46153727,-
chr17,46162911,46162927,-
chr17,46388550,46388586,-
chr17,46752546,46752584,-
chr17,46772402,46772418,-
chr17,46835349,46835373,-
chr17,46858362,46858378,-
chr17,46871461,46871481,-
chr17,46871488,46871508,-
chr17,47009518,47009535,-
chr17,47010774,47010796,-
chr17,47116446,47116580,-
chr17,47116713,47116734,-
chr17,47136498,47136514,-
chr17,47141923,47141937,-
chr17,47204775,47204799,-
chr17,47362088,47362145,-
chr17,47431062,47431078,-
chr17,47505815,47505834,-
chr17,47507892,47507929,-
chr17,47527910,47527929,-
chr17,47529251,47529279,-
chr17,47531637,47531659,-
chr17,47533054,47533074,-
chr17,47533490,47533506,-
chr17,47534221,47534258,-
chr17,47535254,47535274,-
chr17,47598584,47598598,-
chr17,47600296,47600315,-
chr17,47600474,47600502,-
chr17,48043231,48043269,-
chr17,48293732,48293761,-
chr17,48300551,48300569,-
chr17,48300940,48300954,-
chr17,48301267,48301286,-
chr17,48425808,48425823,-
chr17,48428039,48428053,-
chr17,48466835,48466867,-
chr17,48466963,48466979,-
chr17,49403466,49403491,-
chr17,49406207,49406221,-
chr17,49413121,49413149,-
chr17,50071585,50071613,-
chr17,50132577,50132594,-
chr17,50136673,50136689,-
chr17,50136697,50136721,-
chr17,50136727,50136743,-
chr17,50158017,50158031,-
chr17,50185615,50185641,-
chr17,50189391,50189405,-
chr17,50310705,50310736,-
chr17,50331066,50331097,-
chr17,50332052,50332071,-
chr17,50415562,50415588,-
chr17,50416034,50416070,-
chr17,50426307,50426328,-
chr17,50469786,50469830,-
chr17,50470225,50470240,-
chr17,50470803,50470817,-
chr17,50471129,50471148,-
chr17,50483683,50483702,-
chr17,50484114,50484133,-
chr17,50484139,50484154,-
chr17,50485022,50485038,-
chr17,50522232,50522263,-
chr17,50522297,50522317,-
chr17,50522414,50522434,-
chr17,50524937,50524957,-
chr17,50539776,50539805,-
chr17,50555140,50555155,-
chr17,50555196,50555219,-
chr17,50580358,50580389,-
chr17,50678089,50678123,-
chr17,50730949,50730968,-
chr17,51179082,51179096,-
chr17,51318916,51318965,-
chr17,51406782,51406796,-
chr17,51406851,51406871,-
chr17,51407366,51407380,-
chr17,51409549,51409568,-
chr17,51409595,51409609,-
chr17,51484891,51484906,-
chr17,51735596,51735615,-
chr17,51805706,51805729,-
chr17,51806553,51806569,-
chr17,51811512,51811538,-
chr17,51811868,51811889,-
chr17,51816345,51816364,-
chr17,51816443,51816465,-
chr17,51820194,51820238,-
chr17,51828583,51828597,-
chr17,51829324,51829340,-
chr17,51829509,51829523,-
chr17,51829769,51829797,-
chr17,51830201,51830216,-
chr17,51833990,51834006,-
chr17,51834391,51834471,-
chr17,51858572,51858591,-
chr17,51858632,51858663,-
chr17,51876935,51876949,-
chr17,51880266,51880285,-
chr17,51892837,51892852,-
chr17,51893128,51893147,-
chr17,51894381,51894397,-
chr17,51899626,51899676,-
chr17,51904276,51904300,-
chr17,51904425,51904454,-
chr17,51904756,51904772,-
chr17,51905065,51905094,-
chr17,51906507,51906526,-
chr17,51906843,51906858,-
chr17,52062065,52062086,-
chr17,52062569,52062585,-
chr17,52150120,52150139,-
chr17,52150930,52150949,-
chr17,52151349,52151365,-
chr17,52161931,52161953,-
chr17,52166383,52166449,-
chr17,52178062,52178091,-
chr17,52178272,52178293,-
chr17,52283688,52283708,-
chr17,52283824,52283838,-
chr17,52449184,52449203,-
chr17,52449256,52449314,-
chr17,52449326,52449350,-
chr17,52591722,52591736,-
chr17,52591972,52591986,-
chr17,52592156,52592186,-
chr17,53566469,53566483,-
chr17,53566618,53566632,-
chr17,53568123,53568144,-
chr17,53568357,53568376,-
chr17,53570219,53570239,-
chr17,53587906,53587923,-
chr17,55827432,55827447,-
chr17,55827521,55827590,-
chr17,55827609,55827660,-
chr17,55892694,55892708,-
chr17,55959734,55959750,-
chr17,56079114,56079130,-
chr17,56184195,56184209,-
chr17,56184233,56184272,-
chr17,56184380,56184399,-
chr17,56184464,56184505,-
chr17,56277240,56277266,-
chr17,56277483,56277500,-
chr17,56445512,56445526,-
chr17,56585674,56585709,-
chr17,56763739,56763758,-
chr17,56764357,56764382,-
chr17,56819647,56819666,-
chr17,56885280,56885304,-
chr17,56885760,56885775,-
chr17,56990157,56990173,-
chr17,56996982,56997013,-
chr17,57060931,57060967,-
chr17,57061141,57061165,-
chr17,57061563,57061582,-
chr17,57275756,57275775,-
chr17,57275894,57275913,-
chr17,57276597,57276616,-
chr17,57276802,57276826,-
chr17,57279498,57279517,-
chr17,63284468,63284484,-
chr17,63324690,63324706,-
chr17,63356526,63356541,-
chr17,63362192,63362206,-
chr17,63379927,63380039,-
chr17,63405441,63405460,-
chr17,63687323,63687431,-
chr17,64604359,64604373,-
chr17,64604376,64604392,-
chr17,64629047,64629072,-
chr17,64754630,64754649,-
chr17,64754816,64754830,-
chr17,64755618,64755632,-
chr17,64827074,64827111,-
chr17,64859350,64859364,-
chr17,65826577,65826596,-
chr17,65826657,65826671,-
chr17,65870269,65870289,-
chr17,65886257,65886279,-
chr17,65957393,65957415,-
chr17,65957973,65957992,-
chr17,66016642,66016679,-
chr17,66016749,66016765,-
chr17,66016784,66016819,-
chr17,66016849,66016869,-
chr17,66101784,66101798,-
chr17,66101814,66101829,-
chr17,66102279,66102293,-
chr17,66111258,66111283,-
chr17,69384331,69384350,-
chr17,69396431,69396465,-
chr17,69396898,69396936,-
chr17,69396979,69396998,-
chr17,69416423,69416461,-
chr17,69416571,69416585,-
chr17,69416641,69416656,-
chr17,70850026,70850042,-
chr17,70852121,70852143,-
chr17,70852429,70852451,-
chr17,70853115,70853131,-
chr17,70853903,70853940,-
chr17,70877942,70877988,-
chr17,70925015,70925030,-
chr17,70925053,70925087,-
chr17,70987239,70987283,-
chr17,70987557,70987576,-
chr17,71196170,71196219,-
chr17,71204609,71204628,-
chr17,71204704,71204718,-
chr17,71204898,71204917,-
chr17,71479312,71479334,-
chr17,71486921,71486968,-
chr17,71491262,71491286,-
chr17,71491740,71491785,-
chr17,71982385,71982405,-
chr17,72837830,72837846,-
chr17,72837852,72837866,-
chr17,72917215,72917235,-
chr17,72918204,72918219,-
chr17,72918463,72918516,-
chr17,72920761,72920779,-
chr17,72934515,72934534,-
chr17,72936310,72936343,-
chr17,72939581,72939613,-
chr17,72939616,72939642,-
chr17,72948657,72948704,-
chr17,72949388,72949404,-
chr17,72949594,72949611,-
chr17,72966183,72966215,-
chr17,73034385,73034405,-
chr17,73142001,73142015,-
chr17,73142428,73142448,-
chr17,73161796,73161818,-
chr17,73162233,73162247,-
chr17,73164023,73164046,-
chr17,73169468,73169492,-
chr17,73222122,73222138,-
chr17,73222292,73222316,-
chr17,73227438,73227452,-
chr17,73246998,73247027,-
chr17,73304118,73304134,-
chr17,73304479,73304519,-
chr17,73813243,73813263,-
chr17,73814098,73814113,-
chr17,73869666,73869696,-
chr17,73871835,73871885,-
chr17,73952598,73952627,-
chr17,73952633,73952649,-
chr17,73952658,73952674,-
chr17,74420099,74420118,-
chr17,74420150,74420211,-
chr17,74420277,74420299,-
chr17,74420428,74420466,-
chr17,74489144,74489174,-
chr17,76519672,76519691,-
chr17,78201778,78201809,-
chr17,78330571,78330632,-
chr17,78351630,78351646,-
chr17,78351653,78351667,-
chr17,78351787,78351807,-
chr17,78370702,78370716,-
chr17,78995205,78995220,-
chr17,79043699,79043723,-
chr17,79043736,79043751,-
chr17,79044098,79044120,-
chr17,79456486,79456500,-
chr17,79456643,79456662,-
chr17,79456722,79456824,-
chr17,79637635,79637650,-
chr17,79637669,79637689,-
chr17,79637774,79637795,-
chr17,79637821,79637859,-
chr17,79821417,79821441,-
chr17,79862151,79862171,-
chr17,79965253,79965285,-
chr17,80170001,80170021,-
chr17,80175447,80175461,-
chr17,80323441,80323480,-
chr17,80521730,80521754,-
chr17,80521801,80521830,-
chr17,80556543,80556571,-
chr17,80560793,80560810,-
chr17,80561063,80561100,-
chr17,80563581,80563600,-
chr17,80772618,80772632,-
chr17,83267315,83267331,-
chr17,83267835,83267854,-
chr17,83276772,83276791,-
chr17,83277081,83277100,-
chr17,83277110,83277134,-
chr17,83278337,83278351,-
chr17,83318386,83318430,-
chr17,83318433,83318917,-
chr17,83318918,83318990,-
chr17,83319014,83319045,-
chr17,83365421,83365443,-
chr17,83397195,83397214,-
chr17,83397430,83397444,-
chr17,83453851,83453880,-
chr17,83453886,83453902,-
chr17,83457257,83457279,-
chr17,83457711,83457725,-
chr17,83525828,83525860,-
chr17,83545928,83545947,-
chr17,83645712,83645738,-
chr17,83645885,83645909,-
chr17,83646672,83646698,-
chr17,83646769,83646797,-
chr17,83647054,83647070,-
chr17,83696106,83696122,-
chr17,83707344,83707366,-
chr17,83707394,83707413,-
chr17,83707544,83707560,-
chr17,83707668,83707690,-
chr17,83707777,83707808,-
chr17,83709652,83709668,-
chr17,83709669,83709688,-
chr17,83709749,83709788,-
chr17,83732876,83732899,-
chr17,83772627,83772651,-
chr17,83772654,83772673,-
chr17,83773232,83773260,-
chr17,83774705,83774729,-
chr17,83775269,83775286,-
chr17,83775441,83775460,-
chr17,83775944,83775958,-
chr17,83799363,83799382,-
chr17,83799656,83799675,-
chr17,83800243,83800262,-
chr17,83800291,83800307,-
chr17,83807742,83807763,-
chr17,83816208,83816224,-
chr17,83823670,83823686,-
chr17,83824367,83824383,-
chr17,83847481,83847520,-
chr17,83848433,83848454,-
chr17,83861465,83861487,-
chr17,83862066,83862080,-
chr17,83902546,83902560,-
chr17,83918428,83918442,-
chr17,83935390,83935410,-
chr17,84009937,84009962,-
chr17,84019117,84019132,-
chr17,84035473,84035497,-
chr17,84145705,84145719,-
chr17,84145725,84145739,-
chr17,84146982,84146997,-
chr17,84177678,84177697,-
chr17,84185451,84185470,-
chr17,84226756,84226772,-
chr17,84226808,84226823,-
chr17,84241874,84241890,-
chr17,84268306,84268328,-
chr17,84273495,84273511,-
chr17,84305965,84305980,-
chr17,84308442,84308461,-
chr17,84308933,84308949,-
chr17,84310480,84310495,-
chr17,84331015,84331036,-
chr17,84333256,84333275,-
chr17,84336059,84336074,-
chr17,84408253,84408269,-
chr17,84633888,84633907,-
chr17,84790703,84790722,-
chr17,84845787,84845807,-
chr17,84855664,84855693,-
chr17,84856296,84856312,-
chr17,84877813,84877882,-
chr17,85023796,85023821,-
chr17,86145519,86145561,-
chr17,86278503,86278517,-
chr17,86322877,86322914,-
chr17,86323326,86323341,-
chr17,86336914,86336930,-
chr17,86337165,86337184,-
chr17,86435107,86435124,-
chr17,86668046,86668065,-
chr17,86674479,86674499,-
chr17,86674818,86674844,-
chr17,86675350,86675383,-
chr17,86718056,86718106,-
chr17,86718107,86718139,-
chr17,86718140,86718232,-
chr17,86958370,86958385,-
chr17,86962730,86962748,-
chr17,87025591,87025610,-
chr17,87025858,87025878,-
chr17,87119034,87119049,-
chr17,87222176,87222240,-
chr17,87222265,87222306,-
chr17,87282080,87282102,-
chr17,87283757,87283776,-
chr17,87286017,87286043,-
chr17,87286060,87286077,-
chr17,87286362,87286378,-
chr17,87286666,87286681,-
chr17,87299297,87299328,-
chr17,87306018,87306088,-
chr17,87306207,87306233,-
chr17,87445917,87445931,-
chr17,87601927,87601962,-
chr17,87608621,87608637,-
chr17,87672932,87672956,-
chr17,87673150,87673180,-
chr17,87713688,87713703,-
chr17,87714142,87714157,-
chr17,88064351,88064367,-
chr17,88403084,88403100,-
chr17,88405020,88405034,-
chr17,88440079,88440118,-
chr17,88539224,88539238,-
chr17,88753122,88753141,-
chr17,88758297,88758311,-
chr17,94864437,94864453,-
chr18,3280697,3280726,+
chr18,3280757,3280776,+
chr18,3281571,3281589,+
chr18,3337704,3337720,+
chr18,3547131,3547204,+
chr18,3547222,3547255,+
chr18,4241602,4241667,+
chr18,4294883,4294906,+
chr18,4295231,4295259,+
chr18,4295811,4295856,+
chr18,4296226,4296246,+
chr18,4296264,4296288,+
chr18,4303683,4303737,+
chr18,4312983,4313033,+
chr18,5162920,5162971,+
chr18,5607932,5607959,+
chr18,5688611,5688633,+
chr18,5989600,5989619,+
chr18,6106570,6106597,+
chr18,6106944,6106960,+
chr18,6107067,6107098,+
chr18,6107167,6107196,+
chr18,6485198,6485225,+
chr18,6485272,6485339,+
chr18,6515134,6515148,+
chr18,6515246,6515265,+
chr18,6515742,6515767,+
chr18,7358240,7358292,+
chr18,7378395,7378472,+
chr18,7410039,7410054,+
chr18,7410263,7410282,+
chr18,7410337,7410353,+
chr18,7410449,7410475,+
chr18,7410578,7410602,+
chr18,7608532,7608548,+
chr18,7608775,7608791,+
chr18,7813780,7813872,+
chr18,10181042,10181069,+
chr18,10727204,10727220,+
chr18,11860104,11860129,+
chr18,12167883,12167937,+
chr18,12971938,12971981,+
chr18,12972571,12972596,+
chr18,12972617,12972631,+
chr18,13027152,13027206,+
chr18,13693974,13693993,+
chr18,14573488,14573504,+
chr18,14603855,14603871,+
chr18,14656685,14656704,+
chr18,14657671,14657739,+
chr18,14657811,14657838,+
chr18,14681788,14681807,+
chr18,14782582,14782601,+
chr18,14782778,14782839,+
chr18,14782961,14782985,+
chr18,15098309,15098421,+
chr18,15098424,15098440,+
chr18,15149551,15149567,+
chr18,15331714,15331776,+
chr18,15552594,15552614,+
chr18,15552699,15552715,+
chr18,18300189,18300204,+
chr18,20945831,20945863,+
chr18,20946013,20946029,+
chr18,20946068,20946090,+
chr18,20946839,20946854,+
chr18,20947002,20947047,+
chr18,20962785,20962806,+
chr18,20962826,20962859,+
chr18,21001093,21001127,+
chr18,21001138,21001157,+
chr18,23804138,23804156,+
chr18,23804476,23804492,+
chr18,24020500,24020519,+
chr18,30272646,30272667,+
chr18,30321921,30321942,+
chr18,31788872,31788909,+
chr18,31805828,31805842,+
chr18,32239640,32239685,+
chr18,32239737,32239751,+
chr18,32240080,32240100,+
chr18,32336742,32336761,+
chr18,32336853,32336873,+
chr18,32396572,32396628,+
chr18,32598462,32598494,+
chr18,32837141,32837160,+
chr18,32880755,32880769,+
chr18,32941571,32941590,+
chr18,32945926,32945942,+
chr18,32954023,32954051,+
chr18,32954185,32954201,+
chr18,32969714,32969729,+
chr18,32970368,32970382,+
chr18,32970640,32970702,+
chr18,34108766,34108781,+
chr18,34221568,34221591,+
chr18,34330736,34330752,+
chr18,34330761,34330780,+
chr18,34415862,34415887,+
chr18,34507473,34507488,+
chr18,34758575,34758589,+
chr18,34783385,34783404,+
chr18,34827554,34827569,+
chr18,34856332,34856351,+
chr18,34958916,34958938,+
chr18,34959002,34959017,+
chr18,35383503,35383519,+
chr18,35561816,35561832,+
chr18,35599408,35599424,+
chr18,35746771,35746791,+
chr18,35747156,35747180,+
chr18,35762608,35762623,+
chr18,35762628,35762642,+
chr18,35762708,35762733,+
chr18,35762876,35762890,+
chr18,35774700,35774715,+
chr18,35888719,35888762,+
chr18,35889376,35889392,+
chr18,35909951,35909967,+
chr18,35910072,35910091,+
chr18,35938216,35938232,+
chr18,36288050,36288065,+
chr18,36537140,36537214,+
chr18,36537342,36537361,+
chr18,36537551,36537569,+
chr18,36735763,36735779,+
chr18,37742090,37742106,+
chr18,37925836,37925853,+
chr18,37926199,37926224,+
chr18,37926287,37926303,+
chr18,38349940,38349974,+
chr18,38366886,38366905,+
chr18,38419607,38419633,+
chr18,39489171,39489200,+
chr18,39490931,39490969,+
chr18,39491221,39491240,+
chr18,39492017,39492071,+
chr18,39518768,39518784,+
chr18,39743530,39743589,+
chr18,40231801,40231817,+
chr18,42262215,42262234,+
chr18,42274829,42274843,+
chr18,46176244,46176259,+
chr18,46403766,46403818,+
chr18,46524057,46524101,+
chr18,46525084,46525103,+
chr18,46958594,46958608,+
chr18,49721773,49721792,+
chr18,49721928,49721943,+
chr18,49755155,49755184,+
chr18,49756389,49756428,+
chr18,49756607,49756623,+
chr18,49770957,49770984,+
chr18,49832138,49832166,+
chr18,49979689,49979704,+
chr18,49982344,49982363,+
chr18,50014229,50014269,+
chr18,50014479,50014517,+
chr18,50032781,50032795,+
chr18,50113012,50113028,+
chr18,50113033,50113049,+
chr18,52465411,52465455,+
chr18,53863303,53863333,+
chr18,53903786,53903823,+
chr18,54906852,54906866,+
chr18,55549673,55549687,+
chr18,55549962,55549977,+
chr18,55681553,55681572,+
chr18,55681586,55681601,+
chr18,55695850,55695867,+
chr18,56412965,56412986,+
chr18,56431100,56431114,+
chr18,56431516,56431532,+
chr18,56441135,56441150,+
chr18,56446506,56446540,+
chr18,56449162,56449206,+
chr18,56452066,56452090,+
chr18,56455055,56455070,+
chr18,56456205,56456219,+
chr18,56456702,56456723,+
chr18,56463456,56463490,+
chr18,56468925,56468941,+
chr18,56469057,56469085,+
chr18,56572450,56572482,+
chr18,56572727,56572759,+
chr18,56620893,56620933,+
chr18,56710960,56710988,+
chr18,56711095,56711123,+
chr18,56711157,56711173,+
chr18,56886911,56886936,+
chr18,57878269,57878298,+
chr18,57976361,57976375,+
chr18,57976461,57976475,+
chr18,57976591,57976745,+
chr18,58510080,58510149,+
chr18,58510161,58510177,+
chr18,58510222,58510236,+
chr18,58510328,58510343,+
chr18,58564499,58564534,+
chr18,58564599,58564637,+
chr18,58564648,58564665,+
chr18,58564819,58564847,+
chr18,60747282,60747296,+
chr18,60747464,60747478,+
chr18,60774160,60774174,+
chr18,60775045,60775066,+
chr18,60849377,60849396,+
chr18,61187775,61187826,+
chr18,62092743,62092778,+
chr18,62092783,62092801,+
chr18,62156903,62156963,+
chr18,62164510,62164527,+
chr18,62165865,62165888,+
chr18,62169220,62169235,+
chr18,62177867,62177984,+
chr18,62178289,62178305,+
chr18,62178343,62178369,+
chr18,62188518,62188537,+
chr18,62719650,62719665,+
chr18,62720944,62720959,+
chr18,62721793,62721807,+
chr18,62726445,62726464,+
chr18,63692871,63692888,+
chr18,64913242,64913262,+
chr18,64936327,64936346,+
chr18,65301343,65301381,+
chr18,65312591,65312612,+
chr18,65354727,65354751,+
chr18,65382367,65382387,+
chr18,65405527,65405542,+
chr18,65405635,65405663,+
chr18,65405738,65405753,+
chr18,65405957,65406009,+
chr18,65414871,65414895,+
chr18,65442832,65442877,+
chr18,65691672,65691688,+
chr18,65818737,65818765,+
chr18,65819477,65819491,+
chr18,65819627,65819641,+
chr18,65892236,65892262,+
chr18,65892696,65892761,+
chr18,66036499,66036593,+
chr18,66411288,66411357,+
chr18,66442439,66442454,+
chr18,66470814,66470834,+
chr18,66471126,66471140,+
chr18,66471389,66471449,+
chr18,66586593,66586674,+
chr18,67205405,67205424,+
chr18,67212542,67212557,+
chr18,67245937,67245957,+
chr18,67246093,67246113,+
chr18,67248458,67248477,+
chr18,67249366,67249429,+
chr18,67249469,67249503,+
chr18,67249767,67249783,+
chr18,67249831,67249855,+
chr18,67255267,67255291,+
chr18,67256061,67256080,+
chr18,67641835,67641855,+
chr18,67728570,67728614,+
chr18,67799803,67799835,+
chr18,67967021,67967036,+
chr18,68058986,68059000,+
chr18,68059182,68059206,+
chr18,68196202,68196232,+
chr18,68359375,68359437,+
chr18,68359449,68359499,+
chr18,68969407,68969422,+
chr18,68969746,68969760,+
chr18,69172674,69172694,+
chr18,69196066,69196080,+
chr18,69196186,69196205,+
chr18,69200001,69200017,+
chr18,69200022,69200041,+
chr18,69320936,69321010,+
chr18,69344681,69344705,+
chr18,69344750,69344764,+
chr18,69592899,69592926,+
chr18,70528835,70528854,+
chr18,70529406,70529446,+
chr18,70531072,70531097,+
chr18,70544586,70544601,+
chr18,70546091,70546107,+
chr18,70546123,70546139,+
chr18,70598771,70598794,+
chr18,70611995,70612014,+
chr18,70643864,70643879,+
chr18,70645060,70645076,+
chr18,70645213,70645229,+
chr18,70645267,70645286,+
chr18,73643352,73643376,+
chr18,73645089,73645103,+
chr18,73702869,73702884,+
chr18,73702984,73703010,+
chr18,73703049,73703068,+
chr18,73752350,73752378,+
chr18,73752428,73752442,+
chr18,73816917,73816933,+
chr18,73835559,73835578,+
chr18,73835830,73835849,+
chr18,73836569,73836584,+
chr18,73909356,73909481,+
chr18,74760421,74760445,+
chr18,74763468,74763483,+
chr18,74778141,74778163,+
chr18,74778251,74778283,+
chr18,74779841,74779860,+
chr18,74963184,74963229,+
chr18,75000102,75000126,+
chr18,75000337,75000366,+
chr18,75322064,75322102,+
chr18,75338824,75338855,+
chr18,75338966,75339008,+
chr18,75366867,75366889,+
chr18,75368364,75368381,+
chr18,75372690,75372718,+
chr18,75377009,75377028,+
chr18,75387266,75387300,+
chr18,75387535,75387550,+
chr18,75392213,75392252,+
chr18,75424507,75424523,+
chr18,75425204,75425219,+
chr18,75425546,75425587,+
chr18,75425711,75425798,+
chr18,75447211,75447231,+
chr18,75459246,75459260,+
chr18,75562283,75562297,+
chr18,75598941,75599025,+
chr18,76233463,76233517,+
chr18,76233649,76233742,+
chr18,76892447,76892462,+
chr18,76929760,76929786,+
chr18,77062158,77062224,+
chr18,77064778,77064795,+
chr18,77121607,77121622,+
chr18,77743030,77743052,+
chr18,77773870,77773884,+
chr18,77773888,77773903,+
chr18,79028293,79028312,+
chr18,79028326,79028351,+
chr18,79258590,79258604,+
chr18,79258863,79258891,+
chr18,79258933,79258949,+
chr18,79298123,79298143,+
chr18,79369665,79369708,+
chr18,79369710,79369765,+
chr18,79369797,79369825,+
chr18,79489947,79489965,+
chr18,79490034,79490069,+
chr18,80169746,80169762,+
chr18,80539991,80540039,+
chr18,80600579,80600601,+
chr18,80612462,80612476,+
chr18,80690111,80690137,+
chr18,80705282,80705301,+
chr18,80707183,80707202,+
chr18,80707493,80707512,+
chr18,80708780,80708806,+
chr18,81047164,81047178,+
chr18,81211124,81211143,+
chr18,81352802,81352818,+
chr18,81400984,81400998,+
chr18,81404623,81404643,+
chr18,81404810,81404841,+
chr18,81405156,81405171,+
chr18,81405322,81405338,+
chr18,81405447,81405481,+
chr18,81409077,81409091,+
chr18,81409406,81409420,+
chr18,81427115,81427134,+
chr18,81427214,81427239,+
chr18,81427353,81427367,+
chr18,81429743,81429762,+
chr18,81429799,81429814,+
chr18,81430409,81430423,+
chr18,81462185,81462208,+
chr18,81462370,81462389,+
chr18,81864126,81864146,+
chr18,81924429,81924443,+
chr18,81927138,81927159,+
chr18,81927294,81927339,+
chr18,81927918,81927942,+
chr18,82009250,82009264,+
chr18,82472526,82472542,+
chr18,82472697,82472711,+
chr18,82473040,82473059,+
chr18,82473652,82473667,+
chr18,82476916,82476939,+
chr18,82477039,82477053,+
chr18,82479468,82479492,+
chr18,82512242,82512258,+
chr18,82537914,82537938,+
chr18,82607406,82607420,+
chr18,82765610,82765653,+
chr18,82910169,82910194,+
chr18,84085974,84085990,+
chr18,84086215,84086253,+
chr18,84086270,84086296,+
chr18,84086998,84087021,+
chr18,84087875,84087902,+
chr18,84089768,84089815,+
chr18,84293165,84293189,+
chr18,84293218,84293238,+
chr18,84293452,84293475,+
chr18,84302393,84302408,+
chr18,84302819,84302835,+
chr18,84302919,84302943,+
chr18,84588691,84588715,+
chr18,84643713,84643770,+
chr18,84804462,84804492,+
chr18,84804573,84804592,+
chr18,84874177,84874196,+
chr18,84889183,84889211,+
chr18,88770500,88770525,+
chr18,88971538,88971562,+
chr18,89206775,89206794,+
chr18,89232038,89232090,+
chr18,89232198,89232213,+
chr18,89232458,89232473,+
chr18,89234018,89234038,+
chr18,89234174,89234193,+
chr18,89241143,89241180,+
chr18,89241832,89241847,+
chr18,89325863,89325878,+
chr18,89325956,89325972,+
chr18,89326283,89326313,+
chr18,89339103,89339215,+
chr18,89340960,89340980,+
chr18,90510039,90510060,+
chr18,90579273,90579287,+
chr18,4275850,4275866,-
chr18,4296289,4296319,-
chr18,4353836,4353852,-
chr18,5335000,5335014,-
chr18,5592978,5593049,-
chr18,5593885,5593900,-
chr18,5594253,5594272,-
chr18,5594511,5594525,-
chr18,5603672,5603696,-
chr18,5688442,5688468,-
chr18,5688478,5688492,-
chr18,6764744,6764759,-
chr18,7608817,7608872,-
chr18,7692886,7692911,-
chr18,7870229,7870278,-
chr18,9854733,9854789,-
chr18,10531859,10531923,-
chr18,10610657,10610673,-
chr18,11860041,11860105,-
chr18,11883329,11883354,-
chr18,12697353,12697415,-
chr18,12972405,12972446,-
chr18,12972877,12972893,-
chr18,13787347,13787361,-
chr18,14510998,14511013,-
chr18,14511072,14511086,-
chr18,14511101,14511120,-
chr18,14511472,14511486,-
chr18,14573409,14573428,-
chr18,14604553,14604569,-
chr18,14647745,14647759,-
chr18,14657780,14657794,-
chr18,15312862,15312881,-
chr18,15313180,15313207,-
chr18,15313317,15313333,-
chr18,15313572,15313586,-
chr18,15322936,15322960,-
chr18,15323198,15323212,-
chr18,19517277,19517386,-
chr18,20178014,20178078,-
chr18,20947133,20947208,-
chr18,20957302,20957337,-
chr18,20962080,20962115,-
chr18,20962641,20962662,-
chr18,20962672,20962686,-
chr18,20963037,20963061,-
chr18,20963104,20963120,-
chr18,20963299,20963318,-
chr18,21002459,21002478,-
chr18,24020205,24020224,-
chr18,24122081,24122095,-
chr18,25241965,25241984,-
chr18,28143336,28143401,-
chr18,30272560,30272586,-
chr18,30321564,30321580,-
chr18,30321652,30321713,-
chr18,30321811,30321829,-
chr18,30321873,30321893,-
chr18,31788676,31788704,-
chr18,31789447,31789481,-
chr18,31803847,31803861,-
chr18,31804994,31805029,-
chr18,31805282,31805301,-
chr18,32067345,32067364,-
chr18,32311971,32311987,-
chr18,32336621,32336671,-
chr18,32336679,32336703,-
chr18,32352922,32352936,-
chr18,32398040,32398060,-
chr18,32543427,32543446,-
chr18,32559360,32559384,-
chr18,32598088,32598108,-
chr18,32837008,32837027,-
chr18,32837086,32837100,-
chr18,32880896,32880920,-
chr18,32940340,32940378,-
chr18,32940662,32940691,-
chr18,32941188,32941204,-
chr18,32941544,32941567,-
chr18,32941682,32941696,-
chr18,32945618,32945633,-
chr18,32945866,32945906,-
chr18,32946649,32946665,-
chr18,32953962,32953976,-
chr18,32954104,32954128,-
chr18,32955388,32955415,-
chr18,32958285,32958301,-
chr18,32990286,32990318,-
chr18,33794475,33794489,-
chr18,34108906,34108920,-
chr18,34309320,34309405,-
chr18,34309589,34309604,-
chr18,34415925,34415940,-
chr18,34415941,34415955,-
chr18,34506109,34506141,-
chr18,34777563,34777578,-
chr18,34779502,34779516,-
chr18,34783699,34783730,-
chr18,34783910,34783925,-
chr18,34827617,34827637,-
chr18,34932294,34932313,-
chr18,34958564,34958583,-
chr18,35598317,35598333,-
chr18,35598972,35598986,-
chr18,35747618,35747666,-
chr18,35773287,35773306,-
chr18,35773344,35773363,-
chr18,35773773,35773787,-
chr18,35774038,35774072,-
chr18,35774402,35774418,-
chr18,35776535,35776554,-
chr18,35776793,35776815,-
chr18,35829481,35829501,-
chr18,35829991,35830017,-
chr18,35831328,35831342,-
chr18,35832329,35832345,-
chr18,35832528,35832544,-
chr18,35849855,35849871,-
chr18,35850831,35850846,-
chr18,35888446,35888461,-
chr18,35910690,35910706,-
chr18,35910816,35910840,-
chr18,36196997,36197021,-
chr18,36679710,36679726,-
chr18,36735073,36735099,-
chr18,36740061,36740075,-
chr18,36740088,36740128,-
chr18,36802291,36802307,-
chr18,36802939,36802963,-
chr18,37883558,37883572,-
chr18,38406506,38406530,-
chr18,38406553,38406572,-
chr18,38407817,38407831,-
chr18,38420175,38420202,-
chr18,38427154,38427171,-
chr18,38601574,38601616,-
chr18,38632046,38632061,-
chr18,39018091,39018107,-
chr18,39035909,39035923,-
chr18,39049196,39049210,-
chr18,39049254,39049274,-
chr18,39082386,39082401,-
chr18,39083090,39083104,-
chr18,39083169,39083188,-
chr18,39140951,39140985,-
chr18,39145306,39145329,-
chr18,39145511,39145530,-
chr18,39219614,39219666,-
chr18,39491485,39491507,-
chr18,39518704,39518729,-
chr18,39518895,39518911,-
chr18,39520238,39520260,-
chr18,40219702,40219717,-
chr18,40231905,40231929,-
chr18,42274823,42274838,-
chr18,46176357,46176371,-
chr18,46200959,46200975,-
chr18,46281076,46281090,-
chr18,46525133,46525153,-
chr18,46598366,46598405,-
chr18,46745636,46745650,-
chr18,46746138,46746154,-
chr18,46746248,46746277,-
chr18,49756480,49756495,-
chr18,49756627,49756646,-
chr18,49982577,49982611,-
chr18,50017421,50017437,-
chr18,50030626,50030642,-
chr18,50030880,50030911,-
chr18,50030957,50030988,-
chr18,50031651,50031666,-
chr18,50031804,50031819,-
chr18,50033180,50033199,-
chr18,52485818,52485846,-
chr18,53177742,53177768,-
chr18,53744910,53744931,-
chr18,53862168,53862193,-
chr18,53862210,53862231,-
chr18,53937453,53937471,-
chr18,53937658,53937679,-
chr18,54900346,54900360,-
chr18,54902297,54902312,-
chr18,54906607,54906639,-
chr18,54906648,54906682,-
chr18,55264816,55264862,-
chr18,55453996,55454017,-
chr18,55454056,55454107,-
chr18,55466997,55467013,-
chr18,55467045,55467064,-
chr18,55548181,55548195,-
chr18,55549578,55549592,-
chr18,55969789,55969844,-
chr18,56356199,56356254,-
chr18,56413107,56413144,-
chr18,56413359,56413378,-
chr18,56440872,56440888,-
chr18,56440935,56440951,-
chr18,56441247,56441261,-
chr18,56444857,56444877,-
chr18,56447467,56447502,-
chr18,56449927,56449962,-
chr18,56451098,56451133,-
chr18,56451552,56451579,-
chr18,56451595,56451619,-
chr18,56455126,56455180,-
chr18,56455298,56455314,-
chr18,56455330,56455344,-
chr18,56455463,56455502,-
chr18,56455954,56455968,-
chr18,56455987,56456007,-
chr18,56459074,56459090,-
chr18,56468649,56468681,-
chr18,56470109,56470136,-
chr18,56470227,56470273,-
chr18,56470932,56470965,-
chr18,56471218,56471276,-
chr18,56471382,56471404,-
chr18,56505016,56505048,-
chr18,56620592,56620652,-
chr18,56888878,56888892,-
chr18,56975657,56975677,-
chr18,56998017,56998053,-
chr18,57970071,57970107,-
chr18,57970880,57970904,-
chr18,58510369,58510488,-
chr18,58510507,58510540,-
chr18,58531330,58531344,-
chr18,58564414,58564428,-
chr18,58564898,58564952,-
chr18,58571714,58571729,-
chr18,58571918,58571938,-
chr18,60774300,60774315,-
chr18,60843696,60843712,-
chr18,60843987,60844011,-
chr18,60991602,60991628,-
chr18,61188124,61188139,-
chr18,61557001,61557026,-
chr18,62082049,62082072,-
chr18,62144394,62144445,-
chr18,62151554,62151570,-
chr18,62165943,62165985,-
chr18,62169237,62169253,-
chr18,62178671,62178686,-
chr18,62721424,62721438,-
chr18,62726830,62726856,-
chr18,63153683,63153750,-
chr18,63692593,63692627,-
chr18,64516820,64516854,-
chr18,64887399,64887416,-
chr18,64894794,64894843,-
chr18,64919423,64919447,-
chr18,64920797,64920816,-
chr18,65203041,65203068,-
chr18,65203268,65203345,-
chr18,65354177,65354271,-
chr18,65381759,65381800,-
chr18,65382320,65382334,-
chr18,65414275,65414331,-
chr18,66410987,66411006,-
chr18,66411386,66411417,-
chr18,66447706,66447730,-
chr18,66447797,66447811,-
chr18,66469446,66469462,-
chr18,66469633,66469656,-
chr18,66469793,66469822,-
chr18,66469830,66469888,-
chr18,66470368,66470390,-
chr18,67245838,67245862,-
chr18,67249652,67249666,-
chr18,67249819,67249834,-
chr18,67255792,67255812,-
chr18,67258645,67258661,-
chr18,67449648,67449694,-
chr18,67671758,67671775,-
chr18,67725497,67725560,-
chr18,67755088,67755142,-
chr18,67934278,67934294,-
chr18,67934322,67934403,-
chr18,67939010,67939025,-
chr18,68059003,68059022,-
chr18,68059225,68059247,-
chr18,68059573,68059588,-
chr18,68059630,68059644,-
chr18,68131664,68131687,-
chr18,68131709,68131725,-
chr18,68196111,68196135,-
chr18,68214608,68214627,-
chr18,68228242,68228258,-
chr18,68969269,68969283,-
chr18,69051294,69051325,-
chr18,69051327,69051352,-
chr18,69051555,69051569,-
chr18,69051623,69051642,-
chr18,69068697,69068719,-
chr18,69199735,69199793,-
chr18,69199890,69199906,-
chr18,69344576,69344591,-
chr18,69344961,69344975,-
chr18,69346979,69346994,-
chr18,69347775,69347795,-
chr18,69547599,69547613,-
chr18,69614566,69614580,-
chr18,70522473,70522493,-
chr18,70522788,70522807,-
chr18,70530489,70530508,-
chr18,70530735,70530763,-
chr18,70530885,70530909,-
chr18,70544621,70544636,-
chr18,70544760,70544779,-
chr18,70563341,70563355,-
chr18,70569501,70569518,-
chr18,70598032,70598050,-
chr18,70603650,70603669,-
chr18,70603756,70603771,-
chr18,70611290,70611314,-
chr18,70612043,70612068,-
chr18,70640799,70640828,-
chr18,70643522,70643537,-
chr18,70644923,70644948,-
chr18,73571827,73571842,-
chr18,73754688,73754717,-
chr18,73754750,73754766,-
chr18,73816289,73816304,-
chr18,73835578,73835594,-
chr18,73835874,73835893,-
chr18,73836898,73836929,-
chr18,74760592,74760608,-
chr18,74761191,74761213,-
chr18,74763855,74763874,-
chr18,74779713,74779727,-
chr18,74779986,74780010,-
chr18,74780346,74780361,-
chr18,75000131,75000147,-
chr18,75006160,75006182,-
chr18,75018474,75018488,-
chr18,75031205,75031225,-
chr18,75341854,75341890,-
chr18,75368127,75368146,-
chr18,75368390,75368404,-
chr18,75370404,75370420,-
chr18,75370863,75370889,-
chr18,75371142,75371172,-
chr18,75372280,75372302,-
chr18,75378022,75378036,-
chr18,75383428,75383443,-
chr18,75383572,75383591,-
chr18,75392031,75392051,-
chr18,75409996,75410012,-
chr18,75410939,75410964,-
chr18,75419733,75419757,-
chr18,75419840,75419859,-
chr18,75426351,75426377,-
chr18,75454420,75454509,-
chr18,76242477,76242512,-
chr18,77061847,77061862,-
chr18,77066247,77066263,-
chr18,77072613,77072642,-
chr18,77773837,77773853,-
chr18,78141763,78141783,-
chr18,78142153,78142175,-
chr18,78142215,78142245,-
chr18,79110574,79110590,-
chr18,79259201,79259233,-
chr18,79281631,79281650,-
chr18,79297938,79297962,-
chr18,79338909,79338927,-
chr18,79369433,79369452,-
chr18,79369454,79369482,-
chr18,79473021,79473035,-
chr18,79490132,79490195,-
chr18,80169409,80169424,-
chr18,80196368,80196383,-
chr18,80200813,80200829,-
chr18,80539861,80539876,-
chr18,80539948,80539963,-
chr18,80548580,80548596,-
chr18,80548638,80548653,-
chr18,80597634,80597648,-
chr18,80612276,80612290,-
chr18,80712250,80712277,-
chr18,80979724,80979748,-
chr18,81400301,81400328,-
chr18,81400833,81400848,-
chr18,81400961,81400975,-
chr18,81401031,81401046,-
chr18,81862242,81862256,-
chr18,81862304,81862320,-
chr18,81862999,81863013,-
chr18,81864155,81864204,-
chr18,82009509,82009538,-
chr18,82009594,82009617,-
chr18,82009634,82009654,-
chr18,82009769,82009788,-
chr18,82471623,82471686,-
chr18,82472627,82472641,-
chr18,82476209,82476233,-
chr18,82477017,82477039,-
chr18,82479691,82479707,-
chr18,82525077,82525158,-
chr18,82526929,82526951,-
chr18,82526965,82526984,-
chr18,82528181,82528206,-
chr18,82528872,82528888,-
chr18,82535040,82535059,-
chr18,82540015,82540037,-
chr18,82846972,82846987,-
chr18,82856719,82856733,-
chr18,83977090,83977109,-
chr18,84086576,84086611,-
chr18,84089838,84089857,-
chr18,84091711,84091739,-
chr18,84799284,84799300,-
chr18,84799631,84799650,-
chr18,84809234,84809254,-
chr18,84857276,84857290,-
chr18,84857359,84857400,-
chr18,84874729,84874762,-
chr18,84886441,84886457,-
chr18,84886856,84886870,-
chr18,84887055,84887079,-
chr18,84911817,84911836,-
chr18,84911905,84911919,-
chr18,84911926,84911952,-
chr18,84950981,84951004,-
chr18,88770560,88770580,-
chr18,89126858,89126872,-
chr18,89197065,89197093,-
chr18,89197318,89197332,-
chr18,89206139,89206159,-
chr18,89206812,89206832,-
chr18,89206898,89206913,-
chr18,89207669,89207699,-
chr18,89232701,89232715,-
chr18,89241386,89241405,-
chr18,89245639,89245653,-
chr18,89246005,89246027,-
chr18,89246147,89246161,-
chr18,89325848,89325863,-
chr18,89326255,89326269,-
chr18,89326341,89326367,-
chr18,89341120,89341138,-
chr18,89836670,89836689,-
chr18,89836702,89836717,-
chr18,89836778,89836805,-
chr18,89836826,89836861,-
chr18,90579304,90579319,-
chr19,3322940,3322982,+
chr19,3576091,3576107,+
chr19,3699541,3699561,+
chr19,3805520,3805550,+
chr19,3805700,3805718,+
chr19,3934922,3934950,+
chr19,3934974,3934996,+
chr19,3935036,3935062,+
chr19,4093840,4093859,+
chr19,4094091,4094110,+
chr19,4099159,4099178,+
chr19,4113945,4113961,+
chr19,4119698,4119731,+
chr19,4121780,4121802,+
chr19,4122931,4122946,+
chr19,4125445,4125461,+
chr19,4125483,4125499,+
chr19,4125562,4125578,+
chr19,4148363,4148385,+
chr19,4169235,4169272,+
chr19,4186582,4186598,+
chr19,4190176,4190203,+
chr19,4203299,4203313,+
chr19,4204096,4204120,+
chr19,4213459,4213486,+
chr19,4227498,4227529,+
chr19,4294383,4294399,+
chr19,4294589,4294617,+
chr19,4297085,4297109,+
chr19,4297950,4297966,+
chr19,4304035,4304051,+
chr19,4305352,4305385,+
chr19,4333197,4333217,+
chr19,4438024,4438047,+
chr19,4842685,4842726,+
chr19,5041105,5041121,+
chr19,5045399,5045415,+
chr19,5088098,5088113,+
chr19,5257033,5257081,+
chr19,5257150,5257164,+
chr19,5257172,5257191,+
chr19,5257336,5257355,+
chr19,5257626,5257650,+
chr19,5257654,5257674,+
chr19,5258583,5258598,+
chr19,5273848,5273867,+
chr19,5406393,5406412,+
chr19,5408477,5408505,+
chr19,5408595,5408609,+
chr19,5433081,5433110,+
chr19,5460267,5460284,+
chr19,5489701,5489715,+
chr19,5571796,5571826,+
chr19,5601662,5601676,+
chr19,5648706,5648720,+
chr19,5662733,5662752,+
chr19,5786441,5786469,+
chr19,5793122,5793164,+
chr19,5800938,5800954,+
chr19,5801478,5801497,+
chr19,5802925,5802939,+
chr19,5813947,5813989,+
chr19,5814041,5814055,+
chr19,5815708,5815728,+
chr19,5815802,5815816,+
chr19,5815831,5815850,+
chr19,5874592,5874606,+
chr19,5912697,5912732,+
chr19,5965349,5965382,+
chr19,6011878,6011900,+
chr19,6018376,6018410,+
chr19,6061165,6061181,+
chr19,6110696,6110795,+
chr19,6110823,6110837,+
chr19,6126312,6126332,+
chr19,6126344,6126363,+
chr19,6126571,6126587,+
chr19,6126718,6126751,+
chr19,6127797,6127812,+
chr19,6141777,6141800,+
chr19,6293604,6293623,+
chr19,6302573,6302604,+
chr19,6398880,6398894,+
chr19,6858299,6858319,+
chr19,6869405,6869424,+
chr19,6909357,6909376,+
chr19,6974050,6974069,+
chr19,7018543,7018559,+
chr19,7055812,7055862,+
chr19,7206770,7206792,+
chr19,7217229,7217245,+
chr19,7315271,7315300,+
chr19,7383535,7383564,+
chr19,7608224,7608243,+
chr19,8518594,8518627,+
chr19,8518650,8518664,+
chr19,8519251,8519271,+
chr19,8519338,8519357,+
chr19,8722862,8722876,+
chr19,8798709,8798782,+
chr19,8798932,8798952,+
chr19,8802269,8802285,+
chr19,8871118,8871137,+
chr19,8881164,8881178,+
chr19,8888729,8888743,+
chr19,8984598,8984613,+
chr19,9038422,9038439,+
chr19,9065926,9065941,+
chr19,9082474,9082490,+
chr19,9938312,9938339,+
chr19,10182685,10182709,+
chr19,10204031,10204050,+
chr19,10577013,10577041,+
chr19,10603093,10603107,+
chr19,10605164,10605188,+
chr19,10732004,10732019,+
chr19,10739337,10739351,+
chr19,10739418,10739452,+
chr19,10739901,10739916,+
chr19,10749029,10749050,+
chr19,10753794,10753813,+
chr19,10753815,10753885,+
chr19,10763826,10763840,+
chr19,10777354,10777418,+
chr19,10784240,10784254,+
chr19,10816748,10816763,+
chr19,11045004,11045025,+
chr19,11050251,11050266,+
chr19,11050573,11050589,+
chr19,11055710,11055730,+
chr19,11055929,11055945,+
chr19,11056202,11056222,+
chr19,11056290,11056304,+
chr19,11056437,11056472,+
chr19,11056525,11056541,+
chr19,11056554,11056584,+
chr19,11056697,11056716,+
chr19,11056777,11056844,+
chr19,11056910,11056924,+
chr19,11057074,11057093,+
chr19,11057172,11057203,+
chr19,11075886,11075912,+
chr19,11075943,11075996,+
chr19,11120979,11121014,+
chr19,11356406,11356422,+
chr19,11361690,11361709,+
chr19,11371275,11371294,+
chr19,11371761,11371797,+
chr19,11371808,11371827,+
chr19,11386894,11386978,+
chr19,11396189,11396208,+
chr19,11411815,11411839,+
chr19,11414021,11414043,+
chr19,11414236,11414250,+
chr19,11414551,11414565,+
chr19,11419200,11419214,+
chr19,11443416,11443432,+
chr19,11443597,11443613,+
chr19,11444297,11444313,+
chr19,11448160,11448175,+
chr19,11449374,11449388,+
chr19,11449677,11449691,+
chr19,11459360,11459374,+
chr19,11464520,11464569,+
chr19,11464572,11464609,+
chr19,11464698,11464753,+
chr19,11479667,11479683,+
chr19,11479761,11479795,+
chr19,11479903,11479919,+
chr19,11483626,11483642,+
chr19,11483890,11483917,+
chr19,11484244,11484274,+
chr19,11484866,11484886,+
chr19,11491860,11491882,+
chr19,11492072,11492088,+
chr19,11497481,11497509,+
chr19,11500876,11500890,+
chr19,11501161,11501180,+
chr19,11501337,11501353,+
chr19,11501465,11501479,+
chr19,11505177,11505192,+
chr19,11505454,11505474,+
chr19,11513393,11513415,+
chr19,11513431,11513456,+
chr19,11513467,11513505,+
chr19,11514478,11514498,+
chr19,11517340,11517355,+
chr19,11520192,11520223,+
chr19,11520233,11520274,+
chr19,11530190,11530204,+
chr19,11530282,11530302,+
chr19,11540145,11540159,+
chr19,11547827,11547841,+
chr19,11547929,11547956,+
chr19,11569301,11569317,+
chr19,11569336,11569378,+
chr19,11807383,11807398,+
chr19,11807607,11807622,+
chr19,12009860,12009874,+
chr19,12011260,12011289,+
chr19,12466402,12466424,+
chr19,12472309,12472326,+
chr19,12473322,12473355,+
chr19,12473387,12473408,+
chr19,12473419,12473463,+
chr19,12473915,12473929,+
chr19,12542124,12542160,+
chr19,12542198,12542227,+
chr19,12551030,12551044,+
chr19,12551401,12551468,+
chr19,12573677,12573691,+
chr19,12797349,12797363,+
chr19,12798385,12798415,+
chr19,12798420,12798479,+
chr19,12806163,12806178,+
chr19,12806437,12806456,+
chr19,12807951,12807965,+
chr19,12836698,12836717,+
chr19,12836955,12836969,+
chr19,12836985,12837001,+
chr19,12837207,12837284,+
chr19,12837362,12837377,+
chr19,12837439,12837455,+
chr19,12837754,12837778,+
chr19,14352588,14352607,+
chr19,14352643,14352671,+
chr19,14378777,14378831,+
chr19,14466216,14466230,+
chr19,14469424,14469464,+
chr19,14563658,14563688,+
chr19,14563691,14563710,+
chr19,14563777,14563796,+
chr19,14588062,14588086,+
chr19,14588501,14588515,+
chr19,14588528,14588548,+
chr19,14596489,14596503,+
chr19,14597275,14597290,+
chr19,14597895,14597918,+
chr19,14598546,14598560,+
chr19,14669249,14669268,+
chr19,14669361,14669384,+
chr19,14669386,14669401,+
chr19,14669493,14669666,+
chr19,14669758,14669780,+
chr19,16029166,16029190,+
chr19,16700044,16700102,+
chr19,16773177,16773196,+
chr19,18616184,18616198,+
chr19,18618057,18618076,+
chr19,18618295,18618324,+
chr19,18618427,18618441,+
chr19,18619048,18619082,+
chr19,18619683,18619698,+
chr19,18712749,18712763,+
chr19,21036294,21036310,+
chr19,21036482,21036505,+
chr19,21037037,21037056,+
chr19,21144634,21144653,+
chr19,21271365,21271379,+
chr19,21631161,21631181,+
chr19,21646350,21646369,+
chr19,21713914,21713928,+
chr19,21714412,21714426,+
chr19,23073461,23073492,+
chr19,23135704,23135731,+
chr19,23323849,23323871,+
chr19,24280086,24280106,+
chr19,24280884,24280913,+
chr19,25052195,25052210,+
chr19,25055664,25055683,+
chr19,26605380,26605394,+
chr19,26605402,26605424,+
chr19,26605522,26605540,+
chr19,26609367,26609382,+
chr19,26643515,26643535,+
chr19,26748146,26748168,+
chr19,28009594,28009624,+
chr19,28009663,28009677,+
chr19,28009940,28009964,+
chr19,28010176,28010192,+
chr19,28010321,28010345,+
chr19,28010452,28010475,+
chr19,28010491,28010506,+
chr19,28678246,28678275,+
chr19,29323655,29323679,+
chr19,29362138,29362177,+
chr19,29418799,29418819,+
chr19,29419224,29419240,+
chr19,29431450,29431464,+
chr19,29521781,29521796,+
chr19,31199962,31199976,+
chr19,31210803,31210829,+
chr19,31211134,31211152,+
chr19,31338172,31338196,+
chr19,31338366,31338380,+
chr19,31479352,31479414,+
chr19,32138575,32138603,+
chr19,32148883,32148899,+
chr19,32166594,32166609,+
chr19,32166613,32166658,+
chr19,32166729,32166744,+
chr19,32167115,32167141,+
chr19,32168463,32168490,+
chr19,32168842,32168887,+
chr19,32168984,32169013,+
chr19,32182468,32182482,+
chr19,32186220,32186235,+
chr19,32186718,32186742,+
chr19,32187417,32187442,+
chr19,32188765,32188790,+
chr19,32202304,32202320,+
chr19,32216851,32216873,+
chr19,32235367,32235386,+
chr19,32257571,32257588,+
chr19,32267298,32267317,+
chr19,32267354,32267369,+
chr19,32267395,32267421,+
chr19,32271657,32271671,+
chr19,32271759,32271783,+
chr19,32271889,32271908,+
chr19,32276258,32276277,+
chr19,32276828,32276886,+
chr19,32277097,32277116,+
chr19,32292784,32292811,+
chr19,32292839,32292858,+
chr19,32345192,32345236,+
chr19,32404893,32404907,+
chr19,32406802,32406816,+
chr19,32409586,32409602,+
chr19,32409774,32409796,+
chr19,32621633,32621659,+
chr19,32758838,32758869,+
chr19,32926259,32926281,+
chr19,32990316,32990365,+
chr19,33012839,33012868,+
chr19,33013024,33013038,+
chr19,33053573,33053588,+
chr19,33101695,33101714,+
chr19,33187483,33187539,+
chr19,33187546,33187582,+
chr19,33222220,33222244,+
chr19,33223182,33223201,+
chr19,33265406,33265420,+
chr19,33391479,33391499,+
chr19,33391501,33391515,+
chr19,34193153,34193175,+
chr19,34202924,34202943,+
chr19,34271880,34271935,+
chr19,34846199,34846214,+
chr19,34846511,34846525,+
chr19,34846737,34846772,+
chr19,34877760,34877813,+
chr19,36197293,36197312,+
chr19,36221637,36221651,+
chr19,36223749,36223819,+
chr19,36242191,36242205,+
chr19,36242326,36242341,+
chr19,36242364,36242449,+
chr19,36242457,36242476,+
chr19,36243451,36243485,+
chr19,36266384,36266398,+
chr19,36478058,36478080,+
chr19,36538817,36538832,+
chr19,36833481,36833500,+
chr19,36833807,36833829,+
chr19,36922060,36922084,+
chr19,37206846,37206862,+
chr19,37374943,37374986,+
chr19,37375181,37375197,+
chr19,37375222,37375248,+
chr19,37560363,37560377,+
chr19,37561925,37561939,+
chr19,38054531,38054553,+
chr19,38298336,38298350,+
chr19,38930845,38930859,+
chr19,39645370,39645385,+
chr19,40256540,40256555,+
chr19,40257928,40257952,+
chr19,40267859,40267882,+
chr19,40267895,40267911,+
chr19,40514119,40514135,+
chr19,40588703,40588717,+
chr19,40588733,40588760,+
chr19,40589654,40589674,+
chr19,40708091,40708110,+
chr19,40708718,40708737,+
chr19,40818781,40818796,+
chr19,40819154,40819169,+
chr19,41022177,41022196,+
chr19,41022374,41022404,+
chr19,41022469,41022488,+
chr19,41030844,41030858,+
chr19,41030871,41030893,+
chr19,41263079,41263098,+
chr19,41263792,41263810,+
chr19,41264631,41264668,+
chr19,41328708,41328736,+
chr19,41328910,41328928,+
chr19,41329038,41329052,+
chr19,41354514,41354530,+
chr19,41354618,41354632,+
chr19,41829071,41829087,+
chr19,41829190,41829226,+
chr19,41851580,41851661,+
chr19,41873937,41873956,+
chr19,41875233,41875258,+
chr19,41911241,41911255,+
chr19,41911433,41911490,+
chr19,41969753,41969772,+
chr19,42130085,42130103,+
chr19,43524102,43524117,+
chr19,43753613,43753629,+
chr19,44254356,44254375,+
chr19,45260128,45260144,+
chr19,45260146,45260193,+
chr19,45528014,45528033,+
chr19,45577236,45577255,+
chr19,45780665,45780680,+
chr19,46039765,46039784,+
chr19,46050507,46050523,+
chr19,46056289,46056303,+
chr19,46356130,46356199,+
chr19,46396577,46396595,+
chr19,46396647,46396661,+
chr19,46470629,46470653,+
chr19,46510799,46510827,+
chr19,46705798,46705832,+
chr19,46760721,46760768,+
chr19,46887897,46887921,+
chr19,46984577,46984593,+
chr19,47050214,47050256,+
chr19,47446109,47446128,+
chr19,47447136,47447159,+
chr19,47449267,47449286,+
chr19,47451965,47451987,+
chr19,47531188,47531212,+
chr19,47909748,47909772,+
chr19,47910564,47910596,+
chr19,47919666,47919685,+
chr19,53163368,53163390,+
chr19,53184331,53184362,+
chr19,53184834,53184848,+
chr19,53185586,53185605,+
chr19,53186092,53186107,+
chr19,53187270,53187284,+
chr19,53199000,53199016,+
chr19,53215425,53215441,+
chr19,53310958,53310978,+
chr19,53311073,53311089,+
chr19,53311590,53311616,+
chr19,53423309,53423338,+
chr19,53424907,53424948,+
chr19,53503086,53503102,+
chr19,53507473,53507488,+
chr19,53536313,53536339,+
chr19,53572301,53572320,+
chr19,53600225,53600244,+
chr19,53809268,53809282,+
chr19,53809790,53809806,+
chr19,53890254,53890269,+
chr19,53893082,53893096,+
chr19,53903355,53903387,+
chr19,53904075,53904089,+
chr19,53904090,53904109,+
chr19,53904957,53904980,+
chr19,53906833,53906855,+
chr19,53906879,53906901,+
chr19,53916213,53916301,+
chr19,53916324,53916346,+
chr19,55742090,55742109,+
chr19,55742192,55742206,+
chr19,55742497,55742516,+
chr19,55916040,55916054,+
chr19,56548121,56548135,+
chr19,56682673,56682705,+
chr19,57099899,57099915,+
chr19,57113070,57113089,+
chr19,57116415,57116436,+
chr19,57116616,57116638,+
chr19,57116644,57116664,+
chr19,57117775,57117789,+
chr19,57118055,57118071,+
chr19,57118098,57118120,+
chr19,57119310,57119329,+
chr19,57124211,57124227,+
chr19,57127846,57127870,+
chr19,57131089,57131105,+
chr19,57131162,57131177,+
chr19,57133119,57133143,+
chr19,57136281,57136300,+
chr19,57190915,57190955,+
chr19,57190982,57191011,+
chr19,57355195,57355237,+
chr19,57355246,57355270,+
chr19,57355785,57355819,+
chr19,57357195,57357211,+
chr19,57359647,57359661,+
chr19,57359802,57359823,+
chr19,57359969,57359995,+
chr19,57610173,57610192,+
chr19,57610443,57610470,+
chr19,59926174,59926188,+
chr19,60681669,60681691,+
chr19,60755710,60755743,+
chr19,60811435,60811451,+
chr19,3324831,3324851,-
chr19,3325280,3325294,-
chr19,3325677,3325691,-
chr19,3389259,3389274,-
chr19,3724899,3724931,-
chr19,3725088,3725113,-
chr19,3731065,3731081,-
chr19,3768959,3768981,-
chr19,3769208,3769238,-
chr19,3769348,3769373,-
chr19,3769442,3769464,-
chr19,3769492,3769508,-
chr19,4048078,4048097,-
chr19,4120055,4120069,-
chr19,4154294,4154326,-
chr19,4169355,4169379,-
chr19,4185789,4185820,-
chr19,4189568,4189588,-
chr19,4189608,4189630,-
chr19,4191312,4191341,-
chr19,4203139,4203158,-
chr19,4227049,4227065,-
chr19,4257923,4257945,-
chr19,4295010,4295024,-
chr19,4333694,4333718,-
chr19,4842842,4842879,-
chr19,5257456,5257477,-
chr19,5389144,5389159,-
chr19,5389350,5389384,-
chr19,5389522,5389536,-
chr19,5389608,5389657,-
chr19,5390493,5390509,-
chr19,5405992,5406008,-
chr19,5406314,5406338,-
chr19,5407824,5407838,-
chr19,5407849,5407880,-
chr19,5489748,5489791,-
chr19,5529642,5529661,-
chr19,5572232,5572261,-
chr19,5601622,5601651,-
chr19,5872098,5872153,-
chr19,5877952,5877966,-
chr19,5964352,5964368,-
chr19,6060915,6060939,-
chr19,6118640,6118662,-
chr19,6118763,6118782,-
chr19,6118888,6118903,-
chr19,6126527,6126541,-
chr19,6128460,6128476,-
chr19,6340829,6340848,-
chr19,6856625,6856697,-
chr19,6858558,6858574,-
chr19,6969976,6969990,-
chr19,7019581,7019616,-
chr19,7055929,7055964,-
chr19,7315507,7315527,-
chr19,7483535,7483552,-
chr19,7608271,7608285,-
chr19,8020017,8020036,-
chr19,8020176,8020195,-
chr19,8712124,8712146,-
chr19,8723536,8723588,-
chr19,8757590,8757612,-
chr19,8802156,8802170,-
chr19,8819116,8819138,-
chr19,8888993,8889012,-
chr19,8926908,8926922,-
chr19,8942888,8942916,-
chr19,8954079,8954111,-
chr19,8984464,8984488,-
chr19,8989661,8989680,-
chr19,8998106,8998130,-
chr19,8998220,8998285,-
chr19,9038367,9038386,-
chr19,9038451,9038467,-
chr19,9038673,9038697,-
chr19,9055421,9055436,-
chr19,9056100,9056116,-
chr19,9065884,9065908,-
chr19,9066594,9066610,-
chr19,9135487,9135506,-
chr19,9983562,9983576,-
chr19,10204527,10204542,-
chr19,10740120,10740139,-
chr19,10747436,10747452,-
chr19,10749014,10749032,-
chr19,10752658,10752672,-
chr19,10752694,10752714,-
chr19,10777311,10777326,-
chr19,10811385,10811404,-
chr19,10811428,10811442,-
chr19,10811614,10811660,-
chr19,10813119,10813138,-
chr19,10813222,10813246,-
chr19,10829961,10829975,-
chr19,10830653,10830669,-
chr19,10949427,10949443,-
chr19,11050438,11050452,-
chr19,11050476,11050495,-
chr19,11050752,11050766,-
chr19,11052277,11052308,-
chr19,11065349,11065371,-
chr19,11065430,11065445,-
chr19,11065743,11065767,-
chr19,11065840,11065862,-
chr19,11293127,11293146,-
chr19,11293409,11293423,-
chr19,11293493,11293512,-
chr19,11355582,11355601,-
chr19,11356235,11356289,-
chr19,11356496,11356519,-
chr19,11356534,11356550,-
chr19,11362350,11362366,-
chr19,11362394,11362418,-
chr19,11362447,11362461,-
chr19,11362509,11362555,-
chr19,11362685,11362702,-
chr19,11387157,11387176,-
chr19,11418836,11418853,-
chr19,11434939,11434953,-
chr19,11435088,11435104,-
chr19,11435129,11435148,-
chr19,11435259,11435278,-
chr19,11435364,11435398,-
chr19,11435524,11435543,-
chr19,11435569,11435585,-
chr19,11435609,11435629,-
chr19,11441110,11441128,-
chr19,11443350,11443365,-
chr19,11443743,11443762,-
chr19,11447127,11447156,-
chr19,11447224,11447249,-
chr19,11458992,11459009,-
chr19,11480093,11480109,-
chr19,11482055,11482071,-
chr19,11483699,11483714,-
chr19,11483954,11483973,-
chr19,11484321,11484346,-
chr19,11485210,11485225,-
chr19,11486659,11486673,-
chr19,11487014,11487034,-
chr19,11487321,11487339,-
chr19,11488195,11488227,-
chr19,11488295,11488311,-
chr19,11488316,11488344,-
chr19,11488384,11488399,-
chr19,11488734,11488832,-
chr19,11489003,11489033,-
chr19,11489135,11489166,-
chr19,11501425,11501445,-
chr19,11501560,11501592,-
chr19,11504860,11504880,-
chr19,11505721,11505735,-
chr19,11513863,11513902,-
chr19,11516941,11516955,-
chr19,11517395,11517431,-
chr19,11518223,11518240,-
chr19,11518313,11518327,-
chr19,11519203,11519219,-
chr19,11519276,11519290,-
chr19,11519833,11519867,-
chr19,11530055,11530069,-
chr19,11530083,11530127,-
chr19,11530158,11530185,-
chr19,11589025,11589047,-
chr19,11589479,11589508,-
chr19,12010067,12010106,-
chr19,12010867,12010886,-
chr19,12010991,12011010,-
chr19,12011548,12011562,-
chr19,12012010,12012026,-
chr19,12012053,12012072,-
chr19,12012350,12012365,-
chr19,12012665,12012680,-
chr19,12466328,12466344,-
chr19,12475981,12475997,-
chr19,12476068,12476084,-
chr19,12501853,12501869,-
chr19,12517939,12517953,-
chr19,12551202,12551304,-
chr19,12551309,12551331,-
chr19,12573505,12573524,-
chr19,12796417,12796431,-
chr19,12805990,12806006,-
chr19,12806083,12806098,-
chr19,12806381,12806396,-
chr19,12806546,12806562,-
chr19,12833523,12833539,-
chr19,12834051,12834065,-
chr19,14344506,14344595,-
chr19,14388170,14388192,-
chr19,14511382,14511396,-
chr19,14597659,14597679,-
chr19,14669068,14669082,-
chr19,16086804,16086861,-
chr19,16978914,16978942,-
chr19,18615765,18615810,-
chr19,18712603,18712656,-
chr19,18712729,18712748,-
chr19,21646694,21646709,-
chr19,21713688,21713707,-
chr19,21714478,21714492,-
chr19,21737874,21737890,-
chr19,23073389,23073449,-
chr19,23323558,23323574,-
chr19,24527386,24527408,-
chr19,24643149,24643201,-
chr19,24961986,24962000,-
chr19,24962121,24962140,-
chr19,25052274,25052290,-
chr19,25052499,25052518,-
chr19,25052802,25052819,-
chr19,26606280,26606309,-
chr19,26608202,26608218,-
chr19,26609268,26609282,-
chr19,26609410,26609442,-
chr19,26643219,26643233,-
chr19,26643672,26643733,-
chr19,26644194,26644224,-
chr19,26644235,26644284,-
chr19,26645726,26645748,-
chr19,26747045,26747063,-
chr19,26747183,26747198,-
chr19,26747460,26747490,-
chr19,26748361,26748377,-
chr19,26748514,26748528,-
chr19,26748586,26748638,-
chr19,28009558,28009572,-
chr19,28672538,28672611,-
chr19,28963700,28963733,-
chr19,29064150,29064166,-
chr19,29102029,29102044,-
chr19,29194568,29194601,-
chr19,29236977,29236999,-
chr19,29367099,29367113,-
chr19,29367117,29367145,-
chr19,29367256,29367275,-
chr19,29382846,29382861,-
chr19,29418531,29418545,-
chr19,29418569,29418625,-
chr19,29418895,29418914,-
chr19,29454742,29454783,-
chr19,29475476,29475490,-
chr19,29523236,29523251,-
chr19,31210278,31210294,-
chr19,31337612,31337626,-
chr19,31337642,31337656,-
chr19,31337815,31337842,-
chr19,31338324,31338340,-
chr19,32138551,32138565,-
chr19,32138641,32138675,-
chr19,32172817,32172846,-
chr19,32182421,32182440,-
chr19,32196787,32196801,-
chr19,32197112,32197152,-
chr19,32256973,32256989,-
chr19,32257044,32257063,-
chr19,32257122,32257138,-
chr19,32257443,32257457,-
chr19,32257681,32257709,-
chr19,32266688,32266720,-
chr19,32266747,32266768,-
chr19,32267481,32267497,-
chr19,32267499,32267514,-
chr19,32276064,32276080,-
chr19,32277059,32277075,-
chr19,32293105,32293130,-
chr19,32404699,32404728,-
chr19,32409849,32409863,-
chr19,32465654,32465673,-
chr19,32465676,32465721,-
chr19,32575243,32575257,-
chr19,32755615,32755637,-
chr19,32960701,32960720,-
chr19,32990419,32990450,-
chr19,32990468,32990520,-
chr19,33012890,33012904,-
chr19,33053349,33053364,-
chr19,33081670,33081692,-
chr19,33081938,33081966,-
chr19,33101222,33101241,-
chr19,33223289,33223313,-
chr19,33265322,33265346,-
chr19,33429389,33429409,-
chr19,33429420,33429437,-
chr19,33429670,33429690,-
chr19,34012212,34012227,-
chr19,34162745,34162761,-
chr19,34167928,34167952,-
chr19,34168155,34168191,-
chr19,34168278,34168297,-
chr19,34203451,34203502,-
chr19,34244157,34244176,-
chr19,34271941,34271955,-
chr19,34271995,34272022,-
chr19,34287994,34288014,-
chr19,34291297,34291325,-
chr19,34306653,34306672,-
chr19,34510653,34510667,-
chr19,34510943,34510958,-
chr19,34511224,34511248,-
chr19,34551184,34551212,-
chr19,34562760,34562780,-
chr19,34847270,34847285,-
chr19,36083857,36083873,-
chr19,36221933,36221952,-
chr19,36221954,36221970,-
chr19,36221973,36221989,-
chr19,36242889,36242938,-
chr19,36349566,36349582,-
chr19,36477536,36477555,-
chr19,36538841,36538857,-
chr19,36555066,36555082,-
chr19,36833451,36833480,-
chr19,36834911,36834965,-
chr19,36834972,36834996,-
chr19,36973302,36973368,-
chr19,37208137,37208181,-
chr19,37375717,37375754,-
chr19,37551098,37551112,-
chr19,37560131,37560147,-
chr19,37560552,37560568,-
chr19,37560649,37560681,-
chr19,38401675,38401689,-
chr19,40257325,40257342,-
chr19,40268029,40268043,-
chr19,40270879,40270901,-
chr19,40818846,40818867,-
chr19,40818993,40819040,-
chr19,40819065,40819087,-
chr19,40819256,40819297,-
chr19,41027464,41027508,-
chr19,41027513,41027539,-
chr19,41027683,41027709,-
chr19,41030671,41030690,-
chr19,41030747,41030761,-
chr19,41031785,41031813,-
chr19,41354959,41354979,-
chr19,41482072,41482097,-
chr19,41802257,41802271,-
chr19,41848920,41848952,-
chr19,42088944,42088986,-
chr19,42089385,42089404,-
chr19,42089826,42089849,-
chr19,42089995,42090009,-
chr19,42090033,42090048,-
chr19,44107623,44107655,-
chr19,44135941,44136007,-
chr19,44199045,44199097,-
chr19,44248486,44248500,-
chr19,44254168,44254235,-
chr19,44266740,44266759,-
chr19,44266774,44266790,-
chr19,44281255,44281297,-
chr19,44294183,44294199,-
chr19,44562810,44562825,-
chr19,44563256,44563289,-
chr19,45260192,45260239,-
chr19,45780880,45780894,-
chr19,45783614,45783628,-
chr19,45784067,45784081,-
chr19,45844895,45844910,-
chr19,45998717,45998748,-
chr19,46152305,46152321,-
chr19,46355899,46355921,-
chr19,46356238,46356254,-
chr19,46356264,46356279,-
chr19,46454411,46454431,-
chr19,46470739,46470761,-
chr19,46479017,46479033,-
chr19,46500536,46500557,-
chr19,46500708,46500751,-
chr19,46500752,46500766,-
chr19,46503263,46503289,-
chr19,46511242,46511271,-
chr19,46598603,46598625,-
chr19,46598712,46598734,-
chr19,46606665,46606681,-
chr19,46759225,46759249,-
chr19,47432782,47432811,-
chr19,47432813,47432850,-
chr19,47449474,47449502,-
chr19,47450203,47450227,-
chr19,47731100,47731114,-
chr19,47865330,47865344,-
chr19,47882891,47882915,-
chr19,47887340,47887364,-
chr19,47888077,47888124,-
chr19,53163177,53163191,-
chr19,53163394,53163408,-
chr19,53184423,53184437,-
chr19,53185476,53185492,-
chr19,53186143,53186157,-
chr19,53187463,53187488,-
chr19,53187799,53187825,-
chr19,53188015,53188029,-
chr19,53188410,53188432,-
chr19,53188581,53188605,-
chr19,53193680,53193696,-
chr19,53194628,53194647,-
chr19,53196555,53196672,-
chr19,53311412,53311502,-
chr19,53312727,53312760,-
chr19,53313692,53313706,-
chr19,53314049,53314105,-
chr19,53328919,53328977,-
chr19,53328987,53329002,-
chr19,53329008,53329046,-
chr19,53329056,53329071,-
chr19,53424387,53424412,-
chr19,53441372,53441391,-
chr19,53441614,53441659,-
chr19,53443647,53443663,-
chr19,53461681,53461707,-
chr19,53465260,53465278,-
chr19,53528431,53528466,-
chr19,53535278,53535298,-
chr19,53535355,53535409,-
chr19,53539380,53539395,-
chr19,53539525,53539553,-
chr19,53539639,53539663,-
chr19,53578869,53578891,-
chr19,53600938,53600954,-
chr19,53601077,53601099,-
chr19,53804659,53804702,-
chr19,53805432,53805451,-
chr19,53808620,53808650,-
chr19,53809728,53809751,-
chr19,53888424,53888438,-
chr19,53889430,53889464,-
chr19,53890373,53890397,-
chr19,53890940,53890959,-
chr19,53891393,53891432,-
chr19,53891675,53891697,-
chr19,53892805,53892837,-
chr19,53894202,53894226,-
chr19,53894709,53894723,-
chr19,53904187,53904234,-
chr19,53904628,53904643,-
chr19,53904888,53904928,-
chr19,53905090,53905105,-
chr19,53906309,53906323,-
chr19,53906333,53906347,-
chr19,55316211,55316230,-
chr19,55741997,55742028,-
chr19,55742031,55742060,-
chr19,55742275,55742295,-
chr19,55915530,55915549,-
chr19,55915996,55916012,-
chr19,56617027,56617229,-
chr19,56617235,56617364,-
chr19,56617365,56617424,-
chr19,56617427,56617532,-
chr19,56617538,56617631,-
chr19,56617646,56617700,-
chr19,56685446,56685466,-
chr19,56685500,56685524,-
chr19,56685567,56685586,-
chr19,56685858,56685882,-
chr19,56821394,56821408,-
chr19,57072939,57072953,-
chr19,57073291,57073315,-
chr19,57073376,57073391,-
chr19,57082919,57082933,-
chr19,57093926,57093940,-
chr19,57095378,57095413,-
chr19,57100445,57100461,-
chr19,57113716,57113748,-
chr19,57117551,57117582,-
chr19,57123161,57123195,-
chr19,57343745,57343764,-
chr19,57344243,57344257,-
chr19,57344424,57344440,-
chr19,57355010,57355033,-
chr19,57358370,57358389,-
chr19,57359623,57359637,-
chr19,57360040,57360055,-
chr19,57361559,57361578,-
chr19,57411751,57411771,-
chr19,57994638,57994654,-
chr19,58095994,58096028,-
chr19,58238354,58238378,-
chr19,59926425,59926466,-
chr19,59926476,59926492,-
chr19,59942998,59943065,-
chr19,60226800,60226872,-
chr19,60226894,60226908,-
chr19,60580345,60580360,-
chr19,60581338,60581375,-
chr19,60757488,60757504,-
chr19,60811382,60811396,-
chr19,60874819,60874838,-
chr19,60889991,60890010,-
chr2,3338309,3338331,+
chr2,3513523,3513542,+
chr2,3703700,3703719,+
chr2,3703831,3703923,+
chr2,3713102,3713118,+
chr2,3713261,3713280,+
chr2,3719555,3719577,+
chr2,3731382,3731426,+
chr2,3732073,3732088,+
chr2,3764360,3764382,+
chr2,3800108,3800124,+
chr2,4559328,4559347,+
chr2,4559586,4559605,+
chr2,4581101,4581132,+
chr2,4587413,4587432,+
chr2,4588774,4588789,+
chr2,4652348,4652362,+
chr2,4879959,4879990,+
chr2,4881261,4881275,+
chr2,4882874,4882893,+
chr2,4917871,4917887,+
chr2,5486888,5486907,+
chr2,5713353,5713377,+
chr2,6279803,6279822,+
chr2,6672483,6672502,+
chr2,6672577,6672611,+
chr2,6672811,6672844,+
chr2,6680747,6680805,+
chr2,6681432,6681451,+
chr2,6681563,6681582,+
chr2,6681859,6681873,+
chr2,6686562,6686576,+
chr2,6703650,6703665,+
chr2,6703813,6703835,+
chr2,6704004,6704046,+
chr2,6707138,6707164,+
chr2,6707253,6707268,+
chr2,6721755,6721779,+
chr2,6723283,6723335,+
chr2,9341978,9341994,+
chr2,9342271,9342286,+
chr2,9520138,9520152,+
chr2,9520415,9520429,+
chr2,9592823,9592842,+
chr2,9595303,9595336,+
chr2,9677119,9677137,+
chr2,9677223,9677253,+
chr2,9677366,9677385,+
chr2,9677410,9677426,+
chr2,9677435,9677454,+
chr2,9681551,9681565,+
chr2,9684020,9684039,+
chr2,9749688,9749730,+
chr2,9873119,9873133,+
chr2,9873142,9873161,+
chr2,9875975,9875989,+
chr2,9876341,9876371,+
chr2,9876814,9876833,+
chr2,9876868,9876884,+
chr2,9877149,9877166,+
chr2,9878289,9878327,+
chr2,9878361,9878377,+
chr2,10015198,10015220,+
chr2,10015404,10015418,+
chr2,10315219,10315235,+
chr2,11016475,11016490,+
chr2,11016861,11016881,+
chr2,11016920,11016942,+
chr2,11117912,11117932,+
chr2,11118480,11118499,+
chr2,11119247,11119266,+
chr2,11161565,11161594,+
chr2,11170070,11170084,+
chr2,11170524,11170538,+
chr2,11171951,11171985,+
chr2,11172604,11172623,+
chr2,11172783,11172818,+
chr2,11174983,11175007,+
chr2,11180908,11180922,+
chr2,11186862,11186876,+
chr2,11187532,11187551,+
chr2,11189397,11189417,+
chr2,11190053,11190067,+
chr2,11190236,11190252,+
chr2,11190709,11190725,+
chr2,11190960,11190976,+
chr2,11191242,11191261,+
chr2,11191276,11191292,+
chr2,11194281,11194305,+
chr2,11195275,11195294,+
chr2,11195372,11195412,+
chr2,11202585,11202604,+
chr2,11203455,11203470,+
chr2,11205536,11205552,+
chr2,11254243,11254262,+
chr2,11254631,11254650,+
chr2,11254942,11254974,+
chr2,11266226,11266240,+
chr2,11266700,11266733,+
chr2,11266869,11266885,+
chr2,11266935,11266950,+
chr2,11375577,11375652,+
chr2,11375659,11375674,+
chr2,11575352,11575401,+
chr2,11575495,11575513,+
chr2,11619944,11619964,+
chr2,11635785,11635813,+
chr2,11635843,11635867,+
chr2,11635903,11635919,+
chr2,11642745,11642759,+
chr2,11653273,11653288,+
chr2,11658315,11658333,+
chr2,11658360,11658376,+
chr2,11658920,11658948,+
chr2,11705730,11705752,+
chr2,12418076,12418091,+
chr2,12418593,12418608,+
chr2,12440036,12440052,+
chr2,13166875,13166976,+
chr2,13233107,13233137,+
chr2,13233237,13233253,+
chr2,13233639,13233658,+
chr2,13413356,13413390,+
chr2,13413540,13413554,+
chr2,13481480,13481533,+
chr2,13481594,13481613,+
chr2,13558485,13558500,+
chr2,13558888,13558907,+
chr2,13719124,13719140,+
chr2,13757374,13757389,+
chr2,13758182,13758196,+
chr2,13759830,13759849,+
chr2,13759953,13759968,+
chr2,13760298,13760314,+
chr2,13760629,13760648,+
chr2,15056029,15056044,+
chr2,17363631,17363645,+
chr2,17363678,17363697,+
chr2,17363800,17363814,+
chr2,17671753,17671772,+
chr2,18393062,18393077,+
chr2,18609689,18609708,+
chr2,18821620,18821634,+
chr2,18873433,18873476,+
chr2,18916051,18916119,+
chr2,18917385,18917399,+
chr2,18917958,18918007,+
chr2,18918211,18918227,+
chr2,18918242,18918262,+
chr2,18923747,18923769,+
chr2,18923986,18924006,+
chr2,18942999,18943013,+
chr2,18951490,18951506,+
chr2,18951532,18951552,+
chr2,18951660,18951676,+
chr2,18951690,18951706,+
chr2,18951812,18951828,+
chr2,18951844,18951860,+
chr2,18952228,18952243,+
chr2,18957855,18957869,+
chr2,18957897,18957919,+
chr2,18983476,18983492,+
chr2,19062456,19062470,+
chr2,19062527,19062607,+
chr2,19300732,19300746,+
chr2,19300776,19300798,+
chr2,19371397,19371422,+
chr2,19388683,19388702,+
chr2,19729155,19729171,+
chr2,20961773,20961867,+
chr2,21222635,21222650,+
chr2,21222818,21222834,+
chr2,22721955,22721969,+
chr2,22784438,22784453,+
chr2,22784756,22784780,+
chr2,22787330,22787345,+
chr2,22796125,22796139,+
chr2,22796858,22796872,+
chr2,22804694,22804708,+
chr2,22804916,22804936,+
chr2,22804984,22805004,+
chr2,22805007,22805027,+
chr2,22816225,22816247,+
chr2,22816583,22816609,+
chr2,22962335,22962350,+
chr2,23067599,23067615,+
chr2,23156593,23156623,+
chr2,23468481,23468495,+
chr2,23468538,23468556,+
chr2,24386132,24386174,+
chr2,24747870,24747886,+
chr2,24747891,24747906,+
chr2,24748018,24748034,+
chr2,24830563,24830612,+
chr2,24830869,24830884,+
chr2,24830909,24830928,+
chr2,25225180,25225195,+
chr2,25225482,25225506,+
chr2,25228740,25228756,+
chr2,25258991,25259040,+
chr2,25461429,25461453,+
chr2,25534148,25534164,+
chr2,25547271,25547295,+
chr2,25549665,25549679,+
chr2,25620713,25620729,+
chr2,26022292,26022306,+
chr2,26315327,26315346,+
chr2,26494184,26494201,+
chr2,26503143,26503162,+
chr2,26604163,26604178,+
chr2,26623061,26623076,+
chr2,26640201,26640216,+
chr2,26663159,26663174,+
chr2,26668376,26668391,+
chr2,26669092,26669108,+
chr2,26697396,26697416,+
chr2,26740327,26740357,+
chr2,26740573,26740602,+
chr2,26744644,26744658,+
chr2,26753506,26753520,+
chr2,26936442,26936463,+
chr2,27539734,27539777,+
chr2,27539790,27539806,+
chr2,27540203,27540217,+
chr2,28467721,28467797,+
chr2,28507236,28507250,+
chr2,28507411,28507430,+
chr2,28517985,28517999,+
chr2,28526211,28526225,+
chr2,28583435,28583451,+
chr2,28640573,28640587,+
chr2,28863568,28863587,+
chr2,29097071,29097087,+
chr2,29102114,29102184,+
chr2,29102522,29102585,+
chr2,29111085,29111104,+
chr2,29124314,29124328,+
chr2,29624337,29624352,+
chr2,29662303,29662323,+
chr2,29670410,29670424,+
chr2,29670655,29670690,+
chr2,29787382,29787416,+
chr2,29787457,29787476,+
chr2,29802368,29802395,+
chr2,30096227,30096242,+
chr2,30128876,30128890,+
chr2,30129104,30129118,+
chr2,30245484,30245498,+
chr2,30245505,30245527,+
chr2,30248573,30248592,+
chr2,30252449,30252464,+
chr2,30254409,30254436,+
chr2,30261356,30261388,+
chr2,30363773,30363812,+
chr2,30415931,30415972,+
chr2,30464293,30464309,+
chr2,30464462,30464491,+
chr2,30464761,30464777,+
chr2,30590957,30590972,+
chr2,30594953,30594973,+
chr2,30658341,30658356,+
chr2,30942557,30942581,+
chr2,30942607,30942636,+
chr2,30952791,30952819,+
chr2,31062332,31062364,+
chr2,31066406,31066452,+
chr2,31081561,31081583,+
chr2,31088132,31088158,+
chr2,31114996,31115027,+
chr2,31116174,31116196,+
chr2,31119038,31119085,+
chr2,31131146,31131165,+
chr2,31134125,31134141,+
chr2,31138769,31138801,+
chr2,31140439,31140478,+
chr2,31143168,31143187,+
chr2,31143270,31143292,+
chr2,31143313,31143332,+
chr2,31151017,31151048,+
chr2,31825332,31825354,+
chr2,31998678,31998704,+
chr2,31998763,31998779,+
chr2,32037733,32037751,+
chr2,32044750,32044766,+
chr2,32058657,32058672,+
chr2,32060274,32060293,+
chr2,32061186,32061202,+
chr2,32061450,32061469,+
chr2,32061788,32061823,+
chr2,32062180,32062206,+
chr2,32062970,32062984,+
chr2,32065526,32065555,+
chr2,32072876,32072895,+
chr2,32073817,32073849,+
chr2,32075051,32075082,+
chr2,32076243,32076263,+
chr2,32076551,32076567,+
chr2,32077468,32077485,+
chr2,32077776,32077835,+
chr2,32081410,32081429,+
chr2,32138113,32138127,+
chr2,32152476,32152495,+
chr2,32154888,32154908,+
chr2,32165343,32165362,+
chr2,32289828,32289854,+
chr2,32491486,32491502,+
chr2,32492666,32492709,+
chr2,32492798,32492822,+
chr2,32492987,32493006,+
chr2,32493262,32493278,+
chr2,32494346,32494390,+
chr2,32495865,32495879,+
chr2,32496541,32496556,+
chr2,32499554,32499570,+
chr2,32534727,32534741,+
chr2,32542720,32542736,+
chr2,32637687,32637721,+
chr2,32713963,32713991,+
chr2,32715540,32715566,+
chr2,32721891,32721907,+
chr2,32725529,32725544,+
chr2,32725699,32725721,+
chr2,32726106,32726138,+
chr2,32834493,32834520,+
chr2,32834565,32834581,+
chr2,33302949,33302968,+
chr2,33371822,33371845,+
chr2,33468806,33468825,+
chr2,33908108,33908140,+
chr2,34615002,34615016,+
chr2,34615131,34615160,+
chr2,34615168,34615187,+
chr2,34615304,34615318,+
chr2,34689577,34689635,+
chr2,34689835,34689849,+
chr2,34963277,34963291,+
chr2,34969625,34969668,+
chr2,34970742,34970761,+
chr2,34979722,34979767,+
chr2,35406597,35406616,+
chr2,35422646,35422662,+
chr2,35453944,35453958,+
chr2,35453992,35454007,+
chr2,35461396,35461415,+
chr2,35461655,35461677,+
chr2,36137032,36137046,+
chr2,37423399,37423421,+
chr2,37735239,37735253,+
chr2,38064553,38064588,+
chr2,38064599,38064614,+
chr2,38071919,38071938,+
chr2,38072317,38072331,+
chr2,38223027,38223050,+
chr2,38229142,38229167,+
chr2,38229236,38229255,+
chr2,38229517,38229536,+
chr2,38318971,38318993,+
chr2,38319068,38319112,+
chr2,38320821,38320844,+
chr2,38824475,38824495,+
chr2,39027593,39027614,+
chr2,39027710,39027781,+
chr2,39027875,39027928,+
chr2,39028065,39028085,+
chr2,39052401,39052477,+
chr2,39064435,39064520,+
chr2,39064729,39064744,+
chr2,39395117,39395185,+
chr2,43722902,43722916,+
chr2,43727686,43727705,+
chr2,43728007,43728026,+
chr2,43737653,43737667,+
chr2,43739268,43739284,+
chr2,43749250,43749283,+
chr2,43755405,43755424,+
chr2,43756654,43756673,+
chr2,43756763,43756782,+
chr2,43900620,43900644,+
chr2,43900688,43900722,+
chr2,43900911,43900927,+
chr2,43992613,43992661,+
chr2,48322551,48322573,+
chr2,48322705,48322729,+
chr2,48333077,48333096,+
chr2,48469798,48469812,+
chr2,48510432,48510446,+
chr2,48510757,48510777,+
chr2,48510786,48510822,+
chr2,48950451,48950465,+
chr2,49417202,49417243,+
chr2,49733861,49733876,+
chr2,49734464,49734482,+
chr2,49838164,49838203,+
chr2,49838225,49838241,+
chr2,49846794,49846808,+
chr2,49847885,49847901,+
chr2,50296316,50296330,+
chr2,51935323,51935339,+
chr2,51971658,51971673,+
chr2,51971926,51971945,+
chr2,51971983,51972002,+
chr2,51972524,51972588,+
chr2,52072471,52072526,+
chr2,52252297,52252312,+
chr2,52314884,52314911,+
chr2,52315319,52315338,+
chr2,52315597,52315631,+
chr2,52315634,52315667,+
chr2,52409450,52409496,+
chr2,52572133,52572147,+
chr2,52572217,52572246,+
chr2,57117799,57117819,+
chr2,57174851,57174875,+
chr2,57182222,57182244,+
chr2,57182299,57182313,+
chr2,57407568,57407587,+
chr2,58123812,58123826,+
chr2,58135853,58135869,+
chr2,58136061,58136080,+
chr2,58137356,58137375,+
chr2,58138972,58138988,+
chr2,58139031,58139045,+
chr2,58139369,58139383,+
chr2,58139479,58139509,+
chr2,58149402,58149424,+
chr2,58155693,58155715,+
chr2,58156156,58156175,+
chr2,58156477,58156496,+
chr2,58156912,58156926,+
chr2,58157118,58157146,+
chr2,58159452,58159468,+
chr2,58159559,58159573,+
chr2,58160268,58160307,+
chr2,58160388,58160412,+
chr2,58179058,58179072,+
chr2,58179199,58179215,+
chr2,58179756,58179778,+
chr2,58619213,58619240,+
chr2,58619270,58619285,+
chr2,58822729,58822754,+
chr2,58844412,58844426,+
chr2,58906638,58906675,+
chr2,58907546,58907588,+
chr2,59244694,59244708,+
chr2,59338872,59338898,+
chr2,59353107,59353126,+
chr2,59353314,59353333,+
chr2,59438457,59438487,+
chr2,59440748,59440772,+
chr2,59440894,59440910,+
chr2,59449273,59449287,+
chr2,59449294,59449343,+
chr2,59449452,59449480,+
chr2,59449866,59449885,+
chr2,59468521,59468537,+
chr2,59471783,59471797,+
chr2,59472212,59472238,+
chr2,59473761,59473780,+
chr2,59474128,59474163,+
chr2,59474742,59474773,+
chr2,59474909,59474925,+
chr2,59475059,59475126,+
chr2,59475176,59475194,+
chr2,59475647,59475679,+
chr2,59476010,59476039,+
chr2,59488332,59488355,+
chr2,59513593,59513613,+
chr2,59882064,59882084,+
chr2,59882143,59882170,+
chr2,60018635,60018654,+
chr2,60019738,60019770,+
chr2,60037015,60037032,+
chr2,60200342,60200356,+
chr2,60204504,60204518,+
chr2,60209508,60209527,+
chr2,60299266,60299344,+
chr2,60381454,60381492,+
chr2,60382515,60382534,+
chr2,60739576,60739598,+
chr2,60750373,60750395,+
chr2,60750771,60750848,+
chr2,60775009,60775029,+
chr2,60810608,60810643,+
chr2,60810673,60810696,+
chr2,60811121,60811140,+
chr2,60868171,60868185,+
chr2,60868582,60868615,+
chr2,60880490,60880528,+
chr2,60904443,60904471,+
chr2,60904528,60904544,+
chr2,60923024,60923040,+
chr2,61051880,61051896,+
chr2,61484209,61484228,+
chr2,61492102,61492126,+
chr2,61492197,61492212,+
chr2,61513799,61513818,+
chr2,61593834,61593868,+
chr2,61803755,61803769,+
chr2,62390294,62390308,+
chr2,62395486,62395500,+
chr2,62408940,62408965,+
chr2,62409405,62409421,+
chr2,62471834,62471875,+
chr2,65182922,65182936,+
chr2,65183052,65183072,+
chr2,65189177,65189191,+
chr2,65189203,65189218,+
chr2,65193537,65193557,+
chr2,65342033,65342060,+
chr2,65342784,65342807,+
chr2,65342945,65342961,+
chr2,65414293,65414307,+
chr2,65414653,65414677,+
chr2,65551616,65551642,+
chr2,65552021,65552040,+
chr2,68382575,68382594,+
chr2,68382867,68382886,+
chr2,68471463,68471493,+
chr2,68501627,68501642,+
chr2,68876010,68876024,+
chr2,68876330,68876350,+
chr2,68881492,68881547,+
chr2,68894146,68894164,+
chr2,68932221,68932235,+
chr2,68932726,68932746,+
chr2,68932770,68932784,+
chr2,69634985,69635004,+
chr2,69779010,69779040,+
chr2,69861306,69861333,+
chr2,69861337,69861356,+
chr2,69861408,69861430,+
chr2,70661134,70661157,+
chr2,70810198,70810214,+
chr2,70810293,70810308,+
chr2,70833382,70833400,+
chr2,70835650,70835679,+
chr2,70836050,70836069,+
chr2,70836193,70836209,+
chr2,70836239,70836254,+
chr2,70852462,70852492,+
chr2,70922738,70922773,+
chr2,70930862,70930878,+
chr2,70933188,70933207,+
chr2,71032118,71032138,+
chr2,71032281,71032302,+
chr2,71032557,71032579,+
chr2,71040679,71040750,+
chr2,71046505,71046525,+
chr2,71046639,71046660,+
chr2,71047541,71047561,+
chr2,71048951,71048970,+
chr2,71049739,71049775,+
chr2,71052108,71052127,+
chr2,71128421,71128445,+
chr2,71366935,71366951,+
chr2,71368008,71368027,+
chr2,71735237,71735257,+
chr2,71810255,71810274,+
chr2,71866742,71866762,+
chr2,71867059,71867098,+
chr2,71873745,71873779,+
chr2,72113723,72113742,+
chr2,72114951,72114970,+
chr2,72137190,72137206,+
chr2,72137369,72137391,+
chr2,72140555,72140571,+
chr2,72144795,72144809,+
chr2,72145144,72145198,+
chr2,72146098,72146119,+
chr2,72170969,72170983,+
chr2,72171171,72171186,+
chr2,72183850,72183869,+
chr2,72853273,72853293,+
chr2,72853478,72853497,+
chr2,72854997,72855049,+
chr2,72855267,72855283,+
chr2,72855560,72855587,+
chr2,72855933,72855952,+
chr2,72856164,72856188,+
chr2,72857463,72857483,+
chr2,72874479,72874494,+
chr2,72978410,72978431,+
chr2,72979287,72979311,+
chr2,72996321,72996335,+
chr2,73002390,73002406,+
chr2,73002573,73002593,+
chr2,73003555,73003569,+
chr2,73003626,73003644,+
chr2,73028961,73028980,+
chr2,73313039,73313072,+
chr2,73449310,73449329,+
chr2,73449885,73449913,+
chr2,73450410,73450429,+
chr2,73451628,73451673,+
chr2,73452013,73452062,+
chr2,73452221,73452256,+
chr2,73454027,73454058,+
chr2,73464371,73464385,+
chr2,73485353,73485372,+
chr2,73539933,73539949,+
chr2,73893251,73893270,+
chr2,75055242,75055297,+
chr2,75055443,75055470,+
chr2,75069406,75069432,+
chr2,75073068,75073092,+
chr2,75402823,75402875,+
chr2,75603405,75603429,+
chr2,75640167,75640193,+
chr2,75658452,75658468,+
chr2,75658522,75658536,+
chr2,75702707,75702727,+
chr2,76215121,76215136,+
chr2,79005283,79005297,+
chr2,79005304,79005318,+
chr2,79005344,79005365,+
chr2,79120711,79120733,+
chr2,79120970,79120999,+
chr2,79121135,79121149,+
chr2,79138216,79138230,+
chr2,79228227,79228246,+
chr2,79248298,79248312,+
chr2,79254522,79254577,+
chr2,79256314,79256333,+
chr2,79259119,79259133,+
chr2,79259138,79259185,+
chr2,79259919,79259943,+
chr2,79259982,79259996,+
chr2,79311806,79311863,+
chr2,79371035,79371066,+
chr2,79635026,79635046,+
chr2,79716977,79717001,+
chr2,79773521,79773564,+
chr2,83723830,83723849,+
chr2,83723857,83723876,+
chr2,83914249,83914307,+
chr2,84020443,84020465,+
chr2,84029968,84029988,+
chr2,84030123,84030202,+
chr2,84347567,84347581,+
chr2,84347799,84347818,+
chr2,84348166,84348186,+
chr2,84350211,84350239,+
chr2,84350283,84350307,+
chr2,84424205,84424219,+
chr2,84424435,84424488,+
chr2,84482243,84482257,+
chr2,84677932,84677951,+
chr2,85983437,85983451,+
chr2,90562254,90562268,+
chr2,90667784,90667798,+
chr2,90745029,90745068,+
chr2,90746251,90746267,+
chr2,90904177,90904198,+
chr2,91042372,91042404,+
chr2,91042507,91042540,+
chr2,91182089,91182111,+
chr2,91182436,91182468,+
chr2,91237629,91237655,+
chr2,91646566,91646583,+
chr2,91729873,91729906,+
chr2,91876563,91876582,+
chr2,91932797,91932833,+
chr2,91950389,91950404,+
chr2,91950764,91950786,+
chr2,91962253,91962272,+
chr2,91962843,91962862,+
chr2,91972392,91972411,+
chr2,92183440,92183454,+
chr2,92184703,92184717,+
chr2,92254237,92254253,+
chr2,92484737,92484765,+
chr2,93454159,93454193,+
chr2,94157912,94157926,+
chr2,94405850,94405864,+
chr2,101653100,101653151,+
chr2,101693297,101693312,+
chr2,101756009,101756031,+
chr2,101756452,101756488,+
chr2,101756504,101756523,+
chr2,101999622,101999689,+
chr2,102039333,102039347,+
chr2,102039411,102039430,+
chr2,102044483,102044507,+
chr2,102057324,102057344,+
chr2,102057507,102057531,+
chr2,102188825,102188839,+
chr2,102401630,102401649,+
chr2,102401826,102401849,+
chr2,102867377,102867391,+
chr2,102867725,102867793,+
chr2,102867803,102867819,+
chr2,102874347,102874366,+
chr2,102998529,102998548,+
chr2,102998556,102998574,+
chr2,103461989,103462004,+
chr2,103565759,103565784,+
chr2,103600849,103600881,+
chr2,103663391,103663410,+
chr2,103673182,103673198,+
chr2,103682629,103682643,+
chr2,103684820,103684835,+
chr2,103796118,103796140,+
chr2,103796149,103796176,+
chr2,103796227,103796241,+
chr2,103901626,103901645,+
chr2,104172564,104172588,+
chr2,104173317,104173336,+
chr2,104286451,104286542,+
chr2,104386245,104386260,+
chr2,104815970,104815989,+
chr2,104849192,104849244,+
chr2,105021905,105021941,+
chr2,105022256,105022280,+
chr2,109278194,109278219,+
chr2,109904213,109904227,+
chr2,112492598,112492613,+
chr2,112510060,112510083,+
chr2,112510414,112510433,+
chr2,112510565,112510579,+
chr2,112798322,112798381,+
chr2,113824037,113824051,+
chr2,113829982,113829998,+
chr2,113849615,113849630,+
chr2,113901299,113901315,+
chr2,113903932,113903951,+
chr2,114084060,114084082,+
chr2,114144717,114144746,+
chr2,114145064,114145099,+
chr2,114145111,114145133,+
chr2,114145836,114145880,+
chr2,114146064,114146082,+
chr2,114153307,114153332,+
chr2,114153357,114153379,+
chr2,114655080,114655094,+
chr2,115581376,115581390,+
chr2,117120495,117120514,+
chr2,117122949,117122965,+
chr2,117249488,117249514,+
chr2,117316940,117316960,+
chr2,117317115,117317166,+
chr2,117317220,117317242,+
chr2,117319327,117319346,+
chr2,117357130,117357160,+
chr2,117408178,117408192,+
chr2,117412369,117412388,+
chr2,117412607,117412635,+
chr2,117417181,117417203,+
chr2,117419187,117419206,+
chr2,117421510,117421530,+
chr2,117450455,117450469,+
chr2,117450731,117450778,+
chr2,117988620,117988649,+
chr2,117996364,117996378,+
chr2,118491221,118491240,+
chr2,118748088,118748121,+
chr2,118896675,118896697,+
chr2,119046606,119046621,+
chr2,119206194,119206247,+
chr2,119379358,119379378,+
chr2,119379380,119379455,+
chr2,119594120,119594134,+
chr2,119594169,119594184,+
chr2,119662533,119662547,+
chr2,119787893,119787912,+
chr2,119970738,119970757,+
chr2,120500666,120500683,+
chr2,120731865,120731879,+
chr2,120887874,120887894,+
chr2,120971075,120971094,+
chr2,121140310,121140324,+
chr2,121413330,121413351,+
chr2,122148405,122148421,+
chr2,122155868,122155884,+
chr2,122180395,122180412,+
chr2,122180454,122180469,+
chr2,122180471,122180491,+
chr2,122180772,122180788,+
chr2,122375385,122375411,+
chr2,122375419,122375445,+
chr2,122629094,122629126,+
chr2,122653239,122653258,+
chr2,122789610,122789625,+
chr2,126151717,126151742,+
chr2,126466267,126466281,+
chr2,126467592,126467625,+
chr2,126473754,126473772,+
chr2,126474510,126474525,+
chr2,126474573,126474587,+
chr2,126497963,126497977,+
chr2,126498887,126498907,+
chr2,126499729,126499755,+
chr2,126499800,126499817,+
chr2,126500290,126500304,+
chr2,126500471,126500491,+
chr2,126673934,126673948,+
chr2,126793874,126793976,+
chr2,126794031,126794047,+
chr2,126875751,126875770,+
chr2,127070533,127070555,+
chr2,127333810,127333832,+
chr2,127833019,127833033,+
chr2,127927363,127927398,+
chr2,127928128,127928144,+
chr2,128008552,128008586,+
chr2,128028317,128028373,+
chr2,128087978,128087994,+
chr2,128125361,128125414,+
chr2,128128491,128128510,+
chr2,128190206,128190225,+
chr2,128429259,128429298,+
chr2,128470235,128470254,+
chr2,128928593,128928612,+
chr2,128928614,128928630,+
chr2,128928685,128928718,+
chr2,129084911,129084965,+
chr2,129129605,129129623,+
chr2,129129679,129129698,+
chr2,129182447,129182475,+
chr2,129185662,129185678,+
chr2,129186717,129186733,+
chr2,129197825,129197839,+
chr2,129314087,129314101,+
chr2,130450039,130450055,+
chr2,130962269,130962283,+
chr2,131352335,131352351,+
chr2,131480823,131480839,+
chr2,131886554,131886568,+
chr2,132051828,132051842,+
chr2,132253647,132253661,+
chr2,132262575,132262601,+
chr2,132509084,132509136,+
chr2,132511532,132511560,+
chr2,132513293,132513307,+
chr2,132513382,132513433,+
chr2,132513900,132513953,+
chr2,132516731,132516745,+
chr2,132578725,132578768,+
chr2,132642517,132642537,+
chr2,132642781,132642840,+
chr2,132643111,132643137,+
chr2,132644140,132644160,+
chr2,132657667,132657701,+
chr2,132658036,132658094,+
chr2,132689065,132689093,+
chr2,132930452,132930525,+
chr2,134644295,134644311,+
chr2,139924836,139924855,+
chr2,139925414,139925475,+
chr2,139935106,139935134,+
chr2,139935155,139935193,+
chr2,139935361,139935387,+
chr2,142902821,142902835,+
chr2,142903538,142903558,+
chr2,143839535,143839554,+
chr2,144223969,144223991,+
chr2,144228864,144228883,+
chr2,144229010,144229028,+
chr2,144229046,144229069,+
chr2,144230938,144230964,+
chr2,144231514,144231539,+
chr2,144267571,144267603,+
chr2,144268090,144268106,+
chr2,144270063,144270090,+
chr2,144300209,144300228,+
chr2,144300239,144300261,+
chr2,144300285,144300313,+
chr2,144300486,144300509,+
chr2,144779905,144780003,+
chr2,144780015,144780033,+
chr2,145935129,145935143,+
chr2,149161727,149161821,+
chr2,149312396,149312525,+
chr2,150135220,150135253,+
chr2,150135350,150135364,+
chr2,150311227,150311241,+
chr2,150325661,150325680,+
chr2,150567571,150567597,+
chr2,150567630,150567644,+
chr2,150578232,150578246,+
chr2,150666642,150666696,+
chr2,151572100,151572114,+
chr2,152293676,152293707,+
chr2,152360352,152360377,+
chr2,152671778,152671797,+
chr2,152847742,152847776,+
chr2,152847787,152847802,+
chr2,152906374,152906396,+
chr2,153161118,153161146,+
chr2,153347191,153347208,+
chr2,153347302,153347316,+
chr2,153374185,153374218,+
chr2,153576965,153577021,+
chr2,153702830,153702886,+
chr2,153702955,153702974,+
chr2,153734220,153734239,+
chr2,154436073,154436096,+
chr2,154436102,154436117,+
chr2,154586447,154586511,+
chr2,154603313,154603332,+
chr2,154613848,154613864,+
chr2,154656562,154656579,+
chr2,154658362,154658378,+
chr2,154754272,154754291,+
chr2,154991702,154991716,+
chr2,155011425,155011439,+
chr2,155074696,155074715,+
chr2,155079667,155079686,+
chr2,155079728,155079744,+
chr2,155079874,155079925,+
chr2,155474102,155474117,+
chr2,155518845,155518864,+
chr2,155518928,155518942,+
chr2,155538043,155538062,+
chr2,155538223,155538241,+
chr2,155552382,155552404,+
chr2,155552436,155552463,+
chr2,155552736,155552763,+
chr2,155552832,155552891,+
chr2,155554763,155554779,+
chr2,155554898,155554912,+
chr2,155673866,155673882,+
chr2,155679276,155679292,+
chr2,155679318,155679334,+
chr2,155679360,155679379,+
chr2,155682318,155682334,+
chr2,155682412,155682436,+
chr2,155696305,155696319,+
chr2,155696526,155696557,+
chr2,156065123,156065137,+
chr2,156179288,156179312,+
chr2,156180032,156180051,+
chr2,156180184,156180200,+
chr2,156258208,156258223,+
chr2,156267502,156267521,+
chr2,156268006,156268030,+
chr2,156547445,156547469,+
chr2,156886852,156886879,+
chr2,156975391,156975413,+
chr2,156980359,156980382,+
chr2,156980975,156980989,+
chr2,156981117,156981144,+
chr2,156992502,156992524,+
chr2,157118507,157118523,+
chr2,157118907,157118921,+
chr2,157119540,157119565,+
chr2,157119590,157119604,+
chr2,157121448,157121464,+
chr2,157121726,157121759,+
chr2,157122143,157122175,+
chr2,157131188,157131204,+
chr2,157131475,157131494,+
chr2,157135531,157135568,+
chr2,157138488,157138504,+
chr2,157190764,157190815,+
chr2,157200767,157200784,+
chr2,157200973,157200987,+
chr2,157201017,157201033,+
chr2,157201075,157201090,+
chr2,157201439,157201465,+
chr2,157201524,157201553,+
chr2,157201816,157201855,+
chr2,157367455,157367472,+
chr2,158323461,158323480,+
chr2,158624649,158624677,+
chr2,158690318,158690337,+
chr2,158690513,158690532,+
chr2,158720277,158720292,+
chr2,158736492,158736547,+
chr2,158917815,158917954,+
chr2,160733616,160733632,+
chr2,160740591,160740607,+
chr2,161108960,161108974,+
chr2,161511744,161511770,+
chr2,162930619,162930633,+
chr2,163164833,163164890,+
chr2,163253624,163253640,+
chr2,163286081,163286112,+
chr2,163418795,163418828,+
chr2,163472883,163472899,+
chr2,163602046,163602062,+
chr2,163602072,163602099,+
chr2,163658166,163658188,+
chr2,163697872,163697891,+
chr2,164074906,164074942,+
chr2,164079337,164079372,+
chr2,164080039,164080086,+
chr2,164084917,164084937,+
chr2,164087419,164087447,+
chr2,164087721,164087735,+
chr2,164093872,164093888,+
chr2,164521791,164521831,+
chr2,164534266,164534288,+
chr2,164545080,164545128,+
chr2,164559605,164559622,+
chr2,164559739,164559762,+
chr2,164559777,164559809,+
chr2,164850098,164850130,+
chr2,164850345,164850364,+
chr2,164866151,164866175,+
chr2,164866377,164866412,+
chr2,164866424,164866439,+
chr2,164913886,164913907,+
chr2,165704449,165704468,+
chr2,165982019,165982103,+
chr2,165982300,165982315,+
chr2,166030312,166030356,+
chr2,166031057,166031089,+
chr2,166617708,166617727,+
chr2,166620819,166620835,+
chr2,166623931,166623959,+
chr2,166627667,166627681,+
chr2,166646914,166646929,+
chr2,166647050,166647069,+
chr2,166664842,166664856,+
chr2,166665104,166665118,+
chr2,166665595,166665619,+
chr2,166671525,166671554,+
chr2,166671684,166671703,+
chr2,166775992,166776023,+
chr2,166905895,166905909,+
chr2,166996680,166996696,+
chr2,167004776,167004803,+
chr2,167101573,167101616,+
chr2,167101739,167101758,+
chr2,167349969,167349989,+
chr2,167351754,167351768,+
chr2,167367312,167367344,+
chr2,167368868,167368896,+
chr2,167503071,167503085,+
chr2,167503196,167503211,+
chr2,167632418,167632433,+
chr2,167632841,167632861,+
chr2,167634960,167635015,+
chr2,167657263,167657278,+
chr2,167677909,167677929,+
chr2,167677935,167677965,+
chr2,167677983,167677999,+
chr2,167678005,167678037,+
chr2,167678067,167678087,+
chr2,167678165,167678185,+
chr2,167678213,167678233,+
chr2,167701630,167701661,+
chr2,167701947,167701967,+
chr2,167775602,167775622,+
chr2,167775924,167775962,+
chr2,167775985,167775999,+
chr2,167924758,167924794,+
chr2,167931948,167931994,+
chr2,168205279,168205298,+
chr2,168955732,168955746,+
chr2,169345474,169345515,+
chr2,170049841,170049857,+
chr2,170052907,170052922,+
chr2,170104361,170104375,+
chr2,170129655,170129669,+
chr2,170129823,170129837,+
chr2,170129882,170129896,+
chr2,170131610,170131640,+
chr2,170131931,170131945,+
chr2,170132008,170132027,+
chr2,170132238,170132252,+
chr2,170132273,170132287,+
chr2,170132478,170132492,+
chr2,170133989,170134003,+
chr2,170154839,170154855,+
chr2,170154856,170154871,+
chr2,170155985,170156001,+
chr2,170156012,170156035,+
chr2,170156041,170156057,+
chr2,170158224,170158238,+
chr2,170173829,170173855,+
chr2,170219228,170219248,+
chr2,170219488,170219518,+
chr2,170219822,170219838,+
chr2,170221805,170221822,+
chr2,170222746,170222783,+
chr2,170222926,170222942,+
chr2,170292083,170292099,+
chr2,170292104,170292132,+
chr2,170292201,170292220,+
chr2,172433611,172433635,+
chr2,172433648,172433664,+
chr2,172937590,172937614,+
chr2,172977933,172977982,+
chr2,173017930,173017949,+
chr2,173038737,173038757,+
chr2,173057440,173057482,+
chr2,173058210,173058226,+
chr2,173060024,173060058,+
chr2,173083280,173083302,+
chr2,173084255,173084269,+
chr2,173084514,173084542,+
chr2,173086407,173086434,+
chr2,173218955,173218974,+
chr2,173469580,173469630,+
chr2,173470239,173470274,+
chr2,173659369,173659389,+
chr2,174077277,174077323,+
chr2,174333917,174333962,+
chr2,174344080,174344099,+
chr2,174344456,174344488,+
chr2,174361008,174361024,+
chr2,174361030,174361065,+
chr2,174438842,174438857,+
chr2,174555877,174555910,+
chr2,174602717,174602732,+
chr2,174613516,174613530,+
chr2,177207032,177207066,+
chr2,177957900,177957934,+
chr2,178033804,178033824,+
chr2,178033888,178033908,+
chr2,178033976,178033992,+
chr2,178034304,178034324,+
chr2,178079050,178079084,+
chr2,178079303,178079368,+
chr2,178505143,178505165,+
chr2,180024564,180024580,+
chr2,180257306,180257322,+
chr2,180445294,180445309,+
chr2,180445628,180445643,+
chr2,180445759,180445773,+
chr2,180445815,180445839,+
chr2,180709881,180709895,+
chr2,180726635,180726653,+
chr2,181319507,181319527,+
chr2,181496220,181496247,+
chr2,181582107,181582130,+
chr2,181837381,181837400,+
chr2,3332890,3332909,-
chr2,3338471,3338532,-
chr2,3423837,3423856,-
chr2,3423910,3423929,-
chr2,3513349,3513364,-
chr2,3704170,3704199,-
chr2,3710261,3710280,-
chr2,3723735,3723750,-
chr2,3730006,3730021,-
chr2,3731041,3731076,-
chr2,3749939,3749953,-
chr2,3753338,3753365,-
chr2,3753750,3753775,-
chr2,3800272,3800304,-
chr2,3988585,3988644,-
chr2,3988808,3988872,-
chr2,4560030,4560046,-
chr2,4560346,4560365,-
chr2,4580657,4580673,-
chr2,4587047,4587130,-
chr2,4730421,4730451,-
chr2,4881379,4881409,-
chr2,4881752,4881766,-
chr2,4882654,4882669,-
chr2,4917666,4917685,-
chr2,4917979,4917995,-
chr2,5642437,5642460,-
chr2,5844761,5844780,-
chr2,6213208,6213222,-
chr2,6213265,6213281,-
chr2,6290233,6290271,-
chr2,6290299,6290323,-
chr2,6351237,6351256,-
chr2,6352603,6352622,-
chr2,6375958,6375978,-
chr2,6396040,6396054,-
chr2,6478541,6478557,-
chr2,6672380,6672399,-
chr2,6704046,6704062,-
chr2,6707123,6707137,-
chr2,6760738,6760761,-
chr2,9342042,9342110,-
chr2,9520193,9520207,-
chr2,9520228,9520242,-
chr2,9594361,9594377,-
chr2,9594717,9594737,-
chr2,9595556,9595589,-
chr2,9595750,9595778,-
chr2,9595903,9595917,-
chr2,9689534,9689558,-
chr2,9745514,9745589,-
chr2,9745612,9745652,-
chr2,9774810,9774863,-
chr2,9872659,9872684,-
chr2,9875756,9875776,-
chr2,9876442,9876466,-
chr2,9879460,9879479,-
chr2,10048952,10048971,-
chr2,10343701,10343723,-
chr2,10373332,10373348,-
chr2,10373436,10373463,-
chr2,10373515,10373550,-
chr2,11016334,11016384,-
chr2,11039980,11039994,-
chr2,11117973,11117987,-
chr2,11118039,11118054,-
chr2,11118827,11118846,-
chr2,11159993,11160017,-
chr2,11172896,11172931,-
chr2,11172936,11172972,-
chr2,11174052,11174072,-
chr2,11188155,11188170,-
chr2,11188655,11188670,-
chr2,11190040,11190056,-
chr2,11190360,11190374,-
chr2,11190621,11190637,-
chr2,11190727,11190766,-
chr2,11190768,11190784,-
chr2,11190830,11190863,-
chr2,11190945,11190961,-
chr2,11192947,11192966,-
chr2,11193525,11193546,-
chr2,11193551,11193567,-
chr2,11193934,11194006,-
chr2,11195804,11195818,-
chr2,11202665,11202703,-
chr2,11204396,11204416,-
chr2,11204875,11204899,-
chr2,11205394,11205408,-
chr2,11205751,11205787,-
chr2,11211532,11211561,-
chr2,11216728,11216752,-
chr2,11217535,11217550,-
chr2,11266270,11266290,-
chr2,11288802,11288818,-
chr2,11375156,11375171,-
chr2,11375179,11375222,-
chr2,11502964,11502978,-
chr2,11619583,11619611,-
chr2,11619893,11619912,-
chr2,11655018,11655054,-
chr2,11657421,11657462,-
chr2,11658451,11658465,-
chr2,11664283,11664298,-
chr2,11664337,11664356,-
chr2,11705893,11705923,-
chr2,13224704,13224723,-
chr2,13225048,13225078,-
chr2,13407271,13407286,-
chr2,13407297,13407317,-
chr2,13407447,13407461,-
chr2,13558445,13558464,-
chr2,13560842,13560872,-
chr2,13575790,13575809,-
chr2,13718929,13718952,-
chr2,13760425,13760439,-
chr2,13963991,13964047,-
chr2,14198945,14198968,-
chr2,14880119,14880138,-
chr2,14880326,14880351,-
chr2,14992978,14993002,-
chr2,15049539,15049554,-
chr2,17196093,17196113,-
chr2,17196195,17196290,-
chr2,18028408,18028424,-
chr2,18063671,18063687,-
chr2,18672816,18672832,-
chr2,18766708,18766727,-
chr2,18821874,18821904,-
chr2,18915989,18916003,-
chr2,18937521,18937540,-
chr2,18937548,18937572,-
chr2,18943128,18943143,-
chr2,18943183,18943200,-
chr2,18952094,18952108,-
chr2,18957048,18957070,-
chr2,18958597,18958613,-
chr2,18967998,18968014,-
chr2,18968879,18968905,-
chr2,18997201,18997220,-
chr2,19062351,19062367,-
chr2,19275921,19275937,-
chr2,19300909,19300939,-
chr2,19301100,19301134,-
chr2,19301757,19301811,-
chr2,19301815,19301831,-
chr2,19371984,19372000,-
chr2,19389112,19389157,-
chr2,19657095,19657114,-
chr2,19728977,19729089,-
chr2,20969436,20969459,-
chr2,22721812,22721831,-
chr2,22774729,22774743,-
chr2,22774906,22774920,-
chr2,22784026,22784058,-
chr2,22784228,22784244,-
chr2,22784264,22784278,-
chr2,22784385,22784420,-
chr2,22787375,22787389,-
chr2,22787672,22787691,-
chr2,22797041,22797057,-
chr2,22805174,22805188,-
chr2,22805392,22805486,-
chr2,22806446,22806460,-
chr2,22807786,22807801,-
chr2,22807938,22807957,-
chr2,23068850,23068870,-
chr2,23069290,23069312,-
chr2,24366680,24366696,-
chr2,24367412,24367428,-
chr2,24385116,24385145,-
chr2,24451714,24451805,-
chr2,24831001,24831051,-
chr2,24919818,24919837,-
chr2,24975830,24975849,-
chr2,24976262,24976276,-
chr2,24976555,24976569,-
chr2,25157848,25157863,-
chr2,25225545,25225561,-
chr2,25575438,25575457,-
chr2,25608671,25608690,-
chr2,25620404,25620420,-
chr2,25850631,25850660,-
chr2,26497963,26497978,-
chr2,26498131,26498150,-
chr2,26552187,26552203,-
chr2,26783706,26783720,-
chr2,26936829,26936854,-
chr2,26937053,26937073,-
chr2,27195007,27195076,-
chr2,27195083,27195105,-
chr2,27540033,27540055,-
chr2,28863442,28863461,-
chr2,28916391,28916422,-
chr2,28916468,28916503,-
chr2,29054103,29054117,-
chr2,29096029,29096044,-
chr2,29096193,29096239,-
chr2,29096401,29096421,-
chr2,29096869,29096888,-
chr2,29097258,29097282,-
chr2,29097416,29097473,-
chr2,29097620,29097635,-
chr2,29111635,29111658,-
chr2,29111816,29111836,-
chr2,29124755,29124770,-
chr2,29125828,29125848,-
chr2,29619376,29619391,-
chr2,29625158,29625174,-
chr2,29631854,29631958,-
chr2,29650406,29650430,-
chr2,29650433,29650449,-
chr2,29661991,29662019,-
chr2,29669158,29669172,-
chr2,29677953,29677967,-
chr2,29787817,29787831,-
chr2,29787840,29787864,-
chr2,29826903,29826953,-
chr2,29935691,29935726,-
chr2,30125215,30125231,-
chr2,30128904,30128918,-
chr2,30128922,30128938,-
chr2,30254141,30254172,-
chr2,30258328,30258348,-
chr2,30359540,30359556,-
chr2,30441094,30441114,-
chr2,30441288,30441307,-
chr2,30471959,30471975,-
chr2,30527606,30527628,-
chr2,30546181,30546205,-
chr2,30547393,30547409,-
chr2,30594793,30594807,-
chr2,30626016,30626031,-
chr2,30626675,30626689,-
chr2,30657443,30657467,-
chr2,30658163,30658187,-
chr2,30659121,30659137,-
chr2,30659170,30659190,-
chr2,30659247,30659266,-
chr2,30728390,30728424,-
chr2,30952775,30952791,-
chr2,31060281,31060307,-
chr2,31060697,31060722,-
chr2,31061701,31061717,-
chr2,31066484,31066511,-
chr2,31081344,31081363,-
chr2,31114905,31114925,-
chr2,31115951,31115971,-
chr2,31118901,31118923,-
chr2,31256302,31256320,-
chr2,31616479,31616498,-
chr2,31616512,31616599,-
chr2,32038005,32038053,-
chr2,32047306,32047331,-
chr2,32047376,32047400,-
chr2,32058640,32058656,-
chr2,32060887,32060903,-
chr2,32066873,32066887,-
chr2,32066899,32066918,-
chr2,32075327,32075357,-
chr2,32076346,32076360,-
chr2,32077598,32077625,-
chr2,32080161,32080175,-
chr2,32138309,32138349,-
chr2,32151695,32151727,-
chr2,32155059,32155089,-
chr2,32155225,32155239,-
chr2,32157853,32157872,-
chr2,32164433,32164467,-
chr2,32164604,32164620,-
chr2,32168277,32168293,-
chr2,32170998,32171014,-
chr2,32171049,32171065,-
chr2,32209676,32209771,-
chr2,32288966,32288991,-
chr2,32289888,32289908,-
chr2,32493937,32493951,-
chr2,32494407,32494439,-
chr2,32500534,32500563,-
chr2,32500827,32500889,-
chr2,32500934,32500948,-
chr2,32520864,32520912,-
chr2,32536018,32536054,-
chr2,32539913,32539927,-
chr2,32543123,32543138,-
chr2,32554012,32554057,-
chr2,32587931,32587950,-
chr2,32638592,32638619,-
chr2,32726162,32726182,-
chr2,32727596,32727615,-
chr2,32757000,32757025,-
chr2,32757845,32757880,-
chr2,32778448,32778495,-
chr2,32917862,32917881,-
chr2,32917897,32917913,-
chr2,32962025,32962044,-
chr2,32962407,32962426,-
chr2,32982291,32982325,-
chr2,32982515,32982543,-
chr2,33431671,33431703,-
chr2,33908641,33908655,-
chr2,33914201,33914279,-
chr2,33914281,33914301,-
chr2,34074544,34074558,-
chr2,34615319,34615333,-
chr2,34645489,34645508,-
chr2,34689677,34689697,-
chr2,34773019,34773038,-
chr2,34773094,34773126,-
chr2,34962216,34962232,-
chr2,34962267,34962283,-
chr2,34962618,34962665,-
chr2,34962835,34962861,-
chr2,34963319,34963333,-
chr2,34964086,34964115,-
chr2,34969577,34969591,-
chr2,34976891,34976911,-
chr2,35131437,35131463,-
chr2,35131556,35131611,-
chr2,35132094,35132113,-
chr2,35423903,35423922,-
chr2,35454133,35454152,-
chr2,35461678,35461695,-
chr2,35463304,35463318,-
chr2,35463329,35463343,-
chr2,35463358,35463390,-
chr2,35464829,35464862,-
chr2,35495951,35495970,-
chr2,35496161,35496183,-
chr2,37706992,37707063,-
chr2,37735396,37735430,-
chr2,38181348,38181406,-
chr2,38205595,38205611,-
chr2,38229039,38229069,-
chr2,38229219,38229235,-
chr2,38229269,38229327,-
chr2,38229915,38229976,-
chr2,39005679,39005698,-
chr2,39009144,39009161,-
chr2,39052475,39052499,-
chr2,43737842,43737864,-
chr2,43738232,43738246,-
chr2,43738266,43738306,-
chr2,43738330,43738404,-
chr2,43738723,43738738,-
chr2,43748752,43748767,-
chr2,43749004,43749020,-
chr2,43752926,43752948,-
chr2,43772622,43772637,-
chr2,43811566,43811636,-
chr2,44034829,44034848,-
chr2,44034862,44034908,-
chr2,48023462,48023515,-
chr2,48510550,48510589,-
chr2,48510596,48510622,-
chr2,48510626,48510675,-
chr2,48814484,48814523,-
chr2,48814802,48814821,-
chr2,48949662,48949677,-
chr2,48949988,48950017,-
chr2,48950375,48950394,-
chr2,49313240,49313259,-
chr2,49453383,49453426,-
chr2,49616892,49616923,-
chr2,49733574,49733590,-
chr2,49847435,49847450,-
chr2,49847455,49847475,-
chr2,49847588,49847607,-
chr2,49847721,49847735,-
chr2,49847750,49847771,-
chr2,50296939,50296970,-
chr2,50296977,50297019,-
chr2,51934373,51934403,-
chr2,51936012,51936028,-
chr2,51973310,51973344,-
chr2,52073408,52073427,-
chr2,52252391,52252410,-
chr2,52425233,52425255,-
chr2,52570213,52570227,-
chr2,52570650,52570665,-
chr2,52571014,52571028,-
chr2,53190860,53190876,-
chr2,57117956,57117970,-
chr2,57174647,57174748,-
chr2,57182191,57182207,-
chr2,57182338,57182359,-
chr2,57182533,57182554,-
chr2,57182581,57182595,-
chr2,57240566,57240580,-
chr2,57325691,57325710,-
chr2,57696955,57696971,-
chr2,57888393,57888455,-
chr2,58138200,58138232,-
chr2,58138399,58138419,-
chr2,58139209,58139281,-
chr2,58139703,58139722,-
chr2,58149761,58149775,-
chr2,58153768,58153790,-
chr2,58155971,58156010,-
chr2,58156016,58156030,-
chr2,58157258,58157308,-
chr2,58157414,58157457,-
chr2,58157974,58157990,-
chr2,58160419,58160435,-
chr2,58160438,58160454,-
chr2,58160883,58160912,-
chr2,58179159,58179183,-
chr2,58210362,58210382,-
chr2,58210439,58210486,-
chr2,58210628,58210652,-
chr2,58619241,58619262,-
chr2,58619350,58619405,-
chr2,58844945,58844997,-
chr2,58845112,58845131,-
chr2,59340155,59340174,-
chr2,59353369,59353383,-
chr2,59353448,59353474,-
chr2,59353480,59353497,-
chr2,59353657,59353674,-
chr2,59438914,59438929,-
chr2,59449475,59449530,-
chr2,59469073,59469098,-
chr2,59469103,59469122,-
chr2,59469338,59469358,-
chr2,59469711,59469733,-
chr2,59469780,59469799,-
chr2,59482815,59482865,-
chr2,59482995,59483027,-
chr2,59486249,59486271,-
chr2,59488228,59488247,-
chr2,59488640,59488654,-
chr2,59630260,59630294,-
chr2,59632047,59632063,-
chr2,59647158,59647172,-
chr2,59882735,59882784,-
chr2,60085628,60085667,-
chr2,60124479,60124493,-
chr2,60210669,60210691,-
chr2,60299147,60299161,-
chr2,60375100,60375125,-
chr2,60739413,60739437,-
chr2,60757251,60757265,-
chr2,60880405,60880437,-
chr2,60880720,60880756,-
chr2,60904152,60904178,-
chr2,60923133,60923156,-
chr2,60924055,60924075,-
chr2,61494267,61494289,-
chr2,61503890,61503927,-
chr2,61503990,61504009,-
chr2,61513659,61513677,-
chr2,61514595,61514609,-
chr2,61763733,61763776,-
chr2,61763782,61763798,-
chr2,61763905,61763966,-
chr2,61803939,61803967,-
chr2,62308163,62308233,-
chr2,62352126,62352140,-
chr2,62391170,62391223,-
chr2,62391444,62391466,-
chr2,62391611,62391630,-
chr2,62395066,62395085,-
chr2,62395253,62395272,-
chr2,62395293,62395344,-
chr2,62408595,62408614,-
chr2,62513402,62513463,-
chr2,62513472,62513500,-
chr2,62643626,62643645,-
chr2,62646217,62646231,-
chr2,65181131,65181145,-
chr2,65182801,65182815,-
chr2,65343007,65343022,-
chr2,65343027,65343043,-
chr2,65414118,65414134,-
chr2,65414181,65414195,-
chr2,65414729,65414765,-
chr2,65552303,65552331,-
chr2,68501496,68501563,-
chr2,68782690,68782705,-
chr2,68800695,68800711,-
chr2,68800857,68800915,-
chr2,68800917,68800942,-
chr2,68873942,68873977,-
chr2,68876106,68876121,-
chr2,69002624,69002640,-
chr2,69002652,69002667,-
chr2,69240774,69240795,-
chr2,69240796,69240817,-
chr2,69240822,69240842,-
chr2,69240893,69240909,-
chr2,69241010,69241030,-
chr2,69635228,69635284,-
chr2,69779039,69779053,-
chr2,69779242,69779260,-
chr2,69861092,69861106,-
chr2,69861661,69861676,-
chr2,69896925,69896948,-
chr2,69994988,69995012,-
chr2,70810334,70810357,-
chr2,70833347,70833362,-
chr2,70835190,70835209,-
chr2,70835708,70835754,-
chr2,70930952,70930966,-
chr2,70931201,70931220,-
chr2,71031665,71031688,-
chr2,71033019,71033061,-
chr2,71033285,71033301,-
chr2,71047302,71047320,-
chr2,71049795,71049841,-
chr2,71211503,71211518,-
chr2,71453614,71453630,-
chr2,71522807,71522832,-
chr2,71522943,71522957,-
chr2,71723240,71723282,-
chr2,71736100,71736122,-
chr2,71736162,71736178,-
chr2,71736306,71736320,-
chr2,71812654,71812674,-
chr2,71812814,71812830,-
chr2,71814445,71814464,-
chr2,71814638,71814654,-
chr2,71815396,71815422,-
chr2,71843756,71843770,-
chr2,71864112,71864136,-
chr2,71865756,71865817,-
chr2,71866044,71866093,-
chr2,71866262,71866322,-
chr2,71866459,71866490,-
chr2,71867350,71867372,-
chr2,71867400,71867422,-
chr2,71873094,71873109,-
chr2,71874355,71874383,-
chr2,72117488,72117563,-
chr2,72118289,72118308,-
chr2,72137217,72137236,-
chr2,72137931,72137950,-
chr2,72143750,72143766,-
chr2,72145469,72145494,-
chr2,72145581,72145600,-
chr2,72145860,72145875,-
chr2,72145876,72145891,-
chr2,72146545,72146573,-
chr2,72169999,72170025,-
chr2,72183831,72183849,-
chr2,72183993,72184008,-
chr2,72184052,72184079,-
chr2,72282701,72282756,-
chr2,72856787,72856850,-
chr2,72856969,72856993,-
chr2,72857038,72857052,-
chr2,72857608,72857636,-
chr2,72874831,72874850,-
chr2,72874877,72874901,-
chr2,72979517,72979541,-
chr2,72980382,72980401,-
chr2,72981203,72981223,-
chr2,72996893,72996922,-
chr2,72997302,72997326,-
chr2,73002807,73002823,-
chr2,73003167,73003181,-
chr2,73029009,73029067,-
chr2,73313059,73313092,-
chr2,73313427,73313446,-
chr2,73389608,73389627,-
chr2,73449080,73449099,-
chr2,73452101,73452127,-
chr2,73452996,73453016,-
chr2,73462535,73462563,-
chr2,73463230,73463271,-
chr2,73463274,73463288,-
chr2,73463315,73463336,-
chr2,73464239,73464268,-
chr2,73470603,73470622,-
chr2,73485140,73485162,-
chr2,73486259,73486273,-
chr2,73911485,73911500,-
chr2,73911517,73911532,-
chr2,75072979,75072999,-
chr2,75073290,75073304,-
chr2,75607482,75607498,-
chr2,75639257,75639271,-
chr2,75639289,75639304,-
chr2,75639365,75639392,-
chr2,75639413,75639448,-
chr2,75682613,75682634,-
chr2,75705636,75705651,-
chr2,75786336,75786350,-
chr2,75892150,75892166,-
chr2,75892241,75892256,-
chr2,75907280,75907295,-
chr2,75981875,75981899,-
chr2,75982082,75982102,-
chr2,76214683,76214697,-
chr2,76219959,76219982,-
chr2,76369690,76369709,-
chr2,76672931,76672950,-
chr2,77946571,77946592,-
chr2,78869675,78869702,-
chr2,78869913,78869939,-
chr2,79005081,79005097,-
chr2,79005211,79005226,-
chr2,79013357,79013373,-
chr2,79050766,79050781,-
chr2,79111995,79112013,-
chr2,79227686,79227701,-
chr2,79227867,79227881,-
chr2,79227957,79227973,-
chr2,79248693,79248717,-
chr2,79250369,79250388,-
chr2,79251750,79251782,-
chr2,79256453,79256472,-
chr2,79256969,79256991,-
chr2,79259041,79259057,-
chr2,79266009,79266045,-
chr2,79717050,79717103,-
chr2,80185768,80185839,-
chr2,80185840,80185868,-
chr2,80324583,80324605,-
chr2,80617313,80617353,-
chr2,80684462,80684481,-
chr2,80684920,80684935,-
chr2,83645044,83645066,-
chr2,83645122,83645158,-
chr2,83724204,83724223,-
chr2,84016240,84016276,-
chr2,84030243,84030259,-
chr2,84256046,84256067,-
chr2,84424145,84424161,-
chr2,84424306,84424368,-
chr2,84481917,84481931,-
chr2,84482166,84482181,-
chr2,84499327,84499346,-
chr2,84499355,84499378,-
chr2,84660446,84660465,-
chr2,84715528,84715547,-
chr2,84715800,84715815,-
chr2,85047903,85047919,-
chr2,85983455,85983505,-
chr2,90474854,90474873,-
chr2,90487731,90487757,-
chr2,90583778,90583800,-
chr2,90667581,90667595,-
chr2,90667964,90667988,-
chr2,90746204,90746229,-
chr2,90846713,90846736,-
chr2,90928485,90928562,-
chr2,90928667,90928691,-
chr2,90928907,90928923,-
chr2,90941317,90941331,-
chr2,91070772,91070794,-
chr2,91083476,91083498,-
chr2,91183106,91183127,-
chr2,91184101,91184117,-
chr2,91191028,91191076,-
chr2,91191101,91191177,-
chr2,91191202,91191254,-
chr2,91191279,91191339,-
chr2,91191364,91191456,-
chr2,91191481,91191529,-
chr2,91644140,91644160,-
chr2,91710527,91710551,-
chr2,91711162,91711196,-
chr2,91730027,91730047,-
chr2,91835385,91835404,-
chr2,91932193,91932207,-
chr2,91961701,91961717,-
chr2,92069433,92069501,-
chr2,92202572,92202586,-
chr2,92205361,92205380,-
chr2,92205430,92205452,-
chr2,92205472,92205491,-
chr2,92213601,92213637,-
chr2,92253784,92253809,-
chr2,92254500,92254567,-
chr2,92438006,92438032,-
chr2,92442955,92443095,-
chr2,92460673,92460688,-
chr2,93132404,93132437,-
chr2,93191079,93191109,-
chr2,93427807,93427823,-
chr2,93453172,93453191,-
chr2,93453340,93453391,-
chr2,101692753,101692791,-
chr2,101692883,101692964,-
chr2,101755603,101755617,-
chr2,101756202,101756218,-
chr2,101908672,101908710,-
chr2,101992152,101992169,-
chr2,101992239,101992258,-
chr2,102867333,102867349,-
chr2,102867687,102867712,-
chr2,102873770,102873784,-
chr2,102873816,102873830,-
chr2,102874047,102874085,-
chr2,102886767,102886783,-
chr2,102999289,102999323,-
chr2,103485398,103485412,-
chr2,103485517,103485531,-
chr2,103566011,103566032,-
chr2,103651721,103651738,-
chr2,103652307,103652331,-
chr2,103652862,103652877,-
chr2,103658738,103658776,-
chr2,103672873,103672889,-
chr2,103685198,103685225,-
chr2,103703848,103703875,-
chr2,103761561,103761575,-
chr2,104028484,104028510,-
chr2,104590600,104590625,-
chr2,105022062,105022100,-
chr2,106974635,106974654,-
chr2,109278448,109278479,-
chr2,112262248,112262264,-
chr2,112266564,112266594,-
chr2,112267908,112267922,-
chr2,112268089,112268105,-
chr2,112493639,112493661,-
chr2,112507278,112507302,-
chr2,112509948,112509967,-
chr2,112510720,112510734,-
chr2,112798239,112798263,-
chr2,113830076,113830095,-
chr2,113835466,113835487,-
chr2,113848877,113848893,-
chr2,113849094,113849141,-
chr2,113901407,113901435,-
chr2,113903707,113903726,-
chr2,113904753,113904784,-
chr2,114083918,114084012,-
chr2,114084033,114084053,-
chr2,114136608,114136627,-
chr2,114137228,114137244,-
chr2,114144335,114144369,-
chr2,117249602,117249618,-
chr2,117312364,117312388,-
chr2,117312618,117312638,-
chr2,117313007,117313022,-
chr2,117314190,117314204,-
chr2,117319431,117319459,-
chr2,117322433,117322449,-
chr2,117374583,117374602,-
chr2,117390380,117390396,-
chr2,117399822,117399837,-
chr2,117417561,117417583,-
chr2,117420939,117420958,-
chr2,117421704,117421735,-
chr2,117421991,117422013,-
chr2,117422021,117422043,-
chr2,117447205,117447224,-
chr2,117450513,117450528,-
chr2,117450574,117450590,-
chr2,117945032,117945051,-
chr2,117945077,117945107,-
chr2,117989124,117989138,-
chr2,117996426,117996441,-
chr2,118598313,118598327,-
chr2,118602423,118602467,-
chr2,118642750,118642771,-
chr2,118747647,118747666,-
chr2,118747772,118747791,-
chr2,119288231,119288250,-
chr2,119478375,119478399,-
chr2,119547453,119547472,-
chr2,119559090,119559110,-
chr2,119618745,119618764,-
chr2,119873522,119873541,-
chr2,120026925,120026939,-
chr2,120353264,120353287,-
chr2,120563907,120563921,-
chr2,120564021,120564058,-
chr2,120971139,120971189,-
chr2,120971439,120971473,-
chr2,120978204,120978223,-
chr2,121414611,121414645,-
chr2,121434997,121435011,-
chr2,121866517,121866531,-
chr2,122126881,122126895,-
chr2,122127111,122127137,-
chr2,122145720,122145758,-
chr2,122145944,122145963,-
chr2,122147838,122147857,-
chr2,122148493,122148508,-
chr2,122361609,122361628,-
chr2,122377653,122377697,-
chr2,122429349,122429368,-
chr2,122466832,122466847,-
chr2,122468300,122468314,-
chr2,122469381,122469397,-
chr2,122630224,122630243,-
chr2,122630392,122630411,-
chr2,122738171,122738185,-
chr2,122738853,122738872,-
chr2,122764884,122764906,-
chr2,122764911,122764925,-
chr2,122764947,122764961,-
chr2,124728886,124728993,-
chr2,126317299,126317377,-
chr2,126473886,126473901,-
chr2,126474476,126474492,-
chr2,126497524,126497546,-
chr2,126498742,126498756,-
chr2,126502377,126502397,-
chr2,126676135,126676169,-
chr2,126676204,126676223,-
chr2,126876458,126876474,-
chr2,126920547,126920566,-
chr2,126920644,126920658,-
chr2,126920694,126920710,-
chr2,126920776,126920807,-
chr2,126933544,126933563,-
chr2,126933574,126933637,-
chr2,127006819,127006852,-
chr2,127134419,127134438,-
chr2,127207831,127207848,-
chr2,127207856,127207917,-
chr2,127312949,127312971,-
chr2,127315303,127315319,-
chr2,127317378,127317405,-
chr2,127318246,127318260,-
chr2,127338756,127338770,-
chr2,127338888,127338907,-
chr2,127916822,127916841,-
chr2,127916897,127916916,-
chr2,127917036,127917060,-
chr2,127922317,127922336,-
chr2,127923263,127923277,-
chr2,127923853,127923869,-
chr2,127923936,127923956,-
chr2,127927443,127927458,-
chr2,128028414,128028430,-
chr2,128087380,128087396,-
chr2,128088164,128088183,-
chr2,128088324,128088340,-
chr2,128125205,128125220,-
chr2,128127224,128127243,-
chr2,128158914,128158933,-
chr2,128319284,128319298,-
chr2,128430011,128430033,-
chr2,128451488,128451504,-
chr2,128817539,128817559,-
chr2,128818819,128818840,-
chr2,128968262,128968283,-
chr2,128968509,128968528,-
chr2,129008907,129008942,-
chr2,129008944,129008959,-
chr2,129008975,129009014,-
chr2,129009191,129009205,-
chr2,129084760,129084774,-
chr2,129084967,129085001,-
chr2,129085023,129085037,-
chr2,129180242,129180256,-
chr2,129180468,129180492,-
chr2,129182495,129182509,-
chr2,129194574,129194599,-
chr2,129199416,129199430,-
chr2,129243899,129243915,-
chr2,129313929,129313943,-
chr2,129314307,129314321,-
chr2,129801145,129801161,-
chr2,130179449,130179496,-
chr2,130179506,130179555,-
chr2,130481090,130481173,-
chr2,130481255,130481271,-
chr2,130532435,130532455,-
chr2,130961874,130961891,-
chr2,130962020,130962035,-
chr2,130962124,130962140,-
chr2,131180384,131180400,-
chr2,131210509,131210533,-
chr2,131321485,131321500,-
chr2,131321585,131321599,-
chr2,131509902,131509918,-
chr2,131886442,131886482,-
chr2,132021642,132021656,-
chr2,132247893,132247912,-
chr2,132262649,132262681,-
chr2,132264353,132264377,-
chr2,132509639,132509658,-
chr2,132511272,132511291,-
chr2,132511303,132511408,-
chr2,132511807,132511821,-
chr2,132512048,132512067,-
chr2,132512513,132512527,-
chr2,132577199,132577218,-
chr2,132577261,132577275,-
chr2,132577323,132577342,-
chr2,132577387,132577403,-
chr2,132597554,132597576,-
chr2,132597850,132597869,-
chr2,132687205,132687245,-
chr2,132688335,132688351,-
chr2,132688442,132688459,-
chr2,132689186,132689205,-
chr2,136890699,136890744,-
chr2,136891678,136891699,-
chr2,136891763,136891783,-
chr2,136891888,136891903,-
chr2,136892447,136892461,-
chr2,140043042,140043114,-
chr2,140043246,140043262,-
chr2,140043265,140043285,-
chr2,140067011,140067033,-
chr2,140819615,140819635,-
chr2,142901064,142901078,-
chr2,142903611,142903630,-
chr2,144228470,144228484,-
chr2,144231346,144231368,-
chr2,144459123,144459137,-
chr2,144555517,144555542,-
chr2,145197582,145197609,-
chr2,145226043,145226057,-
chr2,145234279,145234297,-
chr2,146512515,146512542,-
chr2,146855333,146855374,-
chr2,146855407,146855422,-
chr2,146855510,146855557,-
chr2,146959496,146959512,-
chr2,148426075,148426104,-
chr2,149161869,149161883,-
chr2,150111728,150111742,-
chr2,150117767,150117783,-
chr2,150307171,150307195,-
chr2,150311475,150311494,-
chr2,150362930,150362944,-
chr2,150377091,150377117,-
chr2,150377136,150377162,-
chr2,150377203,150377291,-
chr2,150578399,150578416,-
chr2,150750473,150750493,-
chr2,150750523,150750542,-
chr2,150905224,150905245,-
chr2,150909351,150909365,-
chr2,150909904,150909921,-
chr2,150910052,150910066,-
chr2,152372435,152372451,-
chr2,152775658,152775690,-
chr2,152825847,152825861,-
chr2,152907036,152907052,-
chr2,153214968,153214982,-
chr2,153263486,153263500,-
chr2,153333284,153333299,-
chr2,153336052,153336074,-
chr2,153345773,153345793,-
chr2,153347459,153347481,-
chr2,153374292,153374365,-
chr2,153374371,153374385,-
chr2,153704331,153704350,-
chr2,154436919,154436938,-
chr2,154586691,154586723,-
chr2,154615696,154615716,-
chr2,154656670,154656691,-
chr2,154656750,154656765,-
chr2,154657750,154657766,-
chr2,154657908,154657924,-
chr2,154659685,154659699,-
chr2,154792636,154792659,-
chr2,154792730,154792744,-
chr2,154807899,154807919,-
chr2,154990923,154990942,-
chr2,154990960,154991012,-
chr2,154991016,154991032,-
chr2,154991725,154991739,-
chr2,155135212,155135236,-
chr2,155474178,155474193,-
chr2,155518881,155518932,-
chr2,155538845,155538868,-
chr2,155555260,155555274,-
chr2,155555279,155555295,-
chr2,155673648,155673668,-
chr2,155729671,155729696,-
chr2,155826833,155826855,-
chr2,156180954,156180994,-
chr2,156268184,156268221,-
chr2,156278896,156278915,-
chr2,156279016,156279038,-
chr2,156313120,156313139,-
chr2,156313207,156313225,-
chr2,156730623,156730648,-
chr2,156862041,156862072,-
chr2,156862128,156862148,-
chr2,156862642,156862681,-
chr2,156880831,156880850,-
chr2,156886461,156886483,-
chr2,157129552,157129567,-
chr2,157133869,157133896,-
chr2,157137849,157137863,-
chr2,157137895,157137911,-
chr2,157148155,157148251,-
chr2,157190972,157190988,-
chr2,157447537,157447551,-
chr2,157447620,157447644,-
chr2,157745094,157745113,-
chr2,158133134,158133160,-
chr2,158159832,158159847,-
chr2,158167132,158167157,-
chr2,158361644,158361659,-
chr2,158361711,158361725,-
chr2,158673163,158673182,-
chr2,158688034,158688060,-
chr2,158690462,158690482,-
chr2,158706702,158706719,-
chr2,158718673,158718701,-
chr2,158718838,158718870,-
chr2,158723731,158723745,-
chr2,158725740,158725760,-
chr2,158736082,158736100,-
chr2,158736644,158736665,-
chr2,160405029,160405079,-
chr2,160746648,160746672,-
chr2,160755880,160755894,-
chr2,160757014,160757033,-
chr2,161512351,161512371,-
chr2,162930792,162930811,-
chr2,163096826,163096891,-
chr2,163096899,163096935,-
chr2,163097093,163097108,-
chr2,163267054,163267119,-
chr2,163292572,163292620,-
chr2,163292798,163292878,-
chr2,163293082,163293116,-
chr2,163293135,163293154,-
chr2,163800730,163800754,-
chr2,163801024,163801044,-
chr2,163994706,163994725,-
chr2,164022928,164022943,-
chr2,164077712,164077728,-
chr2,164077925,164077939,-
chr2,164078328,164078353,-
chr2,164078362,164078384,-
chr2,164078597,164078613,-
chr2,164079455,164079470,-
chr2,164082061,164082075,-
chr2,164082520,164082536,-
chr2,164083131,164083146,-
chr2,164083900,164083916,-
chr2,164084484,164084504,-
chr2,164084962,164084986,-
chr2,164085150,164085170,-
chr2,164093962,164093993,-
chr2,164460676,164460728,-
chr2,164534606,164534633,-
chr2,164545026,164545042,-
chr2,164559559,164559601,-
chr2,164866937,164866976,-
chr2,164868050,164868079,-
chr2,164868805,164868837,-
chr2,165326754,165326773,-
chr2,165451037,165451071,-
chr2,165452974,165452990,-
chr2,165654361,165654377,-
chr2,165656979,165656996,-
chr2,165704562,165704614,-
chr2,165955165,165955181,-
chr2,165960781,165960797,-
chr2,165961146,165961165,-
chr2,165982727,165982761,-
chr2,165983336,165983368,-
chr2,166035459,166035473,-
chr2,166035546,166035560,-
chr2,166035564,166035594,-
chr2,166035684,166035717,-
chr2,166035857,166035888,-
chr2,166553548,166553570,-
chr2,166625328,166625343,-
chr2,166631469,166631488,-
chr2,166650079,166650095,-
chr2,166650224,166650244,-
chr2,166672442,166672469,-
chr2,166701723,166701773,-
chr2,166712321,166712341,-
chr2,166775693,166775742,-
chr2,166776701,166776732,-
chr2,166905753,166905773,-
chr2,167015166,167015180,-
chr2,167063322,167063336,-
chr2,167082091,167082107,-
chr2,167101617,167101636,-
chr2,167102073,167102093,-
chr2,167493164,167493198,-
chr2,167502872,167502891,-
chr2,167535495,167535516,-
chr2,167535728,167535786,-
chr2,167536136,167536171,-
chr2,167536222,167536237,-
chr2,167632560,167632602,-
chr2,167657331,167657355,-
chr2,167690214,167690299,-
chr2,167698116,167698138,-
chr2,167925400,167925421,-
chr2,167940932,167940953,-
chr2,167942623,167942639,-
chr2,168083455,168083474,-
chr2,168473401,168473415,-
chr2,168589318,168589334,-
chr2,169423691,169423710,-
chr2,169423923,169423947,-
chr2,170022286,170022339,-
chr2,170051001,170051041,-
chr2,170131976,170131995,-
chr2,170132188,170132204,-
chr2,170132414,170132429,-
chr2,170157976,170157990,-
chr2,170160384,170160421,-
chr2,170168763,170168779,-
chr2,170169023,170169043,-
chr2,170174932,170174948,-
chr2,170175050,170175066,-
chr2,170175164,170175178,-
chr2,170184824,170184840,-
chr2,170185076,170185090,-
chr2,170204998,170205024,-
chr2,170205346,170205365,-
chr2,170221567,170221583,-
chr2,170222316,170222342,-
chr2,170223713,170223732,-
chr2,170224202,170224221,-
chr2,170224421,170224525,-
chr2,170224653,170224700,-
chr2,170243263,170243301,-
chr2,170243307,170243351,-
chr2,170243365,170243407,-
chr2,170243413,170243429,-
chr2,172401334,172401367,-
chr2,172440637,172440659,-
chr2,172946370,172946485,-
chr2,172946964,172946983,-
chr2,172999663,172999705,-
chr2,173018285,173018314,-
chr2,173027572,173027591,-
chr2,173037010,173037064,-
chr2,173077046,173077062,-
chr2,173082810,173082829,-
chr2,173320427,173320455,-
chr2,173320461,173320477,-
chr2,173320489,173320513,-
chr2,173410030,173410061,-
chr2,173436454,173436504,-
chr2,173455637,173455676,-
chr2,173737300,173737315,-
chr2,173854757,173854795,-
chr2,173854841,173854865,-
chr2,173855040,173855059,-
chr2,174077534,174077568,-
chr2,174339208,174339227,-
chr2,174361258,174361280,-
chr2,174361517,174361551,-
chr2,174612968,174612992,-
chr2,174614161,174614175,-
chr2,174614232,174614256,-
chr2,177497589,177497623,-
chr2,179977244,179977262,-
chr2,179977411,179977431,-
chr2,180445175,180445189,-
chr2,180456834,180456849,-
chr2,180582281,180582327,-
chr2,181377535,181377555,-
chr2,181377602,181377624,-
chr2,181601428,181601442,-
chr2,181680279,181680295,-
chr2,181706691,181706707,-
chr2,181706715,181706729,-
chr2,181706921,181706981,-
chr2,181838396,181838412,-
chr3,5572814,5572839,+
chr3,9005056,9005071,+
chr3,9154398,9154417,+
chr3,9368729,9368770,+
chr3,9386863,9386882,+
chr3,9386957,9387015,+
chr3,9400296,9400330,+
chr3,9402688,9402702,+
chr3,9499728,9499748,+
chr3,9520437,9520456,+
chr3,9521113,9521144,+
chr3,9549767,9549781,+
chr3,9677330,9677345,+
chr3,9718917,9718937,+
chr3,9719002,9719024,+
chr3,9719046,9719116,+
chr3,9754698,9754722,+
chr3,9754832,9754846,+
chr3,9826145,9826169,+
chr3,9829744,9829763,+
chr3,9829817,9829839,+
chr3,9853736,9853770,+
chr3,9865204,9865253,+
chr3,9885069,9885098,+
chr3,9886545,9886559,+
chr3,9887845,9887864,+
chr3,9916895,9916918,+
chr3,10204658,10204725,+
chr3,10205132,10205148,+
chr3,10351103,10351118,+
chr3,14533701,14533717,+
chr3,14628478,14628571,+
chr3,14869822,14869841,+
chr3,14912439,14912480,+
chr3,14912484,14912506,+
chr3,18624042,18624064,+
chr3,19187989,19188004,+
chr3,19240102,19240124,+
chr3,19257897,19257920,+
chr3,19258602,19258624,+
chr3,19258745,19258766,+
chr3,19258957,19258974,+
chr3,19310017,19310041,+
chr3,19310193,19310207,+
chr3,19319117,19319153,+
chr3,19349560,19349615,+
chr3,19429134,19429150,+
chr3,19429373,19429387,+
chr3,19430739,19430755,+
chr3,19629451,19629508,+
chr3,20034926,20034943,+
chr3,20101176,20101190,+
chr3,20101567,20101622,+
chr3,20198959,20198973,+
chr3,20198974,20199067,+
chr3,20199279,20199293,+
chr3,20314986,20315005,+
chr3,20315103,20315156,+
chr3,21126366,21126380,+
chr3,21935379,21935399,+
chr3,21937441,21937460,+
chr3,21937535,21937549,+
chr3,21953750,21953801,+
chr3,21961589,21961618,+
chr3,21961729,21961791,+
chr3,21963046,21963065,+
chr3,21963270,21963284,+
chr3,21963467,21963481,+
chr3,21965801,21965820,+
chr3,21991326,21991342,+
chr3,22090121,22090140,+
chr3,22152848,22152895,+
chr3,22153189,22153214,+
chr3,27463399,27463433,+
chr3,28256019,28256044,+
chr3,28256212,28256228,+
chr3,28264861,28264883,+
chr3,30601046,30601065,+
chr3,30601651,30601665,+
chr3,30601914,30601933,+
chr3,30603321,30603335,+
chr3,30792536,30792555,+
chr3,30863996,30864011,+
chr3,30965454,30965468,+
chr3,31093549,31093575,+
chr3,31093659,31093694,+
chr3,31093970,31094023,+
chr3,32397179,32397198,+
chr3,32398102,32398124,+
chr3,32529102,32529121,+
chr3,33799434,33799500,+
chr3,33956623,33956639,+
chr3,35318302,35318334,+
chr3,35318545,35318559,+
chr3,35721939,35721959,+
chr3,35746210,35746256,+
chr3,35746310,35746366,+
chr3,35747186,35747204,+
chr3,35754830,35754844,+
chr3,35762877,35762909,+
chr3,35933320,35933344,+
chr3,36065746,36065765,+
chr3,36572013,36572029,+
chr3,37204519,37204538,+
chr3,37205318,37205334,+
chr3,37634894,37634914,+
chr3,37758478,37758500,+
chr3,38279907,38279955,+
chr3,38280450,38280465,+
chr3,38282949,38282986,+
chr3,38283854,38283873,+
chr3,38440584,38440603,+
chr3,38468864,38468926,+
chr3,38483882,38483896,+
chr3,38483981,38484000,+
chr3,38484203,38484217,+
chr3,38497333,38497349,+
chr3,38853949,38853963,+
chr3,41564054,41564068,+
chr3,41566242,41566264,+
chr3,41604862,41604877,+
chr3,41628264,41628312,+
chr3,41628315,41628371,+
chr3,41742098,41742135,+
chr3,51128544,51128563,+
chr3,51129306,51129330,+
chr3,51270217,51270237,+
chr3,51333268,51333302,+
chr3,51339473,51339501,+
chr3,51340561,51340580,+
chr3,51416119,51416153,+
chr3,51539846,51539869,+
chr3,51552743,51552758,+
chr3,51553382,51553396,+
chr3,51553468,51553511,+
chr3,51553910,51553924,+
chr3,51558070,51558109,+
chr3,51559628,51559645,+
chr3,51559662,51559676,+
chr3,51652739,51652759,+
chr3,51653384,51653412,+
chr3,51654130,51654159,+
chr3,51654647,51654663,+
chr3,51701044,51701063,+
chr3,52000058,52000074,+
chr3,52104774,52104790,+
chr3,52105524,52105550,+
chr3,52198623,52198655,+
chr3,52262786,52262800,+
chr3,52267266,52267290,+
chr3,52267486,52267514,+
chr3,52387093,52387107,+
chr3,52387165,52387211,+
chr3,52390704,52390719,+
chr3,52459063,52459077,+
chr3,52459468,52459518,+
chr3,52499202,52499217,+
chr3,52568631,52568645,+
chr3,52637730,52637810,+
chr3,52644512,52644526,+
chr3,52649423,52649439,+
chr3,52650531,52650545,+
chr3,52650552,52650566,+
chr3,52697210,52697229,+
chr3,52697592,52697616,+
chr3,52802007,52802021,+
chr3,52832881,52832900,+
chr3,52840518,52840532,+
chr3,52840691,52840714,+
chr3,52843227,52843256,+
chr3,52843874,52843893,+
chr3,52844325,52844351,+
chr3,53017413,53017430,+
chr3,53017431,53017488,+
chr3,53017528,53017542,+
chr3,53462544,53462559,+
chr3,53463398,53463417,+
chr3,53464064,53464106,+
chr3,54769021,54769099,+
chr3,57843867,57843897,+
chr3,58551980,58551996,+
chr3,58552045,58552059,+
chr3,58573967,58574031,+
chr3,58582235,58582250,+
chr3,58582793,58582812,+
chr3,58690631,58690670,+
chr3,59229665,59229679,+
chr3,59260602,59260617,+
chr3,59261229,59261256,+
chr3,59482780,59482838,+
chr3,59482875,59482899,+
chr3,59675864,59675923,+
chr3,59702139,59702159,+
chr3,59703317,59703331,+
chr3,59703351,59703373,+
chr3,60409127,60409147,+
chr3,60413708,60413727,+
chr3,60419024,60419038,+
chr3,60419043,60419064,+
chr3,60419504,60419524,+
chr3,60469711,60469735,+
chr3,60473367,60473381,+
chr3,60474195,60474214,+
chr3,60477198,60477212,+
chr3,60478593,60478615,+
chr3,60481786,60481815,+
chr3,60482008,60482024,+
chr3,60487202,60487227,+
chr3,60487579,60487608,+
chr3,60487800,60487816,+
chr3,60498944,60498997,+
chr3,60499151,60499170,+
chr3,60502042,60502062,+
chr3,60502484,60502500,+
chr3,60504071,60504085,+
chr3,60509090,60509104,+
chr3,60515924,60515951,+
chr3,60516526,60516564,+
chr3,60519436,60519460,+
chr3,60526859,60526879,+
chr3,60564257,60564296,+
chr3,60575287,60575301,+
chr3,60576315,60576347,+
chr3,60612128,60612144,+
chr3,60612179,60612210,+
chr3,60785499,60785523,+
chr3,60821669,60821691,+
chr3,60997815,60997834,+
chr3,60997889,60997938,+
chr3,61407209,61407248,+
chr3,61407259,61407278,+
chr3,61407304,61407318,+
chr3,61410104,61410123,+
chr3,63929511,63929530,+
chr3,63975827,63975871,+
chr3,65650627,65650663,+
chr3,65663201,65663215,+
chr3,65663596,65663611,+
chr3,65929742,65929771,+
chr3,65930322,65930425,+
chr3,65958165,65958184,+
chr3,65975156,65975170,+
chr3,66253754,66253788,+
chr3,66985558,66985592,+
chr3,68705543,68705568,+
chr3,68758665,68758695,+
chr3,68783815,68783830,+
chr3,68784485,68784499,+
chr3,68787098,68787117,+
chr3,68830191,68830207,+
chr3,68973196,68973224,+
chr3,68973497,68973520,+
chr3,68973944,68973968,+
chr3,68974143,68974171,+
chr3,68974173,68974195,+
chr3,68974382,68974398,+
chr3,68974513,68974529,+
chr3,68974645,68974671,+
chr3,68975631,68975670,+
chr3,68975761,68975796,+
chr3,68980906,68980920,+
chr3,68980949,68980965,+
chr3,69020573,69020599,+
chr3,69159962,69159978,+
chr3,75557805,75557839,+
chr3,75579028,75579043,+
chr3,75682733,75682748,+
chr3,75682973,75682995,+
chr3,75690252,75690268,+
chr3,75713788,75713803,+
chr3,75714037,75714051,+
chr3,75714305,75714324,+
chr3,75730951,75730970,+
chr3,78959156,78959172,+
chr3,78959179,78959195,+
chr3,78964681,78964705,+
chr3,79018165,79018184,+
chr3,79039706,79039725,+
chr3,79138935,79138949,+
chr3,79138968,79139030,+
chr3,79176953,79176967,+
chr3,79177222,79177236,+
chr3,79177595,79177614,+
chr3,79177836,79177856,+
chr3,79178286,79178302,+
chr3,79227311,79227325,+
chr3,79239379,79239409,+
chr3,79248887,79248915,+
chr3,79252572,79252592,+
chr3,79252635,79252654,+
chr3,79252778,79252811,+
chr3,79253082,79253103,+
chr3,79253506,79253525,+
chr3,79535846,79535868,+
chr3,79842072,79842096,+
chr3,81424498,81424512,+
chr3,81424556,81424605,+
chr3,81424633,81424652,+
chr3,81424663,81424679,+
chr3,81925914,81925930,+
chr3,81932533,81932553,+
chr3,83055172,83055196,+
chr3,84042515,84042537,+
chr3,84065626,84065646,+
chr3,84066157,84066173,+
chr3,84066327,84066342,+
chr3,84130636,84130657,+
chr3,84130668,84130687,+
chr3,84228537,84228666,+
chr3,84339793,84339855,+
chr3,84339976,84339996,+
chr3,84581765,84581787,+
chr3,84679032,84679047,+
chr3,84680586,84680606,+
chr3,84681903,84681919,+
chr3,84715060,84715084,+
chr3,84777486,84777500,+
chr3,84777519,84777554,+
chr3,84777750,84777766,+
chr3,84777819,84777850,+
chr3,84813643,84813659,+
chr3,85127597,85127612,+
chr3,85195041,85195060,+
chr3,85195099,85195118,+
chr3,85195474,85195493,+
chr3,85195592,85195608,+
chr3,86104170,86104186,+
chr3,86144200,86144227,+
chr3,86144229,86144248,+
chr3,86563563,86563582,+
chr3,86998908,86998927,+
chr3,86999463,86999510,+
chr3,86999558,86999577,+
chr3,86999716,86999737,+
chr3,87528887,87528906,+
chr3,87529251,87529265,+
chr3,87743086,87743102,+
chr3,87906387,87906403,+
chr3,88137905,88137938,+
chr3,88138084,88138109,+
chr3,88139233,88139253,+
chr3,88296487,88296513,+
chr3,88410471,88410493,+
chr3,88453907,88453932,+
chr3,88509300,88509323,+
chr3,88510677,88510699,+
chr3,88510771,88510809,+
chr3,88531152,88531167,+
chr3,88554427,88554446,+
chr3,88579559,88579574,+
chr3,88593805,88593834,+
chr3,88638862,88638897,+
chr3,88638898,88638916,+
chr3,88638947,88639011,+
chr3,88640718,88640732,+
chr3,88685349,88685384,+
chr3,88939944,88939963,+
chr3,88940037,88940052,+
chr3,88940080,88940094,+
chr3,89101981,89101997,+
chr3,89187849,89187863,+
chr3,89188466,89188482,+
chr3,89193373,89193432,+
chr3,89436833,89436852,+
chr3,89714681,89714695,+
chr3,89863617,89863636,+
chr3,89864256,89864281,+
chr3,89869155,89869170,+
chr3,89869415,89869438,+
chr3,89869503,89869540,+
chr3,89869934,89869971,+
chr3,89870277,89870297,+
chr3,89871393,89871420,+
chr3,89871900,89871934,+
chr3,89872108,89872124,+
chr3,89876704,89876720,+
chr3,89880508,89880522,+
chr3,89905134,89905148,+
chr3,89906858,89906874,+
chr3,89906988,89907012,+
chr3,89911473,89911492,+
chr3,90245363,90245403,+
chr3,90245458,90245473,+
chr3,90292588,90292604,+
chr3,90358107,90358158,+
chr3,90359058,90359077,+
chr3,90398296,90398328,+
chr3,90434029,90434043,+
chr3,90472389,90472408,+
chr3,90472518,90472534,+
chr3,90587598,90587629,+
chr3,90605351,90605383,+
chr3,90612613,90612628,+
chr3,90617381,90617471,+
chr3,90623497,90623516,+
chr3,93505752,93505773,+
chr3,93547670,93547700,+
chr3,93547716,93547749,+
chr3,93548626,93548641,+
chr3,93549123,93549137,+
chr3,93549869,93549891,+
chr3,93554274,93554288,+
chr3,94388157,94388182,+
chr3,94443072,94443092,+
chr3,94852229,94852261,+
chr3,94852436,94852462,+
chr3,94852571,94852590,+
chr3,94915988,94916007,+
chr3,94916129,94916155,+
chr3,94954115,94954137,+
chr3,95018983,95019022,+
chr3,95028454,95028480,+
chr3,95028720,95028736,+
chr3,95028942,95028958,+
chr3,95028972,95028992,+
chr3,95043301,95043335,+
chr3,95106738,95106757,+
chr3,95110829,95110849,+
chr3,95111635,95111649,+
chr3,95133787,95133811,+
chr3,95142486,95142505,+
chr3,95230578,95230604,+
chr3,95281147,95281170,+
chr3,95283249,95283271,+
chr3,95311366,95311396,+
chr3,95357535,95357574,+
chr3,95512168,95512188,+
chr3,95524224,95524238,+
chr3,95658331,95658362,+
chr3,95668587,95668604,+
chr3,95668968,95668984,+
chr3,95669076,95669123,+
chr3,95669749,95669768,+
chr3,95669960,95669997,+
chr3,95670135,95670151,+
chr3,95671897,95671911,+
chr3,95672213,95672248,+
chr3,95674752,95674788,+
chr3,95707361,95707375,+
chr3,95722710,95722726,+
chr3,95758324,95758338,+
chr3,95758391,95758437,+
chr3,95794577,95794593,+
chr3,95928954,95928995,+
chr3,95972275,95972315,+
chr3,95972534,95972603,+
chr3,95987279,95987294,+
chr3,95994289,95994317,+
chr3,95995237,95995269,+
chr3,96003030,96003103,+
chr3,96032394,96032455,+
chr3,96032890,96032912,+
chr3,96081013,96081083,+
chr3,96081086,96081122,+
chr3,96081123,96081146,+
chr3,96102312,96102328,+
chr3,96102749,96102765,+
chr3,96102930,96102998,+
chr3,96414965,96415000,+
chr3,96555150,96555170,+
chr3,96557605,96557634,+
chr3,96558794,96558808,+
chr3,96560493,96560522,+
chr3,96563413,96563442,+
chr3,96563455,96563486,+
chr3,96563682,96563751,+
chr3,96565923,96565937,+
chr3,96567308,96567324,+
chr3,96576292,96576318,+
chr3,96577075,96577094,+
chr3,96579668,96579706,+
chr3,96579711,96579726,+
chr3,96629704,96629733,+
chr3,96813050,96813087,+
chr3,96813105,96813121,+
chr3,96815087,96815124,+
chr3,97158519,97158540,+
chr3,97279940,97279982,+
chr3,97297804,97297823,+
chr3,97324543,97324601,+
chr3,97628571,97628585,+
chr3,97628592,97628608,+
chr3,97628681,97628695,+
chr3,97681112,97681136,+
chr3,97932008,97932027,+
chr3,98348237,98348256,+
chr3,98348778,98348792,+
chr3,100482591,100482605,+
chr3,100482989,100483013,+
chr3,100558593,100558615,+
chr3,100558675,100558689,+
chr3,100558873,100558888,+
chr3,100561805,100561819,+
chr3,100562058,100562077,+
chr3,100568837,100568853,+
chr3,100684938,100684971,+
chr3,100692529,100692545,+
chr3,100692548,100692562,+
chr3,100817326,100817345,+
chr3,101029222,101029236,+
chr3,101029951,101029965,+
chr3,101058379,101058401,+
chr3,101058467,101058526,+
chr3,101059382,101059402,+
chr3,101236447,101236464,+
chr3,101266307,101266322,+
chr3,101290867,101290882,+
chr3,101291123,101291137,+
chr3,101291585,101291618,+
chr3,101295486,101295524,+
chr3,101296825,101296839,+
chr3,101570943,101570965,+
chr3,101603809,101603823,+
chr3,101674203,101674222,+
chr3,101746381,101746401,+
chr3,101800281,101800295,+
chr3,101801044,101801074,+
chr3,102715245,102715261,+
chr3,102724017,102724036,+
chr3,102724139,102724155,+
chr3,102724185,102724213,+
chr3,102724670,102724686,+
chr3,102724896,102724932,+
chr3,102738651,102738677,+
chr3,102756011,102756044,+
chr3,102995528,102995542,+
chr3,103059580,103059594,+
chr3,103059683,103059702,+
chr3,103059745,103059759,+
chr3,103090405,103090424,+
chr3,103169947,103169966,+
chr3,103206559,103206594,+
chr3,103278876,103278895,+
chr3,103347868,103347887,+
chr3,103378650,103378665,+
chr3,103384138,103384157,+
chr3,103384868,103384888,+
chr3,103387623,103387653,+
chr3,103387670,103387699,+
chr3,103387707,103387752,+
chr3,103405131,103405145,+
chr3,103405622,103405641,+
chr3,103405740,103405756,+
chr3,103466446,103466475,+
chr3,103494076,103494090,+
chr3,103494352,103494366,+
chr3,103778527,103778546,+
chr3,103780919,103780947,+
chr3,103782137,103782184,+
chr3,103789783,103789835,+
chr3,103789858,103789872,+
chr3,103802656,103802695,+
chr3,103857438,103857483,+
chr3,103858332,103858353,+
chr3,103859830,103859844,+
chr3,103863135,103863179,+
chr3,103867332,103867350,+
chr3,103868224,103868238,+
chr3,103868439,103868466,+
chr3,103868519,103868535,+
chr3,103887710,103887734,+
chr3,103913729,103913744,+
chr3,104219423,104219449,+
chr3,104466386,104466400,+
chr3,104466410,104466429,+
chr3,104466437,104466457,+
chr3,104636558,104636584,+
chr3,104636629,104636644,+
chr3,104856463,104856482,+
chr3,105763804,105763838,+
chr3,105800200,105800221,+
chr3,105801542,105801556,+
chr3,105801682,105801697,+
chr3,105802098,105802112,+
chr3,105815816,105815832,+
chr3,105891761,105891787,+
chr3,105891846,105891884,+
chr3,105959382,105959398,+
chr3,106000998,106001012,+
chr3,106002149,106002163,+
chr3,106032736,106032755,+
chr3,106032983,106032997,+
chr3,106033112,106033128,+
chr3,106339247,106339262,+
chr3,106339384,106339450,+
chr3,106449109,106449128,+
chr3,106449460,106449480,+
chr3,106464789,106464813,+
chr3,106465169,106465188,+
chr3,106545056,106545070,+
chr3,106721348,106721362,+
chr3,106785713,106785733,+
chr3,106785774,106785788,+
chr3,106785901,106785919,+
chr3,106788569,106788588,+
chr3,106788827,106788846,+
chr3,106789554,106789568,+
chr3,106789803,106789817,+
chr3,106790336,106790351,+
chr3,106790547,106790561,+
chr3,106832591,106832615,+
chr3,106940184,106940199,+
chr3,106966211,106966239,+
chr3,107039257,107039280,+
chr3,107039355,107039388,+
chr3,107042773,107042789,+
chr3,107081387,107081403,+
chr3,107090022,107090041,+
chr3,107090759,107090778,+
chr3,107099253,107099272,+
chr3,107099555,107099571,+
chr3,107101211,107101226,+
chr3,107206263,107206282,+
chr3,107760339,107760359,+
chr3,108140786,108140801,+
chr3,108146462,108146486,+
chr3,108147936,108147955,+
chr3,108458770,108458796,+
chr3,108554129,108554157,+
chr3,108562737,108562756,+
chr3,108563168,108563189,+
chr3,108653240,108653254,+
chr3,108795923,108795948,+
chr3,108796222,108796249,+
chr3,108796593,108796612,+
chr3,108840750,108840766,+
chr3,108895518,108895534,+
chr3,108910938,108910981,+
chr3,109027820,109027839,+
chr3,109174401,109174459,+
chr3,109371770,109371784,+
chr3,109454772,109454786,+
chr3,113629556,113629583,+
chr3,115673365,115673380,+
chr3,115673487,115673502,+
chr3,115674655,115674674,+
chr3,115675418,115675438,+
chr3,115675947,115675967,+
chr3,115681465,115681484,+
chr3,115682044,115682104,+
chr3,115690189,115690205,+
chr3,115692329,115692343,+
chr3,115692534,115692553,+
chr3,115703777,115703801,+
chr3,115704063,115704089,+
chr3,115704405,115704420,+
chr3,115704549,115704568,+
chr3,115704678,115704694,+
chr3,115713266,115713299,+
chr3,115714393,115714424,+
chr3,115715056,115715080,+
chr3,115734930,115734945,+
chr3,115758718,115758732,+
chr3,115794096,115794139,+
chr3,115799936,115799962,+
chr3,115800288,115800343,+
chr3,115800547,115800563,+
chr3,115800619,115800635,+
chr3,115800651,115800667,+
chr3,115800880,115800894,+
chr3,115801534,115801580,+
chr3,115801638,115801657,+
chr3,115801868,115801888,+
chr3,115803749,115803768,+
chr3,115804385,115804404,+
chr3,115805146,115805167,+
chr3,115815087,115815103,+
chr3,115933504,115933523,+
chr3,115937562,115937576,+
chr3,115971583,115971598,+
chr3,115975895,115975968,+
chr3,115976195,115976219,+
chr3,116006570,116006597,+
chr3,116374831,116374855,+
chr3,116425264,116425278,+
chr3,116436467,116436498,+
chr3,116440426,116440440,+
chr3,116661690,116661709,+
chr3,116747626,116747728,+
chr3,116747880,116747896,+
chr3,116844471,116844536,+
chr3,116856049,116856071,+
chr3,119782405,119782419,+
chr3,121171971,121172014,+
chr3,121294329,121294345,+
chr3,121307325,121307339,+
chr3,121494660,121494718,+
chr3,122202289,122202303,+
chr3,122245152,122245168,+
chr3,122245207,122245255,+
chr3,122287215,122287229,+
chr3,122629777,122629801,+
chr3,123174371,123174396,+
chr3,123176292,123176306,+
chr3,123176327,123176341,+
chr3,123176633,123176647,+
chr3,123386429,123386461,+
chr3,123386548,123386594,+
chr3,123386626,123386646,+
chr3,123386680,123386734,+
chr3,123386749,123386787,+
chr3,123386802,123386856,+
chr3,123386888,123386908,+
chr3,123444791,123444805,+
chr3,126589733,126589753,+
chr3,126682325,126682389,+
chr3,126693255,126693269,+
chr3,126834957,126834976,+
chr3,127641875,127641950,+
chr3,127824463,127824485,+
chr3,127845223,127845239,+
chr3,127845244,127845275,+
chr3,127845365,127845412,+
chr3,127845488,127845514,+
chr3,127845561,127845604,+
chr3,127861820,127861847,+
chr3,127862868,127862882,+
chr3,127867530,127867676,+
chr3,127874977,127874993,+
chr3,127888680,127888704,+
chr3,127924882,127924905,+
chr3,128115176,128115270,+
chr3,128115273,128115307,+
chr3,128122621,128122635,+
chr3,128126402,128126536,+
chr3,128133380,128133396,+
chr3,128133704,128133737,+
chr3,128133864,128133907,+
chr3,128133909,128133962,+
chr3,129308411,129308425,+
chr3,129490723,129490745,+
chr3,129490885,129490979,+
chr3,129493389,129493409,+
chr3,129562304,129562320,+
chr3,129602418,129602434,+
chr3,129724870,129724892,+
chr3,129724901,129724920,+
chr3,130060109,130060131,+
chr3,130691923,130691947,+
chr3,130709038,130709057,+
chr3,130709926,130709953,+
chr3,130730284,130730303,+
chr3,130796617,130796636,+
chr3,130818996,130819011,+
chr3,130881344,130881372,+
chr3,130881572,130881588,+
chr3,130881622,130881659,+
chr3,130888877,130888897,+
chr3,130900357,130900376,+
chr3,130901757,130901777,+
chr3,130932160,130932179,+
chr3,130945341,130945392,+
chr3,130945699,130945739,+
chr3,131014134,131014156,+
chr3,131014321,131014344,+
chr3,131014520,131014537,+
chr3,131023853,131023877,+
chr3,131024162,131024201,+
chr3,131064560,131064575,+
chr3,131107491,131107513,+
chr3,131107568,131107592,+
chr3,131110975,131111014,+
chr3,131113735,131113751,+
chr3,131114377,131114401,+
chr3,131114409,131114433,+
chr3,131115177,131115191,+
chr3,131118508,131118524,+
chr3,131124528,131124547,+
chr3,131134222,131134237,+
chr3,131135476,131135500,+
chr3,131137757,131137776,+
chr3,131138441,131138478,+
chr3,131139560,131139579,+
chr3,131139679,131139693,+
chr3,131154190,131154219,+
chr3,131154502,131154525,+
chr3,131154629,131154653,+
chr3,131154773,131154793,+
chr3,131158522,131158542,+
chr3,131158646,131158660,+
chr3,131158742,131158764,+
chr3,131159756,131159772,+
chr3,131160243,131160298,+
chr3,131160580,131160599,+
chr3,131160774,131160789,+
chr3,131161555,131161578,+
chr3,131171554,131171568,+
chr3,131173210,131173234,+
chr3,131199554,131199580,+
chr3,131199652,131199670,+
chr3,131199948,131199962,+
chr3,131208188,131208203,+
chr3,131237515,131237555,+
chr3,131237578,131237593,+
chr3,131237685,131237713,+
chr3,131237793,131237863,+
chr3,131272681,131272747,+
chr3,131334041,131334055,+
chr3,131334070,131334084,+
chr3,133332402,133332418,+
chr3,133389612,133389628,+
chr3,133614473,133614501,+
chr3,135212194,135212213,+
chr3,135212292,135212306,+
chr3,135516580,135516615,+
chr3,135516731,135516746,+
chr3,135516768,135516783,+
chr3,135662872,135662896,+
chr3,135665739,135665768,+
chr3,135718637,135718661,+
chr3,135731208,135731271,+
chr3,135886992,135887007,+
chr3,135887341,135887390,+
chr3,135887459,135887478,+
chr3,135887600,135887614,+
chr3,136101024,136101040,+
chr3,136101276,136101290,+
chr3,136612106,136612120,+
chr3,136670571,136670591,+
chr3,136708336,136708353,+
chr3,137610895,137610919,+
chr3,137611441,137611463,+
chr3,137611513,137611539,+
chr3,137969243,137969257,+
chr3,137981708,137981727,+
chr3,138144318,138144352,+
chr3,138144839,138144863,+
chr3,138489890,138489912,+
chr3,138526791,138526816,+
chr3,138527088,138527103,+
chr3,138757596,138757611,+
chr3,138757628,138757643,+
chr3,139042328,139042342,+
chr3,139205350,139205369,+
chr3,139206069,139206083,+
chr3,139245351,139245381,+
chr3,141778897,141778911,+
chr3,142281323,142281345,+
chr3,142356698,142356712,+
chr3,142493509,142493528,+
chr3,142493903,142493919,+
chr3,142534147,142534210,+
chr3,142546813,142546827,+
chr3,142619916,142619970,+
chr3,142620085,142620117,+
chr3,142620382,142620396,+
chr3,142880658,142880683,+
chr3,143646977,143646991,+
chr3,144204724,144204743,+
chr3,144413121,144413145,+
chr3,144591392,144591415,+
chr3,144591420,144591439,+
chr3,144719053,144719075,+
chr3,144720816,144720835,+
chr3,145916797,145916818,+
chr3,145917052,145917076,+
chr3,145923948,145923968,+
chr3,145937857,145937880,+
chr3,146152589,146152612,+
chr3,146177956,146177970,+
chr3,146192789,146192814,+
chr3,146520497,146520519,+
chr3,146520573,146520587,+
chr3,146521752,146521771,+
chr3,146682203,146682222,+
chr3,146764687,146764701,+
chr3,146764712,146764752,+
chr3,146776744,146776790,+
chr3,146781118,146781143,+
chr3,146781779,146781794,+
chr3,146781816,146781830,+
chr3,148399039,148399094,+
chr3,148510622,148510648,+
chr3,148793383,148793399,+
chr3,148851254,148851273,+
chr3,148852390,148852435,+
chr3,148852983,148852999,+
chr3,148867691,148867710,+
chr3,148867752,148867771,+
chr3,149326591,149326659,+
chr3,152193695,152193714,+
chr3,152713863,152713879,+
chr3,152713956,152714018,+
chr3,152714032,152714051,+
chr3,152928350,152928376,+
chr3,152928385,152928404,+
chr3,152929059,152929075,+
chr3,152929352,152929376,+
chr3,152929725,152929749,+
chr3,152943111,152943125,+
chr3,152950338,152950357,+
chr3,152962013,152962035,+
chr3,153240826,153240846,+
chr3,153241132,153241146,+
chr3,153764776,153764823,+
chr3,153764922,153764954,+
chr3,153895234,153895253,+
chr3,153895390,153895449,+
chr3,155093019,155093033,+
chr3,157514912,157515015,+
chr3,157533964,157533981,+
chr3,159495141,159495165,+
chr3,5576846,5576865,-
chr3,8667963,8668003,-
chr3,8693913,8694112,-
chr3,8694116,8694148,-
chr3,8718651,8718670,-
chr3,9330863,9330901,-
chr3,9330924,9330980,-
chr3,9368790,9368806,-
chr3,9401399,9401428,-
chr3,9520798,9520813,-
chr3,9826405,9826434,-
chr3,9826501,9826515,-
chr3,9826992,9827008,-
chr3,9828922,9828936,-
chr3,9853515,9853534,-
chr3,9885216,9885232,-
chr3,9890014,9890073,-
chr3,9896311,9896326,-
chr3,9917123,9917142,-
chr3,10331580,10331617,-
chr3,14912208,14912227,-
chr3,14915337,14915364,-
chr3,14915465,14915484,-
chr3,14915871,14915885,-
chr3,16183945,16183966,-
chr3,16183975,16184000,-
chr3,16184019,16184033,-
chr3,19163427,19163449,-
chr3,19163478,19163494,-
chr3,19189840,19189863,-
chr3,19216289,19216311,-
chr3,19216533,19216557,-
chr3,19310287,19310302,-
chr3,19410867,19410881,-
chr3,19410993,19411012,-
chr3,19411023,19411038,-
chr3,19430086,19430100,-
chr3,19430414,19430430,-
chr3,19628876,19628895,-
chr3,19629077,19629091,-
chr3,19629094,19629115,-
chr3,19894551,19894565,-
chr3,20034707,20034726,-
chr3,20067589,20067609,-
chr3,20101095,20101114,-
chr3,20101795,20101857,-
chr3,20102032,20102049,-
chr3,20104259,20104273,-
chr3,20104684,20104739,-
chr3,20104764,20104783,-
chr3,20104796,20104810,-
chr3,20198580,20198596,-
chr3,20199374,20199393,-
chr3,20199542,20199558,-
chr3,20222033,20222081,-
chr3,20222857,20222881,-
chr3,20223727,20223768,-
chr3,21572491,21572578,-
chr3,21597375,21597440,-
chr3,21597495,21597509,-
chr3,21829404,21829466,-
chr3,21911472,21911491,-
chr3,21911495,21911519,-
chr3,21937624,21937652,-
chr3,21937672,21937686,-
chr3,21951367,21951401,-
chr3,21961619,21961646,-
chr3,21961653,21961683,-
chr3,21961688,21961707,-
chr3,21961972,21961994,-
chr3,21962644,21962663,-
chr3,21987446,21987471,-
chr3,21991301,21991324,-
chr3,22041018,22041032,-
chr3,22098212,22098255,-
chr3,22115189,22115211,-
chr3,22115229,22115254,-
chr3,22115712,22115726,-
chr3,22151277,22151292,-
chr3,22151478,22151497,-
chr3,22153321,22153336,-
chr3,27182518,27182552,-
chr3,27182682,27182712,-
chr3,27194133,27194152,-
chr3,27637644,27637708,-
chr3,28264626,28264640,-
chr3,28554905,28554921,-
chr3,28586956,28587011,-
chr3,30601154,30601168,-
chr3,30601572,30601586,-
chr3,30602072,30602091,-
chr3,30603132,30603148,-
chr3,30603241,30603290,-
chr3,31061519,31061538,-
chr3,31061554,31061578,-
chr3,31061840,31061859,-
chr3,31082846,31082889,-
chr3,32345114,32345182,-
chr3,32398378,32398415,-
chr3,32509975,32509999,-
chr3,33956955,33956969,-
chr3,35239753,35239819,-
chr3,35318386,35318412,-
chr3,35318789,35318805,-
chr3,35722378,35722412,-
chr3,35722831,35722855,-
chr3,35732178,35732223,-
chr3,35748860,35748874,-
chr3,35753621,35753640,-
chr3,35756930,35756971,-
chr3,36000800,36000822,-
chr3,36572412,36572431,-
chr3,36572443,36572467,-
chr3,37116466,37116504,-
chr3,37420028,37420053,-
chr3,37463120,37463140,-
chr3,37463159,37463202,-
chr3,37463231,37463319,-
chr3,37463353,37463369,-
chr3,37483700,37483714,-
chr3,37483735,37483759,-
chr3,37484138,37484162,-
chr3,37634736,37634765,-
chr3,37639599,37639641,-
chr3,37654776,37654792,-
chr3,37724559,37724573,-
chr3,37758655,37758670,-
chr3,38280472,38280486,-
chr3,38283013,38283037,-
chr3,40746185,40746217,-
chr3,40951538,40951552,-
chr3,40951653,40951689,-
chr3,41082960,41082974,-
chr3,41565346,41565362,-
chr3,41628070,41628084,-
chr3,41628463,41628497,-
chr3,41742706,41742735,-
chr3,50887091,50887107,-
chr3,50887177,50887191,-
chr3,50938680,50938716,-
chr3,50973748,50973829,-
chr3,51131663,51131678,-
chr3,51224294,51224323,-
chr3,51275737,51275751,-
chr3,51339915,51339936,-
chr3,51353626,51353646,-
chr3,51358433,51358452,-
chr3,51417014,51417030,-
chr3,51561933,51561952,-
chr3,51562032,51562066,-
chr3,51604192,51604231,-
chr3,51636646,51636690,-
chr3,51654600,51654616,-
chr3,51654998,51655044,-
chr3,51655255,51655279,-
chr3,51660868,51660888,-
chr3,51661738,51661768,-
chr3,52000703,52000717,-
chr3,52000718,52000734,-
chr3,52198172,52198191,-
chr3,52198765,52198781,-
chr3,52262634,52262662,-
chr3,52262811,52262830,-
chr3,52267249,52267264,-
chr3,52272589,52272608,-
chr3,52272787,52272834,-
chr3,52272836,52272852,-
chr3,52280783,52280807,-
chr3,52281020,52281057,-
chr3,52331701,52331720,-
chr3,52332108,52332161,-
chr3,52332175,52332191,-
chr3,52332567,52332583,-
chr3,52333671,52333695,-
chr3,52340304,52340318,-
chr3,52344318,52344340,-
chr3,52396852,52396870,-
chr3,52411206,52411245,-
chr3,52411271,52411288,-
chr3,52411426,52411449,-
chr3,52458729,52458743,-
chr3,52459216,52459245,-
chr3,52555108,52555124,-
chr3,52569008,52569032,-
chr3,52572534,52572563,-
chr3,52618036,52618058,-
chr3,52618172,52618196,-
chr3,52634242,52634256,-
chr3,52634874,52634898,-
chr3,52645341,52645355,-
chr3,52645872,52645892,-
chr3,52645902,52646002,-
chr3,52648492,52648514,-
chr3,52670872,52670888,-
chr3,52670957,52670985,-
chr3,52679840,52679869,-
chr3,52697317,52697356,-
chr3,52798010,52798026,-
chr3,52830105,52830133,-
chr3,52830258,52830275,-
chr3,52837532,52837551,-
chr3,52837662,52837681,-
chr3,52837875,52837897,-
chr3,52840052,52840071,-
chr3,52882074,52882089,-
chr3,52896110,52896156,-
chr3,53462718,53462747,-
chr3,53464120,53464154,-
chr3,54377057,54377122,-
chr3,54378419,54378444,-
chr3,54399979,54399995,-
chr3,54592787,54592801,-
chr3,54723698,54723737,-
chr3,54724264,54724290,-
chr3,54724357,54724381,-
chr3,54724504,54724528,-
chr3,54767892,54767969,-
chr3,55111882,55111922,-
chr3,55743841,55743857,-
chr3,57844006,57844020,-
chr3,57844030,57844044,-
chr3,57844058,57844072,-
chr3,58414868,58414906,-
chr3,58490965,58490984,-
chr3,58491033,58491061,-
chr3,58526208,58526228,-
chr3,58552951,58552967,-
chr3,58581282,58581301,-
chr3,58582108,58582124,-
chr3,58622731,58622781,-
chr3,59102027,59102041,-
chr3,59120634,59120656,-
chr3,59229292,59229316,-
chr3,59229750,59229774,-
chr3,59235221,59235279,-
chr3,59260616,59260630,-
chr3,59260710,59260729,-
chr3,59676176,59676190,-
chr3,59676361,59676375,-
chr3,59676400,59676415,-
chr3,59697447,59697469,-
chr3,59697511,59697525,-
chr3,59697539,59697618,-
chr3,59697683,59697698,-
chr3,59703002,59703018,-
chr3,59703402,59703433,-
chr3,60169913,60169929,-
chr3,60200303,60200317,-
chr3,60200398,60200492,-
chr3,60414083,60414134,-
chr3,60419042,60419063,-
chr3,60419216,60419230,-
chr3,60419235,60419249,-
chr3,60472310,60472349,-
chr3,60472384,60472403,-
chr3,60472766,60472793,-
chr3,60473556,60473581,-
chr3,60474235,60474251,-
chr3,60474862,60474893,-
chr3,60476802,60476823,-
chr3,60476832,60476847,-
chr3,60481028,60481042,-
chr3,60481679,60481701,-
chr3,60482063,60482082,-
chr3,60486840,60486862,-
chr3,60498802,60498816,-
chr3,60502678,60502693,-
chr3,60502988,60503004,-
chr3,60503299,60503315,-
chr3,60503606,60503620,-
chr3,60503736,60503809,-
chr3,60503882,60503896,-
chr3,60515891,60515911,-
chr3,60516146,60516165,-
chr3,60516815,60516884,-
chr3,60516898,60516944,-
chr3,60517072,60517114,-
chr3,60517124,60517147,-
chr3,60519371,60519385,-
chr3,60526715,60526786,-
chr3,60528816,60528835,-
chr3,60537310,60537329,-
chr3,60537384,60537404,-
chr3,60575815,60575829,-
chr3,60576073,60576089,-
chr3,60611926,60611945,-
chr3,60785569,60785583,-
chr3,60821276,60821295,-
chr3,60821410,60821430,-
chr3,60821576,60821602,-
chr3,60821644,60821663,-
chr3,61407157,61407171,-
chr3,61409153,61409178,-
chr3,63964921,63964937,-
chr3,65529478,65529495,-
chr3,65650557,65650576,-
chr3,65658757,65658776,-
chr3,65658982,65658997,-
chr3,65961969,65961985,-
chr3,65975302,65975324,-
chr3,66982843,66982857,-
chr3,67429890,67429905,-
chr3,67429911,67429942,-
chr3,68677378,68677404,-
chr3,68677523,68677541,-
chr3,68704126,68704142,-
chr3,68704201,68704218,-
chr3,68704405,68704425,-
chr3,68758521,68758537,-
chr3,68784041,68784074,-
chr3,68830304,68830322,-
chr3,68967259,68967273,-
chr3,68967511,68967530,-
chr3,68973599,68973613,-
chr3,68974997,68975011,-
chr3,69004678,69004715,-
chr3,69126234,69126268,-
chr3,69159479,69159498,-
chr3,69159732,69159758,-
chr3,69171461,69171485,-
chr3,69176202,69176222,-
chr3,69177280,69177300,-
chr3,69177682,69177701,-
chr3,69206056,69206072,-
chr3,75499050,75499066,-
chr3,75499540,75499556,-
chr3,75578802,75578816,-
chr3,75578872,75578932,-
chr3,75579086,75579100,-
chr3,75579109,75579144,-
chr3,75579417,75579432,-
chr3,75666989,75667004,-
chr3,75682940,75682970,-
chr3,75690294,75690329,-
chr3,75690346,75690366,-
chr3,75690599,75690615,-
chr3,75713669,75713695,-
chr3,75714173,75714187,-
chr3,75930064,75930088,-
chr3,75930288,75930307,-
chr3,75930402,75930416,-
chr3,76268601,76268615,-
chr3,78919849,78919863,-
chr3,78965067,78965091,-
chr3,79018077,79018097,-
chr3,79018302,79018388,-
chr3,79179086,79179110,-
chr3,79194171,79194187,-
chr3,79239575,79239591,-
chr3,79591143,79591158,-
chr3,79842098,79842134,-
chr3,79842188,79842208,-
chr3,79842689,79842708,-
chr3,81424426,81424450,-
chr3,81424465,81424479,-
chr3,82191677,82191697,-
chr3,83745832,83745910,-
chr3,83791702,83791725,-
chr3,84035909,84035923,-
chr3,84037180,84037223,-
chr3,84040129,84040145,-
chr3,84040933,84040969,-
chr3,84041057,84041073,-
chr3,84042573,84042589,-
chr3,84065924,84065948,-
chr3,84066680,84066694,-
chr3,84125936,84125952,-
chr3,84130691,84130747,-
chr3,84130838,84130856,-
chr3,84228894,84228966,-
chr3,84259959,84259973,-
chr3,84337990,84338004,-
chr3,84622118,84622134,-
chr3,84667639,84667667,-
chr3,84680398,84680414,-
chr3,84682206,84682221,-
chr3,84715009,84715025,-
chr3,84749256,84749272,-
chr3,84770477,84770491,-
chr3,84770633,84770647,-
chr3,84770662,84770694,-
chr3,84770750,84770775,-
chr3,85126724,85126740,-
chr3,85126761,85126797,-
chr3,86103993,86104013,-
chr3,86143320,86143334,-
chr3,86144014,86144028,-
chr3,86461736,86461759,-
chr3,86461878,86461897,-
chr3,86986416,86986457,-
chr3,86986959,86986983,-
chr3,86999918,86999952,-
chr3,87529627,87529646,-
chr3,87529999,87530052,-
chr3,87743061,87743082,-
chr3,87744106,87744126,-
chr3,87764980,87764999,-
chr3,87885776,87885807,-
chr3,87919583,87919612,-
chr3,88140590,88140613,-
chr3,88141539,88141558,-
chr3,88508950,88508986,-
chr3,88510936,88510958,-
chr3,88511222,88511256,-
chr3,88554585,88554606,-
chr3,88592119,88592133,-
chr3,88593623,88593652,-
chr3,88623004,88623024,-
chr3,88638606,88638625,-
chr3,88940011,88940035,-
chr3,89177375,89177390,-
chr3,89189536,89189565,-
chr3,89193656,89193694,-
chr3,89196912,89196927,-
chr3,89214740,89214754,-
chr3,89282268,89282287,-
chr3,89411905,89411919,-
chr3,89437341,89437360,-
chr3,89437805,89437831,-
chr3,89714438,89714458,-
chr3,89801416,89801443,-
chr3,89859395,89859411,-
chr3,89859939,89859955,-
chr3,89860395,89860410,-
chr3,89860421,89860456,-
chr3,89864568,89864625,-
chr3,89869994,89870074,-
chr3,89870077,89870146,-
chr3,89871500,89871519,-
chr3,89878045,89878061,-
chr3,89905293,89905364,-
chr3,89906252,89906271,-
chr3,89909172,89909216,-
chr3,89909435,89909477,-
chr3,89963956,89963993,-
chr3,89970662,89970717,-
chr3,89998988,89999007,-
chr3,89999119,89999135,-
chr3,90213981,90213996,-
chr3,90245517,90245562,-
chr3,90292528,90292551,-
chr3,90358347,90358362,-
chr3,90358375,90358394,-
chr3,90359295,90359337,-
chr3,90359597,90359616,-
chr3,90398322,90398340,-
chr3,90509759,90509778,-
chr3,93505816,93505835,-
chr3,93515032,93515065,-
chr3,93520575,93520589,-
chr3,93548147,93548161,-
chr3,93548533,93548553,-
chr3,93548686,93548717,-
chr3,94382936,94382994,-
chr3,94443899,94443925,-
chr3,94582859,94582885,-
chr3,94583036,94583052,-
chr3,94811555,94811616,-
chr3,94811734,94811760,-
chr3,94837255,94837279,-
chr3,95016608,95016632,-
chr3,95016704,95016731,-
chr3,95028525,95028539,-
chr3,95042824,95042873,-
chr3,95043560,95043578,-
chr3,95134132,95134167,-
chr3,95135422,95135437,-
chr3,95136640,95136660,-
chr3,95141076,95141106,-
chr3,95141775,95141794,-
chr3,95230333,95230347,-
chr3,95230618,95230653,-
chr3,95230713,95230728,-
chr3,95315698,95315716,-
chr3,95357454,95357474,-
chr3,95357576,95357591,-
chr3,95434891,95434910,-
chr3,95526305,95526321,-
chr3,95526937,95526956,-
chr3,95662601,95662621,-
chr3,95665386,95665418,-
chr3,95666469,95666483,-
chr3,95667786,95667800,-
chr3,95668335,95668351,-
chr3,95668435,95668469,-
chr3,95668803,95668819,-
chr3,95669273,95669310,-
chr3,95672686,95672711,-
chr3,95722681,95722701,-
chr3,95755159,95755173,-
chr3,95794415,95794437,-
chr3,95819250,95819312,-
chr3,95820028,95820051,-
chr3,95883083,95883099,-
chr3,95893618,95893634,-
chr3,95929774,95929788,-
chr3,95951506,95951543,-
chr3,95972951,95972970,-
chr3,95994954,95994983,-
chr3,95995093,95995112,-
chr3,96032172,96032191,-
chr3,96040390,96040406,-
chr3,96040678,96040698,-
chr3,96547444,96547458,-
chr3,96547486,96547500,-
chr3,96556377,96556391,-
chr3,96556983,96557021,-
chr3,96558115,96558129,-
chr3,96559215,96559246,-
chr3,96559564,96559583,-
chr3,96560117,96560136,-
chr3,96560968,96560988,-
chr3,96561722,96561763,-
chr3,96562351,96562373,-
chr3,96562612,96562634,-
chr3,96565066,96565086,-
chr3,96566076,96566091,-
chr3,96566106,96566126,-
chr3,96567088,96567104,-
chr3,96567161,96567175,-
chr3,96567572,96567592,-
chr3,96572301,96572317,-
chr3,96729461,96729489,-
chr3,96814339,96814358,-
chr3,96882054,96882081,-
chr3,96936520,96936589,-
chr3,97129340,97129359,-
chr3,97280429,97280491,-
chr3,97609496,97609511,-
chr3,97628936,97628956,-
chr3,98027350,98027390,-
chr3,98027733,98027768,-
chr3,98027848,98027862,-
chr3,98062849,98062863,-
chr3,99140832,99140846,-
chr3,100422627,100422649,-
chr3,100422696,100422719,-
chr3,100490157,100490179,-
chr3,100495527,100495547,-
chr3,100502488,100502507,-
chr3,100502608,100502622,-
chr3,100502818,100502832,-
chr3,100559551,100559570,-
chr3,100568745,100568760,-
chr3,100685002,100685023,-
chr3,100819242,100819266,-
chr3,100819505,100819519,-
chr3,101021286,101021331,-
chr3,101021353,101021367,-
chr3,101021414,101021434,-
chr3,101030510,101030524,-
chr3,101233579,101233594,-
chr3,101240308,101240327,-
chr3,101240440,101240454,-
chr3,101265395,101265414,-
chr3,101265724,101265743,-
chr3,101265790,101265809,-
chr3,101275537,101275551,-
chr3,101283506,101283536,-
chr3,101283712,101283743,-
chr3,101286971,101286985,-
chr3,101295364,101295413,-
chr3,101296696,101296716,-
chr3,101367710,101367741,-
chr3,101376817,101376831,-
chr3,101407947,101407997,-
chr3,101541799,101541813,-
chr3,101541837,101541852,-
chr3,101673934,101673956,-
chr3,101674004,101674024,-
chr3,101674059,101674092,-
chr3,101747854,101747873,-
chr3,101803905,101803925,-
chr3,102681855,102681994,-
chr3,102738718,102738734,-
chr3,103026296,103026326,-
chr3,103058110,103058129,-
chr3,103059779,103059888,-
chr3,103059898,103059935,-
chr3,103060031,103060055,-
chr3,103062734,103062795,-
chr3,103092096,103092115,-
chr3,103099781,103099805,-
chr3,103206762,103206781,-
chr3,103298454,103298473,-
chr3,103314492,103314511,-
chr3,103375123,103375139,-
chr3,103378525,103378549,-
chr3,103378749,103378777,-
chr3,103383153,103383176,-
chr3,103383586,103383615,-
chr3,103383934,103383966,-
chr3,103386391,103386412,-
chr3,103397374,103397393,-
chr3,103405372,103405391,-
chr3,103405431,103405445,-
chr3,103494309,103494324,-
chr3,103773201,103773217,-
chr3,103773296,103773312,-
chr3,103780797,103780839,-
chr3,103790385,103790414,-
chr3,103857794,103857825,-
chr3,103859077,103859091,-
chr3,103859564,103859583,-
chr3,103860638,103860657,-
chr3,103860697,103860713,-
chr3,103861215,103861262,-
chr3,103863218,103863241,-
chr3,103866158,103866174,-
chr3,103867503,103867526,-
chr3,103867652,103867671,-
chr3,103886343,103886377,-
chr3,103913401,103913417,-
chr3,103913758,103913775,-
chr3,103913947,103913962,-
chr3,103915482,103915498,-
chr3,104620378,104620436,-
chr3,104630876,104630893,-
chr3,104639965,104639982,-
chr3,104640015,104640036,-
chr3,104657380,104657399,-
chr3,104771853,104771910,-
chr3,105133322,105133351,-
chr3,105801730,105801749,-
chr3,105892082,105892101,-
chr3,105910718,105910737,-
chr3,106003210,106003225,-
chr3,106033147,106033161,-
chr3,106033166,106033182,-
chr3,106339546,106339562,-
chr3,106339623,106339641,-
chr3,106461648,106461727,-
chr3,106461888,106461902,-
chr3,106481095,106481109,-
chr3,106484896,106484915,-
chr3,106721527,106721541,-
chr3,106722828,106722848,-
chr3,106722902,106722916,-
chr3,106785148,106785163,-
chr3,106785612,106785631,-
chr3,106788170,106788189,-
chr3,106788592,106788608,-
chr3,106940325,106940339,-
chr3,106940389,106940419,-
chr3,106966642,106966667,-
chr3,107038506,107038531,-
chr3,107081430,107081450,-
chr3,107084821,107084846,-
chr3,107084853,107084933,-
chr3,107091106,107091147,-
chr3,107094065,107094130,-
chr3,107206237,107206257,-
chr3,107846401,107846452,-
chr3,108389356,108389399,-
chr3,108445480,108445499,-
chr3,108554922,108554941,-
chr3,108555041,108555055,-
chr3,108555112,108555132,-
chr3,108562961,108563003,-
chr3,108571859,108571881,-
chr3,108653363,108653377,-
chr3,108653718,108653757,-
chr3,108720374,108720402,-
chr3,108720448,108720467,-
chr3,108840805,108840819,-
chr3,108880936,108880957,-
chr3,109329538,109329981,-
chr3,109329987,109330131,-
chr3,109330137,109330167,-
chr3,109341611,109341657,-
chr3,109362376,109362398,-
chr3,109372012,109372027,-
chr3,113629470,113629484,-
chr3,115642931,115642951,-
chr3,115661385,115661404,-
chr3,115673810,115673824,-
chr3,115676208,115676275,-
chr3,115681292,115681306,-
chr3,115689490,115689525,-
chr3,115690364,115690388,-
chr3,115692900,115692929,-
chr3,115703845,115703868,-
chr3,115710973,115711024,-
chr3,115713198,115713214,-
chr3,115714030,115714044,-
chr3,115714503,115714517,-
chr3,115714586,115714615,-
chr3,115714616,115714644,-
chr3,115729931,115729945,-
chr3,115735230,115735282,-
chr3,115754467,115754487,-
chr3,115754652,115754674,-
chr3,115793502,115793521,-
chr3,115801279,115801293,-
chr3,115803901,115803920,-
chr3,115815064,115815081,-
chr3,115820112,115820131,-
chr3,115887466,115887480,-
chr3,115931891,115931915,-
chr3,115936702,115936724,-
chr3,115936797,115936813,-
chr3,115937172,115937188,-
chr3,115972868,115972888,-
chr3,115974036,115974050,-
chr3,115975554,115975578,-
chr3,116513251,116513270,-
chr3,116861714,116861738,-
chr3,116861855,116861874,-
chr3,116862160,116862179,-
chr3,119782361,119782400,-
chr3,119782521,119782547,-
chr3,119782579,119782602,-
chr3,121306609,121306670,-
chr3,121307915,121307930,-
chr3,121312659,121312685,-
chr3,121363322,121363373,-
chr3,121363378,121363430,-
chr3,121369929,121369953,-
chr3,121370245,121370266,-
chr3,121442964,121443026,-
chr3,121467663,121467677,-
chr3,121493709,121493726,-
chr3,121494923,121494945,-
chr3,121495002,121495021,-
chr3,121689252,121689271,-
chr3,121885180,121885219,-
chr3,121982518,121982532,-
chr3,122638782,122638798,-
chr3,122638884,122638900,-
chr3,123174463,123174483,-
chr3,123174505,123174530,-
chr3,123176650,123176664,-
chr3,123316492,123316506,-
chr3,123386131,123386161,-
chr3,123386412,123386432,-
chr3,126660475,126660495,-
chr3,126662371,126662410,-
chr3,126693276,126693296,-
chr3,127572938,127572965,-
chr3,127641652,127641678,-
chr3,127641680,127641702,-
chr3,127641724,127641749,-
chr3,127837912,127837952,-
chr3,127844914,127844952,-
chr3,127863081,127863095,-
chr3,127863189,127863209,-
chr3,127867848,127867864,-
chr3,127867914,127867939,-
chr3,127868277,127868296,-
chr3,127868722,127868738,-
chr3,127895108,127895130,-
chr3,127895350,127895379,-
chr3,127895709,127895732,-
chr3,128122022,128122041,-
chr3,128126762,128126781,-
chr3,128133521,128133535,-
chr3,128133982,128134004,-
chr3,128155176,128155195,-
chr3,129360933,129361007,-
chr3,129490509,129490545,-
chr3,129490554,129490592,-
chr3,129532630,129532645,-
chr3,129536573,129536609,-
chr3,129545304,129545333,-
chr3,129552782,129552797,-
chr3,129553111,129553175,-
chr3,129553597,129553632,-
chr3,129560793,129560807,-
chr3,129561909,129561934,-
chr3,129562153,129562167,-
chr3,129725276,129725297,-
chr3,129725553,129725567,-
chr3,129725675,129725690,-
chr3,130013038,130013084,-
chr3,130013173,130013189,-
chr3,130712345,130712437,-
chr3,130712442,130712482,-
chr3,130712487,130712590,-
chr3,130712688,130712734,-
chr3,130749398,130749418,-
chr3,130788256,130788348,-
chr3,130788371,130788385,-
chr3,130796424,130796445,-
chr3,130809836,130809865,-
chr3,130879430,130879444,-
chr3,130932444,130932464,-
chr3,130936868,130936948,-
chr3,130937392,130937411,-
chr3,130945772,130945808,-
chr3,130946223,130946239,-
chr3,130947996,130948010,-
chr3,131014423,131014442,-
chr3,131014628,131014648,-
chr3,131026674,131026688,-
chr3,131057283,131057347,-
chr3,131105846,131105861,-
chr3,131112987,131113020,-
chr3,131113448,131113468,-
chr3,131113621,131113637,-
chr3,131115080,131115094,-
chr3,131116005,131116019,-
chr3,131117047,131117061,-
chr3,131117074,131117104,-
chr3,131117870,131117884,-
chr3,131120988,131121002,-
chr3,131124455,131124532,-
chr3,131134918,131134937,-
chr3,131138167,131138195,-
chr3,131140616,131140644,-
chr3,131147862,131147881,-
chr3,131153279,131153301,-
chr3,131154931,131154955,-
chr3,131156257,131156273,-
chr3,131156373,131156387,-
chr3,131156909,131156976,-
chr3,131157244,131157268,-
chr3,131159096,131159128,-
chr3,131171937,131171989,-
chr3,131172983,131173002,-
chr3,131190376,131190392,-
chr3,131200594,131200633,-
chr3,131303364,131303411,-
chr3,131333920,131333939,-
chr3,131565301,131565315,-
chr3,133286352,133286398,-
chr3,133310930,133310944,-
chr3,133332233,133332247,-
chr3,133332513,133332547,-
chr3,133332585,133332599,-
chr3,133389539,133389584,-
chr3,133394515,133394529,-
chr3,133411799,133411818,-
chr3,133563602,133563622,-
chr3,135212330,135212354,-
chr3,135307880,135307908,-
chr3,135417795,135417809,-
chr3,135440620,135440639,-
chr3,135440870,135440896,-
chr3,135486257,135486272,-
chr3,135514700,135514733,-
chr3,135515638,135515672,-
chr3,135515944,135515958,-
chr3,135516051,135516071,-
chr3,135516339,135516355,-
chr3,135573394,135573413,-
chr3,135603420,135603435,-
chr3,135666313,135666327,-
chr3,135718884,135718904,-
chr3,135731318,135731368,-
chr3,135731622,135731636,-
chr3,135824936,135824955,-
chr3,135887023,135887037,-
chr3,135887062,135887081,-
chr3,136101311,136101343,-
chr3,136101733,136101757,-
chr3,136611606,136611621,-
chr3,136671082,136671120,-
chr3,136671789,136671804,-
chr3,136703256,136703273,-
chr3,136713801,136713817,-
chr3,136713878,136713936,-
chr3,136743091,136743111,-
chr3,136880071,136880117,-
chr3,137863566,137863580,-
chr3,137865260,137865276,-
chr3,137865464,137865508,-
chr3,137865840,137865873,-
chr3,137865984,137866001,-
chr3,137879907,137880072,-
chr3,137953562,137953584,-
chr3,137981080,137981094,-
chr3,137981957,137981971,-
chr3,138143248,138143262,-
chr3,138742905,138742943,-
chr3,138757535,138757554,-
chr3,138877082,138877105,-
chr3,139039262,139039277,-
chr3,139042894,139042908,-
chr3,139043035,139043054,-
chr3,139245206,139245226,-
chr3,142357031,142357047,-
chr3,142443234,142443248,-
chr3,142534208,142534224,-
chr3,142550243,142550265,-
chr3,142560323,142560342,-
chr3,142561071,142561085,-
chr3,142620260,142620279,-
chr3,142621244,142621260,-
chr3,142764843,142764871,-
chr3,142880803,142880817,-
chr3,142882582,142882606,-
chr3,143647238,143647252,-
chr3,144202246,144202265,-
chr3,144205966,144205986,-
chr3,144253105,144253141,-
chr3,144261108,144261127,-
chr3,144719125,144719145,-
chr3,145119395,145119410,-
chr3,145923740,145923779,-
chr3,146004909,146004948,-
chr3,146005013,146005037,-
chr3,146062913,146062939,-
chr3,146063494,146063508,-
chr3,146150497,146150523,-
chr3,146150547,146150563,-
chr3,146158262,146158281,-
chr3,146158292,146158318,-
chr3,146500538,146500554,-
chr3,146520625,146520640,-
chr3,146522086,146522106,-
chr3,146686784,146686857,-
chr3,146764700,146764716,-
chr3,146765459,146765478,-
chr3,146783687,146783709,-
chr3,146783820,146783836,-
chr3,148510604,148510618,-
chr3,148851287,148851309,-
chr3,148851330,148851367,-
chr3,148853049,148853063,-
chr3,149326665,149326698,-
chr3,152912776,152912795,-
chr3,152928556,152928588,-
chr3,152942292,152942306,-
chr3,152952479,152952494,-
chr3,153241386,153241401,-
chr3,153260728,153260760,-
chr3,153356591,153356643,-
chr3,153921770,153921785,-
chr3,154597342,154597360,-
chr3,157572175,157572201,-
chr3,157613098,157613112,-
chr3,157725039,157725100,-
chr3,158046856,158046934,-
chr4,6445877,6445892,+
chr4,6453051,6453071,+
chr4,6453576,6453597,+
chr4,6902040,6902072,+
chr4,6934193,6934221,+
chr4,6934418,6934442,+
chr4,6934967,6934986,+
chr4,6935080,6935102,+
chr4,6939212,6939262,+
chr4,6939270,6939298,+
chr4,6950361,6950377,+
chr4,6969861,6969898,+
chr4,6970339,6970355,+
chr4,6970573,6970588,+
chr4,6971294,6971309,+
chr4,6990697,6990711,+
chr4,6991666,6991682,+
chr4,7025258,7025318,+
chr4,7443738,7443762,+
chr4,7448437,7448459,+
chr4,7453882,7453932,+
chr4,7453954,7453970,+
chr4,7453989,7454028,+
chr4,7454038,7454054,+
chr4,7454121,7454149,+
chr4,7454169,7454191,+
chr4,7454199,7454242,+
chr4,7455456,7455472,+
chr4,7455619,7455637,+
chr4,7534470,7534486,+
chr4,7585385,7585438,+
chr4,7585464,7585495,+
chr4,8523516,8523530,+
chr4,8535215,8535229,+
chr4,8720931,8720947,+
chr4,8721321,8721344,+
chr4,8800371,8800406,+
chr4,8803023,8803037,+
chr4,8811015,8811034,+
chr4,8811740,8811754,+
chr4,8812338,8812352,+
chr4,8910355,8910374,+
chr4,8911068,8911106,+
chr4,8912136,8912160,+
chr4,8926429,8926448,+
chr4,8942702,8942725,+
chr4,8942948,8942962,+
chr4,9009474,9009489,+
chr4,9009549,9009564,+
chr4,9033115,9033131,+
chr4,9095733,9095765,+
chr4,9096145,9096208,+
chr4,9096259,9096275,+
chr4,9287114,9287179,+
chr4,9630959,9630991,+
chr4,10770110,10770129,+
chr4,11006670,11006694,+
chr4,11006854,11006888,+
chr4,11006894,11006910,+
chr4,11076914,11076929,+
chr4,11077125,11077149,+
chr4,11077421,11077440,+
chr4,11077726,11077746,+
chr4,11077862,11077878,+
chr4,11135272,11135292,+
chr4,11135311,11135336,+
chr4,11135619,11135638,+
chr4,11143020,11143071,+
chr4,11143297,11143311,+
chr4,11146625,11146649,+
chr4,11147151,11147166,+
chr4,11153078,11153093,+
chr4,11153300,11153317,+
chr4,11153611,11153640,+
chr4,11493504,11493583,+
chr4,11704212,11704242,+
chr4,11802770,11802834,+
chr4,11803006,11803026,+
chr4,11900274,11900298,+
chr4,11965860,11965884,+
chr4,11967057,11967077,+
chr4,12088040,12088054,+
chr4,16162694,16162718,+
chr4,16162928,16162952,+
chr4,16164477,16164491,+
chr4,16164518,16164576,+
chr4,16298527,16298542,+
chr4,16575153,16575167,+
chr4,16575182,16575201,+
chr4,16575244,16575303,+
chr4,16575384,16575406,+
chr4,17854327,17854343,+
chr4,17957741,17957791,+
chr4,19332816,19332830,+
chr4,19332867,19332887,+
chr4,19332893,19332912,+
chr4,19333222,19333251,+
chr4,19574878,19574945,+
chr4,19584862,19584878,+
chr4,19895950,19895969,+
chr4,19896034,19896048,+
chr4,19928461,19928496,+
chr4,21727133,21727154,+
chr4,21727482,21727501,+
chr4,24497070,24497102,+
chr4,25249174,25249253,+
chr4,25249296,25249311,+
chr4,25281269,25281292,+
chr4,26346270,26346289,+
chr4,26346381,26346405,+
chr4,31963752,31963768,+
chr4,32055175,32055194,+
chr4,32126981,32127000,+
chr4,32127071,32127087,+
chr4,32149430,32149445,+
chr4,32164821,32164835,+
chr4,32165526,32165555,+
chr4,32242658,32242678,+
chr4,32250407,32250427,+
chr4,32251014,32251028,+
chr4,32251764,32251780,+
chr4,32258606,32258625,+
chr4,32259153,32259169,+
chr4,32288099,32288118,+
chr4,32290243,32290259,+
chr4,32290887,32290901,+
chr4,32291839,32291867,+
chr4,32334642,32334656,+
chr4,32334657,32334672,+
chr4,32336958,32336980,+
chr4,32342613,32342633,+
chr4,32344139,32344165,+
chr4,32350665,32350684,+
chr4,32352310,32352334,+
chr4,32353743,32353759,+
chr4,32353787,32353811,+
chr4,32353869,32353885,+
chr4,32365012,32365028,+
chr4,32365065,32365081,+
chr4,32388690,32388728,+
chr4,32560231,32560246,+
chr4,32560648,32560669,+
chr4,32614952,32614983,+
chr4,32799882,32799916,+
chr4,32799952,32799975,+
chr4,32862838,32862891,+
chr4,33073776,33073796,+
chr4,33105650,33105680,+
chr4,33110049,33110065,+
chr4,33227264,33227290,+
chr4,33240305,33240325,+
chr4,33240337,33240361,+
chr4,33247191,33247213,+
chr4,33289708,33289743,+
chr4,33289956,33289971,+
chr4,33309745,33309779,+
chr4,33315874,33315909,+
chr4,33989039,33989055,+
chr4,33989073,33989087,+
chr4,33997628,33997649,+
chr4,34686712,34686751,+
chr4,34686891,34686910,+
chr4,34847671,34847710,+
chr4,34847753,34847785,+
chr4,34881017,34881046,+
chr4,34881984,34881998,+
chr4,35130942,35130957,+
chr4,35138084,35138098,+
chr4,40240791,40240825,+
chr4,40268715,40268737,+
chr4,40284290,40284346,+
chr4,40720143,40720165,+
chr4,40720876,40720891,+
chr4,40721398,40721426,+
chr4,40721867,40721881,+
chr4,40777382,40777398,+
chr4,40781236,40781265,+
chr4,40782081,40782124,+
chr4,40824039,40824053,+
chr4,40824142,40824158,+
chr4,40833244,40833266,+
chr4,40833267,40833283,+
chr4,40833634,40833648,+
chr4,40833659,40833688,+
chr4,40851958,40851993,+
chr4,40852277,40852293,+
chr4,40852883,40852897,+
chr4,40883472,40883494,+
chr4,40883735,40883749,+
chr4,40970337,40970351,+
chr4,41304433,41304490,+
chr4,42949288,42949307,+
chr4,42999391,42999411,+
chr4,42999433,42999485,+
chr4,43000281,43000296,+
chr4,43005900,43005915,+
chr4,43040631,43040645,+
chr4,43287572,43287591,+
chr4,43441912,43441931,+
chr4,43456510,43456531,+
chr4,43478128,43478142,+
chr4,43478170,43478224,+
chr4,43492740,43492784,+
chr4,43563020,43563034,+
chr4,43941622,43941636,+
chr4,43959804,43959820,+
chr4,44022182,44022197,+
chr4,44023299,44023330,+
chr4,44045254,44045268,+
chr4,44065330,44065367,+
chr4,44159927,44159956,+
chr4,44168601,44168620,+
chr4,44169155,44169170,+
chr4,44270874,44270900,+
chr4,44271006,44271045,+
chr4,44271127,44271141,+
chr4,44756070,44756096,+
chr4,44756435,44756467,+
chr4,45011513,45011538,+
chr4,45013257,45013271,+
chr4,45018446,45018465,+
chr4,45108348,45108366,+
chr4,45396413,45396432,+
chr4,45402270,45402290,+
chr4,45402313,45402336,+
chr4,45402375,45402407,+
chr4,45403146,45403165,+
chr4,45403186,45403200,+
chr4,45409644,45409659,+
chr4,45530682,45530698,+
chr4,45531716,45531730,+
chr4,45949384,45949403,+
chr4,46182177,46182191,+
chr4,46195333,46195347,+
chr4,46196574,46196593,+
chr4,46404055,46404070,+
chr4,46404088,46404114,+
chr4,46463426,46463451,+
chr4,46507977,46507996,+
chr4,46526242,46526264,+
chr4,46575950,46575969,+
chr4,46611512,46611529,+
chr4,46618489,46618508,+
chr4,46618515,46618534,+
chr4,47001299,47001318,+
chr4,47246933,47246952,+
chr4,47303119,47303139,+
chr4,47798923,47798937,+
chr4,47799038,47799054,+
chr4,47799181,47799206,+
chr4,47799383,47799397,+
chr4,47965047,47965061,+
chr4,48034653,48034681,+
chr4,48039819,48039838,+
chr4,48043826,48043845,+
chr4,48044441,48044460,+
chr4,49631769,49631791,+
chr4,49631817,49631854,+
chr4,53158570,53158632,+
chr4,53218106,53218142,+
chr4,53228103,53228132,+
chr4,53919180,53919252,+
chr4,53921034,53921056,+
chr4,55343047,55343088,+
chr4,55343485,55343521,+
chr4,55349450,55349474,+
chr4,55398156,55398172,+
chr4,55398195,55398209,+
chr4,55532629,55532649,+
chr4,56222357,56222404,+
chr4,56916093,56916129,+
chr4,57626721,57626861,+
chr4,57832257,57832273,+
chr4,57867512,57867550,+
chr4,57916367,57916393,+
chr4,58944203,58944219,+
chr4,59000838,59000852,+
chr4,59132833,59132850,+
chr4,59132857,59132883,+
chr4,59134065,59134079,+
chr4,59134848,59134862,+
chr4,59157403,59157422,+
chr4,59173187,59173301,+
chr4,59173509,59173531,+
chr4,59173835,59173871,+
chr4,59176789,59176856,+
chr4,59185438,59185454,+
chr4,59190483,59190502,+
chr4,59190533,59190552,+
chr4,59190907,59190926,+
chr4,59231349,59231369,+
chr4,59254600,59254614,+
chr4,59260962,59260994,+
chr4,59262523,59262553,+
chr4,59262569,59262613,+
chr4,59265676,59265700,+
chr4,59265985,59266001,+
chr4,59274584,59274598,+
chr4,59279771,59279793,+
chr4,59280942,59280961,+
chr4,59281053,59281077,+
chr4,59281140,59281159,+
chr4,59281301,59281320,+
chr4,59289431,59289447,+
chr4,59327993,59328027,+
chr4,59328092,59328120,+
chr4,59328326,59328373,+
chr4,59331266,59331289,+
chr4,59332427,59332452,+
chr4,59336038,59336054,+
chr4,59336547,59336566,+
chr4,59337638,59337662,+
chr4,59337805,59337848,+
chr4,59338389,59338423,+
chr4,59338598,59338624,+
chr4,59340709,59340724,+
chr4,59546249,59546268,+
chr4,59546278,59546294,+
chr4,59546311,59546341,+
chr4,59546750,59546782,+
chr4,59547858,59547872,+
chr4,59547961,59547983,+
chr4,59548055,59548074,+
chr4,59549930,59549944,+
chr4,59806642,59806658,+
chr4,62407404,62407436,+
chr4,62407448,62407462,+
chr4,62407524,62407553,+
chr4,62407723,62407754,+
chr4,62476260,62476282,+
chr4,62561291,62561307,+
chr4,62562046,62562073,+
chr4,62695881,62695901,+
chr4,62758437,62758489,+
chr4,63052380,63052399,+
chr4,63073413,63073433,+
chr4,63384550,63384595,+
chr4,63386119,63386135,+
chr4,63399201,63399224,+
chr4,63400338,63400352,+
chr4,63401435,63401451,+
chr4,63544539,63544554,+
chr4,63837329,63837376,+
chr4,63860303,63860365,+
chr4,63860818,63860837,+
chr4,70480386,70480453,+
chr4,70654348,70654376,+
chr4,72198990,72199006,+
chr4,72199483,72199516,+
chr4,72201239,72201253,+
chr4,74251700,74251719,+
chr4,75181031,75181057,+
chr4,75267087,75267101,+
chr4,75267590,75267606,+
chr4,75278723,75278739,+
chr4,75279503,75279517,+
chr4,75757411,75757452,+
chr4,83303748,83303768,+
chr4,83303779,83303804,+
chr4,83316122,83316144,+
chr4,83339552,83339579,+
chr4,83485568,83485603,+
chr4,83571052,83571084,+
chr4,83571090,83571139,+
chr4,83571191,83571205,+
chr4,83941587,83941610,+
chr4,86575483,86575507,+
chr4,86612511,86612543,+
chr4,86683331,86683356,+
chr4,86683580,86683616,+
chr4,86683740,86683763,+
chr4,86695336,86695356,+
chr4,86695366,86695382,+
chr4,86697450,86697484,+
chr4,86712221,86712240,+
chr4,86713053,86713068,+
chr4,86713175,86713189,+
chr4,86713689,86713704,+
chr4,86717447,86717462,+
chr4,86721813,86721841,+
chr4,86722260,86722275,+
chr4,86722356,86722383,+
chr4,86748193,86748282,+
chr4,86749370,86749389,+
chr4,86764553,86764592,+
chr4,88033290,88033312,+
chr4,88034539,88034558,+
chr4,88046890,88046904,+
chr4,88450777,88450792,+
chr4,88451065,88451112,+
chr4,88550567,88550581,+
chr4,88693376,88693395,+
chr4,88693748,88693762,+
chr4,88757332,88757384,+
chr4,88757386,88757405,+
chr4,88760296,88760342,+
chr4,88763231,88763277,+
chr4,88773516,88773562,+
chr4,88776444,88776490,+
chr4,88779372,88779418,+
chr4,88782308,88782354,+
chr4,88785231,88785277,+
chr4,88791072,88791118,+
chr4,88793512,88793531,+
chr4,88794009,88794055,+
chr4,88799842,88799888,+
chr4,88802776,88802822,+
chr4,88805708,88805754,+
chr4,88864703,88864722,+
chr4,88867238,88867253,+
chr4,88867820,88867844,+
chr4,89550572,89550588,+
chr4,89550921,89550943,+
chr4,89551119,89551141,+
chr4,89551172,89551212,+
chr4,89876390,89876450,+
chr4,95196543,95196558,+
chr4,97657874,97657889,+
chr4,97673974,97673989,+
chr4,97958485,97958505,+
chr4,98040341,98040357,+
chr4,98113901,98113933,+
chr4,98114082,98114106,+
chr4,98213623,98213637,+
chr4,98213653,98213667,+
chr4,98437437,98437456,+
chr4,98709128,98709211,+
chr4,98709224,98709267,+
chr4,98922693,98922721,+
chr4,98923144,98923164,+
chr4,98923582,98923602,+
chr4,101159645,101159659,+
chr4,101176180,101176199,+
chr4,101176370,101176389,+
chr4,101176657,101176671,+
chr4,101182507,101182540,+
chr4,101184992,101185006,+
chr4,101185457,101185481,+
chr4,101185903,101185919,+
chr4,101186904,101186928,+
chr4,101194330,101194370,+
chr4,101213398,101213413,+
chr4,101213586,101213605,+
chr4,101216841,101216861,+
chr4,101217304,101217320,+
chr4,101217369,101217407,+
chr4,101217651,101217665,+
chr4,101218060,101218076,+
chr4,101218090,101218106,+
chr4,101244387,101244416,+
chr4,101244612,101244640,+
chr4,101244650,101244670,+
chr4,101250035,101250054,+
chr4,101250253,101250268,+
chr4,101253833,101253850,+
chr4,101260766,101260785,+
chr4,101261015,101261034,+
chr4,101261338,101261357,+
chr4,101261536,101261552,+
chr4,101298483,101298507,+
chr4,101298648,101298669,+
chr4,101300796,101300815,+
chr4,101320552,101320587,+
chr4,101320648,101320664,+
chr4,101320874,101320890,+
chr4,101321064,101321124,+
chr4,101355831,101355863,+
chr4,101355878,101355894,+
chr4,101507842,101507861,+
chr4,102506103,102506118,+
chr4,102508035,102508061,+
chr4,102517641,102517657,+
chr4,102569491,102569507,+
chr4,102569916,102569932,+
chr4,102571443,102571476,+
chr4,102571495,102571514,+
chr4,102607824,102607840,+
chr4,102991011,102991027,+
chr4,103039344,103039363,+
chr4,106279598,106279622,+
chr4,106292776,106292792,+
chr4,106293121,106293141,+
chr4,106828295,106828309,+
chr4,106841225,106841249,+
chr4,106841287,106841307,+
chr4,106842221,106842248,+
chr4,106842694,106842709,+
chr4,106870102,106870124,+
chr4,106910300,106910314,+
chr4,106935085,106935126,+
chr4,107179519,107179543,+
chr4,107196633,107196655,+
chr4,107197058,107197074,+
chr4,107253856,107253870,+
chr4,107254192,107254207,+
chr4,107260080,107260099,+
chr4,107314148,107314164,+
chr4,107367524,107367555,+
chr4,107923797,107923819,+
chr4,108071783,108071818,+
chr4,108081022,108081043,+
chr4,108081350,108081369,+
chr4,108082012,108082028,+
chr4,108082174,108082188,+
chr4,108082189,108082227,+
chr4,108082939,108082958,+
chr4,108091005,108091021,+
chr4,108091443,108091538,+
chr4,108091678,108091697,+
chr4,108091750,108091766,+
chr4,108118152,108118168,+
chr4,108300556,108300570,+
chr4,108309479,108309505,+
chr4,108313330,108313350,+
chr4,108318562,108318576,+
chr4,108318771,108318805,+
chr4,108318878,108318892,+
chr4,108327052,108327066,+
chr4,108327185,108327204,+
chr4,108327977,108327991,+
chr4,108461305,108461319,+
chr4,108461649,108461663,+
chr4,108461739,108461754,+
chr4,108579177,108579196,+
chr4,109080155,109080188,+
chr4,109117580,109117594,+
chr4,109136791,109136807,+
chr4,109252012,109252034,+
chr4,109279892,109279919,+
chr4,111719040,111719056,+
chr4,111719088,111719102,+
chr4,114652431,114652446,+
chr4,114987460,114987479,+
chr4,115058578,115058631,+
chr4,115605995,115606021,+
chr4,115838768,115838785,+
chr4,116010647,116010674,+
chr4,116015445,116015460,+
chr4,116015618,116015638,+
chr4,116017035,116017055,+
chr4,116053421,116053444,+
chr4,116053780,116053798,+
chr4,116168663,116168679,+
chr4,116626606,116626620,+
chr4,116627669,116627737,+
chr4,116825040,116825055,+
chr4,116995082,116995119,+
chr4,117125040,117125059,+
chr4,117188783,117188820,+
chr4,117189551,117189570,+
chr4,117189586,117189621,+
chr4,117189696,117189715,+
chr4,117210959,117210974,+
chr4,119109533,119109549,+
chr4,119359237,119359257,+
chr4,119359280,119359313,+
chr4,119415670,119415685,+
chr4,120952030,120952046,+
chr4,120952061,120952087,+
chr4,120952364,120952383,+
chr4,120974254,120974276,+
chr4,120976037,120976056,+
chr4,120978324,120978339,+
chr4,120978920,120978977,+
chr4,121002546,121002562,+
chr4,121002818,121002832,+
chr4,121004309,121004333,+
chr4,121004555,121004646,+
chr4,121004690,121004713,+
chr4,121004809,121004823,+
chr4,121231042,121231076,+
chr4,122871957,122871979,+
chr4,122883405,122883436,+
chr4,122930827,122930849,+
chr4,122932711,122932727,+
chr4,122933824,122933846,+
chr4,123415740,123415766,+
chr4,123572526,123572542,+
chr4,123576734,123576756,+
chr4,123577312,123577340,+
chr4,123577984,123577998,+
chr4,124756357,124756404,+
chr4,125123439,125123458,+
chr4,126194463,126194477,+
chr4,126201881,126201900,+
chr4,126202052,126202113,+
chr4,126202210,126202226,+
chr4,126204629,126204651,+
chr4,126204706,126204725,+
chr4,126207080,126207109,+
chr4,126207110,126207132,+
chr4,126212430,126212445,+
chr4,126235766,126235797,+
chr4,126253870,126253885,+
chr4,126677363,126677382,+
chr4,126812990,126813011,+
chr4,126813146,126813181,+
chr4,126813280,126813299,+
chr4,128594019,128594043,+
chr4,128610385,128610408,+
chr4,128805761,128805777,+
chr4,129365071,129365085,+
chr4,129365331,129365359,+
chr4,129557306,129557326,+
chr4,129558855,129558874,+
chr4,129559341,129559390,+
chr4,129564992,129565012,+
chr4,129571620,129571639,+
chr4,129572669,129572685,+
chr4,129575549,129575565,+
chr4,129575587,129575608,+
chr4,129701757,129701776,+
chr4,129731568,129731587,+
chr4,129731591,129731605,+
chr4,129739392,129739428,+
chr4,129739442,129739461,+
chr4,129739879,129739922,+
chr4,129740040,129740055,+
chr4,129740062,129740096,+
chr4,129754661,129754685,+
chr4,129761522,129761538,+
chr4,129762082,129762152,+
chr4,129785523,129785547,+
chr4,129793913,129793952,+
chr4,129794347,129794377,+
chr4,129821568,129821587,+
chr4,129840247,129840267,+
chr4,129877263,129877279,+
chr4,129928256,129928285,+
chr4,130107404,130107428,+
chr4,130902693,130902707,+
chr4,130912864,130912884,+
chr4,130914349,130914368,+
chr4,130915146,130915162,+
chr4,130918897,130918916,+
chr4,131873094,131873108,+
chr4,131977967,131977983,+
chr4,131978004,131978037,+
chr4,132039525,132039544,+
chr4,132039824,132039844,+
chr4,132040198,132040212,+
chr4,132040559,132040580,+
chr4,132041097,132041126,+
chr4,132041806,132041820,+
chr4,132041966,132041989,+
chr4,132269122,132269182,+
chr4,132269677,132269703,+
chr4,132269705,132269719,+
chr4,132353857,132353877,+
chr4,132464293,132464332,+
chr4,132515345,132515359,+
chr4,132535435,132535466,+
chr4,132536238,132536254,+
chr4,132815981,132815998,+
chr4,132842958,132842990,+
chr4,132946709,132946725,+
chr4,133011868,133011892,+
chr4,133056884,133056903,+
chr4,133057725,133057741,+
chr4,133086726,133086740,+
chr4,133087152,133087174,+
chr4,133092105,133092135,+
chr4,133130237,133130251,+
chr4,133162166,133162200,+
chr4,133163644,133163658,+
chr4,133169432,133169451,+
chr4,133278074,133278093,+
chr4,133479765,133479781,+
chr4,133574640,133574659,+
chr4,133622123,133622152,+
chr4,133622234,133622248,+
chr4,133628969,133628992,+
chr4,133629224,133629253,+
chr4,133629615,133629645,+
chr4,133650336,133650356,+
chr4,133671202,133671234,+
chr4,133673225,133673253,+
chr4,133673569,133673609,+
chr4,133707399,133707415,+
chr4,133707450,133707469,+
chr4,133707745,133707764,+
chr4,133719982,133720007,+
chr4,133724256,133724270,+
chr4,133724594,133724616,+
chr4,133751078,133751094,+
chr4,133751323,133751356,+
chr4,133751423,133751442,+
chr4,133756441,133756455,+
chr4,133757217,133757233,+
chr4,133757906,133757927,+
chr4,133801101,133801133,+
chr4,133804684,133804724,+
chr4,133809060,133809149,+
chr4,133809197,133809213,+
chr4,133812835,133812850,+
chr4,133812877,133812897,+
chr4,133836730,133836768,+
chr4,133837063,133837098,+
chr4,133840913,133840973,+
chr4,133841534,133841576,+
chr4,133841953,133841985,+
chr4,133845017,133845093,+
chr4,133845213,133845232,+
chr4,133878486,133878523,+
chr4,133879311,133879330,+
chr4,133879979,133879993,+
chr4,133879995,133880014,+
chr4,133906762,133906812,+
chr4,133907737,133907754,+
chr4,134052529,134052560,+
chr4,134093340,134093356,+
chr4,134096282,134096310,+
chr4,134096862,134096882,+
chr4,134096975,134096994,+
chr4,134099140,134099164,+
chr4,134106087,134106111,+
chr4,134106398,134106412,+
chr4,134116528,134116558,+
chr4,134123201,134123266,+
chr4,134460578,134460600,+
chr4,134478356,134478372,+
chr4,134495429,134495448,+
chr4,134495534,134495554,+
chr4,134495572,134495605,+
chr4,134504988,134505012,+
chr4,134505020,134505065,+
chr4,134642748,134642768,+
chr4,134654223,134654239,+
chr4,134654373,134654389,+
chr4,134683082,134683099,+
chr4,134753976,134753991,+
chr4,134785660,134785674,+
chr4,134787339,134787355,+
chr4,134787451,134787468,+
chr4,134853299,134853315,+
chr4,134853859,134853878,+
chr4,134913693,134913736,+
chr4,134913780,134913794,+
chr4,134914947,134914966,+
chr4,134917942,134917958,+
chr4,134917969,134917988,+
chr4,134918174,134918220,+
chr4,134918912,134918934,+
chr4,134919064,134919201,+
chr4,134919386,134919449,+
chr4,134923187,134923231,+
chr4,134923365,134923401,+
chr4,135072536,135072552,+
chr4,135072597,135072625,+
chr4,135080065,135080084,+
chr4,135081075,135081091,+
chr4,135081141,135081160,+
chr4,135081279,135081293,+
chr4,135120944,135120964,+
chr4,135121023,135121037,+
chr4,135154474,135154493,+
chr4,135203729,135203774,+
chr4,135240740,135240754,+
chr4,135269987,135270013,+
chr4,135313831,135313852,+
chr4,135354088,135354102,+
chr4,135358840,135358872,+
chr4,135494275,135494289,+
chr4,135501985,135502004,+
chr4,135520588,135520602,+
chr4,135610294,135610336,+
chr4,135610422,135610443,+
chr4,135664290,135664310,+
chr4,135855498,135855520,+
chr4,135875789,135875808,+
chr4,135876081,135876108,+
chr4,135903457,135903481,+
chr4,135904626,135904640,+
chr4,135904722,135904761,+
chr4,135905015,135905033,+
chr4,135905989,135906007,+
chr4,135920184,135920200,+
chr4,135953759,135953785,+
chr4,135954257,135954274,+
chr4,136053314,136053333,+
chr4,136060181,136060211,+
chr4,136071390,136071405,+
chr4,136082561,136082585,+
chr4,136087543,136087570,+
chr4,136089123,136089139,+
chr4,136096512,136096528,+
chr4,136097099,136097121,+
chr4,136147334,136147366,+
chr4,136149742,136149808,+
chr4,136152010,136152035,+
chr4,136152068,136152132,+
chr4,136171933,136171947,+
chr4,136172325,136172383,+
chr4,136179948,136179964,+
chr4,136189687,136189722,+
chr4,136285757,136285773,+
chr4,137345251,137345295,+
chr4,137356668,137356694,+
chr4,137356870,137356885,+
chr4,137367287,137367305,+
chr4,137367812,137367856,+
chr4,137368664,137368678,+
chr4,137641938,137641952,+
chr4,137861268,137861296,+
chr4,138222353,138222367,+
chr4,138943704,138943723,+
chr4,138972596,138972612,+
chr4,139328994,139329053,+
chr4,139330541,139330590,+
chr4,139529383,139529519,+
chr4,139579211,139579225,+
chr4,139814049,139814080,+
chr4,140700443,140700470,+
chr4,140701872,140701891,+
chr4,140815606,140815641,+
chr4,140906188,140906204,+
chr4,140945622,140945644,+
chr4,140945976,140945990,+
chr4,140947349,140947375,+
chr4,140948471,140948487,+
chr4,140952965,140952984,+
chr4,140953328,140953350,+
chr4,140953816,140953847,+
chr4,141547273,141547290,+
chr4,143171870,143171893,+
chr4,143198143,143198158,+
chr4,143213102,143213121,+
chr4,143412204,143412264,+
chr4,143412623,143412637,+
chr4,143412754,143412818,+
chr4,145045732,145045746,+
chr4,145045771,145045786,+
chr4,145092673,145092743,+
chr4,145092901,145092921,+
chr4,145092962,145092977,+
chr4,145100073,145100093,+
chr4,145211224,145211248,+
chr4,145211364,145211400,+
chr4,145211710,145211775,+
chr4,145240541,145240564,+
chr4,145240609,145240636,+
chr4,145242967,145242986,+
chr4,148558305,148558324,+
chr4,148626910,148626926,+
chr4,148900316,148900330,+
chr4,148900486,148900501,+
chr4,149064966,149064985,+
chr4,149065166,149065183,+
chr4,149076070,149076098,+
chr4,149103963,149103996,+
chr4,149282433,149282449,+
chr4,149282676,149282690,+
chr4,149322282,149322318,+
chr4,149322775,149322805,+
chr4,149433598,149433613,+
chr4,149433620,149433634,+
chr4,149437519,149437539,+
chr4,149437569,149437604,+
chr4,149437709,149437746,+
chr4,149469559,149469584,+
chr4,149516144,149516158,+
chr4,149516167,149516183,+
chr4,149516229,149516306,+
chr4,149516797,149516812,+
chr4,149648459,149648474,+
chr4,149663570,149663584,+
chr4,149663929,149663963,+
chr4,149664889,149664920,+
chr4,149665015,149665035,+
chr4,149690699,149690742,+
chr4,149696935,149696954,+
chr4,149697842,149697863,+
chr4,149698879,149698912,+
chr4,149699149,149699190,+
chr4,149699334,149699350,+
chr4,149699465,149699492,+
chr4,149701453,149701483,+
chr4,149701805,149701865,+
chr4,149702044,149702068,+
chr4,149702420,149702459,+
chr4,149702611,149702625,+
chr4,149710299,149710315,+
chr4,149710317,149710383,+
chr4,149710962,149711006,+
chr4,149759528,149759546,+
chr4,149759689,149759713,+
chr4,149854467,149854481,+
chr4,149880522,149880546,+
chr4,149881250,149881266,+
chr4,149881272,149881288,+
chr4,149881482,149881512,+
chr4,149881602,149881618,+
chr4,149881636,149881652,+
chr4,149912511,149912531,+
chr4,150001900,150001934,+
chr4,150002083,150002102,+
chr4,150009604,150009618,+
chr4,150014233,150014408,+
chr4,150086997,150087012,+
chr4,150238501,150238520,+
chr4,150239781,150239795,+
chr4,150239926,150239940,+
chr4,150242722,150242736,+
chr4,150281377,150281425,+
chr4,150539732,150539750,+
chr4,150539754,150539775,+
chr4,150539807,150539821,+
chr4,150540755,150540777,+
chr4,150553090,150553112,+
chr4,150573291,150573308,+
chr4,150583657,150583671,+
chr4,151932967,151932983,+
chr4,151999685,151999699,+
chr4,154928127,154928146,+
chr4,154936509,154936537,+
chr4,154936654,154936668,+
chr4,154936725,154936744,+
chr4,154936961,154936980,+
chr4,154937203,154937222,+
chr4,154939519,154939543,+
chr4,154939561,154939581,+
chr4,155050568,155050611,+
chr4,155050684,155050699,+
chr4,155050779,155050795,+
chr4,155050799,155050816,+
chr4,155168750,155168776,+
chr4,155178040,155178064,+
chr4,155197569,155197583,+
chr4,155198037,155198065,+
chr4,155198608,155198622,+
chr4,155199233,155199253,+
chr4,155200430,155200446,+
chr4,155200466,155200480,+
chr4,155209547,155209577,+
chr4,155209583,155209602,+
chr4,155223738,155223762,+
chr4,155563128,155563147,+
chr4,155600540,155600582,+
chr4,155600691,155600705,+
chr4,155600729,155600744,+
chr4,155601131,155601160,+
chr4,155624206,155624233,+
chr4,155666972,155667004,+
chr4,155667131,155667150,+
chr4,155667270,155667286,+
chr4,155831101,155831121,+
chr4,156021303,156021318,+
chr4,156021441,156021487,+
chr4,156033985,156034006,+
chr4,156068405,156068432,+
chr4,156068559,156068573,+
chr4,156076946,156076965,+
chr4,156077521,156077537,+
chr4,156200660,156200679,+
chr4,156200921,156200947,+
chr4,156201398,156201420,+
chr4,156235256,156235270,+
chr4,156235760,156235775,+
chr4,156254943,156254958,+
chr4,3938022,3938050,-
chr4,3939641,3939656,-
chr4,6366157,6366194,-
chr4,6444934,6444954,-
chr4,6444998,6445029,-
chr4,6681868,6681888,-
chr4,6901767,6901786,-
chr4,6924890,6924909,-
chr4,6939067,6939082,-
chr4,6969719,6969745,-
chr4,6970360,6970376,-
chr4,6970995,6971014,-
chr4,6990515,6990529,-
chr4,6990940,6990966,-
chr4,7357852,7357867,-
chr4,7455752,7455774,-
chr4,7456337,7456352,-
chr4,7468379,7468400,-
chr4,7468846,7468902,-
chr4,7506871,7506890,-
chr4,7506953,7506967,-
chr4,7507049,7507065,-
chr4,7507100,7507120,-
chr4,7507141,7507160,-
chr4,8393917,8393936,-
chr4,8535185,8535208,-
chr4,8689729,8689745,-
chr4,8783591,8783615,-
chr4,8799945,8799962,-
chr4,8800013,8800032,-
chr4,8810944,8810963,-
chr4,8812851,8812870,-
chr4,8838099,8838121,-
chr4,8838228,8838289,-
chr4,8842862,8842876,-
chr4,8843178,8843209,-
chr4,8872162,8872177,-
chr4,8910738,8910754,-
chr4,8910894,8910925,-
chr4,8911935,8911951,-
chr4,8912612,8912626,-
chr4,8913999,8914021,-
chr4,8914223,8914239,-
chr4,8917311,8917326,-
chr4,8922087,8922106,-
chr4,8925142,8925191,-
chr4,8925535,8925570,-
chr4,8927316,8927338,-
chr4,8928120,8928139,-
chr4,8928913,8928933,-
chr4,8942996,8943018,-
chr4,8943091,8943112,-
chr4,9009592,9009607,-
chr4,9027815,9027836,-
chr4,9097313,9097337,-
chr4,10590880,10590941,-
chr4,10753571,10753586,-
chr4,10769944,10769958,-
chr4,10912888,10912919,-
chr4,10937341,10937391,-
chr4,11135558,11135577,-
chr4,11143344,11143364,-
chr4,11143448,11143471,-
chr4,11146876,11146890,-
chr4,11147403,11147423,-
chr4,11147701,11147717,-
chr4,11147746,11147766,-
chr4,11152984,11153006,-
chr4,11153360,11153435,-
chr4,11153576,11153596,-
chr4,11156971,11156985,-
chr4,11157477,11157497,-
chr4,11158237,11158269,-
chr4,11485630,11485649,-
chr4,11493292,11493313,-
chr4,11493581,11493616,-
chr4,11494892,11494907,-
chr4,11558705,11558721,-
chr4,11610018,11610038,-
chr4,11610047,11610071,-
chr4,11610284,11610298,-
chr4,11615982,11615998,-
chr4,11616032,11616047,-
chr4,11721171,11721188,-
chr4,11721192,11721207,-
chr4,11721320,11721345,-
chr4,11721656,11721675,-
chr4,11802717,11802754,-
chr4,14826777,14826792,-
chr4,14826848,14826878,-
chr4,15980169,15980185,-
chr4,15980196,15980252,-
chr4,15986700,15986715,-
chr4,15986768,15986796,-
chr4,15986803,15986822,-
chr4,16162553,16162567,-
chr4,16162807,16162827,-
chr4,16298564,16298578,-
chr4,16298694,16298709,-
chr4,16298730,16298752,-
chr4,17018247,17018303,-
chr4,17018357,17018390,-
chr4,17853623,17853640,-
chr4,17854490,17854509,-
chr4,17854537,17854556,-
chr4,17855348,17855363,-
chr4,17957588,17957614,-
chr4,17957812,17957829,-
chr4,18804283,18804298,-
chr4,18804333,18804351,-
chr4,18804649,18804890,-
chr4,18804932,18804990,-
chr4,18804995,18805021,-
chr4,18805025,18805118,-
chr4,18805124,18805204,-
chr4,19335004,19335044,-
chr4,19335055,19335126,-
chr4,19584673,19584754,-
chr4,19695131,19695162,-
chr4,19695180,19695241,-
chr4,19709435,19709449,-
chr4,19851254,19851309,-
chr4,19895195,19895209,-
chr4,19925050,19925077,-
chr4,19926248,19926274,-
chr4,19926593,19926617,-
chr4,19927490,19927507,-
chr4,19928898,19928917,-
chr4,19950343,19950380,-
chr4,21727360,21727374,-
chr4,21848572,21848591,-
chr4,22358453,22358467,-
chr4,22359029,22359048,-
chr4,26347141,26347161,-
chr4,32055384,32055416,-
chr4,32057156,32057175,-
chr4,32062930,32062946,-
chr4,32063178,32063194,-
chr4,32167918,32167932,-
chr4,32249457,32249478,-
chr4,32251924,32251978,-
chr4,32252320,32252339,-
chr4,32258568,32258582,-
chr4,32263242,32263258,-
chr4,32263963,32264016,-
chr4,32264286,32264319,-
chr4,32281547,32281566,-
chr4,32290801,32290825,-
chr4,32334165,32334179,-
chr4,32334429,32334451,-
chr4,32335688,32335705,-
chr4,32336027,32336043,-
chr4,32336056,32336087,-
chr4,32336158,32336177,-
chr4,32342801,32342826,-
chr4,32347208,32347227,-
chr4,32351835,32351850,-
chr4,32351885,32351906,-
chr4,32352453,32352468,-
chr4,32387331,32387345,-
chr4,32387788,32387802,-
chr4,32388477,32388493,-
chr4,32430574,32430618,-
chr4,32560164,32560190,-
chr4,32560199,32560214,-
chr4,32800504,32800523,-
chr4,32874981,32874995,-
chr4,33227591,33227615,-
chr4,33247326,33247348,-
chr4,33289466,33289480,-
chr4,33290137,33290152,-
chr4,33996793,33996807,-
chr4,33997412,33997451,-
chr4,33997703,33997727,-
chr4,34396153,34396206,-
chr4,34396216,34396257,-
chr4,35130790,35130806,-
chr4,35140463,35140482,-
chr4,35140642,35140708,-
chr4,35140831,35140851,-
chr4,35226383,35226417,-
chr4,40240654,40240674,-
chr4,40270005,40270019,-
chr4,40721890,40721904,-
chr4,40760167,40760181,-
chr4,40780762,40780781,-
chr4,40833292,40833312,-
chr4,40838760,40838774,-
chr4,40839039,40839072,-
chr4,40845631,40845647,-
chr4,40846055,40846069,-
chr4,40852238,40852252,-
chr4,40876301,40876360,-
chr4,40883708,40883733,-
chr4,40970384,40970398,-
chr4,40970441,40970455,-
chr4,41124741,41124757,-
chr4,41124826,41124852,-
chr4,41304818,41304834,-
chr4,41314303,41314322,-
chr4,42949236,42949255,-
chr4,43000721,43000735,-
chr4,43287544,43287567,-
chr4,43287631,43287645,-
chr4,43457027,43457046,-
chr4,43478849,43478883,-
chr4,43479484,43479498,-
chr4,43482073,43482097,-
chr4,43562437,43562451,-
chr4,43903897,43903911,-
chr4,43904001,43904015,-
chr4,43936341,43936357,-
chr4,43936506,43936551,-
chr4,43960452,43960493,-
chr4,43960767,43960791,-
chr4,43973107,43973131,-
chr4,43973335,43973351,-
chr4,43973367,43973386,-
chr4,44022440,44022464,-
chr4,44271928,44271947,-
chr4,44490095,44490156,-
chr4,44755845,44755878,-
chr4,45011556,45011571,-
chr4,45402590,45402605,-
chr4,45409813,45409843,-
chr4,46151927,46151947,-
chr4,46388931,46388969,-
chr4,46442756,46442787,-
chr4,46454642,46454669,-
chr4,46508184,46508208,-
chr4,46526587,46526630,-
chr4,46598513,46598528,-
chr4,46599812,46599831,-
chr4,47011376,47011390,-
chr4,47715985,47716000,-
chr4,48043699,48043723,-
chr4,48043879,48043898,-
chr4,48043985,48044037,-
chr4,48044342,48044356,-
chr4,48075010,48075029,-
chr4,48075338,48075375,-
chr4,49631415,49631448,-
chr4,52438718,52438740,-
chr4,52439105,52439120,-
chr4,53160268,53160322,-
chr4,53227702,53227731,-
chr4,53919435,53919449,-
chr4,53919457,53919476,-
chr4,53920596,53920611,-
chr4,53920674,53920688,-
chr4,54524935,54525043,-
chr4,55356085,55356124,-
chr4,55398122,55398139,-
chr4,55398763,55398783,-
chr4,56222291,56222321,-
chr4,56673832,56673914,-
chr4,56947765,56947781,-
chr4,57656623,57656642,-
chr4,57813530,57813549,-
chr4,57832271,57832302,-
chr4,57832610,57832628,-
chr4,57832633,57832657,-
chr4,57833914,57833933,-
chr4,57896728,57896748,-
chr4,57896761,57896796,-
chr4,57896891,57896913,-
chr4,57896972,57897033,-
chr4,58649504,58649672,-
chr4,58944507,58944534,-
chr4,58944639,58944660,-
chr4,59009975,59009998,-
chr4,59133170,59133189,-
chr4,59133233,59133248,-
chr4,59133265,59133299,-
chr4,59133346,59133394,-
chr4,59133426,59133499,-
chr4,59133521,59133598,-
chr4,59133620,59133685,-
chr4,59133707,59133776,-
chr4,59133798,59133875,-
chr4,59133897,59133947,-
chr4,59133952,59133975,-
chr4,59134296,59134354,-
chr4,59134576,59134591,-
chr4,59134769,59134791,-
chr4,59134881,59134900,-
chr4,59167118,59167140,-
chr4,59190290,59190306,-
chr4,59190315,59190334,-
chr4,59190684,59190715,-
chr4,59191140,59191155,-
chr4,59191389,59191405,-
chr4,59200711,59200726,-
chr4,59200742,59200763,-
chr4,59204941,59204960,-
chr4,59205440,59205455,-
chr4,59205465,59205479,-
chr4,59205670,59205689,-
chr4,59205806,59205832,-
chr4,59236516,59236531,-
chr4,59254490,59254504,-
chr4,59254531,59254545,-
chr4,59260445,59260477,-
chr4,59260501,59260550,-
chr4,59260599,59260619,-
chr4,59261570,59261627,-
chr4,59262735,59262769,-
chr4,59265409,59265425,-
chr4,59266346,59266360,-
chr4,59273740,59273765,-
chr4,59278681,59278700,-
chr4,59279802,59279830,-
chr4,59280118,59280137,-
chr4,59280238,59280258,-
chr4,59318757,59318772,-
chr4,59319971,59320007,-
chr4,59320008,59320024,-
chr4,59330641,59330655,-
chr4,59331937,59331951,-
chr4,59334572,59334597,-
chr4,59335577,59335631,-
chr4,59338758,59338772,-
chr4,59338923,59338938,-
chr4,59548436,59548466,-
chr4,59580674,59580693,-
chr4,59784257,59784271,-
chr4,59786538,59786579,-
chr4,59786618,59786676,-
chr4,59806736,59806755,-
chr4,62407897,62407913,-
chr4,62475831,62475847,-
chr4,62476059,62476079,-
chr4,62476339,62476359,-
chr4,62586906,62586922,-
chr4,62594258,62594272,-
chr4,62594385,62594408,-
chr4,62681903,62681918,-
chr4,62756745,62756764,-
chr4,62807022,62807040,-
chr4,63049693,63049721,-
chr4,63385277,63385310,-
chr4,63561630,63561650,-
chr4,63562415,63562434,-
chr4,63842365,63842384,-
chr4,63847310,63847329,-
chr4,63849338,63849367,-
chr4,63860692,63860732,-
chr4,63953616,63953713,-
chr4,70410807,70410826,-
chr4,71291129,71291148,-
chr4,71291793,71291807,-
chr4,74251563,74251582,-
chr4,75180422,75180441,-
chr4,75180649,75180704,-
chr4,75267164,75267198,-
chr4,83315332,83315346,-
chr4,83315367,83315386,-
chr4,83327986,83328005,-
chr4,83486715,83486735,-
chr4,83570980,83570999,-
chr4,83571008,83571022,-
chr4,86612358,86612377,-
chr4,86651999,86652046,-
chr4,86683615,86683645,-
chr4,86697486,86697513,-
chr4,86712288,86712309,-
chr4,86713846,86713897,-
chr4,86717527,86717543,-
chr4,86717555,86717571,-
chr4,86721974,86721990,-
chr4,86722461,86722483,-
chr4,86748098,86748112,-
chr4,86750663,86750679,-
chr4,86750708,86750723,-
chr4,86885213,86885264,-
chr4,86886167,86886181,-
chr4,86886682,86886696,-
chr4,87669827,87669851,-
chr4,88033055,88033070,-
chr4,88046637,88046661,-
chr4,88167255,88167275,-
chr4,88167276,88167290,-
chr4,88167303,88167319,-
chr4,88275638,88275662,-
chr4,88302407,88302421,-
chr4,88302425,88302469,-
chr4,88450120,88450145,-
chr4,88451008,88451044,-
chr4,88550498,88550534,-
chr4,88640909,88640940,-
chr4,88641088,88641114,-
chr4,88641427,88641446,-
chr4,88693419,88693487,-
chr4,88722761,88722791,-
chr4,88727310,88727326,-
chr4,88727454,88727468,-
chr4,88868269,88868283,-
chr4,88868358,88868374,-
chr4,89137965,89137994,-
chr4,89552289,89552305,-
chr4,89876255,89876274,-
chr4,94603566,94603582,-
chr4,94603591,94603607,-
chr4,94603649,94603669,-
chr4,95106468,95106484,-
chr4,95161849,95161863,-
chr4,95197265,95197279,-
chr4,95303901,95303921,-
chr4,97489181,97489243,-
chr4,97563217,97563302,-
chr4,97771923,97771942,-
chr4,97772806,97772826,-
chr4,97773086,97773108,-
chr4,97773134,97773160,-
chr4,97773550,97773580,-
chr4,97923712,97923804,-
chr4,97958516,97958574,-
chr4,98021105,98021131,-
chr4,98021203,98021222,-
chr4,98039962,98039977,-
chr4,98040541,98040555,-
chr4,98040613,98040668,-
chr4,98090923,98090937,-
chr4,98091005,98091075,-
chr4,98113559,98113579,-
chr4,98113667,98113694,-
chr4,98113702,98113717,-
chr4,98113765,98113784,-
chr4,98213659,98213681,-
chr4,98322287,98322301,-
chr4,98383378,98383406,-
chr4,98437046,98437066,-
chr4,98437096,98437115,-
chr4,99109299,99109336,-
chr4,101061795,101061878,-
chr4,101167774,101167803,-
chr4,101167805,101167822,-
chr4,101175837,101175864,-
chr4,101176158,101176180,-
chr4,101179264,101179278,-
chr4,101182992,101183016,-
chr4,101183356,101183375,-
chr4,101183526,101183545,-
chr4,101187293,101187312,-
chr4,101245077,101245093,-
chr4,101253183,101253254,-
chr4,101260657,101260672,-
chr4,101356707,101356729,-
chr4,101357172,101357191,-
chr4,101357234,101357266,-
chr4,101357523,101357537,-
chr4,101496031,101496053,-
chr4,102505610,102505700,-
chr4,102507593,102507610,-
chr4,102516867,102516887,-
chr4,102516907,102516951,-
chr4,102518344,102518358,-
chr4,102569822,102569893,-
chr4,102570740,102570760,-
chr4,102571381,102571405,-
chr4,102571618,102571634,-
chr4,102574160,102574174,-
chr4,103119932,103119948,-
chr4,103120105,103120124,-
chr4,103120354,103120373,-
chr4,103120385,103120405,-
chr4,103120577,103120592,-
chr4,103214284,103214303,-
chr4,106084806,106084860,-
chr4,106279095,106279192,-
chr4,106279201,106279230,-
chr4,106293161,106293180,-
chr4,106296936,106296950,-
chr4,106313183,106313197,-
chr4,106314577,106314592,-
chr4,106329216,106329231,-
chr4,106329246,106329274,-
chr4,106795531,106795560,-
chr4,106795562,106795591,-
chr4,106839279,106839295,-
chr4,106840724,106840747,-
chr4,106908639,106908663,-
chr4,106910154,106910170,-
chr4,107179848,107179867,-
chr4,107196596,107196621,-
chr4,107196908,107196927,-
chr4,107197089,107197138,-
chr4,107197420,107197435,-
chr4,107201669,107201684,-
chr4,107259676,107259711,-
chr4,107314108,107314130,-
chr4,107890375,107890396,-
chr4,107892707,107892771,-
chr4,108071142,108071194,-
chr4,108081937,108081953,-
chr4,108081970,108082009,-
chr4,108091271,108091286,-
chr4,108092232,108092254,-
chr4,108301414,108301455,-
chr4,108301482,108301520,-
chr4,108301634,108301649,-
chr4,108301812,108301831,-
chr4,108309617,108309633,-
chr4,108318986,108319002,-
chr4,108319203,108319244,-
chr4,108319659,108319687,-
chr4,108319936,108319952,-
chr4,108434564,108434578,-
chr4,108460566,108460582,-
chr4,108461045,108461059,-
chr4,108461509,108461528,-
chr4,108461700,108461719,-
chr4,108832892,108832907,-
chr4,108833806,108833820,-
chr4,108987341,108987366,-
chr4,108987589,108987611,-
chr4,108987628,108987642,-
chr4,109079888,109079903,-
chr4,109080467,109080481,-
chr4,109080511,109080528,-
chr4,109273852,109273866,-
chr4,109274037,109274061,-
chr4,109279948,109279963,-
chr4,109760754,109760780,-
chr4,111719202,111719241,-
chr4,111719630,111719644,-
chr4,114653131,114653146,-
chr4,115058674,115058696,-
chr4,115059019,115059077,-
chr4,115059310,115059331,-
chr4,115827674,115827693,-
chr4,115838638,115838660,-
chr4,116075293,116075316,-
chr4,116464657,116464676,-
chr4,116556057,116556085,-
chr4,116558155,116558218,-
chr4,116558691,116558717,-
chr4,116685946,116685965,-
chr4,116720407,116720421,-
chr4,116720544,116720560,-
chr4,117156329,117156344,-
chr4,117182723,117182784,-
chr4,117189081,117189128,-
chr4,117189140,117189154,-
chr4,117189182,117189206,-
chr4,117189271,117189292,-
chr4,117189778,117189792,-
chr4,117189861,117189875,-
chr4,117190256,117190270,-
chr4,117190634,117190668,-
chr4,117201807,117201836,-
chr4,117201976,117202004,-
chr4,117202361,117202393,-
chr4,117202710,117202724,-
chr4,117210331,117210347,-
chr4,117210398,117210429,-
chr4,117210689,117210712,-
chr4,117550067,117550095,-
chr4,119127154,119127205,-
chr4,119174452,119174472,-
chr4,119320855,119320882,-
chr4,119320890,119320904,-
chr4,119540458,119540489,-
chr4,120925335,120925366,-
chr4,120925478,120925494,-
chr4,120978754,120978770,-
chr4,120984620,120984636,-
chr4,120984716,120984743,-
chr4,121196060,121196079,-
chr4,122932746,122932760,-
chr4,123415716,123415735,-
chr4,123577497,123577513,-
chr4,124756055,124756074,-
chr4,124756705,124756731,-
chr4,124756841,124756855,-
chr4,124756857,124756872,-
chr4,126148320,126148347,-
chr4,126194448,126194462,-
chr4,126211450,126211464,-
chr4,126211771,126211791,-
chr4,126212455,126212498,-
chr4,126259475,126259506,-
chr4,126557791,126557805,-
chr4,126811911,126811947,-
chr4,127008753,127008772,-
chr4,127015569,127015588,-
chr4,127061295,127061344,-
chr4,128617615,128617629,-
chr4,128618703,128618735,-
chr4,128619060,128619076,-
chr4,128619117,128619133,-
chr4,128711662,128711686,-
chr4,128981141,128981166,-
chr4,129033276,129033305,-
chr4,129034893,129034919,-
chr4,129034940,129034971,-
chr4,129034979,129035030,-
chr4,129059143,129059184,-
chr4,129189758,129189776,-
chr4,129559005,129559041,-
chr4,129569770,129569795,-
chr4,129571152,129571200,-
chr4,129575813,129575875,-
chr4,129619274,129619294,-
chr4,129641297,129641336,-
chr4,129696112,129696134,-
chr4,129742467,129742481,-
chr4,129755158,129755193,-
chr4,129761569,129761591,-
chr4,129765508,129765522,-
chr4,129821691,129821719,-
chr4,129882548,129882562,-
chr4,129883132,129883148,-
chr4,129898983,129898999,-
chr4,129914428,129914444,-
chr4,130107872,130107894,-
chr4,130235199,130235214,-
chr4,130235226,130235241,-
chr4,130235328,130235343,-
chr4,130662937,130662956,-
chr4,130774375,130774389,-
chr4,130774783,130774806,-
chr4,130774863,130774882,-
chr4,130909083,130909097,-
chr4,130909567,130909581,-
chr4,130913274,130913293,-
chr4,130915185,130915204,-
chr4,130919261,130919286,-
chr4,130920758,130920777,-
chr4,130921774,130921798,-
chr4,132033308,132033322,-
chr4,132048338,132048359,-
chr4,132269459,132269479,-
chr4,132269759,132269781,-
chr4,132345259,132345274,-
chr4,132464106,132464120,-
chr4,132515449,132515472,-
chr4,132515799,132515826,-
chr4,132647634,132647648,-
chr4,132647687,132647708,-
chr4,132715899,132715936,-
chr4,132732683,132732745,-
chr4,132768117,132768142,-
chr4,132815823,132815837,-
chr4,133096826,133096840,-
chr4,133096862,133096905,-
chr4,133129558,133129577,-
chr4,133130344,133130358,-
chr4,133130432,133130452,-
chr4,133131423,133131439,-
chr4,133162342,133162390,-
chr4,133162794,133162822,-
chr4,133170438,133170458,-
chr4,133170549,133170564,-
chr4,133174481,133174496,-
chr4,133174528,133174547,-
chr4,133174609,133174649,-
chr4,133278378,133278392,-
chr4,133278401,133278416,-
chr4,133354320,133354384,-
chr4,133354544,133354623,-
chr4,133369458,133369472,-
chr4,133584391,133584415,-
chr4,133625131,133625171,-
chr4,133626376,133626395,-
chr4,133626685,133626713,-
chr4,133631706,133631725,-
chr4,133650405,133650419,-
chr4,133730453,133730479,-
chr4,133800662,133800694,-
chr4,133800807,133800829,-
chr4,133805684,133805698,-
chr4,133805750,133805799,-
chr4,133805984,133806003,-
chr4,133814616,133814642,-
chr4,133836897,133836960,-
chr4,133838361,133838375,-
chr4,133838394,133838420,-
chr4,133841388,133841407,-
chr4,133842085,133842120,-
chr4,133842280,133842320,-
chr4,133844875,133844899,-
chr4,133878689,133878703,-
chr4,133878996,133879016,-
chr4,133905621,133905640,-
chr4,133910197,133910211,-
chr4,133966967,133966986,-
chr4,134036188,134036204,-
chr4,134039522,134039552,-
chr4,134039672,134039701,-
chr4,134041351,134041365,-
chr4,134042292,134042348,-
chr4,134091352,134091371,-
chr4,134095403,134095425,-
chr4,134096426,134096445,-
chr4,134106815,134106841,-
chr4,134116795,134116827,-
chr4,134118602,134118621,-
chr4,134118868,134118884,-
chr4,134121893,134121927,-
chr4,134160359,134160375,-
chr4,134361165,134361185,-
chr4,134460416,134460438,-
chr4,134469210,134469229,-
chr4,134495665,134495709,-
chr4,134504999,134505014,-
chr4,134735137,134735166,-
chr4,134796566,134796580,-
chr4,134854357,134854377,-
chr4,134914087,134914111,-
chr4,134915188,134915222,-
chr4,135067195,135067214,-
chr4,135072772,135072788,-
chr4,135079465,135079504,-
chr4,135105281,135105301,-
chr4,135108918,135108932,-
chr4,135116945,135116964,-
chr4,135120885,135120924,-
chr4,135203062,135203145,-
chr4,135240510,135240526,-
chr4,135240691,135240705,-
chr4,135248795,135248811,-
chr4,135248831,135248866,-
chr4,135271798,135271835,-
chr4,135272134,135272148,-
chr4,135290246,135290272,-
chr4,135353594,135353609,-
chr4,135353981,135353996,-
chr4,135439608,135439658,-
chr4,135440590,135440610,-
chr4,135494543,135494562,-
chr4,135610333,135610377,-
chr4,135665102,135665118,-
chr4,135665139,135665159,-
chr4,135873957,135873979,-
chr4,135877280,135877294,-
chr4,135889918,135889953,-
chr4,135902617,135902637,-
chr4,135902845,135902861,-
chr4,135903260,135903279,-
chr4,135904513,135904539,-
chr4,135911566,135911581,-
chr4,135954290,135954341,-
chr4,135954349,135954400,-
chr4,135954705,135954775,-
chr4,135955281,135955320,-
chr4,135972933,135972947,-
chr4,135973737,135973769,-
chr4,136070172,136070188,-
chr4,136089323,136089342,-
chr4,136096838,136096860,-
chr4,136097117,136097138,-
chr4,136100497,136100529,-
chr4,136172184,136172199,-
chr4,136178852,136178866,-
chr4,136180055,136180070,-
chr4,136190501,136190534,-
chr4,136285858,136285877,-
chr4,136626665,136626685,-
chr4,137356748,137356762,-
chr4,137357920,137357935,-
chr4,137357976,137358010,-
chr4,137358150,137358184,-
chr4,137358320,137358355,-
chr4,137358526,137358542,-
chr4,137368117,137368131,-
chr4,137387845,137387888,-
chr4,137388739,137388753,-
chr4,137388900,137388959,-
chr4,137603844,137603864,-
chr4,137641989,137642003,-
chr4,137993168,137993183,-
chr4,137994629,137994672,-
chr4,138058752,138058780,-
chr4,138058809,138058830,-
chr4,138058859,138058880,-
chr4,138058909,138058930,-
chr4,138058966,138058980,-
chr4,138059016,138059030,-
chr4,138059059,138059087,-
chr4,138059116,138059137,-
chr4,138059149,138059187,-
chr4,138059216,138059237,-
chr4,138059266,138059287,-
chr4,138059316,138059344,-
chr4,138059380,138059394,-
chr4,138059423,138059458,-
chr4,138059494,138059508,-
chr4,138059544,138059558,-
chr4,138059594,138059608,-
chr4,138059637,138059658,-
chr4,138059687,138059722,-
chr4,138059758,138059772,-
chr4,138059808,138059822,-
chr4,138059851,138059879,-
chr4,138059891,138059936,-
chr4,138059972,138059986,-
chr4,138060015,138060036,-
chr4,138060057,138060077,-
chr4,138107520,138107578,-
chr4,138108126,138108145,-
chr4,138130183,138130226,-
chr4,138130503,138130531,-
chr4,138216983,138217007,-
chr4,138221469,138221493,-
chr4,138223768,138223783,-
chr4,138326896,138326920,-
chr4,138914071,138914087,-
chr4,138943759,138943790,-
chr4,139193500,139193514,-
chr4,139203782,139203801,-
chr4,139209591,139209610,-
chr4,139214567,139214593,-
chr4,139242129,139242148,-
chr4,139242157,139242176,-
chr4,139329294,139329355,-
chr4,139352270,139352289,-
chr4,139578936,139578952,-
chr4,139578998,139579018,-
chr4,139611909,139611930,-
chr4,139616984,139616998,-
chr4,140701486,140701505,-
chr4,140701698,140701724,-
chr4,140952352,140952383,-
chr4,141077729,141077745,-
chr4,141454457,141454471,-
chr4,143219762,143219846,-
chr4,143412308,143412330,-
chr4,143412562,143412599,-
chr4,143413235,143413274,-
chr4,145019656,145019688,-
chr4,145092859,145092878,-
chr4,145210432,145210466,-
chr4,145210680,145210695,-
chr4,145210823,145210878,-
chr4,145211411,145211433,-
chr4,145254460,145254476,-
chr4,147868642,147868658,-
chr4,147905130,147905148,-
chr4,147975518,147975547,-
chr4,147975552,147975610,-
chr4,148509627,148509653,-
chr4,148509773,148509807,-
chr4,148627226,148627242,-
chr4,148683771,148683785,-
chr4,148998339,148998364,-
chr4,149167319,149167355,-
chr4,149167530,149167549,-
chr4,149167573,149167606,-
chr4,149432780,149432822,-
chr4,149433087,149433175,-
chr4,149436601,149436627,-
chr4,149437042,149437056,-
chr4,149453930,149453948,-
chr4,149470111,149470146,-
chr4,149485522,149485541,-
chr4,149486128,149486206,-
chr4,149516711,149516726,-
chr4,149516835,149516854,-
chr4,149647933,149647953,-
chr4,149664480,149664518,-
chr4,149664610,149664624,-
chr4,149665460,149665474,-
chr4,149680646,149680666,-
chr4,149690853,149690873,-
chr4,149698669,149698683,-
chr4,149702293,149702307,-
chr4,149703214,149703233,-
chr4,149705953,149705982,-
chr4,149705999,149706018,-
chr4,149706030,149706044,-
chr4,149711023,149711039,-
chr4,149711072,149711088,-
chr4,149711093,149711109,-
chr4,149711123,149711137,-
chr4,149711188,149711204,-
chr4,149711246,149711262,-
chr4,149711287,149711301,-
chr4,149711302,149711326,-
chr4,149854153,149854168,-
chr4,149856664,149856686,-
chr4,149871933,149871954,-
chr4,149954209,149954225,-
chr4,150254026,150254086,-
chr4,150517477,150517501,-
chr4,150540116,150540152,-
chr4,150540267,150540281,-
chr4,150540620,150540635,-
chr4,150545079,150545093,-
chr4,150545510,150545561,-
chr4,150556839,150556853,-
chr4,150558023,150558043,-
chr4,150558386,150558435,-
chr4,150566219,150566238,-
chr4,150566737,150566781,-
chr4,150570162,150570190,-
chr4,150573306,150573349,-
chr4,150583509,150583528,-
chr4,150584100,150584132,-
chr4,150588012,150588059,-
chr4,150593848,150593863,-
chr4,150593892,150593914,-
chr4,150594067,150594081,-
chr4,150594086,150594173,-
chr4,150808934,150808953,-
chr4,150894503,150894523,-
chr4,150924228,150924242,-
chr4,150938005,150938059,-
chr4,151996811,151996825,-
chr4,152008462,152008476,-
chr4,152120853,152120882,-
chr4,152154360,152154401,-
chr4,152189243,152189263,-
chr4,152189376,152189402,-
chr4,152190409,152190433,-
chr4,152190603,152190638,-
chr4,152197777,152197793,-
chr4,152197965,152197985,-
chr4,153956759,153956777,-
chr4,154142196,154142210,-
chr4,154864471,154864510,-
chr4,154928995,154929019,-
chr4,154929044,154929080,-
chr4,154937221,154937270,-
chr4,154937271,154937290,-
chr4,155178990,155179009,-
chr4,155197637,155197651,-
chr4,155199247,155199276,-
chr4,155201185,155201209,-
chr4,155201405,155201419,-
chr4,155201496,155201510,-
chr4,155563276,155563315,-
chr4,155568128,155568142,-
chr4,155568474,155568507,-
chr4,155568508,155568524,-
chr4,155600887,155600906,-
chr4,155603987,155604006,-
chr4,155604067,155604090,-
chr4,155604261,155604275,-
chr4,155669642,155669676,-
chr4,155705861,155705883,-
chr4,155803196,155803240,-
chr4,155803349,155803369,-
chr4,155811973,155812000,-
chr4,155881220,155881297,-
chr4,155993702,155993732,-
chr4,156004423,156004450,-
chr4,156032010,156032037,-
chr4,156068094,156068120,-
chr4,156068186,156068217,-
chr4,156076972,156077001,-
chr4,156109498,156109512,-
chr4,156110416,156110430,-
chr4,156200869,156200893,-
chr4,156201660,156201737,-
chr4,156235359,156235380,-
chr4,156255073,156255099,-
chr5,3342518,3342540,+
chr5,3420857,3420871,+
chr5,3544418,3544473,+
chr5,3647001,3647029,+
chr5,4192102,4192121,+
chr5,8055600,8055632,+
chr5,8055721,8055748,+
chr5,8055821,8055835,+
chr5,8422121,8422137,+
chr5,8675643,8675658,+
chr5,8675660,8675675,+
chr5,8807157,8807177,+
chr5,8807663,8807685,+
chr5,8911973,8911993,+
chr5,8996427,8996443,+
chr5,9015336,9015364,+
chr5,9015785,9015815,+
chr5,9086862,9086881,+
chr5,9086938,9086996,+
chr5,9100399,9100418,+
chr5,9107778,9107797,+
chr5,17403159,17403208,+
chr5,20238358,20238373,+
chr5,20238534,20238550,+
chr5,20332270,20332289,+
chr5,20332548,20332568,+
chr5,20332575,20332612,+
chr5,20702923,20702937,+
chr5,20881407,20881421,+
chr5,20882362,20882386,+
chr5,20941175,20941194,+
chr5,20945707,20945726,+
chr5,21002696,21002710,+
chr5,21194812,21194832,+
chr5,21194876,21194938,+
chr5,21213819,21213844,+
chr5,21255185,21255200,+
chr5,21256227,21256276,+
chr5,21411409,21411423,+
chr5,21414814,21414841,+
chr5,21414850,21414871,+
chr5,21634437,21634489,+
chr5,21672900,21672927,+
chr5,21701279,21701295,+
chr5,22164062,22164162,+
chr5,23351265,23351284,+
chr5,23385189,23385209,+
chr5,23385393,23385409,+
chr5,23385414,23385436,+
chr5,23385646,23385678,+
chr5,23386229,23386309,+
chr5,23415869,23415888,+
chr5,23416125,23416139,+
chr5,23418245,23418267,+
chr5,23432364,23432378,+
chr5,23573391,23573405,+
chr5,23604444,23604458,+
chr5,23604949,23605002,+
chr5,23616700,23616714,+
chr5,23616868,23616882,+
chr5,23631668,23631683,+
chr5,23637806,23637876,+
chr5,23712224,23712248,+
chr5,23719187,23719202,+
chr5,23719307,23719327,+
chr5,24031029,24031043,+
chr5,24039629,24039644,+
chr5,24266999,24267015,+
chr5,24344450,24344464,+
chr5,24344618,24344633,+
chr5,24393629,24393651,+
chr5,24393787,24393802,+
chr5,24424951,24424966,+
chr5,24918965,24919021,+
chr5,25436232,25436246,+
chr5,25500134,25500148,+
chr5,25529140,25529155,+
chr5,27304220,27304234,+
chr5,28318096,28318122,+
chr5,28382274,28382293,+
chr5,29434534,29434548,+
chr5,29735994,29736013,+
chr5,30449842,30449891,+
chr5,30666271,30666290,+
chr5,31064816,31064830,+
chr5,31180632,31180646,+
chr5,31226439,31226481,+
chr5,31452041,31452056,+
chr5,31603072,31603096,+
chr5,31612825,31612877,+
chr5,31613035,31613059,+
chr5,31613072,31613086,+
chr5,31613103,31613143,+
chr5,31613701,31613728,+
chr5,31614408,31614442,+
chr5,31918652,31918671,+
chr5,31919283,31919297,+
chr5,32126394,32126410,+
chr5,32126434,32126464,+
chr5,32126507,32126523,+
chr5,32134864,32134923,+
chr5,32460460,32460487,+
chr5,32610437,32610454,+
chr5,32714454,32714480,+
chr5,32714485,32714519,+
chr5,32854548,32854563,+
chr5,33039248,33039288,+
chr5,33274247,33274268,+
chr5,33520856,33520880,+
chr5,33628980,33628994,+
chr5,33752339,33752405,+
chr5,33759635,33759649,+
chr5,34466082,34466111,+
chr5,34466243,34466277,+
chr5,34466398,34466421,+
chr5,34514281,34514303,+
chr5,34525627,34525675,+
chr5,34538879,34538894,+
chr5,34636211,34636297,+
chr5,34761961,34761976,+
chr5,34823114,34823145,+
chr5,35105620,35105644,+
chr5,36553977,36554005,+
chr5,36570606,36570629,+
chr5,36574341,36574356,+
chr5,36797240,36797295,+
chr5,37011576,37011606,+
chr5,37037275,37037289,+
chr5,37051877,37051894,+
chr5,38260641,38260664,+
chr5,38307559,38307632,+
chr5,41842461,41842476,+
chr5,41843767,41843815,+
chr5,41845325,41845340,+
chr5,43232688,43232711,+
chr5,43236725,43236749,+
chr5,43771866,43771881,+
chr5,43862171,43862232,+
chr5,43948823,43948839,+
chr5,44181026,44181045,+
chr5,44218079,44218094,+
chr5,44218215,44218230,+
chr5,44218241,44218267,+
chr5,44218305,44218319,+
chr5,44220199,44220215,+
chr5,45926192,45926224,+
chr5,45996588,45996650,+
chr5,48372168,48372182,+
chr5,50024006,50024020,+
chr5,50024129,50024148,+
chr5,50024758,50024778,+
chr5,50025980,50025995,+
chr5,50026148,50026164,+
chr5,50026364,50026386,+
chr5,50027040,50027056,+
chr5,50027989,50028005,+
chr5,50204331,50204404,+
chr5,50206197,50206242,+
chr5,52190835,52190855,+
chr5,52782680,52782714,+
chr5,52833705,52833719,+
chr5,53588821,53588907,+
chr5,54101783,54101807,+
chr5,58164892,58164912,+
chr5,58164921,58164982,+
chr5,62751781,62751810,+
chr5,62751877,62751901,+
chr5,62752917,62752954,+
chr5,62765658,62765672,+
chr5,62815694,62815713,+
chr5,62815891,62815905,+
chr5,62857828,62857847,+
chr5,62857853,62857890,+
chr5,62857955,62857974,+
chr5,62858620,62858641,+
chr5,63968222,63968236,+
chr5,63969385,63969405,+
chr5,64024261,64024319,+
chr5,64044661,64044700,+
chr5,64103075,64103090,+
chr5,64109306,64109335,+
chr5,64229961,64229984,+
chr5,64336815,64336835,+
chr5,64371495,64371514,+
chr5,64380824,64380843,+
chr5,64402846,64402892,+
chr5,64402909,64402971,+
chr5,64478753,64478778,+
chr5,64484767,64484790,+
chr5,64484840,64484867,+
chr5,64486033,64486068,+
chr5,64488165,64488184,+
chr5,64488605,64488621,+
chr5,64488629,64488653,+
chr5,64489022,64489038,+
chr5,64491835,64491869,+
chr5,64491902,64491917,+
chr5,64492253,64492281,+
chr5,64496812,64496828,+
chr5,64497696,64497711,+
chr5,64498253,64498270,+
chr5,64500041,64500060,+
chr5,64505079,64505098,+
chr5,64505109,64505125,+
chr5,64599163,64599202,+
chr5,64600018,64600032,+
chr5,64600369,64600392,+
chr5,64647800,64647837,+
chr5,64650915,64650948,+
chr5,64651379,64651401,+
chr5,64651415,64651429,+
chr5,64662433,64662447,+
chr5,64662476,64662497,+
chr5,64676958,64676977,+
chr5,64680955,64681003,+
chr5,64681936,64681964,+
chr5,64682047,64682061,+
chr5,64683266,64683300,+
chr5,64764586,64764605,+
chr5,64771723,64771747,+
chr5,64780977,64780997,+
chr5,64802351,64802365,+
chr5,64805739,64805753,+
chr5,64806916,64806930,+
chr5,64807698,64807712,+
chr5,64813390,64813417,+
chr5,64818443,64818475,+
chr5,64819123,64819142,+
chr5,64819304,64819340,+
chr5,64861298,64861327,+
chr5,64861361,64861399,+
chr5,64861856,64861870,+
chr5,64864525,64864542,+
chr5,64866296,64866323,+
chr5,64884977,64884996,+
chr5,64906403,64906465,+
chr5,64906680,64906694,+
chr5,64919251,64919265,+
chr5,64933170,64933192,+
chr5,64933671,64933685,+
chr5,64958915,64958935,+
chr5,64959292,64959306,+
chr5,64960221,64960237,+
chr5,64960482,64960507,+
chr5,64960842,64960877,+
chr5,64969350,64969370,+
chr5,64985537,64985591,+
chr5,65003086,65003100,+
chr5,65003208,65003224,+
chr5,65019533,65019557,+
chr5,65020003,65020022,+
chr5,65091893,65091915,+
chr5,65154467,65154483,+
chr5,65199242,65199265,+
chr5,65217716,65217740,+
chr5,65326105,65326119,+
chr5,65326315,65326329,+
chr5,65326682,65326713,+
chr5,65326852,65326870,+
chr5,65335072,65335099,+
chr5,65535809,65535846,+
chr5,65654091,65654105,+
chr5,65725161,65725190,+
chr5,65765668,65765712,+
chr5,65826874,65826888,+
chr5,65827088,65827111,+
chr5,65850524,65850570,+
chr5,65850573,65850608,+
chr5,65851394,65851421,+
chr5,65859684,65859728,+
chr5,65859933,65859959,+
chr5,65869433,65869449,+
chr5,65870071,65870087,+
chr5,65870310,65870331,+
chr5,65871396,65871412,+
chr5,65873203,65873217,+
chr5,65878908,65878927,+
chr5,65878971,65879005,+
chr5,65879010,65879026,+
chr5,65882358,65882372,+
chr5,65882460,65882513,+
chr5,65885446,65885480,+
chr5,65886146,65886172,+
chr5,65887552,65887619,+
chr5,65888790,65888809,+
chr5,65897907,65897925,+
chr5,65901742,65901763,+
chr5,65901924,65901953,+
chr5,65910766,65910797,+
chr5,65911385,65911401,+
chr5,65911402,65911439,+
chr5,65912361,65912376,+
chr5,65919785,65919807,+
chr5,65921033,65921064,+
chr5,65921129,65921143,+
chr5,65928692,65928712,+
chr5,65929926,65929967,+
chr5,65930101,65930115,+
chr5,65930542,65930658,+
chr5,65950119,65950163,+
chr5,65954590,65954605,+
chr5,65954634,65954654,+
chr5,65954775,65954818,+
chr5,66061157,66061233,+
chr5,66068726,66068746,+
chr5,66074820,66074839,+
chr5,66200077,66200092,+
chr5,66200339,66200358,+
chr5,66339841,66339855,+
chr5,66339876,66339934,+
chr5,67260377,67260393,+
chr5,67260580,67260599,+
chr5,67393920,67393946,+
chr5,67394353,67394367,+
chr5,67395495,67395509,+
chr5,67395756,67395775,+
chr5,67418739,67418765,+
chr5,67418777,67418791,+
chr5,67419691,67419710,+
chr5,67791553,67791617,+
chr5,67791637,67791653,+
chr5,67791661,67791725,+
chr5,67791885,67791939,+
chr5,67791959,67791975,+
chr5,67791983,67792011,+
chr5,67792127,67792295,+
chr5,67846200,67846237,+
chr5,67846492,67846527,+
chr5,67943789,67943848,+
chr5,71903098,71903117,+
chr5,72159624,72159638,+
chr5,72161185,72161205,+
chr5,72161240,72161264,+
chr5,72162815,72162829,+
chr5,72163146,72163165,+
chr5,72163530,72163544,+
chr5,72202042,72202070,+
chr5,72204431,72204480,+
chr5,72204670,72204689,+
chr5,72622419,72622435,+
chr5,72635559,72635582,+
chr5,72636762,72636781,+
chr5,72636931,72636949,+
chr5,72637165,72637187,+
chr5,72743346,72743368,+
chr5,72752002,72752016,+
chr5,72752388,72752402,+
chr5,72761809,72761823,+
chr5,72763814,72763830,+
chr5,72764092,72764111,+
chr5,72913682,72913696,+
chr5,73131560,73131587,+
chr5,73131730,73131749,+
chr5,73236657,73236676,+
chr5,73237437,73237459,+
chr5,73237775,73237795,+
chr5,73241641,73241660,+
chr5,73254752,73254771,+
chr5,73256362,73256376,+
chr5,74261017,74261031,+
chr5,74402506,74402530,+
chr5,74404011,74404031,+
chr5,74404065,74404084,+
chr5,74421061,74421075,+
chr5,75043013,75043039,+
chr5,75043998,75044017,+
chr5,75044478,75044493,+
chr5,75792178,75792215,+
chr5,76905273,76905288,+
chr5,77124116,77124142,+
chr5,77124438,77124458,+
chr5,77125274,77125293,+
chr5,77134412,77134426,+
chr5,77140453,77140467,+
chr5,77144675,77144704,+
chr5,77148163,77148182,+
chr5,77310303,77310322,+
chr5,77460314,77460333,+
chr5,86065497,86065517,+
chr5,86067029,86067043,+
chr5,86069293,86069315,+
chr5,86071307,86071332,+
chr5,86071439,86071454,+
chr5,86171785,86171844,+
chr5,86173103,86173126,+
chr5,86803726,86803761,+
chr5,86803903,86803922,+
chr5,88553959,88553978,+
chr5,88554029,88554071,+
chr5,88564465,88564489,+
chr5,88675570,88675589,+
chr5,88727695,88727721,+
chr5,88765946,88765965,+
chr5,88765997,88766018,+
chr5,88815876,88815905,+
chr5,88815917,88815932,+
chr5,88815938,88815959,+
chr5,88815962,88816004,+
chr5,88816007,88816025,+
chr5,88816047,88816075,+
chr5,88816095,88816123,+
chr5,88816151,88816228,+
chr5,88816250,88816301,+
chr5,88816304,88816327,+
chr5,88816349,88816400,+
chr5,88816410,88816441,+
chr5,89090414,89090428,+
chr5,89090760,89090782,+
chr5,91402837,91402856,+
chr5,91403273,91403342,+
chr5,91814664,91814678,+
chr5,92093960,92093974,+
chr5,92102939,92102969,+
chr5,92165974,92165988,+
chr5,92166091,92166105,+
chr5,92166239,92166258,+
chr5,92245851,92245875,+
chr5,92353410,92353427,+
chr5,92353605,92353629,+
chr5,92375425,92375447,+
chr5,92376090,92376118,+
chr5,92465928,92465964,+
chr5,92466229,92466249,+
chr5,92485090,92485109,+
chr5,92491314,92491340,+
chr5,92491424,92491443,+
chr5,92491554,92491568,+
chr5,92499259,92499277,+
chr5,92499871,92499925,+
chr5,92642295,92642315,+
chr5,92642494,92642508,+
chr5,92642548,92642604,+
chr5,92642708,92642729,+
chr5,92642803,92642855,+
chr5,93152339,93152353,+
chr5,93205724,93205745,+
chr5,93206351,93206371,+
chr5,93206384,93206403,+
chr5,93263419,93263441,+
chr5,93264042,93264079,+
chr5,93264122,93264147,+
chr5,93267244,93267270,+
chr5,93267557,93267571,+
chr5,96160877,96160892,+
chr5,96163834,96163865,+
chr5,96164218,96164237,+
chr5,96175979,96175993,+
chr5,96177083,96177113,+
chr5,96208541,96208557,+
chr5,96208904,96208925,+
chr5,96209059,96209073,+
chr5,96209409,96209466,+
chr5,96209867,96209881,+
chr5,96878822,96878846,+
chr5,96878860,96878879,+
chr5,96912206,96912222,+
chr5,96915074,96915090,+
chr5,96917065,96917084,+
chr5,96957947,96957963,+
chr5,96998438,96998469,+
chr5,97930129,97930148,+
chr5,97930441,97930460,+
chr5,97983279,97983303,+
chr5,97983384,97983408,+
chr5,97983715,97983731,+
chr5,98018427,98018449,+
chr5,98185198,98185230,+
chr5,100526238,100526257,+
chr5,100526782,100526798,+
chr5,100568477,100568505,+
chr5,100573280,100573295,+
chr5,100585327,100585346,+
chr5,100585704,100585749,+
chr5,100585756,100585777,+
chr5,100587796,100587820,+
chr5,100588155,100588186,+
chr5,100638889,100638918,+
chr5,100639012,100639073,+
chr5,100639252,100639271,+
chr5,100644469,100644483,+
chr5,100875962,100875977,+
chr5,101239424,101239453,+
chr5,103365711,103365730,+
chr5,103376892,103376912,+
chr5,103376937,103376968,+
chr5,103377150,103377175,+
chr5,103746844,103746859,+
chr5,103756135,103756159,+
chr5,103756224,103756240,+
chr5,103975866,103975913,+
chr5,104046209,104046229,+
chr5,104958308,104958330,+
chr5,104983000,104983019,+
chr5,105010597,105010616,+
chr5,105040755,105040785,+
chr5,105040791,105040819,+
chr5,105052556,105052583,+
chr5,105053022,105053066,+
chr5,105053677,105053716,+
chr5,105062470,105062485,+
chr5,105068502,105068524,+
chr5,105102417,105102431,+
chr5,105109257,105109280,+
chr5,105110390,105110404,+
chr5,105113914,105113938,+
chr5,105114184,105114204,+
chr5,105114552,105114568,+
chr5,105114761,105114777,+
chr5,105139645,105139683,+
chr5,105152072,105152091,+
chr5,105239660,105239691,+
chr5,105293846,105293865,+
chr5,105294033,105294052,+
chr5,105345305,105345349,+
chr5,105345481,105345501,+
chr5,105443126,105443164,+
chr5,105443947,105443966,+
chr5,105444009,105444047,+
chr5,105589232,105589248,+
chr5,105637667,105637684,+
chr5,105640023,105640038,+
chr5,105646414,105646435,+
chr5,105648222,105648237,+
chr5,105650300,105650362,+
chr5,105651074,105651104,+
chr5,105651126,105651180,+
chr5,105651240,105651259,+
chr5,106650075,106650118,+
chr5,106676997,106677019,+
chr5,107078600,107078631,+
chr5,107078789,107078844,+
chr5,107165705,107165720,+
chr5,107165971,107165990,+
chr5,107177193,107177207,+
chr5,107177716,107177750,+
chr5,107178131,107178149,+
chr5,107178164,107178188,+
chr5,107178204,107178220,+
chr5,107200973,107200992,+
chr5,107201570,107201584,+
chr5,107201875,107201899,+
chr5,107203131,107203174,+
chr5,107205462,107205478,+
chr5,107259536,107259550,+
chr5,107259710,107259744,+
chr5,107264975,107265022,+
chr5,107265472,107265486,+
chr5,107546027,107546046,+
chr5,107612843,107612863,+
chr5,107687850,107687864,+
chr5,107687871,107687901,+
chr5,107688244,107688258,+
chr5,107701110,107701129,+
chr5,107703842,107703875,+
chr5,107723587,107723619,+
chr5,107726334,107726348,+
chr5,107840494,107840551,+
chr5,107841133,107841152,+
chr5,107926646,107926662,+
chr5,107926941,107926969,+
chr5,107946742,107946756,+
chr5,107947341,107947358,+
chr5,107961239,107961254,+
chr5,107961357,107961372,+
chr5,107961389,107961409,+
chr5,107967115,107967148,+
chr5,107978461,107978480,+
chr5,107978621,107978647,+
chr5,107987761,107987785,+
chr5,107988126,107988140,+
chr5,108032555,108032623,+
chr5,108066027,108066051,+
chr5,109558627,109558643,+
chr5,109691313,109691328,+
chr5,109751688,109751702,+
chr5,109752172,109752187,+
chr5,109796274,109796288,+
chr5,109796754,109796769,+
chr5,110108387,110108416,+
chr5,110176428,110176443,+
chr5,110771232,110771251,+
chr5,110780769,110780784,+
chr5,110808527,110808543,+
chr5,110808646,110808666,+
chr5,110978741,110978775,+
chr5,110979925,110979939,+
chr5,111059603,111059623,+
chr5,111179091,111179110,+
chr5,111200287,111200302,+
chr5,111416359,111416373,+
chr5,111508833,111508847,+
chr5,111842421,111842435,+
chr5,111842537,111842573,+
chr5,112084737,112084771,+
chr5,112220301,112220321,+
chr5,112271460,112271474,+
chr5,112272820,112272842,+
chr5,112272910,112272929,+
chr5,112273672,112273723,+
chr5,112274301,112274352,+
chr5,112275561,112275575,+
chr5,112287450,112287466,+
chr5,112299072,112299091,+
chr5,112325525,112325563,+
chr5,112746450,112746683,+
chr5,112746687,112746740,+
chr5,112746746,112746909,+
chr5,113035475,113035495,+
chr5,113538235,113538264,+
chr5,113539469,113539491,+
chr5,113540181,113540197,+
chr5,113735372,113735391,+
chr5,113825030,113825050,+
chr5,113825151,113825172,+
chr5,113829068,113829085,+
chr5,113829345,113829360,+
chr5,113829522,113829566,+
chr5,113829782,113829801,+
chr5,113831464,113831485,+
chr5,113831924,113831938,+
chr5,113832238,113832273,+
chr5,113832280,113832343,+
chr5,113842330,113842356,+
chr5,113859361,113859375,+
chr5,113992233,113992269,+
chr5,113992622,113992655,+
chr5,114135684,114135698,+
chr5,114315251,114315265,+
chr5,114378435,114378467,+
chr5,114378486,114378517,+
chr5,114378538,114378566,+
chr5,114378595,114378628,+
chr5,114567961,114567980,+
chr5,114771953,114771972,+
chr5,114772452,114772468,+
chr5,114783143,114783162,+
chr5,114783810,114783831,+
chr5,114806164,114806180,+
chr5,114813398,114813413,+
chr5,114823095,114823119,+
chr5,114826696,114826715,+
chr5,114896678,114896726,+
chr5,114942002,114942047,+
chr5,115152887,115152906,+
chr5,115155757,115155776,+
chr5,115156539,115156558,+
chr5,115156925,115156939,+
chr5,115157963,115157978,+
chr5,115167147,115167163,+
chr5,115214454,115214474,+
chr5,115214731,115214858,+
chr5,115489277,115489291,+
chr5,115540393,115540413,+
chr5,115559145,115559192,+
chr5,115680618,115680645,+
chr5,115680647,115680676,+
chr5,115680772,115680849,+
chr5,115681024,115681040,+
chr5,115712322,115712341,+
chr5,115712899,115712944,+
chr5,115722107,115722148,+
chr5,115722247,115722270,+
chr5,115733116,115733135,+
chr5,116028515,116028531,+
chr5,116029777,116029796,+
chr5,116381535,116381554,+
chr5,117956148,117956182,+
chr5,118029262,118029276,+
chr5,118037727,118037794,+
chr5,118083796,118083820,+
chr5,118477944,118477974,+
chr5,118632765,118632787,+
chr5,118709893,118709909,+
chr5,118974720,118974868,+
chr5,119348515,119348530,+
chr5,120577362,120577381,+
chr5,120577958,120577977,+
chr5,120578543,120578567,+
chr5,120578842,120578861,+
chr5,120648230,120648252,+
chr5,120683586,120683605,+
chr5,120692549,120692565,+
chr5,120795632,120795694,+
chr5,121095404,121095419,+
chr5,121106903,121106932,+
chr5,121107389,121107420,+
chr5,121191664,121191684,+
chr5,121330022,121330042,+
chr5,121330054,121330078,+
chr5,121330148,121330167,+
chr5,121334842,121334870,+
chr5,121335370,121335400,+
chr5,121335549,121335564,+
chr5,121340663,121340731,+
chr5,121385267,121385283,+
chr5,121397819,121397841,+
chr5,121618866,121618890,+
chr5,121660378,121660397,+
chr5,121837053,121837079,+
chr5,122131649,122131663,+
chr5,122131785,122131805,+
chr5,122184345,122184361,+
chr5,122230526,122230545,+
chr5,122231304,122231329,+
chr5,122231936,122231950,+
chr5,122232173,122232187,+
chr5,122258473,122258500,+
chr5,122288499,122288514,+
chr5,122288918,122288934,+
chr5,122310783,122310805,+
chr5,122391687,122391714,+
chr5,122398048,122398070,+
chr5,122456443,122456459,+
chr5,122638593,122638609,+
chr5,122638694,122638710,+
chr5,122639192,122639254,+
chr5,122652440,122652459,+
chr5,122652960,122652988,+
chr5,122698714,122698746,+
chr5,122732687,122732737,+
chr5,122732939,122732955,+
chr5,122733400,122733416,+
chr5,122733851,122733949,+
chr5,122811580,122811598,+
chr5,122811771,122811786,+
chr5,122820662,122820724,+
chr5,122820729,122820763,+
chr5,122821726,122821740,+
chr5,122988782,122988818,+
chr5,122988972,122989013,+
chr5,122994383,122994402,+
chr5,123036025,123036069,+
chr5,123041581,123041614,+
chr5,123057658,123057674,+
chr5,123057741,123057766,+
chr5,123128200,123128235,+
chr5,123140017,123140056,+
chr5,123140539,123140554,+
chr5,123141517,123141564,+
chr5,123141992,123142010,+
chr5,123151069,123151089,+
chr5,123228037,123228053,+
chr5,123650726,123650748,+
chr5,123682287,123682319,+
chr5,123682736,123682764,+
chr5,123682934,123682949,+
chr5,123683002,123683018,+
chr5,123683053,123683105,+
chr5,123683129,123683159,+
chr5,123683344,123683383,+
chr5,123721448,123721465,+
chr5,123749231,123749258,+
chr5,123749410,123749424,+
chr5,123765352,123765373,+
chr5,123781869,123781884,+
chr5,124022666,124022685,+
chr5,124028615,124028636,+
chr5,124029017,124029044,+
chr5,124029861,124029877,+
chr5,124032488,124032521,+
chr5,124032626,124032658,+
chr5,124034178,124034205,+
chr5,124034491,124034505,+
chr5,124077468,124077484,+
chr5,124078313,124078332,+
chr5,124162769,124162791,+
chr5,124185466,124185490,+
chr5,124215213,124215256,+
chr5,124233710,124233734,+
chr5,124475785,124475804,+
chr5,124476489,124476518,+
chr5,124483000,124483028,+
chr5,124483810,124483842,+
chr5,124496616,124496642,+
chr5,124552345,124552369,+
chr5,124637178,124637197,+
chr5,124862992,124863011,+
chr5,124943864,124943883,+
chr5,125016347,125016362,+
chr5,125389071,125389090,+
chr5,125389321,125389337,+
chr5,125390323,125390338,+
chr5,125393690,125393719,+
chr5,125393878,125393895,+
chr5,125404529,125404546,+
chr5,125405822,125405837,+
chr5,125405842,125405864,+
chr5,125406010,125406024,+
chr5,125409212,125409263,+
chr5,125434485,125434527,+
chr5,125466117,125466137,+
chr5,127484891,127484911,+
chr5,128981207,128981230,+
chr5,129715272,129715291,+
chr5,129725607,129725621,+
chr5,129786705,129786729,+
chr5,129786925,129786954,+
chr5,129791029,129791045,+
chr5,129791058,129791072,+
chr5,129895499,129895515,+
chr5,130002369,130002399,+
chr5,130023737,130023806,+
chr5,130029165,130029184,+
chr5,130144518,130144537,+
chr5,130172373,130172387,+
chr5,130255726,130255740,+
chr5,132515578,132515592,+
chr5,134183627,134183646,+
chr5,134184074,134184110,+
chr5,134184112,134184141,+
chr5,134184806,134184835,+
chr5,134232080,134232118,+
chr5,134234113,134234129,+
chr5,134237008,134237031,+
chr5,134244300,134244320,+
chr5,134253443,134253472,+
chr5,134253549,134253578,+
chr5,134266068,134266085,+
chr5,134266277,134266309,+
chr5,134267643,134267657,+
chr5,134268697,134268712,+
chr5,134268762,134268777,+
chr5,134269215,134269229,+
chr5,134269487,134269518,+
chr5,134269581,134269605,+
chr5,134269746,134269772,+
chr5,134272757,134272776,+
chr5,134275704,134275723,+
chr5,134275867,134275886,+
chr5,134282207,134282222,+
chr5,134283057,134283085,+
chr5,134313070,134313084,+
chr5,134313231,134313250,+
chr5,134313722,134313750,+
chr5,134323755,134323782,+
chr5,134331420,134331448,+
chr5,134331458,134331477,+
chr5,134332565,134332703,+
chr5,134341452,134341468,+
chr5,134373069,134373089,+
chr5,134373099,134373125,+
chr5,134491540,134491588,+
chr5,134491694,134491708,+
chr5,134491755,134491771,+
chr5,134582465,134582479,+
chr5,134582487,134582506,+
chr5,134582538,134582557,+
chr5,134922023,134922101,+
chr5,134932204,134932226,+
chr5,134933317,134933336,+
chr5,134933384,134933400,+
chr5,134939273,134939295,+
chr5,134941953,134941972,+
chr5,135369588,135369653,+
chr5,135394799,135394850,+
chr5,135663440,135663468,+
chr5,135913487,135913534,+
chr5,135956467,135956499,+
chr5,135957125,135957149,+
chr5,135957297,135957316,+
chr5,135994634,135994648,+
chr5,136142985,136143001,+
chr5,136147503,136147551,+
chr5,136148705,136148723,+
chr5,136152767,136152783,+
chr5,136153006,136153027,+
chr5,136155182,136155198,+
chr5,136155392,136155430,+
chr5,136155478,136155516,+
chr5,136172122,136172137,+
chr5,136623173,136623187,+
chr5,136843542,136843560,+
chr5,136962604,136962618,+
chr5,137115824,137115851,+
chr5,137116191,137116210,+
chr5,137189887,137189943,+
chr5,137190438,137190466,+
chr5,137306968,137306990,+
chr5,137535279,137535314,+
chr5,137601523,137601545,+
chr5,137628261,137628288,+
chr5,137705210,137705249,+
chr5,137706809,137706829,+
chr5,137707536,137707555,+
chr5,137787118,137787137,+
chr5,137788072,137788097,+
chr5,138116788,138116802,+
chr5,138155114,138155156,+
chr5,138156171,138156216,+
chr5,138160693,138160713,+
chr5,138171009,138171029,+
chr5,138194047,138194077,+
chr5,138252516,138252530,+
chr5,138252601,138252659,+
chr5,138441258,138441282,+
chr5,138618767,138618786,+
chr5,138618819,138618843,+
chr5,138622804,138622820,+
chr5,138657850,138657870,+
chr5,139174748,139174767,+
chr5,139196816,139196837,+
chr5,139197516,139197574,+
chr5,139200126,139200146,+
chr5,139303787,139303806,+
chr5,139371741,139371774,+
chr5,139382619,139382635,+
chr5,139775714,139775733,+
chr5,139792187,139792201,+
chr5,139931061,139931075,+
chr5,140209919,140209935,+
chr5,140210746,140210773,+
chr5,140283081,140283097,+
chr5,140570085,140570101,+
chr5,140570243,140570260,+
chr5,140570299,140570325,+
chr5,140570779,140570799,+
chr5,140574906,140574926,+
chr5,140574972,140574992,+
chr5,140576654,140576680,+
chr5,140586714,140586730,+
chr5,140598152,140598171,+
chr5,140618337,140618360,+
chr5,140619419,140619435,+
chr5,140636340,140636389,+
chr5,140636585,140636602,+
chr5,140636605,140636635,+
chr5,140638547,140638563,+
chr5,140638658,140638674,+
chr5,140639176,140639195,+
chr5,140704400,140704420,+
chr5,140733283,140733311,+
chr5,140869178,140869194,+
chr5,140871275,140871289,+
chr5,140871448,140871467,+
chr5,140871884,140871911,+
chr5,140876040,140876064,+
chr5,140878893,140878971,+
chr5,140944908,140944952,+
chr5,140948444,140948468,+
chr5,140999215,140999229,+
chr5,141000699,141000713,+
chr5,141044681,141044705,+
chr5,141044808,141044843,+
chr5,142371925,142371945,+
chr5,142400947,142400968,+
chr5,142401135,142401159,+
chr5,142401175,142401211,+
chr5,142439661,142439689,+
chr5,142440097,142440116,+
chr5,142896716,142896752,+
chr5,142901394,142901408,+
chr5,142902717,142902736,+
chr5,142906892,142906934,+
chr5,142907491,142907507,+
chr5,142909018,142909037,+
chr5,142920305,142920322,+
chr5,142920441,142920458,+
chr5,143403579,143403608,+
chr5,143731225,143731241,+
chr5,144014417,144014441,+
chr5,144015586,144015600,+
chr5,144221253,144221269,+
chr5,144221942,144221970,+
chr5,144222245,144222261,+
chr5,144222462,144222510,+
chr5,144222630,144222674,+
chr5,144254789,144254816,+
chr5,144254992,144255012,+
chr5,144277151,144277165,+
chr5,145116525,145116544,+
chr5,145201863,145201882,+
chr5,145231367,145231386,+
chr5,145231543,145231562,+
chr5,146147630,146147645,+
chr5,146147690,146147710,+
chr5,146567386,146567421,+
chr5,146567427,146567443,+
chr5,146567610,146567624,+
chr5,146777344,146777360,+
chr5,146777447,146777462,+
chr5,146779995,146780015,+
chr5,146780305,146780324,+
chr5,146781556,146781583,+
chr5,146782138,146782157,+
chr5,146782197,146782211,+
chr5,146783655,146783671,+
chr5,146784223,146784243,+
chr5,146824512,146824527,+
chr5,146940390,146940412,+
chr5,147063711,147063730,+
chr5,147159446,147159465,+
chr5,147337737,147337776,+
chr5,147337821,147337837,+
chr5,147338003,147338031,+
chr5,147338072,147338098,+
chr5,147338203,147338237,+
chr5,147340855,147340871,+
chr5,147355029,147355044,+
chr5,147363323,147363358,+
chr5,147418154,147418168,+
chr5,147429815,147429850,+
chr5,147448019,147448033,+
chr5,147527864,147527878,+
chr5,147895130,147895166,+
chr5,148398736,148398755,+
chr5,148495323,148495342,+
chr5,148552013,148552027,+
chr5,148552109,148552147,+
chr5,148819793,148819807,+
chr5,148853376,148853422,+
chr5,148854062,148854093,+
chr5,148888022,148888040,+
chr5,148958915,148958935,+
chr5,148978020,148978037,+
chr5,149015877,149015891,+
chr5,149015993,149016008,+
chr5,149017799,149017813,+
chr5,149051096,149051146,+
chr5,149051236,149051250,+
chr5,149052586,149052609,+
chr5,150118329,150118345,+
chr5,150180555,150180577,+
chr5,150180619,150180643,+
chr5,150274659,150274674,+
chr5,150522425,150522439,+
chr5,150522457,150522473,+
chr5,150673401,150673466,+
chr5,151247740,151247755,+
chr5,151368376,151368397,+
chr5,3340819,3340838,-
chr5,3340944,3340973,-
chr5,3343322,3343338,-
chr5,3383841,3383860,-
chr5,3543524,3543538,-
chr5,3544476,3544495,-
chr5,3544702,3544752,-
chr5,3647133,3647149,-
chr5,3669658,3669677,-
chr5,3669960,3669989,-
chr5,3802126,3802142,-
chr5,3803807,3803826,-
chr5,3894170,3894189,-
chr5,3894196,3894228,-
chr5,3894253,3894283,-
chr5,4912050,4912072,-
chr5,8423327,8423353,-
chr5,8423416,8423440,-
chr5,8423599,8423613,-
chr5,8424765,8424798,-
chr5,8424912,8424939,-
chr5,8455805,8455834,-
chr5,8669927,8669946,-
chr5,8670293,8670312,-
chr5,8675294,8675318,-
chr5,8676204,8676230,-
chr5,9100184,9100215,-
chr5,9101087,9101106,-
chr5,16470288,16470318,-
chr5,20238378,20238413,-
chr5,20238414,20238487,-
chr5,20332238,20332253,-
chr5,20332286,20332310,-
chr5,20332966,20332983,-
chr5,20702697,20702711,-
chr5,20792146,20792161,-
chr5,20792173,20792192,-
chr5,20942616,20942638,-
chr5,20952229,20952243,-
chr5,20955754,20955789,-
chr5,21194574,21194588,-
chr5,21194960,21194975,-
chr5,21255228,21255260,-
chr5,21255446,21255469,-
chr5,21255544,21255558,-
chr5,21255776,21255792,-
chr5,21256094,21256110,-
chr5,21411645,21411659,-
chr5,21412367,21412396,-
chr5,21673674,21673710,-
chr5,21785344,21785390,-
chr5,22360808,22360822,-
chr5,23268448,23268513,-
chr5,23351203,23351223,-
chr5,23385448,23385467,-
chr5,23386660,23386674,-
chr5,23524697,23524729,-
chr5,23604689,23604705,-
chr5,23616804,23616818,-
chr5,23700885,23700904,-
chr5,23709019,23709038,-
chr5,23709113,23709132,-
chr5,23713001,23713021,-
chr5,23844265,23844279,-
chr5,23851013,23851037,-
chr5,24266251,24266273,-
chr5,24394013,24394038,-
chr5,24394072,24394092,-
chr5,24423821,24423836,-
chr5,24686608,24686622,-
chr5,24686707,24686726,-
chr5,25101077,25101101,-
chr5,25223250,25223271,-
chr5,25223553,25223569,-
chr5,25529208,25529223,-
chr5,28382241,28382275,-
chr5,29568607,29568623,-
chr5,29568804,29568838,-
chr5,29736707,29736726,-
chr5,29736762,29736781,-
chr5,29901929,29901948,-
chr5,29902116,29902147,-
chr5,30155354,30155373,-
chr5,30156006,30156025,-
chr5,30667221,30667265,-
chr5,30887402,30887418,-
chr5,30961780,30961802,-
chr5,30961978,30962003,-
chr5,31049399,31049426,-
chr5,31065107,31065123,-
chr5,31065161,31065234,-
chr5,31227112,31227131,-
chr5,31290902,31290916,-
chr5,31452636,31452660,-
chr5,31452664,31452678,-
chr5,31452735,31452764,-
chr5,31602209,31602233,-
chr5,31614626,31614640,-
chr5,31614683,31614707,-
chr5,31918821,31918837,-
chr5,31918860,31918875,-
chr5,31918899,31918940,-
chr5,32130798,32130856,-
chr5,32132749,32132771,-
chr5,32133598,32133612,-
chr5,32134692,32134728,-
chr5,32135263,32135278,-
chr5,32459138,32459162,-
chr5,32460638,32460660,-
chr5,32479034,32479050,-
chr5,32479266,32479282,-
chr5,32854643,32854662,-
chr5,32950701,32950717,-
chr5,32950749,32950764,-
chr5,32996217,32996311,-
chr5,33630012,33630038,-
chr5,33658629,33658648,-
chr5,33681689,33681711,-
chr5,34169026,34169050,-
chr5,34198275,34198295,-
chr5,34574492,34574506,-
chr5,34574552,34574574,-
chr5,34575240,34575258,-
chr5,36358420,36358439,-
chr5,36464621,36464654,-
chr5,36538678,36538697,-
chr5,36582615,36582629,-
chr5,36796959,36796981,-
chr5,37011639,37011697,-
chr5,37046663,37046679,-
chr5,37046782,37046801,-
chr5,37048042,37048062,-
chr5,37048098,37048114,-
chr5,37050527,37050567,-
chr5,37051632,37051649,-
chr5,37051916,37051930,-
chr5,37052274,37052293,-
chr5,37052302,37052318,-
chr5,37052702,37052730,-
chr5,37067401,37067423,-
chr5,37083246,37083261,-
chr5,37083299,37083318,-
chr5,37083465,37083484,-
chr5,38480027,38480046,-
chr5,38480320,38480360,-
chr5,38562017,38562033,-
chr5,43807776,43807791,-
chr5,43841427,43841441,-
chr5,43862028,43862043,-
chr5,43948699,43948713,-
chr5,44181128,44181142,-
chr5,44220277,44220299,-
chr5,44225874,44225888,-
chr5,45492985,45493009,-
chr5,45864907,45864940,-
chr5,45864944,45864960,-
chr5,45864985,45865057,-
chr5,50024065,50024079,-
chr5,50026627,50026655,-
chr5,50030005,50030024,-
chr5,52125829,52125857,-
chr5,52126032,52126051,-
chr5,53999884,53999915,-
chr5,54067693,54067707,-
chr5,54101331,54101347,-
chr5,57868920,57868943,-
chr5,57869104,57869135,-
chr5,57869423,57869442,-
chr5,57869735,57869828,-
chr5,62437914,62437982,-
chr5,62574484,62574508,-
chr5,62751996,62752010,-
chr5,62778851,62778865,-
chr5,62779048,62779062,-
chr5,62791518,62791532,-
chr5,62858476,62858495,-
chr5,63834244,63834290,-
chr5,63967805,63967819,-
chr5,63969473,63969513,-
chr5,64024053,64024100,-
chr5,64095716,64095738,-
chr5,64109946,64110016,-
chr5,64149425,64149445,-
chr5,64149666,64149685,-
chr5,64149967,64150000,-
chr5,64150214,64150233,-
chr5,64158312,64158338,-
chr5,64161111,64161125,-
chr5,64297329,64297345,-
chr5,64297440,64297456,-
chr5,64371246,64371290,-
chr5,64377668,64377703,-
chr5,64378016,64378032,-
chr5,64378057,64378082,-
chr5,64478850,64478866,-
chr5,64485697,64485724,-
chr5,64488877,64488891,-
chr5,64490532,64490553,-
chr5,64491034,64491058,-
chr5,64491801,64491815,-
chr5,64496995,64497011,-
chr5,64499705,64499736,-
chr5,64500298,64500317,-
chr5,64504832,64504848,-
chr5,64505670,64505684,-
chr5,64505743,64505762,-
chr5,64505964,64505978,-
chr5,64518854,64518895,-
chr5,64651300,64651318,-
chr5,64651362,64651378,-
chr5,64676412,64676426,-
chr5,64676868,64676882,-
chr5,64681373,64681405,-
chr5,64681646,64681674,-
chr5,64683800,64683814,-
chr5,64684344,64684360,-
chr5,64717359,64717396,-
chr5,64771812,64771826,-
chr5,64803858,64803877,-
chr5,64804746,64804760,-
chr5,64805434,64805448,-
chr5,64807562,64807625,-
chr5,64813334,64813356,-
chr5,64814174,64814189,-
chr5,64814984,64815032,-
chr5,64816066,64816107,-
chr5,64816670,64816689,-
chr5,64818702,64818731,-
chr5,64818996,64819027,-
chr5,64819164,64819186,-
chr5,64819365,64819384,-
chr5,64860896,64860912,-
chr5,64865602,64865618,-
chr5,64883898,64883922,-
chr5,64905122,64905136,-
chr5,64919156,64919177,-
chr5,64923492,64923508,-
chr5,64923690,64923733,-
chr5,64959197,64959218,-
chr5,64960274,64960351,-
chr5,64990392,64990410,-
chr5,64990532,64990548,-
chr5,65006627,65006658,-
chr5,65019566,65019584,-
chr5,65019644,65019658,-
chr5,65019738,65019752,-
chr5,65019926,65019945,-
chr5,65091950,65091966,-
chr5,65154448,65154462,-
chr5,65335979,65336010,-
chr5,65336059,65336073,-
chr5,65344037,65344104,-
chr5,65344114,65344131,-
chr5,65344138,65344154,-
chr5,65344368,65344426,-
chr5,65344553,65344567,-
chr5,65493583,65493615,-
chr5,65515069,65515083,-
chr5,65763557,65763571,-
chr5,65764671,65764687,-
chr5,65765274,65765291,-
chr5,65765467,65765486,-
chr5,65765488,65765518,-
chr5,65791830,65791856,-
chr5,65792002,65792018,-
chr5,65792159,65792175,-
chr5,65792185,65792199,-
chr5,65795190,65795205,-
chr5,65796028,65796047,-
chr5,65823877,65823891,-
chr5,65826913,65826935,-
chr5,65829152,65829178,-
chr5,65829300,65829331,-
chr5,65833876,65833910,-
chr5,65849466,65849482,-
chr5,65849607,65849637,-
chr5,65849750,65849775,-
chr5,65851062,65851076,-
chr5,65853304,65853333,-
chr5,65857097,65857120,-
chr5,65857293,65857320,-
chr5,65857759,65857782,-
chr5,65857902,65857929,-
chr5,65858738,65858779,-
chr5,65861502,65861518,-
chr5,65861604,65861623,-
chr5,65861625,65861649,-
chr5,65861698,65861731,-
chr5,65861871,65861887,-
chr5,65863316,65863335,-
chr5,65863935,65863954,-
chr5,65864075,65864117,-
chr5,65867123,65867138,-
chr5,65867730,65867746,-
chr5,65869499,65869523,-
chr5,65869527,65869565,-
chr5,65869961,65869977,-
chr5,65871243,65871270,-
chr5,65871799,65871815,-
chr5,65873253,65873277,-
chr5,65880743,65880757,-
chr5,65880981,65880997,-
chr5,65881641,65881655,-
chr5,65882375,65882397,-
chr5,65882516,65882530,-
chr5,65885325,65885339,-
chr5,65887618,65887634,-
chr5,65889552,65889566,-
chr5,65894873,65894896,-
chr5,65898026,65898049,-
chr5,65902178,65902200,-
chr5,65909745,65909768,-
chr5,65911138,65911171,-
chr5,65929417,65929436,-
chr5,65929998,65930013,-
chr5,65933341,65933355,-
chr5,65933360,65933380,-
chr5,65950368,65950382,-
chr5,65950580,65950595,-
chr5,65954180,65954194,-
chr5,65955799,65955818,-
chr5,65969617,65969654,-
chr5,66068856,66068880,-
chr5,66075171,66075187,-
chr5,66162842,66162911,-
chr5,66163170,66163194,-
chr5,67260938,67260957,-
chr5,67394621,67394649,-
chr5,67419748,67419772,-
chr5,67447352,67447471,-
chr5,67447728,67447747,-
chr5,67447922,67447981,-
chr5,67653019,67653074,-
chr5,67943928,67943942,-
chr5,69556446,69556472,-
chr5,69556529,69556565,-
chr5,71683772,71683850,-
chr5,71692434,71692496,-
chr5,71903989,71904003,-
chr5,72204085,72204099,-
chr5,72205034,72205063,-
chr5,72622154,72622169,-
chr5,72634294,72634313,-
chr5,72634615,72634629,-
chr5,72636647,72636678,-
chr5,72636682,72636728,-
chr5,72636976,72636992,-
chr5,72646034,72646053,-
chr5,72751801,72751848,-
chr5,72752095,72752109,-
chr5,72752449,72752467,-
chr5,72760710,72760725,-
chr5,72763038,72763053,-
chr5,72813082,72813101,-
chr5,72868907,72868922,-
chr5,72881692,72881771,-
chr5,73131637,73131653,-
chr5,73152386,73152405,-
chr5,73237548,73237599,-
chr5,73237963,73238002,-
chr5,73241175,73241191,-
chr5,73255280,73255300,-
chr5,73257289,73257305,-
chr5,73257404,73257420,-
chr5,73293279,73293327,-
chr5,75043416,75043431,-
chr5,75045002,75045065,-
chr5,75045336,75045364,-
chr5,75791738,75791753,-
chr5,76141000,76141039,-
chr5,76529045,76529060,-
chr5,77124403,77124417,-
chr5,77134809,77134823,-
chr5,77145413,77145436,-
chr5,77266957,77267000,-
chr5,83021390,83021409,-
chr5,83028185,83028204,-
chr5,86071472,86071487,-
chr5,86086840,86086856,-
chr5,86173404,86173427,-
chr5,88765817,88765843,-
chr5,88816461,88816476,-
chr5,89051935,89051950,-
chr5,89090542,89090575,-
chr5,90224186,90224205,-
chr5,90365713,90365728,-
chr5,90365770,90365785,-
chr5,90365853,90365868,-
chr5,91814602,91814621,-
chr5,91814845,91814859,-
chr5,92001003,92001018,-
chr5,92094037,92094056,-
chr5,92102770,92102785,-
chr5,92103210,92103232,-
chr5,92165933,92165947,-
chr5,92183553,92183575,-
chr5,92184232,92184251,-
chr5,92245703,92245722,-
chr5,92247425,92247445,-
chr5,92247467,92247513,-
chr5,92349234,92349253,-
chr5,92349257,92349272,-
chr5,92374883,92374903,-
chr5,92375164,92375186,-
chr5,92435565,92435581,-
chr5,92466355,92466376,-
chr5,92489481,92489507,-
chr5,92491718,92491738,-
chr5,92614774,92614793,-
chr5,92621652,92621671,-
chr5,93205236,93205250,-
chr5,93263294,93263310,-
chr5,93263793,93263807,-
chr5,93263885,93263907,-
chr5,94517672,94517700,-
chr5,94517770,94517786,-
chr5,96160978,96160997,-
chr5,96170111,96170166,-
chr5,96176080,96176095,-
chr5,96191418,96191446,-
chr5,96191464,96191506,-
chr5,96208666,96208682,-
chr5,96210646,96210665,-
chr5,96911901,96911923,-
chr5,96911987,96912001,-
chr5,96916988,96917007,-
chr5,96917676,96917695,-
chr5,96917747,96917771,-
chr5,96919011,96919041,-
chr5,96957964,96958189,-
chr5,97930183,97930285,-
chr5,98018617,98018632,-
chr5,98025376,98025463,-
chr5,98184997,98185013,-
chr5,99253180,99253199,-
chr5,99253519,99253534,-
chr5,100036917,100036935,-
chr5,100501028,100501044,-
chr5,100518012,100518047,-
chr5,100568506,100568520,-
chr5,100573308,100573327,-
chr5,100587545,100587559,-
chr5,100638754,100638795,-
chr5,100642730,100642749,-
chr5,100643615,100643629,-
chr5,100644361,100644380,-
chr5,100729114,100729129,-
chr5,100729279,100729304,-
chr5,100875704,100875726,-
chr5,100876004,100876019,-
chr5,103361316,103361390,-
chr5,103361507,103361521,-
chr5,103367190,103367204,-
chr5,103378258,103378322,-
chr5,103691950,103691991,-
chr5,104572032,104572052,-
chr5,105040391,105040458,-
chr5,105068655,105068679,-
chr5,105102341,105102397,-
chr5,105441964,105441980,-
chr5,105442093,105442113,-
chr5,105442158,105442173,-
chr5,105442209,105442255,-
chr5,105442924,105442982,-
chr5,105518252,105518271,-
chr5,105556268,105556283,-
chr5,105589089,105589115,-
chr5,105616334,105616358,-
chr5,105616379,105616403,-
chr5,105635780,105635795,-
chr5,105639877,105639896,-
chr5,105642378,105642398,-
chr5,105643474,105643518,-
chr5,105644896,105644910,-
chr5,105718334,105718375,-
chr5,106650255,106650274,-
chr5,107080416,107080435,-
chr5,107177157,107177192,-
chr5,107205364,107205384,-
chr5,107205692,107205706,-
chr5,107259393,107259452,-
chr5,107265250,107265264,-
chr5,107352684,107352708,-
chr5,107353776,107353803,-
chr5,107353844,107353869,-
chr5,107354036,107354050,-
chr5,107354081,107354097,-
chr5,107545878,107545907,-
chr5,107546337,107546351,-
chr5,107598352,107598367,-
chr5,107598372,107598398,-
chr5,107612884,107612903,-
chr5,107649233,107649249,-
chr5,107688497,107688516,-
chr5,107718474,107718490,-
chr5,107726050,107726064,-
chr5,107772620,107772644,-
chr5,107840829,107840843,-
chr5,107921519,107921533,-
chr5,107925913,107925927,-
chr5,107926160,107926235,-
chr5,107933249,107933268,-
chr5,107946600,107946615,-
chr5,107947293,107947309,-
chr5,107951001,107951016,-
chr5,107986246,107986261,-
chr5,107987641,107987673,-
chr5,107988257,107988295,-
chr5,108268382,108268404,-
chr5,110110594,110110610,-
chr5,110270024,110270062,-
chr5,110583238,110583252,-
chr5,110771290,110771327,-
chr5,110810369,110810393,-
chr5,111039666,111039687,-
chr5,111058536,111058558,-
chr5,111178550,111178572,-
chr5,111511300,111511316,-
chr5,111511342,111511362,-
chr5,112272854,112272876,-
chr5,112275596,112275615,-
chr5,112275737,112275756,-
chr5,112275801,112275815,-
chr5,112275980,112275995,-
chr5,112276965,112276984,-
chr5,112277447,112277461,-
chr5,112277823,112277838,-
chr5,112278644,112278659,-
chr5,112278876,112278892,-
chr5,112283192,112283208,-
chr5,112283720,112283735,-
chr5,112286698,112286717,-
chr5,112298439,112298455,-
chr5,112324815,112324834,-
chr5,112325197,112325211,-
chr5,112325257,112325273,-
chr5,113035089,113035114,-
chr5,113670819,113670852,-
chr5,113773338,113773354,-
chr5,113773701,113773720,-
chr5,113773766,113773781,-
chr5,113823749,113823775,-
chr5,113823964,113823983,-
chr5,113824010,113824061,-
chr5,113832143,113832162,-
chr5,113833529,113833571,-
chr5,113833601,113833617,-
chr5,114323245,114323259,-
chr5,114378269,114378285,-
chr5,114380682,114380698,-
chr5,114381179,114381202,-
chr5,114667402,114667426,-
chr5,114783503,114783522,-
chr5,114783633,114783649,-
chr5,114824029,114824046,-
chr5,114891452,114891489,-
chr5,114891559,114891575,-
chr5,114891594,114891629,-
chr5,114891659,114891679,-
chr5,115235690,115235706,-
chr5,115341543,115341569,-
chr5,115349343,115349358,-
chr5,115484560,115484602,-
chr5,115489253,115489267,-
chr5,115490440,115490468,-
chr5,115490602,115490616,-
chr5,115490845,115490876,-
chr5,115515928,115515942,-
chr5,115515946,115515966,-
chr5,115516267,115516286,-
chr5,115694164,115694204,-
chr5,115711580,115711595,-
chr5,115723028,115723047,-
chr5,115733205,115733221,-
chr5,115753286,115753305,-
chr5,116028783,116028803,-
chr5,116029831,116029855,-
chr5,117163159,117163208,-
chr5,117357512,117357531,-
chr5,117511115,117511131,-
chr5,117978145,117978161,-
chr5,118038128,118038161,-
chr5,118047253,118047272,-
chr5,118360111,118360145,-
chr5,118465453,118465475,-
chr5,118477910,118477945,-
chr5,118478536,118478574,-
chr5,118561059,118561088,-
chr5,118579421,118579436,-
chr5,118588566,118588580,-
chr5,118601532,118601563,-
chr5,118601648,118601671,-
chr5,118710106,118710125,-
chr5,119321777,119321793,-
chr5,119348559,119348575,-
chr5,119359639,119359666,-
chr5,119360164,119360193,-
chr5,119360204,119360219,-
chr5,119360221,119360261,-
chr5,120100742,120100784,-
chr5,120503769,120503818,-
chr5,120564265,120564301,-
chr5,120564336,120564368,-
chr5,120564369,120564389,-
chr5,120564397,120564423,-
chr5,120577559,120577575,-
chr5,120587882,120587907,-
chr5,120589396,120589418,-
chr5,120620972,120620991,-
chr5,120648526,120648572,-
chr5,120663221,120663240,-
chr5,120669932,120669947,-
chr5,120688423,120688449,-
chr5,120695996,120696016,-
chr5,120696620,120696653,-
chr5,120696771,120696797,-
chr5,120779716,120779738,-
chr5,121095478,121095510,-
chr5,121107210,121107232,-
chr5,121112746,121112789,-
chr5,121112795,121112975,-
chr5,121335467,121335486,-
chr5,121546323,121546339,-
chr5,121838399,121838433,-
chr5,121838929,121838949,-
chr5,121848623,121848688,-
chr5,121849328,121849355,-
chr5,122184477,122184496,-
chr5,122228544,122228576,-
chr5,122228638,122228664,-
chr5,122230226,122230242,-
chr5,122230707,122230733,-
chr5,122230905,122230925,-
chr5,122232691,122232728,-
chr5,122233067,122233086,-
chr5,122264667,122264687,-
chr5,122265294,122265340,-
chr5,122268183,122268197,-
chr5,122288401,122288420,-
chr5,122372732,122372768,-
chr5,122394168,122394204,-
chr5,122397902,122397921,-
chr5,122397927,122397968,-
chr5,122397971,122398046,-
chr5,122423003,122423022,-
chr5,122456757,122456777,-
chr5,122614767,122614787,-
chr5,122645595,122645610,-
chr5,122646210,122646226,-
chr5,122647022,122647079,-
chr5,122708284,122708303,-
chr5,122719494,122719530,-
chr5,122719721,122719738,-
chr5,122733153,122733193,-
chr5,122733675,122733710,-
chr5,122733827,122733841,-
chr5,122811599,122811618,-
chr5,122811942,122811957,-
chr5,122821556,122821572,-
chr5,122832627,122832646,-
chr5,122832968,122832982,-
chr5,122988726,122988740,-
chr5,122989658,122989690,-
chr5,122990677,122990692,-
chr5,122994343,122994357,-
chr5,122995208,122995223,-
chr5,122995225,122995251,-
chr5,123040449,123040501,-
chr5,123057673,123057687,-
chr5,123058327,123058349,-
chr5,123125284,123125299,-
chr5,123126027,123126046,-
chr5,123127058,123127102,-
chr5,123139811,123139831,-
chr5,123140132,123140146,-
chr5,123140563,123140584,-
chr5,123144713,123144733,-
chr5,123144857,123144872,-
chr5,123145272,123145286,-
chr5,123145317,123145338,-
chr5,123150545,123150575,-
chr5,123171630,123171644,-
chr5,123244478,123244515,-
chr5,123345916,123345932,-
chr5,123345968,123345997,-
chr5,123395651,123395665,-
chr5,123395702,123395718,-
chr5,123397975,123398012,-
chr5,123573196,123573217,-
chr5,123682109,123682125,-
chr5,123721364,123721386,-
chr5,123781087,123781107,-
chr5,123915230,123915249,-
chr5,123915290,123915304,-
chr5,123915336,123915358,-
chr5,123974371,123974407,-
chr5,123974657,123974671,-
chr5,124022328,124022350,-
chr5,124034068,124034082,-
chr5,124034799,124034818,-
chr5,124035828,124035854,-
chr5,124035863,124035887,-
chr5,124036018,124036038,-
chr5,124036220,124036262,-
chr5,124036432,124036451,-
chr5,124050948,124050970,-
chr5,124075277,124075297,-
chr5,124232737,124232761,-
chr5,124233272,124233291,-
chr5,124241695,124241713,-
chr5,124249999,124250023,-
chr5,124354949,124354992,-
chr5,124426264,124426297,-
chr5,124475207,124475240,-
chr5,124478460,124478474,-
chr5,124478517,124478532,-
chr5,124497445,124497459,-
chr5,124540374,124540388,-
chr5,124579274,124579298,-
chr5,124614552,124614566,-
chr5,124614572,124614588,-
chr5,124614822,124614841,-
chr5,124633816,124633837,-
chr5,124636992,124637008,-
chr5,124944668,124944690,-
chr5,124955225,124955244,-
chr5,124956323,124956339,-
chr5,125158670,125158684,-
chr5,125179940,125179967,-
chr5,125205712,125205731,-
chr5,125393633,125393655,-
chr5,125394292,125394317,-
chr5,125394443,125394462,-
chr5,125404371,125404394,-
chr5,125405787,125405801,-
chr5,127484834,127484849,-
chr5,127485424,127485447,-
chr5,127485619,127485643,-
chr5,129725773,129725792,-
chr5,129786688,129786704,-
chr5,129791088,129791113,-
chr5,129847044,129847059,-
chr5,129887684,129887708,-
chr5,130029623,130029643,-
chr5,130222866,130222885,-
chr5,130255739,130255761,-
chr5,130255925,130255944,-
chr5,130255951,130255968,-
chr5,132515613,132515627,-
chr5,134177036,134177058,-
chr5,134180055,134180069,-
chr5,134184987,134185001,-
chr5,134187420,134187443,-
chr5,134188084,134188106,-
chr5,134188981,134189029,-
chr5,134189157,134189217,-
chr5,134207133,134207212,-
chr5,134225994,134226020,-
chr5,134227917,134227933,-
chr5,134233365,134233382,-
chr5,134233937,134233953,-
chr5,134236639,134236654,-
chr5,134253184,134253198,-
chr5,134267047,134267086,-
chr5,134270497,134270513,-
chr5,134283291,134283334,-
chr5,134313048,134313074,-
chr5,134314735,134314759,-
chr5,134314764,134314778,-
chr5,134324460,134324500,-
chr5,134326344,134326363,-
chr5,134326406,134326425,-
chr5,134326544,134326563,-
chr5,134331543,134331618,-
chr5,134333017,134333050,-
chr5,134333213,134333241,-
chr5,134333653,134333673,-
chr5,134491798,134491818,-
chr5,134494570,134494613,-
chr5,134582508,134582527,-
chr5,135024881,135024930,-
chr5,135625506,135625522,-
chr5,135632398,135632454,-
chr5,135934902,135934916,-
chr5,135956502,135956517,-
chr5,135956546,135956562,-
chr5,135956674,135956693,-
chr5,135956704,135956725,-
chr5,135957904,135957936,-
chr5,135958071,135958090,-
chr5,136148210,136148224,-
chr5,136173154,136173168,-
chr5,136173460,136173476,-
chr5,136173666,136173682,-
chr5,136199300,136199333,-
chr5,136962575,136962594,-
chr5,137117095,137117111,-
chr5,137533876,137533892,-
chr5,137533897,137533911,-
chr5,137535440,137535459,-
chr5,137596637,137596651,-
chr5,137755003,137755081,-
chr5,138085487,138085521,-
chr5,138187366,138187380,-
chr5,138187480,138187495,-
chr5,138257339,138257353,-
chr5,138264158,138264175,-
chr5,138441169,138441183,-
chr5,138552746,138552760,-
chr5,138552770,138552802,-
chr5,138571352,138571367,-
chr5,138571629,138571667,-
chr5,138571672,138571711,-
chr5,138618641,138618663,-
chr5,138626978,138627033,-
chr5,138627052,138627076,-
chr5,139165465,139165479,-
chr5,139166554,139166587,-
chr5,139167335,139167369,-
chr5,139167534,139167587,-
chr5,139167721,139167735,-
chr5,139167994,139168013,-
chr5,139196632,139196654,-
chr5,139379609,139379628,-
chr5,139380065,139380099,-
chr5,139381517,139381532,-
chr5,139382504,139382542,-
chr5,140215360,140215375,-
chr5,140215475,140215492,-
chr5,140321778,140321807,-
chr5,140321979,140322026,-
chr5,140419086,140419106,-
chr5,140419155,140419171,-
chr5,140502530,140502549,-
chr5,140505126,140505143,-
chr5,140570916,140570940,-
chr5,140575895,140575911,-
chr5,140586828,140586847,-
chr5,140586852,140586872,-
chr5,140618394,140618416,-
chr5,140618910,140618930,-
chr5,140637548,140637562,-
chr5,140702432,140702496,-
chr5,140702719,140702742,-
chr5,140733395,140733421,-
chr5,140871089,140871108,-
chr5,140872350,140872396,-
chr5,140945081,140945096,-
chr5,140946729,140946775,-
chr5,140946805,140946837,-
chr5,140948301,140948320,-
chr5,141018158,141018173,-
chr5,141045019,141045033,-
chr5,141084964,141084986,-
chr5,142039034,142039094,-
chr5,142372091,142372105,-
chr5,142415996,142416045,-
chr5,142416376,142416401,-
chr5,142439742,142439776,-
chr5,142440873,142440899,-
chr5,142442274,142442288,-
chr5,142445202,142445221,-
chr5,142895571,142895587,-
chr5,142901956,142901970,-
chr5,142902317,142902333,-
chr5,142902408,142902422,-
chr5,142908629,142908648,-
chr5,142920557,142920594,-
chr5,142926268,142926283,-
chr5,142926766,142926785,-
chr5,142927197,142927240,-
chr5,142929740,142929763,-
chr5,143329357,143329383,-
chr5,143329505,143329519,-
chr5,143630867,143630883,-
chr5,143630938,143630957,-
chr5,143631013,143631035,-
chr5,143669917,143669945,-
chr5,143670140,143670154,-
chr5,143817378,143817397,-
chr5,143917726,143917758,-
chr5,143975863,143975946,-
chr5,144014462,144014487,-
chr5,144015099,144015150,-
chr5,144015310,144015391,-
chr5,144222034,144222068,-
chr5,144224065,144224084,-
chr5,144224245,144224265,-
chr5,144254973,144254991,-
chr5,144657727,144657742,-
chr5,144919896,144919922,-
chr5,144937499,144937515,-
chr5,145084015,145084033,-
chr5,145116311,145116339,-
chr5,145116725,145116741,-
chr5,145140592,145140608,-
chr5,145204259,145204280,-
chr5,145232522,145232570,-
chr5,145281071,145281086,-
chr5,145330262,145330281,-
chr5,145337031,145337050,-
chr5,146147910,146147985,-
chr5,146567669,146567685,-
chr5,146567723,146567744,-
chr5,146824526,146824544,-
chr5,146829531,146829550,-
chr5,146832736,146832760,-
chr5,147050749,147050765,-
chr5,147050768,147050796,-
chr5,147063651,147063675,-
chr5,147322917,147322932,-
chr5,147323941,147323987,-
chr5,147331860,147331879,-
chr5,147331912,147331954,-
chr5,147339656,147339676,-
chr5,147431529,147431549,-
chr5,147431970,147431996,-
chr5,147432003,147432025,-
chr5,147448522,147448568,-
chr5,147448584,147448603,-
chr5,147449108,147449136,-
chr5,147527934,147527949,-
chr5,147894381,147894396,-
chr5,147894447,147894469,-
chr5,148311107,148311129,-
chr5,148342541,148342556,-
chr5,148398867,148398896,-
chr5,148501502,148501516,-
chr5,148501855,148501869,-
chr5,148595631,148595650,-
chr5,148595739,148595768,-
chr5,148700222,148700238,-
chr5,148820675,148820689,-
chr5,148853341,148853356,-
chr5,148866879,148866898,-
chr5,148978387,148978407,-
chr5,149010260,149010309,-
chr5,149016268,149016292,-
chr5,149016632,149016683,-
chr5,149016754,149016790,-
chr5,149016929,149016951,-
chr5,149017141,149017161,-
chr5,149017280,149017307,-
chr5,149017721,149017743,-
chr5,149049078,149049097,-
chr5,149051512,149051555,-
chr5,149080027,149080047,-
chr5,149080137,149080162,-
chr5,149245388,149245406,-
chr5,149245813,149245840,-
chr5,149265648,149265680,-
chr5,149368557,149368573,-
chr5,149428744,149428763,-
chr5,149428938,149428952,-
chr5,149526965,149526991,-
chr5,149636883,149636902,-
chr5,149636906,149636922,-
chr5,150118287,150118330,-
chr5,150180586,150180605,-
chr5,150274705,150274720,-
chr5,150274929,150274945,-
chr5,150274954,150275067,-
chr5,150275075,150275171,-
chr5,150275182,150275221,-
chr5,150275223,150275345,-
chr5,150594499,150594514,-
chr5,150601748,150601764,-
chr5,150674559,150674600,-
chr5,150841073,150841087,-
chr5,151247176,151247195,-
chr5,151369056,151369072,-
chr6,3345088,3345107,+
chr6,3345677,3345692,+
chr6,3345804,3345830,+
chr6,3345888,3345916,+
chr6,3385949,3385973,+
chr6,3386014,3386058,+
chr6,3397227,3397246,+
chr6,3399092,3399107,+
chr6,3399219,3399245,+
chr6,3399305,3399331,+
chr6,3447184,3447212,+
chr6,3447796,3447818,+
chr6,5422675,5422691,+
chr6,6577797,6577812,+
chr6,6577853,6577867,+
chr6,6578186,6578206,+
chr6,7847052,7847068,+
chr6,8482807,8482873,+
chr6,8482996,8483012,+
chr6,8505333,8505383,+
chr6,8510638,8510654,+
chr6,8511139,8511158,+
chr6,8511282,8511301,+
chr6,12082021,12082036,+
chr6,12124798,12124812,+
chr6,12124871,12124885,+
chr6,12125312,12125328,+
chr6,12125422,12125451,+
chr6,12315319,12315356,+
chr6,13069407,13069422,+
chr6,13070456,13070475,+
chr6,13650790,13650809,+
chr6,13650940,13650956,+
chr6,13678555,13678584,+
chr6,16360323,16360342,+
chr6,16360423,16360437,+
chr6,16360448,16360468,+
chr6,17067126,17067152,+
chr6,21949355,21949375,+
chr6,22314504,22314573,+
chr6,22314733,22314752,+
chr6,22349674,22349696,+
chr6,22349979,22349998,+
chr6,22350357,22350391,+
chr6,22350455,22350477,+
chr6,22374639,22374663,+
chr6,22409104,22409124,+
chr6,22409380,22409396,+
chr6,22424426,22424441,+
chr6,24530155,24530179,+
chr6,24637177,24637280,+
chr6,25809781,25809796,+
chr6,28321902,28321944,+
chr6,28322363,28322378,+
chr6,28350957,28350973,+
chr6,28410332,28410346,+
chr6,28423290,28423309,+
chr6,28556088,28556106,+
chr6,29164774,29164788,+
chr6,29232194,29232218,+
chr6,29272309,29272332,+
chr6,29467469,29467495,+
chr6,29467500,29467519,+
chr6,29853445,29853459,+
chr6,29985217,29985236,+
chr6,29985292,29985308,+
chr6,30047587,30047603,+
chr6,30227003,30227035,+
chr6,30227265,30227287,+
chr6,30299938,30299971,+
chr6,30302379,30302401,+
chr6,30302784,30302806,+
chr6,30303018,30303032,+
chr6,30322915,30322944,+
chr6,30322990,30323010,+
chr6,30324323,30324338,+
chr6,30324783,30324809,+
chr6,30324956,30324979,+
chr6,30325312,30325331,+
chr6,30325403,30325418,+
chr6,30325996,30326012,+
chr6,30326168,30326182,+
chr6,30326191,30326205,+
chr6,30339010,30339030,+
chr6,30346667,30346703,+
chr6,30347677,30347705,+
chr6,30351727,30351741,+
chr6,30353169,30353220,+
chr6,30354530,30354564,+
chr6,30354567,30354606,+
chr6,30354742,30354758,+
chr6,30354923,30354961,+
chr6,30357689,30357706,+
chr6,30357800,30357839,+
chr6,30391303,30391317,+
chr6,30401378,30401397,+
chr6,31114933,31114977,+
chr6,31115012,31115032,+
chr6,31125958,31125974,+
chr6,31126342,31126371,+
chr6,31157096,31157124,+
chr6,31176469,31176485,+
chr6,31184459,31184473,+
chr6,31190662,31190684,+
chr6,31190690,31190728,+
chr6,31191006,31191020,+
chr6,31216408,31216422,+
chr6,31218525,31218546,+
chr6,31218848,31218862,+
chr6,32324373,32324387,+
chr6,32324597,32324611,+
chr6,33262530,33262608,+
chr6,33618627,33618646,+
chr6,34029297,34029316,+
chr6,34176351,34176365,+
chr6,34438006,34438060,+
chr6,34438061,34438112,+
chr6,34862215,34862234,+
chr6,34862291,34862334,+
chr6,34863693,34863707,+
chr6,34911093,34911107,+
chr6,34952094,34952114,+
chr6,34968225,34968281,+
chr6,35134028,35134047,+
chr6,35134518,35134533,+
chr6,35419640,35419669,+
chr6,35419785,35419857,+
chr6,35419858,35419904,+
chr6,35419916,35419939,+
chr6,35420084,35420131,+
chr6,35462272,35462288,+
chr6,35462441,35462460,+
chr6,35540134,35540149,+
chr6,37046728,37046747,+
chr6,37463345,37463372,+
chr6,37463497,37463516,+
chr6,37463537,37463553,+
chr6,37463780,37463814,+
chr6,37465024,37465061,+
chr6,37481188,37481202,+
chr6,37617347,37617369,+
chr6,37714101,37714130,+
chr6,37732374,37732390,+
chr6,37821731,37821751,+
chr6,38120711,38120730,+
chr6,38320699,38320715,+
chr6,38342698,38342724,+
chr6,38342966,38342982,+
chr6,38344050,38344064,+
chr6,38345736,38345755,+
chr6,38346365,38346398,+
chr6,38349187,38349202,+
chr6,38349252,38349267,+
chr6,38351782,38351797,+
chr6,38351966,38351981,+
chr6,38352728,38352743,+
chr6,38353652,38353667,+
chr6,38355224,38355239,+
chr6,38360512,38360564,+
chr6,38534240,38534280,+
chr6,38534409,38534457,+
chr6,38751634,38751714,+
chr6,38789970,38789989,+
chr6,38847916,38847936,+
chr6,38875484,38875500,+
chr6,39316247,39316262,+
chr6,39334199,39334215,+
chr6,39334421,39334440,+
chr6,39341933,39341947,+
chr6,39379342,39379363,+
chr6,39379741,39379763,+
chr6,39379854,39379879,+
chr6,39381447,39381474,+
chr6,39463019,39463034,+
chr6,39509331,39509390,+
chr6,39509509,39509617,+
chr6,39509625,39509665,+
chr6,40435529,40435548,+
chr6,40471163,40471254,+
chr6,40818874,40818919,+
chr6,40891912,40891926,+
chr6,41130377,41130392,+
chr6,41195037,41195053,+
chr6,41196887,41196906,+
chr6,41196922,41196942,+
chr6,41197014,41197044,+
chr6,41200833,41200868,+
chr6,41200889,41200916,+
chr6,41201463,41201482,+
chr6,41202296,41202348,+
chr6,41216341,41216360,+
chr6,41363250,41363313,+
chr6,41363392,41363420,+
chr6,41526586,41526608,+
chr6,41536279,41536293,+
chr6,41536308,41536323,+
chr6,41537892,41537906,+
chr6,41538277,41538293,+
chr6,41539847,41539863,+
chr6,41540112,41540141,+
chr6,41541255,41541374,+
chr6,41541579,41541603,+
chr6,41542453,41542469,+
chr6,41545223,41545242,+
chr6,41546789,41546805,+
chr6,41548323,41548342,+
chr6,41552643,41552665,+
chr6,41555151,41555167,+
chr6,42344227,42344260,+
chr6,42348997,42349016,+
chr6,42380528,42380550,+
chr6,42658854,42658907,+
chr6,43665825,43665844,+
chr6,47636117,47636131,+
chr6,47636227,47636265,+
chr6,47779521,47779560,+
chr6,47781519,47781533,+
chr6,47781968,47781987,+
chr6,47788654,47788678,+
chr6,47813838,47813857,+
chr6,47814074,47814100,+
chr6,47814105,47814124,+
chr6,47953527,47953546,+
chr6,48358964,48358984,+
chr6,48554631,48554646,+
chr6,48602557,48602576,+
chr6,48674699,48674716,+
chr6,48674726,48674740,+
chr6,48675532,48675547,+
chr6,48675552,48675585,+
chr6,48680243,48680257,+
chr6,48680752,48680780,+
chr6,48680869,48680884,+
chr6,48681202,48681217,+
chr6,48686213,48686229,+
chr6,48695059,48695078,+
chr6,48695678,48695697,+
chr6,48697110,48697132,+
chr6,48697135,48697204,+
chr6,48700384,48700403,+
chr6,48706605,48706621,+
chr6,48706654,48706673,+
chr6,48706832,48706932,+
chr6,48707273,48707288,+
chr6,48707299,48707330,+
chr6,48707361,48707375,+
chr6,48707417,48707434,+
chr6,48707534,48707558,+
chr6,48707618,48707634,+
chr6,48707670,48707686,+
chr6,48707810,48707838,+
chr6,48707852,48707883,+
chr6,48708570,48708586,+
chr6,48718065,48718084,+
chr6,48726253,48726267,+
chr6,48733371,48733393,+
chr6,48733632,48733693,+
chr6,48737355,48737369,+
chr6,48738228,48738244,+
chr6,48738699,48738765,+
chr6,48739473,48739487,+
chr6,48740032,48740164,+
chr6,48741907,48741926,+
chr6,48744992,48745069,+
chr6,48751462,48751482,+
chr6,48751531,48751599,+
chr6,48754566,48754603,+
chr6,48801849,48801870,+
chr6,48801875,48801889,+
chr6,48802372,48802399,+
chr6,48803697,48803715,+
chr6,48803735,48803750,+
chr6,49013632,49013646,+
chr6,49022098,49022153,+
chr6,49128353,49128367,+
chr6,50009706,50009725,+
chr6,50009776,50009792,+
chr6,50253289,50253308,+
chr6,50381423,50381445,+
chr6,50381517,50381531,+
chr6,50381646,50381660,+
chr6,50417252,50417280,+
chr6,50597232,50597274,+
chr6,51209265,51209308,+
chr6,51469169,51469197,+
chr6,52116078,52116092,+
chr6,52211941,52211994,+
chr6,53590363,53590377,+
chr6,54681145,54681194,+
chr6,54699228,54699242,+
chr6,54714902,54714943,+
chr6,54715281,54715297,+
chr6,54716347,54716366,+
chr6,54719369,54719385,+
chr6,54719387,54719413,+
chr6,54719416,54719432,+
chr6,54736880,54736895,+
chr6,54738132,54738146,+
chr6,54759788,54759803,+
chr6,54766702,54766717,+
chr6,54776277,54776295,+
chr6,54817567,54817583,+
chr6,54818718,54818733,+
chr6,54831711,54831780,+
chr6,54850000,54850016,+
chr6,54867394,54867413,+
chr6,54936576,54936595,+
chr6,54936714,54936734,+
chr6,54936827,54936841,+
chr6,54972730,54972753,+
chr6,54972999,54973018,+
chr6,56796639,56796655,+
chr6,56797199,56797214,+
chr6,56798356,56798380,+
chr6,56902229,56902243,+
chr6,56909032,56909046,+
chr6,56916192,56916264,+
chr6,56916385,56916400,+
chr6,56916643,56916674,+
chr6,56916682,56916708,+
chr6,56919963,56920012,+
chr6,56920233,56920252,+
chr6,57535436,57535456,+
chr6,57536046,57536070,+
chr6,57570492,57570536,+
chr6,57570653,57570689,+
chr6,57581449,57581465,+
chr6,57583967,57584003,+
chr6,57690906,57690998,+
chr6,57691104,57691126,+
chr6,57823164,57823197,+
chr6,57823383,57823433,+
chr6,57823442,57823456,+
chr6,57823520,57823536,+
chr6,57823777,57823810,+
chr6,57824088,57824108,+
chr6,58832396,58832410,+
chr6,58842524,58842543,+
chr6,59325582,59325598,+
chr6,59411785,59411830,+
chr6,59411979,59412011,+
chr6,59412118,59412139,+
chr6,59412269,59412293,+
chr6,59412948,59412964,+
chr6,65141019,65141038,+
chr6,65563828,65563844,+
chr6,65563945,65563964,+
chr6,65564449,65564463,+
chr6,65564571,65564585,+
chr6,65564587,65564602,+
chr6,65594125,65594156,+
chr6,65600206,65600225,+
chr6,65600898,65600912,+
chr6,65601405,65601453,+
chr6,65612010,65612033,+
chr6,65648216,65648240,+
chr6,65648695,65648716,+
chr6,65998305,65998320,+
chr6,66414942,66414964,+
chr6,66493602,66493625,+
chr6,66493776,66493813,+
chr6,66534813,66534827,+
chr6,66534937,66534951,+
chr6,67158657,67158671,+
chr6,67184956,67184972,+
chr6,67267199,67267218,+
chr6,67339343,67339402,+
chr6,67339478,67339541,+
chr6,67339857,67339939,+
chr6,67340260,67340282,+
chr6,67375069,67375083,+
chr6,67375166,67375180,+
chr6,67375333,67375355,+
chr6,67425096,67425112,+
chr6,67566646,67566664,+
chr6,70714444,70714460,+
chr6,70714471,70714485,+
chr6,70804810,70804830,+
chr6,70823873,70823902,+
chr6,71143824,71143852,+
chr6,71271127,71271141,+
chr6,71316843,71316868,+
chr6,71323562,71323576,+
chr6,71328011,71328041,+
chr6,71329929,71329944,+
chr6,71331667,71331686,+
chr6,71333500,71333514,+
chr6,71333915,71333931,+
chr6,71337474,71337545,+
chr6,71337998,71338012,+
chr6,71339751,71339772,+
chr6,71339828,71339842,+
chr6,71340943,71340962,+
chr6,71342395,71342409,+
chr6,71343428,71343443,+
chr6,71345658,71345672,+
chr6,71347314,71347378,+
chr6,71354486,71354522,+
chr6,71354607,71354642,+
chr6,71354765,71354781,+
chr6,71354798,71354814,+
chr6,71355116,71355130,+
chr6,71357763,71357777,+
chr6,71363054,71363070,+
chr6,71369147,71369171,+
chr6,71370024,71370043,+
chr6,71370237,71370253,+
chr6,71372017,71372043,+
chr6,71372082,71372100,+
chr6,71372988,71373020,+
chr6,71373123,71373137,+
chr6,71376927,71376942,+
chr6,71382076,71382092,+
chr6,71493182,71493218,+
chr6,71493590,71493631,+
chr6,71632279,71632293,+
chr6,71823800,71823819,+
chr6,71830861,71830876,+
chr6,71830885,71830908,+
chr6,72347971,72347996,+
chr6,72348001,72348020,+
chr6,72362929,72362945,+
chr6,72375197,72375281,+
chr6,72410555,72410607,+
chr6,72535274,72535290,+
chr6,72553104,72553142,+
chr6,72553344,72553360,+
chr6,72616451,72616489,+
chr6,72876666,72876702,+
chr6,72949878,72949913,+
chr6,72950082,72950098,+
chr6,72957213,72957240,+
chr6,72962311,72962327,+
chr6,72981914,72981928,+
chr6,72988582,72988598,+
chr6,72998804,72998873,+
chr6,73210434,73210449,+
chr6,73247679,73247699,+
chr6,82653343,82653359,+
chr6,82863824,82863839,+
chr6,82909537,82909553,+
chr6,82921302,82921318,+
chr6,82921428,82921455,+
chr6,82921857,82921872,+
chr6,82996691,82996705,+
chr6,83054588,83054608,+
chr6,83095929,83095982,+
chr6,83101057,83101076,+
chr6,83101260,83101286,+
chr6,83115323,83115342,+
chr6,83121604,83121619,+
chr6,83159680,83159700,+
chr6,83165598,83165617,+
chr6,83312472,83312488,+
chr6,83410136,83410155,+
chr6,83410532,83410552,+
chr6,83411501,83411531,+
chr6,83415099,83415115,+
chr6,83416663,83416679,+
chr6,83416914,83416940,+
chr6,83428958,83428977,+
chr6,83429079,83429112,+
chr6,83440932,83440961,+
chr6,83441193,83441209,+
chr6,83478109,83478124,+
chr6,83490864,83490883,+
chr6,83507230,83507249,+
chr6,83512534,83512584,+
chr6,83512773,83512830,+
chr6,83779050,83779070,+
chr6,84088630,84088682,+
chr6,85905114,85905135,+
chr6,85966436,85966452,+
chr6,85966480,85966504,+
chr6,86365220,86365259,+
chr6,86366188,86366202,+
chr6,86438026,86438042,+
chr6,86438089,86438113,+
chr6,86593609,86593630,+
chr6,86670838,86670854,+
chr6,86850750,86850764,+
chr6,87038368,87038392,+
chr6,87040904,87040933,+
chr6,87041689,87041727,+
chr6,87041935,87041987,+
chr6,87120124,87120143,+
chr6,87127270,87127290,+
chr6,87129412,87129443,+
chr6,87130102,87130121,+
chr6,87150928,87150951,+
chr6,87150985,87151089,+
chr6,87504176,87504195,+
chr6,87532550,87532565,+
chr6,87547312,87547328,+
chr6,87725293,87725314,+
chr6,87725828,87725864,+
chr6,87921217,87921237,+
chr6,88074567,88074587,+
chr6,88075288,88075303,+
chr6,88465172,88465186,+
chr6,88769861,88769880,+
chr6,88902986,88903002,+
chr6,88924860,88924874,+
chr6,88924955,88924988,+
chr6,89643744,89643759,+
chr6,90740289,90740305,+
chr6,90740929,90740948,+
chr6,90741072,90741086,+
chr6,90741482,90741498,+
chr6,90816064,90816097,+
chr6,91109183,91109198,+
chr6,91110357,91110389,+
chr6,91111373,91111397,+
chr6,91115639,91115653,+
chr6,91515038,91515052,+
chr6,91515353,91515381,+
chr6,91617277,91617296,+
chr6,91702252,91702284,+
chr6,91862505,91862560,+
chr6,92091518,92091540,+
chr6,92745449,92745463,+
chr6,92745468,92745584,+
chr6,94634312,94634327,+
chr6,94634377,94634399,+
chr6,94682113,94682127,+
chr6,94690566,94690604,+
chr6,95515656,95515670,+
chr6,95515859,95515874,+
chr6,97208305,97208325,+
chr6,97208657,97208676,+
chr6,97208881,97208896,+
chr6,97209850,97209869,+
chr6,97211335,97211350,+
chr6,97211935,97211962,+
chr6,97225058,97225121,+
chr6,97229017,97229045,+
chr6,97294518,97294533,+
chr6,97318376,97318392,+
chr6,97464491,97464505,+
chr6,97530949,97530965,+
chr6,98114175,98114203,+
chr6,98114253,98114270,+
chr6,98609582,98609598,+
chr6,98993440,98993457,+
chr6,99013430,99013446,+
chr6,99023527,99023546,+
chr6,99023561,99023613,+
chr6,99023647,99023663,+
chr6,99023844,99023858,+
chr6,99026459,99026480,+
chr6,99027467,99027499,+
chr6,99031087,99031128,+
chr6,99036988,99037052,+
chr6,99050776,99050792,+
chr6,99095487,99095502,+
chr6,99095559,99095574,+
chr6,99095879,99095898,+
chr6,99095940,99095959,+
chr6,99096021,99096035,+
chr6,99100992,99101011,+
chr6,99101108,99101177,+
chr6,99101275,99101297,+
chr6,99260275,99260291,+
chr6,99260415,99260451,+
chr6,99260493,99260509,+
chr6,99261004,99261020,+
chr6,99261645,99261669,+
chr6,99263674,99263689,+
chr6,99264811,99264825,+
chr6,99264930,99264947,+
chr6,99265021,99265040,+
chr6,99265501,99265520,+
chr6,99265568,99265584,+
chr6,99266304,99266323,+
chr6,99266525,99266544,+
chr6,99266987,99267004,+
chr6,99270051,99270075,+
chr6,99275915,99275934,+
chr6,99302825,99302841,+
chr6,99309416,99309435,+
chr6,99310174,99310193,+
chr6,99359960,99359988,+
chr6,99376430,99376457,+
chr6,99380219,99380233,+
chr6,99380820,99380849,+
chr6,99389837,99389853,+
chr6,99394496,99394515,+
chr6,99395310,99395329,+
chr6,99395592,99395606,+
chr6,99396154,99396173,+
chr6,99402144,99402158,+
chr6,99402287,99402358,+
chr6,99402836,99402855,+
chr6,99404086,99404108,+
chr6,99404123,99404137,+
chr6,99429116,99429138,+
chr6,99429170,99429192,+
chr6,99429302,99429321,+
chr6,99432339,99432363,+
chr6,99435059,99435074,+
chr6,99435417,99435432,+
chr6,99441383,99441402,+
chr6,99522918,99522938,+
chr6,99525621,99525635,+
chr6,99634730,99634749,+
chr6,99634782,99634911,+
chr6,99643854,99643873,+
chr6,99644103,99644125,+
chr6,99665764,99665795,+
chr6,99665805,99665833,+
chr6,99666192,99666211,+
chr6,99670969,99670983,+
chr6,99901646,99901670,+
chr6,99985267,99985291,+
chr6,100286378,100286393,+
chr6,100286421,100286437,+
chr6,100581287,100581306,+
chr6,100581468,100581502,+
chr6,101290519,101290543,+
chr6,103340031,103340063,+
chr6,103340256,103340270,+
chr6,103340343,103340357,+
chr6,103465449,103465465,+
chr6,103465586,103465605,+
chr6,103473391,103473407,+
chr6,106768963,106769019,+
chr6,106791559,106791578,+
chr6,106791760,106791775,+
chr6,108064822,108064836,+
chr6,108098556,108098593,+
chr6,108168449,108168468,+
chr6,108168599,108168618,+
chr6,108222083,108222115,+
chr6,108503416,108503430,+
chr6,108504970,108504989,+
chr6,108553695,108553723,+
chr6,108553766,108553783,+
chr6,108553967,108553991,+
chr6,108782874,108782909,+
chr6,108832828,108832842,+
chr6,108832933,108832954,+
chr6,108833056,108833073,+
chr6,108906312,108906406,+
chr6,112696046,112696069,+
chr6,112696884,112696900,+
chr6,112852254,112852276,+
chr6,113238432,113238467,+
chr6,113441230,113441252,+
chr6,113531716,113531735,+
chr6,113604339,113604364,+
chr6,113623817,113623868,+
chr6,113661297,113661311,+
chr6,113661956,113661975,+
chr6,113662056,113662084,+
chr6,113669422,113669436,+
chr6,113669559,113669592,+
chr6,114461768,114461792,+
chr6,114461797,114461847,+
chr6,114875818,114875856,+
chr6,114875992,114876006,+
chr6,114893393,114893413,+
chr6,114893952,114893974,+
chr6,114895029,114895043,+
chr6,114898990,114899006,+
chr6,114905120,114905145,+
chr6,114905181,114905200,+
chr6,114907469,114907504,+
chr6,114907525,114907572,+
chr6,114907579,114907617,+
chr6,114911466,114911480,+
chr6,114920199,114920231,+
chr6,114921028,114921059,+
chr6,114921411,114921425,+
chr6,114921529,114921548,+
chr6,114921590,114921609,+
chr6,114921719,114921741,+
chr6,114922742,114922762,+
chr6,114922944,114922970,+
chr6,115069400,115069429,+
chr6,115069436,115069487,+
chr6,115069772,115069850,+
chr6,115544456,115544490,+
chr6,115594545,115594561,+
chr6,115764448,115764462,+
chr6,115854695,115854711,+
chr6,116630694,116630710,+
chr6,116630760,116630779,+
chr6,116630791,116630834,+
chr6,117879906,117879920,+
chr6,117880108,117880132,+
chr6,117880274,117880298,+
chr6,117881516,117881535,+
chr6,117890190,117890214,+
chr6,117890926,117890954,+
chr6,117891820,117891834,+
chr6,117892180,117892210,+
chr6,117900075,117900102,+
chr6,117900375,117900406,+
chr6,117908126,117908142,+
chr6,118054863,118054946,+
chr6,118139381,118139409,+
chr6,118419458,118419474,+
chr6,119175084,119175100,+
chr6,119198979,119198993,+
chr6,119396232,119396251,+
chr6,119401725,119401746,+
chr6,119408909,119408933,+
chr6,119409057,119409077,+
chr6,119444213,119444235,+
chr6,119451035,119451065,+
chr6,119480318,119480333,+
chr6,119508491,119508513,+
chr6,119539569,119539633,+
chr6,119725895,119725920,+
chr6,119902270,119902285,+
chr6,119918604,119918624,+
chr6,120055569,120055615,+
chr6,120083436,120083451,+
chr6,120111827,120111874,+
chr6,120193429,120193448,+
chr6,120193520,120193535,+
chr6,120199839,120199854,+
chr6,120357362,120357381,+
chr6,120363953,120363968,+
chr6,120364248,120364283,+
chr6,120364428,120364442,+
chr6,120464243,120464272,+
chr6,120466107,120466127,+
chr6,120466163,120466179,+
chr6,120466207,120466223,+
chr6,120467532,120467546,+
chr6,120468240,120468259,+
chr6,120468320,120468342,+
chr6,120468574,120468593,+
chr6,120488856,120488871,+
chr6,120529179,120529209,+
chr6,120567604,120567619,+
chr6,120580179,120580198,+
chr6,120799847,120799892,+
chr6,120800002,120800029,+
chr6,120822236,120822263,+
chr6,120836866,120836895,+
chr6,120917470,120917484,+
chr6,120917493,120917507,+
chr6,121063428,121063442,+
chr6,121141859,121141955,+
chr6,121238193,121238222,+
chr6,121238651,121238671,+
chr6,121245002,121245028,+
chr6,121272811,121272914,+
chr6,122291779,122291793,+
chr6,122291854,122291870,+
chr6,122308411,122308426,+
chr6,122308460,122308479,+
chr6,122602671,122602690,+
chr6,122602975,122603003,+
chr6,122742344,122742366,+
chr6,122742796,122742816,+
chr6,122756032,122756091,+
chr6,122759071,122759123,+
chr6,122811636,122811667,+
chr6,122874108,122874145,+
chr6,124306256,124306275,+
chr6,124306370,124306391,+
chr6,124321875,124321905,+
chr6,124360885,124360899,+
chr6,124375085,124375104,+
chr6,124376159,124376174,+
chr6,124376178,124376200,+
chr6,124377121,124377145,+
chr6,124724007,124724048,+
chr6,124730685,124730700,+
chr6,124750265,124750285,+
chr6,124751037,124751062,+
chr6,124885755,124885815,+
chr6,124930718,124930761,+
chr6,125008720,125008744,+
chr6,125191042,125191102,+
chr6,125191279,125191295,+
chr6,125215015,125215048,+
chr6,125219433,125219457,+
chr6,125230093,125230112,+
chr6,125232624,125232640,+
chr6,125238083,125238118,+
chr6,125240592,125240616,+
chr6,125241975,125242023,+
chr6,125242024,125242073,+
chr6,125242079,125242162,+
chr6,125242171,125242220,+
chr6,125242225,125242325,+
chr6,125260053,125260069,+
chr6,125264692,125264707,+
chr6,125422813,125422835,+
chr6,125423022,125423044,+
chr6,125481665,125481681,+
chr6,126809887,126809906,+
chr6,126810351,126810414,+
chr6,126811515,126811535,+
chr6,126811643,126811662,+
chr6,126811898,126811932,+
chr6,126939784,126939798,+
chr6,126939941,126939957,+
chr6,127154791,127154806,+
chr6,127434432,127434451,+
chr6,127561849,127561876,+
chr6,127567524,127567544,+
chr6,127575037,127575119,+
chr6,127575284,127575300,+
chr6,127575492,127575519,+
chr6,127583381,127583397,+
chr6,128007215,128007235,+
chr6,128025608,128025631,+
chr6,128026118,128026132,+
chr6,128424507,128424532,+
chr6,128425142,128425179,+
chr6,128760268,128760294,+
chr6,128766763,128766782,+
chr6,128797122,128797137,+
chr6,128798634,128798648,+
chr6,128799053,128799079,+
chr6,128799435,128799451,+
chr6,128805087,128805106,+
chr6,128807304,128807339,+
chr6,128836143,128836163,+
chr6,128836295,128836309,+
chr6,128836393,128836408,+
chr6,128836639,128836674,+
chr6,128836680,128836694,+
chr6,128836770,128836790,+
chr6,128838326,128838340,+
chr6,128839246,128839271,+
chr6,128839931,128839947,+
chr6,128844039,128844087,+
chr6,128852973,128852992,+
chr6,128886943,128886979,+
chr6,129073857,129073873,+
chr6,129073893,129073967,+
chr6,129073970,129073986,+
chr6,129180341,129180370,+
chr6,129180426,129180462,+
chr6,129181594,129181636,+
chr6,129181767,129181788,+
chr6,129182264,129182280,+
chr6,129184997,129185016,+
chr6,129186108,129186123,+
chr6,129186502,129186535,+
chr6,129210205,129210222,+
chr6,129211057,129211071,+
chr6,129219468,129219488,+
chr6,129219540,129219557,+
chr6,129219658,129219678,+
chr6,129219761,129219776,+
chr6,129227799,129227818,+
chr6,129227896,129227910,+
chr6,129232748,129232767,+
chr6,129234129,129234154,+
chr6,129235458,129235474,+
chr6,129235479,129235502,+
chr6,129236761,129236788,+
chr6,129238149,129238163,+
chr6,129238324,129238350,+
chr6,129238607,129238621,+
chr6,129238623,129238639,+
chr6,129238719,129238747,+
chr6,129263284,129263300,+
chr6,129275111,129275135,+
chr6,129423699,129423718,+
chr6,129518696,129518748,+
chr6,129575567,129575612,+
chr6,129582741,129582796,+
chr6,129582914,129582928,+
chr6,129590763,129590782,+
chr6,129591381,129591403,+
chr6,129591863,129591878,+
chr6,129591927,129591951,+
chr6,129592117,129592141,+
chr6,129609876,129609890,+
chr6,129744482,129744501,+
chr6,129744518,129744540,+
chr6,129747038,129747058,+
chr6,129748005,129748029,+
chr6,129845349,129845410,+
chr6,129917305,129917344,+
chr6,130197901,130197917,+
chr6,130342438,130342454,+
chr6,131292927,131292973,+
chr6,131387811,131387837,+
chr6,134034845,134034863,+
chr6,134036662,134036683,+
chr6,134048369,134048384,+
chr6,134090141,134090156,+
chr6,134333253,134333276,+
chr6,134389567,134389601,+
chr6,134414256,134414278,+
chr6,134567462,134567481,+
chr6,134567590,134567606,+
chr6,134829895,134829914,+
chr6,134830716,134830732,+
chr6,134898264,134898309,+
chr6,134916491,134916523,+
chr6,134918181,134918203,+
chr6,134918729,134918745,+
chr6,134919014,134919030,+
chr6,134921979,134921998,+
chr6,134927924,134927957,+
chr6,134928203,134928231,+
chr6,135011406,135011423,+
chr6,135218429,135218443,+
chr6,135219449,135219501,+
chr6,135364614,135364630,+
chr6,135434244,135434260,+
chr6,136414176,136414195,+
chr6,136414326,136414376,+
chr6,136414485,136414552,+
chr6,136414598,136414654,+
chr6,136415186,136415205,+
chr6,136415236,136415255,+
chr6,136415258,136415277,+
chr6,136449005,136449024,+
chr6,136449091,136449110,+
chr6,136449229,136449255,+
chr6,136463673,136463695,+
chr6,136464009,136464042,+
chr6,136464244,136464263,+
chr6,136468272,136468286,+
chr6,136471326,136471346,+
chr6,136471545,136471571,+
chr6,136473477,136473542,+
chr6,136476912,136476926,+
chr6,136477115,136477131,+
chr6,136477229,136477247,+
chr6,136477333,136477347,+
chr6,136477494,136477518,+
chr6,136478990,136479016,+
chr6,136479104,136479130,+
chr6,136479178,136479197,+
chr6,136479247,136479295,+
chr6,136491393,136491412,+
chr6,136493874,136493901,+
chr6,136518333,136518371,+
chr6,136518495,136518548,+
chr6,136531832,136531846,+
chr6,136549759,136549781,+
chr6,136553415,136553447,+
chr6,136553717,136553734,+
chr6,136554580,136554600,+
chr6,136555194,136555208,+
chr6,136736243,136736262,+
chr6,136743121,136743135,+
chr6,136743840,136743856,+
chr6,136744041,136744072,+
chr6,136803902,136803937,+
chr6,136804385,136804401,+
chr6,136804600,136804614,+
chr6,136853295,136853315,+
chr6,136854199,136854287,+
chr6,136857436,136857459,+
chr6,136898981,136899009,+
chr6,136931661,136931705,+
chr6,136942305,136942347,+
chr6,136946203,136946217,+
chr6,136965201,136965221,+
chr6,136965472,136965494,+
chr6,137603376,137603437,+
chr6,140513926,140513950,+
chr6,140514005,140514024,+
chr6,140515265,140515290,+
chr6,140615121,140615137,+
chr6,140623120,140623150,+
chr6,140657816,140657861,+
chr6,140708922,140708989,+
chr6,140709150,140709179,+
chr6,140722239,140722258,+
chr6,140723396,140723422,+
chr6,140723425,140723439,+
chr6,140727245,140727264,+
chr6,140816882,140816906,+
chr6,140857837,140857868,+
chr6,140972043,140972506,+
chr6,140972516,140972945,+
chr6,140972949,140973040,+
chr6,142346241,142346257,+
chr6,142538713,142538735,+
chr6,142561513,142561529,+
chr6,142561625,142561644,+
chr6,142780019,142780035,+
chr6,142862297,142862316,+
chr6,142869940,142869957,+
chr6,142881500,142881538,+
chr6,142916058,142916105,+
chr6,142916221,142916240,+
chr6,142916592,142916617,+
chr6,142916834,142916868,+
chr6,142918010,142918050,+
chr6,142942213,142942235,+
chr6,142945449,142945463,+
chr6,142945686,142945702,+
chr6,142952034,142952049,+
chr6,142954998,142955014,+
chr6,142956683,142956699,+
chr6,143065931,143065953,+
chr6,143099802,143099818,+
chr6,143114432,143114451,+
chr6,143142140,143142160,+
chr6,143146786,143146800,+
chr6,143362011,143362027,+
chr6,143362325,143362346,+
chr6,143751008,143751023,+
chr6,143816729,143816744,+
chr6,143830268,143830292,+
chr6,143868203,143868217,+
chr6,144265846,144265878,+
chr6,144265989,144266008,+
chr6,144270537,144270564,+
chr6,144572849,144572873,+
chr6,144572922,144572962,+
chr6,144619794,144619857,+
chr6,144677288,144677314,+
chr6,144678899,144678922,+
chr6,144679291,144679310,+
chr6,144781526,144781541,+
chr6,144782174,144782196,+
chr6,144833876,144833895,+
chr6,144901860,144901876,+
chr6,144902147,144902166,+
chr6,144919722,144919741,+
chr6,144919789,144919824,+
chr6,144953066,144953117,+
chr6,145093241,145093256,+
chr6,145101166,145101180,+
chr6,145115972,145115994,+
chr6,145312025,145312040,+
chr6,145337659,145337679,+
chr6,145339562,145339633,+
chr6,145340370,145340384,+
chr6,145341237,145341256,+
chr6,145341638,145341654,+
chr6,145360449,145360469,+
chr6,145417992,145418008,+
chr6,146107708,146107727,+
chr6,146221465,146221480,+
chr6,146481239,146481271,+
chr6,146481306,146481322,+
chr6,146486146,146486194,+
chr6,146490178,146490194,+
chr6,146498126,146498140,+
chr6,146501545,146501564,+
chr6,146521233,146521247,+
chr6,146521436,146521471,+
chr6,146522063,146522082,+
chr6,146522384,146522402,+
chr6,146580770,146580790,+
chr6,146642188,146642213,+
chr6,146642221,146642272,+
chr6,147042524,147042544,+
chr6,147042570,147042622,+
chr6,147099749,147099768,+
chr6,148945431,148945453,+
chr6,148946214,148946247,+
chr6,149141460,149141485,+
chr6,149183560,149183585,+
chr6,149188037,149188052,+
chr6,149309074,149309092,+
chr6,149366362,149366425,+
chr6,149366461,149366491,+
chr6,149366527,149366546,+
chr6,149366660,149366690,+
chr6,3346199,3346215,-
chr6,3346257,3346273,-
chr6,3384173,3384192,-
chr6,3384568,3384582,-
chr6,3385977,3385991,-
chr6,3399611,3399627,-
chr6,3399671,3399687,-
chr6,3425060,3425074,-
chr6,3447307,3447366,-
chr6,3447831,3447850,-
chr6,5297864,5297884,-
chr6,5298642,5298661,-
chr6,5392898,5392968,-
chr6,5393009,5393025,-
chr6,5422755,5422769,-
chr6,5436877,5436910,-
chr6,6578761,6578796,-
chr6,7844023,7844038,-
chr6,7845433,7845463,-
chr6,7846769,7846788,-
chr6,7846956,7846970,-
chr6,8504630,8504645,-
chr6,8505139,8505155,-
chr6,8505400,8505415,-
chr6,8510727,8510741,-
chr6,8511066,8511099,-
chr6,8557032,8557060,-
chr6,11907640,11907667,-
chr6,12038467,12038486,-
chr6,12060005,12060039,-
chr6,12081266,12081319,-
chr6,12081321,12081351,-
chr6,12081597,12081629,-
chr6,12081693,12081707,-
chr6,12125908,12125941,-
chr6,12315858,12315874,-
chr6,13651311,13651327,-
chr6,15626300,15626315,-
chr6,15747665,15747681,-
chr6,15748249,15748268,-
chr6,15748285,15748299,-
chr6,17066869,17066883,-
chr6,17067199,17067218,-
chr6,21948920,21948948,-
chr6,21949601,21949643,-
chr6,21950742,21950756,-
chr6,22349445,22349461,-
chr6,22374594,22374612,-
chr6,22423416,22423432,-
chr6,22423581,22423622,-
chr6,22423626,22423640,-
chr6,22424758,22424777,-
chr6,22424919,22424951,-
chr6,24530391,24530421,-
chr6,24530451,24530475,-
chr6,25809644,25809659,-
chr6,28322063,28322079,-
chr6,28322081,28322105,-
chr6,28351061,28351085,-
chr6,28352371,28352398,-
chr6,28556215,28556230,-
chr6,28588986,28589017,-
chr6,29283707,29283750,-
chr6,29283805,29283848,-
chr6,29283909,29283956,-
chr6,29286972,29286986,-
chr6,29287151,29287214,-
chr6,29838718,29838732,-
chr6,29861187,29861232,-
chr6,30047403,30047426,-
chr6,30053040,30053054,-
chr6,30053255,30053270,-
chr6,30323061,30323168,-
chr6,30325678,30325692,-
chr6,30326729,30326745,-
chr6,30337481,30337503,-
chr6,30339935,30339949,-
chr6,30350815,30350844,-
chr6,30350855,30350875,-
chr6,30352791,30352806,-
chr6,30354733,30354747,-
chr6,30355002,30355016,-
chr6,30391156,30391172,-
chr6,30391209,30391223,-
chr6,30693307,30693326,-
chr6,31176741,31176756,-
chr6,31189183,31189210,-
chr6,31190868,31190906,-
chr6,31192026,31192046,-
chr6,31217013,31217035,-
chr6,31938139,31938229,-
chr6,33261199,33261223,-
chr6,33261364,33261383,-
chr6,33262474,33262497,-
chr6,33620636,33620781,-
chr6,34317721,34317735,-
chr6,34383959,34383978,-
chr6,34476430,34476445,-
chr6,34495197,34495219,-
chr6,34862642,34862661,-
chr6,35133936,35133960,-
chr6,35257909,35257951,-
chr6,35258176,35258191,-
chr6,35419508,35419532,-
chr6,35462307,35462326,-
chr6,35462458,35462474,-
chr6,37442719,37442733,-
chr6,37464565,37464584,-
chr6,37608341,37608360,-
chr6,37608378,37608410,-
chr6,37714939,37714988,-
chr6,37749501,37749560,-
chr6,37821813,37821862,-
chr6,37871851,37871870,-
chr6,37872196,37872223,-
chr6,38121332,38121354,-
chr6,38337255,38337299,-
chr6,38346096,38346121,-
chr6,38352395,38352426,-
chr6,38356045,38356064,-
chr6,38360600,38360614,-
chr6,38533997,38534028,-
chr6,38534071,38534085,-
chr6,38535490,38535506,-
chr6,38550644,38550658,-
chr6,38550948,38550968,-
chr6,38552156,38552178,-
chr6,38581721,38581740,-
chr6,38581822,38581859,-
chr6,38581949,38581986,-
chr6,38789161,38789177,-
chr6,38848042,38848058,-
chr6,39205419,39205435,-
chr6,39257151,39257170,-
chr6,39258149,39258181,-
chr6,39258527,39258544,-
chr6,39259042,39259088,-
chr6,39275421,39275450,-
chr6,39288009,39288023,-
chr6,39316311,39316344,-
chr6,39334719,39334734,-
chr6,39334867,39334889,-
chr6,39335000,39335014,-
chr6,39379132,39379150,-
chr6,39380165,39380208,-
chr6,39381596,39381612,-
chr6,39420244,39420259,-
chr6,39810677,39810693,-
chr6,40325169,40325203,-
chr6,40471029,40471043,-
chr6,40471877,40471907,-
chr6,40891568,40891587,-
chr6,41048928,41048950,-
chr6,41137238,41137296,-
chr6,41177217,41177254,-
chr6,41200520,41200534,-
chr6,41215780,41215805,-
chr6,41216203,41216220,-
chr6,41532164,41532178,-
chr6,41535792,41535806,-
chr6,41540577,41540591,-
chr6,41543421,41543435,-
chr6,41553678,41553694,-
chr6,41556451,41556473,-
chr6,41559017,41559037,-
chr6,41605004,41605032,-
chr6,42265069,42265089,-
chr6,47635292,47635307,-
chr6,47635491,47635588,-
chr6,47636095,47636109,-
chr6,47636293,47636309,-
chr6,47636469,47636485,-
chr6,47636995,47637009,-
chr6,47637029,47637049,-
chr6,47637162,47637178,-
chr6,47781049,47781074,-
chr6,47836369,47836389,-
chr6,47921243,47921305,-
chr6,48359048,48359070,-
chr6,48554391,48554406,-
chr6,48555128,48555142,-
chr6,48627260,48627280,-
chr6,48647010,48647037,-
chr6,48666410,48666429,-
chr6,48666662,48666746,-
chr6,48667675,48667689,-
chr6,48669433,48669459,-
chr6,48669622,48669636,-
chr6,48676765,48676784,-
chr6,48680882,48680908,-
chr6,48681032,48681051,-
chr6,48684568,48684587,-
chr6,48685422,48685442,-
chr6,48685750,48685766,-
chr6,48695809,48695833,-
chr6,48696347,48696383,-
chr6,48696517,48696550,-
chr6,48696718,48696742,-
chr6,48697265,48697284,-
chr6,48697320,48697338,-
chr6,48698674,48698693,-
chr6,48700472,48700497,-
chr6,48706682,48706716,-
chr6,48707210,48707224,-
chr6,48708701,48708724,-
chr6,48731158,48731173,-
chr6,48731364,48731380,-
chr6,48732395,48732409,-
chr6,48732690,48732704,-
chr6,48732744,48732763,-
chr6,48738464,48738499,-
chr6,48738575,48738603,-
chr6,48741264,48741283,-
chr6,48746932,48746946,-
chr6,48747092,48747115,-
chr6,48747809,48747825,-
chr6,48768502,48768526,-
chr6,48769138,48769154,-
chr6,48769166,48769186,-
chr6,48771466,48771482,-
chr6,48771759,48771799,-
chr6,48771923,48771955,-
chr6,48772232,48772256,-
chr6,48772286,48772309,-
chr6,48803617,48803631,-
chr6,48818080,48818099,-
chr6,48818155,48818192,-
chr6,49013742,49013761,-
chr6,49013889,49013910,-
chr6,49074284,49074299,-
chr6,49264251,49264300,-
chr6,49318950,49318966,-
chr6,49936506,49936564,-
chr6,49973512,49973538,-
chr6,49973967,49973995,-
chr6,49974353,49974372,-
chr6,50377886,50377915,-
chr6,50381916,50381935,-
chr6,50416573,50416589,-
chr6,50416716,50416735,-
chr6,50417339,50417380,-
chr6,50456684,50456731,-
chr6,50545668,50545693,-
chr6,50545703,50545723,-
chr6,50571775,50571791,-
chr6,51060005,51060021,-
chr6,51060205,51060224,-
chr6,51060321,51060349,-
chr6,51209328,51209356,-
chr6,51209531,51209571,-
chr6,51209649,51209664,-
chr6,51470011,51470025,-
chr6,51470746,51470765,-
chr6,51545151,51545167,-
chr6,52641069,52641085,-
chr6,52713557,52713573,-
chr6,52714155,52714179,-
chr6,53589657,53589671,-
chr6,53590324,53590353,-
chr6,53664764,53664824,-
chr6,54162842,54162863,-
chr6,54685575,54685599,-
chr6,54699730,54699746,-
chr6,54715849,54715869,-
chr6,54736042,54736062,-
chr6,54736526,54736540,-
chr6,54747639,54747661,-
chr6,54767066,54767085,-
chr6,54776236,54776258,-
chr6,54810187,54810220,-
chr6,54810554,54810593,-
chr6,54816328,54816347,-
chr6,54818062,54818078,-
chr6,54818404,54818420,-
chr6,54818582,54818612,-
chr6,54819929,54819944,-
chr6,54831930,54831946,-
chr6,54847312,54847327,-
chr6,54848765,54848788,-
chr6,54925846,54925865,-
chr6,54998540,54998574,-
chr6,55037485,55037525,-
chr6,55039102,55039133,-
chr6,56705550,56705594,-
chr6,56919756,56919781,-
chr6,56924431,56924450,-
chr6,57536273,57536312,-
chr6,57536328,57536352,-
chr6,57581401,57581423,-
chr6,57581596,57581631,-
chr6,57581984,57582005,-
chr6,57703580,57703606,-
chr6,57823218,57823240,-
chr6,58832367,58832383,-
chr6,58832883,58832902,-
chr6,58833044,58833058,-
chr6,58834450,58834482,-
chr6,58844152,58844176,-
chr6,59412364,59412378,-
chr6,65042418,65042450,-
chr6,65145035,65145049,-
chr6,65145157,65145177,-
chr6,65564313,65564328,-
chr6,65599771,65599805,-
chr6,65600726,65600742,-
chr6,65649102,65649117,-
chr6,65662379,65662414,-
chr6,65662593,65662609,-
chr6,65662636,65662650,-
chr6,65663132,65663147,-
chr6,65970306,65970328,-
chr6,65997948,65997962,-
chr6,65998040,65998056,-
chr6,65998535,65998554,-
chr6,65998621,65998635,-
chr6,65998794,65998808,-
chr6,65998945,65998969,-
chr6,65999190,65999223,-
chr6,65999242,65999261,-
chr6,65999364,65999383,-
chr6,66155263,66155287,-
chr6,66413063,66413079,-
chr6,66897010,66897037,-
chr6,67267900,67267919,-
chr6,67268256,67268278,-
chr6,67296257,67296271,-
chr6,67338967,67338983,-
chr6,67415551,67415580,-
chr6,67480756,67480773,-
chr6,67566620,67566636,-
chr6,68370101,68370180,-
chr6,70714570,70714595,-
chr6,70880932,70880946,-
chr6,70880999,70881025,-
chr6,71307927,71307945,-
chr6,71316894,71316913,-
chr6,71322071,71322090,-
chr6,71324686,71324705,-
chr6,71327594,71327608,-
chr6,71327617,71327653,-
chr6,71328713,71328742,-
chr6,71328982,71329054,-
chr6,71336239,71336264,-
chr6,71336270,71336284,-
chr6,71336478,71336534,-
chr6,71340340,71340369,-
chr6,71341559,71341578,-
chr6,71341721,71341811,-
chr6,71344626,71344648,-
chr6,71345221,71345235,-
chr6,71345271,71345297,-
chr6,71351137,71351152,-
chr6,71352670,71352719,-
chr6,71352725,71352751,-
chr6,71353411,71353430,-
chr6,71354187,71354206,-
chr6,71354297,71354349,-
chr6,71356915,71356952,-
chr6,71364065,71364084,-
chr6,71371870,71371886,-
chr6,71377010,71377029,-
chr6,71377057,71377071,-
chr6,71439437,71439451,-
chr6,71440439,71440453,-
chr6,71757762,71757788,-
chr6,71823619,71823635,-
chr6,71823902,71823918,-
chr6,71831978,71831997,-
chr6,71908925,71908944,-
chr6,72362741,72362755,-
chr6,72407212,72407239,-
chr6,72544750,72544766,-
chr6,72545164,72545185,-
chr6,72553237,72553253,-
chr6,72617237,72617261,-
chr6,72635810,72635838,-
chr6,72806930,72806950,-
chr6,72876938,72876952,-
chr6,72900277,72900297,-
chr6,72952400,72952416,-
chr6,72954840,72954862,-
chr6,72954985,72955004,-
chr6,72955722,72955746,-
chr6,72956893,72956907,-
chr6,72958860,72958879,-
chr6,72962236,72962255,-
chr6,72992884,72992908,-
chr6,72993184,72993198,-
chr6,72993316,72993345,-
chr6,73210511,73210537,-
chr6,73242052,73242068,-
chr6,73242118,73242134,-
chr6,73242171,73242229,-
chr6,73242348,73242367,-
chr6,73248440,73248454,-
chr6,73254638,73254654,-
chr6,73255318,73255344,-
chr6,82864042,82864056,-
chr6,82872471,82872490,-
chr6,82915905,82915935,-
chr6,82921715,82921734,-
chr6,82921755,82921769,-
chr6,82993545,82993562,-
chr6,82993573,82993639,-
chr6,82997052,82997066,-
chr6,83013929,83013953,-
chr6,83125457,83125476,-
chr6,83159492,83159508,-
chr6,83165549,83165563,-
chr6,83392915,83392929,-
chr6,83416102,83416117,-
chr6,83441439,83441462,-
chr6,83506367,83506388,-
chr6,83507252,83507268,-
chr6,83507366,83507380,-
chr6,83776267,83776283,-
chr6,83776396,83776430,-
chr6,83831829,83831843,-
chr6,83953801,83953846,-
chr6,85966219,85966238,-
chr6,86127184,86127204,-
chr6,86134238,86134258,-
chr6,86404021,86404037,-
chr6,86487187,86487211,-
chr6,86487728,86487750,-
chr6,86528093,86528121,-
chr6,86593143,86593164,-
chr6,86593627,86593646,-
chr6,86599542,86599558,-
chr6,86660205,86660227,-
chr6,86850682,86850713,-
chr6,86854698,86854714,-
chr6,86864478,86864492,-
chr6,87127353,87127381,-
chr6,87243980,87243996,-
chr6,87244260,87244276,-
chr6,87244510,87244540,-
chr6,87504368,87504387,-
chr6,87533261,87533275,-
chr6,87541724,87541770,-
chr6,87548172,87548188,-
chr6,87838937,87838961,-
chr6,87839252,87839267,-
chr6,87851486,87851500,-
chr6,87913848,87913872,-
chr6,87921392,87921421,-
chr6,88075579,88075593,-
chr6,88084549,88084567,-
chr6,88902132,88902152,-
chr6,90740098,90740137,-
chr6,91110257,91110271,-
chr6,91110488,91110502,-
chr6,91110940,91110954,-
chr6,91111643,91111664,-
chr6,91114808,91114822,-
chr6,91115826,91115841,-
chr6,91115851,91115866,-
chr6,91578630,91578713,-
chr6,91679085,91679101,-
chr6,91679535,91679554,-
chr6,91683025,91683039,-
chr6,91683447,91683461,-
chr6,91702083,91702148,-
chr6,91865529,91865554,-
chr6,91877720,91877734,-
chr6,92131760,92131782,-
chr6,92131803,92131818,-
chr6,94690330,94690350,-
chr6,94700920,94700939,-
chr6,97208915,97208959,-
chr6,97210264,97210278,-
chr6,97212036,97212052,-
chr6,97224909,97224924,-
chr6,97229132,97229154,-
chr6,97229193,97229217,-
chr6,97310902,97310921,-
chr6,97312370,97312389,-
chr6,97317961,97317977,-
chr6,97318416,97318438,-
chr6,97321567,97321581,-
chr6,97458076,97458092,-
chr6,97464430,97464460,-
chr6,97806684,97806698,-
chr6,97806767,97806782,-
chr6,98113918,98113940,-
chr6,98632918,98632934,-
chr6,98993365,98993381,-
chr6,99023682,99023701,-
chr6,99023765,99023792,-
chr6,99026059,99026078,-
chr6,99026392,99026415,-
chr6,99031526,99031545,-
chr6,99095015,99095039,-
chr6,99257295,99257320,-
chr6,99257440,99257454,-
chr6,99257466,99257482,-
chr6,99257680,99257694,-
chr6,99260775,99260789,-
chr6,99261625,99261647,-
chr6,99262574,99262606,-
chr6,99263064,99263078,-
chr6,99264060,99264079,-
chr6,99270234,99270250,-
chr6,99275709,99275728,-
chr6,99303175,99303205,-
chr6,99309726,99309742,-
chr6,99310156,99310171,-
chr6,99364855,99364874,-
chr6,99374747,99374766,-
chr6,99380007,99380021,-
chr6,99388361,99388385,-
chr6,99394456,99394475,-
chr6,99395692,99395711,-
chr6,99402958,99402972,-
chr6,99404189,99404203,-
chr6,99409824,99409838,-
chr6,99433277,99433324,-
chr6,99433816,99433842,-
chr6,99435137,99435171,-
chr6,99435545,99435589,-
chr6,99435743,99435788,-
chr6,99452217,99452245,-
chr6,99486622,99486669,-
chr6,99522391,99522438,-
chr6,99522440,99522472,-
chr6,99522971,99522990,-
chr6,99523899,99523913,-
chr6,99646715,99646736,-
chr6,99901820,99901842,-
chr6,100046987,100047010,-
chr6,100581339,100581358,-
chr6,100581688,100581722,-
chr6,100841636,100841669,-
chr6,100841676,100841692,-
chr6,100841708,100841727,-
chr6,101360062,101360099,-
chr6,103339989,103340003,-
chr6,103465510,103465526,-
chr6,103465533,103465552,-
chr6,106791435,106791450,-
chr6,106791692,106791708,-
chr6,106793083,106793097,-
chr6,108065895,108065912,-
chr6,108212252,108212266,-
chr6,108466059,108466088,-
chr6,108504280,108504299,-
chr6,108504860,108504880,-
chr6,108512232,108512271,-
chr6,108512383,108512413,-
chr6,108512418,108512440,-
chr6,108830022,108830048,-
chr6,108835648,108835667,-
chr6,108836190,108836209,-
chr6,108836667,108836694,-
chr6,108836702,108836726,-
chr6,108836933,108836949,-
chr6,108838111,108838139,-
chr6,113441259,113441275,-
chr6,113661452,113661474,-
chr6,113681330,113681359,-
chr6,113696032,113696051,-
chr6,113696360,113696389,-
chr6,113696749,113696763,-
chr6,114394193,114394254,-
chr6,114875347,114875363,-
chr6,114894827,114894841,-
chr6,114895436,114895455,-
chr6,114905034,114905049,-
chr6,114911479,114911493,-
chr6,114919298,114919344,-
chr6,114919651,114919667,-
chr6,114921337,114921352,-
chr6,114922187,114922203,-
chr6,114922242,114922263,-
chr6,114922285,114922305,-
chr6,114936565,114936581,-
chr6,115069646,115069665,-
chr6,115532906,115532953,-
chr6,115560166,115560188,-
chr6,115595132,115595171,-
chr6,115717674,115717690,-
chr6,115808957,115808985,-
chr6,115995183,115995199,-
chr6,116136010,116136027,-
chr6,117882215,117882234,-
chr6,117882241,117882289,-
chr6,117890467,117890501,-
chr6,117890646,117890738,-
chr6,117899532,117899546,-
chr6,117902161,117902180,-
chr6,117916633,117916648,-
chr6,117916751,117916770,-
chr6,118167094,118167114,-
chr6,118577741,118577800,-
chr6,119198902,119198918,-
chr6,119499576,119499590,-
chr6,119500300,119500331,-
chr6,119500418,119500433,-
chr6,119501893,119501909,-
chr6,119508967,119508986,-
chr6,119509339,119509361,-
chr6,119509923,119509946,-
chr6,119725963,119725977,-
chr6,119755913,119755928,-
chr6,119756040,119756059,-
chr6,119902705,119902727,-
chr6,120039565,120039594,-
chr6,120047928,120047948,-
chr6,120056509,120056532,-
chr6,120056727,120056741,-
chr6,120081953,120081979,-
chr6,120082868,120082902,-
chr6,120111969,120111988,-
chr6,120112781,120112840,-
chr6,120123215,120123260,-
chr6,120190404,120190420,-
chr6,120193074,120193108,-
chr6,120364584,120364605,-
chr6,120466803,120466825,-
chr6,120469675,120469695,-
chr6,120469786,120469805,-
chr6,120470114,120470129,-
chr6,120471202,120471218,-
chr6,120567671,120567685,-
chr6,120567919,120567935,-
chr6,120567940,120567956,-
chr6,120580150,120580169,-
chr6,120799730,120799744,-
chr6,120836931,120836957,-
chr6,120917514,120917542,-
chr6,120917590,120917605,-
chr6,120957517,120957539,-
chr6,121238430,121238444,-
chr6,121241912,121241931,-
chr6,121244866,121244880,-
chr6,121245821,121245840,-
chr6,121272012,121272045,-
chr6,122340039,122340079,-
chr6,122557202,122557216,-
chr6,122601950,122601969,-
chr6,122602507,122602545,-
chr6,122741366,122741380,-
chr6,122764367,122764386,-
chr6,122810210,122810224,-
chr6,122810343,122810362,-
chr6,122811741,122811777,-
chr6,122826815,122826841,-
chr6,122826962,122826976,-
chr6,122873086,122873110,-
chr6,122874226,122874246,-
chr6,122874311,122874325,-
chr6,122874807,122874831,-
chr6,122875071,122875085,-
chr6,124073039,124073054,-
chr6,124306312,124306367,-
chr6,124360739,124360755,-
chr6,124527764,124527835,-
chr6,124527854,124527888,-
chr6,124694474,124694496,-
chr6,124730843,124730907,-
chr6,124740177,124740205,-
chr6,124741190,124741204,-
chr6,124779745,124779763,-
chr6,124829942,124829956,-
chr6,124900668,124900699,-
chr6,125039837,125039856,-
chr6,125074205,125074221,-
chr6,125222528,125222547,-
chr6,125230123,125230137,-
chr6,125232360,125232388,-
chr6,125232639,125232653,-
chr6,125236664,125236678,-
chr6,125237014,125237045,-
chr6,125238176,125238195,-
chr6,125264808,125264824,-
chr6,125264878,125264902,-
chr6,125265030,125265046,-
chr6,125265233,125265249,-
chr6,125265689,125265721,-
chr6,125266553,125266568,-
chr6,125339502,125339518,-
chr6,125367879,125367893,-
chr6,125481649,125481663,-
chr6,125572939,125572963,-
chr6,125573343,125573359,-
chr6,126811738,126811753,-
chr6,126939725,126939739,-
chr6,126940309,126940343,-
chr6,127150806,127150831,-
chr6,127152645,127152660,-
chr6,127153766,127153798,-
chr6,127240342,127240366,-
chr6,127245575,127245601,-
chr6,127245695,127245715,-
chr6,127265918,127265949,-
chr6,127266788,127266812,-
chr6,127434330,127434349,-
chr6,127446775,127446803,-
chr6,127453207,127453227,-
chr6,127454096,127454110,-
chr6,127566753,127566767,-
chr6,128438850,128438904,-
chr6,128759978,128760008,-
chr6,128760016,128760031,-
chr6,128766876,128766902,-
chr6,128796575,128796612,-
chr6,128798733,128798763,-
chr6,128798797,128798816,-
chr6,128799378,128799392,-
chr6,128800056,128800076,-
chr6,128802972,128802986,-
chr6,128803583,128803599,-
chr6,128803604,128803620,-
chr6,128803677,128803692,-
chr6,128803710,128803729,-
chr6,128805200,128805226,-
chr6,128805443,128805457,-
chr6,128807257,128807276,-
chr6,128835816,128835835,-
chr6,128836369,128836385,-
chr6,128836720,128836742,-
chr6,128845880,128845924,-
chr6,128887416,128887432,-
chr6,128889415,128889435,-
chr6,129097127,129097173,-
chr6,129097197,129097240,-
chr6,129182460,129182480,-
chr6,129185151,129185165,-
chr6,129186557,129186577,-
chr6,129187072,129187086,-
chr6,129210572,129210599,-
chr6,129210940,129210960,-
chr6,129210972,129210994,-
chr6,129228540,129228605,-
chr6,129229604,129229620,-
chr6,129233366,129233391,-
chr6,129234159,129234173,-
chr6,129242749,129242783,-
chr6,129262466,129262485,-
chr6,129273666,129273685,-
chr6,129274237,129274251,-
chr6,129275896,129275912,-
chr6,129285037,129285056,-
chr6,129406083,129406109,-
chr6,129533187,129533201,-
chr6,129582277,129582293,-
chr6,129582311,129582327,-
chr6,129582631,129582649,-
chr6,129591394,129591410,-
chr6,129606925,129606939,-
chr6,129607523,129607538,-
chr6,129607543,129607574,-
chr6,129607807,129607822,-
chr6,129746745,129746777,-
chr6,129747571,129747585,-
chr6,129917260,129917284,-
chr6,129917397,129917414,-
chr6,130419551,130419594,-
chr6,130811491,130811551,-
chr6,130811562,130811578,-
chr6,131293373,131293392,-
chr6,131293955,131293987,-
chr6,133941651,133941669,-
chr6,133941770,133941795,-
chr6,133942102,133942121,-
chr6,134040717,134040731,-
chr6,134048388,134048402,-
chr6,134048572,134048588,-
chr6,134090644,134090722,-
chr6,134090737,134090753,-
chr6,134640577,134640597,-
chr6,134701239,134701254,-
chr6,134791848,134791885,-
chr6,134829450,134829476,-
chr6,134829638,134829657,-
chr6,134830745,134830772,-
chr6,134903677,134903691,-
chr6,134903708,134903727,-
chr6,134916647,134916666,-
chr6,134916815,134916834,-
chr6,134917134,134917169,-
chr6,134917734,134917748,-
chr6,134919203,134919222,-
chr6,134920143,134920175,-
chr6,134920829,134920875,-
chr6,134928895,134928940,-
chr6,134929007,134929023,-
chr6,134932663,134932683,-
chr6,134932794,134932836,-
chr6,134946769,134946792,-
chr6,134946849,134946865,-
chr6,134947047,134947077,-
chr6,134947455,134947474,-
chr6,134947522,134947544,-
chr6,134947685,134947701,-
chr6,135189005,135189051,-
chr6,135364157,135364189,-
chr6,135433943,135433957,-
chr6,136422668,136422692,-
chr6,136468287,136468356,-
chr6,136469670,136469684,-
chr6,136469810,136469834,-
chr6,136472157,136472204,-
chr6,136517255,136517284,-
chr6,136519589,136519608,-
chr6,136519668,136519688,-
chr6,136520123,136520137,-
chr6,136521759,136521775,-
chr6,136521845,136521869,-
chr6,136521974,136521990,-
chr6,136522198,136522238,-
chr6,136549716,136549733,-
chr6,136549894,136549932,-
chr6,136551017,136551040,-
chr6,136553562,136553576,-
chr6,136554018,136554032,-
chr6,136554207,136554224,-
chr6,136554381,136554395,-
chr6,136554845,136554861,-
chr6,136555775,136555795,-
chr6,136555935,136555951,-
chr6,136743234,136743254,-
chr6,136743328,136743343,-
chr6,136743696,136743710,-
chr6,136743987,136744001,-
chr6,136804621,136804640,-
chr6,136831641,136831663,-
chr6,136831990,136832010,-
chr6,136853097,136853111,-
chr6,136929147,136929220,-
chr6,136942096,136942129,-
chr6,136942231,136942253,-
chr6,136947234,136947250,-
chr6,136968074,136968091,-
chr6,137602936,137602967,-
chr6,137603026,137603268,-
chr6,140514133,140514230,-
chr6,140514597,140514613,-
chr6,140514750,140514789,-
chr6,140515292,140515306,-
chr6,140625155,140625174,-
chr6,140627141,140627161,-
chr6,140627265,140627281,-
chr6,140627573,140627613,-
chr6,140657350,140657364,-
chr6,140657600,140657614,-
chr6,140707386,140707405,-
chr6,140709973,140709999,-
chr6,140721863,140721879,-
chr6,140726168,140726192,-
chr6,140726268,140726288,-
chr6,140726358,140726378,-
chr6,140726503,140726523,-
chr6,140858068,140858132,-
chr6,142168598,142168617,-
chr6,142168630,142168645,-
chr6,142168706,142168733,-
chr6,142561770,142561786,-
chr6,142569720,142569766,-
chr6,142752371,142752407,-
chr6,142757655,142757669,-
chr6,142757875,142757905,-
chr6,142867459,142867482,-
chr6,142868130,142868184,-
chr6,142881538,142881564,-
chr6,142884913,142884932,-
chr6,142885326,142885407,-
chr6,142885616,142885635,-
chr6,142885766,142885782,-
chr6,142915495,142915515,-
chr6,142916654,142916679,-
chr6,142917427,142917441,-
chr6,142932988,142933004,-
chr6,142942637,142942653,-
chr6,142946856,142946877,-
chr6,142947037,142947062,-
chr6,143100346,143100360,-
chr6,143115473,143115489,-
chr6,143170339,143170358,-
chr6,143172301,143172320,-
chr6,143816601,143816615,-
chr6,143868738,143868767,-
chr6,144269951,144270002,-
chr6,144270207,144270221,-
chr6,144278636,144278651,-
chr6,144278763,144278782,-
chr6,144674288,144674302,-
chr6,144674340,144674354,-
chr6,144677359,144677399,-
chr6,144678456,144678476,-
chr6,144678746,144678765,-
chr6,144726096,144726115,-
chr6,144833765,144833812,-
chr6,144923322,144923346,-
chr6,144923347,144923366,-
chr6,145093489,145093557,-
chr6,145101025,145101057,-
chr6,145101237,145101270,-
chr6,145105089,145105118,-
chr6,145105275,145105325,-
chr6,145122478,145122498,-
chr6,145250652,145250666,-
chr6,145307034,145307053,-
chr6,145360295,145360317,-
chr6,145374152,145374171,-
chr6,145374342,145374367,-
chr6,145417584,145417602,-
chr6,145417898,145417932,-
chr6,145802243,145802291,-
chr6,145802410,145802434,-
chr6,146168538,146168562,-
chr6,146168699,146168759,-
chr6,146222374,146222393,-
chr6,146247861,146247911,-
chr6,146247981,146248033,-
chr6,146375130,146375186,-
chr6,146410130,146410206,-
chr6,146480945,146480982,-
chr6,146516149,146516163,-
chr6,146521137,146521158,-
chr6,146578750,146578766,-
chr6,146744229,146744277,-
chr6,147091148,147091168,-
chr6,147099111,147099125,-
chr6,147099964,147099980,-
chr6,147475675,147475691,-
chr6,148946160,148946176,-
chr6,149141639,149141655,-
chr6,149141883,149141897,-
chr6,149141927,149141951,-
chr6,149142094,149142110,-
chr6,149188435,149188454,-
chr6,149309708,149309743,-
chr6,149310112,149310126,-
chr6,149366746,149366761,-
chr7,3617208,3617222,+
chr7,3630133,3630154,+
chr7,4082447,4082461,+
chr7,4082671,4082693,+
chr7,4082714,4082728,+
chr7,4082899,4082926,+
chr7,4083212,4083231,+
chr7,4083236,4083268,+
chr7,4083362,4083382,+
chr7,4455542,4455561,+
chr7,4460451,4460470,+
chr7,4500798,4500833,+
chr7,4502154,4502176,+
chr7,4624067,4624107,+
chr7,4653857,4653873,+
chr7,4656153,4656176,+
chr7,4861636,4861662,+
chr7,4861687,4861731,+
chr7,4948272,4948291,+
chr7,4948867,4948943,+
chr7,5016053,5016075,+
chr7,5020003,5020025,+
chr7,5020028,5020059,+
chr7,5317977,5318065,+
chr7,5357096,5357110,+
chr7,6282808,6282823,+
chr7,6282978,6283012,+
chr7,6359248,6359304,+
chr7,6359321,6359345,+
chr7,12422687,12422706,+
chr7,12768244,12768270,+
chr7,12962209,12962246,+
chr7,12987512,12987527,+
chr7,13023764,13023804,+
chr7,13046347,13046361,+
chr7,16002210,16002226,+
chr7,16002437,16002452,+
chr7,16002743,16002758,+
chr7,16011459,16011487,+
chr7,16043897,16043912,+
chr7,16043944,16043997,+
chr7,16044197,16044213,+
chr7,16045710,16045725,+
chr7,16045924,16045938,+
chr7,16046575,16046589,+
chr7,16047637,16047651,+
chr7,16048115,16048129,+
chr7,16048159,16048173,+
chr7,16053215,16053247,+
chr7,16053343,16053359,+
chr7,16098156,16098170,+
chr7,16295211,16295225,+
chr7,16296010,16296026,+
chr7,16329334,16329348,+
chr7,16330687,16330703,+
chr7,16331944,16331980,+
chr7,16332390,16332406,+
chr7,16332896,16332975,+
chr7,16333203,16333219,+
chr7,16350137,16350159,+
chr7,16364024,16364040,+
chr7,16364843,16364865,+
chr7,16368328,16368342,+
chr7,16387957,16387977,+
chr7,16400731,16400745,+
chr7,16402597,16402617,+
chr7,16402961,16402975,+
chr7,16467016,16467032,+
chr7,16611071,16611090,+
chr7,16611393,16611445,+
chr7,16611468,16611487,+
chr7,16681625,16681651,+
chr7,16873961,16873990,+
chr7,16924809,16924858,+
chr7,16990429,16990459,+
chr7,18910113,18910127,+
chr7,19003765,19003785,+
chr7,19227850,19227880,+
chr7,19269269,19269289,+
chr7,19270438,19270484,+
chr7,19273853,19273887,+
chr7,19281918,19281942,+
chr7,19300916,19300960,+
chr7,19301119,19301133,+
chr7,19320305,19320324,+
chr7,19508096,19508114,+
chr7,19818900,19818915,+
chr7,19819853,19819874,+
chr7,19873552,19873610,+
chr7,19920471,19920487,+
chr7,19927713,19927733,+
chr7,19927792,19927806,+
chr7,19940365,19940384,+
chr7,19941568,19941629,+
chr7,24299716,24299760,+
chr7,24299771,24299804,+
chr7,24316272,24316287,+
chr7,24366898,24366946,+
chr7,24367165,24367186,+
chr7,24400067,24400089,+
chr7,24414048,24414062,+
chr7,24414382,24414403,+
chr7,24446645,24446675,+
chr7,24450190,24450217,+
chr7,24458570,24458585,+
chr7,24610025,24610040,+
chr7,24645145,24645198,+
chr7,24883833,24883849,+
chr7,24903396,24903438,+
chr7,24903654,24903670,+
chr7,24905492,24905507,+
chr7,24905526,24905550,+
chr7,24906397,24906419,+
chr7,24934864,24934883,+
chr7,25082760,25082776,+
chr7,25087898,25087922,+
chr7,25132098,25132150,+
chr7,25132226,25132245,+
chr7,25132809,25132824,+
chr7,25132989,25133009,+
chr7,25205215,25205229,+
chr7,25205892,25205912,+
chr7,25233230,25233245,+
chr7,25395815,25395860,+
chr7,25619003,25619017,+
chr7,25619155,25619182,+
chr7,25636526,25636540,+
chr7,25681804,25681833,+
chr7,25755510,25755528,+
chr7,25756251,25756266,+
chr7,25782428,25782444,+
chr7,25782520,25782536,+
chr7,25782850,25782864,+
chr7,25826639,25826687,+
chr7,25826827,25826862,+
chr7,25827202,25827222,+
chr7,25827283,25827297,+
chr7,25827352,25827371,+
chr7,27165828,27165848,+
chr7,27167268,27167284,+
chr7,27357953,27357969,+
chr7,27472757,27472776,+
chr7,27472885,27472904,+
chr7,27472990,27473006,+
chr7,27473081,27473111,+
chr7,27475032,27475058,+
chr7,27591052,27591066,+
chr7,27591069,27591096,+
chr7,27591324,27591343,+
chr7,27591478,27591503,+
chr7,27688842,27688857,+
chr7,27978998,27979014,+
chr7,28169201,28169234,+
chr7,28260601,28260616,+
chr7,28260629,28260648,+
chr7,28277504,28277583,+
chr7,28339101,28339115,+
chr7,28339491,28339529,+
chr7,28339640,28339670,+
chr7,28355897,28355956,+
chr7,28376112,28376132,+
chr7,28376338,28376358,+
chr7,28376883,28376912,+
chr7,28376955,28376969,+
chr7,28380160,28380185,+
chr7,28380295,28380317,+
chr7,28380328,28380342,+
chr7,28380447,28380461,+
chr7,28380492,28380506,+
chr7,28384510,28384525,+
chr7,28440658,28440684,+
chr7,28565349,28565363,+
chr7,28598446,28598460,+
chr7,28598575,28598591,+
chr7,28677115,28677154,+
chr7,28781933,28781953,+
chr7,28793033,28793053,+
chr7,28800429,28800451,+
chr7,28956479,28956501,+
chr7,29134633,29134647,+
chr7,29237890,29237939,+
chr7,29251229,29251265,+
chr7,29767611,29767649,+
chr7,29954684,29954703,+
chr7,29983606,29983628,+
chr7,30072141,30072164,+
chr7,30090903,30090917,+
chr7,30099206,30099225,+
chr7,30169290,30169306,+
chr7,30194178,30194194,+
chr7,30232190,30232232,+
chr7,30332198,30332214,+
chr7,30333271,30333285,+
chr7,30415741,30415775,+
chr7,30415797,30415821,+
chr7,30417562,30417588,+
chr7,30421275,30421298,+
chr7,30439823,30439843,+
chr7,30551518,30551541,+
chr7,30551724,30551738,+
chr7,30551751,30551808,+
chr7,30551988,30552004,+
chr7,30559785,30559801,+
chr7,30613581,30613633,+
chr7,30650650,30650664,+
chr7,31003247,31003281,+
chr7,31033387,31033403,+
chr7,31034667,31034693,+
chr7,31037267,31037286,+
chr7,31038136,31038165,+
chr7,31144938,31144952,+
chr7,31148354,31148384,+
chr7,31149422,31149459,+
chr7,31149573,31149597,+
chr7,31150217,31150231,+
chr7,31151331,31151357,+
chr7,31153326,31153342,+
chr7,31154707,31154721,+
chr7,31168930,31168944,+
chr7,31172468,31172493,+
chr7,31207845,31207956,+
chr7,31208115,31208161,+
chr7,31208190,31208206,+
chr7,31208222,31208256,+
chr7,34234540,34234566,+
chr7,34388526,34388545,+
chr7,35235513,35235532,+
chr7,35662731,35662784,+
chr7,35991598,35991628,+
chr7,36711471,36711529,+
chr7,37971682,37971706,+
chr7,37971726,37971767,+
chr7,37972040,37972068,+
chr7,37972117,37972141,+
chr7,37999877,37999891,+
chr7,38018472,38018486,+
chr7,38018777,38018807,+
chr7,38090604,38090618,+
chr7,38094216,38094236,+
chr7,38094776,38094819,+
chr7,38104666,38104683,+
chr7,38184555,38184583,+
chr7,38186108,38186139,+
chr7,38226910,38226924,+
chr7,38227016,38227035,+
chr7,38227042,38227096,+
chr7,39655156,39655172,+
chr7,41599223,41599243,+
chr7,42505481,42505509,+
chr7,42711295,42711310,+
chr7,42711473,42711500,+
chr7,42711507,42711660,+
chr7,42980383,42980402,+
chr7,43423094,43423113,+
chr7,43579445,43579459,+
chr7,43579460,43579482,+
chr7,44772250,44772284,+
chr7,44849120,44849136,+
chr7,44857013,44857050,+
chr7,44892633,44892647,+
chr7,44895616,44895634,+
chr7,44895882,44895898,+
chr7,45053399,45053414,+
chr7,45079899,45079934,+
chr7,45082281,45082311,+
chr7,45114473,45114495,+
chr7,45114498,45114515,+
chr7,45119742,45119759,+
chr7,45120560,45120587,+
chr7,45129395,45129411,+
chr7,45135748,45135769,+
chr7,45141426,45141472,+
chr7,45227175,45227200,+
chr7,45227373,45227440,+
chr7,45227472,45227519,+
chr7,45395250,45395269,+
chr7,45396456,45396472,+
chr7,45447442,45447464,+
chr7,45510849,45510865,+
chr7,45521676,45521692,+
chr7,45521694,45521727,+
chr7,45521752,45521774,+
chr7,45522070,45522084,+
chr7,45704654,45704668,+
chr7,45717522,45717540,+
chr7,45733004,45733026,+
chr7,45734488,45734537,+
chr7,45898335,45898350,+
chr7,46390237,46390286,+
chr7,46499599,46499613,+
chr7,46606714,46606751,+
chr7,46832026,46832050,+
chr7,46832312,46832327,+
chr7,46838704,46838769,+
chr7,47315029,47315067,+
chr7,48909227,48909246,+
chr7,48909256,48909285,+
chr7,49740987,49741003,+
chr7,49741025,49741041,+
chr7,49741045,49741083,+
chr7,49741220,49741296,+
chr7,58392452,58392466,+
chr7,58393220,58393235,+
chr7,58399679,58399698,+
chr7,58568881,58568917,+
chr7,58568935,58568954,+
chr7,58677787,58677821,+
chr7,58693717,58693732,+
chr7,58697046,58697086,+
chr7,58697087,58697106,+
chr7,58701139,58701153,+
chr7,58711905,58711919,+
chr7,58712081,58712095,+
chr7,59228018,59228036,+
chr7,59305559,59305584,+
chr7,59305813,59305829,+
chr7,60728400,60728473,+
chr7,63816470,63816503,+
chr7,63905237,63905277,+
chr7,63905318,63905334,+
chr7,63922262,63922276,+
chr7,63925317,63925353,+
chr7,63930277,63930291,+
chr7,63936903,63936931,+
chr7,63937013,63937055,+
chr7,63943963,63944003,+
chr7,63973323,63973345,+
chr7,63973547,63973573,+
chr7,63974044,63974072,+
chr7,63974120,63974144,+
chr7,63974165,63974184,+
chr7,63974920,63974954,+
chr7,63985135,63985186,+
chr7,63985777,63985794,+
chr7,63987143,63987167,+
chr7,63995894,63995915,+
chr7,64001523,64001537,+
chr7,64012658,64012673,+
chr7,64012674,64012714,+
chr7,64012933,64012949,+
chr7,64059840,64059874,+
chr7,64059910,64059938,+
chr7,64059956,64059984,+
chr7,64159137,64159167,+
chr7,64373707,64373721,+
chr7,64373754,64373768,+
chr7,64873206,64873234,+
chr7,65693795,65693811,+
chr7,66181030,66181044,+
chr7,66182002,66182026,+
chr7,66185377,66185396,+
chr7,66197468,66197483,+
chr7,66210397,66210413,+
chr7,66210485,66210505,+
chr7,66230465,66230480,+
chr7,66302221,66302273,+
chr7,67218808,67218885,+
chr7,67353705,67353719,+
chr7,67371688,67371703,+
chr7,67419862,67419901,+
chr7,68102912,68102926,+
chr7,68103410,68103432,+
chr7,68103447,68103469,+
chr7,68128869,68128891,+
chr7,68129691,68129705,+
chr7,68134182,68134206,+
chr7,68144379,68144393,+
chr7,68190355,68190369,+
chr7,68250355,68250370,+
chr7,68264615,68264631,+
chr7,68265109,68265123,+
chr7,68265376,68265392,+
chr7,68272237,68272257,+
chr7,68275698,68275713,+
chr7,68275778,68275809,+
chr7,68277454,68277473,+
chr7,68278743,68278758,+
chr7,68282311,68282331,+
chr7,68284134,68284148,+
chr7,68284368,68284384,+
chr7,68286486,68286501,+
chr7,71386538,71386602,+
chr7,72240051,72240111,+
chr7,72260883,72260898,+
chr7,72261229,72261243,+
chr7,72261749,72261768,+
chr7,72261804,72261823,+
chr7,72270199,72270213,+
chr7,72275449,72275468,+
chr7,72306854,72306873,+
chr7,72307943,72307957,+
chr7,72308134,72308152,+
chr7,72314957,72314976,+
chr7,72349980,72350070,+
chr7,72370184,72370233,+
chr7,73479734,73479775,+
chr7,73518584,73518606,+
chr7,73523280,73523341,+
chr7,73523463,73523479,+
chr7,73523490,73523509,+
chr7,73524317,73524341,+
chr7,73528507,73528546,+
chr7,73529804,73529824,+
chr7,73530322,73530341,+
chr7,73530643,73530667,+
chr7,73531141,73531163,+
chr7,73531313,73531327,+
chr7,73531603,73531633,+
chr7,73531819,73531835,+
chr7,73537487,73537506,+
chr7,73537554,73537568,+
chr7,73540729,73540755,+
chr7,73541015,73541029,+
chr7,73541081,73541096,+
chr7,73541341,73541363,+
chr7,73541387,73541415,+
chr7,73541671,73541685,+
chr7,73541835,73541865,+
chr7,73552069,73552109,+
chr7,73555337,73555361,+
chr7,73555376,73555390,+
chr7,73556226,73556248,+
chr7,73556652,73556666,+
chr7,73572669,73572688,+
chr7,73572998,73573012,+
chr7,73573149,73573188,+
chr7,73573304,73573335,+
chr7,73583443,73583462,+
chr7,73583537,73583556,+
chr7,73583792,73583810,+
chr7,73583880,73583900,+
chr7,73584771,73584785,+
chr7,73584805,73584820,+
chr7,73585113,73585127,+
chr7,73589920,73589946,+
chr7,73593022,73593044,+
chr7,73593710,73593726,+
chr7,73595762,73595778,+
chr7,73596933,73596947,+
chr7,73597159,73597178,+
chr7,73607308,73607335,+
chr7,73607511,73607530,+
chr7,73608642,73608677,+
chr7,73608746,73608762,+
chr7,73617610,73617639,+
chr7,73618119,73618133,+
chr7,73619354,73619373,+
chr7,74544821,74544897,+
chr7,74684221,74684243,+
chr7,75362710,75362725,+
chr7,75371950,75371967,+
chr7,75374838,75374856,+
chr7,75574826,75574842,+
chr7,75586946,75586962,+
chr7,75587552,75587566,+
chr7,75591602,75591618,+
chr7,75600118,75600137,+
chr7,75600650,75600664,+
chr7,75610551,75610565,+
chr7,75612614,75612629,+
chr7,75613289,75613303,+
chr7,75657201,75657217,+
chr7,75657245,75657269,+
chr7,75701689,75701705,+
chr7,75702383,75702397,+
chr7,75782635,75782683,+
chr7,75783049,75783065,+
chr7,75787681,75787705,+
chr7,75790059,75790081,+
chr7,75790217,75790232,+
chr7,75795538,75795596,+
chr7,75795612,75795628,+
chr7,75881274,75881290,+
chr7,75881444,75881469,+
chr7,75910029,75910069,+
chr7,76237840,76237869,+
chr7,78451958,78451983,+
chr7,78554267,78554283,+
chr7,78719441,78719460,+
chr7,78721324,78721351,+
chr7,78737922,78737941,+
chr7,78847732,78847746,+
chr7,79277789,79277803,+
chr7,79301245,79301285,+
chr7,79363917,79363939,+
chr7,79466542,79466561,+
chr7,79920347,79920366,+
chr7,80026041,80026060,+
chr7,80026080,80026094,+
chr7,80026141,80026160,+
chr7,80091279,80091294,+
chr7,80108068,80108093,+
chr7,80108244,80108263,+
chr7,80123106,80123125,+
chr7,80143349,80143365,+
chr7,80246117,80246131,+
chr7,80261073,80261087,+
chr7,80324737,80324759,+
chr7,80368997,80369026,+
chr7,80369859,80369875,+
chr7,80370159,80370179,+
chr7,80554993,80555017,+
chr7,80555426,80555440,+
chr7,80629254,80629268,+
chr7,80637012,80637026,+
chr7,80642976,80643001,+
chr7,80643012,80643028,+
chr7,80643066,80643082,+
chr7,80643331,80643350,+
chr7,80643435,80643459,+
chr7,80643692,80643712,+
chr7,80672201,80672217,+
chr7,80672538,80672554,+
chr7,80696887,80696901,+
chr7,80736129,80736148,+
chr7,80736420,80736434,+
chr7,80765999,80766036,+
chr7,80832157,80832171,+
chr7,80832526,80832544,+
chr7,80832821,80832841,+
chr7,80864536,80864550,+
chr7,80889543,80889568,+
chr7,80901390,80901409,+
chr7,80901703,80901717,+
chr7,80912690,80912706,+
chr7,80917919,80917982,+
chr7,80936941,80936966,+
chr7,80973765,80973779,+
chr7,81075345,81075365,+
chr7,81155004,81155028,+
chr7,81421204,81421220,+
chr7,81603849,81603916,+
chr7,81864685,81864788,+
chr7,81932745,81932772,+
chr7,82957910,82957924,+
chr7,82970713,82970732,+
chr7,82989149,82989163,+
chr7,83053656,83053702,+
chr7,83148043,83148062,+
chr7,83648987,83649006,+
chr7,83869525,83869557,+
chr7,84164824,84164840,+
chr7,84681827,84681859,+
chr7,84688344,84688363,+
chr7,84691506,84691558,+
chr7,88206902,88206941,+
chr7,88207575,88207599,+
chr7,88277101,88277120,+
chr7,88277519,88277543,+
chr7,89248017,89248031,+
chr7,89711960,89711974,+
chr7,89940715,89940731,+
chr7,90023240,90023261,+
chr7,90023332,90023351,+
chr7,90067855,90067928,+
chr7,90129601,90129615,+
chr7,90355368,90355406,+
chr7,90457770,90457789,+
chr7,90473370,90473389,+
chr7,90473504,90473519,+
chr7,90473991,90474028,+
chr7,96456512,96456528,+
chr7,97277976,97278002,+
chr7,97480761,97480780,+
chr7,97481434,97481458,+
chr7,97747777,97747806,+
chr7,97748111,97748184,+
chr7,97749436,97749463,+
chr7,98102970,98102990,+
chr7,98469212,98469231,+
chr7,99003412,99003427,+
chr7,99003527,99003546,+
chr7,99017834,99017854,+
chr7,99086486,99086505,+
chr7,99087304,99087319,+
chr7,99089254,99089277,+
chr7,99120642,99120661,+
chr7,99121158,99121172,+
chr7,99483974,99484003,+
chr7,100227455,100227469,+
chr7,100496144,100496160,+
chr7,100536625,100536645,+
chr7,100855840,100855855,+
chr7,101060161,101060189,+
chr7,101060794,101060822,+
chr7,101094478,101094524,+
chr7,101094673,101094699,+
chr7,101094882,101094899,+
chr7,101466709,101466726,+
chr7,101478534,101478550,+
chr7,101585273,101585289,+
chr7,101585446,101585491,+
chr7,101634673,101634690,+
chr7,101635439,101635459,+
chr7,101896334,101896353,+
chr7,101905384,101905398,+
chr7,101905530,101905546,+
chr7,102065552,102065573,+
chr7,102076777,102076796,+
chr7,102211225,102211244,+
chr7,102249089,102249103,+
chr7,102251044,102251063,+
chr7,102251086,102251100,+
chr7,102251160,102251177,+
chr7,102266238,102266253,+
chr7,102266462,102266476,+
chr7,102318088,102318147,+
chr7,102336692,102336711,+
chr7,102337879,102337921,+
chr7,102338218,102338260,+
chr7,102686490,102686584,+
chr7,102686643,102686662,+
chr7,102686936,102686951,+
chr7,102687515,102687531,+
chr7,102687625,102687639,+
chr7,104196931,104196945,+
chr7,104286195,104286211,+
chr7,104286723,104286745,+
chr7,104286856,104286870,+
chr7,104290846,104290875,+
chr7,104291012,104291031,+
chr7,104291186,104291205,+
chr7,104291686,104291702,+
chr7,104313886,104313910,+
chr7,104313949,104313963,+
chr7,104314075,104314097,+
chr7,104314208,104314222,+
chr7,104446114,104446136,+
chr7,104446280,104446296,+
chr7,104449591,104449697,+
chr7,104465220,104465239,+
chr7,104465383,104465399,+
chr7,104507881,104507900,+
chr7,105399139,105399156,+
chr7,105811524,105811538,+
chr7,106441224,106441253,+
chr7,106441332,106441346,+
chr7,106441356,106441371,+
chr7,106502029,106502079,+
chr7,106502085,106502165,+
chr7,106502525,106502547,+
chr7,106528190,106528218,+
chr7,106529341,106529395,+
chr7,106530182,106530209,+
chr7,106551073,106551087,+
chr7,106605281,106605349,+
chr7,106644797,106644829,+
chr7,107707491,107707541,+
chr7,107708279,107708308,+
chr7,107708314,107708329,+
chr7,107708446,107708482,+
chr7,109518630,109518646,+
chr7,109742273,109742293,+
chr7,109951353,109951372,+
chr7,109951639,109951655,+
chr7,109959531,109959576,+
chr7,110824033,110824052,+
chr7,110843744,110843759,+
chr7,110844575,110844589,+
chr7,110844708,110844746,+
chr7,110844796,110844812,+
chr7,110936525,110936540,+
chr7,110936648,110936667,+
chr7,110956486,110956508,+
chr7,110965253,110965267,+
chr7,110965314,110965330,+
chr7,110965737,110965756,+
chr7,110978135,110978158,+
chr7,110978901,110978920,+
chr7,111081860,111081880,+
chr7,111122557,111122582,+
chr7,112213230,112213244,+
chr7,112213256,112213275,+
chr7,114068848,114068864,+
chr7,114069249,114069281,+
chr7,114069546,114069562,+
chr7,114069576,114069590,+
chr7,114081318,114081337,+
chr7,114081523,114081537,+
chr7,114081567,114081581,+
chr7,114085557,114085576,+
chr7,114085734,114085764,+
chr7,114086353,114086372,+
chr7,114086524,114086548,+
chr7,114086707,114086735,+
chr7,114087806,114087822,+
chr7,114088421,114088440,+
chr7,114088502,114088527,+
chr7,114088642,114088656,+
chr7,114088688,114088715,+
chr7,114088894,114088924,+
chr7,114088931,114088948,+
chr7,114093199,114093214,+
chr7,114093273,114093287,+
chr7,114093734,114093750,+
chr7,114093789,114093808,+
chr7,114093955,114093969,+
chr7,114116315,114116330,+
chr7,114116340,114116359,+
chr7,114116383,114116410,+
chr7,114116550,114116575,+
chr7,114118086,114118101,+
chr7,114161012,114161036,+
chr7,114161545,114161567,+
chr7,114254949,114254963,+
chr7,114276463,114276479,+
chr7,114291248,114291283,+
chr7,114291379,114291404,+
chr7,114291488,114291505,+
chr7,114316920,114316939,+
chr7,114317466,114317485,+
chr7,114402526,114402562,+
chr7,114479473,114479487,+
chr7,114479546,114479560,+
chr7,114479968,114479992,+
chr7,114481419,114481433,+
chr7,115616300,115616315,+
chr7,116328231,116328250,+
chr7,116328300,116328316,+
chr7,116459289,116459330,+
chr7,116690610,116690668,+
chr7,117614462,117614481,+
chr7,118116233,118116249,+
chr7,118120119,118120138,+
chr7,118120414,118120435,+
chr7,118260093,118260107,+
chr7,118262416,118262461,+
chr7,118277364,118277400,+
chr7,118277450,118277468,+
chr7,118277950,118277972,+
chr7,118304872,118304916,+
chr7,118304919,118304956,+
chr7,118712293,118712313,+
chr7,118740502,118740534,+
chr7,118895568,118895597,+
chr7,119811678,119811692,+
chr7,120834776,120834818,+
chr7,120835414,120835460,+
chr7,120917424,120917447,+
chr7,120917452,120917466,+
chr7,120982392,120982406,+
chr7,121043524,121043559,+
chr7,121059736,121059757,+
chr7,121059809,121059823,+
chr7,121927941,121927993,+
chr7,122242320,122242342,+
chr7,122251574,122251590,+
chr7,122287122,122287183,+
chr7,122377755,122377792,+
chr7,122390925,122390944,+
chr7,122393853,122393869,+
chr7,122394067,122394081,+
chr7,122402490,122402506,+
chr7,122410128,122410147,+
chr7,122414190,122414204,+
chr7,122920702,122920716,+
chr7,122932364,122932384,+
chr7,122939381,122939400,+
chr7,122939723,122939747,+
chr7,122940379,122940406,+
chr7,122970018,122970052,+
chr7,123354912,123354949,+
chr7,125487269,125487284,+
chr7,125488870,125488889,+
chr7,125489093,125489112,+
chr7,125489893,125489945,+
chr7,125490176,125490190,+
chr7,125490908,125490927,+
chr7,125491012,125491032,+
chr7,125491244,125491264,+
chr7,125507180,125507202,+
chr7,125581295,125581326,+
chr7,125600928,125600947,+
chr7,125601635,125601678,+
chr7,125607314,125607328,+
chr7,125620262,125620281,+
chr7,125631482,125631498,+
chr7,125631832,125631858,+
chr7,125634480,125634622,+
chr7,126181141,126181160,+
chr7,126287564,126287580,+
chr7,126287743,126287762,+
chr7,126330371,126330385,+
chr7,126378233,126378255,+
chr7,126417011,126417064,+
chr7,126503821,126503840,+
chr7,126566680,126566705,+
chr7,126583801,126583817,+
chr7,126649215,126649229,+
chr7,126695313,126695327,+
chr7,126707587,126707610,+
chr7,126862062,126862081,+
chr7,126898395,126898414,+
chr7,127031527,127031547,+
chr7,127031551,127031566,+
chr7,127085193,127085207,+
chr7,127089452,127089480,+
chr7,127089827,127089841,+
chr7,127090386,127090416,+
chr7,127090522,127090537,+
chr7,127090714,127090733,+
chr7,127104616,127104632,+
chr7,127140061,127140084,+
chr7,127140232,127140255,+
chr7,127141388,127141436,+
chr7,127144692,127144716,+
chr7,127144940,127144960,+
chr7,127180978,127181001,+
chr7,127189394,127189422,+
chr7,127189452,127189482,+
chr7,127208887,127208913,+
chr7,127211016,127211038,+
chr7,127218913,127218928,+
chr7,127295812,127295858,+
chr7,127480439,127480455,+
chr7,127480733,127480753,+
chr7,127511721,127511741,+
chr7,127513162,127513181,+
chr7,127573409,127573429,+
chr7,127617030,127617064,+
chr7,127628707,127628721,+
chr7,127629306,127629325,+
chr7,127629487,127629521,+
chr7,127632880,127632914,+
chr7,127633053,127633090,+
chr7,127840933,127840947,+
chr7,127841302,127841324,+
chr7,127876769,127876799,+
chr7,127896072,127896088,+
chr7,127912389,127912404,+
chr7,127935345,127935359,+
chr7,127964539,127964555,+
chr7,127964696,127964778,+
chr7,127966776,127966796,+
chr7,127968939,127968958,+
chr7,128058893,128058915,+
chr7,128058937,128058961,+
chr7,128082982,128083006,+
chr7,128158685,128158704,+
chr7,128368877,128368891,+
chr7,128368993,128369022,+
chr7,128374425,128374440,+
chr7,128383169,128383193,+
chr7,128384181,128384218,+
chr7,128393815,128393829,+
chr7,128394076,128394090,+
chr7,128397405,128397429,+
chr7,128417335,128417355,+
chr7,128417447,128417466,+
chr7,128626608,128626630,+
chr7,128738435,128738457,+
chr7,128739630,128739644,+
chr7,128739647,128739661,+
chr7,128740766,128740780,+
chr7,128744638,128744667,+
chr7,130645623,130645638,+
chr7,130645648,130645667,+
chr7,130862866,130862885,+
chr7,131055085,131055100,+
chr7,132314643,132314662,+
chr7,132314773,132314788,+
chr7,132314821,132314835,+
chr7,132317363,132317382,+
chr7,132335357,132335371,+
chr7,132773037,132773056,+
chr7,132795271,132795290,+
chr7,132810675,132810697,+
chr7,132811225,132811241,+
chr7,132812009,132812031,+
chr7,132812904,132812919,+
chr7,133636953,133636972,+
chr7,133636980,133637003,+
chr7,133637009,133637023,+
chr7,135542609,135542629,+
chr7,135542758,135542773,+
chr7,135647451,135647467,+
chr7,135652117,135652135,+
chr7,137437452,137437471,+
chr7,138845791,138845813,+
chr7,139978707,139978726,+
chr7,140137380,140137399,+
chr7,140208898,140208927,+
chr7,140208940,140208960,+
chr7,140208983,140209003,+
chr7,140213743,140213763,+
chr7,140321144,140321159,+
chr7,140377051,140377100,+
chr7,141048974,141048998,+
chr7,141049027,141049042,+
chr7,141059017,141059034,+
chr7,141059358,141059372,+
chr7,141059863,141059907,+
chr7,141072369,141072383,+
chr7,141097355,141097378,+
chr7,141194717,141194737,+
chr7,141195110,141195133,+
chr7,141447056,141447071,+
chr7,141579046,141579065,+
chr7,141902818,141902832,+
chr7,142056649,142056663,+
chr7,142057096,142057111,+
chr7,142284349,142284363,+
chr7,142284549,142284563,+
chr7,142342313,142342335,+
chr7,142351956,142351985,+
chr7,142380995,142381017,+
chr7,142448798,142448855,+
chr7,142460730,142460744,+
chr7,142672501,142672569,+
chr7,142994834,142994854,+
chr7,143008028,143008042,+
chr7,143009360,143009384,+
chr7,143009975,143009994,+
chr7,143010228,143010247,+
chr7,143546774,143546790,+
chr7,143548025,143548074,+
chr7,143548309,143548324,+
chr7,143624822,143624866,+
chr7,143627840,143627854,+
chr7,143627973,143628009,+
chr7,143628362,143628381,+
chr7,143628715,143628752,+
chr7,143628788,143628802,+
chr7,143628869,143628907,+
chr7,143629654,143629670,+
chr7,143706801,143706816,+
chr7,143712801,143712818,+
chr7,143712930,143712949,+
chr7,143713328,143713347,+
chr7,143785733,143785747,+
chr7,144554179,144554193,+
chr7,145112109,145112124,+
chr7,145283813,145283833,+
chr7,3616991,3617005,-
chr7,4136725,4136746,-
chr7,4464513,4464531,-
chr7,4614363,4614388,-
chr7,4647334,4647348,-
chr7,4652088,4652110,-
chr7,4654133,4654152,-
chr7,4812897,4812911,-
chr7,4813106,4813121,-
chr7,4813269,4813301,-
chr7,4915570,4915584,-
chr7,5014605,5014621,-
chr7,5062623,5062652,-
chr7,5062861,5062880,-
chr7,5079916,5079936,-
chr7,5356929,5356950,-
chr7,6283227,6283244,-
chr7,6283252,6283271,-
chr7,6284050,6284084,-
chr7,6284089,6284115,-
chr7,6363143,6363162,-
chr7,7187874,7187897,-
chr7,7187937,7187952,-
chr7,7188366,7188412,-
chr7,12834560,12834579,-
chr7,12835087,12835101,-
chr7,12922564,12922583,-
chr7,12962323,12962406,-
chr7,12978440,12978466,-
chr7,15881818,15881832,-
chr7,15881836,15881906,-
chr7,15881911,15881960,-
chr7,15882095,15882133,-
chr7,16001281,16001304,-
chr7,16001498,16001514,-
chr7,16043669,16043715,-
chr7,16049234,16049249,-
chr7,16052984,16053017,-
chr7,16053520,16053562,-
chr7,16194016,16194031,-
chr7,16250520,16250569,-
chr7,16263323,16263390,-
chr7,16294655,16294671,-
chr7,16296921,16296941,-
chr7,16297354,16297393,-
chr7,16297463,16297495,-
chr7,16314287,16314303,-
chr7,16330891,16330910,-
chr7,16332022,16332043,-
chr7,16362100,16362125,-
chr7,16364082,16364102,-
chr7,16364484,16364508,-
chr7,16366033,16366057,-
chr7,16401831,16401847,-
chr7,16401901,16401928,-
chr7,16402536,16402560,-
chr7,16406428,16406454,-
chr7,16611447,16611461,-
chr7,16782754,16782773,-
chr7,16822988,16823002,-
chr7,16839372,16839415,-
chr7,16842890,16842904,-
chr7,16845376,16845395,-
chr7,16860502,16860516,-
chr7,16875069,16875083,-
chr7,17539442,17539479,-
chr7,17539549,17539565,-
chr7,17539584,17539598,-
chr7,19006594,19006613,-
chr7,19119420,19119434,-
chr7,19131178,19131194,-
chr7,19308945,19308968,-
chr7,19508427,19508459,-
chr7,19604656,19604671,-
chr7,19665303,19665323,-
chr7,19665643,19665659,-
chr7,19819019,19819033,-
chr7,19871661,19871693,-
chr7,19873820,19873846,-
chr7,19927772,19927797,-
chr7,19927912,19927928,-
chr7,19927984,19928000,-
chr7,19945750,19945779,-
chr7,24081948,24081978,-
chr7,24299459,24299487,-
chr7,24367880,24367899,-
chr7,24368571,24368604,-
chr7,24369302,24369317,-
chr7,24369342,24369369,-
chr7,24369585,24369606,-
chr7,24369921,24369943,-
chr7,24372343,24372359,-
chr7,24378809,24378824,-
chr7,24380734,24380754,-
chr7,24407061,24407085,-
chr7,24414107,24414128,-
chr7,24414492,24414509,-
chr7,24431916,24431944,-
chr7,24441812,24441866,-
chr7,24450263,24450316,-
chr7,24452321,24452362,-
chr7,24452375,24452427,-
chr7,24462531,24462546,-
chr7,24530968,24530987,-
chr7,24610069,24610085,-
chr7,24646393,24646428,-
chr7,24892245,24892269,-
chr7,24892393,24892415,-
chr7,24903891,24903920,-
chr7,24903957,24903992,-
chr7,24904978,24904994,-
chr7,24907367,24907381,-
chr7,25000435,25000457,-
chr7,25076758,25076777,-
chr7,25086735,25086757,-
chr7,25086765,25086784,-
chr7,25087353,25087386,-
chr7,25088042,25088075,-
chr7,25088208,25088340,-
chr7,25088347,25088395,-
chr7,25088420,25088474,-
chr7,25088484,25088514,-
chr7,25155557,25155571,-
chr7,25178885,25178899,-
chr7,25178908,25178923,-
chr7,25178943,25178957,-
chr7,25269569,25269611,-
chr7,25270259,25270275,-
chr7,25659655,25659679,-
chr7,25659682,25659696,-
chr7,25659867,25659905,-
chr7,25681145,25681161,-
chr7,25756486,25756510,-
chr7,25826041,25826055,-
chr7,25827472,25827507,-
chr7,25835646,25835668,-
chr7,25835759,25835778,-
chr7,25836247,25836264,-
chr7,25836532,25836550,-
chr7,27167415,27167429,-
chr7,27419217,27419251,-
chr7,27419455,27419489,-
chr7,27474900,27474919,-
chr7,27508367,27508383,-
chr7,27508676,27508702,-
chr7,27543037,27543062,-
chr7,27545465,27545528,-
chr7,27545632,27545646,-
chr7,27741245,27741259,-
chr7,27741304,27741318,-
chr7,28050399,28050415,-
chr7,28170328,28170351,-
chr7,28179186,28179201,-
chr7,28179232,28179252,-
chr7,28373175,28373189,-
chr7,28374885,28374901,-
chr7,28375019,28375063,-
chr7,28375330,28375344,-
chr7,28379975,28380009,-
chr7,28392562,28392577,-
chr7,28665643,28665662,-
chr7,28665882,28665898,-
chr7,28702960,28702974,-
chr7,28780701,28780715,-
chr7,28781271,28781314,-
chr7,28781948,28781974,-
chr7,28793467,28793487,-
chr7,28811492,28811508,-
chr7,28811681,28811695,-
chr7,28812847,28812870,-
chr7,28813080,28813094,-
chr7,28825188,28825207,-
chr7,28867936,28867951,-
chr7,28867960,28867974,-
chr7,28945019,28945038,-
chr7,28981893,28981909,-
chr7,28981910,28981924,-
chr7,28982173,28982197,-
chr7,29025975,29025994,-
chr7,29180956,29180972,-
chr7,29954218,29954234,-
chr7,29954811,29954867,-
chr7,30072421,30072435,-
chr7,30095426,30095450,-
chr7,30095531,30095550,-
chr7,30099360,30099374,-
chr7,30099788,30099831,-
chr7,30181588,30181622,-
chr7,30308431,30308455,-
chr7,30322813,30322837,-
chr7,30325688,30325708,-
chr7,30326017,30326036,-
chr7,30326131,30326155,-
chr7,30326184,30326215,-
chr7,30326230,30326244,-
chr7,30326254,30326309,-
chr7,30333019,30333041,-
chr7,30333151,30333167,-
chr7,30333424,30333448,-
chr7,30385532,30385551,-
chr7,30392312,30392331,-
chr7,30392459,30392478,-
chr7,30393942,30393971,-
chr7,30394956,30394971,-
chr7,30394977,30394996,-
chr7,30395010,30395026,-
chr7,30422833,30422848,-
chr7,30559930,30559955,-
chr7,30563121,30563149,-
chr7,30626267,30626282,-
chr7,30650555,30650597,-
chr7,30729790,30729806,-
chr7,30909661,30909680,-
chr7,30920556,30920571,-
chr7,30940367,30940382,-
chr7,30957276,30957291,-
chr7,31001353,31001373,-
chr7,31003079,31003093,-
chr7,31144953,31144975,-
chr7,31145747,31145763,-
chr7,31151976,31151990,-
chr7,31152775,31152806,-
chr7,31153746,31153762,-
chr7,31153875,31153903,-
chr7,31153914,31153931,-
chr7,31160938,31160970,-
chr7,34388194,34388219,-
chr7,34826601,34826625,-
chr7,34826630,34826646,-
chr7,34826815,34826915,-
chr7,35056892,35056909,-
chr7,35057155,35057211,-
chr7,35333670,35333689,-
chr7,35992645,35992665,-
chr7,37490333,37490360,-
chr7,38094591,38094610,-
chr7,38189982,38189996,-
chr7,39552971,39552985,-
chr7,39553023,39553052,-
chr7,39553086,39553111,-
chr7,39655815,39655833,-
chr7,41500359,41500394,-
chr7,41500686,41500705,-
chr7,41599500,41599522,-
chr7,42491022,42491036,-
chr7,42505765,42505785,-
chr7,43436286,43436306,-
chr7,43562300,43562315,-
chr7,43579871,43579890,-
chr7,44247075,44247094,-
chr7,44554210,44554224,-
chr7,44772697,44772729,-
chr7,44772842,44772858,-
chr7,44804633,44804688,-
chr7,44870252,44870271,-
chr7,45016783,45016805,-
chr7,45052987,45053006,-
chr7,45053589,45053618,-
chr7,45062891,45062905,-
chr7,45070045,45070061,-
chr7,45080912,45080931,-
chr7,45082195,45082212,-
chr7,45082727,45082742,-
chr7,45114780,45114808,-
chr7,45118267,45118287,-
chr7,45154772,45154803,-
chr7,45239689,45239713,-
chr7,45396529,45396582,-
chr7,45447663,45447677,-
chr7,45526478,45526505,-
chr7,45526836,45526857,-
chr7,45526870,45526890,-
chr7,45568160,45568179,-
chr7,45704713,45704732,-
chr7,45705119,45705150,-
chr7,45733217,45733268,-
chr7,45734213,45734246,-
chr7,45739636,45739662,-
chr7,45917050,45917064,-
chr7,45923877,45923895,-
chr7,45943594,45943623,-
chr7,45943637,45943657,-
chr7,45943670,45943733,-
chr7,46059222,46059253,-
chr7,46059337,46059402,-
chr7,46059542,46059561,-
chr7,46390080,46390096,-
chr7,46390136,46390150,-
chr7,46390306,46390331,-
chr7,46390449,46390465,-
chr7,46390578,46390604,-
chr7,46390917,46390953,-
chr7,46391478,46391497,-
chr7,46394020,46394044,-
chr7,46394047,46394066,-
chr7,46402788,46402810,-
chr7,46586457,46586473,-
chr7,46607391,46607413,-
chr7,46920240,46920255,-
chr7,47008948,47008967,-
chr7,48937735,48937754,-
chr7,49741355,49741422,-
chr7,49741623,49741637,-
chr7,51862470,51862489,-
chr7,55794601,55794646,-
chr7,56017727,56017741,-
chr7,56018117,56018133,-
chr7,56018232,56018250,-
chr7,56018372,56018386,-
chr7,56018826,56018842,-
chr7,58352782,58352868,-
chr7,58392221,58392235,-
chr7,58392655,58392680,-
chr7,58398649,58398669,-
chr7,58398860,58398874,-
chr7,58399398,58399412,-
chr7,58414094,58414242,-
chr7,58448472,58448533,-
chr7,58449367,58449395,-
chr7,58449434,58449449,-
chr7,58449497,58449519,-
chr7,58449543,58449562,-
chr7,58449610,58449635,-
chr7,58452147,58452163,-
chr7,58452260,58452275,-
chr7,58452451,58452468,-
chr7,58542736,58542756,-
chr7,58693470,58693484,-
chr7,58693580,58693594,-
chr7,58693686,58693706,-
chr7,58701158,58701174,-
chr7,58701187,58701212,-
chr7,58702221,58702240,-
chr7,58723262,58723279,-
chr7,58723351,58723367,-
chr7,59305396,59305415,-
chr7,59305660,59305739,-
chr7,59305849,59305864,-
chr7,59305973,59305987,-
chr7,63753563,63753594,-
chr7,63815956,63815972,-
chr7,63817124,63817139,-
chr7,63929436,63929462,-
chr7,63973591,63973607,-
chr7,63974961,63975014,-
chr7,63975032,63975065,-
chr7,63983217,63983233,-
chr7,63984492,63984514,-
chr7,63984847,63984891,-
chr7,63998566,63998586,-
chr7,63998758,63998774,-
chr7,63998800,63998816,-
chr7,63999421,63999440,-
chr7,64001289,64001317,-
chr7,64004235,64004289,-
chr7,64011550,64011570,-
chr7,64012269,64012284,-
chr7,64037638,64037657,-
chr7,64043323,64043337,-
chr7,64051331,64051370,-
chr7,64060050,64060066,-
chr7,64159200,64159216,-
chr7,64373724,64373739,-
chr7,64374280,64374304,-
chr7,65408315,65408409,-
chr7,65694044,65694066,-
chr7,65694178,65694198,-
chr7,66060365,66060384,-
chr7,66108024,66108062,-
chr7,66108210,66108232,-
chr7,66109349,66109364,-
chr7,66147242,66147263,-
chr7,66153612,66153677,-
chr7,66179375,66179394,-
chr7,66180329,66180357,-
chr7,66181794,66181841,-
chr7,66302305,66302325,-
chr7,66839378,66839392,-
chr7,67218707,67218725,-
chr7,67422116,67422130,-
chr7,67422389,67422429,-
chr7,67951361,67951382,-
chr7,67954021,67954040,-
chr7,67954188,67954202,-
chr7,68062950,68062972,-
chr7,68070234,68070253,-
chr7,68070350,68070382,-
chr7,68070547,68070561,-
chr7,68070675,68070699,-
chr7,68128557,68128587,-
chr7,68129604,68129620,-
chr7,68129798,68129833,-
chr7,68134029,68134130,-
chr7,68144600,68144626,-
chr7,68144678,68144694,-
chr7,68144720,68144746,-
chr7,68250124,68250140,-
chr7,68250831,68250879,-
chr7,68264483,68264519,-
chr7,68265041,68265083,-
chr7,68275389,68275408,-
chr7,68275412,68275434,-
chr7,68276893,68276913,-
chr7,68277844,68277882,-
chr7,68282070,68282092,-
chr7,68282104,68282123,-
chr7,68282700,68282719,-
chr7,68282990,68283019,-
chr7,68283380,68283400,-
chr7,68285425,68285447,-
chr7,68288003,68288028,-
chr7,68288065,68288084,-
chr7,68288320,68288335,-
chr7,68291910,68291936,-
chr7,68298282,68298300,-
chr7,68306421,68306436,-
chr7,71242793,71242807,-
chr7,71386373,71386392,-
chr7,71386398,71386417,-
chr7,72261305,72261324,-
chr7,72261333,72261383,-
chr7,72280832,72280846,-
chr7,72281235,72281249,-
chr7,72308396,72308410,-
chr7,72308566,72308588,-
chr7,72350120,72350136,-
chr7,72350364,72350378,-
chr7,73538250,73538265,-
chr7,73556982,73556997,-
chr7,73557620,73557640,-
chr7,73557735,73557750,-
chr7,73584243,73584257,-
chr7,73584457,73584481,-
chr7,73588441,73588460,-
chr7,73597213,73597232,-
chr7,73600469,73600488,-
chr7,73607606,73607620,-
chr7,73617593,73617609,-
chr7,73617824,73617866,-
chr7,73619427,73619471,-
chr7,73621743,73621832,-
chr7,73621948,73621997,-
chr7,74039777,74039838,-
chr7,74363583,74363614,-
chr7,74544578,74544611,-
chr7,74620776,74620795,-
chr7,74620851,74620878,-
chr7,74621337,74621408,-
chr7,74621691,74621705,-
chr7,74621891,74621920,-
chr7,74663707,74663726,-
chr7,74664171,74664193,-
chr7,74664368,74664387,-
chr7,74684156,74684178,-
chr7,74690280,74690302,-
chr7,74690713,74690728,-
chr7,74690768,74690786,-
chr7,75371475,75371501,-
chr7,75486382,75486396,-
chr7,75496012,75496031,-
chr7,75517530,75517553,-
chr7,75559482,75559498,-
chr7,75559535,75559550,-
chr7,75572431,75572479,-
chr7,75572622,75572641,-
chr7,75572659,75572683,-
chr7,75575042,75575079,-
chr7,75575167,75575187,-
chr7,75575516,75575536,-
chr7,75575726,75575777,-
chr7,75578748,75578767,-
chr7,75585941,75585960,-
chr7,75586508,75586522,-
chr7,75586638,75586663,-
chr7,75587267,75587302,-
chr7,75589381,75589395,-
chr7,75589414,75589430,-
chr7,75596512,75596526,-
chr7,75596652,75596666,-
chr7,75600411,75600432,-
chr7,75611610,75611625,-
chr7,75611738,75611761,-
chr7,75612103,75612119,-
chr7,75612499,75612530,-
chr7,75613215,75613234,-
chr7,75633070,75633088,-
chr7,75633225,75633240,-
chr7,75644964,75644983,-
chr7,75655144,75655163,-
chr7,75655649,75655668,-
chr7,75656112,75656146,-
chr7,75656182,75656201,-
chr7,75656222,75656246,-
chr7,75656508,75656528,-
chr7,75656687,75656703,-
chr7,75656932,75656957,-
chr7,75656962,75656981,-
chr7,75700774,75700788,-
chr7,75701841,75701860,-
chr7,75702200,75702235,-
chr7,75702330,75702356,-
chr7,75702567,75702629,-
chr7,75782303,75782329,-
chr7,75787555,75787571,-
chr7,75787806,75787827,-
chr7,75789586,75789606,-
chr7,75795706,75795754,-
chr7,75849241,75849263,-
chr7,75849655,75849670,-
chr7,75855268,75855286,-
chr7,78451769,78451791,-
chr7,78553983,78554054,-
chr7,78554055,78554123,-
chr7,78847565,78847590,-
chr7,78847818,78847842,-
chr7,78847879,78847898,-
chr7,78912773,78912787,-
chr7,79277841,79277871,-
chr7,79300984,79301000,-
chr7,79466503,79466519,-
chr7,80027570,80027599,-
chr7,80054104,80054211,-
chr7,80091406,80091435,-
chr7,80091617,80091686,-
chr7,80143395,80143414,-
chr7,80182622,80182637,-
chr7,80182656,80182675,-
chr7,80182776,80182814,-
chr7,80197715,80197729,-
chr7,80199042,80199058,-
chr7,80205070,80205084,-
chr7,80205267,80205295,-
chr7,80210096,80210115,-
chr7,80210154,80210168,-
chr7,80210286,80210306,-
chr7,80210369,80210413,-
chr7,80212987,80213003,-
chr7,80215530,80215549,-
chr7,80340400,80340420,-
chr7,80370305,80370329,-
chr7,80371561,80371621,-
chr7,80371890,80371905,-
chr7,80403346,80403362,-
chr7,80403400,80403415,-
chr7,80421875,80421902,-
chr7,80535318,80535354,-
chr7,80535647,80535666,-
chr7,80629487,80629502,-
chr7,80637025,80637056,-
chr7,80697192,80697211,-
chr7,80697220,80697234,-
chr7,80778769,80778795,-
chr7,80833003,80833019,-
chr7,80863729,80863760,-
chr7,80863982,80863998,-
chr7,80864089,80864115,-
chr7,80865765,80865785,-
chr7,80865972,80865996,-
chr7,80885818,80885835,-
chr7,80901357,80901376,-
chr7,80948115,80948129,-
chr7,80973657,80973682,-
chr7,80993145,80993159,-
chr7,80995356,80995381,-
chr7,81004763,81004787,-
chr7,81155266,81155290,-
chr7,81167191,81167206,-
chr7,81167225,81167255,-
chr7,81179785,81179800,-
chr7,81523748,81523768,-
chr7,81572022,81572064,-
chr7,81572102,81572155,-
chr7,81763884,81763899,-
chr7,81854813,81854838,-
chr7,81863105,81863120,-
chr7,82648852,82648866,-
chr7,82957170,82957197,-
chr7,83148172,83148188,-
chr7,83148357,83148376,-
chr7,83148438,83148457,-
chr7,83148537,83148551,-
chr7,83506246,83506271,-
chr7,83506276,83506325,-
chr7,83648895,83648909,-
chr7,83655886,83655914,-
chr7,83656048,83656062,-
chr7,83659162,83659178,-
chr7,83659896,83659918,-
chr7,83884656,83884670,-
chr7,84120014,84120030,-
chr7,84182658,84182672,-
chr7,84182733,84182804,-
chr7,84689234,84689253,-
chr7,88206079,88206094,-
chr7,88206605,88206627,-
chr7,88206630,88206649,-
chr7,88206791,88206819,-
chr7,88276612,88276626,-
chr7,88276639,88276653,-
chr7,88291680,88291761,-
chr7,88356817,88356836,-
chr7,88357195,88357212,-
chr7,89403971,89403987,-
chr7,90131156,90131177,-
chr7,90131181,90131195,-
chr7,90132619,90132647,-
chr7,90138357,90138383,-
chr7,90138640,90138666,-
chr7,90138885,90138905,-
chr7,90286334,90286353,-
chr7,90302595,90302617,-
chr7,90312438,90312454,-
chr7,90312461,90312475,-
chr7,90312739,90312766,-
chr7,90314692,90314780,-
chr7,90341727,90341741,-
chr7,90354496,90354510,-
chr7,90355767,90355786,-
chr7,90355870,90355886,-
chr7,90400424,90400507,-
chr7,90457550,90457585,-
chr7,90473422,90473442,-
chr7,92561935,92561961,-
chr7,92637262,92637296,-
chr7,96952133,96952163,-
chr7,97282777,97282847,-
chr7,97336615,97336667,-
chr7,97336983,97337091,-
chr7,97337261,97337280,-
chr7,97452353,97452375,-
chr7,97452452,97452487,-
chr7,97452701,97452723,-
chr7,97480687,97480711,-
chr7,97481326,97481355,-
chr7,97481494,97481508,-
chr7,97581350,97581369,-
chr7,97745536,97745586,-
chr7,97748509,97748553,-
chr7,97748811,97748888,-
chr7,97842812,97842829,-
chr7,97877900,97877915,-
chr7,98694282,98694298,-
chr7,99086990,99087033,-
chr7,99142006,99142042,-
chr7,99449196,99449220,-
chr7,99859241,99859255,-
chr7,99981615,99981665,-
chr7,100228467,100228486,-
chr7,100493521,100493535,-
chr7,100494869,100494902,-
chr7,100494935,100494949,-
chr7,100494983,100495004,-
chr7,100536722,100536744,-
chr7,100855634,100855658,-
chr7,100856617,100856642,-
chr7,101060668,101060690,-
chr7,101109304,101109319,-
chr7,101113681,101113705,-
chr7,101310252,101310266,-
chr7,101378630,101378649,-
chr7,101378680,101378721,-
chr7,101428195,101428228,-
chr7,101428258,101428304,-
chr7,101465904,101465918,-
chr7,101471225,101471267,-
chr7,101548003,101548019,-
chr7,101550870,101550889,-
chr7,101550894,101550999,-
chr7,101585653,101585689,-
chr7,101595062,101595084,-
chr7,101599732,101599780,-
chr7,101600070,101600131,-
chr7,101600174,101600188,-
chr7,101600202,101600216,-
chr7,101600281,101600300,-
chr7,101600330,101600349,-
chr7,101618423,101618442,-
chr7,101620459,101620478,-
chr7,101620548,101620564,-
chr7,101634361,101634398,-
chr7,101663347,101663363,-
chr7,101735410,101735441,-
chr7,101735569,101735591,-
chr7,101896475,101896491,-
chr7,101934447,101934462,-
chr7,101970378,101970394,-
chr7,101970867,101970901,-
chr7,101971200,101971232,-
chr7,102065588,102065615,-
chr7,102076966,102076982,-
chr7,102251129,102251162,-
chr7,102267043,102267057,-
chr7,102315251,102315271,-
chr7,102318171,102318185,-
chr7,102338017,102338036,-
chr7,102338270,102338289,-
chr7,102441552,102441566,-
chr7,102529149,102529164,-
chr7,102529214,102529247,-
chr7,102686309,102686328,-
chr7,103717954,103718030,-
chr7,104197154,104197223,-
chr7,104197293,104197310,-
chr7,104244170,104244190,-
chr7,104245162,104245176,-
chr7,104286826,104286842,-
chr7,104287825,104287876,-
chr7,104291115,104291145,-
chr7,104291462,104291490,-
chr7,104292162,104292204,-
chr7,104314178,104314194,-
chr7,104315175,104315204,-
chr7,104353039,104353097,-
chr7,104446365,104446384,-
chr7,104446768,104446782,-
chr7,105395142,105395158,-
chr7,105399289,105399340,-
chr7,105811505,105811519,-
chr7,106441151,106441170,-
chr7,106441470,106441490,-
chr7,106501966,106502023,-
chr7,106502253,106502275,-
chr7,106502422,106502436,-
chr7,106529056,106529072,-
chr7,106529492,106529508,-
chr7,106551769,106551783,-
chr7,106604955,106604969,-
chr7,106644318,106644333,-
chr7,106644517,106644537,-
chr7,106644704,106644729,-
chr7,106910864,106910994,-
chr7,108951439,108951464,-
chr7,108951515,108951598,-
chr7,109741133,109741165,-
chr7,109741299,109741341,-
chr7,109741442,109741458,-
chr7,109741937,109741984,-
chr7,109742424,109742440,-
chr7,109951834,109951853,-
chr7,109986853,109986900,-
chr7,110018103,110018117,-
chr7,110221297,110221325,-
chr7,110956956,110956970,-
chr7,110963912,110963945,-
chr7,110964170,110964189,-
chr7,110964304,110964344,-
chr7,110964589,110964605,-
chr7,110964609,110964694,-
chr7,110966145,110966161,-
chr7,110978223,110978239,-
chr7,110978801,110978815,-
chr7,111029237,111029256,-
chr7,111029465,111029485,-
chr7,112043029,112043051,-
chr7,112053815,112053831,-
chr7,112053878,112053909,-
chr7,113263405,113263419,-
chr7,114085894,114085917,-
chr7,114088099,114088121,-
chr7,114091506,114091549,-
chr7,114276287,114276303,-
chr7,114290930,114290949,-
chr7,114301710,114301724,-
chr7,114316947,114316974,-
chr7,114316981,114316995,-
chr7,114317816,114317842,-
chr7,114318538,114318582,-
chr7,114453519,114453548,-
chr7,114453682,114453696,-
chr7,114479655,114479669,-
chr7,114479719,114479733,-
chr7,114479944,114479958,-
chr7,115616357,115616378,-
chr7,116092926,116092940,-
chr7,116392637,116392653,-
chr7,116459473,116459489,-
chr7,116505049,116505064,-
chr7,116690665,116690681,-
chr7,117424959,117424978,-
chr7,117559277,117559299,-
chr7,117615069,117615084,-
chr7,118116398,118116422,-
chr7,118120296,118120318,-
chr7,118244542,118244558,-
chr7,118895353,118895374,-
chr7,118895506,118895526,-
chr7,119720977,119720994,-
chr7,119836104,119836123,-
chr7,119836357,119836376,-
chr7,120693586,120693602,-
chr7,120699996,120700018,-
chr7,120835262,120835297,-
chr7,120835355,120835390,-
chr7,120917386,120917401,-
chr7,120918461,120918475,-
chr7,120918890,120918906,-
chr7,120919047,120919063,-
chr7,121043615,121043638,-
chr7,121059260,121059284,-
chr7,121059983,121059998,-
chr7,121060233,121060264,-
chr7,121064617,121064636,-
chr7,121981958,121982000,-
chr7,122251246,122251263,-
chr7,122351786,122351806,-
chr7,122388141,122388160,-
chr7,122393984,122394003,-
chr7,122394473,122394497,-
chr7,122394501,122394522,-
chr7,122402123,122402142,-
chr7,122402460,122402474,-
chr7,122402525,122402549,-
chr7,122488757,122488845,-
chr7,122972288,122972313,-
chr7,123132500,123132514,-
chr7,123132655,123132679,-
chr7,123132695,123132709,-
chr7,123135773,123135792,-
chr7,123135976,123135990,-
chr7,123218233,123218317,-
chr7,123355285,123355300,-
chr7,125190198,125190218,-
chr7,125420317,125420333,-
chr7,125472181,125472196,-
chr7,125474894,125474908,-
chr7,125487608,125487665,-
chr7,125488150,125488164,-
chr7,125492317,125492331,-
chr7,125507297,125507370,-
chr7,125507571,125507590,-
chr7,125507641,125507668,-
chr7,125551958,125551977,-
chr7,125556174,125556196,-
chr7,125556337,125556352,-
chr7,125556449,125556468,-
chr7,125556475,125556494,-
chr7,125580294,125580310,-
chr7,125580468,125580484,-
chr7,125580600,125580616,-
chr7,125580944,125580958,-
chr7,125597226,125597248,-
chr7,125605494,125605533,-
chr7,125634325,125634365,-
chr7,126230433,126230447,-
chr7,126284161,126284194,-
chr7,126285378,126285394,-
chr7,126377757,126377771,-
chr7,126643178,126643193,-
chr7,126643200,126643220,-
chr7,126643385,126643401,-
chr7,126649091,126649123,-
chr7,126655718,126655732,-
chr7,126695060,126695089,-
chr7,126698205,126698225,-
chr7,126704240,126704264,-
chr7,126714126,126714184,-
chr7,126774734,126774761,-
chr7,126774966,126775001,-
chr7,126775137,126775154,-
chr7,126928640,126928656,-
chr7,126968554,126968624,-
chr7,126976399,126976428,-
chr7,127087170,127087184,-
chr7,127087406,127087439,-
chr7,127087581,127087630,-
chr7,127088208,127088226,-
chr7,127088280,127088294,-
chr7,127088432,127088462,-
chr7,127088555,127088570,-
chr7,127088731,127088746,-
chr7,127092138,127092153,-
chr7,127104373,127104398,-
chr7,127137462,127137515,-
chr7,127140717,127140746,-
chr7,127181411,127181425,-
chr7,127189559,127189584,-
chr7,127208729,127208743,-
chr7,127209883,127209916,-
chr7,127211271,127211307,-
chr7,127228859,127228899,-
chr7,127232735,127232754,-
chr7,127233027,127233046,-
chr7,127284937,127284953,-
chr7,127285660,127285693,-
chr7,127288329,127288351,-
chr7,127288400,127288421,-
chr7,127288622,127288654,-
chr7,127295988,127296026,-
chr7,127362597,127362653,-
chr7,127376280,127376294,-
chr7,127376362,127376376,-
chr7,127387395,127387409,-
chr7,127387476,127387492,-
chr7,127449193,127449209,-
chr7,127511769,127511795,-
chr7,127572837,127572861,-
chr7,127628314,127628330,-
chr7,127628376,127628390,-
chr7,127628406,127628437,-
chr7,127632483,127632509,-
chr7,127646421,127646455,-
chr7,127646460,127646509,-
chr7,127646603,127646645,-
chr7,127842618,127842646,-
chr7,127895857,127895888,-
chr7,127964366,127964385,-
chr7,127965023,127965045,-
chr7,127968019,127968058,-
chr7,127968070,127968089,-
chr7,127968770,127968786,-
chr7,127968975,127969001,-
chr7,128105565,128105588,-
chr7,128120061,128120076,-
chr7,128158892,128158911,-
chr7,128238806,128238825,-
chr7,128334393,128334407,-
chr7,128334556,128334617,-
chr7,128393850,128393866,-
chr7,128397474,128397502,-
chr7,128626801,128626820,-
chr7,128627682,128627696,-
chr7,128633476,128633501,-
chr7,128633601,128633621,-
chr7,129740672,129740686,-
chr7,130862917,130862936,-
chr7,132323613,132323629,-
chr7,132362210,132362229,-
chr7,132809533,132809554,-
chr7,132809658,132809678,-
chr7,135593577,135593633,-
chr7,135647551,135647575,-
chr7,137415249,137415283,-
chr7,137420132,137420151,-
chr7,139969752,139969769,-
chr7,140208702,140208722,-
chr7,140208729,140208748,-
chr7,140321112,140321136,-
chr7,140324230,140324252,-
chr7,140324297,140324322,-
chr7,141059037,141059059,-
chr7,141072347,141072366,-
chr7,141072383,141072407,-
chr7,141173106,141173122,-
chr7,141173299,141173333,-
chr7,141370178,141370197,-
chr7,141392129,141392153,-
chr7,141446771,141446787,-
chr7,141455670,141455711,-
chr7,141481111,141481130,-
chr7,141558395,141558417,-
chr7,141666340,141666364,-
chr7,141666368,141666383,-
chr7,142056547,142056561,-
chr7,142353822,142353842,-
chr7,142448544,142448560,-
chr7,142448561,142448633,-
chr7,142448652,142448668,-
chr7,142460639,142460705,-
chr7,143005954,143005968,-
chr7,143008876,143008896,-
chr7,143625277,143625296,-
chr7,143628851,143628866,-
chr7,144915104,144915128,-
chr7,145111185,145111207,-
chr8,3247113,3247135,+
chr8,3247182,3247197,+
chr8,3247403,3247431,+
chr8,3248800,3248826,+
chr8,3279883,3279899,+
chr8,3338228,3338284,+
chr8,3355116,3355141,+
chr8,3356036,3356068,+
chr8,3711783,3711816,+
chr8,4313648,4313662,+
chr8,4677028,4677042,+
chr8,4677169,4677207,+
chr8,4678141,4678161,+
chr8,8984273,8984295,+
chr8,10247474,10247550,+
chr8,10925825,10925849,+
chr8,10946384,10946403,+
chr8,10946467,10946489,+
chr8,11008955,11008974,+
chr8,11010055,11010074,+
chr8,11010096,11010110,+
chr8,11010206,11010221,+
chr8,11636237,11636281,+
chr8,13213697,13213716,+
chr8,13599902,13599921,+
chr8,13601111,13601130,+
chr8,13601222,13601242,+
chr8,13601300,13601327,+
chr8,13601371,13601385,+
chr8,13601798,13601846,+
chr8,13619383,13619399,+
chr8,13648025,13648125,+
chr8,13649326,13649348,+
chr8,13649383,13649418,+
chr8,13674805,13674821,+
chr8,13675331,13675350,+
chr8,13676406,13676425,+
chr8,13685853,13685873,+
chr8,13703891,13703913,+
chr8,13907605,13907627,+
chr8,13962723,13962742,+
chr8,13964801,13964825,+
chr8,13965804,13965819,+
chr8,13974099,13974132,+
chr8,13986451,13986468,+
chr8,13986849,13986886,+
chr8,13987280,13987316,+
chr8,13993407,13993438,+
chr8,13993475,13993490,+
chr8,13993522,13993541,+
chr8,13996179,13996194,+
chr8,14012234,14012269,+
chr8,14012409,14012429,+
chr8,14130666,14130742,+
chr8,14130820,14130834,+
chr8,14961239,14961255,+
chr8,14989742,14989758,+
chr8,14989924,14989970,+
chr8,14995992,14996006,+
chr8,15018889,15018903,+
chr8,15019256,15019270,+
chr8,15027077,15027122,+
chr8,18594922,18594954,+
chr8,22166682,22166707,+
chr8,22192540,22192587,+
chr8,22192660,22192675,+
chr8,22477260,22477293,+
chr8,22724111,22724125,+
chr8,22733750,22733766,+
chr8,22785756,22785775,+
chr8,22787839,22787855,+
chr8,22787963,22787985,+
chr8,22806870,22806884,+
chr8,22807785,22807799,+
chr8,22808699,22808736,+
chr8,22838936,22838955,+
chr8,25089062,25089118,+
chr8,25102184,25102203,+
chr8,25103270,25103285,+
chr8,25201887,25201912,+
chr8,25263145,25263169,+
chr8,25264289,25264320,+
chr8,25576408,25576423,+
chr8,25579152,25579168,+
chr8,25598821,25598851,+
chr8,25598867,25598881,+
chr8,25598885,25598899,+
chr8,25600557,25600576,+
chr8,25600729,25600769,+
chr8,25600899,25600970,+
chr8,25604053,25604069,+
chr8,25611627,25611653,+
chr8,25612346,25612360,+
chr8,25618508,25618524,+
chr8,25625766,25625788,+
chr8,25840910,25840936,+
chr8,25841150,25841164,+
chr8,27024170,27024186,+
chr8,27174950,27174964,+
chr8,27256244,27256300,+
chr8,31165946,31165972,+
chr8,31165975,31166044,+
chr8,31169163,31169187,+
chr8,33306964,33306985,+
chr8,33307306,33307330,+
chr8,33308120,33308142,+
chr8,33308288,33308314,+
chr8,33308478,33308503,+
chr8,33603288,33603302,+
chr8,33608023,33608063,+
chr8,33897220,33897234,+
chr8,33897373,33897392,+
chr8,34120406,34120425,+
chr8,34120696,34120715,+
chr8,34142517,34142567,+
chr8,34143648,34143672,+
chr8,34144504,34144562,+
chr8,34144678,34144692,+
chr8,34145194,34145210,+
chr8,34145953,34145972,+
chr8,34146107,34146121,+
chr8,34146207,34146223,+
chr8,34146267,34146289,+
chr8,34147361,34147380,+
chr8,34149131,34149146,+
chr8,34149528,34149552,+
chr8,34149596,34149625,+
chr8,34155283,34155297,+
chr8,34156252,34156267,+
chr8,34163143,34163172,+
chr8,34163628,34163652,+
chr8,34166589,34166615,+
chr8,34215719,34215739,+
chr8,34216025,34216040,+
chr8,34276316,34276339,+
chr8,34565399,34565506,+
chr8,34735314,34735328,+
chr8,34735332,34735353,+
chr8,34740261,34740277,+
chr8,34806730,34806760,+
chr8,34885011,34885075,+
chr8,34947962,34947979,+
chr8,34948062,34948084,+
chr8,34964649,34964689,+
chr8,34970367,34970396,+
chr8,35208400,35208414,+
chr8,35208653,35208688,+
chr8,35208696,35208711,+
chr8,35209527,35209586,+
chr8,35321589,35321604,+
chr8,35578921,35578976,+
chr8,35633450,35633464,+
chr8,35633738,35633754,+
chr8,35634735,35634791,+
chr8,35675265,35675279,+
chr8,35679128,35679143,+
chr8,35679193,35679237,+
chr8,35679382,35679443,+
chr8,36010176,36010228,+
chr8,36041172,36041186,+
chr8,36081986,36082002,+
chr8,36082229,36082243,+
chr8,36082541,36082562,+
chr8,36096002,36096016,+
chr8,36097005,36097060,+
chr8,36123058,36123084,+
chr8,36168363,36168378,+
chr8,36168589,36168603,+
chr8,36168824,36168862,+
chr8,36168937,36168952,+
chr8,36173205,36173237,+
chr8,36223148,36223178,+
chr8,36223453,36223474,+
chr8,39045583,39045602,+
chr8,40962911,40962925,+
chr8,40963050,40963065,+
chr8,41043407,41043443,+
chr8,41043527,41043546,+
chr8,41043582,41043644,+
chr8,41043797,41043819,+
chr8,41416492,41416512,+
chr8,42627131,42627205,+
chr8,45332961,45332976,+
chr8,46163989,46164003,+
chr8,46616839,46616871,+
chr8,46731872,46731888,+
chr8,46731922,46731987,+
chr8,46732015,46732037,+
chr8,46732069,46732091,+
chr8,46732096,46732125,+
chr8,46732177,46732198,+
chr8,46756000,46756074,+
chr8,46756212,46756231,+
chr8,46845218,46845242,+
chr8,46859739,46859758,+
chr8,46920605,46920625,+
chr8,46941216,46941232,+
chr8,46941435,46941449,+
chr8,46941641,46941661,+
chr8,47174654,47174668,+
chr8,47713887,47713909,+
chr8,53511568,53511620,+
chr8,54529261,54529276,+
chr8,54530377,54530391,+
chr8,57427576,57427647,+
chr8,57427725,57427739,+
chr8,57427943,57427957,+
chr8,57612073,57612119,+
chr8,57637999,57638016,+
chr8,57653782,57653801,+
chr8,60890098,60890118,+
chr8,60983711,60983735,+
chr8,61426354,61426369,+
chr8,64788551,64788575,+
chr8,64826400,64826414,+
chr8,64826496,64826512,+
chr8,64850292,64850311,+
chr8,64946265,64946281,+
chr8,64946322,64946346,+
chr8,64946684,64946718,+
chr8,64946746,64946760,+
chr8,64946772,64946786,+
chr8,66470321,66470341,+
chr8,67494774,67494794,+
chr8,68062052,68062071,+
chr8,69206328,69206371,+
chr8,69270694,69270710,+
chr8,69624952,69624971,+
chr8,69716132,69716148,+
chr8,69716195,69716211,+
chr8,69720466,69720518,+
chr8,69720548,69720563,+
chr8,69720587,69720657,+
chr8,69749484,69749505,+
chr8,69937961,69937985,+
chr8,70139149,70139183,+
chr8,70172211,70172241,+
chr8,70213266,70213290,+
chr8,70523357,70523376,+
chr8,70527381,70527395,+
chr8,70610842,70610861,+
chr8,70611336,70611370,+
chr8,70629467,70629497,+
chr8,70653299,70653324,+
chr8,70653331,70653345,+
chr8,70653474,70653500,+
chr8,70673012,70673046,+
chr8,70695170,70695192,+
chr8,70696280,70696299,+
chr8,70697729,70697748,+
chr8,70697986,70698002,+
chr8,70698008,70698028,+
chr8,70698173,70698187,+
chr8,70700451,70700465,+
chr8,70701147,70701161,+
chr8,70754359,70754373,+
chr8,70765678,70765745,+
chr8,70840083,70840103,+
chr8,71079386,71079461,+
chr8,71371122,71371182,+
chr8,71471205,71471224,+
chr8,71487629,71487666,+
chr8,71591941,71591957,+
chr8,71610773,71610789,+
chr8,71665470,71665515,+
chr8,71780414,71780433,+
chr8,72137312,72137382,+
chr8,72160382,72160401,+
chr8,72160543,72160585,+
chr8,72177646,72177665,+
chr8,72216274,72216299,+
chr8,72219516,72219532,+
chr8,72239091,72239124,+
chr8,72239765,72239798,+
chr8,72272852,72272884,+
chr8,72272887,72272913,+
chr8,72272997,72273021,+
chr8,72303510,72303552,+
chr8,72303623,72303647,+
chr8,72321615,72321641,+
chr8,72343762,72343789,+
chr8,72343792,72343806,+
chr8,72349466,72349481,+
chr8,72349776,72349810,+
chr8,72350589,72350609,+
chr8,72350663,72350692,+
chr8,72350762,72350785,+
chr8,72351029,72351043,+
chr8,72351604,72351633,+
chr8,72351753,72351779,+
chr8,72352964,72352978,+
chr8,72359729,72359761,+
chr8,72360761,72360782,+
chr8,72360948,72360995,+
chr8,72364304,72364344,+
chr8,72365133,72365160,+
chr8,72571646,72571670,+
chr8,72669368,72669430,+
chr8,77422428,77422444,+
chr8,77422980,77422999,+
chr8,77424477,77424491,+
chr8,77424540,77424565,+
chr8,77451826,77451840,+
chr8,77452078,77452100,+
chr8,77452117,77452149,+
chr8,77711538,77711557,+
chr8,77796228,77796277,+
chr8,77796301,77796380,+
chr8,78509535,78509563,+
chr8,78620922,78620944,+
chr8,78820497,78820511,+
chr8,78821312,78821340,+
chr8,78884526,78884635,+
chr8,79028437,79028493,+
chr8,79029123,79029137,+
chr8,79029887,79029903,+
chr8,79353176,79353219,+
chr8,79638711,79638726,+
chr8,79639386,79639400,+
chr8,80393244,80393258,+
chr8,80494566,80494603,+
chr8,80740028,80740044,+
chr8,81009040,81009064,+
chr8,81009077,81009100,+
chr8,81009111,81009169,+
chr8,81011791,81011824,+
chr8,81011862,81011876,+
chr8,81011888,81011913,+
chr8,81012316,81012332,+
chr8,81012373,81012389,+
chr8,81015728,81015763,+
chr8,81491919,81491933,+
chr8,81692491,81692507,+
chr8,81695296,81695310,+
chr8,81703510,81703536,+
chr8,81703592,81703608,+
chr8,81703939,81703953,+
chr8,81761976,81762004,+
chr8,81766157,81766179,+
chr8,81766404,81766420,+
chr8,81775942,81775962,+
chr8,81775967,81775995,+
chr8,81776011,81776031,+
chr8,81776043,81776063,+
chr8,81776068,81776096,+
chr8,81776116,81776132,+
chr8,81776144,81776164,+
chr8,81776169,81776197,+
chr8,81776217,81776233,+
chr8,81776245,81776265,+
chr8,81776304,81776348,+
chr8,81776382,81776398,+
chr8,82773619,82773641,+
chr8,83332325,83332349,+
chr8,83593365,83593393,+
chr8,83594722,83594736,+
chr8,83607534,83607563,+
chr8,83609014,83609028,+
chr8,83628284,83628298,+
chr8,83628453,83628472,+
chr8,83628479,83628498,+
chr8,83628817,83628836,+
chr8,83652967,83652982,+
chr8,83653059,83653073,+
chr8,83695851,83695865,+
chr8,83714915,83714931,+
chr8,83737344,83737388,+
chr8,83737584,83737598,+
chr8,83737745,83737767,+
chr8,83741937,83741957,+
chr8,83742125,83742159,+
chr8,83742298,83742332,+
chr8,83742944,83742987,+
chr8,83749544,83749558,+
chr8,83773641,83773670,+
chr8,84105387,84105422,+
chr8,84128368,84128388,+
chr8,84199152,84199176,+
chr8,84202898,84202913,+
chr8,84289197,84289331,+
chr8,84639752,84639766,+
chr8,84639970,84639989,+
chr8,84660474,84660493,+
chr8,84663859,84663878,+
chr8,84703575,84703597,+
chr8,84871451,84871479,+
chr8,84871616,84871635,+
chr8,84893946,84893962,+
chr8,84908434,84908471,+
chr8,84975546,84975564,+
chr8,84976963,84976979,+
chr8,84977139,84977155,+
chr8,84977186,84977206,+
chr8,84978939,84978955,+
chr8,84986610,84986629,+
chr8,85140652,85140672,+
chr8,85140702,85140737,+
chr8,85140756,85140772,+
chr8,85446244,85446263,+
chr8,85623250,85623274,+
chr8,85623335,85623351,+
chr8,85623475,85623502,+
chr8,85624617,85624631,+
chr8,86585518,86585532,+
chr8,86586041,86586058,+
chr8,86686048,86686064,+
chr8,86686544,86686601,+
chr8,86706908,86706930,+
chr8,86707621,86707648,+
chr8,86708085,86708104,+
chr8,86724490,86724567,+
chr8,86724627,86724651,+
chr8,86724713,86724727,+
chr8,86735893,86735916,+
chr8,86808435,86808450,+
chr8,86885530,86885546,+
chr8,86885556,86885575,+
chr8,88200180,88200205,+
chr8,88288811,88288825,+
chr8,88289793,88289822,+
chr8,88289827,88289852,+
chr8,88289908,88289927,+
chr8,88362570,88362624,+
chr8,88619566,88619597,+
chr8,88619787,88619818,+
chr8,88636372,88636391,+
chr8,88691859,88691900,+
chr8,88701337,88701359,+
chr8,90412362,90412421,+
chr8,91312843,91312899,+
chr8,91312944,91312958,+
chr8,91589287,91589301,+
chr8,94354257,94354273,+
chr8,94354682,94354702,+
chr8,94364969,94364994,+
chr8,94414419,94414467,+
chr8,94601580,94601602,+
chr8,94634032,94634054,+
chr8,94702401,94702445,+
chr8,94702453,94702475,+
chr8,94702491,94702506,+
chr8,94702787,94702802,+
chr8,94703756,94703770,+
chr8,94704837,94704879,+
chr8,94919101,94919138,+
chr8,94919702,94919731,+
chr8,95245203,95245217,+
chr8,95245224,95245238,+
chr8,95245728,95245747,+
chr8,95247617,95247636,+
chr8,95370052,95370066,+
chr8,95807853,95807872,+
chr8,104248223,104248249,+
chr8,104632012,104632028,+
chr8,105170847,105170861,+
chr8,105265462,105265491,+
chr8,105326523,105326537,+
chr8,105623321,105623343,+
chr8,105635748,105635767,+
chr8,105635796,105635815,+
chr8,105745726,105745745,+
chr8,105745966,105746040,+
chr8,105746485,105746504,+
chr8,105750172,105750188,+
chr8,105789404,105789428,+
chr8,105789717,105789736,+
chr8,105810059,105810082,+
chr8,105810171,105810228,+
chr8,105810242,105810264,+
chr8,105825736,105825755,+
chr8,105825848,105825862,+
chr8,105855670,105855709,+
chr8,105937902,105937916,+
chr8,106054319,106054335,+
chr8,106060533,106060565,+
chr8,106061137,106061185,+
chr8,106337778,106337797,+
chr8,106683411,106683425,+
chr8,106687559,106687593,+
chr8,106687595,106687611,+
chr8,106687633,106687649,+
chr8,106935025,106935044,+
chr8,106935526,106935545,+
chr8,106973351,106973371,+
chr8,106973460,106973487,+
chr8,106973628,106973650,+
chr8,106973941,106973956,+
chr8,107095718,107095747,+
chr8,107095901,107095917,+
chr8,107292827,107292849,+
chr8,107292852,107292890,+
chr8,108823490,108823510,+
chr8,108827556,108827580,+
chr8,108847268,108847291,+
chr8,108848437,108848453,+
chr8,108884052,108884076,+
chr8,108884088,108884108,+
chr8,108884128,108884156,+
chr8,108884176,108884200,+
chr8,108884248,108884276,+
chr8,108884294,108884318,+
chr8,108884344,108884378,+
chr8,108884386,108884410,+
chr8,108884434,108884458,+
chr8,108884482,108884506,+
chr8,108884530,108884558,+
chr8,108884574,108884598,+
chr8,108911811,108911858,+
chr8,109565349,109565365,+
chr8,109692595,109692673,+
chr8,111030173,111030211,+
chr8,111030366,111030380,+
chr8,111299432,111299446,+
chr8,111306158,111306247,+
chr8,111306297,111306313,+
chr8,111527374,111527388,+
chr8,111527791,111527807,+
chr8,111527831,111527847,+
chr8,111563772,111563800,+
chr8,111571883,111571899,+
chr8,111572250,111572270,+
chr8,111582909,111582928,+
chr8,111642962,111642978,+
chr8,111644444,111644468,+
chr8,111821279,111821308,+
chr8,111821492,111821511,+
chr8,113634775,113634794,+
chr8,114434760,114434828,+
chr8,114816222,114816237,+
chr8,114869350,114869364,+
chr8,114875154,114875170,+
chr8,114875205,114875229,+
chr8,114879465,114879489,+
chr8,114888779,114888795,+
chr8,115189657,115189697,+
chr8,115189705,115189719,+
chr8,115190053,115190072,+
chr8,115190328,115190390,+
chr8,115190742,115190756,+
chr8,115427123,115427200,+
chr8,116523496,116523540,+
chr8,116590990,116591006,+
chr8,116591404,116591418,+
chr8,116633862,116633876,+
chr8,116635665,116635680,+
chr8,116635914,116635930,+
chr8,116636302,116636316,+
chr8,116636506,116636533,+
chr8,116636813,116636843,+
chr8,116636993,116637009,+
chr8,116637768,116637797,+
chr8,116690194,116690208,+
chr8,116705876,116705895,+
chr8,116721992,116722017,+
chr8,116921577,116921592,+
chr8,117257721,117257745,+
chr8,117303712,117303731,+
chr8,117339092,117339111,+
chr8,118816652,118816673,+
chr8,119424114,119424133,+
chr8,119424386,119424402,+
chr8,119425294,119425366,+
chr8,119570109,119570128,+
chr8,119586388,119586419,+
chr8,119586423,119586460,+
chr8,119586601,119586623,+
chr8,119605391,119605407,+
chr8,119783441,119783463,+
chr8,119796030,119796052,+
chr8,119811686,119811701,+
chr8,119812371,119812397,+
chr8,119813370,119813386,+
chr8,119813822,119813838,+
chr8,119832933,119832952,+
chr8,119833474,119833503,+
chr8,119833634,119833656,+
chr8,119838580,119838596,+
chr8,119838770,119838805,+
chr8,119848810,119848862,+
chr8,119910446,119910461,+
chr8,119910485,119910501,+
chr8,119911499,119911515,+
chr8,120488371,120488391,+
chr8,120538403,120538430,+
chr8,120697136,120697155,+
chr8,120736509,120736578,+
chr8,121579374,121579388,+
chr8,121584870,121584892,+
chr8,121585170,121585207,+
chr8,121650620,121650648,+
chr8,121948056,121948075,+
chr8,122285034,122285058,+
chr8,122433494,122433513,+
chr8,122444967,122444994,+
chr8,122459569,122459588,+
chr8,122464452,122464469,+
chr8,122464689,122464714,+
chr8,122473977,122473991,+
chr8,122474791,122474817,+
chr8,122505061,122505113,+
chr8,122547739,122547753,+
chr8,122561845,122561883,+
chr8,122568799,122568841,+
chr8,122683508,122683554,+
chr8,122937734,122937753,+
chr8,122953407,122953421,+
chr8,122953634,122953657,+
chr8,122986822,122986854,+
chr8,122986858,122986880,+
chr8,122987049,122987063,+
chr8,122987112,122987137,+
chr8,122988376,122988395,+
chr8,122988535,122988567,+
chr8,123000409,123000426,+
chr8,123000581,123000597,+
chr8,123001193,123001236,+
chr8,123026351,123026367,+
chr8,123030096,123030112,+
chr8,123031712,123031728,+
chr8,123032635,123032665,+
chr8,123033618,123033642,+
chr8,123033999,123034014,+
chr8,123034101,123034124,+
chr8,123034457,123034476,+
chr8,123036848,123036867,+
chr8,123037490,123037506,+
chr8,123037519,123037539,+
chr8,123040328,123040348,+
chr8,123040947,123040977,+
chr8,123041506,123041521,+
chr8,123042973,123043004,+
chr8,123065019,123065050,+
chr8,123065117,123065133,+
chr8,123065259,123065278,+
chr8,123160651,123160690,+
chr8,123162574,123162693,+
chr8,123203706,123203722,+
chr8,123203875,123203894,+
chr8,123240387,123240419,+
chr8,123240630,123240701,+
chr8,123319053,123319068,+
chr8,123319912,123319938,+
chr8,123320214,123320255,+
chr8,123405006,123405020,+
chr8,123859040,123859059,+
chr8,124076332,124076348,+
chr8,124231107,124231154,+
chr8,124272089,124272105,+
chr8,124284241,124284267,+
chr8,124318042,124318088,+
chr8,124318537,124318551,+
chr8,124319632,124319646,+
chr8,124347171,124347185,+
chr8,124703489,124703513,+
chr8,124703941,124703978,+
chr8,124722657,124722673,+
chr8,125067136,125067150,+
chr8,125067518,125067538,+
chr8,125068164,125068180,+
chr8,125337357,125337376,+
chr8,125337466,125337493,+
chr8,125337530,125337554,+
chr8,125460276,125460306,+
chr8,125461796,125461811,+
chr8,125470410,125470445,+
chr8,125531971,125531992,+
chr8,125667495,125667511,+
chr8,125676778,125676836,+
chr8,125871494,125871598,+
chr8,126585188,126585203,+
chr8,126585366,126585385,+
chr8,126585399,126585416,+
chr8,126585529,126585556,+
chr8,126588649,126588677,+
chr8,126589395,126589414,+
chr8,126589458,126589528,+
chr8,126589697,126589752,+
chr8,126590145,126590174,+
chr8,126590382,126590413,+
chr8,126590749,126590814,+
chr8,126590871,126590886,+
chr8,126590923,126590940,+
chr8,126590950,126590975,+
chr8,126595742,126595766,+
chr8,126616158,126616180,+
chr8,126616289,126616308,+
chr8,126627173,126627215,+
chr8,126663075,126663094,+
chr8,126663545,126663573,+
chr8,126666147,126666161,+
chr8,126666494,126666508,+
chr8,126666797,126666811,+
chr8,126699672,126699686,+
chr8,126757527,126757543,+
chr8,126757553,126757573,+
chr8,126757605,126757621,+
chr8,126757683,126757699,+
chr8,126757709,126757729,+
chr8,126757768,126757788,+
chr8,126828903,126828923,+
chr8,126830211,126830237,+
chr8,126835895,126835918,+
chr8,126836061,126836080,+
chr8,126844061,126844104,+
chr8,126848303,126848322,+
chr8,126855789,126855803,+
chr8,127324647,127324683,+
chr8,127500248,127500272,+
chr8,128223444,128223463,+
chr8,128320207,128320223,+
chr8,128384909,128384923,+
chr8,128387565,128387580,+
chr8,128433724,128433738,+
chr8,128473702,128473736,+
chr8,128473944,128473964,+
chr8,128481487,128481509,+
chr8,128595128,128595158,+
chr8,128595193,128595218,+
chr8,129234391,129234407,+
chr8,3248778,3248793,-
chr8,3260552,3260566,-
chr8,3353425,3353439,-
chr8,3354194,3354233,-
chr8,3354376,3354395,-
chr8,3355726,3355745,-
chr8,3356223,3356275,-
chr8,3500323,3500338,-
chr8,3518131,3518234,-
chr8,3518358,3518374,-
chr8,4238582,4238608,-
chr8,4612747,4612763,-
chr8,4612814,4612831,-
chr8,4678122,4678138,-
chr8,10247261,10247337,-
chr8,11008340,11008377,-
chr8,11061068,11061094,-
chr8,11061097,11061359,-
chr8,11061370,11061461,-
chr8,11558188,11558204,-
chr8,13595374,13595393,-
chr8,13619702,13619721,-
chr8,13619724,13619748,-
chr8,13649040,13649060,-
chr8,13686907,13686923,-
chr8,13687436,13687454,-
chr8,13687648,13687665,-
chr8,13687982,13687996,-
chr8,13689416,13689438,-
chr8,13955210,13955229,-
chr8,13976755,13976802,-
chr8,13976982,13976997,-
chr8,13979689,13979705,-
chr8,13980262,13980276,-
chr8,13990415,13990439,-
chr8,13990543,13990567,-
chr8,13990675,13990699,-
chr8,13990744,13990768,-
chr8,13992267,13992281,-
chr8,14011886,14011900,-
chr8,14012478,14012492,-
chr8,14961486,14961500,-
chr8,14961667,14961683,-
chr8,14961808,14961822,-
chr8,14996522,14996559,-
chr8,14997804,14997826,-
chr8,15014202,15014217,-
chr8,15018696,15018715,-
chr8,15018800,15018819,-
chr8,15019216,15019232,-
chr8,18138339,18138355,-
chr8,18594601,18594616,-
chr8,18594968,18594997,-
chr8,18898769,18898784,-
chr8,22193653,22193667,-
chr8,22398861,22398877,-
chr8,22476926,22476941,-
chr8,22724386,22724408,-
chr8,22783796,22783810,-
chr8,22806642,22806676,-
chr8,22807664,22807686,-
chr8,22814706,22814760,-
chr8,22838560,22838574,-
chr8,23238034,23238049,-
chr8,23886842,23886861,-
chr8,23887500,23887515,-
chr8,25088931,25088945,-
chr8,25263281,25263302,-
chr8,25273827,25273863,-
chr8,25273968,25274025,-
chr8,25275723,25275746,-
chr8,25275883,25275906,-
chr8,25276112,25276131,-
chr8,25485181,25485239,-
chr8,25577810,25577826,-
chr8,25596709,25596727,-
chr8,25601043,25601082,-
chr8,25603395,25603411,-
chr8,25603413,25603432,-
chr8,25609086,25609102,-
chr8,25609436,25609476,-
chr8,25611654,25611673,-
chr8,25618105,25618121,-
chr8,25621703,25621722,-
chr8,25625327,25625341,-
chr8,26015845,26015874,-
chr8,26121985,26122004,-
chr8,27023742,27023777,-
chr8,27043963,27043995,-
chr8,27159248,27159287,-
chr8,31112579,31112606,-
chr8,31114724,31114752,-
chr8,31120917,31120938,-
chr8,31150410,31150439,-
chr8,32914127,32914191,-
chr8,33307979,33308018,-
chr8,33308434,33308450,-
chr8,33601940,33601959,-
chr8,33602216,33602244,-
chr8,33608190,33608204,-
chr8,33608479,33608527,-
chr8,33641585,33641601,-
chr8,33682789,33682868,-
chr8,33897423,33897438,-
chr8,33930243,33930259,-
chr8,34045962,34045981,-
chr8,34046738,34046762,-
chr8,34047051,34047065,-
chr8,34047398,34047419,-
chr8,34048647,34048667,-
chr8,34083582,34083597,-
chr8,34083875,34083891,-
chr8,34108622,34108636,-
chr8,34124867,34124889,-
chr8,34124905,34124921,-
chr8,34143197,34143212,-
chr8,34143273,34143289,-
chr8,34143428,34143442,-
chr8,34155074,34155089,-
chr8,34155443,34155457,-
chr8,34163723,34163738,-
chr8,34163983,34163998,-
chr8,34164212,34164227,-
chr8,34164453,34164467,-
chr8,34164492,34164507,-
chr8,34215441,34215472,-
chr8,34276082,34276096,-
chr8,34276419,34276435,-
chr8,34315544,34315564,-
chr8,34353571,34353593,-
chr8,34732363,34732386,-
chr8,34740278,34740313,-
chr8,34805681,34805697,-
chr8,34808414,34808430,-
chr8,34816209,34816225,-
chr8,35430989,35431008,-
chr8,35431225,35431299,-
chr8,35578892,35578911,-
chr8,35597074,35597093,-
chr8,35597509,35597532,-
chr8,35634444,35634468,-
chr8,35674685,35674701,-
chr8,35678528,35678582,-
chr8,35678982,35678998,-
chr8,35679479,35679507,-
chr8,35679625,35679640,-
chr8,35992086,35992100,-
chr8,36010327,36010377,-
chr8,36041266,36041282,-
chr8,36122681,36122695,-
chr8,36123183,36123213,-
chr8,36123435,36123500,-
chr8,36158874,36158893,-
chr8,36169002,36169018,-
chr8,36173313,36173335,-
chr8,36178498,36178512,-
chr8,36184412,36184431,-
chr8,38922987,38923060,-
chr8,39006704,39006718,-
chr8,40609836,40609860,-
chr8,40963122,40963138,-
chr8,41043886,41043942,-
chr8,41375163,41375177,-
chr8,41416608,41416628,-
chr8,46617410,46617428,-
chr8,46687233,46687256,-
chr8,46712836,46712855,-
chr8,46739757,46739776,-
chr8,46741835,46741891,-
chr8,46755846,46755865,-
chr8,46756408,46756424,-
chr8,46762569,46762588,-
chr8,46859520,46859539,-
chr8,46941234,46941248,-
chr8,46941801,46941854,-
chr8,46943542,46943586,-
chr8,47578336,47578391,-
chr8,47676153,47676175,-
chr8,47714715,47714746,-
chr8,47714753,47714769,-
chr8,54239294,54239309,-
chr8,56551868,56551897,-
chr8,57580172,57580199,-
chr8,57637890,57637911,-
chr8,57653688,57653726,-
chr8,57800000,57800028,-
chr8,57800228,57800244,-
chr8,57800575,57800594,-
chr8,61224719,61224733,-
chr8,61451112,61451151,-
chr8,61928167,61928183,-
chr8,64788488,64788504,-
chr8,64788590,64788604,-
chr8,64944939,64944955,-
chr8,64946456,64946476,-
chr8,66470141,66470193,-
chr8,66859946,66859970,-
chr8,68793390,68793458,-
chr8,69270738,69270753,-
chr8,69625992,69626028,-
chr8,69790536,69790550,-
chr8,70506809,70506832,-
chr8,70523592,70523618,-
chr8,70527462,70527478,-
chr8,70565941,70565957,-
chr8,70608908,70608934,-
chr8,70608973,70608989,-
chr8,70611117,70611132,-
chr8,70612305,70612321,-
chr8,70625827,70625920,-
chr8,70638509,70638575,-
chr8,70673998,70674025,-
chr8,70675651,70675698,-
chr8,70700315,70700334,-
chr8,70700412,70700438,-
chr8,70700515,70700549,-
chr8,70761083,70761102,-
chr8,70763377,70763414,-
chr8,70763429,70763454,-
chr8,70777030,70777046,-
chr8,70777408,70777424,-
chr8,70806656,70806675,-
chr8,70808418,70808437,-
chr8,70840150,70840175,-
chr8,70866004,70866018,-
chr8,70897788,70897804,-
chr8,70897964,70898001,-
chr8,71273550,71273588,-
chr8,71286069,71286100,-
chr8,71672050,71672085,-
chr8,71693407,71693423,-
chr8,71731815,71731829,-
chr8,71908875,71908894,-
chr8,71908971,71908989,-
chr8,72067645,72067667,-
chr8,72160317,72160341,-
chr8,72163164,72163190,-
chr8,72163611,72163639,-
chr8,72215610,72215637,-
chr8,72239372,72239396,-
chr8,72261327,72261353,-
chr8,72276930,72276946,-
chr8,72277613,72277653,-
chr8,72279542,72279561,-
chr8,72279739,72279773,-
chr8,72303669,72303693,-
chr8,72321925,72321941,-
chr8,72322364,72322386,-
chr8,72322878,72322900,-
chr8,72322956,72322982,-
chr8,72323652,72323695,-
chr8,72326139,72326158,-
chr8,72344022,72344076,-
chr8,72349547,72349579,-
chr8,72350041,72350063,-
chr8,72351077,72351091,-
chr8,72475668,72475691,-
chr8,74993481,74993497,-
chr8,77550207,77550231,-
chr8,77550283,77550307,-
chr8,78621107,78621177,-
chr8,78621357,78621373,-
chr8,78621424,78621440,-
chr8,78621455,78621470,-
chr8,78884694,78884708,-
chr8,80492999,80493041,-
chr8,80494550,80494565,-
chr8,81012075,81012096,-
chr8,81492020,81492050,-
chr8,81497644,81497670,-
chr8,81692334,81692353,-
chr8,81692459,81692473,-
chr8,81694850,81694865,-
chr8,81694916,81694942,-
chr8,81695012,81695031,-
chr8,81702341,81702355,-
chr8,81702467,81702481,-
chr8,81703900,81703920,-
chr8,81703961,81703980,-
chr8,81735847,81735862,-
chr8,81757403,81757419,-
chr8,81766202,81766216,-
chr8,81766499,81766515,-
chr8,81767313,81767328,-
chr8,81768041,81768060,-
chr8,81768961,81768976,-
chr8,81769153,81769204,-
chr8,81769862,81769881,-
chr8,81770522,81770576,-
chr8,81805930,81805952,-
chr8,81907085,81907189,-
chr8,82759229,82759244,-
chr8,82774328,82774342,-
chr8,82774494,82774523,-
chr8,83609437,83609456,-
chr8,83609794,83609808,-
chr8,83612313,83612335,-
chr8,83653086,83653102,-
chr8,83694124,83694179,-
chr8,83699611,83699627,-
chr8,83699631,83699650,-
chr8,83736530,83736564,-
chr8,83740540,83740561,-
chr8,83740792,83740814,-
chr8,83742610,83742635,-
chr8,83750559,83750587,-
chr8,83750591,83750605,-
chr8,83750809,83750828,-
chr8,83773417,83773437,-
chr8,83773765,83773795,-
chr8,83899110,83899124,-
chr8,83899317,83899357,-
chr8,83970194,83970213,-
chr8,83970352,83970422,-
chr8,83970560,83970602,-
chr8,83970603,83970638,-
chr8,83970654,83970678,-
chr8,84005000,84005022,-
chr8,84024662,84024703,-
chr8,84024744,84024796,-
chr8,84067542,84067556,-
chr8,84067683,84067699,-
chr8,84073671,84073703,-
chr8,84196742,84196798,-
chr8,84197015,84197063,-
chr8,84197484,84197500,-
chr8,84202069,84202088,-
chr8,84249917,84249938,-
chr8,84255979,84255993,-
chr8,84270636,84270655,-
chr8,84270782,84270798,-
chr8,84289332,84289356,-
chr8,84639194,84639228,-
chr8,84656512,84656528,-
chr8,84659804,84659818,-
chr8,84660732,84660758,-
chr8,84664629,84664643,-
chr8,84664748,84664765,-
chr8,84704709,84704723,-
chr8,84825410,84825426,-
chr8,84825461,84825485,-
chr8,84826182,84826198,-
chr8,84832002,84832016,-
chr8,84847691,84847731,-
chr8,84857050,84857065,-
chr8,84966335,84966354,-
chr8,84975970,84975994,-
chr8,84976922,84976936,-
chr8,84982975,84982994,-
chr8,85036860,85036877,-
chr8,85036880,85036895,-
chr8,85083438,85083453,-
chr8,85433241,85433260,-
chr8,85556011,85556035,-
chr8,86013126,86013192,-
chr8,86052108,86052127,-
chr8,86052155,86052177,-
chr8,86052225,86052244,-
chr8,86585758,86585774,-
chr8,86678300,86678345,-
chr8,86685916,86685930,-
chr8,86686966,86686980,-
chr8,86687172,86687201,-
chr8,86687221,86687237,-
chr8,86708303,86708322,-
chr8,86708613,86708632,-
chr8,86718072,86718091,-
chr8,86731449,86731498,-
chr8,86731759,86731785,-
chr8,86738217,86738233,-
chr8,88119129,88119158,-
chr8,88291292,88291311,-
chr8,88293756,88293770,-
chr8,88362803,88362825,-
chr8,88619818,88619834,-
chr8,88668468,88668488,-
chr8,88692418,88692432,-
chr8,88697598,88697617,-
chr8,88697720,88697735,-
chr8,88771389,88771411,-
chr8,90795557,90795583,-
chr8,90887160,90887174,-
chr8,90887196,90887240,-
chr8,90909496,90909531,-
chr8,91070660,91070679,-
chr8,91589012,91589087,-
chr8,94354000,94354020,-
chr8,94376159,94376183,-
chr8,94387685,94387710,-
chr8,94413433,94413463,-
chr8,94413833,94413849,-
chr8,94454105,94454121,-
chr8,94454183,94454198,-
chr8,94454663,94454679,-
chr8,94667343,94667357,-
chr8,94703251,94703273,-
chr8,94703278,94703293,-
chr8,94703300,94703314,-
chr8,94703716,94703732,-
chr8,94703958,94703972,-
chr8,94704328,94704344,-
chr8,95808225,95808250,-
chr8,95810203,95810224,-
chr8,95810365,95810393,-
chr8,104219311,104219340,-
chr8,104239517,104239536,-
chr8,104247858,104247881,-
chr8,104564916,104564930,-
chr8,104565202,104565235,-
chr8,105121343,105121440,-
chr8,105225177,105225192,-
chr8,105267246,105267264,-
chr8,105289341,105289360,-
chr8,105297514,105297538,-
chr8,105637980,105637995,-
chr8,105661268,105661291,-
chr8,105661494,105661560,-
chr8,105746725,105746767,-
chr8,105992762,105992788,-
chr8,105992806,105992821,-
chr8,106053027,106053052,-
chr8,106053248,106053264,-
chr8,106054882,106054904,-
chr8,106055555,106055574,-
chr8,106055621,106055637,-
chr8,106060501,106060515,-
chr8,106062949,106062965,-
chr8,106063119,106063141,-
chr8,106106175,106106220,-
chr8,106169293,106169317,-
chr8,106642961,106643008,-
chr8,106643575,106643601,-
chr8,106682975,106682996,-
chr8,106935175,106935194,-
chr8,106935241,106935260,-
chr8,106935377,106935391,-
chr8,106974224,106974242,-
chr8,106974255,106974270,-
chr8,107096773,107096797,-
chr8,107588606,107588656,-
chr8,107588761,107588783,-
chr8,108738461,108738477,-
chr8,108827482,108827501,-
chr8,108847492,108847514,-
chr8,108863452,108863466,-
chr8,108887768,108887782,-
chr8,108887792,108887840,-
chr8,108904740,108904756,-
chr8,108911604,108911623,-
chr8,108911787,108911813,-
chr8,109692574,109692593,-
chr8,109706881,109706897,-
chr8,109706942,109706977,-
chr8,109708001,109708020,-
chr8,110217499,110217523,-
chr8,110217558,110217577,-
chr8,110939383,110939398,-
chr8,110997931,110997947,-
chr8,111258954,111258972,-
chr8,111300499,111300513,-
chr8,111522367,111522382,-
chr8,111527645,111527659,-
chr8,111528034,111528094,-
chr8,111528345,111528361,-
chr8,111536156,111536172,-
chr8,111559866,111559917,-
chr8,111562601,111562625,-
chr8,111570794,111570859,-
chr8,111571252,111571291,-
chr8,111572125,111572179,-
chr8,111574214,111574245,-
chr8,111577713,111577727,-
chr8,111582379,111582413,-
chr8,111582460,111582479,-
chr8,111594576,111594592,-
chr8,111595522,111595538,-
chr8,111596907,111596926,-
chr8,111643213,111643232,-
chr8,111643243,111643258,-
chr8,111644079,111644107,-
chr8,111644521,111644540,-
chr8,111854531,111854548,-
chr8,111940753,111940768,-
chr8,114133413,114133429,-
chr8,114439160,114439179,-
chr8,114815408,114815422,-
chr8,114875362,114875376,-
chr8,114878472,114878492,-
chr8,114881057,114881079,-
chr8,114973122,114973137,-
chr8,115190239,115190253,-
chr8,115400742,115400758,-
chr8,115427214,115427234,-
chr8,115695204,115695262,-
chr8,115695414,115695428,-
chr8,115707471,115707501,-
chr8,115707636,115707699,-
chr8,116590875,116590899,-
chr8,116690091,116690112,-
chr8,116705897,116705947,-
chr8,116721305,116721342,-
chr8,116721720,116721739,-
chr8,116721800,116721819,-
chr8,116721891,116721915,-
chr8,116732955,116732975,-
chr8,116922045,116922059,-
chr8,117258049,117258075,-
chr8,117258091,117258105,-
chr8,117258712,117258728,-
chr8,117262697,117262713,-
chr8,117262968,117262984,-
chr8,117307330,117307345,-
chr8,117532585,117532604,-
chr8,117548321,117548351,-
chr8,117548670,117548692,-
chr8,118816681,118816696,-
chr8,118816799,118816839,-
chr8,119045429,119045448,-
chr8,119052234,119052253,-
chr8,119344070,119344094,-
chr8,119423944,119423963,-
chr8,119572106,119572161,-
chr8,119783391,119783413,-
chr8,119795889,119795908,-
chr8,119832755,119832771,-
chr8,119834034,119834054,-
chr8,119838830,119838850,-
chr8,119848889,119848903,-
chr8,120488965,120488987,-
chr8,120489040,120489054,-
chr8,120489723,120489752,-
chr8,120490727,120490741,-
chr8,120499578,120499678,-
chr8,120543739,120543758,-
chr8,120544600,120544621,-
chr8,120544624,120544643,-
chr8,120725592,120725626,-
chr8,120823046,120823070,-
chr8,121585445,121585461,-
chr8,121585670,121585689,-
chr8,121585845,121585873,-
chr8,121586021,121586044,-
chr8,121590970,121590996,-
chr8,122008584,122008611,-
chr8,122464432,122464452,-
chr8,122464478,122464497,-
chr8,122471018,122471032,-
chr8,122557168,122557196,-
chr8,122918041,122918065,-
chr8,122918148,122918162,-
chr8,122938537,122938569,-
chr8,122943590,122943604,-
chr8,122953063,122953077,-
chr8,123000683,123000724,-
chr8,123015501,123015539,-
chr8,123026178,123026207,-
chr8,123033440,123033469,-
chr8,123034317,123034332,-
chr8,123034483,123034513,-
chr8,123034715,123034729,-
chr8,123038311,123038358,-
chr8,123040350,123040364,-
chr8,123043097,123043116,-
chr8,123162716,123162732,-
chr8,123319078,123319094,-
chr8,123319604,123319618,-
chr8,123320022,123320057,-
chr8,123872943,123873044,-
chr8,124242424,124242452,-
chr8,124260720,124260751,-
chr8,124271781,124271803,-
chr8,124273322,124273346,-
chr8,124284203,124284217,-
chr8,124314168,124314187,-
chr8,124314909,124314940,-
chr8,124316132,124316147,-
chr8,124317727,124317749,-
chr8,124508836,124508860,-
chr8,124863889,124863908,-
chr8,124949705,124949731,-
chr8,124959716,124959732,-
chr8,125066892,125066911,-
chr8,125067226,125067241,-
chr8,125337715,125337735,-
chr8,125391059,125391101,-
chr8,125391168,125391187,-
chr8,125559007,125559022,-
chr8,125725086,125725114,-
chr8,126582879,126582896,-
chr8,126585588,126585612,-
chr8,126589926,126589945,-
chr8,126590676,126590698,-
chr8,126594285,126594299,-
chr8,126595090,126595104,-
chr8,126596243,126596257,-
chr8,126619587,126619603,-
chr8,126627057,126627071,-
chr8,126627413,126627429,-
chr8,126652235,126652254,-
chr8,126660906,126660925,-
chr8,126662035,126662049,-
chr8,126663127,126663148,-
chr8,126664020,126664052,-
chr8,126699419,126699449,-
chr8,126758338,126758353,-
chr8,126782046,126782098,-
chr8,126832534,126832566,-
chr8,126834132,126834165,-
chr8,126846769,126846789,-
chr8,126848205,126848224,-
chr8,126848358,126848396,-
chr8,126852211,126852225,-
chr8,126853088,126853107,-
chr8,126854434,126854448,-
chr8,126856095,126856115,-
chr8,127324686,127324741,-
chr8,127500607,127500621,-
chr8,127515954,127515978,-
chr8,127909789,127909808,-
chr8,127962945,127962967,-
chr8,127966924,127966962,-
chr8,127968203,127968229,-
chr8,128157138,128157193,-
chr8,128223271,128223287,-
chr8,128223319,128223338,-
chr8,128224741,128224763,-
chr8,128224906,128224922,-
chr8,128320261,128320280,-
chr8,128321150,128321169,-
chr8,128488507,128488536,-
chr9,3402666,3402715,+
chr9,3402902,3402921,+
chr9,7763373,7763387,+
chr9,7780258,7780296,+
chr9,7836808,7836839,+
chr9,7873422,7873456,+
chr9,11397071,11397095,+
chr9,11513406,11513450,+
chr9,11575235,11575254,+
chr9,11575379,11575398,+
chr9,11575423,11575439,+
chr9,11575582,11575597,+
chr9,11579055,11579070,+
chr9,11584568,11584587,+
chr9,13296943,13296962,+
chr9,13297021,13297040,+
chr9,13443851,13443875,+
chr9,13444087,13444103,+
chr9,13444112,13444132,+
chr9,13444223,13444243,+
chr9,13449936,13449950,+
chr9,13466113,13466146,+
chr9,13466241,13466257,+
chr9,13467484,13467500,+
chr9,13467516,13467530,+
chr9,13484201,13484227,+
chr9,13485010,13485025,+
chr9,13621274,13621382,+
chr9,14088098,14088117,+
chr9,14093037,14093056,+
chr9,14094050,14094072,+
chr9,14094213,14094230,+
chr9,14199774,14199798,+
chr9,14200838,14200854,+
chr9,14244362,14244376,+
chr9,14272959,14272990,+
chr9,14273104,14273143,+
chr9,14274898,14274932,+
chr9,14282087,14282101,+
chr9,14499262,14499281,+
chr9,14499471,14499485,+
chr9,14500532,14500554,+
chr9,14904254,14904268,+
chr9,15022318,15022332,+
chr9,15040433,15040498,+
chr9,15045751,15045809,+
chr9,15060156,15060178,+
chr9,15064121,15064140,+
chr9,15064158,15064172,+
chr9,15064315,15064339,+
chr9,15064364,15064378,+
chr9,15064400,15064414,+
chr9,15550505,15550519,+
chr9,15550696,15550711,+
chr9,15581894,15581908,+
chr9,15581927,15581954,+
chr9,20643799,20643831,+
chr9,20765451,20765479,+
chr9,20877885,20877913,+
chr9,21092354,21092378,+
chr9,21136817,21136833,+
chr9,21136863,21136888,+
chr9,21136999,21137019,+
chr9,21167824,21167840,+
chr9,21235514,21235533,+
chr9,21288431,21288455,+
chr9,21288803,21288822,+
chr9,21288843,21288865,+
chr9,21289720,21289752,+
chr9,21289892,21289921,+
chr9,21320524,21320584,+
chr9,21321778,21321793,+
chr9,21324967,21324997,+
chr9,21327905,21327920,+
chr9,21331397,21331413,+
chr9,21366634,21366648,+
chr9,21367576,21367592,+
chr9,21367633,21367652,+
chr9,21450043,21450080,+
chr9,21602300,21602340,+
chr9,21956242,21956288,+
chr9,22071790,22071804,+
chr9,22224992,22225011,+
chr9,22225542,22225556,+
chr9,22346632,22346658,+
chr9,22467363,22467384,+
chr9,22467563,22467579,+
chr9,22475322,22475338,+
chr9,22646851,22646865,+
chr9,22650786,22650806,+
chr9,22656589,22656608,+
chr9,22657275,22657289,+
chr9,24331657,24331673,+
chr9,24332158,24332185,+
chr9,24504634,24504654,+
chr9,25185789,25185832,+
chr9,25185898,25185918,+
chr9,25185944,25185964,+
chr9,25186301,25186321,+
chr9,25192522,25192543,+
chr9,25252261,25252302,+
chr9,25430944,25430984,+
chr9,31030117,31030131,+
chr9,32489526,32489546,+
chr9,32495344,32495358,+
chr9,32496205,32496220,+
chr9,32499070,32499148,+
chr9,32499896,32499938,+
chr9,32500399,32500414,+
chr9,32501081,32501100,+
chr9,32503804,32503820,+
chr9,32505919,32505939,+
chr9,32506003,32506029,+
chr9,32510619,32510633,+
chr9,32510635,32510669,+
chr9,32538559,32538582,+
chr9,32553580,32553608,+
chr9,32592214,32592251,+
chr9,32592835,32592883,+
chr9,32594014,32594033,+
chr9,32594209,32594268,+
chr9,32613186,32613206,+
chr9,32615834,32615848,+
chr9,32617423,32617457,+
chr9,32621023,32621050,+
chr9,32621408,32621458,+
chr9,32672523,32672556,+
chr9,32692923,32692942,+
chr9,32696318,32696341,+
chr9,32698378,32698397,+
chr9,32700061,32700080,+
chr9,32700179,32700198,+
chr9,32703185,32703204,+
chr9,32703303,32703319,+
chr9,32705068,32705082,+
chr9,32705139,32705155,+
chr9,32705165,32705189,+
chr9,32707696,32707720,+
chr9,32709483,32709503,+
chr9,32717668,32717682,+
chr9,32717876,32717892,+
chr9,32746255,32746270,+
chr9,32901628,32901647,+
chr9,32915583,32915605,+
chr9,32915961,32915977,+
chr9,32916199,32916218,+
chr9,32917716,32917730,+
chr9,32923711,32923735,+
chr9,32923777,32923801,+
chr9,32923841,32923865,+
chr9,32923951,32923968,+
chr9,32924048,32924067,+
chr9,32925630,32925653,+
chr9,32926745,32926759,+
chr9,32927381,32927405,+
chr9,32928561,32928583,+
chr9,32928670,32928684,+
chr9,32929645,32929665,+
chr9,32931896,32931912,+
chr9,32933192,32933207,+
chr9,32941339,32941353,+
chr9,32942044,32942086,+
chr9,33066162,33066220,+
chr9,35117293,35117308,+
chr9,35117957,35117976,+
chr9,35124443,35124462,+
chr9,35268047,35268061,+
chr9,37311083,37311098,+
chr9,37488637,37488663,+
chr9,37576666,37576689,+
chr9,40424038,40424052,+
chr9,40482824,40482883,+
chr9,40799960,40799974,+
chr9,40997093,40997172,+
chr9,41048289,41048314,+
chr9,41073716,41073732,+
chr9,41083712,41083731,+
chr9,41097726,41097765,+
chr9,41097767,41097847,+
chr9,41097864,41097878,+
chr9,41097890,41097904,+
chr9,41117373,41117389,+
chr9,41118137,41118156,+
chr9,41118245,41118264,+
chr9,41118862,41118878,+
chr9,41119926,41119942,+
chr9,41120360,41120427,+
chr9,41120591,41120644,+
chr9,41120652,41120674,+
chr9,41125603,41125619,+
chr9,41154075,41154129,+
chr9,41154268,41154283,+
chr9,41181395,41181414,+
chr9,41208082,41208102,+
chr9,41212853,41212867,+
chr9,42033247,42033261,+
chr9,42096717,42096733,+
chr9,42109104,42109135,+
chr9,42109136,42109167,+
chr9,42124657,42124680,+
chr9,42158798,42158812,+
chr9,42159145,42159167,+
chr9,42249409,42249437,+
chr9,42423736,42423755,+
chr9,42423923,42423937,+
chr9,42428290,42428309,+
chr9,42465376,42465391,+
chr9,42469169,42469184,+
chr9,43227304,43227366,+
chr9,44017084,44017106,+
chr9,44018978,44019007,+
chr9,44019009,44019030,+
chr9,44019707,44019721,+
chr9,44019900,44019924,+
chr9,44022081,44022097,+
chr9,44022422,44022438,+
chr9,44022535,44022555,+
chr9,44024114,44024134,+
chr9,44025143,44025157,+
chr9,44029698,44029722,+
chr9,44031984,44031998,+
chr9,44033264,44033279,+
chr9,44033661,44033687,+
chr9,44034336,44034352,+
chr9,44034797,44034813,+
chr9,44041207,44041223,+
chr9,44041254,44041273,+
chr9,44045138,44045158,+
chr9,44047006,44047020,+
chr9,44047028,44047044,+
chr9,44052865,44052885,+
chr9,44052888,44052920,+
chr9,44181889,44181916,+
chr9,44195867,44195884,+
chr9,44195967,44195987,+
chr9,44196120,44196151,+
chr9,44196298,44196324,+
chr9,44196659,44196674,+
chr9,44196696,44196710,+
chr9,44238436,44238452,+
chr9,44239196,44239224,+
chr9,44482349,44482363,+
chr9,44510388,44510419,+
chr9,44515798,44515812,+
chr9,44516632,44516660,+
chr9,44526467,44526481,+
chr9,44568374,44568393,+
chr9,44579255,44579324,+
chr9,44581600,44581622,+
chr9,44602834,44602886,+
chr9,44603060,44603074,+
chr9,44603204,44603224,+
chr9,44603494,44603529,+
chr9,44603850,44603870,+
chr9,44603928,44603952,+
chr9,44606150,44606171,+
chr9,44648655,44648698,+
chr9,44655223,44655251,+
chr9,44656039,44656054,+
chr9,44690708,44690760,+
chr9,44879087,44879103,+
chr9,44881960,44881979,+
chr9,44954465,44954498,+
chr9,44965945,44965969,+
chr9,44967083,44967113,+
chr9,44979431,44979453,+
chr9,44982468,44982495,+
chr9,44987521,44987535,+
chr9,45008239,45008255,+
chr9,45062639,45062660,+
chr9,45078927,45078943,+
chr9,45079042,45079057,+
chr9,45117147,45117167,+
chr9,45236000,45236014,+
chr9,45236275,45236291,+
chr9,45236607,45236643,+
chr9,45247869,45247888,+
chr9,45247957,45247973,+
chr9,45828889,45828907,+
chr9,45853659,45853673,+
chr9,48538061,48538096,+
chr9,48740210,48740239,+
chr9,48981331,48981371,+
chr9,48981492,48981530,+
chr9,48981533,48981574,+
chr9,48984513,48984542,+
chr9,49055392,49055411,+
chr9,50414390,50414405,+
chr9,50617195,50617211,+
chr9,50856271,50856293,+
chr9,50905499,50905517,+
chr9,51186018,51186037,+
chr9,52047633,52047658,+
chr9,53248155,53248170,+
chr9,53436306,53436321,+
chr9,53436424,53436471,+
chr9,53610718,53610734,+
chr9,54586102,54586121,+
chr9,54612415,54612434,+
chr9,54612523,54612539,+
chr9,54612680,54612715,+
chr9,54613063,54613077,+
chr9,54613186,54613221,+
chr9,56325867,56325904,+
chr9,56325992,56326020,+
chr9,56326055,56326090,+
chr9,56418548,56418563,+
chr9,56927978,56928025,+
chr9,56937209,56937253,+
chr9,56995286,56995305,+
chr9,57148809,57148828,+
chr9,57339666,57339682,+
chr9,57439753,57439767,+
chr9,57639669,57639697,+
chr9,57646589,57646608,+
chr9,57647356,57647370,+
chr9,58112523,58112542,+
chr9,58112762,58112780,+
chr9,58249496,58249510,+
chr9,58249904,58249928,+
chr9,58508028,58508047,+
chr9,58581066,58581082,+
chr9,58749671,58749791,+
chr9,59482691,59482705,+
chr9,59959585,59959604,+
chr9,60859405,60859430,+
chr9,61370347,61370361,+
chr9,61370900,61370916,+
chr9,61372071,61372097,+
chr9,61380104,61380118,+
chr9,61648206,61648240,+
chr9,61648319,61648456,+
chr9,61664046,61664062,+
chr9,61667639,61667667,+
chr9,61669125,61669164,+
chr9,61679464,61679478,+
chr9,61680484,61680499,+
chr9,61681222,61681265,+
chr9,61682117,61682136,+
chr9,61682897,61682916,+
chr9,61701926,61701956,+
chr9,61702050,61702070,+
chr9,61702154,61702168,+
chr9,61702202,61702216,+
chr9,61702246,61702262,+
chr9,61703171,61703224,+
chr9,61706107,61706122,+
chr9,61707210,61707229,+
chr9,61707451,61707473,+
chr9,61707725,61707746,+
chr9,61708002,61708017,+
chr9,61859594,61859610,+
chr9,61914140,61914154,+
chr9,61915361,61915379,+
chr9,61965711,61965752,+
chr9,61983678,61983713,+
chr9,61983722,61983736,+
chr9,61985424,61985453,+
chr9,62345051,62345067,+
chr9,62972271,62972293,+
chr9,62972402,62972416,+
chr9,63074215,63074229,+
chr9,63081462,63081476,+
chr9,63085581,63085601,+
chr9,63086754,63086778,+
chr9,63086810,63086829,+
chr9,63087010,63087029,+
chr9,63087182,63087196,+
chr9,63089623,63089649,+
chr9,63133198,63133212,+
chr9,63377532,63377551,+
chr9,63706523,63706542,+
chr9,63714515,63714546,+
chr9,63714554,63714578,+
chr9,63720453,63720472,+
chr9,63738107,63738131,+
chr9,63738267,63738286,+
chr9,63738349,63738375,+
chr9,63741478,63741497,+
chr9,63741575,63741599,+
chr9,63749331,63749347,+
chr9,63749475,63749501,+
chr9,63776918,63776933,+
chr9,63955057,63955130,+
chr9,64173208,64173227,+
chr9,64789197,64789213,+
chr9,64824876,64824895,+
chr9,64832082,64832096,+
chr9,64914804,64914823,+
chr9,65022312,65022340,+
chr9,65196431,65196451,+
chr9,65201233,65201283,+
chr9,65201423,65201439,+
chr9,65216922,65216942,+
chr9,65435506,65435533,+
chr9,65552877,65552916,+
chr9,65580579,65580595,+
chr9,65622841,65622866,+
chr9,65622945,65622959,+
chr9,65676278,65676298,+
chr9,65676309,65676331,+
chr9,66124785,66124803,+
chr9,66125270,66125284,+
chr9,66281125,66281156,+
chr9,66511385,66511400,+
chr9,66591874,66591890,+
chr9,66592118,66592163,+
chr9,66599549,66599609,+
chr9,66608996,66609029,+
chr9,66664434,66664449,+
chr9,66680516,66680532,+
chr9,66706195,66706217,+
chr9,66714044,66714063,+
chr9,66873929,66873948,+
chr9,66882254,66882305,+
chr9,66882863,66882882,+
chr9,66888242,66888256,+
chr9,66916228,66916247,+
chr9,66974681,66974695,+
chr9,66980518,66980532,+
chr9,66980748,66980767,+
chr9,66981088,66981107,+
chr9,66981325,66981406,+
chr9,67043263,67043278,+
chr9,67044332,67044351,+
chr9,67840674,67840696,+
chr9,68884444,68884458,+
chr9,69033965,69033980,+
chr9,69125313,69125342,+
chr9,69297742,69297761,+
chr9,69297829,69297858,+
chr9,69397762,69397786,+
chr9,69989219,69989243,+
chr9,70506261,70506296,+
chr9,70671122,70671141,+
chr9,70678299,70678315,+
chr9,70812957,70813091,+
chr9,70813206,70813225,+
chr9,71162872,71162894,+
chr9,71163156,71163180,+
chr9,71165394,71165413,+
chr9,71921073,71921164,+
chr9,72030759,72030775,+
chr9,72096996,72097012,+
chr9,72097139,72097155,+
chr9,72097678,72097709,+
chr9,72097888,72097902,+
chr9,72098065,72098079,+
chr9,72098505,72098525,+
chr9,72098589,72098603,+
chr9,72381349,72381519,+
chr9,72400320,72400336,+
chr9,72448265,72448279,+
chr9,72479349,72479373,+
chr9,72492422,72492437,+
chr9,72530678,72530697,+
chr9,72533238,72533254,+
chr9,72660023,72660040,+
chr9,72890491,72890505,+
chr9,73039787,73039801,+
chr9,73045748,73045775,+
chr9,74951758,74951774,+
chr9,74986067,74986081,+
chr9,75414025,75414044,+
chr9,75434526,75434576,+
chr9,75434773,75434789,+
chr9,75541872,75541894,+
chr9,75545098,75545117,+
chr9,75545120,75545144,+
chr9,75546835,75546912,+
chr9,75547027,75547046,+
chr9,77371481,77371533,+
chr9,77380060,77380080,+
chr9,77380391,77380411,+
chr9,77380914,77380930,+
chr9,77513912,77513926,+
chr9,77671049,77671074,+
chr9,77754191,77754222,+
chr9,77911477,77911514,+
chr9,77911764,77911784,+
chr9,77917040,77917077,+
chr9,77949975,77949991,+
chr9,78010668,78010693,+
chr9,78010737,78010762,+
chr9,78010959,78010998,+
chr9,78074249,78074264,+
chr9,78101306,78101328,+
chr9,78101781,78101805,+
chr9,78481373,78481407,+
chr9,79790047,79790061,+
chr9,79793887,79793911,+
chr9,79810667,79810707,+
chr9,80066356,80066386,+
chr9,80164107,80164121,+
chr9,80164264,80164278,+
chr9,80260972,80261000,+
chr9,80261058,80261072,+
chr9,80266919,80266946,+
chr9,80331792,80331808,+
chr9,80332075,80332097,+
chr9,80332105,80332196,+
chr9,80530783,80530833,+
chr9,80561946,80561965,+
chr9,80562056,80562153,+
chr9,82975862,82975884,+
chr9,83437695,83437714,+
chr9,83441302,83441321,+
chr9,83833975,83834004,+
chr9,85105729,85105755,+
chr9,85119814,85119828,+
chr9,85119884,85119905,+
chr9,85120298,85120334,+
chr9,85121005,85121020,+
chr9,85201370,85201397,+
chr9,85326135,85326173,+
chr9,85671725,85671739,+
chr9,85748140,85748156,+
chr9,85748208,85748236,+
chr9,85748356,85748384,+
chr9,88329062,88329088,+
chr9,88329182,88329208,+
chr9,88380568,88380587,+
chr9,88437917,88437936,+
chr9,88438135,88438155,+
chr9,88438207,88438226,+
chr9,88547517,88547539,+
chr9,88956236,88956258,+
chr9,89198545,89198567,+
chr9,89198873,89198907,+
chr9,89199239,89199254,+
chr9,90114256,90114280,+
chr9,90126492,90126506,+
chr9,90233301,90233363,+
chr9,90242813,90242840,+
chr9,90245613,90245632,+
chr9,94440931,94440959,+
chr9,94533542,94533565,+
chr9,94533663,94533680,+
chr9,94536985,94537004,+
chr9,94537789,94537804,+
chr9,94539102,94539117,+
chr9,94620753,94620767,+
chr9,94691488,94691507,+
chr9,94692054,94692074,+
chr9,94870172,94870191,+
chr9,94945834,94945860,+
chr9,95120520,95120539,+
chr9,95469172,95469191,+
chr9,95957957,95957986,+
chr9,96348096,96348122,+
chr9,96349586,96349608,+
chr9,96349764,96349778,+
chr9,96350006,96350032,+
chr9,96350054,96350114,+
chr9,96350688,96350720,+
chr9,96351120,96351165,+
chr9,96351485,96351500,+
chr9,96353738,96353754,+
chr9,96353774,96353788,+
chr9,96353804,96353819,+
chr9,96369908,96369927,+
chr9,96370122,96370141,+
chr9,96392234,96392258,+
chr9,96395877,96395891,+
chr9,96437310,96437329,+
chr9,96438586,96438610,+
chr9,96516773,96516957,+
chr9,96630434,96630449,+
chr9,96713160,96713181,+
chr9,96713191,96713213,+
chr9,96719102,96719122,+
chr9,96720186,96720200,+
chr9,96765774,96765788,+
chr9,96952585,96952609,+
chr9,96957345,96957371,+
chr9,98296392,98296443,+
chr9,99009455,99009469,+
chr9,99240887,99240916,+
chr9,99243964,99243983,+
chr9,100332496,100332524,+
chr9,100459916,100459932,+
chr9,100461891,100461905,+
chr9,100462757,100462771,+
chr9,100462812,100462826,+
chr9,100522361,100522382,+
chr9,100548432,100548456,+
chr9,100643025,100643040,+
chr9,101074710,101074725,+
chr9,103108237,103108251,+
chr9,103413142,103413229,+
chr9,103423985,103423999,+
chr9,103424794,103424818,+
chr9,103449481,103449495,+
chr9,103452344,103452425,+
chr9,103452613,103452629,+
chr9,104063184,104063216,+
chr9,105134283,105134302,+
chr9,105134370,105134384,+
chr9,105134604,105134623,+
chr9,105689309,105689325,+
chr9,105706146,105706174,+
chr9,106176990,106177013,+
chr9,106210943,106210958,+
chr9,106211026,106211056,+
chr9,106211166,106211198,+
chr9,106215618,106215639,+
chr9,106429351,106429367,+
chr9,106887562,106887578,+
chr9,107288998,107289017,+
chr9,107563038,107563053,+
chr9,107580522,107580536,+
chr9,107624670,107624689,+
chr9,107629750,107629765,+
chr9,107630213,107630233,+
chr9,107633623,107633650,+
chr9,107690718,107690738,+
chr9,107719367,107719383,+
chr9,107740180,107740194,+
chr9,107740407,107740439,+
chr9,107740607,107740633,+
chr9,107771407,107771441,+
chr9,107771574,107771590,+
chr9,107771615,107771634,+
chr9,107793277,107793349,+
chr9,107793497,107793531,+
chr9,107793648,107793672,+
chr9,108003238,108003257,+
chr9,108003555,108003577,+
chr9,108146953,108146973,+
chr9,108150222,108150236,+
chr9,108150268,108150308,+
chr9,108203155,108203169,+
chr9,108490730,108490749,+
chr9,108560221,108560240,+
chr9,108713701,108713715,+
chr9,108792564,108792580,+
chr9,108793189,108793211,+
chr9,109832597,109832618,+
chr9,109833142,109833158,+
chr9,110131776,110131792,+
chr9,110460635,110460699,+
chr9,110461761,110461794,+
chr9,110645340,110645372,+
chr9,110997207,110997246,+
chr9,112163196,112163317,+
chr9,112174500,112174522,+
chr9,112174787,112174801,+
chr9,112224700,112224783,+
chr9,113706467,113706494,+
chr9,114443628,114443661,+
chr9,114496355,114496391,+
chr9,114496648,114496668,+
chr9,114546731,114546753,+
chr9,114546763,114546801,+
chr9,114640121,114640136,+
chr9,114730328,114730344,+
chr9,114730497,114730526,+
chr9,114730705,114730719,+
chr9,114730750,114730774,+
chr9,114730942,114730999,+
chr9,114758416,114758446,+
chr9,114781011,114781033,+
chr9,114782209,114782224,+
chr9,114948369,114948388,+
chr9,115309199,115309218,+
chr9,115309477,115309501,+
chr9,115469020,115469034,+
chr9,115471756,115471793,+
chr9,115471847,115471862,+
chr9,115481479,115481494,+
chr9,115610956,115610982,+
chr9,115640765,115640787,+
chr9,116114598,116114613,+
chr9,116122862,116122928,+
chr9,116123165,116123179,+
chr9,116123235,116123249,+
chr9,116123630,116123657,+
chr9,116139565,116139581,+
chr9,116139688,116139703,+
chr9,116159911,116159960,+
chr9,116160383,116160398,+
chr9,116160561,116160576,+
chr9,116161561,116161580,+
chr9,116163845,116163865,+
chr9,116169305,116169319,+
chr9,116169487,116169531,+
chr9,116175728,116175742,+
chr9,116176058,116176072,+
chr9,116176178,116176228,+
chr9,116189260,116189276,+
chr9,116190086,116190100,+
chr9,116214392,116214414,+
chr9,116294570,116294586,+
chr9,116328612,116328652,+
chr9,116328775,116328794,+
chr9,116330345,116330360,+
chr9,116337923,116337943,+
chr9,116338605,116338629,+
chr9,116339500,116339516,+
chr9,116340924,116340940,+
chr9,116368730,116368745,+
chr9,116380205,116380251,+
chr9,116383746,116383765,+
chr9,117926726,117926753,+
chr9,117926901,117926937,+
chr9,118272900,118272915,+
chr9,118272927,118272941,+
chr9,118395902,118395923,+
chr9,118396469,118396483,+
chr9,118400522,118400536,+
chr9,118678830,118678849,+
chr9,118686731,118686750,+
chr9,118752691,118752711,+
chr9,119322598,119322617,+
chr9,119323293,119323312,+
chr9,119743841,119743860,+
chr9,119970433,119970447,+
chr9,119978665,119978687,+
chr9,120030269,120030309,+
chr9,120080142,120080158,+
chr9,120110180,120110204,+
chr9,120127206,120127235,+
chr9,120379578,120379598,+
chr9,120571294,120571320,+
chr9,120578858,120578872,+
chr9,120582935,120582949,+
chr9,120692132,120692148,+
chr9,120692755,120692771,+
chr9,120776919,120776941,+
chr9,120777127,120777147,+
chr9,121009995,121010015,+
chr9,121010797,121010817,+
chr9,121454982,121454996,+
chr9,121674975,121674994,+
chr9,121677210,121677226,+
chr9,121680021,121680041,+
chr9,121686264,121686284,+
chr9,121686294,121686340,+
chr9,121686356,121686376,+
chr9,121686482,121686498,+
chr9,121686522,121686546,+
chr9,121705547,121705573,+
chr9,121846928,121846951,+
chr9,121847016,121847080,+
chr9,121881170,121881184,+
chr9,121927188,121927207,+
chr9,122212712,122212736,+
chr9,122213113,122213142,+
chr9,122214946,122214960,+
chr9,122226693,122226709,+
chr9,122232205,122232224,+
chr9,122805332,122805348,+
chr9,122887232,122887271,+
chr9,123152143,123152185,+
chr9,123152273,123152297,+
chr9,123152423,123152442,+
chr9,123723414,123723428,+
chr9,123723429,123723443,+
chr9,123754858,123754878,+
chr9,123754923,123754937,+
chr9,123761086,123761100,+
chr9,123768425,123768439,+
chr9,123804467,123804483,+
chr9,123804686,123804746,+
chr9,123806896,123806915,+
chr9,123811615,123811629,+
chr9,123811655,123811676,+
chr9,123811806,123811830,+
chr9,123811877,123811896,+
chr9,123931643,123931657,+
chr9,124039121,124039136,+
chr9,124068113,124068166,+
chr9,124068826,124068846,+
chr9,124068863,124068882,+
chr9,124100316,124100339,+
chr9,124100452,124100467,+
chr9,124100524,124100546,+
chr9,124116151,124116206,+
chr9,124412474,124412495,+
chr9,124412889,124412905,+
chr9,124424265,124424279,+
chr9,124424477,124424503,+
chr9,3402610,3402641,-
chr9,3403228,3403264,-
chr9,3403479,3403505,-
chr9,3403685,3403699,-
chr9,4310294,4310310,-
chr9,7775866,7775889,-
chr9,7873376,7873396,-
chr9,7873472,7873487,-
chr9,11559513,11559549,-
chr9,11579051,11579066,-
chr9,11584396,11584410,-
chr9,11584536,11584551,-
chr9,11609667,11609683,-
chr9,11609697,11609750,-
chr9,13297510,13297524,-
chr9,13322322,13322346,-
chr9,13443366,13443394,-
chr9,13443426,13443450,-
chr9,13444420,13444448,-
chr9,13466085,13466109,-
chr9,13466320,13466339,-
chr9,13466637,13466656,-
chr9,13466710,13466732,-
chr9,13469112,13469132,-
chr9,13470206,13470220,-
chr9,13470595,13470634,-
chr9,13471050,13471110,-
chr9,13496917,13496966,-
chr9,14093813,14093827,-
chr9,14262450,14262466,-
chr9,14279158,14279172,-
chr9,14280667,14280682,-
chr9,14281076,14281092,-
chr9,14281162,14281176,-
chr9,14281861,14281880,-
chr9,14920718,14920734,-
chr9,15018067,15018094,-
chr9,15021961,15021980,-
chr9,15046265,15046280,-
chr9,15059761,15059788,-
chr9,15059797,15059814,-
chr9,15059973,15059988,-
chr9,15060502,15060528,-
chr9,15280083,15280134,-
chr9,15280196,15280212,-
chr9,20607719,20607738,-
chr9,20607956,20607976,-
chr9,20765639,20765655,-
chr9,20865487,20865503,-
chr9,20865708,20865756,-
chr9,20865866,20865899,-
chr9,20961593,20961633,-
chr9,21017006,21017021,-
chr9,21017108,21017181,-
chr9,21017327,21017343,-
chr9,21091556,21091576,-
chr9,21135548,21135567,-
chr9,21182119,21182138,-
chr9,21209679,21209698,-
chr9,21239475,21239514,-
chr9,21261002,21261038,-
chr9,21261131,21261145,-
chr9,21261147,21261167,-
chr9,21262110,21262156,-
chr9,21291819,21291849,-
chr9,21317306,21317330,-
chr9,21319191,21319248,-
chr9,21319391,21319424,-
chr9,21322915,21322934,-
chr9,21328260,21328290,-
chr9,21328515,21328531,-
chr9,21328565,21328585,-
chr9,21330557,21330579,-
chr9,21331443,21331459,-
chr9,21331549,21331568,-
chr9,21357490,21357509,-
chr9,21419794,21419816,-
chr9,21420250,21420281,-
chr9,21450787,21450806,-
chr9,21457181,21457197,-
chr9,21509603,21509637,-
chr9,21524875,21524898,-
chr9,21525920,21525942,-
chr9,21652499,21652523,-
chr9,21760710,21760751,-
chr9,21955294,21955319,-
chr9,22085652,22085670,-
chr9,22096273,22096287,-
chr9,22225083,22225097,-
chr9,22225358,22225384,-
chr9,22468450,22468485,-
chr9,22476061,22476080,-
chr9,22640750,22640765,-
chr9,22641404,22641419,-
chr9,22645902,22645917,-
chr9,22646167,22646182,-
chr9,22646770,22646784,-
chr9,22655018,22655050,-
chr9,22656127,22656141,-
chr9,22657291,22657312,-
chr9,22657583,22657597,-
chr9,24332194,24332213,-
chr9,24504665,24504721,-
chr9,24505273,24505324,-
chr9,25167758,25167772,-
chr9,25186557,25186571,-
chr9,25196912,25196931,-
chr9,25197183,25197199,-
chr9,31271066,31271090,-
chr9,31271698,31271738,-
chr9,31279609,31279649,-
chr9,31300555,31300589,-
chr9,31300732,31300748,-
chr9,31300922,31300946,-
chr9,31301127,31301148,-
chr9,32495987,32496012,-
chr9,32496073,32496136,-
chr9,32496233,32496248,-
chr9,32499199,32499218,-
chr9,32502788,32502802,-
chr9,32507720,32507749,-
chr9,32508979,32508993,-
chr9,32541545,32541564,-
chr9,32553469,32553483,-
chr9,32553521,32553548,-
chr9,32592160,32592184,-
chr9,32594142,32594176,-
chr9,32594991,32595040,-
chr9,32615980,32615999,-
chr9,32620335,32620349,-
chr9,32692854,32692876,-
chr9,32693006,32693026,-
chr9,32693087,32693102,-
chr9,32695303,32695317,-
chr9,32698198,32698224,-
chr9,32699241,32699260,-
chr9,32700501,32700521,-
chr9,32700545,32700580,-
chr9,32702390,32702406,-
chr9,32702761,32702775,-
chr9,32703042,32703067,-
chr9,32703082,32703101,-
chr9,32703589,32703631,-
chr9,32704162,32704187,-
chr9,32704363,32704377,-
chr9,32704767,32704787,-
chr9,32706061,32706080,-
chr9,32706438,32706456,-
chr9,32706599,32706621,-
chr9,32706683,32706699,-
chr9,32710543,32710558,-
chr9,32717715,32717735,-
chr9,32722680,32722694,-
chr9,32722788,32722802,-
chr9,32723000,32723026,-
chr9,32723462,32723511,-
chr9,32726366,32726381,-
chr9,32726489,32726505,-
chr9,32726606,32726620,-
chr9,32728635,32728651,-
chr9,32729116,32729172,-
chr9,32730332,32730347,-
chr9,32730451,32730472,-
chr9,32730907,32730927,-
chr9,32732276,32732290,-
chr9,32735253,32735267,-
chr9,32736647,32736666,-
chr9,32747064,32747083,-
chr9,32747831,32747845,-
chr9,32751637,32751660,-
chr9,32802064,32802080,-
chr9,32814817,32814831,-
chr9,32815683,32815698,-
chr9,32910739,32910765,-
chr9,32916153,32916180,-
chr9,32916732,32916746,-
chr9,32916964,32916987,-
chr9,32926349,32926363,-
chr9,32926880,32926899,-
chr9,32927044,32927073,-
chr9,32928083,32928099,-
chr9,32928417,32928431,-
chr9,32928683,32928709,-
chr9,32940821,32940841,-
chr9,32941282,32941296,-
chr9,33065900,33065922,-
chr9,33066312,33066336,-
chr9,35123856,35123875,-
chr9,35124113,35124127,-
chr9,35211661,35211680,-
chr9,36768160,36768176,-
chr9,37311246,37311260,-
chr9,37357518,37357557,-
chr9,37613615,37613656,-
chr9,40424104,40424123,-
chr9,40757975,40757991,-
chr9,40997302,40997322,-
chr9,41072871,41072885,-
chr9,41079676,41079696,-
chr9,41079841,41079864,-
chr9,41080088,41080104,-
chr9,41083347,41083361,-
chr9,41084616,41084635,-
chr9,41117494,41117508,-
chr9,41118047,41118071,-
chr9,41118519,41118535,-
chr9,41141454,41141470,-
chr9,41154349,41154408,-
chr9,41154414,41154433,-
chr9,41181555,41181583,-
chr9,41182749,41182768,-
chr9,41182790,41182809,-
chr9,41928684,41928748,-
chr9,41951244,41951258,-
chr9,42032401,42032456,-
chr9,42034118,42034154,-
chr9,42034407,42034426,-
chr9,42466775,42466789,-
chr9,42905584,42905628,-
chr9,43493264,43493328,-
chr9,44018513,44018532,-
chr9,44019785,44019800,-
chr9,44019856,44019870,-
chr9,44021457,44021473,-
chr9,44023812,44023883,-
chr9,44031664,44031683,-
chr9,44037385,44037414,-
chr9,44045230,44045261,-
chr9,44113890,44113932,-
chr9,44130244,44130263,-
chr9,44138114,44138159,-
chr9,44238543,44238562,-
chr9,44495283,44495302,-
chr9,44510054,44510073,-
chr9,44514944,44514989,-
chr9,44516210,44516240,-
chr9,44516741,44516765,-
chr9,44526603,44526633,-
chr9,44534488,44534508,-
chr9,44567676,44567693,-
chr9,44568215,44568235,-
chr9,44568268,44568286,-
chr9,44581307,44581321,-
chr9,44581534,44581553,-
chr9,44605845,44605865,-
chr9,44607628,44607643,-
chr9,44646673,44646689,-
chr9,44647091,44647107,-
chr9,44655313,44655332,-
chr9,44656208,44656297,-
chr9,44772359,44772398,-
chr9,44773012,44773043,-
chr9,44954022,44954038,-
chr9,44954296,44954315,-
chr9,44954960,44954974,-
chr9,44978882,44978919,-
chr9,44979617,44979633,-
chr9,44980536,44980564,-
chr9,44980831,44980846,-
chr9,44981510,44981526,-
chr9,44981542,44981556,-
chr9,44982396,44982412,-
chr9,44984439,44984458,-
chr9,45008104,45008152,-
chr9,45009960,45009984,-
chr9,45010129,45010144,-
chr9,45010314,45010342,-
chr9,45015705,45015726,-
chr9,45015886,45015901,-
chr9,45062797,45062816,-
chr9,45062818,45062837,-
chr9,45116821,45116841,-
chr9,45292079,45292098,-
chr9,45853990,45854009,-
chr9,45955812,45955828,-
chr9,45981469,45981488,-
chr9,46014954,46014970,-
chr9,46272559,46272586,-
chr9,48480958,48480974,-
chr9,48562581,48562600,-
chr9,48562766,48562807,-
chr9,48980230,48980270,-
chr9,48980446,48980462,-
chr9,48980602,48980627,-
chr9,48981620,48981639,-
chr9,48981647,48981661,-
chr9,48981802,48981821,-
chr9,48982443,48982463,-
chr9,48994961,48994980,-
chr9,48995017,48995041,-
chr9,50413996,50414032,-
chr9,50463015,50463061,-
chr9,50463156,50463215,-
chr9,50528909,50528928,-
chr9,50533842,50533861,-
chr9,50617596,50617618,-
chr9,51214150,51214169,-
chr9,51221819,51221837,-
chr9,52047767,52047781,-
chr9,53271715,53271740,-
chr9,53381298,53381317,-
chr9,53436523,53436539,-
chr9,53610751,53610766,-
chr9,53787052,53787066,-
chr9,53806969,53806990,-
chr9,53807017,53807037,-
chr9,54612713,54612750,-
chr9,54612824,54612839,-
chr9,54734711,54734754,-
chr9,54950528,54950542,-
chr9,56070620,56070643,-
chr9,56070650,56070702,-
chr9,56070814,56070835,-
chr9,56075824,56075850,-
chr9,56076816,56076871,-
chr9,56419001,56419034,-
chr9,56419302,56419323,-
chr9,56419739,56419758,-
chr9,56422197,56422223,-
chr9,56422274,56422293,-
chr9,56428362,56428388,-
chr9,56456078,56456121,-
chr9,56456174,56456197,-
chr9,56456232,56456254,-
chr9,56456256,56456284,-
chr9,56465301,56465317,-
chr9,56486447,56486490,-
chr9,56486514,56486533,-
chr9,56507132,56507152,-
chr9,56951081,56951098,-
chr9,57071891,57071918,-
chr9,57072123,57072139,-
chr9,57075605,57075624,-
chr9,57340000,57340015,-
chr9,57340278,57340296,-
chr9,57340730,57340760,-
chr9,57440277,57440312,-
chr9,57440345,57440365,-
chr9,57520834,57520849,-
chr9,57520950,57520965,-
chr9,57523870,57523889,-
chr9,57524637,57524659,-
chr9,57524771,57524789,-
chr9,57537342,57537356,-
chr9,57621047,57621078,-
chr9,57646163,57646193,-
chr9,57765943,57765964,-
chr9,57837198,57837214,-
chr9,57911357,57911376,-
chr9,57956609,57956628,-
chr9,58131894,58131908,-
chr9,58253791,58253807,-
chr9,58253926,58253969,-
chr9,58255264,58255280,-
chr9,58271456,58271489,-
chr9,58271495,58271522,-
chr9,58508046,58508066,-
chr9,58581169,58581201,-
chr9,59564361,59564422,-
chr9,59941576,59941595,-
chr9,60859117,60859131,-
chr9,60998132,60998147,-
chr9,61226753,61226777,-
chr9,61370879,61370896,-
chr9,61372499,61372515,-
chr9,61667786,61667805,-
chr9,61668357,61668371,-
chr9,61669215,61669229,-
chr9,61669544,61669571,-
chr9,61670455,61670479,-
chr9,61671147,61671162,-
chr9,61676945,61676964,-
chr9,61676972,61677041,-
chr9,61679483,61679502,-
chr9,61702743,61702757,-
chr9,61706521,61706541,-
chr9,61706726,61706744,-
chr9,61706756,61706771,-
chr9,61859794,61859818,-
chr9,61859910,61859934,-
chr9,61914960,61914975,-
chr9,61915293,61915312,-
chr9,61925541,61925557,-
chr9,61925597,61925616,-
chr9,61947084,61947122,-
chr9,61947133,61947165,-
chr9,61985813,61985829,-
chr9,62282939,62283023,-
chr9,62341606,62341622,-
chr9,62343835,62343875,-
chr9,62344348,62344363,-
chr9,62345066,62345085,-
chr9,63074549,63074568,-
chr9,63085749,63085800,-
chr9,63086159,63086173,-
chr9,63089651,63089667,-
chr9,63714583,63714599,-
chr9,63716464,63716478,-
chr9,63720581,63720603,-
chr9,63740196,63740210,-
chr9,63756200,63756227,-
chr9,63758568,63758602,-
chr9,63759516,63759540,-
chr9,64173000,64173014,-
chr9,64179163,64179182,-
chr9,64453406,64453420,-
chr9,64786967,64787045,-
chr9,64787237,64787290,-
chr9,64789603,64789617,-
chr9,64789840,64789904,-
chr9,64832095,64832144,-
chr9,65022060,65022084,-
chr9,65196853,65196867,-
chr9,65197059,65197083,-
chr9,65201028,65201059,-
chr9,65201960,65201975,-
chr9,65435588,65435604,-
chr9,65523985,65524052,-
chr9,65535808,65535838,-
chr9,65535840,65535855,-
chr9,65540964,65541007,-
chr9,65541292,65541312,-
chr9,65550398,65550426,-
chr9,65550987,65551001,-
chr9,65551881,65551937,-
chr9,65551957,65552012,-
chr9,65580878,65580898,-
chr9,65622914,65622943,-
chr9,65910546,65910606,-
chr9,65910752,65910771,-
chr9,66126745,66126759,-
chr9,66280439,66280459,-
chr9,66281256,66281280,-
chr9,66281941,66281965,-
chr9,66503962,66503986,-
chr9,66504107,66504122,-
chr9,66589408,66589424,-
chr9,66594100,66594120,-
chr9,66609034,66609053,-
chr9,66614999,66615029,-
chr9,66683212,66683228,-
chr9,66705443,66705463,-
chr9,66705833,66705847,-
chr9,66706283,66706307,-
chr9,66920017,66920037,-
chr9,66945556,66945570,-
chr9,66975593,66975612,-
chr9,66981554,66981573,-
chr9,69034691,69034707,-
chr9,69036567,69036586,-
chr9,69125831,69125847,-
chr9,69297965,69297981,-
chr9,69298022,69298079,-
chr9,70080268,70080287,-
chr9,70543386,70543402,-
chr9,70657576,70657619,-
chr9,70671213,70671238,-
chr9,70678348,70678372,-
chr9,71874316,71874340,-
chr9,72100212,72100231,-
chr9,72100709,72100723,-
chr9,72133855,72133874,-
chr9,72169946,72169970,-
chr9,72287953,72287980,-
chr9,72438794,72438808,-
chr9,72441702,72441735,-
chr9,72466319,72466350,-
chr9,72466360,72466395,-
chr9,72570408,72570422,-
chr9,72570492,72570555,-
chr9,72891234,72891265,-
chr9,72891278,72891310,-
chr9,73044447,73044466,-
chr9,73045821,73045840,-
chr9,73045880,73045925,-
chr9,73071045,73071061,-
chr9,73073645,73073659,-
chr9,74953666,74953702,-
chr9,74977091,74977122,-
chr9,75262170,75262194,-
chr9,77380834,77380853,-
chr9,77463545,77463559,-
chr9,77513881,77513909,-
chr9,77671087,77671110,-
chr9,77836102,77836125,-
chr9,77911337,77911353,-
chr9,77911713,77911728,-
chr9,77911895,77911918,-
chr9,77911957,77911972,-
chr9,77918362,77918376,-
chr9,77918426,77918448,-
chr9,77918778,77918792,-
chr9,77919462,77919476,-
chr9,77921759,77921779,-
chr9,77921856,77921870,-
chr9,77937715,77937737,-
chr9,77937750,77937772,-
chr9,77961469,77961493,-
chr9,77996120,77996228,-
chr9,78010372,78010402,-
chr9,78074055,78074069,-
chr9,78443471,78443507,-
chr9,79790097,79790121,-
chr9,79794891,79794907,-
chr9,79795223,79795241,-
chr9,79795280,79795303,-
chr9,79795488,79795533,-
chr9,79921212,79921286,-
chr9,80066217,80066248,-
chr9,80066557,80066571,-
chr9,80068092,80068112,-
chr9,80128425,80128483,-
chr9,80260945,80260972,-
chr9,80266429,80266453,-
chr9,80282439,80282460,-
chr9,80282663,80282677,-
chr9,80317765,80317795,-
chr9,80317872,80317896,-
chr9,80318134,80318153,-
chr9,80530763,80530779,-
chr9,80562198,80562220,-
chr9,81635830,81635908,-
chr9,82975629,82975645,-
chr9,82976269,82976283,-
chr9,83437810,83437824,-
chr9,85003453,85003467,-
chr9,85105271,85105285,-
chr9,85105415,85105430,-
chr9,85105453,85105467,-
chr9,85105571,85105596,-
chr9,85113241,85113311,-
chr9,85113312,85113362,-
chr9,85119667,85119691,-
chr9,85120756,85120771,-
chr9,85123766,85123782,-
chr9,85331047,85331143,-
chr9,86573097,86573116,-
chr9,87021699,87021726,-
chr9,87255931,87255964,-
chr9,88329624,88329643,-
chr9,88357093,88357148,-
chr9,88357158,88357178,-
chr9,88357192,88357206,-
chr9,88380447,88380462,-
chr9,89211627,89211641,-
chr9,89211766,89211780,-
chr9,89211894,89211909,-
chr9,89211974,89212001,-
chr9,89212445,89212462,-
chr9,89212877,89212891,-
chr9,89220890,89220910,-
chr9,89221032,89221054,-
chr9,89221196,89221215,-
chr9,90113807,90113831,-
chr9,90126311,90126327,-
chr9,90126426,90126445,-
chr9,90126621,90126640,-
chr9,90126696,90126732,-
chr9,90126748,90126762,-
chr9,94441330,94441352,-
chr9,94441459,94441483,-
chr9,94539135,94539154,-
chr9,94668668,94668682,-
chr9,94669083,94669099,-
chr9,94832707,94832765,-
chr9,94946004,94946018,-
chr9,94946025,94946048,-
chr9,94970520,94970581,-
chr9,95072656,95072677,-
chr9,95072765,95072784,-
chr9,95315504,95315528,-
chr9,95328356,95328375,-
chr9,95363087,95363145,-
chr9,95954816,95954835,-
chr9,96348206,96348224,-
chr9,96349617,96349631,-
chr9,96350901,96350917,-
chr9,96351437,96351452,-
chr9,96351698,96351712,-
chr9,96365046,96365061,-
chr9,96392093,96392118,-
chr9,96393582,96393597,-
chr9,96394135,96394159,-
chr9,96394324,96394359,-
chr9,96394391,96394438,-
chr9,96394444,96394460,-
chr9,96395848,96395863,-
chr9,96396179,96396194,-
chr9,96397609,96397647,-
chr9,96397795,96397815,-
chr9,96399922,96399960,-
chr9,96400136,96400195,-
chr9,96416544,96416558,-
chr9,96437250,96437269,-
chr9,96517103,96517119,-
chr9,96583655,96583675,-
chr9,96628564,96628580,-
chr9,96652812,96652849,-
chr9,96696538,96696552,-
chr9,96890099,96890125,-
chr9,96935335,96935354,-
chr9,96935413,96935438,-
chr9,96935837,96935860,-
chr9,96935988,96936002,-
chr9,98333280,98333299,-
chr9,98985671,98985687,-
chr9,99240919,99240943,-
chr9,99569207,99569221,-
chr9,100382772,100382912,-
chr9,100458590,100458610,-
chr9,100459441,100459467,-
chr9,100460434,100460453,-
chr9,100462352,100462372,-
chr9,100685859,100685885,-
chr9,100907172,100907231,-
chr9,100907244,100907281,-
chr9,101061598,101061616,-
chr9,101073254,101073268,-
chr9,101073316,101073332,-
chr9,101075172,101075191,-
chr9,101249620,101249635,-
chr9,101249830,101249845,-
chr9,101251982,101251996,-
chr9,101972370,101972404,-
chr9,103108580,103108594,-
chr9,103202260,103202286,-
chr9,103423807,103423829,-
chr9,103423966,103423982,-
chr9,103424001,103424017,-
chr9,103424168,103424182,-
chr9,103489134,103489149,-
chr9,105134042,105134065,-
chr9,105134410,105134436,-
chr9,105136564,105136578,-
chr9,106160064,106160080,-
chr9,106211207,106211223,-
chr9,106211424,106211440,-
chr9,106215803,106215817,-
chr9,106215833,106215847,-
chr9,106215854,106215870,-
chr9,106281132,106281148,-
chr9,106371552,106371571,-
chr9,106430952,106430967,-
chr9,106752102,106752118,-
chr9,106822743,106822759,-
chr9,106823036,106823059,-
chr9,106891757,106891776,-
chr9,107290043,107290057,-
chr9,107612991,107613010,-
chr9,107645864,107645916,-
chr9,107887732,107887751,-
chr9,107975616,107975635,-
chr9,107986223,107986264,-
chr9,108003494,108003514,-
chr9,108266367,108266395,-
chr9,108338824,108338838,-
chr9,108338943,108338958,-
chr9,108517486,108517515,-
chr9,108540753,108540799,-
chr9,108540973,108541018,-
chr9,108617599,108617624,-
chr9,108617626,108617645,-
chr9,108649791,108649807,-
chr9,108713858,108713930,-
chr9,108784454,108784470,-
chr9,108792806,108792825,-
chr9,108792831,108792851,-
chr9,109873644,109873723,-
chr9,109875697,109875716,-
chr9,109931114,109931146,-
chr9,110132591,110132610,-
chr9,110334136,110334155,-
chr9,110458004,110458018,-
chr9,110533308,110533342,-
chr9,110656307,110656321,-
chr9,110656937,110656978,-
chr9,110890653,110890678,-
chr9,110891395,110891415,-
chr9,110907956,110907981,-
chr9,110909069,110909086,-
chr9,110920855,110920875,-
chr9,110954547,110954563,-
chr9,110994660,110994674,-
chr9,111003494,111003514,-
chr9,111003642,111003658,-
chr9,112101007,112101022,-
chr9,112175067,112175081,-
chr9,112224971,112224987,-
chr9,112226958,112226977,-
chr9,112227126,112227142,-
chr9,113708395,113708434,-
chr9,113792812,113792826,-
chr9,113812224,113812239,-
chr9,113930286,113930342,-
chr9,113930362,113930389,-
chr9,113930518,113930547,-
chr9,114422087,114422110,-
chr9,114422119,114422133,-
chr9,114730472,114730496,-
chr9,114731632,114731646,-
chr9,114731703,114731719,-
chr9,114731805,114731819,-
chr9,114753229,114753248,-
chr9,114758258,114758278,-
chr9,114787859,114787878,-
chr9,115408577,115408597,-
chr9,115468582,115468601,-
chr9,115468697,115468751,-
chr9,115468792,115468815,-
chr9,115471330,115471344,-
chr9,115471883,115471907,-
chr9,115481564,115481588,-
chr9,115482691,115482739,-
chr9,115483471,115483492,-
chr9,115484075,115484096,-
chr9,115484122,115484136,-
chr9,115499733,115499762,-
chr9,115520395,115520411,-
chr9,115526144,115526164,-
chr9,115561618,115561635,-
chr9,115617930,115617949,-
chr9,115640838,115640853,-
chr9,116114076,116114091,-
chr9,116145241,116145257,-
chr9,116145810,116145824,-
chr9,116146001,116146054,-
chr9,116172737,116172751,-
chr9,116173377,116173411,-
chr9,116173826,116173845,-
chr9,116189423,116189442,-
chr9,116203323,116203338,-
chr9,116203458,116203492,-
chr9,116203538,116203561,-
chr9,116203719,116203735,-
chr9,116212542,116212579,-
chr9,116219180,116219195,-
chr9,116249754,116249770,-
chr9,116250249,116250269,-
chr9,116293929,116293955,-
chr9,116328563,116328578,-
chr9,116329483,116329507,-
chr9,116343741,116343769,-
chr9,116343827,116343855,-
chr9,116366689,116366711,-
chr9,116366859,116366880,-
chr9,116368523,116368537,-
chr9,116368767,116368800,-
chr9,116369785,116369805,-
chr9,116373708,116373722,-
chr9,116380255,116380271,-
chr9,116384148,116384162,-
chr9,116384672,116384686,-
chr9,117893097,117893113,-
chr9,117926983,117927010,-
chr9,117927019,117927041,-
chr9,118041149,118041163,-
chr9,118357575,118357594,-
chr9,118397118,118397133,-
chr9,118400452,118400476,-
chr9,118416746,118416775,-
chr9,118677484,118677510,-
chr9,118751246,118751263,-
chr9,118821619,118821638,-
chr9,119322725,119322741,-
chr9,119340580,119340596,-
chr9,119743867,119743891,-
chr9,119743913,119743929,-
chr9,119744529,119744545,-
chr9,119744748,119744764,-
chr9,119825978,119826054,-
chr9,120011601,120011621,-
chr9,120011747,120011771,-
chr9,120028066,120028080,-
chr9,120030605,120030624,-
chr9,120079876,120079900,-
chr9,120096124,120096151,-
chr9,120289703,120289727,-
chr9,120340154,120340173,-
chr9,120578154,120578170,-
chr9,120581714,120581792,-
chr9,120692614,120692628,-
chr9,120692709,120692725,-
chr9,120771863,120771877,-
chr9,120772226,120772241,-
chr9,120772254,120772274,-
chr9,120776773,120776795,-
chr9,120777031,120777065,-
chr9,120777103,120777129,-
chr9,121278020,121278044,-
chr9,121298378,121298392,-
chr9,121298621,121298641,-
chr9,121455698,121455717,-
chr9,121455784,121455804,-
chr9,121455888,121455907,-
chr9,121698020,121698102,-
chr9,121705718,121705734,-
chr9,121718402,121718428,-
chr9,121718720,121718780,-
chr9,121719813,121719833,-
chr9,121927239,121927254,-
chr9,122003027,122003046,-
chr9,122003077,122003092,-
chr9,122116920,122116935,-
chr9,122128615,122128629,-
chr9,122129309,122129325,-
chr9,122131151,122131180,-
chr9,122150783,122150799,-
chr9,122189193,122189207,-
chr9,122352254,122352291,-
chr9,122886622,122886641,-
chr9,123058679,123058694,-
chr9,123366928,123366942,-
chr9,123478887,123478903,-
chr9,123509711,123509727,-
chr9,123519041,123519060,-
chr9,123734089,123734104,-
chr9,123757203,123757251,-
chr9,123759464,123759480,-
chr9,123760998,123761014,-
chr9,123761265,123761282,-
chr9,123763099,123763124,-
chr9,123769771,123769801,-
chr9,123770967,123770986,-
chr9,123803386,123803401,-
chr9,123805563,123805583,-
chr9,123806551,123806570,-
chr9,123814523,123814542,-
chr9,123814700,123814714,-
chr9,123938131,123938159,-
chr9,123941648,123941670,-
chr9,123941737,123941751,-
chr9,123942037,123942071,-
chr9,124068362,124068385,-
chr9,124100648,124100667,-
chr9,124116310,124116332,-
chr9,124133115,124133138,-
chr9,124133169,124133198,-
chr9,124411898,124411912,-
chr9,124412499,124412518,-
chr9,124413119,124413148,-
chr9,124413231,124413282,-
chr9,124413419,124413433,-
chr9,124424863,124424879,-
chr9,124425459,124425474,-
chr9,124426176,124426195,-
chrX,7570835,7570849,+
chrX,7618138,7618162,+
chrX,7648956,7648978,+
chrX,7721788,7721807,+
chrX,7786675,7786735,+
chrX,7789842,7789856,+
chrX,7840840,7840874,+
chrX,7864625,7864652,+
chrX,7877987,7878015,+
chrX,8131958,8131973,+
chrX,8193419,8193435,+
chrX,10216714,10216730,+
chrX,11615398,11615430,+
chrX,11640924,11640955,+
chrX,12006582,12006601,+
chrX,12015211,12015235,+
chrX,12015367,12015382,+
chrX,12091616,12091638,+
chrX,12129160,12129179,+
chrX,12135779,12135797,+
chrX,12153455,12153493,+
chrX,12157944,12157959,+
chrX,12423627,12423643,+
chrX,12587212,12587233,+
chrX,12766867,12766881,+
chrX,12766979,12766993,+
chrX,12844622,12844638,+
chrX,13230381,13230415,+
chrX,13230505,13230538,+
chrX,13242180,13242199,+
chrX,13242604,13242623,+
chrX,13243486,13243505,+
chrX,13243948,13243978,+
chrX,13346773,13346805,+
chrX,13370631,13370653,+
chrX,13516530,13516549,+
chrX,13576925,13576944,+
chrX,13577885,13577913,+
chrX,17572082,17572097,+
chrX,18164256,18164272,+
chrX,20271994,20272013,+
chrX,20687767,20687781,+
chrX,20793276,20793342,+
chrX,20848565,20848581,+
chrX,20961503,20961519,+
chrX,35891546,35891560,+
chrX,35898674,35898690,+
chrX,36474375,36474391,+
chrX,36474474,36474493,+
chrX,36475210,36475224,+
chrX,36478604,36478618,+
chrX,36903346,36903382,+
chrX,36903805,36903821,+
chrX,36903888,36903903,+
chrX,36979667,36979682,+
chrX,36979699,36979725,+
chrX,36980595,36980619,+
chrX,36980726,36980745,+
chrX,36980962,36980981,+
chrX,36983659,36983678,+
chrX,36983768,36983782,+
chrX,37084998,37085012,+
chrX,37085421,37085437,+
chrX,38465658,38465770,+
chrX,38565244,38565263,+
chrX,41761018,41761046,+
chrX,41761060,41761145,+
chrX,41761154,41761173,+
chrX,41912087,41912110,+
chrX,42148672,42148691,+
chrX,42149369,42149475,+
chrX,42360453,42360467,+
chrX,42360550,42360585,+
chrX,42515627,42515728,+
chrX,42540797,42540821,+
chrX,46430146,46430165,+
chrX,46430201,46430278,+
chrX,48140267,48140282,+
chrX,48144040,48144056,+
chrX,48148117,48148136,+
chrX,48234919,48234939,+
chrX,48234948,48234965,+
chrX,48256172,48256189,+
chrX,48256194,48256210,+
chrX,48429096,48429144,+
chrX,48429375,48429413,+
chrX,48429418,48429455,+
chrX,50580251,50580279,+
chrX,50584268,50584282,+
chrX,50597076,50597091,+
chrX,50597108,50597130,+
chrX,50597174,50597193,+
chrX,50600664,50600688,+
chrX,50602419,50602436,+
chrX,50603322,50603341,+
chrX,50605053,50605070,+
chrX,50605926,50605946,+
chrX,50605959,50605978,+
chrX,50607643,50607657,+
chrX,50614406,50614423,+
chrX,50615279,50615303,+
chrX,50615312,50615331,+
chrX,50617040,50617055,+
chrX,50619969,50619995,+
chrX,50623394,50623408,+
chrX,50623438,50623452,+
chrX,50623514,50623529,+
chrX,50623561,50623575,+
chrX,50623755,50623771,+
chrX,50805877,50805891,+
chrX,50874779,50874801,+
chrX,51204777,51204792,+
chrX,51205493,51205507,+
chrX,53607729,53607761,+
chrX,56454610,56454626,+
chrX,57189364,57189417,+
chrX,57196697,57196713,+
chrX,57216210,57216226,+
chrX,57221922,57221938,+
chrX,57221947,57221963,+
chrX,57254088,57254103,+
chrX,57304842,57304861,+
chrX,57338764,57338778,+
chrX,58974250,58974329,+
chrX,59567695,59567719,+
chrX,59567729,59567762,+
chrX,59589450,59589469,+
chrX,71378776,71378790,+
chrX,73007929,73007950,+
chrX,73493572,73493588,+
chrX,73914769,73914795,+
chrX,73965216,73965237,+
chrX,74282489,74282505,+
chrX,74296872,74296897,+
chrX,74305140,74305156,+
chrX,75026455,75026488,+
chrX,75026566,75026582,+
chrX,75031565,75031579,+
chrX,75032243,75032262,+
chrX,75056097,75056111,+
chrX,75062018,75062040,+
chrX,75133318,75133401,+
chrX,75729608,75729627,+
chrX,75733461,75733480,+
chrX,75734687,75734706,+
chrX,75738475,75738494,+
chrX,75739443,75739462,+
chrX,75740411,75740430,+
chrX,75744262,75744281,+
chrX,75745258,75745277,+
chrX,75749115,75749134,+
chrX,75750111,75750130,+
chrX,75753851,75753867,+
chrX,75753961,75753980,+
chrX,75757843,75757862,+
chrX,75758834,75758853,+
chrX,77433992,77434006,+
chrX,77508197,77508213,+
chrX,77508322,77508338,+
chrX,77759177,77759239,+
chrX,77759252,77759282,+
chrX,77812799,77812834,+
chrX,77950062,77950077,+
chrX,77950084,77950168,+
chrX,78584106,78584120,+
chrX,85573291,85573315,+
chrX,94177609,94177628,+
chrX,94178299,94178313,+
chrX,94178325,94178341,+
chrX,95440884,95440972,+
chrX,95957172,95957211,+
chrX,96025705,96025719,+
chrX,96026267,96026281,+
chrX,98149378,98149425,+
chrX,98150301,98150352,+
chrX,98260049,98260081,+
chrX,99470871,99470885,+
chrX,99471003,99471017,+
chrX,100494417,100494433,+
chrX,101128521,101128540,+
chrX,101128771,101128785,+
chrX,101163609,101163623,+
chrX,101163669,101163685,+
chrX,101163833,101163857,+
chrX,101222910,101222925,+
chrX,101254217,101254236,+
chrX,101268152,101268167,+
chrX,101273475,101273493,+
chrX,101332295,101332309,+
chrX,101420104,101420135,+
chrX,101639794,101639809,+
chrX,101785724,101785816,+
chrX,101917895,101917917,+
chrX,101954441,101954455,+
chrX,102032190,102032210,+
chrX,102060844,102060863,+
chrX,102504508,102504523,+
chrX,102505467,102505491,+
chrX,103483036,103483050,+
chrX,103483058,103483077,+
chrX,103483204,103483220,+
chrX,103483343,103483364,+
chrX,103484149,103484164,+
chrX,103484174,103484214,+
chrX,103509071,103509161,+
chrX,103616193,103616227,+
chrX,103616407,103616423,+
chrX,103616531,103616550,+
chrX,103616645,103616672,+
chrX,103622915,103622930,+
chrX,103683652,103683674,+
chrX,103683675,103683739,+
chrX,103981740,103981754,+
chrX,104414098,104414112,+
chrX,105070060,105070076,+
chrX,105926634,105926661,+
chrX,105929307,105929321,+
chrX,107089195,107089217,+
chrX,107150734,107150753,+
chrX,107217772,107217791,+
chrX,107218098,107218120,+
chrX,107234662,107234676,+
chrX,107326048,107326082,+
chrX,107326341,107326365,+
chrX,109012295,109012311,+
chrX,109012790,109012841,+
chrX,109013038,109013062,+
chrX,109013143,109013165,+
chrX,113803840,113803869,+
chrX,113867494,113867510,+
chrX,113867969,113867983,+
chrX,113868202,113868230,+
chrX,113868417,113868433,+
chrX,113992918,113992937,+
chrX,114474281,114474300,+
chrX,114474354,114474373,+
chrX,123037203,123037230,+
chrX,129332479,129332558,+
chrX,130548563,130548580,+
chrX,130549307,130549337,+
chrX,130565026,130565058,+
chrX,130572218,130572279,+
chrX,130572291,130572310,+
chrX,134158433,134158447,+
chrX,134158577,134158593,+
chrX,134162773,134162802,+
chrX,134163456,134163482,+
chrX,134307847,134307866,+
chrX,134601065,134601081,+
chrX,134601644,134601677,+
chrX,134643483,134643532,+
chrX,135738852,135738892,+
chrX,136741883,136741902,+
chrX,136926334,136926357,+
chrX,136926400,136926422,+
chrX,137037985,137038015,+
chrX,139684750,139684776,+
chrX,139998412,139998446,+
chrX,140505930,140505945,+
chrX,140506616,140506636,+
chrX,140520353,140520369,+
chrX,140520610,140520624,+
chrX,140527920,140527939,+
chrX,140539770,140539850,+
chrX,142228110,142228124,+
chrX,142380290,142380325,+
chrX,142398748,142398764,+
chrX,142470551,142470576,+
chrX,142967014,142967047,+
chrX,144277160,144277197,+
chrX,144525969,144526018,+
chrX,150458727,150458741,+
chrX,150458798,150458839,+
chrX,150477796,150477811,+
chrX,151980554,151980615,+
chrX,152232396,152232413,+
chrX,152232636,152232658,+
chrX,152336535,152336551,+
chrX,157597993,157598007,+
chrX,159055729,159055766,+
chrX,159080791,159080810,+
chrX,159199939,159199953,+
chrX,159200024,159200039,+
chrX,159200431,159200445,+
chrX,159210901,159210920,+
chrX,159253727,159253746,+
chrX,159254786,159254801,+
chrX,159676433,159676483,+
chrX,159677336,159677352,+
chrX,159677886,159677905,+
chrX,159697560,159697574,+
chrX,159703286,159703300,+
chrX,159703451,159703471,+
chrX,159708488,159708521,+
chrX,159757596,159757610,+
chrX,159758670,159758684,+
chrX,159758795,159758819,+
chrX,159767328,159767347,+
chrX,159767428,159767453,+
chrX,159769138,159769163,+
chrX,159828200,159828219,+
chrX,159858325,159858345,+
chrX,160136520,160136576,+
chrX,160502301,160502321,+
chrX,162868184,162868206,+
chrX,162868233,162868252,+
chrX,162868256,162868270,+
chrX,164246052,164246071,+
chrX,164419190,164419212,+
chrX,164450042,164450101,+
chrX,166170187,166170206,+
chrX,166170209,166170233,+
chrX,166170296,166170312,+
chrX,166510911,166510940,+
chrX,166660993,166661007,+
chrX,166661218,166661242,+
chrX,167036823,167036847,+
chrX,167069210,167069230,+
chrX,167088851,167088867,+
chrX,167102181,167102196,+
chrX,167107800,167107816,+
chrX,167108723,167108745,+
chrX,167139057,167139088,+
chrX,167139917,167139957,+
chrX,167146307,167146352,+
chrX,167152525,167152541,+
chrX,167180365,167180387,+
chrX,167180749,167180775,+
chrX,167182500,167182514,+
chrX,167196014,167196036,+
chrX,167207434,167207448,+
chrX,167207538,167207563,+
chrX,167208865,167208879,+
chrX,167212819,167212841,+
chrX,168639825,168639841,+
chrX,168639891,168639910,+
chrX,168672435,168672451,+
chrX,169880825,169880839,+
chrX,7319555,7319580,-
chrX,7571129,7571148,-
chrX,7618521,7618549,-
chrX,7841068,7841098,-
chrX,7841813,7841832,-
chrX,7864819,7864853,-
chrX,7866316,7866335,-
chrX,8096182,8096200,-
chrX,8097271,8097301,-
chrX,10719061,10719083,-
chrX,11584271,11584303,-
chrX,11615302,11615374,-
chrX,11752411,11752479,-
chrX,11753269,11753285,-
chrX,12015327,12015341,-
chrX,12093365,12093407,-
chrX,12093497,12093516,-
chrX,12093605,12093621,-
chrX,12153373,12153387,-
chrX,12157413,12157428,-
chrX,12161060,12161093,-
chrX,12587173,12587187,-
chrX,12762439,12762471,-
chrX,12767011,12767078,-
chrX,13070444,13070458,-
chrX,13070501,13070516,-
chrX,13071604,13071649,-
chrX,13072551,13072567,-
chrX,13230120,13230146,-
chrX,13242291,13242305,-
chrX,13243015,13243031,-
chrX,13243814,13243828,-
chrX,13346688,13346704,-
chrX,13458803,13458829,-
chrX,13459006,13459021,-
chrX,13459039,13459084,-
chrX,13459151,13459165,-
chrX,17364274,17364310,-
chrX,17364518,17364537,-
chrX,17364945,17364967,-
chrX,17365183,17365198,-
chrX,17572491,17572553,-
chrX,18161721,18161737,-
chrX,18164001,18164017,-
chrX,18164121,18164137,-
chrX,18164145,18164160,-
chrX,18178134,18178180,-
chrX,19168884,19168899,-
chrX,20704746,20704783,-
chrX,23810554,23810578,-
chrX,35889168,35889187,-
chrX,35891230,35891244,-
chrX,35891407,35891427,-
chrX,35891589,35891639,-
chrX,35891918,35891947,-
chrX,35892041,35892056,-
chrX,35897808,35897822,-
chrX,35897882,35897924,-
chrX,36456292,36456306,-
chrX,36474662,36474696,-
chrX,36475404,36475420,-
chrX,36478710,36478734,-
chrX,36761206,36761220,-
chrX,36795293,36795357,-
chrX,36808215,36808231,-
chrX,36864390,36864414,-
chrX,36979848,36979894,-
chrX,36981227,36981259,-
chrX,36981933,36981947,-
chrX,36983637,36983651,-
chrX,37126846,37126888,-
chrX,37141930,37141983,-
chrX,37142059,37142073,-
chrX,38601130,38601146,-
chrX,41400915,41400948,-
chrX,41400951,41401003,-
chrX,41414892,41414982,-
chrX,42068206,42068220,-
chrX,42150992,42151012,-
chrX,42152070,42152094,-
chrX,42152351,42152367,-
chrX,42360732,42360755,-
chrX,42502188,42502202,-
chrX,42504956,42504976,-
chrX,42505349,42505390,-
chrX,42511436,42511450,-
chrX,42511457,42511476,-
chrX,47921200,47921267,-
chrX,48138869,48138884,-
chrX,48140156,48140172,-
chrX,48141613,48141627,-
chrX,48256559,48256596,-
chrX,48284602,48284621,-
chrX,50565447,50565469,-
chrX,50603227,50603246,-
chrX,50612565,50612579,-
chrX,50836718,50836779,-
chrX,50842127,50842143,-
chrX,50874056,50874076,-
chrX,52757409,52757425,-
chrX,52757612,52757649,-
chrX,52758039,52758076,-
chrX,52758078,52758151,-
chrX,52760201,52760221,-
chrX,52930235,52930257,-
chrX,52930384,52930398,-
chrX,53670582,53670606,-
chrX,53670730,53670744,-
chrX,56455800,56455814,-
chrX,56598326,56598340,-
chrX,57187278,57187322,-
chrX,57187419,57187438,-
chrX,57222425,57222444,-
chrX,57337379,57337399,-
chrX,57338277,57338292,-
chrX,59606644,59606672,-
chrX,59606700,59606720,-
chrX,68678065,68678079,-
chrX,68678113,68678128,-
chrX,71378743,71378766,-
chrX,73007931,73007946,-
chrX,73342390,73342420,-
chrX,73493620,73493706,-
chrX,73493839,73493854,-
chrX,73493862,73493882,-
chrX,73909540,73909556,-
chrX,73912062,73912103,-
chrX,74245684,74245699,-
chrX,75026544,75026566,-
chrX,75032330,75032345,-
chrX,75035442,75035475,-
chrX,75730167,75730183,-
chrX,75730244,75730260,-
chrX,75734013,75734029,-
chrX,75735246,75735262,-
chrX,75735321,75735337,-
chrX,75740971,75740987,-
chrX,75741040,75741056,-
chrX,75744818,75744834,-
chrX,75745818,75745834,-
chrX,75745901,75745917,-
chrX,75749671,75749687,-
chrX,75750670,75750686,-
chrX,75750749,75750765,-
chrX,75754517,75754533,-
chrX,75758395,75758411,-
chrX,75759391,75759407,-
chrX,77580036,77580065,-
chrX,77796875,77796915,-
chrX,77801553,77801572,-
chrX,78584627,78584641,-
chrX,85839075,85839097,-
chrX,85839772,85839865,-
chrX,85868309,85868335,-
chrX,89300490,89300509,-
chrX,89307271,89307290,-
chrX,91817207,91817226,-
chrX,91823989,91824008,-
chrX,94168341,94168387,-
chrX,94168414,94168460,-
chrX,94168487,94168521,-
chrX,94168548,94168586,-
chrX,94168613,94168655,-
chrX,94168682,94168716,-
chrX,94168743,94168793,-
chrX,94168820,94168858,-
chrX,94168885,94168927,-
chrX,94168954,94169000,-
chrX,94169027,94169065,-
chrX,94169092,94169134,-
chrX,94169161,94169195,-
chrX,94169222,94169252,-
chrX,94169279,94169325,-
chrX,94178408,94178437,-
chrX,94213056,94213092,-
chrX,95957286,95957309,-
chrX,96025573,96025589,-
chrX,96026061,96026080,-
chrX,96130795,96130819,-
chrX,98265948,98265970,-
chrX,98266254,98266278,-
chrX,98291998,98292014,-
chrX,98618956,98618972,-
chrX,99135734,99135750,-
chrX,99470971,99471008,-
chrX,100571709,100571742,-
chrX,100571743,100571787,-
chrX,101128697,101128716,-
chrX,101163651,101163665,-
chrX,101273302,101273348,-
chrX,101333507,101333526,-
chrX,101639627,101639643,-
chrX,101640056,101640075,-
chrX,102037143,102037162,-
chrX,102157223,102157239,-
chrX,102160410,102160430,-
chrX,103483085,103483104,-
chrX,103492910,103492926,-
chrX,103493939,103493971,-
chrX,103494224,103494243,-
chrX,103509248,103509262,-
chrX,103529205,103529219,-
chrX,103616628,103616642,-
chrX,103623292,103623315,-
chrX,105070564,105070580,-
chrX,105070583,105070599,-
chrX,105079529,105079548,-
chrX,106012092,106012123,-
chrX,106027001,106027020,-
chrX,106962580,106962602,-
chrX,107088609,107088625,-
chrX,107088979,107088998,-
chrX,107234926,107234949,-
chrX,108834768,108834788,-
chrX,109114217,109114239,-
chrX,109516505,109516590,-
chrX,109533435,109533550,-
chrX,113867093,113867107,-
chrX,113867526,113867544,-
chrX,113867627,113867641,-
chrX,113919320,113919335,-
chrX,113919364,113919380,-
chrX,113919396,113919410,-
chrX,113919491,113919577,-
chrX,113919818,113919854,-
chrX,114474148,114474164,-
chrX,123036268,123036344,-
chrX,123036378,123036397,-
chrX,123036403,123036417,-
chrX,123036423,123036455,-
chrX,123036828,123036911,-
chrX,123036945,123036964,-
chrX,123036970,123036984,-
chrX,123036990,123037022,-
chrX,123102872,123102886,-
chrX,123264005,123264037,-
chrX,123264069,123264091,-
chrX,123264123,123264145,-
chrX,123264878,123264908,-
chrX,123264911,123264971,-
chrX,130302265,130302317,-
chrX,130548811,130548852,-
chrX,130548895,130548921,-
chrX,130549395,130549411,-
chrX,130564861,130564880,-
chrX,130565210,130565226,-
chrX,134158161,134158177,-
chrX,134163427,134163441,-
chrX,135601781,135601808,-
chrX,135601896,135601923,-
chrX,135602036,135602062,-
chrX,135742283,135742297,-
chrX,136742354,136742394,-
chrX,136977242,136977325,-
chrX,136986536,136986550,-
chrX,140446027,140446051,-
chrX,140506327,140506341,-
chrX,140528007,140528053,-
chrX,140531689,140531711,-
chrX,140537422,140537463,-
chrX,142227974,142227988,-
chrX,142228021,142228041,-
chrX,142228060,142228084,-
chrX,142464236,142464260,-
chrX,142469082,142469096,-
chrX,142469487,142469502,-
chrX,142469696,142469715,-
chrX,142550563,142550636,-
chrX,151017343,151017358,-
chrX,151017483,151017499,-
chrX,151520089,151520124,-
chrX,151520408,151520430,-
chrX,151801502,151801516,-
chrX,151802783,151802799,-
chrX,152232422,152232436,-
chrX,152234276,152234302,-
chrX,152251194,152251260,-
chrX,152251267,152251283,-
chrX,152251289,152251304,-
chrX,153375380,153375414,-
chrX,153498000,153498016,-
chrX,153892075,153892103,-
chrX,155216169,155216188,-
chrX,155216838,155216866,-
chrX,157487045,157487086,-
chrX,157598760,157598792,-
chrX,159253773,159253830,-
chrX,159254476,159254492,-
chrX,159627319,159627386,-
chrX,159680468,159680484,-
chrX,159693365,159693390,-
chrX,159708448,159708462,-
chrX,159708784,159708809,-
chrX,159708892,159708908,-
chrX,159757534,159757548,-
chrX,159758306,159758322,-
chrX,159767170,159767184,-
chrX,159767249,159767305,-
chrX,159809461,159809501,-
chrX,159809916,159809935,-
chrX,159829310,159829329,-
chrX,159829530,159829550,-
chrX,160766243,160766263,-
chrX,162829810,162829836,-
chrX,162902620,162902639,-
chrX,162902695,162902709,-
chrX,164406542,164406556,-
chrX,164406785,164406802,-
chrX,164407469,164407483,-
chrX,164407589,164407616,-
chrX,164419280,164419321,-
chrX,164449807,164449823,-
chrX,164980755,164980785,-
chrX,166661074,166661098,-
chrX,166661168,166661182,-
chrX,167088822,167088836,-
chrX,167103410,167103437,-
chrX,167103469,167103483,-
chrX,167106398,167106416,-
chrX,167109025,167109054,-
chrX,167139325,167139339,-
chrX,167147532,167147551,-
chrX,167198495,167198575,-
chrX,167201439,167201453,-
chrX,167206197,167206216,-
chrX,167207964,167207978,-
chrX,167226229,167226245,-
chrX,167226567,167226581,-
chrX,167227121,167227155,-
chrX,167231160,167231179,-
chrX,167382668,167382683,-
chrX,167405035,167405051,-
chrX,168553080,168553180,-
chrX,168553222,168553285,-
chrX,169880514,169880533,-
