chr,start,end,group
chr1,6441929,6442129,3
chr1,6441935,6442135,13
chr1,6441930,6442130,14
chr1,6441938,6442138,33
chr1,7088273,7088473,11
chr1,7396906,7397106,1
chr1,7397036,7397236,1
chr1,7396896,7397096,2
chr1,7396890,7397090,11
chr1,7397213,7397413,11
chr1,7396907,7397107,12
chr1,7397037,7397237,12
chr1,9846927,9847127,2
chr1,9846932,9847132,3
chr1,9846938,9847138,13
chr1,9846933,9847133,14
chr1,9846941,9847141,33
chr1,13288722,13288922,67
chr1,13288721,13288921,89
chr1,13295364,13295564,2
chr1,13295390,13295590,11
chr1,13312343,13312543,33
chr1,13394948,13395148,13
chr1,13394977,13395177,22
chr1,13394951,13395151,33
chr1,13394969,13395169,33
chr1,13394942,13395142,63
chr1,16217656,16217856,13
chr1,16217679,16217879,24
chr1,16217659,16217859,33
chr1,20943213,20943413,33
chr1,20969297,20969497,71
chr1,21029499,21029699,13
chr1,21140400,21140600,2
chr1,21140014,21140214,33
chr1,21140032,21140232,33
chr1,21140050,21140250,33
chr1,21479977,21480177,13
chr1,21479980,21480180,33
chr1,21479998,21480198,33
chr1,24678160,24678360,2
chr1,33578787,33578987,3
chr1,33578788,33578988,14
chr1,33813417,33813617,16
chr1,33883560,33883760,1
chr1,33883561,33883761,12
chr1,34434138,34434338,2
chr1,35709587,35709787,53
chr1,36256272,36256472,11
chr1,36256260,36256460,31
chr1,36256263,36256463,33
chr1,36260214,36260414,33
chr1,36470603,36470803,1
chr1,36470621,36470821,1
chr1,36470604,36470804,12
chr1,36470622,36470822,12
chr1,37478339,37478539,3
chr1,37478340,37478540,14
chr1,38130270,38130470,2
chr1,38149812,38150012,1
chr1,38149843,38150043,11
chr1,38149813,38150013,12
chr1,39090221,39090421,41
chr1,39101833,39102033,21
chr1,39101834,39102034,32
chr1,39577616,39577816,3
chr1,39577613,39577813,11
chr1,39577617,39577817,14
chr1,39902376,39902576,1
chr1,39902377,39902577,12
chr1,40081816,40082016,33
chr1,40081834,40082034,33
chr1,40383243,40383443,6
chr1,40475980,40476180,93
chr1,40751472,40751672,2
chr1,40751483,40751683,11
chr1,40751554,40751754,13
chr1,40751542,40751742,21
chr1,40751545,40751745,23
chr1,40751543,40751743,32
chr1,40751557,40751757,33
chr1,40751546,40751746,34
chr1,43538867,43539067,36
chr1,43826812,43827012,11
chr1,46893959,46894159,2
chr1,51104802,51105002,62
chr1,51104801,51105001,71
chr1,51104801,51105001,81
chr1,51104802,51105002,92
chr1,51578365,51578565,23
chr1,51578366,51578566,34
chr1,51584475,51584675,31
chr1,51584469,51584669,33
chr1,52009264,52009464,13
chr1,52577956,52578156,1
chr1,52577957,52578157,12
chr1,52653950,52654150,1
chr1,52653951,52654151,12
chr1,53168023,53168223,13
chr1,53168026,53168226,33
chr1,53168044,53168244,33
chr1,53774003,53774203,11
chr1,53774157,53774357,18
chr1,53774157,53774357,19
chr1,53774145,53774345,31
chr1,53875848,53876048,2
chr1,53875858,53876058,3
chr1,53875864,53876064,13
chr1,53875859,53876059,14
chr1,53875891,53876091,33
chr1,53906315,53906515,68
chr1,53946079,53946279,62
chr1,53946078,53946278,81
chr1,54422136,54422336,11
chr1,54491927,54492127,61
chr1,54859071,54859271,18
chr1,54859041,54859241,38
chr1,55028771,55028971,1
chr1,55028772,55028972,12
chr1,55051961,55052161,19
chr1,55423861,55424061,2
chr1,55423889,55424089,2
chr1,55423896,55424096,11
chr1,55423757,55423957,13
chr1,55423789,55423989,21
chr1,55423790,55423990,32
chr1,55423760,55423960,33
chr1,55423778,55423978,33
chr1,55446825,55447025,2
chr1,55446845,55447045,2
chr1,58714727,58714927,13
chr1,58714730,58714930,33
chr1,58714748,58714948,33
chr1,58714719,58714919,74
chr1,58965337,58965537,33
chr1,59602955,59603155,92
chr1,60016330,60016530,2
chr1,60073872,60074072,11
chr1,60495787,60495987,13
chr1,60495790,60495990,33
chr1,60652515,60652715,11
chr1,60664119,60664319,33
chr1,60664137,60664337,33
chr1,60745884,60746084,82
chr1,60747593,60747793,76
chr1,60758567,60758767,31
chr1,60911538,60911738,33
chr1,62873063,62873263,56
chr1,62875463,62875663,11
chr1,64088065,64088265,72
chr1,64088065,64088265,82
chr1,64120655,64120855,13
chr1,64120897,64121097,40
chr1,64123897,64124097,3
chr1,64123912,64124112,4
chr1,64123898,64124098,14
chr1,64123908,64124108,23
chr1,64123920,64124120,33
chr1,64123909,64124109,34
chr1,65010366,65010566,1
chr1,65010355,65010555,11
chr1,65010367,65010567,12
chr1,65010378,65010578,13
chr1,65010381,65010581,33
chr1,65010399,65010599,33
chr1,65186057,65186257,21
chr1,65186060,65186260,23
chr1,65186058,65186258,32
chr1,65186049,65186249,33
chr1,65186061,65186261,34
chr1,66024753,66024953,22
chr1,66678897,66679097,18
chr1,66678897,66679097,19
chr1,66838479,66838679,2
chr1,66838474,66838674,11
chr1,66863921,66864121,31
chr1,69681241,69681441,2
chr1,69686529,69686729,1
chr1,69686530,69686730,12
chr1,69785101,69785301,1
chr1,69785075,69785275,11
chr1,69785102,69785302,12
chr1,72243534,72243734,21
chr1,72243535,72243735,32
chr1,79751729,79751929,3
chr1,79751722,79751922,11
chr1,79751730,79751930,14
chr1,79752248,79752448,74
chr1,79761798,79761998,11
chr1,79761804,79762004,13
chr1,79761812,79762012,22
chr1,80361297,80361497,24
chr1,80858713,80858913,13
chr1,80858716,80858916,33
chr1,80858734,80858934,33
chr1,80858707,80858907,73
chr1,82282996,82283196,1
chr1,82282997,82283197,12
chr1,82974026,82974226,18
chr1,82975589,82975789,77
chr1,82975589,82975789,87
chr1,84305623,84305823,13
chr1,84305626,84305826,33
chr1,84780695,84780895,11
chr1,85680602,85680802,98
chr1,85730730,85730930,6
chr1,85730730,85730930,9
chr1,85730731,85730931,17
chr1,85730731,85730931,20
chr1,86526415,86526615,24
chr1,87829334,87829534,7
chr1,87847432,87847632,2
chr1,87847456,87847656,2
chr1,87847445,87847645,21
chr1,87847446,87847646,32
chr1,88553597,88553797,77
chr1,88553597,88553797,87
chr1,88581938,88582138,69
chr1,88581949,88582149,90
chr1,88626401,88626601,91
chr1,88644106,88644306,2
chr1,88647682,88647882,33
chr1,88647703,88647903,33
chr1,88705268,88705468,88
chr1,88709046,88709246,31
chr1,88720988,88721188,68
chr1,88720988,88721188,69
chr1,90602803,90603003,87
chr1,91181779,91181979,9
chr1,91181780,91181980,17
chr1,91183719,91183919,11
chr1,91183739,91183939,11
chr1,92069499,92069699,72
chr1,92079638,92079838,18
chr1,92179455,92179655,62
chr1,92179454,92179654,81
chr1,94034723,94034923,3
chr1,94034720,94034920,11
chr1,94034724,94034924,14
chr1,95664891,95665091,1
chr1,95664892,95665092,12
chr1,95666549,95666749,22
chr1,106494576,106494776,3
chr1,106494577,106494777,14
chr1,106494587,106494787,22
chr1,106494582,106494782,63
chr1,106612508,106612708,4
chr1,118311504,118311704,39
chr1,119082780,119082980,33
chr1,119082798,119082998,33
chr1,119178457,119178657,33
chr1,119178478,119178678,33
chr1,119178499,119178699,33
chr1,119178553,119178753,33
chr1,119178571,119178771,33
chr1,119178595,119178795,33
chr1,119178616,119178816,33
chr1,119178664,119178864,33
chr1,119178685,119178885,33
chr1,119178706,119178906,33
chr1,119178760,119178960,33
chr1,119178778,119178978,33
chr1,119178868,119179068,33
chr1,119178886,119179086,33
chr1,119178916,119179116,33
chr1,119178937,119179137,33
chr1,119476749,119476949,11
chr1,119912842,119913042,11
chr1,121567882,121568082,91
chr1,125467394,125467594,11
chr1,125467412,125467612,11
chr1,127212472,127212672,2
chr1,127297159,127297359,9
chr1,127297160,127297360,17
chr1,127297160,127297360,20
chr1,127321928,127322128,10
chr1,127850009,127850209,33
chr1,127954243,127954443,11
chr1,128604009,128604209,62
chr1,128604008,128604208,71
chr1,128604008,128604208,81
chr1,128950332,128950532,24
chr1,128950346,128950546,31
chr1,129615964,129616164,1
chr1,129615976,129616176,11
chr1,129615965,129616165,12
chr1,131074250,131074450,21
chr1,131074251,131074451,32
chr1,131080588,131080788,9
chr1,131080589,131080789,17
chr1,131195354,131195554,64
chr1,131195353,131195553,83
chr1,131290164,131290364,33
chr1,131290182,131290382,33
chr1,131492612,131492812,1
chr1,131492613,131492813,12
chr1,131639197,131639397,2
chr1,133545184,133545384,2
chr1,133661761,133661961,1
chr1,133661767,133661967,11
chr1,133661762,133661962,12
chr1,133711213,133711413,2
chr1,134708019,134708219,4
chr1,134708027,134708227,13
chr1,134708030,134708230,33
chr1,134708048,134708248,33
chr1,135712824,135713024,22
chr1,135712828,135713028,31
chr1,135712795,135712995,33
chr1,135712813,135713013,33
chr1,136618479,136618679,11
chr1,138125381,138125581,29
chr1,138125382,138125582,37
chr1,138131933,138132133,21
chr1,138131934,138132134,32
chr1,138136069,138136269,1
chr1,138136070,138136270,12
chr1,138187895,138188095,22
chr1,138188433,138188633,84
chr1,138298449,138298649,1
chr1,138298450,138298650,12
chr1,139033146,139033346,13
chr1,144003631,144003831,98
chr1,144003631,144003831,99
chr1,144006943,144007143,2
chr1,144249193,144249393,87
chr1,144516652,144516852,23
chr1,144516664,144516864,33
chr1,144516682,144516882,33
chr1,144516653,144516853,34
chr1,151074780,151074980,18
chr1,151873457,151873657,13
chr1,151873460,151873660,33
chr1,151873478,151873678,33
chr1,151960495,151960695,18
chr1,152037393,152037593,24
chr1,152254109,152254309,56
chr1,152254109,152254309,59
chr1,152263067,152263267,21
chr1,152263068,152263268,32
chr1,152263032,152263232,33
chr1,152263050,152263250,33
chr1,152287641,152287841,4
chr1,153497826,153498026,2
chr1,153497815,153498015,11
chr1,153497750,153497950,31
chr1,153497735,153497935,33
chr1,153497753,153497953,33
chr1,153630743,153630943,11
chr1,153630755,153630955,13
chr1,153630793,153630993,21
chr1,153630794,153630994,32
chr1,153630758,153630958,33
chr1,153630776,153630976,33
chr1,153786890,153787090,2
chr1,153786900,153787100,3
chr1,153786901,153787101,14
chr1,153786927,153787127,33
chr1,153786945,153787145,33
chr1,154300681,154300881,33
chr1,154300699,154300899,33
chr1,154300717,154300917,33
chr1,155173445,155173645,56
chr1,155173560,155173760,56
chr1,155173445,155173645,59
chr1,155173560,155173760,59
chr1,155417745,155417945,58
chr1,155470601,155470801,13
chr1,155470604,155470804,33
chr1,156280501,156280701,4
chr1,156407618,156407818,1
chr1,156407619,156407819,12
chr1,156569523,156569723,2
chr1,156740661,156740861,13
chr1,156740664,156740864,33
chr1,156740682,156740882,33
chr1,156938511,156938711,1
chr1,156938545,156938745,4
chr1,156938512,156938712,12
chr1,156986572,156986772,1
chr1,156986579,156986779,3
chr1,156986573,156986773,12
chr1,156986588,156986788,13
chr1,156986580,156986780,14
chr1,157098947,157099147,33
chr1,157098965,157099165,33
chr1,160042594,160042794,26
chr1,160042595,160042795,40
chr1,160045031,160045231,2
chr1,160046926,160047126,31
chr1,160247211,160247411,1
chr1,160247229,160247429,3
chr1,160247233,160247433,4
chr1,160247545,160247745,4
chr1,160247212,160247412,12
chr1,160247238,160247438,13
chr1,160247230,160247430,14
chr1,160247241,160247441,33
chr1,160299824,160300024,71
chr1,160306190,160306390,1
chr1,160306296,160306496,1
chr1,160306514,160306714,3
chr1,160306191,160306391,12
chr1,160306297,160306497,12
chr1,160306308,160306508,13
chr1,160306515,160306715,14
chr1,160306311,160306511,33
chr1,160919702,160919902,1
chr1,160919752,160919952,3
chr1,160919703,160919903,12
chr1,160919714,160919914,13
chr1,160919753,160919953,14
chr1,160919741,160919941,31
chr1,160919764,160919964,31
chr1,160919717,160919917,33
chr1,160919735,160919935,33
chr1,161310023,161310223,23
chr1,161309997,161310197,33
chr1,161310024,161310224,34
chr1,161661675,161661875,2
chr1,161661680,161661880,11
chr1,161661668,161661868,21
chr1,161661665,161661865,22
chr1,161661669,161661869,32
chr1,161661654,161661854,33
chr1,161661637,161661837,72
chr1,161661637,161661837,82
chr1,161670594,161670794,11
chr1,161704636,161704836,1
chr1,161704637,161704837,12
chr1,161907961,161908161,36
chr1,161907961,161908161,39
chr1,162126449,162126649,13
chr1,162665140,162665340,3
chr1,162665141,162665341,14
chr1,162751893,162752093,11
chr1,164076409,164076609,13
chr1,164087024,164087224,21
chr1,164087061,164087261,22
chr1,164087027,164087227,23
chr1,164087025,164087225,32
chr1,164087016,164087216,33
chr1,164087028,164087228,34
chr1,164815289,164815489,31
chr1,164881806,164882006,4
chr1,165377775,165377975,3
chr1,165377779,165377979,4
chr1,165377784,165377984,13
chr1,165377776,165377976,14
chr1,165377789,165377989,21
chr1,165377790,165377990,32
chr1,165460500,165460700,54
chr1,165460500,165460700,84
chr1,165675929,165676129,13
chr1,165675932,165676132,33
chr1,165701794,165701994,22
chr1,165747252,165747452,3
chr1,165747292,165747492,3
chr1,165747286,165747486,11
chr1,165747298,165747498,13
chr1,165747253,165747453,14
chr1,165747293,165747493,14
chr1,165747319,165747519,31
chr1,165747301,165747501,33
chr1,165810674,165810874,62
chr1,165810673,165810873,71
chr1,165810673,165810873,81
chr1,165847887,165848087,62
chr1,165847886,165848086,81
chr1,166043917,166044117,22
chr1,166400827,166401027,11
chr1,166400753,166400953,33
chr1,166400771,166400971,33
chr1,167245460,167245660,7
chr1,167286263,167286463,13
chr1,167286296,167286496,31
chr1,167286272,167286472,33
chr1,171844739,171844939,2
chr1,171919047,171919247,67
chr1,171919046,171919246,76
chr1,171919046,171919246,79
chr1,171919046,171919246,86
chr1,171919046,171919246,89
chr1,172126524,172126724,11
chr1,172147669,172147869,11
chr1,172525486,172525686,11
chr1,173425268,173425468,13
chr1,173425297,173425497,21
chr1,173425298,173425498,32
chr1,173425271,173425471,33
chr1,173425289,173425489,33
chr1,173641472,173641672,33
chr1,173641490,173641690,33
chr1,173672982,173673182,1
chr1,173672983,173673183,12
chr1,176949701,176949901,15
chr1,177257135,177257335,55
chr1,177257135,177257335,85
chr1,177795665,177795865,1
chr1,177795666,177795866,12
chr1,180335654,180335854,62
chr1,180335653,180335853,81
chr1,180812018,180812218,11
chr1,180916064,180916264,16
chr1,180916064,180916264,19
chr1,180942998,180943198,4
chr1,181144476,181144676,52
chr1,181256571,181256771,2
chr1,181861158,181861358,1
chr1,181861169,181861369,2
chr1,181861321,181861521,4
chr1,181861159,181861359,12
chr1,183179854,183180054,2
chr1,184025263,184025463,20
chr1,184024648,184024848,52
chr1,184060640,184060840,11
chr1,184117140,184117340,33
chr1,184793013,184793213,2
chr1,185203660,185203860,11
chr1,187347079,187347279,85
chr1,191193824,191194024,1
chr1,191193825,191194025,12
chr1,191419184,191419384,72
chr1,191419184,191419384,82
chr1,191479721,191479921,1
chr1,191479722,191479922,12
chr1,193173003,193173203,33
chr1,193200951,193201151,63
chr1,193264758,193264958,87
chr1,193325053,193325253,33
chr1,193337351,193337551,90
chr1,193420394,193420594,33
chr1,193444255,193444455,11
chr1,193447002,193447202,21
chr1,193447003,193447203,32
chr1,195089857,195090057,11
chr1,195176167,195176367,13
chr1,195176206,195176406,18
chr1,195176206,195176406,19
chr1,195176194,195176394,31
chr1,195176170,195176370,33
chr1,195176188,195176388,33
chr2,3512751,3512951,26
chr2,3512752,3512952,40
chr2,3703766,3703966,23
chr2,3703743,3703943,33
chr2,3703767,3703967,34
chr2,3712936,3713136,11
chr2,3756016,3756216,66
chr2,4581013,4581213,11
chr2,4580775,4580975,57
chr2,4580775,4580975,60
chr2,4580775,4580975,87
chr2,4580775,4580975,90
chr2,4879869,4880069,33
chr2,6680659,6680859,13
chr2,6680662,6680862,33
chr2,6680680,6680880,33
chr2,6681340,6681540,4
chr2,6681191,6681391,8
chr2,6703722,6703922,3
chr2,6703723,6703923,14
chr2,9467481,9467681,24
chr2,9520572,9520772,68
chr2,9520572,9520772,98
chr2,9593672,9593872,15
chr2,9596191,9596391,1
chr2,9596192,9596392,12
chr2,9681459,9681659,1
chr2,9681460,9681660,12
chr2,9878212,9878412,11
chr2,11161478,11161678,2
chr2,11172698,11172898,11
chr2,11194184,11194384,62
chr2,11194183,11194383,71
chr2,11194183,11194383,81
chr2,11196109,11196309,53
chr2,11196110,11196310,94
chr2,11216313,11216513,21
chr2,11216314,11216514,32
chr2,11375496,11375696,2
chr2,11375506,11375706,3
chr2,11375512,11375712,13
chr2,11375507,11375707,14
chr2,11375518,11375718,31
chr2,11575267,11575467,33
chr2,11635647,11635847,87
chr2,13166792,13166992,13
chr2,13166860,13167060,33
chr2,13233020,13233220,2
chr2,13413269,13413469,2
chr2,13481398,13481598,33
chr2,13481416,13481616,33
chr2,13544234,13544434,62
chr2,13544233,13544433,71
chr2,13544233,13544433,81
chr2,13544234,13544434,92
chr2,18873345,18873545,13
chr2,18873348,18873548,33
chr2,18915989,18916189,22
chr2,18915973,18916173,24
chr2,18917871,18918071,33
chr2,18947133,18947333,66
chr2,18947133,18947333,96
chr2,18959331,18959531,24
chr2,18958021,18958221,29
chr2,18958022,18958222,37
chr2,19062442,19062642,2
chr2,19062458,19062658,13
chr2,19062461,19062661,33
chr2,19062479,19062679,33
chr2,19062497,19062697,33
chr2,19371311,19371511,2
chr2,22795490,22795690,8
chr2,22795490,22795690,9
chr2,22795491,22795691,17
chr2,22962250,22962450,7
chr2,24366408,24366608,31
chr2,24383590,24383790,28
chr2,24383591,24383791,40
chr2,24386049,24386249,3
chr2,24386053,24386253,4
chr2,24386042,24386242,11
chr2,24386050,24386250,14
chr2,25211615,25211815,87
chr2,25258909,25259109,2
chr2,25258958,25259158,67
chr2,25258957,25259157,89
chr2,25258958,25259158,97
chr2,25422922,25423122,51
chr2,26497499,26497699,54
chr2,26668170,26668370,22
chr2,28467644,28467844,1
chr2,28467634,28467834,2
chr2,28467650,28467850,11
chr2,28467645,28467845,12
chr2,28467662,28467862,13
chr2,28467673,28467873,22
chr2,29102028,29102228,2
chr2,29102048,29102248,2
chr2,29102068,29102268,2
chr2,29102435,29102635,2
chr2,29632730,29632930,1
chr2,29632731,29632931,12
chr2,29787306,29787506,1
chr2,29787307,29787507,12
chr2,29826738,29826938,31
chr2,29826966,29827166,41
chr2,30261275,30261475,11
chr2,30415844,30416044,11
chr2,31066321,31066521,33
chr2,31066339,31066539,33
chr2,31108172,31108372,41
chr2,31108172,31108372,91
chr2,31114906,31115106,13
chr2,31114909,31115109,33
chr2,31118958,31119158,2
chr2,31150936,31151136,1
chr2,31150928,31151128,3
chr2,31150937,31151137,12
chr2,31150929,31151129,14
chr2,32060198,32060398,1
chr2,32061707,32061907,11
chr2,32060199,32060399,12
chr2,32068543,32068743,22
chr2,32071257,32071457,87
chr2,32077699,32077899,11
chr2,32154802,32155002,2
chr2,32494277,32494477,3
chr2,32494270,32494470,11
chr2,32494278,32494478,14
chr2,32712356,32712556,31
chr2,33302860,33303060,24
chr2,33908029,33908229,2
chr2,34689492,34689692,13
chr2,34689495,34689695,33
chr2,34689513,34689713,33
chr2,34790461,34790661,6
chr2,34939019,34939219,58
chr2,34939019,34939219,59
chr2,34939020,34939220,67
chr2,34939019,34939219,88
chr2,34939019,34939219,89
chr2,34939020,34939220,97
chr2,35462513,35462713,56
chr2,35462513,35462713,59
chr2,35462514,35462714,67
chr2,35462514,35462714,70
chr2,35461532,35461732,72
chr2,35462513,35462713,86
chr2,35462513,35462713,89
chr2,36136883,36137083,72
chr2,37702986,37703186,25
chr2,38064477,38064677,1
chr2,38064478,38064678,12
chr2,38072383,38072583,78
chr2,39008802,39009002,25
chr2,39008802,39009002,30
chr2,39027648,39027848,2
chr2,39027659,39027859,11
chr2,39027621,39027821,13
chr2,39027800,39028000,13
chr2,39027641,39027841,21
chr2,39027638,39027838,22
chr2,39027826,39028026,23
chr2,39027642,39027842,32
chr2,39027624,39027824,33
chr2,39027803,39028003,33
chr2,39027827,39028027,34
chr2,39052363,39052563,21
chr2,39052364,39052564,32
chr2,39052343,39052543,33
chr2,39064392,39064592,11
chr2,39064353,39064553,13
chr2,39064380,39064580,31
chr2,39064356,39064556,33
chr2,39395029,39395229,33
chr2,39395047,39395247,33
chr2,39395065,39395265,33
chr2,43992548,43992748,2
chr2,49764714,49764914,24
chr2,49838084,49838284,2
chr2,51972439,51972639,13
chr2,51972442,51972642,33
chr2,51972460,51972660,33
chr2,52072409,52072609,1
chr2,52072379,52072579,3
chr2,52072410,52072610,12
chr2,52072380,52072580,14
chr2,52314788,52314988,22
chr2,52409362,52409562,13
chr2,52409365,52409565,33
chr2,57182274,57182474,11
chr2,58906572,58906772,6
chr2,58906572,58906772,9
chr2,58906573,58906773,17
chr2,59438369,59438569,11
chr2,59440771,59440971,18
chr2,59449212,59449412,2
chr2,59449207,59449407,4
chr2,59449217,59449417,22
chr2,59469296,59469496,69
chr2,59474972,59475172,2
chr2,59474987,59475187,3
chr2,59474993,59475193,13
chr2,59474988,59475188,14
chr2,59474367,59474567,71
chr2,59882061,59882261,2
chr2,60019657,60019857,11
chr2,60204214,60204414,40
chr2,60299192,60299392,13
chr2,60299195,60299395,33
chr2,60299213,60299413,33
chr2,60750697,60750897,11
chr2,60810522,60810722,2
chr2,61051744,61051944,72
chr2,61051744,61051944,82
chr2,62471750,62471950,33
chr2,68881410,68881610,33
chr2,68881428,68881628,33
chr2,69861305,69861505,1
chr2,69861306,69861506,12
chr2,70022012,70022212,1
chr2,70022013,70022213,12
chr2,70661174,70661374,11
chr2,70810106,70810306,11
chr2,70836098,70836298,2
chr2,70835963,70836163,3
chr2,70835964,70836164,14
chr2,70835952,70836152,61
chr2,70835952,70836152,91
chr2,70852370,70852570,1
chr2,70852371,70852571,12
chr2,70922653,70922853,11
chr2,71049651,71049851,11
chr2,71812786,71812986,63
chr2,72114079,72114279,61
chr2,72114355,72114555,88
chr2,72145987,72146187,68
chr2,72838236,72838436,2
chr2,73002484,73002684,8
chr2,73002484,73002684,9
chr2,73002485,73002685,17
chr2,73449572,73449772,77
chr2,73449572,73449772,87
chr2,73451546,73451746,11
chr2,73452133,73452333,11
chr2,73451558,73451758,13
chr2,75055155,75055355,3
chr2,75055156,75055356,14
chr2,75402738,75402938,33
chr2,75402756,75402956,33
chr2,75786162,75786362,20
chr2,77945613,77945813,16
chr2,79250093,79250293,74
chr2,79251810,79252010,87
chr2,79259817,79260017,74
chr2,79311718,79311918,13
chr2,79311721,79311921,33
chr2,79311739,79311939,33
chr2,79773433,79773633,33
chr2,83644560,83644760,51
chr2,83644561,83644761,92
chr2,83914164,83914364,13
chr2,83914167,83914367,33
chr2,83914185,83914385,33
chr2,84030034,84030234,13
chr2,84030037,84030237,33
chr2,84350178,84350378,23
chr2,84350237,84350437,23
chr2,84350194,84350394,24
chr2,84350179,84350379,34
chr2,84350238,84350438,34
chr2,84424364,84424564,11
chr2,84715529,84715729,6
chr2,90744946,90745146,1
chr2,90744947,90745147,12
chr2,91972218,91972418,31
chr2,92434426,92434626,1
chr2,92434427,92434627,12
chr2,93192335,93192535,87
chr2,93454072,93454272,11
chr2,101653034,101653234,1
chr2,101653017,101653217,11
chr2,101653035,101653235,12
chr2,101756372,101756572,2
chr2,101999567,101999767,31
chr2,101999537,101999737,33
chr2,101999555,101999755,33
chr2,102030852,102031052,61
chr2,102030852,102031052,91
chr2,102030759,102030959,99
chr2,102044402,102044602,11
chr2,103583405,103583605,18
chr2,103703503,103703703,66
chr2,103703503,103703703,69
chr2,103796063,103796263,22
chr2,104286411,104286611,13
chr2,104286431,104286631,22
chr2,104286414,104286614,33
chr2,104494188,104494388,27
chr2,104849100,104849300,2
chr2,106002954,106003154,66
chr2,112798234,112798434,33
chr2,112798252,112798452,33
chr2,113848615,113848815,72
chr2,114145976,114146176,21
chr2,114145977,114146177,32
chr2,114144982,114145182,33
chr2,117317123,117317323,21
chr2,117317124,117317324,32
chr2,117317028,117317228,33
chr2,117317046,117317246,33
chr2,117357049,117357249,33
chr2,117450639,117450839,2
chr2,119046527,119046727,6
chr2,119206109,119206309,13
chr2,119206112,119206312,33
chr2,119379335,119379535,33
chr2,120027775,120027975,16
chr2,121355388,121355588,80
chr2,121355388,121355588,90
chr2,121413239,121413439,11
chr2,126673233,126673433,8
chr2,126673233,126673433,9
chr2,126673234,126673434,17
chr2,126673234,126673434,20
chr2,126674545,126674745,33
chr2,126793832,126794032,2
chr2,126793809,126794009,11
chr2,126793837,126794037,13
chr2,126793846,126794046,33
chr2,127070442,127070642,11
chr2,127339107,127339307,93
chr2,127921758,127921958,4
chr2,127927271,127927471,1
chr2,127927272,127927472,12
chr2,128028235,128028435,13
chr2,128028249,128028449,22
chr2,128028238,128028438,33
chr2,128102991,128103191,69
chr2,129084822,129085022,13
chr2,129084825,129085025,33
chr2,129084843,129085043,33
chr2,132028266,132028466,92
chr2,132508998,132509198,2
chr2,132513312,132513512,2
chr2,132509013,132509213,4
chr2,132509009,132509209,11
chr2,132513301,132513501,11
chr2,132511442,132511642,74
chr2,132511442,132511642,84
chr2,132657951,132658151,13
chr2,132657954,132658154,33
chr2,132657972,132658172,33
chr2,132930367,132930567,33
chr2,132930385,132930585,33
chr2,132930403,132930603,33
chr2,139925344,139925544,1
chr2,139924744,139924944,2
chr2,139925350,139925550,2
chr2,139925333,139925533,11
chr2,139925345,139925545,12
chr2,139935091,139935291,2
chr2,139935020,139935220,21
chr2,139935021,139935221,32
chr2,144230849,144231049,4
chr2,144300198,144300398,62
chr2,144300197,144300397,81
chr2,144779814,144780014,13
chr2,144779817,144780017,33
chr2,144779835,144780035,33
chr2,145225837,145226037,18
chr2,149161687,149161887,13
chr2,149161651,149161851,31
chr2,149161708,149161908,31
chr2,149161645,149161845,33
chr2,149161690,149161890,33
chr2,149312315,149312515,4
chr2,149312320,149312520,13
chr2,149312338,149312538,31
chr2,149312323,149312523,33
chr2,150578997,150579197,23
chr2,150578998,150579198,34
chr2,150674993,150675193,3
chr2,150674994,150675194,14
chr2,152332742,152332942,62
chr2,152332741,152332941,81
chr2,152360261,152360461,13
chr2,153576899,153577099,1
chr2,153576900,153577100,12
chr2,153576889,153577089,22
chr2,153576892,153577092,24
chr2,153576875,153577075,33
chr2,153702740,153702940,33
chr2,153702758,153702958,33
chr2,154586368,154586568,3
chr2,154586369,154586569,14
chr2,154586380,154586580,33
chr2,155079407,155079607,69
chr2,155357837,155358037,19
chr2,155552766,155552966,11
chr2,155554637,155554837,23
chr2,155554638,155554838,34
chr2,155696441,155696641,2
chr2,156980265,156980465,3
chr2,156980266,156980466,14
chr2,157128915,157129115,2
chr2,157201442,157201642,1
chr2,157201346,157201546,3
chr2,157201443,157201643,12
chr2,157201347,157201547,14
chr2,158736419,158736619,1
chr2,158736431,158736631,11
chr2,158736420,158736620,12
chr2,158917727,158917927,33
chr2,158917751,158917951,33
chr2,158917769,158917969,33
chr2,158917787,158917987,33
chr2,158917817,158918017,33
chr2,163419835,163420035,98
chr2,164074823,164075023,11
chr2,164075279,164075479,11
chr2,164079251,164079451,1
chr2,164079954,164080154,2
chr2,164079252,164079452,12
chr2,164079970,164080170,13
chr2,164087331,164087531,11
chr2,164544998,164545198,2
chr2,164544992,164545192,31
chr2,164559685,164559885,72
chr2,164938691,164938891,62
chr2,164938690,164938890,81
chr2,165981953,165982153,11
chr2,165981945,165982145,21
chr2,165981942,165982142,22
chr2,165981949,165982149,31
chr2,165981946,165982146,32
chr2,165981934,165982134,33
chr2,166030969,166031169,11
chr2,166467567,166467767,66
chr2,166467567,166467767,69
chr2,166627666,166627866,67
chr2,166627665,166627865,89
chr2,166650609,166650809,64
chr2,166650608,166650808,83
chr2,166775905,166776105,2
chr2,166775916,166776116,18
chr2,166775916,166776116,19
chr2,167004688,167004888,11
chr2,168955411,168955611,56
chr2,169345384,169345584,33
chr2,169958844,169959044,1
chr2,169958845,169959045,12
chr2,170223439,170223639,87
chr2,173057355,173057555,1
chr2,173057356,173057556,12
chr2,173059939,173060139,33
chr2,173059928,173060128,74
chr2,173059928,173060128,84
chr2,173410167,173410367,98
chr2,173437105,173437305,69
chr2,173452446,173452646,61
chr2,173470157,173470357,1
chr2,173470152,173470352,2
chr2,173470158,173470358,12
chr2,173470163,173470363,18
chr2,173795179,173795379,3
chr2,173795180,173795380,14
chr2,174333840,174334040,3
chr2,174333841,174334041,14
chr2,174360969,174361169,11
chr3,8667777,8667977,69
chr3,9368655,9368855,13
chr3,9386863,9387063,3
chr3,9386864,9387064,14
chr3,9386881,9387081,33
chr3,9386899,9387099,33
chr3,9718964,9719164,11
chr3,9718999,9719199,21
chr3,9719000,9719200,32
chr3,9754728,9754928,11
chr3,9865117,9865317,11
chr3,9865137,9865337,11
chr3,10204589,10204789,3
chr3,10204595,10204795,13
chr3,10204590,10204790,14
chr3,10204578,10204778,21
chr3,10204579,10204779,32
chr3,10204570,10204770,33
chr3,10204598,10204798,33
chr3,14628422,14628622,13
chr3,14628425,14628625,33
chr3,14628443,14628643,33
chr3,19258830,19259030,78
chr3,19258830,19259030,88
chr3,19305720,19305920,61
chr3,19349475,19349675,13
chr3,19349478,19349678,33
chr3,19349496,19349696,33
chr3,20101482,20101682,3
chr3,20101486,20101686,4
chr3,20101491,20101691,13
chr3,20101483,20101683,14
chr3,20101503,20101703,31
chr3,20101494,20101694,33
chr3,20154360,20154560,11
chr3,20198901,20199101,2
chr3,20198936,20199136,2
chr3,20198890,20199090,11
chr3,20198906,20199106,13
chr3,20198917,20199117,21
chr3,20198931,20199131,22
chr3,20198920,20199120,23
chr3,20198918,20199118,32
chr3,20198921,20199121,34
chr3,20315022,20315222,3
chr3,20315031,20315231,13
chr3,20315023,20315223,14
chr3,20315014,20315214,23
chr3,20315034,20315234,33
chr3,20315015,20315215,34
chr3,21917557,21917757,73
chr3,21961636,21961836,4
chr3,21991411,21991611,77
chr3,21991411,21991611,80
chr3,21991411,21991611,87
chr3,21991411,21991611,90
chr3,22152762,22152962,2
chr3,27463314,27463514,11
chr3,28264784,28264984,7
chr3,28781359,28781559,66
chr3,28781359,28781559,96
chr3,30601098,30601298,61
chr3,31093906,31094106,11
chr3,33799373,33799573,1
chr3,33799345,33799545,11
chr3,33799366,33799566,11
chr3,33799385,33799585,11
chr3,33799374,33799574,12
chr3,35719777,35719977,1
chr3,35719778,35719978,12
chr3,35746221,35746421,2
chr3,35746140,35746340,11
chr3,35746250,35746450,11
chr3,35757029,35757229,11
chr3,36572285,36572485,54
chr3,37205351,37205551,58
chr3,38279820,38280020,2
chr3,38468789,38468989,13
chr3,38468792,38468992,33
chr3,38468810,38469010,33
chr3,38568578,38568778,36
chr3,38853846,38854046,16
chr3,38853846,38854046,19
chr3,41628191,41628391,24
chr3,41628231,41628431,33
chr3,41628249,41628449,33
chr3,51275579,51275779,92
chr3,51333169,51333369,62
chr3,51333168,51333368,71
chr3,51333168,51333368,81
chr3,51554555,51554755,23
chr3,51554556,51554756,34
chr3,51654151,51654351,9
chr3,51654152,51654352,17
chr3,51654152,51654352,20
chr3,52341754,52341954,56
chr3,52387085,52387285,2
chr3,52387099,52387299,3
chr3,52387096,52387296,11
chr3,52387100,52387300,14
chr3,52499227,52499427,4
chr3,52637683,52637883,1
chr3,52637694,52637894,2
chr3,52637672,52637872,11
chr3,52637684,52637884,12
chr3,52637660,52637860,21
chr3,52637661,52637861,32
chr3,52637646,52637846,33
chr3,52697163,52697363,42
chr3,52843147,52843347,8
chr3,52843147,52843347,9
chr3,52843148,52843348,17
chr3,52927798,52927998,1
chr3,52927799,52927999,12
chr3,53017369,53017569,33
chr3,53017521,53017721,63
chr3,53463979,53464179,3
chr3,53463983,53464183,4
chr3,53463980,53464180,14
chr3,54768937,54769137,13
chr3,54768940,54769140,33
chr3,54768958,54769158,33
chr3,54768976,54769176,33
chr3,58573882,58574082,13
chr3,58573885,58574085,33
chr3,58573903,58574103,33
chr3,58690556,58690756,1
chr3,58690546,58690746,2
chr3,58690557,58690757,12
chr3,58691198,58691398,8
chr3,59321444,59321644,21
chr3,59321445,59321645,32
chr3,59482692,59482892,13
chr3,59482695,59482895,33
chr3,59482713,59482913,33
chr3,59702444,59702644,16
chr3,60417064,60417264,2
chr3,60516451,60516651,3
chr3,60516436,60516636,4
chr3,60516452,60516652,14
chr3,60516446,60516646,22
chr3,60515826,60516026,61
chr3,60564172,60564372,13
chr3,60564175,60564375,33
chr3,60785711,60785911,94
chr3,60997804,60998004,33
chr3,60997822,60998022,33
chr3,61407117,61407317,2
chr3,62506476,62506676,7
chr3,62506476,62506676,10
chr3,63929427,63929627,28
chr3,65650542,65650742,2
chr3,65930303,65930503,1
chr3,65930272,65930472,11
chr3,65930304,65930504,12
chr3,65930298,65930498,22
chr3,66253669,66253869,22
chr3,66253664,66253864,33
chr3,66985478,66985678,1
chr3,66985479,66985679,12
chr3,66985467,66985667,61
chr3,79127794,79127994,69
chr3,79239298,79239498,22
chr3,79239056,79239256,96
chr3,79253060,79253260,6
chr3,81424465,81424665,13
chr3,81424468,81424668,33
chr3,81424486,81424686,33
chr3,84039445,84039645,58
chr3,84039445,84039645,88
chr3,84126201,84126401,1
chr3,84126202,84126402,12
chr3,84228475,84228675,1
chr3,84228476,84228676,12
chr3,84339884,84340084,1
chr3,84339885,84340085,12
chr3,84667222,84667422,28
chr3,84777732,84777932,2
chr3,86196539,86196739,62
chr3,86196538,86196738,81
chr3,86196539,86196739,92
chr3,86999376,86999576,2
chr3,86999391,86999591,3
chr3,86999392,86999592,14
chr3,88638871,88639071,33
chr3,88638889,88639089,33
chr3,89714480,89714680,6
chr3,89714491,89714691,54
chr3,89871301,89871501,2
chr3,89869062,89869262,31
chr3,90231533,90231733,22
chr3,90398211,90398411,33
chr3,90617297,90617497,11
chr3,90617309,90617509,13
chr3,90617312,90617512,33
chr3,93550176,93550376,4
chr3,94915984,94916184,16
chr3,95043068,95043268,61
chr3,95043068,95043268,91
chr3,95133695,95133895,22
chr3,95512068,95512268,1
chr3,95512069,95512269,12
chr3,95524115,95524315,6
chr3,95524115,95524315,9
chr3,95524116,95524316,17
chr3,95669011,95669211,1
chr3,95669000,95669200,11
chr3,95669012,95669212,12
chr3,95669875,95670075,13
chr3,95669878,95670078,33
chr3,95758315,95758515,1
chr3,95758316,95758516,12
chr3,95881971,95882171,63
chr3,95928871,95929071,2
chr3,95972477,95972677,3
chr3,95972481,95972681,4
chr3,95972187,95972387,11
chr3,95972486,95972686,13
chr3,95972478,95972678,14
chr3,95972491,95972691,21
chr3,95972492,95972692,32
chr3,96002960,96003160,13
chr3,96002963,96003163,33
chr3,96002984,96003184,33
chr3,96080922,96081122,3
chr3,96080997,96081197,11
chr3,96080923,96081123,14
chr3,96080961,96081161,31
chr3,96080928,96081128,33
chr3,96080946,96081146,33
chr3,96102867,96103067,1
chr3,96102873,96103073,3
chr3,96102844,96103044,11
chr3,96102862,96103062,11
chr3,96102868,96103068,12
chr3,96102879,96103079,13
chr3,96102874,96103074,14
chr3,96555062,96555262,1
chr3,96555063,96555263,12
chr3,96560406,96560606,33
chr3,96563596,96563796,2
chr3,96567240,96567440,9
chr3,96567241,96567441,17
chr3,96570880,96571080,4
chr3,96570891,96571091,38
chr3,96815002,96815202,33
chr3,97279872,97280072,3
chr3,97279853,97280053,11
chr3,97279873,97280073,14
chr3,97324458,97324658,13
chr3,97324461,97324661,33
chr3,97324479,97324679,33
chr3,100682840,100683040,21
chr3,100682841,100683041,32
chr3,100684344,100684544,24
chr3,100692444,100692644,1
chr3,100692445,100692645,12
chr3,101066341,101066541,30
chr3,101275604,101275804,94
chr3,101288129,101288329,11
chr3,101291500,101291700,2
chr3,101800965,101801165,1
chr3,101800954,101801154,11
chr3,101800966,101801166,12
chr3,102724741,102724941,8
chr3,102724741,102724941,9
chr3,102724742,102724942,17
chr3,102724731,102724931,62
chr3,102724730,102724930,81
chr3,102724611,102724811,87
chr3,103279782,103279982,11
chr3,103387625,103387825,2
chr3,103384701,103384901,69
chr3,103384701,103384901,99
chr3,103466354,103466554,1
chr3,103466355,103466555,12
chr3,103778248,103778448,43
chr3,103782057,103782257,11
chr3,103789705,103789905,2
chr3,103802569,103802769,2
chr3,103802575,103802775,11
chr3,103857353,103857553,2
chr3,103857364,103857564,13
chr3,103857367,103857567,33
chr3,103863048,103863248,11
chr3,104466249,104466449,61
chr3,105959555,105959755,77
chr3,106339305,106339505,13
chr3,106339328,106339528,13
chr3,106339316,106339516,21
chr3,106339319,106339519,23
chr3,106339337,106339537,31
chr3,106339317,106339517,32
chr3,106339308,106339508,33
chr3,106339331,106339531,33
chr3,106339320,106339520,34
chr3,106722355,106722555,11
chr3,109025583,109025783,27
chr3,109174316,109174516,33
chr3,109174334,109174534,33
chr3,115661140,115661340,18
chr3,115681964,115682164,1
chr3,115681954,115682154,2
chr3,115681975,115682175,3
chr3,115681965,115682165,12
chr3,115681976,115682176,14
chr3,115713180,115713380,2
chr3,115794019,115794219,23
chr3,115794008,115794208,33
chr3,115794020,115794220,34
chr3,115800224,115800424,1
chr3,115800220,115800420,2
chr3,115800201,115800401,11
chr3,115800225,115800425,12
chr3,115801776,115801976,31
chr3,115803656,115803856,21
chr3,115803657,115803857,32
chr3,115975828,115976028,4
chr3,115975817,115976017,21
chr3,115975818,115976018,32
chr3,116661597,116661797,13
chr3,116747558,116747758,4
chr3,116747566,116747766,13
chr3,116747561,116747761,24
chr3,116747569,116747769,33
chr3,116747587,116747787,33
chr3,116844381,116844581,13
chr3,116844384,116844584,33
chr3,116844402,116844602,33
chr3,116844420,116844620,33
chr3,119782407,119782607,53
chr3,119782408,119782608,94
chr3,121494970,121495170,2
chr3,121494573,121494773,11
chr3,121494593,121494793,11
chr3,122638832,122639032,68
chr3,123176814,123177014,10
chr3,126597717,126597917,58
chr3,126597717,126597917,59
chr3,126597718,126597918,67
chr3,126597718,126597918,70
chr3,126597717,126597917,88
chr3,126597717,126597917,89
chr3,126682248,126682448,1
chr3,126682259,126682459,4
chr3,126682249,126682449,12
chr3,126682264,126682464,13
chr3,126682267,126682467,33
chr3,127641792,127641992,3
chr3,127641796,127641996,4
chr3,127641789,127641989,11
chr3,127641801,127642001,13
chr3,127641793,127641993,14
chr3,127641804,127642004,33
chr3,127641822,127642022,33
chr3,127845278,127845478,1
chr3,127845476,127845676,3
chr3,127845290,127845490,11
chr3,127845473,127845673,11
chr3,127845279,127845479,12
chr3,127845485,127845685,13
chr3,127845477,127845677,14
chr3,128115109,128115309,13
chr3,128115112,128115312,33
chr3,128115130,128115330,33
chr3,128126399,128126599,33
chr3,128126417,128126617,33
chr3,128133782,128133982,33
chr3,128133819,128134019,33
chr3,128133837,128134037,33
chr3,129490632,129490832,13
chr3,129490827,129491027,33
chr3,129490845,129491045,33
chr3,129490863,129491063,33
chr3,130818927,130819127,1
chr3,130818928,130819128,12
chr3,130879636,130879836,82
chr3,130879625,130879825,99
chr3,130945267,130945467,2
chr3,131014048,131014248,21
chr3,131014049,131014249,32
chr3,131057582,131057782,74
chr3,131057582,131057782,84
chr3,131110889,131111089,2
chr3,131114325,131114525,11
chr3,131140204,131140404,68
chr3,131140204,131140404,69
chr3,131160172,131160372,2
chr3,131173129,131173329,7
chr3,131173122,131173322,11
chr3,131173363,131173563,55
chr3,131173352,131173552,56
chr3,131237706,131237906,2
chr3,131237726,131237926,3
chr3,131237732,131237932,13
chr3,131237727,131237927,14
chr3,131237735,131237935,33
chr3,131272635,131272835,11
chr3,131272596,131272796,13
chr3,131272628,131272828,22
chr3,131272623,131272823,31
chr3,131272611,131272811,33
chr3,131334494,131334694,33
chr3,135307704,135307904,5
chr3,135516495,135516695,1
chr3,135516503,135516703,11
chr3,135516496,135516696,12
chr3,135887250,135887450,13
chr3,135887253,135887453,33
chr3,135887271,135887471,33
chr3,137611348,137611548,4
chr3,137969396,137969596,21
chr3,137969397,137969597,32
chr3,139074414,139074614,23
chr3,139074415,139074615,34
chr3,142496537,142496737,11
chr3,142534078,142534278,13
chr3,142534098,142534298,21
chr3,142534099,142534299,32
chr3,142534081,142534281,33
chr3,144591299,144591499,1
chr3,144591300,144591500,12
chr3,146682101,146682301,52
chr3,146682101,146682301,82
chr3,146764639,146764839,3
chr3,146764632,146764832,11
chr3,146764640,146764840,14
chr3,148398957,148399157,33
chr3,148398975,148399175,33
chr3,148852305,148852505,13
chr3,149326551,149326751,23
chr3,149326834,149327034,27
chr3,149326552,149326752,34
chr3,152713864,152714064,2
chr3,152713771,152713971,11
chr3,152713901,152714101,11
chr3,152713890,152714090,22
chr3,153764841,153765041,11
chr3,153895330,153895530,2
chr3,153895320,153895520,22
chr3,153895323,153895523,24
chr3,153895309,153895509,33
chr3,157514829,157515029,13
chr3,157514832,157515032,33
chr3,157514850,157515050,33
chr4,6939148,6939348,2
chr4,6939121,6939321,3
chr4,6939122,6939322,14
chr4,7025169,7025369,3
chr4,7025173,7025373,4
chr4,7025178,7025378,13
chr4,7025170,7025370,14
chr4,7025181,7025381,33
chr4,7025199,7025399,33
chr4,7453964,7454164,2
chr4,7585297,7585497,33
chr4,7585315,7585515,33
chr4,7585295,7585495,64
chr4,7585294,7585494,83
chr4,7585295,7585495,94
chr4,8774704,8774904,42
chr4,8800290,8800490,2
chr4,8838490,8838690,7
chr4,8910986,8911186,2
chr4,8912176,8912376,33
chr4,9095648,9095848,11
chr4,9096064,9096264,13
chr4,9096067,9096267,33
chr4,9096085,9096285,33
chr4,9287027,9287227,33
chr4,9287045,9287245,33
chr4,9287063,9287263,33
chr4,10770198,10770398,16
chr4,11006573,11006773,22
chr4,11077412,11077612,88
chr4,11142943,11143143,3
chr4,11142947,11143147,4
chr4,11142932,11143132,11
chr4,11142952,11143152,13
chr4,11142944,11143144,14
chr4,11142960,11143160,21
chr4,11142961,11143161,32
chr4,11142955,11143155,33
chr4,11153524,11153724,1
chr4,11153525,11153725,12
chr4,11802685,11802885,33
chr4,11802703,11802903,33
chr4,16164454,16164654,2
chr4,16164439,16164639,11
chr4,16575163,16575363,33
chr4,16575181,16575381,33
chr4,17853909,17854109,53
chr4,17957659,17957859,33
chr4,19574796,19574996,2
chr4,19574811,19575011,3
chr4,19574812,19575012,14
chr4,19895847,19896047,11
chr4,19924932,19925132,28
chr4,19924932,19925132,29
chr4,19924933,19925133,37
chr4,19928370,19928570,13
chr4,19932059,19932259,38
chr4,19932343,19932543,87
chr4,19932343,19932543,90
chr4,24496982,24497182,3
chr4,24496983,24497183,14
chr4,25249095,25249295,33
chr4,25249113,25249313,33
chr4,25249131,25249331,33
chr4,32165439,32165639,2
chr4,32258514,32258714,1
chr4,32258515,32258715,12
chr4,32343184,32343384,76
chr4,32343184,32343384,79
chr4,32343185,32343385,97
chr4,32862749,32862949,4
chr4,32931967,32932167,72
chr4,33988466,33988666,8
chr4,33997555,33997755,7
chr4,33997544,33997744,31
chr4,34686624,34686824,2
chr4,34847665,34847865,31
chr4,40284203,40284403,13
chr4,40284206,40284406,33
chr4,40680394,40680594,62
chr4,40680393,40680593,71
chr4,40680393,40680593,81
chr4,40680394,40680594,92
chr4,40720109,40720309,7
chr4,40759956,40760156,2
chr4,40852104,40852304,22
chr4,40970180,40970380,73
chr4,43287483,43287683,24
chr4,43482383,43482583,66
chr4,43482383,43482583,96
chr4,44270924,44271124,1
chr4,44270919,44271119,2
chr4,44270925,44271125,12
chr4,45402704,45402904,61
chr4,45531078,45531278,86
chr4,46196492,46196692,3
chr4,46196493,46196693,14
chr4,46195565,46195765,91
chr4,53158489,53158689,1
chr4,53158482,53158682,11
chr4,53158490,53158690,12
chr4,53158524,53158724,21
chr4,53158525,53158725,32
chr4,56222288,56222488,22
chr4,57626712,57626912,4
chr4,59173128,59173328,22
chr4,59173131,59173331,24
chr4,59173099,59173299,33
chr4,59173117,59173317,33
chr4,59176704,59176904,2
chr4,59176719,59176919,3
chr4,59176725,59176925,13
chr4,59176720,59176920,14
chr4,59176746,59176946,31
chr4,59176728,59176928,33
chr4,59260874,59261074,11
chr4,59275317,59275517,27
chr4,59337734,59337934,11
chr4,59338303,59338503,11
chr4,59337717,59337917,13
chr4,59337722,59337922,21
chr4,59337728,59337928,22
chr4,59337723,59337923,32
chr4,62407626,62407826,11
chr4,62407638,62407838,13
chr4,62758363,62758563,2
chr4,62758352,62758552,11
chr4,63837247,63837447,33
chr4,63837265,63837465,33
chr4,63860252,63860452,13
chr4,63860240,63860440,31
chr4,70480295,70480495,3
chr4,70480296,70480496,14
chr4,70480307,70480507,33
chr4,70480328,70480528,33
chr4,70654259,70654459,22
chr4,72198982,72199182,41
chr4,75278198,75278398,80
chr4,75757326,75757526,33
chr4,75757344,75757544,33
chr4,75757320,75757520,63
chr4,83324192,83324392,58
chr4,83571002,83571202,33
chr4,83571020,83571220,33
chr4,86697357,86697557,3
chr4,86697358,86697558,14
chr4,86722166,86722366,2
chr4,86721830,86722030,6
chr4,86748111,86748311,2
chr4,86748131,86748331,2
chr4,86748151,86748351,2
chr4,86748106,86748306,22
chr4,88046012,88046212,98
chr4,88450986,88451186,33
chr4,89551033,89551233,1
chr4,89551091,89551291,11
chr4,89551034,89551234,12
chr4,95777923,95778123,63
chr4,95777923,95778123,93
chr4,98709046,98709246,33
chr4,98709064,98709264,33
chr4,98709142,98709342,33
chr4,101169943,101170143,11
chr4,101242077,101242277,69
chr4,101244305,101244505,2
chr4,101250148,101250348,11
chr4,101300979,101301179,63
chr4,101300979,101301179,93
chr4,101320464,101320664,11
chr4,101320982,101321182,11
chr4,101355741,101355941,11
chr4,102507920,102508120,88
chr4,103215493,103215693,4
chr4,106278920,106279120,22
chr4,106292684,106292884,11
chr4,106908347,106908547,11
chr4,107314064,107314264,11
chr4,108091416,108091616,11
chr4,108091392,108091592,13
chr4,108091380,108091580,31
chr4,108091404,108091604,31
chr4,108091374,108091574,33
chr4,108091407,108091607,33
chr4,108311173,108311373,1
chr4,108311174,108311374,12
chr4,108318694,108318894,4
chr4,108318683,108318883,11
chr4,108987757,108987957,54
chr4,109279799,109279999,1
chr4,109279800,109280000,12
chr4,116555822,116556022,3
chr4,116555823,116556023,14
chr4,116627623,116627823,1
chr4,116627624,116627824,12
chr4,116807020,116807220,91
chr4,116995003,116995203,23
chr4,116995004,116995204,34
chr4,117182409,117182609,24
chr4,117201935,117202135,78
chr4,117201935,117202135,79
chr4,117201936,117202136,97
chr4,117289086,117289286,1
chr4,117289087,117289287,12
chr4,120978848,120979048,1
chr4,120978849,120979049,12
chr4,120978832,120979032,31
chr4,121004496,121004696,3
chr4,121004466,121004666,11
chr4,121004502,121004702,13
chr4,121004497,121004697,14
chr4,121004528,121004728,22
chr4,121004505,121004705,33
chr4,122883320,122883520,13
chr4,122884997,122885197,21
chr4,122884998,122885198,32
chr4,123564778,123564978,62
chr4,123564777,123564977,81
chr4,124756589,124756789,4
chr4,125085079,125085279,26
chr4,125085079,125085279,29
chr4,125085080,125085280,37
chr4,125084811,125085011,40
chr4,126201976,126202176,11
chr4,126206992,126207192,11
chr4,126235683,126235883,11
chr4,127015908,127016108,46
chr4,128594465,128594665,69
chr4,128735433,128735633,44
chr4,128735432,128735632,53
chr4,129559264,129559464,11
chr4,129559171,129559371,21
chr4,129559172,129559372,32
chr4,129672473,129672673,96
chr4,129739802,129740002,22
chr4,129762030,129762230,2
chr4,129793826,129794026,2
chr4,130341768,130341968,79
chr4,130915719,130915919,31
chr4,131977912,131978112,2
chr4,131977875,131978075,23
chr4,131977876,131978076,34
chr4,133086543,133086743,66
chr4,133086543,133086743,69
chr4,133091327,133091527,2
chr4,133162079,133162279,4
chr4,133650247,133650447,1
chr4,133650248,133650448,12
chr4,133671921,133672121,19
chr4,133809011,133809211,4
chr4,133808982,133809182,11
chr4,133809019,133809219,33
chr4,133836977,133837177,2
chr4,133836657,133836857,4
chr4,133836642,133836842,11
chr4,133840831,133841031,1
chr4,133840827,133841027,2
chr4,133840847,133841047,2
chr4,133840832,133841032,12
chr4,133840952,133841152,74
chr4,133841866,133842066,2
chr4,133907617,133907817,62
chr4,133907616,133907816,81
chr4,133967500,133967700,4
chr4,134091215,134091415,59
chr4,134091216,134091416,67
chr4,134091216,134091416,70
chr4,134091215,134091415,89
chr4,134116442,134116642,22
chr4,134123111,134123311,11
chr4,134504935,134505135,2
chr4,134504946,134505146,13
chr4,134504938,134505138,24
chr4,134654138,134654338,2
chr4,134795114,134795314,69
chr4,134918985,134919185,2
chr4,134918086,134918286,11
chr4,134918979,134919179,11
chr4,134919021,134919221,11
chr4,134919059,134919259,11
chr4,134919324,134919524,11
chr4,134923120,134923320,2
chr4,135080575,135080775,5
chr4,135105284,135105484,23
chr4,135105285,135105485,34
chr4,135610206,135610406,11
chr4,135855410,135855610,31
chr4,136060090,136060290,2
chr4,136087544,136087744,87
chr4,136096419,136096619,8
chr4,136096419,136096619,9
chr4,136096420,136096620,17
chr4,136151986,136152186,33
chr4,136152004,136152204,33
chr4,136171836,136172036,21
chr4,136171837,136172037,32
chr4,136190305,136190505,77
chr4,136190305,136190505,87
chr4,136189525,136189725,88
chr4,137356569,137356769,23
chr4,137356570,137356770,34
chr4,137367736,137367936,11
chr4,137367729,137367929,22
chr4,139328912,139329112,33
chr4,139529339,139529539,1
chr4,139529357,139529557,2
chr4,139529367,139529567,4
chr4,139529340,139529540,12
chr4,139529372,139529572,13
chr4,139529377,139529577,21
chr4,139529380,139529580,23
chr4,139529378,139529578,32
chr4,139529381,139529581,34
chr4,140944941,140945141,16
chr4,141147637,141147837,11
chr4,141545568,141545768,74
chr4,141734957,141735157,74
chr4,145092585,145092785,13
chr4,145092588,145092788,33
chr4,145092606,145092806,33
chr4,145211628,145211828,1
chr4,145211656,145211856,3
chr4,145211629,145211829,12
chr4,145211657,145211857,14
chr4,145211042,145211242,19
chr4,145224709,145224909,35
chr4,145353932,145354132,6
chr4,149322194,149322394,11
chr4,149322688,149322888,11
chr4,149437636,149437836,3
chr4,149437637,149437837,14
chr4,149469470,149469670,2
chr4,149516144,149516344,2
chr4,149664654,149664854,21
chr4,149664655,149664855,32
chr4,149690613,149690813,11
chr4,149699066,149699266,1
chr4,149699067,149699267,12
chr4,149710233,149710433,2
chr4,149710264,149710464,33
chr4,149881183,149881383,2
chr4,149912342,149912542,69
chr4,150001815,150002015,13
chr4,150001818,150002018,33
chr4,150014283,150014483,13
chr4,150014154,150014354,31
chr4,150014181,150014381,33
chr4,150014286,150014486,33
chr4,150540672,150540872,21
chr4,150540673,150540873,32
chr4,151932712,151932912,31
chr4,152124181,152124381,33
chr4,154936561,154936761,2
chr4,155168489,155168689,16
chr4,155168598,155168798,38
chr4,155168598,155168798,39
chr4,155168500,155168700,54
chr4,155600598,155600798,22
chr4,155669611,155669811,24
chr5,3544346,3544546,4
chr5,3544330,3544530,13
chr5,3544354,3544554,13
chr5,3544335,3544535,21
chr5,3544342,3544542,31
chr5,3544336,3544536,32
chr5,3544357,3544557,33
chr5,8839719,8839919,61
chr5,9015698,9015898,2
chr5,17403071,17403271,33
chr5,17403092,17403292,33
chr5,20332421,20332621,31
chr5,21194791,21194991,13
chr5,21194817,21195017,22
chr5,21194794,21194994,33
chr5,21256145,21256345,11
chr5,21634349,21634549,33
chr5,21634367,21634567,33
chr5,21672815,21673015,2
chr5,22163981,22164181,2
chr5,22163996,22164196,3
chr5,22164002,22164202,13
chr5,22164037,22164237,13
chr5,22163997,22164197,14
chr5,22164025,22164225,21
chr5,22164028,22164228,23
chr5,22164026,22164226,32
chr5,22164005,22164205,33
chr5,22164040,22164240,33
chr5,22164029,22164229,34
chr5,22549765,22549965,1
chr5,22549766,22549966,12
chr5,23385302,23385502,61
chr5,23604887,23605087,22
chr5,23604882,23605082,31
chr5,23604870,23605070,33
chr5,23637754,23637954,11
chr5,23719353,23719553,69
chr5,24100765,24100965,22
chr5,24686394,24686594,21
chr5,24686395,24686595,32
chr5,24751048,24751248,35
chr5,24751048,24751248,40
chr5,24844139,24844339,27
chr5,24918905,24919105,31
chr5,24918878,24919078,33
chr5,24918896,24919096,33
chr5,25500253,25500453,38
chr5,30449754,30449954,33
chr5,30449772,30449972,33
chr5,31049445,31049645,70
chr5,31049444,31049644,76
chr5,31049444,31049644,86
chr5,31202216,31202416,25
chr5,31226360,31226560,2
chr5,31602883,31603083,21
chr5,31602884,31603084,32
chr5,31612737,31612937,33
chr5,31612755,31612955,33
chr5,31614328,31614528,21
chr5,31614329,31614529,32
chr5,32104485,32104685,56
chr5,32104485,32104685,59
chr5,32110921,32111121,74
chr5,32110921,32111121,84
chr5,32126353,32126553,2
chr5,32126342,32126542,31
chr5,32460370,32460570,13
chr5,32460375,32460575,21
chr5,32460376,32460576,32
chr5,32863281,32863481,2
chr5,33520991,33521191,2
chr5,33520980,33521180,51
chr5,33520981,33521181,62
chr5,33520980,33521180,81
chr5,33752258,33752458,13
chr5,33752261,33752461,33
chr5,33752279,33752479,33
chr5,34466161,34466361,33
chr5,34636175,34636375,13
chr5,34822848,34823048,1
chr5,34822849,34823049,12
chr5,36797171,36797371,4
chr5,36797176,36797376,13
chr5,36797185,36797385,31
chr5,36797179,36797379,33
chr5,37011489,37011689,1
chr5,37011490,37011690,12
chr5,37056607,37056807,85
chr5,37056607,37056807,90
chr5,38307495,38307695,3
chr5,38307499,38307699,4
chr5,38307484,38307684,11
chr5,38307468,38307668,13
chr5,38307504,38307704,13
chr5,38307496,38307696,14
chr5,38307476,38307676,21
chr5,38307473,38307673,22
chr5,38307480,38307680,31
chr5,38307477,38307677,32
chr5,41843687,41843887,11
chr5,41843699,41843899,13
chr5,43862086,43862286,13
chr5,43862121,43862321,22
chr5,43862089,43862289,33
chr5,43862107,43862307,33
chr5,44218213,44218413,1
chr5,44218214,44218414,12
chr5,45669630,45669830,91
chr5,45996503,45996703,13
chr5,45996506,45996706,33
chr5,45996524,45996724,33
chr5,50026397,50026597,21
chr5,50026398,50026598,32
chr5,50027896,50028096,23
chr5,50027745,50027945,28
chr5,50027734,50027934,33
chr5,50027897,50028097,34
chr5,50204288,50204488,21
chr5,50204285,50204485,22
chr5,50204289,50204489,32
chr5,50204268,50204468,33
chr5,50206134,50206334,33
chr5,53588761,53588961,1
chr5,53588744,53588944,2
chr5,53588750,53588950,11
chr5,53588778,53588978,11
chr5,53588762,53588962,12
chr5,54101288,54101488,7
chr5,58164830,58165030,13
chr5,58164833,58165033,33
chr5,58164851,58165051,33
chr5,62911451,62911651,31
chr5,64024416,64024616,26
chr5,64402821,64403021,13
chr5,64402847,64403047,22
chr5,64402861,64403061,31
chr5,64402824,64403024,33
chr5,64488506,64488706,69
chr5,64488619,64488819,77
chr5,64488619,64488819,87
chr5,64492177,64492377,18
chr5,64599077,64599277,2
chr5,64609251,64609451,31
chr5,64680898,64681098,6
chr5,64681848,64682048,11
chr5,64682886,64683086,53
chr5,64682887,64683087,64
chr5,64682886,64683086,83
chr5,64813305,64813505,2
chr5,64812321,64812521,8
chr5,64812321,64812521,9
chr5,64812322,64812522,17
chr5,64861210,64861410,33
chr5,64906354,64906554,2
chr5,64906332,64906532,3
chr5,64906321,64906521,11
chr5,64906333,64906533,14
chr5,64906343,64906543,21
chr5,64906344,64906544,32
chr5,64922830,64923030,8
chr5,64922830,64923030,9
chr5,64922831,64923031,17
chr5,64985447,64985647,33
chr5,65326039,65326239,6
chr5,65492303,65492503,24
chr5,65491910,65492110,68
chr5,65765581,65765781,2
chr5,65765342,65765542,8
chr5,65765343,65765543,15
chr5,65850436,65850636,11
chr5,65859681,65859881,11
chr5,65878883,65879083,13
chr5,65878889,65879089,33
chr5,65882372,65882572,33
chr5,65887466,65887666,4
chr5,65910686,65910886,22
chr5,65917448,65917648,23
chr5,65917449,65917649,34
chr5,65920945,65921145,11
chr5,65921685,65921885,77
chr5,65929839,65930039,2
chr5,65930486,65930686,2
chr5,65930511,65930711,2
chr5,65930531,65930731,2
chr5,65929845,65930045,11
chr5,65954718,65954918,27
chr5,65954701,65954901,33
chr5,66061085,66061285,13
chr5,66061074,66061274,22
chr5,66061077,66061277,24
chr5,66061088,66061288,33
chr5,66339794,66339994,33
chr5,66339812,66340012,33
chr5,67395878,67396078,13
chr5,67943702,67943902,33
chr5,67943720,67943920,33
chr5,72162722,72162922,2
chr5,72204355,72204555,13
chr5,72204364,72204564,33
chr5,72752532,72752732,31
chr5,73491074,73491274,80
chr5,73491074,73491274,90
chr5,74405952,74406152,11
chr5,75042834,75043034,19
chr5,75044393,75044593,23
chr5,75044394,75044594,34
chr5,75792095,75792295,11
chr5,77310211,77310411,2
chr5,86171719,86171919,33
chr5,86804772,86804972,45
chr5,88553956,88554156,1
chr5,88553946,88554146,2
chr5,88553957,88554157,12
chr5,88815950,88816150,31
chr5,88815998,88816198,31
chr5,88816103,88816303,31
chr5,88816202,88816402,31
chr5,88815824,88816024,33
chr5,88816067,88816267,33
chr5,88816091,88816291,33
chr5,88816166,88816366,33
chr5,88816190,88816390,33
chr5,88816265,88816465,33
chr5,88816289,88816489,33
chr5,91403193,91403393,3
chr5,91403190,91403390,11
chr5,91403202,91403402,13
chr5,91403194,91403394,14
chr5,91403205,91403405,33
chr5,92375334,92375534,3
chr5,92375335,92375535,14
chr5,92504799,92504999,4
chr5,92642484,92642684,21
chr5,92642485,92642685,32
chr5,92642721,92642921,33
chr5,92642739,92642939,33
chr5,93263963,93264163,2
chr5,93263328,93263528,13
chr5,93263342,93263542,23
chr5,93263343,93263543,34
chr5,96160784,96160984,33
chr5,96163757,96163957,13
chr5,96163746,96163946,22
chr5,97983728,97983928,8
chr5,97983729,97983929,20
chr5,98185110,98185310,33
chr5,100638954,100639154,33
chr5,100912455,100912655,38
chr5,100912455,100912655,39
chr5,103365825,103366025,4
chr5,103975780,103975980,11
chr5,103975776,103975976,31
chr5,105052941,105053141,2
chr5,105052471,105052671,11
chr5,105109172,105109372,11
chr5,105110960,105111160,60
chr5,105114082,105114282,87
chr5,105239558,105239758,92
chr5,105293732,105293932,92
chr5,105345393,105345593,11
chr5,105415366,105415566,86
chr5,105443922,105444122,2
chr5,105641696,105641896,27
chr5,105641696,105641896,30
chr5,105648537,105648737,2
chr5,105654815,105655015,21
chr5,105654816,105655016,32
chr5,107165741,107165941,61
chr5,107177629,107177829,2
chr5,107200881,107201081,2
chr5,107200887,107201087,4
chr5,107259625,107259825,2
chr5,107700915,107701115,24
chr5,107703760,107703960,4
chr5,107718437,107718637,24
chr5,107723498,107723698,11
chr5,107933291,107933491,22
chr5,107951061,107951261,7
chr5,107987858,107988058,77
chr5,107987858,107988058,87
chr5,108032467,108032667,13
chr5,108032481,108032681,24
chr5,108032492,108032692,33
chr5,111842509,111842709,30
chr5,112084651,112084851,1
chr5,112084652,112084852,12
chr5,112274215,112274415,2
chr5,112746668,112746868,13
chr5,112746619,112746819,22
chr5,112746798,112746998,22
chr5,112746656,112746856,31
chr5,112746386,112746586,33
chr5,112746458,112746658,33
chr5,112746497,112746697,33
chr5,112746521,112746721,33
chr5,112746709,112746909,33
chr5,112746781,112746981,33
chr5,114198560,114198760,39
chr5,114198636,114198836,39
chr5,114378348,114378548,2
chr5,114896614,114896814,11
chr5,115167189,115167389,1
chr5,115167190,115167390,12
chr5,115214723,115214923,2
chr5,115214651,115214851,11
chr5,115214708,115214908,11
chr5,115214657,115214857,13
chr5,115214666,115214866,33
chr5,115680560,115680760,31
chr5,115680668,115680868,33
chr5,115680688,115680888,33
chr5,115680706,115680906,33
chr5,115680724,115680924,33
chr5,115711907,115712107,2
chr5,115722020,115722220,2
chr5,115722025,115722225,22
chr5,118037646,118037846,11
chr5,118974670,118974870,1
chr5,118974698,118974898,2
chr5,118974703,118974903,3
chr5,118974671,118974871,12
chr5,118974709,118974909,13
chr5,118974704,118974904,14
chr5,118974712,118974912,33
chr5,120795548,120795748,33
chr5,120795566,120795766,33
chr5,121107308,121107508,11
chr5,121340577,121340777,2
chr5,121340595,121340795,4
chr5,121340605,121340805,22
chr5,121838205,121838405,68
chr5,121838205,121838405,69
chr5,121838205,121838405,98
chr5,121838205,121838405,99
chr5,122233799,122233999,90
chr5,122627305,122627505,16
chr5,122639105,122639305,2
chr5,122639120,122639320,3
chr5,122639126,122639326,13
chr5,122639121,122639321,14
chr5,122639129,122639329,33
chr5,122638490,122638690,62
chr5,122638489,122638689,81
chr5,122638490,122638690,92
chr5,122650114,122650314,96
chr5,122732604,122732804,4
chr5,122732612,122732812,13
chr5,122733803,122734003,13
chr5,122733815,122734015,31
chr5,122733806,122734006,33
chr5,123057958,123058158,44
chr5,123318135,123318335,23
chr5,123318136,123318336,34
chr5,123682979,123683179,11
chr5,124078215,124078415,11
chr5,124476402,124476602,31
chr5,124552248,124552448,82
chr5,124637086,124637286,2
chr5,125106001,125106201,79
chr5,125434398,125434598,2
chr5,130023684,130023884,31
chr5,134183525,134183725,62
chr5,134183524,134183724,81
chr5,134183525,134183725,92
chr5,134244204,134244404,1
chr5,134244205,134244405,12
chr5,134269659,134269859,1
chr5,134269660,134269860,12
chr5,134282449,134282649,9
chr5,134282450,134282650,17
chr5,134325906,134326106,97
chr5,134332536,134332736,11
chr5,134437715,134437915,31
chr5,134491469,134491669,13
chr5,134571923,134572123,48
chr5,134922058,134922258,6
chr5,134921942,134922142,33
chr5,135369512,135369712,11
chr5,135369505,135369705,22
chr5,135663349,135663549,3
chr5,135663350,135663550,14
chr5,136147424,136147624,31
chr5,136155078,136155278,61
chr5,137189800,137190000,33
chr5,137189818,137190018,33
chr5,137787031,137787231,11
chr5,138155034,138155234,11
chr5,138193960,138194160,2
chr5,138252522,138252722,33
chr5,138252540,138252740,33
chr5,139197454,139197654,22
chr5,139200036,139200236,18
chr5,139200036,139200236,19
chr5,139371654,139371854,2
chr5,140636253,140636453,11
chr5,140638158,140638358,58
chr5,140871357,140871557,11
chr5,140878820,140879020,2
chr5,140944821,140945021,2
chr5,142439573,142439773,11
chr5,143669949,143670149,13
chr5,144222546,144222746,11
chr5,144222394,144222594,13
chr5,144222402,144222602,21
chr5,144222403,144222603,32
chr5,144254700,144254900,11
chr5,146567334,146567534,3
chr5,146567335,146567535,14
chr5,146567841,146568041,53
chr5,146781840,146782040,4
chr5,147363241,147363441,3
chr5,147363242,147363442,14
chr5,148596473,148596673,33
chr5,148853294,148853494,2
chr5,148853977,148854177,13
chr5,149016106,149016306,1
chr5,149016107,149016307,12
chr5,149183719,149183919,7
chr5,151247650,151247850,33
chr6,3385936,3386136,33
chr6,8482748,8482948,1
chr6,8482749,8482949,12
chr6,8482737,8482937,21
chr6,8482719,8482919,22
chr6,8482723,8482923,31
chr6,8482738,8482938,32
chr6,8505273,8505473,31
chr6,12081952,12082152,21
chr6,12081953,12082153,32
chr6,12081973,12082173,77
chr6,12315178,12315378,3
chr6,12315179,12315379,14
chr6,17067036,17067236,33
chr6,22314453,22314653,11
chr6,22374821,22375021,2
chr6,24637092,24637292,2
chr6,24637155,24637355,22
chr6,24637159,24637359,31
chr6,24637123,24637323,33
chr6,28321820,28322020,11
chr6,28321813,28322013,72
chr6,28321813,28322013,82
chr6,28421891,28422091,33
chr6,30302277,30302477,82
chr6,30324696,30324896,2
chr6,30324868,30325068,33
chr6,30339509,30339709,67
chr6,30339508,30339708,89
chr6,30339509,30339709,97
chr6,30353086,30353286,2
chr6,30354837,30355037,1
chr6,30354480,30354680,11
chr6,30354838,30355038,12
chr6,30357718,30357918,2
chr6,31114851,31115051,2
chr6,31125716,31125916,76
chr6,31125716,31125916,79
chr6,31125717,31125917,97
chr6,31125717,31125917,100
chr6,31189219,31189419,73
chr6,31189220,31189420,94
chr6,31201372,31201572,2
chr6,33060539,33060739,51
chr6,33060540,33060740,62
chr6,33060539,33060739,81
chr6,33262489,33262689,22
chr6,33262460,33262660,33
chr6,33262478,33262678,33
chr6,34437917,34438117,13
chr6,34437920,34438120,33
chr6,34437938,34438138,33
chr6,34437980,34438180,33
chr6,34862215,34862415,11
chr6,34968170,34968370,21
chr6,34968171,34968371,32
chr6,34968141,34968341,33
chr6,34968159,34968359,33
chr6,35419729,35419929,23
chr6,35419715,35419915,31
chr6,35419697,35419897,33
chr6,35419718,35419918,33
chr6,35419730,35419930,34
chr6,35463391,35463591,58
chr6,35463391,35463591,88
chr6,37046473,37046673,54
chr6,37464940,37465140,1
chr6,37464941,37465141,12
chr6,38342608,38342808,4
chr6,38348001,38348201,61
chr6,38360429,38360629,11
chr6,38534319,38534519,2
chr6,38534330,38534530,11
chr6,38534322,38534522,21
chr6,38534323,38534523,32
chr6,39509269,39509469,22
chr6,39509475,39509675,24
chr6,39509425,39509625,33
chr6,39509486,39509686,33
chr6,40471122,40471322,1
chr6,40471076,40471276,2
chr6,40471123,40471323,12
chr6,40818787,40818987,2
chr6,41118310,41118510,16
chr6,41118310,41118510,19
chr6,41200797,41200997,2
chr6,41363173,41363373,13
chr6,41363176,41363376,33
chr6,41363194,41363394,33
chr6,41558558,41558758,4
chr6,41558215,41558415,28
chr6,41558215,41558415,29
chr6,41558216,41558416,37
chr6,41558216,41558416,40
chr6,42344141,42344341,1
chr6,42344142,42344342,12
chr6,42658764,42658964,33
chr6,42658782,42658982,33
chr6,47877580,47877780,63
chr6,47920507,47920707,63
chr6,47920507,47920707,93
chr6,48697061,48697261,1
chr6,48697057,48697257,11
chr6,48697077,48697277,11
chr6,48697062,48697262,12
chr6,48699272,48699472,18
chr6,48706808,48707008,11
chr6,48707581,48707781,3
chr6,48707635,48707835,13
chr6,48707582,48707782,14
chr6,48718357,48718557,22
chr6,48731086,48731286,9
chr6,48731087,48731287,17
chr6,48735642,48735842,67
chr6,48735641,48735841,89
chr6,48738637,48738837,1
chr6,48738644,48738844,4
chr6,48738638,48738838,12
chr6,48737168,48737368,19
chr6,48738640,48738840,23
chr6,48738641,48738841,34
chr6,48744910,48745110,1
chr6,48744944,48745144,1
chr6,48744921,48745121,2
chr6,48744939,48745139,2
chr6,48744950,48745150,11
chr6,48744911,48745111,12
chr6,48744945,48745145,12
chr6,48751449,48751649,1
chr6,48751450,48751650,12
chr6,48751474,48751674,13
chr6,48751468,48751668,23
chr6,48751469,48751669,34
chr6,48754493,48754693,31
chr6,49022017,49022217,11
chr6,49052091,49052291,63
chr6,49318929,49319129,26
chr6,50597147,50597347,4
chr6,50597163,50597363,22
chr6,51209180,51209380,2
chr6,52191912,52192112,50
chr6,52191911,52192111,56
chr6,52211850,52212050,13
chr6,54681084,54681284,33
chr6,54736196,54736396,51
chr6,54736197,54736397,62
chr6,54736350,54736550,72
chr6,54736196,54736396,81
chr6,54737380,54737580,62
chr6,54737379,54737579,81
chr6,54776187,54776387,31
chr6,54831635,54831835,13
chr6,54831640,54831840,23
chr6,54831652,54831852,33
chr6,54831641,54831841,34
chr6,56916117,56916317,3
chr6,56916106,56916306,11
chr6,56916145,56916345,11
chr6,56916118,56916318,14
chr6,56916102,56916302,31
chr6,56919876,56920076,2
chr6,56924076,56924276,1
chr6,56924077,56924277,12
chr6,57570405,57570605,2
chr6,57581729,57581929,66
chr6,57690819,57691019,2
chr6,57690824,57691024,3
chr6,57690825,57691025,14
chr6,57690876,57691076,21
chr6,57690871,57691071,31
chr6,57690877,57691077,32
chr6,58834842,58835042,66
chr6,58834842,58835042,69
chr6,59412015,59412215,1
chr6,59411705,59411905,2
chr6,59412016,59412216,12
chr6,65564364,65564564,18
chr6,65601317,65601517,11
chr6,65601342,65601542,11
chr6,66414851,66415051,13
chr6,66493691,66493891,13
chr6,67158564,67158764,2
chr6,67339775,67339975,2
chr6,67339258,67339458,13
chr6,67339770,67339970,22
chr6,67339261,67339461,33
chr6,67339279,67339479,33
chr6,70804718,70804918,22
chr6,70823787,70823987,4
chr6,70845083,70845283,58
chr6,70845083,70845283,59
chr6,71337397,71337597,2
chr6,71337386,71337586,11
chr6,71337700,71337900,97
chr6,71349291,71349491,1
chr6,71349292,71349492,12
chr6,71354019,71354219,11
chr6,71370131,71370331,67
chr6,71370130,71370330,89
chr6,71372339,71372539,84
chr6,71381984,71382184,11
chr6,72375145,72375345,1
chr6,72375110,72375310,2
chr6,72375130,72375330,2
chr6,72375156,72375356,2
chr6,72375150,72375350,11
chr6,72375146,72375346,12
chr6,72553015,72553215,11
chr6,72553021,72553221,22
chr6,72949793,72949993,33
chr6,72998718,72998918,2
chr6,73210221,73210421,38
chr6,82921523,82921723,67
chr6,82921534,82921734,69
chr6,82921522,82921722,89
chr6,83095840,83096040,2
chr6,83095845,83096045,11
chr6,83416826,83417026,33
chr6,83512456,83512656,13
chr6,83512450,83512650,33
chr6,83512468,83512668,33
chr6,84088545,84088745,13
chr6,84088548,84088748,33
chr6,84088566,84088766,33
chr6,85966341,85966541,2
chr6,86487142,86487342,21
chr6,86487143,86487343,32
chr6,87040817,87041017,2
chr6,87041854,87042054,1
chr6,87041847,87042047,11
chr6,87041866,87042066,11
chr6,87041855,87042055,12
chr6,87150926,87151126,33
chr6,87502853,87503053,20
chr6,87547217,87547417,22
chr6,87547207,87547407,74
chr6,90740858,90741058,36
chr6,90815974,90816174,33
chr6,90815986,90816186,38
chr6,91109090,91109290,13
chr6,91515262,91515462,3
chr6,91515263,91515463,14
chr6,91862423,91862623,33
chr6,91862441,91862641,33
chr6,92745389,92745589,13
chr6,92745430,92745630,13
chr6,92745459,92745659,13
chr6,92745418,92745618,21
chr6,92745447,92745647,21
chr6,92745421,92745621,23
chr6,92745450,92745650,23
chr6,92745471,92745671,31
chr6,92745419,92745619,32
chr6,92745448,92745648,32
chr6,92745392,92745592,33
chr6,92745410,92745610,33
chr6,92745433,92745633,33
chr6,92745462,92745662,33
chr6,92745422,92745622,34
chr6,92745451,92745651,34
chr6,97208768,97208968,2
chr6,97224991,97225191,2
chr6,97224986,97225186,22
chr6,98114160,98114360,4
chr6,99027212,99027412,96
chr6,99036897,99037097,33
chr6,99036927,99037127,33
chr6,99050683,99050883,2
chr6,99101021,99101221,3
chr6,99101056,99101256,11
chr6,99101027,99101227,13
chr6,99101022,99101222,14
chr6,99101044,99101244,21
chr6,99101045,99101245,32
chr6,99101030,99101230,33
chr6,99260335,99260535,4
chr6,99310087,99310287,8
chr6,99310087,99310287,9
chr6,99310088,99310288,17
chr6,99310088,99310288,20
chr6,99379965,99380165,22
chr6,99395151,99395351,64
chr6,99395150,99395350,83
chr6,99397783,99397983,9
chr6,99397784,99397984,17
chr6,99402249,99402449,3
chr6,99402250,99402450,14
chr6,99429213,99429413,24
chr6,99634917,99635117,1
chr6,99634918,99635118,12
chr6,99634713,99634913,23
chr6,99634732,99634932,23
chr6,99634754,99634954,23
chr6,99634789,99634989,23
chr6,99634714,99634914,34
chr6,99634733,99634933,34
chr6,99634755,99634955,34
chr6,99634790,99634990,34
chr6,99665722,99665922,2
chr6,100046868,100047068,54
chr6,100286348,100286548,13
chr6,103340250,103340450,4
chr6,106768892,106769092,1
chr6,106768882,106769082,2
chr6,106768888,106769088,11
chr6,106768893,106769093,12
chr6,108098465,108098665,1
chr6,108098466,108098666,12
chr6,108536495,108536695,5
chr6,108536495,108536695,10
chr6,108832710,108832910,87
chr6,108906224,108906424,33
chr6,108906266,108906466,33
chr6,108906284,108906484,33
chr6,113238339,113238539,21
chr6,113238340,113238540,32
chr6,113517717,113517917,22
chr6,113604251,113604451,13
chr6,113661968,113662168,11
chr6,113669477,113669677,2
chr6,114919698,114919898,11
chr6,114920931,114921131,63
chr6,115069351,115069551,13
chr6,115069698,115069898,23
chr6,115069354,115069554,33
chr6,115069684,115069884,33
chr6,115069710,115069910,33
chr6,115069728,115069928,33
chr6,115069699,115069899,34
chr6,115544373,115544573,11
chr6,115854565,115854765,88
chr6,116136077,116136277,21
chr6,116136078,116136278,32
chr6,116630709,116630909,3
chr6,116630710,116630910,14
chr6,116630718,116630918,33
chr6,117900294,117900494,2
chr6,118054794,118054994,33
chr6,118054812,118055012,33
chr6,118054830,118055030,33
chr6,118139296,118139496,3
chr6,118139293,118139493,11
chr6,118139297,118139497,14
chr6,119335913,119336113,88
chr6,119539514,119539714,33
chr6,119725806,119726006,21
chr6,119725807,119726007,32
chr6,120111741,120111941,11
chr6,120467069,120467269,71
chr6,120467058,120467258,78
chr6,120467058,120467258,88
chr6,120469766,120469966,51
chr6,120469767,120469967,62
chr6,120469766,120469966,81
chr6,120529092,120529292,2
chr6,121141774,121141974,13
chr6,121141833,121142033,21
chr6,121141834,121142034,32
chr6,121141777,121141977,33
chr6,121141813,121142013,33
chr6,121238104,121238304,2
chr6,121238107,121238307,24
chr6,121272729,121272929,1
chr6,121272740,121272940,2
chr6,121272724,121272924,11
chr6,121272755,121272955,11
chr6,121272730,121272930,12
chr6,122602561,122602761,4
chr6,122764082,122764282,74
chr6,124730594,124730794,21
chr6,124730595,124730795,32
chr6,124885676,124885876,3
chr6,124885680,124885880,4
chr6,124885669,124885869,11
chr6,124885685,124885885,13
chr6,124885677,124885877,14
chr6,124885863,124886063,64
chr6,124885862,124886062,83
chr6,124930652,124930852,21
chr6,124930653,124930853,32
chr6,125164789,125164989,49
chr6,125190975,125191175,23
chr6,125190955,125191155,33
chr6,125190976,125191176,34
chr6,125214933,125215133,1
chr6,125214934,125215134,12
chr6,125219348,125219548,3
chr6,125219349,125219549,14
chr6,125219359,125219559,21
chr6,125219360,125219560,32
chr6,127574964,127575164,31
chr6,128766550,128766750,10
chr6,128807212,128807412,4
chr6,129073824,129074024,33
chr6,129073842,129074042,33
chr6,129227677,129227877,11
chr6,129234038,129234238,11
chr6,129518606,129518806,4
chr6,129518614,129518814,13
chr6,129518637,129518837,21
chr6,129518638,129518838,32
chr6,129518617,129518817,33
chr6,129575503,129575703,3
chr6,129575504,129575704,14
chr6,129582653,129582853,33
chr6,129582671,129582871,33
chr6,129582371,129582571,61
chr6,129746946,129747146,11
chr6,129845299,129845499,22
chr6,129845261,129845461,33
chr6,129845279,129845479,33
chr6,129844993,129845193,87
chr6,130387222,130387422,24
chr6,134700873,134701073,48
chr6,134898186,134898386,11
chr6,134898175,134898375,62
chr6,134898174,134898374,81
chr6,134921876,134922076,13
chr6,135219361,135219561,33
chr6,135219379,135219579,33
chr6,135417980,135418180,8
chr6,135417981,135418181,20
chr6,136463921,136464121,11
chr6,136473390,136473590,2
chr6,136473423,136473623,11
chr6,136473709,136473909,52
chr6,136477152,136477352,4
chr6,136493582,136493782,62
chr6,136493581,136493781,71
chr6,136493581,136493781,81
chr6,136518241,136518441,22
chr6,136828429,136828629,91
chr6,136898893,136899093,13
chr6,136898904,136899104,28
chr6,136898905,136899105,40
chr6,136931581,136931781,11
chr6,136935219,136935419,11
chr6,136942221,136942421,11
chr6,136944980,136945180,11
chr6,137603288,137603488,13
chr6,137603291,137603491,33
chr6,140708834,140709034,13
chr6,140708837,140709037,33
chr6,140708867,140709067,33
chr6,140971958,140972158,13
chr6,140972169,140972369,13
chr6,140972202,140972402,13
chr6,140972278,140972478,13
chr6,140972468,140972668,13
chr6,140972540,140972740,13
chr6,140972798,140972998,13
chr6,140971987,140972187,21
chr6,140972163,140972363,23
chr6,140972242,140972442,23
chr6,140972460,140972660,24
chr6,140972528,140972728,31
chr6,140971988,140972188,32
chr6,140972026,140972226,33
chr6,140972059,140972259,33
chr6,140972083,140972283,33
chr6,140972140,140972340,33
chr6,140972172,140972372,33
chr6,140972193,140972393,33
chr6,140972269,140972469,33
chr6,140972323,140972523,33
chr6,140972344,140972544,33
chr6,140972498,140972698,33
chr6,140972531,140972731,33
chr6,140972555,140972755,33
chr6,140972591,140972791,33
chr6,140972647,140972847,33
chr6,140972730,140972930,33
chr6,140972813,140973013,33
chr6,140972834,140973034,33
chr6,140972900,140973100,33
chr6,140972164,140972364,34
chr6,140972243,140972443,34
chr6,142917517,142917717,2
chr6,142915980,142916180,11
chr6,142917925,142918125,11
chr6,142916994,142917194,61
chr6,143362238,143362438,33
chr6,144572857,144573057,9
chr6,144572858,144573058,17
chr6,144619717,144619917,23
chr6,144619737,144619937,23
chr6,144619706,144619906,33
chr6,144619726,144619926,33
chr6,144619718,144619918,34
chr6,144619738,144619938,34
chr6,144678813,144679013,3
chr6,144678814,144679014,14
chr6,144711820,144712020,31
chr6,144781433,144781633,13
chr6,144953017,144953217,11
chr6,144952984,144953184,21
chr6,144952985,144953185,32
chr6,145311901,145312101,23
chr6,145311902,145312102,34
chr6,145339520,145339720,11
chr6,145339492,145339692,21
chr6,145339493,145339693,32
chr6,146082712,146082912,65
chr6,146521351,146521551,2
chr6,146576853,146577053,26
chr6,147042482,147042682,11
chr6,147042502,147042702,11
chr6,147475737,147475937,46
chr6,147475737,147475937,96
chr6,149366263,149366463,53
chr7,4083274,4083474,11
chr7,4501010,4501210,98
chr7,4501010,4501210,99
chr7,4623996,4624196,2
chr7,4656061,4656261,22
chr7,4656050,4656250,93
chr7,4861545,4861745,11
chr7,4861605,4861805,33
chr7,5317916,5318116,13
chr7,5317919,5318119,33
chr7,5317937,5318137,33
chr7,12962122,12962322,1
chr7,12962123,12962323,12
chr7,16043875,16044075,1
chr7,16044105,16044305,11
chr7,16043876,16044076,12
chr7,16053118,16053318,1
chr7,16053129,16053329,2
chr7,16053119,16053319,12
chr7,16285837,16286037,13
chr7,16329396,16329596,15
chr7,16362232,16362432,2
chr7,16362214,16362414,63
chr7,16611314,16611514,33
chr7,16611332,16611532,33
chr7,16845773,16845973,4
chr7,16924728,16924928,11
chr7,19300829,19301029,11
chr7,19300935,19301135,69
chr7,19873499,19873699,22
chr7,19873467,19873667,33
chr7,19873485,19873685,33
chr7,19941485,19941685,2
chr7,19941495,19941695,3
chr7,19941501,19941701,13
chr7,19941496,19941696,14
chr7,19941504,19941704,33
chr7,24316179,24316379,13
chr7,24316260,24316460,36
chr7,24413120,24413320,26
chr7,24413121,24413321,40
chr7,24903322,24903522,2
chr7,25082668,25082868,11
chr7,25088562,25088762,13
chr7,25132015,25132215,2
chr7,25132026,25132226,11
chr7,25205801,25206001,2
chr7,25204879,25205079,21
chr7,25204880,25205080,32
chr7,25826555,25826755,11
chr7,27166034,27166234,74
chr7,27357510,27357710,51
chr7,27357511,27357711,62
chr7,27357510,27357710,81
chr7,27357511,27357711,92
chr7,28169124,28169324,22
chr7,28260508,28260708,13
chr7,28355826,28356026,2
chr7,28355837,28356037,13
chr7,28392595,28392795,45
chr7,28392595,28392795,50
chr7,28392594,28392794,78
chr7,28392595,28392795,95
chr7,28392595,28392795,100
chr7,28677044,28677244,2
chr7,28677029,28677229,11
chr7,28702819,28703019,2
chr7,28808572,28808772,72
chr7,29251144,29251344,1
chr7,29251149,29251349,2
chr7,29251145,29251345,12
chr7,30439720,30439920,82
chr7,30613496,30613696,13
chr7,30613499,30613699,33
chr7,31003169,31003369,2
chr7,31148267,31148467,1
chr7,31148268,31148468,12
chr7,31151250,31151450,2
chr7,31151239,31151439,11
chr7,31153345,31153545,33
chr7,31155285,31155485,11
chr7,31155487,31155687,71
chr7,31155488,31155688,92
chr7,31207814,31208014,21
chr7,31207817,31208017,23
chr7,31207773,31207973,31
chr7,31207815,31208015,32
chr7,31207776,31207976,33
chr7,31207803,31208003,33
chr7,31207818,31208018,34
chr7,34388062,34388262,61
chr7,34388062,34388262,91
chr7,35235504,35235704,68
chr7,35662643,35662843,33
chr7,35662661,35662861,33
chr7,36711389,36711589,33
chr7,36711407,36711607,33
chr7,37971642,37971842,11
chr7,37971648,37971848,33
chr7,38226971,38227171,3
chr7,38226975,38227175,4
chr7,38226956,38227156,11
chr7,38226972,38227172,14
chr7,38226986,38227186,31
chr7,41633382,41633582,51
chr7,42505429,42505629,16
chr7,42711441,42711641,13
chr7,42711514,42711714,33
chr7,44548945,44549145,56
chr7,44815973,44816173,74
chr7,45082200,45082400,2
chr7,45227292,45227492,3
chr7,45227293,45227493,14
chr7,45466388,45466588,72
chr7,45525387,45525587,28
chr7,45734408,45734608,4
chr7,45734419,45734619,33
chr7,46390150,46390350,2
chr7,46390170,46390370,2
chr7,46389570,46389770,10
chr7,46391118,46391318,77
chr7,46391118,46391318,87
chr7,46402663,46402863,21
chr7,46402664,46402864,32
chr7,46606623,46606823,3
chr7,46606624,46606824,14
chr7,46606634,46606834,21
chr7,46606635,46606835,32
chr7,46838618,46838818,2
chr7,46838638,46838838,2
chr7,47314939,47315139,33
chr7,49741165,49741365,2
chr7,49741143,49741343,3
chr7,49741147,49741347,4
chr7,49741132,49741332,11
chr7,49741144,49741344,14
chr7,49741154,49741354,21
chr7,49741157,49741357,23
chr7,49741155,49741355,32
chr7,49741158,49741358,34
chr7,56019208,56019408,76
chr7,58568796,58568996,2
chr7,58696959,58697159,2
chr7,58696969,58697169,3
chr7,58696970,58697170,14
chr7,59305482,59305682,10
chr7,59305472,59305672,22
chr7,60728309,60728509,13
chr7,60728321,60728521,33
chr7,60728339,60728539,33
chr7,60728357,60728557,33
chr7,63905149,63905349,23
chr7,63905150,63905350,34
chr7,63943991,63944191,11
chr7,63974035,63974235,2
chr7,63974838,63975038,11
chr7,63985058,63985258,3
chr7,63985047,63985247,11
chr7,63985059,63985259,14
chr7,63985079,63985279,31
chr7,63989800,63990000,13
chr7,64004013,64004213,9
chr7,64004014,64004214,17
chr7,64012806,64013006,69
chr7,64037610,64037810,57
chr7,64037610,64037810,87
chr7,66302130,66302330,13
chr7,66302133,66302333,33
chr7,66302151,66302351,33
chr7,67218728,67218928,13
chr7,67218748,67218948,23
chr7,67218731,67218931,33
chr7,67218760,67218960,33
chr7,67218749,67218949,34
chr7,67951259,67951459,79
chr7,67951260,67951460,97
chr7,68103318,68103518,1
chr7,68103319,68103519,12
chr7,68275693,68275893,2
chr7,68349965,68350165,92
chr7,71386453,71386653,33
chr7,72280521,72280721,28
chr7,72280521,72280721,29
chr7,72280522,72280722,37
chr7,72349898,72350098,2
chr7,72349918,72350118,3
chr7,72349924,72350124,13
chr7,72349919,72350119,14
chr7,72349927,72350127,33
chr7,72349945,72350145,33
chr7,72370099,72370299,33
chr7,72370117,72370317,33
chr7,73518486,73518686,74
chr7,73528425,73528625,2
chr7,73540918,73541118,1
chr7,73540919,73541119,12
chr7,73540908,73541108,22
chr7,73540907,73541107,61
chr7,73540907,73541107,91
chr7,73555256,73555456,11
chr7,73573216,73573416,21
chr7,73573219,73573419,23
chr7,73573217,73573417,32
chr7,73573220,73573420,34
chr7,73583351,73583551,2
chr7,73583787,73583987,3
chr7,73583788,73583988,14
chr7,73583341,73583541,42
chr7,73608556,73608756,2
chr7,74544741,74544941,2
chr7,74544757,74544957,11
chr7,75701597,75701797,13
chr7,75782957,75783157,11
chr7,75795456,75795656,1
chr7,75795451,75795651,2
chr7,75795462,75795662,11
chr7,75795457,75795657,12
chr7,80210042,80210242,73
chr7,80210043,80210243,94
chr7,80232765,80232965,47
chr7,80446403,80446603,36
chr7,80446403,80446603,39
chr7,80629157,80629357,21
chr7,80629158,80629358,32
chr7,80672397,80672597,29
chr7,80672398,80672598,37
chr7,80672398,80672598,40
chr7,80736328,80736528,4
chr7,80765914,80766114,2
chr7,80832847,80833047,7
chr7,80917837,80918037,33
chr7,80917855,80918055,33
chr7,81179548,81179748,1
chr7,81179549,81179749,12
chr7,81603760,81603960,13
chr7,81603763,81603963,33
chr7,83053568,83053768,13
chr7,83053571,83053771,33
chr7,83053589,83053789,33
chr7,83884290,83884490,56
chr7,84688264,84688464,1
chr7,84688265,84688465,12
chr7,84691486,84691686,11
chr7,84691430,84691630,13
chr7,84691433,84691633,33
chr7,89338998,89339198,33
chr7,90067786,90067986,1
chr7,90067678,90067878,2
chr7,90067787,90067987,12
chr7,90315118,90315318,31
chr7,90315181,90315381,38
chr7,90473903,90474103,13
chr7,90473906,90474106,33
chr7,97748045,97748245,2
chr7,97748026,97748226,11
chr7,99120462,99120662,33
chr7,99152956,99153156,22
chr7,100852154,100852354,10
chr7,101466303,101466503,22
chr7,101551375,101551575,21
chr7,101551376,101551576,32
chr7,101970901,101971101,2
chr7,102250955,102251155,21
chr7,102250956,102251156,32
chr7,102284257,102284457,22
chr7,102337799,102337999,3
chr7,102337803,102338003,4
chr7,102337796,102337996,11
chr7,102337800,102338000,14
chr7,102686426,102686626,13
chr7,102686429,102686629,33
chr7,102686447,102686647,33
chr7,104449549,104449749,1
chr7,104449555,104449755,11
chr7,104449550,104449750,12
chr7,104449578,104449778,13
chr7,104449586,104449786,22
chr7,106501938,106502138,11
chr7,106502434,106502634,11
chr7,106529261,106529461,11
chr7,106605222,106605422,11
chr7,106605195,106605395,13
chr7,106605216,106605416,13
chr7,106605204,106605404,31
chr7,106605198,106605398,33
chr7,106605225,106605425,33
chr7,107708188,107708388,11
chr7,109518538,109518738,11
chr7,109951375,109951575,19
chr7,109959446,109959646,4
chr7,109959451,109959651,13
chr7,109959454,109959654,33
chr7,110844624,110844824,13
chr7,110977370,110977570,1
chr7,110977371,110977571,12
chr7,110981180,110981380,99
chr7,114069927,114070127,27
chr7,114069927,114070127,30
chr7,114093966,114094166,10
chr7,114291152,114291352,1
chr7,114291153,114291353,12
chr7,114402437,114402637,13
chr7,114402454,114402654,23
chr7,114402440,114402640,33
chr7,114402455,114402655,34
chr7,114479999,114480199,2
chr7,116690522,116690722,33
chr7,116690540,116690740,33
chr7,118119327,118119527,2
chr7,118262331,118262531,11
chr7,120834699,120834899,11
chr7,121927850,121928050,13
chr7,121927853,121928053,33
chr7,121927871,121928071,33
chr7,122287035,122287235,2
chr7,122287055,122287255,2
chr7,122377679,122377879,11
chr7,122920225,122920425,1
chr7,122920226,122920426,12
chr7,125420147,125420347,87
chr7,125489811,125490011,1
chr7,125489812,125490012,12
chr7,125488267,125488467,18
chr7,125489941,125490141,31
chr7,125551921,125552121,22
chr7,125601558,125601758,1
chr7,125601553,125601753,11
chr7,125601559,125601759,12
chr7,125631073,125631273,54
chr7,125634476,125634676,1
chr7,125634461,125634661,2
chr7,125634394,125634594,11
chr7,125634477,125634677,12
chr7,125634390,125634590,31
chr7,126285723,126285923,4
chr7,126397097,126397297,9
chr7,126397098,126397298,17
chr7,126416924,126417124,11
chr7,126416944,126417144,11
chr7,126583712,126583912,1
chr7,126583713,126583913,12
chr7,126707495,126707695,2
chr7,127031618,127031818,67
chr7,127031677,127031877,82
chr7,127031617,127031817,89
chr7,127085101,127085301,1
chr7,127085102,127085302,12
chr7,127089735,127089935,1
chr7,127089378,127089578,3
chr7,127089736,127089936,12
chr7,127089379,127089579,14
chr7,127112946,127113146,52
chr7,127141311,127141511,1
chr7,127141301,127141501,2
chr7,127141312,127141512,12
chr7,127141316,127141516,22
chr7,127144643,127144843,11
chr7,127616948,127617148,2
chr7,127629396,127629596,23
chr7,127629397,127629597,34
chr7,127632793,127632993,2
chr7,127876683,127876883,21
chr7,127876684,127876884,32
chr7,127964629,127964829,13
chr7,127964641,127964841,33
chr7,127964659,127964859,33
chr7,128115322,128115522,6
chr7,128115322,128115522,9
chr7,128115323,128115523,17
chr7,128368911,128369111,2
chr7,128368860,128369060,99
chr7,128374055,128374255,87
chr7,132772945,132773145,4
chr7,140377349,140377549,66
chr7,140377349,140377549,69
chr7,141059781,141059981,2
chr7,142056652,142056852,36
chr7,142056652,142056852,39
chr7,142448726,142448926,1
chr7,142448737,142448937,4
chr7,142448711,142448911,11
chr7,142448727,142448927,12
chr7,142672420,142672620,13
chr7,142672423,142672623,33
chr7,142672441,142672641,33
chr7,142672278,142672478,94
chr7,142994739,142994939,22
chr7,143628632,143628832,21
chr7,143628633,143628833,32
chr8,3338153,3338353,1
chr8,3338164,3338364,2
chr8,3338170,3338370,11
chr8,3338154,3338354,12
chr8,8689537,8689737,13
chr8,10247389,10247589,13
chr8,10247418,10247618,13
chr8,10247406,10247606,21
chr8,10247409,10247609,23
chr8,10247407,10247607,32
chr8,10247392,10247592,33
chr8,10247410,10247610,34
chr8,11009958,11010158,52
chr8,11636165,11636365,2
chr8,11636150,11636350,11
chr8,13338317,13338517,69
chr8,13601730,13601930,2
chr8,13601711,13601911,11
chr8,13647944,13648144,1
chr8,13647939,13648139,2
chr8,13647945,13648145,12
chr8,13647956,13648156,13
chr8,13647984,13648184,13
chr8,13647973,13648173,22
chr8,13647992,13648192,22
chr8,13647976,13648176,24
chr8,13647965,13648165,33
chr8,13687840,13688040,69
chr8,13974017,13974217,11
chr8,13993371,13993571,2
chr8,13993430,13993630,8
chr8,13993430,13993630,9
chr8,13993431,13993631,17
chr8,14009678,14009878,61
chr8,14009678,14009878,91
chr8,14012148,14012348,13
chr8,14130584,14130784,33
chr8,14130602,14130802,33
chr8,14130620,14130820,33
chr8,14989842,14990042,3
chr8,14989848,14990048,13
chr8,14989843,14990043,14
chr8,22166596,22166796,8
chr8,22166596,22166796,9
chr8,22166597,22166797,17
chr8,22166597,22166797,20
chr8,22780487,22780687,61
chr8,22808625,22808825,2
chr8,25088975,25089175,2
chr8,25088990,25089190,13
chr8,25089004,25089204,21
chr8,25089005,25089205,32
chr8,25600812,25601012,1
chr8,25600455,25600655,2
chr8,25600648,25600848,11
chr8,25600813,25601013,12
chr8,25600818,25601018,13
chr8,27023107,27023307,73
chr8,27256189,27256389,23
chr8,27256157,27256357,33
chr8,27256175,27256375,33
chr8,27256190,27256390,34
chr8,31120498,31120698,26
chr8,31165919,31166119,1
chr8,31165860,31166060,3
chr8,31165857,31166057,11
chr8,31165920,31166120,12
chr8,31165861,31166061,14
chr8,31165925,31166125,21
chr8,31165926,31166126,32
chr8,33599301,33599501,38
chr8,33817368,33817568,29
chr8,33817369,33817569,37
chr8,34144416,34144616,13
chr8,34146273,34146473,16
chr8,34146273,34146473,19
chr8,34144419,34144619,33
chr8,34144437,34144637,33
chr8,34149519,34149719,3
chr8,34149520,34149720,14
chr8,34150167,34150367,62
chr8,34150166,34150366,81
chr8,34565322,34565522,2
chr8,34565385,34565585,2
chr8,34565333,34565533,13
chr8,34565359,34565559,13
chr8,34565347,34565547,21
chr8,34565370,34565570,21
chr8,34565374,34565574,31
chr8,34565348,34565548,32
chr8,34565371,34565571,32
chr8,34565336,34565536,33
chr8,34806643,34806843,1
chr8,34806644,34806844,12
chr8,34884929,34885129,33
chr8,34884947,34885147,33
chr8,34938880,34939080,31
chr8,34964570,34964770,11
chr8,35209437,35209637,3
chr8,35209438,35209638,14
chr8,35209440,35209640,23
chr8,35209446,35209646,33
chr8,35209464,35209664,33
chr8,35209441,35209641,34
chr8,35578842,35579042,13
chr8,35578845,35579045,33
chr8,35578863,35579063,33
chr8,35634648,35634848,13
chr8,35634657,35634857,33
chr8,35679297,35679497,1
chr8,35677827,35678027,2
chr8,35679112,35679312,2
chr8,35679308,35679508,2
chr8,35679298,35679498,12
chr8,36010112,36010312,2
chr8,36010093,36010293,21
chr8,36010094,36010294,32
chr8,41043516,41043716,3
chr8,41043525,41043725,13
chr8,41043517,41043717,14
chr8,41043281,41043481,61
chr8,42627087,42627287,21
chr8,42627088,42627288,32
chr8,42627049,42627249,33
chr8,42627067,42627267,33
chr8,46616753,46616953,2
chr8,46616748,46616948,82
chr8,46731832,46732032,3
chr8,46731836,46732036,4
chr8,46731833,46732033,14
chr8,46731844,46732044,33
chr8,46731862,46732062,33
chr8,46755930,46756130,1
chr8,46755931,46756131,12
chr8,64826689,64826889,16
chr8,64946185,64946385,8
chr8,64946185,64946385,9
chr8,64946186,64946386,17
chr8,69088501,69088701,45
chr8,69088501,69088701,95
chr8,69206243,69206443,3
chr8,69206247,69206447,4
chr8,69206237,69206437,12
chr8,69206252,69206452,13
chr8,69206244,69206444,14
chr8,69206240,69206440,31
chr8,69206255,69206455,33
chr8,69208823,69209023,63
chr8,69270808,69271008,47
chr8,69270807,69271007,78
chr8,69270807,69271007,79
chr8,69270808,69271008,97
chr8,69720385,69720585,4
chr8,69720393,69720593,13
chr8,69720506,69720706,13
chr8,69720530,69720730,31
chr8,69720509,69720709,33
chr8,69918723,69918923,63
chr8,70653211,70653411,11
chr8,70672925,70673125,2
chr8,71079215,71079415,4
chr8,71079342,71079542,22
chr8,71079301,71079501,33
chr8,71079319,71079519,33
chr8,71371582,71371782,87
chr8,71487539,71487739,2
chr8,71487546,71487746,11
chr8,71668582,71668782,26
chr8,72137249,72137449,2
chr8,72137259,72137459,3
chr8,72137260,72137460,14
chr8,72160462,72160662,2
chr8,72160279,72160479,31
chr8,72272905,72273105,1
chr8,72272906,72273106,12
chr8,72272764,72272964,31
chr8,72272909,72273109,31
chr8,72303425,72303625,3
chr8,72303422,72303622,13
chr8,72303426,72303626,14
chr8,72355027,72355227,24
chr8,72359641,72359841,11
chr8,72364230,72364430,21
chr8,72364231,72364431,32
chr8,72669283,72669483,13
chr8,72669286,72669486,33
chr8,72669304,72669504,33
chr8,72723213,72723413,39
chr8,77796152,77796352,3
chr8,77796156,77796356,4
chr8,77796141,77796341,11
chr8,77796161,77796361,13
chr8,77796153,77796353,14
chr8,77796269,77796469,21
chr8,77796166,77796366,23
chr8,77796196,77796396,23
chr8,77796231,77796431,23
chr8,77796250,77796450,23
chr8,77796237,77796437,24
chr8,77796137,77796337,31
chr8,77796270,77796470,32
chr8,77796167,77796367,34
chr8,77796197,77796397,34
chr8,77796232,77796432,34
chr8,77796251,77796451,34
chr8,78622358,78622558,63
chr8,78884444,78884644,33
chr8,78884462,78884662,33
chr8,78884504,78884704,33
chr8,79353088,79353288,33
chr8,79353106,79353306,33
chr8,80494478,80494678,11
chr8,80494481,80494681,33
chr8,81009032,81009232,13
chr8,81009035,81009235,33
chr8,81009053,81009253,33
chr8,81015647,81015847,11
chr8,81491562,81491762,74
chr8,81767267,81767467,22
chr8,81767266,81767466,61
chr8,81767266,81767466,91
chr8,81776219,81776419,2
chr8,83737258,83737458,1
chr8,83737259,83737459,12
chr8,83736717,83736917,25
chr8,83742029,83742229,1
chr8,83742216,83742416,11
chr8,83742030,83742230,12
chr8,83779364,83779564,87
chr8,84105300,84105500,11
chr8,84128256,84128456,91
chr8,84196599,84196799,51
chr8,84196872,84197072,51
chr8,84289110,84289310,2
chr8,84289174,84289374,11
chr8,84289149,84289349,33
chr8,84986449,84986649,9
chr8,84986450,84986650,17
chr8,86724434,86724634,1
chr8,86724435,86724635,12
chr8,86735344,86735544,69
chr8,88291943,88292143,70
chr8,88291943,88292143,100
chr8,88362511,88362711,1
chr8,88362512,88362712,12
chr8,88619699,88619899,33
chr8,88619476,88619676,62
chr8,88619475,88619675,71
chr8,88619475,88619675,81
chr8,90412278,90412478,33
chr8,90412296,90412496,33
chr8,94372949,94373149,8
chr8,94373435,94373635,40
chr8,94956341,94956541,24
chr8,95247525,95247725,8
chr8,95250016,95250216,21
chr8,95250017,95250217,32
chr8,105745886,105746086,2
chr8,106061060,106061260,1
chr8,106061071,106061271,2
chr8,106061065,106061265,11
chr8,106061061,106061261,12
chr8,106687477,106687677,2
chr8,108884003,108884203,2
chr8,108884095,108884295,2
chr8,108884213,108884413,2
chr8,108884259,108884459,2
chr8,108884305,108884505,2
chr8,108884353,108884553,2
chr8,108884401,108884601,2
chr8,108884493,108884693,2
chr8,108884457,108884657,9
chr8,108884048,108884248,11
chr8,108884458,108884658,17
chr8,109692526,109692726,2
chr8,109692515,109692715,11
chr8,111056036,111056236,18
chr8,111056036,111056236,19
chr8,111306134,111306334,3
chr8,111306131,111306331,11
chr8,111306087,111306287,13
chr8,111306135,111306335,14
chr8,111306090,111306290,33
chr8,111821187,111821387,2
chr8,114434720,114434920,22
chr8,114434694,114434894,33
chr8,114434712,114434912,33
chr8,114825578,114825778,66
chr8,115190240,115190440,11
chr8,115229053,115229253,52
chr8,115427057,115427257,33
chr8,115427075,115427275,33
chr8,116523406,116523606,33
chr8,116523424,116523624,33
chr8,116591301,116591501,1
chr8,116591302,116591502,12
chr8,116637677,116637877,11
chr8,119344351,119344551,38
chr8,119424296,119424496,72
chr8,119424296,119424496,82
chr8,119425212,119425412,11
chr8,119586339,119586539,11
chr8,119786276,119786476,6
chr8,119786276,119786476,9
chr8,119786277,119786477,17
chr8,119786277,119786477,20
chr8,119848725,119848925,13
chr8,119848728,119848928,33
chr8,119848746,119848946,33
chr8,120736429,120736629,24
chr8,120736440,120736640,33
chr8,121909776,121909976,31
chr8,121949790,121949990,80
chr8,121949790,121949990,90
chr8,122504979,122505179,33
chr8,122504997,122505197,33
chr8,122683420,122683620,33
chr8,122683438,122683638,33
chr8,122865496,122865696,65
chr8,122865495,122865695,86
chr8,123016165,123016365,61
chr8,123025345,123025545,24
chr8,123033904,123034104,64
chr8,123033903,123034103,83
chr8,123037370,123037570,61
chr8,123040856,123041056,1
chr8,123040857,123041057,12
chr8,123042885,123043085,13
chr8,123160564,123160764,2
chr8,123160579,123160779,6
chr8,123160579,123160779,9
chr8,123160580,123160780,17
chr8,123162559,123162759,4
chr8,123240540,123240740,13
chr8,123240543,123240743,33
chr8,123240561,123240761,33
chr8,123240579,123240779,33
chr8,123858736,123858936,42
chr8,123858735,123858935,51
chr8,124284154,124284354,1
chr8,124284155,124284355,12
chr8,124509220,124509420,58
chr8,124509220,124509420,59
chr8,124508798,124508998,68
chr8,124701423,124701623,1
chr8,124701424,124701624,12
chr8,125470320,125470520,4
chr8,125470331,125470531,33
chr8,125559030,125559230,39
chr8,125676690,125676890,13
chr8,125676693,125676893,33
chr8,125676711,125676911,33
chr8,125871450,125871650,1
chr8,125871483,125871683,11
chr8,125871451,125871651,12
chr8,126590668,126590868,1
chr8,126590297,126590497,2
chr8,126590686,126590886,2
chr8,126589402,126589602,11
chr8,126590669,126590869,12
chr8,126617007,126617207,31
chr8,126663462,126663662,22
chr8,126844081,126844281,28
chr8,126844081,126844281,29
chr8,126843976,126844176,33
chr8,126844082,126844282,37
chr8,126843964,126844164,53
chr8,126855460,126855660,87
chr8,127500156,127500356,52
chr9,3402578,3402778,33
chr9,3402596,3402796,33
chr9,3402996,3403196,53
chr9,3402997,3403197,64
chr9,3402996,3403196,83
chr9,7780170,7780370,2
chr9,7873345,7873545,2
chr9,7873334,7873534,11
chr9,11396787,11396987,51
chr9,11513320,11513520,2
chr9,11513325,11513525,13
chr9,11513334,11513534,33
chr9,11584318,11584518,7
chr9,13466030,13466230,11
chr9,13621193,13621393,33
chr9,13621220,13621420,33
chr9,13621241,13621441,33
chr9,14245012,14245212,71
chr9,14272876,14273076,1
chr9,14272877,14273077,12
chr9,14499095,14499295,8
chr9,14499095,14499295,9
chr9,14499096,14499296,17
chr9,15040375,15040575,33
chr9,15045664,15045864,3
chr9,15045670,15045870,13
chr9,15045665,15045865,14
chr9,15045673,15045873,33
chr9,20636647,20636847,69
chr9,20636647,20636847,99
chr9,21182147,21182347,88
chr9,21288711,21288911,1
chr9,21288712,21288912,12
chr9,21289632,21289832,23
chr9,21289633,21289833,34
chr9,21320436,21320636,1
chr9,21320437,21320637,12
chr9,21602215,21602415,3
chr9,21602219,21602419,4
chr9,21602212,21602412,11
chr9,21602216,21602416,14
chr9,21602226,21602426,21
chr9,21602229,21602429,23
chr9,21602227,21602427,32
chr9,21602230,21602430,34
chr9,22475230,22475430,11
chr9,24332077,24332277,11
chr9,25192432,25192632,2
chr9,25197026,25197226,16
chr9,25430853,25431053,33
chr9,25430877,25431077,38
chr9,25430877,25431077,39
chr9,26999307,26999507,66
chr9,27029979,27030179,50
chr9,27029978,27030178,56
chr9,32499809,32500009,2
chr9,32498975,32499175,22
chr9,32592127,32592327,2
chr9,32621334,32621534,4
chr9,32621348,32621548,33
chr9,32697250,32697450,51
chr9,32697251,32697451,62
chr9,32697250,32697450,81
chr9,32707604,32707804,2
chr9,32730228,32730428,26
chr9,32928470,32928670,11
chr9,32929776,32929976,19
chr9,32941966,32942166,11
chr9,32940059,32940259,92
chr9,33066073,33066273,13
chr9,33066108,33066308,22
chr9,33066076,33066276,33
chr9,33066094,33066294,33
chr9,40423935,40424135,61
chr9,40997012,40997212,11
chr9,41097649,41097849,1
chr9,41097645,41097845,2
chr9,41097638,41097838,11
chr9,41097650,41097850,12
chr9,41118739,41118939,7
chr9,41120275,41120475,13
chr9,41120278,41120478,33
chr9,41140811,41141011,44
chr9,41140810,41141010,73
chr9,41153988,41154188,2
chr9,41153999,41154199,11
chr9,42032767,42032967,88
chr9,42109005,42109205,29
chr9,42109006,42109206,37
chr9,42109016,42109216,82
chr9,42141931,42142131,52
chr9,42158801,42159001,9
chr9,42158802,42159002,17
chr9,42158802,42159002,20
chr9,42469090,42469290,11
chr9,43227219,43227419,13
chr9,43227222,43227422,33
chr9,43227240,43227440,33
chr9,44020067,44020267,21
chr9,44020068,44020268,32
chr9,44024034,44024234,18
chr9,44024034,44024234,19
chr9,44024088,44024288,80
chr9,44029897,44030097,4
chr9,44195874,44196074,3
chr9,44195875,44196075,14
chr9,44196136,44196336,60
chr9,44239258,44239458,84
chr9,44493992,44494192,66
chr9,44493992,44494192,69
chr9,44581508,44581708,2
chr9,44720667,44720867,52
chr9,44720667,44720867,82
chr9,44954388,44954588,31
chr9,45236078,45236278,6
chr9,46014773,46014973,11
chr9,46154541,46154741,18
chr9,51213046,51213246,3
chr9,51213047,51213247,14
chr9,53436285,53436485,2
chr9,54612598,54612798,2
chr9,54612410,54612610,69
chr9,56075708,56075908,3
chr9,56075709,56075909,14
chr9,56075992,56076192,30
chr9,56076806,56077006,63
chr9,56104287,56104487,6
chr9,56104287,56104487,9
chr9,56104288,56104488,17
chr9,56937142,56937342,4
chr9,57351419,57351619,13
chr9,57639796,57639996,11
chr9,57834189,57834389,11
chr9,58249816,58250016,11
chr9,58253539,58253739,61
chr9,58280463,58280663,71
chr9,58749677,58749877,22
chr9,58749612,58749812,33
chr9,58749645,58749845,33
chr9,58749663,58749863,33
chr9,61648247,61648447,2
chr9,61648285,61648485,13
chr9,61648319,61648519,21
chr9,61648320,61648520,32
chr9,61648288,61648488,33
chr9,61667620,61667820,82
chr9,61703095,61703295,1
chr9,61703084,61703284,11
chr9,61703103,61703303,11
chr9,61703096,61703296,12
chr9,61914182,61914382,75
chr9,61983597,61983797,11
chr9,62349599,62349799,23
chr9,62349600,62349800,34
chr9,63085940,63086140,14
chr9,63086672,63086872,1
chr9,63086673,63086873,12
chr9,63749035,63749235,92
chr9,63954981,63955181,33
chr9,63954999,63955199,33
chr9,65201161,65201361,3
chr9,65201165,65201365,4
chr9,65201150,65201350,11
chr9,65201162,65201362,14
chr9,65215366,65215566,54
chr9,65215366,65215566,84
chr9,65524099,65524299,21
chr9,65524100,65524300,32
chr9,65552727,65552927,63
chr9,65622753,65622953,31
chr9,66305685,66305885,11
chr9,66592034,66592234,2
chr9,66664341,66664541,13
chr9,66706109,66706309,23
chr9,66706110,66706310,34
chr9,66882171,66882371,1
chr9,66882182,66882382,2
chr9,66882172,66882372,12
chr9,66882166,66882366,62
chr9,66882165,66882365,71
chr9,66882165,66882365,81
chr9,66887994,66888194,33
chr9,66916120,66916320,18
chr9,66916120,66916320,19
chr9,66981254,66981454,1
chr9,66981246,66981446,3
chr9,66981255,66981455,12
chr9,66981266,66981466,13
chr9,66981247,66981447,14
chr9,66981257,66981457,23
chr9,66981269,66981469,33
chr9,66981258,66981458,34
chr9,67840576,67840776,91
chr9,69033968,69034168,1
chr9,69033969,69034169,12
chr9,69297738,69297938,1
chr9,69297739,69297939,12
chr9,70506177,70506377,11
chr9,70812924,70813124,11
chr9,70812872,70813072,13
chr9,70812913,70813113,22
chr9,70812875,70813075,33
chr9,70812893,70813093,33
chr9,71921021,71921221,13
chr9,71921035,71921235,21
chr9,71921038,71921238,23
chr9,71921036,71921236,32
chr9,71921030,71921230,33
chr9,71921039,71921239,34
chr9,72097127,72097327,87
chr9,72381273,72381473,3
chr9,72381294,72381494,3
chr9,72381332,72381532,3
chr9,72381371,72381571,3
chr9,72381274,72381474,14
chr9,72381295,72381495,14
chr9,72381333,72381533,14
chr9,72381372,72381572,14
chr9,72381308,72381508,21
chr9,72381263,72381463,22
chr9,72381284,72381484,22
chr9,72381305,72381505,22
chr9,72381361,72381561,22
chr9,72381382,72381582,22
chr9,72381297,72381497,23
chr9,72381343,72381543,24
chr9,72381309,72381509,32
chr9,72381298,72381498,34
chr9,72890988,72891188,6
chr9,75402116,75402316,28
chr9,75402116,75402316,29
chr9,75402117,75402317,37
chr9,75402117,75402317,40
chr9,75645441,75645641,33
chr9,77670962,77671162,1
chr9,77671254,77671454,2
chr9,77670963,77671163,12
chr9,77916955,77917155,11
chr9,79810599,79810799,22
chr9,80332053,80332253,33
chr9,80332071,80332271,33
chr9,80530695,80530895,33
chr9,80530713,80530913,33
chr9,80561965,80562165,13
chr9,80561968,80562168,33
chr9,80561986,80562186,33
chr9,80562013,80562213,33
chr9,80562031,80562231,33
chr9,85328653,85328853,74
chr9,85671632,85671832,2
chr9,88956837,88957037,13
chr9,89199146,89199346,13
chr9,90113673,90113873,54
chr9,90233211,90233411,33
chr9,90233232,90233432,33
chr9,94533450,94533650,4
chr9,94533460,94533660,22
chr9,94691962,94692162,11
chr9,94993584,94993784,54
chr9,96349978,96350178,11
chr9,96349998,96350198,11
chr9,96349707,96349907,21
chr9,96349708,96349908,32
chr9,96369432,96369632,18
chr9,96369432,96369632,19
chr9,96370025,96370225,54
chr9,96393735,96393935,74
chr9,96399127,96399327,99
chr9,96516688,96516888,2
chr9,96516699,96516899,13
chr9,96516705,96516905,33
chr9,96516729,96516929,33
chr9,96516747,96516947,33
chr9,96516765,96516965,33
chr9,96516807,96517007,33
chr9,96696384,96696584,11
chr9,100461221,100461421,20
chr9,103413055,103413255,3
chr9,103413101,103413301,11
chr9,103413056,103413256,14
chr9,103413084,103413284,21
chr9,103413085,103413285,32
chr9,103413061,103413261,33
chr9,103452255,103452455,13
chr9,103452290,103452490,21
chr9,103452291,103452491,32
chr9,103452258,103452458,33
chr9,103452276,103452476,33
chr9,104063119,104063319,11
chr9,105134386,105134586,77
chr9,105134386,105134586,87
chr9,106447197,106447397,62
chr9,106447185,106447385,69
chr9,106447196,106447396,81
chr9,107553706,107553906,47
chr9,107553706,107553906,50
chr9,107553705,107553905,59
chr9,107719263,107719463,41
chr9,107793203,107793403,3
chr9,107793209,107793409,13
chr9,107793204,107793404,14
chr9,107793236,107793436,31
chr9,107793212,107793412,33
chr9,107793230,107793430,33
chr9,107887520,107887720,16
chr9,108079294,108079494,64
chr9,108079293,108079493,83
chr9,110461674,110461874,11
chr9,112163174,112163374,33
chr9,112163192,112163392,33
chr9,112224616,112224816,2
chr9,112224646,112224846,11
chr9,113706190,113706390,63
chr9,114329942,114330142,13
chr9,114496275,114496475,2
chr9,115526297,115526497,79
chr9,116122791,116122991,13
chr9,116122806,116123006,33
chr9,116159823,116160023,33
chr9,116159841,116160041,33
chr9,116171093,116171293,3
chr9,116171094,116171294,14
chr9,116176089,116176289,11
chr9,116366392,116366592,62
chr9,116366391,116366591,71
chr9,116366391,116366591,81
chr9,116366392,116366592,92
chr9,116379902,116380102,18
chr9,116379902,116380102,19
chr9,116380123,116380323,33
chr9,116379914,116380114,68
chr9,116379914,116380114,69
chr9,118390745,118390945,2
chr9,119976668,119976868,3
chr9,119976669,119976869,14
chr9,119981790,119981990,93
chr9,120127119,120127319,2
chr9,120583238,120583438,97
chr9,120692259,120692459,56
chr9,120692259,120692459,59
chr9,121675089,121675289,1
chr9,121675090,121675290,12
chr9,121686383,121686583,69
chr9,122212887,122213087,13
chr9,122212899,122213099,38
chr9,122887145,122887345,2
chr9,123804604,123804804,1
chr9,123804605,123804805,12
chr9,124116092,124116292,21
chr9,124116093,124116293,32
chr9,124116063,124116263,33
chr9,124116081,124116281,33
chr9,124132975,124133175,69
chr10,4341680,4341880,13
chr10,4341621,4341821,19
chr10,4712891,4713091,13
chr10,4712909,4713109,13
chr10,4712903,4713103,33
chr10,4712924,4713124,33
chr10,4712942,4713142,33
chr10,4868403,4868603,13
chr10,4868406,4868606,33
chr10,4868424,4868624,33
chr10,5197463,5197663,24
chr10,5203112,5203312,13
chr10,5203121,5203321,33
chr10,5203139,5203339,33
chr10,6949049,6949249,2
chr10,6949073,6949273,11
chr10,6949091,6949291,11
chr10,7391357,7391557,95
chr10,7473884,7474084,36
chr10,7954483,7954683,1
chr10,7954484,7954684,12
chr10,8066244,8066444,24
chr10,8066212,8066412,33
chr10,8066230,8066430,33
chr10,8505662,8505862,38
chr10,8530151,8530351,3
chr10,8530152,8530352,14
chr10,9147799,9147999,31
chr10,9147739,9147939,33
chr10,9147757,9147957,33
chr10,9147793,9147993,33
chr10,9750204,9750404,13
chr10,9750216,9750416,33
chr10,9750234,9750434,33
chr10,10186271,10186471,10
chr10,10186721,10186921,64
chr10,10186720,10186920,83
chr10,10186721,10186921,94
chr10,10320873,10321073,2
chr10,10320893,10321093,2
chr10,10320854,10321054,11
chr10,10321006,10321206,21
chr10,10320975,10321175,22
chr10,10321007,10321207,32
chr10,12455136,12455336,33
chr10,12455154,12455354,33
chr10,12455172,12455372,33
chr10,12688792,12688992,33
chr10,12688810,12689010,33
chr10,12688828,12689028,33
chr10,12688933,12689133,33
chr10,12688975,12689175,33
chr10,12689026,12689226,33
chr10,12689044,12689244,33
chr10,12689062,12689262,33
chr10,12689080,12689280,33
chr10,12689098,12689298,33
chr10,12689116,12689316,33
chr10,12788423,12788623,13
chr10,12788426,12788626,33
chr10,12812626,12812826,13
chr10,12812637,12812837,23
chr10,12812638,12812838,34
chr10,12813781,12813981,84
chr10,13193285,13193485,1
chr10,13193286,13193486,12
chr10,13868471,13868671,2
chr10,13982599,13982799,2
chr10,14043425,14043625,69
chr10,14325108,14325308,63
chr10,14326153,14326353,67
chr10,14326152,14326352,89
chr10,17722555,17722755,11
chr10,17946628,17946828,1
chr10,17946629,17946829,12
chr10,18196898,18197098,11
chr10,18210806,18211006,33
chr10,18470732,18470932,24
chr10,19014274,19014474,10
chr10,19094152,19094352,11
chr10,19185940,19186140,2
chr10,19189290,19189490,58
chr10,19188731,19188931,62
chr10,19188730,19188930,81
chr10,19368657,19368857,13
chr10,19368660,19368860,33
chr10,19474281,19474481,1
chr10,19474282,19474482,12
chr10,19474264,19474464,31
chr10,19474252,19474452,33
chr10,19494251,19494451,11
chr10,19494306,19494506,11
chr10,19494799,19494999,98
chr10,19530196,19530396,82
chr10,20050345,20050545,13
chr10,20050348,20050548,33
chr10,20050366,20050566,33
chr10,20281338,20281538,1
chr10,20281339,20281539,12
chr10,20281327,20281527,31
chr10,20502674,20502874,33
chr10,20502692,20502892,33
chr10,20502713,20502913,33
chr10,20586445,20586645,13
chr10,20586448,20586648,33
chr10,20586466,20586666,33
chr10,21239154,21239354,6
chr10,21419601,21419801,11
chr10,21906514,21906714,2
chr10,21906525,21906725,11
chr10,21992449,21992649,11
chr10,22346073,22346273,2
chr10,26139447,26139647,23
chr10,26139427,26139627,33
chr10,26139448,26139648,34
chr10,26301253,26301453,33
chr10,26301271,26301471,33
chr10,26799310,26799510,2
chr10,28667952,28668152,4
chr10,28669109,28669309,11
chr10,28668028,28668228,54
chr10,28668028,28668228,84
chr10,34110993,34111193,23
chr10,34110994,34111194,34
chr10,37193065,37193265,33
chr10,37232219,37232419,62
chr10,37232218,37232418,81
chr10,37252462,37252662,13
chr10,37252479,37252679,21
chr10,37252480,37252680,32
chr10,37252465,37252665,33
chr10,37279872,37280072,33
chr10,37279890,37280090,33
chr10,37892070,37892270,22
chr10,37892076,37892276,27
chr10,37892044,37892244,33
chr10,37892062,37892262,33
chr10,38215569,38215769,13
chr10,38215572,38215772,33
chr10,38215590,38215790,33
chr10,38881082,38881282,75
chr10,38881082,38881282,85
chr10,39612582,39612782,2
chr10,39731651,39731851,2
chr10,40162961,40163161,11
chr10,40191166,40191366,11
chr10,40203684,40203884,13
chr10,40203687,40203887,33
chr10,40203705,40203905,33
chr10,40418103,40418303,33
chr10,40478941,40479141,2
chr10,41473674,41473874,38
chr10,41785755,41785955,13
chr10,41785758,41785958,33
chr10,41785776,41785976,33
chr10,41887830,41888030,11
chr10,42219079,42219279,84
chr10,42270673,42270873,2
chr10,42862250,42862450,3
chr10,42862251,42862451,14
chr10,42864174,42864374,49
chr10,42864159,42864359,87
chr10,42867910,42868110,11
chr10,42867884,42868084,13
chr10,42867898,42868098,21
chr10,42867902,42868102,31
chr10,42867899,42868099,32
chr10,42867887,42868087,33
chr10,42886658,42886858,11
chr10,42897677,42897877,11
chr10,42899172,42899372,30
chr10,42901197,42901397,1
chr10,42901208,42901408,2
chr10,42901198,42901398,12
chr10,42901224,42901424,13
chr10,42962148,42962348,74
chr10,54076294,54076494,13
chr10,57485988,57486188,41
chr10,58370299,58370499,2
chr10,58642210,58642410,1
chr10,58642233,58642433,1
chr10,58642200,58642400,2
chr10,58642239,58642439,3
chr10,58642216,58642416,11
chr10,58642211,58642411,12
chr10,58642234,58642434,12
chr10,58642245,58642445,13
chr10,58642240,58642440,14
chr10,58642248,58642448,33
chr10,58642266,58642466,33
chr10,59322450,59322650,73
chr10,59973959,59974159,6
chr10,60002378,60002578,2
chr10,60350144,60350344,53
chr10,60380727,60380927,11
chr10,60380747,60380947,11
chr10,61233774,61233974,51
chr10,61559269,61559469,53
chr10,61559270,61559470,64
chr10,61559269,61559469,83
chr10,62862383,62862583,4
chr10,63382192,63382392,1
chr10,63382193,63382393,12
chr10,63386361,63386561,3
chr10,63386362,63386562,14
chr10,63386350,63386550,21
chr10,63386356,63386556,24
chr10,63386351,63386551,32
chr10,63386327,63386527,33
chr10,63386345,63386545,33
chr10,63386373,63386573,33
chr10,67068847,67069047,11
chr10,67069044,67069244,27
chr10,67069044,67069244,30
chr10,67069045,67069245,33
chr10,67071428,67071628,51
chr10,67311759,67311959,13
chr10,67311762,67311962,33
chr10,67311783,67311983,33
chr10,67546887,67547087,22
chr10,67546870,67547070,33
chr10,67644791,67644991,3
chr10,67644783,67644983,13
chr10,67644792,67644992,14
chr10,67644777,67644977,22
chr10,67644795,67644995,31
chr10,68192030,68192230,13
chr10,68238677,68238877,1
chr10,68238683,68238883,2
chr10,68241022,68241222,2
chr10,68238701,68238901,4
chr10,68238678,68238878,12
chr10,68506481,68506681,13
chr10,68506532,68506732,31
chr10,68506508,68506708,33
chr10,70039975,70040175,58
chr10,70039976,70040176,100
chr10,71239790,71239990,11
chr10,75032081,75032281,13
chr10,75032084,75032284,33
chr10,77258844,77259044,24
chr10,77520140,77520340,8
chr10,77520140,77520340,9
chr10,77520141,77520341,17
chr10,78089141,78089341,11
chr10,78089171,78089371,11
chr10,78088870,78089070,13
chr10,78088908,78089108,21
chr10,78088909,78089109,32
chr10,78088873,78089073,33
chr10,78088891,78089091,33
chr10,78115263,78115463,3
chr10,78115264,78115464,14
chr10,78399252,78399452,67
chr10,78399252,78399452,70
chr10,78399251,78399451,89
chr10,78420752,78420952,49
chr10,78505405,78505605,33
chr10,78505423,78505623,33
chr10,79855268,79855468,100
chr10,79984790,79984990,2
chr10,80024600,80024800,11
chr10,80248564,80248764,33
chr10,80590252,80590452,45
chr10,80590251,80590451,58
chr10,80695457,80695657,21
chr10,80695458,80695658,32
chr10,80900426,80900626,51
chr10,80900427,80900627,62
chr10,80900426,80900626,81
chr10,81105433,81105633,2
chr10,81105439,81105639,3
chr10,81105444,81105644,11
chr10,81105440,81105640,14
chr10,81128779,81128979,7
chr10,81286272,81286472,11
chr10,81329244,81329444,31
chr10,81331011,81331211,3
chr10,81331012,81331212,14
chr10,81357227,81357427,2
chr10,82773259,82773459,3
chr10,82773240,82773440,11
chr10,82773256,82773456,13
chr10,82773260,82773460,14
chr10,82773268,82773468,33
chr10,82887133,82887333,39
chr10,82891283,82891483,22
chr10,84768606,84768806,4
chr10,84768611,84768811,13
chr10,84768622,84768822,21
chr10,84768623,84768823,32
chr10,84768614,84768814,33
chr10,84815928,84816128,33
chr10,85128566,85128766,31
chr10,85169846,85170046,13
chr10,85169849,85170049,33
chr10,85169867,85170067,33
chr10,85430932,85431132,33
chr10,85941183,85941383,13
chr10,85941186,85941386,33
chr10,85941204,85941404,33
chr10,86803392,86803592,13
chr10,86803395,86803595,33
chr10,86803413,86803613,33
chr10,88202618,88202818,97
chr10,91107700,91107900,33
chr10,91259924,91260124,33
chr10,91259942,91260142,33
chr10,91259966,91260166,33
chr10,91270821,91271021,2
chr10,91270826,91271026,3
chr10,91270827,91271027,14
chr10,93158509,93158709,1
chr10,93158499,93158699,2
chr10,93158565,93158765,2
chr10,93158488,93158688,11
chr10,93158521,93158721,11
chr10,93158510,93158710,12
chr10,93158533,93158733,13
chr10,93158517,93158717,31
chr10,93159674,93159874,3
chr10,93159675,93159875,14
chr10,93162585,93162785,2
chr10,93172839,93173039,21
chr10,93172840,93173040,32
chr10,93192088,93192288,13
chr10,93451682,93451882,74
chr10,93451682,93451882,84
chr10,93541612,93541812,1
chr10,93540402,93540602,11
chr10,93541613,93541813,12
chr10,94426401,94426601,53
chr10,94426402,94426602,64
chr10,94426401,94426601,83
chr10,95055760,95055960,52
chr10,95261187,95261387,2
chr10,95668217,95668417,1
chr10,95668218,95668418,12
chr10,95668140,95668340,22
chr10,95668143,95668343,24
chr10,95668123,95668323,33
chr10,95668154,95668354,33
chr10,95698574,95698774,33
chr10,95699034,95699234,72
chr10,95699034,95699234,82
chr10,96136948,96137148,11
chr10,96200738,96200938,60
chr10,96204109,96204309,2
chr10,96240538,96240738,11
chr10,96325164,96325364,11
chr10,96333485,96333685,2
chr10,96374022,96374222,36
chr10,96496547,96496747,33
chr10,96569863,96570063,1
chr10,96569864,96570064,12
chr10,96571640,96571840,22
chr10,96571691,96571891,24
chr10,96571690,96571890,63
chr10,96571690,96571890,93
chr10,96600129,96600329,11
chr10,96606706,96606906,13
chr10,96606709,96606909,33
chr10,96651890,96652090,67
chr10,96651889,96652089,89
chr10,96723144,96723344,3
chr10,96723145,96723345,14
chr10,96838248,96838448,13
chr10,96838237,96838437,22
chr10,98728721,98728921,7
chr10,99262844,99263044,2
chr10,99416972,99417172,22
chr10,100701519,100701719,13
chr10,100701522,100701722,33
chr10,100701540,100701740,33
chr10,101988383,101988583,13
chr10,101988386,101988586,33
chr10,101988404,101988604,33
chr10,107872757,107872957,11
chr10,111164045,111164245,13
chr10,111165782,111165982,27
chr10,111164048,111164248,33
chr10,111168050,111168250,33
chr10,111226714,111226914,4
chr10,111468431,111468631,33
chr10,111468449,111468649,33
chr10,111525499,111525699,13
chr10,111525502,111525702,33
chr10,111525520,111525720,33
chr10,111946136,111946336,21
chr10,111946137,111946337,32
chr10,111946113,111946313,33
chr10,111946131,111946331,33
chr10,115495159,115495359,13
chr10,115495162,115495362,33
chr10,115495180,115495380,33
chr10,115495156,115495356,63
chr10,116565469,116565669,11
chr10,116930740,116930940,87
chr10,117112348,117112548,2
chr10,117432818,117433018,71
chr10,117432980,117433180,82
chr10,117833949,117834149,59
chr10,117836653,117836853,2
chr10,117836868,117837068,33
chr10,117836904,117837104,33
chr10,117863845,117864045,2
chr10,117863834,117864034,11
chr10,117863889,117864089,11
chr10,117863918,117864118,22
chr10,117925896,117926096,1
chr10,117925897,117926097,12
chr10,117959507,117959707,11
chr10,117959527,117959727,11
chr10,117983857,117984057,3
chr10,117983858,117984058,14
chr10,118049986,118050186,33
chr10,118604435,118604635,1
chr10,118604430,118604630,2
chr10,118604458,118604658,2
chr10,118604473,118604673,3
chr10,118604424,118604624,11
chr10,118604447,118604647,11
chr10,118604436,118604636,12
chr10,118604479,118604679,13
chr10,118604474,118604674,14
chr10,118604487,118604687,22
chr10,118766335,118766535,11
chr10,118793676,118793876,61
chr10,118878273,118878473,1
chr10,118878284,118878484,2
chr10,118878294,118878494,4
chr10,118878262,118878462,11
chr10,118878312,118878512,11
chr10,118878274,118878474,12
chr10,118884625,118884825,69
chr10,118884653,118884853,69
chr10,118884625,118884825,99
chr10,118929786,118929986,24
chr10,119004380,119004580,53
chr10,119004381,119004581,64
chr10,119004380,119004580,83
chr10,119039962,119040162,2
chr10,120193134,120193334,3
chr10,120193135,120193335,14
chr10,121189353,121189553,3
chr10,121189354,121189554,14
chr10,121297468,121297668,80
chr10,121420688,121420888,1
chr10,121420694,121420894,2
chr10,121420699,121420899,3
chr10,121420689,121420889,12
chr10,121420705,121420905,13
chr10,121420700,121420900,14
chr10,121420555,121420755,31
chr10,121420717,121420917,31
chr10,121420708,121420908,33
chr10,122601651,122601851,33
chr10,122734441,122734641,27
chr10,123250628,123250828,13
chr10,123250631,123250831,33
chr10,123250649,123250849,33
chr10,127076448,127076648,11
chr10,127107953,127108153,11
chr10,127125557,127125757,1
chr10,127125596,127125796,4
chr10,127125558,127125758,12
chr10,127136021,127136221,11
chr10,127150388,127150588,2
chr10,127175119,127175319,38
chr10,127225548,127225748,21
chr10,127225549,127225749,32
chr10,127289289,127289489,24
chr10,127321301,127321501,65
chr10,127321301,127321501,70
chr10,127512847,127513047,18
chr10,127512847,127513047,19
chr10,127709823,127710023,2
chr10,127709838,127710038,3
chr10,127709844,127710044,13
chr10,127709839,127710039,14
chr10,127709876,127710076,21
chr10,127709877,127710077,32
chr10,127709847,127710047,33
chr10,127709865,127710065,33
chr10,128188473,128188673,13
chr10,128409537,128409737,61
chr10,128409537,128409737,91
chr10,128491659,128491859,100
chr10,128726919,128727119,82
chr10,130327823,130328023,31
chr11,4159963,4160163,1
chr11,4159964,4160164,12
chr11,4246760,4246960,47
chr11,4246759,4246959,59
chr11,4289091,4289291,22
chr11,4497584,4497784,31
chr11,4848562,4848762,11
chr11,5074893,5075093,13
chr11,5074896,5075096,33
chr11,6000223,6000423,19
chr11,6000864,6001064,87
chr11,6000864,6001064,90
chr11,6150861,6151061,2
chr11,6152969,6153169,23
chr11,6152970,6153170,34
chr11,6410445,6410645,3
chr11,6410440,6410640,4
chr11,6410446,6410646,14
chr11,6528969,6529169,24
chr11,6567848,6568048,2
chr11,6679930,6680130,33
chr11,6907075,6907275,33
chr11,6907093,6907293,33
chr11,11508627,11508827,8
chr11,11508628,11508828,15
chr11,11719409,11719609,1
chr11,11719410,11719610,12
chr11,11766377,11766577,11
chr11,11788261,11788461,1
chr11,11788265,11788465,4
chr11,11788262,11788462,12
chr11,11788273,11788473,13
chr11,11788728,11788928,18
chr11,11788276,11788476,33
chr11,11977193,11977393,21
chr11,11977194,11977394,32
chr11,11977170,11977370,33
chr11,11977188,11977388,33
chr11,17192537,17192737,77
chr11,17212108,17212308,71
chr11,17212109,17212309,92
chr11,17953288,17953488,11
chr11,19979064,19979264,33
chr11,20340655,20340855,27
chr11,20340623,20340823,33
chr11,20340641,20340841,33
chr11,21074722,21074922,13
chr11,21074731,21074931,33
chr11,21171985,21172185,74
chr11,21176899,21177099,56
chr11,21176899,21177099,59
chr11,21176900,21177100,97
chr11,22842141,22842341,33
chr11,22842646,22842846,85
chr11,22842646,22842846,90
chr11,22845006,22845206,2
chr11,22846765,22846965,67
chr11,22846764,22846964,79
chr11,22846764,22846964,89
chr11,22981854,22982054,3
chr11,22981855,22982055,14
chr11,23781969,23782169,8
chr11,23849020,23849220,25
chr11,30182234,30182434,2
chr11,31892204,31892404,24
chr11,32000065,32000265,2
chr11,32000076,32000276,11
chr11,32011455,32011655,2
chr11,32014559,32014759,13
chr11,32580886,32581086,9
chr11,32580887,32581087,17
chr11,32580887,32581087,20
chr11,34049448,34049648,93
chr11,34054480,34054680,33
chr11,34428059,34428259,33
chr11,34428341,34428541,33
chr11,34428359,34428559,33
chr11,36209847,36210047,13
chr11,36210080,36210280,31
chr11,36209808,36210008,33
chr11,36209826,36210026,33
chr11,36209886,36210086,33
chr11,36209910,36210110,33
chr11,43359047,43359247,96
chr11,43426267,43426467,2
chr11,43761293,43761493,33
chr11,43761311,43761511,33
chr11,43776699,43776899,33
chr11,43776717,43776917,33
chr11,46089962,46090162,29
chr11,46089830,46090030,33
chr11,46089963,46090163,37
chr11,46275476,46275676,22
chr11,46308802,46309002,9
chr11,46308803,46309003,17
chr11,46308803,46309003,20
chr11,46373037,46373237,9
chr11,46373038,46373238,17
chr11,46386303,46386503,33
chr11,48788106,48788306,23
chr11,48788107,48788307,34
chr11,48901422,48901622,33
chr11,49084554,49084754,21
chr11,49084555,49084755,32
chr11,49086192,49086392,2
chr11,49086161,49086361,13
chr11,49086164,49086364,33
chr11,49086859,49087059,92
chr11,49204316,49204516,61
chr11,49244898,49245098,2
chr11,50377462,50377662,2
chr11,51539865,51540065,4
chr11,51763416,51763616,31
chr11,51857171,51857371,76
chr11,51939187,51939387,87
chr11,52270862,52271062,22
chr11,52299930,52300130,67
chr11,52299929,52300129,86
chr11,52299929,52300129,89
chr11,52326580,52326780,11
chr11,52326592,52326792,13
chr11,52326604,52326804,33
chr11,52341956,52342156,3
chr11,52341957,52342157,14
chr11,52352535,52352735,2
chr11,52352545,52352745,3
chr11,52352529,52352729,11
chr11,52352551,52352751,13
chr11,52352546,52352746,14
chr11,52352554,52352754,33
chr11,52352518,52352718,52
chr11,52352518,52352718,82
chr11,53132842,53133042,97
chr11,53277823,53278023,13
chr11,53277812,53278012,22
chr11,53277826,53278026,33
chr11,53800051,53800251,1
chr11,53800052,53800252,12
chr11,53841565,53841765,86
chr11,53892813,53893013,11
chr11,53892802,53893002,22
chr11,54151463,54151663,84
chr11,54155797,54155997,54
chr11,54155797,54155997,84
chr11,54807926,54808126,33
chr11,54835213,54835413,33
chr11,55064097,55064297,33
chr11,55064115,55064315,33
chr11,60032538,60032738,68
chr11,60076882,60077082,21
chr11,60076883,60077083,32
chr11,60101614,60101814,33
chr11,60101823,60102023,33
chr11,60232391,60232591,11
chr11,61266684,61266884,2
chr11,62280870,62281070,11
chr11,62507463,62507663,1
chr11,62507464,62507664,12
chr11,62550724,62550924,2
chr11,63984740,63984940,51
chr11,64013304,64013504,22
chr11,64085811,64086011,77
chr11,64085811,64086011,80
chr11,64085811,64086011,87
chr11,64085811,64086011,90
chr11,68453549,68453749,21
chr11,68453552,68453752,23
chr11,68453550,68453750,32
chr11,68453553,68453753,34
chr11,68549606,68549806,33
chr11,69011890,69012090,2
chr11,69041047,69041247,1
chr11,69041048,69041248,12
chr11,69059011,69059211,31
chr11,69124658,69124858,2
chr11,69124779,69124979,42
chr11,69123814,69124014,61
chr11,69124778,69124978,71
chr11,69366668,69366868,47
chr11,69396149,69396349,35
chr11,69581884,69582084,57
chr11,69632357,69632557,54
chr11,69632357,69632557,84
chr11,69662239,69662439,62
chr11,69662238,69662438,81
chr11,69682216,69682416,1
chr11,69682209,69682409,11
chr11,69682217,69682417,12
chr11,70410313,70410513,2
chr11,70410302,70410502,21
chr11,70410303,70410503,32
chr11,70435811,70436011,2
chr11,70536776,70536976,13
chr11,70536779,70536979,33
chr11,70536797,70536997,33
chr11,70629699,70629899,1
chr11,70630060,70630260,11
chr11,70629700,70629900,12
chr11,70630095,70630295,13
chr11,70669661,70669861,2
chr11,70789156,70789356,24
chr11,70792378,70792578,2
chr11,70804120,70804320,11
chr11,70804132,70804332,13
chr11,71953606,71953806,33
chr11,71953624,71953824,33
chr11,72427077,72427277,13
chr11,72795883,72796083,11
chr11,73084402,73084602,70
chr11,74770460,74770660,2
chr11,75934020,75934220,13
chr11,75999777,75999977,2
chr11,76038109,76038309,51
chr11,76038110,76038310,62
chr11,76038109,76038309,81
chr11,76479267,76479467,39
chr11,76732878,76733078,1
chr11,76732879,76733079,12
chr11,77372015,77372215,67
chr11,77372026,77372226,69
chr11,77372014,77372214,89
chr11,77686357,77686557,11
chr11,77793001,77793201,1
chr11,77793002,77793202,12
chr11,78169542,78169742,2
chr11,78176871,78177071,45
chr11,78176870,78177070,78
chr11,78215776,78215976,24
chr11,78679388,78679588,4
chr11,78766767,78766967,1
chr11,78766782,78766982,3
chr11,78766786,78766986,4
chr11,78766779,78766979,11
chr11,78766768,78766968,12
chr11,78766791,78766991,13
chr11,78766783,78766983,14
chr11,78780829,78781029,61
chr11,78823053,78823253,11
chr11,79530000,79530200,3
chr11,79530001,79530201,14
chr11,80072585,80072785,2
chr11,80323271,80323471,33
chr11,80382921,80383121,2
chr11,80382911,80383111,22
chr11,82974340,82974540,33
chr11,84217148,84217348,1
chr11,84217154,84217354,3
chr11,84217143,84217343,11
chr11,84217149,84217349,12
chr11,84217155,84217355,14
chr11,84217168,84217368,24
chr11,84818088,84818288,80
chr11,84869004,84869204,3
chr11,84869005,84869205,14
chr11,86581730,86581930,3
chr11,86581734,86581934,4
chr11,86581719,86581919,11
chr11,86581731,86581931,14
chr11,86599202,86599402,21
chr11,86599203,86599403,32
chr11,86599170,86599370,33
chr11,86599188,86599388,33
chr11,86814955,86815155,2
chr11,86815042,86815242,13
chr11,87426244,87426444,2
chr11,87426255,87426455,11
chr11,87426251,87426451,31
chr11,87427704,87427904,33
chr11,87444089,87444289,66
chr11,87444089,87444289,96
chr11,87737063,87737263,2
chr11,87752853,87753053,1
chr11,87752859,87753059,2
chr11,87752848,87753048,11
chr11,87752854,87753054,12
chr11,87756895,87757095,21
chr11,87756896,87757096,32
chr11,87758296,87758496,59
chr11,87936813,87937013,3
chr11,87936814,87937014,14
chr11,88086967,88087167,31
chr11,88145597,88145797,74
chr11,88576857,88577057,3
chr11,88576858,88577058,14
chr11,89058677,89058877,29
chr11,89058678,89058878,37
chr11,89058678,89058878,40
chr11,94169377,94169577,2
chr11,94253207,94253407,11
chr11,94716553,94716753,11
chr11,94998666,94998866,1
chr11,94998667,94998867,12
chr11,95336324,95336524,67
chr11,95336323,95336523,79
chr11,95336323,95336523,89
chr11,95352966,95353166,52
chr11,95358874,95359074,2
chr11,95413529,95413729,2
chr11,95858574,95858774,72
chr11,95858574,95858774,82
chr11,96422387,96422587,4
chr11,96455568,96455768,49
chr11,96467992,96468192,11
chr11,96468752,96468952,24
chr11,96697243,96697443,2
chr11,96867122,96867322,23
chr11,96867123,96867323,34
chr11,97142447,97142647,53
chr11,97142448,97142648,64
chr11,97142447,97142647,83
chr11,97718971,97719171,3
chr11,97718975,97719175,4
chr11,97718960,97719160,11
chr11,97718980,97719180,13
chr11,97718972,97719172,14
chr11,97728015,97728215,33
chr11,97883306,97883506,2
chr11,97883290,97883490,3
chr11,97883316,97883516,3
chr11,97883275,97883475,11
chr11,97883291,97883491,14
chr11,97883317,97883517,14
chr11,97905538,97905738,6
chr11,97946344,97946544,13
chr11,97946364,97946564,13
chr11,97946378,97946578,22
chr11,97946355,97946555,23
chr11,97946367,97946567,33
chr11,97946356,97946556,34
chr11,98464411,98464611,87
chr11,98863210,98863410,11
chr11,98938626,98938826,33
chr11,98939888,98940088,96
chr11,99065987,99066187,33
chr11,99105560,99105760,13
chr11,99166508,99166708,69
chr11,99171434,99171634,93
chr11,99361110,99361310,33
chr11,99361128,99361328,33
chr11,100326641,100326841,33
chr11,100819008,100819208,33
chr11,100822123,100822323,1
chr11,100822128,100822328,2
chr11,100822135,100822335,11
chr11,100822124,100822324,12
chr11,100822333,100822533,22
chr11,100824709,100824909,69
chr11,100845778,100845978,4
chr11,100846829,100847029,2
chr11,100847531,100847731,21
chr11,100847532,100847732,32
chr11,100848783,100848983,4
chr11,100937949,100938149,38
chr11,100937949,100938149,39
chr11,101225425,101225625,3
chr11,101225429,101225629,4
chr11,101225422,101225622,11
chr11,101225434,101225634,13
chr11,101225426,101225626,14
chr11,101225449,101225649,31
chr11,101225437,101225637,33
chr11,101657784,101657984,8
chr11,101657785,101657985,15
chr11,103222227,103222427,3
chr11,103222233,103222433,13
chr11,103222228,103222428,14
chr11,103222236,103222436,33
chr11,103255025,103255225,2
chr11,103254991,103255191,3
chr11,103254992,103255192,14
chr11,103255014,103255214,21
chr11,103255015,103255215,32
chr11,103254997,103255197,33
chr11,103266184,103266384,27
chr11,103266184,103266384,30
chr11,103266408,103266608,33
chr11,104346963,104347163,13
chr11,104346999,104347199,13
chr11,104382952,104383152,13
chr11,104382955,104383155,33
chr11,104550949,104551149,11
chr11,104609629,104609829,11
chr11,106167057,106167257,11
chr11,106201558,106201758,87
chr11,106387749,106387949,11
chr11,106562889,106563089,24
chr11,106665028,106665228,1
chr11,106665021,106665221,11
chr11,106665029,106665229,12
chr11,106665040,106665240,13
chr11,106665049,106665249,33
chr11,106673885,106674085,11
chr11,106675155,106675355,21
chr11,106675156,106675356,32
chr11,106745440,106745640,2
chr11,106745370,106745570,11
chr11,106745398,106745598,11
chr11,106745376,106745576,13
chr11,106745387,106745587,22
chr11,106770255,106770455,1
chr11,106770261,106770461,2
chr11,106770256,106770456,12
chr11,106770413,106770613,33
chr11,106770244,106770444,61
chr11,106778321,106778521,1
chr11,106778314,106778514,11
chr11,106778322,106778522,12
chr11,106778302,106778502,21
chr11,106778303,106778503,32
chr11,106919531,106919731,11
chr11,106963294,106963494,1
chr11,106963274,106963474,2
chr11,106963222,106963422,11
chr11,106963240,106963440,11
chr11,106963295,106963495,12
chr11,106963246,106963446,13
chr11,106963263,106963463,21
chr11,106963269,106963469,22
chr11,106963264,106963464,32
chr11,106963255,106963455,33
chr11,106963965,106964165,2
chr11,107012044,107012244,2
chr11,107012029,107012229,11
chr11,107101469,107101669,9
chr11,107101470,107101670,17
chr11,107450944,107451144,1
chr11,107450516,107450716,2
chr11,107450523,107450723,11
chr11,107450945,107451145,12
chr11,107456050,107456250,13
chr11,107456053,107456253,33
chr11,107458403,107458603,66
chr11,107464040,107464240,2
chr11,108238140,108238340,33
chr11,108238158,108238358,33
chr11,109362223,109362423,2
chr11,109419501,109419701,11
chr11,109472775,109472975,11
chr11,109560724,109560924,72
chr11,109560724,109560924,82
chr11,109758796,109758996,18
chr11,109758796,109758996,19
chr11,114872792,114872992,11
chr11,114877231,114877431,1
chr11,114877232,114877432,12
chr11,115174320,115174520,22
chr11,115358416,115358616,11
chr11,115408769,115408969,3
chr11,115409132,115409332,4
chr11,115408770,115408970,14
chr11,115408302,115408502,93
chr11,115508024,115508224,7
chr11,115707493,115707693,3
chr11,115707482,115707682,11
chr11,115707494,115707694,14
chr11,116274268,116274468,59
chr11,116688086,116688286,56
chr11,116688086,116688286,59
chr11,116688087,116688287,67
chr11,116688086,116688286,86
chr11,116688086,116688286,89
chr11,117242784,117242984,3
chr11,117242785,117242985,14
chr11,117639459,117639659,67
chr11,117639458,117639658,79
chr11,117639458,117639658,89
chr11,117639459,117639659,97
chr11,117653477,117653677,2
chr11,117909452,117909652,31
chr11,117954418,117954618,11
chr11,118113608,118113808,9
chr11,118113609,118113809,17
chr11,118113609,118113809,20
chr11,118145602,118145802,85
chr11,118145487,118145687,87
chr11,118152515,118152715,1
chr11,118152456,118152656,3
chr11,118152197,118152397,4
chr11,118152519,118152719,4
chr11,118152488,118152688,11
chr11,118152508,118152708,11
chr11,118152516,118152716,12
chr11,118152457,118152657,14
chr11,118227151,118227351,36
chr11,118227162,118227362,56
chr11,118234502,118234702,1
chr11,118234503,118234703,12
chr11,118236206,118236406,11
chr11,118236224,118236424,11
chr11,118242880,118243080,71
chr11,118402719,118402919,1
chr11,118402720,118402920,12
chr11,118402744,118402944,13
chr11,118402747,118402947,33
chr11,119143127,119143327,2
chr11,119163455,119163655,9
chr11,119163456,119163656,17
chr11,119163456,119163656,20
chr11,120825671,120825871,1
chr11,120825672,120825872,12
chr11,121100461,121100661,3
chr11,121100446,121100646,11
chr11,121100458,121100658,13
chr11,121100462,121100662,14
chr12,3426421,3426621,22
chr12,3569422,3569622,33
chr12,3740277,3740477,21
chr12,3740281,3740481,31
chr12,3740278,3740478,32
chr12,3981591,3981791,70
chr12,4020120,4020320,33
chr12,4065817,4066017,1
chr12,4065807,4066007,2
chr12,4065828,4066028,3
chr12,4065832,4066032,4
chr12,4065825,4066025,11
chr12,4065818,4066018,12
chr12,4065837,4066037,13
chr12,4065829,4066029,14
chr12,8846836,8847036,3
chr12,8846837,8847037,14
chr12,8969039,8969239,3
chr12,8969045,8969245,13
chr12,8969040,8969240,14
chr12,8969077,8969277,21
chr12,8969072,8969272,31
chr12,8969078,8969278,32
chr12,8969048,8969248,33
chr12,8969066,8969266,33
chr12,11210506,11210706,21
chr12,11210507,11210707,32
chr12,12263623,12263823,2
chr12,12289635,12289835,3
chr12,12289636,12289836,14
chr12,12289647,12289847,33
chr12,15813778,15813978,63
chr12,16210898,16211098,33
chr12,16215507,16215707,33
chr12,16528883,16529083,67
chr12,16528882,16529082,89
chr12,16568480,16568680,21
chr12,16568481,16568681,32
chr12,16591893,16592093,25
chr12,21462344,21462544,11
chr12,21462391,21462591,13
chr12,25455217,25455417,2
chr12,25455154,25455354,13
chr12,25455207,25455407,22
chr12,25455157,25455357,33
chr12,25455175,25455375,33
chr12,28735978,28736178,61
chr12,32009029,32009229,1
chr12,32009030,32009230,12
chr12,32486895,32487095,33
chr12,32900054,32900254,33
chr12,32900072,32900272,33
chr12,33036623,33036823,33
chr12,33302024,33302224,11
chr12,33429176,33429376,2
chr12,35198388,35198588,11
chr12,35198465,35198665,31
chr12,35198447,35198647,33
chr12,35198468,35198668,33
chr12,36039824,36040024,74
chr12,36042498,36042698,85
chr12,36136430,36136630,31
chr12,38778375,38778575,13
chr12,38778378,38778578,33
chr12,40223427,40223627,47
chr12,40223427,40223627,50
chr12,40223427,40223627,97
chr12,40223427,40223627,100
chr12,40253486,40253686,33
chr12,40535317,40535517,78
chr12,40535317,40535517,88
chr12,41787037,41787237,11
chr12,41787055,41787255,11
chr12,41786990,41787190,13
chr12,41787025,41787225,21
chr12,41787026,41787226,32
chr12,41786993,41787193,33
chr12,41787011,41787211,33
chr12,46057745,46057945,33
chr12,46057775,46057975,33
chr12,46057805,46058005,33
chr12,51848253,51848453,11
chr12,52035130,52035330,2
chr12,52035150,52035350,2
chr12,52035170,52035370,2
chr12,54660293,54660493,7
chr12,54660268,54660468,8
chr12,54660268,54660468,9
chr12,54660269,54660469,17
chr12,55489371,55489571,24
chr12,55921222,55921422,13
chr12,55921225,55921425,33
chr12,55921243,55921443,33
chr12,55921261,55921461,33
chr12,59207077,59207277,1
chr12,59207078,59207278,12
chr12,59216505,59216705,21
chr12,59216506,59216706,32
chr12,65340802,65341002,3
chr12,65340799,65340999,13
chr12,65340803,65341003,14
chr12,65340834,65341034,21
chr12,65340837,65341037,23
chr12,65340835,65341035,32
chr12,65340811,65341011,33
chr12,65340829,65341029,33
chr12,65340838,65341038,34
chr12,69257530,69257730,2
chr12,69257519,69257719,11
chr12,69355548,69355748,13
chr12,69355568,69355768,13
chr12,69355587,69355787,13
chr12,69355536,69355736,21
chr12,69355556,69355756,21
chr12,69355576,69355776,22
chr12,69355539,69355739,23
chr12,69355559,69355759,23
chr12,69355579,69355779,24
chr12,69355537,69355737,32
chr12,69355557,69355757,32
chr12,69355571,69355771,33
chr12,69355590,69355790,33
chr12,69355653,69355853,33
chr12,69355540,69355740,34
chr12,69355560,69355760,34
chr12,69421149,69421349,8
chr12,69421149,69421349,9
chr12,69421150,69421350,17
chr12,69421138,69421338,61
chr12,69475639,69475839,3
chr12,69475640,69475840,14
chr12,69516441,69516641,97
chr12,69516441,69516641,100
chr12,69935232,69935432,13
chr12,69935235,69935435,33
chr12,69935253,69935453,33
chr12,70107902,70108102,3
chr12,70107903,70108103,14
chr12,70133780,70133980,23
chr12,70133757,70133957,33
chr12,70133781,70133981,34
chr12,70940967,70941167,69
chr12,70968733,70968933,2
chr12,70969360,70969560,11
chr12,71017261,71017461,64
chr12,71017260,71017460,73
chr12,71017260,71017460,83
chr12,71933525,71933725,2
chr12,71933545,71933745,2
chr12,73382026,73382226,11
chr12,73382070,73382270,11
chr12,73592488,73592688,11
chr12,73597709,73597909,11
chr12,73693318,73693518,2
chr12,74024021,74024221,13
chr12,74024032,74024232,24
chr12,74024211,74024411,24
chr12,74024043,74024243,33
chr12,74024197,74024397,33
chr12,76345865,76346065,24
chr12,76362629,76362829,2
chr12,76376689,76376889,18
chr12,76537719,76537919,2
chr12,76537739,76537939,3
chr12,76537740,76537940,14
chr12,76537750,76537950,22
chr12,76970027,76970227,2
chr12,76970121,76970321,33
chr12,76970139,76970339,33
chr12,77130477,77130677,31
chr12,77177235,77177435,11
chr12,77178779,77178979,11
chr12,77178822,77179022,11
chr12,77178791,77178991,13
chr12,77259161,77259361,13
chr12,77259164,77259364,33
chr12,77259182,77259382,33
chr12,77259156,77259356,54
chr12,77534306,77534506,51
chr12,77534307,77534507,62
chr12,77534306,77534506,81
chr12,77537419,77537619,4
chr12,78978640,78978840,1
chr12,78978625,78978825,2
chr12,78978641,78978841,12
chr12,78978652,78978852,13
chr12,78978664,78978864,33
chr12,80116417,80116617,7
chr12,80273621,80273821,2
chr12,80273632,80273832,11
chr12,83772629,83772829,33
chr12,83772647,83772847,33
chr12,83833639,83833839,13
chr12,83833642,83833842,33
chr12,83833660,83833860,33
chr12,83987368,83987568,1
chr12,83987369,83987569,12
chr12,84194390,84194590,69
chr12,84217565,84217765,13
chr12,84245449,84245649,3
chr12,84245450,84245650,14
chr12,84407578,84407778,11
chr12,84762427,84762627,2
chr12,84770101,84770301,2
chr12,84772543,84772743,7
chr12,85794482,85794682,2
chr12,85794464,85794664,11
chr12,85794493,85794693,13
chr12,85794496,85794696,33
chr12,85794514,85794714,33
chr12,85794532,85794732,33
chr12,85973836,85974036,31
chr12,85973770,85973970,66
chr12,86810438,86810638,61
chr12,86829484,86829684,13
chr12,86834006,86834206,31
chr12,86835377,86835577,31
chr12,86946692,86946892,8
chr12,86946692,86946892,9
chr12,86946693,86946893,17
chr12,87179130,87179330,3
chr12,87179131,87179331,14
chr12,87179136,87179336,33
chr12,87179160,87179360,33
chr12,87416859,87417059,22
chr12,89719834,89720034,2
chr12,89950280,89950480,40
chr12,91566021,91566221,11
chr12,91566024,91566224,33
chr12,91566042,91566242,33
chr12,91588568,91588768,11
chr12,91799276,91799476,2
chr12,91799427,91799627,3
chr12,91799428,91799628,14
chr12,91799436,91799636,33
chr12,92823190,92823390,66
chr12,93019681,93019881,23
chr12,93019682,93019882,34
chr12,98269753,98269953,36
chr12,98746387,98746587,2
chr12,99633653,99633853,1
chr12,99633654,99633854,12
chr12,100168484,100168684,11
chr12,100190376,100190576,21
chr12,100190405,100190605,22
chr12,100190379,100190579,23
chr12,100190409,100190609,31
chr12,100190377,100190577,32
chr12,100190394,100190594,33
chr12,100190380,100190580,34
chr12,100537933,100538133,33
chr12,100537951,100538151,33
chr12,100539234,100539434,28
chr12,100539234,100539434,29
chr12,100539235,100539435,37
chr12,100544195,100544395,56
chr12,100544195,100544395,86
chr12,100635983,100636183,7
chr12,100887443,100887643,1
chr12,100887444,100887644,12
chr12,100887580,100887780,76
chr12,101015841,101016041,29
chr12,101015842,101016042,37
chr12,101017571,101017771,18
chr12,101017571,101017771,19
chr12,102034099,102034299,13
chr12,102034132,102034332,21
chr12,102034119,102034319,22
chr12,102034122,102034322,24
chr12,102034133,102034333,32
chr12,102034102,102034302,33
chr12,102613345,102613545,27
chr12,102629259,102629459,77
chr12,105728076,105728276,21
chr12,105728077,105728277,32
chr12,107047609,107047809,3
chr12,107047610,107047810,14
chr12,107130069,107130269,84
chr12,107146346,107146546,16
chr12,107734357,107734557,8
chr12,107919639,107919839,3
chr12,107918688,107918888,4
chr12,107919640,107919840,14
chr12,107919650,107919850,22
chr12,107960921,107961121,61
chr12,107976909,107977109,16
chr12,107976909,107977109,19
chr12,107977926,107978126,53
chr12,107977927,107978127,94
chr12,107997692,107997892,1
chr12,107997685,107997885,11
chr12,107997693,107997893,12
chr12,107999130,107999330,68
chr12,107999130,107999330,98
chr12,108637384,108637584,8
chr12,109119381,109119581,13
chr12,109119384,109119584,33
chr12,109119402,109119602,33
chr12,109119420,109119620,33
chr12,110494782,110494982,2
chr12,110494776,110494976,11
chr12,110506424,110506624,91
chr12,110601079,110601279,72
chr12,110601079,110601279,82
chr12,111164415,111164615,68
chr12,111164415,111164615,69
chr12,111164415,111164615,98
chr12,111164415,111164615,99
chr12,111914120,111914320,11
chr12,112587130,112587330,31
chr12,112855694,112855894,72
chr12,112856405,112856605,38
chr12,112856405,112856605,39
chr12,112858193,112858393,40
chr12,112967931,112968131,11
chr12,112976969,112977169,43
chr12,112984186,112984386,2
chr12,112984213,112984413,13
chr12,112984216,112984416,33
chr12,113152480,113152680,72
chr12,113392634,113392834,1
chr12,113392791,113392991,4
chr12,113392635,113392835,12
chr12,113392877,113393077,33
chr12,113392895,113393095,33
chr12,113392913,113393113,33
chr12,113392931,113393131,33
chr12,113412968,113413168,13
chr12,113413003,113413203,22
chr12,113413006,113413206,24
chr12,113412971,113413171,33
chr12,113412992,113413192,33
chr12,113481446,113481646,21
chr12,113481447,113481647,32
chr12,114007724,114007924,11
chr12,114203367,114203567,21
chr12,114203368,114203568,32
chr12,114203338,114203538,33
chr12,114203356,114203556,33
chr12,114483822,114484022,33
chr12,114483840,114484040,33
chr12,114656225,114656425,1
chr12,114656276,114656476,4
chr12,114656226,114656426,12
chr12,114656284,114656484,13
chr12,114656295,114656495,23
chr12,114656296,114656496,34
chr12,115055070,115055270,80
chr12,115055070,115055270,90
chr12,115215728,115215928,22
chr12,115215731,115215931,24
chr12,115215705,115215905,33
chr12,115215723,115215923,33
chr12,115379756,115379956,22
chr12,115379739,115379939,23
chr12,115379759,115379959,24
chr12,115379722,115379922,33
chr12,115379751,115379951,33
chr12,115379740,115379940,34
chr12,115471248,115471448,33
chr12,115471266,115471466,33
chr12,115851704,115851904,1
chr12,115851705,115851905,12
chr12,115851716,115851916,13
chr12,115851728,115851928,31
chr12,115851719,115851919,33
chr12,117655277,117655477,13
chr12,117655286,117655486,33
chr12,118300739,118300939,33
chr13,3526274,3526474,13
chr13,5845430,5845630,31
chr13,5890375,5890575,11
chr13,5890305,5890505,22
chr13,5890282,5890482,33
chr13,8456662,8456862,16
chr13,8456662,8456862,19
chr13,8831594,8831794,69
chr13,9426021,9426221,61
chr13,9763182,9763382,92
chr13,12344314,12344514,33
chr13,12349483,12349683,1
chr13,12349484,12349684,12
chr13,12485079,12485279,33
chr13,12485097,12485297,33
chr13,13537767,13537967,58
chr13,13537767,13537967,59
chr13,13537768,13537968,67
chr13,13537767,13537967,88
chr13,13537767,13537967,89
chr13,13537768,13537968,97
chr13,13556998,13557198,97
chr13,13572230,13572430,11
chr13,17679616,17679816,4
chr13,17679552,17679752,33
chr13,17679570,17679770,33
chr13,20090406,20090606,57
chr13,21441190,21441390,33
chr13,21884660,21884860,27
chr13,21884660,21884860,30
chr13,22050821,22051021,22
chr13,22050824,22051024,24
chr13,23446930,23447130,2
chr13,23446941,23447141,11
chr13,23517223,23517423,2
chr13,23517238,23517438,11
chr13,23532048,23532248,1
chr13,23597767,23597967,74
chr13,23697224,23697424,1
chr13,23697225,23697425,12
chr13,24231379,24231579,6
chr13,24231379,24231579,9
chr13,24231380,24231580,17
chr13,24518171,24518371,31
chr13,24518220,24518420,31
chr13,24518261,24518461,31
chr13,24599541,24599741,26
chr13,24607169,24607369,2
chr13,24613437,24613637,1
chr13,24613438,24613638,12
chr13,28417966,28418166,31
chr13,28552062,28552262,3
chr13,28552063,28552263,14
chr13,28600922,28601122,49
chr13,28684824,28685024,4
chr13,28951252,28951452,33
chr13,29488658,29488858,13
chr13,29488661,29488861,33
chr13,29488679,29488879,33
chr13,29756110,29756310,4
chr13,29983793,29983993,2
chr13,30732952,30733152,54
chr13,30733166,30733366,61
chr13,30733279,30733479,71
chr13,31503359,31503559,2
chr13,33965504,33965704,2
chr13,34838033,34838233,2
chr13,34838051,34838251,2
chr13,34993346,34993546,2
chr13,34993335,34993535,11
chr13,34993351,34993551,13
chr13,34993369,34993569,33
chr13,36117076,36117276,2
chr13,36117098,36117298,3
chr13,36117087,36117287,11
chr13,36117099,36117299,14
chr13,36117109,36117309,22
chr13,37148626,37148826,2
chr13,38938703,38938903,22
chr13,41000739,41000939,2
chr13,41249229,41249429,4
chr13,41373082,41373282,53
chr13,41373083,41373283,94
chr13,41946230,41946430,11
chr13,41948781,41948981,11
chr13,43452172,43452372,2
chr13,43555348,43555548,62
chr13,43555347,43555547,81
chr13,43906000,43906200,91
chr13,45048543,45048743,13
chr13,45048804,45049004,13
chr13,45048792,45048992,31
chr13,45048546,45048746,33
chr13,45048609,45048809,33
chr13,45048630,45048830,33
chr13,45048732,45048932,33
chr13,45048780,45048980,33
chr13,45048807,45049007,33
chr13,45048837,45049037,33
chr13,45048867,45049067,33
chr13,45048900,45049100,33
chr13,45048936,45049136,33
chr13,45048960,45049160,33
chr13,45048999,45049199,33
chr13,45109969,45110169,5
chr13,45371601,45371801,1
chr13,45371602,45371802,12
chr13,45390664,45390864,95
chr13,45691861,45692061,13
chr13,45691849,45692049,31
chr13,45691867,45692067,33
chr13,45875976,45876176,3
chr13,45875977,45876177,14
chr13,46725070,46725270,71
chr13,46737883,46738083,10
chr13,46735884,46736084,11
chr13,46923143,46923343,31
chr13,46923137,46923337,33
chr13,49242332,49242532,53
chr13,51637703,51637903,2
chr13,51730913,51731113,69
chr13,51749303,51749503,2
chr13,51958695,51958895,4
chr13,51958728,51958928,13
chr13,51958731,51958931,33
chr13,51958749,51958949,33
chr13,52331185,52331385,20
chr13,52793446,52793646,69
chr13,55017749,55017949,39
chr13,55328865,55329065,7
chr13,55727057,55727257,69
chr13,56141600,56141800,31
chr13,56153654,56153854,1
chr13,56153665,56153865,2
chr13,56153655,56153855,12
chr13,56546371,56546571,23
chr13,56546265,56546465,33
chr13,56546342,56546542,33
chr13,56546360,56546560,33
chr13,56546397,56546597,33
chr13,56546467,56546667,33
chr13,56546372,56546572,34
chr13,58126601,58126801,51
chr13,58126602,58126802,62
chr13,58126601,58126801,81
chr13,59028564,59028764,11
chr13,59790013,59790213,33
chr13,59790031,59790231,33
chr13,60839384,60839584,2
chr13,60839591,60839791,2
chr13,60839080,60839280,58
chr13,60849559,60849759,13
chr13,60849610,60849810,21
chr13,60849611,60849811,32
chr13,60849562,60849762,33
chr13,60848196,60848396,64
chr13,60848195,60848395,83
chr13,60848196,60848396,94
chr13,63528804,63529004,31
chr13,63563382,63563582,82
chr13,73467462,73467662,45
chr13,73467461,73467661,56
chr13,73737460,73737660,28
chr13,73737461,73737661,40
chr13,74769908,74770108,1
chr13,74769919,74770119,4
chr13,74769909,74770109,12
chr13,74770921,74771121,71
chr13,74963528,74963728,13
chr13,74963531,74963731,33
chr13,74963549,74963749,33
chr13,75034751,75034951,61
chr13,75266059,75266259,13
chr13,75266062,75266262,33
chr13,75266080,75266280,33
chr13,77710466,77710666,31
chr13,77710451,77710651,33
chr13,77710469,77710669,33
chr13,81352205,81352405,1
chr13,81352206,81352406,12
chr13,81784009,81784209,2
chr13,85289757,85289957,31
chr13,85290044,85290244,63
chr13,85430256,85430456,2
chr13,85430396,85430596,58
chr13,85430396,85430596,59
chr13,85430397,85430597,67
chr13,85430396,85430596,88
chr13,85430396,85430596,89
chr13,85479373,85479573,8
chr13,85552444,85552644,11
chr13,85552755,85552955,33
chr13,85552773,85552973,33
chr13,85553109,85553309,75
chr13,85553109,85553309,85
chr13,89127154,89127354,2
chr13,89127164,89127364,3
chr13,89127170,89127370,13
chr13,89127165,89127365,14
chr13,89127149,89127349,22
chr13,89127173,89127373,33
chr13,89401309,89401509,72
chr13,89401309,89401509,82
chr13,90089843,90090043,47
chr13,90089843,90090043,97
chr13,91452908,91453108,2
chr13,91462598,91462798,3
chr13,91462593,91462793,4
chr13,91462599,91462799,14
chr13,91462604,91462804,33
chr13,91484235,91484435,1
chr13,91484225,91484425,2
chr13,91484236,91484436,12
chr13,93073022,93073222,87
chr13,93192656,93192856,2
chr13,93192649,93192849,21
chr13,93192650,93192850,32
chr13,93890849,93891049,33
chr13,93890867,93891067,33
chr13,95813949,95814149,72
chr13,95956232,95956432,4
chr13,95964599,95964799,33
chr13,96492213,96492413,3
chr13,96492237,96492437,3
chr13,96492217,96492417,4
chr13,96492241,96492441,4
chr13,96492206,96492406,11
chr13,96492222,96492422,13
chr13,96492214,96492414,14
chr13,96492238,96492438,14
chr13,96492227,96492427,22
chr13,96492234,96492434,31
chr13,96492249,96492449,33
chr13,97162133,97162333,11
chr13,97162247,97162447,11
chr13,97242638,97242838,7
chr13,97439765,97439965,4
chr13,99269525,99269725,33
chr13,99269543,99269743,33
chr13,100742042,100742242,2
chr13,100742020,100742220,13
chr13,100742025,100742225,21
chr13,100742045,100742245,21
chr13,100742049,100742249,31
chr13,100742026,100742226,32
chr13,100742046,100742246,32
chr13,101538340,101538540,22
chr13,101696904,101697104,11
chr13,101701830,101702030,2
chr13,101701836,101702036,11
chr13,101701784,101701984,26
chr13,101701784,101701984,29
chr13,101701785,101701985,37
chr13,101706804,101707004,33
chr13,101759469,101759669,67
chr13,101759469,101759669,70
chr13,101759468,101759668,86
chr13,101759468,101759668,89
chr13,101759469,101759669,97
chr13,101759469,101759669,100
chr13,101946771,101946971,2
chr13,101946776,101946976,3
chr13,101946782,101946982,13
chr13,101946777,101946977,14
chr13,101946785,101946985,33
chr13,101946803,101947003,33
chr13,103921637,103921837,7
chr13,103919243,103919443,13
chr13,104055395,104055595,13
chr13,104055398,104055598,33
chr13,104055416,104055616,33
chr13,104122999,104123199,33
chr13,104123017,104123217,33
chr13,104286213,104286413,2
chr13,104286239,104286439,2
chr13,104286224,104286424,11
chr13,104937982,104938182,2
chr13,104937992,104938192,3
chr13,104937998,104938198,13
chr13,104937993,104938193,14
chr13,104938006,104938206,21
chr13,104938007,104938207,32
chr13,104938001,104938201,33
chr13,107094371,107094571,2
chr13,107890555,107890755,8
chr13,107890556,107890756,20
chr13,107902999,107903199,96
chr13,107902999,107903199,99
chr13,108170056,108170256,4
chr13,108297047,108297247,11
chr13,108302759,108302959,26
chr13,108453003,108453203,33
chr13,108453021,108453221,33
chr13,108453039,108453239,33
chr13,108762797,108762997,21
chr13,108762798,108762998,32
chr13,108762783,108762983,33
chr13,109231081,109231281,13
chr13,109231084,109231284,33
chr13,109819662,109819862,21
chr13,109819663,109819863,32
chr13,109819939,109820139,76
chr13,109819939,109820139,86
chr13,110018858,110019058,22
chr13,110018861,110019061,24
chr13,111796890,111797090,11
chr13,111868636,111868836,77
chr13,111895332,111895532,3
chr13,111895338,111895538,13
chr13,111895333,111895533,14
chr13,111895341,111895541,33
chr13,112002830,112003030,62
chr13,112002829,112003029,81
chr13,112450207,112450407,9
chr13,112450208,112450408,17
chr13,113614570,113614770,39
chr13,114580449,114580649,33
chr13,114580506,114580706,33
chr13,117028831,117029031,2
chr13,117048751,117048951,61
chr13,117052001,117052201,29
chr13,117052002,117052202,37
chr13,117053437,117053637,33
chr13,117053455,117053655,33
chr13,117053476,117053676,33
chr13,117053494,117053694,33
chr13,117188804,117189004,13
chr13,117188792,117188992,31
chr13,117188795,117188995,33
chr13,117211264,117211464,4
chr13,117220090,117220290,2
chr13,118387599,118387799,2
chr13,118387610,118387810,11
chr14,7768739,7768939,3
chr14,7768740,7768940,14
chr14,8469089,8469289,11
chr14,8469015,8469215,13
chr14,8469018,8469218,33
chr14,8469036,8469236,33
chr14,10454111,10454311,11
chr14,10639711,10639911,13
chr14,10639714,10639914,33
chr14,10723964,10724164,13
chr14,10723967,10724167,33
chr14,10723985,10724185,33
chr14,10724003,10724203,33
chr14,13961178,13961378,62
chr14,13961177,13961377,71
chr14,13961177,13961377,81
chr14,13961178,13961378,92
chr14,14294787,14294987,1
chr14,14294788,14294988,12
chr14,14354062,14354262,47
chr14,14353558,14353758,63
chr14,14353659,14353859,87
chr14,14353903,14354103,87
chr14,14354072,14354272,87
chr14,15145284,15145484,33
chr14,15145308,15145508,33
chr14,15145326,15145526,33
chr14,16165400,16165600,7
chr14,16171226,16171426,11
chr14,16181817,16182017,16
chr14,16196501,16196701,11
chr14,16196545,16196745,11
chr14,16243547,16243747,8
chr14,16243548,16243748,20
chr14,16243383,16243583,38
chr14,18001906,18002106,27
chr14,18331054,18331254,1
chr14,18331055,18331255,12
chr14,18331066,18331266,19
chr14,18605537,18605737,33
chr14,18654092,18654292,1
chr14,18654185,18654385,8
chr14,18654093,18654293,12
chr14,18654137,18654337,13
chr14,18654140,18654340,33
chr14,18666027,18666227,2
chr14,20697152,20697352,94
chr14,20884969,20885169,1
chr14,20884959,20885159,2
chr14,20885481,20885681,2
chr14,20884970,20885170,12
chr14,26579080,26579280,21
chr14,26579081,26579281,32
chr14,26591139,26591339,33
chr14,26670081,26670281,7
chr14,27238206,27238406,4
chr14,27238202,27238402,23
chr14,27238203,27238403,34
chr14,27339335,27339535,85
chr14,27346794,27346994,33
chr14,27349390,27349590,11
chr14,27349432,27349632,11
chr14,27356519,27356719,22
chr14,27356522,27356722,24
chr14,27392270,27392470,11
chr14,27403158,27403358,11
chr14,27412859,27413059,16
chr14,29967666,29967866,2
chr14,29978140,29978340,1
chr14,29978146,29978346,11
chr14,29978141,29978341,12
chr14,30654607,30654807,4
chr14,31272361,31272561,2
chr14,31272383,31272583,2
chr14,31272403,31272603,2
chr14,31272367,31272567,11
chr14,31408330,31408530,19
chr14,31432782,31432982,69
chr14,31535742,31535942,13
chr14,31670108,31670308,3
chr14,31670109,31670309,14
chr14,31781837,31782037,2
chr14,33422077,33422277,2
chr14,33422072,33422272,11
chr14,33422144,33422344,33
chr14,33422162,33422362,33
chr14,34715694,34715894,1
chr14,34715698,34715898,4
chr14,34715687,34715887,11
chr14,34715695,34715895,12
chr14,34715665,34715865,13
chr14,34715679,34715879,21
chr14,34715676,34715876,22
chr14,34715711,34715911,23
chr14,34715683,34715883,31
chr14,34715680,34715880,32
chr14,34715668,34715868,33
chr14,34715712,34715912,34
chr14,36864275,36864475,2
chr14,36953011,36953211,91
chr14,37017331,37017531,13
chr14,37017334,37017534,33
chr14,37017352,37017552,33
chr14,37103052,37103252,13
chr14,37103055,37103255,33
chr14,37103073,37103273,33
chr14,37103091,37103291,33
chr14,46821361,46821561,13
chr14,47394916,47395116,1
chr14,47394917,47395117,12
chr14,47418036,47418236,23
chr14,47418037,47418237,34
chr14,51087986,51088186,1
chr14,51087992,51088192,2
chr14,51087987,51088187,12
chr14,51892338,51892538,6
chr14,52119612,52119812,2
chr14,52119623,52119823,11
chr14,52166495,52166695,11
chr14,52256497,52256697,13
chr14,52256508,52256708,21
chr14,52256509,52256709,32
chr14,52504851,52505051,23
chr14,52504840,52505040,33
chr14,52504852,52505052,34
chr14,53045416,53045616,92
chr14,53560342,53560542,82
chr14,53650083,53650283,82
chr14,53878540,53878740,11
chr14,53961647,53961847,61
chr14,53961647,53961847,91
chr14,54049397,54049597,19
chr14,54060478,54060678,77
chr14,54060478,54060678,80
chr14,54060478,54060678,87
chr14,54060478,54060678,90
chr14,54178550,54178750,9
chr14,54178551,54178751,17
chr14,54178551,54178751,20
chr14,54182298,54182498,3
chr14,54181949,54182149,4
chr14,54182299,54182499,14
chr14,54216957,54217157,22
chr14,54226591,54226791,24
chr14,54518348,54518548,2
chr14,54603787,54603987,2
chr14,54651047,54651247,22
chr14,54686080,54686280,31
chr14,54739533,54739733,33
chr14,54739551,54739751,33
chr14,54739569,54739769,33
chr14,55014815,55015015,68
chr14,55560177,55560377,11
chr14,55918126,55918326,4
chr14,55918134,55918334,13
chr14,55918137,55918337,33
chr14,57278305,57278505,3
chr14,57278282,57278482,11
chr14,57278302,57278502,13
chr14,57278306,57278506,14
chr14,57278314,57278514,33
chr14,57278332,57278532,33
chr14,57972182,57972382,44
chr14,57972181,57972381,53
chr14,59695006,59695206,6
chr14,60264982,60265182,27
chr14,60738294,60738494,33
chr14,61599296,61599496,63
chr14,61634298,61634498,33
chr14,61634316,61634516,33
chr14,62870342,62870542,11
chr14,62940857,62941057,67
chr14,62940856,62941056,88
chr14,62940856,62941056,89
chr14,63544024,63544224,2
chr14,65102473,65102673,31
chr14,65353776,65353976,13
chr14,65353779,65353979,33
chr14,65353797,65353997,33
chr14,66228914,66229114,36
chr14,66231955,66232155,30
chr14,66276571,66276771,3
chr14,66276577,66276777,13
chr14,66276572,66276772,14
chr14,66276580,66276780,33
chr14,66276604,66276804,33
chr14,66280253,66280453,1
chr14,66280260,66280460,2
chr14,66280254,66280454,12
chr14,67010067,67010267,9
chr14,67010068,67010268,17
chr14,67715527,67715727,38
chr14,67892665,67892865,13
chr14,67892686,67892886,31
chr14,67892668,67892868,33
chr14,68050706,68050906,2
chr14,70065556,70065756,84
chr14,70076011,70076211,33
chr14,70074819,70075019,57
chr14,70181326,70181526,2
chr14,70181337,70181537,11
chr14,70276774,70276974,23
chr14,70276775,70276975,34
chr14,70284350,70284550,11
chr14,70333491,70333691,11
chr14,70741177,70741377,13
chr14,70741180,70741380,33
chr14,70741198,70741398,33
chr14,71434148,71434348,11
chr14,71434214,71434414,33
chr14,71434232,71434432,33
chr14,72072985,72073185,4
chr14,72072996,72073196,33
chr14,72073080,72073280,33
chr14,72073107,72073307,33
chr14,72073146,72073346,33
chr14,72073250,72073450,33
chr14,72073295,72073495,33
chr14,72073340,72073540,33
chr14,72073367,72073567,33
chr14,72073415,72073615,33
chr14,73049022,73049222,1
chr14,73049023,73049223,12
chr14,73254023,73254223,11
chr14,73398283,73398483,1
chr14,73398284,73398484,12
chr14,73532749,73532949,33
chr14,73532767,73532967,33
chr14,74906129,74906329,11
chr14,75177796,75177996,3
chr14,75177800,75178000,4
chr14,75177793,75177993,11
chr14,75177805,75178005,13
chr14,75177797,75177997,14
chr14,75180874,75181074,27
chr14,75180874,75181074,30
chr14,76594208,76594408,2
chr14,76594219,76594419,13
chr14,76594197,76594397,31
chr14,76594222,76594422,33
chr14,77867486,77867686,1
chr14,77867247,77867447,11
chr14,77867487,77867687,12
chr14,77870745,77870945,31
chr14,77915203,77915403,3
chr14,77915204,77915404,14
chr14,77994566,77994766,1
chr14,77994562,77994762,2
chr14,77994572,77994772,3
chr14,77994567,77994767,12
chr14,77994578,77994778,13
chr14,77994573,77994773,14
chr14,77994581,77994781,33
chr14,78382163,78382363,11
chr14,78844729,78844929,11
chr14,78844686,78844886,31
chr14,78844662,78844862,33
chr14,79331260,79331460,77
chr14,79331260,79331460,80
chr14,79530533,79530733,2
chr14,79550980,79551180,23
chr14,79550986,79551186,33
chr14,79550981,79551181,34
chr14,79558000,79558200,2
chr14,79559072,79559272,2
chr14,79590890,79591090,66
chr14,86682215,86682415,11
chr14,87147362,87147562,1
chr14,87147363,87147563,12
chr14,87147540,87147740,21
chr14,87147537,87147737,22
chr14,87147541,87147741,32
chr14,87452078,87452278,33
chr14,99105159,99105359,26
chr14,99449575,99449775,3
chr14,99449576,99449776,14
chr14,102906301,102906501,3
chr14,102906305,102906505,4
chr14,102906298,102906498,11
chr14,102906302,102906502,14
chr14,103195467,103195667,33
chr14,103345792,103345992,93
chr14,103709683,103709883,33
chr14,103709701,103709901,33
chr14,103709719,103709919,33
chr14,115362528,115362728,33
chr14,115362546,115362746,33
chr14,115362618,115362818,33
chr14,115362684,115362884,33
chr14,115362738,115362938,33
chr14,118932996,118933196,2
chr14,118932986,118933186,62
chr14,118932974,118933174,69
chr14,118932985,118933185,81
chr14,120520099,120520299,3
chr14,120520100,120520300,14
chr14,121291106,121291306,62
chr14,121291105,121291305,71
chr14,121291105,121291305,81
chr14,121324623,121324823,53
chr14,121365761,121365961,2
chr14,121370927,121371127,2
chr14,121370933,121371133,4
chr14,121370938,121371138,13
chr14,121370941,121371141,33
chr14,121455532,121455732,2
chr14,121455484,121455684,11
chr14,121455521,121455721,11
chr14,122655407,122655607,13
chr14,122655410,122655610,33
chr14,122655428,122655628,33
chr14,122902134,122902334,11
chr15,3995182,3995382,1
chr15,3995183,3995383,12
chr15,3994870,3995070,21
chr15,3994871,3995071,32
chr15,5107912,5108112,2
chr15,5367630,5367830,13
chr15,5367624,5367824,23
chr15,5367674,5367874,24
chr15,5367633,5367833,33
chr15,5367651,5367851,33
chr15,5367625,5367825,34
chr15,5367890,5368090,57
chr15,5367890,5368090,87
chr15,5510271,5510471,18
chr15,5514296,5514496,72
chr15,5514296,5514496,82
chr15,6579604,6579804,31
chr15,6602064,6602264,4
chr15,7987184,7987384,4
chr15,8442773,8442973,3
chr15,8442774,8442974,14
chr15,8444250,8444450,11
chr15,9179744,9179944,2
chr15,9509798,9509998,18
chr15,9509798,9509998,19
chr15,9566917,9567117,21
chr15,9566918,9567118,32
chr15,9575173,9575373,60
chr15,9701750,9701950,11
chr15,9702517,9702717,11
chr15,9701766,9701966,13
chr15,9745498,9745698,11
chr15,9745510,9745710,13
chr15,9745521,9745721,21
chr15,9745504,9745704,23
chr15,9745522,9745722,32
chr15,9745513,9745713,33
chr15,9745505,9745705,34
chr15,11533815,11534015,27
chr15,12009715,12009915,74
chr15,12009715,12009915,84
chr15,12010099,12010299,2
chr15,12010102,12010302,21
chr15,12010103,12010303,32
chr15,25227888,25228088,64
chr15,25227887,25228087,83
chr15,25227888,25228088,94
chr15,25314377,25314577,2
chr15,25314388,25314588,11
chr15,25896925,25897125,31
chr15,27596962,27597162,1
chr15,27596963,27597163,12
chr15,27784908,27785108,87
chr15,27784908,27785108,90
chr15,27827341,27827541,72
chr15,27827341,27827541,82
chr15,27868734,27868934,13
chr15,27868737,27868937,33
chr15,27868755,27868955,33
chr15,30663492,30663692,72
chr15,30672285,30672485,33
chr15,30672303,30672503,33
chr15,31225893,31226093,1
chr15,31225899,31226099,3
chr15,31225894,31226094,12
chr15,31225900,31226100,14
chr15,31225907,31226107,22
chr15,33083690,33083890,47
chr15,33083690,33083890,50
chr15,33083689,33083889,78
chr15,33083689,33083889,79
chr15,36214222,36214422,4
chr15,36303708,36303908,69
chr15,36333989,36334189,11
chr15,36336260,36336460,1
chr15,36336256,36336456,3
chr15,36336125,36336325,11
chr15,36336261,36336461,12
chr15,36336257,36336457,14
chr15,36336245,36336445,31
chr15,36458527,36458727,1
chr15,36458528,36458728,12
chr15,36652441,36652641,2
chr15,36666971,36667171,11
chr15,36781116,36781316,93
chr15,36799915,36800115,8
chr15,36799916,36800116,20
chr15,36937641,36937841,13
chr15,36937644,36937844,33
chr15,39905032,39905232,58
chr15,39905032,39905232,88
chr15,39906977,39907177,62
chr15,39906976,39907176,71
chr15,39906976,39907176,81
chr15,41981672,41981872,11
chr15,41981678,41981878,13
chr15,41981692,41981892,21
chr15,41981801,41982001,21
chr15,41981693,41981893,32
chr15,41981802,41982002,32
chr15,50361525,50361725,62
chr15,50361524,50361724,81
chr15,50400573,50400773,52
chr15,50400287,50400487,62
chr15,50400286,50400486,81
chr15,51871005,51871205,1
chr15,51871013,51871213,11
chr15,51871006,51871206,12
chr15,52749873,52750073,1
chr15,52749874,52750074,12
chr15,53113700,53113900,31
chr15,53140483,53140683,21
chr15,53140484,53140684,32
chr15,53216512,53216712,11
chr15,53563938,53564138,13
chr15,53563941,53564141,33
chr15,53563959,53564159,33
chr15,55851632,55851832,4
chr15,55919906,55920106,24
chr15,55919917,55920117,33
chr15,55919935,55920135,33
chr15,57772314,57772514,67
chr15,57772313,57772513,79
chr15,57772313,57772513,89
chr15,57973136,57973336,35
chr15,58060597,58060797,13
chr15,58060614,58060814,22
chr15,58060603,58060803,33
chr15,58060832,58061032,33
chr15,58060850,58061050,33
chr15,58140921,58141121,13
chr15,58697888,58698088,33
chr15,59280350,59280550,33
chr15,59712973,59713173,13
chr15,59713002,59713202,22
chr15,59712976,59713176,33
chr15,59712994,59713194,33
chr15,59913102,59913302,62
chr15,59913219,59913419,62
chr15,59913101,59913301,81
chr15,59913218,59913418,81
chr15,59936684,59936884,10
chr15,60036526,60036726,2
chr15,60036633,60036833,2
chr15,60036542,60036742,11
chr15,60036644,60036844,11
chr15,60036606,60036806,13
chr15,60036628,60036828,21
chr15,60036617,60036817,23
chr15,60036530,60036730,31
chr15,60036629,60036829,32
chr15,60036609,60036809,33
chr15,60036618,60036818,34
chr15,60123590,60123790,2
chr15,60123640,60123840,13
chr15,60123651,60123851,21
chr15,60123652,60123852,32
chr15,60123620,60123820,33
chr15,60130244,60130444,21
chr15,60130245,60130445,32
chr15,60130239,60130439,33
chr15,60136298,60136498,13
chr15,60136301,60136501,33
chr15,60309602,60309802,28
chr15,61409021,61409221,92
chr15,61546800,61547000,9
chr15,61546801,61547001,17
chr15,61670510,61670710,72
chr15,61670510,61670710,82
chr15,62391416,62391616,33
chr15,62391434,62391634,33
chr15,62391452,62391652,33
chr15,62752876,62753076,19
chr15,64021780,64021980,2
chr15,64024697,64024897,69
chr15,64067978,64068178,21
chr15,64067979,64068179,32
chr15,64279306,64279506,1
chr15,64279301,64279501,2
chr15,64279312,64279512,11
chr15,64279307,64279507,12
chr15,64568730,64568930,33
chr15,64568748,64568948,33
chr15,64568766,64568966,33
chr15,66444212,66444412,28
chr15,66444213,66444413,40
chr15,66445516,66445716,51
chr15,67196430,67196630,1
chr15,67196431,67196631,12
chr15,68322455,68322655,33
chr15,72810241,72810441,77
chr15,73092900,73093100,2
chr15,73092905,73093105,11
chr15,73118077,73118277,94
chr15,73140501,73140701,33
chr15,73149658,73149858,11
chr15,73163748,73163948,90
chr15,73175953,73176153,13
chr15,73656886,73657086,1
chr15,73656861,73657061,3
chr15,73656891,73657091,11
chr15,73656887,73657087,12
chr15,73656862,73657062,14
chr15,73656872,73657072,22
chr15,74954209,74954409,4
chr15,74956415,74956615,13
chr15,74956433,74956633,31
chr15,74956424,74956624,33
chr15,74988906,74989106,82
chr15,75154852,75155052,13
chr15,75154855,75155055,33
chr15,75154873,75155073,33
chr15,76316882,76317082,40
chr15,76326614,76326814,2
chr15,76343248,76343448,11
chr15,76701021,76701221,11
chr15,76871654,76871854,2
chr15,77799716,77799916,15
chr15,77838091,77838291,22
chr15,77841024,77841224,16
chr15,77863817,77864017,31
chr15,77880886,77881086,61
chr15,78183142,78183342,3
chr15,78183143,78183343,14
chr15,78183148,78183348,33
chr15,78563560,78563760,87
chr15,78581732,78581932,22
chr15,78604402,78604602,61
chr15,78799851,78800051,31
chr15,78799905,78800105,31
chr15,78799812,78800012,33
chr15,78799830,78800030,33
chr15,78799884,78800084,33
chr15,79052984,79053184,13
chr15,79832154,79832354,23
chr15,79832155,79832355,34
chr15,79956398,79956598,11
chr15,80066761,80066961,2
chr15,80538398,80538598,68
chr15,80554868,80555068,24
chr15,80600060,80600260,1
chr15,80600061,80600261,12
chr15,80600063,80600263,23
chr15,80598431,80598631,31
chr15,80600064,80600264,34
chr15,80600798,80600998,4
chr15,80601505,80601705,67
chr15,80601504,80601704,89
chr15,80607114,80607314,2
chr15,80608346,80608546,30
chr15,80630326,80630526,2
chr15,80814259,80814459,13
chr15,80814262,80814462,33
chr15,80892397,80892597,8
chr15,81098377,81098577,11
chr15,81361079,81361279,2
chr15,82008621,82008821,33
chr15,82008639,82008839,33
chr15,82008660,82008860,33
chr15,83075591,83075791,2
chr15,83150314,83150514,2
chr15,83563166,83563366,1
chr15,83563151,83563351,11
chr15,83563167,83563367,12
chr15,83573194,83573394,2
chr15,83573075,83573275,13
chr15,83602731,83602931,56
chr15,83602544,83602744,61
chr15,85653981,85654181,57
chr15,85653981,85654181,87
chr15,86064548,86064748,67
chr15,86064547,86064747,89
chr15,86173089,86173289,94
chr15,86184540,86184740,1
chr15,86184552,86184752,11
chr15,86184541,86184741,12
chr15,89149876,89150076,22
chr15,89210783,89210983,2
chr15,89210778,89210978,22
chr15,89287657,89287857,24
chr15,89287646,89287846,33
chr15,93565548,93565748,33
chr15,93565566,93565766,33
chr15,94254881,94255081,38
chr15,94265863,94266063,1
chr15,94265859,94266059,2
chr15,94265874,94266074,3
chr15,94265864,94266064,12
chr15,94265875,94266075,14
chr15,96710405,96710605,3
chr15,96710406,96710606,14
chr15,96770815,96771015,2
chr15,97400680,97400880,1
chr15,97400676,97400876,3
chr15,97400669,97400869,11
chr15,97400692,97400892,11
chr15,97400681,97400881,12
chr15,97400677,97400877,14
chr15,97400688,97400888,31
chr15,97577948,97578148,62
chr15,97577947,97578147,71
chr15,97577947,97578147,81
chr15,97577948,97578148,92
chr15,97581527,97581727,11
chr15,97581519,97581719,31
chr15,97667658,97667858,7
chr15,97667489,97667689,23
chr15,97667490,97667690,34
chr15,97821343,97821543,41
chr15,97821343,97821543,91
chr15,98877546,98877746,1
chr15,98877547,98877747,12
chr15,98927936,98928136,23
chr15,98927937,98928137,34
chr15,98985918,98986118,1
chr15,98985919,98986119,12
chr15,99119782,99119982,13
chr15,99119791,99119991,33
chr15,99119809,99120009,33
chr15,99459082,99459282,33
chr15,99459100,99459300,33
chr15,100180120,100180320,69
chr15,100304075,100304275,2
chr15,100419000,100419200,62
chr15,100418896,100419096,69
chr15,100418999,100419199,81
chr15,100539298,100539498,11
chr15,100666696,100666896,2
chr15,100706166,100706366,66
chr15,100748108,100748308,39
chr15,100759943,100760143,85
chr15,101147898,101148098,78
chr15,101246943,101247143,31
chr15,101284004,101284204,2
chr15,101283235,101283435,72
chr15,102264534,102264734,3
chr15,102264535,102264735,14
chr15,102264523,102264723,21
chr15,102264545,102264745,21
chr15,102264524,102264724,32
chr15,102264546,102264746,32
chr15,102377018,102377218,38
chr15,102458802,102459002,22
chr15,102526605,102526805,3
chr15,102526602,102526802,11
chr15,102526606,102526806,14
chr16,3872134,3872334,1
chr16,3872135,3872335,12
chr16,5279380,5279580,13
chr16,5279383,5279583,33
chr16,5279401,5279601,33
chr16,5279419,5279619,33
chr16,5446324,5446524,77
chr16,5446324,5446524,87
chr16,10411539,10411739,3
chr16,10411545,10411745,11
chr16,10411540,10411740,14
chr16,10411551,10411751,31
chr16,10543648,10543848,13
chr16,10543651,10543851,33
chr16,10543669,10543869,33
chr16,10740851,10741051,4
chr16,10740856,10741056,13
chr16,10770114,10770314,19
chr16,10802311,10802511,6
chr16,10802311,10802511,9
chr16,10802312,10802512,17
chr16,10845006,10845206,2
chr16,13110151,13110351,82
chr16,13796690,13796890,31
chr16,18066104,18066304,8
chr16,18066104,18066304,9
chr16,18066105,18066305,17
chr16,20425713,20425913,1
chr16,20425724,20425924,2
chr16,20425718,20425918,11
chr16,20425714,20425914,12
chr16,20462661,20462861,33
chr16,20462679,20462879,33
chr16,20956537,20956737,33
chr16,20956555,20956755,33
chr16,22368062,22368262,13
chr16,22368071,22368271,33
chr16,22368089,22368289,33
chr16,22466955,22467155,2
chr16,23135403,23135603,3
chr16,23135407,23135607,4
chr16,23135412,23135612,13
chr16,23135404,23135604,14
chr16,23135420,23135620,21
chr16,23135421,23135621,32
chr16,23135415,23135615,33
chr16,23144160,23144360,2
chr16,23144180,23144380,2
chr16,23144262,23144462,11
chr16,23144921,23145121,33
chr16,23144919,23145119,64
chr16,23144918,23145118,73
chr16,23144918,23145118,83
chr16,23144919,23145119,94
chr16,23151646,23151846,54
chr16,23165428,23165628,19
chr16,23227805,23228005,2
chr16,23236453,23236653,13
chr16,23236477,23236677,31
chr16,23236462,23236662,33
chr16,23274702,23274902,8
chr16,23879212,23879412,21
chr16,23879213,23879413,32
chr16,23879180,23879380,33
chr16,23879198,23879398,33
chr16,23983461,23983661,2
chr16,23983468,23983668,11
chr16,23988074,23988274,3
chr16,23988075,23988275,14
chr16,24215440,24215640,24
chr16,24629379,24629579,84
chr16,30390042,30390242,61
chr16,32522095,32522295,11
chr16,32522115,32522315,11
chr16,32541270,32541470,13
chr16,32541273,32541473,33
chr16,33181707,33181907,33
chr16,33181725,33181925,33
chr16,33380650,33380850,98
chr16,33380650,33380850,99
chr16,33556889,33557089,13
chr16,33556892,33557092,33
chr16,33556910,33557110,33
chr16,33556928,33557128,33
chr16,34026367,34026567,33
chr16,34026385,34026585,33
chr16,35871412,35871612,33
chr16,35871430,35871630,33
chr16,36666299,36666499,2
chr16,37011504,37011704,80
chr16,37011504,37011704,90
chr16,38131987,38132187,91
chr16,38346758,38346958,1
chr16,38346759,38346959,12
chr16,42876450,42876650,2
chr16,43664311,43664511,51
chr16,43664312,43664512,62
chr16,43664311,43664511,81
chr16,43708494,43708694,61
chr16,44320654,44320854,2
chr16,45007233,45007433,84
chr16,45158447,45158647,1
chr16,45158441,45158641,2
chr16,45158436,45158636,11
chr16,45158448,45158648,12
chr16,45742402,45742602,18
chr16,45742402,45742602,19
chr16,45802519,45802719,3
chr16,45802495,45802695,13
chr16,45802528,45802728,13
chr16,45802520,45802720,14
chr16,45802509,45802709,22
chr16,45802542,45802742,22
chr16,45802516,45802716,31
chr16,45802498,45802698,33
chr16,45802531,45802731,33
chr16,45998372,45998572,2
chr16,45998393,45998593,13
chr16,46009339,46009539,1
chr16,46008509,46008709,2
chr16,46009350,46009550,3
chr16,46009340,46009540,12
chr16,46008543,46008743,13
chr16,46009351,46009551,14
chr16,46009514,46009714,31
chr16,46103178,46103378,11
chr16,48754978,48755178,33
chr16,48754996,48755196,33
chr16,49503355,49503555,1
chr16,49503345,49503545,2
chr16,49503356,49503556,12
chr16,49801704,49801904,11
chr16,49854973,49855173,4
chr16,49962391,49962591,31
chr16,50719066,50719266,31
chr16,50719048,50719248,33
chr16,50841574,50841774,1
chr16,50841585,50841785,3
chr16,50841575,50841775,12
chr16,50841579,50841779,13
chr16,50841586,50841786,14
chr16,50841591,50841791,33
chr16,50841609,50841809,33
chr16,50841627,50841827,33
chr16,50841645,50841845,33
chr16,51690680,51690880,33
chr16,51895487,51895687,1
chr16,51895504,51895704,2
chr16,51895557,51895757,2
chr16,51895509,51895709,3
chr16,51895481,51895681,11
chr16,51895488,51895688,12
chr16,51895515,51895715,13
chr16,51895510,51895710,14
chr16,51895518,51895718,33
chr16,52061400,52061600,31
chr16,52147472,52147672,2
chr16,52147349,52147549,9
chr16,52147350,52147550,17
chr16,56070182,56070382,2
chr16,56070210,56070410,13
chr16,56070213,56070413,33
chr16,57332613,57332813,13
chr16,57332642,57332842,21
chr16,57332643,57332843,32
chr16,57332616,57332816,33
chr16,57332634,57332834,33
chr16,58543168,58543368,24
chr16,59458905,59459105,87
chr16,59472093,59472293,31
chr16,59515863,59516063,11
chr16,59515844,59516044,13
chr16,59515855,59516055,21
chr16,59515852,59516052,22
chr16,59515859,59516059,31
chr16,59515856,59516056,32
chr16,59515279,59515479,33
chr16,59515847,59516047,33
chr16,59567925,59568125,2
chr16,60075539,60075739,33
chr16,60075557,60075757,33
chr16,60075575,60075775,33
chr16,64873200,64873400,2
chr16,69085468,69085668,33
chr16,69085486,69085686,33
chr16,69085504,69085704,33
chr16,75767376,75767576,76
chr16,76184948,76185148,33
chr16,76184966,76185166,33
chr16,76184984,76185184,33
chr16,76310189,76310389,1
chr16,76310190,76310390,12
chr16,76310506,76310706,59
chr16,76323103,76323303,11
chr16,76323333,76323533,33
chr16,76422775,76422975,11
chr16,76679015,76679215,21
chr16,76679016,76679216,32
chr16,76711278,76711478,2
chr16,76711289,76711489,11
chr16,76711257,76711457,13
chr16,76711271,76711471,21
chr16,76711268,76711468,22
chr16,76711272,76711472,32
chr16,76711260,76711460,33
chr16,76899279,76899479,4
chr16,78490305,78490505,9
chr16,78490306,78490506,17
chr16,78553243,78553443,4
chr16,78562688,78562888,94
chr16,78562951,78563151,38
chr16,78562951,78563151,39
chr16,84950225,84950425,33
chr16,84950243,84950443,33
chr16,87836555,87836755,13
chr16,87836735,87836935,24
chr16,87837123,87837323,30
chr16,87836594,87836794,33
chr16,87836660,87836860,33
chr16,87836724,87836924,33
chr16,87836826,87837026,33
chr16,87836893,87837093,33
chr16,87837097,87837297,33
chr16,89994120,89994320,22
chr16,89994109,89994309,43
chr16,89994109,89994309,93
chr16,91443625,91443825,2
chr16,91443610,91443810,11
chr16,91443682,91443882,82
chr16,91460420,91460620,71
chr16,91461405,91461605,2
chr16,91484579,91484779,61
chr16,91484571,91484771,69
chr16,91588036,91588236,31
chr16,91688959,91689159,64
chr16,91688958,91689158,73
chr16,91688958,91689158,83
chr16,91964588,91964788,11
chr16,92620982,92621182,56
chr16,92715406,92715606,13
chr16,92715418,92715618,33
chr16,92779676,92779876,3
chr16,92779682,92779882,13
chr16,92779677,92779877,14
chr16,92779685,92779885,33
chr16,92779703,92779903,33
chr16,92802136,92802336,77
chr16,92818421,92818621,3
chr16,92818422,92818622,14
chr16,92826191,92826391,31
chr16,92868977,92869177,3
chr16,92869057,92869257,13
chr16,92868978,92869178,14
chr16,92869060,92869260,33
chr16,92884063,92884263,53
chr16,93573240,93573440,11
chr16,96086813,96087013,77
chr17,3114264,3114464,2
chr17,3114274,3114474,4
chr17,3114267,3114467,21
chr17,3114270,3114470,23
chr17,3114268,3114468,32
chr17,3114271,3114471,34
chr17,3165020,3165220,27
chr17,4995596,4995796,33
chr17,5748346,5748546,2
chr17,5801862,5802062,11
chr17,6773090,6773290,11
chr17,6775641,6775841,9
chr17,6775642,6775842,17
chr17,6780382,6780582,11
chr17,6780636,6780836,22
chr17,7039077,7039277,33
chr17,7146156,7146356,1
chr17,7146157,7146357,12
chr17,8128218,8128418,63
chr17,10499152,10499352,33
chr17,10499173,10499373,33
chr17,10499191,10499391,33
chr17,10499224,10499424,33
chr17,12307360,12307560,64
chr17,12307359,12307559,83
chr17,12371853,12372053,13
chr17,12380823,12381023,24
chr17,12380782,12380982,33
chr17,12380800,12381000,33
chr17,12620052,12620252,11
chr17,12620046,12620246,13
chr17,12620055,12620255,33
chr17,12760294,12760494,2
chr17,17624747,17624947,46
chr17,17624747,17624947,96
chr17,17649913,17650113,13
chr17,17649840,17650040,33
chr17,17649858,17650058,33
chr17,17649916,17650116,33
chr17,18532986,18533186,2
chr17,18532992,18533192,4
chr17,18533250,18533450,4
chr17,18533014,18533214,11
chr17,18533020,18533220,13
chr17,18533002,18533202,21
chr17,18533035,18533235,31
chr17,18533003,18533203,32
chr17,18718064,18718264,53
chr17,21384163,21384363,33
chr17,21516538,21516738,51
chr17,21961989,21962189,11
chr17,22360901,22361101,11
chr17,22847897,22848097,4
chr17,22847908,22848108,33
chr17,23597923,23598123,33
chr17,23754479,23754679,54
chr17,24127159,24127359,2
chr17,24127165,24127365,11
chr17,24140698,24140898,13
chr17,24140682,24140882,21
chr17,24140683,24140883,32
chr17,24413841,24414041,11
chr17,24454112,24454312,11
chr17,25014570,25014770,11
chr17,25823339,25823539,2
chr17,26065914,26066114,4
chr17,26065922,26066122,13
chr17,26065925,26066125,33
chr17,26065956,26066156,33
chr17,27062918,27063118,13
chr17,27062921,27063121,33
chr17,27364823,27365023,11
chr17,27827265,27827465,63
chr17,28553287,28553487,2
chr17,28553297,28553497,3
chr17,28553294,28553494,11
chr17,28553298,28553498,14
chr17,28553308,28553508,22
chr17,28553300,28553500,23
chr17,28553301,28553501,34
chr17,29304372,29304572,54
chr17,29370791,29370991,11
chr17,29370816,29371016,11
chr17,29429213,29429413,3
chr17,29429217,29429417,4
chr17,29429202,29429402,11
chr17,29429214,29429414,14
chr17,29519036,29519236,2
chr17,29519041,29519241,3
chr17,29519047,29519247,13
chr17,29519042,29519242,14
chr17,29519030,29519230,21
chr17,29519031,29519231,32
chr17,29519050,29519250,33
chr17,29533875,29534075,3
chr17,29533876,29534076,14
chr17,29552527,29552727,1
chr17,29552528,29552728,12
chr17,29552686,29552886,69
chr17,29979589,29979789,61
chr17,30005972,30006172,24
chr17,30336445,30336645,77
chr17,30364419,30364619,72
chr17,31039505,31039705,2
chr17,31057511,31057711,21
chr17,31057512,31057712,32
chr17,31070235,31070435,13
chr17,31070238,31070438,33
chr17,31070256,31070456,33
chr17,31136843,31137043,2
chr17,31206525,31206725,1
chr17,31206526,31206726,12
chr17,31824783,31824983,82
chr17,32073267,32073467,11
chr17,32073287,32073487,11
chr17,32126907,32127107,18
chr17,32201506,32201706,1
chr17,32201507,32201707,12
chr17,32424487,32424687,85
chr17,32965203,32965403,11
chr17,33358313,33358513,38
chr17,33555086,33555286,16
chr17,33557616,33557816,28
chr17,33564841,33565041,16
chr17,33564420,33564620,61
chr17,33865561,33865761,77
chr17,33889058,33889258,2
chr17,33889097,33889297,3
chr17,33889069,33889269,11
chr17,33889094,33889294,13
chr17,33889098,33889298,14
chr17,33889086,33889286,21
chr17,33889083,33889283,22
chr17,33889087,33889287,32
chr17,33968869,33969069,3
chr17,33968870,33969070,14
chr17,33980470,33980670,66
chr17,33980470,33980670,69
chr17,33992012,33992212,33
chr17,34234013,34234213,33
chr17,34234031,34234231,33
chr17,34263007,34263207,10
chr17,34305421,34305621,11
chr17,34305364,34305564,13
chr17,34305367,34305567,33
chr17,34355167,34355367,74
chr17,34589527,34589727,63
chr17,34589527,34589727,93
chr17,34879770,34879970,38
chr17,35235438,35235638,13
chr17,35235441,35235641,33
chr17,35259617,35259817,68
chr17,35731897,35732097,1
chr17,35730938,35731138,2
chr17,35731898,35732098,12
chr17,35742298,35742498,11
chr17,35765964,35766164,69
chr17,35993649,35993849,31
chr17,36031884,36032084,1
chr17,36031885,36032085,12
chr17,36229440,36229640,29
chr17,36229441,36229641,37
chr17,37145960,37146160,33
chr17,37145978,37146178,33
chr17,40934255,40934455,2
chr17,40935098,40935298,2
chr17,43233161,43233361,11
chr17,43665871,43666071,33
chr17,44178599,44178799,1
chr17,44178610,44178810,2
chr17,44178592,44178792,4
chr17,44178887,44179087,11
chr17,44178600,44178800,12
chr17,44178615,44178815,13
chr17,44178635,44178835,13
chr17,44178623,44178823,21
chr17,44178876,44179076,22
chr17,44178626,44178826,23
chr17,44178603,44178803,31
chr17,44178624,44178824,32
chr17,44178638,44178838,33
chr17,44178627,44178827,34
chr17,44625879,44626079,69
chr17,44690556,44690756,21
chr17,44690557,44690757,32
chr17,44708579,44708779,31
chr17,45139952,45140152,61
chr17,45579023,45579223,1
chr17,45579024,45579224,12
chr17,46835502,46835702,58
chr17,46871153,46871353,3
chr17,46871154,46871354,14
chr17,47009527,47009727,1
chr17,47009528,47009728,12
chr17,47435987,47436187,3
chr17,47435882,47436082,11
chr17,47435996,47436196,13
chr17,47435988,47436188,14
chr17,47435999,47436199,33
chr17,47436017,47436217,33
chr17,47486996,47487196,96
chr17,47534110,47534310,1
chr17,47534111,47534311,12
chr17,47534106,47534306,21
chr17,47534107,47534307,32
chr17,47534933,47535133,33
chr17,47923522,47923722,33
chr17,48039968,48040168,13
chr17,48039971,48040171,33
chr17,48043857,48044057,13
chr17,48043860,48044060,33
chr17,48043878,48044078,33
chr17,48318587,48318787,62
chr17,48318586,48318786,81
chr17,48646562,48646762,1
chr17,48646573,48646773,2
chr17,48646592,48646792,2
chr17,48646563,48646763,12
chr17,50135924,50136124,30
chr17,50173282,50173482,23
chr17,50173283,50173483,34
chr17,50471664,50471864,2
chr17,50471648,50471848,21
chr17,50471649,50471849,32
chr17,50522436,50522636,33
chr17,50525444,50525644,1
chr17,50525445,50525645,12
chr17,51410197,51410397,13
chr17,51437802,51438002,33
chr17,51437820,51438020,33
chr17,51479290,51479490,11
chr17,51479308,51479508,11
chr17,51487349,51487549,33
chr17,51487367,51487567,33
chr17,51751107,51751307,31
chr17,51806821,51807021,2
chr17,51815123,51815323,11
chr17,51820524,51820724,1
chr17,51820525,51820725,12
chr17,51828350,51828550,61
chr17,51828350,51828550,91
chr17,51893074,51893274,53
chr17,51912251,51912451,11
chr17,51912239,51912439,21
chr17,51912240,51912440,32
chr17,51912445,51912645,33
chr17,52162411,52162611,2
chr17,52502740,52502940,23
chr17,52502797,52502997,23
chr17,52502873,52503073,23
chr17,52502892,52503092,23
chr17,52502911,52503111,23
chr17,52502930,52503130,23
chr17,52503057,52503257,23
chr17,52502741,52502941,34
chr17,52502798,52502998,34
chr17,52502874,52503074,34
chr17,52502893,52503093,34
chr17,52502912,52503112,34
chr17,52502931,52503131,34
chr17,52503058,52503258,34
chr17,52578053,52578253,13
chr17,52578056,52578256,33
chr17,52578074,52578274,33
chr17,56163546,56163746,4
chr17,56289173,56289373,54
chr17,56613141,56613341,24
chr17,56842409,56842609,84
chr17,56842813,56843013,87
chr17,57060136,57060336,3
chr17,57060137,57060337,14
chr17,57303918,57304118,2
chr17,57303993,57304193,3
chr17,57304045,57304245,11
chr17,57303971,57304171,13
chr17,57303994,57304194,14
chr17,57303982,57304182,21
chr17,57304034,57304234,22
chr17,57304040,57304240,23
chr17,57303983,57304183,32
chr17,57304005,57304205,33
chr17,57304023,57304223,33
chr17,57304041,57304241,34
chr17,63176895,63177095,13
chr17,63176815,63177015,21
chr17,63176930,63177130,21
chr17,63176816,63177016,32
chr17,63176931,63177131,32
chr17,63176898,63177098,33
chr17,63176916,63177116,33
chr17,63356389,63356589,10
chr17,63402780,63402980,4
chr17,64258537,64258737,13
chr17,64258546,64258746,33
chr17,64258564,64258764,33
chr17,64755571,64755771,22
chr17,66111003,66111203,21
chr17,66111004,66111204,32
chr17,69396652,69396852,2
chr17,69396662,69396862,3
chr17,69396668,69396868,13
chr17,69396663,69396863,14
chr17,69604324,69604524,11
chr17,69604490,69604690,21
chr17,69604491,69604691,32
chr17,69604440,69604640,33
chr17,69604461,69604661,33
chr17,69604479,69604679,33
chr17,70986445,70986645,1
chr17,70986446,70986646,12
chr17,71474148,71474348,33
chr17,71982373,71982573,33
chr17,71982394,71982594,33
chr17,72939787,72939987,2
chr17,72939776,72939976,21
chr17,72939782,72939982,22
chr17,72939777,72939977,32
chr17,72947863,72948063,31
chr17,72949934,72950134,13
chr17,72966079,72966279,39
chr17,72995943,72996143,2
chr17,73005705,73005905,31
chr17,73009256,73009456,11
chr17,73107173,73107373,13
chr17,73162796,73162996,11
chr17,73163286,73163486,69
chr17,73258713,73258913,2
chr17,73804798,73804998,96
chr17,73893314,73893514,28
chr17,73949670,73949870,1
chr17,73949671,73949871,12
chr17,78245478,78245678,58
chr17,78352592,78352792,2
chr17,78370581,78370781,3
chr17,78370582,78370782,14
chr17,78455095,78455295,33
chr17,79043875,79044075,33
chr17,79043893,79044093,33
chr17,80480722,80480922,2
chr17,80521412,80521612,1
chr17,80521413,80521613,12
chr17,80522087,80522287,31
chr17,81043133,81043333,22
chr17,81043388,81043588,33
chr17,83453961,83454161,18
chr17,83646887,83647087,61
chr17,83654634,83654834,71
chr17,83695763,83695963,33
chr17,83705113,83705313,11
chr17,83709484,83709684,11
chr17,83732588,83732788,11
chr17,83762280,83762480,40
chr17,83762336,83762536,40
chr17,83762364,83762564,40
chr17,83762445,83762645,40
chr17,83762526,83762726,40
chr17,83774207,83774407,13
chr17,83774218,83774418,26
chr17,83774218,83774418,29
chr17,83774219,83774419,37
chr17,83774318,83774518,62
chr17,83774317,83774517,81
chr17,83862776,83862976,11
chr17,83936297,83936497,2
chr17,83945571,83945771,2
chr17,83945581,83945781,3
chr17,83945587,83945787,13
chr17,83945582,83945782,14
chr17,83945590,83945790,33
chr17,83945608,83945808,33
chr17,84117522,84117722,33
chr17,84145924,84146124,21
chr17,84145925,84146125,32
chr17,84181341,84181541,22
chr17,84183606,84183806,26
chr17,84183606,84183806,29
chr17,84183607,84183807,37
chr17,84183607,84183807,40
chr17,84277976,84278176,33
chr17,84277994,84278194,33
chr17,84277968,84278168,64
chr17,84277967,84278167,83
chr17,84277968,84278168,94
chr17,84312732,84312932,11
chr17,84312752,84312952,11
chr17,84330985,84331185,2
chr17,84330526,84330726,21
chr17,84330527,84330727,32
chr17,84331969,84332169,22
chr17,84419473,84419673,1
chr17,84419582,84419782,2
chr17,84419474,84419674,12
chr17,84419676,84419876,38
chr17,84419676,84419876,39
chr17,84423217,84423417,2
chr17,84626181,84626381,2
chr17,84626176,84626376,11
chr17,84738990,84739190,13
chr17,84738993,84739193,33
chr17,84739011,84739211,33
chr17,84845199,84845399,61
chr17,84860308,84860508,18
chr17,84954847,84955047,3
chr17,84954844,84955044,11
chr17,84954848,84955048,14
chr17,84956924,84957124,64
chr17,84956923,84957123,83
chr17,86300863,86301063,23
chr17,86300864,86301064,34
chr17,86957649,86957849,29
chr17,86957650,86957850,37
chr17,87447337,87447537,31
chr17,88539031,88539231,13
chr17,88539034,88539234,33
chr17,88753328,88753528,2
chr17,94750490,94750690,28
chr17,94750491,94750691,35
chr18,3547144,3547344,2
chr18,3547046,3547246,13
chr18,3547049,3547249,33
chr18,3547073,3547273,33
chr18,4241521,4241721,33
chr18,4241542,4241742,33
chr18,4295732,4295932,2
chr18,4294693,4294893,11
chr18,4294792,4294992,33
chr18,4303606,4303806,2
chr18,4312904,4313104,2
chr18,4312920,4313120,13
chr18,4312894,4313094,22
chr18,4312691,4312891,54
chr18,5162835,5163035,13
chr18,5162838,5163038,33
chr18,6136287,6136487,21
chr18,6136288,6136488,32
chr18,6485190,6485390,2
chr18,6489633,6489833,3
chr18,6489634,6489834,14
chr18,7358211,7358411,27
chr18,7358152,7358352,33
chr18,7358170,7358370,33
chr18,7378326,7378526,13
chr18,7378329,7378529,33
chr18,7378347,7378547,33
chr18,7813723,7813923,2
chr18,7813734,7813934,13
chr18,7813737,7813937,33
chr18,7813755,7813955,33
chr18,12971846,12972046,1
chr18,12971847,12972047,12
chr18,13027071,13027271,11
chr18,13027091,13027291,11
chr18,13786929,13787129,23
chr18,13786930,13787130,34
chr18,14603766,14603966,1
chr18,14603767,14603967,12
chr18,15098275,15098475,2
chr18,15098225,15098425,3
chr18,15098229,15098429,4
chr18,15098222,15098422,11
chr18,15098282,15098482,11
chr18,15098234,15098434,13
chr18,15098298,15098498,13
chr18,15098226,15098426,14
chr18,15098242,15098442,22
chr18,15098237,15098437,33
chr18,15331525,15331725,63
chr18,21001013,21001213,2
chr18,21001002,21001202,21
chr18,21001003,21001203,32
chr18,31788782,31788982,11
chr18,32239556,32239756,2
chr18,32396483,32396683,1
chr18,32396487,32396687,4
chr18,32396502,32396702,11
chr18,32396484,32396684,12
chr18,32396490,32396690,21
chr18,32396491,32396691,32
chr18,32558394,32558594,15
chr18,32970562,32970762,2
chr18,35662236,35662436,23
chr18,35662237,35662437,34
chr18,36537054,36537254,2
chr18,36537065,36537265,13
chr18,36537068,36537268,33
chr18,36537086,36537286,33
chr18,39491947,39492147,11
chr18,39743449,39743649,13
chr18,39743452,39743652,33
chr18,39743470,39743670,33
chr18,46403678,46403878,33
chr18,46403696,46403896,33
chr18,49756312,49756512,33
chr18,49980947,49981147,2
chr18,52465327,52465527,13
chr18,52465344,52465544,21
chr18,52465345,52465545,32
chr18,52465336,52465536,33
chr18,54902105,54902305,1
chr18,54902106,54902306,12
chr18,54902487,54902687,27
chr18,55050486,55050686,68
chr18,55050486,55050686,69
chr18,55548401,55548601,11
chr18,56456113,56456313,22
chr18,56463369,56463569,2
chr18,56620817,56621017,1
chr18,56620818,56621018,12
chr18,56710874,56711074,1
chr18,56710875,56711075,12
chr18,57976584,57976784,1
chr18,57976590,57976790,2
chr18,57976610,57976810,2
chr18,57976525,57976725,11
chr18,57976543,57976743,11
chr18,57976561,57976761,11
chr18,57976579,57976779,11
chr18,57976585,57976785,12
chr18,58509993,58510193,2
chr18,58510018,58510218,13
chr18,58510027,58510227,33
chr18,58564562,58564762,8
chr18,58564562,58564762,9
chr18,58564563,58564763,17
chr18,58564731,58564931,11
chr18,60986118,60986318,69
chr18,61187685,61187885,2
chr18,61399993,61400193,75
chr18,61399993,61400193,80
chr18,62092661,62092861,1
chr18,62092662,62092862,12
chr18,62156740,62156940,72
chr18,62177869,62178069,1
chr18,62177793,62177993,11
chr18,62177846,62178046,11
chr18,62177864,62178064,11
chr18,62177870,62178070,12
chr18,65405545,65405745,22
chr18,65489983,65490183,11
chr18,65892612,65892812,33
chr18,65892630,65892830,33
chr18,65892648,65892848,33
chr18,66036450,66036650,13
chr18,66036453,66036653,33
chr18,66036471,66036671,33
chr18,66411238,66411438,11
chr18,66411214,66411414,13
chr18,66411226,66411426,31
chr18,66411217,66411417,33
chr18,66471299,66471499,11
chr18,66586531,66586731,13
chr18,66586549,66586749,31
chr18,66586534,66586734,33
chr18,66586552,66586752,33
chr18,67725542,67725742,78
chr18,67728483,67728683,11
chr18,67728495,67728695,13
chr18,67728498,67728698,33
chr18,68196116,68196316,2
chr18,68359284,68359484,13
chr18,68359290,68359490,33
chr18,68359308,68359508,33
chr18,68359368,68359568,33
chr18,68359386,68359586,33
chr18,68830589,68830789,33
chr18,69320849,69321049,1
chr18,69320860,69321060,3
chr18,69320854,69321054,11
chr18,69320850,69321050,12
chr18,69320866,69321066,13
chr18,69320861,69321061,14
chr18,69320869,69321069,33
chr18,69320887,69321087,33
chr18,70529320,70529520,2
chr18,70529179,70529379,3
chr18,70529180,70529380,14
chr18,73909263,73909463,33
chr18,73909299,73909499,33
chr18,73909338,73909538,33
chr18,73909356,73909556,33
chr18,74760329,74760529,1
chr18,74760336,74760536,3
chr18,74760330,74760530,12
chr18,74760337,74760537,14
chr18,74760333,74760533,31
chr18,74760321,74760521,63
chr18,74760321,74760521,93
chr18,74963120,74963320,3
chr18,74963093,74963293,11
chr18,74963117,74963317,11
chr18,74963121,74963321,14
chr18,75338887,75339087,2
chr18,75338743,75338943,3
chr18,75338736,75338936,11
chr18,75338744,75338944,14
chr18,75353910,75354110,6
chr18,75353910,75354110,9
chr18,75353911,75354111,17
chr18,75425622,75425822,1
chr18,75425628,75425828,2
chr18,75425623,75425823,12
chr18,75425634,75425834,13
chr18,75598850,75599050,3
chr18,75598894,75599094,13
chr18,75598851,75599051,14
chr18,75598903,75599103,33
chr18,76233378,76233578,13
chr18,76233596,76233796,13
chr18,76233392,76233592,21
chr18,76233398,76233598,22
chr18,76233393,76233593,32
chr18,76233381,76233581,33
chr18,76233599,76233799,33
chr18,76233617,76233817,33
chr18,77062077,77062277,1
chr18,77062072,77062272,2
chr18,77062078,77062278,12
chr18,77062083,77062283,13
chr18,77062092,77062292,33
chr18,77742941,77743141,22
chr18,79064247,79064447,58
chr18,79234325,79234525,84
chr18,80539910,80540110,13
chr18,80539913,80540113,33
chr18,80738130,80738330,62
chr18,80738129,80738329,81
chr18,81404730,81404930,22
chr18,81427296,81427496,1
chr18,81427126,81427326,11
chr18,81427297,81427497,12
chr18,81568583,81568783,87
chr18,81927223,81927423,2
chr18,82537819,82538019,2
chr18,82607320,82607520,10
chr18,82765528,82765728,13
chr18,82765531,82765731,33
chr18,82821518,82821718,46
chr18,82855549,82855749,82
chr18,84643622,84643822,13
chr18,84643648,84643848,13
chr18,84643636,84643836,21
chr18,84643659,84643859,21
chr18,84643639,84643839,23
chr18,84643637,84643837,32
chr18,84643660,84643860,32
chr18,84643625,84643825,33
chr18,84643651,84643851,33
chr18,84643640,84643840,34
chr18,84886377,84886577,69
chr18,84886433,84886633,69
chr18,84911957,84912157,39
chr18,88770411,88770611,23
chr18,88770412,88770612,34
chr18,89231971,89232171,11
chr18,89231947,89232147,13
chr18,89231965,89232165,13
chr18,89231953,89232153,31
chr18,89234082,89234282,2
chr18,89325772,89325972,21
chr18,89325773,89325973,32
chr18,89339026,89339226,23
chr18,89339038,89339238,33
chr18,89339056,89339256,33
chr18,89339074,89339274,33
chr18,89339098,89339298,33
chr18,89339027,89339227,34
chr19,3805610,3805810,33
chr19,3934973,3935173,87
chr19,3934973,3935173,90
chr19,4148284,4148484,2
chr19,4190087,4190287,11
chr19,4301162,4301362,51
chr19,5793051,5793251,13
chr19,5816774,5816974,24
chr19,5850236,5850436,53
chr19,5965266,5965466,2
chr19,6110613,6110813,1
chr19,6110614,6110814,12
chr19,6110630,6110830,13
chr19,6110650,6110850,13
chr19,6110638,6110838,21
chr19,6110641,6110841,23
chr19,6110639,6110839,32
chr19,6110653,6110853,33
chr19,6110642,6110842,34
chr19,6869292,6869492,4
chr19,6869302,6869502,21
chr19,6869303,6869503,32
chr19,7055721,7055921,33
chr19,7056375,7056575,44
chr19,7056374,7056574,53
chr19,7383448,7383648,2
chr19,8519159,8519359,1
chr19,8519160,8519360,12
chr19,8929169,8929369,38
chr19,10555986,10556186,10
chr19,10739336,10739536,2
chr19,10753772,10753972,2
chr19,10777304,10777504,1
chr19,10777274,10777474,2
chr19,10777294,10777494,2
chr19,10777305,10777505,12
chr19,11055618,11055818,1
chr19,11056110,11056310,1
chr19,11055619,11055819,12
chr19,11056111,11056311,12
chr19,11056689,11056889,33
chr19,11056707,11056907,33
chr19,11056725,11056925,33
chr19,11075858,11076058,13
chr19,11075861,11076061,33
chr19,11075879,11076079,33
chr19,11360275,11360475,69
chr19,11371681,11371881,1
chr19,11371682,11371882,12
chr19,11386833,11387033,1
chr19,11386855,11387055,2
chr19,11386834,11387034,12
chr19,11386818,11387018,13
chr19,11464438,11464638,2
chr19,11464449,11464649,11
chr19,11479679,11479879,2
chr19,11483798,11483998,2
chr19,11484101,11484301,58
chr19,12011178,12011378,2
chr19,12472701,12472901,61
chr19,12472701,12472901,91
chr19,12798299,12798499,1
chr19,12798350,12798550,2
chr19,12798339,12798539,11
chr19,12798300,12798500,12
chr19,12837120,12837320,33
chr19,12837138,12837338,33
chr19,12837156,12837356,33
chr19,14378692,14378892,33
chr19,14669418,14669618,11
chr19,14669526,14669726,13
chr19,14669529,14669729,33
chr19,14669547,14669747,33
chr19,16699962,16700162,33
chr19,16699980,16700180,33
chr19,16773139,16773339,74
chr19,18618204,18618404,11
chr19,21036390,21036590,2
chr19,21036621,21036821,3
chr19,21036622,21036822,14
chr19,21714419,21714619,10
chr19,26604456,26604656,31
chr19,26845567,26845767,66
chr19,26845567,26845767,96
chr19,28678159,28678359,22
chr19,29252927,29253127,41
chr19,29362051,29362251,1
chr19,29362052,29362252,12
chr19,29362057,29362257,13
chr19,31210713,31210913,13
chr19,31479264,31479464,33
chr19,31479282,31479482,33
chr19,32166548,32166748,11
chr19,32168764,32168964,33
chr19,32186857,32187057,3
chr19,32186858,32187058,14
chr19,32276743,32276943,2
chr19,32345103,32345303,11
chr19,32345111,32345311,13
chr19,32926179,32926379,28
chr19,32926180,32926380,40
chr19,33187396,33187596,33
chr19,33187414,33187614,33
chr19,34192960,34193160,46
chr19,34192960,34193160,49
chr19,34271792,34271992,13
chr19,34271795,34271995,33
chr19,34271813,34272013,33
chr19,34290269,34290469,77
chr19,34550227,34550427,22
chr19,34877692,34877892,2
chr19,34877681,34877881,21
chr19,34877687,34877887,22
chr19,34877682,34877882,32
chr19,36223662,36223862,2
chr19,36223693,36223893,2
chr19,36223687,36223887,11
chr19,36224627,36224827,18
chr19,36242278,36242478,1
chr19,36242289,36242489,4
chr19,36242279,36242479,12
chr19,36242336,36242536,13
chr19,36242302,36242502,21
chr19,36242303,36242503,32
chr19,36350270,36350470,38
chr19,40238147,40238347,22
chr19,40267767,40267967,2
chr19,40268039,40268239,78
chr19,40268039,40268239,88
chr19,40588645,40588845,11
chr19,40818730,40818930,19
chr19,41851503,41851703,1
chr19,41851492,41851692,11
chr19,41851504,41851704,12
chr19,41851515,41851715,13
chr19,41851518,41851718,33
chr19,41851536,41851736,33
chr19,41911363,41911563,4
chr19,41911352,41911552,21
chr19,41911353,41911553,32
chr19,46356062,46356262,33
chr19,46356080,46356280,33
chr19,46760634,46760834,2
chr19,46984528,46984728,11
chr19,47050137,47050337,2
chr19,47050132,47050332,11
chr19,47446120,47446320,11
chr19,47909660,47909860,11
chr19,53578719,53578919,49
chr19,53578731,53578931,69
chr19,53804422,53804622,61
chr19,53903273,53903473,2
chr19,53916182,53916382,3
chr19,53916183,53916383,14
chr19,56682583,56682783,13
chr19,56682588,56682788,23
chr19,56682589,56682789,34
chr19,57083349,57083549,64
chr19,57083348,57083548,83
chr19,57083349,57083549,94
chr19,57116296,57116496,15
chr19,57123392,57123592,3
chr19,57123393,57123593,14
chr19,57123403,57123603,23
chr19,57123404,57123604,34
chr19,57190901,57191101,33
chr19,57355703,57355903,2
chr19,57355109,57355309,11
chr19,60182764,60182964,71
chr19,60890498,60890698,13
chrX,7786586,7786786,13
chrX,7786589,7786789,33
chrX,7786607,7786807,33
chrX,8193327,8193527,11
chrX,11640833,11641033,13
chrX,12153368,12153568,11
chrX,18161583,18161783,24
chrX,20793199,20793399,1
chrX,20793189,20793389,2
chrX,20793200,20793400,12
chrX,20793211,20793411,13
chrX,20793214,20793414,33
chrX,38465626,38465826,13
chrX,38465647,38465847,13
chrX,38465614,38465814,21
chrX,38465635,38465835,31
chrX,38465615,38465815,32
chrX,38465576,38465776,33
chrX,38465594,38465794,33
chrX,38465656,38465856,33
chrX,41760985,41761185,2
chrX,41760996,41761196,13
chrX,41760999,41761199,33
chrX,41761017,41761217,33
chrX,42149354,42149554,2
chrX,42360465,42360665,11
chrX,42515551,42515751,33
chrX,46430119,46430319,13
chrX,46430161,46430361,13
chrX,46430149,46430349,31
chrX,46430170,46430370,31
chrX,46430122,46430322,33
chrX,46430140,46430340,33
chrX,46430164,46430364,33
chrX,48429009,48429209,2
chrX,48429020,48429220,11
chrX,50565207,50565407,19
chrX,50597095,50597295,21
chrX,50597096,50597296,32
chrX,53607642,53607842,33
chrX,58974163,58974363,1
chrX,58974164,58974364,12
chrX,58974169,58974369,13
chrX,58974207,58974407,21
chrX,58974213,58974413,22
chrX,58974208,58974408,32
chrX,58974178,58974378,33
chrX,58974196,58974396,33
chrX,70365263,70365463,7
chrX,70365273,70365473,87
chrX,70386209,70386409,56
chrX,70386209,70386409,59
chrX,70386210,70386410,67
chrX,70386209,70386409,86
chrX,70386209,70386409,89
chrX,73965516,73965716,72
chrX,73965516,73965716,82
chrX,75026372,75026572,13
chrX,75035194,75035394,23
chrX,75035195,75035395,34
chrX,75133248,75133448,33
chrX,75133266,75133466,33
chrX,77509012,77509212,68
chrX,77759123,77759323,31
chrX,77759090,77759290,33
chrX,77759108,77759308,33
chrX,77759126,77759326,33
chrX,77812709,77812909,33
chrX,77950010,77950210,13
chrX,77950013,77950213,33
chrX,77950031,77950231,33
chrX,94122233,94122433,1
chrX,94122234,94122434,12
chrX,94178207,94178407,1
chrX,94178208,94178408,12
chrX,95440817,95441017,3
chrX,95440818,95441018,14
chrX,95440823,95441023,33
chrX,95957089,95957289,1
chrX,95957095,95957295,2
chrX,95957090,95957290,12
chrX,98150235,98150435,33
chrX,98259709,98259909,82
chrX,101785658,101785858,11
chrX,101785670,101785870,13
chrX,101785702,101785902,21
chrX,101785703,101785903,32
chrX,101785673,101785873,33
chrX,101785691,101785891,33
chrX,102505375,102505575,2
chrX,103484082,103484282,21
chrX,103484083,103484283,32
chrX,103508575,103508775,61
chrX,103509000,103509200,4
chrX,103509039,103509239,11
chrX,103509005,103509205,13
chrX,103616381,103616581,62
chrX,103616380,103616580,71
chrX,103616380,103616580,81
chrX,103683590,103683790,13
chrX,103683593,103683793,33
chrX,103683611,103683811,33
chrX,113803753,113803953,8
chrX,113803753,113803953,9
chrX,113803754,113803954,17
chrX,113866926,113867126,11
chrX,129332433,129332633,31
chrX,129332397,129332597,33
chrX,129332415,129332615,33
chrX,130549901,130550101,1
chrX,130549902,130550102,12
chrX,130572129,130572329,4
chrX,130572155,130572355,4
chrX,130572137,130572337,13
chrX,130572163,130572363,13
chrX,130572145,130572345,22
chrX,134163120,134163320,8
chrX,134163219,134163419,51
chrX,134643398,134643598,33
chrX,134643416,134643616,33
chrX,140539702,140539902,2
chrX,140539709,140539909,11
chrX,144277087,144277287,3
chrX,144277088,144277288,14
chrX,144525887,144526087,2
chrX,144525904,144526104,11
chrX,151980466,151980666,13
chrX,151980501,151980701,21
chrX,151980502,151980702,32
chrX,151980469,151980669,33
chrX,151980487,151980687,33
chrX,152019398,152019598,6
chrX,152232305,152232505,11
chrX,159676348,159676548,2
chrX,159677771,159677971,7
chrX,159677568,159677768,23
chrX,159677569,159677769,34
chrX,159678032,159678232,62
chrX,159678031,159678231,81
chrX,159696677,159696877,67
chrX,159696676,159696876,86
chrX,159696676,159696876,89
chrX,159708403,159708603,2
chrX,164449958,164450158,33
chrX,164449976,164450176,33
chrX,167103230,167103430,68
chrX,167103230,167103430,69
chrX,167139325,167139525,16
chrX,167139325,167139525,19
chrX,167139844,167140044,31
chrX,167146244,167146444,1
chrX,167146245,167146445,12
chrX,167195925,167196125,2
chrX,168672847,168673047,11
