sequence,Foxp1_Counts,Foxp3_Counts,Input_Counts
TTTTTTT,439,120,642
GTTTTTT,2735,4810,1153
CTTTTTT,978,232,867
ATTTTTT,1306,652,826
TGTTTTT,2415,6561,1099
GGTTTTT,1614,2558,1332
CGTTTTT,1171,2668,1199
AGTTTTT,1242,3325,990
TCTTTTT,765,526,793
GCTTTTT,1996,1648,1310
CCTTTTT,1050,336,1115
ACTTTTT,1288,387,956
TATTTTT,1287,3460,867
GATTTTT,1438,1010,1095
CATTTTT,847,751,887
AATTTTT,845,764,851
TTGTTTT,2904,6422,1004
GTGTTTT,3684,8608,1501
CTGTTTT,2402,5451,1149
ATGTTTT,2671,6325,1160
TGGTTTT,1379,2681,1386
GGGTTTT,1458,1394,1427
CGGTTTT,1312,1803,1327
AGGTTTT,1210,1490,1149
TCGTTTT,1205,1765,1124
GCGTTTT,2377,3148,1734
CCGTTTT,1388,1711,1435
ACGTTTT,1621,1657,1247
TAGTTTT,1289,2474,1027
GAGTTTT,1290,1801,1249
CAGTTTT,1001,1530,962
AAGTTTT,1045,2045,991
TTCTTTT,784,402,724
GTCTTTT,1556,712,1133
CTCTTTT,851,326,842
ATCTTTT,973,367,908
TGCTTTT,1661,6062,1309
GGCTTTT,1498,1944,1502
CGCTTTT,1248,1939,1286
AGCTTTT,1098,2090,1091
TCCTTTT,1015,284,1151
GCCTTTT,1893,1433,1632
CCCTTTT,1153,262,1276
ACCTTTT,1365,320,1166
TACTTTT,1460,861,982
GACTTTT,1397,425,1214
CACTTTT,875,291,930
AACTTTT,871,259,1027
TTATTTT,1713,2987,832
GTATTTT,2186,3769,1156
CTATTTT,1426,2531,839
ATATTTT,1421,2072,838
TGATTTT,1222,2759,1106
GGATTTT,1166,755,1297
CGATTTT,1095,1405,1121
AGATTTT,925,761,1011
TCATTTT,869,572,848
GCATTTT,2216,3229,1243
CCATTTT,922,576,1027
ACATTTT,1351,556,935
TAATTTT,848,1053,829
GAATTTT,1026,605,996
CAATTTT,765,590,803
AAATTTT,791,340,777
TTTGTTT,2731,2063,956
GTTGTTT,5219,9582,1409
CTTGTTT,3267,1760,1119
ATTGTTT,3569,3816,1197
TGTGTTT,4092,6717,1489
GGTGTTT,4783,3200,1712
CGTGTTT,3424,2087,1422
AGTGTTT,3296,3144,1295
TCTGTTT,2540,1006,1038
GCTGTTT,3951,3491,1530
CCTGTTT,2977,1107,1384
ACTGTTT,2961,1091,1081
TATGTTT,3131,3293,1076
GATGTTT,3995,2863,1346
CATGTTT,2568,1349,1111
AATGTTT,2728,1873,1056
TTGGTTT,1416,1083,1115
GTGGTTT,2215,2887,1647
CTGGTTT,1292,819,1272
ATGGTTT,1528,1241,1166
TGGGTTT,1463,878,1435
GGGGTTT,1629,926,1604
CGGGTTT,1268,701,1469
AGGGTTT,1230,815,1248
TCGGTTT,1151,810,1317
GCGGTTT,2295,2150,1757
CCGGTTT,1387,863,1476
ACGGTTT,1506,1031,1418
TAGGTTT,1233,805,1084
GAGGTTT,1419,766,1378
CAGGTTT,1142,506,1032
AAGGTTT,1092,600,1029
TTCGTTT,1372,491,1072
GTCGTTT,2073,1542,1471
CTCGTTT,1248,434,1140
ATCGTTT,1421,695,1148
TGCGTTT,2358,3688,1594
GGCGTTT,2175,1957,1804
CGCGTTT,1680,1639,1587
AGCGTTT,1590,1721,1331
TCCGTTT,1437,512,1357
GCCGTTT,2167,1450,1969
CCCGTTT,1524,579,1492
ACCGTTT,1620,659,1339
TACGTTT,2009,757,1227
GACGTTT,2001,852,1539
CACGTTT,1165,527,1195
AACGTTT,1226,534,1154
TTAGTTT,1373,656,929
GTAGTTT,1772,1681,1176
CTAGTTT,1197,485,1017
ATAGTTT,1218,652,919
TGAGTTT,1330,956,1254
GGAGTTT,1552,740,1341
CGAGTTT,1289,634,1131
AGAGTTT,1192,621,1022
TCAGTTT,1040,416,925
GCAGTTT,2001,1272,1250
CCAGTTT,1161,446,1097
ACAGTTT,1377,621,1002
TAAGTTT,1136,558,933
GAAGTTT,1253,524,1218
CAAGTTT,980,360,921
AAAGTTT,1096,409,812
TTTCTTT,816,164,744
GTTCTTT,1992,432,1122
CTTCTTT,938,204,910
ATTCTTT,1167,265,944
TGTCTTT,1521,3195,1139
GGTCTTT,1579,524,1387
CGTCTTT,1035,449,1083
AGTCTTT,1074,591,1073
TCTCTTT,935,194,783
GCTCTTT,1601,682,1263
CCTCTTT,1053,219,1025
ACTCTTT,1142,241,1002
TATCTTT,1305,427,939
GATCTTT,1392,253,1159
CATCTTT,849,250,835
AATCTTT,838,236,829
TTGCTTT,1999,5448,1274
GTGCTTT,2481,6583,1810
CTGCTTT,1435,3702,1282
ATGCTTT,1955,4711,1338
TGGCTTT,1570,3681,1562
GGGCTTT,1680,3372,1760
CGGCTTT,1237,3299,1383
AGGCTTT,1260,2770,1440
TCGCTTT,1312,2861,1336
GCGCTTT,2383,6306,1822
CCGCTTT,1357,3921,1433
ACGCTTT,1690,3414,1365
TAGCTTT,1254,3034,1123
GAGCTTT,1352,2952,1387
CAGCTTT,972,2284,1047
AAGCTTT,1091,2477,1067
TTCCTTT,1160,233,1170
GTCCTTT,1653,493,1467
CTCCTTT,977,193,1001
ATCCTTT,1063,268,1119
TGCCTTT,1811,2721,1505
GGCCTTT,1743,1730,1878
CGCCTTT,1397,2253,1410
AGCCTTT,1407,1583,1300
TCCCTTT,1255,257,1266
GCCCTTT,1887,747,1793
CCCCTTT,1206,289,1365
ACCCTTT,1385,345,1443
TACCTTT,1734,489,1221
GACCTTT,1542,385,1541
CACCTTT,920,267,992
AACCTTT,1041,230,1122
TTACTTT,1016,511,1030
GTACTTT,1457,631,1329
CTACTTT,897,341,891
ATACTTT,1095,503,910
TGACTTT,1215,556,1318
GGACTTT,1302,440,1355
CGACTTT,1018,423,1108
AGACTTT,1012,453,1100
TCACTTT,923,305,947
GCACTTT,2228,1551,1368
CCACTTT,1007,346,1059
ACACTTT,1454,551,1029
TAACTTT,916,256,1018
GAACTTT,1114,284,1193
CAACTTT,781,241,821
AAACTTT,914,259,850
TTTATTT,2315,577,799
GTTATTT,4576,5273,1251
CTTATTT,2249,668,948
ATTATTT,2921,1240,894
TGTATTT,3408,5152,1234
GGTATTT,3826,1731,1476
CGTATTT,2355,1417,1337
AGTATTT,2450,1779,1019
TCTATTT,1945,430,919
GCTATTT,2990,1620,1279
CCTATTT,2246,544,1147
ACTATTT,2419,502,1002
TATATTT,2301,1017,924
GATATTT,2984,895,1182
CATATTT,1652,474,903
AATATTT,1600,518,856
TTGATTT,1496,1959,1256
GTGATTT,2321,3756,1583
CTGATTT,1323,1336,1222
ATGATTT,1492,1839,1188
TGGATTT,1412,747,1310
GGGATTT,1548,670,1456
CGGATTT,1315,568,1304
AGGATTT,1076,415,1083
TCGATTT,1262,1118,1171
GCGATTT,2208,2078,1674
CCGATTT,1322,1034,1394
ACGATTT,1484,925,1275
TAGATTT,1164,703,1027
GAGATTT,1185,626,1219
CAGATTT,965,395,1009
AAGATTT,950,438,994
TTCATTT,1049,333,938
GTCATTT,1666,1048,1218
CTCATTT,971,341,885
ATCATTT,1272,455,918
TGCATTT,2282,6256,1350
GGCATTT,1802,4409,1515
CGCATTT,1845,5237,1432
AGCATTT,1647,3826,1110
TCCATTT,1076,278,1095
GCCATTT,1856,1314,1499
CCCATTT,1193,341,1179
ACCATTT,1421,378,1144
TACATTT,1576,474,1081
GACATTT,1854,557,1260
CACATTT,1047,328,973
AACATTT,1171,351,923
TTAATTT,1154,638,934
GTAATTT,1540,1023,1234
CTAATTT,1046,486,997
ATAATTT,1036,448,892
TGAATTT,1203,558,1205
GGAATTT,1177,462,1245
CGAATTT,1125,536,1180
AGAATTT,971,370,880
TCAATTT,950,345,810
GCAATTT,1917,1567,1144
CCAATTT,1010,316,1065
ACAATTT,1350,525,941
TAAATTT,893,216,859
GAAATTT,1043,249,991
CAAATTT,814,209,899
AAAATTT,790,178,785
TTTTGTT,1074,328,900
GTTTGTT,4194,9911,1462
CTTTGTT,1418,541,1093
ATTTGTT,2374,3694,1020
TGTTGTT,3713,9184,1391
GGTTGTT,2452,7267,1604
CGTTGTT,1851,6406,1445
AGTTGTT,1930,6333,1113
TCTTGTT,1281,855,1065
GCTTGTT,2390,3308,1591
CCTTGTT,1394,486,1366
ACTTGTT,1780,749,1082
TATTGTT,2253,5635,1022
GATTGTT,2305,3978,1361
CATTGTT,1320,2539,1074
AATTGTT,1493,3193,988
TTGTGTT,2201,6064,1327
GTGTGTT,3116,8081,1889
CTGTGTT,1703,4049,1422
ATGTGTT,2116,5073,1332
TGGTGTT,1896,4982,1610
GGGTGTT,1957,2222,1872
CGGTGTT,1719,2683,1563
AGGTGTT,1581,2025,1379
TCGTGTT,1471,1654,1365
GCGTGTT,2447,3814,2003
CCGTGTT,1549,1817,1651
ACGTGTT,1797,1558,1386
TAGTGTT,1481,3210,1225
GAGTGTT,1667,2256,1546
CAGTGTT,1196,1826,1098
AAGTGTT,1352,1894,1177
TTCTGTT,1126,324,1095
GTCTGTT,1697,755,1371
CTCTGTT,1010,304,1054
ATCTGTT,1240,387,996
TGCTGTT,2143,8267,1528
GGCTGTT,1695,2507,1702
CGCTGTT,1500,2520,1384
AGCTGTT,1410,3278,1194
TCCTGTT,1268,370,1269
GCCTGTT,1935,1396,1773
CCCTGTT,1366,426,1431
ACCTGTT,1510,522,1284
TACTGTT,1687,1679,1186
GACTGTT,1743,700,1442
CACTGTT,1096,557,1053
AACTGTT,1077,580,1051
TTATGTT,1407,2168,1121
GTATGTT,2201,4427,1321
CTATGTT,1217,1438,990
ATATGTT,1348,1697,980
TGATGTT,1749,6667,1438
GGATGTT,1725,2290,1515
CGATGTT,1541,4080,1379
AGATGTT,1498,2817,1200
TCATGTT,1138,856,1083
GCATGTT,2219,3107,1462
CCATGTT,1266,738,1237
ACATGTT,1524,933,1102
TAATGTT,1262,2902,1040
GAATGTT,1449,1305,1360
CAATGTT,1114,1509,911
AAATGTT,1259,890,923
TTTGGTT,1082,361,1045
GTTGGTT,3029,6977,1525
CTTGGTT,1151,418,1136
ATTGGTT,1664,1931,1138
TGTGGTT,1841,6756,1535
GGTGGTT,1785,2173,1756
CGTGGTT,1400,1754,1513
AGTGGTT,1270,2642,1303
TCTGGTT,1098,394,1113
GCTGGTT,1774,1295,1628
CCTGGTT,1272,392,1392
ACTGGTT,1359,488,1151
TATGGTT,1360,2461,1114
GATGGTT,1542,1369,1455
CATGGTT,1095,893,1140
AATGGTT,1146,855,1036
TTGGGTT,1229,880,1342
GTGGGTT,1940,2003,1761
CTGGGTT,1110,687,1305
ATGGGTT,1198,911,1247
TGGGGTT,1357,1272,1644
GGGGGTT,1476,1220,1744
CGGGGTT,1316,820,1478
AGGGGTT,1131,823,1294
TCGGGTT,1144,675,1313
GCGGGTT,2057,1912,1909
CCGGGTT,1376,758,1520
ACGGGTT,1504,823,1351
TAGGGTT,1210,1012,1106
GAGGGTT,1301,812,1438
CAGGGTT,965,537,1082
AAGGGTT,1043,586,1132
TTCGGTT,1164,413,1200
GTCGGTT,1600,785,1527
CTCGGTT,1079,353,1231
ATCGGTT,1202,476,1141
TGCGGTT,1794,2143,1757
GGCGGTT,1781,1088,1967
CGCGGTT,1441,818,1624
AGCGGTT,1307,819,1355
TCCGGTT,1208,441,1398
GCCGGTT,1918,1096,1907
CCCGGTT,1266,443,1592
ACCGGTT,1477,526,1429
TACGGTT,1619,838,1238
GACGGTT,1700,750,1654
CACGGTT,1146,474,1170
AACGGTT,1133,486,1234
TTAGGTT,987,389,1013
GTAGGTT,1261,872,1187
CTAGGTT,906,383,974
ATAGGTT,881,429,910
TGAGGTT,1155,1053,1453
GGAGGTT,1226,595,1474
CGAGGTT,1130,592,1220
AGAGGTT,1051,528,1110
TCAGGTT,913,333,1031
GCAGGTT,1572,1039,1383
CCAGGTT,984,341,1148
ACAGGTT,1244,495,989
TAAGGTT,915,448,1020
GAAGGTT,1065,414,1211
CAAGGTT,950,341,990
AAAGGTT,852,324,933
TTTCGTT,1137,299,1036
GTTCGTT,1723,736,1422
CTTCGTT,958,273,962
ATTCGTT,1117,354,1054
TGTCGTT,1698,6567,1472
GGTCGTT,1557,1131,1581
CGTCGTT,1159,1552,1279
AGTCGTT,1189,1815,1173
TCTCGTT,1028,311,1137
GCTCGTT,1520,793,1550
CCTCGTT,1086,340,1334
ACTCGTT,1291,373,1279
TATCGTT,1281,2394,1127
GATCGTT,1413,737,1310
CATCGTT,1023,834,1009
AATCGTT,1020,660,948
TTGCGTT,1872,6822,1627
GTGCGTT,2520,10260,2166
CTGCGTT,1365,5178,1484
ATGCGTT,1780,6417,1600
TGGCGTT,1900,5660,1948
GGGCGTT,1972,4613,2168
CGGCGTT,1482,4555,1614
AGGCGTT,1528,4069,1666
TCGCGTT,1483,4481,1523
GCGCGTT,2504,7562,2000
CCGCGTT,1462,5042,1571
ACGCGTT,1757,4794,1537
TAGCGTT,1332,4377,1360
GAGCGTT,1646,4170,1612
CAGCGTT,1127,3025,1201
AAGCGTT,1265,3509,1215
TTCCGTT,1287,334,1313
GTCCGTT,1816,544,1758
CTCCGTT,1098,253,1226
ATCCGTT,1237,350,1200
TGCCGTT,1835,2041,1889
GGCCGTT,1842,868,2023
CGCCGTT,1298,876,1545
AGCCGTT,1379,623,1538
TCCCGTT,1300,336,1562
GCCCGTT,1970,881,2034
CCCCGTT,1345,357,1475
ACCCGTT,1593,424,1475
TACCGTT,1821,773,1473
GACCGTT,1714,579,1666
CACCGTT,1150,371,1112
AACCGTT,1220,421,1183
TTACGTT,1195,417,1332
GTACGTT,1716,841,1570
CTACGTT,1054,418,1083
ATACGTT,1230,635,1098
TGACGTT,1551,1978,1605
GGACGTT,1539,670,1695
CGACGTT,1239,884,1329
AGACGTT,1195,668,1211
TCACGTT,1084,446,1195
GCACGTT,2114,1586,1626
CCACGTT,1180,453,1277
ACACGTT,1503,627,1153
TAACGTT,1125,817,1209
GAACGTT,1275,514,1394
CAACGTT,967,473,1033
AAACGTT,1052,441,1084
TTTAGTT,1009,285,912
GTTAGTT,2128,4342,1191
CTTAGTT,1010,280,1077
ATTAGTT,1263,1070,901
TGTAGTT,1502,5538,1212
GGTAGTT,1515,1456,1397
CGTAGTT,1270,1098,1322
AGTAGTT,1138,1742,1048
TCTAGTT,916,249,1014
GCTAGTT,1538,1013,1304
CCTAGTT,1099,312,1169
ACTAGTT,1192,349,975
TATAGTT,1086,1231,926
GATAGTT,1250,798,1226
CATAGTT,935,555,952
AATAGTT,956,542,939
TTGAGTT,1272,1803,1308
GTGAGTT,1876,4037,1608
CTGAGTT,1177,1638,1286
ATGAGTT,1269,2012,1155
TGGAGTT,1333,1534,1481
GGGAGTT,1403,1052,1563
CGGAGTT,1320,1405,1446
AGGAGTT,1072,971,1186
TCGAGTT,1139,1096,1271
GCGAGTT,1918,2259,1689
CCGAGTT,1170,1393,1430
ACGAGTT,1351,1197,1266
TAGAGTT,1120,1278,1049
GAGAGTT,1251,1126,1305
CAGAGTT,917,960,954
AAGAGTT,941,1023,960
TTCAGTT,952,231,989
GTCAGTT,1355,505,1261
CTCAGTT,822,275,997
ATCAGTT,974,298,967
TGCAGTT,1473,1405,1368
GGCAGTT,1412,620,1592
CGCAGTT,1274,638,1408
AGCAGTT,1101,595,1145
TCCAGTT,989,261,1168
GCCAGTT,1555,826,1528
CCCAGTT,1073,289,1276
ACCAGTT,1183,368,1155
TACAGTT,1401,583,1017
GACAGTT,1637,531,1235
CACAGTT,929,348,993
AACAGTT,1099,350,958
TTAAGTT,896,348,919
GTAAGTT,1355,655,1301
CTAAGTT,961,289,939
ATAAGTT,998,391,928
TGAAGTT,1085,450,1302
GGAAGTT,1196,336,1310
CGAAGTT,1191,376,1291
AGAAGTT,940,270,995
TCAAGTT,897,229,938
GCAAGTT,1766,938,1376
CCAAGTT,994,293,1057
ACAAGTT,1371,436,956
TAAAGTT,895,253,940
GAAAGTT,1066,243,1067
CAAAGTT,848,216,917
AAAAGTT,872,187,795
TTTTCTT,666,120,759
GTTTCTT,2138,2130,1283
CTTTCTT,927,177,979
ATTTCTT,1140,335,928
TGTTCTT,1659,2388,1216
GGTTCTT,1562,445,1425
CGTTCTT,1146,296,1309
AGTTCTT,1074,383,1086
TCTTCTT,985,176,924
GCTTCTT,1559,768,1360
CCTTCTT,1007,224,1098
ACTTCTT,1152,247,1068
TATTCTT,1290,428,917
GATTCTT,1389,427,1178
CATTCTT,922,209,926
AATTCTT,861,203,882
TTGTCTT,1281,2493,1154
GTGTCTT,2200,3076,1706
CTGTCTT,1114,1378,1253
ATGTCTT,1413,1937,1265
TGGTCTT,1423,790,1456
GGGTCTT,1517,622,1728
CGGTCTT,1269,572,1505
AGGTCTT,1175,486,1248
TCGTCTT,1090,723,1108
GCGTCTT,1980,2253,1633
CCGTCTT,1277,796,1288
ACGTCTT,1385,724,1198
TAGTCTT,1123,724,1130
GAGTCTT,1288,671,1305
CAGTCTT,941,455,941
AAGTCTT,1016,574,1079
TTCTCTT,867,174,856
GTCTCTT,1476,521,1272
CTCTCTT,885,208,917
ATCTCTT,1072,245,943
TGCTCTT,1201,612,1174
GGCTCTT,1430,478,1428
CGCTCTT,1230,366,1286
AGCTCTT,1060,293,1130
TCCTCTT,1019,232,1026
GCCTCTT,1798,1663,1491
CCCTCTT,1159,292,1340
ACCTCTT,1255,371,1203
TACTCTT,1561,373,1084
GACTCTT,1459,441,1198
CACTCTT,921,227,1010
AACTCTT,865,261,938
TTATCTT,905,427,959
GTATCTT,1691,1773,1225
CTATCTT,903,386,938
ATATCTT,981,441,946
TGATCTT,1142,355,1291
GGATCTT,1257,289,1401
CGATCTT,1095,364,1342
AGATCTT,975,274,1084
TCATCTT,818,375,876
GCATCTT,2496,6030,1296
CCATCTT,995,392,1041
ACATCTT,1299,459,1007
TAATCTT,905,242,903
GAATCTT,1072,357,1203
CAATCTT,829,239,912
AAATCTT,827,201,835
TTTGCTT,2370,1036,1230
GTTGCTT,4230,5333,1899
CTTGCTT,2160,919,1452
ATTGCTT,2562,1558,1402
TGTGCTT,2843,4638,1899
GGTGCTT,2921,1939,2130
CGTGCTT,2184,1437,1738
AGTGCTT,1964,1709,1619
TCTGCTT,1670,855,1249
GCTGCTT,2567,2078,1759
CCTGCTT,1922,920,1536
ACTGCTT,1954,910,1282
TATGCTT,2232,2254,1370
GATGCTT,2984,3756,1747
CATGCTT,1729,1088,1280
AATGCTT,2004,1878,1226
TTGGCTT,1632,1595,1543
GTGGCTT,2690,3568,2140
CTGGCTT,1409,1212,1570
ATGGCTT,1640,1688,1616
TGGGCTT,1794,1655,1885
GGGGCTT,1885,1496,2048
CGGGCTT,1546,1148,1766
AGGGCTT,1458,1141,1524
TCGGCTT,1304,1372,1452
GCGGCTT,2203,3452,2029
CCGGCTT,1400,1190,1551
ACGGCTT,1541,1407,1475
TAGGCTT,1564,1381,1347
GAGGCTT,1694,1772,1770
CAGGCTT,1222,828,1356
AAGGCTT,1287,1189,1274
TTCGCTT,1523,938,1340
GTCGCTT,2080,1863,1692
CTCGCTT,1350,876,1238
ATCGCTT,1528,1078,1264
TGCGCTT,2042,2860,1848
GGCGCTT,2036,2187,2067
CGCGCTT,1675,1948,1692
AGCGCTT,1623,1672,1555
TCCGCTT,1431,1420,1539
GCCGCTT,2231,2854,1993
CCCGCTT,1511,1466,1532
ACCGCTT,1714,1400,1497
TACGCTT,2098,1628,1436
GACGCTT,2342,1797,1671
CACGCTT,1350,1256,1308
AACGCTT,1411,1258,1288
TTAGCTT,1337,1015,1191
GTAGCTT,1529,1682,1378
CTAGCTT,1171,901,1081
ATAGCTT,1244,996,1143
TGAGCTT,1500,1178,1669
GGAGCTT,1579,1068,1679
CGAGCTT,1302,991,1470
AGAGCTT,1244,888,1249
TCAGCTT,1005,846,1032
GCAGCTT,1975,2288,1516
CCAGCTT,1083,831,1161
ACAGCTT,1340,992,1164
TAAGCTT,1154,905,1187
GAAGCTT,1309,927,1420
CAAGCTT,1060,697,1112
AAAGCTT,1125,802,1038
TTTCCTT,1107,194,1191
GTTCCTT,1788,580,1580
CTTCCTT,1001,203,1147
ATTCCTT,1258,313,1178
TGTCCTT,1795,3978,1573
GGTCCTT,1719,578,1802
CGTCCTT,1260,668,1417
AGTCCTT,1259,730,1317
TCTCCTT,1006,212,1006
GCTCCTT,1653,676,1534
CCTCCTT,1068,282,1275
ACTCCTT,1314,303,1085
TATCCTT,1369,726,1176
GATCCTT,1382,364,1600
CATCCTT,994,328,1030
AATCCTT,1023,281,1089
TTGCCTT,1733,8307,1734
GTGCCTT,2781,12613,2400
CTGCCTT,1485,6761,1545
ATGCCTT,1948,8197,1782
TGGCCTT,2000,8094,2068
GGGCCTT,1954,7730,2397
CGGCCTT,1501,6368,1788
AGGCCTT,1589,6258,1772
TCGCCTT,1480,7053,1518
GCGCCTT,2445,12098,2058
CCGCCTT,1445,7652,1600
ACGCCTT,1680,7225,1597
TAGCCTT,1486,6375,1479
GAGCCTT,1636,6840,1781
CAGCCTT,1027,4686,1189
AAGCCTT,1306,5246,1403
TTCCCTT,1389,295,1419
GTCCCTT,1929,721,1822
CTCCCTT,1045,244,1198
ATCCCTT,1306,336,1289
TGCCCTT,1929,872,2003
GGCCCTT,1820,698,2211
CGCCCTT,1391,535,1592
AGCCCTT,1497,420,1719
TCCCCTT,1349,330,1594
GCCCCTT,2020,901,2003
CCCCCTT,1282,321,1414
ACCCCTT,1477,402,1505
TACCCTT,1873,522,1500
GACCCTT,1771,515,1770
CACCCTT,1092,329,1175
AACCCTT,1187,276,1297
TTACCTT,1233,373,1359
GTACCTT,1682,760,1674
CTACCTT,1141,359,1165
ATACCTT,1279,495,1198
TGACCTT,1528,641,1782
GGACCTT,1595,441,1863
CGACCTT,1242,473,1383
AGACCTT,1289,387,1390
TCACCTT,1015,372,1141
GCACCTT,2062,1658,1643
CCACCTT,1107,371,1229
ACACCTT,1556,656,1189
TAACCTT,1207,337,1258
GAACCTT,1294,396,1418
CAACCTT,949,273,1006
AAACCTT,1083,304,1109
TTTACTT,1219,269,1106
GTTACTT,2430,1205,1515
CTTACTT,1157,313,1175
ATTACTT,1544,430,1157
TGTACTT,1812,2207,1467
GGTACTT,1943,697,1714
CGTACTT,1519,566,1547
AGTACTT,1295,702,1210
TCTACTT,1004,244,1070
GCTACTT,1845,1080,1430
CCTACTT,1174,291,1202
ACTACTT,1298,379,1147
TATACTT,1385,735,1102
GATACTT,1816,949,1362
CATACTT,1166,377,1128
AATACTT,1131,440,1069
TTGACTT,1472,1748,1535
GTGACTT,2353,3378,1881
CTGACTT,1340,1372,1419
ATGACTT,1518,1837,1434
TGGACTT,1627,1710,1662
GGGACTT,1633,1680,1850
CGGACTT,1511,1279,1588
AGGACTT,1251,1133,1280
TCGACTT,1145,1564,1277
GCGACTT,2077,3752,1571
CCGACTT,1226,1723,1419
ACGACTT,1462,1460,1270
TAGACTT,1354,1580,1231
GAGACTT,1372,1543,1474
CAGACTT,1053,872,1107
AAGACTT,1052,1029,1122
TTCACTT,1112,268,1058
GTCACTT,1633,955,1495
CTCACTT,1035,323,1093
ATCACTT,1155,430,1063
TGCACTT,1711,1035,1454
GGCACTT,1697,676,1710
CGCACTT,1449,621,1615
AGCACTT,1266,484,1291
TCCACTT,1167,306,1267
GCCACTT,1918,1916,1649
CCCACTT,1245,381,1355
ACCACTT,1410,475,1255
TACACTT,1774,704,1165
GACACTT,2039,769,1514
CACACTT,1064,392,1089
AACACTT,1171,501,1053
TTAACTT,1048,394,1142
GTAACTT,1678,866,1389
CTAACTT,1096,360,1114
ATAACTT,1095,478,1024
TGAACTT,1267,353,1424
GGAACTT,1338,364,1524
CGAACTT,1240,331,1419
AGAACTT,1087,322,1166
TCAACTT,937,371,931
GCAACTT,2249,2903,1321
CCAACTT,1061,388,1140
ACAACTT,1464,763,1043
TAAACTT,1054,292,1135
GAAACTT,1186,378,1292
CAAACTT,989,321,914
AAAACTT,929,324,939
TTTTATT,977,232,895
GTTTATT,3783,7816,1298
CTTTATT,1063,358,984
ATTTATT,2014,2189,929
TGTTATT,2612,7493,1142
GGTTATT,1730,3898,1458
CGTTATT,1506,3970,1259
AGTTATT,1404,4305,1030
TCTTATT,1041,702,928
GCTTATT,2401,2981,1406
CCTTATT,1224,346,1199
ACTTATT,1471,534,1009
TATTATT,1561,4447,927
GATTATT,1760,2126,1199
CATTATT,1007,1320,923
AATTATT,1063,1683,900
TTGTATT,1798,5534,1205
GTGTATT,2944,8020,1600
CTGTATT,1435,4055,1152
ATGTATT,1769,5208,1270
TGGTATT,1631,4135,1453
GGGTATT,1630,2211,1632
CGGTATT,1442,2742,1448
AGGTATT,1168,2100,1185
TCGTATT,1319,2738,1288
GCGTATT,2432,5096,1678
CCGTATT,1429,3179,1441
ACGTATT,1647,2532,1375
TAGTATT,1356,2956,1037
GAGTATT,1331,2251,1338
CAGTATT,1021,1934,1030
AAGTATT,1088,2486,964
TTCTATT,940,206,916
GTCTATT,1659,1226,1205
CTCTATT,908,227,878
ATCTATT,1057,296,975
TGCTATT,1695,6548,1371
GGCTATT,1478,1600,1467
CGCTATT,1289,1923,1334
AGCTATT,1185,1888,1107
TCCTATT,1120,303,1199
GCCTATT,1782,1014,1517
CCCTATT,1226,375,1309
ACCTATT,1418,407,1168
TACTATT,1667,1051,1023
GACTATT,1602,551,1284
CACTATT,977,372,894
AACTATT,977,342,980
TTATATT,1067,740,951
GTATATT,1873,3208,1174
CTATATT,1014,555,884
ATATATT,1012,720,904
TGATATT,1376,4459,1156
GGATATT,1355,971,1365
CGATATT,1250,1959,1269
AGATATT,1073,1026,994
TCATATT,1016,549,969
GCATATT,1991,1516,1349
CCATATT,1020,485,1022
ACATATT,1445,577,1044
TAATATT,965,2136,907
GAATATT,1103,636,1100
CAATATT,825,1070,853
AAATATT,993,474,826
TTTGATT,1641,412,1171
GTTGATT,3918,6746,1538
CTTGATT,1632,469,1167
ATTGATT,2241,1797,1240
TGTGATT,2330,7256,1570
GGTGATT,2118,1815,1718
CGTGATT,1573,1357,1459
AGTGATT,1574,2755,1253
TCTGATT,1321,413,1169
GCTGATT,2212,1560,1598
CCTGATT,1452,470,1357
ACTGATT,1643,566,1256
TATGATT,1724,3621,1199
GATGATT,2043,1383,1449
CATGATT,1251,954,1136
AATGATT,1280,1025,1057
TTGGATT,1283,404,1356
GTGGATT,1954,1225,1722
CTGGATT,1251,340,1269
ATGGATT,1300,525,1349
TGGGATT,1359,530,1512
GGGGATT,1519,552,1588
CGGGATT,1333,414,1488
AGGGATT,1153,405,1195
TCGGATT,1199,379,1365
GCGGATT,2195,1175,1821
CCGGATT,1298,328,1528
ACGGATT,1546,438,1360
TAGGATT,1105,377,1073
GAGGATT,1213,358,1421
CAGGATT,951,278,1117
AAGGATT,999,248,1143
TTCGATT,1323,408,1189
GTCGATT,1707,706,1498
CTCGATT,1231,412,1303
ATCGATT,1210,476,1129
TGCGATT,1917,2321,1706
GGCGATT,1775,1000,1950
CGCGATT,1546,853,1560
AGCGATT,1452,815,1361
TCCGATT,1305,396,1380
GCCGATT,2099,1117,1819
CCCGATT,1366,439,1538
ACCGATT,1541,545,1390
TACGATT,1751,592,1214
GACGATT,1787,546,1528
CACGATT,1113,335,1188
AACGATT,1177,374,1177
TTAGATT,986,291,1030
GTAGATT,1151,526,1083
CTAGATT,952,269,1053
ATAGATT,925,302,956
TGAGATT,1214,590,1289
GGAGATT,1183,369,1358
CGAGATT,1014,367,1256
AGAGATT,1032,279,1039
TCAGATT,843,242,950
GCAGATT,1698,768,1385
CCAGATT,1000,232,1133
ACAGATT,1275,363,1016
TAAGATT,876,246,938
GAAGATT,1064,272,1123
CAAGATT,818,201,896
AAAGATT,885,214,866
TTTCATT,1049,254,1008
GTTCATT,1670,540,1320
CTTCATT,917,229,959
ATTCATT,1072,321,917
TGTCATT,1525,6196,1267
GGTCATT,1457,1001,1442
CGTCATT,1135,1954,1203
AGTCATT,1149,1832,1034
TCTCATT,904,266,979
GCTCATT,1479,761,1288
CCTCATT,1103,293,1071
ACTCATT,1188,398,1011
TATCATT,1345,2639,994
GATCATT,1333,763,1170
CATCATT,921,942,876
AATCATT,941,725,902
TTGCATT,2040,8354,1507
GTGCATT,2841,12382,1932
CTGCATT,1526,7249,1293
ATGCATT,2239,8747,1401
TGGCATT,1931,8958,1687
GGGCATT,1975,8858,1869
CGGCATT,1471,7653,1502
AGGCATT,1556,7274,1329
TCGCATT,1827,8140,1361
GCGCATT,2789,12800,1847
CCGCATT,1732,8441,1548
ACGCATT,1946,8648,1509
TAGCATT,1573,6767,1237
GAGCATT,1665,7757,1480
CAGCATT,1202,5463,1083
AAGCATT,1353,6054,1152
TTCCATT,1111,290,1140
GTCCATT,1672,526,1510
CTCCATT,992,242,1082
ATCCATT,1171,323,1215
TGCCATT,1808,3819,1526
GGCCATT,1660,1516,1841
CGCCATT,1320,2075,1376
AGCCATT,1305,1354,1278
TCCCATT,1187,318,1367
GCCCATT,1838,917,1803
CCCCATT,1196,312,1359
ACCCATT,1407,391,1341
TACCATT,1624,596,1280
GACCATT,1484,523,1528
CACCATT,988,350,1002
AACCATT,1112,353,1164
TTACATT,1100,449,1198
GTACATT,1574,759,1429
CTACATT,976,329,996
ATACATT,1390,675,1042
TGACATT,1309,1928,1416
GGACATT,1385,599,1439
CGACATT,1089,854,1212
AGACATT,1187,681,1108
TCACATT,980,391,1061
GCACATT,2316,1740,1428
CCACATT,1115,442,1122
ACACATT,1648,770,1074
TAACATT,1077,831,1035
GAACATT,1139,435,1303
CAACATT,936,418,945
AAACATT,1424,671,953
TTTAATT,1265,269,969
GTTAATT,2122,766,1408
CTTAATT,1244,279,1079
ATTAATT,1344,354,953
TGTAATT,1745,3467,1269
GGTAATT,1760,784,1448
CGTAATT,1476,707,1317
AGTAATT,1283,825,1140
TCTAATT,1046,251,967
GCTAATT,1952,784,1377
CCTAATT,1283,313,1270
ACTAATT,1464,434,1110
TATAATT,1227,603,978
GATAATT,1411,399,1227
CATAATT,1074,317,966
AATAATT,1085,296,999
TTGAATT,1317,1827,1271
GTGAATT,2035,2988,1718
CTGAATT,1143,1343,1277
ATGAATT,1339,1676,1237
TGGAATT,1425,1722,1467
GGGAATT,1407,1760,1566
CGGAATT,1255,1519,1380
AGGAATT,1114,1166,1147
TCGAATT,1267,1438,1341
GCGAATT,2154,3035,1618
CCGAATT,1245,1759,1419
ACGAATT,1466,1350,1274
TAGAATT,1161,1197,1105
GAGAATT,1164,1311,1349
CAGAATT,928,857,993
AAGAATT,933,966,999
TTCAATT,978,255,1045
GTCAATT,1614,554,1339
CTCAATT,1003,264,1029
ATCAATT,1164,320,990
TGCAATT,1867,3476,1459
GGCAATT,1611,1720,1570
CGCAATT,1518,2267,1368
AGCAATT,1302,1588,1157
TCCAATT,1015,240,1043
GCCAATT,1663,717,1514
CCCAATT,1192,304,1240
ACCAATT,1409,415,1184
TACAATT,1562,403,1062
GACAATT,1837,468,1253
CACAATT,1104,338,969
AACAATT,1282,449,932
TTAAATT,1007,245,1035
GTAAATT,1457,590,1295
CTAAATT,989,244,1071
ATAAATT,960,282,932
TGAAATT,1081,339,1194
GGAAATT,1164,305,1311
CGAAATT,1156,346,1226
AGAAATT,909,199,941
TCAAATT,858,188,963
GCAAATT,1912,905,1306
CCAAATT,967,269,1103
ACAAATT,1453,375,1048
TAAAATT,928,164,906
GAAAATT,986,206,1055
CAAAATT,903,188,915
AAAAATT,880,139,800
TTTTTGT,846,337,828
GTTTTGT,3099,5255,1493
CTTTTGT,1191,461,1100
ATTTTGT,1476,1045,1059
TGTTTGT,3788,8595,1320
GGTTTGT,1882,7171,1583
CGTTTGT,1465,7007,1395
AGTTTGT,1639,6622,1235
TCTTTGT,1100,2060,1051
GCTTTGT,1870,2181,1601
CCTTTGT,1164,757,1270
ACTTTGT,1340,947,1157
TATTTGT,2413,5818,1067
GATTTGT,1590,4121,1241
CATTTGT,1041,3226,1005
AATTTGT,1077,3056,907
TTGTTGT,3747,8787,1255
GTGTTGT,5129,13167,1814
CTGTTGT,3667,8681,1342
ATGTTGT,3869,9039,1377
TGGTTGT,2101,7119,1546
GGGTTGT,1930,3583,1711
CGGTTGT,1889,5837,1489
AGGTTGT,1578,3866,1331
TCGTTGT,1724,4451,1327
GCGTTGT,2578,6014,1981
CCGTTGT,1811,4283,1534
ACGTTGT,1920,3841,1511
TAGTTGT,2025,5744,1125
GAGTTGT,1832,4784,1504
CAGTTGT,1548,4509,1106
AAGTTGT,1643,4625,1097
TTCTTGT,1046,489,1000
GTCTTGT,1656,1050,1427
CTCTTGT,1003,432,1093
ATCTTGT,1120,483,1038
TGCTTGT,2155,8686,1442
GGCTTGT,1557,3647,1702
CGCTTGT,1354,3940,1387
AGCTTGT,1260,4157,1230
TCCTTGT,1154,454,1263
GCCTTGT,1760,1339,1836
CCCTTGT,1286,448,1463
ACCTTGT,1329,444,1278
TACTTGT,1518,2915,1106
GACTTGT,1535,1090,1355
CACTTGT,966,910,1033
AACTTGT,961,760,994
TTATTGT,2584,5510,1063
GTATTGT,3299,7217,1387
CTATTGT,2223,4745,1059
ATATTGT,2174,4544,991
TGATTGT,1855,6928,1272
GGATTGT,1478,2996,1371
CGATTGT,1448,5765,1346
AGATTGT,1175,3011,1099
TCATTGT,1118,1853,1059
GCATTGT,2301,5318,1525
CCATTGT,1154,1400,1145
ACATTGT,1462,1322,1057
TAATTGT,1413,3927,1003
GAATTGT,1267,2128,1223
CAATTGT,1055,2788,963
AAATTGT,990,1461,938
TTTGTGT,2562,1117,1245
GTTGTGT,4747,9189,1752
CTTGTGT,2315,973,1375
ATTGTGT,2786,2346,1258
TGTGTGT,3098,9571,1854
GGTGTGT,2933,3738,2083
CGTGTGT,2220,2816,1724
AGTGTGT,2111,4510,1486
TCTGTGT,1716,815,1322
GCTGTGT,2789,2037,1726
CCTGTGT,2106,818,1585
ACTGTGT,1974,844,1397
TATGTGT,2339,4816,1347
GATGTGT,2685,2432,1698
CATGTGT,1736,1474,1230
AATGTGT,1815,1810,1188
TTGGTGT,1782,2146,1584
GTGGTGT,2800,3988,2035
CTGGTGT,1597,1471,1443
ATGGTGT,1704,1968,1453
TGGGTGT,1839,1628,1700
GGGGTGT,1878,1262,2057
CGGGTGT,1547,1045,1731
AGGGTGT,1326,950,1361
TCGGTGT,1506,1209,1469
GCGGTGT,2431,2614,2132
CCGGTGT,1669,1153,1775
ACGGTGT,1651,1234,1535
TAGGTGT,1345,1265,1256
GAGGTGT,1543,1003,1555
CAGGTGT,1214,768,1258
AAGGTGT,1249,804,1208
TTCGTGT,1413,698,1329
GTCGTGT,2003,1408,1786
CTCGTGT,1328,582,1393
ATCGTGT,1428,708,1261
TGCGTGT,2346,6072,1862
GGCGTGT,2129,2194,2041
CGCGTGT,1656,2169,1749
AGCGTGT,1571,1910,1592
TCCGTGT,1436,639,1457
GCCGTGT,2049,1503,2100
CCCGTGT,1510,669,1654
ACCGTGT,1597,702,1546
TACGTGT,1937,1043,1407
GACGTGT,2090,983,1641
CACGTGT,1326,614,1229
AACGTGT,1327,662,1236
TTAGTGT,1319,1144,1098
GTAGTGT,1910,2345,1469
CTAGTGT,1162,814,1041
ATAGTGT,1307,1009,1033
TGAGTGT,1538,2045,1547
GGAGTGT,1615,937,1620
CGAGTGT,1362,1072,1451
AGAGTGT,1236,833,1138
TCAGTGT,1200,746,1159
GCAGTGT,1885,1653,1564
CCAGTGT,1245,713,1230
ACAGTGT,1396,799,1147
TAAGTGT,1178,950,1074
GAAGTGT,1248,703,1369
CAAGTGT,1062,576,1028
AAAGTGT,1133,524,1028
TTTCTGT,1099,246,1083
GTTCTGT,1714,537,1385
CTTCTGT,916,281,1052
ATTCTGT,1247,328,1005
TGTCTGT,1516,4727,1428
GGTCTGT,1471,676,1696
CGTCTGT,1118,706,1283
AGTCTGT,1091,818,1150
TCTCTGT,924,296,1013
GCTCTGT,1428,667,1366
CCTCTGT,1075,276,1294
ACTCTGT,1153,285,1051
TATCTGT,1194,826,1148
GATCTGT,1367,389,1316
CATCTGT,872,390,954
AATCTGT,900,263,986
TTGCTGT,2706,7041,1572
GTGCTGT,2876,6522,2103
CTGCTGT,1872,4248,1447
ATGCTGT,2041,4571,1553
TGGCTGT,1723,1850,1831
GGGCTGT,1897,1284,2074
CGGCTGT,1344,1295,1502
AGGCTGT,1501,1187,1519
TCGCTGT,1437,1569,1488
GCGCTGT,2448,3054,2172
CCGCTGT,1474,1699,1542
ACGCTGT,1642,1429,1520
TAGCTGT,1394,1880,1286
GAGCTGT,1458,1267,1567
CAGCTGT,1125,1182,1155
AAGCTGT,1133,1222,1272
TTCCTGT,1291,297,1399
GTCCTGT,1849,628,1683
CTCCTGT,1031,255,1156
ATCCTGT,1252,333,1236
TGCCTGT,1822,1956,1905
GGCCTGT,1824,927,2110
CGCCTGT,1311,971,1470
AGCCTGT,1338,785,1392
TCCCTGT,1291,308,1521
GCCCTGT,1873,858,2016
CCCCTGT,1207,325,1599
ACCCTGT,1441,364,1445
TACCTGT,1715,563,1299
GACCTGT,1652,480,1602
CACCTGT,990,286,1108
AACCTGT,1127,299,1235
TTACTGT,1146,685,1214
GTACTGT,1652,1056,1434
CTACTGT,938,515,1054
ATACTGT,1155,699,1083
TGACTGT,1328,1109,1514
GGACTGT,1435,569,1561
CGACTGT,1102,638,1248
AGACTGT,1166,531,1264
TCACTGT,1034,445,1122
GCACTGT,1883,1396,1520
CCACTGT,1129,496,1202
ACACTGT,1433,608,1103
TAACTGT,1064,568,1108
GAACTGT,1194,422,1318
CAACTGT,853,351,863
AAACTGT,1065,342,998
TTTATGT,1573,441,1087
GTTATGT,3253,4632,1534
CTTATGT,1466,550,1149
ATTATGT,1868,1179,1050
TGTATGT,2541,8269,1447
GGTATGT,2254,3402,1684
CGTATGT,1749,3482,1500
AGTATGT,1528,4382,1215
TCTATGT,1267,450,1144
GCTATGT,1994,1550,1524
CCTATGT,1491,568,1333
ACTATGT,1510,575,1145
TATATGT,1508,3041,1131
GATATGT,1797,1546,1341
CATATGT,1216,1190,1001
AATATGT,1219,1052,1019
TTGATGT,2323,5088,1512
GTGATGT,3040,6571,1814
CTGATGT,1849,3618,1434
ATGATGT,1846,4067,1433
TGGATGT,1692,2107,1612
GGGATGT,1787,1216,1824
CGGATGT,1455,1227,1600
AGGATGT,1321,932,1320
TCGATGT,1505,2402,1444
GCGATGT,2373,3439,1979
CCGATGT,1534,1996,1681
ACGATGT,1693,1837,1365
TAGATGT,1525,1861,1215
GAGATGT,1367,1206,1434
CAGATGT,1084,985,1076
AAGATGT,1124,970,1142
TTCATGT,1114,505,1149
GTCATGT,1650,1162,1399
CTCATGT,1031,408,1138
ATCATGT,1241,587,1101
TGCATGT,1913,5517,1672
GGCATGT,1717,2032,1728
CGCATGT,1600,2801,1665
AGCATGT,1338,1904,1293
TCCATGT,1205,491,1259
GCCATGT,1804,1569,1705
CCCATGT,1290,524,1468
ACCATGT,1354,557,1259
TACATGT,1678,940,1218
GACATGT,2013,884,1464
CACATGT,1092,517,982
AACATGT,1205,537,1087
TTAATGT,1403,1631,1077
GTAATGT,1596,1928,1442
CTAATGT,1189,1150,1126
ATAATGT,1269,1069,1069
TGAATGT,1419,1887,1499
GGAATGT,1362,740,1511
CGAATGT,1387,1066,1381
AGAATGT,1097,663,1147
TCAATGT,1019,772,1037
GCAATGT,2054,2429,1378
CCAATGT,1100,663,1192
ACAATGT,1597,845,1080
TAAATGT,1193,769,1098
GAAATGT,1173,533,1290
CAAATGT,971,422,977
AAAATGT,997,373,966
TTTTGGT,1068,244,1003
GTTTGGT,2848,5774,1496
CTTTGGT,1072,289,1086
ATTTGGT,1420,1049,1129
TGTTGGT,3060,9518,1440
GGTTGGT,1703,5245,1613
CGTTGGT,1325,4778,1480
AGTTGGT,1325,5617,1215
TCTTGGT,931,628,1054
GCTTGGT,1599,1185,1439
CCTTGGT,1143,313,1300
ACTTGGT,1122,393,1111
TATTGGT,1729,5673,1118
GATTGGT,1542,2988,1336
CATTGGT,970,1837,1051
AATTGGT,1053,2730,1013
TTGTGGT,1841,5527,1449
GTGTGGT,2349,6255,1940
CTGTGGT,1424,3256,1377
ATGTGGT,1581,3791,1409
TGGTGGT,1559,2840,1647
GGGTGGT,1716,1212,1912
CGGTGGT,1410,1556,1645
AGGTGGT,1317,1111,1403
TCGTGGT,1316,1114,1440
GCGTGGT,2159,3150,1963
CCGTGGT,1339,1232,1555
ACGTGGT,1388,1055,1342
TAGTGGT,1297,2146,1177
GAGTGGT,1391,1357,1498
CAGTGGT,1019,1226,1110
AAGTGGT,1087,1077,1083
TTCTGGT,1009,235,1023
GTCTGGT,1453,428,1459
CTCTGGT,979,201,1084
ATCTGGT,1018,268,1007
TGCTGGT,1629,6572,1552
GGCTGGT,1534,939,1686
CGCTGGT,1310,995,1471
AGCTGGT,1080,1202,1156
TCCTGGT,1101,238,1339
GCCTGGT,1769,1054,1757
CCCTGGT,1240,313,1482
ACCTGGT,1258,280,1287
TACTGGT,1395,907,1148
GACTGGT,1413,456,1455
CACTGGT,951,317,1040
AACTGGT,902,316,1077
TTATGGT,1207,1500,1118
GTATGGT,1627,2354,1408
CTATGGT,992,1034,1035
ATATGGT,1081,1132,1017
TGATGGT,1356,5239,1413
GGATGGT,1415,1210,1571
CGATGGT,1220,2647,1309
AGATGGT,1132,1407,1159
TCATGGT,981,644,1053
GCATGGT,1649,2411,1481
CCATGGT,1021,585,1325
ACATGGT,1284,632,1090
TAATGGT,996,2034,1090
GAATGGT,1164,830,1297
CAATGGT,875,1034,973
AAATGGT,947,629,935
TTTGGGT,1194,342,1263
GTTGGGT,2147,2673,1625
CTTGGGT,1161,298,1229
ATTGGGT,1313,735,1178
TGTGGGT,1777,5760,1729
GGTGGGT,1747,1174,1763
CGTGGGT,1341,939,1563
AGTGGGT,1260,1340,1324
TCTGGGT,954,258,1224
GCTGGGT,1629,891,1696
CCTGGGT,1214,327,1476
ACTGGGT,1217,367,1232
TATGGGT,1310,1484,1173
GATGGGT,1493,740,1481
CATGGGT,1003,533,1151
AATGGGT,1059,482,1142
TTGGGGT,1247,686,1458
GTGGGGT,1949,1503,1972
CTGGGGT,1150,494,1428
ATGGGGT,1240,688,1354
TGGGGGT,1337,1092,1687
GGGGGGT,1595,1045,1860
CGGGGGT,1386,725,1643
AGGGGGT,1204,631,1257
TCGGGGT,1211,532,1455
GCGGGGT,2135,1442,1987
CCGGGGT,1413,487,1720
ACGGGGT,1370,568,1398
TAGGGGT,1148,691,1185
GAGGGGT,1233,617,1475
CAGGGGT,988,471,1142
AAGGGGT,1012,432,1132
TTCGGGT,1190,336,1330
GTCGGGT,1604,536,1672
CTCGGGT,1148,293,1263
ATCGGGT,1135,335,1208
TGCGGGT,1645,1512,1749
GGCGGGT,1693,673,1997
CGCGGGT,1330,554,1557
AGCGGGT,1219,516,1433
TCCGGGT,1234,371,1402
GCCGGGT,1872,861,1985
CCCGGGT,1300,371,1598
ACCGGGT,1367,424,1541
TACGGGT,1537,624,1317
GACGGGT,1775,568,1590
CACGGGT,1007,322,1249
AACGGGT,1098,339,1195
TTAGGGT,1002,351,1105
GTAGGGT,1266,722,1266
CTAGGGT,883,356,1069
ATAGGGT,976,364,980
TGAGGGT,1212,855,1459
GGAGGGT,1333,454,1472
CGAGGGT,1177,508,1325
AGAGGGT,1000,435,1099
TCAGGGT,979,302,1070
GCAGGGT,1509,913,1497
CCAGGGT,1031,272,1343
ACAGGGT,1108,405,1077
TAAGGGT,907,380,1024
GAAGGGT,1028,392,1287
CAAGGGT,844,253,1060
AAAGGGT,841,306,964
TTTCGGT,1187,278,1107
GTTCGGT,1628,492,1507
CTTCGGT,890,231,1106
ATTCGGT,1132,331,1173
TGTCGGT,1638,4128,1544
GGTCGGT,1575,586,1664
CGTCGGT,1170,638,1343
AGTCGGT,1147,670,1208
TCTCGGT,1015,244,1084
GCTCGGT,1480,561,1486
CCTCGGT,1131,322,1384
ACTCGGT,1246,281,1237
TATCGGT,1321,818,1151
GATCGGT,1384,457,1464
CATCGGT,913,377,961
AATCGGT,1066,337,1042
TTGCGGT,1747,1961,1736
GTGCGGT,2347,2724,2140
CTGCGGT,1271,1237,1541
ATGCGGT,1685,1883,1612
TGGCGGT,1744,1121,2065
GGGCGGT,1992,1083,2261
CGGCGGT,1387,802,1717
AGGCGGT,1505,1015,1600
TCGCGGT,1430,846,1642
GCGCGGT,2424,2120,2147
CCGCGGT,1468,856,1665
ACGCGGT,1632,893,1534
TAGCGGT,1317,909,1432
GAGCGGT,1501,768,1685
CAGCGGT,1102,504,1219
AAGCGGT,1366,680,1325
TTCCGGT,1247,247,1347
GTCCGGT,1693,430,1762
CTCCGGT,1011,226,1200
ATCCGGT,1224,256,1255
TGCCGGT,1788,893,1910
GGCCGGT,1789,504,2196
CGCCGGT,1311,409,1600
AGCCGGT,1374,329,1486
TCCCGGT,1288,286,1586
GCCCGGT,1859,718,1953
CCCCGGT,1295,266,1565
ACCCGGT,1378,294,1543
TACCGGT,1618,465,1370
GACCGGT,1653,430,1741
CACCGGT,1068,263,1157
AACCGGT,1137,256,1244
TTACGGT,1243,375,1287
GTACGGT,1544,587,1507
CTACGGT,1005,326,1195
ATACGGT,1135,424,1134
TGACGGT,1438,791,1629
GGACGGT,1528,462,1790
CGACGGT,1218,472,1340
AGACGGT,1184,381,1250
TCACGGT,987,316,1188
GCACGGT,1781,1092,1642
CCACGGT,1108,360,1245
ACACGGT,1370,448,1144
TAACGGT,1154,424,1185
GAACGGT,1338,380,1427
CAACGGT,917,268,1014
AAACGGT,1022,299,1076
TTTAGGT,949,213,1031
GTTAGGT,1516,1303,1373
CTTAGGT,929,237,1010
ATTAGGT,1076,421,1039
TGTAGGT,1434,4642,1329
GGTAGGT,1492,796,1472
CGTAGGT,1221,739,1358
AGTAGGT,1048,1035,1104
TCTAGGT,933,206,930
GCTAGGT,1407,719,1416
CCTAGGT,1053,220,1312
ACTAGGT,1029,227,1009
TATAGGT,1025,823,999
GATAGGT,1187,548,1250
CATAGGT,867,360,997
AATAGGT,935,374,892
TTGAGGT,1284,709,1381
GTGAGGT,1817,1261,1868
CTGAGGT,1080,458,1404
ATGAGGT,1228,627,1337
TGGAGGT,1350,585,1624
GGGAGGT,1379,519,1680
CGGAGGT,1244,440,1548
AGGAGGT,989,371,1229
TCGAGGT,1121,467,1306
GCGAGGT,1750,1135,1759
CCGAGGT,1167,408,1566
ACGAGGT,1302,432,1280
TAGAGGT,1107,428,1069
GAGAGGT,1049,392,1360
CAGAGGT,854,311,1051
AAGAGGT,925,300,972
TTCAGGT,975,201,1089
GTCAGGT,1280,401,1378
CTCAGGT,858,208,1065
ATCAGGT,962,236,1026
TGCAGGT,1357,834,1639
GGCAGGT,1398,477,1700
CGCAGGT,1213,429,1474
AGCAGGT,1069,361,1264
TCCAGGT,976,244,1172
GCCAGGT,1434,730,1582
CCCAGGT,1000,228,1302
ACCAGGT,1142,270,1243
TACAGGT,1342,466,1074
GACAGGT,1556,456,1280
CACAGGT,850,247,1019
AACAGGT,1030,262,983
TTAAGGT,946,318,1097
GTAAGGT,1231,461,1328
CTAAGGT,915,239,1085
ATAAGGT,1010,300,1072
TGAAGGT,1209,453,1312
GGAAGGT,1141,303,1389
CGAAGGT,1077,356,1263
AGAAGGT,926,250,1050
TCAAGGT,857,212,971
GCAAGGT,1483,886,1380
CCAAGGT,986,222,1119
ACAAGGT,1170,346,1019
TAAAGGT,896,259,1064
GAAAGGT,999,217,1143
CAAAGGT,848,167,988
AAAAGGT,794,156,953
TTTTCGT,1140,196,1029
GTTTCGT,2073,1655,1548
CTTTCGT,1125,232,1195
ATTTCGT,1367,430,1146
TGTTCGT,1706,5046,1444
GGTTCGT,1689,631,1704
CGTTCGT,1414,577,1594
AGTTCGT,1209,723,1225
TCTTCGT,1025,230,1132
GCTTCGT,1620,696,1498
CCTTCGT,1154,267,1291
ACTTCGT,1263,323,1166
TATTCGT,1341,991,1132
GATTCGT,1523,523,1389
CATTCGT,1005,313,1056
AATTCGT,975,321,1012
TTGTCGT,1793,4848,1460
GTGTCGT,2386,4909,2091
CTGTCGT,1469,2892,1484
ATGTCGT,1658,3278,1410
TGGTCGT,1639,883,1691
GGGTCGT,1610,742,1869
CGGTCGT,1485,713,1626
AGGTCGT,1331,603,1340
TCGTCGT,1312,1060,1367
GCGTCGT,2050,2262,1877
CCGTCGT,1416,998,1550
ACGTCGT,1468,866,1398
TAGTCGT,1232,999,1206
GAGTCGT,1382,921,1588
CAGTCGT,1040,677,1132
AAGTCGT,1151,685,1184
TTCTCGT,1001,236,1013
GTCTCGT,1464,573,1532
CTCTCGT,977,266,1072
ATCTCGT,1041,348,1100
TGCTCGT,1372,870,1393
GGCTCGT,1574,439,1706
CGCTCGT,1286,422,1409
AGCTCGT,1089,387,1209
TCCTCGT,1124,261,1187
GCCTCGT,1788,1166,1685
CCCTCGT,1271,371,1466
ACCTCGT,1290,414,1295
TACTCGT,1414,457,1141
GACTCGT,1465,444,1387
CACTCGT,976,331,993
AACTCGT,931,275,1015
TTATCGT,1188,1344,1128
GTATCGT,1809,2262,1431
CTATCGT,1019,1001,1087
ATATCGT,1242,989,1103
TGATCGT,1337,766,1409
GGATCGT,1416,539,1557
CGATCGT,1219,582,1385
AGATCGT,1154,393,1127
TCATCGT,954,560,1041
GCATCGT,2040,3308,1365
CCATCGT,1008,628,1212
ACATCGT,1263,700,1137
TAATCGT,1057,540,1047
GAATCGT,1241,487,1344
CAATCGT,982,454,952
AAATCGT,972,338,1054
TTTGCGT,1897,2928,1665
GTTGCGT,3489,6950,2136
CTTGCGT,1701,1963,1596
ATTGCGT,2247,3094,1674
TGTGCGT,2774,7034,2204
GGTGCGT,2710,3920,2476
CGTGCGT,2130,3005,2008
AGTGCGT,2103,3704,1814
TCTGCGT,1536,2018,1490
GCTGCGT,2331,3154,2169
CCTGCGT,1647,1825,1664
ACTGCGT,1745,1779,1470
TATGCGT,2206,3620,1612
GATGCGT,3070,6253,2074
CATGCGT,1565,2119,1462
AATGCGT,2052,3613,1522
TTGGCGT,1925,2535,1860
GTGGCGT,3087,5446,2485
CTGGCGT,1662,1850,1905
ATGGCGT,1942,2567,1765
TGGGCGT,2101,2283,2165
GGGGCGT,2337,2126,2440
CGGGCGT,1884,1742,2134
AGGGCGT,1670,1669,1771
TCGGCGT,1466,1903,1617
GCGGCGT,2428,3831,2327
CCGGCGT,1642,1704,1845
ACGGCGT,1708,1858,1607
TAGGCGT,1658,2081,1601
GAGGCGT,2033,2656,2041
CAGGCGT,1376,1325,1415
AAGGCGT,1505,1738,1403
TTCGCGT,1667,1984,1583
GTCGCGT,2303,2635,2007
CTCGCGT,1400,1555,1423
ATCGCGT,1629,1715,1449
TGCGCGT,2561,3969,2163
GGCGCGT,2375,2999,2426
CGCGCGT,1934,2684,1924
AGCGCGT,1765,2509,1799
TCCGCGT,1505,2138,1708
GCCGCGT,2309,3488,2158
CCCGCGT,1653,1949,1703
ACCGCGT,1754,1821,1604
TACGCGT,2164,2242,1603
GACGCGT,2364,2339,2032
CACGCGT,1469,1726,1371
AACGCGT,1546,1815,1384
TTAGCGT,1376,1759,1371
GTAGCGT,1959,2521,1714
CTAGCGT,1290,1234,1265
ATAGCGT,1414,1462,1340
TGAGCGT,1692,1866,1834
GGAGCGT,1757,1596,1910
CGAGCGT,1486,1449,1607
AGAGCGT,1390,1300,1429
TCAGCGT,1170,1189,1237
GCAGCGT,1912,2333,1688
CCAGCGT,1232,1120,1326
ACAGCGT,1347,1254,1195
TAAGCGT,1319,1458,1297
GAAGCGT,1505,1451,1560
CAAGCGT,1162,1062,1141
AAAGCGT,1285,1254,1186
TTTCCGT,1390,277,1349
GTTCCGT,2001,634,1761
CTTCCGT,1209,211,1326
ATTCCGT,1507,348,1340
TGTCCGT,1956,2777,1807
GGTCCGT,1941,574,2102
CGTCCGT,1370,608,1539
AGTCCGT,1411,538,1440
TCTCCGT,1136,223,1133
GCTCCGT,1738,616,1689
CCTCCGT,1224,305,1390
ACTCCGT,1307,326,1253
TATCCGT,1553,661,1322
GATCCGT,1651,404,1690
CATCCGT,1049,343,1147
AATCCGT,1132,307,1165
TTGCCGT,1945,3751,2004
GTGCCGT,2696,5613,2634
CTGCCGT,1522,2231,1737
ATGCCGT,2003,3652,1855
TGGCCGT,2166,1884,2372
GGGCCGT,2300,1549,2570
CGGCCGT,1685,1210,1828
AGGCCGT,1761,1472,1857
TCGCCGT,1483,2071,1762
GCGCCGT,2544,4021,2240
CCGCCGT,1462,2219,1682
ACGCCGT,1667,1773,1635
TAGCCGT,1446,1544,1656
GAGCCGT,1736,1233,2032
CAGCCGT,1173,858,1490
AAGCCGT,1467,1083,1462
TTCCCGT,1555,296,1641
GTCCCGT,2075,640,2022
CTCCCGT,1234,264,1242
ATCCCGT,1460,394,1404
TGCCCGT,2014,744,2153
GGCCCGT,2148,609,2379
CGCCCGT,1558,513,1792
AGCCCGT,1504,416,1702
TCCCCGT,1495,298,1586
GCCCCGT,2130,799,2196
CCCCCGT,1510,281,1581
ACCCCGT,1567,398,1678
TACCCGT,1782,514,1565
GACCCGT,1808,477,1894
CACCCGT,1175,297,1247
AACCCGT,1408,310,1415
TTACCGT,1469,432,1610
GTACCGT,2019,841,1879
CTACCGT,1151,399,1253
ATACCGT,1518,535,1331
TGACCGT,1595,620,2026
GGACCGT,1825,486,2049
CGACCGT,1349,406,1576
AGACCGT,1409,457,1500
TCACCGT,1196,406,1412
GCACCGT,2177,1338,1876
CCACCGT,1162,435,1408
ACACCGT,1519,603,1233
TAACCGT,1286,375,1394
GAACCGT,1474,487,1642
CAACCGT,1109,320,1112
AAACCGT,1262,397,1225
TTTACGT,1501,348,1387
GTTACGT,2384,1539,1812
CTTACGT,1256,340,1393
ATTACGT,1656,586,1299
TGTACGT,2070,3486,1766
GGTACGT,2105,956,2034
CGTACGT,1757,751,1793
AGTACGT,1563,919,1466
TCTACGT,1150,308,1247
GCTACGT,2032,984,1616
CCTACGT,1339,369,1456
ACTACGT,1478,433,1220
TATACGT,1593,971,1272
GATACGT,2030,1330,1612
CATACGT,1333,536,1220
AATACGT,1330,573,1097
TTGACGT,1851,1393,1734
GTGACGT,2764,2008,2200
CTGACGT,1504,983,1663
ATGACGT,1753,1141,1630
TGGACGT,1867,670,1921
GGGACGT,2007,770,2072
CGGACGT,1624,557,1808
AGGACGT,1443,493,1542
TCGACGT,1482,753,1502
GCGACGT,2203,1565,1962
CCGACGT,1461,668,1616
ACGACGT,1550,777,1415
TAGACGT,1464,675,1383
GAGACGT,1532,555,1753
CAGACGT,1142,399,1378
AAGACGT,1261,398,1217
TTCACGT,1280,326,1331
GTCACGT,1857,807,1624
CTCACGT,1070,352,1338
ATCACGT,1288,432,1184
TGCACGT,1966,1291,1906
GGCACGT,1923,803,2011
CGCACGT,1635,709,1751
AGCACGT,1479,628,1506
TCCACGT,1266,366,1367
GCCACGT,2112,1396,1926
CCCACGT,1424,394,1623
ACCACGT,1489,465,1385
TACACGT,1870,661,1349
GACACGT,2041,703,1705
CACACGT,1163,382,1252
AACACGT,1366,492,1241
TTAACGT,1230,606,1376
GTAACGT,1805,1045,1716
CTAACGT,1207,527,1309
ATAACGT,1366,578,1170
TGAACGT,1480,527,1671
GGAACGT,1592,447,1672
CGAACGT,1400,458,1560
AGAACGT,1270,374,1316
TCAACGT,1064,413,1181
GCAACGT,2207,2253,1577
CCAACGT,1160,396,1298
ACAACGT,1515,658,1160
TAAACGT,1161,401,1195
GAAACGT,1310,384,1467
CAAACGT,1084,333,1138
AAAACGT,1125,298,1058
TTTTAGT,1079,240,932
GTTTAGT,2855,4617,1395
CTTTAGT,960,271,1059
ATTTAGT,1438,1077,970
TGTTAGT,2313,7907,1234
GGTTAGT,1605,3177,1522
CGTTAGT,1313,3480,1387
AGTTAGT,1130,4031,1109
TCTTAGT,950,555,999
GCTTAGT,1573,1189,1464
CCTTAGT,1083,301,1269
ACTTAGT,1241,396,1064
TATTAGT,1422,4726,1003
GATTAGT,1428,1911,1184
CATTAGT,886,1327,971
AATTAGT,919,1774,888
TTGTAGT,1771,4632,1244
GTGTAGT,2390,5447,1640
CTGTAGT,1379,2827,1244
ATGTAGT,1615,3585,1246
TGGTAGT,1432,2893,1459
GGGTAGT,1482,992,1638
CGGTAGT,1349,1451,1461
AGGTAGT,1143,976,1233
TCGTAGT,1190,1026,1302
GCGTAGT,1939,2118,1768
CCGTAGT,1275,1006,1453
ACGTAGT,1421,927,1328
TAGTAGT,1125,2076,1035
GAGTAGT,1254,1068,1288
CAGTAGT,917,1057,1057
AAGTAGT,956,1013,1058
TTCTAGT,910,234,966
GTCTAGT,1475,557,1326
CTCTAGT,922,233,924
ATCTAGT,997,267,930
TGCTAGT,1462,5553,1328
GGCTAGT,1364,847,1533
CGCTAGT,1161,1215,1289
AGCTAGT,1093,1096,1073
TCCTAGT,999,280,1127
GCCTAGT,1633,734,1618
CCCTAGT,1102,264,1347
ACCTAGT,1252,327,1205
TACTAGT,1475,946,1008
GACTAGT,1405,417,1240
CACTAGT,886,351,933
AACTAGT,854,254,928
TTATAGT,949,777,967
GTATAGT,1496,1631,1201
CTATAGT,942,626,982
ATATAGT,1076,670,984
TGATAGT,1178,4054,1180
GGATAGT,1206,882,1336
CGATAGT,1155,2139,1233
AGATAGT,973,814,985
TCATAGT,912,500,995
GCATAGT,1715,1250,1311
CCATAGT,1012,473,1161
ACATAGT,1299,549,1021
TAATAGT,909,2424,876
GAATAGT,1055,585,1120
CAATAGT,781,1168,903
AAATAGT,995,486,854
TTTGAGT,1264,510,1305
GTTGAGT,2021,1341,1750
CTTGAGT,1161,478,1319
ATTGAGT,1425,698,1285
TGTGAGT,2098,7414,1702
GGTGAGT,1894,1669,1833
CGTGAGT,1408,1324,1644
AGTGAGT,1377,2443,1356
TCTGAGT,1026,418,1252
GCTGAGT,1719,1040,1761
CCTGAGT,1294,453,1510
ACTGAGT,1336,564,1271
TATGAGT,1545,3159,1198
GATGAGT,1614,1090,1521
CATGAGT,1106,975,1183
AATGAGT,1081,925,1189
TTGGAGT,1290,546,1433
GTGGAGT,1932,966,1798
CTGGAGT,1165,460,1412
ATGGAGT,1298,584,1396
TGGGAGT,1434,603,1554
GGGGAGT,1549,548,1754
CGGGAGT,1265,513,1481
AGGGAGT,1133,426,1327
TCGGAGT,1286,506,1487
GCGGAGT,2036,1360,2033
CCGGAGT,1347,451,1589
ACGGAGT,1427,593,1441
TAGGAGT,1179,487,1166
GAGGAGT,1294,447,1533
CAGGAGT,995,343,1168
AAGGAGT,868,384,1059
TTCGAGT,1351,477,1338
GTCGAGT,1724,668,1619
CTCGAGT,1113,378,1352
ATCGAGT,1169,460,1251
TGCGAGT,1779,1944,1857
GGCGAGT,1678,842,1899
CGCGAGT,1376,714,1589
AGCGAGT,1307,671,1425
TCCGAGT,1204,464,1407
GCCGAGT,1809,1019,1947
CCCGAGT,1340,480,1570
ACCGAGT,1380,502,1397
TACGAGT,1633,638,1332
GACGAGT,1717,545,1575
CACGAGT,1049,400,1219
AACGAGT,1158,372,1195
TTAGAGT,953,399,1067
GTAGAGT,1183,566,1248
CTAGAGT,933,347,1035
ATAGAGT,1019,369,1025
TGAGAGT,1163,680,1338
GGAGAGT,1227,429,1451
CGAGAGT,1077,442,1348
AGAGAGT,977,378,1099
TCAGAGT,843,342,1089
GCAGAGT,1567,922,1370
CCAGAGT,925,337,1130
ACAGAGT,1171,384,1078
TAAGAGT,914,379,1059
GAAGAGT,965,393,1256
CAAGAGT,832,264,963
AAAGAGT,885,251,893
TTTCAGT,1059,228,1067
GTTCAGT,1520,415,1355
CTTCAGT,884,203,989
ATTCAGT,1100,304,1004
TGTCAGT,1553,3430,1380
GGTCAGT,1415,484,1543
CGTCAGT,1173,734,1231
AGTCAGT,1069,644,1102
TCTCAGT,855,192,1045
GCTCAGT,1428,555,1394
CCTCAGT,1001,234,1174
ACTCAGT,1245,265,1038
TATCAGT,1233,959,997
GATCAGT,1363,365,1281
CATCAGT,897,430,932
AATCAGT,1009,331,900
TTGCAGT,1518,3060,1496
GTGCAGT,2246,4446,1931
CTGCAGT,1250,1869,1377
ATGCAGT,1554,2885,1461
TGGCAGT,1741,1546,1801
GGGCAGT,1787,1228,1922
CGGCAGT,1257,1159,1524
AGGCAGT,1282,1088,1486
TCGCAGT,1348,1766,1511
GCGCAGT,2233,3294,1958
CCGCAGT,1263,1756,1609
ACGCAGT,1565,1630,1450
TAGCAGT,1254,1342,1224
GAGCAGT,1435,1094,1571
CAGCAGT,965,743,1123
AAGCAGT,1155,1017,1121
TTCCAGT,1203,239,1308
GTCCAGT,1592,337,1625
CTCCAGT,955,182,1035
ATCCAGT,1095,250,1234
TGCCAGT,1635,895,1589
GGCCAGT,1565,486,1874
CGCCAGT,1225,442,1442
AGCCAGT,1236,339,1382
TCCCAGT,1190,248,1309
GCCCAGT,1747,629,1783
CCCCAGT,1160,247,1336
ACCCAGT,1259,306,1385
TACCAGT,1668,459,1302
GACCAGT,1493,348,1577
CACCAGT,992,235,1066
AACCAGT,1015,227,1228
TTACAGT,1105,321,1117
GTACAGT,1454,552,1416
CTACAGT,920,307,1007
ATACAGT,1270,549,1026
TGACAGT,1305,763,1423
GGACAGT,1423,411,1655
CGACAGT,1071,445,1193
AGACAGT,1121,367,1166
TCACAGT,996,304,1075
GCACAGT,1759,1151,1426
CCACAGT,985,307,1126
ACACAGT,1382,527,1108
TAACAGT,964,427,1068
GAACAGT,1178,295,1288
CAACAGT,877,332,894
AAACAGT,1263,484,968
TTTAAGT,1136,217,1113
GTTAAGT,1757,550,1448
CTTAAGT,1107,250,1222
ATTAAGT,1212,295,1004
TGTAAGT,1624,3690,1444
GGTAAGT,1651,620,1601
CGTAAGT,1360,578,1493
AGTAAGT,1172,707,1131
TCTAAGT,1017,239,1083
GCTAAGT,1628,646,1447
CCTAAGT,1103,275,1258
ACTAAGT,1347,304,1131
TATAAGT,1182,571,1057
GATAAGT,1465,389,1256
CATAAGT,1000,284,1067
AATAAGT,1026,289,969
TTGAAGT,1345,443,1418
GTGAAGT,2004,699,1824
CTGAAGT,1180,326,1296
ATGAAGT,1275,438,1372
TGGAAGT,1447,446,1503
GGGAAGT,1399,338,1592
CGGAAGT,1368,320,1518
AGGAAGT,1042,281,1134
TCGAAGT,1225,373,1419
GCGAAGT,1896,903,1706
CCGAAGT,1238,368,1537
ACGAAGT,1421,374,1300
TAGAAGT,1093,343,1154
GAGAAGT,1189,266,1413
CAGAAGT,920,211,1045
AAGAAGT,897,224,1037
TTCAAGT,997,203,1053
GTCAAGT,1459,363,1360
CTCAAGT,986,216,1111
ATCAAGT,1112,252,1015
TGCAAGT,1606,1390,1517
GGCAAGT,1441,584,1675
CGCAAGT,1287,569,1441
AGCAAGT,1126,443,1238
TCCAAGT,1077,205,1213
GCCAAGT,1675,610,1670
CCCAAGT,1132,197,1389
ACCAAGT,1318,278,1207
TACAAGT,1669,437,1082
GACAAGT,1870,450,1376
CACAAGT,998,262,1077
AACAAGT,1232,350,1039
TTAAAGT,951,191,1079
GTAAAGT,1387,319,1327
CTAAAGT,956,235,1070
ATAAAGT,1082,239,984
TGAAAGT,1181,256,1257
GGAAAGT,1186,194,1391
CGAAAGT,1147,273,1298
AGAAAGT,966,182,978
TCAAAGT,864,162,1036
GCAAAGT,1903,758,1391
CCAAAGT,964,198,1130
ACAAAGT,1447,311,1002
TAAAAGT,944,159,1010
GAAAAGT,972,162,1176
CAAAAGT,838,152,938
AAAAAGT,845,123,858
TTTTTCT,702,187,760
GTTTTCT,2994,4993,1398
CTTTTCT,986,311,951
ATTTTCT,1459,849,922
TGTTTCT,2115,6893,1181
GGTTTCT,1594,1760,1475
CGTTTCT,1283,1861,1256
AGTTTCT,1103,2469,1054
TCTTTCT,887,279,928
GCTTTCT,1915,1516,1444
CCTTTCT,1047,315,1230
ACTTTCT,1246,374,1120
TATTTCT,1271,2423,934
GATTTCT,1467,879,1265
CATTTCT,914,609,951
AATTTCT,936,579,902
TTGTTCT,1257,1341,1283
GTGTTCT,2414,3534,1718
CTGTTCT,1100,824,1282
ATGTTCT,1482,1369,1221
TGGTTCT,1340,1658,1401
GGGTTCT,1467,816,1687
CGGTTCT,1301,1213,1462
AGGTTCT,1130,833,1173
TCGTTCT,1143,596,1224
GCGTTCT,2214,2053,1833
CCGTTCT,1192,660,1384
ACGTTCT,1430,628,1288
TAGTTCT,1162,1050,1138
GAGTTCT,1159,756,1338
CAGTTCT,894,712,985
AAGTTCT,967,451,1003
TTCTTCT,903,197,871
GTCTTCT,1450,539,1308
CTCTTCT,884,193,880
ATCTTCT,960,264,910
TGCTTCT,1403,3359,1312
GGCTTCT,1369,680,1405
CGCTTCT,1221,781,1242
AGCTTCT,1063,780,1005
TCCTTCT,1033,259,1166
GCCTTCT,1761,1276,1679
CCCTTCT,1127,293,1222
ACCTTCT,1245,338,1156
TACTTCT,1449,565,1038
GACTTCT,1289,387,1229
CACTTCT,844,287,897
AACTTCT,818,191,934
TTATTCT,928,421,995
GTATTCT,1678,2086,1262
CTATTCT,808,404,963
ATATTCT,991,434,1018
TGATTCT,1154,2065,1231
GGATTCT,1165,553,1361
CGATTCT,1105,1230,1228
AGATTCT,976,585,1037
TCATTCT,853,318,984
GCATTCT,2287,5361,1347
CCATTCT,973,345,1090
ACATTCT,1246,421,1012
TAATTCT,913,607,897
GAATTCT,980,495,1110
CAATTCT,808,461,879
AAATTCT,787,280,801
TTTGTCT,1289,505,1162
GTTGTCT,3931,7899,1633
CTTGTCT,1199,412,1305
ATTGTCT,2029,1684,1303
TGTGTCT,2201,6659,1581
GGTGTCT,1965,1945,1878
CGTGTCT,1435,1510,1578
AGTGTCT,1450,2288,1304
TCTGTCT,1070,362,1142
GCTGTCT,2040,1531,1597
CCTGTCT,1328,408,1424
ACTGTCT,1287,529,1208
TATGTCT,1531,2440,1114
GATGTCT,1872,1402,1528
CATGTCT,1166,703,1178
AATGTCT,1183,873,1158
TTGGTCT,1353,626,1491
GTGGTCT,2218,1781,1794
CTGGTCT,1163,508,1335
ATGGTCT,1464,799,1348
TGGGTCT,1526,988,1604
GGGGTCT,1627,782,1720
CGGGTCT,1314,773,1539
AGGGTCT,1131,735,1281
TCGGTCT,1244,523,1362
GCGGTCT,2044,1418,2039
CCGGTCT,1282,509,1548
ACGGTCT,1439,615,1361
TAGGTCT,1182,763,1250
GAGGTCT,1251,610,1512
CAGGTCT,985,444,1129
AAGGTCT,995,415,1124
TTCGTCT,1148,340,1142
GTCGTCT,1653,954,1426
CTCGTCT,1034,375,1150
ATCGTCT,1103,492,1084
TGCGTCT,1909,3168,1656
GGCGTCT,1685,1607,1758
CGCGTCT,1421,1392,1485
AGCGTCT,1326,1298,1248
TCCGTCT,1203,457,1246
GCCGTCT,1748,1112,1770
CCCGTCT,1245,421,1480
ACCGTCT,1345,520,1349
TACGTCT,1619,696,1184
GACGTCT,1672,559,1449
CACGTCT,1084,409,1078
AACGTCT,1040,462,1096
TTAGTCT,963,341,1103
GTAGTCT,1477,1201,1261
CTAGTCT,859,346,1051
ATAGTCT,1005,450,987
TGAGTCT,1205,855,1304
GGAGTCT,1236,543,1457
CGAGTCT,1167,593,1269
AGAGTCT,1053,536,1112
TCAGTCT,807,335,1036
GCAGTCT,1592,1059,1322
CCAGTCT,937,359,1178
ACAGTCT,1168,466,989
TAAGTCT,952,386,981
GAAGTCT,1121,335,1248
CAAGTCT,893,288,966
AAAGTCT,873,279,928
TTTCTCT,673,133,733
GTTCTCT,1596,415,1201
CTTCTCT,898,155,961
ATTCTCT,1099,230,914
TGTCTCT,1376,3417,1236
GGTCTCT,1477,506,1513
CGTCTCT,1086,536,1184
AGTCTCT,1027,579,1071
TCTCTCT,880,200,954
GCTCTCT,1460,554,1373
CCTCTCT,1008,208,1149
ACTCTCT,1122,250,1040
TATCTCT,1108,547,927
GATCTCT,1181,331,1211
CATCTCT,741,328,909
AATCTCT,859,238,884
TTGCTCT,807,448,1083
GTGCTCT,2100,1304,1776
CTGCTCT,1028,557,1161
ATGCTCT,1512,1113,1392
TGGCTCT,1275,796,1411
GGGCTCT,1657,748,1882
CGGCTCT,1130,559,1331
AGGCTCT,1236,758,1419
TCGCTCT,965,502,1161
GCGCTCT,2020,1854,1787
CCGCTCT,1184,796,1371
ACGCTCT,1464,817,1428
TAGCTCT,1002,538,1152
GAGCTCT,1270,584,1448
CAGCTCT,892,386,1050
AAGCTCT,1008,451,1113
TTCCTCT,937,181,1035
GTCCTCT,1646,532,1524
CTCCTCT,911,184,1080
ATCCTCT,1101,269,1073
TGCCTCT,1649,3208,1478
GGCCTCT,1670,2037,1729
CGCCTCT,1370,2473,1339
AGCCTCT,1198,1797,1230
TCCCTCT,1070,279,1236
GCCCTCT,1694,733,1680
CCCCTCT,1157,298,1338
ACCCTCT,1317,350,1311
TACCTCT,1553,514,1223
GACCTCT,1476,393,1586
CACCTCT,891,280,986
AACCTCT,1046,232,1126
TTACTCT,861,223,956
GTACTCT,1532,591,1344
CTACTCT,924,253,956
ATACTCT,1067,398,1055
TGACTCT,936,554,1168
GGACTCT,1264,494,1356
CGACTCT,989,486,1046
AGACTCT,1030,434,1028
TCACTCT,817,334,953
GCACTCT,1861,1249,1362
CCACTCT,922,341,1060
ACACTCT,1392,563,1056
TAACTCT,797,310,940
GAACTCT,1128,280,1230
CAACTCT,787,247,827
AAACTCT,856,242,986
TTTATCT,1102,275,978
GTTATCT,2248,3402,1399
CTTATCT,1037,293,1064
ATTATCT,1314,809,1068
TGTATCT,2000,5692,1189
GGTATCT,1740,1648,1558
CGTATCT,1440,1831,1341
AGTATCT,1275,2220,1114
TCTATCT,886,273,953
GCTATCT,1601,1077,1380
CCTATCT,1016,343,1203
ACTATCT,1217,407,1028
TATATCT,1163,1182,982
GATATCT,1386,768,1267
CATATCT,991,640,975
AATATCT,948,533,945
TTGATCT,1369,484,1355
GTGATCT,2221,1646,1727
CTGATCT,1165,391,1246
ATGATCT,1287,695,1289
TGGATCT,1385,543,1512
GGGATCT,1370,438,1587
CGGATCT,1293,395,1558
AGGATCT,1156,347,1237
TCGATCT,1136,382,1303
GCGATCT,1943,1252,1723
CCGATCT,1171,422,1439
ACGATCT,1417,455,1250
TAGATCT,1213,428,1162
GAGATCT,1166,331,1376
CAGATCT,930,243,1127
AAGATCT,958,264,1048
TTCATCT,938,303,984
GTCATCT,1415,1093,1229
CTCATCT,883,306,1005
ATCATCT,986,464,891
TGCATCT,2688,8311,1348
GGCATCT,1845,5602,1598
CGCATCT,1995,6677,1335
AGCATCT,1676,4793,1149
TCCATCT,944,318,1109
GCCATCT,1530,1381,1503
CCCATCT,1078,334,1264
ACCATCT,1221,489,1135
TACATCT,1528,636,1089
GACATCT,1777,649,1229
CACATCT,916,408,1019
AACATCT,1075,438,966
TTAATCT,993,282,965
GTAATCT,1455,941,1301
CTAATCT,916,296,1025
ATAATCT,937,339,979
TGAATCT,1210,653,1258
GGAATCT,1172,501,1364
CGAATCT,1095,545,1238
AGAATCT,953,400,1022
TCAATCT,847,279,919
GCAATCT,1885,2006,1357
CCAATCT,997,295,1045
ACAATCT,1394,446,996
TAAATCT,933,262,974
GAAATCT,1051,231,1091
CAAATCT,802,180,882
AAAATCT,822,176,844
TTTTGCT,1155,308,1170
GTTTGCT,4223,9707,1821
CTTTGCT,1281,473,1350
ATTTGCT,2092,2450,1270
TGTTGCT,2816,10267,1738
GGTTGCT,2212,3506,1964
CGTTGCT,1700,3183,1769
AGTTGCT,1701,4443,1504
TCTTGCT,1238,364,1269
GCTTGCT,2089,1830,1786
CCTTGCT,1458,417,1529
ACTTGCT,1453,460,1371
TATTGCT,1681,4401,1317
GATTGCT,2045,1927,1541
CATTGCT,1231,1050,1251
AATTGCT,1409,1364,1150
TTGTGCT,1986,2774,1724
GTGTGCT,2874,4890,2344
CTGTGCT,1732,1676,1687
ATGTGCT,2013,2080,1759
TGGTGCT,1941,2835,2075
GGGTGCT,2089,1250,2306
CGGTGCT,1816,1543,1911
AGGTGCT,1640,1141,1643
TCGTGCT,1512,838,1562
GCGTGCT,2573,2945,2188
CCGTGCT,1636,832,1802
ACGTGCT,1752,877,1599
TAGTGCT,1522,1595,1455
GAGTGCT,1678,1091,1777
CAGTGCT,1222,931,1410
AAGTGCT,1244,710,1373
TTCTGCT,1227,278,1164
GTCTGCT,1604,622,1529
CTCTGCT,1021,248,1099
ATCTGCT,1109,304,1180
TGCTGCT,1863,4464,1699
GGCTGCT,1637,777,1943
CGCTGCT,1495,780,1608
AGCTGCT,1320,815,1403
TCCTGCT,1266,307,1409
GCCTGCT,1822,1255,1902
CCCTGCT,1399,362,1569
ACCTGCT,1441,410,1458
TACTGCT,1545,761,1276
GACTGCT,1606,548,1449
CACTGCT,1038,322,1083
AACTGCT,1090,282,1135
TTATGCT,1452,971,1349
GTATGCT,2054,3616,1659
CTATGCT,1311,820,1200
ATATGCT,1381,968,1264
TGATGCT,1887,4876,1646
GGATGCT,2048,2551,1846
CGATGCT,1599,2536,1560
AGATGCT,1774,2300,1365
TCATGCT,1143,560,1231
GCATGCT,2101,3402,1692
CCATGCT,1202,691,1366
ACATGCT,1669,886,1216
TAATGCT,1359,1637,1225
GAATGCT,1656,1517,1432
CAATGCT,1145,1021,1215
AAATGCT,1399,1193,1153
TTTGGCT,1433,360,1484
GTTGGCT,2704,3866,1979
CTTGGCT,1365,359,1517
ATTGGCT,1668,942,1441
TGTGGCT,2226,5995,1985
GGTGGCT,2172,1467,2276
CGTGGCT,1711,1142,1883
AGTGGCT,1673,1687,1643
TCTGGCT,1230,339,1393
GCTGGCT,1946,867,1982
CCTGGCT,1331,363,1731
ACTGGCT,1416,411,1467
TATGGCT,1709,1393,1453
GATGGCT,1779,929,1803
CATGGCT,1198,655,1373
AATGGCT,1286,599,1354
TTGGGCT,1499,604,1772
GTGGGCT,2250,1245,2293
CTGGGCT,1438,453,1621
ATGGGCT,1518,653,1650
TGGGGCT,1751,805,1983
GGGGGCT,1863,887,2169
CGGGGCT,1622,627,1921
AGGGGCT,1460,605,1619
TCGGGCT,1378,502,1751
GCGGGCT,2334,1330,2252
CCGGGCT,1534,517,1877
ACGGGCT,1537,569,1649
TAGGGCT,1391,659,1487
GAGGGCT,1499,595,1879
CAGGGCT,1222,439,1318
AAGGGCT,1203,389,1308
TTCGGCT,1225,326,1483
GTCGGCT,1656,528,1786
CTCGGCT,1096,303,1335
ATCGGCT,1183,334,1308
TGCGGCT,1898,1345,1875
GGCGGCT,1702,698,2149
CGCGGCT,1423,536,1667
AGCGGCT,1333,529,1481
TCCGGCT,1242,332,1527
GCCGGCT,1836,802,1876
CCCGGCT,1250,315,1609
ACCGGCT,1403,390,1473
TACGGCT,1539,659,1281
GACGGCT,1745,589,1618
CACGGCT,1082,311,1291
AACGGCT,1201,317,1279
TTAGGCT,1190,396,1251
GTAGGCT,1683,756,1702
CTAGGCT,1098,334,1277
ATAGGCT,1185,419,1174
TGAGGCT,1529,836,1658
GGAGGCT,1661,871,1697
CGAGGCT,1293,602,1499
AGAGGCT,1305,872,1285
TCAGGCT,1121,323,1244
GCAGGCT,1792,1122,1766
CCAGGCT,1157,401,1450
ACAGGCT,1353,616,1184
TAAGGCT,1178,417,1260
GAAGGCT,1315,534,1435
CAAGGCT,982,337,1153
AAAGGCT,1102,417,1111
TTTCGCT,1263,309,1318
GTTCGCT,1963,669,1771
CTTCGCT,1194,281,1276
ATTCGCT,1357,365,1301
TGTCGCT,1892,5173,1661
GGTCGCT,1907,852,1941
CGTCGCT,1488,923,1472
AGTCGCT,1365,1097,1412
TCTCGCT,1230,367,1252
GCTCGCT,1738,864,1672
CCTCGCT,1326,348,1418
ACTCGCT,1375,417,1324
TATCGCT,1550,1330,1337
GATCGCT,1627,602,1635
CATCGCT,1107,546,1154
AATCGCT,1209,503,1093
TTGCGCT,1704,2891,1883
GTGCGCT,2824,4533,2472
CTGCGCT,1575,2079,1692
ATGCGCT,1965,3099,1910
TGGCGCT,1797,1587,1908
GGGCGCT,2243,1507,2388
CGGCGCT,1548,1118,1691
AGGCGCT,1729,1414,1810
TCGCGCT,1500,1394,1577
GCGCGCT,2592,3179,2332
CCGCGCT,1602,1577,1708
ACGCGCT,1852,1428,1692
TAGCGCT,1485,1298,1586
GAGCGCT,1714,1044,1955
CAGCGCT,1278,774,1355
AAGCGCT,1423,905,1520
TTCCGCT,1374,418,1508
GTCCGCT,1857,510,1974
CTCCGCT,1199,271,1211
ATCCGCT,1272,397,1326
TGCCGCT,1951,1560,2066
GGCCGCT,1917,741,2072
CGCCGCT,1456,734,1593
AGCCGCT,1387,602,1553
TCCCGCT,1403,356,1586
GCCCGCT,2044,977,2150
CCCCGCT,1362,407,1680
ACCCGCT,1625,425,1594
TACCGCT,1806,698,1502
GACCGCT,1874,561,1834
CACCGCT,1165,369,1295
AACCGCT,1230,405,1320
TTACGCT,1467,521,1462
GTACGCT,1996,921,1853
CTACGCT,1148,441,1268
ATACGCT,1526,667,1327
TGACGCT,1845,1290,1800
GGACGCT,1851,820,1927
CGACGCT,1421,720,1559
AGACGCT,1464,689,1484
TCACGCT,1247,567,1315
GCACGCT,2268,1678,1839
CCACGCT,1342,623,1396
ACACGCT,1586,812,1327
TAACGCT,1308,628,1366
GAACGCT,1495,587,1643
CAACGCT,1108,456,1157
AAACGCT,1175,498,1254
TTTAGCT,1216,284,1249
GTTAGCT,1986,2138,1595
CTTAGCT,1132,296,1256
ATTAGCT,1332,662,1145
TGTAGCT,1641,5049,1462
GGTAGCT,1552,1125,1637
CGTAGCT,1465,969,1536
AGTAGCT,1268,1332,1230
TCTAGCT,1099,272,1144
GCTAGCT,1570,920,1515
CCTAGCT,1216,314,1377
ACTAGCT,1320,401,1184
TATAGCT,1276,1159,1229
GATAGCT,1383,719,1424
CATAGCT,1016,446,1153
AATAGCT,1114,503,1050
TTGAGCT,1518,487,1684
GTGAGCT,2134,1420,2020
CTGAGCT,1310,414,1516
ATGAGCT,1457,610,1485
TGGAGCT,1573,560,1840
GGGAGCT,1604,492,1891
CGGAGCT,1496,421,1730
AGGAGCT,1168,418,1384
TCGAGCT,1217,378,1460
GCGAGCT,1991,1097,1949
CCGAGCT,1363,405,1564
ACGAGCT,1463,428,1463
TAGAGCT,1247,467,1363
GAGAGCT,1387,410,1535
CAGAGCT,968,250,1174
AAGAGCT,1037,271,1133
TTCAGCT,1018,272,1102
GTCAGCT,1487,580,1454
CTCAGCT,946,286,1132
ATCAGCT,1121,315,1043
TGCAGCT,1550,1696,1614
GGCAGCT,1505,726,1786
CGCAGCT,1289,835,1484
AGCAGCT,1138,589,1293
TCCAGCT,1039,263,1199
GCCAGCT,1624,755,1700
CCCAGCT,1086,277,1181
ACCAGCT,1249,321,1241
TACAGCT,1488,582,1210
GACAGCT,1617,566,1442
CACAGCT,1019,302,1116
AACAGCT,1041,334,1088
TTAAGCT,1122,281,1288
GTAAGCT,1682,878,1490
CTAAGCT,1084,289,1238
ATAAGCT,1129,417,1169
TGAAGCT,1366,481,1444
GGAAGCT,1297,364,1612
CGAAGCT,1271,371,1528
AGAAGCT,1204,307,1148
TCAAGCT,971,256,1152
GCAAGCT,1715,1128,1553
CCAAGCT,1062,349,1297
ACAAGCT,1326,489,1095
TAAAGCT,1019,323,1153
GAAAGCT,1181,335,1304
CAAAGCT,931,272,1069
AAAAGCT,933,292,974
TTTTCCT,1069,176,1178
GTTTCCT,2512,2176,1659
CTTTCCT,1182,261,1320
ATTTCCT,1469,444,1338
TGTTCCT,1917,4167,1647
GGTTCCT,1916,595,1928
CGTTCCT,1479,597,1640
AGTTCCT,1332,709,1334
TCTTCCT,1017,232,1135
GCTTCCT,1810,805,1618
CCTTCCT,1222,249,1383
ACTTCCT,1325,290,1291
TATTCCT,1443,692,1275
GATTCCT,1701,533,1544
CATTCCT,1121,297,1202
AATTCCT,1161,318,1155
TTGTCCT,1678,2325,1586
GTGTCCT,2732,3496,2144
CTGTCCT,1508,1378,1602
ATGTCCT,1783,1962,1612
TGGTCCT,1796,700,1946
GGGTCCT,1885,612,2107
CGGTCCT,1522,561,1795
AGGTCCT,1485,466,1527
TCGTCCT,1287,644,1455
GCGTCCT,2475,2259,2108
CCGTCCT,1420,685,1683
ACGTCCT,1621,700,1568
TAGTCCT,1365,617,1427
GAGTCCT,1580,613,1775
CAGTCCT,1145,388,1309
AAGTCCT,1240,410,1328
TTCTCCT,969,172,1088
GTCTCCT,1564,470,1374
CTCTCCT,964,170,1103
ATCTCCT,1085,289,1118
TGCTCCT,1534,628,1499
GGCTCCT,1614,480,1875
CGCTCCT,1295,406,1547
AGCTCCT,1166,343,1361
TCCTCCT,1122,214,1270
GCCTCCT,1890,1866,1762
CCCTCCT,1258,309,1546
ACCTCCT,1371,326,1363
TACTCCT,1634,520,1201
GACTCCT,1509,490,1449
CACTCCT,966,287,1141
AACTCCT,1013,263,1137
TTATCCT,1202,504,1313
GTATCCT,2012,2271,1639
CTATCCT,1066,396,1177
ATATCCT,1188,468,1175
TGATCCT,1378,533,1586
GGATCCT,1469,371,1699
CGATCCT,1417,426,1615
AGATCCT,1234,332,1362
TCATCCT,974,342,1184
GCATCCT,2908,7863,1650
CCATCCT,1127,391,1252
ACATCCT,1522,510,1283
TAATCCT,1145,332,1198
GAATCCT,1311,409,1440
CAATCCT,1021,243,1068
AAATCCT,1015,228,1059
TTTGCCT,1948,4669,1892
GTTGCCT,3879,8541,2473
CTTGCCT,1741,2800,1791
ATTGCCT,2243,4508,1698
TGTGCCT,3015,8472,2446
GGTGCCT,2926,5953,2950
CGTGCCT,2130,4468,2293
AGTGCCT,2138,5175,2144
TCTGCCT,1518,3091,1539
GCTGCCT,2413,5217,2164
CCTGCCT,1700,2782,1848
ACTGCCT,1726,2640,1734
TATGCCT,2200,5184,1756
GATGCCT,2817,5975,2096
CATGCCT,1673,2677,1676
AATGCCT,1979,4508,1633
TTGGCCT,2080,3953,2231
GTGGCCT,3338,6162,2805
CTGGCCT,1808,2756,1960
ATGGCCT,2104,3424,1933
TGGGCCT,2283,3577,2482
GGGGCCT,2411,3230,2721
CGGGCCT,1920,2864,2260
AGGGCCT,1843,2653,2038
TCGGCCT,1595,2749,1839
GCGGCCT,2638,6096,2528
CCGGCCT,1661,2383,2072
ACGGCCT,1844,2775,1793
TAGGCCT,1898,2896,1883
GAGGCCT,2114,3026,2196
CAGGCCT,1490,1740,1684
AAGGCCT,1535,2224,1682
TTCGCCT,1563,4183,1592
GTCGCCT,2222,4854,2122
CTCGCCT,1380,2937,1534
ATCGCCT,1629,3801,1523
TGCGCCT,2468,7672,2293
GGCGCCT,2293,6179,2342
CGCGCCT,1882,5527,1942
AGCGCCT,1733,5438,1634
TCCGCCT,1544,4763,1686
GCCGCCT,2296,7351,2193
CCCGCCT,1660,4272,1692
ACCGCCT,1678,4080,1594
TACGCCT,2264,4174,1662
GACGCCT,2308,3869,1976
CACGCCT,1463,2848,1429
AACGCCT,1502,3455,1437
TTAGCCT,1567,3242,1599
GTAGCCT,1985,3825,1947
CTAGCCT,1357,2277,1399
ATAGCCT,1449,2528,1410
TGAGCCT,1744,3170,1987
GGAGCCT,1816,2622,2194
CGAGCCT,1604,2396,1768
AGAGCCT,1420,2235,1494
TCAGCCT,1187,1945,1446
GCAGCCT,2168,4259,1744
CCAGCCT,1258,1735,1419
ACAGCCT,1431,2013,1411
TAAGCCT,1387,2528,1540
GAAGCCT,1610,2016,1722
CAAGCCT,1206,1463,1317
AAAGCCT,1278,1988,1325
TTTCCCT,1500,266,1571
GTTCCCT,2353,713,1992
CTTCCCT,1316,244,1432
ATTCCCT,1560,335,1473
TGTCCCT,2182,6337,2061
GGTCCCT,2169,852,2321
CGTCCCT,1492,1168,1729
AGTCCCT,1534,958,1648
TCTCCCT,1160,249,1162
GCTCCCT,1784,731,1815
CCTCCCT,1269,269,1542
ACTCCCT,1374,357,1298
TATCCCT,1669,1168,1508
GATCCCT,1856,496,1762
CATCCCT,1148,502,1270
AATCCCT,1284,370,1358
TTGCCCT,2127,3051,2260
GTGCCCT,3131,5138,2841
CTGCCCT,1580,1819,1861
ATGCCCT,2151,3338,2072
TGGCCCT,2288,2173,2521
GGGCCCT,2418,1733,2828
CGGCCCT,1723,1514,2025
AGGCCCT,1908,1613,2130
TCGCCCT,1638,2427,1931
GCGCCCT,2713,4912,2493
CCGCCCT,1597,2686,1825
ACGCCCT,1868,2176,1864
TAGCCCT,1667,1849,1807
GAGCCCT,2023,1568,2278
CAGCCCT,1269,984,1417
AAGCCCT,1480,1250,1671
TTCCCCT,1546,307,1667
GTCCCCT,2170,624,2050
CTCCCCT,1223,232,1316
ATCCCCT,1525,319,1504
TGCCCCT,2154,995,2296
GGCCCCT,2165,641,2442
CGCCCCT,1604,622,1855
AGCCCCT,1703,553,1838
TCCCCCT,1512,289,1728
GCCCCCT,2182,816,2293
CCCCCCT,1432,365,1740
ACCCCCT,1574,405,1641
TACCCCT,1951,585,1755
GACCCCT,1888,565,2039
CACCCCT,1153,340,1401
AACCCCT,1401,346,1428
TTACCCT,1449,351,1693
GTACCCT,2084,767,2023
CTACCCT,1268,350,1362
ATACCCT,1463,466,1476
TGACCCT,1806,864,1982
GGACCCT,1906,481,2189
CGACCCT,1412,547,1655
AGACCCT,1556,445,1547
TCACCCT,1245,318,1343
GCACCCT,2342,1523,1923
CCACCCT,1248,398,1533
ACACCCT,1731,529,1436
TAACCCT,1395,416,1502
GAACCCT,1523,443,1811
CAACCCT,1133,324,1188
AAACCCT,1354,315,1371
TTTACCT,1439,285,1481
GTTACCT,2675,1380,2037
CTTACCT,1431,300,1465
ATTACCT,1786,497,1453
TGTACCT,2176,3917,1828
GGTACCT,2242,959,2195
CGTACCT,1769,804,1928
AGTACCT,1615,978,1623
TCTACCT,1150,258,1292
GCTACCT,2061,1111,1837
CCTACCT,1340,342,1526
ACTACCT,1568,378,1194
TATACCT,1598,1068,1459
GATACCT,1966,1014,1714
CATACCT,1340,479,1386
AATACCT,1346,521,1303
TTGACCT,1796,680,1962
GTGACCT,2973,1445,2412
CTGACCT,1599,542,1830
ATGACCT,1791,715,1840
TGGACCT,1994,777,2176
GGGACCT,1998,692,2290
CGGACCT,1731,474,2072
AGGACCT,1521,480,1722
TCGACCT,1372,524,1654
GCGACCT,2330,1659,2120
CCGACCT,1393,501,1755
ACGACCT,1720,555,1489
TAGACCT,1667,624,1588
GAGACCT,1662,543,1838
CAGACCT,1221,325,1451
AAGACCT,1298,371,1471
TTCACCT,1258,278,1402
GTCACCT,1842,825,1642
CTCACCT,1167,295,1277
ATCACCT,1303,401,1200
TGCACCT,1866,1223,1855
GGCACCT,1876,705,2116
CGCACCT,1671,713,1777
AGCACCT,1504,543,1559
TCCACCT,1200,315,1333
GCCACCT,2034,1814,1942
CCCACCT,1346,367,1544
ACCACCT,1503,422,1455
TACACCT,1900,793,1357
GACACCT,2060,767,1662
CACACCT,1187,396,1305
AACACCT,1350,443,1259
TTAACCT,1391,347,1483
GTAACCT,1935,945,1817
CTAACCT,1269,352,1339
ATAACCT,1484,409,1337
TGAACCT,1585,470,1805
GGAACCT,1624,375,1890
CGAACCT,1465,406,1698
AGAACCT,1367,310,1457
TCAACCT,1070,278,1239
GCAACCT,2462,3541,1638
CCAACCT,1141,289,1424
ACAACCT,1744,533,1306
TAAACCT,1266,339,1417
GAAACCT,1455,334,1652
CAAACCT,1096,304,1242
AAAACCT,1119,246,1203
TTTTACT,1171,238,1059
GTTTACT,4736,10082,1593
CTTTACT,1248,384,1194
ATTTACT,2763,3275,1219
TGTTACT,2321,5258,1517
GGTTACT,1913,1097,1769
CGTTACT,1601,927,1499
AGTTACT,1476,1167,1312
TCTTACT,1115,270,1108
GCTTACT,2583,3362,1661
CCTTACT,1317,313,1477
ACTTACT,1460,466,1235
TATTACT,1486,1317,1096
GATTACT,2157,1769,1389
CATTACT,1092,436,1095
AATTACT,1342,835,1081
TTGTACT,1681,1800,1646
GTGTACT,3723,6224,1923
CTGTACT,1510,1105,1539
ATGTACT,1945,1853,1472
TGGTACT,1699,1061,1698
GGGTACT,1733,779,1854
CGGTACT,1564,802,1619
AGGTACT,1443,590,1468
TCGTACT,1485,662,1579
GCGTACT,2492,2170,2057
CCGTACT,1532,765,1658
ACGTACT,1746,711,1582
TAGTACT,1367,798,1243
GAGTACT,1528,679,1505
CAGTACT,1074,463,1117
AAGTACT,1170,511,1217
TTCTACT,1091,236,1027
GTCTACT,1601,1050,1346
CTCTACT,964,203,1010
ATCTACT,1139,324,1027
TGCTACT,1707,1337,1484
GGCTACT,1573,621,1726
CGCTACT,1296,593,1412
AGCTACT,1168,507,1205
TCCTACT,1106,263,1180
GCCTACT,1699,855,1768
CCCTACT,1274,361,1391
ACCTACT,1382,359,1272
TACTACT,1685,567,1133
GACTACT,1495,475,1366
CACTACT,944,315,995
AACTACT,1013,285,993
TTATACT,1127,454,1136
GTATACT,2597,5020,1465
CTATACT,1116,450,1005
ATATACT,1259,715,1147
TGATACT,1515,1238,1458
GGATACT,1670,743,1581
CGATACT,1451,771,1522
AGATACT,1345,663,1208
TCATACT,1071,380,1124
GCATACT,1997,1688,1541
CCATACT,1166,422,1309
ACATACT,1578,639,1244
TAATACT,1119,454,1094
GAATACT,1304,556,1323
CAATACT,1032,397,1032
AAATACT,1206,430,1064
TTTGACT,1404,579,1503
GTTGACT,4287,6959,1930
CTTGACT,1379,490,1496
ATTGACT,2309,1915,1411
TGTGACT,2468,3138,1941
GGTGACT,2215,1279,2154
CGTGACT,1674,937,1795
AGTGACT,1635,1160,1614
TCTGACT,1187,459,1365
GCTGACT,2034,1504,1862
CCTGACT,1339,476,1625
ACTGACT,1541,507,1398
TATGACT,1718,1130,1450
GATGACT,1913,1086,1829
CATGACT,1169,578,1341
AATGACT,1277,688,1342
TTGGACT,1547,663,1619
GTGGACT,2362,1458,2079
CTGGACT,1378,491,1657
ATGGACT,1522,697,1567
TGGGACT,1691,810,1750
GGGGACT,1733,734,2050
CGGGACT,1513,622,1848
AGGGACT,1289,637,1414
TCGGACT,1316,567,1687
GCGGACT,2387,1571,2204
CCGGACT,1443,480,1881
ACGGACT,1631,643,1558
TAGGACT,1245,555,1375
GAGGACT,1394,570,1691
CAGGACT,1108,372,1318
AAGGACT,1041,457,1287
TTCGACT,1214,546,1326
GTCGACT,1702,817,1667
CTCGACT,1188,474,1310
ATCGACT,1248,577,1255
TGCGACT,2027,2034,1682
GGCGACT,1842,1327,1909
CGCGACT,1518,1125,1648
AGCGACT,1358,1127,1468
TCCGACT,1232,611,1453
GCCGACT,1796,1282,1951
CCCGACT,1287,586,1517
ACCGACT,1524,694,1527
TACGACT,1763,789,1289
GACGACT,1756,657,1578
CACGACT,1089,467,1240
AACGACT,1073,495,1184
TTAGACT,1209,559,1375
GTAGACT,1450,793,1516
CTAGACT,993,380,1223
ATAGACT,1072,561,1131
TGAGACT,1398,764,1578
GGAGACT,1398,544,1622
CGAGACT,1288,579,1485
AGAGACT,1212,538,1243
TCAGACT,961,345,1225
GCAGACT,1791,977,1529
CCAGACT,1059,355,1292
ACAGACT,1248,520,1218
TAAGACT,1064,429,1248
GAAGACT,1173,421,1378
CAAGACT,957,315,1141
AAAGACT,976,350,1091
TTTCACT,1230,264,1228
GTTCACT,1798,571,1546
CTTCACT,1107,255,1143
ATTCACT,1243,335,1120
TGTCACT,1791,6916,1489
GGTCACT,1713,1066,1677
CGTCACT,1266,2365,1409
AGTCACT,1314,1814,1269
TCTCACT,1043,283,1120
GCTCACT,1682,780,1559
CCTCACT,1191,329,1353
ACTCACT,1416,430,1238
TATCACT,1444,2263,1217
GATCACT,1523,945,1413
CATCACT,1012,1129,1026
AATCACT,1133,714,1053
TTGCACT,1799,2920,1742
GTGCACT,2687,4417,2210
CTGCACT,1473,1828,1572
ATGCACT,2005,2927,1705
TGGCACT,1705,1699,1853
GGGCACT,1994,1296,2063
CGGCACT,1489,1135,1625
AGGCACT,1586,1152,1645
TCGCACT,1594,1716,1693
GCGCACT,2756,3397,2259
CCGCACT,1493,1768,1683
ACGCACT,1894,1624,1605
TAGCACT,1458,1319,1357
GAGCACT,1594,1014,1791
CAGCACT,1084,728,1215
AAGCACT,1310,851,1379
TTCCACT,1276,303,1343
GTCCACT,1775,563,1724
CTCCACT,1075,246,1153
ATCCACT,1222,321,1117
TGCCACT,2033,3946,1742
GGCCACT,1854,1602,1957
CGCCACT,1437,2340,1593
AGCCACT,1390,1367,1454
TCCCACT,1320,317,1411
GCCCACT,1901,838,1919
CCCCACT,1355,318,1468
ACCCACT,1480,419,1437
TACCACT,1931,631,1298
GACCACT,1576,548,1579
CACCACT,1115,361,1184
AACCACT,1210,318,1244
TTACACT,1269,405,1320
GTACACT,2146,1125,1655
CTACACT,1123,352,1154
ATACACT,1481,695,1223
TGACACT,1568,2147,1609
GGACACT,1689,566,1633
CGACACT,1261,993,1358
AGACACT,1348,626,1294
TCACACT,1200,392,1192
GCACACT,2092,1491,1597
CCACACT,1181,427,1366
ACACACT,1711,723,1289
TAACACT,1158,799,1188
GAACACT,1380,550,1403
CAACACT,1090,436,1080
AAACACT,1412,587,1109
TTTAACT,1234,295,1271
GTTAACT,2003,879,1737
CTTAACT,1205,311,1274
ATTAACT,1479,399,1201
TGTAACT,1916,2001,1578
GGTAACT,1843,788,1781
CGTAACT,1509,788,1589
AGTAACT,1375,692,1209
TCTAACT,1060,239,1161
GCTAACT,1870,948,1522
CCTAACT,1313,311,1561
ACTAACT,1480,545,1166
TATAACT,1396,512,1264
GATAACT,1710,561,1492
CATAACT,1170,473,1165
AATAACT,1340,442,1132
TTGAACT,1549,505,1566
GTGAACT,2222,918,2096
CTGAACT,1352,391,1561
ATGAACT,1521,434,1521
TGGAACT,1563,478,1732
GGGAACT,1667,396,1824
CGGAACT,1425,336,1698
AGGAACT,1198,305,1354
TCGAACT,1315,412,1591
GCGAACT,2202,953,2017
CCGAACT,1437,367,1684
ACGAACT,1579,444,1539
TAGAACT,1339,353,1238
GAGAACT,1375,277,1532
CAGAACT,1061,224,1262
AAGAACT,1040,227,1168
TTCAACT,1080,288,1088
GTCAACT,2074,950,1504
CTCAACT,993,248,1118
ATCAACT,1156,381,1077
TGCAACT,2337,5404,1480
GGCAACT,1751,2476,1705
CGCAACT,1662,3418,1562
AGCAACT,1436,2126,1216
TCCAACT,1116,306,1276
GCCAACT,1704,834,1687
CCCAACT,1218,339,1409
ACCAACT,1448,560,1296
TACAACT,1689,620,1166
GACAACT,2144,760,1367
CACAACT,1164,527,1112
AACAACT,1464,681,1095
TTAAACT,1203,234,1283
GTAAACT,2433,1328,1474
CTAAACT,1213,399,1217
ATAAACT,1388,510,1186
TGAAACT,1368,362,1504
GGAAACT,1373,370,1577
CGAAACT,1257,402,1463
AGAAACT,1080,266,1150
TCAAACT,1038,262,1101
GCAAACT,2202,1102,1507
CCAAACT,1154,341,1355
ACAAACT,1766,709,1175
TAAAACT,1065,218,1226
GAAAACT,1296,387,1345
CAAAACT,1085,300,1105
AAAAACT,1082,270,1020
TTTTTAT,804,216,801
GTTTTAT,2142,1823,1274
CTTTTAT,1087,276,916
ATTTTAT,1235,404,959
TGTTTAT,3439,7519,1129
GGTTTAT,1780,5009,1440
CGTTTAT,1554,4914,1180
AGTTTAT,1498,4958,1091
TCTTTAT,913,1169,886
GCTTTAT,1833,1375,1461
CCTTTAT,1151,444,1158
ACTTTAT,1324,615,1096
TATTTAT,2171,4807,952
GATTTAT,1568,2605,1172
CATTTAT,1032,1882,966
AATTTAT,1032,2073,923
TTGTTAT,3043,7718,1222
GTGTTAT,3635,10732,1582
CTGTTAT,2306,7130,1231
ATGTTAT,2751,7460,1198
TGGTTAT,1655,4190,1365
GGGTTAT,1644,2079,1689
CGGTTAT,1419,3003,1449
AGGTTAT,1170,2161,1181
TCGTTAT,1369,2987,1282
GCGTTAT,2365,4336,1773
CCGTTAT,1541,2935,1373
ACGTTAT,1700,2473,1339
TAGTTAT,1313,3804,1026
GAGTTAT,1429,2733,1280
CAGTTAT,1111,2461,1020
AAGTTAT,1211,3127,995
TTCTTAT,876,504,873
GTCTTAT,1593,882,1287
CTCTTAT,983,315,938
ATCTTAT,1029,411,1030
TGCTTAT,2199,7504,1274
GGCTTAT,1595,2818,1551
CGCTTAT,1308,2836,1322
AGCTTAT,1165,3054,1149
TCCTTAT,1044,315,1113
GCCTTAT,1773,1176,1607
CCCTTAT,1200,382,1294
ACCTTAT,1363,384,1263
TACTTAT,1637,1980,1016
GACTTAT,1512,702,1312
CACTTAT,901,499,984
AACTTAT,1001,492,1075
TTATTAT,1706,4552,955
GTATTAT,2271,5789,1288
CTATTAT,1391,3674,853
ATATTAT,1404,3442,899
TGATTAT,1525,5145,1205
GGATTAT,1287,1532,1317
CGATTAT,1269,3018,1328
AGATTAT,1070,1699,1056
TCATTAT,916,1137,916
GCATTAT,2357,3934,1383
CCATTAT,1034,846,1107
ACATTAT,1463,784,941
TAATTAT,1102,2800,903
GAATTAT,1183,1256,1090
CAATTAT,941,1553,798
AAATTAT,881,838,815
TTTGTAT,2260,2630,1190
GTTGTAT,3795,6538,1631
CTTGTAT,2126,1718,1175
ATTGTAT,2366,2947,1129
TGTGTAT,3111,8934,1493
GGTGTAT,2767,5092,1794
CGTGTAT,2120,3791,1493
AGTGTAT,2019,4734,1301
TCTGTAT,1656,1437,1211
GCTGTAT,2456,2600,1627
CCTGTAT,1869,1321,1368
ACTGTAT,1788,1450,1223
TATGTAT,2173,4716,1229
GATGTAT,2375,2997,1533
CATGTAT,1584,1905,1177
AATGTAT,1774,2810,1148
TTGGTAT,1489,2408,1338
GTGGTAT,2352,3442,1827
CTGGTAT,1391,1516,1444
ATGGTAT,1563,1891,1351
TGGGTAT,1552,1709,1450
GGGGTAT,1628,1451,1721
CGGGTAT,1463,1177,1483
AGGGTAT,1249,1135,1327
TCGGTAT,1405,1313,1376
GCGGTAT,2260,2782,1937
CCGGTAT,1489,1222,1561
ACGGTAT,1672,1241,1388
TAGGTAT,1383,1375,1161
GAGGTAT,1511,1143,1363
CAGGTAT,1123,867,1066
AAGGTAT,1162,948,1076
TTCGTAT,1461,1390,1328
GTCGTAT,1940,2044,1621
CTCGTAT,1333,1021,1217
ATCGTAT,1457,1441,1235
TGCGTAT,2249,6963,1942
GGCGTAT,2087,2570,1934
CGCGTAT,1642,2253,1593
AGCGTAT,1448,2454,1420
TCCGTAT,1372,1395,1339
GCCGTAT,2118,2453,1949
CCCGTAT,1528,1242,1516
ACCGTAT,1703,1407,1461
TACGTAT,2038,1556,1332
GACGTAT,2079,1562,1573
CACGTAT,1300,946,1130
AACGTAT,1406,1256,1191
TTAGTAT,1200,1381,1016
GTAGTAT,1792,2306,1297
CTAGTAT,1137,956,975
ATAGTAT,1210,1161,944
TGAGTAT,1403,1821,1378
GGAGTAT,1475,1197,1356
CGAGTAT,1375,1171,1392
AGAGTAT,1176,995,1028
TCAGTAT,1023,801,1038
GCAGTAT,1847,1934,1322
CCAGTAT,1162,867,1127
ACAGTAT,1363,987,941
TAAGTAT,1096,1203,1063
GAAGTAT,1369,1017,1256
CAAGTAT,1078,710,968
AAAGTAT,1028,1062,936
TTTCTAT,914,223,882
GTTCTAT,1737,491,1232
CTTCTAT,999,230,964
ATTCTAT,1053,323,1003
TGTCTAT,1578,5760,1174
GGTCTAT,1571,875,1427
CGTCTAT,1144,1129,1116
AGTCTAT,1055,1259,1097
TCTCTAT,901,227,914
GCTCTAT,1494,651,1321
CCTCTAT,965,302,1101
ACTCTAT,1184,287,974
TATCTAT,1264,1025,966
GATCTAT,1384,427,1145
CATCTAT,839,467,880
AATCTAT,923,301,878
TTGCTAT,1983,6332,1424
GTGCTAT,2380,6797,1800
CTGCTAT,1299,4397,1264
ATGCTAT,1746,4898,1352
TGGCTAT,1595,2858,1608
GGGCTAT,1726,2236,1755
CGGCTAT,1217,2325,1413
AGGCTAT,1319,1926,1415
TCGCTAT,1305,2762,1312
GCGCTAT,2336,5176,1887
CCGCTAT,1248,3309,1348
ACGCTAT,1573,2696,1418
TAGCTAT,1224,2479,1158
GAGCTAT,1300,1975,1464
CAGCTAT,1039,1616,1051
AAGCTAT,1139,1887,1121
TTCCTAT,1183,281,1139
GTCCTAT,1727,593,1529
CTCCTAT,999,247,1006
ATCCTAT,1159,324,1132
TGCCTAT,1632,1950,1625
GGCCTAT,1749,746,1802
CGCCTAT,1300,706,1360
AGCCTAT,1238,558,1344
TCCCTAT,1206,348,1288
GCCCTAT,1794,752,1720
CCCCTAT,1169,337,1315
ACCCTAT,1389,399,1313
TACCTAT,1709,624,1225
GACCTAT,1601,459,1507
CACCTAT,976,276,998
AACCTAT,1091,313,1100
TTACTAT,1058,538,1063
GTACTAT,1472,785,1362
CTACTAT,928,443,968
ATACTAT,1142,553,1012
TGACTAT,1279,778,1346
GGACTAT,1364,508,1451
CGACTAT,1134,494,1192
AGACTAT,1110,418,1093
TCACTAT,953,374,1029
GCACTAT,1936,1326,1437
CCACTAT,1048,409,1021
ACACTAT,1417,560,1072
TAACTAT,981,408,1064
GAACTAT,1167,375,1236
CAACTAT,880,314,873
AAACTAT,1004,318,930
TTTATAT,1145,373,991
GTTATAT,2230,1478,1352
CTTATAT,1172,373,1060
ATTATAT,1353,539,967
TGTATAT,2264,6887,1261
GGTATAT,1881,2897,1437
CGTATAT,1492,3022,1345
AGTATAT,1351,3427,1060
TCTATAT,1058,291,907
GCTATAT,1788,1004,1306
CCTATAT,1236,368,1141
ACTATAT,1329,447,1030
TATATAT,1299,1765,980
GATATAT,1509,1026,1253
CATATAT,1083,794,971
AATATAT,1021,677,931
TTGATAT,1557,3590,1247
GTGATAT,2414,4767,1664
CTGATAT,1298,2426,1324
ATGATAT,1549,2810,1190
TGGATAT,1419,1673,1389
GGGATAT,1560,1086,1553
CGGATAT,1345,915,1413
AGGATAT,1156,740,1198
TCGATAT,1292,1451,1304
GCGATAT,2241,2639,1802
CCGATAT,1335,1304,1468
ACGATAT,1522,1244,1355
TAGATAT,1261,1098,1126
GAGATAT,1237,830,1333
CAGATAT,1072,643,1007
AAGATAT,1031,650,1094
TTCATAT,1106,363,992
GTCATAT,1640,786,1336
CTCATAT,1007,381,1018
ATCATAT,1127,490,1007
TGCATAT,1819,3472,1481
GGCATAT,1595,1209,1552
CGCATAT,1405,1308,1529
AGCATAT,1342,1120,1196
TCCATAT,1119,339,1159
GCCATAT,1831,1259,1535
CCCATAT,1248,405,1313
ACCATAT,1419,473,1211
TACATAT,1694,742,1075
GACATAT,1822,717,1343
CACATAT,1024,411,1064
AACATAT,1220,454,924
TTAATAT,1121,1588,934
GTAATAT,1511,1564,1207
CTAATAT,1053,1183,1019
ATAATAT,1109,887,950
TGAATAT,1292,961,1288
GGAATAT,1265,517,1292
CGAATAT,1220,593,1321
AGAATAT,1056,405,994
TCAATAT,963,703,992
GCAATAT,2028,1975,1234
CCAATAT,1082,563,1046
ACAATAT,1501,789,952
TAAATAT,1085,417,956
GAAATAT,1091,430,1172
CAAATAT,988,333,896
AAAATAT,1000,328,863
TTTTGAT,1155,299,1073
GTTTGAT,2324,2937,1654
CTTTGAT,1164,297,1250
ATTTGAT,1317,586,1196
TGTTGAT,3739,9365,1489
GGTTGAT,1965,4070,1752
CGTTGAT,1574,3416,1567
AGTTGAT,1457,4744,1259
TCTTGAT,1182,414,1117
GCTTGAT,1721,944,1556
CCTTGAT,1309,338,1493
ACTTGAT,1399,387,1189
TATTGAT,2215,5632,1131
GATTGAT,1609,2128,1421
CATTGAT,1185,1116,1097
AATTGAT,1184,1890,1086
TTGTGAT,2041,6890,1521
GTGTGAT,2450,8836,1946
CTGTGAT,1609,4366,1516
ATGTGAT,1767,5502,1479
TGGTGAT,1721,2374,1663
GGGTGAT,1905,1556,1904
CGGTGAT,1669,1550,1691
AGGTGAT,1470,1287,1320
TCGTGAT,1448,1160,1445
GCGTGAT,2484,3129,1956
CCGTGAT,1504,1334,1695
ACGTGAT,1720,1162,1607
TAGTGAT,1335,2202,1336
GAGTGAT,1554,1894,1505
CAGTGAT,1231,1298,1194
AAGTGAT,1169,1444,1212
TTCTGAT,1145,276,1130
GTCTGAT,1594,565,1513
CTCTGAT,1066,220,1134
ATCTGAT,1122,299,1083
TGCTGAT,1827,6407,1613
GGCTGAT,1659,1268,1836
CGCTGAT,1484,1020,1561
AGCTGAT,1250,1393,1388
TCCTGAT,1218,252,1334
GCCTGAT,1904,889,1817
CCCTGAT,1325,321,1559
ACCTGAT,1419,356,1290
TACTGAT,1590,839,1144
GACTGAT,1685,454,1409
CACTGAT,1046,291,1098
AACTGAT,1080,328,1077
TTATGAT,1325,3147,1090
GTATGAT,1762,3852,1519
CTATGAT,1217,1890,1095
ATATGAT,1341,2135,1132
TGATGAT,1560,4518,1515
GGATGAT,1520,1063,1479
CGATGAT,1528,1516,1484
AGATGAT,1252,1236,1148
TCATGAT,1138,657,1102
GCATGAT,1961,1779,1534
CCATGAT,1179,690,1282
ACATGAT,1499,664,1170
TAATGAT,1111,1532,1082
GAATGAT,1226,792,1248
CAATGAT,1036,759,1002
AAATGAT,1119,566,1033
TTTGGAT,1286,288,1289
GTTGGAT,1951,1070,1610
CTTGGAT,1203,250,1268
ATTGGAT,1320,409,1196
TGTGGAT,1959,4907,1704
GGTGGAT,1878,968,1830
CGTGGAT,1401,701,1673
AGTGGAT,1342,1125,1327
TCTGGAT,1120,237,1233
GCTGGAT,1766,668,1700
CCTGGAT,1339,309,1443
ACTGGAT,1352,304,1205
TATGGAT,1452,929,1196
GATGGAT,1501,637,1468
CATGGAT,1100,345,1184
AATGGAT,1067,353,1166
TTGGGAT,1355,485,1469
GTGGGAT,1846,1133,1873
CTGGGAT,1217,435,1343
ATGGGAT,1322,524,1361
TGGGGAT,1464,770,1561
GGGGGAT,1590,884,1862
CGGGGAT,1383,544,1598
AGGGGAT,1136,492,1324
TCGGGAT,1282,439,1416
GCGGGAT,2122,1332,1957
CCGGGAT,1322,434,1665
ACGGGAT,1371,482,1373
TAGGGAT,1204,595,1175
GAGGGAT,1284,609,1361
CAGGGAT,1081,406,1174
AAGGGAT,1155,379,1099
TTCGGAT,1296,308,1305
GTCGGAT,1720,461,1738
CTCGGAT,1199,276,1263
ATCGGAT,1218,324,1257
TGCGGAT,1895,1275,1766
GGCGGAT,1838,627,2119
CGCGGAT,1500,365,1697
AGCGGAT,1283,374,1442
TCCGGAT,1239,280,1434
GCCGGAT,1843,667,1975
CCCGGAT,1384,260,1648
ACCGGAT,1551,312,1515
TACGGAT,1748,542,1342
GACGGAT,1935,452,1625
CACGGAT,1168,250,1266
AACGGAT,1145,321,1286
TTAGGAT,1027,250,1124
GTAGGAT,1396,487,1296
CTAGGAT,878,251,1112
ATAGGAT,940,305,982
TGAGGAT,1257,474,1411
GGAGGAT,1278,363,1442
CGAGGAT,1111,382,1311
AGAGGAT,1063,305,1074
TCAGGAT,906,221,1062
GCAGGAT,1650,676,1424
CCAGGAT,1096,228,1229
ACAGGAT,1195,325,1073
TAAGGAT,1007,267,1027
GAAGGAT,1091,289,1263
CAAGGAT,943,217,1015
AAAGGAT,871,236,955
TTTCGAT,1219,275,1226
GTTCGAT,1784,564,1603
CTTCGAT,1046,271,1245
ATTCGAT,1283,441,1159
TGTCGAT,1651,2614,1540
GGTCGAT,1657,533,1766
CGTCGAT,1247,427,1336
AGTCGAT,1259,533,1277
TCTCGAT,1094,248,1216
GCTCGAT,1672,662,1494
CCTCGAT,1250,290,1401
ACTCGAT,1274,286,1250
TATCGAT,1450,549,1192
GATCGAT,1510,403,1389
CATCGAT,955,337,1053
AATCGAT,1091,309,1038
TTGCGAT,1811,3578,1734
GTGCGAT,2440,5170,2290
CTGCGAT,1438,2251,1595
ATGCGAT,1830,3277,1639
TGGCGAT,1835,1991,1916
GGGCGAT,2070,1745,2079
CGGCGAT,1477,1508,1682
AGGCGAT,1498,1538,1648
TCGCGAT,1411,1683,1594
GCGCGAT,2376,3225,2062
CCGCGAT,1373,1789,1707
ACGCGAT,1738,1572,1549
TAGCGAT,1456,1609,1460
GAGCGAT,1591,1408,1691
CAGCGAT,1183,1025,1223
AAGCGAT,1219,1281,1361
TTCCGAT,1361,308,1462
GTCCGAT,1905,442,1781
CTCCGAT,1149,206,1249
ATCCGAT,1263,303,1263
TGCCGAT,1764,800,1960
GGCCGAT,1859,550,2094
CGCCGAT,1418,413,1567
AGCCGAT,1396,374,1515
TCCCGAT,1317,244,1480
GCCCGAT,1953,673,1960
CCCCGAT,1432,315,1639
ACCCGAT,1469,337,1580
TACCGAT,1925,480,1396
GACCGAT,1832,408,1763
CACCGAT,1132,296,1228
AACCGAT,1259,287,1326
TTACGAT,1318,342,1290
GTACGAT,1657,541,1686
CTACGAT,1073,266,1203
ATACGAT,1203,446,1171
TGACGAT,1514,518,1597
GGACGAT,1561,424,1761
CGACGAT,1147,349,1304
AGACGAT,1205,390,1310
TCACGAT,1042,281,1241
GCACGAT,1913,976,1625
CCACGAT,1153,315,1212
ACACGAT,1398,393,1225
TAACGAT,1209,314,1226
GAACGAT,1283,374,1393
CAACGAT,986,296,1018
AAACGAT,1050,344,1139
TTTAGAT,1007,257,1101
GTTAGAT,1683,739,1352
CTTAGAT,1063,251,1135
ATTAGAT,1181,298,1039
TGTAGAT,1332,2475,1164
GGTAGAT,1340,508,1277
CGTAGAT,1132,473,1296
AGTAGAT,1097,639,1026
TCTAGAT,994,231,1084
GCTAGAT,1582,692,1375
CCTAGAT,1106,227,1282
ACTAGAT,1184,293,1087
TATAGAT,1139,542,1030
GATAGAT,1367,494,1158
CATAGAT,1001,318,1053
AATAGAT,974,261,957
TTGAGAT,1362,810,1333
GTGAGAT,1884,1348,1729
CTGAGAT,1229,570,1328
ATGAGAT,1291,724,1233
TGGAGAT,1330,502,1491
GGGAGAT,1454,504,1573
CGGAGAT,1365,438,1490
AGGAGAT,1128,366,1198
TCGAGAT,1128,418,1346
GCGAGAT,1977,1096,1701
CCGAGAT,1229,461,1461
ACGAGAT,1256,475,1265
TAGAGAT,1140,431,1092
GAGAGAT,1131,434,1305
CAGAGAT,952,282,1047
AAGAGAT,933,328,962
TTCAGAT,987,207,1118
GTCAGAT,1343,345,1320
CTCAGAT,914,168,1065
ATCAGAT,1048,249,985
TGCAGAT,1516,518,1469
GGCAGAT,1462,370,1543
CGCAGAT,1313,409,1501
AGCAGAT,1122,295,1180
TCCAGAT,1062,216,1222
GCCAGAT,1569,583,1654
CCCAGAT,1116,202,1358
ACCAGAT,1328,273,1153
TACAGAT,1474,409,1144
GACAGAT,1738,362,1294
CACAGAT,1000,222,1054
AACAGAT,1039,249,1024
TTAAGAT,950,245,1033
GTAAGAT,1313,355,1284
CTAAGAT,975,220,1099
ATAAGAT,1008,285,943
TGAAGAT,1206,295,1238
GGAAGAT,1196,296,1360
CGAAGAT,1197,278,1327
AGAAGAT,992,201,1018
TCAAGAT,901,186,1028
GCAAGAT,1613,664,1361
CCAAGAT,1085,222,1080
ACAAGAT,1295,325,961
TAAAGAT,871,224,949
GAAAGAT,1005,238,1109
CAAAGAT,888,171,922
AAAAGAT,898,190,908
TTTTCAT,1054,220,989
GTTTCAT,1928,1167,1489
CTTTCAT,1027,242,1110
ATTTCAT,1256,349,1064
TGTTCAT,1712,2606,1356
GGTTCAT,1675,549,1676
CGTTCAT,1211,446,1340
AGTTCAT,1179,500,1233
TCTTCAT,967,220,1037
GCTTCAT,1625,699,1472
CCTTCAT,1058,286,1183
ACTTCAT,1251,322,1068
TATTCAT,1200,625,1053
GATTCAT,1491,469,1389
CATTCAT,964,303,1088
AATTCAT,1014,317,1069
TTGTCAT,1812,5963,1416
GTGTCAT,2458,7623,1804
CTGTCAT,1470,4786,1288
ATGTCAT,1784,5214,1308
TGGTCAT,1619,1077,1518
GGGTCAT,1639,935,1697
CGGTCAT,1317,965,1539
AGGTCAT,1154,754,1281
TCGTCAT,1257,1702,1267
GCGTCAT,2132,2942,1632
CCGTCAT,1323,1900,1348
ACGTCAT,1460,1551,1250
TAGTCAT,1253,1345,1172
GAGTCAT,1459,1159,1393
CAGTCAT,1004,943,1051
AAGTCAT,1135,937,1082
TTCTCAT,956,276,943
GTCTCAT,1515,643,1386
CTCTCAT,951,270,1048
ATCTCAT,1059,320,976
TGCTCAT,1305,625,1268
GGCTCAT,1537,511,1616
CGCTCAT,1277,465,1303
AGCTCAT,1172,374,1223
TCCTCAT,1145,299,1177
GCCTCAT,1757,1339,1585
CCCTCAT,1239,391,1396
ACCTCAT,1285,418,1212
TACTCAT,1588,500,1121
GACTCAT,1500,505,1268
CACTCAT,964,362,1014
AACTCAT,1025,346,1047
TTATCAT,1282,1999,1016
GTATCAT,1863,3179,1401
CTATCAT,1039,1525,1029
ATATCAT,1182,1388,976
TGATCAT,1354,755,1397
GGATCAT,1396,534,1406
CGATCAT,1293,691,1294
AGATCAT,1169,513,1116
TCATCAT,934,731,974
GCATCAT,2623,6003,1354
CCATCAT,1057,738,1078
ACATCAT,1364,853,1064
TAATCAT,1061,576,966
GAATCAT,1232,768,1130
CAATCAT,965,585,950
AAATCAT,1020,448,918
TTTGCAT,2564,9335,1648
GTTGCAT,4174,13942,2122
CTTGCAT,1980,7866,1518
ATTGCAT,2523,9107,1447
TGTGCAT,3484,13264,2018
GGTGCAT,3158,13398,2230
CGTGCAT,2462,10601,1955
AGTGCAT,2487,10464,1668
TCTGCAT,1911,7375,1348
GCTGCAT,2658,11229,1918
CCTGCAT,1892,7423,1535
ACTGCAT,2034,7336,1416
TATGCAT,2599,9484,1457
GATGCAT,3567,11546,1950
CATGCAT,1886,6881,1384
AATGCAT,2432,8207,1382
TTGGCAT,2222,8802,1837
GTGGCAT,3390,12512,2349
CTGGCAT,1855,7116,1711
ATGGCAT,2052,7953,1665
TGGGCAT,2275,8574,2078
GGGGCAT,2333,8334,2248
CGGGCAT,1926,7606,1803
AGGGCAT,1817,6804,1564
TCGGCAT,1696,7325,1477
GCGGCAT,2811,12735,2013
CCGGCAT,1744,6866,1799
ACGGCAT,1917,7025,1584
TAGGCAT,1869,6897,1487
GAGGCAT,2088,7304,1860
CAGGCAT,1524,4986,1436
AAGGCAT,1584,5898,1328
TTCGCAT,2207,8604,1593
GTCGCAT,2763,10604,2005
CTCGCAT,1763,7237,1443
ATCGCAT,2095,8150,1425
TGCGCAT,3075,13198,2167
GGCGCAT,2907,13074,2177
CGCGCAT,2440,11171,1836
AGCGCAT,2405,10359,1664
TCCGCAT,2048,8803,1637
GCCGCAT,2896,13703,2186
CCCGCAT,2053,8471,1667
ACCGCAT,2101,8530,1681
TACGCAT,2563,8855,1612
GACGCAT,2789,9399,1902
CACGCAT,1882,6735,1380
AACGCAT,1930,7738,1492
TTAGCAT,1766,6718,1306
GTAGCAT,2318,8359,1684
CTAGCAT,1481,5490,1233
ATAGCAT,1647,5579,1186
TGAGCAT,1958,7775,1683
GGAGCAT,1976,7009,1825
CGAGCAT,1791,6495,1517
AGAGCAT,1585,5848,1318
TCAGCAT,1381,4996,1162
GCAGCAT,2210,8666,1696
CCAGCAT,1440,4859,1371
ACAGCAT,1602,5037,1128
TAAGCAT,1511,6148,1263
GAAGCAT,1656,5895,1562
CAAGCAT,1339,4230,1149
AAAGCAT,1461,5402,1125
TTTCCAT,1273,323,1253
GTTCCAT,2031,798,1599
CTTCCAT,1182,271,1169
ATTCCAT,1438,463,1238
TGTCCAT,1867,3404,1634
GGTCCAT,1892,634,1829
CGTCCAT,1312,678,1504
AGTCCAT,1321,667,1373
TCTCCAT,1053,254,1025
GCTCCAT,1610,722,1543
CCTCCAT,1191,297,1267
ACTCCAT,1320,316,1121
TATCCAT,1440,605,1237
GATCCAT,1602,494,1525
CATCCAT,1046,396,1118
AATCCAT,1140,285,1198
TTGCCAT,2002,9085,1865
GTGCCAT,2714,12750,2325
CTGCCAT,1515,7217,1686
ATGCCAT,1962,8523,1677
TGGCCAT,2062,7397,2116
GGGCCAT,2114,6284,2325
CGGCCAT,1587,5551,1643
AGGCCAT,1685,5312,1722
TCGCCAT,1503,7022,1617
GCGCCAT,2483,11565,2062
CCGCCAT,1428,7449,1576
ACGCCAT,1698,6728,1550
TAGCCAT,1606,6254,1535
GAGCCAT,1685,6048,1988
CAGCCAT,1136,4128,1303
AAGCCAT,1478,4996,1420
TTCCCAT,1420,312,1440
GTCCCAT,2021,715,1851
CTCCCAT,1146,234,1116
ATCCCAT,1426,411,1416
TGCCCAT,2068,1027,1940
GGCCCAT,2063,725,2235
CGCCCAT,1486,591,1715
AGCCCAT,1525,544,1579
TCCCCAT,1406,335,1488
GCCCCAT,2072,860,2052
CCCCCAT,1397,345,1515
ACCCCAT,1673,380,1469
TACCCAT,1819,613,1490
GACCCAT,1771,598,1757
CACCCAT,1241,315,1153
AACCCAT,1324,330,1383
TTACCAT,1418,457,1357
GTACCAT,1987,1033,1758
CTACCAT,1132,432,1203
ATACCAT,1372,630,1337
TGACCAT,1674,617,1702
GGACCAT,1779,592,1838
CGACCAT,1406,524,1420
AGACCAT,1356,534,1410
TCACCAT,1135,464,1221
GCACCAT,2021,1619,1681
CCACCAT,1161,472,1214
ACACCAT,1577,734,1177
TAACCAT,1292,433,1307
GAACCAT,1456,683,1548
CAACCAT,1041,446,1126
AAACCAT,1239,527,1281
TTTACAT,1346,388,1301
GTTACAT,2573,1776,1645
CTTACAT,1287,378,1267
ATTACAT,1658,628,1233
TGTACAT,2149,3321,1660
GGTACAT,2167,1093,1870
CGTACAT,1835,794,1591
AGTACAT,1608,957,1319
TCTACAT,1157,297,1170
GCTACAT,1987,1238,1556
CCTACAT,1350,430,1299
ACTACAT,1571,595,1179
TATACAT,1640,1161,1232
GATACAT,2303,2267,1429
CATACAT,1327,580,1251
AATACAT,1447,819,1169
TTGACAT,1820,2943,1678
GTGACAT,2852,4943,2091
CTGACAT,1463,2086,1548
ATGACAT,1736,2669,1469
TGGACAT,1781,1529,1781
GGGACAT,1801,1677,1873
CGGACAT,1603,1227,1724
AGGACAT,1449,1025,1518
TCGACAT,1346,1685,1391
GCGACAT,2256,3511,1830
CCGACAT,1350,1756,1515
ACGACAT,1553,1558,1324
TAGACAT,1575,1534,1365
GAGACAT,1593,1497,1552
CAGACAT,1104,882,1178
AAGACAT,1261,967,1229
TTCACAT,1270,391,1222
GTCACAT,1957,918,1555
CTCACAT,1158,366,1176
ATCACAT,1376,501,1125
TGCACAT,2061,1271,1750
GGCACAT,1962,929,1873
CGCACAT,1614,760,1701
AGCACAT,1470,637,1360
TCCACAT,1262,387,1358
GCCACAT,2158,2386,1702
CCCACAT,1424,408,1416
ACCACAT,1602,553,1322
TACACAT,2147,888,1276
GACACAT,2359,1027,1545
CACACAT,1259,463,1166
AACACAT,1482,654,1190
TTAACAT,1299,775,1287
GTAACAT,2182,1734,1478
CTAACAT,1341,757,1165
ATAACAT,1547,990,1156
TGAACAT,1472,641,1502
GGAACAT,1649,655,1570
CGAACAT,1516,580,1439
AGAACAT,1306,496,1297
TCAACAT,1118,533,1102
GCAACAT,2534,5852,1375
CCAACAT,1170,664,1156
ACAACAT,1950,1813,1085
TAAACAT,1420,729,1202
GAAACAT,1556,958,1365
CAAACAT,1616,1090,1130
AAAACAT,1622,896,1102
TTTTAAT,1139,248,1032
GTTTAAT,2206,1478,1431
CTTTAAT,1202,232,1149
ATTTAAT,1407,423,1129
TGTTAAT,1901,4605,1311
GGTTAAT,1758,613,1562
CGTTAAT,1426,580,1401
AGTTAAT,1245,717,1118
TCTTAAT,1088,236,993
GCTTAAT,1836,709,1465
CCTTAAT,1280,269,1300
ACTTAAT,1472,303,1093
TATTAAT,1382,1046,995
GATTAAT,1613,391,1244
CATTAAT,1014,295,980
AATTAAT,1053,308,956
TTGTAAT,1625,4180,1415
GTGTAAT,2540,5005,1823
CTGTAAT,1386,2463,1384
ATGTAAT,1759,3333,1278
TGGTAAT,1757,1524,1537
GGGTAAT,1753,1001,1665
CGGTAAT,1531,1257,1462
AGGTAAT,1354,966,1216
TCGTAAT,1420,1361,1414
GCGTAAT,2398,2543,1866
CCGTAAT,1585,1555,1474
ACGTAAT,1733,1179,1438
TAGTAAT,1410,1347,1147
GAGTAAT,1523,1053,1417
CAGTAAT,1137,883,1057
AAGTAAT,1190,1043,1149
TTCTAAT,1081,222,979
GTCTAAT,1707,626,1341
CTCTAAT,1018,221,1036
ATCTAAT,1184,289,1064
TGCTAAT,1632,1001,1471
GGCTAAT,1591,442,1600
CGCTAAT,1382,369,1450
AGCTAAT,1225,323,1247
TCCTAAT,1129,305,1259
GCCTAAT,1900,838,1645
CCCTAAT,1348,329,1382
ACCTAAT,1538,399,1249
TACTAAT,1802,581,1127
GACTAAT,1706,421,1371
CACTAAT,1032,263,1045
AACTAAT,1090,280,1037
TTATAAT,1136,499,1005
GTATAAT,1682,1192,1260
CTATAAT,1009,386,1015
ATATAAT,1171,495,1017
TGATAAT,1348,641,1257
GGATAAT,1290,379,1402
CGATAAT,1353,429,1348
AGATAAT,1186,345,1086
TCATAAT,1028,291,1042
GCATAAT,2112,1130,1475
CCATAAT,1116,339,1187
ACATAAT,1663,467,1106
TAATAAT,1093,391,946
GAATAAT,1253,312,1258
CAATAAT,1106,316,987
AAATAAT,1256,356,919
TTTGAAT,1395,844,1360
GTTGAAT,2196,1566,1818
CTTGAAT,1386,595,1402
ATTGAAT,1592,909,1322
TGTGAAT,2102,2185,1745
GGTGAAT,2009,1406,1883
CGTGAAT,1587,1026,1698
AGTGAAT,1433,1166,1387
TCTGAAT,1285,640,1244
GCTGAAT,1939,1388,1759
CCTGAAT,1420,612,1478
ACTGAAT,1648,714,1414
TATGAAT,1713,1014,1244
GATGAAT,1779,941,1575
CATGAAT,1216,697,1197
AATGAAT,1273,704,1199
TTGGAAT,1413,934,1452
GTGGAAT,2034,1403,1921
CTGGAAT,1287,687,1378
ATGGAAT,1371,891,1384
TGGGAAT,1564,1123,1547
GGGGAAT,1627,1064,1750
CGGGAAT,1347,937,1515
AGGGAAT,1219,906,1233
TCGGAAT,1311,784,1386
GCGGAAT,2289,2103,1968
CCGGAAT,1423,685,1595
ACGGAAT,1613,873,1525
TAGGAAT,1231,790,1202
GAGGAAT,1264,762,1458
CAGGAAT,1051,510,1155
AAGGAAT,1081,645,1100
TTCGAAT,1442,875,1387
GTCGAAT,1756,1192,1618
CTCGAAT,1268,694,1313
ATCGAAT,1385,824,1282
TGCGAAT,1965,1836,1809
GGCGAAT,1829,1500,1940
CGCGAAT,1488,1229,1643
AGCGAAT,1450,1298,1423
TCCGAAT,1335,891,1437
GCCGAAT,2071,1784,1963
CCCGAAT,1466,821,1604
ACCGAAT,1636,973,1498
TACGAAT,1929,882,1375
GACGAAT,2045,834,1570
CACGAAT,1236,589,1241
AACGAAT,1284,736,1183
TTAGAAT,1089,614,1127
GTAGAAT,1339,853,1302
CTAGAAT,1040,508,1079
ATAGAAT,1018,568,1023
TGAGAAT,1279,809,1327
GGAGAAT,1337,771,1400
CGAGAAT,1187,716,1294
AGAGAAT,1057,669,1117
TCAGAAT,1010,457,1050
GCAGAAT,1786,1204,1395
CCAGAAT,1077,439,1240
ACAGAAT,1325,575,1029
TAAGAAT,933,552,1094
GAAGAAT,1195,615,1196
CAAGAAT,909,373,993
AAAGAAT,896,556,954
TTTCAAT,1067,262,1081
GTTCAAT,1754,499,1415
CTTCAAT,1017,233,1055
ATTCAAT,1180,377,1097
TGTCAAT,1898,1820,1331
GGTCAAT,1704,516,1492
CGTCAAT,1313,513,1271
AGTCAAT,1270,577,1103
TCTCAAT,1032,237,986
GCTCAAT,1697,641,1356
CCTCAAT,1135,265,1124
ACTCAAT,1341,313,1019
TATCAAT,1311,625,1073
GATCAAT,1614,425,1216
CATCAAT,989,360,983
AATCAAT,1091,346,987
TTGCAAT,1803,7518,1518
GTGCAAT,2540,10675,1940
CTGCAAT,1412,5820,1400
ATGCAAT,1894,7098,1477
TGGCAAT,1742,6127,1777
GGGCAAT,1863,5135,1890
CGGCAAT,1431,4850,1396
AGGCAAT,1503,4429,1372
TCGCAAT,1622,6216,1587
GCGCAAT,2628,9520,1932
CCGCAAT,1504,6290,1487
ACGCAAT,1896,5925,1549
TAGCAAT,1479,4827,1309
GAGCAAT,1500,4918,1505
CAGCAAT,1120,3370,1046
AAGCAAT,1303,4263,1158
TTCCAAT,1272,254,1178
GTCCAAT,1815,397,1635
CTCCAAT,1098,227,1090
ATCCAAT,1229,285,1228
TGCCAAT,1811,753,1711
GGCCAAT,1691,485,1825
CGCCAAT,1260,387,1377
AGCCAAT,1422,373,1329
TCCCAAT,1372,264,1326
GCCCAAT,1952,718,1800
CCCCAAT,1311,242,1412
ACCCAAT,1485,344,1355
TACCAAT,1999,586,1284
GACCAAT,1794,450,1489
CACCAAT,1146,250,1068
AACCAAT,1197,296,1187
TTACAAT,1182,320,1199
GTACAAT,1642,552,1447
CTACAAT,1061,303,994
ATACAAT,1603,801,1089
TGACAAT,1494,618,1395
GGACAAT,1516,425,1481
CGACAAT,1237,413,1157
AGACAAT,1375,530,1169
TCACAAT,1139,335,1118
GCACAAT,2320,1375,1535
CCACAAT,1240,371,1170
ACACAAT,1950,679,1101
TAACAAT,1165,414,1100
GAACAAT,1362,464,1315
CAACAAT,1176,412,882
AAACAAT,1927,937,1114
TTTAAAT,1271,265,1109
GTTAAAT,1869,470,1524
CTTAAAT,1195,248,1188
ATTAAAT,1407,303,1089
TGTAAAT,1982,1559,1470
GGTAAAT,2006,772,1575
CGTAAAT,1573,509,1471
AGTAAAT,1564,725,1238
TCTAAAT,1168,258,1129
GCTAAAT,2044,743,1456
CCTAAAT,1274,326,1322
ACTAAAT,1576,317,1181
TATAAAT,1311,403,1091
GATAAAT,1659,418,1267
CATAAAT,1146,298,1086
AATAAAT,1220,293,992
TTGAAAT,1427,726,1424
GTGAAAT,2021,1279,1776
CTGAAAT,1249,604,1328
ATGAAAT,1435,683,1254
TGGAAAT,1526,724,1558
GGGAAAT,1605,794,1568
CGGAAAT,1348,633,1473
AGGAAAT,1213,526,1180
TCGAAAT,1276,569,1321
GCGAAAT,2071,1364,1689
CCGAAAT,1322,721,1499
ACGAAAT,1549,620,1396
TAGAAAT,1133,491,1088
GAGAAAT,1266,529,1328
CAGAAAT,953,380,1067
AAGAAAT,964,409,1047
TTCAAAT,1085,208,1078
GTCAAAT,1563,366,1368
CTCAAAT,1049,220,1094
ATCAAAT,1180,285,965
TGCAAAT,1684,641,1500
GGCAAAT,1616,455,1515
CGCAAAT,1462,460,1488
AGCAAAT,1265,383,1266
TCCAAAT,1138,223,1252
GCCAAAT,1863,630,1616
CCCAAAT,1320,321,1339
ACCAAAT,1552,332,1254
TACAAAT,1838,465,1135
GACAAAT,2181,583,1353
CACAAAT,1132,321,1062
AACAAAT,1480,418,982
TTAAAAT,1056,211,1133
GTAAAAT,1377,272,1365
CTAAAAT,986,252,1080
ATAAAAT,1085,236,977
TGAAAAT,1191,173,1174
GGAAAAT,1298,221,1314
CGAAAAT,1180,254,1241
AGAAAAT,968,186,1074
TCAAAAT,968,164,1032
GCAAAAT,1958,713,1301
CCAAAAT,1060,214,1164
ACAAAAT,1547,307,1069
TAAAAAT,936,161,972
GAAAAAT,1054,214,1181
CAAAAAT,917,174,867
AAAAAAT,891,158,879
TTTTTTG,889,301,971
GTTTTTG,3619,5327,1485
CTTTTTG,1218,452,1200
ATTTTTG,1565,888,1089
TGTTTTG,3377,8988,1378
GGTTTTG,1990,4208,1681
CGTTTTG,1547,4582,1502
AGTTTTG,1374,4992,1232
TCTTTTG,1109,1574,1106
GCTTTTG,2119,2071,1589
CCTTTTG,1225,616,1347
ACTTTTG,1488,730,1206
TATTTTG,1900,5713,1116
GATTTTG,1753,2272,1433
CATTTTG,1071,1704,1042
AATTTTG,1013,1875,968
TTGTTTG,4053,9094,1446
GTGTTTG,5447,13452,1848
CTGTTTG,3653,8857,1472
ATGTTTG,4060,9409,1442
TGGTTTG,1997,5739,1644
GGGTTTG,1983,3637,1772
CGGTTTG,1821,4318,1557
AGGTTTG,1587,3615,1421
TCGTTTG,1762,4643,1416
GCGTTTG,2663,6325,2054
CCGTTTG,1851,4628,1651
ACGTTTG,1938,4317,1542
TAGTTTG,2055,5511,1194
GAGTTTG,1910,4538,1516
CAGTTTG,1527,3751,1125
AAGTTTG,1688,4880,1172
TTCTTTG,1206,1021,1035
GTCTTTG,1731,1354,1407
CTCTTTG,974,681,1109
ATCTTTG,1263,777,1062
TGCTTTG,1874,8405,1540
GGCTTTG,1677,2660,1809
CGCTTTG,1397,2667,1645
AGCTTTG,1245,2991,1354
TCCTTTG,1157,482,1288
GCCTTTG,2034,1500,1840
CCCTTTG,1315,569,1524
ACCTTTG,1487,487,1426
TACTTTG,1692,1735,1177
GACTTTG,1589,813,1476
CACTTTG,994,649,1099
AACTTTG,1002,552,1055
TTATTTG,2831,5863,1096
GTATTTG,3536,7437,1343
CTATTTG,2535,5303,1049
ATATTTG,2463,4974,1021
TGATTTG,1616,5648,1377
GGATTTG,1479,2123,1435
CGATTTG,1508,3424,1343
AGATTTG,1197,1934,1140
TCATTTG,1170,1907,992
GCATTTG,2371,4332,1579
CCATTTG,1273,1634,1242
ACATTTG,1561,1491,1078
TAATTTG,1330,2947,1008
GAATTTG,1270,1760,1231
CAATTTG,1045,1777,925
AAATTTG,1001,1239,894
TTTGTTG,3900,3629,1299
GTTGTTG,6259,12243,1859
CTTGTTG,4028,2991,1474
ATTGTTG,4436,4842,1308
TGTGTTG,5034,9798,1814
GGTGTTG,5689,5315,1941
CGTGTTG,4458,3980,1680
AGTGTTG,4044,5152,1520
TCTGTTG,3273,1592,1441
GCTGTTG,4982,4462,1891
CCTGTTG,4051,1793,1641
ACTGTTG,3690,1769,1374
TATGTTG,4116,5815,1369
GATGTTG,4787,3965,1803
CATGTTG,3348,2214,1407
AATGTTG,3308,2678,1189
TTGGTTG,1988,2685,1529
GTGGTTG,3006,4286,2040
CTGGTTG,1742,1746,1528
ATGGTTG,2010,2362,1518
TGGGTTG,1842,1728,1824
GGGGTTG,2083,1571,2043
CGGGTTG,1738,1202,1800
AGGGTTG,1523,1307,1405
TCGGTTG,1681,1721,1546
GCGGTTG,2800,3385,2138
CCGGTTG,1952,1587,1759
ACGGTTG,2022,1873,1553
TAGGTTG,1609,1248,1377
GAGGTTG,1850,1138,1651
CAGGTTG,1285,893,1221
AAGGTTG,1370,901,1296
TTCGTTG,1900,829,1351
GTCGTTG,2544,1671,1749
CTCGTTG,1609,689,1427
ATCGTTG,1713,850,1359
TGCGTTG,2658,6144,1961
GGCGTTG,2379,2243,2248
CGCGTTG,2038,2010,1792
AGCGTTG,1758,1812,1576
TCCGTTG,1758,762,1579
GCCGTTG,2598,1892,2136
CCCGTTG,1748,829,1831
ACCGTTG,1932,988,1645
TACGTTG,2242,1225,1478
GACGTTG,2461,1096,1729
CACGTTG,1527,772,1309
AACGTTG,1559,754,1380
TTAGTTG,1899,1747,1189
GTAGTTG,2147,2404,1207
CTAGTTG,1745,1221,1128
ATAGTTG,1624,1512,1088
TGAGTTG,1880,1889,1506
GGAGTTG,1996,1163,1678
CGAGTTG,1760,1026,1449
AGAGTTG,1529,975,1270
TCAGTTG,1431,1017,988
GCAGTTG,2222,2133,1576
CCAGTTG,1589,971,1265
ACAGTTG,1697,1110,1106
TAAGTTG,1581,1064,1101
GAAGTTG,1737,823,1323
CAAGTTG,1322,604,1050
AAAGTTG,1547,654,1032
TTTCTTG,1205,247,1044
GTTCTTG,1797,508,1430
CTTCTTG,1061,274,1049
ATTCTTG,1356,286,1111
TGTCTTG,1638,4919,1398
GGTCTTG,1566,595,1589
CGTCTTG,1127,661,1294
AGTCTTG,1271,818,1185
TCTCTTG,980,242,1059
GCTCTTG,1633,747,1460
CCTCTTG,1077,329,1293
ACTCTTG,1206,322,1180
TATCTTG,1212,726,1160
GATCTTG,1412,366,1448
CATCTTG,896,325,948
AATCTTG,965,266,958
TTGCTTG,2711,7930,1564
GTGCTTG,2956,9240,2078
CTGCTTG,1799,5643,1432
ATGCTTG,2143,6431,1586
TGGCTTG,1805,4772,1783
GGGCTTG,1952,4233,2051
CGGCTTG,1430,4084,1640
AGGCTTG,1485,3267,1517
TCGCTTG,1430,4040,1427
GCGCTTG,2508,7732,2017
CCGCTTG,1456,5184,1634
ACGCTTG,1678,4486,1576
TAGCTTG,1353,3922,1329
GAGCTTG,1420,3663,1627
CAGCTTG,1129,3014,1230
AAGCTTG,1219,3009,1255
TTCCTTG,1305,336,1411
GTCCTTG,1910,566,1694
CTCCTTG,967,224,1186
ATCCTTG,1214,322,1338
TGCCTTG,1805,1919,1929
GGCCTTG,1846,974,2186
CGCCTTG,1423,1083,1518
AGCCTTG,1411,760,1566
TCCCTTG,1379,385,1563
GCCCTTG,2037,835,2173
CCCCTTG,1329,346,1553
ACCCTTG,1431,421,1530
TACCTTG,1722,555,1422
GACCTTG,1609,405,1761
CACCTTG,1025,323,1099
AACCTTG,1125,262,1239
TTACTTG,1237,1048,1295
GTACTTG,1640,1262,1467
CTACTTG,1010,710,1052
ATACTTG,1252,1020,1131
TGACTTG,1315,916,1524
GGACTTG,1515,659,1702
CGACTTG,1258,752,1441
AGACTTG,1122,545,1197
TCACTTG,1002,599,1091
GCACTTG,2006,1772,1603
CCACTTG,1033,602,1224
ACACTTG,1491,866,1212
TAACTTG,1099,465,1137
GAACTTG,1168,439,1339
CAACTTG,900,412,982
AAACTTG,1000,348,1035
TTTATTG,2960,936,1118
GTTATTG,5481,8623,1509
CTTATTG,3096,1052,1179
ATTATTG,3584,2395,1064
TGTATTG,3780,6862,1247
GGTATTG,3992,3210,1554
CGTATTG,3102,2911,1426
AGTATTG,3018,3453,1126
TCTATTG,2474,670,1233
GCTATTG,3699,2813,1544
CCTATTG,2908,900,1367
ACTATTG,3038,853,1212
TATATTG,2901,2391,1170
GATATTG,3541,1654,1431
CATATTG,2252,1024,1126
AATATTG,2236,1009,989
TTGATTG,2541,5894,1445
GTGATTG,3477,8388,1982
CTGATTG,1929,4009,1546
ATGATTG,2121,5105,1389
TGGATTG,1765,1834,1645
GGGATTG,1997,1516,1862
CGGATTG,1689,1355,1711
AGGATTG,1368,1206,1341
TCGATTG,1626,3591,1434
GCGATTG,2712,4731,1927
CCGATTG,1761,2768,1668
ACGATTG,1828,2692,1501
TAGATTG,1610,1722,1247
GAGATTG,1596,1340,1444
CAGATTG,1154,1043,1103
AAGATTG,1225,1012,1140
TTCATTG,1420,626,1133
GTCATTG,2073,1516,1476
CTCATTG,1189,584,1119
ATCATTG,1360,704,1071
TGCATTG,2512,7551,1656
GGCATTG,2042,3995,1876
CGCATTG,2033,5442,1614
AGCATTG,1700,3717,1254
TCCATTG,1351,518,1379
GCCATTG,2052,1908,1785
CCCATTG,1479,578,1478
ACCATTG,1533,648,1397
TACATTG,1927,818,1241
GACATTG,2194,856,1511
CACATTG,1142,511,1204
AACATTG,1271,568,1121
TTAATTG,1764,2486,1141
GTAATTG,2066,2803,1411
CTAATTG,1539,1905,1136
ATAATTG,1503,1548,1060
TGAATTG,1515,1279,1465
GGAATTG,1605,856,1535
CGAATTG,1522,990,1419
AGAATTG,1155,684,1123
TCAATTG,1198,1315,1120
GCAATTG,2267,3249,1384
CCAATTG,1307,1035,1254
ACAATTG,1702,1161,1154
TAAATTG,1245,624,1107
GAAATTG,1338,553,1257
CAAATTG,1020,525,1049
AAAATTG,1009,397,959
TTTTGTG,1337,521,1139
GTTTGTG,4943,12029,1698
CTTTGTG,1524,676,1370
ATTTGTG,2703,2881,1212
TGTTGTG,4433,12229,1701
GGTTGTG,2376,8807,1887
CGTTGTG,2021,8585,1753
AGTTGTG,1911,7978,1492
TCTTGTG,1354,1760,1285
GCTTGTG,2625,3250,1874
CCTTGTG,1605,788,1586
ACTTGTG,1788,1156,1369
TATTGTG,2577,7813,1305
GATTGTG,2360,5328,1663
CATTGTG,1401,3907,1295
AATTGTG,1583,4522,1230
TTGTGTG,2540,7866,1635
GTGTGTG,3537,9936,2214
CTGTGTG,2021,5521,1633
ATGTGTG,2489,6628,1689
TGGTGTG,2085,6646,1972
GGGTGTG,2388,2581,2354
CGGTGTG,1981,3587,1963
AGGTGTG,1780,2739,1681
TCGTGTG,1637,2334,1594
GCGTGTG,2792,4572,2393
CCGTGTG,1782,2571,1841
ACGTGTG,2052,2068,1715
TAGTGTG,1651,4242,1435
GAGTGTG,1899,2618,1697
CAGTGTG,1383,2498,1332
AAGTGTG,1576,2267,1318
TTCTGTG,1264,443,1240
GTCTGTG,1936,803,1655
CTCTGTG,1153,375,1232
ATCTGTG,1331,452,1228
TGCTGTG,2207,9929,1833
GGCTGTG,1916,2204,2039
CGCTGTG,1608,2904,1734
AGCTGTG,1537,3271,1455
TCCTGTG,1370,441,1453
GCCTGTG,2133,1588,2093
CCCTGTG,1599,533,1785
ACCTGTG,1615,578,1465
TACTGTG,1639,1915,1392
GACTGTG,1795,905,1691
CACTGTG,1172,669,1228
AACTGTG,1217,602,1256
TTATGTG,1667,3003,1399
GTATGTG,2367,5314,1646
CTATGTG,1397,2166,1286
ATATGTG,1580,2323,1236
TGATGTG,2001,8685,1643
GGATGTG,1883,3021,1921
CGATGTG,1759,5222,1643
AGATGTG,1513,3324,1426
TCATGTG,1267,1237,1305
GCATGTG,2243,3573,1812
CCATGTG,1486,1090,1503
ACATGTG,1715,1220,1409
TAATGTG,1406,4331,1250
GAATGTG,1658,1689,1561
CAATGTG,1140,2083,1182
AAATGTG,1273,1206,1191
TTTGGTG,1482,518,1520
GTTGGTG,3697,7906,1946
CTTGGTG,1428,553,1476
ATTGGTG,2008,1698,1356
TGTGGTG,2409,10098,1891
GGTGGTG,2138,3455,2143
CGTGGTG,1766,3307,1903
AGTGGTG,1691,4172,1609
TCTGGTG,1233,423,1391
GCTGGTG,2129,1391,2016
CCTGGTG,1524,481,1739
ACTGGTG,1486,579,1403
TATGGTG,1619,4197,1339
GATGGTG,1946,1831,1789
CATGGTG,1351,1477,1315
AATGGTG,1375,1286,1300
TTGGGTG,1538,1185,1709
GTGGGTG,2301,2302,2110
CTGGGTG,1421,975,1720
ATGGGTG,1572,1311,1635
TGGGGTG,1691,2449,1930
GGGGGTG,1864,1863,2171
CGGGGTG,1665,1553,1931
AGGGGTG,1418,1314,1504
TCGGGTG,1430,1010,1658
GCGGGTG,2393,2616,2311
CCGGGTG,1551,1134,1969
ACGGGTG,1682,1328,1766
TAGGGTG,1349,1439,1362
GAGGGTG,1622,1166,1809
CAGGGTG,1235,942,1393
AAGGGTG,1269,785,1342
TTCGGTG,1445,531,1536
GTCGGTG,1953,852,1783
CTCGGTG,1330,455,1450
ATCGGTG,1518,576,1323
TGCGGTG,2206,4690,2118
GGCGGTG,2105,1170,2396
CGCGGTG,1681,1074,1860
AGCGGTG,1449,1025,1598
TCCGGTG,1494,572,1618
GCCGGTG,2239,1253,2321
CCCGGTG,1483,510,1866
ACCGGTG,1745,636,1700
TACGGTG,1824,1028,1562
GACGGTG,2033,896,1825
CACGGTG,1373,609,1424
AACGGTG,1367,592,1390
TTAGGTG,1188,559,1251
GTAGGTG,1367,1059,1369
CTAGGTG,1100,491,1183
ATAGGTG,1158,649,1170
TGAGGTG,1502,2114,1747
GGAGGTG,1541,803,1784
CGAGGTG,1432,1052,1601
AGAGGTG,1276,802,1263
TCAGGTG,994,607,1196
GCAGGTG,1899,1478,1708
CCAGGTG,1271,581,1410
ACAGGTG,1380,722,1226
TAAGGTG,1116,799,1201
GAAGGTG,1353,575,1561
CAAGGTG,1134,483,1191
AAAGGTG,1041,400,1174
TTTCGTG,1306,394,1261
GTTCGTG,1998,889,1772
CTTCGTG,1158,356,1269
ATTCGTG,1416,510,1289
TGTCGTG,1999,7936,1644
GGTCGTG,1762,1346,1776
CGTCGTG,1440,2085,1483
AGTCGTG,1308,1952,1404
TCTCGTG,1182,409,1320
GCTCGTG,1781,876,1743
CCTCGTG,1331,437,1527
ACTCGTG,1389,497,1346
TATCGTG,1597,2828,1246
GATCGTG,1652,990,1634
CATCGTG,1090,1037,1162
AATCGTG,1186,720,1129
TTGCGTG,2010,9453,1975
GTGCGTG,2865,13379,2515
CTGCGTG,1704,7518,1695
ATGCGTG,2055,8989,1776
TGGCGTG,2121,7340,2162
GGGCGTG,2312,6137,2583
CGGCGTG,1746,5985,1862
AGGCGTG,1816,5295,1862
TCGCGTG,1726,6559,1715
GCGCGTG,2779,10152,2415
CCGCGTG,1602,6866,1819
ACGCGTG,1981,6637,1788
TAGCGTG,1613,5541,1533
GAGCGTG,1743,5120,1962
CAGCGTG,1261,3895,1374
AAGCGTG,1516,4383,1416
TTCCGTG,1515,387,1482
GTCCGTG,1920,593,1876
CTCCGTG,1181,314,1364
ATCCGTG,1441,426,1404
TGCCGTG,1985,2266,2163
GGCCGTG,2126,756,2416
CGCCGTG,1572,836,1803
AGCCGTG,1609,660,1756
TCCCGTG,1474,418,1688
GCCCGTG,2202,1131,2332
CCCCGTG,1472,439,1818
ACCCGTG,1666,462,1724
TACCGTG,1869,836,1582
GACCGTG,1918,635,2001
CACCGTG,1191,488,1335
AACCGTG,1333,431,1388
TTACGTG,1375,601,1532
GTACGTG,1859,1040,1867
CTACGTG,1162,552,1321
ATACGTG,1374,729,1248
TGACGTG,1670,2630,1878
GGACGTG,1759,783,1954
CGACGTG,1459,1122,1651
AGACGTG,1432,779,1441
TCACGTG,1182,594,1389
GCACGTG,2290,1802,1791
CCACGTG,1309,613,1463
ACACGTG,1724,871,1385
TAACGTG,1340,1045,1316
GAACGTG,1438,663,1582
CAACGTG,1084,621,1177
AAACGTG,1329,493,1251
TTTAGTG,1373,421,1147
GTTAGTG,2697,5649,1564
CTTAGTG,1262,451,1305
ATTAGTG,1662,1342,1210
TGTAGTG,1524,5586,1207
GGTAGTG,1359,2043,1410
CGTAGTG,1245,2072,1334
AGTAGTG,1194,2695,1134
TCTAGTG,1180,384,1186
GCTAGTG,1840,1315,1608
CCTAGTG,1344,450,1400
ACTAGTG,1447,548,1217
TATAGTG,1408,2609,1117
GATAGTG,1668,1276,1484
CATAGTG,1184,905,1145
AATAGTG,1228,801,1045
TTGAGTG,1548,2575,1652
GTGAGTG,2365,4917,1982
CTGAGTG,1359,2099,1530
ATGAGTG,1652,2551,1565
TGGAGTG,1715,1859,1856
GGGAGTG,1836,1461,1920
CGGAGTG,1544,1583,1830
AGGAGTG,1353,1166,1400
TCGAGTG,1417,1438,1547
GCGAGTG,2161,2714,1974
CCGAGTG,1510,1648,1744
ACGAGTG,1702,1446,1485
TAGAGTG,1401,1480,1369
GAGAGTG,1474,1312,1582
CAGAGTG,1144,1050,1272
AAGAGTG,1221,1054,1265
TTCAGTG,1190,413,1270
GTCAGTG,1539,655,1509
CTCAGTG,1104,366,1169
ATCAGTG,1226,432,1102
TGCAGTG,1724,2550,1659
GGCAGTG,1673,834,1811
CGCAGTG,1546,1092,1696
AGCAGTG,1286,719,1299
TCCAGTG,1175,388,1411
GCCAGTG,1763,1187,1986
CCCAGTG,1316,419,1530
ACCAGTG,1405,508,1402
TACAGTG,1653,816,1263
GACAGTG,1773,721,1610
CACAGTG,1097,521,1176
AACAGTG,1242,486,1139
TTAAGTG,1305,551,1223
GTAAGTG,1749,1103,1525
CTAAGTG,1182,502,1214
ATAAGTG,1329,612,1139
TGAAGTG,1408,906,1507
GGAAGTG,1488,513,1607
CGAAGTG,1398,604,1551
AGAAGTG,1231,457,1317
TCAAGTG,1077,431,1207
GCAAGTG,1938,1507,1512
CCAAGTG,1210,400,1339
ACAAGTG,1561,642,1167
TAAAGTG,1222,466,1242
GAAAGTG,1252,348,1347
CAAAGTG,1038,326,1084
AAAAGTG,1087,309,1063
TTTTCTG,1094,181,1054
GTTTCTG,2086,1361,1580
CTTTCTG,1070,222,1268
ATTTCTG,1319,324,1124
TGTTCTG,1780,2922,1587
GGTTCTG,1729,472,1829
CGTTCTG,1365,437,1467
AGTTCTG,1244,464,1353
TCTTCTG,973,185,1058
GCTTCTG,1612,642,1593
CCTTCTG,1143,255,1382
ACTTCTG,1330,308,1207
TATTCTG,1373,536,1168
GATTCTG,1535,406,1407
CATTCTG,979,265,1131
AATTCTG,1049,232,1082
TTGTCTG,1575,2350,1462
GTGTCTG,2287,2526,1987
CTGTCTG,1228,1309,1457
ATGTCTG,1531,1570,1593
TGGTCTG,1604,841,1830
GGGTCTG,1796,617,1984
CGGTCTG,1445,633,1770
AGGTCTG,1277,520,1530
TCGTCTG,1238,677,1363
GCGTCTG,2095,1991,1938
CCGTCTG,1334,897,1518
ACGTCTG,1483,795,1451
TAGTCTG,1193,620,1333
GAGTCTG,1476,640,1639
CAGTCTG,1060,430,1226
AAGTCTG,1044,506,1272
TTCTCTG,947,222,1082
GTCTCTG,1499,437,1458
CTCTCTG,985,208,1125
ATCTCTG,1031,239,1158
TGCTCTG,1538,582,1526
GGCTCTG,1599,440,1827
CGCTCTG,1335,394,1501
AGCTCTG,1187,341,1420
TCCTCTG,1150,269,1310
GCCTCTG,1783,1377,1855
CCCTCTG,1241,291,1486
ACCTCTG,1280,379,1454
TACTCTG,1612,376,1255
GACTCTG,1613,445,1521
CACTCTG,1000,271,1130
AACTCTG,1066,262,1155
TTATCTG,1104,476,1142
GTATCTG,1302,1187,1148
CTATCTG,998,412,1083
ATATCTG,1192,489,1044
TGATCTG,1297,534,1489
GGATCTG,1425,352,1510
CGATCTG,1192,363,1531
AGATCTG,1126,370,1278
TCATCTG,859,396,1119
GCATCTG,2204,4600,1388
CCATCTG,1071,417,1168
ACATCTG,1226,565,1124
TAATCTG,992,299,1017
GAATCTG,1226,361,1298
CAATCTG,971,288,988
AAATCTG,881,184,1075
TTTGCTG,2511,708,1501
GTTGCTG,4442,4222,2110
CTTGCTG,2443,703,1605
ATTGCTG,2754,1157,1569
TGTGCTG,2911,5209,2103
GGTGCTG,2895,1307,2386
CGTGCTG,2368,1022,1929
AGTGCTG,2159,1306,1734
TCTGCTG,1789,462,1417
GCTGCTG,2781,1255,2049
CCTGCTG,2020,529,1696
ACTGCTG,1908,573,1491
TATGCTG,2347,2003,1555
GATGCTG,2874,3415,1953
CATGCTG,1751,920,1556
AATGCTG,2143,1658,1486
TTGGCTG,1725,664,1837
GTGGCTG,2793,2521,2580
CTGGCTG,1571,528,1848
ATGGCTG,1808,979,1857
TGGGCTG,1985,875,2209
GGGGCTG,2120,806,2481
CGGGCTG,1626,538,2082
AGGGCTG,1595,637,1835
TCGGCTG,1442,540,1671
GCGGCTG,2499,1466,2269
CCGGCTG,1502,488,1875
ACGGCTG,1611,619,1672
TAGGCTG,1568,803,1574
GAGGCTG,1791,1435,1909
CAGGCTG,1324,498,1473
AAGGCTG,1334,691,1509
TTCGCTG,1313,448,1505
GTCGCTG,2081,942,1931
CTCGCTG,1397,447,1526
ATCGCTG,1616,535,1467
TGCGCTG,2283,1739,2217
GGCGCTG,2320,1064,2595
CGCGCTG,1793,804,1950
AGCGCTG,1714,790,1880
TCCGCTG,1466,477,1648
GCCGCTG,2397,1430,2357
CCCGCTG,1605,511,1749
ACCGCTG,1776,650,1703
TACGCTG,2157,913,1594
GACGCTG,2201,1219,1984
CACGCTG,1403,788,1489
AACGCTG,1484,777,1453
TTAGCTG,1312,462,1324
GTAGCTG,1292,780,1355
CTAGCTG,1160,450,1334
ATAGCTG,1395,565,1253
TGAGCTG,1573,561,1681
GGAGCTG,1730,537,2001
CGAGCTG,1423,447,1597
AGAGCTG,1292,419,1391
TCAGCTG,1116,373,1193
GCAGCTG,1902,1382,1670
CCAGCTG,1091,403,1317
ACAGCTG,1298,493,1294
TAAGCTG,1332,401,1351
GAAGCTG,1476,519,1494
CAAGCTG,1157,522,1214
AAAGCTG,1223,479,1184
TTTCCTG,1376,219,1448
GTTCCTG,2026,583,1926
CTTCCTG,1181,222,1434
ATTCCTG,1458,343,1437
TGTCCTG,1984,5092,1948
GGTCCTG,1887,649,2128
CGTCCTG,1367,924,1665
AGTCCTG,1425,699,1515
TCTCCTG,1098,203,1273
GCTCCTG,1700,640,1738
CCTCCTG,1139,253,1485
ACTCCTG,1332,307,1411
TATCCTG,1514,1045,1398
GATCCTG,1610,442,1690
CATCCTG,1005,416,1152
AATCCTG,1164,336,1255
TTGCCTG,1922,9912,2049
GTGCCTG,2724,14842,2685
CTGCCTG,1518,8112,1822
ATGCCTG,1949,9649,1909
TGGCCTG,2114,9069,2489
GGGCCTG,2310,8357,2723
CGGCCTG,1647,7336,2004
AGGCCTG,1755,6581,1954
TCGCCTG,1492,7732,1716
GCGCCTG,2541,12839,2428
CCGCCTG,1456,8392,1845
ACGCCTG,1799,8259,1775
TAGCCTG,1508,7073,1703
GAGCCTG,1759,7233,2078
CAGCCTG,1166,5099,1486
AAGCCTG,1351,5659,1549
TTCCCTG,1491,253,1719
GTCCCTG,2171,562,2046
CTCCCTG,1250,258,1393
ATCCCTG,1428,367,1495
TGCCCTG,2063,958,2285
GGCCCTG,2158,568,2634
CGCCCTG,1618,498,1921
AGCCCTG,1600,422,1857
TCCCCTG,1464,292,1697
GCCCCTG,2110,892,2402
CCCCCTG,1437,300,1755
ACCCCTG,1594,401,1706
TACCCTG,1897,544,1644
GACCCTG,1902,454,2073
CACCCTG,1182,304,1374
AACCCTG,1314,299,1487
TTACCTG,1367,456,1561
GTACCTG,1693,598,1679
CTACCTG,1115,303,1316
ATACCTG,1459,498,1377
TGACCTG,1562,892,1947
GGACCTG,1724,485,2128
CGACCTG,1429,523,1904
AGACCTG,1390,437,1486
TCACCTG,1054,376,1337
GCACCTG,2211,1496,1880
CCACCTG,1155,389,1505
ACACCTG,1528,651,1348
TAACCTG,1284,401,1463
GAACCTG,1508,494,1753
CAACCTG,1026,330,1179
AAACCTG,1205,348,1268
TTTACTG,1426,287,1389
GTTACTG,2665,1271,1892
CTTACTG,1382,329,1382
ATTACTG,1593,515,1294
TGTACTG,1995,4697,1756
GGTACTG,2118,1067,1934
CGTACTG,1771,958,1668
AGTACTG,1570,1073,1490
TCTACTG,1132,263,1295
GCTACTG,1932,1117,1651
CCTACTG,1335,395,1492
ACTACTG,1498,431,1155
TATACTG,1576,982,1352
GATACTG,1948,1157,1640
CATACTG,1258,478,1292
AATACTG,1367,505,1235
TTGACTG,1686,1756,1802
GTGACTG,2607,2858,2283
CTGACTG,1450,1241,1699
ATGACTG,1678,1615,1707
TGGACTG,1779,1431,2027
GGGACTG,1976,1262,2178
CGGACTG,1602,975,2049
AGGACTG,1405,922,1572
TCGACTG,1270,1146,1517
GCGACTG,2215,2757,2062
CCGACTG,1440,1302,1588
ACGACTG,1516,1086,1466
TAGACTG,1489,1063,1449
GAGACTG,1562,1056,1701
CAGACTG,1140,665,1409
AAGACTG,1196,728,1377
TTCACTG,1279,337,1336
GTCACTG,1840,764,1578
CTCACTG,1076,313,1276
ATCACTG,1242,413,1215
TGCACTG,1852,1345,1914
GGCACTG,1869,709,2074
CGCACTG,1707,762,1800
AGCACTG,1412,581,1593
TCCACTG,1261,342,1452
GCCACTG,1998,2087,1985
CCCACTG,1384,404,1672
ACCACTG,1531,507,1434
TACACTG,1861,693,1396
GACACTG,2009,708,1773
CACACTG,1199,422,1225
AACACTG,1325,482,1242
TTAACTG,1298,411,1371
GTAACTG,1642,1037,1565
CTAACTG,1236,418,1356
ATAACTG,1297,524,1279
TGAACTG,1424,532,1677
GGAACTG,1551,454,1834
CGAACTG,1447,443,1624
AGAACTG,1324,355,1336
TCAACTG,1017,400,1231
GCAACTG,2275,3872,1502
CCAACTG,1170,378,1303
ACAACTG,1570,753,1101
TAAACTG,1193,344,1336
GAAACTG,1392,403,1470
CAAACTG,1073,371,1218
AAAACTG,1193,295,1215
TTTTATG,1210,294,1101
GTTTATG,4350,8981,1490
CTTTATG,1299,412,1184
ATTTATG,2368,2241,1226
TGTTATG,2563,9281,1575
GGTTATG,2002,3662,1787
CGTTATG,1665,3941,1523
AGTTATG,1462,4429,1356
TCTTATG,1147,693,1225
GCTTATG,2413,2637,1639
CCTTATG,1378,397,1457
ACTTATG,1661,691,1202
TATTATG,1641,5597,1114
GATTATG,1968,2286,1424
CATTATG,1079,1374,1175
AATTATG,1283,1859,1144
TTGTATG,2437,7781,1503
GTGTATG,3445,10153,2018
CTGTATG,1877,6179,1448
ATGTATG,2219,6765,1575
TGGTATG,1766,4449,1727
GGGTATG,1879,2210,1963
CGGTATG,1671,3190,1712
AGGTATG,1503,2357,1477
TCGTATG,1562,3511,1494
GCGTATG,2637,5431,2082
CCGTATG,1507,3946,1691
ACGTATG,1867,3116,1619
TAGTATG,1444,3507,1261
GAGTATG,1632,2499,1551
CAGTATG,1164,2285,1161
AAGTATG,1316,2619,1280
TTCTATG,1141,320,1121
GTCTATG,1696,1116,1471
CTCTATG,1002,303,1142
ATCTATG,1122,395,1096
TGCTATG,1776,6621,1595
GGCTATG,1542,1166,1716
CGCTATG,1376,1591,1596
AGCTATG,1292,1375,1329
TCCTATG,1148,318,1344
GCCTATG,1875,1031,1940
CCCTATG,1342,386,1590
ACCTATG,1547,485,1466
TACTATG,1657,1019,1254
GACTATG,1649,568,1468
CACTATG,1035,452,1089
AACTATG,1080,357,1073
TTATATG,1217,1364,1170
GTATATG,1928,3419,1251
CTATATG,1095,1001,1077
ATATATG,1252,1161,1061
TGATATG,1529,5091,1447
GGATATG,1547,1299,1600
CGATATG,1452,2462,1500
AGATATG,1296,1286,1153
TCATATG,1071,757,1166
GCATATG,2012,1922,1530
CCATATG,1210,724,1283
ACATATG,1580,835,1274
TAATATG,1151,2895,1117
GAATATG,1353,799,1347
CAATATG,1077,1258,1019
AAATATG,1179,700,1044
TTTGATG,1803,510,1321
GTTGATG,4507,5842,1889
CTTGATG,2098,522,1455
ATTGATG,2688,1542,1382
TGTGATG,2699,8419,1740
GGTGATG,2537,2097,1927
CGTGATG,2106,1651,1738
AGTGATG,2024,3133,1534
TCTGATG,1712,462,1318
GCTGATG,2602,1466,2018
CCTGATG,1948,470,1713
ACTGATG,2071,603,1438
TATGATG,2209,4690,1391
GATGATG,2531,1501,1735
CATGATG,1694,1133,1332
AATGATG,1608,1165,1272
TTGGATG,1333,756,1491
GTGGATG,2422,1431,2048
CTGGATG,1410,556,1560
ATGGATG,1590,822,1536
TGGGATG,1668,868,1718
GGGGATG,1886,821,2071
CGGGATG,1577,586,1727
AGGGATG,1412,723,1621
TCGGATG,1353,547,1560
GCGGATG,2396,1404,2056
CCGGATG,1407,492,1714
ACGGATG,1680,736,1696
TAGGATG,1357,585,1299
GAGGATG,1603,521,1711
CAGGATG,1128,400,1254
AAGGATG,1302,375,1206
TTCGATG,1255,455,1306
GTCGATG,2001,752,1817
CTCGATG,1521,481,1501
ATCGATG,1627,547,1345
TGCGATG,2077,2770,1958
GGCGATG,2080,1018,2226
CGCGATG,1779,885,1756
AGCGATG,1592,835,1590
TCCGATG,1546,465,1541
GCCGATG,2326,1171,2245
CCCGATG,1614,447,1749
ACCGATG,1862,627,1645
TACGATG,2066,825,1368
GACGATG,2061,712,1799
CACGATG,1360,426,1404
AACGATG,1343,449,1303
TTAGATG,1134,438,1103
GTAGATG,1207,625,1156
CTAGATG,1119,376,1107
ATAGATG,1272,531,1113
TGAGATG,1425,698,1448
GGAGATG,1445,468,1585
CGAGATG,1298,522,1413
AGAGATG,1244,431,1180
TCAGATG,1051,300,1148
GCAGATG,1964,897,1471
CCAGATG,1179,390,1388
ACAGATG,1437,507,1149
TAAGATG,1049,354,1101
GAAGATG,1317,382,1329
CAAGATG,1063,291,1161
AAAGATG,1053,286,1015
TTTCATG,1143,274,1173
GTTCATG,1794,687,1594
CTTCATG,1129,303,1183
ATTCATG,1294,402,1132
TGTCATG,1729,6955,1569
GGTCATG,1682,1102,1786
CGTCATG,1322,2306,1391
AGTCATG,1236,1608,1233
TCTCATG,1059,341,1237
GCTCATG,1678,867,1632
CCTCATG,1227,369,1320
ACTCATG,1333,401,1222
TATCATG,1437,2538,1189
GATCATG,1544,825,1461
CATCATG,1030,1107,1079
AATCATG,1154,653,1099
TTGCATG,2002,9627,1670
GTGCATG,2815,13542,2231
CTGCATG,1588,8025,1567
ATGCATG,2028,9121,1638
TGGCATG,1911,8629,2040
GGGCATG,2196,7969,2352
CGGCATG,1601,7307,1682
AGGCATG,1568,6621,1687
TCGCATG,1685,8405,1696
GCGCATG,2651,12793,2285
CCGCATG,1628,8691,1733
ACGCATG,1846,8846,1670
TAGCATG,1511,6556,1450
GAGCATG,1703,6991,1820
CAGCATG,1096,5064,1249
AAGCATG,1351,5711,1306
TTCCATG,1326,277,1493
GTCCATG,1873,592,1810
CTCCATG,1093,276,1287
ATCCATG,1368,369,1316
TGCCATG,1785,2507,2006
GGCCATG,1770,961,2137
CGCCATG,1395,1205,1638
AGCCATG,1407,759,1596
TCCCATG,1379,390,1579
GCCCATG,1926,1065,2142
CCCCATG,1354,361,1617
ACCCATG,1534,392,1547
TACCATG,1866,689,1381
GACCATG,1674,518,1817
CACCATG,1070,352,1218
AACCATG,1173,375,1339
TTACATG,1373,511,1388
GTACATG,1605,833,1493
CTACATG,1090,442,1145
ATACATG,1409,786,1193
TGACATG,1533,2565,1643
GGACATG,1591,712,1688
CGACATG,1318,1186,1396
AGACATG,1281,670,1338
TCACATG,1131,452,1307
GCACATG,2379,1639,1691
CCACATG,1180,497,1281
ACACATG,1726,766,1314
TAACATG,1244,934,1301
GAACATG,1355,470,1517
CAACATG,1073,494,1087
AAACATG,1559,628,1120
TTTAATG,1696,382,1267
GTTAATG,2630,1154,1668
CTTAATG,1620,405,1273
ATTAATG,1703,521,1196
TGTAATG,2008,5059,1517
GGTAATG,2017,1127,1732
CGTAATG,1716,983,1578
AGTAATG,1545,1222,1260
TCTAATG,1386,362,1274
GCTAATG,2198,1003,1603
CCTAATG,1487,413,1421
ACTAATG,1680,506,1242
TATAATG,1607,1022,1224
GATAATG,1834,622,1458
CATAATG,1356,455,1199
AATAATG,1403,456,1184
TTGAATG,1609,1677,1586
GTGAATG,2311,2423,2127
CTGAATG,1503,1211,1583
ATGAATG,1594,1366,1518
TGGAATG,1693,995,1781
GGGAATG,1759,975,1920
CGGAATG,1550,815,1750
AGGAATG,1336,703,1431
TCGAATG,1450,1074,1533
GCGAATG,2388,2030,2030
CCGAATG,1528,1088,1685
ACGAATG,1717,989,1629
TAGAATG,1407,791,1276
GAGAATG,1360,734,1514
CAGAATG,1106,495,1276
AAGAATG,1034,541,1243
TTCAATG,1186,352,1218
GTCAATG,1933,644,1524
CTCAATG,1233,355,1292
ATCAATG,1240,425,1147
TGCAATG,2068,3741,1710
GGCAATG,1857,1463,1914
CGCAATG,1730,1900,1685
AGCAATG,1392,1248,1342
TCCAATG,1238,314,1364
GCCAATG,1853,877,1867
CCCAATG,1445,386,1573
ACCAATG,1583,447,1425
TACAATG,1972,625,1288
GACAATG,2116,662,1520
CACAATG,1226,443,1205
AACAATG,1470,524,1189
TTAAATG,1273,433,1264
GTAAATG,1829,688,1452
CTAAATG,1307,396,1254
ATAAATG,1330,438,1141
TGAAATG,1439,486,1527
GGAAATG,1532,400,1604
CGAAATG,1388,449,1562
AGAAATG,1167,312,1201
TCAAATG,1087,289,1219
GCAAATG,2248,1065,1539
CCAAATG,1186,357,1317
ACAAATG,1744,544,1151
TAAAATG,1168,249,1195
GAAAATG,1264,286,1358
CAAAATG,1063,292,1073
AAAAATG,1101,228,1068
TTTTTGG,1113,300,1110
GTTTTGG,3433,5082,1617
CTTTTGG,1254,317,1187
ATTTTGG,1533,921,1075
TGTTTGG,3406,9956,1543
GGTTTGG,1708,5314,1714
CGTTTGG,1436,5547,1617
AGTTTGG,1292,6096,1309
TCTTTGG,1023,982,1103
GCTTTGG,1766,1461,1574
CCTTTGG,1223,446,1310
ACTTTGG,1237,544,1234
TATTTGG,1874,5954,1123
GATTTGG,1637,2507,1375
CATTTGG,1019,1961,1039
AATTTGG,970,2112,1039
TTGTTGG,3524,9014,1481
GTGTTGG,3890,11097,1928
CTGTTGG,2259,6875,1435
ATGTTGG,2785,7997,1414
TGGTTGG,1591,4443,1741
GGGTTGG,1672,1650,1936
CGGTTGG,1473,2814,1677
AGGTTGG,1300,1900,1361
TCGTTGG,1329,2129,1404
GCGTTGG,2296,3229,2160
CCGTTGG,1532,1917,1671
ACGTTGG,1635,1731,1543
TAGTTGG,1324,3786,1217
GAGTTGG,1458,2174,1522
CAGTTGG,1104,2305,1103
AAGTTGG,1222,2482,1201
TTCTTGG,1079,330,1072
GTCTTGG,1437,518,1488
CTCTTGG,940,260,1106
ATCTTGG,1059,299,1074
TGCTTGG,1733,7858,1588
GGCTTGG,1442,1671,1798
CGCTTGG,1358,2009,1497
AGCTTGG,1152,2072,1305
TCCTTGG,1095,260,1262
GCCTTGG,1684,940,1850
CCCTTGG,1201,294,1517
ACCTTGG,1267,313,1397
TACTTGG,1428,1198,1106
GACTTGG,1371,481,1388
CACTTGG,911,429,1066
AACTTGG,955,368,1066
TTATTGG,1957,4559,1071
GTATTGG,2433,5635,1426
CTATTGG,1573,3538,1061
ATATTGG,1634,3189,1066
TGATTGG,1473,6301,1453
GGATTGG,1347,1675,1548
CGATTGG,1319,3909,1446
AGATTGG,1096,1828,1099
TCATTGG,1024,981,1026
GCATTGG,1866,2806,1548
CCATTGG,1048,743,1306
ACATTGG,1238,802,1110
TAATTGG,1145,3127,1053
GAATTGG,1181,1261,1340
CAATTGG,919,1709,972
AAATTGG,902,882,1058
TTTGTGG,1757,551,1355
GTTGTGG,4183,8820,1891
CTTGTGG,1516,495,1343
ATTGTGG,2215,1740,1394
TGTGTGG,2385,9126,1927
GGTGTGG,2304,2393,2097
CGTGTGG,1764,2096,1733
AGTGTGG,1666,3070,1564
TCTGTGG,1308,388,1345
GCTGTGG,2196,1458,1950
CCTGTGG,1536,417,1599
ACTGTGG,1509,479,1349
TATGTGG,1747,3740,1353
GATGTGG,2065,1524,1726
CATGTGG,1302,798,1335
AATGTGG,1437,1054,1250
TTGGTGG,1481,774,1528
GTGGTGG,2298,1977,2069
CTGGTGG,1313,571,1541
ATGGTGG,1546,745,1470
TGGGTGG,1591,1098,1868
GGGGTGG,1891,823,2113
CGGGTGG,1446,732,1750
AGGGTGG,1332,659,1482
TCGGTGG,1411,599,1551
GCGGTGG,2101,1642,2264
CCGGTGG,1476,622,1827
ACGGTGG,1566,677,1560
TAGGTGG,1298,685,1372
GAGGTGG,1328,578,1657
CAGGTGG,1119,442,1369
AAGGTGG,1047,395,1249
TTCGTGG,1313,385,1405
GTCGTGG,1829,833,1855
CTCGTGG,1119,315,1355
ATCGTGG,1307,384,1325
TGCGTGG,2106,6526,2062
GGCGTGG,2018,2324,2220
CGCGTGG,1679,2389,1719
AGCGTGG,1558,1785,1587
TCCGTGG,1305,395,1627
GCCGTGG,2046,1140,2179
CCCGTGG,1451,414,1699
ACCGTGG,1483,557,1582
TACGTGG,1733,712,1487
GACGTGG,1920,624,1691
CACGTGG,1240,392,1263
AACGTGG,1200,416,1365
TTAGTGG,1171,487,1212
GTAGTGG,1636,1247,1389
CTAGTGG,1049,390,1158
ATAGTGG,1105,580,1092
TGAGTGG,1288,1461,1553
GGAGTGG,1505,655,1672
CGAGTGG,1229,663,1552
AGAGTGG,1140,564,1184
TCAGTGG,962,452,1192
GCAGTGG,1613,1141,1559
CCAGTGG,1127,457,1279
ACAGTGG,1204,535,1151
TAAGTGG,1091,543,1109
GAAGTGG,1214,412,1355
CAAGTGG,907,366,1116
AAAGTGG,908,313,1045
TTTCTGG,1137,203,1141
GTTCTGG,1690,339,1436
CTTCTGG,980,180,1089
ATTCTGG,1166,226,1065
TGTCTGG,1549,4727,1526
GGTCTGG,1549,497,1823
CGTCTGG,1143,523,1346
AGTCTGG,1173,573,1355
TCTCTGG,926,175,1041
GCTCTGG,1479,475,1612
CCTCTGG,1084,215,1282
ACTCTGG,1158,224,1139
TATCTGG,1105,561,1127
GATCTGG,1348,260,1415
CATCTGG,876,265,933
AATCTGG,880,205,1059
TTGCTGG,1632,2803,1689
GTGCTGG,2202,2496,2151
CTGCTGG,1239,1414,1385
ATGCTGG,1624,1913,1525
TGGCTGG,1568,1063,1837
GGGCTGG,1767,772,2112
CGGCTGG,1328,741,1638
AGGCTGG,1391,779,1524
TCGCTGG,1261,807,1452
GCGCTGG,2366,2034,1986
CCGCTGG,1143,951,1452
ACGCTGG,1498,876,1511
TAGCTGG,1177,823,1263
GAGCTGG,1286,585,1620
CAGCTGG,691,328,693
AAGCTGG,1031,570,1163
TTCCTGG,1200,201,1390
GTCCTGG,1837,407,1767
CTCCTGG,1010,170,1266
ATCCTGG,1225,207,1331
TGCCTGG,1654,1544,1960
GGCCTGG,1778,691,2193
CGCCTGG,1232,747,1601
AGCCTGG,1296,553,1610
TCCCTGG,1215,230,1459
GCCCTGG,1828,618,2152
CCCCTGG,1236,239,1631
ACCCTGG,1330,282,1512
TACCTGG,1627,393,1385
GACCTGG,1590,306,1796
CACCTGG,868,219,1036
AACCTGG,1012,198,1253
TTACTGG,1022,348,1219
GTACTGG,1412,547,1585
CTACTGG,955,285,1010
ATACTGG,1145,395,1060
TGACTGG,1356,674,1633
GGACTGG,1385,365,1582
CGACTGG,1194,415,1402
AGACTGG,1062,344,1190
TCACTGG,947,271,1116
GCACTGG,1808,885,1580
CCACTGG,1013,297,1279
ACACTGG,1223,431,1129
TAACTGG,1036,305,1151
GAACTGG,1133,262,1454
CAACTGG,809,208,913
AAACTGG,973,267,1091
TTTATGG,1149,298,1248
GTTATGG,2537,4190,1594
CTTATGG,1207,324,1177
ATTATGG,1485,851,1136
TGTATGG,1987,8211,1578
GGTATGG,1882,2197,1755
CGTATGG,1523,2382,1585
AGTATGG,1335,2680,1252
TCTATGG,1044,280,1153
GCTATGG,1737,1203,1613
CCTATGG,1255,352,1406
ACTATGG,1179,382,1171
TATATGG,1324,1835,1097
GATATGG,1548,811,1389
CATATGG,1035,630,1084
AATATGG,1049,608,1089
TTGATGG,1590,1888,1447
GTGATGG,2338,2844,1916
CTGATGG,1319,1108,1516
ATGATGG,1538,1528,1332
TGGATGG,1534,1256,1677
GGGATGG,1714,694,1886
CGGATGG,1402,624,1673
AGGATGG,1219,560,1321
TCGATGG,1311,945,1403
GCGATGG,2097,1629,1873
CCGATGG,1412,844,1686
ACGATGG,1517,879,1492
TAGATGG,1285,853,1195
GAGATGG,1236,610,1437
CAGATGG,1015,432,1182
AAGATGG,1008,430,1101
TTCATGG,1083,287,1135
GTCATGG,1576,711,1500
CTCATGG,1046,246,1099
ATCATGG,1133,341,1052
TGCATGG,1895,4427,1770
GGCATGG,1644,1450,1850
CGCATGG,1439,2005,1640
AGCATGG,1300,1255,1289
TCCATGG,1067,290,1281
GCCATGG,1706,1177,1738
CCCATGG,1258,336,1490
ACCATGG,1175,329,1319
TACATGG,1553,545,1284
GACATGG,1786,553,1590
CACATGG,1063,338,1122
AACATGG,1077,346,1116
TTAATGG,1086,639,1146
GTAATGG,1474,1075,1562
CTAATGG,1014,503,1139
ATAATGG,1152,511,1040
TGAATGG,1253,1411,1519
GGAATGG,1410,513,1596
CGAATGG,1231,645,1489
AGAATGG,1072,388,1157
TCAATGG,1015,409,1044
GCAATGG,1613,1602,1485
CCAATGG,1065,394,1236
ACAATGG,1329,559,1131
TAAATGG,1092,495,1154
GAAATGG,1160,303,1362
CAAATGG,949,305,1014
AAAATGG,975,222,1032
TTTTGGG,1061,201,1206
GTTTGGG,3055,6168,1618
CTTTGGG,1018,279,1177
ATTTGGG,1498,922,1102
TGTTGGG,2456,9803,1495
GGTTGGG,1687,3631,1733
CGTTGGG,1343,4034,1634
AGTTGGG,1178,4619,1233
TCTTGGG,953,473,1264
GCTTGGG,1730,1137,1703
CCTTGGG,1156,298,1483
ACTTGGG,1102,335,1240
TATTGGG,1476,5234,1168
GATTGGG,1489,1744,1466
CATTGGG,899,1206,1109
AATTGGG,1053,1705,1052
TTGTGGG,1450,2460,1457
GTGTGGG,2217,3460,2063
CTGTGGG,1242,1288,1411
ATGTGGG,1437,1667,1481
TGGTGGG,1459,2319,1720
GGGTGGG,1741,948,1993
CGGTGGG,1487,1075,1894
AGGTGGG,1285,781,1565
TCGTGGG,1241,698,1500
GCGTGGG,2271,2949,2134
CCGTGGG,1416,802,1726
ACGTGGG,1511,689,1517
TAGTGGG,1160,1184,1295
GAGTGGG,1402,765,1651
CAGTGGG,1002,627,1168
AAGTGGG,1172,621,1145
TTCTGGG,993,199,1140
GTCTGGG,1384,345,1521
CTCTGGG,975,161,1132
ATCTGGG,1069,192,1151
TGCTGGG,1546,4730,1710
GGCTGGG,1575,568,1939
CGCTGGG,1230,659,1544
AGCTGGG,1100,645,1398
TCCTGGG,1104,192,1315
GCCTGGG,1660,1453,1870
CCCTGGG,1212,243,1507
ACCTGGG,1325,228,1445
TACTGGG,1389,501,1255
GACTGGG,1343,329,1483
CACTGGG,958,227,1164
AACTGGG,920,206,1078
TTATGGG,1042,543,1170
GTATGGG,1589,1597,1558
CTATGGG,1003,469,1112
ATATGGG,1096,502,1153
TGATGGG,1271,4362,1573
GGATGGG,1405,817,1657
CGATGGG,1186,1643,1539
AGATGGG,1086,826,1175
TCATGGG,979,353,1158
GCATGGG,1731,2990,1641
CCATGGG,1042,389,1350
ACATGGG,1262,419,1254
TAATGGG,984,1276,1142
GAATGGG,1169,493,1433
CAATGGG,882,549,1023
AAATGGG,962,348,1040
TTTGGGG,1123,267,1330
GTTGGGG,2334,2681,1740
CTTGGGG,1097,274,1317
ATTGGGG,1413,581,1222
TGTGGGG,1750,7255,1708
GGTGGGG,1681,1444,1955
CGTGGGG,1325,1384,1726
AGTGGGG,1309,1612,1359
TCTGGGG,1048,225,1272
GCTGGGG,1646,675,1849
CCTGGGG,1188,249,1557
ACTGGGG,1190,260,1307
TATGGGG,1264,1422,1237
GATGGGG,1465,577,1656
CATGGGG,1071,461,1217
AATGGGG,1048,422,1248
TTGGGGG,1210,626,1504
GTGGGGG,1920,1384,2052
CTGGGGG,1144,623,1586
ATGGGGG,1234,622,1410
TGGGGGG,1405,1543,1721
GGGGGGG,1556,1403,1963
CGGGGGG,1463,1317,1725
AGGGGGG,1100,882,1480
TCGGGGG,1253,607,1492
GCGGGGG,1994,1875,2211
CCGGGGG,1410,860,1855
ACGGGGG,1374,773,1513
TAGGGGG,1038,808,1234
GAGGGGG,1254,759,1553
CAGGGGG,970,553,1275
AAGGGGG,1051,465,1177
TTCGGGG,1144,273,1429
GTCGGGG,1497,436,1804
CTCGGGG,1119,213,1366
ATCGGGG,1107,267,1304
TGCGGGG,1752,2268,1936
GGCGGGG,1681,585,2163
CGCGGGG,1476,515,1703
AGCGGGG,1287,492,1473
TCCGGGG,1245,237,1573
GCCGGGG,1913,721,2198
CCCGGGG,1346,265,1724
ACCGGGG,1379,300,1591
TACGGGG,1431,389,1399
GACGGGG,1556,391,1751
CACGGGG,1054,235,1352
AACGGGG,1112,267,1375
TTAGGGG,961,299,1134
GTAGGGG,1315,613,1343
CTAGGGG,871,295,1118
ATAGGGG,838,278,964
TGAGGGG,1157,921,1469
GGAGGGG,1282,413,1660
CGAGGGG,1103,427,1419
AGAGGGG,1001,392,1155
TCAGGGG,872,315,1111
GCAGGGG,1547,985,1481
CCAGGGG,1008,345,1242
ACAGGGG,1004,401,1062
TAAGGGG,931,338,1103
GAAGGGG,1048,318,1329
CAAGGGG,848,224,1031
AAAGGGG,873,244,1016
TTTCGGG,1089,203,1280
GTTCGGG,1696,403,1712
CTTCGGG,981,227,1206
ATTCGGG,1118,277,1198
TGTCGGG,1534,4957,1624
GGTCGGG,1625,522,1857
CGTCGGG,1222,690,1395
AGTCGGG,1210,594,1391
TCTCGGG,1110,210,1264
GCTCGGG,1605,491,1677
CCTCGGG,1159,237,1568
ACTCGGG,1209,271,1340
TATCGGG,1182,758,1214
GATCGGG,1355,349,1544
CATCGGG,932,341,1113
AATCGGG,930,280,1184
TTGCGGG,1601,2051,1803
GTGCGGG,2282,2931,2441
CTGCGGG,1307,1299,1625
ATGCGGG,1619,1952,1659
TGGCGGG,1715,1178,2210
GGGCGGG,1995,990,2414
CGGCGGG,1424,813,1805
AGGCGGG,1491,922,1702
TCGCGGG,1373,914,1769
GCGCGGG,2302,2178,2281
CCGCGGG,1389,997,1732
ACGCGGG,1562,906,1650
TAGCGGG,1302,737,1527
GAGCGGG,1619,651,1886
CAGCGGG,1087,507,1335
AAGCGGG,1355,565,1255
TTCCGGG,1254,185,1549
GTCCGGG,1786,312,2032
CTCCGGG,1064,182,1332
ATCCGGG,1161,210,1408
TGCCGGG,1759,839,2132
GGCCGGG,1737,395,2483
CGCCGGG,1364,312,1656
AGCCGGG,1357,259,1684
TCCCGGG,1263,188,1577
GCCCGGG,1859,539,2163
CCCCGGG,1261,205,1686
ACCCGGG,1406,234,1560
TACCGGG,1533,367,1543
GACCGGG,1706,343,1945
CACCGGG,1003,191,1239
AACCGGG,1114,195,1310
TTACGGG,1162,233,1388
GTACGGG,1497,436,1698
CTACGGG,951,213,1242
ATACGGG,1064,321,1178
TGACGGG,1442,683,1683
GGACGGG,1558,334,2084
CGACGGG,1230,390,1536
AGACGGG,1182,325,1349
TCACGGG,1009,220,1273
GCACGGG,1793,788,1780
CCACGGG,1092,237,1374
ACACGGG,1284,352,1258
TAACGGG,1205,312,1263
GAACGGG,1288,313,1583
CAACGGG,980,215,1041
AAACGGG,990,217,1082
TTTAGGG,1013,177,1071
GTTAGGG,1583,1154,1432
CTTAGGG,1030,198,1164
ATTAGGG,1075,299,1128
TGTAGGG,1182,5409,1273
GGTAGGG,1219,980,1433
CGTAGGG,1135,1170,1345
AGTAGGG,978,1250,1035
TCTAGGG,866,194,1158
GCTAGGG,1356,593,1488
CCTAGGG,1010,210,1319
ACTAGGG,1032,215,1067
TATAGGG,1043,855,1043
GATAGGG,1182,479,1242
CATAGGG,867,307,1057
AATAGGG,845,355,975
TTGAGGG,1224,496,1502
GTGAGGG,1817,923,1932
CTGAGGG,1136,411,1549
ATGAGGG,1242,486,1407
TGGAGGG,1361,793,1674
GGGAGGG,1425,475,1836
CGGAGGG,1256,446,1762
AGGAGGG,1094,357,1305
TCGAGGG,1133,399,1438
GCGAGGG,1838,1040,1977
CCGAGGG,1185,408,1628
ACGAGGG,1301,410,1383
TAGAGGG,1122,450,1201
GAGAGGG,1118,335,1403
CAGAGGG,904,250,1161
AAGAGGG,896,271,1067
TTCAGGG,955,182,1122
GTCAGGG,1274,314,1445
CTCAGGG,874,149,1114
ATCAGGG,929,222,1076
TGCAGGG,1449,1169,1598
GGCAGGG,1380,428,1788
CGCAGGG,1305,416,1559
AGCAGGG,1062,362,1216
TCCAGGG,965,151,1383
GCCAGGG,1525,990,1771
CCCAGGG,1117,220,1480
ACCAGGG,1094,257,1185
TACAGGG,1240,372,1152
GACAGGG,1515,343,1371
CACAGGG,873,200,1115
AACAGGG,954,223,1034
TTAAGGG,997,234,1146
GTAAGGG,1238,427,1348
CTAAGGG,917,195,1063
ATAAGGG,928,234,1051
TGAAGGG,1184,476,1426
GGAAGGG,1248,282,1453
CGAAGGG,1118,326,1462
AGAAGGG,1028,245,1067
TCAAGGG,853,192,1083
GCAAGGG,1496,1098,1387
CCAAGGG,904,209,1283
ACAAGGG,1156,316,1084
TAAAGGG,906,199,1061
GAAAGGG,971,216,1252
CAAAGGG,802,148,1028
AAAAGGG,805,161,964
TTTTCGG,1158,186,1289
GTTTCGG,2148,1257,1734
CTTTCGG,1154,220,1305
ATTTCGG,1344,328,1233
TGTTCGG,1807,3862,1596
GGTTCGG,1723,417,1854
CGTTCGG,1326,436,1653
AGTTCGG,1170,466,1448
TCTTCGG,982,178,1146
GCTTCGG,1687,576,1580
CCTTCGG,1148,214,1427
ACTTCGG,1201,212,1240
TATTCGG,1332,771,1201
GATTCGG,1536,428,1479
CATTCGG,999,259,1176
AATTCGG,1053,292,1175
TTGTCGG,1515,1243,1605
GTGTCGG,2250,1696,2189
CTGTCGG,1320,727,1497
ATGTCGG,1416,874,1507
TGGTCGG,1530,483,1706
GGGTCGG,1686,399,2148
CGGTCGG,1393,357,1742
AGGTCGG,1205,339,1404
TCGTCGG,1182,354,1322
GCGTCGG,1975,1448,1951
CCGTCGG,1342,407,1621
ACGTCGG,1401,455,1432
TAGTCGG,1182,350,1324
GAGTCGG,1342,434,1706
CAGTCGG,1020,253,1095
AAGTCGG,1024,299,1145
TTCTCGG,1022,180,1171
GTCTCGG,1505,402,1505
CTCTCGG,912,193,1119
ATCTCGG,1041,194,1157
TGCTCGG,1501,541,1638
GGCTCGG,1502,416,1805
CGCTCGG,1210,271,1509
AGCTCGG,1172,242,1343
TCCTCGG,1114,182,1356
GCCTCGG,1765,920,1890
CCCTCGG,1134,235,1419
ACCTCGG,1258,258,1344
TACTCGG,1468,334,1242
GACTCGG,1440,303,1523
CACTCGG,854,230,1064
AACTCGG,907,211,1053
TTATCGG,1171,356,1176
GTATCGG,1569,1113,1465
CTATCGG,998,306,1026
ATATCGG,1077,385,1152
TGATCGG,1303,423,1533
GGATCGG,1404,291,1707
CGATCGG,1273,345,1540
AGATCGG,1093,269,1316
TCATCGG,920,258,1096
GCATCGG,1811,1893,1537
CCATCGG,1010,344,1258
ACATCGG,1130,408,1097
TAATCGG,1047,310,1170
GAATCGG,1209,294,1371
CAATCGG,915,250,1010
AAATCGG,1031,192,1037
TTTGCGG,1678,544,1770
GTTGCGG,3209,4696,2379
CTTGCGG,1460,472,1765
ATTGCGG,1891,1149,1669
TGTGCGG,2294,3586,2316
GGTGCGG,2396,1117,2693
CGTGCGG,1793,769,2132
AGTGCGG,1662,855,1858
TCTGCGG,1230,328,1461
GCTGCGG,2080,1092,2121
CCTGCGG,1446,384,1828
ACTGCGG,1450,491,1590
TATGCGG,1875,1532,1632
GATGCGG,2893,5361,1982
CATGCGG,1432,852,1581
AATGCGG,1853,1964,1464
TTGGCGG,1693,633,2013
GTGGCGG,2907,3381,2675
CTGGCGG,1461,445,1837
ATGGCGG,1710,988,1798
TGGGCGG,1917,846,2354
GGGGCGG,2121,687,2577
CGGGCGG,1691,503,2225
AGGGCGG,1663,504,1917
TCGGCGG,1364,432,1760
GCGGCGG,2310,1280,2428
CCGGCGG,1444,408,1993
ACGGCGG,1508,489,1725
TAGGCGG,1401,762,1644
GAGGCGG,2009,1755,2032
CAGGCGG,1333,501,1617
AAGGCGG,1412,819,1562
TTCGCGG,1415,352,1604
GTCGCGG,1981,805,2051
CTCGCGG,1298,331,1414
ATCGCGG,1438,436,1489
TGCGCGG,2142,1378,2255
GGCGCGG,2149,898,2605
CGCGCGG,1758,767,1958
AGCGCGG,1569,627,1849
TCCGCGG,1307,337,1631
GCCGCGG,2064,1005,2234
CCCGCGG,1392,353,1804
ACCGCGG,1537,410,1678
TACGCGG,1826,583,1664
GACGCGG,2094,1023,1978
CACGCGG,1324,731,1441
AACGCGG,1414,560,1485
TTAGCGG,1273,355,1448
GTAGCGG,1599,887,1666
CTAGCGG,1075,365,1282
ATAGCGG,1175,494,1320
TGAGCGG,1490,477,1846
GGAGCGG,1632,468,1996
CGAGCGG,1286,413,1703
AGAGCGG,1295,312,1524
TCAGCGG,1014,309,1213
GCAGCGG,1872,876,1630
CCAGCGG,1056,364,1348
ACAGCGG,1311,386,1187
TAAGCGG,1197,353,1381
GAAGCGG,1370,452,1648
CAAGCGG,1052,415,1210
AAAGCGG,1189,436,1238
TTTCCGG,1302,192,1486
GTTCCGG,1956,427,1880
CTTCCGG,1217,186,1332
ATTCCGG,1384,275,1450
TGTCCGG,1822,1964,1943
GGTCCGG,1898,411,2227
CGTCCGG,1289,397,1746
AGTCCGG,1362,331,1528
TCTCCGG,1035,164,1244
GCTCCGG,1678,460,1795
CCTCCGG,1167,222,1467
ACTCCGG,1209,222,1366
TATCCGG,1355,392,1399
GATCCGG,1590,311,1787
CATCCGG,1044,280,1212
AATCCGG,1036,173,1242
TTGCCGG,1791,1841,2279
GTGCCGG,2661,2783,2812
CTGCCGG,1433,1196,1850
ATGCCGG,1904,1957,1967
TGGCCGG,1898,1074,2348
GGGCCGG,2201,884,2759
CGGCCGG,1608,739,1995
AGGCCGG,1664,864,2035
TCGCCGG,1369,975,1735
GCGCCGG,2441,2444,2434
CCGCCGG,1342,1214,1681
ACGCCGG,1597,941,1682
TAGCCGG,1500,698,1725
GAGCCGG,1715,636,2218
CAGCCGG,975,406,1159
AAGCCGG,1296,488,1541
TTCCCGG,1431,196,1749
GTCCCGG,1946,440,2181
CTCCCGG,1074,168,1319
ATCCCGG,1372,255,1422
TGCCCGG,1930,599,2286
GGCCCGG,2025,442,2556
CGCCCGG,1471,324,1821
AGCCCGG,1436,303,1750
TCCCCGG,1348,218,1751
GCCCCGG,1946,592,2391
CCCCCGG,1373,248,1768
ACCCCGG,1472,279,1601
TACCCGG,1651,339,1691
GACCCGG,1753,337,2057
CACCCGG,1107,223,1343
AACCCGG,1269,229,1541
TTACCGG,1349,277,1596
GTACCGG,1803,590,1932
CTACCGG,1045,274,1403
ATACCGG,1408,402,1439
TGACCGG,1608,374,2105
GGACCGG,1677,374,2131
CGACCGG,1342,293,1647
AGACCGG,1349,304,1558
TCACCGG,1053,239,1332
GCACCGG,1944,933,1868
CCACCGG,1077,237,1375
ACACCGG,1477,410,1335
TAACCGG,1177,243,1462
GAACCGG,1441,381,1814
CAACCGG,1005,245,1230
AAACCGG,1093,282,1318
TTTACGG,1355,257,1437
GTTACGG,2299,1545,1893
CTTACGG,1306,321,1432
ATTACGG,1447,404,1385
TGTACGG,1952,2814,1856
GGTACGG,1913,686,2175
CGTACGG,1621,549,1726
AGTACGG,1504,559,1494
TCTACGG,1091,220,1263
GCTACGG,1808,739,1722
CCTACGG,1224,279,1519
ACTACGG,1267,335,1236
TATACGG,1388,598,1406
GATACGG,1670,1817,1698
CATACGG,1104,384,1249
AATACGG,1254,468,1252
TTGACGG,1675,483,1862
GTGACGG,2624,985,2377
CTGACGG,1452,412,1683
ATGACGG,1659,565,1763
TGGACGG,1825,489,2016
GGGACGG,1897,483,2220
CGGACGG,1670,337,1943
AGGACGG,1440,317,1659
TCGACGG,1231,332,1535
GCGACGG,2122,934,2051
CCGACGG,1361,346,1689
ACGACGG,1473,406,1422
TAGACGG,1489,371,1461
GAGACGG,1523,386,1849
CAGACGG,1127,274,1398
AAGACGG,1108,266,1308
TTCACGG,1182,224,1366
GTCACGG,1668,494,1715
CTCACGG,1147,238,1355
ATCACGG,1254,301,1210
TGCACGG,1785,845,1931
GGCACGG,1810,524,2199
CGCACGG,1568,496,1828
AGCACGG,1351,402,1588
TCCACGG,1206,237,1446
GCCACGG,1901,1074,1945
CCCACGG,1332,283,1612
ACCACGG,1381,314,1419
TACACGG,1708,459,1387
GACACGG,1926,464,1731
CACACGG,1233,306,1308
AACACGG,1224,298,1273
TTAACGG,1268,317,1430
GTAACGG,1735,681,1684
CTAACGG,1210,338,1363
ATAACGG,1334,366,1240
TGAACGG,1582,381,1756
GGAACGG,1621,316,1840
CGAACGG,1402,324,1692
AGAACGG,1217,245,1254
TCAACGG,1001,241,1160
GCAACGG,1977,1450,1694
CCAACGG,1086,256,1262
ACAACGG,1429,487,1157
TAAACGG,1147,293,1292
GAAACGG,1339,358,1530
CAAACGG,1023,275,1156
AAAACGG,1104,253,1207
TTTTAGG,1022,178,1049
GTTTAGG,3022,5159,1484
CTTTAGG,993,204,1149
ATTTAGG,1557,1078,1139
TGTTAGG,1767,7133,1444
GGTTAGG,1503,1053,1619
CGTTAGG,1309,1135,1545
AGTTAGG,1154,1548,1189
TCTTAGG,891,245,1040
GCTTAGG,1605,958,1494
CCTTAGG,1104,244,1325
ACTTAGG,1120,255,1118
TATTAGG,1184,2856,1073
GATTAGG,1352,740,1296
CATTAGG,892,468,981
AATTAGG,994,536,951
TTGTAGG,1152,1847,1191
GTGTAGG,2092,2881,1786
CTGTAGG,1179,1089,1333
ATGTAGG,1387,1434,1302
TGGTAGG,1134,836,1376
GGGTAGG,1362,540,1671
CGGTAGG,1212,608,1455
AGGTAGG,1073,475,1197
TCGTAGG,962,468,1287
GCGTAGG,1853,1255,1814
CCGTAGG,1184,563,1541
ACGTAGG,1287,523,1385
TAGTAGG,1009,606,999
GAGTAGG,1134,445,1363
CAGTAGG,920,380,1054
AAGTAGG,967,443,994
TTCTAGG,972,165,1063
GTCTAGG,1316,421,1343
CTCTAGG,895,174,1069
ATCTAGG,945,179,1089
TGCTAGG,1379,1940,1507
GGCTAGG,1438,459,1729
CGCTAGG,1193,516,1422
AGCTAGG,1072,399,1182
TCCTAGG,1014,199,1208
GCCTAGG,1542,510,1706
CCCTAGG,1149,225,1421
ACCTAGG,1128,190,1201
TACTAGG,1216,351,1061
GACTAGG,1285,288,1373
CACTAGG,888,193,950
AACTAGG,830,182,986
TTATAGG,907,364,1082
GTATAGG,1432,1264,1355
CTATAGG,812,311,970
ATATAGG,965,383,980
TGATAGG,1161,1648,1361
GGATAGG,1158,424,1441
CGATAGG,1065,770,1432
AGATAGG,991,390,1091
TCATAGG,796,295,998
GCATAGG,1487,812,1380
CCATAGG,958,271,1176
ACATAGG,1170,362,1017
TAATAGG,848,788,976
GAATAGG,1098,309,1120
CAATAGG,887,415,898
AAATAGG,958,312,948
TTTGAGG,1244,269,1488
GTTGAGG,2019,1082,1856
CTTGAGG,1196,241,1387
ATTGAGG,1332,396,1338
TGTGAGG,1915,4283,1734
GGTGAGG,1772,660,1990
CGTGAGG,1453,590,1723
AGTGAGG,1317,735,1454
TCTGAGG,1085,199,1401
GCTGAGG,1687,619,1796
CCTGAGG,1273,228,1602
ACTGAGG,1324,295,1379
TATGAGG,1335,1193,1292
GATGAGG,1589,431,1708
CATGAGG,1016,361,1217
AATGAGG,1056,357,1208
TTGGAGG,1261,344,1551
GTGGAGG,1767,557,2073
CTGGAGG,1165,283,1519
ATGGAGG,1337,369,1418
TGGGAGG,1437,428,1708
GGGGAGG,1476,392,1935
CGGGAGG,1289,317,1763
AGGGAGG,1187,302,1354
TCGGAGG,1254,337,1563
GCGGAGG,2036,865,2079
CCGGAGG,1328,293,1620
ACGGAGG,1431,344,1495
TAGGAGG,1084,313,1263
GAGGAGG,1228,294,1558
CAGGAGG,961,205,1242
AAGGAGG,950,204,1185
TTCGAGG,1254,262,1376
GTCGAGG,1638,382,1665
CTCGAGG,1215,209,1486
ATCGAGG,1125,239,1272
TGCGAGG,1726,1022,1890
GGCGAGG,1642,528,1926
CGCGAGG,1337,435,1662
AGCGAGG,1246,403,1458
TCCGAGG,1195,233,1574
GCCGAGG,1811,621,2120
CCCGAGG,1284,251,1623
ACCGAGG,1409,335,1513
TACGAGG,1543,425,1348
GACGAGG,1603,345,1688
CACGAGG,997,230,1266
AACGAGG,1114,263,1223
TTAGAGG,979,261,1234
GTAGAGG,1060,354,1212
CTAGAGG,891,233,1072
ATAGAGG,912,255,1014
TGAGAGG,1127,387,1494
GGAGAGG,1177,256,1526
CGAGAGG,1045,261,1422
AGAGAGG,954,209,1176
TCAGAGG,902,215,1063
GCAGAGG,1459,604,1507
CCAGAGG,893,251,1227
ACAGAGG,1124,300,1123
TAAGAGG,887,210,1056
GAAGAGG,1057,204,1260
CAAGAGG,816,178,949
AAAGAGG,824,155,1003
TTTCAGG,1076,144,1193
GTTCAGG,1515,377,1560
CTTCAGG,904,196,1089
ATTCAGG,1072,216,1112
TGTCAGG,1478,3097,1525
GGTCAGG,1400,413,1674
CGTCAGG,1093,610,1285
AGTCAGG,1045,441,1182
TCTCAGG,890,179,1207
GCTCAGG,1322,436,1509
CCTCAGG,1023,199,1308
ACTCAGG,1082,219,1153
TATCAGG,1118,562,1082
GATCAGG,1270,275,1375
CATCAGG,856,271,1027
AATCAGG,936,230,1054
TTGCAGG,1504,2222,1672
GTGCAGG,2125,3229,2191
CTGCAGG,1193,1396,1516
ATGCAGG,1578,2060,1562
TGGCAGG,1526,1055,1924
GGGCAGG,1619,883,2140
CGGCAGG,1310,713,1537
AGGCAGG,1330,756,1484
TCGCAGG,1325,1172,1595
GCGCAGG,2141,2421,2266
CCGCAGG,1214,1161,1603
ACGCAGG,1607,1083,1563
TAGCAGG,1170,781,1280
GAGCAGG,1341,635,1697
CAGCAGG,885,452,1114
AAGCAGG,1092,504,1247
TTCCAGG,1144,169,1347
GTCCAGG,1585,288,1796
CTCCAGG,952,166,1190
ATCCAGG,1095,174,1234
TGCCAGG,1565,603,1866
GGCCAGG,1630,339,2120
CGCCAGG,1225,377,1529
AGCCAGG,1209,270,1410
TCCCAGG,1122,211,1421
GCCCAGG,1778,494,1939
CCCCAGG,1158,186,1480
ACCCAGG,1286,190,1439
TACCAGG,1422,353,1303
GACCAGG,1478,259,1641
CACCAGG,974,203,1124
AACCAGG,1068,145,1203
TTACAGG,1029,197,1287
GTACAGG,1387,424,1518
CTACAGG,863,216,1128
ATACAGG,1233,432,1103
TGACAGG,1218,520,1589
GGACAGG,1304,305,1628
CGACAGG,1095,336,1375
AGACAGG,1054,289,1151
TCACAGG,940,240,1153
GCACAGG,1615,789,1607
CCACAGG,1021,219,1216
ACACAGG,1407,405,1142
TAACAGG,1001,234,1176
GAACAGG,1150,230,1393
CAACAGG,932,207,952
AAACAGG,1338,384,1050
TTTAAGG,1092,188,1174
GTTAAGG,1641,538,1588
CTTAAGG,1093,171,1275
ATTAAGG,1196,264,1079
TGTAAGG,1511,2266,1458
GGTAAGG,1488,473,1605
CGTAAGG,1346,414,1558
AGTAAGG,1105,473,1177
TCTAAGG,964,193,1187
GCTAAGG,1511,563,1556
CCTAAGG,1065,246,1440
ACTAAGG,1205,243,1109
TATAAGG,1069,381,1073
GATAAGG,1262,293,1404
CATAAGG,921,198,1121
AATAAGG,1029,246,1039
TTGAAGG,1367,391,1475
GTGAAGG,1849,588,1887
CTGAAGG,1129,252,1458
ATGAAGG,1236,328,1413
TGGAAGG,1360,317,1634
GGGAAGG,1423,346,1719
CGGAAGG,1325,276,1541
AGGAAGG,1061,247,1245
TCGAAGG,1192,320,1569
GCGAAGG,1814,743,1838
CCGAAGG,1234,297,1553
ACGAAGG,1264,324,1321
TAGAAGG,1121,305,1211
GAGAAGG,1124,247,1391
CAGAAGG,909,191,1187
AAGAAGG,909,193,1176
TTCAAGG,983,172,1186
GTCAAGG,1296,302,1395
CTCAAGG,945,161,1219
ATCAAGG,985,173,1028
TGCAAGG,1507,886,1610
GGCAAGG,1471,476,1760
CGCAAGG,1347,508,1561
AGCAAGG,1135,369,1268
TCCAAGG,1047,194,1321
GCCAAGG,1535,477,1645
CCCAAGG,1052,204,1385
ACCAAGG,1161,211,1381
TACAAGG,1501,346,1159
GACAAGG,1625,325,1535
CACAAGG,987,218,1143
AACAAGG,1088,232,1032
TTAAAGG,939,177,1233
GTAAAGG,1315,311,1397
CTAAAGG,995,186,1079
ATAAAGG,1020,181,1023
TGAAAGG,1220,239,1431
GGAAAGG,1224,193,1458
CGAAAGG,1110,248,1317
AGAAAGG,933,152,1073
TCAAAGG,859,174,1085
GCAAAGG,1601,580,1468
CCAAAGG,969,180,1209
ACAAAGG,1293,254,1093
TAAAAGG,893,188,1076
GAAAAGG,1080,148,1289
CAAAAGG,837,178,1072
AAAAAGG,865,118,978
TTTTTCG,1082,309,1040
GTTTTCG,3651,5843,1718
CTTTTCG,1244,348,1297
ATTTTCG,1650,913,1220
TGTTTCG,2040,7661,1493
GGTTTCG,1772,1892,1721
CGTTTCG,1401,2160,1487
AGTTTCG,1336,2668,1297
TCTTTCG,1067,423,1143
GCTTTCG,2017,1699,1704
CCTTTCG,1297,453,1397
ACTTTCG,1361,448,1308
TATTTCG,1607,3103,1206
GATTTCG,1781,1110,1522
CATTTCG,1074,761,1163
AATTTCG,1112,779,1119
TTGTTCG,1550,1869,1498
GTGTTCG,2718,2995,2108
CTGTTCG,1371,1035,1480
ATGTTCG,1627,1417,1461
TGGTTCG,1699,1902,1702
GGGTTCG,1759,987,1977
CGGTTCG,1528,1358,1702
AGGTTCG,1352,964,1423
TCGTTCG,1350,704,1541
GCGTTCG,2366,2165,2131
CCGTTCG,1484,772,1698
ACGTTCG,1630,749,1570
TAGTTCG,1287,1149,1255
GAGTTCG,1355,769,1570
CAGTTCG,1077,788,1207
AAGTTCG,1150,548,1213
TTCTTCG,1020,244,1050
GTCTTCG,1602,524,1426
CTCTTCG,939,274,1104
ATCTTCG,1095,243,1138
TGCTTCG,1631,3094,1583
GGCTTCG,1555,729,1701
CGCTTCG,1351,760,1569
AGCTTCG,1241,638,1322
TCCTTCG,1150,323,1283
GCCTTCG,1768,1259,1817
CCCTTCG,1336,386,1535
ACCTTCG,1364,370,1361
TACTTCG,1530,593,1232
GACTTCG,1483,414,1462
CACTTCG,988,309,1027
AACTTCG,1001,250,1105
TTATTCG,1154,633,1147
GTATTCG,1811,2020,1354
CTATTCG,1066,571,1078
ATATTCG,1143,573,1150
TGATTCG,1247,2257,1458
GGATTCG,1478,622,1574
CGATTCG,1382,1356,1450
AGATTCG,1156,712,1231
TCATTCG,947,458,1123
GCATTCG,2216,5289,1583
CCATTCG,1128,528,1240
ACATTCG,1411,569,1167
TAATTCG,1080,822,1124
GAATTCG,1124,547,1305
CAATTCG,939,576,1006
AAATTCG,1016,353,1063
TTTGTCG,1867,555,1430
GTTGTCG,4533,8748,1851
CTTGTCG,1788,553,1436
ATTGTCG,2347,1626,1427
TGTGTCG,2441,8143,1892
GGTGTCG,2482,2298,2257
CGTGTCG,1915,1871,1850
AGTGTCG,1703,2543,1705
TCTGTCG,1372,409,1358
GCTGTCG,2253,1559,1922
CCTGTCG,1484,497,1610
ACTGTCG,1612,571,1436
TATGTCG,1752,2596,1454
GATGTCG,2195,1492,1832
CATGTCG,1435,1026,1380
AATGTCG,1490,976,1340
TTGGTCG,1560,700,1638
GTGGTCG,2433,1660,2265
CTGGTCG,1388,667,1667
ATGGTCG,1576,931,1541
TGGGTCG,1646,1249,1879
GGGGTCG,1794,983,2093
CGGGTCG,1531,1050,1862
AGGGTCG,1364,1007,1656
TCGGTCG,1403,633,1477
GCGGTCG,2220,1620,2217
CCGGTCG,1511,628,1849
ACGGTCG,1583,829,1671
TAGGTCG,1348,719,1472
GAGGTCG,1513,690,1725
CAGGTCG,1192,570,1428
AAGGTCG,1237,493,1331
TTCGTCG,1328,472,1343
GTCGTCG,1844,873,1665
CTCGTCG,1174,424,1352
ATCGTCG,1209,488,1299
TGCGTCG,2113,3628,1851
GGCGTCG,1901,1756,2122
CGCGTCG,1652,1601,1788
AGCGTCG,1480,1420,1532
TCCGTCG,1304,551,1472
GCCGTCG,2019,1422,1982
CCCGTCG,1361,536,1668
ACCGTCG,1541,726,1532
TACGTCG,1801,986,1364
GACGTCG,1914,826,1709
CACGTCG,1126,559,1335
AACGTCG,1117,570,1242
TTAGTCG,1185,456,1167
GTAGTCG,1441,931,1422
CTAGTCG,1125,442,1196
ATAGTCG,1144,569,1174
TGAGTCG,1450,1016,1521
GGAGTCG,1474,659,1719
CGAGTCG,1213,712,1502
AGAGTCG,1187,601,1283
TCAGTCG,973,492,1205
GCAGTCG,1689,1216,1567
CCAGTCG,1087,552,1299
ACAGTCG,1332,673,1200
TAAGTCG,1093,468,1203
GAAGTCG,1222,445,1485
CAAGTCG,1019,326,1107
AAAGTCG,1040,368,1148
TTTCTCG,1121,217,1088
GTTCTCG,1829,449,1468
CTTCTCG,1006,228,1078
ATTCTCG,1240,310,1251
TGTCTCG,1360,3049,1379
GGTCTCG,1516,479,1655
CGTCTCG,1110,474,1296
AGTCTCG,1098,558,1177
TCTCTCG,995,234,1045
GCTCTCG,1578,672,1543
CCTCTCG,1135,258,1331
ACTCTCG,1205,293,1235
TATCTCG,1305,531,1111
GATCTCG,1431,328,1379
CATCTCG,937,296,952
AATCTCG,941,201,1049
TTGCTCG,1465,977,1550
GTGCTCG,2287,1781,2147
CTGCTCG,1335,796,1516
ATGCTCG,1637,1316,1546
TGGCTCG,1694,1127,1968
GGGCTCG,1890,1003,2107
CGGCTCG,1400,746,1690
AGGCTCG,1381,850,1724
TCGCTCG,1302,913,1444
GCGCTCG,2370,2448,2103
CCGCTCG,1348,1079,1618
ACGCTCG,1672,1101,1595
TAGCTCG,1275,743,1421
GAGCTCG,1362,710,1620
CAGCTCG,974,536,1239
AAGCTCG,1130,537,1320
TTCCTCG,1271,267,1344
GTCCTCG,1837,469,1680
CTCCTCG,1025,211,1217
ATCCTCG,1222,319,1270
TGCCTCG,1834,1727,1879
GGCCTCG,1843,1143,2147
CGCCTCG,1347,1364,1561
AGCCTCG,1318,934,1544
TCCCTCG,1270,314,1559
GCCCTCG,1865,819,2073
CCCCTCG,1283,313,1507
ACCCTCG,1372,428,1496
TACCTCG,1575,546,1339
GACCTCG,1696,432,1735
CACCTCG,964,310,1214
AACCTCG,1114,277,1140
TTACTCG,1055,325,1277
GTACTCG,1496,635,1552
CTACTCG,1054,338,1110
ATACTCG,1251,477,1208
TGACTCG,1416,655,1482
GGACTCG,1388,527,1751
CGACTCG,1233,538,1435
AGACTCG,1154,422,1262
TCACTCG,1015,461,1158
GCACTCG,1913,1455,1674
CCACTCG,1029,448,1193
ACACTCG,1443,652,1196
TAACTCG,1092,391,1172
GAACTCG,1210,344,1390
CAACTCG,910,254,995
AAACTCG,1089,285,1036
TTTATCG,1446,395,1207
GTTATCG,2693,4645,1625
CTTATCG,1324,418,1331
ATTATCG,1726,952,1172
TGTATCG,1685,5902,1315
GGTATCG,1693,1636,1543
CGTATCG,1452,1854,1409
AGTATCG,1412,2148,1271
TCTATCG,1128,348,1161
GCTATCG,1897,1349,1758
CCTATCG,1276,450,1368
ACTATCG,1368,541,1234
TATATCG,1391,1520,1258
GATATCG,1773,1050,1403
CATATCG,1190,870,1195
AATATCG,1258,650,1154
TTGATCG,1544,635,1623
GTGATCG,2524,1826,2061
CTGATCG,1363,596,1593
ATGATCG,1552,797,1544
TGGATCG,1668,691,1885
GGGATCG,1703,631,1897
CGGATCG,1600,499,1762
AGGATCG,1291,401,1500
TCGATCG,1347,569,1527
GCGATCG,2247,1412,2076
CCGATCG,1377,565,1749
ACGATCG,1563,646,1560
TAGATCG,1391,531,1347
GAGATCG,1432,441,1625
CAGATCG,1034,343,1229
AAGATCG,1092,322,1177
TTCATCG,1100,374,1280
GTCATCG,1737,964,1559
CTCATCG,1031,322,1145
ATCATCG,1205,412,1143
TGCATCG,2255,5921,1672
GGCATCG,1782,2747,1805
CGCATCG,1711,3953,1658
AGCATCG,1511,2633,1278
TCCATCG,1116,380,1312
GCCATCG,1851,1484,1803
CCCATCG,1230,454,1440
ACCATCG,1399,563,1360
TACATCG,1699,756,1211
GACATCG,1939,718,1522
CACATCG,1103,585,1121
AACATCG,1167,566,1111
TTAATCG,1161,445,1214
GTAATCG,1856,1262,1490
CTAATCG,1020,388,1174
ATAATCG,1215,508,1088
TGAATCG,1380,706,1573
GGAATCG,1380,484,1586
CGAATCG,1257,531,1488
AGAATCG,1173,414,1195
TCAATCG,997,402,1125
GCAATCG,2015,2288,1547
CCAATCG,1061,455,1307
ACAATCG,1428,716,1181
TAAATCG,1153,403,1176
GAAATCG,1200,327,1384
CAAATCG,1009,305,1100
AAAATCG,1001,256,1038
TTTTGCG,1994,782,1729
GTTTGCG,5509,12717,2303
CTTTGCG,1835,734,1744
ATTTGCG,2958,2955,1693
TGTTGCG,3545,13005,2238
GGTTGCG,3070,4157,2439
CGTTGCG,2350,4170,2237
AGTTGCG,2447,5216,1814
TCTTGCG,1659,753,1635
GCTTGCG,2771,2715,2267
CCTTGCG,1868,722,2008
ACTTGCG,2010,887,1665
TATTGCG,2329,5468,1692
GATTGCG,2650,2505,2037
CATTGCG,1678,1405,1589
AATTGCG,1944,1894,1511
TTGTGCG,2565,2849,2179
GTGTGCG,3689,5340,2869
CTGTGCG,2051,1827,2087
ATGTGCG,2623,2583,1961
TGGTGCG,2584,3473,2371
GGGTGCG,2911,1993,2857
CGGTGCG,2453,2127,2413
AGGTGCG,2234,1764,2013
TCGTGCG,2033,1291,2053
GCGTGCG,3298,4069,2651
CCGTGCG,2200,1349,2175
ACGTGCG,2325,1488,2049
TAGTGCG,2011,1966,1788
GAGTGCG,2418,1713,2184
CAGTGCG,1701,1270,1698
AAGTGCG,1835,1326,1647
TTCTGCG,1573,577,1453
GTCTGCG,2191,924,1964
CTCTGCG,1387,440,1434
ATCTGCG,1516,664,1328
TGCTGCG,2274,4135,2150
GGCTGCG,2291,1150,2370
CGCTGCG,1937,1026,1948
AGCTGCG,1779,1008,1681
TCCTGCG,1703,558,1724
GCCTGCG,2516,1842,2283
CCCTGCG,1839,666,1927
ACCTGCG,1825,761,1593
TACTGCG,1931,939,1507
GACTGCG,2048,807,1793
CACTGCG,1418,566,1370
AACTGCG,1477,612,1339
TTATGCG,1905,1289,1618
GTATGCG,2724,4294,2005
CTATGCG,1693,1082,1581
ATATGCG,1970,1357,1473
TGATGCG,2581,5801,2171
GGATGCG,3035,3660,2237
CGATGCG,2291,3092,1946
AGATGCG,2508,3129,1619
TCATGCG,1518,893,1528
GCATGCG,2851,4182,2177
CCATGCG,1724,1019,1720
ACATGCG,2114,1440,1541
TAATGCG,1978,2156,1540
GAATGCG,2327,2224,1933
CAATGCG,1563,1348,1417
AAATGCG,2042,1717,1355
TTTGGCG,1794,749,1867
GTTGGCG,3544,4924,2496
CTTGGCG,1771,598,1879
ATTGGCG,2075,1263,1751
TGTGGCG,2885,8740,2343
GGTGGCG,2815,2424,2777
CGTGGCG,2198,2118,2422
AGTGGCG,2114,2579,2020
TCTGGCG,1581,566,1796
GCTGGCG,2414,1375,2382
CCTGGCG,1812,605,2088
ACTGGCG,1804,705,1721
TATGGCG,2038,2048,1733
GATGGCG,2198,1528,2071
CATGGCG,1590,1007,1750
AATGGCG,1713,1178,1570
TTGGGCG,2087,1006,2118
GTGGGCG,2812,1733,2677
CTGGGCG,1778,841,2085
ATGGGCG,1982,1182,2010
TGGGGCG,2275,1396,2431
GGGGGCG,2430,1364,2606
CGGGGCG,1954,1063,2420
AGGGGCG,1825,1071,1973
TCGGGCG,1875,846,2052
GCGGGCG,2879,2065,2769
CCGGGCG,2023,897,2246
ACGGGCG,1957,963,1996
TAGGGCG,1780,918,1763
GAGGGCG,1929,925,2230
CAGGGCG,1487,662,1685
AAGGGCG,1487,727,1661
TTCGGCG,1592,650,1713
GTCGGCG,2090,914,2116
CTCGGCG,1404,527,1637
ATCGGCG,1577,621,1503
TGCGGCG,2391,2173,2394
GGCGGCG,2340,1152,2482
CGCGGCG,2026,972,2060
AGCGGCG,1748,987,1874
TCCGGCG,1593,576,1892
GCCGGCG,2380,1270,2449
CCCGGCG,1700,626,2136
ACCGGCG,1781,708,1819
TACGGCG,1861,904,1738
GACGGCG,2100,878,2006
CACGGCG,1465,588,1572
AACGGCG,1488,600,1496
TTAGGCG,1539,683,1593
GTAGGCG,1916,1215,1814
CTAGGCG,1350,568,1442
ATAGGCG,1405,779,1429
TGAGGCG,1945,1425,2077
GGAGGCG,2167,1576,2141
CGAGGCG,1828,1051,1928
AGAGGCG,1745,1537,1498
TCAGGCG,1339,582,1465
GCAGGCG,2368,1670,2118
CCAGGCG,1476,655,1744
ACAGGCG,1570,996,1485
TAAGGCG,1466,752,1530
GAAGGCG,1657,930,1757
CAAGGCG,1371,529,1312
AAAGGCG,1432,737,1326
TTTCGCG,1743,583,1635
GTTCGCG,2389,912,2106
CTTCGCG,1394,553,1485
ATTCGCG,1700,749,1544
TGTCGCG,2286,5414,2035
GGTCGCG,2344,1146,2168
CGTCGCG,1675,1152,1760
AGTCGCG,1732,1291,1630
TCTCGCG,1483,580,1535
GCTCGCG,2211,1340,2043
CCTCGCG,1520,664,1672
ACTCGCG,1675,686,1480
TATCGCG,1812,1424,1538
GATCGCG,2035,857,1846
CATCGCG,1399,759,1398
AATCGCG,1454,683,1372
TTGCGCG,2561,6820,2334
GTGCGCG,3422,9594,2890
CTGCGCG,2054,4529,1994
ATGCGCG,2418,6122,2135
TGGCGCG,2547,3409,2364
GGGCGCG,2953,2943,2782
CGGCGCG,2101,2651,2151
AGGCGCG,2265,2607,2092
TCGCGCG,2061,3336,2014
GCGCGCG,3277,6111,2657
CCGCGCG,2001,3281,1966
ACGCGCG,2234,3128,1941
TAGCGCG,1987,2577,1885
GAGCGCG,2332,2171,2327
CAGCGCG,1573,1684,1565
AAGCGCG,1757,2031,1681
TTCCGCG,1756,680,1714
GTCCGCG,2346,871,2221
CTCCGCG,1402,439,1371
ATCCGCG,1587,640,1579
TGCCGCG,2404,1476,2532
GGCCGCG,2482,1081,2548
CGCCGCG,1777,900,1929
AGCCGCG,1658,811,1892
TCCCGCG,1742,651,1832
GCCCGCG,2579,1453,2512
CCCCGCG,1800,585,1919
ACCCGCG,1778,718,1795
TACCGCG,2227,860,1813
GACCGCG,2156,841,2123
CACCGCG,1393,557,1509
AACCGCG,1511,631,1513
TTACGCG,1796,895,1665
GTACGCG,2312,1293,2244
CTACGCG,1379,651,1452
ATACGCG,1669,912,1533
TGACGCG,2300,1716,2154
GGACGCG,2188,1215,2244
CGACGCG,1742,1048,1834
AGACGCG,1762,1032,1690
TCACGCG,1553,891,1532
GCACGCG,2568,2298,2079
CCACGCG,1598,981,1581
ACACGCG,1884,1110,1522
TAACGCG,1621,898,1560
GAACGCG,1883,869,1891
CAACGCG,1357,589,1344
AAACGCG,1615,749,1428
TTTAGCG,1494,576,1494
GTTAGCG,2653,2872,1997
CTTAGCG,1484,524,1493
ATTAGCG,1787,894,1321
TGTAGCG,1597,5764,1540
GGTAGCG,1712,1509,1793
CGTAGCG,1600,1471,1729
AGTAGCG,1488,1774,1449
TCTAGCG,1346,521,1390
GCTAGCG,2042,1355,1941
CCTAGCG,1519,592,1675
ACTAGCG,1519,601,1444
TATAGCG,1578,1602,1473
GATAGCG,1860,1049,1579
CATAGCG,1399,815,1309
AATAGCG,1402,716,1257
TTGAGCG,2010,992,1974
GTGAGCG,2710,2106,2491
CTGAGCG,1682,759,1926
ATGAGCG,1936,1117,1787
TGGAGCG,1950,998,2168
GGGAGCG,2224,908,2347
CGGAGCG,1912,758,2194
AGGAGCG,1634,701,1700
TCGAGCG,1571,739,1921
GCGAGCG,2506,1550,2358
CCGAGCG,1711,698,2025
ACGAGCG,1796,807,1672
TAGAGCG,1693,740,1613
GAGAGCG,1724,733,1933
CAGAGCG,1325,503,1509
AAGAGCG,1392,522,1398
TTCAGCG,1275,521,1379
GTCAGCG,1698,747,1744
CTCAGCG,1168,403,1325
ATCAGCG,1345,534,1348
TGCAGCG,1873,1687,1884
GGCAGCG,1900,841,1917
CGCAGCG,1792,993,1882
AGCAGCG,1386,813,1463
TCCAGCG,1290,473,1412
GCCAGCG,1940,1153,1993
CCCAGCG,1414,452,1415
ACCAGCG,1542,546,1455
TACAGCG,1682,739,1413
GACAGCG,1974,691,1728
CACAGCG,1246,498,1324
AACAGCG,1291,588,1221
TTAAGCG,1469,620,1484
GTAAGCG,1959,1172,1807
CTAAGCG,1314,489,1409
ATAAGCG,1457,623,1314
TGAAGCG,1664,871,1840
GGAAGCG,1808,676,1924
CGAAGCG,1613,662,1787
AGAAGCG,1413,574,1366
TCAAGCG,1221,487,1381
GCAAGCG,2064,1478,1761
CCAAGCG,1300,543,1424
ACAAGCG,1602,803,1307
TAAAGCG,1355,620,1338
GAAAGCG,1525,553,1669
CAAAGCG,1176,448,1281
AAAAGCG,1355,561,1180
TTTTCCG,1517,258,1523
GTTTCCG,2747,1458,1958
CTTTCCG,1352,275,1582
ATTTCCG,1715,400,1570
TGTTCCG,2292,3743,1924
GGTTCCG,2286,581,2260
CGTTCCG,1812,495,1900
AGTTCCG,1724,530,1710
TCTTCCG,1246,224,1418
GCTTCCG,2234,745,2034
CCTTCCG,1499,290,1698
ACTTCCG,1544,284,1460
TATTCCG,1760,711,1512
GATTCCG,1900,544,1890
CATTCCG,1256,288,1414
AATTCCG,1323,338,1364
TTGTCCG,1944,1357,1937
GTGTCCG,2805,2173,2688
CTGTCCG,1694,771,1954
ATGTCCG,1969,1174,1943
TGGTCCG,2156,711,2275
GGGTCCG,2176,616,2594
CGGTCCG,1798,485,2185
AGGTCCG,1726,492,1884
TCGTCCG,1523,557,1730
GCGTCCG,2641,1938,2417
CCGTCCG,1602,625,1968
ACGTCCG,1821,673,1734
TAGTCCG,1662,551,1617
GAGTCCG,1829,512,2031
CAGTCCG,1282,407,1590
AAGTCCG,1435,403,1522
TTCTCCG,1154,205,1199
GTCTCCG,1727,460,1681
CTCTCCG,1066,203,1251
ATCTCCG,1303,235,1349
TGCTCCG,1854,646,1942
GGCTCCG,1840,446,2241
CGCTCCG,1634,428,1717
AGCTCCG,1295,342,1566
TCCTCCG,1334,264,1429
GCCTCCG,2160,1557,2134
CCCTCCG,1471,310,1671
ACCTCCG,1496,318,1520
TACTCCG,1839,448,1440
GACTCCG,1819,459,1744
CACTCCG,1150,275,1304
AACTCCG,1175,268,1317
TTATCCG,1345,430,1485
GTATCCG,1729,1447,1683
CTATCCG,1276,372,1347
ATATCCG,1514,498,1450
TGATCCG,1564,534,1852
GGATCCG,1735,378,2007
CGATCCG,1624,393,1742
AGATCCG,1373,320,1545
TCATCCG,1145,393,1230
GCATCCG,2829,6792,1876
CCATCCG,1227,411,1521
ACATCCG,1609,509,1371
TAATCCG,1280,315,1306
GAATCCG,1426,412,1634
CAATCCG,1159,344,1204
AAATCCG,1166,229,1339
TTTGCCG,1976,1342,2074
GTTGCCG,3996,5057,2915
CTTGCCG,1859,881,1978
ATTGCCG,2423,1874,2118
TGTGCCG,3096,4529,2804
GGTGCCG,2903,1861,3047
CGTGCCG,2195,1431,2474
AGTGCCG,2126,1798,2236
TCTGCCG,1576,747,1814
GCTGCCG,2602,1693,2694
CCTGCCG,1743,664,2162
ACTGCCG,1979,802,1961
TATGCCG,2396,2230,2034
GATGCCG,3219,4669,2409
CATGCCG,1756,1181,1902
AATGCCG,2185,2415,1868
TTGGCCG,2246,942,2484
GTGGCCG,3456,3388,3282
CTGGCCG,1857,740,2416
ATGGCCG,2116,1282,2409
TGGGCCG,2501,1268,2869
GGGGCCG,2682,979,3076
CGGGCCG,2142,799,2647
AGGGCCG,1970,743,2402
TCGGCCG,1737,706,2099
GCGGCCG,2897,1859,2854
CCGGCCG,1904,613,2265
ACGGCCG,1911,745,2045
TAGGCCG,2004,1173,2026
GAGGCCG,2256,1956,2508
CAGGCCG,1582,705,1811
AAGGCCG,1641,938,1871
TTCGCCG,1591,871,1773
GTCGCCG,2232,1316,2213
CTCGCCG,1492,703,1655
ATCGCCG,1712,913,1655
TGCGCCG,2496,1997,2472
GGCGCCG,2438,1457,2814
CGCGCCG,2037,1251,2250
AGCGCCG,1751,1094,2045
TCCGCCG,1532,856,1792
GCCGCCG,2356,1911,2597
CCCGCCG,1681,804,1988
ACCGCCG,1700,871,1781
TACGCCG,2160,1131,1757
GACGCCG,2531,1492,2162
CACGCCG,1528,1004,1606
AACGCCG,1538,927,1592
TTAGCCG,1557,709,1720
GTAGCCG,1634,927,1731
CTAGCCG,1419,517,1590
ATAGCCG,1530,695,1602
TGAGCCG,1953,750,2257
GGAGCCG,2042,707,2407
CGAGCCG,1737,650,1995
AGAGCCG,1602,598,1816
TCAGCCG,1292,462,1506
GCAGCCG,2209,1346,1988
CCAGCCG,1206,485,1645
ACAGCCG,1554,550,1551
TAAGCCG,1484,564,1638
GAAGCCG,1650,619,2001
CAAGCCG,1289,631,1625
AAAGCCG,1454,677,1479
TTTCCCG,1650,259,1758
GTTCCCG,2548,553,2320
CTTCCCG,1412,233,1669
ATTCCCG,1760,370,1695
TGTCCCG,2428,5610,2292
GGTCCCG,2345,676,2576
CGTCCCG,1743,947,2034
AGTCCCG,1790,797,1870
TCTCCCG,1256,253,1323
GCTCCCG,2125,682,2063
CCTCCCG,1454,298,1742
ACTCCCG,1564,323,1553
TATCCCG,1814,923,1698
GATCCCG,2030,440,2179
CATCCCG,1293,416,1425
AATCCCG,1382,352,1568
TTGCCCG,2166,5474,2649
GTGCCCG,3214,9027,3271
CTGCCCG,1781,3675,2076
ATGCCCG,2296,5591,2276
TGGCCCG,2506,3306,2973
GGGCCCG,2674,2854,3134
CGGCCCG,1986,2402,2456
AGGCCCG,2108,2519,2345
TCGCCCG,1807,4063,2059
GCGCCCG,2928,7320,2728
CCGCCCG,1596,4281,2000
ACGCCCG,1991,3679,1998
TAGCCCG,1709,2801,2043
GAGCCCG,2070,2415,2653
CAGCCCG,1354,1664,1627
AAGCCCG,1577,2029,1859
TTCCCCG,1770,280,1856
GTCCCCG,2412,579,2293
CTCCCCG,1351,249,1620
ATCCCCG,1788,302,1698
TGCCCCG,2413,778,2694
GGCCCCG,2398,603,3046
CGCCCCG,1737,526,2146
AGCCCCG,1795,398,2100
TCCCCCG,1639,315,1981
GCCCCCG,2486,890,2546
CCCCCCG,1621,360,2013
ACCCCCG,1819,418,1973
TACCCCG,2123,506,1890
GACCCCG,2169,462,2245
CACCCCG,1377,334,1534
AACCCCG,1485,314,1703
TTACCCG,1707,351,1943
GTACCCG,2162,632,2179
CTACCCG,1418,346,1632
ATACCCG,1632,449,1727
TGACCCG,1996,745,2492
GGACCCG,2134,520,2461
CGACCCG,1659,482,2120
AGACCCG,1667,470,1825
TCACCCG,1348,368,1477
GCACCCG,2493,1360,2146
CCACCCG,1423,340,1631
ACACCCG,1862,537,1637
TAACCCG,1589,397,1684
GAACCCG,1804,402,2064
CAACCCG,1319,265,1294
AAACCCG,1490,315,1537
TTTACCG,1793,342,1857
GTTACCG,2995,1470,2357
CTTACCG,1687,371,1846
ATTACCG,2022,524,1697
TGTACCG,2558,4795,2174
GGTACCG,2575,1027,2558
CGTACCG,2070,935,2245
AGTACCG,1912,1034,1836
TCTACCG,1476,300,1570
GCTACCG,2345,1098,2074
CCTACCG,1455,367,1891
ACTACCG,1652,528,1586
TATACCG,1822,1016,1717
GATACCG,2305,1073,2018
CATACCG,1528,571,1672
AATACCG,1655,562,1521
TTGACCG,2177,991,2352
GTGACCG,3117,1784,3015
CTGACCG,1873,712,2131
ATGACCG,2107,971,2159
TGGACCG,2273,1086,2576
GGGACCG,2429,914,2870
CGGACCG,2070,712,2543
AGGACCG,1834,608,2077
TCGACCG,1526,656,1895
GCGACCG,2629,2026,2442
CCGACCG,1637,719,1943
ACGACCG,1760,697,1885
TAGACCG,1843,801,1860
GAGACCG,1956,720,2181
CAGACCG,1438,466,1651
AAGACCG,1524,488,1680
TTCACCG,1467,290,1519
GTCACCG,2170,775,2047
CTCACCG,1317,311,1516
ATCACCG,1531,397,1490
TGCACCG,2343,1239,2291
GGCACCG,2203,722,2506
CGCACCG,1977,721,2140
AGCACCG,1729,553,1707
TCCACCG,1434,363,1701
GCCACCG,2224,1730,2163
CCCACCG,1556,361,1783
ACCACCG,1707,516,1723
TACACCG,2041,738,1698
GACACCG,2329,727,1934
CACACCG,1427,417,1508
AACACCG,1560,453,1480
TTAACCG,1562,373,1749
GTAACCG,2181,884,1982
CTAACCG,1478,435,1610
ATAACCG,1681,496,1583
TGAACCG,1840,541,2151
GGAACCG,1896,437,2264
CGAACCG,1822,412,2094
AGAACCG,1501,370,1643
TCAACCG,1228,318,1518
GCAACCG,2583,3234,1903
CCAACCG,1387,364,1579
ACAACCG,1832,633,1479
TAAACCG,1567,376,1670
GAAACCG,1667,414,1937
CAAACCG,1356,335,1507
AAAACCG,1418,293,1513
TTTTACG,1560,319,1506
GTTTACG,5943,13341,2025
CTTTACG,1573,483,1506
ATTTACG,3220,3739,1396
TGTTACG,2456,6794,1868
GGTTACG,2352,1295,2154
CGTTACG,2069,1196,1910
AGTTACG,1758,1350,1574
TCTTACG,1402,326,1473
GCTTACG,3341,3977,1973
CCTTACG,1580,388,1761
ACTTACG,1769,619,1497
TATTACG,1739,1557,1487
GATTACG,2538,1965,1732
CATTACG,1403,558,1326
AATTACG,1652,854,1288
TTGTACG,2013,1877,1839
GTGTACG,4386,7636,2438
CTGTACG,1756,1243,1814
ATGTACG,2411,2112,1824
TGGTACG,2210,1325,2106
GGGTACG,2191,951,2502
CGGTACG,1962,933,2105
AGGTACG,1729,790,1784
TCGTACG,1763,820,1830
GCGTACG,3000,2395,2591
CCGTACG,1845,876,1997
ACGTACG,2187,874,1936
TAGTACG,1708,903,1509
GAGTACG,1829,777,1976
CAGTACG,1376,621,1382
AAGTACG,1549,586,1507
TTCTACG,1246,279,1349
GTCTACG,1920,1468,1729
CTCTACG,1177,305,1348
ATCTACG,1266,359,1208
TGCTACG,1935,1269,1825
GGCTACG,1872,661,2067
CGCTACG,1752,636,1719
AGCTACG,1402,583,1477
TCCTACG,1323,336,1502
GCCTACG,2102,959,2015
CCCTACG,1521,384,1760
ACCTACG,1599,433,1661
TACTACG,1725,602,1357
GACTACG,1798,482,1647
CACTACG,1197,357,1249
AACTACG,1233,310,1209
TTATACG,1420,536,1409
GTATACG,2949,5819,1543
CTATACG,1340,518,1323
ATATACG,1646,822,1311
TGATACG,1814,1580,1673
GGATACG,2016,936,1932
CGATACG,1758,1028,1819
AGATACG,1639,736,1465
TCATACG,1273,464,1290
GCATACG,2576,1827,1823
CCATACG,1409,516,1521
ACATACG,1908,649,1350
TAATACG,1341,616,1329
GAATACG,1666,686,1630
CAATACG,1355,481,1254
AAATACG,1573,425,1271
TTTGACG,1633,441,1705
GTTGACG,5704,9362,2438
CTTGACG,1640,411,1875
ATTGACG,3088,2230,1765
TGTGACG,2658,3046,2205
GGTGACG,2650,1063,2540
CGTGACG,2073,846,2157
AGTGACG,1935,1034,1838
TCTGACG,1570,375,1668
GCTGACG,2669,1490,2330
CCTGACG,1747,402,1979
ACTGACG,1831,509,1706
TATGACG,2034,943,1692
GATGACG,2336,1060,2098
CATGACG,1611,530,1586
AATGACG,1640,621,1639
TTGGACG,1951,511,1973
GTGGACG,2776,1444,2560
CTGGACG,1615,411,1970
ATGGACG,1789,632,1874
TGGGACG,2080,676,2216
GGGGACG,2219,645,2436
CGGGACG,1808,507,2054
AGGGACG,1558,528,1755
TCGGACG,1677,456,1915
GCGGACG,2803,1211,2616
CCGGACG,1695,434,2074
ACGGACG,1824,538,1922
TAGGACG,1639,514,1628
GAGGACG,1686,446,2087
CAGGACG,1350,357,1600
AAGGACG,1422,298,1503
TTCGACG,1459,417,1472
GTCGACG,1884,599,1826
CTCGACG,1402,342,1529
ATCGACG,1426,430,1445
TGCGACG,2181,1173,1984
GGCGACG,2060,783,2219
CGCGACG,1683,726,1922
AGCGACG,1573,586,1640
TCCGACG,1465,396,1732
GCCGACG,2231,917,2226
CCCGACG,1540,378,1824
ACCGACG,1664,469,1724
TACGACG,1897,618,1512
GACGACG,1960,522,1739
CACGACG,1377,383,1417
AACGACG,1299,357,1428
TTAGACG,1396,380,1404
GTAGACG,1449,552,1480
CTAGACG,1261,319,1371
ATAGACG,1265,398,1283
TGAGACG,1510,494,1841
GGAGACG,1686,457,1943
CGAGACG,1488,432,1812
AGAGACG,1257,327,1432
TCAGACG,1214,297,1386
GCAGACG,2013,820,1793
CCAGACG,1312,297,1522
ACAGACG,1466,429,1379
TAAGACG,1265,325,1381
GAAGACG,1377,353,1604
CAAGACG,1146,267,1273
AAAGACG,1119,271,1194
TTTCACG,1384,276,1458
GTTCACG,2095,651,1907
CTTCACG,1298,311,1369
ATTCACG,1484,417,1410
TGTCACG,2075,7704,1741
GGTCACG,1989,954,2056
CGTCACG,1566,2498,1636
AGTCACG,1495,1551,1550
TCTCACG,1334,321,1251
GCTCACG,1997,910,1913
CCTCACG,1413,339,1462
ACTCACG,1528,431,1434
TATCACG,1678,2020,1409
GATCACG,1751,767,1641
CATCACG,1116,1079,1169
AATCACG,1354,618,1244
TTGCACG,2062,6021,2107
GTGCACG,2987,8688,2707
CTGCACG,1696,4175,1792
ATGCACG,2244,5266,1987
TGGCACG,2193,2809,2382
GGGCACG,2357,2050,2684
CGGCACG,1798,1950,2015
AGGCACG,1891,1697,1905
TCGCACG,1828,3397,1983
GCGCACG,3120,5550,2626
CCGCACG,1768,3372,2045
ACGCACG,2091,2932,1942
TAGCACG,1603,2239,1719
GAGCACG,1956,1669,2109
CAGCACG,1303,1230,1374
AAGCACG,1595,1612,1516
TTCCACG,1500,322,1602
GTCCACG,2044,577,1985
CTCCACG,1257,291,1337
ATCCACG,1463,357,1467
TGCCACG,2197,2309,2240
GGCCACG,2174,1073,2366
CGCCACG,1723,1463,1800
AGCCACG,1702,980,1740
TCCCACG,1555,378,1606
GCCCACG,2176,903,2246
CCCCACG,1554,362,1688
ACCCACG,1701,431,1663
TACCACG,1915,684,1591
GACCACG,1870,465,1887
CACCACG,1261,354,1315
AACCACG,1338,343,1437
TTACACG,1578,463,1562
GTACACG,2088,976,1726
CTACACG,1314,410,1353
ATACACG,1748,811,1448
TGACACG,1734,2253,1948
GGACACG,1956,641,2004
CGACACG,1593,999,1689
AGACACG,1573,672,1515
TCACACG,1313,403,1477
GCACACG,2216,1460,1999
CCACACG,1407,399,1544
ACACACG,1846,758,1387
TAACACG,1415,762,1350
GAACACG,1638,533,1681
CAACACG,1315,489,1191
AAACACG,1721,629,1353
TTTAACG,1549,403,1540
GTTAACG,2336,1130,2041
CTTAACG,1594,367,1519
ATTAACG,1732,520,1382
TGTAACG,2193,2683,1767
GGTAACG,2180,917,2149
CGTAACG,2011,871,1893
AGTAACG,1662,799,1594
TCTAACG,1407,344,1399
GCTAACG,2177,1083,1990
CCTAACG,1616,445,1691
ACTAACG,1741,631,1495
TATAACG,1705,671,1423
GATAACG,1914,651,1698
CATAACG,1550,493,1453
AATAACG,1614,539,1286
TTGAACG,1858,632,1942
GTGAACG,2522,1091,2440
CTGAACG,1582,493,1862
ATGAACG,1834,640,1716
TGGAACG,1859,633,2069
GGGAACG,2047,588,2201
CGGAACG,1780,533,2086
AGGAACG,1527,415,1645
TCGAACG,1524,526,1812
GCGAACG,2525,1243,2323
CCGAACG,1639,510,1969
ACGAACG,1841,577,1749
TAGAACG,1650,474,1593
GAGAACG,1563,414,1797
CAGAACG,1274,302,1440
AAGAACG,1272,317,1410
TTCAACG,1306,336,1394
GTCAACG,2215,938,1673
CTCAACG,1200,300,1284
ATCAACG,1371,418,1256
TGCAACG,2296,3708,1924
GGCAACG,2090,1687,2159
CGCAACG,1871,2317,1936
AGCAACG,1643,1407,1445
TCCAACG,1315,348,1450
GCCAACG,1939,870,2024
CCCAACG,1421,407,1722
ACCAACG,1650,554,1461
TACAACG,1918,654,1441
GACAACG,2302,744,1672
CACAACG,1388,554,1283
AACAACG,1627,624,1329
TTAAACG,1394,348,1418
GTAAACG,2568,1306,1734
CTAAACG,1479,454,1388
ATAAACG,1589,605,1277
TGAAACG,1653,414,1806
GGAAACG,1628,400,1925
CGAAACG,1577,413,1706
AGAAACG,1263,353,1342
TCAAACG,1182,363,1397
GCAAACG,2256,1256,1730
CCAAACG,1309,415,1560
ACAAACG,2008,732,1449
TAAAACG,1323,301,1465
GAAAACG,1604,370,1501
CAAAACG,1306,374,1232
AAAAACG,1228,312,1235
TTTTTAG,999,212,902
GTTTTAG,2094,1436,1379
CTTTTAG,1052,243,1060
ATTTTAG,1339,375,1051
TGTTTAG,3119,8213,1321
GGTTTAG,1600,2987,1563
CGTTTAG,1348,3417,1352
AGTTTAG,1273,3845,1270
TCTTTAG,926,689,1074
GCTTTAG,1621,903,1458
CCTTTAG,1055,350,1224
ACTTTAG,1222,409,1163
TATTTAG,1884,4811,1015
GATTTAG,1544,1700,1249
CATTTAG,942,1166,942
AATTTAG,1057,1460,981
TTGTTAG,2499,7506,1302
GTGTTAG,2871,8910,1729
CTGTTAG,1675,5654,1236
ATGTTAG,2063,6475,1293
TGGTTAG,1461,2554,1457
GGGTTAG,1477,1139,1749
CGGTTAG,1431,1715,1520
AGGTTAG,1266,1215,1347
TCGTTAG,1250,1610,1303
GCGTTAG,2228,2493,1811
CCGTTAG,1316,1589,1513
ACGTTAG,1431,1274,1292
TAGTTAG,1232,2305,1055
GAGTTAG,1284,1468,1356
CAGTTAG,943,1418,1014
AAGTTAG,1101,1746,1083
TTCTTAG,988,276,1020
GTCTTAG,1491,539,1296
CTCTTAG,924,241,1026
ATCTTAG,1039,302,1024
TGCTTAG,1695,5944,1440
GGCTTAG,1437,1099,1617
CGCTTAG,1194,1175,1395
AGCTTAG,1074,1222,1158
TCCTTAG,1032,239,1244
GCCTTAG,1663,785,1676
CCCTTAG,1204,293,1407
ACCTTAG,1223,265,1276
TACTTAG,1585,823,1042
GACTTAG,1398,409,1285
CACTTAG,921,288,1004
AACTTAG,914,242,952
TTATTAG,1370,3742,1017
GTATTAG,1794,4211,1310
CTATTAG,1087,2693,907
ATATTAG,1242,2546,981
TGATTAG,1327,3980,1216
GGATTAG,1186,963,1396
CGATTAG,1168,2027,1338
AGATTAG,949,935,1039
TCATTAG,882,679,988
GCATTAG,1794,2386,1341
CCATTAG,1039,590,1151
ACATTAG,1286,587,974
TAATTAG,935,2103,925
GAATTAG,1032,775,1173
CAATTAG,874,992,922
AAATTAG,844,567,890
TTTGTAG,1625,547,1198
GTTGTAG,3004,3596,1671
CTTGTAG,1602,475,1266
ATTGTAG,1713,796,1199
TGTGTAG,2310,7971,1507
GGTGTAG,2154,2260,1857
CGTGTAG,1621,2039,1603
AGTGTAG,1559,2472,1409
TCTGTAG,1150,385,1160
GCTGTAG,2041,1034,1619
CCTGTAG,1417,451,1418
ACTGTAG,1504,505,1212
TATGTAG,1646,2605,1249
GATGTAG,1894,1175,1623
CATGTAG,1338,748,1148
AATGTAG,1414,854,1083
TTGGTAG,1320,900,1385
GTGGTAG,2022,1356,1867
CTGGTAG,1292,605,1299
ATGGTAG,1347,779,1287
TGGGTAG,1552,1014,1579
GGGGTAG,1633,678,1714
CGGGTAG,1364,708,1515
AGGGTAG,1213,590,1281
TCGGTAG,1170,533,1448
GCGGTAG,2122,1260,1917
CCGGTAG,1302,526,1592
ACGGTAG,1430,620,1404
TAGGTAG,1183,596,1144
GAGGTAG,1304,508,1441
CAGGTAG,1078,382,1071
AAGGTAG,1062,390,1149
TTCGTAG,1364,362,1247
GTCGTAG,1771,792,1642
CTCGTAG,1239,328,1270
ATCGTAG,1352,403,1242
TGCGTAG,1897,4606,1790
GGCGTAG,1773,909,2012
CGCGTAG,1596,841,1750
AGCGTAG,1411,870,1405
TCCGTAG,1244,360,1397
GCCGTAG,1948,959,1903
CCCGTAG,1366,346,1590
ACCGTAG,1457,474,1471
TACGTAG,1730,607,1381
GACGTAG,1968,568,1729
CACGTAG,1116,362,1335
AACGTAG,1215,374,1232
TTAGTAG,1017,482,1020
GTAGTAG,1412,1021,1243
CTAGTAG,995,381,1027
ATAGTAG,1041,505,1004
TGAGTAG,1188,865,1290
GGAGTAG,1288,479,1465
CGAGTAG,1256,500,1373
AGAGTAG,1046,372,1020
TCAGTAG,924,325,971
GCAGTAG,1546,900,1409
CCAGTAG,977,343,1174
ACAGTAG,1119,453,974
TAAGTAG,996,403,1004
GAAGTAG,1124,328,1308
CAAGTAG,875,302,951
AAAGTAG,913,295,979
TTTCTAG,1009,174,1035
GTTCTAG,1647,363,1312
CTTCTAG,907,168,986
ATTCTAG,1073,228,1034
TGTCTAG,1422,3916,1355
GGTCTAG,1460,353,1470
CGTCTAG,1103,482,1240
AGTCTAG,1055,526,1150
TCTCTAG,881,164,992
GCTCTAG,1389,446,1354
CCTCTAG,945,189,1135
ACTCTAG,1117,257,1061
TATCTAG,1125,495,950
GATCTAG,1210,288,1299
CATCTAG,838,264,865
AATCTAG,853,239,920
TTGCTAG,1486,3448,1402
GTGCTAG,2104,3665,1879
CTGCTAG,1175,2197,1303
ATGCTAG,1547,2435,1401
TGGCTAG,1509,1510,1700
GGGCTAG,1570,1202,1849
CGGCTAG,1179,1232,1396
AGGCTAG,1250,1075,1425
TCGCTAG,1176,1423,1337
GCGCTAG,2180,3079,1951
CCGCTAG,1282,1807,1445
ACGCTAG,1513,1510,1423
TAGCTAG,1153,1181,1160
GAGCTAG,1227,1036,1475
CAGCTAG,909,890,1033
AAGCTAG,981,893,1159
TTCCTAG,1155,196,1235
GTCCTAG,1678,365,1603
CTCCTAG,939,159,1128
ATCCTAG,1157,234,1134
TGCCTAG,1568,833,1795
GGCCTAG,1644,424,1901
CGCCTAG,1152,448,1509
AGCCTAG,1158,364,1402
TCCCTAG,1199,232,1315
GCCCTAG,1646,584,1870
CCCCTAG,1178,219,1378
ACCCTAG,1344,259,1267
TACCTAG,1528,346,1217
GACCTAG,1470,316,1570
CACCTAG,955,218,1049
AACCTAG,1000,194,1166
TTACTAG,971,295,1105
GTACTAG,1377,532,1393
CTACTAG,877,284,957
ATACTAG,1023,389,989
TGACTAG,1200,433,1397
GGACTAG,1187,337,1534
CGACTAG,1119,372,1409
AGACTAG,1011,318,1051
TCACTAG,845,245,1056
GCACTAG,1660,793,1404
CCACTAG,848,275,1039
ACACTAG,1193,401,1020
TAACTAG,932,291,1006
GAACTAG,1021,277,1285
CAACTAG,816,235,884
AAACTAG,930,232,954
TTTATAG,1129,254,1025
GTTATAG,1999,1113,1331
CTTATAG,1112,239,1119
ATTATAG,1294,415,1051
TGTATAG,1747,5977,1320
GGTATAG,1611,1553,1454
CGTATAG,1312,1650,1377
AGTATAG,1190,1992,1094
TCTATAG,978,238,998
GCTATAG,1546,747,1359
CCTATAG,1023,323,1185
ACTATAG,1330,322,1075
TATATAG,1228,1244,1036
GATATAG,1361,707,1241
CATATAG,957,564,951
AATATAG,995,510,964
TTGATAG,1368,1952,1381
GTGATAG,2109,2261,1641
CTGATAG,1206,1199,1314
ATGATAG,1365,1355,1376
TGGATAG,1479,872,1544
GGGATAG,1489,586,1577
CGGATAG,1285,608,1471
AGGATAG,1076,422,1133
TCGATAG,1207,882,1377
GCGATAG,1964,1669,1770
CCGATAG,1313,765,1477
ACGATAG,1477,815,1385
TAGATAG,1161,600,1094
GAGATAG,1205,483,1285
CAGATAG,948,388,1062
AAGATAG,1007,360,1041
TTCATAG,1138,242,1035
GTCATAG,1569,573,1360
CTCATAG,916,238,1041
ATCATAG,1122,292,1009
TGCATAG,1593,1896,1499
GGCATAG,1577,686,1584
CGCATAG,1331,839,1467
AGCATAG,1109,615,1197
TCCATAG,1091,259,1322
GCCATAG,1610,1016,1596
CCCATAG,1112,274,1361
ACCATAG,1247,336,1228
TACATAG,1672,453,1121
GACATAG,1787,475,1353
CACATAG,1006,299,1035
AACATAG,1093,339,1054
TTAATAG,1081,1038,1061
GTAATAG,1445,1127,1251
CTAATAG,991,735,1040
ATAATAG,1016,608,1001
TGAATAG,1230,612,1348
GGAATAG,1259,370,1382
CGAATAG,1235,431,1357
AGAATAG,1004,291,989
TCAATAG,902,482,963
GCAATAG,1663,1406,1323
CCAATAG,994,403,1157
ACAATAG,1367,623,1027
TAAATAG,1048,357,1031
GAAATAG,1105,320,1206
CAAATAG,854,348,928
AAAATAG,909,278,909
TTTTGAG,1160,260,1273
GTTTGAG,2222,1691,1691
CTTTGAG,1202,284,1298
ATTTGAG,1315,449,1180
TGTTGAG,2011,7557,1585
GGTTGAG,1844,1070,1820
CGTTGAG,1464,1067,1675
AGTTGAG,1289,1549,1441
TCTTGAG,1144,261,1183
GCTTGAG,1813,685,1728
CCTTGAG,1419,276,1516
ACTTGAG,1406,304,1354
TATTGAG,1471,2051,1276
GATTGAG,1635,604,1500
CATTGAG,1091,366,1135
AATTGAG,1105,489,1126
TTGTGAG,1768,5332,1481
GTGTGAG,2268,4876,2018
CTGTGAG,1405,2802,1546
ATGTGAG,1743,3293,1464
TGGTGAG,1572,1242,1771
GGGTGAG,1803,787,2063
CGGTGAG,1610,865,1800
AGGTGAG,1382,693,1516
TCGTGAG,1282,659,1514
GCGTGAG,2276,2013,2102
CCGTGAG,1534,724,1779
ACGTGAG,1607,716,1534
TAGTGAG,1183,1132,1266
GAGTGAG,1578,923,1726
CAGTGAG,1173,676,1293
AAGTGAG,1230,845,1272
TTCTGAG,1176,243,1118
GTCTGAG,1616,348,1588
CTCTGAG,931,192,1210
ATCTGAG,1090,257,1091
TGCTGAG,1668,1224,1752
GGCTGAG,1675,412,1960
CGCTGAG,1390,370,1606
AGCTGAG,1247,324,1403
TCCTGAG,1155,218,1290
GCCTGAG,1738,648,1938
CCCTGAG,1325,264,1616
ACCTGAG,1360,217,1453
TACTGAG,1520,334,1283
GACTGAG,1615,354,1488
CACTGAG,987,218,1156
AACTGAG,1016,213,1101
TTATGAG,1265,1678,1165
GTATGAG,1707,1858,1585
CTATGAG,1102,1017,1180
ATATGAG,1205,1135,1190
TGATGAG,1388,1377,1642
GGATGAG,1528,587,1643
CGATGAG,1404,847,1533
AGATGAG,1196,538,1239
TCATGAG,1041,464,1198
GCATGAG,1760,1225,1718
CCATGAG,1147,493,1287
ACATGAG,1387,472,1150
TAATGAG,1114,567,1160
GAATGAG,1295,490,1377
CAATGAG,1052,428,1098
AAATGAG,1118,379,1051
TTTGGAG,1203,270,1364
GTTGGAG,1851,707,1828
CTTGGAG,1242,249,1377
ATTGGAG,1308,328,1285
TGTGGAG,1761,2569,1669
GGTGGAG,1750,632,1930
CGTGGAG,1449,504,1695
AGTGGAG,1289,614,1369
TCTGGAG,1103,210,1238
GCTGGAG,1713,536,1803
CCTGGAG,1224,249,1633
ACTGGAG,1339,255,1398
TATGGAG,1348,495,1266
GATGGAG,1530,472,1556
CATGGAG,1127,312,1309
AATGGAG,1102,315,1201
TTGGGAG,1294,328,1495
GTGGGAG,1771,639,1820
CTGGGAG,1167,287,1390
ATGGGAG,1347,370,1311
TGGGGAG,1438,577,1660
GGGGGAG,1544,546,1787
CGGGGAG,1344,495,1676
AGGGGAG,1166,428,1473
TCGGGAG,1163,282,1413
GCGGGAG,1978,888,2027
CCGGGAG,1320,339,1689
ACGGGAG,1322,386,1471
TAGGGAG,1172,396,1230
GAGGGAG,1208,410,1547
CAGGGAG,1040,302,1186
AAGGGAG,1036,257,1200
TTCGGAG,1273,253,1337
GTCGGAG,1625,388,1782
CTCGGAG,1153,211,1393
ATCGGAG,1181,272,1288
TGCGGAG,1643,675,1953
GGCGGAG,1686,454,2134
CGCGGAG,1487,367,1856
AGCGGAG,1331,306,1530
TCCGGAG,1242,226,1524
GCCGGAG,1737,594,2021
CCCGGAG,1304,250,1640
ACCGGAG,1420,285,1593
TACGGAG,1470,383,1379
GACGGAG,1783,415,1854
CACGGAG,1153,220,1379
AACGGAG,1172,233,1327
TTAGGAG,1027,204,1197
GTAGGAG,1250,360,1351
CTAGGAG,923,221,1100
ATAGGAG,1048,224,1048
TGAGGAG,1216,360,1434
GGAGGAG,1268,284,1585
CGAGGAG,1122,324,1490
AGAGGAG,1044,245,1206
TCAGGAG,878,201,1091
GCAGGAG,1556,540,1474
CCAGGAG,928,185,1229
ACAGGAG,1049,261,1092
TAAGGAG,918,209,1064
GAAGGAG,1055,264,1280
CAAGGAG,858,174,1063
AAAGGAG,899,198,1007
TTTCGAG,1218,273,1347
GTTCGAG,1778,492,1613
CTTCGAG,1087,243,1216
ATTCGAG,1263,362,1317
TGTCGAG,1583,1416,1523
GGTCGAG,1559,412,1774
CGTCGAG,1180,321,1414
AGTCGAG,1251,393,1243
TCTCGAG,1119,208,1267
GCTCGAG,1585,520,1675
CCTCGAG,1196,252,1353
ACTCGAG,1236,275,1285
TATCGAG,1346,409,1253
GATCGAG,1435,401,1580
CATCGAG,937,252,1090
AATCGAG,1041,254,1082
TTGCGAG,1674,2451,1836
GTGCGAG,2264,3376,2251
CTGCGAG,1425,1421,1508
ATGCGAG,1602,2209,1602
TGGCGAG,1717,1183,1973
GGGCGAG,1993,1125,2130
CGGCGAG,1459,891,1764
AGGCGAG,1467,934,1695
TCGCGAG,1338,982,1690
GCGCGAG,2214,2220,2190
CCGCGAG,1375,1062,1646
ACGCGAG,1614,1096,1616
TAGCGAG,1377,892,1419
GAGCGAG,1531,785,1746
CAGCGAG,1093,578,1273
AAGCGAG,1179,707,1283
TTCCGAG,1310,264,1483
GTCCGAG,1722,347,1806
CTCCGAG,1060,204,1301
ATCCGAG,1292,256,1269
TGCCGAG,1707,489,1937
GGCCGAG,1737,400,2156
CGCCGAG,1320,279,1651
AGCCGAG,1327,268,1505
TCCCGAG,1326,237,1610
GCCCGAG,1900,558,2135
CCCCGAG,1257,228,1699
ACCCGAG,1428,250,1588
TACCGAG,1721,368,1451
GACCGAG,1645,287,1871
CACCGAG,1062,217,1232
AACCGAG,1095,233,1315
TTACGAG,1182,292,1325
GTACGAG,1594,457,1633
CTACGAG,965,247,1182
ATACGAG,1077,398,1144
TGACGAG,1416,341,1685
GGACGAG,1494,324,1871
CGACGAG,1233,322,1518
AGACGAG,1194,272,1257
TCACGAG,1014,253,1200
GCACGAG,1806,789,1773
CCACGAG,1124,297,1343
ACACGAG,1377,376,1212
TAACGAG,1121,233,1300
GAACGAG,1204,302,1366
CAACGAG,904,205,1159
AAACGAG,1054,275,1206
TTTAGAG,1076,238,1130
GTTAGAG,1617,636,1464
CTTAGAG,1043,221,1286
ATTAGAG,1152,298,1084
TGTAGAG,996,1549,1092
GGTAGAG,1206,367,1311
CGTAGAG,1026,362,1301
AGTAGAG,1007,416,966
TCTAGAG,937,182,1144
GCTAGAG,1514,553,1460
CCTAGAG,1096,229,1269
ACTAGAG,1187,255,1058
TATAGAG,1172,423,1052
GATAGAG,1222,400,1288
CATAGAG,922,278,1052
AATAGAG,953,269,1062
TTGAGAG,1316,554,1382
GTGAGAG,1768,726,1756
CTGAGAG,1156,404,1398
ATGAGAG,1217,467,1367
TGGAGAG,1370,382,1446
GGGAGAG,1383,309,1632
CGGAGAG,1232,324,1566
AGGAGAG,1103,270,1225
TCGAGAG,1114,311,1368
GCGAGAG,1833,762,1793
CCGAGAG,1252,340,1588
ACGAGAG,1309,388,1367
TAGAGAG,1178,295,1133
GAGAGAG,1224,312,1453
CAGAGAG,897,182,1097
AAGAGAG,902,219,1134
TTCAGAG,1019,200,1105
GTCAGAG,1308,289,1434
CTCAGAG,921,200,1144
ATCAGAG,945,217,1011
TGCAGAG,1328,419,1503
GGCAGAG,1393,288,1579
CGCAGAG,1277,314,1460
AGCAGAG,1110,241,1263
TCCAGAG,1004,173,1261
GCCAGAG,1533,456,1675
CCCAGAG,1127,187,1450
ACCAGAG,1219,239,1207
TACAGAG,1356,322,1155
GACAGAG,1603,327,1429
CACAGAG,926,194,1164
AACAGAG,999,205,1140
TTAAGAG,984,220,1120
GTAAGAG,1315,378,1401
CTAAGAG,962,221,1048
ATAAGAG,929,239,984
TGAAGAG,1192,265,1442
GGAAGAG,1307,244,1428
CGAAGAG,1072,285,1397
AGAAGAG,994,199,1082
TCAAGAG,906,210,1111
GCAAGAG,1581,585,1429
CCAAGAG,926,228,1210
ACAAGAG,1257,309,1056
TAAAGAG,954,212,1032
GAAAGAG,1051,200,1212
CAAAGAG,869,170,1005
AAAAGAG,864,159,969
TTTTCAG,1102,179,1115
GTTTCAG,1858,641,1491
CTTTCAG,1069,196,1125
ATTTCAG,1256,254,1145
TGTTCAG,1622,2274,1513
GGTTCAG,1699,421,1696
CGTTCAG,1389,348,1492
AGTTCAG,1226,365,1220
TCTTCAG,1007,167,1087
GCTTCAG,1557,517,1476
CCTTCAG,1123,249,1252
ACTTCAG,1213,210,1178
TATTCAG,1304,443,1088
GATTCAG,1432,356,1475
CATTCAG,1021,236,1064
AATTCAG,1053,199,1069
TTGTCAG,1547,1581,1477
GTGTCAG,2158,2077,1980
CTGTCAG,1239,1038,1339
ATGTCAG,1489,1406,1362
TGGTCAG,1571,447,1669
GGGTCAG,1634,441,1950
CGGTCAG,1372,370,1598
AGGTCAG,1201,347,1448
TCGTCAG,1236,453,1311
GCGTCAG,1988,1486,1855
CCGTCAG,1302,568,1523
ACGTCAG,1386,560,1286
TAGTCAG,1217,378,1216
GAGTCAG,1302,484,1537
CAGTCAG,956,264,1122
AAGTCAG,1039,340,1189
TTCTCAG,1050,160,1025
GTCTCAG,1450,368,1345
CTCTCAG,918,185,1086
ATCTCAG,1038,244,1030
TGCTCAG,1428,434,1476
GGCTCAG,1419,350,1760
CGCTCAG,1237,307,1491
AGCTCAG,1053,234,1201
TCCTCAG,1149,195,1250
GCCTCAG,1725,794,1640
CCCTCAG,1239,264,1435
ACCTCAG,1315,252,1264
TACTCAG,1396,287,1164
GACTCAG,1468,349,1486
CACTCAG,931,255,1041
AACTCAG,988,212,1110
TTATCAG,1078,451,1135
GTATCAG,1580,1174,1250
CTATCAG,990,411,1085
ATATCAG,1047,424,1045
TGATCAG,1256,341,1328
GGATCAG,1300,304,1541
CGATCAG,1174,358,1431
AGATCAG,1147,288,1168
TCATCAG,966,293,1101
GCATCAG,1947,2916,1442
CCATCAG,1009,364,1178
ACATCAG,1342,465,1094
TAATCAG,1020,271,1070
GAATCAG,1177,337,1261
CAATCAG,897,269,972
AAATCAG,1003,215,974
TTTGCAG,1578,1162,1472
GTTGCAG,3203,4849,2019
CTTGCAG,1486,729,1632
ATTGCAG,1927,1591,1568
TGTGCAG,2398,2538,2080
GGTGCAG,2375,1543,2280
CGTGCAG,1828,985,1911
AGTGCAG,1732,1362,1755
TCTGCAG,1272,626,1369
GCTGCAG,2018,1514,1929
CCTGCAG,1348,621,1624
ACTGCAG,1497,745,1420
TATGCAG,1828,1481,1564
GATGCAG,2946,5771,1988
CATGCAG,1444,972,1340
AATGCAG,1941,2214,1454
TTGGCAG,1730,691,1812
GTGGCAG,2722,2529,2427
CTGGCAG,1476,484,1653
ATGGCAG,1731,933,1738
TGGGCAG,1774,704,2091
GGGGCAG,1968,770,2320
CGGGCAG,1651,520,1903
AGGGCAG,1495,525,1619
TCGGCAG,1381,531,1548
GCGGCAG,2188,1543,2261
CCGGCAG,1387,483,1642
ACGGCAG,1550,587,1555
TAGGCAG,1440,632,1560
GAGGCAG,1802,1164,1844
CAGGCAG,1275,470,1401
AAGGCAG,1336,662,1401
TTCGCAG,1545,637,1507
GTCGCAG,2161,1080,1899
CTCGCAG,1312,565,1504
ATCGCAG,1470,713,1467
TGCGCAG,2137,1332,2177
GGCGCAG,2144,1162,2338
CGCGCAG,1725,1042,2003
AGCGCAG,1650,898,1614
TCCGCAG,1399,636,1522
GCCGCAG,2132,1467,2211
CCCGCAG,1366,591,1729
ACCGCAG,1601,678,1621
TACGCAG,1880,826,1593
GACGCAG,2283,1266,1924
CACGCAG,1476,1002,1372
AACGCAG,1533,771,1493
TTAGCAG,1215,531,1423
GTAGCAG,1484,913,1467
CTAGCAG,1089,425,1241
ATAGCAG,1267,542,1184
TGAGCAG,1477,524,1784
GGAGCAG,1559,535,1892
CGAGCAG,1351,433,1540
AGAGCAG,1203,431,1390
TCAGCAG,1057,294,1040
GCAGCAG,1710,1009,1561
CCAGCAG,976,335,1255
ACAGCAG,1177,506,1138
TAAGCAG,1200,495,1243
GAAGCAG,1322,596,1526
CAAGCAG,1098,475,1101
AAAGCAG,1127,507,1159
TTTCCAG,1245,231,1331
GTTCCAG,1983,501,1824
CTTCCAG,1067,233,1306
ATTCCAG,1410,306,1295
TGTCCAG,1713,1616,1689
GGTCCAG,1894,422,2143
CGTCCAG,1314,351,1559
AGTCCAG,1275,342,1470
TCTCCAG,1021,163,1148
GCTCCAG,1661,450,1635
CCTCCAG,1208,195,1367
ACTCCAG,1276,217,1180
TATCCAG,1325,339,1309
GATCCAG,1513,373,1528
CATCCAG,998,249,1166
AATCCAG,1125,182,1245
TTGCCAG,1693,4650,1857
GTGCCAG,2417,7115,2479
CTGCCAG,1341,3272,1557
ATGCCAG,1755,4603,1697
TGGCCAG,1862,2732,2253
GGGCCAG,1941,2219,2454
CGGCCAG,1461,1947,1810
AGGCCAG,1621,1849,1773
TCGCCAG,1292,3395,1524
GCGCCAG,2228,6179,2148
CCGCCAG,1283,3923,1631
ACGCCAG,1591,3119,1593
TAGCCAG,1376,2362,1511
GAGCCAG,1558,1925,1888
CAGCCAG,1035,1404,1280
AAGCCAG,1278,1690,1430
TTCCCAG,1366,217,1433
GTCCCAG,1955,444,1936
CTCCCAG,1037,215,1184
ATCCCAG,1303,262,1436
TGCCCAG,1891,507,2102
GGCCCAG,2004,439,2318
CGCCCAG,1450,353,1686
AGCCCAG,1422,306,1700
TCCCCAG,1223,191,1515
GCCCCAG,1925,601,2012
CCCCCAG,1301,203,1592
ACCCCAG,1560,281,1569
TACCCAG,1653,346,1554
GACCCAG,1610,350,1841
CACCCAG,1046,211,1222
AACCCAG,1178,259,1342
TTACCAG,1305,224,1366
GTACCAG,1721,532,1825
CTACCAG,1090,227,1276
ATACCAG,1359,408,1348
TGACCAG,1586,356,1832
GGACCAG,1571,375,1947
CGACCAG,1396,365,1759
AGACCAG,1269,292,1457
TCACCAG,1065,206,1205
GCACCAG,1945,905,1730
CCACCAG,1063,229,1333
ACACCAG,1428,372,1278
TAACCAG,1109,222,1331
GAACCAG,1388,513,1620
CAACCAG,1029,239,1013
AAACCAG,1240,394,1268
TTTACAG,1367,246,1356
GTTACAG,2272,1360,1735
CTTACAG,1322,299,1349
ATTACAG,1471,396,1311
TGTACAG,1898,1878,1680
GGTACAG,1943,704,1896
CGTACAG,1562,497,1654
AGTACAG,1517,585,1404
TCTACAG,1115,207,1127
GCTACAG,1851,798,1586
CCTACAG,1161,285,1387
ACTACAG,1398,399,1150
TATACAG,1463,585,1216
GATACAG,1944,1638,1653
CATACAG,1210,399,1207
AATACAG,1365,577,1306
TTGACAG,1642,865,1690
GTGACAG,2447,1534,2180
CTGACAG,1402,608,1540
ATGACAG,1627,807,1634
TGGACAG,1696,594,1990
GGGACAG,1829,619,1977
CGGACAG,1564,459,1868
AGGACAG,1364,472,1343
TCGACAG,1249,549,1352
GCGACAG,1979,1441,1962
CCGACAG,1356,559,1558
ACGACAG,1433,589,1320
TAGACAG,1455,487,1351
GAGACAG,1525,539,1593
CAGACAG,1094,332,1296
AAGACAG,1151,378,1356
TTCACAG,1204,214,1232
GTCACAG,1832,514,1614
CTCACAG,1119,217,1215
ATCACAG,1288,297,1243
TGCACAG,1886,720,1830
GGCACAG,1742,537,1949
CGCACAG,1500,465,1665
AGCACAG,1434,418,1403
TCCACAG,1202,228,1275
GCCACAG,1894,1545,1831
CCCACAG,1275,308,1471
ACCACAG,1479,371,1427
TACACAG,1840,489,1302
GACACAG,1945,618,1580
CACACAG,1269,329,1255
AACACAG,1387,394,1198
TTAACAG,1203,299,1238
GTAACAG,1960,1014,1613
CTAACAG,1222,340,1245
ATAACAG,1402,566,1109
TGAACAG,1419,323,1604
GGAACAG,1539,340,1725
CGAACAG,1324,356,1606
AGAACAG,1257,270,1240
TCAACAG,1063,283,1095
GCAACAG,2233,3127,1499
CCAACAG,1076,301,1179
ACAACAG,1702,1066,1121
TAAACAG,1394,427,1245
GAAACAG,1505,528,1473
CAAACAG,1346,603,1189
AAAACAG,1322,569,1173
TTTTAAG,1172,211,1202
GTTTAAG,2078,972,1565
CTTTAAG,1117,190,1268
ATTTAAG,1426,349,1277
TGTTAAG,1830,2884,1485
GGTTAAG,1731,455,1676
CGTTAAG,1400,417,1465
AGTTAAG,1320,414,1310
TCTTAAG,1090,201,1190
GCTTAAG,1745,574,1682
CCTTAAG,1248,207,1403
ACTTAAG,1434,264,1248
TATTAAG,1387,642,1057
GATTAAG,1639,321,1408
CATTAAG,1029,224,1044
AATTAAG,1064,273,1013
TTGTAAG,1575,2150,1460
GTGTAAG,2296,2233,1958
CTGTAAG,1332,1075,1372
ATGTAAG,1618,1399,1362
TGGTAAG,1671,613,1566
GGGTAAG,1654,455,1741
CGGTAAG,1545,521,1553
AGGTAAG,1256,414,1300
TCGTAAG,1368,492,1394
GCGTAAG,2122,1116,1975
CCGTAAG,1491,556,1640
ACGTAAG,1708,522,1429
TAGTAAG,1225,521,1165
GAGTAAG,1417,469,1462
CAGTAAG,1082,398,1116
AAGTAAG,1118,431,1101
TTCTAAG,1113,187,1126
GTCTAAG,1636,372,1428
CTCTAAG,992,180,1090
ATCTAAG,1126,234,1106
TGCTAAG,1560,552,1576
GGCTAAG,1523,320,1646
CGCTAAG,1323,300,1411
AGCTAAG,1211,252,1265
TCCTAAG,1155,208,1260
GCCTAAG,1636,582,1748
CCCTAAG,1308,243,1585
ACCTAAG,1370,274,1347
TACTAAG,1630,331,1202
GACTAAG,1548,267,1424
CACTAAG,957,183,1103
AACTAAG,949,193,1090
TTATAAG,1076,361,1112
GTATAAG,1430,783,1326
CTATAAG,984,252,1021
ATATAAG,1183,317,998
TGATAAG,1352,435,1367
GGATAAG,1435,270,1440
CGATAAG,1286,346,1421
AGATAAG,1178,295,1210
TCATAAG,1004,214,1139
GCATAAG,1893,795,1476
CCATAAG,1152,271,1221
ACATAAG,1556,365,1202
TAATAAG,1039,297,965
GAATAAG,1235,255,1278
CAATAAG,1030,219,1042
AAATAAG,1298,297,954
TTTGAAG,1378,253,1424
GTTGAAG,2066,627,1848
CTTGAAG,1269,260,1389
ATTGAAG,1401,346,1332
TGTGAAG,2017,821,1754
GGTGAAG,1880,455,1933
CGTGAAG,1482,382,1751
AGTGAAG,1381,429,1504
TCTGAAG,1169,218,1363
GCTGAAG,1872,542,1789
CCTGAAG,1317,227,1548
ACTGAAG,1448,270,1335
TATGAAG,1545,383,1369
GATGAAG,1709,402,1683
CATGAAG,1140,246,1290
AATGAAG,1193,229,1249
TTGGAAG,1417,259,1541
GTGGAAG,1923,457,1938
CTGGAAG,1270,201,1500
ATGGAAG,1299,285,1409
TGGGAAG,1477,307,1685
GGGGAAG,1531,309,1845
CGGGAAG,1383,251,1695
AGGGAAG,1127,235,1304
TCGGAAG,1252,249,1540
GCGGAAG,2155,729,1983
CCGGAAG,1388,214,1653
ACGGAAG,1567,325,1411
TAGGAAG,1118,243,1208
GAGGAAG,1298,240,1564
CAGGAAG,966,167,1124
AAGGAAG,1009,191,1214
TTCGAAG,1278,255,1424
GTCGAAG,1829,392,1705
CTCGAAG,1193,236,1459
ATCGAAG,1286,270,1318
TGCGAAG,1763,485,1813
GGCGAAG,1793,410,2113
CGCGAAG,1583,354,1818
AGCGAAG,1263,285,1455
TCCGAAG,1300,207,1570
GCCGAAG,1929,622,2017
CCCGAAG,1299,219,1705
ACCGAAG,1530,304,1573
TACGAAG,1731,305,1496
GACGAAG,1848,348,1809
CACGAAG,1169,209,1266
AACGAAG,1221,225,1303
TTAGAAG,996,173,1097
GTAGAAG,1093,253,1237
CTAGAAG,966,182,1058
ATAGAAG,999,249,1077
TGAGAAG,1205,220,1389
GGAGAAG,1229,226,1501
CGAGAAG,1121,195,1414
AGAGAAG,1006,203,1041
TCAGAAG,903,155,1123
GCAGAAG,1604,488,1438
CCAGAAG,995,181,1222
ACAGAAG,1216,200,1096
TAAGAAG,968,185,1086
GAAGAAG,1106,187,1237
CAAGAAG,896,145,1008
AAAGAAG,875,147,990
TTTCAAG,1040,215,1208
GTTCAAG,1710,376,1493
CTTCAAG,1031,192,1138
ATTCAAG,1199,297,1149
TGTCAAG,1539,987,1499
GGTCAAG,1569,313,1672
CGTCAAG,1155,362,1313
AGTCAAG,1143,314,1226
TCTCAAG,978,161,1116
GCTCAAG,1490,499,1561
CCTCAAG,1055,210,1224
ACTCAAG,1219,256,1132
TATCAAG,1205,327,1185
GATCAAG,1397,295,1400
CATCAAG,895,235,1065
AATCAAG,1023,228,1027
TTGCAAG,1642,4740,1613
GTGCAAG,2279,6760,2095
CTGCAAG,1252,3244,1447
ATGCAAG,1697,4201,1519
TGGCAAG,1653,2450,1907
GGGCAAG,1756,1842,2059
CGGCAAG,1325,1769,1528
AGGCAAG,1407,1504,1464
TCGCAAG,1383,2934,1581
GCGCAAG,2388,4628,2108
CCGCAAG,1307,3015,1593
ACGCAAG,1693,2556,1555
TAGCAAG,1248,2042,1299
GAGCAAG,1355,1617,1740
CAGCAAG,1012,1222,1127
AAGCAAG,1135,1483,1140
TTCCAAG,1164,162,1249
GTCCAAG,1710,293,1735
CTCCAAG,990,170,1217
ATCCAAG,1208,207,1255
TGCCAAG,1608,405,1863
GGCCAAG,1595,343,1864
CGCCAAG,1249,293,1615
AGCCAAG,1262,240,1515
TCCCAAG,1224,185,1418
GCCCAAG,1803,555,1933
CCCCAAG,1199,175,1446
ACCCAAG,1311,242,1514
TACCAAG,1677,326,1372
GACCAAG,1541,275,1682
CACCAAG,927,169,1135
AACCAAG,1115,200,1282
TTACAAG,1130,214,1292
GTACAAG,1584,378,1438
CTACAAG,951,233,1087
ATACAAG,1634,600,1219
TGACAAG,1374,358,1592
GGACAAG,1447,280,1703
CGACAAG,1183,315,1434
AGACAAG,1334,376,1178
TCACAAG,1085,236,1182
GCACAAG,1921,870,1616
CCACAAG,1083,216,1282
ACACAAG,1754,557,1214
TAACAAG,1122,227,1206
GAACAAG,1202,255,1402
CAACAAG,1076,293,954
AAACAAG,1870,609,1037
TTTAAAG,1187,199,1198
GTTAAAG,1963,376,1559
CTTAAAG,1172,256,1227
ATTAAAG,1312,237,1131
TGTAAAG,1664,796,1457
GGTAAAG,1722,372,1571
CGTAAAG,1472,334,1515
AGTAAAG,1304,284,1179
TCTAAAG,1039,189,1187
GCTAAAG,1803,518,1556
CCTAAAG,1202,235,1434
ACTAAAG,1471,270,1158
TATAAAG,1385,294,1155
GATAAAG,1458,279,1337
CATAAAG,1074,231,1127
AATAAAG,1161,201,1014
TTGAAAG,1432,357,1482
GTGAAAG,2134,480,1998
CTGAAAG,1326,255,1448
ATGAAAG,1370,328,1437
TGGAAAG,1461,285,1578
GGGAAAG,1458,323,1697
CGGAAAG,1291,308,1599
AGGAAAG,1085,203,1190
TCGAAAG,1288,276,1386
GCGAAAG,2100,736,1849
CCGAAAG,1310,291,1477
ACGAAAG,1455,279,1512
TAGAAAG,1188,239,1083
GAGAAAG,1280,225,1471
CAGAAAG,985,178,1097
AAGAAAG,928,161,1047
TTCAAAG,1069,191,1086
GTCAAAG,1596,307,1549
CTCAAAG,1003,192,1168
ATCAAAG,1151,187,1113
TGCAAAG,1583,434,1608
GGCAAAG,1522,365,1718
CGCAAAG,1415,349,1603
AGCAAAG,1204,266,1306
TCCAAAG,1076,179,1307
GCCAAAG,1727,501,1671
CCCAAAG,1185,210,1505
ACCAAAG,1345,243,1332
TACAAAG,1844,272,1226
GACAAAG,2176,319,1493
CACAAAG,1054,193,1190
AACAAAG,1314,267,1043
TTAAAAG,985,173,1153
GTAAAAG,1377,221,1387
CTAAAAG,1002,186,1155
ATAAAAG,1069,197,1079
TGAAAAG,1258,176,1410
GGAAAAG,1301,170,1464
CGAAAAG,1234,219,1437
AGAAAAG,1045,133,1072
TCAAAAG,889,155,1117
GCAAAAG,1931,594,1448
CCAAAAG,1047,208,1291
ACAAAAG,1536,253,1080
TAAAAAG,1037,137,1061
GAAAAAG,1142,168,1210
CAAAAAG,929,136,1045
AAAAAAG,859,146,968
TTTTTTC,518,150,651
GTTTTTC,2960,4748,1266
CTTTTTC,947,326,1018
ATTTTTC,1277,732,906
TGTTTTC,2509,6394,1029
GGTTTTC,1552,3331,1310
CGTTTTC,1149,3442,1212
AGTTTTC,1108,3941,990
TCTTTTC,693,769,776
GCTTTTC,1875,1646,1347
CCTTTTC,1080,372,1174
ACTTTTC,1227,498,1063
TATTTTC,1605,4111,861
GATTTTC,1506,1423,1131
CATTTTC,853,1143,935
AATTTTC,831,1211,854
TTGTTTC,1877,4964,1040
GTGTTTC,2647,5847,1573
CTGTTTC,1451,3115,1206
ATGTTTC,1896,4441,1233
TGGTTTC,1298,2554,1282
GGGTTTC,1395,1243,1574
CGGTTTC,1225,1553,1374
AGGTTTC,1100,1338,1254
TCGTTTC,1102,1278,1226
GCGTTTC,2175,2910,1722
CCGTTTC,1282,1424,1374
ACGTTTC,1401,1381,1320
TAGTTTC,1094,2057,1119
GAGTTTC,1116,1317,1285
CAGTTTC,941,1148,948
AAGTTTC,918,1370,1006
TTCTTTC,768,224,764
GTCTTTC,1446,571,1202
CTCTTTC,789,270,930
ATCTTTC,1016,303,1018
TGCTTTC,1634,6521,1272
GGCTTTC,1372,2294,1512
CGCTTTC,1163,2240,1282
AGCTTTC,1034,2776,1138
TCCTTTC,945,325,1151
GCCTTTC,1673,1281,1587
CCCTTTC,1059,326,1284
ACCTTTC,1214,361,1189
TACTTTC,1404,1150,1010
GACTTTC,1377,481,1335
CACTTTC,915,349,1033
AACTTTC,937,356,966
TTATTTC,1124,1214,922
GTATTTC,1686,2099,1182
CTATTTC,993,998,971
ATATTTC,1060,935,878
TGATTTC,1149,4037,1165
GGATTTC,1104,948,1301
CGATTTC,1120,1999,1268
AGATTTC,932,1003,1041
TCATTTC,817,593,861
GCATTTC,2095,3297,1391
CCATTTC,894,502,1039
ACATTTC,1185,690,995
TAATTTC,852,1558,914
GAATTTC,941,633,1050
CAATTTC,783,737,802
AAATTTC,741,466,815
TTTGTTC,1078,452,1063
GTTGTTC,4139,9407,1523
CTTGTTC,1108,540,1233
ATTGTTC,2093,2248,1160
TGTGTTC,2327,8105,1497
GGTGTTC,1931,3256,1746
CGTGTTC,1465,2450,1546
AGTGTTC,1400,3753,1363
TCTGTTC,1023,480,1076
GCTGTTC,2140,2229,1684
CCTGTTC,1190,548,1381
ACTGTTC,1288,663,1163
TATGTTC,1568,4329,1117
GATGTTC,1841,2051,1479
CATGTTC,1096,1070,1167
AATGTTC,1153,1426,1058
TTGGTTC,1270,1099,1321
GTGGTTC,2038,2658,1820
CTGGTTC,1117,843,1316
ATGGTTC,1345,1383,1355
TGGGTTC,1362,1282,1558
GGGGTTC,1533,1103,1638
CGGGTTC,1283,901,1512
AGGGTTC,1202,985,1340
TCGGTTC,1115,980,1284
GCGGTTC,1941,2168,2013
CCGGTTC,1203,924,1477
ACGGTTC,1386,1134,1361
TAGGTTC,1110,896,1170
GAGGTTC,1217,772,1399
CAGGTTC,963,617,1067
AAGGTTC,936,673,1162
TTCGTTC,1139,413,1151
GTCGTTC,1741,1244,1481
CTCGTTC,1075,442,1158
ATCGTTC,1168,662,1175
TGCGTTC,1921,4458,1651
GGCGTTC,1757,1797,1913
CGCGTTC,1494,1622,1631
AGCGTTC,1370,1666,1486
TCCGTTC,1119,547,1261
GCCGTTC,1848,1399,1834
CCCGTTC,1240,472,1517
ACCGTTC,1392,638,1380
TACGTTC,1691,837,1273
GACGTTC,1791,822,1556
CACGTTC,1031,517,1150
AACGTTC,1083,524,1105
TTAGTTC,879,604,934
GTAGTTC,1288,1501,1255
CTAGTTC,839,494,966
ATAGTTC,974,662,951
TGAGTTC,1082,1275,1325
GGAGTTC,1237,649,1374
CGAGTTC,1111,747,1292
AGAGTTC,912,644,1036
TCAGTTC,786,546,944
GCAGTTC,1511,1314,1350
CCAGTTC,882,537,1197
ACAGTTC,1127,705,1020
TAAGTTC,909,561,960
GAAGTTC,952,457,1162
CAAGTTC,752,322,928
AAAGTTC,802,365,822
TTTCTTC,703,175,744
GTTCTTC,1337,390,1129
CTTCTTC,764,210,886
ATTCTTC,990,233,911
TGTCTTC,1251,3719,1024
GGTCTTC,1314,543,1460
CGTCTTC,981,535,1084
AGTCTTC,941,703,1017
TCTCTTC,709,188,831
GCTCTTC,1236,628,1320
CCTCTTC,913,237,1089
ACTCTTC,1039,281,985
TATCTTC,1072,620,941
GATCTTC,1145,308,1138
CATCTTC,732,302,813
AATCTTC,670,248,863
TTGCTTC,1329,2702,1214
GTGCTTC,1930,4303,1758
CTGCTTC,1079,2166,1249
ATGCTTC,1461,2758,1282
TGGCTTC,1368,2679,1512
GGGCTTC,1459,2283,1691
CGGCTTC,1036,2101,1318
AGGCTTC,1161,1863,1277
TCGCTTC,1181,2104,1296
GCGCTTC,1916,4604,1822
CCGCTTC,1148,2849,1341
ACGCTTC,1364,2458,1302
TAGCTTC,1058,2075,1076
GAGCTTC,1157,1995,1349
CAGCTTC,865,1614,966
AAGCTTC,950,1584,1034
TTCCTTC,967,230,1035
GTCCTTC,1509,480,1436
CTCCTTC,792,236,965
ATCCTTC,984,281,1107
TGCCTTC,1553,2431,1527
GGCCTTC,1501,1377,1848
CGCCTTC,1183,1759,1367
AGCCTTC,1174,1255,1266
TCCCTTC,1010,305,1201
GCCCTTC,1609,709,1768
CCCCTTC,1044,285,1281
ACCCTTC,1191,369,1202
TACCTTC,1480,560,1218
GACCTTC,1397,380,1441
CACCTTC,821,263,886
AACCTTC,952,209,1092
TTACTTC,867,333,995
GTACTTC,1243,592,1320
CTACTTC,764,268,892
ATACTTC,936,429,1013
TGACTTC,1024,664,1186
GGACTTC,1107,492,1438
CGACTTC,908,475,1049
AGACTTC,904,406,1089
TCACTTC,807,353,965
GCACTTC,1779,1384,1253
CCACTTC,860,364,962
ACACTTC,1258,538,981
TAACTTC,909,316,983
GAACTTC,961,300,1227
CAACTTC,746,218,834
AAACTTC,815,242,903
TTTATTC,1007,304,902
GTTATTC,2809,5882,1317
CTTATTC,923,385,1038
ATTATTC,1440,1301,944
TGTATTC,1882,6303,1241
GGTATTC,1593,2259,1490
CGTATTC,1173,2303,1294
AGTATTC,1141,2822,1104
TCTATTC,774,360,901
GCTATTC,1735,1699,1281
CCTATTC,944,430,1176
ACTATTC,1187,478,993
TATATTC,1120,1842,1019
GATATTC,1361,934,1218
CATATTC,890,687,1018
AATATTC,884,685,926
TTGATTC,1351,1259,1315
GTGATTC,2168,3454,1690
CTGATTC,1143,1032,1228
ATGATTC,1316,1622,1273
TGGATTC,1327,937,1385
GGGATTC,1330,754,1512
CGGATTC,1258,679,1416
AGGATTC,1034,519,1137
TCGATTC,1238,1066,1365
GCGATTC,1993,2076,1714
CCGATTC,1233,960,1458
ACGATTC,1393,988,1288
TAGATTC,1154,779,1109
GAGATTC,990,629,1317
CAGATTC,881,466,1014
AAGATTC,849,483,1022
TTCATTC,871,336,1013
GTCATTC,1488,1202,1271
CTCATTC,900,331,1029
ATCATTC,976,463,930
TGCATTC,2174,7496,1384
GGCATTC,1813,4839,1609
CGCATTC,1796,6109,1449
AGCATTC,1506,4623,1228
TCCATTC,945,361,1091
GCCATTC,1618,1425,1529
CCCATTC,1070,423,1289
ACCATTC,1216,482,1129
TACATTC,1570,624,1075
GACATTC,1695,615,1285
CACATTC,898,404,973
AACATTC,1013,429,1018
TTAATTC,920,484,948
GTAATTC,1382,1050,1253
CTAATTC,872,398,937
ATAATTC,950,464,923
TGAATTC,1075,827,1225
GGAATTC,1178,586,1294
CGAATTC,974,606,1263
AGAATTC,875,493,1029
TCAATTC,821,430,917
GCAATTC,1756,1835,1213
CCAATTC,905,416,960
ACAATTC,1306,607,897
TAAATTC,870,371,958
GAAATTC,950,322,1021
CAAATTC,788,314,856
AAAATTC,691,238,811
TTTTGTC,957,317,1004
GTTTGTC,4149,9981,1518
CTTTGTC,1123,408,1146
ATTTGTC,2081,2525,1193
TGTTGTC,3697,9727,1453
GGTTGTC,1914,6659,1727
CGTTGTC,1586,6403,1499
AGTTGTC,1570,6536,1292
TCTTGTC,1064,739,1155
GCTTGTC,2012,2403,1635
CCTTGTC,1239,470,1380
ACTTGTC,1320,642,1131
TATTGTC,1987,6149,1062
GATTGTC,1741,3500,1421
CATTGTC,1033,2270,1101
AATTGTC,1161,2867,1052
TTGTGTC,1931,5333,1449
GTGTGTC,2737,6970,2061
CTGTGTC,1505,3504,1473
ATGTGTC,1726,4369,1539
TGGTGTC,1698,5179,1760
GGGTGTC,1641,2156,1946
CGGTGTC,1533,2727,1700
AGGTGTC,1346,2068,1458
TCGTGTC,1358,2007,1458
GCGTGTC,2204,3830,2137
CCGTGTC,1526,2091,1714
ACGTGTC,1641,1732,1544
TAGTGTC,1334,3079,1218
GAGTGTC,1503,1893,1654
CAGTGTC,1123,1852,1170
AAGTGTC,1171,1621,1217
TTCTGTC,1018,242,1112
GTCTGTC,1404,536,1475
CTCTGTC,885,209,1025
ATCTGTC,1045,274,1050
TGCTGTC,2009,8293,1564
GGCTGTC,1492,1996,1796
CGCTGTC,1293,2115,1507
AGCTGTC,1247,2678,1272
TCCTGTC,1095,354,1278
GCCTGTC,1667,1070,1784
CCCTGTC,1199,336,1543
ACCTGTC,1290,418,1295
TACTGTC,1394,1408,1186
GACTGTC,1367,573,1483
CACTGTC,980,406,1048
AACTGTC,926,457,1061
TTATGTC,1105,1129,1167
GTATGTC,1859,3712,1490
CTATGTC,1040,913,1072
ATATGTC,1104,1109,1095
TGATGTC,1634,6701,1457
GGATGTC,1439,2013,1574
CGATGTC,1375,3921,1390
AGATGTC,1156,2393,1180
TCATGTC,940,736,1154
GCATGTC,1953,2562,1557
CCATGTC,1091,646,1267
ACATGTC,1377,839,1175
TAATGTC,1203,2832,1072
GAATGTC,1248,1088,1412
CAATGTC,911,1480,1066
AAATGTC,971,778,1037
TTTGGTC,1152,377,1247
GTTGGTC,2889,6200,1650
CTTGGTC,1140,381,1262
ATTGGTC,1542,1255,1218
TGTGGTC,1884,7686,1698
GGTGGTC,1744,2133,2006
CGTGGTC,1447,1797,1677
AGTGGTC,1323,2594,1355
TCTGGTC,971,346,1180
GCTGGTC,1726,1149,1796
CCTGGTC,1220,379,1535
ACTGGTC,1175,411,1312
TATGGTC,1268,2636,1175
GATGGTC,1433,1211,1534
CATGGTC,1041,826,1246
AATGGTC,1086,833,1173
TTGGGTC,1249,919,1493
GTGGGTC,1936,2044,1901
CTGGGTC,1119,736,1428
ATGGGTC,1250,972,1382
TGGGGTC,1433,1532,1624
GGGGGTC,1505,1226,1723
CGGGGTC,1394,939,1648
AGGGGTC,1175,835,1401
TCGGGTC,1175,806,1470
GCGGGTC,2012,1893,2006
CCGGGTC,1229,847,1730
ACGGGTC,1356,932,1449
TAGGGTC,1117,1052,1145
GAGGGTC,1243,899,1509
CAGGGTC,1028,562,1165
AAGGGTC,987,564,1116
TTCGGTC,1095,402,1275
GTCGGTC,1499,611,1671
CTCGGTC,992,296,1246
ATCGGTC,1142,417,1266
TGCGGTC,1701,2424,1782
GGCGGTC,1726,877,2048
CGCGGTC,1508,712,1679
AGCGGTC,1300,693,1450
TCCGGTC,1127,392,1420
GCCGGTC,1687,954,1944
CCCGGTC,1302,359,1646
ACCGGTC,1334,445,1523
TACGGTC,1517,688,1413
GACGGTC,1652,582,1620
CACGGTC,1057,421,1241
AACGGTC,1026,394,1242
TTAGGTC,939,386,1118
GTAGGTC,1246,820,1254
CTAGGTC,856,334,1051
ATAGGTC,867,402,1019
TGAGGTC,1118,1119,1491
GGAGGTC,1211,550,1591
CGAGGTC,1169,615,1338
AGAGGTC,991,491,1174
TCAGGTC,881,408,1113
GCAGGTC,1535,1047,1495
CCAGGTC,946,387,1200
ACAGGTC,1088,540,1051
TAAGGTC,941,490,1075
GAAGGTC,1007,390,1208
CAAGGTC,897,368,1000
AAAGGTC,799,303,981
TTTCGTC,1020,242,1091
GTTCGTC,1399,535,1313
CTTCGTC,902,253,1033
ATTCGTC,1051,337,1017
TGTCGTC,1543,5976,1369
GGTCGTC,1352,953,1611
CGTCGTC,1110,1372,1216
AGTCGTC,1017,1417,1137
TCTCGTC,922,266,1114
GCTCGTC,1334,721,1411
CCTCGTC,1016,310,1272
ACTCGTC,1092,291,1147
TATCGTC,1197,2305,969
GATCGTC,1207,620,1288
CATCGTC,794,712,962
AATCGTC,919,566,1001
TTGCGTC,1680,7497,1611
GTGCGTC,2304,10537,2000
CTGCGTC,1321,5862,1495
ATGCGTC,1665,6936,1514
TGGCGTC,1646,6059,1840
GGGCGTC,1808,5087,2001
CGGCGTC,1407,5122,1678
AGGCGTC,1360,4358,1494
TCGCGTC,1243,5229,1503
GCGCGTC,2279,8324,2033
CCGCGTC,1379,5894,1472
ACGCGTC,1532,5262,1455
TAGCGTC,1272,4669,1305
GAGCGTC,1462,4546,1565
CAGCGTC,1127,3487,1185
AAGCGTC,1146,3856,1182
TTCCGTC,1168,318,1263
GTCCGTC,1505,494,1639
CTCCGTC,968,231,1083
ATCCGTC,1070,275,1186
TGCCGTC,1632,1750,1737
GGCCGTC,1602,595,2055
CGCCGTC,1232,657,1534
AGCCGTC,1224,504,1420
TCCCGTC,1215,320,1420
GCCCGTC,1712,772,1858
CCCCGTC,1192,308,1418
ACCCGTC,1196,363,1406
TACCGTC,1533,638,1355
GACCGTC,1504,508,1618
CACCGTC,1043,357,1154
AACCGTC,994,330,1174
TTACGTC,1123,491,1227
GTACGTC,1491,740,1530
CTACGTC,936,361,1083
ATACGTC,1104,551,1052
TGACGTC,1285,1773,1543
GGACGTC,1382,552,1650
CGACGTC,1058,780,1232
AGACGTC,1034,551,1194
TCACGTC,982,367,1126
GCACGTC,1793,1307,1479
CCACGTC,994,390,1172
ACACGTC,1299,587,1055
TAACGTC,1026,782,1116
GAACGTC,1075,434,1298
CAACGTC,917,422,933
AAACGTC,862,364,989
TTTAGTC,1048,259,1013
GTTAGTC,2112,3828,1313
CTTAGTC,948,309,1057
ATTAGTC,1276,896,1020
TGTAGTC,1443,5750,1306
GGTAGTC,1438,1463,1441
CGTAGTC,1249,1279,1388
AGTAGTC,1104,1971,1102
TCTAGTC,897,268,1036
GCTAGTC,1484,1005,1384
CCTAGTC,1035,287,1290
ACTAGTC,1114,374,1090
TATAGTC,1056,1662,1031
GATAGTC,1277,857,1269
CATAGTC,936,603,1084
AATAGTC,929,541,927
TTGAGTC,1229,2069,1415
GTGAGTC,1832,4008,1828
CTGAGTC,1129,1831,1317
ATGAGTC,1190,2221,1276
TGGAGTC,1338,1666,1539
GGGAGTC,1385,1307,1600
CGGAGTC,1274,1644,1571
AGGAGTC,1083,1050,1211
TCGAGTC,1150,1288,1403
GCGAGTC,1815,2365,1802
CCGAGTC,1286,1574,1522
ACGAGTC,1345,1375,1288
TAGAGTC,1085,1329,1142
GAGAGTC,1132,1320,1452
CAGAGTC,842,1085,1058
AAGAGTC,874,1082,1048
TTCAGTC,931,270,1042
GTCAGTC,1282,527,1286
CTCAGTC,811,242,1030
ATCAGTC,976,357,981
TGCAGTC,1400,1605,1503
GGCAGTC,1334,653,1562
CGCAGTC,1268,698,1484
AGCAGTC,1047,561,1134
TCCAGTC,956,258,1192
GCCAGTC,1462,877,1675
CCCAGTC,1056,326,1339
ACCAGTC,1123,387,1242
TACAGTC,1321,556,1125
GACAGTC,1546,579,1330
CACAGTC,918,344,1039
AACAGTC,985,378,1043
TTAAGTC,982,338,1083
GTAAGTC,1359,737,1322
CTAAGTC,957,316,1019
ATAAGTC,949,361,994
TGAAGTC,1106,563,1326
GGAAGTC,1159,392,1326
CGAAGTC,1077,363,1254
AGAAGTC,900,307,987
TCAAGTC,797,271,1021
GCAAGTC,1623,1069,1390
CCAAGTC,872,305,1184
ACAAGTC,1262,493,999
TAAAGTC,882,302,984
GAAAGTC,971,276,1129
CAAAGTC,805,208,955
AAAAGTC,756,202,880
TTTTCTC,701,121,802
GTTTCTC,1907,1728,1366
CTTTCTC,925,173,1064
ATTTCTC,1171,313,1028
TGTTCTC,1534,2457,1331
GGTTCTC,1392,427,1451
CGTTCTC,1199,372,1332
AGTTCTC,1025,459,1085
TCTTCTC,892,156,843
GCTTCTC,1462,607,1343
CCTTCTC,914,229,1180
ACTTCTC,1143,221,1091
TATTCTC,1212,480,1002
GATTCTC,1313,412,1212
CATTCTC,792,231,944
AATTCTC,848,242,914
TTGTCTC,1292,2610,1268
GTGTCTC,2041,3264,1768
CTGTCTC,1102,1471,1320
ATGTCTC,1316,2154,1250
TGGTCTC,1469,884,1455
GGGTCTC,1520,696,1753
CGGTCTC,1182,708,1519
AGGTCTC,1119,624,1326
TCGTCTC,1040,967,1103
GCGTCTC,1859,2371,1747
CCGTCTC,1188,1178,1379
ACGTCTC,1208,990,1216
TAGTCTC,1068,829,1086
GAGTCTC,1168,771,1419
CAGTCTC,895,555,1106
AAGTCTC,942,678,1011
TTCTCTC,802,182,843
GTCTCTC,1340,485,1233
CTCTCTC,814,176,955
ATCTCTC,955,270,975
TGCTCTC,1233,564,1341
GGCTCTC,1372,438,1490
CGCTCTC,1111,384,1296
AGCTCTC,1008,319,1173
TCCTCTC,944,282,1126
GCCTCTC,1578,1375,1542
CCCTCTC,999,294,1240
ACCTCTC,1122,332,1178
TACTCTC,1296,422,1050
GACTCTC,1301,459,1255
CACTCTC,854,272,973
AACTCTC,798,244,994
TTATCTC,934,473,1003
GTATCTC,1539,1582,1219
CTATCTC,843,407,923
ATATCTC,936,493,980
TGATCTC,1082,474,1308
GGATCTC,1171,355,1426
CGATCTC,1034,378,1312
AGATCTC,926,334,1082
TCATCTC,724,500,918
GCATCTC,2105,4566,1301
CCATCTC,911,468,1017
ACATCTC,1157,607,969
TAATCTC,872,335,924
GAATCTC,989,418,1132
CAATCTC,767,265,850
AAATCTC,834,219,876
TTTGCTC,1278,472,1298
GTTGCTC,2927,4103,2006
CTTGCTC,1196,343,1454
ATTGCTC,1592,956,1491
TGTGCTC,2197,4808,1933
GGTGCTC,2045,1173,2236
CGTGCTC,1585,934,1784
AGTGCTC,1519,1123,1622
TCTGCTC,1071,316,1323
GCTGCTC,1829,1027,1802
CCTGCTC,1208,376,1489
ACTGCTC,1351,472,1354
TATGCTC,1699,1930,1458
GATGCTC,2220,3143,1790
CATGCTC,1246,766,1333
AATGCTC,1530,1540,1306
TTGGCTC,1360,659,1610
GTGGCTC,2339,2583,2266
CTGGCTC,1243,507,1564
ATGGCTC,1430,893,1612
TGGGCTC,1639,879,1896
GGGGCTC,1762,699,2118
CGGGCTC,1363,502,1862
AGGGCTC,1361,532,1629
TCGGCTC,1244,530,1384
GCGGCTC,2011,1407,2000
CCGGCTC,1271,451,1610
ACGGCTC,1457,637,1461
TAGGCTC,1301,845,1431
GAGGCTC,1503,1366,1746
CAGGCTC,1180,461,1325
AAGGCTC,1210,609,1282
TTCGCTC,1296,409,1353
GTCGCTC,1884,1021,1842
CTCGCTC,1186,411,1299
ATCGCTC,1338,529,1313
TGCGCTC,1965,1508,1921
GGCGCTC,1851,970,2165
CGCGCTC,1557,769,1848
AGCGCTC,1391,692,1556
TCCGCTC,1174,499,1493
GCCGCTC,1904,1348,2045
CCCGCTC,1307,481,1628
ACCGCTC,1451,571,1460
TACGCTC,1853,926,1535
GACGCTC,1920,1133,1769
CACGCTC,1294,722,1222
AACGCTC,1230,708,1358
TTAGCTC,1070,369,1277
GTAGCTC,1530,963,1413
CTAGCTC,1025,401,1211
ATAGCTC,1134,509,1149
TGAGCTC,1339,513,1641
GGAGCTC,1425,416,1751
CGAGCTC,1253,396,1523
AGAGCTC,1054,337,1201
TCAGCTC,931,339,1167
GCAGCTC,1671,1165,1464
CCAGCTC,893,334,1205
ACAGCTC,1064,489,1132
TAAGCTC,1079,384,1226
GAAGCTC,1118,385,1332
CAAGCTC,903,444,1004
AAAGCTC,957,396,1020
TTTCCTC,1189,243,1162
GTTCCTC,1706,533,1487
CTTCCTC,1059,202,1147
ATTCCTC,1215,336,1153
TGTCCTC,1659,4183,1479
GGTCCTC,1616,584,1840
CGTCCTC,1200,680,1398
AGTCCTC,1244,721,1263
TCTCCTC,901,209,1025
GCTCCTC,1549,698,1505
CCTCCTC,1144,250,1235
ACTCCTC,1193,291,1080
TATCCTC,1199,835,1156
GATCCTC,1303,369,1494
CATCCTC,895,342,1013
AATCCTC,984,264,1074
TTGCCTC,1728,9039,1817
GTGCCTC,2698,13460,2300
CTGCCTC,1434,7408,1464
ATGCCTC,1755,8955,1672
TGGCCTC,1862,9505,2045
GGGCCTC,1871,9572,2319
CGGCCTC,1396,7811,1668
AGGCCTC,1508,7519,1586
TCGCCTC,1410,7575,1457
GCGCCTC,2368,12323,1994
CCGCCTC,1426,8034,1481
ACGCCTC,1630,7884,1527
TAGCCTC,1479,7043,1412
GAGCCTC,1593,8185,1844
CAGCCTC,1119,5508,1210
AAGCCTC,1189,6166,1259
TTCCCTC,1254,292,1359
GTCCCTC,1715,628,1684
CTCCCTC,1061,238,1160
ATCCCTC,1215,348,1265
TGCCCTC,1640,849,1875
GGCCCTC,1801,619,2008
CGCCCTC,1319,541,1596
AGCCCTC,1351,457,1609
TCCCCTC,1182,308,1490
GCCCCTC,1786,857,1992
CCCCCTC,1166,272,1381
ACCCCTC,1360,382,1344
TACCCTC,1567,558,1406
GACCCTC,1507,467,1692
CACCCTC,1046,315,1129
AACCCTC,1127,326,1261
TTACCTC,1148,463,1352
GTACCTC,1584,823,1611
CTACCTC,996,379,1155
ATACCTC,1122,538,1190
TGACCTC,1392,706,1641
GGACCTC,1441,539,1793
CGACCTC,1052,428,1432
AGACCTC,1138,458,1367
TCACCTC,938,463,1119
GCACCTC,1833,1614,1555
CCACCTC,966,480,1146
ACACCTC,1246,706,1162
TAACCTC,1054,431,1197
GAACCTC,1234,424,1402
CAACCTC,858,346,1035
AAACCTC,954,322,1103
TTTACTC,1078,264,1289
GTTACTC,2118,1239,1616
CTTACTC,1105,316,1216
ATTACTC,1248,418,1182
TGTACTC,1821,3633,1501
GGTACTC,1846,861,1803
CGTACTC,1356,768,1655
AGTACTC,1305,888,1302
TCTACTC,969,231,1067
GCTACTC,1624,981,1384
CCTACTC,1107,315,1229
ACTACTC,1235,408,1124
TATACTC,1358,913,1132
GATACTC,1563,883,1417
CATACTC,1013,424,1047
AATACTC,1055,464,1017
TTGACTC,1477,2810,1582
GTGACTC,2290,4703,2089
CTGACTC,1247,2125,1474
ATGACTC,1368,2763,1400
TGGACTC,1519,2406,1649
GGGACTC,1607,2685,1880
CGGACTC,1424,1969,1583
AGGACTC,1180,1711,1416
TCGACTC,1066,2209,1388
GCGACTC,1888,4632,1799
CCGACTC,1208,2532,1361
ACGACTC,1311,2111,1269
TAGACTC,1299,2317,1247
GAGACTC,1347,2234,1556
CAGACTC,943,1348,1174
AAGACTC,968,1673,1190
TTCACTC,943,313,1145
GTCACTC,1590,888,1432
CTCACTC,1003,288,1134
ATCACTC,1151,455,1109
TGCACTC,1645,1305,1508
GGCACTC,1615,745,1737
CGCACTC,1479,712,1519
AGCACTC,1276,548,1291
TCCACTC,1072,379,1242
GCCACTC,1768,1948,1652
CCCACTC,1166,376,1352
ACCACTC,1257,507,1243
TACACTC,1680,732,1197
GACACTC,1851,787,1522
CACACTC,995,426,1107
AACACTC,1176,453,1096
TTAACTC,1058,431,1152
GTAACTC,1564,1039,1437
CTAACTC,1026,419,1163
ATAACTC,1136,541,1051
TGAACTC,1161,531,1459
GGAACTC,1288,478,1617
CGAACTC,1115,426,1377
AGAACTC,1022,388,1185
TCAACTC,782,522,1008
GCAACTC,2065,3122,1300
CCAACTC,928,481,1083
ACAACTC,1350,826,1011
TAAACTC,1042,350,1133
GAAACTC,1052,409,1357
CAAACTC,893,348,981
AAAACTC,928,260,1032
TTTTATC,983,196,937
GTTTATC,3892,7825,1382
CTTTATC,1026,308,1109
ATTTATC,1928,1956,1039
TGTTATC,2279,7435,1228
GGTTATC,1660,2788,1570
CGTTATC,1307,2786,1345
AGTTATC,1123,3530,1140
TCTTATC,858,419,983
GCTTATC,2100,2396,1333
CCTTATC,1137,312,1309
ACTTATC,1278,444,1115
TATTATC,1416,4410,955
GATTATC,1671,1728,1303
CATTATC,929,951,987
AATTATC,1017,1400,957
TTGTATC,1821,6330,1248
GTGTATC,3087,9652,1761
CTGTATC,1375,5374,1265
ATGTATC,2006,6529,1318
TGGTATC,1558,4846,1496
GGGTATC,1664,3549,1690
CGGTATC,1390,4108,1547
AGGTATC,1256,3550,1238
TCGTATC,1354,4668,1412
GCGTATC,2244,7301,1909
CCGTATC,1367,5204,1418
ACGTATC,1585,4644,1439
TAGTATC,1249,3908,1171
GAGTATC,1312,3795,1314
CAGTATC,1045,2849,1019
AAGTATC,1161,3725,1036
TTCTATC,916,228,867
GTCTATC,1401,1084,1281
CTCTATC,867,237,975
ATCTATC,948,325,980
TGCTATC,1503,5521,1323
GGCTATC,1390,943,1535
CGCTATC,1205,1245,1382
AGCTATC,1136,1184,1126
TCCTATC,1044,325,1207
GCCTATC,1544,864,1605
CCCTATC,1113,349,1352
ACCTATC,1201,399,1201
TACTATC,1411,838,1036
GACTATC,1443,437,1243
CACTATC,873,351,1007
AACTATC,870,292,1022
TTATATC,938,661,1000
GTATATC,1843,3365,1291
CTATATC,918,613,1003
ATATATC,1022,791,925
TGATATC,1273,3759,1251
GGATATC,1196,933,1433
CGATATC,1096,1582,1361
AGATATC,998,905,1069
TCATATC,915,592,977
GCATATC,1790,1715,1427
CCATATC,1055,610,1121
ACATATC,1418,799,1000
TAATATC,929,1830,952
GAATATC,1023,632,1212
CAATATC,858,782,954
AAATATC,920,450,868
TTTGATC,1249,310,1208
GTTGATC,3709,5444,1712
CTTGATC,1131,334,1375
ATTGATC,1872,1272,1279
TGTGATC,1895,6953,1672
GGTGATC,1824,1310,1846
CGTGATC,1473,1026,1582
AGTGATC,1358,2081,1309
TCTGATC,1136,258,1284
GCTGATC,1830,1106,1692
CCTGATC,1257,314,1437
ACTGATC,1292,369,1305
TATGATC,1443,3455,1288
GATGATC,1632,1000,1566
CATGATC,1057,679,1164
AATGATC,1107,780,1181
TTGGATC,1285,437,1551
GTGGATC,1876,1115,1884
CTGGATC,1152,347,1457
ATGGATC,1225,521,1360
TGGGATC,1356,636,1634
GGGGATC,1464,556,1765
CGGGATC,1277,383,1565
AGGGATC,1152,468,1324
TCGGATC,1216,379,1502
GCGGATC,2112,1098,1975
CCGGATC,1291,327,1652
ACGGATC,1380,495,1438
TAGGATC,1130,454,1178
GAGGATC,1167,345,1463
CAGGATC,952,280,1138
AAGGATC,960,280,1146
TTCGATC,1231,339,1267
GTCGATC,1610,654,1608
CTCGATC,1071,289,1315
ATCGATC,1138,385,1161
TGCGATC,1739,1890,1788
GGCGATC,1608,787,1963
CGCGATC,1384,600,1593
AGCGATC,1267,625,1467
TCCGATC,1168,306,1383
GCCGATC,1769,887,1951
CCCGATC,1156,291,1543
ACCGATC,1390,424,1389
TACGATC,1573,566,1302
GACGATC,1697,526,1544
CACGATC,1058,283,1196
AACGATC,1077,319,1115
TTAGATC,975,287,1070
GTAGATC,1188,532,1269
CTAGATC,853,255,1060
ATAGATC,894,308,1017
TGAGATC,1100,515,1341
GGAGATC,1249,326,1525
CGAGATC,1069,317,1333
AGAGATC,961,302,1097
TCAGATC,872,217,1017
GCAGATC,1561,684,1437
CCAGATC,956,249,1206
ACAGATC,1224,369,1024
TAAGATC,866,271,1027
GAAGATC,977,248,1140
CAAGATC,794,184,927
AAAGATC,811,202,951
TTTCATC,964,207,977
GTTCATC,1523,555,1285
CTTCATC,860,248,1005
ATTCATC,1100,341,992
TGTCATC,1559,6458,1243
GGTCATC,1339,1140,1487
CGTCATC,1072,2112,1203
AGTCATC,1023,2124,1058
TCTCATC,863,254,940
GCTCATC,1348,730,1309
CCTCATC,957,256,1205
ACTCATC,1107,370,996
TATCATC,1178,2967,1006
GATCATC,1260,819,1250
CATCATC,832,1008,940
AATCATC,901,756,862
TTGCATC,2467,9513,1538
GTGCATC,3301,13035,1884
CTGCATC,1977,7816,1345
ATGCATC,2338,8967,1393
TGGCATC,1961,9675,1767
GGGCATC,1984,10094,1828
CGGCATC,1606,8514,1384
AGGCATC,1501,8138,1386
TCGCATC,1856,8438,1453
GCGCATC,2835,13050,1886
CCGCATC,1827,8850,1479
ACGCATC,1930,9088,1440
TAGCATC,1685,7143,1266
GAGCATC,1649,8397,1558
CAGCATC,1178,5777,1033
AAGCATC,1354,6304,1109
TTCCATC,1105,268,1153
GTCCATC,1477,638,1476
CTCCATC,873,238,1002
ATCCATC,1100,340,1068
TGCCATC,1631,3336,1512
GGCCATC,1565,1116,1798
CGCCATC,1188,1527,1325
AGCCATC,1238,1065,1293
TCCCATC,1102,340,1296
GCCCATC,1659,806,1788
CCCCATC,1042,308,1265
ACCCATC,1224,357,1290
TACCATC,1520,770,1211
GACCATC,1328,522,1430
CACCATC,921,355,1034
AACCATC,969,308,1063
TTACATC,1088,451,1174
GTACATC,1435,930,1303
CTACATC,898,415,948
ATACATC,1164,719,978
TGACATC,1211,2361,1433
GGACATC,1247,742,1478
CGACATC,1100,985,1192
AGACATC,1107,740,1081
TCACATC,922,528,1056
GCACATC,1835,1743,1442
CCACATC,980,522,1126
ACACATC,1394,856,1050
TAACATC,957,1137,1014
GAACATC,1142,548,1240
CAACATC,908,592,960
AAACATC,1311,649,963
TTTAATC,986,249,1084
GTTAATC,1654,818,1451
CTTAATC,1096,272,1126
ATTAATC,1237,379,1100
TGTAATC,1702,4325,1313
GGTAATC,1672,1010,1547
CGTAATC,1431,825,1429
AGTAATC,1194,1076,1086
TCTAATC,937,269,1085
GCTAATC,1733,813,1479
CCTAATC,1114,318,1269
ACTAATC,1310,428,1062
TATAATC,1161,899,1067
GATAATC,1389,450,1272
CATAATC,972,320,1060
AATAATC,1071,355,963
TTGAATC,1242,2892,1424
GTGAATC,1897,4270,1820
CTGAATC,1185,2269,1439
ATGAATC,1278,2535,1281
TGGAATC,1329,2119,1503
GGGAATC,1499,2034,1676
CGGAATC,1304,1851,1452
AGGAATC,1113,1564,1234
TCGAATC,1253,1855,1434
GCGAATC,1989,3416,1838
CCGAATC,1267,2196,1500
ACGAATC,1396,1743,1287
TAGAATC,1079,1593,1132
GAGAATC,1087,1713,1332
CAGAATC,927,1057,1069
AAGAATC,878,1385,1013
TTCAATC,947,239,1093
GTCAATC,1615,607,1416
CTCAATC,863,246,1143
ATCAATC,1081,312,1006
TGCAATC,1599,3657,1415
GGCAATC,1432,1652,1589
CGCAATC,1474,2190,1489
AGCAATC,1186,1567,1231
TCCAATC,1017,297,1114
GCCAATC,1569,723,1473
CCCAATC,1066,309,1242
ACCAATC,1225,433,1211
TACAATC,1529,489,1121
GACAATC,1821,591,1258
CACAATC,989,367,970
AACAATC,1210,468,967
TTAAATC,906,280,1080
GTAAATC,1706,678,1393
CTAAATC,979,257,1054
ATAAATC,1067,341,916
TGAAATC,1089,361,1404
GGAAATC,1044,306,1390
CGAAATC,1037,307,1244
AGAAATC,959,233,984
TCAAATC,787,186,976
GCAAATC,1855,892,1331
CCAAATC,1019,258,1152
ACAAATC,1358,444,1013
TAAAATC,880,163,964
GAAAATC,973,217,1168
CAAAATC,839,182,919
AAAAATC,841,175,862
TTTTTGC,1104,349,1106
GTTTTGC,3720,5691,1809
CTTTTGC,1282,436,1356
ATTTTGC,1833,1099,1348
TGTTTGC,3953,10034,1545
GGTTTGC,2018,6512,1784
CGTTTGC,1677,6485,1630
AGTTTGC,1583,7058,1466
TCTTTGC,1154,1526,1178
GCTTTGC,1975,1849,1763
CCTTTGC,1325,572,1581
ACTTTGC,1430,815,1338
TATTTGC,2276,6740,1280
GATTTGC,1715,3590,1592
CATTTGC,1188,2689,1070
AATTTGC,1140,2949,1129
TTGTTGC,3158,8127,1676
GTGTTGC,3768,9095,2276
CTGTTGC,2105,5206,1597
ATGTTGC,2695,6124,1607
TGGTTGC,2033,4937,1936
GGGTTGC,1963,1673,2086
CGGTTGC,1770,2684,1874
AGGTTGC,1734,1721,1604
TCGTTGC,1636,1689,1650
GCGTTGC,2726,3171,2426
CCGTTGC,1696,1635,1804
ACGTTGC,1919,1586,1620
TAGTTGC,1714,3507,1396
GAGTTGC,1678,1843,1672
CAGTTGC,1338,1895,1300
AAGTTGC,1491,1826,1299
TTCTTGC,1125,294,1146
GTCTTGC,1650,667,1678
CTCTTGC,1051,286,1215
ATCTTGC,1161,294,1173
TGCTTGC,1988,8970,1674
GGCTTGC,1749,2309,1914
CGCTTGC,1474,2755,1714
AGCTTGC,1393,3073,1403
TCCTTGC,1231,372,1457
GCCTTGC,1857,1148,2060
CCCTTGC,1341,430,1614
ACCTTGC,1481,436,1428
TACTTGC,1765,1807,1306
GACTTGC,1619,633,1578
CACTTGC,1037,587,1160
AACTTGC,1109,450,1181
TTATTGC,1585,2216,1246
GTATTGC,2275,3691,1657
CTATTGC,1341,1517,1202
ATATTGC,1502,1555,1177
TGATTGC,1868,7195,1532
GGATTGC,1657,1915,1719
CGATTGC,1514,4878,1708
AGATTGC,1364,2127,1313
TCATTGC,1046,960,1246
GCATTGC,2210,3699,1685
CCATTGC,1254,743,1396
ACATTGC,1533,916,1207
TAATTGC,1470,3702,1144
GAATTGC,1355,1190,1427
CAATTGC,1050,2084,1048
AAATTGC,1176,887,1066
TTTGTGC,1855,598,1572
GTTGTGC,4947,10668,2282
CTTGTGC,1720,563,1752
ATTGTGC,2549,1994,1589
TGTGTGC,2806,10586,2166
GGTGTGC,2533,2960,2571
CGTGTGC,1926,2366,2032
AGTGTGC,1843,3875,1782
TCTGTGC,1456,461,1577
GCTGTGC,2441,1777,2178
CCTGTGC,1674,528,1752
ACTGTGC,1664,636,1625
TATGTGC,1965,5033,1577
GATGTGC,2280,2014,1923
CATGTGC,1473,1130,1467
AATGTGC,1551,1443,1477
TTGGTGC,1777,1100,1911
GTGGTGC,2848,2856,2461
CTGGTGC,1545,847,1842
ATGGTGC,1695,1172,1666
TGGGTGC,1981,1317,2103
GGGGTGC,2062,997,2299
CGGGTGC,1670,883,2073
AGGGTGC,1476,805,1756
TCGGTGC,1569,821,1761
GCGGTGC,2475,1907,2532
CCGGTGC,1700,825,1968
ACGGTGC,1689,944,1816
TAGGTGC,1462,901,1582
GAGGTGC,1631,848,2016
CAGGTGC,1252,557,1464
AAGGTGC,1266,548,1416
TTCGTGC,1475,461,1564
GTCGTGC,2050,1182,2087
CTCGTGC,1345,430,1539
ATCGTGC,1411,597,1324
TGCGTGC,2364,5987,2143
GGCGTGC,2248,2244,2424
CGCGTGC,1819,2158,1976
AGCGTGC,1678,1825,1725
TCCGTGC,1435,495,1731
GCCGTGC,2203,1263,2314
CCCGTGC,1559,492,1929
ACCGTGC,1697,625,1673
TACGTGC,1920,855,1631
GACGTGC,2133,710,1817
CACGTGC,1343,510,1467
AACGTGC,1360,470,1452
TTAGTGC,1325,614,1280
GTAGTGC,1877,1841,1713
CTAGTGC,1187,488,1294
ATAGTGC,1247,642,1263
TGAGTGC,1550,1586,1866
GGAGTGC,1718,697,1856
CGAGTGC,1568,855,1734
AGAGTGC,1202,611,1346
TCAGTGC,1067,540,1241
GCAGTGC,1882,1231,1763
CCAGTGC,1187,513,1454
ACAGTGC,1318,656,1246
TAAGTGC,1182,695,1285
GAAGTGC,1357,517,1553
CAAGTGC,1048,463,1184
AAAGTGC,1125,356,1155
TTTCTGC,1106,218,1177
GTTCTGC,1708,461,1490
CTTCTGC,998,234,1153
ATTCTGC,1216,334,1182
TGTCTGC,1646,4730,1584
GGTCTGC,1547,561,1875
CGTCTGC,1173,629,1406
AGTCTGC,1109,731,1286
TCTCTGC,988,230,1156
GCTCTGC,1500,621,1555
CCTCTGC,1067,254,1354
ACTCTGC,1169,291,1127
TATCTGC,1273,757,1143
GATCTGC,1359,317,1373
CATCTGC,856,302,1041
AATCTGC,884,292,996
TTGCTGC,1762,1846,1630
GTGCTGC,2408,2216,2315
CTGCTGC,1395,1021,1622
ATGCTGC,1677,1700,1552
TGGCTGC,1746,999,1929
GGGCTGC,1795,933,2241
CGGCTGC,1412,702,1685
AGGCTGC,1480,910,1654
TCGCTGC,1383,867,1597
GCGCTGC,2460,2217,2261
CCGCTGC,1415,890,1666
ACGCTGC,1670,939,1663
TAGCTGC,1355,855,1321
GAGCTGC,1490,657,1798
CAGCTGC,836,442,1068
AAGCTGC,1238,566,1246
TTCCTGC,1237,261,1359
GTCCTGC,1742,521,1773
CTCCTGC,1014,231,1150
ATCCTGC,1239,263,1302
TGCCTGC,1777,2218,1968
GGCCTGC,1871,939,2245
CGCCTGC,1339,994,1650
AGCCTGC,1382,762,1531
TCCCTGC,1316,321,1603
GCCCTGC,1813,691,2093
CCCCTGC,1310,290,1587
ACCCTGC,1383,359,1535
TACCTGC,1672,505,1464
GACCTGC,1608,384,1677
CACCTGC,976,281,1117
AACCTGC,1081,273,1300
TTACTGC,1164,354,1245
GTACTGC,1575,697,1565
CTACTGC,964,333,1118
ATACTGC,1166,498,1165
TGACTGC,1302,720,1624
GGACTGC,1424,477,1798
CGACTGC,1132,434,1352
AGACTGC,1129,428,1321
TCACTGC,936,324,1151
GCACTGC,1812,1111,1617
CCACTGC,1008,346,1289
ACACTGC,1274,544,1190
TAACTGC,1096,394,1159
GAACTGC,1195,349,1431
CAACTGC,870,293,1032
AAACTGC,995,280,1090
TTTATGC,1458,552,1412
GTTATGC,2924,4874,1797
CTTATGC,1519,508,1331
ATTATGC,1729,1098,1329
TGTATGC,2452,9113,1625
GGTATGC,2174,3105,2012
CGTATGC,1728,3162,1826
AGTATGC,1632,3966,1465
TCTATGC,1170,433,1307
GCTATGC,1983,1382,1873
CCTATGC,1354,503,1539
ACTATGC,1415,574,1308
TATATGC,1521,2902,1311
GATATGC,1750,1213,1602
CATATGC,1254,913,1220
AATATGC,1257,976,1071
TTGATGC,2395,2200,1774
GTGATGC,3559,3697,2193
CTGATGC,1826,1540,1639
ATGATGC,2786,2411,1615
TGGATGC,2773,2037,2025
GGGATGC,2375,1509,2024
CGGATGC,2114,1530,1860
AGGATGC,2145,1504,1538
TCGATGC,1721,1352,1747
GCGATGC,2783,2623,2212
CCGATGC,1832,1244,1813
ACGATGC,2024,1414,1635
TAGATGC,2475,1589,1322
GAGATGC,1951,1119,1727
CAGATGC,1552,1033,1342
AAGATGC,1845,1277,1328
TTCATGC,1225,422,1317
GTCATGC,1867,1035,1660
CTCATGC,1091,385,1211
ATCATGC,1306,549,1248
TGCATGC,2159,6450,1882
GGCATGC,1948,2281,1990
CGCATGC,1729,3270,1794
AGCATGC,1532,2183,1517
TCCATGC,1310,467,1503
GCCATGC,2000,1607,1863
CCCATGC,1453,533,1551
ACCATGC,1519,695,1386
TACATGC,1930,918,1300
GACATGC,2046,833,1655
CACATGC,1211,485,1245
AACATGC,1322,626,1171
TTAATGC,1454,772,1314
GTAATGC,1969,1499,1621
CTAATGC,1302,698,1286
ATAATGC,1655,902,1204
TGAATGC,1990,1856,1651
GGAATGC,1858,1035,1666
CGAATGC,1730,1347,1655
AGAATGC,1672,963,1333
TCAATGC,1108,606,1169
GCAATGC,2275,2238,1633
CCAATGC,1278,617,1349
ACAATGC,1810,989,1199
TAAATGC,1692,1004,1234
GAAATGC,1585,705,1411
CAAATGC,1199,702,1107
AAAATGC,1555,731,1134
TTTTGGC,1237,241,1374
GTTTGGC,3348,6157,2001
CTTTGGC,1250,274,1466
ATTTGGC,1634,1043,1400
TGTTGGC,2642,11070,1837
GGTTGGC,1855,3369,2195
CGTTGGC,1516,3317,1860
AGTTGGC,1465,4715,1615
TCTTGGC,1181,392,1384
GCTTGGC,1890,1086,1925
CCTTGGC,1285,305,1594
ACTTGGC,1375,359,1379
TATTGGC,1631,5775,1422
GATTGGC,1661,1684,1649
CATTGGC,1089,1027,1301
AATTGGC,1197,1603,1215
TTGTGGC,1862,2982,1803
GTGTGGC,2811,4100,2416
CTGTGGC,1692,1708,1752
ATGTGGC,1897,2262,1668
TGGTGGC,1902,1970,2090
GGGTGGC,2014,1014,2386
CGGTGGC,1777,1082,2049
AGGTGGC,1565,920,1709
TCGTGGC,1499,810,1729
GCGTGGC,2528,2848,2454
CCGTGGC,1585,915,1963
ACGTGGC,1693,1017,1736
TAGTGGC,1641,1364,1558
GAGTGGC,1673,953,1930
CAGTGGC,1208,814,1374
AAGTGGC,1331,759,1400
TTCTGGC,1068,184,1306
GTCTGGC,1584,445,1755
CTCTGGC,1019,188,1258
ATCTGGC,1139,262,1256
TGCTGGC,1644,4626,1791
GGCTGGC,1702,612,2029
CGCTGGC,1532,654,1722
AGCTGGC,1243,626,1526
TCCTGGC,1225,299,1539
GCCTGGC,1815,1071,2130
CCCTGGC,1322,324,1753
ACCTGGC,1429,375,1640
TACTGGC,1421,553,1361
GACTGGC,1527,360,1620
CACTGGC,1075,250,1260
AACTGGC,1041,225,1224
TTATGGC,1184,692,1341
GTATGGC,1739,1900,1825
CTATGGC,1095,534,1320
ATATGGC,1174,620,1200
TGATGGC,1330,3451,1606
GGATGGC,1468,688,1735
CGATGGC,1478,1359,1671
AGATGGC,1227,790,1336
TCATGGC,1124,435,1336
GCATGGC,1920,1897,1855
CCATGGC,1225,395,1477
ACATGGC,1479,657,1343
TAATGGC,1176,1139,1288
GAATGGC,1309,561,1511
CAATGGC,1014,592,1128
AAATGGC,1140,448,1246
TTTGGGC,1318,358,1606
GTTGGGC,2486,2880,1960
CTTGGGC,1246,288,1581
ATTGGGC,1531,760,1476
TGTGGGC,1961,5832,2130
GGTGGGC,1955,971,2315
CGTGGGC,1612,857,1944
AGTGGGC,1471,1135,1669
TCTGGGC,1204,253,1515
GCTGGGC,1912,718,2087
CCTGGGC,1418,287,1787
ACTGGGC,1336,355,1586
TATGGGC,1552,1222,1574
GATGGGC,1616,610,1767
CATGGGC,1157,437,1398
AATGGGC,1145,463,1282
TTGGGGC,1384,478,1738
GTGGGGC,2056,1316,2330
CTGGGGC,1395,389,1785
ATGGGGC,1350,606,1603
TGGGGGC,1651,928,1905
GGGGGGC,1801,903,2198
CGGGGGC,1547,689,2050
AGGGGGC,1291,575,1550
TCGGGGC,1403,438,1790
GCGGGGC,2300,1382,2413
CCGGGGC,1551,443,1951
ACGGGGC,1501,553,1770
TAGGGGC,1273,583,1411
GAGGGGC,1456,533,1682
CAGGGGC,1094,376,1352
AAGGGGC,1072,374,1222
TTCGGGC,1304,303,1586
GTCGGGC,1809,482,1890
CTCGGGC,1238,273,1553
ATCGGGC,1224,295,1405
TGCGGGC,1878,1287,2126
GGCGGGC,1893,607,2451
CGCGGGC,1592,492,1944
AGCGGGC,1402,470,1741
TCCGGGC,1376,284,1703
GCCGGGC,1996,742,2376
CCCGGGC,1413,294,2027
ACCGGGC,1562,389,1765
TACGGGC,1550,479,1596
GACGGGC,1746,470,1880
CACGGGC,1160,266,1451
AACGGGC,1182,267,1369
TTAGGGC,1071,340,1289
GTAGGGC,1403,654,1538
CTAGGGC,983,275,1231
ATAGGGC,980,328,1170
TGAGGGC,1348,639,1770
GGAGGGC,1507,406,1764
CGAGGGC,1291,407,1731
AGAGGGC,1076,334,1277
TCAGGGC,1005,248,1279
GCAGGGC,1725,791,1863
CCAGGGC,1106,288,1432
ACAGGGC,1144,322,1274
TAAGGGC,996,249,1296
GAAGGGC,1225,268,1464
CAAGGGC,909,231,1159
AAAGGGC,909,215,1066
TTTCGGC,1127,243,1339
GTTCGGC,1666,436,1703
CTTCGGC,1028,192,1277
ATTCGGC,1147,280,1205
TGTCGGC,1512,3180,1647
GGTCGGC,1586,451,1863
CGTCGGC,1252,442,1541
AGTCGGC,1143,464,1350
TCTCGGC,1034,205,1338
GCTCGGC,1515,496,1707
CCTCGGC,1151,239,1388
ACTCGGC,1339,260,1292
TATCGGC,1223,676,1248
GATCGGC,1337,296,1623
CATCGGC,940,256,1121
AATCGGC,1012,257,1158
TTGCGGC,1683,2409,1924
GTGCGGC,2254,3432,2440
CTGCGGC,1322,1447,1665
ATGCGGC,1662,2229,1728
TGGCGGC,1720,1246,2166
GGGCGGC,1934,1093,2418
CGGCGGC,1437,986,1799
AGGCGGC,1548,979,1644
TCGCGGC,1381,908,1602
GCGCGGC,2347,2099,2293
CCGCGGC,1408,1013,1707
ACGCGGC,1506,940,1679
TAGCGGC,1389,1003,1470
GAGCGGC,1434,785,1877
CAGCGGC,1025,582,1288
AAGCGGC,1056,736,1359
TTCCGGC,1235,240,1547
GTCCGGC,1746,391,1856
CTCCGGC,977,172,1307
ATCCGGC,1163,232,1373
TGCCGGC,1657,653,1970
GGCCGGC,1784,382,2203
CGCCGGC,1327,327,1685
AGCCGGC,1232,281,1609
TCCCGGC,1229,230,1650
GCCCGGC,1894,598,2288
CCCCGGC,1236,190,1688
ACCCGGC,1378,263,1559
TACCGGC,1578,387,1498
GACCGGC,1588,327,1816
CACCGGC,1038,221,1198
AACCGGC,1015,197,1333
TTACGGC,1192,280,1360
GTACGGC,1468,442,1719
CTACGGC,989,262,1213
ATACGGC,1061,352,1147
TGACGGC,1459,529,1841
GGACGGC,1536,361,1846
CGACGGC,1211,358,1474
AGACGGC,1133,364,1274
TCACGGC,1060,247,1195
GCACGGC,1805,784,1702
CCACGGC,1094,274,1447
ACACGGC,1246,369,1290
TAACGGC,1051,330,1319
GAACGGC,1279,267,1466
CAACGGC,867,229,985
AAACGGC,761,291,1013
TTTAGGC,1163,274,1237
GTTAGGC,1753,1307,1725
CTTAGGC,1133,303,1360
ATTAGGC,1202,409,1194
TGTAGGC,1637,5132,1665
GGTAGGC,1590,808,1843
CGTAGGC,1380,749,1752
AGTAGGC,1175,972,1399
TCTAGGC,956,211,1256
GCTAGGC,1540,678,1742
CCTAGGC,1158,238,1469
ACTAGGC,1224,350,1272
TATAGGC,1152,844,1181
GATAGGC,1338,503,1482
CATAGGC,1008,354,1282
AATAGGC,1025,343,1071
TTGAGGC,1537,699,1621
GTGAGGC,2165,1534,2183
CTGAGGC,1454,584,1608
ATGAGGC,1559,823,1592
TGGAGGC,1873,760,1909
GGGAGGC,1699,703,1983
CGGAGGC,1546,629,1830
AGGAGGC,1464,558,1467
TCGAGGC,1391,569,1609
GCGAGGC,2166,1409,2146
CCGAGGC,1520,477,1692
ACGAGGC,1520,709,1465
TAGAGGC,1683,663,1320
GAGAGGC,1415,513,1521
CAGAGGC,1064,415,1245
AAGAGGC,1198,440,1152
TTCAGGC,1049,212,1292
GTCAGGC,1431,412,1620
CTCAGGC,1084,225,1209
ATCAGGC,1098,315,1221
TGCAGGC,1739,962,1749
GGCAGGC,1566,529,1939
CGCAGGC,1401,506,1804
AGCAGGC,1230,500,1425
TCCAGGC,1149,302,1444
GCCAGGC,1710,977,1996
CCCAGGC,1244,308,1563
ACCAGGC,1267,441,1434
TACAGGC,1487,495,1303
GACAGGC,1592,452,1475
CACAGGC,1022,265,1207
AACAGGC,1073,306,1127
TTAAGGC,1139,324,1299
GTAAGGC,1394,485,1536
CTAAGGC,1023,256,1196
ATAAGGC,1124,326,1048
TGAAGGC,1310,497,1590
GGAAGGC,1345,350,1682
CGAAGGC,1333,380,1416
AGAAGGC,1057,344,1255
TCAAGGC,981,214,1259
GCAAGGC,1699,853,1577
CCAAGGC,1059,275,1371
ACAAGGC,1329,474,1174
TAAAGGC,1115,350,1036
GAAAGGC,1161,304,1282
CAAAGGC,1024,269,1110
AAAAGGC,913,257,966
TTTTCGC,1270,234,1281
GTTTCGC,2286,1376,1841
CTTTCGC,1250,242,1371
ATTTCGC,1442,403,1314
TGTTCGC,1903,3337,1697
GGTTCGC,1820,516,1947
CGTTCGC,1501,453,1706
AGTTCGC,1348,501,1492
TCTTCGC,1071,220,1299
GCTTCGC,1761,647,1686
CCTTCGC,1226,301,1482
ACTTCGC,1392,321,1305
TATTCGC,1509,639,1271
GATTCGC,1624,471,1654
CATTCGC,1118,320,1120
AATTCGC,1103,356,1121
TTGTCGC,1505,2396,1554
GTGTCGC,2504,2780,2197
CTGTCGC,1421,1296,1624
ATGTCGC,1788,1612,1677
TGGTCGC,1713,675,1863
GGGTCGC,1913,617,2195
CGGTCGC,1560,565,1815
AGGTCGC,1408,484,1619
TCGTCGC,1211,593,1362
GCGTCGC,2239,1810,2116
CCGTCGC,1444,647,1703
ACGTCGC,1654,678,1536
TAGTCGC,1378,611,1384
GAGTCGC,1507,652,1746
CAGTCGC,1073,426,1250
AAGTCGC,1294,491,1292
TTCTCGC,1188,252,1212
GTCTCGC,1593,512,1656
CTCTCGC,1053,236,1213
ATCTCGC,1206,317,1187
TGCTCGC,1603,648,1867
GGCTCGC,1617,437,1945
CGCTCGC,1312,379,1632
AGCTCGC,1265,333,1421
TCCTCGC,1233,263,1417
GCCTCGC,1789,1060,1878
CCCTCGC,1263,325,1598
ACCTCGC,1363,370,1398
TACTCGC,1526,414,1205
GACTCGC,1542,448,1569
CACTCGC,995,260,1154
AACTCGC,1054,273,1201
TTATCGC,1291,628,1345
GTATCGC,1863,1608,1612
CTATCGC,1089,521,1216
ATATCGC,1250,602,1255
TGATCGC,1400,503,1664
GGATCGC,1501,428,1788
CGATCGC,1304,471,1612
AGATCGC,1205,345,1291
TCATCGC,1013,382,1206
GCATCGC,2017,2248,1692
CCATCGC,1087,420,1255
ACATCGC,1361,508,1212
TAATCGC,1117,359,1152
GAATCGC,1188,412,1440
CAATCGC,980,320,1079
AAATCGC,1066,281,1108
TTTGCGC,1460,894,1736
GTTGCGC,3871,6060,2479
CTTGCGC,1732,753,1814
ATTGCGC,2300,1904,1786
TGTGCGC,2750,4023,2501
GGTGCGC,2744,1671,2825
CGTGCGC,1946,1212,2218
AGTGCGC,2076,1369,2147
TCTGCGC,1378,636,1604
GCTGCGC,2270,1597,2256
CCTGCGC,1670,646,1873
ACTGCGC,1653,778,1749
TATGCGC,2009,2157,1771
GATGCGC,3380,6869,2219
CATGCGC,1640,1339,1648
AATGCGC,2255,3155,1699
TTGGCGC,1452,758,1858
GTGGCGC,3198,4948,2775
CTGGCGC,1701,593,2005
ATGGCGC,1958,1466,1828
TGGGCGC,2004,1144,2195
GGGGCGC,2210,961,2662
CGGGCGC,1836,621,2167
AGGGCGC,1714,655,2053
TCGGCGC,1367,520,1681
GCGGCGC,2528,1791,2477
CCGGCGC,1544,558,1953
ACGGCGC,1706,596,1786
TAGGCGC,1571,1032,1628
GAGGCGC,1965,2521,2084
CAGGCGC,1297,634,1528
AAGGCGC,1374,1095,1501
TTCGCGC,1384,538,1557
GTCGCGC,2219,1255,2183
CTCGCGC,1362,533,1550
ATCGCGC,1661,749,1618
TGCGCGC,2409,1700,2246
GGCGCGC,2272,1267,2571
CGCGCGC,1866,1066,1951
AGCGCGC,1696,954,1875
TCCGCGC,1534,632,1636
GCCGCGC,2246,1402,2388
CCCGCGC,1605,598,1895
ACCGCGC,1738,703,1742
TACGCGC,2060,883,1767
GACGCGC,2313,1525,2117
CACGCGC,1526,1138,1461
AACGCGC,1494,848,1560
TTAGCGC,1287,520,1480
GTAGCGC,1927,1211,1997
CTAGCGC,1182,535,1376
ATAGCGC,1427,682,1363
TGAGCGC,1645,626,1883
GGAGCGC,1769,575,2095
CGAGCGC,1472,549,1837
AGAGCGC,1332,386,1513
TCAGCGC,1059,391,1252
GCAGCGC,1887,1005,1798
CCAGCGC,1149,387,1401
ACAGCGC,1369,459,1305
TAAGCGC,1163,452,1313
GAAGCGC,1426,548,1608
CAAGCGC,1073,546,1184
AAAGCGC,1138,555,1134
TTTCCGC,1418,242,1580
GTTCCGC,1934,545,1901
CTTCCGC,1215,263,1376
ATTCCGC,1433,339,1512
TGTCCGC,1940,2244,1947
GGTCCGC,1954,520,2201
CGTCCGC,1435,517,1726
AGTCCGC,1389,501,1668
TCTCCGC,1050,207,1196
GCTCCGC,1679,569,1739
CCTCCGC,1230,248,1455
ACTCCGC,1306,270,1418
TATCCGC,1429,510,1373
GATCCGC,1625,387,1643
CATCCGC,1032,254,1255
AATCCGC,1141,259,1267
TTGCCGC,1789,4972,2025
GTGCCGC,2864,7903,2779
CTGCCGC,1517,3404,1765
ATGCCGC,2025,4903,1973
TGGCCGC,2027,2826,2279
GGGCCGC,2275,2293,2655
CGGCCGC,1568,1858,2029
AGGCCGC,1747,2058,1950
TCGCCGC,1507,3109,1677
GCGCCGC,2469,5664,2333
CCGCCGC,1375,3411,1748
ACGCCGC,1685,2803,1709
TAGCCGC,1479,2260,1682
GAGCCGC,1636,1901,2116
CAGCCGC,1161,1245,1387
AAGCCGC,1414,1623,1553
TTCCCGC,1404,234,1651
GTCCCGC,1990,489,2087
CTCCCGC,1112,242,1172
ATCCCGC,1385,278,1520
TGCCCGC,1850,701,2295
GGCCCGC,2054,547,2554
CGCCCGC,1429,504,1747
AGCCCGC,1440,422,1818
TCCCCGC,1358,261,1782
GCCCCGC,2064,730,2276
CCCCCGC,1336,298,1617
ACCCCGC,1470,334,1647
TACCCGC,1748,449,1701
GACCCGC,1752,395,1977
CACCCGC,1121,284,1252
AACCCGC,1281,268,1495
TTACCGC,1445,386,1588
GTACCGC,1873,733,2110
CTACCGC,1153,335,1386
ATACCGC,1376,469,1466
TGACCGC,1693,499,2009
GGACCGC,1765,459,2135
CGACCGC,1255,350,1569
AGACCGC,1392,359,1523
TCACCGC,1147,309,1339
GCACCGC,2030,1166,1857
CCACCGC,1104,314,1437
ACACCGC,1445,521,1369
TAACCGC,1238,352,1372
GAACCGC,1447,397,1679
CAACCGC,1001,240,1194
AAACCGC,1185,309,1285
TTTACGC,1517,354,1589
GTTACGC,2595,1503,2085
CTTACGC,1500,335,1522
ATTACGC,1618,536,1461
TGTACGC,2348,3440,1976
GGTACGC,2283,872,2172
CGTACGC,1863,685,1980
AGTACGC,1713,849,1599
TCTACGC,1201,276,1385
GCTACGC,1817,891,1813
CCTACGC,1345,316,1561
ACTACGC,1482,403,1400
TATACGC,1605,897,1410
GATACGC,1957,1257,1695
CATACGC,1332,527,1454
AATACGC,1367,518,1234
TTGACGC,1905,1034,1872
GTGACGC,2938,1935,2517
CTGACGC,1684,835,1826
ATGACGC,1987,1018,1739
TGGACGC,2057,891,2109
GGGACGC,2131,884,2295
CGGACGC,1816,590,1997
AGGACGC,1664,698,1675
TCGACGC,1431,665,1493
GCGACGC,2307,1612,2100
CCGACGC,1592,666,1701
ACGACGC,1669,717,1596
TAGACGC,1635,713,1475
GAGACGC,1679,663,1858
CAGACGC,1223,392,1304
AAGACGC,1330,475,1276
TTCACGC,1524,423,1520
GTCACGC,1932,846,1873
CTCACGC,1258,394,1358
ATCACGC,1470,496,1321
TGCACGC,2060,1332,2064
GGCACGC,2094,820,2176
CGCACGC,1808,819,1876
AGCACGC,1617,657,1582
TCCACGC,1409,402,1488
GCCACGC,2077,1527,2044
CCCACGC,1486,446,1688
ACCACGC,1657,610,1518
TACACGC,1827,718,1477
GACACGC,2135,716,1674
CACACGC,1261,476,1225
AACACGC,1369,534,1279
TTAACGC,1306,478,1420
GTAACGC,1867,927,1799
CTAACGC,1351,424,1309
ATAACGC,1374,568,1328
TGAACGC,1603,528,1853
GGAACGC,1576,464,1842
CGAACGC,1458,425,1589
AGAACGC,1328,410,1377
TCAACGC,1070,369,1181
GCAACGC,2087,1734,1658
CCAACGC,1203,338,1430
ACAACGC,1568,613,1260
TAAACGC,1209,393,1199
GAAACGC,1322,389,1461
CAAACGC,1093,352,1107
AAAACGC,1067,316,1029
TTTTAGC,1132,193,1260
GTTTAGC,3075,4867,1545
CTTTAGC,1138,244,1343
ATTTAGC,1664,1024,1276
TGTTAGC,2106,8309,1472
GGTTAGC,1794,1595,1820
CGTTAGC,1420,1813,1554
AGTTAGC,1276,2427,1301
TCTTAGC,988,357,1212
GCTTAGC,1808,1053,1701
CCTTAGC,1164,274,1432
ACTTAGC,1392,293,1324
TATTAGC,1447,4336,1157
GATTAGC,1520,1074,1439
CATTAGC,1024,702,1155
AATTAGC,1036,1034,1088
TTGTAGC,1579,3525,1457
GTGTAGC,2322,4473,2065
CTGTAGC,1441,2072,1482
ATGTAGC,1602,2803,1493
TGGTAGC,1489,1571,1661
GGGTAGC,1620,752,1938
CGGTAGC,1412,950,1714
AGGTAGC,1317,721,1392
TCGTAGC,1352,917,1509
GCGTAGC,2313,2027,2316
CCGTAGC,1428,1050,1783
ACGTAGC,1591,890,1548
TAGTAGC,1192,1248,1197
GAGTAGC,1342,769,1536
CAGTAGC,992,710,1080
AAGTAGC,1111,824,1094
TTCTAGC,1060,233,1135
GTCTAGC,1523,456,1493
CTCTAGC,905,206,1146
ATCTAGC,1150,223,1076
TGCTAGC,1463,3298,1534
GGCTAGC,1525,579,1793
CGCTAGC,1252,615,1491
AGCTAGC,1138,596,1305
TCCTAGC,1211,255,1336
GCCTAGC,1705,643,1882
CCCTAGC,1148,263,1606
ACCTAGC,1309,341,1272
TACTAGC,1366,539,1143
GACTAGC,1435,367,1430
CACTAGC,959,311,1126
AACTAGC,942,194,1042
TTATAGC,1129,532,1134
GTATAGC,1491,1378,1525
CTATAGC,1006,410,1108
ATATAGC,1082,466,1059
TGATAGC,1332,2482,1458
GGATAGC,1382,557,1545
CGATAGC,1257,1104,1445
AGATAGC,1092,562,1215
TCATAGC,998,399,1117
GCATAGC,1735,969,1611
CCATAGC,1085,344,1304
ACATAGC,1296,487,1228
TAATAGC,1042,1451,1034
GAATAGC,1197,396,1327
CAATAGC,899,720,953
AAATAGC,1042,358,1024
TTTGAGC,1404,279,1547
GTTGAGC,2255,1084,2106
CTTGAGC,1293,265,1581
ATTGAGC,1542,493,1556
TGTGAGC,2079,6380,1976
GGTGAGC,2077,833,2192
CGTGAGC,1587,719,1931
AGTGAGC,1383,1242,1696
TCTGAGC,1166,254,1485
GCTGAGC,1869,710,2102
CCTGAGC,1394,280,1693
ACTGAGC,1451,331,1489
TATGAGC,1510,1985,1463
GATGAGC,1709,564,1787
CATGAGC,1143,490,1409
AATGAGC,1163,470,1311
TTGGAGC,1416,330,1752
GTGGAGC,2018,698,2282
CTGGAGC,1292,272,1677
ATGGAGC,1382,400,1524
TGGGAGC,1488,440,1858
GGGGAGC,1619,453,2088
CGGGAGC,1387,301,1737
AGGGAGC,1225,290,1404
TCGGAGC,1343,366,1718
GCGGAGC,2279,922,2360
CCGGAGC,1418,288,1872
ACGGAGC,1425,357,1680
TAGGAGC,1134,352,1354
GAGGAGC,1254,284,1669
CAGGAGC,968,211,1285
AAGGAGC,1011,186,1160
TTCGAGC,1309,280,1566
GTCGAGC,1801,409,1899
CTCGAGC,1199,258,1585
ATCGAGC,1292,312,1353
TGCGAGC,1951,1166,2043
GGCGAGC,1733,531,2231
CGCGAGC,1506,489,1805
AGCGAGC,1281,424,1573
TCCGAGC,1289,274,1520
GCCGAGC,1934,662,2134
CCCGAGC,1323,269,1764
ACCGAGC,1505,365,1556
TACGAGC,1744,404,1402
GACGAGC,1669,377,1796
CACGAGC,1109,220,1268
AACGAGC,1138,222,1334
TTAGAGC,1005,233,1240
GTAGAGC,1244,379,1510
CTAGAGC,989,215,1233
ATAGAGC,976,246,1153
TGAGAGC,1221,348,1564
GGAGAGC,1252,291,1562
CGAGAGC,1202,249,1504
AGAGAGC,1053,243,1166
TCAGAGC,914,221,1216
GCAGAGC,1612,593,1662
CCAGAGC,997,204,1277
ACAGAGC,1128,260,1197
TAAGAGC,922,193,1140
GAAGAGC,1060,231,1366
CAAGAGC,848,166,1036
AAAGAGC,802,175,984
TTTCAGC,1128,233,1266
GTTCAGC,1544,407,1531
CTTCAGC,1028,189,1144
ATTCAGC,1150,268,1135
TGTCAGC,1524,2914,1618
GGTCAGC,1505,491,1659
CGTCAGC,1120,614,1405
AGTCAGC,1141,563,1160
TCTCAGC,933,194,1184
GCTCAGC,1535,493,1613
CCTCAGC,1020,242,1332
ACTCAGC,1129,247,1139
TATCAGC,1260,731,1189
GATCAGC,1310,335,1353
CATCAGC,985,345,1144
AATCAGC,954,312,1045
TTGCAGC,1547,4933,1698
GTGCAGC,2180,7096,2222
CTGCAGC,1286,3369,1470
ATGCAGC,1612,4437,1655
TGGCAGC,1652,2358,1793
GGGCAGC,1817,1808,2180
CGGCAGC,1382,1759,1501
AGGCAGC,1299,1530,1567
TCGCAGC,1390,2766,1595
GCGCAGC,2356,4681,2246
CCGCAGC,1321,2866,1584
ACGCAGC,1593,2382,1556
TAGCAGC,1326,1943,1315
GAGCAGC,1357,1533,1587
CAGCAGC,949,1010,1180
AAGCAGC,1140,1427,1247
TTCCAGC,1056,192,1233
GTCCAGC,1509,344,1602
CTCCAGC,870,200,1002
ATCCAGC,1117,235,1204
TGCCAGC,1566,724,1781
GGCCAGC,1562,442,2030
CGCCAGC,1188,404,1503
AGCCAGC,1138,338,1606
TCCCAGC,1102,248,1196
GCCCAGC,1677,583,1859
CCCCAGC,1091,225,1404
ACCCAGC,1299,272,1345
TACCAGC,1465,399,1326
GACCAGC,1427,309,1634
CACCAGC,926,198,1087
AACCAGC,1040,216,1140
TTACAGC,1021,312,1193
GTACAGC,1407,486,1505
CTACAGC,970,250,1103
ATACAGC,1274,510,1174
TGACAGC,1315,551,1581
GGACAGC,1438,355,1590
CGACAGC,1068,348,1329
AGACAGC,1194,365,1251
TCACAGC,932,238,1117
GCACAGC,1672,913,1531
CCACAGC,967,290,1222
ACACAGC,1376,455,1191
TAACAGC,1030,350,1100
GAACAGC,1138,272,1383
CAACAGC,902,275,959
AAACAGC,1309,375,1041
TTTAAGC,1288,199,1396
GTTAAGC,1811,555,1736
CTTAAGC,1150,256,1364
ATTAAGC,1374,326,1259
TGTAAGC,1782,3630,1661
GGTAAGC,1922,814,1930
CGTAAGC,1533,651,1738
AGTAAGC,1450,863,1304
TCTAAGC,1150,240,1270
GCTAAGC,1755,653,1669
CCTAAGC,1268,277,1508
ACTAAGC,1329,296,1201
TATAAGC,1344,632,1255
GATAAGC,1560,494,1435
CATAAGC,1091,310,1224
AATAAGC,1221,321,1125
TTGAAGC,1444,529,1651
GTGAAGC,1999,809,2099
CTGAAGC,1284,375,1551
ATGAAGC,1357,468,1554
TGGAAGC,1481,451,1733
GGGAAGC,1470,356,1836
CGGAAGC,1357,345,1694
AGGAAGC,1205,262,1284
TCGAAGC,1281,377,1610
GCGAAGC,2254,912,2114
CCGAAGC,1301,355,1696
ACGAAGC,1379,383,1476
TAGAAGC,1183,296,1294
GAGAAGC,1217,268,1465
CAGAAGC,927,207,1149
AAGAAGC,953,215,1041
TTCAAGC,1152,255,1325
GTCAAGC,1598,438,1505
CTCAAGC,1045,224,1154
ATCAAGC,1151,300,1224
TGCAAGC,1659,1260,1696
GGCAAGC,1597,566,1823
CGCAAGC,1459,672,1775
AGCAAGC,1230,504,1332
TCCAAGC,1138,267,1329
GCCAAGC,1689,671,1785
CCCAAGC,1222,290,1487
ACCAAGC,1329,362,1380
TACAAGC,1690,512,1281
GACAAGC,1872,498,1550
CACAAGC,1122,305,1214
AACAAGC,1328,360,1160
TTAAAGC,1103,251,1189
GTAAAGC,1474,427,1603
CTAAAGC,1033,251,1175
ATAAAGC,1071,270,1086
TGAAAGC,1332,305,1394
GGAAAGC,1369,279,1535
CGAAAGC,1197,274,1407
AGAAAGC,1024,248,1089
TCAAAGC,947,223,1123
GCAAAGC,1812,754,1582
CCAAAGC,942,238,1249
ACAAAGC,1421,386,1084
TAAAAGC,1021,218,1067
GAAAAGC,1108,211,1276
CAAAAGC,933,184,989
AAAAAGC,874,171,925
TTTTTCC,742,198,935
GTTTTCC,3910,6478,1574
CTTTTCC,1143,331,1239
ATTTTCC,1791,1085,1266
TGTTTCC,1835,5963,1170
GGTTTCC,1431,2032,1529
CGTTTCC,1265,2187,1439
AGTTTCC,1246,3248,1261
TCTTTCC,878,376,1012
GCTTTCC,2169,1695,1717
CCTTTCC,1233,384,1539
ACTTTCC,1398,422,1300
TATTTCC,1591,3464,1167
GATTTCC,1829,1222,1489
CATTTCC,1052,821,1241
AATTTCC,1035,839,1112
TTGTTCC,1503,2059,1455
GTGTTCC,2986,4576,2032
CTGTTCC,1385,1246,1541
ATGTTCC,1737,1992,1587
TGGTTCC,1519,2348,1760
GGGTTCC,1805,1163,2070
CGGTTCC,1501,1667,1767
AGGTTCC,1369,1158,1539
TCGTTCC,1372,843,1519
GCGTTCC,2525,2479,2327
CCGTTCC,1475,1001,1858
ACGTTCC,1750,932,1715
TAGTTCC,1312,1604,1442
GAGTTCC,1470,918,1709
CAGTTCC,1053,970,1220
AAGTTCC,1199,736,1315
TTCTTCC,877,171,969
GTCTTCC,1650,509,1512
CTCTTCC,936,227,1125
ATCTTCC,1140,308,1221
TGCTTCC,1583,4058,1554
GGCTTCC,1627,889,1835
CGCTTCC,1302,981,1453
AGCTTCC,1176,1013,1361
TCCTTCC,1055,304,1250
GCCTTCC,1888,1269,1906
CCCTTCC,1341,293,1533
ACCTTCC,1351,365,1376
TACTTCC,1612,684,1197
GACTTCC,1436,427,1498
CACTTCC,928,276,1091
AACTTCC,1006,224,1058
TTATTCC,1123,533,1096
GTATTCC,1921,2663,1566
CTATTCC,1071,560,1139
ATATTCC,1150,674,1128
TGATTCC,1319,3018,1493
GGATTCC,1306,740,1706
CGATTCC,1301,1728,1651
AGATTCC,1150,845,1226
TCATTCC,1028,483,1164
GCATTCC,2329,4847,1659
CCATTCC,1111,463,1311
ACATTCC,1466,574,1158
TAATTCC,1049,926,1220
GAATTCC,1205,586,1424
CAATTCC,933,626,1093
AAATTCC,966,341,1038
TTTGTCC,1565,379,1461
GTTGTCC,4994,10106,2083
CTTGTCC,1488,448,1602
ATTGTCC,2457,1959,1578
TGTGTCC,2643,9200,1974
GGTGTCC,2395,2570,2298
CGTGTCC,1721,2104,1958
AGTGTCC,1719,3150,1749
TCTGTCC,1322,370,1372
GCTGTCC,2430,1710,2118
CCTGTCC,1482,435,1671
ACTGTCC,1535,478,1554
TATGTCC,1825,3729,1488
GATGTCC,2240,1771,1969
CATGTCC,1272,961,1568
AATGTCC,1359,1112,1414
TTGGTCC,1639,614,1810
GTGGTCC,2568,2204,2404
CTGGTCC,1339,510,1757
ATGGTCC,1586,816,1694
TGGGTCC,1784,1166,2003
GGGGTCC,1847,949,2274
CGGGTCC,1596,934,1966
AGGGTCC,1400,788,1693
TCGGTCC,1411,569,1637
GCGGTCC,2354,1536,2441
CCGGTCC,1526,599,1878
ACGGTCC,1558,704,1713
TAGGTCC,1304,796,1444
GAGGTCC,1500,642,1846
CAGGTCC,1174,541,1467
AAGGTCC,1192,496,1361
TTCGTCC,1341,359,1405
GTCGTCC,1824,1017,1754
CTCGTCC,1162,346,1404
ATCGTCC,1388,559,1349
TGCGTCC,2222,4224,1969
GGCGTCC,2041,2030,2227
CGCGTCC,1736,1841,1795
AGCGTCC,1507,1664,1641
TCCGTCC,1309,462,1560
GCCGTCC,1944,1163,2175
CCCGTCC,1411,419,1717
ACCGTCC,1491,576,1615
TACGTCC,1846,858,1443
GACGTCC,2028,755,1825
CACGTCC,1186,425,1397
AACGTCC,1199,436,1349
TTAGTCC,1089,403,1323
GTAGTCC,1749,1348,1631
CTAGTCC,1057,350,1316
ATAGTCC,1153,488,1241
TGAGTCC,1352,1159,1735
GGAGTCC,1463,614,1789
CGAGTCC,1395,782,1660
AGAGTCC,1226,575,1355
TCAGTCC,942,429,1257
GCAGTCC,1746,1073,1773
CCAGTCC,1128,474,1350
ACAGTCC,1329,572,1264
TAAGTCC,1085,472,1291
GAAGTCC,1307,392,1520
CAAGTCC,932,327,1166
AAAGTCC,952,299,1202
TTTCTCC,951,164,1013
GTTCTCC,1680,487,1362
CTTCTCC,902,170,1051
ATTCTCC,1097,281,1058
TGTCTCC,1508,3488,1380
GGTCTCC,1552,513,1651
CGTCTCC,1168,518,1276
AGTCTCC,1129,635,1266
TCTCTCC,916,183,999
GCTCTCC,1381,562,1537
CCTCTCC,933,254,1323
ACTCTCC,1149,259,1136
TATCTCC,1243,596,1096
GATCTCC,1324,352,1363
CATCTCC,877,315,1034
AATCTCC,954,226,1057
TTGCTCC,1497,1262,1567
GTGCTCC,2235,2389,2130
CTGCTCC,1120,924,1461
ATGCTCC,1656,1682,1568
TGGCTCC,1658,1365,1837
GGGCTCC,1766,1229,2166
CGGCTCC,1264,1049,1607
AGGCTCC,1331,1083,1544
TCGCTCC,1414,1149,1595
GCGCTCC,2355,2827,2174
CCGCTCC,1276,1359,1583
ACGCTCC,1628,1338,1604
TAGCTCC,1306,1047,1311
GAGCTCC,1386,924,1684
CAGCTCC,1013,681,1219
AAGCTCC,1057,725,1292
TTCCTCC,1183,262,1206
GTCCTCC,1709,503,1579
CTCCTCC,1002,184,1081
ATCCTCC,1169,284,1134
TGCCTCC,1770,3610,1770
GGCCTCC,1781,2268,2075
CGCCTCC,1312,2886,1559
AGCCTCC,1328,1981,1462
TCCCTCC,1243,314,1476
GCCCTCC,1806,774,1908
CCCCTCC,1240,320,1486
ACCCTCC,1317,400,1550
TACCTCC,1601,700,1417
GACCTCC,1478,427,1600
CACCTCC,918,300,1127
AACCTCC,1004,277,1176
TTACTCC,1138,373,1302
GTACTCC,1538,697,1539
CTACTCC,920,303,1047
ATACTCC,1110,449,1216
TGACTCC,1238,713,1453
GGACTCC,1342,595,1749
CGACTCC,1146,587,1348
AGACTCC,1088,462,1270
TCACTCC,988,515,1117
GCACTCC,1877,1360,1551
CCACTCC,1069,466,1282
ACACTCC,1242,602,1224
TAACTCC,933,358,1185
GAACTCC,1142,350,1441
CAACTCC,779,251,1014
AAACTCC,871,285,978
TTTATCC,1210,315,1274
GTTATCC,2760,3850,1692
CTTATCC,1232,279,1366
ATTATCC,1574,820,1256
TGTATCC,2194,7241,1556
GGTATCC,2081,2148,1900
CGTATCC,1569,2427,1712
AGTATCC,1544,2818,1367
TCTATCC,1052,326,1127
GCTATCC,1744,1149,1696
CCTATCC,1194,347,1488
ACTATCC,1333,448,1372
TATATCC,1318,1691,1222
GATATCC,1638,911,1573
CATATCC,1103,814,1198
AATATCC,1155,649,1171
TTGATCC,1584,731,1704
GTGATCC,2473,2126,2101
CTGATCC,1303,579,1686
ATGATCC,1521,888,1591
TGGATCC,1565,732,1854
GGGATCC,1756,610,2045
CGGATCC,1387,598,1818
AGGATCC,1207,455,1544
TCGATCC,1379,650,1747
GCGATCC,2184,1588,2186
CCGATCC,1341,619,1728
ACGATCC,1576,665,1518
TAGATCC,1394,636,1391
GAGATCC,1411,492,1677
CAGATCC,1027,378,1323
AAGATCC,1047,346,1275
TTCATCC,1140,306,1238
GTCATCC,1743,1207,1489
CTCATCC,1022,296,1199
ATCATCC,1151,481,1279
TGCATCC,3035,10577,1627
GGCATCC,2276,7050,1910
CGCATCC,2278,8662,1751
AGCATCC,1800,6255,1408
TCCATCC,1140,336,1309
GCCATCC,1798,1482,1841
CCCATCC,1185,392,1381
ACCATCC,1332,512,1380
TACATCC,1732,815,1308
GACATCC,1916,739,1529
CACATCC,1032,479,1150
AACATCC,1234,498,1215
TTAATCC,1118,366,1277
GTAATCC,1648,1173,1585
CTAATCC,1051,349,1279
ATAATCC,1196,411,1167
TGAATCC,1366,964,1579
GGAATCC,1333,634,1603
CGAATCC,1264,608,1498
AGAATCC,1093,490,1223
TCAATCC,982,352,1105
GCAATCC,2061,1981,1628
CCAATCC,1051,378,1324
ACAATCC,1552,583,1223
TAAATCC,1077,394,1212
GAAATCC,1118,289,1470
CAAATCC,1035,239,1098
AAAATCC,945,230,1111
TTTTGCC,1726,638,1715
GTTTGCC,4873,11532,2363
CTTTGCC,1666,633,1822
ATTTGCC,2557,2812,1601
TGTTGCC,3714,13720,2270
GGTTGCC,2870,5431,2641
CGTTGCC,2239,5069,2232
AGTTGCC,2111,6377,1911
TCTTGCC,1517,711,1671
GCTTGCC,2564,2312,2351
CCTTGCC,1732,631,2034
ACTTGCC,1792,759,1742
TATTGCC,2160,7130,1646
GATTGCC,2358,2846,2137
CATTGCC,1481,1620,1614
AATTGCC,1672,2497,1581
TTGTGCC,2480,3514,2219
GTGTGCC,3613,5874,3013
CTGTGCC,2023,2135,2081
ATGTGCC,2600,2885,2144
TGGTGCC,2446,4379,2661
GGGTGCC,2716,2257,2851
CGGTGCC,2344,2311,2479
AGGTGCC,2149,1741,2098
TCGTGCC,1906,1590,1982
GCGTGCC,3267,5063,2848
CCGTGCC,2120,1605,2342
ACGTGCC,2366,1513,2054
TAGTGCC,1917,2478,1834
GAGTGCC,2305,1915,2309
CAGTGCC,1609,1397,1676
AAGTGCC,1784,1305,1713
TTCTGCC,1392,442,1431
GTCTGCC,2071,858,1970
CTCTGCC,1336,379,1548
ATCTGCC,1470,547,1434
TGCTGCC,2124,6997,2221
GGCTGCC,2172,1221,2355
CGCTGCC,1728,1342,1996
AGCTGCC,1598,1263,1736
TCCTGCC,1592,509,1733
GCCTGCC,2407,1856,2334
CCCTGCC,1729,515,1918
ACCTGCC,1737,701,1709
TACTGCC,1824,1071,1629
GACTGCC,1861,753,1846
CACTGCC,1241,438,1404
AACTGCC,1344,477,1318
TTATGCC,1742,1180,1621
GTATGCC,2528,3985,2239
CTATGCC,1532,941,1635
ATATGCC,1754,1251,1590
TGATGCC,2272,7170,2037
GGATGCC,2604,3191,2402
CGATGCC,1951,3473,1986
AGATGCC,2134,2853,1677
TCATGCC,1372,920,1606
GCATGCC,2648,4116,2147
CCATGCC,1581,920,1788
ACATGCC,1903,1221,1591
TAATGCC,1651,2484,1508
GAATGCC,2043,1890,1939
CAATGCC,1337,1273,1410
AAATGCC,1613,1525,1484
TTTGGCC,1786,647,1978
GTTGGCC,3502,4775,2626
CTTGGCC,1709,534,1951
ATTGGCC,2097,1258,1819
TGTGGCC,2822,8685,2533
GGTGGCC,2691,2098,2909
CGTGGCC,2190,1802,2471
AGTGGCC,2025,2234,2065
TCTGGCC,1579,486,1881
GCTGGCC,2354,1418,2513
CCTGGCC,1694,557,2132
ACTGGCC,1724,669,1849
TATGGCC,1949,2124,1916
GATGGCC,2209,1385,2197
CATGGCC,1577,870,1782
AATGGCC,1607,989,1672
TTGGGCC,1945,932,2299
GTGGGCC,2896,1761,2845
CTGGGCC,1718,679,2190
ATGGGCC,1923,994,2021
TGGGGCC,2150,1281,2455
GGGGGCC,2320,1428,2822
CGGGGCC,1921,949,2454
AGGGGCC,1722,881,2030
TCGGGCC,1780,718,2061
GCGGGCC,2978,2051,3032
CCGGGCC,1786,732,2315
ACGGGCC,1970,899,2071
TAGGGCC,1677,896,1850
GAGGGCC,1870,1046,2202
CAGGGCC,1568,600,1726
AAGGGCC,1536,644,1659
TTCGGCC,1521,589,1729
GTCGGCC,2033,880,2236
CTCGGCC,1384,395,1798
ATCGGCC,1495,547,1500
TGCGGCC,2153,2291,2396
GGCGGCC,2254,1019,2633
CGCGGCC,1874,835,2194
AGCGGCC,1725,812,1930
TCCGGCC,1493,532,1838
GCCGGCC,2225,1259,2553
CCCGGCC,1663,555,2180
ACCGGCC,1731,610,1874
TACGGCC,1929,896,1775
GACGGCC,2084,781,2014
CACGGCC,1345,476,1535
AACGGCC,1386,559,1466
TTAGGCC,1489,658,1719
GTAGGCC,1837,1207,2080
CTAGGCC,1355,495,1473
ATAGGCC,1452,666,1443
TGAGGCC,1850,1257,2059
GGAGGCC,1926,1326,2259
CGAGGCC,1696,879,2025
AGAGGCC,1623,1038,1593
TCAGGCC,1278,593,1548
GCAGGCC,2115,1500,2111
CCAGGCC,1391,614,1688
ACAGGCC,1564,807,1505
TAAGGCC,1336,631,1512
GAAGGCC,1672,750,1821
CAAGGCC,1216,434,1406
AAAGGCC,1234,631,1336
TTTCGCC,1648,631,1568
GTTCGCC,2205,1081,1921
CTTCGCC,1336,460,1440
ATTCGCC,1621,715,1462
TGTCGCC,2061,4862,1863
GGTCGCC,2191,1185,2279
CGTCGCC,1624,1013,1702
AGTCGCC,1529,1095,1548
TCTCGCC,1262,567,1354
GCTCGCC,2069,1169,1863
CCTCGCC,1445,614,1621
ACTCGCC,1572,652,1436
TATCGCC,1684,1355,1464
GATCGCC,1870,840,1792
CATCGCC,1216,666,1323
AATCGCC,1250,693,1296
TTGCGCC,2334,5350,2330
GTGCGCC,3162,7456,2960
CTGCGCC,1876,3842,1941
ATGCGCC,2356,4830,1985
TGGCGCC,2290,2891,2374
GGGCGCC,2653,2748,2745
CGGCGCC,1907,2241,2083
AGGCGCC,2105,2241,1926
TCGCGCC,1871,2786,1870
GCGCGCC,3114,5465,2728
CCGCGCC,1844,2974,2055
ACGCGCC,2075,2539,1760
TAGCGCC,1734,2356,1753
GAGCGCC,1983,2139,2103
CAGCGCC,1510,1468,1452
AAGCGCC,1579,1860,1539
TTCCGCC,1638,753,1685
GTCCGCC,2200,1046,2139
CTCCGCC,1313,513,1392
ATCCGCC,1525,648,1513
TGCCGCC,2196,1755,2314
GGCCGCC,2217,1222,2535
CGCCGCC,1633,1004,1878
AGCCGCC,1605,822,1745
TCCCGCC,1632,642,1694
GCCCGCC,2372,1473,2341
CCCCGCC,1596,615,1772
ACCCGCC,1713,705,1735
TACCGCC,2024,967,1644
GACCGCC,1803,905,2005
CACCGCC,1280,600,1352
AACCGCC,1400,604,1464
TTACGCC,1635,743,1705
GTACGCC,2089,1348,2086
CTACGCC,1315,600,1468
ATACGCC,1431,809,1490
TGACGCC,1896,1476,1924
GGACGCC,1938,1150,2070
CGACGCC,1581,937,1618
AGACGCC,1533,841,1473
TCACGCC,1352,811,1487
GCACGCC,2435,2188,1977
CCACGCC,1398,831,1648
ACACGCC,1699,954,1461
TAACGCC,1477,834,1541
GAACGCC,1619,848,1723
CAACGCC,1199,610,1256
AAACGCC,1187,665,1225
TTTAGCC,1554,580,1628
GTTAGCC,2420,2636,2069
CTTAGCC,1489,497,1548
ATTAGCC,1751,827,1563
TGTAGCC,2062,6572,1818
GGTAGCC,1984,1626,2043
CGTAGCC,1803,1453,1928
AGTAGCC,1587,1705,1615
TCTAGCC,1273,444,1485
GCTAGCC,1987,1267,1881
CCTAGCC,1480,514,1731
ACTAGCC,1556,602,1553
TATAGCC,1527,1516,1483
GATAGCC,1766,1030,1832
CATAGCC,1391,614,1445
AATAGCC,1363,715,1322
TTGAGCC,1842,1045,2136
GTGAGCC,2668,2213,2566
CTGAGCC,1729,859,1933
ATGAGCC,1862,1080,1865
TGGAGCC,1903,990,2120
GGGAGCC,2080,899,2340
CGGAGCC,1804,759,2159
AGGAGCC,1504,670,1656
TCGAGCC,1685,785,1915
GCGAGCC,2403,1840,2387
CCGAGCC,1717,735,1996
ACGAGCC,1757,783,1803
TAGAGCC,1477,766,1613
GAGAGCC,1636,733,1916
CAGAGCC,1251,528,1459
AAGAGCC,1287,537,1323
TTCAGCC,1226,419,1429
GTCAGCC,1702,840,1764
CTCAGCC,1057,371,1249
ATCAGCC,1285,528,1310
TGCAGCC,1909,2181,2001
GGCAGCC,1885,971,2140
CGCAGCC,1658,1115,1892
AGCAGCC,1428,792,1553
TCCAGCC,1215,427,1434
GCCAGCC,1936,1105,1993
CCCAGCC,1242,398,1536
ACCAGCC,1505,447,1525
TACAGCC,1626,772,1500
GACAGCC,1945,727,1796
CACAGCC,1215,375,1318
AACAGCC,1300,524,1240
TTAAGCC,1316,483,1631
GTAAGCC,2027,1197,1959
CTAAGCC,1268,414,1491
ATAAGCC,1420,558,1429
TGAAGCC,1662,769,1941
GGAAGCC,1649,614,1988
CGAAGCC,1554,573,1830
AGAAGCC,1307,475,1390
TCAAGCC,1148,427,1319
GCAAGCC,2031,1458,1948
CCAAGCC,1281,467,1576
ACAAGCC,1602,701,1300
TAAAGCC,1280,512,1411
GAAAGCC,1354,507,1618
CAAAGCC,1104,370,1319
AAAAGCC,1197,453,1204
TTTTCCC,1247,188,1394
GTTTCCC,2965,2598,1992
CTTTCCC,1348,270,1523
ATTTCCC,1721,543,1496
TGTTCCC,2230,5007,1771
GGTTCCC,2110,683,2188
CGTTCCC,1774,643,1898
AGTTCCC,1670,827,1556
TCTTCCC,1208,242,1297
GCTTCCC,2066,884,1914
CCTTCCC,1406,317,1739
ACTTCCC,1602,331,1567
TATTCCC,1617,1054,1510
GATTCCC,1923,664,1839
CATTCCC,1242,359,1352
AATTCCC,1328,401,1383
TTGTCCC,1985,3724,1958
GTGTCCC,3238,4945,2740
CTGTCCC,1719,2344,1801
ATGTCCC,2024,2903,1930
TGGTCCC,2089,948,2269
GGGTCCC,2099,763,2595
CGGTCCC,1841,758,2278
AGGTCCC,1659,613,1888
TCGTCCC,1553,1200,1744
GCGTCCC,2677,2863,2546
CCGTCCC,1608,1302,1954
ACGTCCC,1816,1061,1782
TAGTCCC,1671,1040,1740
GAGTCCC,1736,917,2111
CAGTCCC,1316,594,1575
AAGTCCC,1455,589,1587
TTCTCCC,1073,196,1073
GTCTCCC,1710,523,1579
CTCTCCC,1107,217,1260
ATCTCCC,1171,276,1272
TGCTCCC,1796,861,1715
GGCTCCC,1825,493,2103
CGCTCCC,1532,493,1855
AGCTCCC,1319,407,1623
TCCTCCC,1291,282,1471
GCCTCCC,2031,1573,1947
CCCTCCC,1369,341,1652
ACCTCCC,1418,381,1586
TACTCCC,1792,558,1402
GACTCCC,1764,534,1605
CACTCCC,1087,354,1304
AACTCCC,1102,295,1324
TTATCCC,1450,669,1451
GTATCCC,2180,2238,1908
CTATCCC,1262,509,1395
ATATCCC,1420,648,1402
TGATCCC,1723,775,1909
GGATCCC,1765,449,2127
CGATCCC,1556,527,1852
AGATCCC,1354,392,1577
TCATCCC,1183,495,1373
GCATCCC,2917,6895,1902
CCATCCC,1282,542,1463
ACATCCC,1596,608,1369
TAATCCC,1262,405,1411
GAATCCC,1515,491,1797
CAATCCC,1129,353,1303
AAATCCC,1271,299,1363
TTTGCCC,2006,930,2235
GTTGCCC,4430,6182,2963
CTTGCCC,1741,668,2209
ATTGCCC,2435,1680,2143
TGTGCCC,3023,5079,2874
GGTGCCC,3065,1760,3345
CGTGCCC,2273,1286,2694
AGTGCCC,2138,1595,2393
TCTGCCC,1608,600,1823
GCTGCCC,2600,1622,2656
CCTGCCC,1867,623,2256
ACTGCCC,1886,721,1898
TATGCCC,2342,2357,2186
GATGCCC,3189,4333,2719
CATGCCC,1692,1107,1932
AATGCCC,2051,2195,1981
TTGGCCC,2115,993,2436
GTGGCCC,3328,3626,3342
CTGGCCC,1903,771,2312
ATGGCCC,2150,1381,2332
TGGGCCC,2307,1290,2865
GGGGCCC,2681,1093,3152
CGGGCCC,2075,797,2819
AGGGCCC,2051,839,2253
TCGGCCC,1736,793,2161
GCGGCCC,2906,2216,2909
CCGGCCC,1795,699,2383
ACGGCCC,1914,852,2081
TAGGCCC,1933,1221,2102
GAGGCCC,2173,1878,2594
CAGGCCC,1603,633,1931
AAGGCCC,1740,950,1822
TTCGCCC,1666,815,1918
GTCGCCC,2333,1396,2372
CTCGCCC,1492,686,1785
ATCGCCC,1613,888,1783
TGCGCCC,2527,2531,2639
GGCGCCC,2519,1547,2860
CGCGCCC,2000,1414,2341
AGCGCCC,1877,1334,2095
TCCGCCC,1515,961,1772
GCCGCCC,2516,1959,2621
CCCGCCC,1675,832,2100
ACCGCCC,1689,962,2022
TACGCCC,2238,1397,1937
GACGCCC,2393,1578,2333
CACGCCC,1672,1092,1711
AACGCCC,1543,934,1679
TTAGCCC,1652,729,1899
GTAGCCC,2188,1526,2334
CTAGCCC,1406,631,1742
ATAGCCC,1586,791,1667
TGAGCCC,1946,888,2374
GGAGCCC,1960,798,2588
CGAGCCC,1794,712,2388
AGAGCCC,1532,606,1963
TCAGCCC,1256,566,1633
GCAGCCC,2225,1556,2124
CCAGCCC,1283,562,1777
ACAGCCC,1522,701,1577
TAAGCCC,1500,611,1767
GAAGCCC,1578,588,2218
CAAGCCC,1227,643,1556
AAAGCCC,1427,699,1631
TTTCCCC,1548,274,1633
GTTCCCC,2359,664,2128
CTTCCCC,1413,268,1568
ATTCCCC,1523,408,1615
TGTCCCC,2258,5934,2235
GGTCCCC,2228,796,2578
CGTCCCC,1611,1053,1983
AGTCCCC,1635,949,1870
TCTCCCC,1098,270,1275
GCTCCCC,1914,765,1938
CCTCCCC,1345,254,1589
ACTCCCC,1496,369,1522
TATCCCC,1753,1176,1672
GATCCCC,1796,512,2079
CATCCCC,1304,521,1395
AATCCCC,1372,453,1386
TTGCCCC,2261,4528,2446
GTGCCCC,3290,7462,3161
CTGCCCC,1716,3166,2134
ATGCCCC,2252,4593,2320
TGGCCCC,2359,3268,2694
GGGCCCC,2586,2521,3079
CGGCCCC,1913,2118,2363
AGGCCCC,2078,2151,2404
TCGCCCC,1756,3456,2021
GCGCCCC,2852,6753,2803
CCGCCCC,1632,3849,2054
ACGCCCC,1924,3096,1888
TAGCCCC,1809,2610,1998
GAGCCCC,1958,2134,2520
CAGCCCC,1346,1480,1756
AAGCCCC,1580,1760,1875
TTCCCCC,1428,234,1728
GTCCCCC,2215,665,2161
CTCCCCC,1314,255,1529
ATCCCCC,1586,367,1732
TGCCCCC,2211,1212,2463
GGCCCCC,2321,788,2940
CGCCCCC,1680,695,2077
AGCCCCC,1796,569,2052
TCCCCCC,1463,324,1834
GCCCCCC,2309,930,2486
CCCCCCC,1501,335,1872
ACCCCCC,1723,451,1760
TACCCCC,2034,701,1836
GACCCCC,1927,618,2159
CACCCCC,1268,353,1504
AACCCCC,1468,356,1609
TTACCCC,1620,394,1783
GTACCCC,2121,828,2273
CTACCCC,1250,345,1490
ATACCCC,1551,544,1692
TGACCCC,1982,891,2233
GGACCCC,1959,576,2489
CGACCCC,1519,605,1921
AGACCCC,1594,478,1792
TCACCCC,1265,398,1393
GCACCCC,2360,1480,2082
CCACCCC,1295,387,1576
ACACCCC,1803,630,1519
TAACCCC,1473,449,1641
GAACCCC,1634,475,1992
CAACCCC,1111,324,1309
AAACCCC,1323,378,1479
TTTACCC,1722,311,1784
GTTACCC,2804,1459,2296
CTTACCC,1582,349,1806
ATTACCC,1741,504,1655
TGTACCC,2449,5278,2233
GGTACCC,2442,1137,2533
CGTACCC,2016,1036,2259
AGTACCC,1775,1145,1809
TCTACCC,1281,317,1549
GCTACCC,2209,1114,2190
CCTACCC,1509,378,1835
ACTACCC,1684,467,1591
TATACCC,1862,1280,1733
GATACCC,2154,1043,2151
CATACCC,1376,467,1654
AATACCC,1625,509,1457
TTGACCC,2050,1007,2340
GTGACCC,3099,1866,2931
CTGACCC,1800,744,2219
ATGACCC,2058,1031,2072
TGGACCC,2163,1029,2500
GGGACCC,2222,887,2678
CGGACCC,1953,682,2347
AGGACCC,1805,676,1917
TCGACCC,1559,744,1963
GCGACCC,2742,2242,2583
CCGACCC,1560,690,2035
ACGACCC,1837,715,1875
TAGACCC,1722,974,1851
GAGACCC,1918,811,2332
CAGACCC,1353,438,1593
AAGACCC,1417,489,1603
TTCACCC,1370,307,1527
GTCACCC,2009,798,1907
CTCACCC,1241,325,1509
ATCACCC,1371,442,1400
TGCACCC,2208,1642,2258
GGCACCC,2122,766,2434
CGCACCC,1787,871,2106
AGCACCC,1672,650,1791
TCCACCC,1387,353,1494
GCCACCC,2210,1892,2099
CCCACCC,1493,385,1757
ACCACCC,1579,453,1687
TACACCC,2039,879,1635
GACACCC,2120,784,1811
CACACCC,1357,484,1494
AACACCC,1447,467,1409
TTAACCC,1483,408,1769
GTAACCC,2095,1042,2186
CTAACCC,1421,390,1631
ATAACCC,1637,468,1559
TGAACCC,1756,626,2185
GGAACCC,1821,415,2283
CGAACCC,1663,419,2057
AGAACCC,1434,357,1637
TCAACCC,1180,312,1411
GCAACCC,2696,3550,1943
CCAACCC,1281,326,1605
ACAACCC,1796,593,1450
TAAACCC,1383,368,1593
GAAACCC,1633,388,1917
CAAACCC,1224,330,1424
AAAACCC,1306,261,1524
TTTTACC,1467,290,1478
GTTTACC,5827,12803,2088
CTTTACC,1459,427,1524
ATTTACC,3172,3740,1618
TGTTACC,2519,7559,1933
GGTTACC,2279,1345,2321
CGTTACC,1947,1401,1887
AGTTACC,1718,1662,1659
TCTTACC,1313,341,1404
GCTTACC,3154,3805,2120
CCTTACC,1419,388,1784
ACTTACC,1700,554,1554
TATTACC,1740,2123,1377
GATTACC,2595,1855,1773
CATTACC,1344,610,1368
AATTACC,1559,925,1349
TTGTACC,1936,3351,1908
GTGTACC,4401,7683,2619
CTGTACC,1683,2139,1890
ATGTACC,2357,2995,1842
TGGTACC,2062,1709,2230
GGGTACC,2213,995,2388
CGGTACC,1829,1252,2118
AGGTACC,1609,850,1810
TCGTACC,1700,1317,1973
GCGTACC,2924,3112,2542
CCGTACC,1743,1536,1998
ACGTACC,2017,1238,2003
TAGTACC,1602,1332,1601
GAGTACC,1840,965,2070
CAGTACC,1284,835,1456
AAGTACC,1413,762,1446
TTCTACC,1173,240,1252
GTCTACC,1809,1136,1705
CTCTACC,1084,222,1393
ATCTACC,1197,348,1273
TGCTACC,1798,1853,1716
GGCTACC,1729,732,2020
CGCTACC,1625,738,1817
AGCTACC,1301,647,1532
TCCTACC,1281,336,1478
GCCTACC,2030,961,2033
CCCTACC,1435,352,1630
ACCTACC,1549,407,1612
TACTACC,1736,681,1320
GACTACC,1730,532,1654
CACTACC,1155,343,1263
AACTACC,1142,312,1234
TTATACC,1337,555,1369
GTATACC,3153,5651,1808
CTATACC,1299,485,1347
ATATACC,1398,827,1351
TGATACC,1701,1858,1797
GGATACC,1869,864,1909
CGATACC,1582,1074,1850
AGATACC,1540,747,1488
TCATACC,1185,456,1317
GCATACC,2277,1816,1937
CCATACC,1324,470,1507
ACATACC,1717,675,1464
TAATACC,1221,720,1312
GAATACC,1536,628,1634
CAATACC,1218,469,1268
AAATACC,1353,480,1287
TTTGACC,1763,402,1972
GTTGACC,5000,7114,2530
CTTGACC,1607,362,1943
ATTGACC,2606,1704,1886
TGTGACC,2885,4753,2358
GGTGACC,2522,1063,2769
CGTGACC,2049,874,2427
AGTGACC,1911,1105,2097
TCTGACC,1482,318,1745
GCTGACC,2391,1277,2505
CCTGACC,1608,336,2047
ACTGACC,1731,443,1806
TATGACC,1944,1433,1873
GATGACC,2312,971,2143
CATGACC,1508,530,1716
AATGACC,1561,546,1646
TTGGACC,1867,593,2143
GTGGACC,2669,1350,2745
CTGGACC,1588,456,2120
ATGGACC,1776,618,1981
TGGGACC,1970,751,2304
GGGGACC,1984,669,2539
CGGGACC,1755,543,2272
AGGGACC,1546,495,1891
TCGGACC,1605,483,2055
GCGGACC,2682,1414,2683
CCGGACC,1724,387,2164
ACGGACC,1865,489,2113
TAGGACC,1489,558,1732
GAGGACC,1639,423,2150
CAGGACC,1302,371,1657
AAGGACC,1286,338,1452
TTCGACC,1364,394,1584
GTCGACC,1886,624,2043
CTCGACC,1368,278,1716
ATCGACC,1449,361,1479
TGCGACC,2099,1600,2156
GGCGACC,1951,953,2381
CGCGACC,1673,769,1950
AGCGACC,1417,688,1766
TCCGACC,1444,364,1700
GCCGACC,2017,820,2351
CCCGACC,1467,308,1907
ACCGACC,1563,431,1663
TACGACC,1923,687,1657
GACGACC,1997,507,1860
CACGACC,1150,330,1424
AACGACC,1282,298,1472
TTAGACC,1339,370,1639
GTAGACC,1651,673,1891
CTAGACC,1179,305,1498
ATAGACC,1317,408,1461
TGAGACC,1597,613,2003
GGAGACC,1618,420,2095
CGAGACC,1499,437,2020
AGAGACC,1274,359,1526
TCAGACC,1135,291,1504
GCAGACC,1996,859,2010
CCAGACC,1267,284,1663
ACAGACC,1461,353,1463
TAAGACC,1256,316,1508
GAAGACC,1328,293,1732
CAAGACC,1033,244,1355
AAAGACC,1055,255,1251
TTTCACC,1300,267,1331
GTTCACC,1887,718,1754
CTTCACC,1124,282,1332
ATTCACC,1414,395,1322
TGTCACC,1869,8083,1733
GGTCACC,1803,1082,1991
CGTCACC,1434,2707,1572
AGTCACC,1382,2001,1497
TCTCACC,1209,296,1317
GCTCACC,1837,749,1860
CCTCACC,1180,321,1486
ACTCACC,1341,394,1309
TATCACC,1503,2606,1386
GATCACC,1623,907,1588
CATCACC,1121,1247,1063
AATCACC,1158,739,1130
TTGCACC,1900,4852,2011
GTGCACC,2843,6902,2748
CTGCACC,1515,3268,1873
ATGCACC,2122,4380,1946
TGGCACC,2038,2503,2302
GGGCACC,2230,1801,2491
CGGCACC,1573,1721,1947
AGGCACC,1654,1580,1856
TCGCACC,1636,2779,1961
GCGCACC,2877,4758,2606
CCGCACC,1654,2837,2010
ACGCACC,1932,2323,1997
TAGCACC,1609,2141,1663
GAGCACC,1710,1526,2078
CAGCACC,1160,1152,1288
AAGCACC,1454,1278,1504
TTCCACC,1372,293,1485
GTCCACC,1910,530,1875
CTCCACC,1063,252,1296
ATCCACC,1287,265,1398
TGCCACC,2073,3416,2005
GGCCACC,1989,1426,2285
CGCCACC,1540,2097,1730
AGCCACC,1468,1269,1717
TCCCACC,1328,312,1521
GCCCACC,1974,865,2231
CCCCACC,1300,278,1516
ACCCACC,1512,363,1514
TACCACC,1757,816,1538
GACCACC,1649,490,1821
CACCACC,1090,363,1195
AACCACC,1244,313,1340
TTACACC,1430,456,1572
GTACACC,2051,1057,1850
CTACACC,1191,368,1306
ATACACC,1564,743,1356
TGACACC,1663,2491,1814
GGACACC,1745,708,2066
CGACACC,1312,1177,1551
AGACACC,1339,677,1436
TCACACC,1155,462,1387
GCACACC,2227,1457,1874
CCACACC,1248,417,1436
ACACACC,1709,738,1314
TAACACC,1254,1084,1445
GAACACC,1405,534,1569
CAACACC,1167,549,1152
AAACACC,1555,672,1250
TTTAACC,1491,288,1638
GTTAACC,2278,882,2102
CTTAACC,1452,295,1647
ATTAACC,1636,460,1465
TGTAACC,2216,2855,1903
GGTAACC,2098,892,2186
CGTAACC,1916,916,2064
AGTAACC,1609,877,1479
TCTAACC,1316,300,1496
GCTAACC,2176,959,1948
CCTAACC,1525,371,1729
ACTAACC,1685,537,1474
TATAACC,1639,737,1483
GATAACC,1854,612,1754
CATAACC,1349,548,1430
AATAACC,1478,438,1404
TTGAACC,1815,664,2016
GTGAACC,2591,1098,2469
CTGAACC,1537,572,2023
ATGAACC,1662,603,1835
TGGAACC,1820,593,2089
GGGAACC,1941,511,2283
CGGAACC,1658,483,2081
AGGAACC,1477,389,1614
TCGAACC,1619,489,1884
GCGAACC,2465,1234,2315
CCGAACC,1530,518,1934
ACGAACC,1718,516,1844
TAGAACC,1505,573,1527
GAGAACC,1493,424,1887
CAGAACC,1174,305,1454
AAGAACC,1143,297,1415
TTCAACC,1247,303,1381
GTCAACC,2261,931,1730
CTCAACC,1105,246,1320
ATCAACC,1301,406,1289
TGCAACC,2385,5872,1872
GGCAACC,1954,2503,2035
CGCAACC,1840,3593,1853
AGCAACC,1607,2253,1473
TCCAACC,1177,319,1495
GCCAACC,1963,821,2004
CCCAACC,1333,343,1633
ACCAACC,1561,471,1431
TACAACC,1763,641,1383
GACAACC,2132,785,1705
CACAACC,1272,442,1243
AACAACC,1581,628,1261
TTAAACC,1314,312,1594
GTAAACC,2817,1434,1936
CTAAACC,1404,437,1470
ATAAACC,1666,620,1421
TGAAACC,1582,524,1793
GGAAACC,1556,384,1935
CGAAACC,1499,402,1790
AGAAACC,1239,320,1430
TCAAACC,1132,277,1369
GCAAACC,2390,1103,1857
CCAAACC,1267,364,1543
ACAAACC,1848,632,1381
TAAAACC,1226,287,1469
GAAAACC,1461,361,1645
CAAAACC,1130,295,1242
AAAAACC,1093,275,1188
TTTTTAC,870,260,863
GTTTTAC,2355,2102,1579
CTTTTAC,1150,342,1274
ATTTTAC,1443,522,1145
TGTTTAC,3446,6993,1250
GGTTTAC,1930,6004,1483
CGTTTAC,1709,6070,1411
AGTTTAC,1848,5885,1172
TCTTTAC,1154,1828,1053
GCTTTAC,1872,1843,1756
CCTTTAC,1247,717,1446
ACTTTAC,1359,940,1245
TATTTAC,2790,6165,1062
GATTTAC,1870,4349,1419
CATTTAC,1203,3052,1093
AATTTAC,1317,3327,1065
TTGTTAC,1819,4599,1391
GTGTTAC,2704,5847,1989
CTGTTAC,1631,3010,1403
ATGTTAC,1930,4187,1521
TGGTTAC,1707,4472,1611
GGGTTAC,1688,1527,1810
CGGTTAC,1487,2330,1622
AGGTTAC,1360,1716,1391
TCGTTAC,1360,1645,1495
GCGTTAC,2503,3108,2040
CCGTTAC,1629,1741,1697
ACGTTAC,1728,1699,1494
TAGTTAC,1483,3196,1220
GAGTTAC,1551,1578,1538
CAGTTAC,1117,1582,1184
AAGTTAC,1277,1594,1178
TTCTTAC,1106,280,1077
GTCTTAC,1708,602,1491
CTCTTAC,1015,295,1129
ATCTTAC,1149,327,1187
TGCTTAC,2735,8970,1536
GGCTTAC,1700,4314,1756
CGCTTAC,1557,4254,1510
AGCTTAC,1299,4461,1316
TCCTTAC,1146,333,1245
GCCTTAC,1959,1113,1844
CCCTTAC,1312,393,1554
ACCTTAC,1452,444,1385
TACTTAC,1840,2994,1230
GACTTAC,1647,922,1458
CACTTAC,1006,617,1093
AACTTAC,1066,668,1118
TTATTAC,1156,974,1086
GTATTAC,1834,2184,1405
CTATTAC,1056,807,1121
ATATTAC,1218,856,1076
TGATTAC,2178,6935,1324
GGATTAC,1440,2515,1551
CGATTAC,1406,5030,1467
AGATTAC,1318,2708,1201
TCATTAC,1031,1171,1031
GCATTAC,2134,3269,1609
CCATTAC,1145,650,1244
ACATTAC,1476,820,1106
TAATTAC,1448,4168,996
GAATTAC,1239,1566,1424
CAATTAC,1023,2538,902
AAATTAC,1010,1000,962
TTTGTAC,1596,562,1333
GTTGTAC,3318,5147,1945
CTTGTAC,1531,530,1483
ATTGTAC,1902,998,1462
TGTGTAC,4029,10597,1831
GGTGTAC,2511,6108,2151
CGTGTAC,1878,4842,1739
AGTGTAC,1964,6236,1578
TCTGTAC,1306,556,1365
GCTGTAC,2240,1329,2097
CCTGTAC,1575,570,1638
ACTGTAC,1645,630,1499
TATGTAC,2460,6175,1383
GATGTAC,2141,2797,1784
CATGTAC,1414,1751,1310
AATGTAC,1585,2407,1317
TTGGTAC,1611,877,1588
GTGGTAC,2518,1999,2186
CTGGTAC,1435,708,1638
ATGGTAC,1611,996,1493
TGGGTAC,1705,1799,1685
GGGGTAC,1763,1151,2048
CGGGTAC,1579,994,1790
AGGGTAC,1372,940,1474
TCGGTAC,1413,710,1582
GCGGTAC,2446,1840,2177
CCGGTAC,1628,746,1808
ACGGTAC,1607,885,1624
TAGGTAC,1401,1081,1405
GAGGTAC,1512,801,1693
CAGGTAC,1195,577,1341
AAGGTAC,1243,543,1209
TTCGTAC,1612,553,1540
GTCGTAC,2115,1087,1882
CTCGTAC,1374,452,1541
ATCGTAC,1558,592,1362
TGCGTAC,2416,7841,1992
GGCGTAC,2118,1747,2200
CGCGTAC,1648,1753,1858
AGCGTAC,1643,1837,1690
TCCGTAC,1453,462,1623
GCCGTAC,2164,1258,2227
CCCGTAC,1549,517,1747
ACCGTAC,1668,606,1604
TACGTAC,2070,975,1503
GACGTAC,2147,782,1879
CACGTAC,1373,505,1435
AACGTAC,1364,540,1445
TTAGTAC,1127,522,1234
GTAGTAC,1816,1557,1552
CTAGTAC,1097,474,1240
ATAGTAC,1170,598,1057
TGAGTAC,1356,2331,1489
GGAGTAC,1531,770,1708
CGAGTAC,1517,1010,1659
AGAGTAC,1259,711,1225
TCAGTAC,994,358,1217
GCAGTAC,1709,1179,1563
CCAGTAC,1163,436,1289
ACAGTAC,1360,507,1214
TAAGTAC,1168,785,1126
GAAGTAC,1266,549,1510
CAAGTAC,1011,398,1101
AAAGTAC,1044,398,1075
TTTCTAC,1016,247,1029
GTTCTAC,1672,516,1385
CTTCTAC,951,245,1026
ATTCTAC,1135,340,1094
TGTCTAC,1594,6049,1217
GGTCTAC,1560,973,1698
CGTCTAC,1151,1205,1166
AGTCTAC,1041,1486,1159
TCTCTAC,827,262,971
GCTCTAC,1471,603,1434
CCTCTAC,1002,297,1133
ACTCTAC,1181,270,1038
TATCTAC,1197,1264,1060
GATCTAC,1389,468,1279
CATCTAC,914,452,934
AATCTAC,924,372,995
TTGCTAC,1602,3517,1576
GTGCTAC,2276,4959,1987
CTGCTAC,1230,2401,1329
ATGCTAC,1641,3241,1426
TGGCTAC,1693,2488,1694
GGGCTAC,1693,1975,1890
CGGCTAC,1248,1919,1467
AGGCTAC,1373,1717,1387
TCGCTAC,1355,2358,1518
GCGCTAC,2292,4579,2018
CCGCTAC,1350,2777,1534
ACGCTAC,1621,2352,1461
TAGCTAC,1253,2030,1288
GAGCTAC,1387,1759,1545
CAGCTAC,1022,1334,1174
AAGCTAC,1161,1497,1203
TTCCTAC,1198,269,1279
GTCCTAC,1769,530,1673
CTCCTAC,1020,230,1190
ATCCTAC,1233,304,1140
TGCCTAC,1695,2025,1613
GGCCTAC,1787,722,2007
CGCCTAC,1249,687,1464
AGCCTAC,1364,602,1476
TCCCTAC,1238,363,1374
GCCCTAC,1871,742,1967
CCCCTAC,1201,335,1411
ACCCTAC,1400,374,1385
TACCTAC,1696,625,1302
GACCTAC,1523,466,1642
CACCTAC,987,329,1018
AACCTAC,1054,301,1211
TTACTAC,1096,314,1175
GTACTAC,1481,682,1449
CTACTAC,944,315,991
ATACTAC,1145,503,1111
TGACTAC,1243,933,1412
GGACTAC,1340,474,1622
CGACTAC,1118,555,1314
AGACTAC,1011,480,1171
TCACTAC,951,336,1104
GCACTAC,1862,1158,1462
CCACTAC,982,405,1280
ACACTAC,1370,562,1138
TAACTAC,1030,500,1039
GAACTAC,1201,404,1312
CAACTAC,840,330,867
AAACTAC,991,350,929
TTTATAC,1263,362,1168
GTTATAC,2251,1710,1638
CTTATAC,1201,411,1300
ATTATAC,1434,579,1169
TGTATAC,3223,8787,1436
GGTATAC,2045,5406,1794
CGTATAC,1732,5583,1576
AGTATAC,1663,5500,1280
TCTATAC,1014,400,1067
GCTATAC,1842,1028,1619
CCTATAC,1278,438,1410
ACTATAC,1445,516,1202
TATATAC,1426,3399,1163
GATATAC,1637,1558,1484
CATATAC,1256,1412,1114
AATATAC,1224,1328,1118
TTGATAC,1704,1717,1520
GTGATAC,2653,2718,1939
CTGATAC,1473,1362,1604
ATGATAC,1738,1624,1471
TGGATAC,1801,2534,1593
GGGATAC,1856,1197,1897
CGGATAC,1547,1125,1724
AGGATAC,1390,989,1356
TCGATAC,1525,1138,1582
GCGATAC,2304,2187,2015
CCGATAC,1546,1212,1606
ACGATAC,1819,1113,1525
TAGATAC,1617,1418,1315
GAGATAC,1488,975,1483
CAGATAC,1099,704,1175
AAGATAC,1260,801,1192
TTCATAC,1210,360,1180
GTCATAC,1750,774,1508
CTCATAC,1030,416,1191
ATCATAC,1235,453,1176
TGCATAC,1962,5218,1625
GGCATAC,1829,1512,1780
CGCATAC,1644,1852,1611
AGCATAC,1446,1521,1344
TCCATAC,1284,394,1288
GCCATAC,1865,1436,1768
CCCATAC,1288,411,1439
ACCATAC,1410,516,1404
TACATAC,1864,932,1156
GACATAC,2040,774,1496
CACATAC,1175,524,1138
AACATAC,1367,499,1192
TTAATAC,1213,513,1183
GTAATAC,1705,1016,1560
CTAATAC,1135,450,1214
ATAATAC,1265,541,1083
TGAATAC,1413,1949,1350
GGAATAC,1436,608,1558
CGAATAC,1409,855,1478
AGAATAC,1167,585,1210
TCAATAC,1023,511,1124
GCAATAC,2157,2031,1524
CCAATAC,1189,570,1275
ACAATAC,1609,790,1207
TAAATAC,1226,648,1174
GAAATAC,1232,489,1299
CAAATAC,1082,463,1018
AAAATAC,1183,399,1012
TTTTGAC,1264,302,1284
GTTTGAC,2433,2264,1970
CTTTGAC,1346,275,1479
ATTTGAC,1572,581,1402
TGTTGAC,4239,10818,1710
GGTTGAC,2125,5706,1990
CGTTGAC,1773,5065,1845
AGTTGAC,1644,5894,1565
TCTTGAC,1170,605,1280
GCTTGAC,2041,1085,2002
CCTTGAC,1434,403,1767
ACTTGAC,1588,490,1510
TATTGAC,2657,6763,1366
GATTGAC,1941,3132,1753
CATTGAC,1297,1696,1322
AATTGAC,1318,3021,1209
TTGTGAC,1923,3613,1777
GTGTGAC,2801,4311,2426
CTGTGAC,1646,2109,1786
ATGTGAC,1990,2710,1751
TGGTGAC,1935,2751,2035
GGGTGAC,2158,1439,2229
CGGTGAC,1869,1766,2139
AGGTGAC,1618,1286,1660
TCGTGAC,1620,1296,1618
GCGTGAC,2711,3080,2431
CCGTGAC,1725,1390,1987
ACGTGAC,1842,1104,1738
TAGTGAC,1452,1960,1430
GAGTGAC,1668,1349,1902
CAGTGAC,1289,1001,1404
AAGTGAC,1396,1122,1315
TTCTGAC,1203,272,1339
GTCTGAC,1750,451,1837
CTCTGAC,1101,211,1305
ATCTGAC,1280,264,1331
TGCTGAC,2141,8286,1887
GGCTGAC,1802,1556,2138
CGCTGAC,1630,1473,1780
AGCTGAC,1309,1927,1559
TCCTGAC,1291,255,1629
GCCTGAC,1965,879,2091
CCCTGAC,1537,304,1775
ACCTGAC,1520,311,1576
TACTGAC,1692,1073,1426
GACTGAC,1729,462,1680
CACTGAC,1153,255,1272
AACTGAC,1100,367,1290
TTATGAC,1324,581,1373
GTATGAC,1809,1205,1765
CTATGAC,1304,439,1280
ATATGAC,1373,582,1330
TGATGAC,1759,5872,1715
GGATGAC,1670,1213,1833
CGATGAC,1544,2095,1672
AGATGAC,1451,1382,1332
TCATGAC,1140,438,1309
GCATGAC,2006,1342,1874
CCATGAC,1330,452,1506
ACATGAC,1613,521,1359
TAATGAC,1322,2137,1303
GAATGAC,1368,717,1528
CAATGAC,1112,794,1204
AAATGAC,1174,544,1153
TTTGGAC,1411,309,1536
GTTGGAC,2187,1065,2025
CTTGGAC,1328,286,1531
ATTGGAC,1485,417,1441
TGTGGAC,2054,6899,1983
GGTGGAC,2134,1331,2225
CGTGGAC,1632,918,1924
AGTGGAC,1502,1623,1580
TCTGGAC,1219,232,1400
GCTGGAC,1913,700,2075
CCTGGAC,1492,321,1879
ACTGGAC,1441,369,1503
TATGGAC,1471,1618,1409
GATGGAC,1681,743,1748
CATGGAC,1295,484,1388
AATGGAC,1249,498,1381
TTGGGAC,1509,502,1759
GTGGGAC,2220,1111,2202
CTGGGAC,1298,473,1638
ATGGGAC,1523,587,1571
TGGGGAC,1720,836,1880
GGGGGAC,1761,820,2125
CGGGGAC,1556,593,1867
AGGGGAC,1407,547,1604
TCGGGAC,1358,517,1678
GCGGGAC,2331,1395,2286
CCGGGAC,1619,523,1984
ACGGGAC,1615,548,1666
TAGGGAC,1247,646,1430
GAGGGAC,1440,585,1767
CAGGGAC,1008,398,1331
AAGGGAC,1062,426,1285
TTCGGAC,1356,332,1596
GTCGGAC,1782,504,1912
CTCGGAC,1287,247,1571
ATCGGAC,1385,321,1472
TGCGGAC,1927,1792,2076
GGCGGAC,2027,626,2314
CGCGGAC,1517,506,1904
AGCGGAC,1478,434,1715
TCCGGAC,1333,270,1724
GCCGGAC,2015,711,2231
CCCGGAC,1519,267,1894
ACCGGAC,1582,359,1722
TACGGAC,1681,474,1595
GACGGAC,1765,437,1849
CACGGAC,1204,285,1415
AACGGAC,1197,299,1422
TTAGGAC,1162,302,1275
GTAGGAC,1476,498,1567
CTAGGAC,1064,266,1274
ATAGGAC,1023,311,1094
TGAGGAC,1319,685,1782
GGAGGAC,1397,417,1752
CGAGGAC,1326,397,1703
AGAGGAC,1129,328,1274
TCAGGAC,1020,258,1257
GCAGGAC,1728,666,1580
CCAGGAC,1163,285,1481
ACAGGAC,1291,320,1252
TAAGGAC,1058,298,1189
GAAGGAC,1172,334,1374
CAAGGAC,1018,225,1150
AAAGGAC,929,245,1084
TTTCGAC,1193,297,1299
GTTCGAC,1696,569,1597
CTTCGAC,1048,251,1219
ATTCGAC,1289,390,1178
TGTCGAC,1614,2449,1572
GGTCGAC,1578,495,1678
CGTCGAC,1240,434,1434
AGTCGAC,1192,484,1241
TCTCGAC,1033,226,1120
GCTCGAC,1578,566,1584
CCTCGAC,1191,255,1390
ACTCGAC,1214,306,1218
TATCGAC,1254,607,1285
GATCGAC,1443,396,1393
CATCGAC,929,311,1049
AATCGAC,636,294,942
TTGCGAC,1713,4946,1813
GTGCGAC,2445,7168,2336
CTGCGAC,1473,3520,1587
ATGCGAC,1805,4513,1691
TGGCGAC,1718,3013,1951
GGGCGAC,1848,2353,2262
CGGCGAC,1472,2256,1697
AGGCGAC,1435,2110,1567
TCGCGAC,1318,2733,1449
GCGCGAC,2326,4443,2095
CCGCGAC,1383,2844,1726
ACGCGAC,1561,2304,1611
TAGCGAC,871,2403,1214
GAGCGAC,1106,2171,1629
CAGCGAC,828,1516,1166
AAGCGAC,331,1429,570
TTCCGAC,1261,289,1414
GTCCGAC,1763,404,1879
CTCCGAC,1051,242,1289
ATCCGAC,1238,278,1258
TGCCGAC,1709,646,1871
GGCCGAC,1774,436,2188
CGCCGAC,1258,365,1722
AGCCGAC,1266,274,1551
TCCCGAC,1285,285,1573
GCCCGAC,1802,641,2123
CCCCGAC,1318,250,1631
ACCCGAC,1376,318,1497
TACCGAC,1656,496,1459
GACCGAC,1649,358,1696
CACCGAC,1041,245,1198
AACCGAC,987,221,1192
TTACGAC,1180,349,1318
GTACGAC,1589,513,1668
CTACGAC,1031,294,1140
ATACGAC,1213,433,1254
TGACGAC,1393,575,1641
GGACGAC,1426,383,1719
CGACGAC,1104,412,1302
AGACGAC,1168,326,1260
TCACGAC,981,302,1169
GCACGAC,1873,899,1678
CCACGAC,1107,284,1298
ACACGAC,1256,405,1127
TAACGAC,495,279,725
GAACGAC,781,329,1188
CAACGAC,499,256,731
AAACGAC,152,90,180
TTTAGAC,1251,273,1266
GTTAGAC,1899,714,1686
CTTAGAC,1222,254,1367
ATTAGAC,1299,319,1105
TGTAGAC,1418,3604,1367
GGTAGAC,1456,690,1662
CGTAGAC,1340,608,1559
AGTAGAC,1170,855,1172
TCTAGAC,1113,233,1229
GCTAGAC,1680,665,1650
CCTAGAC,1246,260,1444
ACTAGAC,1328,254,1281
TATAGAC,1231,809,1212
GATAGAC,1459,517,1438
CATAGAC,986,336,1229
AATAGAC,1013,360,1099
TTGAGAC,1498,1368,1651
GTGAGAC,2215,1909,1945
CTGAGAC,1324,1007,1661
ATGAGAC,1456,1076,1506
TGGAGAC,1557,816,1852
GGGAGAC,1510,714,1844
CGGAGAC,1463,708,1717
AGGAGAC,1197,459,1410
TCGAGAC,1354,686,1654
GCGAGAC,2108,1362,1976
CCGAGAC,1400,679,1751
ACGAGAC,1457,678,1481
TAGAGAC,1280,639,1269
GAGAGAC,1342,622,1517
CAGAGAC,1037,440,1200
AAGAGAC,1032,488,1229
TTCAGAC,1128,245,1253
GTCAGAC,1548,372,1589
CTCAGAC,1008,205,1231
ATCAGAC,1095,227,1232
TGCAGAC,1554,616,1655
GGCAGAC,1520,382,1872
CGCAGAC,1457,388,1717
AGCAGAC,1279,343,1383
TCCAGAC,1101,228,1364
GCCAGAC,1744,599,1838
CCCAGAC,1274,255,1535
ACCAGAC,1347,253,1391
TACAGAC,1562,415,1243
GACAGAC,1732,467,1563
CACAGAC,1017,230,1180
AACAGAC,1071,264,1175
TTAAGAC,1128,281,1185
GTAAGAC,1442,450,1396
CTAAGAC,1047,241,1211
ATAAGAC,1097,254,1093
TGAAGAC,1372,376,1579
GGAAGAC,1366,298,1580
CGAAGAC,1243,326,1451
AGAAGAC,1045,276,1110
TCAAGAC,906,229,1189
GCAAGAC,1650,710,1574
CCAAGAC,1051,284,1318
ACAAGAC,1326,331,1175
TAAAGAC,968,242,1145
GAAAGAC,1131,250,1324
CAAAGAC,872,178,1038
AAAAGAC,883,191,1070
TTTTCAC,1093,230,1077
GTTTCAC,1991,1111,1650
CTTTCAC,1229,281,1265
ATTTCAC,1422,440,1314
TGTTCAC,1704,3038,1378
GGTTCAC,1707,603,1730
CGTTCAC,1469,575,1442
AGTTCAC,1317,614,1295
TCTTCAC,979,248,1071
GCTTCAC,1699,732,1604
CCTTCAC,1162,328,1298
ACTTCAC,1346,322,1171
TATTCAC,1383,804,1137
GATTCAC,1594,585,1466
CATTCAC,1038,338,1107
AATTCAC,1096,405,1110
TTGTCAC,1882,4989,1576
GTGTCAC,2513,7466,2018
CTGTCAC,1737,4217,1519
ATGTCAC,1885,5380,1482
TGGTCAC,1665,992,1669
GGGTCAC,1821,915,1947
CGGTCAC,1535,907,1747
AGGTCAC,1386,805,1487
TCGTCAC,1327,1855,1344
GCGTCAC,2308,3386,2000
CCGTCAC,1385,2083,1702
ACGTCAC,1690,1708,1485
TAGTCAC,1381,1163,1299
GAGTCAC,1609,1149,1654
CAGTCAC,1135,803,1204
AAGTCAC,1313,1048,1177
TTCTCAC,1076,269,1074
GTCTCAC,1653,582,1606
CTCTCAC,1041,266,1162
ATCTCAC,1214,340,1121
TGCTCAC,1625,694,1589
GGCTCAC,1650,547,1829
CGCTCAC,1333,492,1552
AGCTCAC,1186,436,1380
TCCTCAC,1186,342,1391
GCCTCAC,1791,1360,1855
CCCTCAC,1332,388,1484
ACCTCAC,1371,396,1373
TACTCAC,1671,633,1186
GACTCAC,1541,558,1591
CACTCAC,1030,367,1112
AACTCAC,1102,369,1122
TTATCAC,1228,1218,1192
GTATCAC,1875,2522,1564
CTATCAC,1078,984,1173
ATATCAC,1243,1082,1197
TGATCAC,1418,716,1319
GGATCAC,1524,680,1615
CGATCAC,1338,607,1458
AGATCAC,1187,497,1195
TCATCAC,1071,723,1050
GCATCAC,2386,4258,1512
CCATCAC,1123,795,1247
ACATCAC,1445,844,1246
TAATCAC,1218,547,1135
GAATCAC,1315,634,1335
CAATCAC,1000,504,1058
AAATCAC,1143,437,998
TTTGCAC,1790,1150,1909
GTTGCAC,4357,7670,2356
CTTGCAC,1674,913,1705
ATTGCAC,2283,2102,1800
TGTGCAC,2772,5840,2342
GGTGCAC,2759,2078,2641
CGTGCAC,2132,1440,2162
AGTGCAC,2020,1861,1872
TCTGCAC,1516,629,1538
GCTGCAC,2442,1935,2182
CCTGCAC,1595,746,1834
ACTGCAC,1781,945,1598
TATGCAC,2135,2490,1711
GATGCAC,3877,9402,2146
CATGCAC,1652,1637,1511
AATGCAC,2418,3691,1495
TTGGCAC,1780,1003,1854
GTGGCAC,3367,4700,2616
CTGGCAC,1674,757,1975
ATGGCAC,1850,1492,1808
TGGGCAC,2028,1040,2150
GGGGCAC,2284,992,2536
CGGGCAC,1924,746,2131
AGGGCAC,1671,670,1764
TCGGCAC,1438,669,1695
GCGGCAC,2671,1889,2378
CCGGCAC,1595,619,1851
ACGGCAC,1675,806,1690
TAGGCAC,1531,945,1588
GAGGCAC,2164,2083,1971
CAGGCAC,1385,662,1606
AAGGCAC,1490,977,1492
TTCGCAC,1734,754,1738
GTCGCAC,2469,1655,2185
CTCGCAC,1407,769,1637
ATCGCAC,1827,933,1711
TGCGCAC,2480,1777,2370
GGCGCAC,2366,1453,2465
CGCGCAC,1971,1184,2129
AGCGCAC,1796,1023,1939
TCCGCAC,1546,726,1828
GCCGCAC,2395,1765,2418
CCCGCAC,1640,756,1916
ACCGCAC,1744,865,1765
TACGCAC,2231,1196,1771
GACGCAC,2632,1917,2145
CACGCAC,1819,1702,1567
AACGCAC,1813,1169,1624
TTAGCAC,1423,717,1551
GTAGCAC,1931,1515,1833
CTAGCAC,1253,639,1392
ATAGCAC,1425,820,1371
TGAGCAC,1688,771,1860
GGAGCAC,1754,686,1977
CGAGCAC,1659,715,1980
AGAGCAC,1332,489,1506
TCAGCAC,1076,498,1277
GCAGCAC,1995,1387,1700
CCAGCAC,1167,450,1399
ACAGCAC,1347,626,1221
TAAGCAC,1403,602,1349
GAAGCAC,1551,727,1691
CAAGCAC,1192,578,1238
AAAGCAC,1231,643,1232
TTTCCAC,1335,322,1401
GTTCCAC,2081,757,1771
CTTCCAC,1144,306,1214
ATTCCAC,1477,435,1339
TGTCCAC,1897,3410,1620
GGTCCAC,1864,657,1972
CGTCCAC,1382,644,1541
AGTCCAC,1401,649,1421
TCTCCAC,1127,265,1133
GCTCCAC,1643,702,1710
CCTCCAC,1267,294,1449
ACTCCAC,1356,381,1306
TATCCAC,1453,678,1239
GATCCAC,1639,508,1557
CATCCAC,1012,412,1155
AATCCAC,1187,367,1169
TTGCCAC,2172,10243,1994
GTGCCAC,2905,14930,2534
CTGCCAC,1631,8508,1636
ATGCCAC,2077,9994,1855
TGGCCAC,2137,9710,2253
GGGCCAC,2203,9541,2487
CGGCCAC,1637,7781,1871
AGGCCAC,1690,7693,1832
TCGCCAC,1597,8499,1720
GCGCCAC,2402,13659,2204
CCGCCAC,1617,8970,1692
ACGCCAC,1731,8576,1614
TAGCCAC,1568,7554,1683
GAGCCAC,1739,8189,1996
CAGCCAC,1328,5642,1291
AAGCCAC,1354,6505,1440
TTCCCAC,1396,275,1497
GTCCCAC,2076,706,2039
CTCCCAC,1118,249,1176
ATCCCAC,1338,393,1418
TGCCCAC,1964,954,1997
GGCCCAC,2032,725,2412
CGCCCAC,1442,599,1713
AGCCCAC,1632,553,1738
TCCCCAC,1361,315,1549
GCCCCAC,1991,908,2032
CCCCCAC,1332,324,1484
ACCCCAC,1531,416,1550
TACCCAC,1770,586,1565
GACCCAC,1751,561,1849
CACCCAC,1217,353,1232
AACCCAC,1302,413,1401
TTACCAC,1382,524,1544
GTACCAC,1919,992,1830
CTACCAC,1163,422,1250
ATACCAC,1372,696,1347
TGACCAC,1664,737,1854
GGACCAC,1784,678,2063
CGACCAC,1339,563,1572
AGACCAC,1387,536,1536
TCACCAC,1160,452,1257
GCACCAC,2010,1546,1739
CCACCAC,1162,528,1308
ACACCAC,1542,765,1287
TAACCAC,1357,473,1334
GAACCAC,1463,673,1693
CAACCAC,1068,375,1117
AAACCAC,1190,514,1180
TTTACAC,1508,427,1485
GTTACAC,2866,2103,1909
CTTACAC,1447,426,1473
ATTACAC,1711,638,1379
TGTACAC,2663,4319,1824
GGTACAC,2496,1317,2067
CGTACAC,1986,1023,1861
AGTACAC,1902,1324,1549
TCTACAC,1190,314,1258
GCTACAC,2090,1271,1701
CCTACAC,1380,395,1519
ACTACAC,1515,562,1240
TATACAC,1720,1293,1407
GATACAC,2447,2988,1740
CATACAC,1477,727,1261
AATACAC,1660,896,1251
TTGACAC,1821,4511,1800
GTGACAC,2830,6567,2394
CTGACAC,1583,3433,1736
ATGACAC,1863,3942,1752
TGGACAC,1922,2537,2031
GGGACAC,2042,2350,2154
CGGACAC,1755,2151,2005
AGGACAC,1519,1665,1587
TCGACAC,1497,2645,1563
GCGACAC,2323,4786,2042
CCGACAC,1580,2890,1705
ACGACAC,1635,2333,1542
TAGACAC,1649,2322,1555
GAGACAC,1740,2124,1748
CAGACAC,1190,1386,1384
AAGACAC,1335,1562,1331
TTCACAC,1322,378,1422
GTCACAC,2019,904,1800
CTCACAC,1248,363,1309
ATCACAC,1467,497,1270
TGCACAC,2039,1419,1988
GGCACAC,2068,866,2103
CGCACAC,1793,757,1814
AGCACAC,1585,633,1635
TCCACAC,1343,429,1405
GCCACAC,2136,2413,1846
CCCACAC,1462,441,1641
ACCACAC,1574,574,1393
TACACAC,2012,913,1421
GACACAC,2254,957,1696
CACACAC,1316,516,1389
AACACAC,1577,597,1250
TTAACAC,1463,799,1386
GTAACAC,2240,1683,1818
CTAACAC,1379,685,1378
ATAACAC,1626,956,1371
TGAACAC,1666,664,1702
GGAACAC,1752,752,1795
CGAACAC,1492,623,1581
AGAACAC,1401,567,1403
TCAACAC,1135,636,1196
GCAACAC,2488,4470,1641
CCAACAC,1227,690,1272
ACAACAC,1856,1682,1136
TAAACAC,1526,752,1293
GAAACAC,1565,829,1514
CAAACAC,1572,823,1245
AAAACAC,1412,795,1189
TTTTAAC,1321,217,1171
GTTTAAC,2380,1357,1755
CTTTAAC,1290,234,1351
ATTTAAC,1449,443,1317
TGTTAAC,1986,5009,1474
GGTTAAC,1858,703,1740
CGTTAAC,1472,723,1555
AGTTAAC,1328,872,1356
TCTTAAC,1162,224,1163
GCTTAAC,1916,792,1846
CCTTAAC,1414,298,1559
ACTTAAC,1578,320,1342
TATTAAC,1574,1298,1174
GATTAAC,1678,489,1535
CATTAAC,1093,318,1165
AATTAAC,1165,391,1126
TTGTAAC,1897,4699,1632
GTGTAAC,2619,6820,2092
CTGTAAC,1624,2992,1575
ATGTAAC,1889,4383,1555
TGGTAAC,1690,2105,1771
GGGTAAC,1885,1609,2140
CGGTAAC,1587,1960,1810
AGGTAAC,1399,1587,1447
TCGTAAC,1614,2404,1653
GCGTAAC,2523,3921,2105
CCGTAAC,1645,2699,1774
ACGTAAC,1897,1988,1674
TAGTAAC,1491,1915,1255
GAGTAAC,1508,1611,1622
CAGTAAC,1137,1416,1229
AAGTAAC,1289,1729,1272
TTCTAAC,1142,247,1158
GTCTAAC,1808,524,1540
CTCTAAC,1070,218,1200
ATCTAAC,1217,306,1233
TGCTAAC,1690,1010,1577
GGCTAAC,1658,496,1875
CGCTAAC,1451,421,1578
AGCTAAC,1315,393,1443
TCCTAAC,1301,297,1356
GCCTAAC,1872,794,1792
CCCTAAC,1377,350,1527
ACCTAAC,1565,405,1446
TACTAAC,1893,689,1246
GACTAAC,1775,499,1513
CACTAAC,1084,316,1207
AACTAAC,1136,269,1125
TTATAAC,1141,383,1167
GTATAAC,1722,1098,1569
CTATAAC,1096,333,1176
ATATAAC,1292,436,1173
TGATAAC,1489,811,1431
GGATAAC,1501,451,1622
CGATAAC,1450,535,1543
AGATAAC,1301,369,1195
TCATAAC,1128,344,1202
GCATAAC,2061,1172,1671
CCATAAC,1180,415,1420
ACATAAC,1666,597,1201
TAATAAC,1231,496,1204
GAATAAC,1351,422,1428
CAATAAC,1229,418,994
AAATAAC,1554,452,1053
TTTGAAC,1490,325,1604
GTTGAAC,2493,857,2226
CTTGAAC,1452,302,1615
ATTGAAC,1625,502,1607
TGTGAAC,2229,2268,1948
GGTGAAC,2142,690,2227
CGTGAAC,1765,512,1969
AGTGAAC,1512,653,1634
TCTGAAC,1319,278,1463
GCTGAAC,2060,742,2049
CCTGAAC,1440,323,1731
ACTGAAC,1654,382,1662
TATGAAC,1681,770,1542
GATGAAC,1818,520,1907
CATGAAC,1276,391,1352
AATGAAC,1253,351,1421
TTGGAAC,1512,363,1721
GTGGAAC,2097,706,2287
CTGGAAC,1385,296,1730
ATGGAAC,1490,437,1610
TGGGAAC,1605,429,1776
GGGGAAC,1670,462,2098
CGGGAAC,1479,325,1815
AGGGAAC,1314,318,1452
TCGGAAC,1437,309,1708
GCGGAAC,2373,1030,2301
CCGGAAC,1526,315,1777
ACGGAAC,1661,410,1593
TAGGAAC,1298,357,1278
GAGGAAC,1388,305,1722
CAGGAAC,1204,218,1337
AAGGAAC,1097,249,1251
TTCGAAC,1518,339,1643
GTCGAAC,1936,533,1965
CTCGAAC,1332,277,1665
ATCGAAC,1443,350,1404
TGCGAAC,1978,643,1982
GGCGAAC,1894,512,2247
CGCGAAC,1649,393,1891
AGCGAAC,1476,362,1694
TCCGAAC,1453,280,1570
GCCGAAC,2112,810,2257
CCCGAAC,1401,278,1761
ACCGAAC,1585,379,1635
TACGAAC,1956,464,1609
GACGAAC,2005,406,1844
CACGAAC,1190,291,1382
AACGAAC,1270,276,1433
TTAGAAC,1131,219,1314
GTAGAAC,1465,405,1614
CTAGAAC,1068,197,1251
ATAGAAC,1164,253,1181
TGAGAAC,1280,307,1586
GGAGAAC,1452,289,1653
CGAGAAC,1340,271,1569
AGAGAAC,1090,252,1277
TCAGAAC,983,182,1258
GCAGAAC,1846,678,1658
CCAGAAC,1034,199,1358
ACAGAAC,1320,303,1245
TAAGAAC,1035,199,1163
GAAGAAC,1207,197,1394
CAAGAAC,941,188,1095
AAAGAAC,996,212,1116
TTTCAAC,1122,284,1150
GTTCAAC,1777,602,1441
CTTCAAC,1040,223,1183
ATTCAAC,1231,393,1199
TGTCAAC,2240,2410,1430
GGTCAAC,1804,663,1654
CGTCAAC,1405,645,1393
AGTCAAC,1441,732,1168
TCTCAAC,1048,259,1108
GCTCAAC,1617,604,1544
CCTCAAC,1145,281,1344
ACTCAAC,1333,338,1168
TATCAAC,1401,787,1056
GATCAAC,1526,560,1342
CATCAAC,1133,377,1047
AATCAAC,1196,396,1030
TTGCAAC,2265,9100,1692
GTGCAAC,2990,13175,2210
CTGCAAC,1493,7632,1486
ATGCAAC,2189,8907,1566
TGGCAAC,1927,8306,1774
GGGCAAC,1886,7581,2148
CGGCAAC,1485,6912,1585
AGGCAAC,1582,6163,1479
TCGCAAC,1739,7984,1675
GCGCAAC,2590,11759,2122
CCGCAAC,1650,8331,1584
ACGCAAC,1828,8273,1592
TAGCAAC,1475,6221,1319
GAGCAAC,1495,6641,1625
CAGCAAC,1117,4739,1150
AAGCAAC,1424,5415,1250
TTCCAAC,1289,271,1381
GTCCAAC,1784,454,1656
CTCCAAC,1015,239,1160
ATCCAAC,1282,275,1297
TGCCAAC,1681,731,1806
GGCCAAC,1749,503,1994
CGCCAAC,1382,387,1541
AGCCAAC,1352,367,1498
TCCCAAC,1237,286,1398
GCCCAAC,1830,717,1983
CCCCAAC,1321,281,1423
ACCCAAC,1457,319,1466
TACCAAC,1940,732,1439
GACCAAC,1729,512,1691
CACCAAC,1081,300,1132
AACCAAC,1214,320,1191
TTACAAC,1194,356,1264
GTACAAC,1744,620,1613
CTACAAC,1065,303,1161
ATACAAC,1731,942,1235
TGACAAC,1580,668,1526
GGACAAC,1646,530,1626
CGACAAC,1253,538,1319
AGACAAC,1520,629,1249
TCACAAC,1178,384,1196
GCACAAC,2049,1343,1551
CCACAAC,1189,423,1227
ACACAAC,1862,912,1240
TAACAAC,1242,451,1152
GAACAAC,1473,539,1475
CAACAAC,1320,495,998
AAACAAC,1981,950,1025
TTTAAAC,1295,333,1331
GTTAAAC,2104,551,1819
CTTAAAC,1324,313,1359
ATTAAAC,1536,352,1275
TGTAAAC,2478,2872,1667
GGTAAAC,2989,1420,1951
CGTAAAC,2291,971,1715
AGTAAAC,2243,1222,1311
TCTAAAC,1285,335,1289
GCTAAAC,2104,828,1796
CCTAAAC,1499,447,1517
ACTAAAC,1686,470,1355
TATAAAC,1638,671,1253
GATAAAC,2057,705,1523
CATAAAC,1471,471,1304
AATAAAC,1594,522,1139
TTGAAAC,1642,1378,1642
GTGAAAC,2299,2057,1987
CTGAAAC,1521,1001,1614
ATGAAAC,1482,1063,1490
TGGAAAC,1603,914,1695
GGGAAAC,1719,971,1836
CGGAAAC,1441,877,1741
AGGAAAC,1279,689,1428
TCGAAAC,1423,818,1605
GCGAAAC,2223,1633,2045
CCGAAAC,1467,979,1681
ACGAAAC,1678,786,1502
TAGAAAC,1301,754,1290
GAGAAAC,1305,758,1576
CAGAAAC,1087,503,1223
AAGAAAC,1008,594,1162
TTCAAAC,1199,294,1180
GTCAAAC,1695,429,1586
CTCAAAC,1103,265,1292
ATCAAAC,1254,364,1165
TGCAAAC,1846,963,1660
GGCAAAC,1805,632,1850
CGCAAAC,1758,648,1747
AGCAAAC,1475,506,1417
TCCAAAC,1268,251,1372
GCCAAAC,1886,834,1762
CCCAAAC,1298,339,1563
ACCAAAC,1573,409,1360
TACAAAC,2098,735,1360
GACAAAC,2596,1038,1596
CACAAAC,1419,399,1273
AACAAAC,1686,578,1221
TTAAAAC,1245,231,1230
GTAAAAC,1708,348,1554
CTAAAAC,1133,234,1275
ATAAAAC,1131,266,1214
TGAAAAC,1314,330,1535
GGAAAAC,1490,316,1632
CGAAAAC,1446,314,1483
AGAAAAC,1182,246,1171
TCAAAAC,1091,253,1221
GCAAAAC,2101,872,1508
CCAAAAC,1213,261,1303
ACAAAAC,1673,412,1280
TAAAAAC,1121,202,1209
GAAAAAC,1201,260,1404
CAAAAAC,998,228,1096
AAAAAAC,1019,206,1016
TTTTTTA,747,188,741
GTTTTTA,2940,4103,1274
CTTTTTA,1128,306,1069
ATTTTTA,1419,649,966
TGTTTTA,2319,6873,1235
GGTTTTA,1735,1776,1448
CGTTTTA,1304,1785,1339
AGTTTTA,1169,2192,1088
TCTTTTA,988,429,913
GCTTTTA,2007,1441,1508
CCTTTTA,1155,364,1224
ACTTTTA,1318,417,1099
TATTTTA,1456,2991,946
GATTTTA,1572,869,1228
CATTTTA,1026,542,952
AATTTTA,900,645,943
TTGTTTA,3050,6873,1109
GTGTTTA,5012,11993,1632
CTGTTTA,3399,7967,1168
ATGTTTA,3821,8732,1212
TGGTTTA,1755,3777,1260
GGGTTTA,1934,2858,1609
CGGTTTA,1728,3528,1443
AGGTTTA,1688,2802,1208
TCGTTTA,1751,3767,1181
GCGTTTA,2758,5210,1798
CCGTTTA,1918,3825,1440
ACGTTTA,2044,3356,1362
TAGTTTA,1908,4177,961
GAGTTTA,1830,3515,1232
CAGTTTA,1537,3108,981
AAGTTTA,1613,3615,989
TTCTTTA,1078,932,854
GTCTTTA,1681,1256,1351
CTCTTTA,953,615,936
ATCTTTA,1145,708,996
TGCTTTA,1667,4881,1438
GGCTTTA,1677,1646,1593
CGCTTTA,1436,1436,1439
AGCTTTA,1247,1509,1217
TCCTTTA,1128,428,1153
GCCTTTA,1955,1636,1661
CCCTTTA,1217,462,1332
ACCTTTA,1400,513,1270
TACTTTA,1630,866,1057
GACTTTA,1568,693,1324
CACTTTA,965,462,971
AACTTTA,1006,396,1032
TTATTTA,2702,5218,871
GTATTTA,3659,7530,1279
CTATTTA,2416,5051,889
ATATTTA,2377,4475,929
TGATTTA,1574,3140,1218
GGATTTA,1469,1604,1267
CGATTTA,1639,2064,1405
AGATTTA,1176,1378,992
TCATTTA,1194,1457,998
GCATTTA,2485,4679,1334
CCATTTA,1269,1337,1063
ACATTTA,1595,1152,994
TAATTTA,1280,1932,985
GAATTTA,1301,1451,1174
CAATTTA,1139,1247,908
AAATTTA,954,980,780
TTTGTTA,2918,2334,1181
GTTGTTA,4951,9332,1618
CTTGTTA,2777,1799,1263
ATTGTTA,3302,3389,1107
TGTGTTA,3491,7269,1593
GGTGTTA,3655,3204,1826
CGTGTTA,2624,2249,1520
AGTGTTA,2658,3025,1403
TCTGTTA,2079,1071,1167
GCTGTTA,3230,2947,1659
CCTGTTA,2362,1164,1357
ACTGTTA,2348,1250,1342
TATGTTA,2721,3254,1166
GATGTTA,3410,2680,1496
CATGTTA,2180,1281,1165
AATGTTA,2336,1788,1138
TTGGTTA,1661,1781,1344
GTGGTTA,2481,3244,1853
CTGGTTA,1411,1169,1439
ATGGTTA,1439,1634,1295
TGGGTTA,1590,1235,1614
GGGGTTA,1770,1219,1762
CGGGTTA,1446,878,1529
AGGGTTA,1309,1090,1301
TCGGTTA,1311,1094,1278
GCGGTTA,2403,2512,1955
CCGGTTA,1477,1088,1502
ACGGTTA,1618,1351,1402
TAGGTTA,1320,1018,1166
GAGGTTA,1465,860,1441
CAGGTTA,1201,646,1143
AAGGTTA,1171,694,1110
TTCGTTA,1436,663,1269
GTCGTTA,2034,1519,1489
CTCGTTA,1350,664,1346
ATCGTTA,1378,766,1184
TGCGTTA,2256,4102,1647
GGCGTTA,2073,2094,1960
CGCGTTA,1775,1737,1650
AGCGTTA,1477,1765,1451
TCCGTTA,1370,742,1400
GCCGTTA,2186,1889,1932
CCCGTTA,1547,713,1561
ACCGTTA,1754,971,1476
TACGTTA,2016,1258,1326
GACGTTA,2091,1094,1608
CACGTTA,1329,723,1131
AACGTTA,1361,738,1199
TTAGTTA,1243,1152,1002
GTAGTTA,1778,1881,1218
CTAGTTA,1148,891,983
ATAGTTA,1207,929,961
TGAGTTA,1361,1024,1247
GGAGTTA,1526,887,1473
CGAGTTA,1363,867,1349
AGAGTTA,1157,758,1146
TCAGTTA,1077,650,1006
GCAGTTA,1888,1634,1361
CCAGTTA,1180,697,1142
ACAGTTA,1362,841,984
TAAGTTA,1154,706,998
GAAGTTA,1322,661,1270
CAAGTTA,983,456,991
AAAGTTA,1183,583,998
TTTCTTA,1027,230,890
GTTCTTA,1873,497,1262
CTTCTTA,974,257,1036
ATTCTTA,1158,289,1016
TGTCTTA,1596,4054,1293
GGTCTTA,1567,596,1516
CGTCTTA,1144,615,1168
AGTCTTA,1142,681,1091
TCTCTTA,935,238,933
GCTCTTA,1521,714,1235
CCTCTTA,1071,331,1117
ACTCTTA,1202,390,1038
TATCTTA,1220,600,933
GATCTTA,1422,371,1255
CATCTTA,916,318,905
AATCTTA,912,275,930
TTGCTTA,3084,7786,1399
GTGCTTA,3207,8602,1838
CTGCTTA,2089,5596,1271
ATGCTTA,2384,5801,1391
TGGCTTA,1773,2416,1634
GGGCTTA,1781,1670,1862
CGGCTTA,1381,1806,1424
AGGCTTA,1405,1641,1427
TCGCTTA,1470,2178,1401
GCGCTTA,2392,3971,1858
CCGCTTA,1520,2355,1520
ACGCTTA,1811,2013,1484
TAGCTTA,1431,2465,1181
GAGCTTA,1448,1691,1565
CAGCTTA,1136,1588,1099
AAGCTTA,1285,1704,1185
TTCCTTA,1173,301,1129
GTCCTTA,1824,595,1532
CTCCTTA,1008,236,1112
ATCCTTA,1168,313,1145
TGCCTTA,1839,1984,1662
GGCCTTA,1782,1106,2015
CGCCTTA,1340,1141,1446
AGCCTTA,1377,868,1427
TCCCTTA,1234,393,1338
GCCCTTA,1994,1071,1864
CCCCTTA,1227,407,1354
ACCCTTA,1376,512,1335
TACCTTA,1744,804,1178
GACCTTA,1639,572,1490
CACCTTA,976,331,1058
AACCTTA,1099,329,1224
TTACTTA,1258,1317,1119
GTACTTA,1604,1390,1356
CTACTTA,1014,871,1046
ATACTTA,1250,1009,1075
TGACTTA,1362,979,1425
GGACTTA,1393,779,1532
CGACTTA,1102,707,1201
AGACTTA,1163,617,1154
TCACTTA,1041,586,996
GCACTTA,2011,2419,1479
CCACTTA,1130,665,1103
ACACTTA,1458,1091,1144
TAACTTA,1037,557,1034
GAACTTA,1260,501,1363
CAACTTA,821,419,867
AAACTTA,1065,455,1076
TTTATTA,1983,627,934
GTTATTA,4246,6131,1285
CTTATTA,1830,681,1089
ATTATTA,2554,1644,961
TGTATTA,2869,5837,1278
GGTATTA,3077,2097,1540
CGTATTA,1896,1734,1329
AGTATTA,2010,2080,1092
TCTATTA,1454,491,935
GCTATTA,2551,1991,1343
CCTATTA,1648,632,1179
ACTATTA,1963,652,999
TATATTA,1926,1240,898
GATATTA,2528,1170,1249
CATATTA,1327,725,1013
AATATTA,1452,622,917
TTGATTA,2337,4723,1237
GTGATTA,3126,6359,1708
CTGATTA,1814,3336,1258
ATGATTA,2018,3852,1267
TGGATTA,1579,1281,1434
GGGATTA,1652,1011,1648
CGGATTA,1388,899,1474
AGGATTA,1231,756,1147
TCGATTA,1451,2204,1264
GCGATTA,2325,3018,1803
CCGATTA,1464,1663,1431
ACGATTA,1716,1701,1340
TAGATTA,1398,1190,1054
GAGATTA,1357,1004,1312
CAGATTA,1060,696,1031
AAGATTA,1041,732,1018
TTCATTA,1136,548,1114
GTCATTA,1857,1418,1349
CTCATTA,1042,468,1019
ATCATTA,1265,688,980
TGCATTA,2362,6235,1505
GGCATTA,2019,3614,1673
CGCATTA,1981,4610,1517
AGCATTA,1587,3379,1175
TCCATTA,1145,432,1089
GCCATTA,1856,1735,1526
CCCATTA,1178,479,1214
ACCATTA,1371,638,1230
TACATTA,1808,800,1068
GACATTA,2101,848,1329
CACATTA,1084,542,1003
AACATTA,1219,554,998
TTAATTA,1531,2193,987
GTAATTA,2039,2335,1256
CTAATTA,1309,1580,1019
ATAATTA,1307,1183,904
TGAATTA,1298,928,1273
GGAATTA,1356,735,1365
CGAATTA,1276,818,1263
AGAATTA,1150,625,1023
TCAATTA,1039,1036,973
GCAATTA,2130,2620,1215
CCAATTA,1191,838,1061
ACAATTA,1584,1026,999
TAAATTA,1028,521,960
GAAATTA,1216,523,1138
CAAATTA,985,467,942
AAAATTA,921,334,877
TTTTGTA,1397,474,1057
GTTTGTA,4227,10133,1521
CTTTGTA,1500,577,1176
ATTTGTA,2344,2728,1116
TGTTGTA,3528,9849,1515
GGTTGTA,2449,5707,1785
CGTTGTA,1969,5602,1439
AGTTGTA,1936,5955,1303
TCTTGTA,1275,638,1140
GCTTGTA,2369,2668,1626
CCTTGTA,1466,579,1431
ACTTGTA,1768,835,1188
TATTGTA,1915,5144,1138
GATTGTA,2306,2598,1427
CATTGTA,1331,1539,1067
AATTGTA,1604,1908,1060
TTGTGTA,3517,8784,1557
GTGTGTA,4019,10974,1993
CTGTGTA,2675,7150,1419
ATGTGTA,2924,7144,1447
TGGTGTA,2199,5007,1789
GGGTGTA,2374,2691,1933
CGGTGTA,2044,3159,1656
AGGTGTA,1799,2348,1430
TCGTGTA,1744,2375,1442
GCGTGTA,2857,4485,2016
CCGTGTA,1909,2496,1647
ACGTGTA,2021,2203,1472
TAGTGTA,1804,3578,1284
GAGTGTA,2050,2735,1681
CAGTGTA,1554,2435,1257
AAGTGTA,1671,2303,1241
TTCTGTA,1218,423,1076
GTCTGTA,1713,818,1523
CTCTGTA,1031,397,1044
ATCTGTA,1229,497,1058
TGCTGTA,1932,6433,1583
GGCTGTA,1920,1332,1715
CGCTGTA,1586,1371,1453
AGCTGTA,1455,1418,1327
TCCTGTA,1331,495,1343
GCCTGTA,2059,1808,1763
CCCTGTA,1492,530,1522
ACCTGTA,1650,642,1348
TACTGTA,1683,1220,1125
GACTGTA,1827,829,1491
CACTGTA,1222,574,1062
AACTGTA,1253,534,1044
TTATGTA,1960,3305,1087
GTATGTA,2577,5751,1467
CTATGTA,1413,2279,1061
ATATGTA,1722,2214,1156
TGATGTA,1927,5841,1465
GGATGTA,1906,2000,1639
CGATGTA,1710,2724,1472
AGATGTA,1579,1953,1265
TCATGTA,1284,1047,1154
GCATGTA,2378,3913,1578
CCATGTA,1400,1019,1294
ACATGTA,1845,1233,1239
TAATGTA,1456,2222,1168
GAATGTA,1749,1371,1440
CAATGTA,1287,1326,1027
AAATGTA,1548,1013,1051
TTTGGTA,1444,482,1260
GTTGGTA,3361,6885,1662
CTTGGTA,1341,470,1271
ATTGGTA,1870,1659,1143
TGTGGTA,2152,6935,1661
GGTGGTA,1958,1919,1810
CGTGGTA,1648,1589,1623
AGTGGTA,1536,2166,1371
TCTGGTA,1182,430,1237
GCTGGTA,1852,1355,1719
CCTGGTA,1330,444,1452
ACTGGTA,1496,530,1256
TATGGTA,1543,2045,1204
GATGGTA,1721,1384,1558
CATGGTA,1246,818,1262
AATGGTA,1233,792,1131
TTGGGTA,1496,1017,1442
GTGGGTA,2160,1994,1969
CTGGGTA,1236,764,1400
ATGGGTA,1485,1003,1372
TGGGGTA,1579,1374,1621
GGGGGTA,1779,1447,1719
CGGGGTA,1503,850,1580
AGGGGTA,1350,909,1365
TCGGGTA,1332,752,1528
GCGGGTA,2264,2027,1995
CCGGGTA,1501,807,1645
ACGGGTA,1597,1003,1456
TAGGGTA,1322,1037,1175
GAGGGTA,1431,903,1469
CAGGGTA,1115,647,1229
AAGGGTA,1062,638,1156
TTCGGTA,1297,508,1298
GTCGGTA,1799,888,1621
CTCGGTA,1193,446,1345
ATCGGTA,1307,524,1215
TGCGGTA,1978,2356,1874
GGCGGTA,1908,988,2027
CGCGGTA,1628,902,1660
AGCGGTA,1468,793,1473
TCCGGTA,1342,540,1425
GCCGGTA,2009,1165,1990
CCCGGTA,1419,527,1608
ACCGGTA,1671,600,1506
TACGGTA,1713,1037,1368
GACGGTA,1860,882,1673
CACGGTA,1210,546,1325
AACGGTA,1303,482,1233
TTAGGTA,1186,577,1152
GTAGGTA,1521,1072,1293
CTAGGTA,1058,441,1103
ATAGGTA,1158,622,970
TGAGGTA,1378,965,1374
GGAGGTA,1490,657,1535
CGAGGTA,1385,739,1489
AGAGGTA,1105,548,1111
TCAGGTA,1043,445,1078
GCAGGTA,1832,1283,1432
CCAGGTA,1117,473,1231
ACAGGTA,1373,628,1064
TAAGGTA,1081,539,1043
GAAGGTA,1247,543,1307
CAAGGTA,1027,404,982
AAAGGTA,1066,376,1040
TTTCGTA,1349,416,1277
GTTCGTA,2014,901,1541
CTTCGTA,1209,352,1197
ATTCGTA,1351,553,1175
TGTCGTA,1971,6941,1527
GGTCGTA,1811,1229,1841
CGTCGTA,1422,1401,1390
AGTCGTA,1369,1486,1282
TCTCGTA,1148,459,1258
GCTCGTA,1715,946,1557
CCTCGTA,1272,488,1407
ACTCGTA,1481,475,1198
TATCGTA,1563,2010,1213
GATCGTA,1627,878,1507
CATCGTA,1060,807,1090
AATCGTA,1225,626,1116
TTGCGTA,2195,5786,1798
GTGCGTA,2892,6039,2255
CTGCGTA,1664,3560,1584
ATGCGTA,2001,3960,1675
TGGCGTA,2155,2496,2135
GGGCGTA,2267,2095,2283
CGGCGTA,1666,1731,1712
AGGCGTA,1720,1774,1637
TCGCGTA,1636,1923,1563
GCGCGTA,2645,3912,2209
CCGCGTA,1489,2101,1673
ACGCGTA,1965,2010,1670
TAGCGTA,1572,1955,1472
GAGCGTA,1992,1697,1827
CAGCGTA,1325,1266,1300
AAGCGTA,1511,1383,1345
TTCCGTA,1423,438,1432
GTCCGTA,1822,682,1834
CTCCGTA,1147,339,1181
ATCCGTA,1411,420,1312
TGCCGTA,2005,1841,1895
GGCCGTA,1973,846,2176
CGCCGTA,1540,800,1570
AGCCGTA,1478,635,1503
TCCCGTA,1460,459,1455
GCCCGTA,2061,1097,2071
CCCCGTA,1540,438,1643
ACCCGTA,1559,525,1525
TACCGTA,1936,967,1532
GACCGTA,1917,710,1853
CACCGTA,1158,526,1247
AACCGTA,1320,446,1286
TTACGTA,1406,682,1389
GTACGTA,1973,1089,1645
CTACGTA,1239,492,1164
ATACGTA,1394,788,1220
TGACGTA,1733,1869,1712
GGACGTA,1844,798,1823
CGACGTA,1473,873,1363
AGACGTA,1475,773,1371
TCACGTA,1260,583,1240
GCACGTA,2232,1860,1777
CCACGTA,1276,615,1339
ACACGTA,1559,916,1260
TAACGTA,1371,874,1281
GAACGTA,1584,668,1552
CAACGTA,1159,493,1088
AAACGTA,1309,556,1145
TTTAGTA,1169,355,1085
GTTAGTA,2578,5064,1389
CTTAGTA,1177,420,1161
ATTAGTA,1577,1414,1024
TGTAGTA,1897,6030,1229
GGTAGTA,1618,1836,1413
CGTAGTA,1430,1714,1354
AGTAGTA,1351,2267,1073
TCTAGTA,1062,379,1081
GCTAGTA,1825,1406,1463
CCTAGTA,1266,449,1333
ACTAGTA,1373,541,1025
TATAGTA,1294,1935,991
GATAGTA,1551,1195,1310
CATAGTA,1186,666,987
AATAGTA,1094,699,970
TTGAGTA,1567,1217,1396
GTGAGTA,2373,3169,1771
CTGAGTA,1344,844,1418
ATGAGTA,1514,1253,1237
TGGAGTA,1582,905,1561
GGGAGTA,1690,820,1651
CGGAGTA,1499,712,1546
AGGAGTA,1280,647,1188
TCGAGTA,1439,846,1370
GCGAGTA,2063,1800,1789
CCGAGTA,1408,716,1457
ACGAGTA,1535,853,1266
TAGAGTA,1291,847,1205
GAGAGTA,1325,657,1434
CAGAGTA,1094,475,1089
AAGAGTA,1115,504,997
TTCAGTA,1116,361,1040
GTCAGTA,1519,676,1423
CTCAGTA,1022,340,1052
ATCAGTA,1152,433,1010
TGCAGTA,1658,1912,1489
GGCAGTA,1655,834,1672
CGCAGTA,1455,949,1490
AGCAGTA,1268,730,1155
TCCAGTA,1094,350,1197
GCCAGTA,1636,1059,1616
CCCAGTA,1243,404,1306
ACCAGTA,1421,511,1242
TACAGTA,1503,956,1190
GACAGTA,1767,810,1327
CACAGTA,1043,507,1013
AACAGTA,1151,516,1097
TTAAGTA,1217,538,1049
GTAAGTA,1734,1086,1331
CTAAGTA,1108,446,1101
ATAAGTA,1219,532,969
TGAAGTA,1312,711,1340
GGAAGTA,1480,503,1447
CGAAGTA,1344,504,1326
AGAAGTA,1224,411,1144
TCAAGTA,1056,375,1054
GCAAGTA,1876,1332,1382
CCAAGTA,1131,397,1132
ACAAGTA,1584,651,1043
TAAAGTA,1149,440,1019
GAAAGTA,1332,408,1248
CAAAGTA,1027,341,1010
AAAAGTA,1132,334,952
TTTTCTA,979,195,863
GTTTCTA,2077,1538,1424
CTTTCTA,985,231,1117
ATTTCTA,1222,365,1026
TGTTCTA,1602,1675,1312
GGTTCTA,1690,501,1571
CGTTCTA,1295,446,1322
AGTTCTA,1168,444,1240
TCTTCTA,949,217,951
GCTTCTA,1603,748,1411
CCTTCTA,1056,282,1164
ACTTCTA,1217,317,1060
TATTCTA,1214,471,996
GATTCTA,1475,453,1311
CATTCTA,969,264,1083
AATTCTA,953,216,913
TTGTCTA,1831,5512,1282
GTGTCTA,2394,4366,1657
CTGTCTA,1377,3130,1262
ATGTCTA,1549,2867,1366
TGGTCTA,1509,971,1505
GGGTCTA,1634,676,1722
CGGTCTA,1329,748,1478
AGGTCTA,1226,584,1389
TCGTCTA,1125,902,1153
GCGTCTA,1994,2173,1665
CCGTCTA,1193,1003,1320
ACGTCTA,1444,858,1294
TAGTCTA,1273,1062,1119
GAGTCTA,1331,817,1491
CAGTCTA,986,655,1035
AAGTCTA,1028,666,1127
TTCTCTA,927,200,931
GTCTCTA,1488,542,1342
CTCTCTA,932,237,943
ATCTCTA,1045,285,951
TGCTCTA,1285,523,1258
GGCTCTA,1480,505,1554
CGCTCTA,1218,417,1357
AGCTCTA,1097,340,1175
TCCTCTA,1044,297,1132
GCCTCTA,1753,1923,1582
CCCTCTA,1224,336,1229
ACCTCTA,1226,405,1224
TACTCTA,1517,444,1123
GACTCTA,1504,531,1300
CACTCTA,940,299,983
AACTCTA,982,303,968
TTATCTA,1014,868,1047
GTATCTA,1792,2145,1205
CTATCTA,923,657,985
ATATCTA,1065,646,1027
TGATCTA,1225,517,1264
GGATCTA,1376,443,1494
CGATCTA,1278,408,1372
AGATCTA,1115,406,1088
TCATCTA,880,536,953
GCATCTA,2465,6290,1340
CCATCTA,989,526,1100
ACATCTA,1337,642,1060
TAATCTA,883,390,956
GAATCTA,1128,466,1118
CAATCTA,891,302,948
AAATCTA,933,271,961
TTTGCTA,1857,1011,1461
GTTGCTA,3517,4996,1947
CTTGCTA,1681,834,1460
ATTGCTA,2051,1605,1495
TGTGCTA,2466,3637,1865
GGTGCTA,2538,1710,2227
CGTGCTA,1920,1236,1738
AGTGCTA,1807,1492,1491
TCTGCTA,1331,673,1294
GCTGCTA,2093,1649,1815
CCTGCTA,1490,662,1485
ACTGCTA,1568,762,1371
TATGCTA,1969,1820,1447
GATGCTA,2779,4269,1757
CATGCTA,1405,1135,1328
AATGCTA,1853,2076,1272
TTGGCTA,1611,1074,1686
GTGGCTA,2580,3039,2225
CTGGCTA,1521,739,1622
ATGGCTA,1654,1184,1633
TGGGCTA,1856,1198,1917
GGGGCTA,1927,1095,2116
CGGGCTA,1615,816,1854
AGGGCTA,1514,789,1504
TCGGCTA,1361,761,1420
GCGGCTA,2124,2040,1972
CCGGCTA,1357,688,1529
ACGGCTA,1517,921,1517
TAGGCTA,1441,1085,1433
GAGGCTA,1824,1751,1719
CAGGCTA,1270,647,1424
AAGGCTA,1330,857,1399
TTCGCTA,1531,739,1369
GTCGCTA,2092,1378,1795
CTCGCTA,1388,644,1261
ATCGCTA,1637,816,1325
TGCGCTA,2195,2188,1908
GGCGCTA,2118,1540,2109
CGCGCTA,1701,1275,1865
AGCGCTA,1580,1195,1651
TCCGCTA,1480,869,1443
GCCGCTA,2056,2197,2037
CCCGCTA,1378,883,1607
ACCGCTA,1702,1002,1472
TACGCTA,1985,1447,1528
GACGCTA,2245,1537,1859
CACGCTA,1474,1052,1294
AACGCTA,1427,986,1410
TTAGCTA,1290,784,1263
GTAGCTA,1549,1199,1301
CTAGCTA,1150,663,1074
ATAGCTA,1254,766,1094
TGAGCTA,1480,791,1597
GGAGCTA,1522,769,1730
CGAGCTA,1450,677,1638
AGAGCTA,1187,537,1180
TCAGCTA,1032,541,1107
GCAGCTA,1719,1709,1423
CCAGCTA,1032,555,1110
ACAGCTA,1310,691,1121
TAAGCTA,1230,586,1332
GAAGCTA,1343,655,1408
CAAGCTA,1080,651,1060
AAAGCTA,1115,655,1114
TTTCCTA,1299,261,1306
GTTCCTA,1974,766,1598
CTTCCTA,1080,270,1150
ATTCCTA,1329,366,1165
TGTCCTA,1828,3851,1635
GGTCCTA,1812,727,1907
CGTCCTA,1347,851,1533
AGTCCTA,1366,661,1390
TCTCCTA,1023,236,1036
GCTCCTA,1709,743,1575
CCTCCTA,1144,307,1237
ACTCCTA,1305,338,1269
TATCCTA,1392,926,1233
GATCCTA,1599,536,1545
CATCCTA,1002,440,1107
AATCCTA,1098,335,1122
TTGCCTA,1803,4407,1794
GTGCCTA,2686,6975,2337
CTGCCTA,1405,3277,1575
ATGCCTA,1872,4289,1709
TGGCCTA,1952,3642,2176
GGGCCTA,2172,3103,2273
CGGCCTA,1520,2647,1767
AGGCCTA,1608,2461,1701
TCGCCTA,1351,3317,1522
GCGCCTA,2391,6656,2098
CCGCCTA,1292,4170,1552
ACGCCTA,1614,3450,1518
TAGCCTA,1538,2881,1534
GAGCCTA,1708,2689,1919
CAGCCTA,1180,1863,1321
AAGCCTA,1288,2124,1402
TTCCCTA,1357,305,1375
GTCCCTA,2008,708,1887
CTCCCTA,1168,271,1119
ATCCCTA,1485,390,1340
TGCCCTA,1837,857,2025
GGCCCTA,1999,642,2245
CGCCCTA,1437,506,1691
AGCCCTA,1428,468,1552
TCCCCTA,1283,335,1417
GCCCCTA,2047,922,2011
CCCCCTA,1326,369,1550
ACCCCTA,1542,418,1512
TACCCTA,1848,640,1429
GACCCTA,1759,563,1764
CACCCTA,1078,304,1199
AACCCTA,1302,380,1368
TTACCTA,1361,426,1529
GTACCTA,1824,846,1752
CTACCTA,1096,397,1201
ATACCTA,1289,611,1274
TGACCTA,1567,744,1810
GGACCTA,1688,523,1879
CGACCTA,1341,489,1490
AGACCTA,1382,531,1468
TCACCTA,1084,418,1237
GCACCTA,2093,1594,1651
CCACCTA,1090,446,1198
ACACCTA,1499,693,1247
TAACCTA,1233,409,1377
GAACCTA,1494,484,1500
CAACCTA,1009,348,1028
AAACCTA,1156,338,1164
TTTACTA,1392,377,1202
GTTACTA,2461,1534,1615
CTTACTA,1340,352,1246
ATTACTA,1498,542,1176
TGTACTA,2033,2927,1584
GGTACTA,2036,1104,1824
CGTACTA,1638,784,1580
AGTACTA,1475,1001,1283
TCTACTA,1117,330,1050
GCTACTA,1851,1184,1455
CCTACTA,1206,405,1304
ACTACTA,1435,574,1097
TATACTA,1538,1111,1109
GATACTA,1943,1520,1426
CATACTA,1274,527,1146
AATACTA,1273,550,1110
TTGACTA,1632,1005,1506
GTGACTA,2552,2049,2051
CTGACTA,1417,695,1424
ATGACTA,1666,955,1477
TGGACTA,1766,927,1711
GGGACTA,1811,976,1958
CGGACTA,1548,727,1690
AGGACTA,1258,671,1349
TCGACTA,1267,781,1310
GCGACTA,2059,2104,1638
CCGACTA,1335,747,1354
ACGACTA,1493,836,1335
TAGACTA,1564,867,1279
GAGACTA,1497,919,1541
CAGACTA,1080,479,1187
AAGACTA,1155,499,1232
TTCACTA,1234,384,1188
GTCACTA,1785,984,1487
CTCACTA,1133,345,1059
ATCACTA,1283,476,1094
TGCACTA,1911,1212,1573
GGCACTA,1773,795,1812
CGCACTA,1567,725,1601
AGCACTA,1381,622,1328
TCCACTA,1220,419,1242
GCCACTA,2024,3342,1683
CCCACTA,1255,394,1384
ACCACTA,1526,560,1226
TACACTA,1971,1131,1318
GACACTA,2161,1060,1543
CACACTA,1241,500,1152
AACACTA,1259,503,1104
TTAACTA,1267,498,1191
GTAACTA,1964,1511,1498
CTAACTA,1211,469,1218
ATAACTA,1286,630,1142
TGAACTA,1404,499,1585
GGAACTA,1451,493,1588
CGAACTA,1456,432,1351
AGAACTA,1221,445,1236
TCAACTA,1043,449,1004
GCAACTA,2327,5469,1394
CCAACTA,1100,474,1170
ACAACTA,1552,886,1097
TAAACTA,1207,454,1162
GAAACTA,1360,505,1351
CAAACTA,1081,404,995
AAAACTA,1155,358,1116
TTTTATA,1054,248,929
GTTTATA,3716,7022,1430
CTTTATA,1135,326,1059
ATTTATA,1948,1653,1056
TGTTATA,2021,5795,1279
GGTTATA,1796,1280,1546
CGTTATA,1388,1185,1352
AGTTATA,1352,1408,1202
TCTTATA,1053,344,1055
GCTTATA,2156,2114,1523
CCTTATA,1241,343,1267
ACTTATA,1469,406,1146
TATTATA,1337,1951,1041
GATTATA,1726,1013,1300
CATTATA,1017,484,967
AATTATA,1099,582,940
TTGTATA,2933,7638,1194
GTGTATA,3455,9654,1723
CTGTATA,2323,6513,1321
ATGTATA,2373,6453,1257
TGGTATA,1762,2926,1357
GGGTATA,1705,1721,1703
CGGTATA,1669,2529,1454
AGGTATA,1373,1586,1342
TCGTATA,1611,2662,1390
GCGTATA,2426,3770,1868
CCGTATA,1630,2903,1510
ACGTATA,1902,2075,1475
TAGTATA,1570,2913,1156
GAGTATA,1579,1991,1359
CAGTATA,1206,2000,1093
AAGTATA,1263,2123,1078
TTCTATA,1000,272,956
GTCTATA,1694,1203,1361
CTCTATA,980,244,990
ATCTATA,1117,364,930
TGCTATA,1648,2109,1457
GGCTATA,1546,782,1591
CGCTATA,1400,735,1310
AGCTATA,1257,685,1188
TCCTATA,1129,294,1188
GCCTATA,1734,895,1662
CCCTATA,1288,357,1343
ACCTATA,1390,435,1221
TACTATA,1591,611,1045
GACTATA,1576,513,1283
CACTATA,997,343,1042
AACTATA,997,339,1025
TTATATA,1106,1344,944
GTATATA,2134,3503,1265
CTATATA,1008,1025,1012
ATATATA,1157,1042,949
TGATATA,1352,1662,1291
GGATATA,1416,838,1361
CGATATA,1400,935,1319
AGATATA,1162,693,1070
TCATATA,1060,603,979
GCATATA,1967,1770,1409
CCATATA,1184,624,1132
ACATATA,1560,804,1109
TAATATA,1001,762,993
GAATATA,1297,615,1189
CAATATA,1001,563,897
AAATATA,1104,487,958
TTTGATA,1586,548,1283
GTTGATA,3886,5145,1711
CTTGATA,1507,480,1350
ATTGATA,2198,1411,1362
TGTGATA,2302,3133,1654
GGTGATA,2295,1067,1848
CGTGATA,1739,824,1619
AGTGATA,1651,999,1426
TCTGATA,1379,400,1245
GCTGATA,2176,1280,1724
CCTGATA,1545,460,1510
ACTGATA,1599,494,1290
TATGATA,1725,1184,1236
GATGATA,2087,1045,1645
CATGATA,1286,550,1157
AATGATA,1320,566,1128
TTGGATA,1566,914,1415
GTGGATA,2187,1507,1854
CTGGATA,1365,625,1341
ATGGATA,1517,755,1348
TGGGATA,1575,708,1634
GGGGATA,1691,690,1803
CGGGATA,1452,512,1570
AGGGATA,1325,579,1460
TCGGATA,1413,507,1403
GCGGATA,2381,1412,1930
CCGGATA,1369,473,1637
ACGGATA,1739,589,1503
TAGGATA,1317,528,1223
GAGGATA,1368,480,1528
CAGGATA,1101,356,1282
AAGGATA,1192,367,1145
TTCGATA,1403,529,1361
GTCGATA,1858,856,1606
CTCGATA,1434,475,1469
ATCGATA,1477,555,1303
TGCGATA,2107,1511,1685
GGCGATA,1898,997,1948
CGCGATA,1612,835,1653
AGCGATA,1590,754,1430
TCCGATA,1421,461,1422
GCCGATA,2110,1073,1896
CCCGATA,1413,415,1590
ACCGATA,1695,602,1584
TACGATA,1901,795,1389
GACGATA,2015,771,1630
CACGATA,1291,455,1208
AACGATA,1314,491,1211
TTAGATA,1196,458,1093
GTAGATA,1283,622,1115
CTAGATA,1052,341,1057
ATAGATA,1100,438,1018
TGAGATA,1272,497,1367
GGAGATA,1402,440,1466
CGAGATA,1367,474,1363
AGAGATA,1160,336,1104
TCAGATA,1022,304,1106
GCAGATA,1807,898,1401
CCAGATA,1121,299,1233
ACAGATA,1331,461,1101
TAAGATA,1049,341,1142
GAAGATA,1245,372,1225
CAAGATA,975,258,1020
AAAGATA,1006,258,942
TTTCATA,1169,297,1123
GTTCATA,1810,769,1310
CTTCATA,1101,311,1088
ATTCATA,1265,445,1010
TGTCATA,1733,4889,1329
GGTCATA,1721,810,1636
CGTCATA,1287,1117,1268
AGTCATA,1299,923,1151
TCTCATA,1099,325,1036
GCTCATA,1639,831,1467
CCTCATA,1207,366,1244
ACTCATA,1336,534,1088
TATCATA,1518,1300,1071
GATCATA,1642,749,1323
CATCATA,1062,686,938
AATCATA,1158,551,1026
TTGCATA,1874,5693,1533
GTGCATA,2740,8140,2025
CTGCATA,1451,4225,1436
ATGCATA,2017,5394,1552
TGGCATA,1900,3914,1772
GGGCATA,1900,3408,1920
CGGCATA,1468,3171,1454
AGGCATA,1528,2718,1457
TCGCATA,1544,4096,1474
GCGCATA,2522,7013,1993
CCGCATA,1453,4331,1617
ACGCATA,1948,4104,1532
TAGCATA,1477,3323,1274
GAGCATA,1635,3088,1697
CAGCATA,1166,2160,1106
AAGCATA,1305,2690,1252
TTCCATA,1257,358,1365
GTCCATA,1796,633,1554
CTCCATA,1062,256,1106
ATCCATA,1323,330,1213
TGCCATA,1764,2222,1735
GGCCATA,1741,914,1900
CGCCATA,1375,1208,1473
AGCCATA,1399,766,1411
TCCCATA,1324,344,1375
GCCCATA,2004,1044,1852
CCCCATA,1325,319,1401
ACCCATA,1547,462,1369
TACCATA,1931,791,1274
GACCATA,1697,590,1558
CACCATA,1088,381,1050
AACCATA,1200,411,1152
TTACATA,1251,480,1225
GTACATA,2532,1144,1501
CTACATA,1123,407,1046
ATACATA,1510,772,1127
TGACATA,1435,1345,1516
GGACATA,1649,625,1600
CGACATA,1271,689,1212
AGACATA,1365,597,1225
TCACATA,1136,430,1146
GCACATA,2250,1611,1567
CCACATA,1231,465,1202
ACACATA,1770,903,1205
TAACATA,1214,571,1194
GAACATA,1371,579,1359
CAACATA,1144,483,1007
AAACATA,1539,629,1045
TTTAATA,1405,381,1077
GTTAATA,2321,1171,1509
CTTAATA,1339,374,1178
ATTAATA,1534,498,1045
TGTAATA,1961,2292,1368
GGTAATA,1926,877,1496
CGTAATA,1743,729,1511
AGTAATA,1506,772,1211
TCTAATA,1178,322,1029
GCTAATA,2091,1119,1490
CCTAATA,1393,400,1241
ACTAATA,1926,1123,1060
TATAATA,1497,561,1082
GATAATA,2049,833,1284
CATAATA,1525,628,1052
AATAATA,1614,666,1014
TTGAATA,1624,1021,1445
GTGAATA,2346,1498,1911
CTGAATA,1400,740,1365
ATGAATA,1527,852,1360
TGGAATA,1624,708,1534
GGGAATA,1681,696,1578
CGGAATA,1520,560,1569
AGGAATA,1354,486,1201
TCGAATA,1415,622,1387
GCGAATA,2203,1423,1782
CCGAATA,1513,655,1542
ACGAATA,1743,726,1416
TAGAATA,1419,550,1244
GAGAATA,1474,501,1345
CAGAATA,1094,375,1114
AAGAATA,1198,354,1092
TTCAATA,1190,376,1068
GTCAATA,3468,1999,1477
CTCAATA,1260,366,1074
ATCAATA,1927,588,932
TGCAATA,2070,3279,1463
GGCAATA,2010,1643,1652
CGCAATA,1695,1888,1577
AGCAATA,1541,1428,1233
TCCAATA,1237,335,1147
GCCAATA,2150,1028,1600
CCCAATA,1579,451,1349
ACCAATA,2353,1054,1249
TACAATA,1982,898,1153
GACAATA,2744,1141,1405
CACAATA,1939,810,1124
AACAATA,2027,867,1032
TTAAATA,1300,372,1072
GTAAATA,3694,2419,1291
CTAAATA,1934,688,1044
ATAAATA,2117,962,999
TGAAATA,1369,404,1338
GGAAATA,1465,424,1423
CGAAATA,1355,395,1333
AGAAATA,1106,321,1093
TCAAATA,1043,276,1084
GCAAATA,2735,1416,1401
CCAAATA,1495,564,1160
ACAAATA,2460,1303,1056
TAAAATA,1187,272,1008
GAAAATA,1624,535,1227
CAAAATA,1519,594,995
AAAAATA,1359,362,954
TTTTTGA,1099,217,1093
GTTTTGA,3585,5877,1691
CTTTTGA,1289,310,1263
ATTTTGA,1848,1116,1170
TGTTTGA,2382,7954,1541
GGTTTGA,1812,1701,1774
CGTTTGA,1497,1741,1541
AGTTTGA,1384,2469,1432
TCTTTGA,1137,316,1130
GCTTTGA,1923,1235,1721
CCTTTGA,1313,329,1500
ACTTTGA,1397,350,1246
TATTTGA,1523,2727,1207
GATTTGA,1712,837,1519
CATTTGA,1093,496,1147
AATTTGA,1115,619,1101
TTGTTGA,4411,9456,1496
GTGTTGA,5347,12541,2062
CTGTTGA,3589,8151,1511
ATGTTGA,4121,8703,1391
TGGTTGA,2033,3073,1679
GGGTTGA,2029,1841,2017
CGGTTGA,1801,2416,1710
AGGTTGA,1513,1816,1489
TCGTTGA,1767,2252,1516
GCGTTGA,2519,3197,2179
CCGTTGA,1823,2138,1799
ACGTTGA,1782,1813,1460
TAGTTGA,1771,3347,1259
GAGTTGA,1686,2463,1584
CAGTTGA,1409,2116,1181
AAGTTGA,1511,2664,1225
TTCTTGA,1108,293,1120
GTCTTGA,1685,573,1575
CTCTTGA,1035,248,1086
ATCTTGA,1193,338,1163
TGCTTGA,1883,3039,1600
GGCTTGA,1645,938,1811
CGCTTGA,1363,849,1457
AGCTTGA,1210,892,1356
TCCTTGA,1286,272,1415
GCCTTGA,2034,884,1962
CCCTTGA,1430,340,1648
ACCTTGA,1486,354,1469
TACTTGA,1559,523,1202
GACTTGA,1507,375,1547
CACTTGA,1062,305,1118
AACTTGA,1060,250,1198
TTATTGA,2926,5378,1136
GTATTGA,3604,6648,1540
CTATTGA,2287,4342,1038
ATATTGA,2457,4144,1118
TGATTGA,1676,2780,1445
GGATTGA,1593,1111,1599
CGATTGA,1516,1489,1483
AGATTGA,1289,922,1233
TCATTGA,1111,764,1050
GCATTGA,2043,3044,1556
CCATTGA,1227,698,1261
ACATTGA,1518,698,1188
TAATTGA,1262,1584,1110
GAATTGA,1333,1063,1345
CAATTGA,1081,926,1008
AAATTGA,1126,784,1040
TTTGTGA,1797,808,1430
GTTGTGA,4670,10393,1911
CTTGTGA,1779,665,1472
ATTGTGA,2566,2565,1381
TGTGTGA,2571,5490,1874
GGTGTGA,2470,1669,2159
CGTGTGA,1877,1126,1877
AGTGTGA,1845,1580,1572
TCTGTGA,1502,494,1405
GCTGTGA,2315,1855,1968
CCTGTGA,1647,624,1682
ACTGTGA,1723,623,1477
TATGTGA,1885,1547,1482
GATGTGA,2207,1372,1798
CATGTGA,1346,659,1386
AATGTGA,1576,894,1279
TTGGTGA,1693,974,1597
GTGGTGA,2509,2157,2157
CTGGTGA,1537,736,1572
ATGGTGA,1660,1003,1535
TGGGTGA,1764,927,1871
GGGGTGA,1850,804,1966
CGGGTGA,1642,707,1839
AGGGTGA,1444,679,1583
TCGGTGA,1529,772,1543
GCGGTGA,2462,1856,2202
CCGGTGA,1733,696,1835
ACGGTGA,1753,874,1689
TAGGTGA,1479,710,1371
GAGGTGA,1578,700,1638
CAGGTGA,1157,520,1320
AAGGTGA,1209,525,1267
TTCGTGA,1470,454,1492
GTCGTGA,2006,860,1746
CTCGTGA,1392,374,1419
ATCGTGA,1468,486,1341
TGCGTGA,2285,4072,2009
GGCGTGA,2248,1991,2302
CGCGTGA,1777,1794,1773
AGCGTGA,1602,1598,1594
TCCGTGA,1454,509,1643
GCCGTGA,2296,1304,2208
CCCGTGA,1685,568,1880
ACCGTGA,1651,654,1670
TACGTGA,2008,805,1448
GACGTGA,2035,760,1793
CACGTGA,1166,428,1395
AACGTGA,1330,513,1439
TTAGTGA,1227,614,1275
GTAGTGA,1767,1510,1461
CTAGTGA,1129,485,1138
ATAGTGA,1252,640,1145
TGAGTGA,1494,854,1567
GGAGTGA,1532,649,1639
CGAGTGA,1639,641,1656
AGAGTGA,1331,555,1416
TCAGTGA,1108,450,1152
GCAGTGA,1794,1194,1541
CCAGTGA,1252,524,1394
ACAGTGA,1315,571,1201
TAAGTGA,1208,483,1221
GAAGTGA,1280,518,1386
CAAGTGA,1085,358,1104
AAAGTGA,1072,458,1127
TTTCTGA,1136,226,1244
GTTCTGA,1751,422,1533
CTTCTGA,1085,189,1074
ATTCTGA,1211,252,1186
TGTCTGA,1627,1565,1482
GGTCTGA,1665,413,1768
CGTCTGA,1210,353,1369
AGTCTGA,1215,414,1290
TCTCTGA,1009,191,1122
GCTCTGA,1605,592,1545
CCTCTGA,1184,280,1333
ACTCTGA,1276,299,1279
TATCTGA,1272,365,1132
GATCTGA,1429,295,1402
CATCTGA,953,214,1001
AATCTGA,1009,204,1069
TTGCTGA,2405,4632,1765
GTGCTGA,2690,3750,2173
CTGCTGA,1623,2363,1510
ATGCTGA,1957,2701,1562
TGGCTGA,1804,1037,1956
GGGCTGA,1897,781,2046
CGGCTGA,1450,632,1642
AGGCTGA,1446,741,1603
TCGCTGA,1487,754,1617
GCGCTGA,2596,1703,2201
CCGCTGA,1560,789,1666
ACGCTGA,1741,781,1757
TAGCTGA,1391,885,1380
GAGCTGA,1570,659,1716
CAGCTGA,1106,559,1219
AAGCTGA,1222,603,1367
TTCCTGA,1217,257,1367
GTCCTGA,1893,429,1902
CTCCTGA,1107,186,1251
ATCCTGA,1255,219,1380
TGCCTGA,1891,989,1983
GGCCTGA,1779,607,2227
CGCCTGA,1418,540,1615
AGCCTGA,1381,432,1562
TCCCTGA,1372,253,1560
GCCCTGA,2040,669,2119
CCCCTGA,1288,278,1560
ACCCTGA,1533,355,1626
TACCTGA,1808,432,1425
GACCTGA,1714,370,1728
CACCTGA,1018,242,1197
AACCTGA,1144,227,1325
TTACTGA,1246,504,1324
GTACTGA,1748,690,1633
CTACTGA,1041,384,1147
ATACTGA,1197,475,1195
TGACTGA,1379,565,1669
GGACTGA,1486,330,1679
CGACTGA,1202,372,1321
AGACTGA,1218,355,1359
TCACTGA,1021,291,1189
GCACTGA,1940,1003,1704
CCACTGA,1134,335,1332
ACACTGA,1444,484,1229
TAACTGA,1152,314,1185
GAACTGA,1254,342,1442
CAACTGA,976,289,1012
AAACTGA,1100,285,1070
TTTATGA,1324,346,1166
GTTATGA,3013,5546,1704
CTTATGA,1385,389,1325
ATTATGA,1755,1265,1180
TGTATGA,2019,5222,1580
GGTATGA,1994,1131,1880
CGTATGA,1551,1000,1591
AGTATGA,1561,1139,1268
TCTATGA,1123,286,1198
GCTATGA,1840,1243,1642
CCTATGA,1274,400,1494
ACTATGA,1456,465,1255
TATATGA,1430,746,1195
GATATGA,1758,840,1515
CATATGA,1193,404,1169
AATATGA,1172,492,1107
TTGATGA,1982,2737,1505
GTGATGA,2868,4092,1918
CTGATGA,1613,1697,1546
ATGATGA,1867,2171,1544
TGGATGA,1628,863,1740
GGGATGA,1734,715,1788
CGGATGA,1561,629,1781
AGGATGA,1288,511,1336
TCGATGA,1452,1067,1520
GCGATGA,2382,1934,2037
CCGATGA,1565,907,1682
ACGATGA,1703,857,1464
TAGATGA,1480,795,1267
GAGATGA,1413,651,1487
CAGATGA,1174,490,1291
AAGATGA,1184,529,1134
TTCATGA,1219,334,1199
GTCATGA,1775,738,1512
CTCATGA,1167,310,1160
ATCATGA,1237,363,1124
TGCATGA,1900,2424,1724
GGCATGA,1826,1059,1840
CGCATGA,1615,1259,1666
AGCATGA,1352,916,1355
TCCATGA,1246,323,1386
GCCATGA,1866,1091,1777
CCCATGA,1382,317,1485
ACCATGA,1474,391,1361
TACATGA,1826,621,1224
GACATGA,2048,590,1466
CACATGA,1146,326,1214
AACATGA,1221,358,1259
TTAATGA,1327,890,1184
GTAATGA,1688,1257,1424
CTAATGA,1176,643,1160
ATAATGA,1278,591,1074
TGAATGA,1416,629,1495
GGAATGA,1483,482,1563
CGAATGA,1393,461,1463
AGAATGA,1185,339,1232
TCAATGA,1108,476,1078
GCAATGA,1888,1515,1491
CCAATGA,1166,415,1314
ACAATGA,1582,562,1129
TAAATGA,1135,374,1138
GAAATGA,1236,337,1362
CAAATGA,1077,253,1096
AAAATGA,1097,244,1112
TTTTGGA,1183,195,1181
GTTTGGA,2895,5313,1668
CTTTGGA,1163,219,1298
ATTTGGA,1616,998,1189
TGTTGGA,1879,7047,1572
GGTTGGA,1781,857,1806
CGTTGGA,1506,914,1611
AGTTGGA,1292,1280,1402
TCTTGGA,1134,207,1231
GCTTGGA,1751,852,1655
CCTTGGA,1300,243,1504
ACTTGGA,1376,259,1335
TATTGGA,1231,1066,1285
GATTGGA,1636,601,1441
CATTGGA,1013,302,1141
AATTGGA,1077,400,1096
TTGTGGA,1829,3599,1531
GTGTGGA,2365,3951,2071
CTGTGGA,1504,1725,1495
ATGTGGA,1812,2295,1588
TGGTGGA,1601,1009,1729
GGGTGGA,1800,731,2007
CGGTGGA,1618,740,1697
AGGTGGA,1351,610,1484
TCGTGGA,1424,556,1575
GCGTGGA,2256,2057,2214
CCGTGGA,1524,631,1762
ACGTGGA,1544,597,1517
TAGTGGA,1262,890,1326
GAGTGGA,1422,742,1627
CAGTGGA,1108,567,1265
AAGTGGA,1161,641,1173
TTCTGGA,1087,175,1258
GTCTGGA,1550,343,1562
CTCTGGA,972,172,1244
ATCTGGA,1064,211,1127
TGCTGGA,1606,910,1650
GGCTGGA,1629,375,1908
CGCTGGA,1433,335,1551
AGCTGGA,1147,317,1420
TCCTGGA,1189,185,1434
GCCTGGA,1885,784,2026
CCCTGGA,1345,257,1575
ACCTGGA,1410,249,1481
TACTGGA,1353,361,1264
GACTGGA,1449,287,1560
CACTGGA,1033,202,1164
AACTGGA,1017,189,1148
TTATGGA,1154,639,1236
GTATGGA,1658,1418,1512
CTATGGA,1065,470,1194
ATATGGA,1111,520,1151
TGATGGA,1425,932,1507
GGATGGA,1462,503,1638
CGATGGA,1327,536,1549
AGATGGA,1196,380,1225
TCATGGA,1031,299,1226
GCATGGA,1750,1526,1611
CCATGGA,1205,314,1361
ACATGGA,1338,380,1267
TAATGGA,1096,435,1133
GAATGGA,1204,377,1470
CAATGGA,945,297,1017
AAATGGA,1126,299,1104
TTTGGGA,1186,240,1250
GTTGGGA,2411,2966,1796
CTTGGGA,1089,263,1343
ATTGGGA,1530,741,1212
TGTGGGA,1842,2006,1654
GGTGGGA,1712,686,1984
CGTGGGA,1449,518,1639
AGTGGGA,1371,674,1377
TCTGGGA,1163,234,1281
GCTGGGA,1660,649,1680
CCTGGGA,1363,269,1518
ACTGGGA,1292,261,1228
TATGGGA,1317,474,1362
GATGGGA,1542,551,1622
CATGGGA,1136,296,1200
AATGGGA,1107,332,1159
TTGGGGA,1278,449,1509
GTGGGGA,1927,960,1911
CTGGGGA,1285,368,1466
ATGGGGA,1347,471,1387
TGGGGGA,1525,639,1749
GGGGGGA,1593,620,1945
CGGGGGA,1452,478,1720
AGGGGGA,1258,460,1351
TCGGGGA,1311,382,1542
GCGGGGA,2063,1142,2038
CCGGGGA,1431,414,1735
ACGGGGA,1382,418,1486
TAGGGGA,1192,422,1183
GAGGGGA,1346,455,1523
CAGGGGA,990,316,1216
AAGGGGA,1008,318,1192
TTCGGGA,1290,295,1487
GTCGGGA,1572,455,1747
CTCGGGA,1122,234,1473
ATCGGGA,1220,315,1332
TGCGGGA,1868,876,1871
GGCGGGA,1790,569,2047
CGCGGGA,1511,467,1737
AGCGGGA,1351,414,1558
TCCGGGA,1392,276,1491
GCCGGGA,1945,705,2130
CCCGGGA,1471,305,1779
ACCGGGA,1489,308,1669
TACGGGA,1586,452,1447
GACGGGA,1717,453,1729
CACGGGA,1081,232,1241
AACGGGA,1157,315,1297
TTAGGGA,977,296,1128
GTAGGGA,1314,564,1435
CTAGGGA,1025,245,1045
ATAGGGA,986,288,1027
TGAGGGA,1267,458,1465
GGAGGGA,1327,283,1581
CGAGGGA,1269,364,1583
AGAGGGA,1035,308,1167
TCAGGGA,977,198,1138
GCAGGGA,1615,711,1513
CCAGGGA,1122,271,1266
ACAGGGA,1136,326,1182
TAAGGGA,945,254,1130
GAAGGGA,1126,306,1340
CAAGGGA,938,191,1064
AAAGGGA,908,209,937
TTTCGGA,1299,183,1365
GTTCGGA,1765,424,1638
CTTCGGA,1082,207,1302
ATTCGGA,1252,278,1264
TGTCGGA,1662,1513,1672
GGTCGGA,1752,408,1887
CGTCGGA,1318,332,1488
AGTCGGA,1282,341,1335
TCTCGGA,1120,187,1258
GCTCGGA,1615,461,1685
CCTCGGA,1253,212,1498
ACTCGGA,1323,269,1285
TATCGGA,1325,372,1239
GATCGGA,1504,293,1579
CATCGGA,1004,230,1138
AATCGGA,979,211,1191
TTGCGGA,1759,966,1877
GTGCGGA,2312,1239,2291
CTGCGGA,1417,508,1583
ATGCGGA,1794,1127,1738
TGGCGGA,1914,619,2146
GGGCGGA,2066,730,2319
CGGCGGA,1446,427,1755
AGGCGGA,1649,762,1725
TCGCGGA,1423,415,1700
GCGCGGA,2430,1314,2252
CCGCGGA,1476,391,1742
ACGCGGA,1621,493,1696
TAGCGGA,1390,369,1469
GAGCGGA,1555,427,1872
CAGCGGA,1093,298,1310
AAGCGGA,1309,385,1312
TTCCGGA,1280,188,1488
GTCCGGA,1755,325,1917
CTCCGGA,1034,152,1292
ATCCGGA,1248,176,1347
TGCCGGA,1751,489,1983
GGCCGGA,1854,369,2285
CGCCGGA,1457,276,1705
AGCCGGA,1416,274,1616
TCCCGGA,1391,217,1592
GCCCGGA,2000,571,2226
CCCCGGA,1435,211,1729
ACCCGGA,1473,199,1584
TACCGGA,1687,338,1564
GACCGGA,1677,338,1858
CACCGGA,1053,209,1259
AACCGGA,1152,200,1294
TTACGGA,1351,232,1460
GTACGGA,1634,415,1790
CTACGGA,1095,223,1271
ATACGGA,1216,308,1216
TGACGGA,1605,392,1812
GGACGGA,1603,295,1918
CGACGGA,1252,345,1488
AGACGGA,1336,283,1340
TCACGGA,1126,197,1298
GCACGGA,1919,786,1767
CCACGGA,1159,233,1456
ACACGGA,1382,342,1316
TAACGGA,1193,264,1369
GAACGGA,1342,295,1595
CAACGGA,1045,222,1087
AAACGGA,1116,231,1260
TTTAGGA,988,214,1119
GTTAGGA,1726,1164,1322
CTTAGGA,1049,197,1242
ATTAGGA,1053,344,1008
TGTAGGA,1445,2147,1350
GGTAGGA,1499,489,1545
CGTAGGA,1369,408,1377
AGTAGGA,1088,437,1162
TCTAGGA,1004,174,1060
GCTAGGA,1484,514,1451
CCTAGGA,1056,209,1192
ACTAGGA,1152,262,1008
TATAGGA,1149,362,1015
GATAGGA,1307,366,1267
CATAGGA,971,250,1088
AATAGGA,904,243,993
TTGAGGA,1349,422,1497
GTGAGGA,1885,822,1946
CTGAGGA,1244,333,1365
ATGAGGA,1300,452,1362
TGGAGGA,1389,434,1571
GGGAGGA,1405,330,1660
CGGAGGA,1415,333,1618
AGGAGGA,1131,303,1210
TCGAGGA,1344,368,1566
GCGAGGA,1908,834,1801
CCGAGGA,1323,306,1641
ACGAGGA,1383,335,1410
TAGAGGA,1106,306,1189
GAGAGGA,1240,280,1379
CAGAGGA,943,189,1071
AAGAGGA,963,212,997
TTCAGGA,1011,169,1082
GTCAGGA,1288,295,1374
CTCAGGA,956,154,1172
ATCAGGA,1038,201,1077
TGCAGGA,1446,525,1581
GGCAGGA,1397,390,1671
CGCAGGA,1381,345,1497
AGCAGGA,1084,286,1265
TCCAGGA,1076,185,1271
GCCAGGA,1505,612,1721
CCCAGGA,1184,188,1501
ACCAGGA,1211,213,1247
TACAGGA,1472,329,1162
GACAGGA,1627,354,1410
CACAGGA,947,189,1101
AACAGGA,1017,202,1036
TTAAGGA,1073,213,1044
GTAAGGA,1342,337,1260
CTAAGGA,885,227,1140
ATAAGGA,992,227,1001
TGAAGGA,1248,262,1384
GGAAGGA,1169,225,1356
CGAAGGA,1198,247,1346
AGAAGGA,1029,212,1095
TCAAGGA,939,165,1061
GCAAGGA,1532,657,1472
CCAAGGA,996,178,1190
ACAAGGA,1194,274,1095
TAAAGGA,970,165,1064
GAAAGGA,1008,194,1234
CAAAGGA,833,168,1087
AAAAGGA,892,156,1012
TTTTCGA,1218,213,1141
GTTTCGA,2079,1282,1817
CTTTCGA,1160,242,1261
ATTTCGA,1388,382,1222
TGTTCGA,1861,830,1602
GGTTCGA,1755,420,1887
CGTTCGA,1464,366,1527
AGTTCGA,1364,360,1344
TCTTCGA,1107,184,1141
GCTTCGA,1658,623,1627
CCTTCGA,1209,242,1374
ACTTCGA,1323,264,1240
TATTCGA,1457,344,1214
GATTCGA,1634,424,1561
CATTCGA,1099,245,1168
AATTCGA,1133,246,1170
TTGTCGA,1578,1562,1540
GTGTCGA,2399,1745,2075
CTGTCGA,1453,784,1486
ATGTCGA,1652,912,1557
TGGTCGA,1543,497,1710
GGGTCGA,1891,489,1933
CGGTCGA,1490,407,1629
AGGTCGA,1367,380,1457
TCGTCGA,1261,415,1331
GCGTCGA,2183,1358,2002
CCGTCGA,1478,434,1563
ACGTCGA,1489,467,1365
TAGTCGA,1276,440,1171
GAGTCGA,1550,519,1612
CAGTCGA,1006,317,1210
AAGTCGA,1222,330,1177
TTCTCGA,1123,209,1103
GTCTCGA,1560,446,1500
CTCTCGA,1027,214,1112
ATCTCGA,1121,254,1145
TGCTCGA,1590,441,1520
GGCTCGA,1606,421,1870
CGCTCGA,1352,356,1468
AGCTCGA,1228,271,1347
TCCTCGA,1210,242,1343
GCCTCGA,1773,943,1793
CCCTCGA,1307,296,1495
ACCTCGA,1375,298,1309
TACTCGA,1581,385,1146
GACTCGA,1437,394,1511
CACTCGA,1036,225,1073
AACTCGA,1053,235,1131
TTATCGA,1215,503,1220
GTATCGA,1640,1199,1520
CTATCGA,1029,382,1062
ATATCGA,1155,475,1148
TGATCGA,1468,329,1548
GGATCGA,1403,319,1631
CGATCGA,1342,348,1428
AGATCGA,1143,262,1185
TCATCGA,1026,345,1019
GCATCGA,1878,2013,1484
CCATCGA,1110,382,1234
ACATCGA,1472,432,1149
TAATCGA,1115,283,1147
GAATCGA,1232,326,1371
CAATCGA,994,261,1016
AAATCGA,1000,276,1003
TTTGCGA,1840,1168,1738
GTTGCGA,3501,5085,2197
CTTGCGA,1639,797,1607
ATTGCGA,2074,1601,1726
TGTGCGA,2610,2173,2289
GGTGCGA,2583,1593,2527
CGTGCGA,1909,1081,1997
AGTGCGA,1851,1281,1747
TCTGCGA,1392,681,1421
GCTGCGA,2308,1418,2121
CCTGCGA,1628,674,1765
ACTGCGA,1644,742,1470
TATGCGA,2014,1404,1656
GATGCGA,3171,5635,2038
CATGCGA,1501,1038,1554
AATGCGA,2036,2409,1495
TTGGCGA,1885,991,1875
GTGGCGA,2750,3793,2527
CTGGCGA,1557,706,1838
ATGGCGA,1864,1280,1788
TGGGCGA,2005,1060,2130
GGGGCGA,2158,1014,2412
CGGGCGA,1785,762,1981
AGGGCGA,1603,668,1826
TCGGCGA,1432,721,1664
GCGGCGA,2447,1715,2241
CCGGCGA,1480,620,1856
ACGGCGA,1683,747,1692
TAGGCGA,1514,907,1601
GAGGCGA,1964,2136,1934
CAGGCGA,1291,651,1487
AAGGCGA,1469,961,1530
TTCGCGA,1526,682,1639
GTCGCGA,2055,1160,2040
CTCGCGA,1359,602,1482
ATCGCGA,1460,668,1493
TGCGCGA,2314,1743,2215
GGCGCGA,2290,1305,2395
CGCGCGA,1821,1132,1952
AGCGCGA,1663,1000,1766
TCCGCGA,1413,739,1564
GCCGCGA,2232,1512,2293
CCCGCGA,1496,667,1849
ACCGCGA,1686,777,1723
TACGCGA,1973,887,1631
GACGCGA,2266,1309,1909
CACGCGA,1438,1038,1464
AACGCGA,1555,826,1540
TTAGCGA,1295,659,1466
GTAGCGA,1853,1235,1687
CTAGCGA,1235,531,1327
ATAGCGA,1302,677,1269
TGAGCGA,1631,734,1844
GGAGCGA,1758,760,1860
CGAGCGA,1700,695,1939
AGAGCGA,1324,595,1415
TCAGCGA,1052,478,1216
GCAGCGA,1809,1134,1691
CCAGCGA,1095,459,1323
ACAGCGA,1402,550,1150
TAAGCGA,1246,577,1332
GAAGCGA,1396,605,1554
CAAGCGA,1119,448,1255
AAAGCGA,1271,666,1166
TTTCCGA,1406,234,1412
GTTCCGA,2210,475,2021
CTTCCGA,1237,235,1309
ATTCCGA,1493,256,1386
TGTCCGA,1916,743,1967
GGTCCGA,2047,439,2209
CGTCCGA,1465,297,1692
AGTCCGA,1471,342,1642
TCTCCGA,1208,199,1219
GCTCCGA,1854,549,1825
CCTCCGA,1253,243,1501
ACTCCGA,1457,226,1405
TATCCGA,1492,341,1419
GATCCGA,1638,318,1815
CATCCGA,1067,236,1241
AATCCGA,1186,216,1361
TTGCCGA,1904,1470,2080
GTGCCGA,2832,2357,2681
CTGCCGA,1528,874,1748
ATGCCGA,2001,1764,1863
TGGCCGA,2177,966,2372
GGGCCGA,2244,1042,2606
CGGCCGA,1586,718,1903
AGGCCGA,1769,880,1923
TCGCCGA,1509,903,1696
GCGCCGA,2511,2129,2321
CCGCCGA,1402,1110,1847
ACGCCGA,1849,1014,1713
TAGCCGA,1521,699,1699
GAGCCGA,1746,725,2012
CAGCCGA,1169,477,1411
AAGCCGA,1357,567,1542
TTCCCGA,1487,239,1658
GTCCCGA,2001,465,2028
CTCCCGA,1226,216,1291
ATCCCGA,1393,252,1477
TGCCCGA,1950,526,2228
GGCCCGA,2025,461,2459
CGCCCGA,1647,377,1737
AGCCCGA,1486,294,1817
TCCCCGA,1516,262,1712
GCCCCGA,2073,673,2357
CCCCCGA,1463,251,1770
ACCCCGA,1603,314,1544
TACCCGA,1833,395,1592
GACCCGA,1740,369,1944
CACCCGA,1154,232,1349
AACCCGA,1184,252,1449
TTACCGA,1494,309,1583
GTACCGA,2043,669,1900
CTACCGA,1196,315,1293
ATACCGA,1466,452,1428
TGACCGA,1752,389,1980
GGACCGA,1779,337,2126
CGACCGA,1429,322,1650
AGACCGA,1468,339,1551
TCACCGA,1169,360,1267
GCACCGA,2158,1083,1772
CCACCGA,1205,372,1370
ACACCGA,1522,528,1339
TAACCGA,1329,281,1516
GAACCGA,1508,369,1721
CAACCGA,1048,253,1162
AAACCGA,1206,316,1286
TTTACGA,1414,292,1499
GTTACGA,2461,1284,1882
CTTACGA,1399,296,1417
ATTACGA,1533,415,1360
TGTACGA,2049,1031,1776
GGTACGA,2119,604,2009
CGTACGA,1744,487,1700
AGTACGA,1573,508,1473
TCTACGA,1266,235,1269
GCTACGA,1812,865,1701
CCTACGA,1289,318,1421
ACTACGA,1394,373,1282
TATACGA,1575,568,1334
GATACGA,1900,1353,1601
CATACGA,1236,399,1371
AATACGA,1329,488,1171
TTGACGA,1787,517,1767
GTGACGA,2561,991,2327
CTGACGA,1544,386,1720
ATGACGA,1681,530,1704
TGGACGA,1880,432,1975
GGGACGA,2001,420,2083
CGGACGA,1597,338,1859
AGGACGA,1440,345,1522
TCGACGA,1287,392,1462
GCGACGA,2140,971,2074
CCGACGA,1392,416,1693
ACGACGA,1511,400,1425
TAGACGA,1457,384,1471
GAGACGA,1520,396,1753
CAGACGA,1111,265,1384
AAGACGA,1167,239,1342
TTCACGA,1197,241,1301
GTCACGA,1875,629,1662
CTCACGA,1096,265,1310
ATCACGA,1186,316,1259
TGCACGA,1897,732,1893
GGCACGA,1864,550,2016
CGCACGA,1656,486,1683
AGCACGA,1422,414,1544
TCCACGA,1260,257,1416
GCCACGA,1983,1131,1994
CCCACGA,1373,324,1611
ACCACGA,1429,413,1427
TACACGA,1813,559,1414
GACACGA,2001,542,1585
CACACGA,1139,309,1289
AACACGA,1337,367,1272
TTAACGA,1296,360,1383
GTAACGA,1843,727,1703
CTAACGA,1221,361,1323
ATAACGA,1291,408,1211
TGAACGA,1521,329,1707
GGAACGA,1549,342,1656
CGAACGA,1433,352,1600
AGAACGA,1243,244,1343
TCAACGA,1070,303,1239
GCAACGA,2027,1581,1599
CCAACGA,1157,345,1279
ACAACGA,1500,502,1141
TAAACGA,1244,279,1289
GAAACGA,1321,352,1443
CAAACGA,1111,292,1183
AAAACGA,1162,281,1151
TTTTAGA,1093,172,1125
GTTTAGA,3510,6807,1521
CTTTAGA,1159,265,1205
ATTTAGA,1828,1690,1103
TGTTAGA,1813,2487,1428
GGTTAGA,1637,503,1706
CGTTAGA,1405,407,1472
AGTTAGA,1268,486,1224
TCTTAGA,1024,185,1140
GCTTAGA,1782,1265,1526
CCTTAGA,1277,214,1313
ACTTAGA,1376,314,1119
TATTAGA,1225,524,1083
GATTAGA,1507,602,1348
CATTAGA,973,221,1022
AATTAGA,1064,360,994
TTGTAGA,1226,1671,1224
GTGTAGA,2203,3012,1617
CTGTAGA,1296,1044,1329
ATGTAGA,1487,1407,1331
TGGTAGA,1278,474,1418
GGGTAGA,1503,457,1645
CGGTAGA,1263,466,1373
AGGTAGA,1197,387,1167
TCGTAGA,1052,412,1307
GCGTAGA,2066,1273,1802
CCGTAGA,1381,444,1528
ACGTAGA,1525,495,1377
TAGTAGA,1044,422,1014
GAGTAGA,1265,433,1302
CAGTAGA,1000,367,1043
AAGTAGA,897,365,984
TTCTAGA,1067,184,1101
GTCTAGA,1429,367,1383
CTCTAGA,995,156,1008
ATCTAGA,1007,230,1108
TGCTAGA,1536,655,1440
GGCTAGA,1500,479,1625
CGCTAGA,1330,408,1467
AGCTAGA,1211,349,1192
TCCTAGA,1156,176,1289
GCCTAGA,1706,553,1740
CCCTAGA,1301,229,1447
ACCTAGA,1342,283,1330
TACTAGA,1437,297,1066
GACTAGA,1426,276,1366
CACTAGA,932,183,1014
AACTAGA,1002,167,1011
TTATAGA,1020,364,1055
GTATAGA,1608,1419,1325
CTATAGA,956,311,1040
ATATAGA,1107,376,997
TGATAGA,1327,415,1388
GGATAGA,1334,333,1456
CGATAGA,1200,405,1350
AGATAGA,1020,323,1098
TCATAGA,968,250,1045
GCATAGA,1646,816,1442
CCATAGA,1044,259,1260
ACATAGA,1374,371,1096
TAATAGA,920,247,954
GAATAGA,1182,275,1240
CAATAGA,919,227,984
AAATAGA,1123,280,983
TTTGAGA,1315,271,1346
GTTGAGA,2318,1410,1758
CTTGAGA,1176,254,1354
ATTGAGA,1486,482,1277
TGTGAGA,1832,926,1857
GGTGAGA,1860,572,1950
CGTGAGA,1520,437,1740
AGTGAGA,1373,468,1522
TCTGAGA,1084,253,1367
GCTGAGA,1857,675,1821
CCTGAGA,1392,310,1580
ACTGAGA,1351,313,1343
TATGAGA,1448,402,1268
GATGAGA,1629,443,1667
CATGAGA,1195,288,1321
AATGAGA,1096,261,1231
TTGGAGA,1359,308,1570
GTGGAGA,1935,567,1939
CTGGAGA,1259,273,1472
ATGGAGA,1362,370,1461
TGGGAGA,1392,347,1667
GGGGAGA,1504,383,1792
CGGGAGA,1376,344,1584
AGGGAGA,1108,240,1309
TCGGAGA,1376,307,1563
GCGGAGA,2094,929,1951
CCGGAGA,1352,328,1577
ACGGAGA,1493,373,1522
TAGGAGA,1150,281,1129
GAGGAGA,1203,308,1441
CAGGAGA,974,196,1183
AAGGAGA,984,236,1099
TTCGAGA,1275,278,1376
GTCGAGA,1674,437,1732
CTCGAGA,1242,255,1525
ATCGAGA,1273,287,1338
TGCGAGA,1871,833,1865
GGCGAGA,1764,560,2032
CGCGAGA,1445,453,1654
AGCGAGA,1254,406,1484
TCCGAGA,1291,286,1538
GCCGAGA,1876,635,2008
CCCGAGA,1432,297,1556
ACCGAGA,1463,328,1475
TACGAGA,1649,383,1311
GACGAGA,1644,344,1620
CACGAGA,1057,262,1208
AACGAGA,1128,238,1161
TTAGAGA,1039,216,1138
GTAGAGA,1330,408,1407
CTAGAGA,1001,217,1190
ATAGAGA,971,263,1056
TGAGAGA,1182,289,1445
GGAGAGA,1280,238,1469
CGAGAGA,1236,283,1523
AGAGAGA,966,212,1067
TCAGAGA,940,208,1109
GCAGAGA,1580,600,1458
CCAGAGA,1086,231,1200
ACAGAGA,1206,311,1107
TAAGAGA,998,210,1017
GAAGAGA,1059,239,1251
CAAGAGA,826,161,1001
AAAGAGA,876,160,915
TTTCAGA,1114,170,1200
GTTCAGA,1715,357,1458
CTTCAGA,1039,160,1108
ATTCAGA,1155,234,1131
TGTCAGA,1575,705,1506
GGTCAGA,1526,329,1708
CGTCAGA,1256,260,1327
AGTCAGA,1179,271,1150
TCTCAGA,980,166,1164
GCTCAGA,1541,452,1521
CCTCAGA,1024,215,1278
ACTCAGA,1266,207,1127
TATCAGA,1251,315,1150
GATCAGA,1406,258,1339
CATCAGA,996,193,1016
AATCAGA,926,199,1040
TTGCAGA,1523,866,1627
GTGCAGA,2273,1350,2115
CTGCAGA,1253,527,1447
ATGCAGA,1705,1162,1560
TGGCAGA,1718,632,1817
GGGCAGA,1750,566,2002
CGGCAGA,1386,418,1583
AGGCAGA,1378,540,1452
TCGCAGA,1339,554,1644
GCGCAGA,2351,1407,2111
CCGCAGA,1337,491,1618
ACGCAGA,1588,681,1570
TAGCAGA,1226,456,1254
GAGCAGA,1422,465,1617
CAGCAGA,1031,288,1202
AAGCAGA,1219,320,1165
TTCCAGA,1218,175,1307
GTCCAGA,1530,262,1655
CTCCAGA,1002,145,1190
ATCCAGA,1122,200,1229
TGCCAGA,1619,498,1830
GGCCAGA,1704,355,2045
CGCCAGA,1320,264,1437
AGCCAGA,1275,220,1451
TCCCAGA,1200,190,1454
GCCCAGA,1830,472,1911
CCCCAGA,1292,187,1472
ACCCAGA,1370,237,1407
TACCAGA,1627,337,1315
GACCAGA,1514,282,1596
CACCAGA,1062,173,1121
AACCAGA,1081,183,1204
TTACAGA,1221,208,1279
GTACAGA,1513,434,1577
CTACAGA,983,202,1049
ATACAGA,1347,377,1121
TGACAGA,1395,275,1516
GGACAGA,1385,270,1605
CGACAGA,1092,205,1312
AGACAGA,1250,271,1277
TCACAGA,1001,178,1135
GCACAGA,1924,683,1527
CCACAGA,1117,235,1284
ACACAGA,1496,371,1207
TAACAGA,1018,214,1149
GAACAGA,1287,208,1384
CAACAGA,1019,224,1020
AAACAGA,1379,361,1028
TTTAAGA,1194,187,1201
GTTAAGA,1765,694,1513
CTTAAGA,1091,196,1161
ATTAAGA,1277,258,1118
TGTAAGA,1658,616,1442
GGTAAGA,1702,367,1605
CGTAAGA,1423,313,1497
AGTAAGA,1195,285,1212
TCTAAGA,1070,172,1169
GCTAAGA,1691,507,1479
CCTAAGA,1241,204,1358
ACTAAGA,1289,246,1125
TATAAGA,1242,285,1041
GATAAGA,1402,294,1315
CATAAGA,1027,200,1067
AATAAGA,1123,187,1032
TTGAAGA,1386,309,1411
GTGAAGA,2051,547,1910
CTGAAGA,1274,259,1476
ATGAAGA,1327,385,1320
TGGAAGA,1442,307,1492
GGGAAGA,1429,276,1617
CGGAAGA,1366,276,1593
AGGAAGA,1178,198,1268
TCGAAGA,1248,265,1355
GCGAAGA,1885,721,1822
CCGAAGA,1294,270,1620
ACGAAGA,1414,312,1361
TAGAAGA,1171,240,1137
GAGAAGA,1211,199,1385
CAGAAGA,904,184,1163
AAGAAGA,1001,177,1050
TTCAAGA,1063,172,1176
GTCAAGA,1560,300,1436
CTCAAGA,961,205,1140
ATCAAGA,1042,203,1036
TGCAAGA,1641,559,1562
GGCAAGA,1500,420,1702
CGCAAGA,1408,434,1488
AGCAAGA,1214,322,1228
TCCAAGA,1152,174,1317
GCCAAGA,1697,543,1576
CCCAAGA,1216,206,1495
ACCAAGA,1277,244,1249
TACAAGA,1516,334,1188
GACAAGA,1850,345,1381
CACAAGA,981,215,1059
AACAAGA,1249,224,1084
TTAAAGA,1080,192,1115
GTAAAGA,1560,346,1383
CTAAAGA,981,190,1096
ATAAAGA,1141,202,1006
TGAAAGA,1216,204,1327
GGAAAGA,1266,186,1313
CGAAAGA,1260,202,1273
AGAAAGA,931,162,1079
TCAAAGA,933,144,1019
GCAAAGA,1820,599,1397
CCAAAGA,1143,183,1189
ACAAAGA,1365,312,1082
TAAAAGA,919,167,977
GAAAAGA,1089,177,1209
CAAAAGA,896,152,1007
AAAAAGA,909,133,927
TTTTTCA,967,236,901
GTTTTCA,3031,4169,1466
CTTTTCA,1181,299,1052
ATTTTCA,1508,729,1131
TGTTTCA,1922,6490,1377
GGTTTCA,1837,1288,1611
CGTTTCA,1372,1215,1473
AGTTTCA,1270,1629,1211
TCTTTCA,1080,278,1093
GCTTTCA,1838,1388,1543
CCTTTCA,1210,351,1346
ACTTTCA,1319,388,1230
TATTTCA,1411,1448,1160
GATTTCA,1736,693,1377
CATTTCA,1072,414,1131
AATTTCA,1078,454,1056
TTGTTCA,1582,1583,1369
GTGTTCA,2550,2870,1881
CTGTTCA,1323,953,1394
ATGTTCA,1607,1374,1462
TGGTTCA,1621,1265,1610
GGGTTCA,1659,818,1885
CGGTTCA,1460,904,1538
AGGTTCA,1287,684,1327
TCGTTCA,1259,669,1327
GCGTTCA,2350,2066,1963
CCGTTCA,1422,699,1589
ACGTTCA,1589,753,1408
TAGTTCA,1183,886,1176
GAGTTCA,1319,625,1434
CAGTTCA,1058,594,1075
AAGTTCA,1075,508,1097
TTCTTCA,940,211,891
GTCTTCA,1508,582,1399
CTCTTCA,911,232,977
ATCTTCA,1077,291,942
TGCTTCA,1645,1655,1405
GGCTTCA,1540,655,1646
CGCTTCA,1276,607,1407
AGCTTCA,1143,543,1158
TCCTTCA,1113,364,1136
GCCTTCA,1716,1462,1613
CCCTTCA,1205,380,1338
ACCTTCA,1278,386,1199
TACTTCA,1560,595,982
GACTTCA,1432,424,1303
CACTTCA,917,325,972
AACTTCA,912,274,975
TTATTCA,1070,573,1041
GTATTCA,2006,2327,1339
CTATTCA,1035,480,1074
ATATTCA,1200,624,1022
TGATTCA,1408,1314,1428
GGATTCA,1361,525,1457
CGATTCA,1341,902,1422
AGATTCA,1151,551,1152
TCATTCA,1057,526,1151
GCATTCA,2381,6539,1550
CCATTCA,1182,550,1286
ACATTCA,1496,602,1216
TAATTCA,1023,525,1007
GAATTCA,1267,490,1180
CAATTCA,966,424,999
AAATTCA,936,328,964
TTTGTCA,1929,758,1321
GTTGTCA,4324,8002,1742
CTTGTCA,1698,668,1241
ATTGTCA,2446,1844,1252
TGTGTCA,2711,6550,1740
GGTGTCA,2589,2085,1977
CGTGTCA,1929,1578,1730
AGTGTCA,1928,2165,1439
TCTGTCA,1508,540,1245
GCTGTCA,2399,1725,1709
CCTGTCA,1622,599,1443
ACTGTCA,1751,639,1240
TATGTCA,2048,2302,1271
GATGTCA,2445,1600,1581
CATGTCA,1589,860,1160
AATGTCA,1592,1002,1164
TTGGTCA,1553,840,1591
GTGGTCA,2417,1912,1944
CTGGTCA,1260,626,1460
ATGGTCA,1542,947,1412
TGGGTCA,1646,1115,1789
GGGGTCA,1731,1015,1846
CGGGTCA,1586,887,1663
AGGGTCA,1355,837,1365
TCGGTCA,1362,737,1468
GCGGTCA,2183,1717,1980
CCGGTCA,1438,712,1634
ACGGTCA,1591,874,1521
TAGGTCA,1342,769,1353
GAGGTCA,1470,682,1580
CAGGTCA,1216,537,1237
AAGGTCA,1224,496,1219
TTCGTCA,1451,578,1233
GTCGTCA,1963,1224,1515
CTCGTCA,1335,454,1271
ATCGTCA,1338,667,1155
TGCGTCA,2269,3477,1737
GGCGTCA,2089,1933,1897
CGCGTCA,1646,1686,1573
AGCGTCA,1630,1534,1324
TCCGTCA,1392,657,1316
GCCGTCA,2068,1726,1827
CCCGTCA,1411,555,1522
ACCGTCA,1585,824,1426
TACGTCA,1931,1256,1266
GACGTCA,2048,1001,1511
CACGTCA,1247,607,1195
AACGTCA,1359,622,1124
TTAGTCA,1269,527,1131
GTAGTCA,1669,1267,1389
CTAGTCA,1124,435,1139
ATAGTCA,1200,577,1078
TGAGTCA,1522,967,1447
GGAGTCA,1457,634,1566
CGAGTCA,1449,762,1494
AGAGTCA,1181,609,1242
TCAGTCA,1169,525,1107
GCAGTCA,1775,1425,1463
CCAGTCA,1151,502,1225
ACAGTCA,1387,703,1055
TAAGTCA,1202,468,1099
GAAGTCA,1304,532,1399
CAAGTCA,1066,356,1097
AAAGTCA,1165,424,1013
TTTCTCA,1076,233,988
GTTCTCA,1683,526,1350
CTTCTCA,1020,215,1032
ATTCTCA,1188,350,1022
TGTCTCA,1658,3125,1320
GGTCTCA,1676,586,1642
CGTCTCA,1183,504,1238
AGTCTCA,1274,671,1179
TCTCTCA,952,257,1024
GCTCTCA,1569,745,1428
CCTCTCA,1057,317,1166
ACTCTCA,1190,330,1093
TATCTCA,1410,610,1027
GATCTCA,1459,409,1270
CATCTCA,865,324,957
AATCTCA,953,276,924
TTGCTCA,1602,732,1543
GTGCTCA,2355,1331,1991
CTGCTCA,1251,540,1378
ATGCTCA,1680,1196,1462
TGGCTCA,1600,873,1734
GGGCTCA,1735,796,1994
CGGCTCA,1271,550,1582
AGGCTCA,1397,827,1405
TCGCTCA,1281,672,1446
GCGCTCA,2284,2124,1995
CCGCTCA,1216,733,1489
ACGCTCA,1651,959,1469
TAGCTCA,1248,667,1337
GAGCTCA,1433,542,1558
CAGCTCA,1097,395,1205
AAGCTCA,1139,443,1228
TTCCTCA,1193,242,1252
GTCCTCA,1855,556,1628
CTCCTCA,951,229,1017
ATCCTCA,1189,305,1177
TGCCTCA,1715,2183,1629
GGCCTCA,1823,1249,1943
CGCCTCA,1329,1597,1444
AGCCTCA,1339,1156,1406
TCCCTCA,1254,404,1325
GCCCTCA,1845,981,1835
CCCCTCA,1213,392,1337
ACCCTCA,1382,521,1399
TACCTCA,1613,736,1295
GACCTCA,1486,451,1480
CACCTCA,930,342,1062
AACCTCA,1115,341,1124
TTACTCA,1194,410,1185
GTACTCA,1613,835,1480
CTACTCA,1023,383,1073
ATACTCA,1258,569,1160
TGACTCA,1327,749,1436
GGACTCA,1462,572,1632
CGACTCA,1123,606,1236
AGACTCA,1170,510,1179
TCACTCA,982,571,1016
GCACTCA,1894,1782,1568
CCACTCA,996,575,1171
ACACTCA,1393,888,1173
TAACTCA,1038,413,1081
GAACTCA,1228,425,1347
CAACTCA,871,347,940
AAACTCA,1063,397,1028
TTTATCA,1398,391,973
GTTATCA,2825,4237,1553
CTTATCA,1278,350,1170
ATTATCA,1621,1083,1115
TGTATCA,2118,6312,1336
GGTATCA,1960,1957,1581
CGTATCA,1678,1909,1455
AGTATCA,1559,2284,1209
TCTATCA,1179,406,1084
GCTATCA,1860,1464,1439
CCTATCA,1203,474,1282
ACTATCA,1404,598,1043
TATATCA,1443,1416,1078
GATATCA,1747,1094,1366
CATATCA,1150,852,982
AATATCA,1332,691,1024
TTGATCA,1575,667,1379
GTGATCA,2477,2112,1832
CTGATCA,1362,540,1436
ATGATCA,1575,933,1422
TGGATCA,1663,747,1603
GGGATCA,1791,633,1755
CGGATCA,1512,535,1571
AGGATCA,1280,487,1248
TCGATCA,1421,632,1431
GCGATCA,2218,1491,1840
CCGATCA,1468,555,1593
ACGATCA,1528,725,1475
TAGATCA,1365,673,1213
GAGATCA,1387,467,1458
CAGATCA,1134,361,1147
AAGATCA,1109,352,1109
TTCATCA,1121,402,984
GTCATCA,1920,1444,1362
CTCATCA,1065,342,1047
ATCATCA,1215,579,1027
TGCATCA,2711,8489,1557
GGCATCA,1919,4577,1639
CGCATCA,2110,6121,1405
AGCATCA,1791,4374,1243
TCCATCA,1194,456,1177
GCCATCA,1764,2058,1530
CCCATCA,1282,503,1300
ACCATCA,1375,693,1213
TACATCA,1769,919,1120
GACATCA,1882,1048,1246
CACATCA,1174,625,1016
AACATCA,1313,674,951
TTAATCA,1204,485,1079
GTAATCA,2422,1943,1362
CTAATCA,1246,526,1076
ATAATCA,1419,667,1041
TGAATCA,1305,821,1357
GGAATCA,1358,599,1383
CGAATCA,1312,659,1315
AGAATCA,1264,525,1145
TCAATCA,895,403,838
GCAATCA,1833,2823,1174
CCAATCA,1009,524,996
ACAATCA,1475,854,894
TAAATCA,1063,398,1030
GAAATCA,1249,508,1194
CAAATCA,1042,382,995
AAAATCA,1115,356,975
TTTTGCA,2230,1722,1458
GTTTGCA,4753,10373,1997
CTTTGCA,1998,1285,1507
ATTTGCA,2998,3204,1505
TGTTGCA,3618,11348,1864
GGTTGCA,3370,4843,2218
CGTTGCA,2535,3884,2030
AGTTGCA,2718,5223,1569
TCTTGCA,1807,1164,1350
GCTTGCA,2840,3276,2013
CCTTGCA,2015,1214,1703
ACTTGCA,2235,1540,1433
TATTGCA,2412,3944,1412
GATTGCA,2958,2953,1837
CATTGCA,1811,1586,1392
AATTGCA,2053,2313,1388
TTGTGCA,2919,4027,2055
GTGTGCA,4060,6346,2633
CTGTGCA,2304,2389,1828
ATGTGCA,2932,3657,1918
TGGTGCA,3001,3520,2192
GGGTGCA,3124,3185,2437
CGGTGCA,2623,2457,2059
AGGTGCA,2417,2565,1794
TCGTGCA,2226,1838,1745
GCGTGCA,3457,5997,2465
CCGTGCA,2296,1934,1933
ACGTGCA,2531,2368,1722
TAGTGCA,2332,2526,1475
GAGTGCA,2760,2785,1964
CAGTGCA,1815,1707,1448
AAGTGCA,2326,2279,1547
TTCTGCA,1750,1078,1302
GTCTGCA,2234,1554,1708
CTCTGCA,1458,822,1204
ATCTGCA,1710,1174,1276
TGCTGCA,2459,3514,1939
GGCTGCA,2348,1829,2080
CGCTGCA,1957,1538,1748
AGCTGCA,1840,1530,1420
TCCTGCA,1661,929,1499
GCCTGCA,2701,2841,2126
CCCTGCA,1866,1081,1682
ACCTGCA,1952,1261,1594
TACTGCA,2008,1555,1437
GACTGCA,2198,1412,1660
CACTGCA,1417,903,1203
AACTGCA,1615,1075,1286
TTATGCA,2138,1952,1472
GTATGCA,2957,4888,1912
CTATGCA,1738,1386,1333
ATATGCA,2154,1897,1410
TGATGCA,2782,5269,1919
GGATGCA,3124,4742,2053
CGATGCA,2330,2846,1793
AGATGCA,2733,3964,1562
TCATGCA,1621,1279,1429
GCATGCA,2877,5794,1799
CCATGCA,1750,1304,1547
ACATGCA,2037,1862,1383
TAATGCA,2107,2404,1404
GAATGCA,2552,3124,1683
CAATGCA,1661,1597,1253
AAATGCA,2234,2544,1252
TTTGGCA,1949,1151,1702
GTTGGCA,3581,4889,2248
CTTGGCA,1789,880,1646
ATTGGCA,2207,1743,1598
TGTGGCA,2933,6175,2141
GGTGGCA,2899,2714,2463
CGTGGCA,2210,1947,2008
AGTGGCA,2224,2668,1721
TCTGGCA,1618,906,1506
GCTGGCA,2402,1696,2158
CCTGGCA,1744,906,1780
ACTGGCA,1853,1065,1594
TATGGCA,2086,2032,1649
GATGGCA,2385,1959,1965
CATGGCA,1676,1100,1499
AATGGCA,1753,1398,1455
TTGGGCA,2016,1273,1889
GTGGGCA,2817,2271,2397
CTGGGCA,1732,943,1914
ATGGGCA,1902,1404,1733
TGGGGCA,2208,1564,1987
GGGGGCA,2434,1708,2280
CGGGGCA,2068,1278,2162
AGGGGCA,1751,1207,1661
TCGGGCA,1815,1025,1798
GCGGGCA,2803,2611,2294
CCGGGCA,1885,982,2077
ACGGGCA,1983,1262,1695
TAGGGCA,1697,1273,1547
GAGGGCA,1907,1282,1904
CAGGGCA,1543,848,1575
AAGGGCA,1528,922,1402
TTCGGCA,1723,1045,1486
GTCGGCA,2180,1330,1846
CTCGGCA,1587,764,1475
ATCGGCA,1561,1044,1458
TGCGGCA,2274,2089,2119
GGCGGCA,2420,1621,2133
CGCGGCA,1893,1274,1947
AGCGGCA,1705,1249,1632
TCCGGCA,1592,892,1595
GCCGGCA,2470,1811,2095
CCCGGCA,1817,827,1845
ACCGGCA,1865,1062,1606
TACGGCA,1956,1363,1541
GACGGCA,2219,1277,1823
CACGGCA,1451,845,1356
AACGGCA,1431,886,1292
TTAGGCA,1569,974,1449
GTAGGCA,2174,1519,1760
CTAGGCA,1446,663,1303
ATAGGCA,1421,1025,1260
TGAGGCA,1882,1357,1796
GGAGGCA,2138,1696,1848
CGAGGCA,1958,1302,1929
AGAGGCA,1694,1538,1395
TCAGGCA,1389,748,1424
GCAGGCA,2266,2028,1806
CCAGGCA,1484,785,1576
ACAGGCA,1596,1051,1332
TAAGGCA,1488,888,1409
GAAGGCA,1723,1151,1585
CAAGGCA,1382,641,1235
AAAGGCA,1475,1015,1281
TTTCGCA,2052,1207,1560
GTTCGCA,2766,1865,1966
CTTCGCA,1727,896,1469
ATTCGCA,2066,1348,1400
TGTCGCA,2664,5847,1979
GGTCGCA,2634,2055,2161
CGTCGCA,1826,1551,1634
AGTCGCA,2110,1822,1634
TCTCGCA,1617,1017,1371
GCTCGCA,2379,1930,1917
CCTCGCA,1751,1011,1528
ACTCGCA,1907,1108,1535
TATCGCA,2183,1899,1422
GATCGCA,2310,1551,1737
CATCGCA,1567,1121,1296
AATCGCA,1771,1211,1348
TTGCGCA,2870,3630,2133
GTGCGCA,4007,5229,2847
CTGCGCA,2152,2359,1820
ATGCGCA,2764,3971,2000
TGGCGCA,2856,2793,2287
GGGCGCA,3360,3178,2656
CGGCGCA,2319,2026,2006
AGGCGCA,2575,2643,1935
TCGCGCA,2310,2326,1902
GCGCGCA,3525,5203,2523
CCGCGCA,2328,2216,1850
ACGCGCA,2506,2490,1871
TAGCGCA,2308,2335,1813
GAGCGCA,2666,2460,2130
CAGCGCA,1838,1490,1507
AAGCGCA,2137,1975,1593
TTCCGCA,2039,1455,1582
GTCCGCA,2539,1621,2089
CTCCGCA,1565,947,1374
ATCCGCA,1823,1272,1509
TGCCGCA,2562,2536,2180
GGCCGCA,2619,1989,2404
CGCCGCA,1904,1450,1742
AGCCGCA,1903,1380,1696
TCCCGCA,1918,1312,1668
GCCCGCA,2668,2248,2199
CCCCGCA,1943,1090,1721
ACCCGCA,2062,1344,1623
TACCGCA,2488,1690,1678
GACCGCA,2375,1438,1881
CACCGCA,1494,987,1390
AACCGCA,1703,1075,1448
TTACGCA,1940,1504,1723
GTACGCA,2488,2077,2115
CTACGCA,1564,1020,1387
ATACGCA,1959,1489,1532
TGACGCA,2411,2193,2085
GGACGCA,2618,1847,2132
CGACGCA,1963,1461,1710
AGACGCA,2081,1529,1665
TCACGCA,1685,1375,1579
GCACGCA,2805,3252,1947
CCACGCA,1790,1266,1512
ACACGCA,2067,1658,1505
TAACGCA,1975,1396,1611
GAACGCA,2100,1547,1753
CAACGCA,1530,1019,1256
AAACGCA,1827,1417,1379
TTTAGCA,1804,1039,1314
GTTAGCA,2977,3795,1719
CTTAGCA,1701,835,1326
ATTAGCA,1996,1567,1249
TGTAGCA,2302,6721,1598
GGTAGCA,2294,2217,1855
CGTAGCA,1924,1990,1768
AGTAGCA,1743,2251,1348
TCTAGCA,1427,809,1276
GCTAGCA,2119,1939,1678
CCTAGCA,1565,919,1618
ACTAGCA,1622,1145,1250
TATAGCA,1784,1991,1317
GATAGCA,2070,1646,1515
CATAGCA,1514,1090,1189
AATAGCA,1686,1245,1208
TTGAGCA,2147,1348,1727
GTGAGCA,2822,2586,2193
CTGAGCA,1832,1071,1645
ATGAGCA,1965,1411,1606
TGGAGCA,2138,1309,2019
GGGAGCA,2205,1355,2000
CGGAGCA,1999,1052,1893
AGGAGCA,1667,1103,1485
TCGAGCA,1795,1241,1788
GCGAGCA,2509,2316,2091
CCGAGCA,1765,927,1762
ACGAGCA,1914,1088,1548
TAGAGCA,1668,1110,1398
GAGAGCA,1772,1178,1766
CAGAGCA,1406,764,1365
AAGAGCA,1459,855,1298
TTCAGCA,1452,799,1197
GTCAGCA,2126,1527,1521
CTCAGCA,1231,616,1126
ATCAGCA,1467,895,1186
TGCAGCA,2040,2458,1785
GGCAGCA,2005,1460,1912
CGCAGCA,1819,1504,1660
AGCAGCA,1473,1206,1380
TCCAGCA,1337,718,1270
GCCAGCA,2081,1626,1842
CCCAGCA,1383,774,1365
ACCAGCA,1633,954,1404
TACAGCA,1796,1224,1327
GACAGCA,2195,1304,1443
CACAGCA,1271,839,1216
AACAGCA,1439,917,1089
TTAAGCA,1550,1031,1358
GTAAGCA,2888,2390,1651
CTAAGCA,1441,852,1304
ATAAGCA,1806,1198,1287
TGAAGCA,1855,1100,1612
GGAAGCA,1942,987,1753
CGAAGCA,1764,875,1598
AGAAGCA,1541,782,1309
TCAAGCA,1331,742,1249
GCAAGCA,2279,2063,1623
CCAAGCA,1407,808,1380
ACAAGCA,1907,1241,1241
TAAAGCA,1497,868,1298
GAAAGCA,1816,1007,1440
CAAAGCA,1332,780,1220
AAAAGCA,1668,975,1160
TTTTCCA,1290,261,1268
GTTTCCA,2542,1757,1792
CTTTCCA,1282,252,1259
ATTTCCA,1640,423,1394
TGTTCCA,2157,2720,1659
GGTTCCA,1997,616,2010
CGTTCCA,1594,569,1807
AGTTCCA,1524,563,1490
TCTTCCA,1092,208,1205
GCTTCCA,1988,846,1666
CCTTCCA,1358,308,1473
ACTTCCA,1537,394,1318
TATTCCA,1650,618,1353
GATTCCA,1873,591,1633
CATTCCA,1231,336,1276
AATTCCA,1275,360,1238
TTGTCCA,1938,2224,1800
GTGTCCA,2931,2673,2407
CTGTCCA,1568,1179,1737
ATGTCCA,1963,1367,1690
TGGTCCA,2000,770,2050
GGGTCCA,2034,635,2176
CGGTCCA,1676,596,1858
AGGTCCA,1566,510,1594
TCGTCCA,1411,611,1453
GCGTCCA,2531,2222,2226
CCGTCCA,1503,740,1668
ACGTCCA,1799,726,1631
TAGTCCA,1539,572,1441
GAGTCCA,1695,569,1853
CAGTCCA,1261,414,1344
AAGTCCA,1391,393,1436
TTCTCCA,1117,224,978
GTCTCCA,1663,540,1421
CTCTCCA,1065,225,1170
ATCTCCA,1179,261,1197
TGCTCCA,1775,669,1644
GGCTCCA,1803,477,1856
CGCTCCA,1522,398,1583
AGCTCCA,1361,342,1313
TCCTCCA,1249,234,1363
GCCTCCA,1932,2015,1832
CCCTCCA,1360,343,1511
ACCTCCA,1380,393,1401
TACTCCA,1724,503,1265
GACTCCA,1652,519,1481
CACTCCA,1093,326,1130
AACTCCA,1135,279,1180
TTATCCA,1389,489,1265
GTATCCA,2122,2288,1708
CTATCCA,1159,487,1234
ATATCCA,1343,527,1253
TGATCCA,1656,552,1695
GGATCCA,1700,422,1809
CGATCCA,1563,461,1711
AGATCCA,1393,371,1443
TCATCCA,1160,447,1210
GCATCCA,2947,7957,1703
CCATCCA,1235,452,1354
ACATCCA,1557,589,1323
TAATCCA,1253,313,1350
GAATCCA,1408,494,1556
CAATCCA,1051,310,1032
AAATCCA,1141,268,1212
TTTGCCA,2038,4989,1873
GTTGCCA,3995,9037,2481
CTTGCCA,1781,2800,1771
ATTGCCA,2405,4655,1842
TGTGCCA,3244,8224,2528
GGTGCCA,2912,5739,2845
CGTGCCA,2298,4253,2268
AGTGCCA,2144,5247,2028
TCTGCCA,1524,2947,1628
GCTGCCA,2590,4503,2282
CCTGCCA,1683,2459,1858
ACTGCCA,1815,2671,1654
TATGCCA,2400,5313,1851
GATGCCA,3270,7033,2227
CATGCCA,1749,2721,1676
AATGCCA,2220,4903,1703
TTGGCCA,2188,3041,2200
GTGGCCA,3417,5530,2994
CTGGCCA,1760,2102,2171
ATGGCCA,2124,2844,2050
TGGGCCA,2366,2696,2559
GGGGCCA,2505,2421,2862
CGGGCCA,1994,2067,2275
AGGGCCA,1884,1913,1986
TCGGCCA,1588,2026,1955
GCGGCCA,2877,4101,2542
CCGGCCA,1715,1783,2034
ACGGCCA,1826,1914,1930
TAGGCCA,1821,2354,1885
GAGGCCA,2198,3098,2241
CAGGCCA,1651,1369,1705
AAGGCCA,1656,2029,1705
TTCGCCA,1773,3679,1597
GTCGCCA,2263,4110,2077
CTCGCCA,1379,2442,1524
ATCGCCA,1649,3219,1573
TGCGCCA,2531,6075,2247
GGCGCCA,2394,4985,2406
CGCGCCA,2067,4474,1975
AGCGCCA,1864,4469,1821
TCCGCCA,1572,3846,1723
GCCGCCA,2369,5764,2252
CCCGCCA,1584,3217,1784
ACCGCCA,1713,3401,1614
TACGCCA,2178,3506,1711
GACGCCA,2482,3418,1902
CACGCCA,1549,2399,1461
AACGCCA,1546,2882,1557
TTAGCCA,1662,2547,1656
GTAGCCA,1997,3019,1759
CTAGCCA,1446,1682,1448
ATAGCCA,1518,1960,1458
TGAGCCA,1912,2248,2090
GGAGCCA,2014,1914,2204
CGAGCCA,1870,2055,2103
AGAGCCA,1590,1611,1635
TCAGCCA,1205,1432,1343
GCAGCCA,2124,3106,1834
CCAGCCA,1296,1149,1449
ACAGCCA,1607,1380,1401
TAAGCCA,1541,1958,1550
GAAGCCA,1634,1558,1884
CAAGCCA,1342,1289,1309
AAAGCCA,1510,1723,1378
TTTCCCA,1454,291,1375
GTTCCCA,2262,838,2037
CTTCCCA,1300,267,1450
ATTCCCA,1687,432,1503
TGTCCCA,2312,4276,2082
GGTCCCA,2298,838,2237
CGTCCCA,1674,842,1725
AGTCCCA,1708,803,1651
TCTCCCA,1105,249,1137
GCTCCCA,1779,751,1614
CCTCCCA,1306,336,1429
ACTCCCA,1498,357,1353
TATCCCA,1705,895,1496
GATCCCA,1919,567,1788
CATCCCA,1228,412,1247
AATCCCA,1328,342,1406
TTGCCCA,2145,3213,2217
GTGCCCA,3244,5695,2913
CTGCCCA,1787,2057,1864
ATGCCCA,2210,3581,2183
TGGCCCA,2427,2547,2491
GGGCCCA,2554,2222,2816
CGGCCCA,1737,1639,2141
AGGCCCA,2141,1925,2071
TCGCCCA,1620,2507,1861
GCGCCCA,2738,5206,2507
CCGCCCA,1562,2896,1882
ACGCCCA,1942,2405,1837
TAGCCCA,1715,2062,1866
GAGCCCA,2135,1855,2281
CAGCCCA,1361,1125,1584
AAGCCCA,1577,1457,1676
TTCCCCA,1522,317,1524
GTCCCCA,2238,668,1965
CTCCCCA,1337,296,1322
ATCCCCA,1618,366,1478
TGCCCCA,2202,922,2243
GGCCCCA,2317,655,2511
CGCCCCA,1739,603,1842
AGCCCCA,1640,522,1868
TCCCCCA,1539,363,1660
GCCCCCA,2276,983,2224
CCCCCCA,1544,344,1703
ACCCCCA,1774,477,1668
TACCCCA,1999,678,1601
GACCCCA,2014,653,1991
CACCCCA,1190,398,1269
AACCCCA,1429,382,1519
TTACCCA,1633,416,1664
GTACCCA,2194,857,2108
CTACCCA,1291,350,1441
ATACCCA,1581,574,1540
TGACCCA,1901,710,2122
GGACCCA,2032,539,2281
CGACCCA,1548,540,1829
AGACCCA,1586,533,1626
TCACCCA,1300,374,1341
GCACCCA,2400,1508,1929
CCACCCA,1277,443,1473
ACACCCA,1737,605,1361
TAACCCA,1455,418,1616
GAACCCA,1639,502,1878
CAACCCA,1177,389,1222
AAACCCA,1506,368,1406
TTTACCA,1649,420,1554
GTTACCA,2998,2067,2175
CTTACCA,1666,394,1578
ATTACCA,1882,682,1470
TGTACCA,2469,4092,2004
GGTACCA,2545,1340,2231
CGTACCA,1952,1062,1986
AGTACCA,1884,1216,1608
TCTACCA,1433,313,1369
GCTACCA,2236,1428,1855
CCTACCA,1514,418,1577
ACTACCA,1616,627,1356
TATACCA,1996,1403,1459
GATACCA,2301,1686,1838
CATACCA,1513,698,1438
AATACCA,1604,671,1372
TTGACCA,2041,984,2074
GTGACCA,3179,2101,2596
CTGACCA,1727,717,1971
ATGACCA,2027,1105,1843
TGGACCA,2267,1192,2302
GGGACCA,2253,1054,2447
CGGACCA,1986,761,2216
AGGACCA,1806,781,1816
TCGACCA,1447,845,1663
GCGACCA,2491,2081,2173
CCGACCA,1625,809,1776
ACGACCA,1807,863,1657
TAGACCA,1782,958,1719
GAGACCA,1937,895,2071
CAGACCA,1303,538,1549
AAGACCA,1523,617,1479
TTCACCA,1448,382,1341
GTCACCA,2101,1040,1769
CTCACCA,1285,388,1332
ATCACCA,1497,528,1322
TGCACCA,2162,1597,1950
GGCACCA,2073,915,2129
CGCACCA,1837,884,1822
AGCACCA,1645,711,1617
TCCACCA,1340,413,1396
GCCACCA,2195,2945,1832
CCCACCA,1449,407,1588
ACCACCA,1579,595,1346
TACACCA,2105,1164,1534
GACACCA,2347,1154,1801
CACACCA,1387,555,1277
AACACCA,1583,610,1256
TTAACCA,1593,481,1533
GTAACCA,2331,1854,1950
CTAACCA,1427,496,1489
ATAACCA,1553,567,1423
TGAACCA,1745,572,1869
GGAACCA,1953,543,2044
CGAACCA,1681,496,1841
AGAACCA,1541,396,1561
TCAACCA,1314,408,1284
GCAACCA,2760,6985,1812
CCAACCA,1317,385,1418
ACAACCA,1739,784,1313
TAAACCA,1511,470,1441
GAAACCA,1661,590,1674
CAAACCA,1302,405,1353
AAAACCA,1443,349,1281
TTTTACA,1373,295,1368
GTTTACA,5236,11912,1710
CTTTACA,1500,493,1332
ATTTACA,3094,3769,1257
TGTTACA,2487,4229,1703
GGTTACA,2350,1205,2055
CGTTACA,1821,966,1707
AGTTACA,1748,1129,1471
TCTTACA,1262,308,1288
GCTTACA,3068,3848,1838
CCTTACA,1613,422,1587
ACTTACA,1810,678,1372
TATTACA,1696,1039,1331
GATTACA,2590,1986,1556
CATTACA,1349,598,1236
AATTACA,1602,883,1205
TTGTACA,2185,2157,1703
GTGTACA,4674,7600,2219
CTGTACA,1855,1536,1615
ATGTACA,2583,2301,1596
TGGTACA,2277,1160,1886
GGGTACA,2245,924,2111
CGGTACA,1969,939,1887
AGGTACA,1726,728,1508
TCGTACA,1869,877,1660
GCGTACA,2941,2487,2255
CCGTACA,1884,916,1796
ACGTACA,2141,975,1749
TAGTACA,1840,963,1441
GAGTACA,1989,854,1800
CAGTACA,1436,652,1350
AAGTACA,1553,623,1282
TTCTACA,1207,325,1123
GTCTACA,1988,1825,1421
CTCTACA,1168,279,1123
ATCTACA,1331,477,1130
TGCTACA,1892,1257,1546
GGCTACA,1837,775,1877
CGCTACA,1603,693,1573
AGCTACA,1537,660,1328
TCCTACA,1346,305,1369
GCCTACA,1996,1100,1770
CCCTACA,1505,383,1434
ACCTACA,1634,583,1333
TACTACA,1855,728,1225
GACTACA,1904,662,1480
CACTACA,1199,501,1148
AACTACA,1343,447,1126
TTATACA,1468,658,1277
GTATACA,3803,7778,1539
CTATACA,1398,592,1229
ATATACA,1858,1246,1235
TGATACA,1943,1253,1551
GGATACA,2054,1221,1754
CGATACA,1875,942,1631
AGATACA,1756,1014,1334
TCATACA,1343,474,1225
GCATACA,2434,2331,1692
CCATACA,1488,550,1347
ACATACA,2008,1165,1269
TAATACA,1481,657,1232
GAATACA,1877,998,1564
CAATACA,1400,693,1122
AAATACA,1738,680,1149
TTTGACA,1859,731,1618
GTTGACA,5640,10408,2111
CTTGACA,1713,549,1664
ATTGACA,3316,3090,1577
TGTGACA,2835,2764,1933
GGTGACA,2751,1658,2370
CGTGACA,2084,1131,1995
AGTGACA,2004,1372,1604
TCTGACA,1559,546,1543
GCTGACA,2768,1974,2097
CCTGACA,1730,561,1833
ACTGACA,1839,694,1593
TATGACA,2104,1175,1547
GATGACA,2725,1750,1935
CATGACA,1691,760,1484
AATGACA,1730,975,1460
TTGGACA,1952,764,1767
GTGGACA,2922,1918,2267
CTGGACA,1664,518,1686
ATGGACA,1831,833,1669
TGGGACA,2037,881,1981
GGGGACA,2199,905,2214
CGGGACA,1789,717,1946
AGGGACA,1790,777,1640
TCGGACA,1782,612,1767
GCGGACA,2696,1571,2336
CCGGACA,1697,549,1971
ACGGACA,1893,717,1771
TAGGACA,1740,682,1501
GAGGACA,1928,639,1878
CAGGACA,1478,434,1409
AAGGACA,1520,501,1368
TTCGACA,1589,646,1409
GTCGACA,2029,952,1755
CTCGACA,1440,487,1501
ATCGACA,1461,615,1346
TGCGACA,2262,2027,1814
GGCGACA,2080,1303,2032
CGCGACA,1724,1084,1738
AGCGACA,1615,945,1545
TCCGACA,1522,551,1544
GCCGACA,2179,1215,1975
CCCGACA,1547,557,1583
ACCGACA,1766,722,1575
TACGACA,2062,1016,1461
GACGACA,2154,874,1761
CACGACA,1395,555,1320
AACGACA,1470,644,1215
TTAGACA,1528,537,1385
GTAGACA,1891,1116,1483
CTAGACA,1409,433,1286
ATAGACA,1509,675,1181
TGAGACA,1747,731,1679
GGAGACA,1812,625,1798
CGAGACA,1838,672,1750
AGAGACA,1529,549,1393
TCAGACA,1339,360,1346
GCAGACA,2111,1089,1659
CCAGACA,1309,376,1456
ACAGACA,1464,565,1312
TAAGACA,1444,489,1303
GAAGACA,1628,486,1600
CAAGACA,1280,357,1255
AAAGACA,1328,411,1239
TTTCACA,1553,382,1428
GTTCACA,2124,926,1692
CTTCACA,1412,354,1239
ATTCACA,1587,556,1279
TGTCACA,2218,4575,1694
GGTCACA,2161,936,1837
CGTCACA,1563,1289,1571
AGTCACA,1681,1079,1377
TCTCACA,1331,379,1257
GCTCACA,2081,1013,1715
CCTCACA,1395,500,1538
ACTCACA,1805,968,1340
TATCACA,1872,1389,1256
GATCACA,2003,994,1518
CATCACA,1374,816,1125
AATCACA,1548,800,1131
TTGCACA,2247,2924,1990
GTGCACA,3192,4396,2456
CTGCACA,1643,1767,1714
ATGCACA,2388,3029,1696
TGGCACA,2367,1803,2157
GGGCACA,2537,1614,2394
CGGCACA,1746,1156,1724
AGGCACA,1964,1365,1777
TCGCACA,1924,1756,1791
GCGCACA,3206,3578,2425
CCGCACA,1750,1804,1811
ACGCACA,2209,1777,1849
TAGCACA,1802,1457,1613
GAGCACA,2066,1191,1909
CAGCACA,1362,825,1347
AAGCACA,1753,1060,1452
TTCCACA,1604,401,1369
GTCCACA,2468,1038,1766
CTCCACA,1223,255,1248
ATCCACA,1468,535,1329
TGCCACA,2280,3968,1928
GGCCACA,2279,1784,2241
CGCCACA,1657,2423,1609
AGCCACA,1681,1626,1582
TCCCACA,1576,410,1426
GCCCACA,2273,1055,2012
CCCCACA,1513,417,1497
ACCCACA,1714,540,1531
TACCACA,2199,1019,1387
GACCACA,2074,810,1788
CACCACA,1446,545,1224
AACCACA,1545,493,1312
TTACACA,1677,545,1440
GTACACA,3854,2623,1739
CTACACA,1435,533,1284
ATACACA,2166,1228,1273
TGACACA,1889,1284,1858
GGACACA,2043,843,1886
CGACACA,1559,806,1465
AGACACA,1815,862,1500
TCACACA,1417,464,1315
GCACACA,2607,1708,1886
CCACACA,1531,553,1375
ACACACA,2274,1079,1461
TAACACA,1683,652,1354
GAACACA,2026,860,1539
CAACACA,1546,743,1129
AAACACA,1929,852,1260
TTTAACA,1631,479,1300
GTTAACA,2579,1706,1826
CTTAACA,1591,508,1439
ATTAACA,1857,760,1332
TGTAACA,2560,2627,1682
GGTAACA,2533,1445,2002
CGTAACA,2062,1113,1734
AGTAACA,1995,1252,1306
TCTAACA,1546,395,1249
GCTAACA,2536,1709,1814
CCTAACA,1726,649,1570
ACTAACA,2511,2555,1347
TATAACA,1842,962,1336
GATAACA,2732,1782,1565
CATAACA,2058,1599,1238
AATAACA,2535,1864,1191
TTGAACA,2023,751,1751
GTGAACA,2913,1541,2079
CTGAACA,1692,608,1789
ATGAACA,1998,759,1618
TGGAACA,2131,812,1875
GGGAACA,2099,716,2091
CGGAACA,1801,613,1838
AGGAACA,1587,563,1445
TCGAACA,1797,635,1668
GCGAACA,2580,1421,2126
CCGAACA,1781,615,1883
ACGAACA,2012,704,1506
TAGAACA,1781,703,1409
GAGAACA,1877,523,1663
CAGAACA,1389,417,1322
AAGAACA,1532,369,1272
TTCAACA,1412,473,1181
GTCAACA,4519,4824,1557
CTCAACA,1352,490,1221
ATCAACA,2549,1438,1157
TGCAACA,2907,7409,1629
GGCAACA,2566,3761,1836
CGCAACA,2260,4758,1650
AGCAACA,1988,3278,1371
TCCAACA,1376,436,1289
GCCAACA,2513,1771,1788
CCCAACA,1966,903,1442
ACCAACA,2856,2638,1397
TACAACA,2310,1418,1311
GACAACA,3505,3266,1455
CACAACA,2631,2520,1185
AACAACA,2772,2782,1211
TTAAACA,1781,555,1353
GTAAACA,5032,7690,1717
CTAAACA,2959,1891,1360
ATAAACA,3253,2960,1279
TGAAACA,1911,677,1720
GGAAACA,2108,1017,1632
CGAAACA,1774,847,1525
AGAAACA,1738,717,1306
TCAAACA,1562,616,1257
GCAAACA,3928,3742,1628
CCAAACA,2397,1530,1423
ACAAACA,3449,3767,1227
TAAAACA,1740,596,1208
GAAAACA,2836,1632,1493
CAAAACA,2416,1664,1156
AAAAACA,2463,1386,1127
TTTTTAA,984,149,921
GTTTTAA,2239,1176,1538
CTTTTAA,1180,212,1157
ATTTTAA,1370,304,1015
TGTTTAA,2164,5847,1252
GGTTTAA,1724,924,1584
CGTTTAA,1426,962,1390
AGTTTAA,1307,1168,1214
TCTTTAA,1036,236,929
GCTTTAA,1948,636,1592
CCTTTAA,1305,262,1319
ACTTTAA,1475,262,1114
TATTTAA,1487,1897,1007
GATTTAA,1702,509,1438
CATTTAA,1159,319,1019
AATTTAA,1043,416,1001
TTGTTAA,1677,3058,1317
GTGTTAA,2470,2641,1848
CTGTTAA,1523,1433,1330
ATGTTAA,1662,1673,1302
TGGTTAA,1601,675,1601
GGGTTAA,1718,457,1817
CGGTTAA,1435,558,1551
AGGTTAA,1400,433,1363
TCGTTAA,1439,479,1372
GCGTTAA,2455,1384,1906
CCGTTAA,1581,515,1673
ACGTTAA,1833,528,1453
TAGTTAA,1213,565,1124
GAGTTAA,1474,446,1403
CAGTTAA,1203,403,1083
AAGTTAA,1206,415,1062
TTCTTAA,1069,165,1008
GTCTTAA,1691,437,1419
CTCTTAA,1058,176,1060
ATCTTAA,1226,224,1034
TGCTTAA,1763,1737,1452
GGCTTAA,1673,487,1694
CGCTTAA,1395,427,1416
AGCTTAA,1290,425,1292
TCCTTAA,1240,209,1241
GCCTTAA,1975,781,1736
CCCTTAA,1390,276,1429
ACCTTAA,1489,281,1275
TACTTAA,1761,396,1130
GACTTAA,1751,286,1363
CACTTAA,1065,228,1123
AACTTAA,1088,221,1106
TTATTAA,1158,667,1025
GTATTAA,1752,1204,1339
CTATTAA,1088,465,963
ATATTAA,1158,513,1001
TGATTAA,1321,908,1273
GGATTAA,1457,333,1427
CGATTAA,1424,488,1426
AGATTAA,1293,333,1115
TCATTAA,1042,210,976
GCATTAA,2223,2091,1439
CCATTAA,1181,269,1251
ACATTAA,1615,410,1120
TAATTAA,1021,435,983
GAATTAA,1272,313,1233
CAATTAA,1021,293,919
AAATTAA,1006,255,943
TTTGTAA,2345,1421,1250
GTTGTAA,3607,4098,1747
CTTGTAA,2025,861,1362
ATTGTAA,2452,1714,1222
TGTGTAA,3354,6245,1617
GGTGTAA,3114,2296,1979
CGTGTAA,2469,1466,1636
AGTGTAA,2413,2185,1488
TCTGTAA,1915,699,1224
GCTGTAA,2713,1340,1712
CCTGTAA,2083,746,1526
ACTGTAA,2182,811,1269
TATGTAA,2503,2314,1221
GATGTAA,2712,1701,1583
CATGTAA,1908,792,1211
AATGTAA,2215,1132,1252
TTGGTAA,2236,1021,1454
GTGGTAA,3141,1794,1887
CTGGTAA,1770,629,1449
ATGGTAA,2093,920,1359
TGGGTAA,2122,965,1586
GGGGTAA,2216,791,1765
CGGGTAA,2009,640,1624
AGGGTAA,1736,608,1318
TCGGTAA,2015,745,1389
GCGGTAA,3008,1548,1977
CCGGTAA,1934,658,1652
ACGGTAA,2119,728,1521
TAGGTAA,1870,926,1249
GAGGTAA,2072,729,1520
CAGGTAA,1697,468,1167
AAGGTAA,1799,522,1163
TTCGTAA,2063,926,1344
GTCGTAA,2784,1488,1669
CTCGTAA,1846,614,1330
ATCGTAA,2083,842,1282
TGCGTAA,2967,2902,1867
GGCGTAA,2837,1306,2071
CGCGTAA,2269,1040,1683
AGCGTAA,2199,1059,1484
TCCGTAA,2037,796,1551
GCCGTAA,2850,1512,1951
CCCGTAA,2059,701,1643
ACCGTAA,2269,744,1461
TACGTAA,2699,1533,1410
GACGTAA,3091,1247,1673
CACGTAA,1892,562,1301
AACGTAA,2113,638,1263
TTAGTAA,2025,718,1102
GTAGTAA,2284,1214,1369
CTAGTAA,1523,498,1056
ATAGTAA,1788,567,1001
TGAGTAA,2000,796,1423
GGAGTAA,2161,607,1549
CGAGTAA,2197,783,1494
AGAGTAA,1779,505,1164
TCAGTAA,1534,428,1104
GCAGTAA,2338,1233,1417
CCAGTAA,1579,471,1146
ACAGTAA,1865,556,1096
TAAGTAA,1852,565,1051
GAAGTAA,1886,581,1282
CAAGTAA,1465,414,1014
AAAGTAA,1726,499,1002
TTTCTAA,1305,272,1095
GTTCTAA,2044,556,1373
CTTCTAA,1111,246,1036
ATTCTAA,1377,339,1088
TGTCTAA,1865,3509,1389
GGTCTAA,1960,606,1665
CGTCTAA,1316,465,1273
AGTCTAA,1428,557,1111
TCTCTAA,1131,251,982
GCTCTAA,1643,536,1421
CCTCTAA,1251,272,1190
ACTCTAA,1426,268,1156
TATCTAA,1490,651,1070
GATCTAA,1709,418,1364
CATCTAA,1084,255,1008
AATCTAA,1187,241,1027
TTGCTAA,1701,756,1526
GTGCTAA,2502,1008,2051
CTGCTAA,1359,452,1310
ATGCTAA,1868,1051,1470
TGGCTAA,1802,558,1780
GGGCTAA,1860,592,1910
CGGCTAA,1365,362,1550
AGGCTAA,1484,575,1459
TCGCTAA,1526,440,1497
GCGCTAA,2538,1389,2037
CCGCTAA,1397,411,1508
ACGCTAA,1816,579,1547
TAGCTAA,1452,385,1268
GAGCTAA,1584,385,1551
CAGCTAA,1099,284,1139
AAGCTAA,1314,305,1174
TTCCTAA,1469,298,1242
GTCCTAA,2123,537,1594
CTCCTAA,1066,206,1161
ATCCTAA,1330,291,1250
TGCCTAA,1983,995,1769
GGCCTAA,2065,624,2014
CGCCTAA,1467,443,1485
AGCCTAA,1436,469,1407
TCCCTAA,1435,309,1425
GCCCTAA,2149,645,1989
CCCCTAA,1500,272,1408
ACCCTAA,1680,353,1417
TACCTAA,2072,712,1340
GACCTAA,1884,466,1573
CACCTAA,1116,254,1075
AACCTAA,1335,249,1211
TTACTAA,1372,289,1142
GTACTAA,1713,549,1411
CTACTAA,1067,255,1059
ATACTAA,1407,446,1069
TGACTAA,1471,396,1467
GGACTAA,1639,358,1559
CGACTAA,1241,317,1189
AGACTAA,1359,321,1198
TCACTAA,1127,201,1074
GCACTAA,2061,895,1461
CCACTAA,1255,287,1119
ACACTAA,1644,479,1121
TAACTAA,1226,232,1133
GAACTAA,1393,324,1334
CAACTAA,1029,278,956
AAACTAA,1188,301,1040
TTTATAA,1359,377,995
GTTATAA,2342,1241,1402
CTTATAA,1309,322,1040
ATTATAA,1622,487,1025
TGTATAA,2207,5293,1343
GGTATAA,2122,1208,1534
CGTATAA,1683,943,1493
AGTATAA,1527,1262,1213
TCTATAA,1198,273,1031
GCTATAA,2008,813,1423
CCTATAA,1365,319,1215
ACTATAA,1534,393,1150
TATATAA,1471,816,1077
GATATAA,1879,783,1350
CATATAA,1266,364,1034
AATATAA,1305,372,986
TTGATAA,1995,709,1429
GTGATAA,2968,1352,1809
CTGATAA,1604,449,1384
ATGATAA,1901,706,1255
TGGATAA,1956,654,1626
GGGATAA,2006,542,1607
CGGATAA,1761,362,1544
AGGATAA,1478,345,1174
TCGATAA,1739,501,1414
GCGATAA,2755,1181,1830
CCGATAA,1756,377,1540
ACGATAA,1999,483,1384
TAGATAA,1713,585,1164
GAGATAA,1751,419,1427
CAGATAA,1382,285,1102
AAGATAA,1422,288,1010
TTCATAA,1443,367,1119
GTCATAA,2129,740,1400
CTCATAA,1313,299,1014
ATCATAA,1499,440,1041
TGCATAA,2201,1751,1492
GGCATAA,2079,830,1615
CGCATAA,1880,767,1461
AGCATAA,1595,708,1279
TCCATAA,1541,345,1205
GCCATAA,2262,1896,1675
CCCATAA,1585,284,1279
ACCATAA,1754,454,1177
TACATAA,2298,945,1241
GACATAA,2480,842,1443
CACATAA,1366,291,1104
AACATAA,1690,390,1108
TTAATAA,1457,381,1066
GTAATAA,1996,833,1408
CTAATAA,1330,302,1059
ATAATAA,1569,433,984
TGAATAA,1666,430,1346
GGAATAA,1749,362,1463
CGAATAA,1581,396,1333
AGAATAA,1437,268,1101
TCAATAA,1361,270,986
GCAATAA,2442,2236,1358
CCAATAA,1340,324,1159
ACAATAA,2020,607,1049
TAAATAA,1611,398,1060
GAAATAA,1568,397,1224
CAAATAA,1335,380,984
AAAATAA,1423,355,970
TTTTGAA,1412,241,1223
GTTTGAA,2446,1561,1726
CTTTGAA,1254,255,1280
ATTTGAA,1461,405,1246
TGTTGAA,2135,4383,1655
GGTTGAA,1978,651,1856
CGTTGAA,1588,546,1646
AGTTGAA,1524,712,1428
TCTTGAA,1284,227,1319
GCTTGAA,1972,693,1669
CCTTGAA,1462,256,1589
ACTTGAA,1584,286,1339
TATTGAA,1696,891,1258
GATTGAA,1813,465,1591
CATTGAA,1160,285,1240
AATTGAA,1269,315,1253
TTGTGAA,1773,1134,1589
GTGTGAA,2496,1318,2187
CTGTGAA,1613,655,1594
ATGTGAA,1875,818,1565
TGGTGAA,1867,580,1837
GGGTGAA,1910,545,1968
CGGTGAA,1819,439,1826
AGGTGAA,1532,419,1457
TCGTGAA,1663,391,1618
GCGTGAA,2623,1776,2171
CCGTGAA,1670,425,1815
ACGTGAA,1852,482,1578
TAGTGAA,1400,502,1388
GAGTGAA,1647,496,1730
CAGTGAA,1269,319,1277
AAGTGAA,1318,353,1248
TTCTGAA,1178,199,1194
GTCTGAA,1797,353,1628
CTCTGAA,1113,176,1209
ATCTGAA,1257,238,1206
TGCTGAA,1828,686,1740
GGCTGAA,1818,390,1896
CGCTGAA,1574,349,1626
AGCTGAA,1404,304,1405
TCCTGAA,1396,185,1430
GCCTGAA,2083,653,2016
CCCTGAA,1462,253,1646
ACCTGAA,1586,304,1436
TACTGAA,1861,363,1380
GACTGAA,1837,331,1601
CACTGAA,1123,218,1248
AACTGAA,1210,221,1124
TTATGAA,1268,364,1278
GTATGAA,1780,780,1630
CTATGAA,1149,354,1198
ATATGAA,1270,424,1174
TGATGAA,1497,526,1599
GGATGAA,1700,381,1687
CGATGAA,1617,418,1686
AGATGAA,1363,378,1278
TCATGAA,1165,266,1235
GCATGAA,2064,1102,1699
CCATGAA,1315,302,1336
ACATGAA,1743,392,1183
TAATGAA,1203,291,1241
GAATGAA,1376,346,1364
CAATGAA,1129,233,1153
AAATGAA,1151,241,1184
TTTGGAA,1367,286,1377
GTTGGAA,2134,691,1811
CTTGGAA,1277,219,1439
ATTGGAA,1432,348,1291
TGTGGAA,2065,1160,1791
GGTGGAA,1978,475,1998
CGTGGAA,1588,365,1631
AGTGGAA,1497,428,1478
TCTGGAA,1283,216,1345
GCTGGAA,2022,577,1790
CCTGGAA,1461,216,1623
ACTGGAA,1464,299,1296
TATGGAA,1622,410,1266
GATGGAA,1763,400,1643
CATGGAA,1316,239,1163
AATGGAA,1227,266,1248
TTGGGAA,1475,339,1490
GTGGGAA,2167,710,1904
CTGGGAA,1307,263,1355
ATGGGAA,1431,348,1409
TGGGGAA,1632,466,1692
GGGGGAA,1679,484,1881
CGGGGAA,1583,342,1600
AGGGGAA,1313,262,1388
TCGGGAA,1426,279,1502
GCGGGAA,2277,916,1927
CCGGGAA,1617,281,1665
ACGGGAA,1672,345,1524
TAGGGAA,1313,357,1312
GAGGGAA,1462,384,1572
CAGGGAA,1185,183,1203
AAGGGAA,1114,212,1138
TTCGGAA,1356,263,1354
GTCGGAA,1913,359,1731
CTCGGAA,1264,214,1278
ATCGGAA,1468,272,1254
TGCGGAA,2076,604,1931
GGCGGAA,1967,459,2136
CGCGGAA,1725,324,1743
AGCGGAA,1531,278,1511
TCCGGAA,1366,212,1488
GCCGGAA,2075,636,2074
CCCGGAA,1612,201,1700
ACCGGAA,1632,279,1513
TACGGAA,1908,444,1402
GACGGAA,2108,363,1795
CACGGAA,1355,230,1335
AACGGAA,1444,220,1296
TTAGGAA,1118,182,1191
GTAGGAA,1535,299,1362
CTAGGAA,1105,169,1091
ATAGGAA,1100,223,1029
TGAGGAA,1357,296,1424
GGAGGAA,1404,251,1528
CGAGGAA,1478,268,1679
AGAGGAA,1178,209,1240
TCAGGAA,1124,176,1140
GCAGGAA,1879,559,1504
CCAGGAA,1323,175,1320
ACAGGAA,1415,243,1140
TAAGGAA,1092,216,1024
GAAGGAA,1291,198,1385
CAAGGAA,976,162,1001
AAAGGAA,1029,196,1047
TTTCGAA,1330,293,1348
GTTCGAA,1974,520,1677
CTTCGAA,1210,210,1207
ATTCGAA,1429,338,1227
TGTCGAA,1929,1020,1655
GGTCGAA,1804,467,1814
CGTCGAA,1496,283,1436
AGTCGAA,1332,408,1338
TCTCGAA,1204,223,1225
GCTCGAA,1811,562,1691
CCTCGAA,1403,254,1496
ACTCGAA,1471,292,1259
TATCGAA,1579,426,1323
GATCGAA,1780,359,1517
CATCGAA,1100,288,1117
AATCGAA,1185,235,1115
TTGCGAA,1921,657,1845
GTGCGAA,2586,926,2223
CTGCGAA,1497,408,1527
ATGCGAA,1991,1096,1746
TGGCGAA,1979,625,1999
GGGCGAA,2137,680,2151
CGGCGAA,1484,417,1721
AGGCGAA,1722,630,1693
TCGCGAA,1598,337,1703
GCGCGAA,2629,1271,2197
CCGCGAA,1595,369,1752
ACGCGAA,1752,524,1593
TAGCGAA,1489,375,1427
GAGCGAA,1714,403,1880
CAGCGAA,1251,270,1310
AAGCGAA,1402,378,1280
TTCCGAA,1473,270,1491
GTCCGAA,2054,433,1845
CTCCGAA,1220,187,1230
ATCCGAA,1425,249,1395
TGCCGAA,1923,613,2059
GGCCGAA,1998,422,2209
CGCCGAA,1539,297,1672
AGCCGAA,1479,305,1649
TCCCGAA,1522,255,1547
GCCCGAA,2207,598,2232
CCCCGAA,1558,252,1645
ACCCGAA,1579,259,1638
TACCGAA,2169,486,1500
GACCGAA,2083,365,1864
CACCGAA,1265,226,1279
AACCGAA,1429,248,1369
TTACGAA,1422,300,1391
GTACGAA,1909,479,1777
CTACGAA,1167,220,1239
ATACGAA,1483,380,1324
TGACGAA,1633,328,1834
GGACGAA,1710,308,1834
CGACGAA,1359,238,1329
AGACGAA,1323,290,1351
TCACGAA,1267,236,1293
GCACGAA,2268,787,1760
CCACGAA,1357,264,1338
ACACGAA,1618,379,1280
TAACGAA,1347,281,1348
GAACGAA,1443,293,1535
CAACGAA,1124,240,1143
AAACGAA,1268,297,1300
TTTAGAA,1250,193,1115
GTTAGAA,1874,560,1591
CTTAGAA,1112,203,1202
ATTAGAA,1379,281,1093
TGTAGAA,1480,873,1303
GGTAGAA,1550,347,1426
CGTAGAA,1378,299,1414
AGTAGAA,1254,327,1198
TCTAGAA,1102,152,1081
GCTAGAA,1788,581,1496
CCTAGAA,1226,196,1278
ACTAGAA,1396,251,1078
TATAGAA,1277,330,1138
GATAGAA,1477,367,1326
CATAGAA,1079,222,1073
AATAGAA,1107,205,1044
TTGAGAA,1411,352,1466
GTGAGAA,2098,558,1710
CTGAGAA,1343,237,1382
ATGAGAA,1404,329,1341
TGGAGAA,1547,324,1544
GGGAGAA,1614,354,1733
CGGAGAA,1503,252,1584
AGGAGAA,1272,205,1220
TCGAGAA,1486,270,1555
GCGAGAA,2039,685,1783
CCGAGAA,1471,258,1608
ACGAGAA,1537,268,1350
TAGAGAA,1301,286,1189
GAGAGAA,1394,251,1363
CAGAGAA,1100,175,1138
AAGAGAA,1069,164,1070
TTCAGAA,1182,168,1160
GTCAGAA,1620,277,1439
CTCAGAA,1052,158,1105
ATCAGAA,1142,191,1055
TGCAGAA,1713,415,1598
GGCAGAA,1547,319,1669
CGCAGAA,1527,273,1527
AGCAGAA,1258,211,1203
TCCAGAA,1185,156,1259
GCCAGAA,1812,404,1613
CCCAGAA,1355,198,1447
ACCAGAA,1457,221,1182
TACAGAA,1864,339,1198
GACAGAA,2033,324,1429
CACAGAA,1185,189,1144
AACAGAA,1288,220,1051
TTAAGAA,1172,190,1127
GTAAGAA,1511,303,1366
CTAAGAA,1106,198,1121
ATAAGAA,1126,218,1003
TGAAGAA,1378,206,1415
GGAAGAA,1408,241,1489
CGAAGAA,1322,212,1375
AGAAGAA,1119,172,1069
TCAAGAA,1080,160,1043
GCAAGAA,1863,486,1424
CCAAGAA,1166,160,1189
ACAAGAA,1512,284,1107
TAAAGAA,1082,166,1089
GAAAGAA,1255,194,1231
CAAAGAA,951,157,951
AAAAGAA,1035,166,982
TTTTCAA,1142,224,1054
GTTTCAA,2124,850,1613
CTTTCAA,1206,252,1179
ATTTCAA,1377,330,1176
TGTTCAA,1842,751,1492
GGTTCAA,1846,411,1683
CGTTCAA,1392,321,1454
AGTTCAA,1330,351,1327
TCTTCAA,1072,197,1056
GCTTCAA,1718,563,1539
CCTTCAA,1280,246,1326
ACTTCAA,1360,241,1117
TATTCAA,1402,382,1055
GATTCAA,1676,383,1425
CATTCAA,1084,218,1104
AATTCAA,1085,269,1073
TTGTCAA,1991,1150,1421
GTGTCAA,2761,1883,1977
CTGTCAA,1767,798,1387
ATGTCAA,1989,1085,1510
TGGTCAA,1772,439,1708
GGGTCAA,1894,480,1894
CGGTCAA,1629,327,1518
AGGTCAA,1462,344,1383
TCGTCAA,1506,469,1324
GCGTCAA,2404,1415,1820
CCGTCAA,1558,502,1484
ACGTCAA,1778,537,1338
TAGTCAA,1563,428,1263
GAGTCAA,1681,529,1588
CAGTCAA,1247,326,1062
AAGTCAA,1360,334,1120
TTCTCAA,1132,188,1008
GTCTCAA,1752,496,1443
CTCTCAA,1114,214,1098
ATCTCAA,1190,270,1093
TGCTCAA,1648,446,1489
GGCTCAA,1717,383,1678
CGCTCAA,1456,311,1415
AGCTCAA,1267,263,1216
TCCTCAA,1197,216,1235
GCCTCAA,1896,1118,1768
CCCTCAA,1324,271,1452
ACCTCAA,1432,288,1233
TACTCAA,1707,357,1198
GACTCAA,1646,408,1409
CACTCAA,1116,270,1065
AACTCAA,1049,241,1151
TTATCAA,1224,406,1141
GTATCAA,1959,1568,1485
CTATCAA,1152,324,1052
ATATCAA,1345,533,1105
TGATCAA,1446,359,1419
GGATCAA,1565,347,1550
CGATCAA,1634,359,1484
AGATCAA,1285,290,1178
TCATCAA,1109,278,1041
GCATCAA,2342,4155,1458
CCATCAA,1218,338,1201
ACATCAA,1524,595,1090
TAATCAA,1232,260,1124
GAATCAA,1353,434,1289
CAATCAA,1065,362,991
AAATCAA,1093,312,1031
TTTGCAA,2237,5731,1684
GTTGCAA,4146,10039,2103
CTTGCAA,1915,3803,1574
ATTGCAA,2477,5793,1584
TGTGCAA,3127,8569,2097
GGTGCAA,3034,6824,2364
CGTGCAA,2335,5165,1902
AGTGCAA,2326,6141,1624
TCTGCAA,1697,3818,1472
GCTGCAA,2551,5165,1836
CCTGCAA,1701,3079,1613
ACTGCAA,1969,3214,1425
TATGCAA,2475,5513,1505
GATGCAA,3773,9240,1832
CATGCAA,1859,3248,1399
AATGCAA,2366,5524,1451
TTGGCAA,2126,3762,1779
GTGGCAA,3431,6420,2359
CTGGCAA,1721,2786,1615
ATGGCAA,2185,3467,1692
TGGGCAA,2260,3236,2114
GGGGCAA,2367,2943,2229
CGGGCAA,2005,2804,1881
AGGGCAA,1822,2256,1581
TCGGCAA,1629,2733,1506
GCGGCAA,2745,5218,2028
CCGGCAA,1701,2502,1646
ACGGCAA,1889,2634,1582
TAGGCAA,1936,2823,1597
GAGGCAA,2154,3271,1902
CAGGCAA,1548,1755,1356
AAGGCAA,1659,2483,1428
TTCGCAA,2219,4110,1567
GTCGCAA,2840,5026,1989
CTCGCAA,1754,2907,1459
ATCGCAA,2201,3869,1553
TGCGCAA,2820,6931,2141
GGCGCAA,2815,5985,2230
CGCGCAA,2268,5190,1911
AGCGCAA,2277,5220,1656
TCCGCAA,1921,4403,1628
GCCGCAA,2666,6524,2189
CCCGCAA,1950,3679,1720
ACCGCAA,2054,3596,1599
TACGCAA,2648,4527,1588
GACGCAA,3165,4374,1906
CACGCAA,1894,3065,1361
AACGCAA,2094,3547,1498
TTAGCAA,1856,3327,1350
GTAGCAA,2224,3751,1692
CTAGCAA,1415,2195,1158
ATAGCAA,1732,2394,1283
TGAGCAA,1949,3180,1715
GGAGCAA,2014,2594,1817
CGAGCAA,2139,2769,1953
AGAGCAA,1563,2171,1342
TCAGCAA,1225,1967,1178
GCAGCAA,2188,3667,1564
CCAGCAA,1342,1819,1293
ACAGCAA,1624,1922,1203
TAAGCAA,1652,2744,1287
GAAGCAA,1737,2280,1546
CAAGCAA,1466,1757,1234
AAAGCAA,1567,2440,1130
TTTCCAA,1456,346,1322
GTTCCAA,2168,744,1690
CTTCCAA,1302,274,1295
ATTCCAA,1525,416,1296
TGTCCAA,2094,1128,1660
GGTCCAA,2106,519,2103
CGTCCAA,1547,313,1444
AGTCCAA,1581,414,1404
TCTCCAA,1247,206,1182
GCTCCAA,1788,626,1555
CCTCCAA,1337,278,1355
ACTCCAA,1423,322,1226
TATCCAA,1650,560,1311
GATCCAA,1823,529,1672
CATCCAA,1216,320,1170
AATCCAA,1296,274,1164
TTGCCAA,2056,1373,1845
GTGCCAA,2933,2364,2501
CTGCCAA,1645,913,1546
ATGCCAA,2141,1812,1798
TGGCCAA,2138,1248,2230
GGGCCAA,2357,1229,2327
CGGCCAA,1589,742,1721
AGGCCAA,1874,1030,1784
TCGCCAA,1612,1076,1512
GCGCCAA,2546,2500,2178
CCGCCAA,1426,1203,1559
ACGCCAA,1802,1158,1610
TAGCCAA,1689,978,1467
GAGCCAA,1853,853,1878
CAGCCAA,1246,602,1310
AAGCCAA,1493,660,1379
TTCCCAA,1623,369,1502
GTCCCAA,2270,637,1935
CTCCCAA,1240,246,1229
ATCCCAA,1535,382,1427
TGCCCAA,2221,808,1999
GGCCCAA,2319,629,2369
CGCCCAA,1686,425,1684
AGCCCAA,1751,379,1561
TCCCCAA,1588,327,1472
GCCCCAA,2221,992,2079
CCCCCAA,1461,291,1476
ACCCCAA,1699,368,1556
TACCCAA,2060,712,1424
GACCCAA,2029,588,1823
CACCCAA,1294,288,1274
AACCCAA,1509,337,1401
TTACCAA,1623,376,1480
GTACCAA,2084,811,1856
CTACCAA,1456,280,1211
ATACCAA,1668,535,1317
TGACCAA,1881,395,1811
GGACCAA,1931,485,1903
CGACCAA,1506,351,1511
AGACCAA,1498,368,1474
TCACCAA,1315,268,1202
GCACCAA,2215,1188,1659
CCACCAA,1304,345,1318
ACACCAA,1801,527,1277
TAACCAA,1480,340,1309
GAACCAA,1742,523,1615
CAACCAA,1235,289,1133
AAACCAA,1461,389,1300
TTTACAA,1739,540,1344
GTTACAA,2969,2427,1755
CTTACAA,1628,407,1366
ATTACAA,2014,786,1282
TGTACAA,2706,1532,1755
GGTACAA,2630,1261,1874
CGTACAA,1961,539,1605
AGTACAA,2030,969,1354
TCTACAA,1444,363,1162
GCTACAA,2500,1256,1582
CCTACAA,1602,341,1345
ACTACAA,1950,690,1198
TATACAA,2245,1265,1275
GATACAA,2881,2995,1619
CATACAA,1697,639,1282
AATACAA,2010,963,1166
TTGACAA,2271,923,1712
GTGACAA,3417,2225,2124
CTGACAA,1719,552,1623
ATGACAA,2215,999,1523
TGGACAA,2326,808,1888
GGGACAA,2575,995,1936
CGGACAA,1972,482,1749
AGGACAA,1953,517,1497
TCGACAA,1694,592,1358
GCGACAA,2646,1629,1777
CCGACAA,1713,449,1513
ACGACAA,1950,733,1424
TAGACAA,2107,971,1307
GAGACAA,2127,760,1732
CAGACAA,1493,329,1229
AAGACAA,1708,529,1261
TTCACAA,1816,516,1338
GTCACAA,2687,1660,1619
CTCACAA,1705,395,1230
ATCACAA,1970,563,1298
TGCACAA,2571,1075,1641
GGCACAA,2557,828,1819
CGCACAA,1970,537,1628
AGCACAA,1973,671,1411
TCCACAA,1676,425,1323
GCCACAA,2681,7809,1727
CCCACAA,1719,369,1353
ACCACAA,2100,649,1354
TACACAA,2684,1762,1360
GACACAA,2953,1801,1605
CACACAA,1775,480,1245
AACACAA,1957,699,1184
TTAACAA,1913,529,1372
GTAACAA,3042,4232,1695
CTAACAA,1955,671,1222
ATAACAA,2209,1019,1251
TGAACAA,2196,504,1610
GGAACAA,2365,532,1606
CGAACAA,1962,473,1658
AGAACAA,1930,447,1341
TCAACAA,1704,481,1194
GCAACAA,3157,10500,1574
CCAACAA,1636,593,1226
ACAACAA,2632,2890,1188
TAAACAA,2312,1043,1326
GAAACAA,2329,1431,1384
CAAACAA,2134,1579,1119
AAAACAA,2379,1432,1128
TTTTAAA,1317,219,1172
GTTTAAA,2420,1039,1720
CTTTAAA,1235,191,1257
ATTTAAA,1578,337,1212
TGTTAAA,2162,765,1512
GGTTAAA,2067,377,1675
CGTTAAA,1619,292,1588
AGTTAAA,1435,339,1317
TCTTAAA,1246,185,1118
GCTTAAA,2110,666,1690
CCTTAAA,1469,246,1408
ACTTAAA,1603,278,1228
TATTAAA,1723,337,1176
GATTAAA,1875,304,1449
CATTAAA,1251,168,1090
AATTAAA,1219,229,1070
TTGTAAA,2277,1275,1438
GTGTAAA,3218,1590,1923
CTGTAAA,1915,716,1546
ATGTAAA,2251,1101,1453
TGGTAAA,2282,547,1668
GGGTAAA,2261,468,1831
CGGTAAA,2022,476,1580
AGGTAAA,1927,424,1349
TCGTAAA,1983,443,1530
GCGTAAA,3128,1145,2006
CCGTAAA,2006,423,1592
ACGTAAA,2266,645,1601
TAGTAAA,2026,459,1215
GAGTAAA,1941,415,1501
CAGTAAA,1517,322,1144
AAGTAAA,1700,362,1177
TTCTAAA,1314,213,1087
GTCTAAA,2149,519,1575
CTCTAAA,1256,200,1060
ATCTAAA,1433,285,1150
TGCTAAA,1986,459,1668
GGCTAAA,1814,385,1786
CGCTAAA,1578,287,1531
AGCTAAA,1406,245,1265
TCCTAAA,1435,210,1296
GCCTAAA,2211,690,1733
CCCTAAA,1626,271,1478
ACCTAAA,1756,368,1446
TACTAAA,2220,385,1226
GACTAAA,1919,293,1489
CACTAAA,1201,210,1153
AACTAAA,1304,181,1106
TTATAAA,1315,278,1101
GTATAAA,1959,826,1504
CTATAAA,1324,251,1093
ATATAAA,1359,343,1112
TGATAAA,1779,319,1477
GGATAAA,1669,287,1450
CGATAAA,1781,324,1492
AGATAAA,1548,319,1185
TCATAAA,1339,217,1216
GCATAAA,2304,909,1570
CCATAAA,1419,247,1232
ACATAAA,2042,508,1181
TAATAAA,1397,222,1058
GAATAAA,1491,263,1264
CAATAAA,1340,204,1033
AAATAAA,1672,345,1067
TTTGAAA,1528,433,1452
GTTGAAA,2463,927,1932
CTTGAAA,1499,343,1372
ATTGAAA,1707,525,1322
TGTGAAA,2490,851,1915
GGTGAAA,2275,663,2011
CGTGAAA,1797,486,1756
AGTGAAA,1748,538,1510
TCTGAAA,1478,304,1483
GCTGAAA,2230,750,1930
CCTGAAA,1617,322,1578
ACTGAAA,1784,364,1491
TATGAAA,1812,500,1464
GATGAAA,2064,511,1686
CATGAAA,1446,325,1305
AATGAAA,1345,346,1294
TTGGAAA,1709,475,1647
GTGGAAA,2307,773,1950
CTGGAAA,1488,335,1517
ATGGAAA,1651,499,1448
TGGGAAA,1796,569,1683
GGGGAAA,1879,548,1814
CGGGAAA,1564,407,1589
AGGGAAA,1426,405,1325
TCGGAAA,1604,355,1499
GCGGAAA,2689,1168,1972
CCGGAAA,1569,327,1605
ACGGAAA,1879,440,1558
TAGGAAA,1519,430,1299
GAGGAAA,1525,327,1542
CAGGAAA,1274,248,1281
AAGGAAA,1197,276,1092
TTCGAAA,1477,427,1499
GTCGAAA,2218,627,1745
CTCGAAA,1489,337,1623
ATCGAAA,1511,444,1351
TGCGAAA,2307,862,1833
GGCGAAA,2071,671,1983
CGCGAAA,1763,532,1663
AGCGAAA,1575,542,1497
TCCGAAA,1552,392,1553
GCCGAAA,2249,899,2089
CCCGAAA,1618,319,1614
ACCGAAA,1811,440,1559
TACGAAA,2193,620,1466
GACGAAA,2331,543,1771
CACGAAA,1393,269,1280
AACGAAA,1552,343,1271
TTAGAAA,1272,288,1192
GTAGAAA,1614,406,1402
CTAGAAA,1160,263,1134
ATAGAAA,1238,262,1140
TGAGAAA,1510,368,1398
GGAGAAA,1505,381,1542
CGAGAAA,1550,398,1596
AGAGAAA,1275,315,1111
TCAGAAA,1114,215,1092
GCAGAAA,2185,676,1484
CCAGAAA,1260,216,1213
ACAGAAA,1602,332,1100
TAAGAAA,1229,250,1089
GAAGAAA,1361,284,1286
CAAGAAA,1081,224,1047
AAAGAAA,1224,232,1021
TTTCAAA,1430,312,1170
GTTCAAA,1997,525,1528
CTTCAAA,1209,260,1138
ATTCAAA,1346,373,1151
TGTCAAA,1916,684,1555
GGTCAAA,1883,386,1681
CGTCAAA,1348,254,1398
AGTCAAA,1282,329,1235
TCTCAAA,1202,214,1139
GCTCAAA,1861,569,1620
CCTCAAA,1216,263,1335
ACTCAAA,1520,262,1162
TATCAAA,1684,489,1245
GATCAAA,1740,376,1438
CATCAAA,1114,224,1014
AATCAAA,1208,238,1103
TTGCAAA,2034,1337,1775
GTGCAAA,2799,2039,2132
CTGCAAA,1618,870,1452
ATGCAAA,2160,1534,1539
TGGCAAA,2106,927,1877
GGGCAAA,2082,913,2029
CGGCAAA,1538,718,1578
AGGCAAA,1693,756,1460
TCGCAAA,1863,899,1646
GCGCAAA,2765,1895,2081
CCGCAAA,1785,952,1596
ACGCAAA,2101,1061,1555
TAGCAAA,1735,779,1364
GAGCAAA,1830,750,1626
CAGCAAA,1329,530,1142
AAGCAAA,1512,608,1215
TTCCAAA,1431,282,1360
GTCCAAA,2154,482,1795
CTCCAAA,1136,190,1093
ATCCAAA,1461,246,1289
TGCCAAA,2108,728,1880
GGCCAAA,2040,465,1945
CGCCAAA,1568,292,1591
AGCCAAA,1644,299,1409
TCCCAAA,1500,251,1457
GCCCAAA,2201,638,1926
CCCCAAA,1512,230,1546
ACCCAAA,1688,345,1549
TACCAAA,2342,602,1350
GACCAAA,2083,393,1624
CACCAAA,1257,199,1119
AACCAAA,1429,212,1316
TTACAAA,1514,269,1303
GTACAAA,2164,556,1520
CTACAAA,1332,253,1125
ATACAAA,1975,740,1208
TGACAAA,1840,313,1627
GGACAAA,1875,334,1692
CGACAAA,1504,300,1269
AGACAAA,1651,438,1218
TCACAAA,1499,237,1159
GCACAAA,2679,1000,1727
CCACAAA,1405,243,1265
ACACAAA,2314,731,1241
TAACAAA,1574,263,1260
GAACAAA,1661,300,1414
CAACAAA,1415,337,1040
AAACAAA,2311,794,1088
TTTAAAA,1461,253,1225
GTTAAAA,2221,426,1697
CTTAAAA,1285,245,1305
ATTAAAA,1577,276,1135
TGTAAAA,1989,468,1521
GGTAAAA,1984,310,1707
CGTAAAA,1715,285,1573
AGTAAAA,1415,275,1281
TCTAAAA,1384,188,1092
GCTAAAA,2221,559,1649
CCTAAAA,1501,252,1476
ACTAAAA,1694,270,1197
TATAAAA,1533,276,1094
GATAAAA,1769,311,1468
CATAAAA,1312,170,1124
AATAAAA,1322,207,1085
TTGAAAA,1714,329,1431
GTGAAAA,2478,483,1856
CTGAAAA,1460,236,1448
ATGAAAA,1688,284,1357
TGGAAAA,1675,261,1506
GGGAAAA,1827,249,1697
CGGAAAA,1678,252,1512
AGGAAAA,1456,170,1305
TCGAAAA,1597,190,1423
GCGAAAA,2434,651,1869
CCGAAAA,1582,212,1607
ACGAAAA,1822,254,1408
TAGAAAA,1512,235,1154
GAGAAAA,1465,174,1464
CAGAAAA,1212,143,1178
AAGAAAA,1231,176,1174
TTCAAAA,1431,209,1147
GTCAAAA,1915,337,1629
CTCAAAA,1271,200,1153
ATCAAAA,1409,238,1101
TGCAAAA,1953,502,1638
GGCAAAA,1866,369,1684
CGCAAAA,1765,314,1601
AGCAAAA,1563,290,1243
TCCAAAA,1426,177,1287
GCCAAAA,2201,570,1776
CCCAAAA,1555,205,1382
ACCAAAA,1716,305,1256
TACAAAA,2108,505,1150
GACAAAA,2528,451,1402
CACAAAA,1404,206,1119
AACAAAA,1677,310,1099
TTAAAAA,1342,176,1265
GTAAAAA,1809,273,1425
CTAAAAA,1249,182,1192
ATAAAAA,1208,193,1064
TGAAAAA,1477,211,1378
GGAAAAA,1521,176,1428
CGAAAAA,1471,229,1372
AGAAAAA,1249,152,1146
TCAAAAA,1260,144,1037
GCAAAAA,2217,618,1355
CCAAAAA,1279,182,1211
ACAAAAA,1903,292,1139
TAAAAAA,1180,155,1112
GAAAAAA,1378,186,1272
CAAAAAA,1104,143,1074
AAAAAAA,1125,122,1024
