sequence,Rep1_Count,Rep2_Count
TTTTTTT,60,60
GTTTTTT,2600,2207
CTTTTTT,136,96
ATTTTTT,337,315
TGTTTTT,3599,2958
GGTTTTT,1377,1182
CGTTTTT,1454,1213
AGTTTTT,1817,1509
TCTTTTT,294,231
GCTTTTT,920,729
CCTTTTT,181,155
ACTTTTT,214,173
TATTTTT,1900,1556
GATTTTT,578,431
CATTTTT,422,329
AATTTTT,408,356
TTGTTTT,3504,2917
GTGTTTT,4664,3943
CTGTTTT,3008,2442
ATGTTTT,3471,2853
TGGTTTT,1445,1235
GGGTTTT,776,618
CGGTTTT,955,848
AGGTTTT,804,684
TCGTTTT,1002,764
GCGTTTT,1739,1409
CCGTTTT,953,759
ACGTTTT,896,759
TAGTTTT,1372,1102
GAGTTTT,993,808
CAGTTTT,836,694
AAGTTTT,1070,974
TTCTTTT,239,163
GTCTTTT,388,324
CTCTTTT,191,135
ATCTTTT,212,156
TGCTTTT,3342,2718
GGCTTTT,1086,856
CGCTTTT,1078,861
AGCTTTT,1120,968
TCCTTTT,153,130
GCCTTTT,804,629
CCCTTTT,150,112
ACCTTTT,177,143
TACTTTT,450,409
GACTTTT,243,182
CACTTTT,163,128
AACTTTT,160,99
TTATTTT,1659,1327
GTATTTT,2080,1685
CTATTTT,1383,1149
ATATTTT,1119,953
TGATTTT,1548,1210
GGATTTT,427,328
CGATTTT,756,647
AGATTTT,434,328
TCATTTT,303,270
GCATTTT,1715,1515
CCATTTT,321,254
ACATTTT,300,256
TAATTTT,579,474
GAATTTT,312,293
CAATTTT,340,249
AAATTTT,189,151
TTTGTTT,1121,939
GTTGTTT,5248,4333
CTTGTTT,941,817
ATTGTTT,2056,1760
TGTGTTT,3646,3071
GGTGTTT,1776,1425
CGTGTTT,1136,951
AGTGTTT,1716,1426
TCTGTTT,531,475
GCTGTTT,1877,1614
CCTGTTT,633,474
ACTGTTT,612,479
TATGTTT,1836,1456
GATGTTT,1585,1277
CATGTTT,757,592
AATGTTT,1039,835
TTGGTTT,611,472
GTGGTTT,1542,1345
CTGGTTT,447,372
ATGGTTT,696,544
TGGGTTT,457,421
GGGGTTT,504,421
CGGGTTT,397,304
AGGGTTT,457,357
TCGGTTT,447,363
GCGGTTT,1218,931
CCGGTTT,445,418
ACGGTTT,586,444
TAGGTTT,459,346
GAGGTTT,434,332
CAGGTTT,307,199
AAGGTTT,323,277
TTCGTTT,274,217
GTCGTTT,878,661
CTCGTTT,231,203
ATCGTTT,359,336
TGCGTTT,2011,1678
GGCGTTT,1065,892
CGCGTTT,891,746
AGCGTTT,917,804
TCCGTTT,280,232
GCCGTTT,732,713
CCCGTTT,310,268
ACCGTTT,354,305
TACGTTT,454,304
GACGTTT,459,394
CACGTTT,281,246
AACGTTT,314,220
TTAGTTT,375,281
GTAGTTT,875,806
CTAGTTT,267,218
ATAGTTT,372,280
TGAGTTT,528,428
GGAGTTT,442,295
CGAGTTT,345,288
AGAGTTT,339,281
TCAGTTT,257,159
GCAGTTT,685,587
CCAGTTT,245,201
ACAGTTT,334,287
TAAGTTT,310,248
GAAGTTT,273,251
CAAGTTT,177,183
AAAGTTT,229,180
TTTCTTT,99,65
GTTCTTT,245,187
CTTCTTT,107,97
ATTCTTT,132,133
TGTCTTT,1766,1428
GGTCTTT,278,246
CGTCTTT,244,204
AGTCTTT,295,296
TCTCTTT,98,96
GCTCTTT,376,305
CCTCTTT,122,97
ACTCTTT,138,103
TATCTTT,245,182
GATCTTT,141,113
CATCTTT,130,120
AATCTTT,133,103
TTGCTTT,3015,2433
GTGCTTT,3530,3048
CTGCTTT,2019,1682
ATGCTTT,2591,2116
TGGCTTT,2014,1664
GGGCTTT,1816,1554
CGGCTTT,1746,1553
AGGCTTT,1536,1233
TCGCTTT,1600,1259
GCGCTTT,3438,2869
CCGCTTT,2150,1769
ACGCTTT,1900,1514
TAGCTTT,1635,1399
GAGCTTT,1563,1391
CAGCTTT,1270,1014
AAGCTTT,1307,1171
TTCCTTT,133,100
GTCCTTT,278,216
CTCCTTT,99,94
ATCCTTT,144,123
TGCCTTT,1463,1256
GGCCTTT,944,784
CGCCTTT,1248,1005
AGCCTTT,865,716
TCCCTTT,149,109
GCCCTTT,439,308
CCCCTTT,159,130
ACCCTTT,193,152
TACCTTT,265,224
GACCTTT,218,167
CACCTTT,154,113
AACCTTT,112,117
TTACTTT,296,215
GTACTTT,354,277
CTACTTT,184,157
ATACTTT,284,219
TGACTTT,304,252
GGACTTT,264,176
CGACTTT,232,192
AGACTTT,252,201
TCACTTT,165,140
GCACTTT,874,676
CCACTTT,208,138
ACACTTT,306,245
TAACTTT,149,107
GAACTTT,154,130
CAACTTT,138,103
AAACTTT,158,101
TTTATTT,323,254
GTTATTT,2834,2439
CTTATTT,353,315
ATTATTT,690,550
TGTATTT,2824,2325
GGTATTT,971,756
CGTATTT,767,647
AGTATTT,977,802
TCTATTT,257,173
GCTATTT,872,747
CCTATTT,285,258
ACTATTT,280,222
TATATTT,554,461
GATATTT,496,397
CATATTT,248,226
AATATTT,276,242
TTGATTT,1078,881
GTGATTT,2101,1651
CTGATTT,722,612
ATGATTT,981,859
TGGATTT,402,345
GGGATTT,340,330
CGGATTT,312,255
AGGATTT,230,185
TCGATTT,594,525
GCGATTT,1139,939
CCGATTT,587,447
ACGATTT,491,434
TAGATTT,400,303
GAGATTT,331,295
CAGATTT,231,164
AAGATTT,248,190
TTCATTT,184,149
GTCATTT,569,479
CTCATTT,175,166
ATCATTT,243,212
TGCATTT,3419,2837
GGCATTT,2420,1986
CGCATTT,2866,2369
AGCATTT,2122,1703
TCCATTT,161,117
GCCATTT,715,598
CCCATTT,203,138
ACCATTT,209,169
TACATTT,250,224
GACATTT,296,260
CACATTT,172,156
AACATTT,186,165
TTAATTT,375,262
GTAATTT,577,446
CTAATTT,266,219
ATAATTT,260,189
TGAATTT,304,253
GGAATTT,246,216
CGAATTT,285,251
AGAATTT,199,171
TCAATTT,170,176
GCAATTT,851,715
CCAATTT,163,153
ACAATTT,286,239
TAAATTT,113,103
GAAATTT,136,113
CAAATTT,121,88
AAAATTT,98,80
TTTTGTT,171,157
GTTTGTT,5356,4553
CTTTGTT,293,248
ATTTGTT,2043,1654
TGTTGTT,4978,4200
GGTTGTT,3850,3418
CGTTGTT,3447,2962
AGTTGTT,3436,2898
TCTTGTT,462,391
GCTTGTT,1801,1507
CCTTGTT,267,219
ACTTGTT,418,330
TATTGTT,3026,2610
GATTGTT,2228,1748
CATTGTT,1396,1142
AATTGTT,1679,1511
TTGTGTT,3300,2763
GTGTGTT,4313,3764
CTGTGTT,2178,1871
ATGTGTT,2768,2304
TGGTGTT,2740,2242
GGGTGTT,1216,1007
CGGTGTT,1465,1218
AGGTGTT,1081,945
TCGTGTT,878,775
GCGTGTT,2067,1746
CCGTGTT,1007,809
ACGTGTT,829,730
TAGTGTT,1722,1487
GAGTGTT,1210,1045
CAGTGTT,967,860
AAGTGTT,1022,872
TTCTGTT,166,158
GTCTGTT,404,351
CTCTGTT,181,123
ATCTGTT,217,170
TGCTGTT,4514,3754
GGCTGTT,1357,1148
CGCTGTT,1356,1163
AGCTGTT,1795,1482
TCCTGTT,202,168
GCCTGTT,779,617
CCCTGTT,244,183
ACCTGTT,271,251
TACTGTT,934,745
GACTGTT,384,316
CACTGTT,310,246
AACTGTT,287,293
TTATGTT,1246,924
GTATGTT,2389,2039
CTATGTT,736,702
ATATGTT,932,764
TGATGTT,3630,3036
GGATGTT,1276,1014
CGATGTT,2257,1821
AGATGTT,1518,1297
TCATGTT,490,365
GCATGTT,1692,1415
CCATGTT,416,323
ACATGTT,506,426
TAATGTT,1589,1315
GAATGTT,727,578
CAATGTT,774,737
AAATGTT,489,401
TTTGGTT,189,172
GTTGGTT,3826,3148
CTTGGTT,233,186
ATTGGTT,1080,849
TGTGGTT,3765,2991
GGTGGTT,1202,971
CGTGGTT,997,756
AGTGGTT,1402,1240
TCTGGTT,216,177
GCTGGTT,729,566
CCTGGTT,217,175
ACTGGTT,245,243
TATGGTT,1314,1147
GATGGTT,746,623
CATGGTT,482,410
AATGGTT,458,397
TTGGGTT,506,374
GTGGGTT,1073,929
CTGGGTT,386,300
ATGGGTT,517,394
TGGGGTT,665,607
GGGGGTT,692,529
CGGGGTT,434,386
AGGGGTT,431,392
TCGGGTT,373,302
GCGGGTT,1044,868
CCGGGTT,403,355
ACGGGTT,460,363
TAGGGTT,556,456
GAGGGTT,457,355
CAGGGTT,279,258
AAGGGTT,305,281
TTCGGTT,225,189
GTCGGTT,410,375
CTCGGTT,197,156
ATCGGTT,244,232
TGCGGTT,1183,960
GGCGGTT,600,491
CGCGGTT,438,380
AGCGGTT,454,365
TCCGGTT,235,206
GCCGGTT,589,509
CCCGGTT,240,202
ACCGGTT,262,264
TACGGTT,434,404
GACGGTT,426,323
CACGGTT,271,203
AACGGTT,271,215
TTAGGTT,222,167
GTAGGTT,500,372
CTAGGTT,208,175
ATAGGTT,248,181
TGAGGTT,583,470
GGAGGTT,329,266
CGAGGTT,322,270
AGAGGTT,271,257
TCAGGTT,182,151
GCAGGTT,555,484
CCAGGTT,180,161
ACAGGTT,282,212
TAAGGTT,250,198
GAAGGTT,228,185
CAAGGTT,165,176
AAAGGTT,172,153
TTTCGTT,165,134
GTTCGTT,396,339
CTTCGTT,134,139
ATTCGTT,196,158
TGTCGTT,3675,2893
GGTCGTT,621,510
CGTCGTT,858,690
AGTCGTT,984,830
TCTCGTT,173,138
GCTCGTT,425,368
CCTCGTT,187,153
ACTCGTT,216,157
TATCGTT,1365,1030
GATCGTT,424,313
CATCGTT,446,388
AATCGTT,377,283
TTGCGTT,3717,3105
GTGCGTT,5505,4752
CTGCGTT,2857,2319
ATGCGTT,3441,2976
TGGCGTT,3105,2554
GGGCGTT,2537,2077
CGGCGTT,2438,2117
AGGCGTT,2207,1862
TCGCGTT,2492,1988
GCGCGTT,4108,3455
CCGCGTT,2727,2316
ACGCGTT,2575,2219
TAGCGTT,2382,1993
GAGCGTT,2300,1867
CAGCGTT,1634,1392
AAGCGTT,1874,1631
TTCCGTT,185,149
GTCCGTT,302,241
CTCCGTT,145,108
ATCCGTT,204,146
TGCCGTT,1093,950
GGCCGTT,452,414
CGCCGTT,492,383
AGCCGTT,345,277
TCCCGTT,191,145
GCCCGTT,483,398
CCCCGTT,185,172
ACCCGTT,234,190
TACCGTT,410,363
GACCGTT,310,269
CACCGTT,213,158
AACCGTT,231,190
TTACGTT,219,198
GTACGTT,447,394
CTACGTT,235,183
ATACGTT,328,305
TGACGTT,1097,879
GGACGTT,367,303
CGACGTT,473,411
AGACGTT,357,310
TCACGTT,266,180
GCACGTT,878,708
CCACGTT,264,188
ACACGTT,345,282
TAACGTT,448,368
GAACGTT,281,233
CAACGTT,263,210
AAACGTT,236,205
TTTAGTT,165,120
GTTAGTT,2425,1917
CTTAGTT,164,116
ATTAGTT,572,497
TGTAGTT,3005,2533
GGTAGTT,790,667
CGTAGTT,615,483
AGTAGTT,940,801
TCTAGTT,139,110
GCTAGTT,531,482
CCTAGTT,176,136
ACTAGTT,194,155
TATAGTT,692,537
GATAGTT,411,388
CATAGTT,330,225
AATAGTT,302,240
TTGAGTT,996,807
GTGAGTT,2136,1899
CTGAGTT,901,737
ATGAGTT,1144,867
TGGAGTT,871,663
GGGAGTT,525,527
CGGAGTT,758,648
AGGAGTT,533,438
TCGAGTT,593,503
GCGAGTT,1242,1017
CCGAGTT,753,641
ACGAGTT,664,532
TAGAGTT,692,586
GAGAGTT,617,510
CAGAGTT,513,446
AAGAGTT,573,451
TTCAGTT,112,119
GTCAGTT,272,232
CTCAGTT,143,132
ATCAGTT,178,120
TGCAGTT,763,642
GGCAGTT,336,284
CGCAGTT,320,318
AGCAGTT,309,286
TCCAGTT,157,101
GCCAGTT,457,369
CCCAGTT,164,124
ACCAGTT,207,159
TACAGTT,295,288
GACAGTT,302,229
CACAGTT,191,157
AACAGTT,198,152
TTAAGTT,197,151
GTAAGTT,366,289
CTAAGTT,143,146
ATAAGTT,223,168
TGAAGTT,254,196
GGAAGTT,185,151
CGAAGTT,213,163
AGAAGTT,141,129
TCAAGTT,119,110
GCAAGTT,528,410
CCAAGTT,160,133
ACAAGTT,237,200
TAAAGTT,127,126
GAAAGTT,128,115
CAAAGTT,116,100
AAAAGTT,98,89
TTTTCTT,57,63
GTTTCTT,1196,934
CTTTCTT,105,73
ATTTCTT,197,138
TGTTCTT,1340,1048
GGTTCTT,241,204
CGTTCTT,151,145
AGTTCTT,220,163
TCTTCTT,100,76
GCTTCTT,420,348
CCTTCTT,131,92
ACTTCTT,142,105
TATTCTT,240,188
GATTCTT,231,195
CATTCTT,115,94
AATTCTT,99,103
TTGTCTT,1383,1112
GTGTCTT,1708,1367
CTGTCTT,784,594
ATGTCTT,1084,851
TGGTCTT,435,355
GGGTCTT,333,288
CGGTCTT,297,275
AGGTCTT,268,218
TCGTCTT,392,330
GCGTCTT,1238,1015
CCGTCTT,427,369
ACGTCTT,389,335
TAGTCTT,387,337
GAGTCTT,369,302
CAGTCTT,262,192
AAGTCTT,314,260
TTCTCTT,75,99
GTCTCTT,298,223
CTCTCTT,122,85
ATCTCTT,137,108
TGCTCTT,351,260
GGCTCTT,268,209
CGCTCTT,205,161
AGCTCTT,151,142
TCCTCTT,125,107
GCCTCTT,920,742
CCCTCTT,159,133
ACCTCTT,212,160
TACTCTT,202,170
GACTCTT,243,198
CACTCTT,124,104
AACTCTT,137,124
TTATCTT,244,183
GTATCTT,985,788
CTATCTT,193,193
ATATCTT,261,180
TGATCTT,201,154
GGATCTT,156,133
CGATCTT,194,170
AGATCTT,152,122
TCATCTT,206,169
GCATCTT,3242,2785
CCATCTT,216,176
ACATCTT,269,190
TAATCTT,130,112
GAATCTT,196,162
CAATCTT,135,104
AAATCTT,107,93
TTTGCTT,563,473
GTTGCTT,2865,2467
CTTGCTT,489,429
ATTGCTT,870,688
TGTGCTT,2536,2103
GGTGCTT,1069,869
CGTGCTT,785,652
AGTGCTT,898,810
TCTGCTT,492,362
GCTGCTT,1145,933
CCTGCTT,463,457
ACTGCTT,526,384
TATGCTT,1253,1001
GATGCTT,2087,1669
CATGCTT,598,488
AATGCTT,1013,866
TTGGCTT,888,707
GTGGCTT,1931,1638
CTGGCTT,644,568
ATGGCTT,918,771
TGGGCTT,881,775
GGGGCTT,795,702
CGGGCTT,588,561
AGGGCTT,628,511
TCGGCTT,779,593
GCGGCTT,1853,1599
CCGGCTT,650,540
ACGGCTT,743,664
TAGGCTT,756,625
GAGGCTT,955,816
CAGGCTT,445,384
AAGGCTT,616,571
TTCGCTT,512,424
GTCGCTT,1011,853
CTCGCTT,479,397
ATCGCTT,564,512
TGCGCTT,1573,1286
GGCGCTT,1199,988
CGCGCTT,1063,885
AGCGCTT,952,719
TCCGCTT,770,649
GCCGCTT,1536,1317
CCCGCTT,820,644
ACCGCTT,722,677
TACGCTT,922,706
GACGCTT,993,804
CACGCTT,678,578
AACGCTT,701,557
TTAGCTT,557,456
GTAGCTT,935,747
CTAGCTT,523,380
ATAGCTT,552,443
TGAGCTT,626,551
GGAGCTT,605,463
CGAGCTT,511,478
AGAGCTT,499,389
TCAGCTT,455,391
GCAGCTT,1274,1013
CCAGCTT,473,358
ACAGCTT,547,445
TAAGCTT,490,413
GAAGCTT,505,422
CAAGCTT,370,326
AAAGCTT,429,371
TTTCCTT,113,81
GTTCCTT,331,247
CTTCCTT,119,84
ATTCCTT,158,155
TGTCCTT,2153,1823
GGTCCTT,321,257
CGTCCTT,351,316
AGTCCTT,389,340
TCTCCTT,114,98
GCTCCTT,369,307
CCTCCTT,161,121
ACTCCTT,175,128
TATCCTT,369,357
GATCCTT,202,162
CATCCTT,185,143
AATCCTT,157,124
TTGCCTT,4630,3675
GTGCCTT,6824,5787
CTGCCTT,3699,3062
ATGCCTT,4524,3670
TGGCCTT,4411,3680
GGGCCTT,4226,3504
CGGCCTT,3418,2949
AGGCCTT,3435,2820
TCGCCTT,3906,3144
GCGCCTT,6589,5508
CCGCCTT,4106,3546
ACGCCTT,3955,3269
TAGCCTT,3406,2969
GAGCCTT,3706,3128
CAGCCTT,2462,2223
AAGCCTT,2840,2407
TTCCCTT,161,134
GTCCCTT,382,339
CTCCCTT,148,96
ATCCCTT,187,148
TGCCCTT,475,397
GGCCCTT,361,337
CGCCCTT,317,217
AGCCCTT,240,180
TCCCCTT,181,149
GCCCCTT,483,418
CCCCCTT,162,159
ACCCCTT,208,194
TACCCTT,299,222
GACCCTT,300,214
CACCCTT,194,135
AACCCTT,164,112
TTACCTT,210,163
GTACCTT,397,363
CTACCTT,207,151
ATACCTT,286,210
TGACCTT,345,294
GGACCTT,255,185
CGACCTT,260,213
AGACCTT,204,183
TCACCTT,196,176
GCACCTT,885,773
CCACCTT,204,167
ACACCTT,346,309
TAACCTT,184,152
GAACCTT,217,179
CAACCTT,154,119
AAACCTT,155,149
TTTACTT,151,118
GTTACTT,655,550
CTTACTT,161,151
ATTACTT,242,188
TGTACTT,1180,1023
GGTACTT,376,321
CGTACTT,301,264
AGTACTT,350,352
TCTACTT,145,99
GCTACTT,582,497
CCTACTT,181,110
ACTACTT,201,178
TATACTT,386,349
GATACTT,520,429
CATACTT,205,171
AATACTT,260,180
TTGACTT,924,824
GTGACTT,1795,1583
CTGACTT,753,619
ATGACTT,1007,829
TGGACTT,926,784
GGGACTT,887,793
CGGACTT,705,572
AGGACTT,611,522
TCGACTT,839,726
GCGACTT,2037,1717
CCGACTT,931,790
ACGACTT,792,668
TAGACTT,893,687
GAGACTT,814,730
CAGACTT,511,362
AAGACTT,595,432
TTCACTT,160,108
GTCACTT,511,443
CTCACTT,198,125
ATCACTT,220,210
TGCACTT,576,459
GGCACTT,333,343
CGCACTT,342,279
AGCACTT,250,232
TCCACTT,162,143
GCCACTT,1038,878
CCCACTT,198,183
ACCACTT,256,218
TACACTT,390,314
GACACTT,410,360
CACACTT,231,161
AACACTT,292,209
TTAACTT,209,185
GTAACTT,503,361
CTAACTT,201,159
ATAACTT,272,205
TGAACTT,187,166
GGAACTT,195,169
CGAACTT,180,151
AGAACTT,182,140
TCAACTT,199,172
GCAACTT,1571,1331
CCAACTT,196,192
ACAACTT,428,334
TAAACTT,153,139
GAAACTT,218,161
CAAACTT,191,129
AAAACTT,174,150
TTTTATT,114,118
GTTTATT,4368,3442
CTTTATT,194,164
ATTTATT,1203,987
TGTTATT,4023,3469
GGTTATT,2135,1761
CGTTATT,2156,1816
AGTTATT,2354,1949
TCTTATT,392,310
GCTTATT,1652,1327
CCTTATT,183,163
ACTTATT,298,237
TATTATT,2521,1926
GATTATT,1199,926
CATTATT,738,580
AATTATT,925,759
TTGTATT,3034,2500
GTGTATT,4406,3611
CTGTATT,2225,1833
ATGTATT,2847,2363
TGGTATT,2250,1885
GGGTATT,1182,1029
CGGTATT,1510,1231
AGGTATT,1155,944
TCGTATT,1495,1244
GCGTATT,2835,2260
CCGTATT,1739,1437
ACGTATT,1450,1085
TAGTATT,1610,1347
GAGTATT,1203,1047
CAGTATT,1071,861
AAGTATT,1358,1127
TTCTATT,120,86
GTCTATT,692,534
CTCTATT,101,126
ATCTATT,173,123
TGCTATT,3580,2970
GGCTATT,846,749
CGCTATT,1035,888
AGCTATT,1068,819
TCCTATT,164,139
GCCTATT,577,437
CCCTATT,215,161
ACCTATT,227,180
TACTATT,607,444
GACTATT,298,252
CACTATT,193,179
AACTATT,173,168
TTATATT,408,332
GTATATT,1813,1394
CTATATT,279,278
ATATATT,389,331
TGATATT,2457,2002
GGATATT,506,465
CGATATT,1070,888
AGATATT,568,458
TCATATT,265,284
GCATATT,781,734
CCATATT,290,194
ACATATT,281,296
TAATATT,1223,914
GAATATT,339,297
CAATATT,609,461
AAATATT,257,217
TTTGATT,221,191
GTTGATT,3684,3058
CTTGATT,239,230
ATTGATT,967,829
TGTGATT,3931,3327
GGTGATT,997,815
CGTGATT,728,629
AGTGATT,1449,1304
TCTGATT,213,199
GCTGATT,817,742
CCTGATT,249,221
ACTGATT,314,252
TATGATT,2043,1579
GATGATT,764,619
CATGATT,498,456
AATGATT,574,451
TTGGATT,207,197
GTGGATT,661,564
CTGGATT,187,152
ATGGATT,304,221
TGGGATT,310,220
GGGGATT,303,249
CGGGATT,246,168
AGGGATT,231,174
TCGGATT,206,173
GCGGATT,669,506
CCGGATT,165,162
ACGGATT,230,208
TAGGATT,198,179
GAGGATT,179,179
CAGGATT,160,118
AAGGATT,137,109
TTCGATT,206,202
GTCGATT,386,320
CTCGATT,212,200
ATCGATT,245,231
TGCGATT,1292,1028
GGCGATT,557,443
CGCGATT,454,399
AGCGATT,484,331
TCCGATT,223,173
GCCGATT,621,496
CCCGATT,226,213
ACCGATT,297,248
TACGATT,319,273
GACGATT,308,238
CACGATT,181,154
AACGATT,209,165
TTAGATT,168,123
GTAGATT,270,256
CTAGATT,140,129
ATAGATT,170,132
TGAGATT,316,275
GGAGATT,195,173
CGAGATT,205,162
AGAGATT,149,130
TCAGATT,134,108
GCAGATT,419,346
CCAGATT,139,93
ACAGATT,192,171
TAAGATT,137,109
GAAGATT,151,121
CAAGATT,111,90
AAAGATT,120,94
TTTCATT,143,111
GTTCATT,318,222
CTTCATT,140,89
ATTCATT,169,152
TGTCATT,3423,2772
GGTCATT,547,450
CGTCATT,1054,897
AGTCATT,1008,824
TCTCATT,134,131
GCTCATT,396,365
CCTCATT,162,131
ACTCATT,212,186
TATCATT,1454,1185
GATCATT,437,325
CATCATT,520,421
AATCATT,383,342
TTGCATT,4595,3762
GTGCATT,6772,5611
CTGCATT,3917,3335
ATGCATT,4867,3878
TGGCATT,4901,4050
GGGCATT,4835,4028
CGGCATT,4160,3494
AGGCATT,3963,3309
TCGCATT,4365,3776
GCGCATT,7002,5794
CCGCATT,4604,3836
ACGCATT,4682,3965
TAGCATT,3708,3060
GAGCATT,4149,3606
CAGCATT,3025,2436
AAGCATT,3369,2683
TTCCATT,167,123
GTCCATT,305,221
CTCCATT,128,114
ATCCATT,187,136
TGCCATT,2166,1649
GGCCATT,792,724
CGCCATT,1154,921
AGCCATT,762,589
TCCCATT,188,129
GCCCATT,517,399
CCCCATT,180,132
ACCCATT,219,172
TACCATT,319,275
GACCATT,294,227
CACCATT,194,156
AACCATT,194,159
TTACATT,231,217
GTACATT,391,367
CTACATT,172,157
ATACATT,380,295
TGACATT,1037,891
GGACATT,315,284
CGACATT,478,377
AGACATT,395,286
TCACATT,228,163
GCACATT,949,790
CCACATT,232,210
ACACATT,437,333
TAACATT,470,361
GAACATT,244,191
CAACATT,240,178
AAACATT,358,313
TTTAATT,136,133
GTTAATT,407,360
CTTAATT,144,135
ATTAATT,193,161
TGTAATT,1956,1508
GGTAATT,391,394
CGTAATT,417,290
AGTAATT,449,375
TCTAATT,155,97
GCTAATT,441,342
CCTAATT,178,135
ACTAATT,237,197
TATAATT,323,279
GATAATT,226,173
CATAATT,179,138
AATAATT,171,125
TTGAATT,971,856
GTGAATT,1588,1396
CTGAATT,745,598
ATGAATT,893,783
TGGAATT,940,782
GGGAATT,947,813
CGGAATT,843,675
AGGAATT,634,532
TCGAATT,779,658
GCGAATT,1609,1424
CCGAATT,967,792
ACGAATT,747,604
TAGAATT,640,557
GAGAATT,737,574
CAGAATT,489,368
AAGAATT,547,418
TTCAATT,151,104
GTCAATT,306,248
CTCAATT,146,118
ATCAATT,168,152
TGCAATT,1893,1583
GGCAATT,933,786
CGCAATT,1260,1005
AGCAATT,876,712
TCCAATT,137,102
GCCAATT,420,295
CCCAATT,175,129
ACCAATT,237,178
TACAATT,219,184
GACAATT,254,214
CACAATT,176,163
AACAATT,229,220
TTAAATT,135,110
GTAAATT,312,279
CTAAATT,138,106
ATAAATT,170,112
TGAAATT,191,148
GGAAATT,180,125
CGAAATT,179,166
AGAAATT,98,101
TCAAATT,116,72
GCAAATT,510,394
CCAAATT,144,125
ACAAATT,210,165
TAAAATT,96,66
GAAAATT,101,105
CAAAATT,90,98
AAAAATT,68,71
TTTTTGT,194,143
GTTTTGT,2882,2370
CTTTTGT,227,234
ATTTTGT,578,466
TGTTTGT,4593,4000
GGTTTGT,3891,3277
CGTTTGT,3855,3152
AGTTTGT,3535,3084
TCTTTGT,1151,908
GCTTTGT,1168,1013
CCTTTGT,399,357
ACTTTGT,517,430
TATTTGT,3224,2594
GATTTGT,2275,1845
CATTTGT,1750,1476
AATTTGT,1653,1403
TTGTTGT,4834,3956
GTGTTGT,7268,5894
CTGTTGT,4694,3988
ATGTTGT,4988,4054
TGGTTGT,3948,3167
GGGTTGT,1972,1611
CGGTTGT,3180,2657
AGGTTGT,2121,1746
TCGTTGT,2465,1985
GCGTTGT,3206,2807
CCGTTGT,2362,1917
ACGTTGT,2178,1663
TAGTTGT,3103,2639
GAGTTGT,2527,2257
CAGTTGT,2443,2065
AAGTTGT,2530,2095
TTCTTGT,273,216
GTCTTGT,589,459
CTCTTGT,247,184
ATCTTGT,287,196
TGCTTGT,4744,3939
GGCTTGT,1972,1675
CGCTTGT,2191,1749
AGCTTGT,2303,1854
TCCTTGT,249,205
GCCTTGT,687,651
CCCTTGT,244,204
ACCTTGT,263,181
TACTTGT,1556,1360
GACTTGT,606,484
CACTTGT,508,402
AACTTGT,403,357
TTATTGT,3102,2407
GTATTGT,3921,3293
CTATTGT,2539,2204
ATATTGT,2426,2119
TGATTGT,3807,3125
GGATTGT,1632,1364
CGATTGT,3164,2602
AGATTGT,1659,1351
TCATTGT,1006,846
GCATTGT,2905,2409
CCATTGT,780,618
ACATTGT,716,604
TAATTGT,2161,1768
GAATTGT,1178,949
CAATTGT,1531,1257
AAATTGT,777,683
TTTGTGT,621,496
GTTGTGT,4938,4250
CTTGTGT,537,436
ATTGTGT,1275,1070
TGTGTGT,5273,4298
GGTGTGT,1963,1774
CGTGTGT,1512,1304
AGTGTGT,2463,2046
TCTGTGT,457,357
GCTGTGT,1141,895
CCTGTGT,460,358
ACTGTGT,461,381
TATGTGT,2584,2231
GATGTGT,1381,1051
CATGTGT,798,676
AATGTGT,995,816
TTGGTGT,1165,982
GTGGTGT,2212,1775
CTGGTGT,810,661
ATGGTGT,1095,873
TGGGTGT,927,702
GGGGTGT,693,569
CGGGTGT,579,465
AGGGTGT,514,436
TCGGTGT,642,567
GCGGTGT,1433,1178
CCGGTGT,639,514
ACGGTGT,691,543
TAGGTGT,682,583
GAGGTGT,570,434
CAGGTGT,432,334
AAGGTGT,456,348
TTCGTGT,359,339
GTCGTGT,739,668
CTCGTGT,333,249
ATCGTGT,389,319
TGCGTGT,3366,2704
GGCGTGT,1232,962
CGCGTGT,1144,1025
AGCGTGT,1045,864
TCCGTGT,322,315
GCCGTGT,794,707
CCCGTGT,365,305
ACCGTGT,415,287
TACGTGT,575,468
GACGTGT,525,458
CACGTGT,346,268
AACGTGT,356,306
TTAGTGT,638,505
GTAGTGT,1276,1066
CTAGTGT,429,386
ATAGTGT,524,485
TGAGTGT,1139,907
GGAGTGT,500,437
CGAGTGT,587,485
AGAGTGT,459,374
TCAGTGT,407,339
GCAGTGT,871,780
CCAGTGT,374,339
ACAGTGT,431,369
TAAGTGT,528,422
GAAGTGT,375,328
CAAGTGT,327,248
AAAGTGT,290,234
TTTCTGT,137,108
GTTCTGT,272,265
CTTCTGT,167,114
ATTCTGT,177,151
TGTCTGT,2589,2137
GGTCTGT,346,329
CGTCTGT,394,312
AGTCTGT,443,372
TCTCTGT,157,138
GCTCTGT,354,314
CCTCTGT,153,123
ACTCTGT,153,132
TATCTGT,444,382
GATCTGT,213,176
CATCTGT,217,173
AATCTGT,146,117
TTGCTGT,3887,3148
GTGCTGT,3538,2984
CTGCTGT,2316,1931
ATGCTGT,2467,2102
TGGCTGT,990,860
GGGCTGT,685,599
CGGCTGT,710,584
AGGCTGT,661,526
TCGCTGT,876,693
GCGCTGT,1680,1374
CCGCTGT,950,749
ACGCTGT,773,656
TAGCTGT,1031,848
GAGCTGT,708,557
CAGCTGT,646,536
AAGCTGT,658,561
TTCCTGT,157,140
GTCCTGT,356,272
CTCCTGT,131,124
ATCCTGT,177,156
TGCCTGT,1057,896
GGCCTGT,496,429
CGCCTGT,545,426
AGCCTGT,406,380
TCCCTGT,157,151
GCCCTGT,457,402
CCCCTGT,168,157
ACCCTGT,206,158
TACCTGT,329,233
GACCTGT,279,200
CACCTGT,170,116
AACCTGT,151,148
TTACTGT,370,315
GTACTGT,560,497
CTACTGT,282,233
ATACTGT,408,289
TGACTGT,610,498
GGACTGT,305,264
CGACTGT,348,289
AGACTGT,283,248
TCACTGT,238,206
GCACTGT,759,636
CCACTGT,261,233
ACACTGT,326,282
TAACTGT,327,241
GAACTGT,243,179
CAACTGT,204,147
AAACTGT,189,153
TTTATGT,273,169
GTTATGT,2534,2094
CTTATGT,292,258
ATTATGT,652,526
TGTATGT,4568,3697
GGTATGT,1885,1516
CGTATGT,1912,1567
AGTATGT,2347,2034
TCTATGT,250,200
GCTATGT,817,733
CCTATGT,301,267
ACTATGT,319,256
TATATGT,1699,1341
GATATGT,853,693
CATATGT,608,581
AATATGT,574,478
TTGATGT,2807,2278
GTGATGT,3507,3064
CTGATGT,1990,1626
ATGATGT,2209,1857
TGGATGT,1147,961
GGGATGT,700,516
CGGATGT,675,552
AGGATGT,514,418
TCGATGT,1344,1055
GCGATGT,1853,1586
CCGATGT,1078,918
ACGATGT,975,862
TAGATGT,1002,859
GAGATGT,603,605
CAGATGT,558,426
AAGATGT,532,438
TTCATGT,279,226
GTCATGT,628,535
CTCATGT,224,184
ATCATGT,306,280
TGCATGT,2984,2531
GGCATGT,1090,940
CGCATGT,1551,1250
AGCATGT,1022,882
TCCATGT,287,206
GCCATGT,875,692
CCCATGT,301,223
ACCATGT,314,243
TACATGT,482,457
GACATGT,486,398
CACATGT,294,223
AACATGT,296,241
TTAATGT,879,751
GTAATGT,1046,880
CTAATGT,632,518
ATAATGT,598,470
TGAATGT,1067,821
GGAATGT,420,319
CGAATGT,587,479
AGAATGT,363,300
TCAATGT,426,345
GCAATGT,1340,1088
CCAATGT,381,280
ACAATGT,482,363
TAAATGT,406,363
GAAATGT,299,234
CAAATGT,237,185
AAAATGT,204,168
TTTTGGT,110,134
GTTTGGT,3136,2639
CTTTGGT,156,133
ATTTGGT,596,454
TGTTGGT,5268,4247
GGTTGGT,2787,2459
CGTTGGT,2593,2183
AGTTGGT,3075,2541
TCTTGGT,349,279
GCTTGGT,634,551
CCTTGGT,164,149
ACTTGGT,234,159
TATTGGT,3075,2601
GATTGGT,1557,1432
CATTGGT,987,849
AATTGGT,1501,1228
TTGTGGT,2988,2536
GTGTGGT,3403,2848
CTGTGGT,1768,1486
ATGTGGT,2067,1724
TGGTGGT,1581,1258
GGGTGGT,684,525
CGGTGGT,837,719
AGGTGGT,607,504
TCGTGGT,586,528
GCGTGGT,1692,1456
CCGTGGT,655,577
ACGTGGT,559,497
TAGTGGT,1176,967
GAGTGGT,774,581
CAGTGGT,640,587
AAGTGGT,580,497
TTCTGGT,142,93
GTCTGGT,227,201
CTCTGGT,110,91
ATCTGGT,140,128
TGCTGGT,3565,3006
GGCTGGT,485,453
CGCTGGT,545,450
AGCTGGT,633,569
TCCTGGT,149,89
GCCTGGT,570,487
CCCTGGT,175,138
ACCTGGT,152,128
TACTGGT,492,415
GACTGGT,248,208
CACTGGT,162,155
AACTGGT,177,139
TTATGGT,822,678
GTATGGT,1289,1064
CTATGGT,579,455
ATATGGT,585,548
TGATGGT,2822,2416
GGATGGT,665,545
CGATGGT,1449,1196
AGATGGT,754,653
TCATGGT,350,294
GCATGGT,1298,1113
CCATGGT,322,264
ACATGGT,352,280
TAATGGT,1130,900
GAATGGT,431,400
CAATGGT,571,463
AAATGGT,351,277
TTTGGGT,195,147
GTTGGGT,1382,1292
CTTGGGT,161,137
ATTGGGT,397,337
TGTGGGT,3144,2613
GGTGGGT,628,546
CGTGGGT,484,455
AGTGGGT,756,584
TCTGGGT,125,133
GCTGGGT,478,413
CCTGGGT,173,154
ACTGGGT,181,186
TATGGGT,809,676
GATGGGT,417,323
CATGGGT,295,238
AATGGGT,265,217
TTGGGGT,387,298
GTGGGGT,765,737
CTGGGGT,270,224
ATGGGGT,370,317
TGGGGGT,572,517
GGGGGGT,528,517
CGGGGGT,395,330
AGGGGGT,346,285
TCGGGGT,299,233
GCGGGGT,752,687
CCGGGGT,273,214
ACGGGGT,321,247
TAGGGGT,368,323
GAGGGGT,340,277
CAGGGGT,254,217
AAGGGGT,236,196
TTCGGGT,174,162
GTCGGGT,295,241
CTCGGGT,165,128
ATCGGGT,199,136
TGCGGGT,834,677
GGCGGGT,360,312
CGCGGGT,311,243
AGCGGGT,284,232
TCCGGGT,214,157
GCCGGGT,472,389
CCCGGGT,200,171
ACCGGGT,230,192
TACGGGT,341,283
GACGGGT,323,245
CACGGGT,182,140
AACGGGT,195,144
TTAGGGT,174,177
GTAGGGT,431,293
CTAGGGT,192,164
ATAGGGT,198,166
TGAGGGT,481,373
GGAGGGT,255,199
CGAGGGT,279,228
AGAGGGT,250,184
TCAGGGT,172,130
GCAGGGT,482,431
CCAGGGT,168,104
ACAGGGT,214,191
TAAGGGT,225,155
GAAGGGT,199,194
CAAGGGT,152,101
AAAGGGT,169,137
TTTCGGT,142,136
GTTCGGT,276,217
CTTCGGT,131,100
ATTCGGT,166,165
TGTCGGT,2332,1795
GGTCGGT,320,266
CGTCGGT,379,259
AGTCGGT,370,300
TCTCGGT,129,115
GCTCGGT,304,257
CCTCGGT,181,141
ACTCGGT,151,130
TATCGGT,421,397
GATCGGT,256,201
CATCGGT,197,181
AATCGGT,200,137
TTGCGGT,1042,920
GTGCGGT,1505,1219
CTGCGGT,701,538
ATGCGGT,1067,815
TGGCGGT,594,527
GGGCGGT,595,488
CGGCGGT,423,379
AGGCGGT,552,464
TCGCGGT,459,386
GCGCGGT,1157,963
CCGCGGT,474,382
ACGCGGT,511,380
TAGCGGT,492,417
GAGCGGT,402,366
CAGCGGT,274,230
AAGCGGT,370,310
TTCCGGT,140,107
GTCCGGT,204,226
CTCCGGT,127,99
ATCCGGT,135,121
TGCCGGT,457,437
GGCCGGT,262,242
CGCCGGT,240,168
AGCCGGT,189,139
TCCCGGT,136,150
GCCCGGT,390,328
CCCCGGT,140,126
ACCCGGT,157,137
TACCGGT,272,193
GACCGGT,246,184
CACCGGT,144,118
AACCGGT,143,113
TTACGGT,211,164
GTACGGT,326,260
CTACGGT,174,152
ATACGGT,229,195
TGACGGT,413,377
GGACGGT,225,237
CGACGGT,260,213
AGACGGT,214,166
TCACGGT,162,154
GCACGGT,612,480
CCACGGT,189,171
ACACGGT,241,207
TAACGGT,221,202
GAACGGT,198,182
CAACGGT,156,111
AAACGGT,160,139
TTTAGGT,132,81
GTTAGGT,714,589
CTTAGGT,138,99
ATTAGGT,224,197
TGTAGGT,2498,2142
GGTAGGT,420,376
CGTAGGT,418,321
AGTAGGT,580,454
TCTAGGT,106,100
GCTAGGT,371,347
CCTAGGT,124,96
ACTAGGT,122,104
TATAGGT,442,381
GATAGGT,315,233
CATAGGT,181,179
AATAGGT,182,193
TTGAGGT,381,329
GTGAGGT,665,596
CTGAGGT,231,227
ATGAGGT,345,282
TGGAGGT,329,256
GGGAGGT,279,240
CGGAGGT,244,196
AGGAGGT,215,155
TCGAGGT,243,224
GCGAGGT,620,516
CCGAGGT,227,181
ACGAGGT,220,212
TAGAGGT,238,190
GAGAGGT,206,186
CAGAGGT,178,134
AAGAGGT,161,138
TTCAGGT,114,87
GTCAGGT,231,172
CTCAGGT,98,112
ATCAGGT,121,115
TGCAGGT,447,387
GGCAGGT,260,218
CGCAGGT,246,184
AGCAGGT,209,152
TCCAGGT,128,115
GCCAGGT,396,333
CCCAGGT,125,103
ACCAGGT,138,132
TACAGGT,251,215
GACAGGT,232,225
CACAGGT,141,106
AACAGGT,132,129
TTAAGGT,179,139
GTAAGGT,264,197
CTAAGGT,141,98
ATAAGGT,154,144
TGAAGGT,251,201
GGAAGGT,160,142
CGAAGGT,181,175
AGAAGGT,141,109
TCAAGGT,126,86
GCAAGGT,473,412
CCAAGGT,122,100
ACAAGGT,181,165
TAAAGGT,137,123
GAAAGGT,125,92
CAAAGGT,89,78
AAAAGGT,76,80
TTTTCGT,115,81
GTTTCGT,926,729
CTTTCGT,129,103
ATTTCGT,233,197
TGTTCGT,2769,2275
GGTTCGT,331,300
CGTTCGT,325,252
AGTTCGT,398,325
TCTTCGT,127,103
GCTTCGT,369,326
CCTTCGT,143,124
ACTTCGT,188,135
TATTCGT,548,442
GATTCGT,294,228
CATTCGT,180,132
AATTCGT,153,168
TTGTCGT,2621,2227
GTGTCGT,2646,2262
CTGTCGT,1602,1288
ATGTCGT,1756,1523
TGGTCGT,484,398
GGGTCGT,403,340
CGGTCGT,387,325
AGGTCGT,326,277
TCGTCGT,537,522
GCGTCGT,1230,1033
CCGTCGT,533,464
ACGTCGT,496,370
TAGTCGT,529,470
GAGTCGT,502,417
CAGTCGT,363,314
AAGTCGT,389,297
TTCTCGT,132,105
GTCTCGT,303,269
CTCTCGT,155,111
ATCTCGT,181,167
TGCTCGT,472,398
GGCTCGT,244,194
CGCTCGT,236,187
AGCTCGT,242,145
TCCTCGT,140,121
GCCTCGT,640,526
CCCTCGT,201,170
ACCTCGT,228,186
TACTCGT,248,210
GACTCGT,215,229
CACTCGT,162,169
AACTCGT,162,113
TTATCGT,737,608
GTATCGT,1201,1061
CTATCGT,562,439
ATATCGT,584,405
TGATCGT,418,348
GGATCGT,292,246
CGATCGT,303,278
AGATCGT,225,167
TCATCGT,307,252
GCATCGT,1814,1494
CCATCGT,351,277
ACATCGT,360,340
TAATCGT,308,232
GAATCGT,264,223
CAATCGT,248,206
AAATCGT,175,163
TTTGCGT,1677,1251
GTTGCGT,3829,3122
CTTGCGT,1057,906
ATTGCGT,1693,1401
TGTGCGT,3884,3148
GGTGCGT,2106,1813
CGTGCGT,1594,1410
AGTGCGT,2001,1701
TCTGCGT,1122,895
GCTGCGT,1758,1394
CCTGCGT,974,849
ACTGCGT,966,813
TATGCGT,1990,1629
GATGCGT,3384,2864
CATGCGT,1171,947
AATGCGT,1933,1678
TTGGCGT,1314,1219
GTGGCGT,2988,2457
CTGGCGT,1012,840
ATGGCGT,1394,1172
TGGGCGT,1320,962
GGGGCGT,1129,998
CGGGCGT,958,784
AGGGCGT,905,763
TCGGCGT,1034,870
GCGGCGT,2117,1718
CCGGCGT,933,771
ACGGCGT,990,869
TAGGCGT,1190,889
GAGGCGT,1446,1210
CAGGCGT,718,608
AAGGCGT,939,797
TTCGCGT,1117,868
GTCGCGT,1400,1234
CTCGCGT,827,728
ATCGCGT,957,758
TGCGCGT,2199,1769
GGCGCGT,1629,1369
CGCGCGT,1471,1213
AGCGCGT,1368,1140
TCCGCGT,1156,980
GCCGCGT,1824,1662
CCCGCGT,1091,857
ACCGCGT,1006,815
TACGCGT,1183,1059
GACGCGT,1245,1094
CACGCGT,976,750
AACGCGT,986,828
TTAGCGT,929,829
GTAGCGT,1408,1113
CTAGCGT,707,528
ATAGCGT,771,690
TGAGCGT,1006,860
GGAGCGT,869,727
CGAGCGT,788,661
AGAGCGT,742,558
TCAGCGT,626,563
GCAGCGT,1238,1095
CCAGCGT,609,511
ACAGCGT,719,535
TAAGCGT,806,652
GAAGCGT,779,671
CAAGCGT,625,437
AAAGCGT,711,541
TTTCCGT,158,120
GTTCCGT,338,296
CTTCCGT,127,84
ATTCCGT,196,152
TGTCCGT,1512,1265
GGTCCGT,297,277
CGTCCGT,294,314
AGTCCGT,290,249
TCTCCGT,124,99
GCTCCGT,337,279
CCTCCGT,160,145
ACTCCGT,183,143
TATCCGT,358,303
GATCCGT,212,192
CATCCGT,194,149
AATCCGT,173,134
TTGCCGT,1990,1760
GTGCCGT,3089,2524
CTGCCGT,1249,979
ATGCCGT,1972,1678
TGGCCGT,1021,863
GGGCCGT,844,704
CGGCCGT,641,567
AGGCCGT,789,683
TCGCCGT,1110,962
GCGCCGT,2181,1836
CCGCCGT,1225,993
ACGCCGT,957,815
TAGCCGT,844,700
GAGCCGT,659,574
CAGCCGT,490,368
AAGCCGT,613,470
TTCCCGT,173,123
GTCCCGT,330,309
CTCCCGT,143,121
ATCCCGT,214,179
TGCCCGT,406,338
GGCCCGT,347,262
CGCCCGT,280,233
AGCCCGT,232,185
TCCCCGT,171,127
GCCCCGT,418,381
CCCCCGT,153,128
ACCCCGT,227,171
TACCCGT,291,222
GACCCGT,270,207
CACCCGT,155,142
AACCCGT,166,144
TTACCGT,228,205
GTACCGT,471,370
CTACCGT,221,178
ATACCGT,308,227
TGACCGT,341,279
GGACCGT,258,228
CGACCGT,223,183
AGACCGT,256,201
TCACCGT,210,196
GCACCGT,760,576
CCACCGT,240,196
ACACCGT,315,288
TAACCGT,191,184
GAACCGT,266,220
CAACCGT,184,136
AAACCGT,204,193
TTTACGT,195,153
GTTACGT,827,712
CTTACGT,184,156
ATTACGT,315,269
TGTACGT,1922,1564
GGTACGT,554,402
CGTACGT,383,368
AGTACGT,531,388
TCTACGT,183,125
GCTACGT,545,439
CCTACGT,205,164
ACTACGT,218,215
TATACGT,556,416
GATACGT,758,572
CATACGT,284,252
AATACGT,283,288
TTGACGT,742,650
GTGACGT,1089,920
CTGACGT,541,443
ATGACGT,641,500
TGGACGT,366,304
GGGACGT,442,327
CGGACGT,318,239
AGGACGT,274,219
TCGACGT,435,317
GCGACGT,836,728
CCGACGT,361,306
ACGACGT,424,353
TAGACGT,354,321
GAGACGT,296,259
CAGACGT,231,167
AAGACGT,213,185
TTCACGT,177,149
GTCACGT,442,366
CTCACGT,183,169
ATCACGT,247,185
TGCACGT,719,573
GGCACGT,416,387
CGCACGT,373,336
AGCACGT,347,280
TCCACGT,202,164
GCCACGT,757,638
CCCACGT,226,168
ACCACGT,265,199
TACACGT,338,322
GACACGT,385,318
CACACGT,214,169
AACACGT,279,213
TTAACGT,319,288
GTAACGT,555,487
CTAACGT,289,238
ATAACGT,302,277
TGAACGT,302,226
GGAACGT,260,187
CGAACGT,248,210
AGAACGT,195,179
TCAACGT,228,185
GCAACGT,1182,1070
CCAACGT,225,171
ACAACGT,329,329
TAAACGT,239,162
GAAACGT,218,166
CAAACGT,185,148
AAAACGT,164,133
TTTTAGT,133,106
GTTTAGT,2477,2139
CTTTAGT,149,122
ATTTAGT,553,524
TGTTAGT,4295,3610
GGTTAGT,1722,1455
CGTTAGT,1931,1543
AGTTAGT,2236,1795
TCTTAGT,291,264
GCTTAGT,668,521
CCTTAGT,166,136
ACTTAGT,206,189
TATTAGT,2580,2145
GATTAGT,1032,878
CATTAGT,725,601
AATTAGT,996,777
TTGTAGT,2523,2108
GTGTAGT,2975,2470
CTGTAGT,1515,1313
ATGTAGT,2008,1576
TGGTAGT,1570,1321
GGGTAGT,541,451
CGGTAGT,801,650
AGGTAGT,522,454
TCGTAGT,574,452
GCGTAGT,1173,940
CCGTAGT,575,432
ACGTAGT,492,435
TAGTAGT,1134,942
GAGTAGT,591,477
CAGTAGT,585,473
AAGTAGT,551,462
TTCTAGT,137,97
GTCTAGT,298,259
CTCTAGT,123,110
ATCTAGT,145,121
TGCTAGT,2992,2560
GGCTAGT,451,396
CGCTAGT,640,575
AGCTAGT,604,490
TCCTAGT,165,115
GCCTAGT,400,335
CCCTAGT,146,118
ACCTAGT,165,161
TACTAGT,546,400
GACTAGT,244,173
CACTAGT,185,166
AACTAGT,138,116
TTATAGT,444,333
GTATAGT,918,713
CTATAGT,326,300
ATATAGT,367,303
TGATAGT,2263,1790
GGATAGT,481,401
CGATAGT,1200,939
AGATAGT,442,372
TCATAGT,260,240
GCATAGT,657,593
CCATAGT,260,213
ACATAGT,312,237
TAATAGT,1376,1047
GAATAGT,329,256
CAATAGT,653,515
AAATAGT,270,216
TTTGAGT,297,213
GTTGAGT,756,584
CTTGAGT,271,207
ATTGAGT,393,305
TGTGAGT,4109,3303
GGTGAGT,933,737
CGTGAGT,706,616
AGTGAGT,1305,1139
TCTGAGT,234,184
GCTGAGT,567,473
CCTGAGT,261,192
ACTGAGT,301,264
TATGAGT,1756,1401
GATGAGT,613,477
CATGAGT,531,444
AATGAGT,488,437
TTGGAGT,288,258
GTGGAGT,515,449
CTGGAGT,254,207
ATGGAGT,311,274
TGGGAGT,345,258
GGGGAGT,277,270
CGGGAGT,291,222
AGGGAGT,236,190
TCGGAGT,289,217
GCGGAGT,749,610
CCGGAGT,237,214
ACGGAGT,311,282
TAGGAGT,273,214
GAGGAGT,248,199
CAGGAGT,184,159
AAGGAGT,205,179
TTCGAGT,254,222
GTCGAGT,355,313
CTCGAGT,185,193
ATCGAGT,252,208
TGCGAGT,1028,916
GGCGAGT,447,394
CGCGAGT,421,293
AGCGAGT,370,301
TCCGAGT,252,212
GCCGAGT,542,477
CCCGAGT,282,198
ACCGAGT,250,253
TACGAGT,340,298
GACGAGT,298,247
CACGAGT,219,181
AACGAGT,195,177
TTAGAGT,220,177
GTAGAGT,321,245
CTAGAGT,186,160
ATAGAGT,193,176
TGAGAGT,351,328
GGAGAGT,244,185
CGAGAGT,237,205
AGAGAGT,223,155
TCAGAGT,166,176
GCAGAGT,508,414
CCAGAGT,184,153
ACAGAGT,224,160
TAAGAGT,224,156
GAAGAGT,202,191
CAAGAGT,129,135
AAAGAGT,141,110
TTTCAGT,139,89
GTTCAGT,234,181
CTTCAGT,113,90
ATTCAGT,173,131
TGTCAGT,1871,1558
GGTCAGT,251,233
CGTCAGT,387,346
AGTCAGT,354,290
TCTCAGT,102,90
GCTCAGT,300,255
CCTCAGT,130,104
ACTCAGT,133,132
TATCAGT,530,429
GATCAGT,206,159
CATCAGT,236,194
AATCAGT,189,142
TTGCAGT,1650,1411
GTGCAGT,2425,2022
CTGCAGT,1007,863
ATGCAGT,1595,1292
TGGCAGT,866,679
GGGCAGT,638,590
CGGCAGT,610,548
AGGCAGT,578,510
TCGCAGT,965,799
GCGCAGT,1725,1568
CCGCAGT,943,813
ACGCAGT,913,717
TAGCAGT,739,604
GAGCAGT,567,527
CAGCAGT,406,334
AAGCAGT,565,452
TTCCAGT,127,112
GTCCAGT,191,146
CTCCAGT,111,71
ATCCAGT,155,95
TGCCAGT,490,405
GGCCAGT,246,240
CGCCAGT,225,217
AGCCAGT,192,147
TCCCAGT,142,106
GCCCAGT,364,264
CCCCAGT,123,124
ACCCAGT,166,140
TACCAGT,239,220
GACCAGT,193,155
CACCAGT,125,110
AACCAGT,109,118
TTACAGT,177,144
GTACAGT,312,239
CTACAGT,177,130
ATACAGT,293,256
TGACAGT,406,357
GGACAGT,234,176
CGACAGT,239,205
AGACAGT,193,174
TCACAGT,167,137
GCACAGT,622,529
CCACAGT,168,139
ACACAGT,314,213
TAACAGT,219,208
GAACAGT,169,126
CAACAGT,191,141
AAACAGT,255,229
TTTAAGT,112,104
GTTAAGT,297,253
CTTAAGT,119,131
ATTAAGT,170,125
TGTAAGT,1992,1697
GGTAAGT,353,267
CGTAAGT,327,251
AGTAAGT,370,337
TCTAAGT,136,103
GCTAAGT,355,291
CCTAAGT,149,126
ACTAAGT,158,146
TATAAGT,317,254
GATAAGT,212,177
CATAAGT,147,138
AATAAGT,157,132
TTGAAGT,242,201
GTGAAGT,374,325
CTGAAGT,188,138
ATGAAGT,244,196
TGGAAGT,251,195
GGGAAGT,184,154
CGGAAGT,190,130
AGGAAGT,161,121
TCGAAGT,208,165
GCGAAGT,484,419
CCGAAGT,200,168
ACGAAGT,206,168
TAGAAGT,176,167
GAGAAGT,147,119
CAGAAGT,109,101
AAGAAGT,129,95
TTCAAGT,111,92
GTCAAGT,182,181
CTCAAGT,119,97
ATCAAGT,141,111
TGCAAGT,766,624
GGCAAGT,322,262
CGCAAGT,327,242
AGCAAGT,238,206
TCCAAGT,118,87
GCCAAGT,335,275
CCCAAGT,97,100
ACCAAGT,156,123
TACAAGT,230,207
GACAAGT,250,200
CACAAGT,148,114
AACAAGT,196,154
TTAAAGT,112,79
GTAAAGT,173,145
CTAAAGT,143,92
ATAAAGT,114,125
TGAAAGT,139,117
GGAAAGT,114,80
CGAAAGT,129,144
AGAAAGT,92,90
TCAAAGT,95,68
GCAAAGT,412,346
CCAAAGT,108,90
ACAAAGT,154,157
TAAAAGT,87,71
GAAAAGT,85,77
CAAAAGT,85,65
AAAAAGT,65,58
TTTTTCT,110,78
GTTTTCT,2743,2246
CTTTTCT,159,151
ATTTTCT,438,411
TGTTTCT,3748,3143
GGTTTCT,967,794
CGTTTCT,1022,839
AGTTTCT,1368,1098
TCTTTCT,145,134
GCTTTCT,853,665
CCTTTCT,164,151
ACTTTCT,198,176
TATTTCT,1343,1080
GATTTCT,471,408
CATTTCT,337,272
AATTTCT,318,261
TTGTTCT,763,576
GTGTTCT,1916,1619
CTGTTCT,448,376
ATGTTCT,736,633
TGGTTCT,899,757
GGGTTCT,459,357
CGGTTCT,653,561
AGGTTCT,430,403
TCGTTCT,312,284
GCGTTCT,1132,918
CCGTTCT,358,302
ACGTTCT,334,294
TAGTTCT,571,480
GAGTTCT,418,338
CAGTTCT,392,321
AAGTTCT,263,188
TTCTTCT,125,72
GTCTTCT,299,240
CTCTTCT,126,67
ATCTTCT,139,125
TGCTTCT,1840,1516
GGCTTCT,386,293
CGCTTCT,415,365
AGCTTCT,443,338
TCCTTCT,135,124
GCCTTCT,698,578
CCCTTCT,156,137
ACCTTCT,201,137
TACTTCT,310,255
GACTTCT,210,177
CACTTCT,172,115
AACTTCT,92,99
TTATTCT,253,167
GTATTCT,1148,938
CTATTCT,213,191
ATATTCT,252,182
TGATTCT,1113,950
GGATTCT,314,239
CGATTCT,675,554
AGATTCT,339,245
TCATTCT,170,148
GCATTCT,2899,2461
CCATTCT,184,161
ACATTCT,215,206
TAATTCT,341,266
GAATTCT,266,227
CAATTCT,252,209
AAATTCT,156,124
TTTGTCT,285,220
GTTGTCT,4372,3528
CTTGTCT,209,202
ATTGTCT,927,757
TGTGTCT,3574,3084
GGTGTCT,1058,886
CGTGTCT,837,673
AGTGTCT,1253,1035
TCTGTCT,202,161
GCTGTCT,822,709
CCTGTCT,219,189
ACTGTCT,286,243
TATGTCT,1303,1138
GATGTCT,770,632
CATGTCT,385,318
AATGTCT,472,401
TTGGTCT,329,298
GTGGTCT,948,833
CTGGTCT,260,248
ATGGTCT,420,379
TGGGTCT,554,434
GGGGTCT,419,363
CGGGTCT,416,357
AGGGTCT,401,334
TCGGTCT,307,214
GCGGTCT,751,666
CCGGTCT,273,236
ACGGTCT,364,251
TAGGTCT,406,357
GAGGTCT,339,271
CAGGTCT,239,205
AAGGTCT,219,196
TTCGTCT,175,165
GTCGTCT,511,443
CTCGTCT,210,165
ATCGTCT,280,213
TGCGTCT,1771,1403
GGCGTCT,880,724
CGCGTCT,761,631
AGCGTCT,741,556
TCCGTCT,254,203
GCCGTCT,615,497
CCCGTCT,247,174
ACCGTCT,297,222
TACGTCT,368,328
GACGTCT,308,252
CACGTCT,228,181
AACGTCT,249,214
TTAGTCT,199,142
GTAGTCT,604,596
CTAGTCT,184,162
ATAGTCT,269,181
TGAGTCT,487,368
GGAGTCT,295,248
CGAGTCT,322,270
AGAGTCT,312,223
TCAGTCT,164,171
GCAGTCT,584,474
CCAGTCT,173,186
ACAGTCT,236,230
TAAGTCT,229,157
GAAGTCT,186,149
CAAGTCT,158,130
AAAGTCT,164,116
TTTCTCT,78,55
GTTCTCT,221,193
CTTCTCT,76,78
ATTCTCT,118,112
TGTCTCT,1895,1521
GGTCTCT,286,221
CGTCTCT,277,258
AGTCTCT,298,281
TCTCTCT,117,83
GCTCTCT,293,259
CCTCTCT,133,75
ACTCTCT,136,114
TATCTCT,287,260
GATCTCT,168,163
CATCTCT,180,148
AATCTCT,141,96
TTGCTCT,245,203
GTGCTCT,745,559
CTGCTCT,310,247
ATGCTCT,596,517
TGGCTCT,432,365
GGGCTCT,421,327
CGGCTCT,297,261
AGGCTCT,408,350
TCGCTCT,278,224
GCGCTCT,988,866
CCGCTCT,429,365
ACGCTCT,454,361
TAGCTCT,293,245
GAGCTCT,319,265
CAGCTCT,208,178
AAGCTCT,249,202
TTCCTCT,96,86
GTCCTCT,294,238
CTCCTCT,110,74
ATCCTCT,154,115
TGCCTCT,1778,1430
GGCCTCT,1106,932
CGCCTCT,1364,1107
AGCCTCT,942,853
TCCCTCT,155,123
GCCCTCT,369,364
CCCCTCT,154,144
ACCCTCT,188,162
TACCTCT,279,234
GACCTCT,227,166
CACCTCT,158,122
AACCTCT,117,115
TTACTCT,131,92
GTACTCT,318,273
CTACTCT,124,129
ATACTCT,213,185
TGACTCT,299,255
GGACTCT,253,241
CGACTCT,284,202
AGACTCT,235,199
TCACTCT,192,142
GCACTCT,649,599
CCACTCT,216,125
ACACTCT,339,224
TAACTCT,180,130
GAACTCT,156,124
CAACTCT,135,112
AAACTCT,135,107
TTTATCT,161,114
GTTATCT,1889,1514
CTTATCT,155,138
ATTATCT,425,384
TGTATCT,3141,2548
GGTATCT,923,725
CGTATCT,1039,792
AGTATCT,1217,1002
TCTATCT,152,122
GCTATCT,610,468
CCTATCT,187,156
ACTATCT,236,171
TATATCT,599,583
GATATCT,424,344
CATATCT,367,273
AATATCT,289,244
TTGATCT,263,222
GTGATCT,917,728
CTGATCT,221,170
ATGATCT,366,329
TGGATCT,290,253
GGGATCT,253,185
CGGATCT,210,185
AGGATCT,180,167
TCGATCT,214,168
GCGATCT,654,599
CCGATCT,228,194
ACGATCT,259,196
TAGATCT,222,205
GAGATCT,186,145
CAGATCT,138,106
AAGATCT,137,127
TTCATCT,184,119
GTCATCT,634,459
CTCATCT,167,139
ATCATCT,242,222
TGCATCT,4668,3643
GGCATCT,3074,2527
CGCATCT,3571,3105
AGCATCT,2680,2115
TCCATCT,167,150
GCCATCT,727,654
CCCATCT,168,166
ACCATCT,266,223
TACATCT,353,284
GACATCT,364,285
CACATCT,214,194
AACATCT,229,208
TTAATCT,140,142
GTAATCT,502,438
CTAATCT,159,136
ATAATCT,181,158
TGAATCT,354,298
GGAATCT,297,204
CGAATCT,316,229
AGAATCT,230,170
TCAATCT,148,131
GCAATCT,1093,912
CCAATCT,161,134
ACAATCT,261,185
TAAATCT,141,121
GAAATCT,133,98
CAAATCT,105,75
AAAATCT,91,85
TTTTGCT,168,140
GTTTGCT,5311,4390
CTTTGCT,247,226
ATTTGCT,1335,1110
TGTTGCT,5671,4588
GGTTGCT,1902,1604
CGTTGCT,1759,1424
AGTTGCT,2375,2068
TCTTGCT,196,168
GCTTGCT,1003,828
CCTTGCT,216,201
ACTTGCT,254,206
TATTGCT,2430,1971
GATTGCT,1054,870
CATTGCT,603,447
AATTGCT,756,608
TTGTGCT,1512,1262
GTGTGCT,2632,2256
CTGTGCT,878,798
ATGTGCT,1111,967
TGGTGCT,1545,1288
GGGTGCT,676,574
CGGTGCT,842,701
AGGTGCT,629,512
TCGTGCT,455,383
GCGTGCT,1591,1356
CCGTGCT,408,424
ACGTGCT,507,370
TAGTGCT,879,716
GAGTGCT,560,531
CAGTGCT,521,410
AAGTGCT,361,348
TTCTGCT,148,129
GTCTGCT,338,284
CTCTGCT,129,119
ATCTGCT,183,119
TGCTGCT,2421,2040
GGCTGCT,441,336
CGCTGCT,403,376
AGCTGCT,453,362
TCCTGCT,173,134
GCCTGCT,704,551
CCCTGCT,202,159
ACCTGCT,230,181
TACTGCT,404,357
GACTGCT,293,254
CACTGCT,170,150
AACTGCT,162,120
TTATGCT,529,442
GTATGCT,1939,1679
CTATGCT,445,373
ATATGCT,535,432
TGATGCT,2678,2196
GGATGCT,1340,1210
CGATGCT,1379,1158
AGATGCT,1245,1053
TCATGCT,311,249
GCATGCT,1808,1596
CCATGCT,362,330
ACATGCT,475,410
TAATGCT,913,723
GAATGCT,800,716
CAATGCT,555,466
AAATGCT,659,534
TTTGGCT,187,173
GTTGGCT,2126,1740
CTTGGCT,189,168
ATTGGCT,507,435
TGTGGCT,3247,2748
GGTGGCT,789,678
CGTGGCT,611,531
AGTGGCT,951,735
TCTGGCT,180,159
GCTGGCT,444,423
CCTGGCT,203,161
ACTGGCT,219,192
TATGGCT,752,641
GATGGCT,522,405
CATGGCT,356,298
AATGGCT,339,260
TTGGGCT,322,283
GTGGGCT,687,557
CTGGGCT,233,220
ATGGGCT,384,269
TGGGGCT,432,373
GGGGGCT,486,401
CGGGGCT,349,278
AGGGGCT,302,303
TCGGGCT,286,216
GCGGGCT,695,635
CCGGGCT,273,244
ACGGGCT,303,266
TAGGGCT,382,277
GAGGGCT,328,267
CAGGGCT,253,186
AAGGGCT,209,180
TTCGGCT,171,153
GTCGGCT,316,212
CTCGGCT,159,144
ATCGGCT,191,143
TGCGGCT,737,610
GGCGGCT,378,319
CGCGGCT,290,247
AGCGGCT,273,256
TCCGGCT,185,147
GCCGGCT,406,396
CCCGGCT,159,156
ACCGGCT,219,171
TACGGCT,384,275
GACGGCT,327,262
CACGGCT,186,125
AACGGCT,167,150
TTAGGCT,203,193
GTAGGCT,416,340
CTAGGCT,185,149
ATAGGCT,210,209
TGAGGCT,460,376
GGAGGCT,467,404
CGAGGCT,355,247
AGAGGCT,458,414
TCAGGCT,189,134
GCAGGCT,614,508
CCAGGCT,209,192
ACAGGCT,333,282
TAAGGCT,245,172
GAAGGCT,280,254
CAAGGCT,184,153
AAAGGCT,210,208
TTTCGCT,172,137
GTTCGCT,343,326
CTTCGCT,172,109
ATTCGCT,207,158
TGTCGCT,2815,2360
GGTCGCT,457,395
CGTCGCT,521,402
AGTCGCT,592,504
TCTCGCT,183,184
GCTCGCT,461,403
CCTCGCT,195,152
ACTCGCT,241,176
TATCGCT,728,602
GATCGCT,332,269
CATCGCT,308,238
AATCGCT,284,218
TTGCGCT,1586,1307
GTGCGCT,2438,2093
CTGCGCT,1154,925
ATGCGCT,1695,1405
TGGCGCT,860,726
GGGCGCT,857,648
CGGCGCT,592,526
AGGCGCT,792,622
TCGCGCT,750,644
GCGCGCT,1761,1417
CCGCGCT,851,724
ACGCGCT,780,647
TAGCGCT,696,601
GAGCGCT,561,481
CAGCGCT,427,347
AAGCGCT,481,424
TTCCGCT,241,177
GTCCGCT,273,237
CTCCGCT,136,134
ATCCGCT,222,175
TGCCGCT,838,721
GGCCGCT,425,316
CGCCGCT,374,360
AGCCGCT,338,264
TCCCGCT,202,154
GCCCGCT,554,423
CCCCGCT,226,180
ACCCGCT,208,217
TACCGCT,390,308
GACCGCT,308,253
CACCGCT,197,172
AACCGCT,228,177
TTACGCT,282,241
GTACGCT,489,429
CTACGCT,244,197
ATACGCT,367,300
TGACGCT,708,580
GGACGCT,419,401
CGACGCT,418,302
AGACGCT,359,330
TCACGCT,312,255
GCACGCT,894,784
CCACGCT,341,282
ACACGCT,448,364
TAACGCT,358,270
GAACGCT,308,279
CAACGCT,235,220
AAACGCT,284,214
TTTAGCT,146,138
GTTAGCT,1167,969
CTTAGCT,155,141
ATTAGCT,345,316
TGTAGCT,2807,2240
GGTAGCT,622,503
CGTAGCT,534,435
AGTAGCT,713,620
TCTAGCT,151,121
GCTAGCT,505,415
CCTAGCT,147,167
ACTAGCT,217,184
TATAGCT,626,533
GATAGCT,376,342
CATAGCT,251,195
AATAGCT,279,224
TTGAGCT,248,238
GTGAGCT,775,645
CTGAGCT,220,193
ATGAGCT,321,288
TGGAGCT,290,270
GGGAGCT,259,233
CGGAGCT,214,207
AGGAGCT,223,195
TCGAGCT,188,190
GCGAGCT,618,479
CCGAGCT,217,188
ACGAGCT,229,199
TAGAGCT,253,213
GAGAGCT,234,175
CAGAGCT,136,114
AAGAGCT,145,126
TTCAGCT,150,121
GTCAGCT,315,265
CTCAGCT,159,127
ATCAGCT,175,140
TGCAGCT,952,744
GGCAGCT,382,344
CGCAGCT,432,403
AGCAGCT,296,293
TCCAGCT,142,121
GCCAGCT,413,342
CCCAGCT,149,129
ACCAGCT,164,157
TACAGCT,315,267
GACAGCT,315,251
CACAGCT,170,132
AACAGCT,179,155
TTAAGCT,138,143
GTAAGCT,467,412
CTAAGCT,152,137
ATAAGCT,234,183
TGAAGCT,257,224
GGAAGCT,201,163
CGAAGCT,191,180
AGAAGCT,177,130
TCAAGCT,141,116
GCAAGCT,625,502
CCAAGCT,186,164
ACAAGCT,245,244
TAAAGCT,187,136
GAAAGCT,190,145
CAAAGCT,160,112
AAAAGCT,153,139
TTTTCCT,106,70
GTTTCCT,1144,1032
CTTTCCT,130,131
ATTTCCT,237,207
TGTTCCT,2295,1873
GGTTCCT,318,277
CGTTCCT,335,263
AGTTCCT,387,322
TCTTCCT,137,95
GCTTCCT,453,352
CCTTCCT,144,105
ACTTCCT,158,132
TATTCCT,404,288
GATTCCT,293,239
CATTCCT,165,132
AATTCCT,183,135
TTGTCCT,1247,1078
GTGTCCT,1875,1621
CTGTCCT,733,645
ATGTCCT,1103,857
TGGTCCT,388,312
GGGTCCT,349,261
CGGTCCT,296,265
AGGTCCT,260,204
TCGTCCT,317,327
GCGTCCT,1269,991
CCGTCCT,366,319
ACGTCCT,378,322
TAGTCCT,348,269
GAGTCCT,323,290
CAGTCCT,222,164
AAGTCCT,236,174
TTCTCCT,98,74
GTCTCCT,275,196
CTCTCCT,98,72
ATCTCCT,157,132
TGCTCCT,351,277
GGCTCCT,246,234
CGCTCCT,215,191
AGCTCCT,195,148
TCCTCCT,118,97
GCCTCCT,1036,830
CCCTCCT,157,152
ACCTCCT,178,148
TACTCCT,298,222
GACTCCT,278,212
CACTCCT,170,117
AACTCCT,150,113
TTATCCT,292,212
GTATCCT,1225,1045
CTATCCT,194,202
ATATCCT,258,210
TGATCCT,295,239
GGATCCT,201,170
CGATCCT,234,190
AGATCCT,181,151
TCATCCT,178,164
GCATCCT,4369,3492
CCATCCT,226,165
ACATCCT,287,223
TAATCCT,180,152
GAATCCT,249,160
CAATCCT,139,103
AAATCCT,120,108
TTTGCCT,2545,2125
GTTGCCT,4602,3935
CTTGCCT,1580,1220
ATTGCCT,2477,2033
TGTGCCT,4601,3870
GGTGCCT,3305,2647
CGTGCCT,2449,2017
AGTGCCT,2801,2376
TCTGCCT,1660,1433
GCTGCCT,2760,2457
CCTGCCT,1526,1255
ACTGCCT,1372,1267
TATGCCT,2841,2342
GATGCCT,3228,2747
CATGCCT,1472,1203
AATGCCT,2391,2117
TTGGCCT,2130,1820
GTGGCCT,3352,2807
CTGGCCT,1483,1272
ATGGCCT,1832,1591
TGGGCCT,1941,1637
GGGGCCT,1779,1451
CGGGCCT,1556,1306
AGGGCCT,1445,1208
TCGGCCT,1498,1253
GCGGCCT,3345,2750
CCGGCCT,1336,1047
ACGGCCT,1548,1227
TAGGCCT,1613,1283
GAGGCCT,1663,1362
CAGGCCT,952,788
AAGGCCT,1188,1035
TTCGCCT,2311,1870
GTCGCCT,2646,2209
CTCGCCT,1550,1384
ATCGCCT,2093,1706
TGCGCCT,4224,3446
GGCGCCT,3441,2737
CGCGCCT,3021,2503
AGCGCCT,2961,2474
TCCGCCT,2619,2145
GCCGCCT,4024,3327
CCCGCCT,2353,1917
ACCGCCT,2214,1867
TACGCCT,2262,1911
GACGCCT,2143,1727
CACGCCT,1521,1324
AACGCCT,1885,1571
TTAGCCT,1726,1517
GTAGCCT,2086,1740
CTAGCCT,1266,1011
ATAGCCT,1405,1122
TGAGCCT,1721,1448
GGAGCCT,1431,1190
CGAGCCT,1314,1082
AGAGCCT,1237,998
TCAGCCT,1108,838
GCAGCCT,2358,1901
CCAGCCT,923,811
ACAGCCT,1098,917
TAAGCCT,1402,1126
GAAGCCT,1097,915
CAAGCCT,772,691
AAAGCCT,1103,882
TTTCCCT,150,116
GTTCCCT,365,348
CTTCCCT,119,125
ATTCCCT,162,173
TGTCCCT,3472,2864
GGTCCCT,456,396
CGTCCCT,639,528
AGTCCCT,532,426
TCTCCCT,137,112
GCTCCCT,395,336
CCTCCCT,158,111
ACTCCCT,198,159
TATCCCT,632,535
GATCCCT,280,216
CATCCCT,286,216
AATCCCT,201,169
TTGCCCT,1631,1422
GTGCCCT,2796,2342
CTGCCCT,1001,818
ATGCCCT,1781,1557
TGGCCCT,1225,948
GGGCCCT,992,741
CGGCCCT,802,712
AGGCCCT,858,757
TCGCCCT,1355,1072
GCGCCCT,2663,2247
CCGCCCT,1483,1201
ACGCCCT,1169,1007
TAGCCCT,966,883
GAGCCCT,882,686
CAGCCCT,517,468
AAGCCCT,679,569
TTCCCCT,182,124
GTCCCCT,346,279
CTCCCCT,126,106
ATCCCCT,172,147
TGCCCCT,544,452
GGCCCCT,340,300
CGCCCCT,361,262
AGCCCCT,301,252
TCCCCCT,163,126
GCCCCCT,476,339
CCCCCCT,195,170
ACCCCCT,218,186
TACCCCT,327,258
GACCCCT,309,255
CACCCCT,191,149
AACCCCT,171,176
TTACCCT,195,156
GTACCCT,415,352
CTACCCT,201,149
ATACCCT,252,213
TGACCCT,443,420
GGACCCT,253,229
CGACCCT,306,241
AGACCCT,231,214
TCACCCT,174,144
GCACCCT,854,669
CCACCCT,223,174
ACACCCT,293,235
TAACCCT,220,196
GAACCCT,250,191
CAACCCT,171,153
AAACCCT,175,140
TTTACCT,161,124
GTTACCT,747,633
CTTACCT,146,153
ATTACCT,285,212
TGTACCT,2126,1791
GGTACCT,497,462
CGTACCT,431,373
AGTACCT,519,459
TCTACCT,140,118
GCTACCT,650,461
CCTACCT,177,165
ACTACCT,227,151
TATACCT,557,511
GATACCT,543,471
CATACCT,266,213
AATACCT,295,226
TTGACCT,363,317
GTGACCT,798,646
CTGACCT,287,255
ATGACCT,397,317
TGGACCT,399,378
GGGACCT,389,303
CGGACCT,226,248
AGGACCT,266,214
TCGACCT,294,230
GCGACCT,895,765
CCGACCT,285,216
ACGACCT,304,251
TAGACCT,343,279
GAGACCT,296,246
CAGACCT,189,136
AAGACCT,212,158
TTCACCT,146,132
GTCACCT,444,382
CTCACCT,166,129
ATCACCT,222,179
TGCACCT,657,567
GGCACCT,378,327
CGCACCT,399,314
AGCACCT,298,246
TCCACCT,162,153
GCCACCT,961,852
CCCACCT,190,177
ACCACCT,224,198
TACACCT,427,366
GACACCT,435,332
CACACCT,205,191
AACACCT,254,189
TTAACCT,197,149
GTAACCT,520,427
CTAACCT,191,161
ATAACCT,226,183
TGAACCT,254,216
GGAACCT,202,172
CGAACCT,202,204
AGAACCT,158,152
TCAACCT,154,124
GCAACCT,1929,1611
CCAACCT,154,133
ACAACCT,301,231
TAAACCT,180,159
GAAACCT,189,145
CAAACCT,155,149
AAAACCT,128,118
TTTTACT,119,119
GTTTACT,5418,4665
CTTTACT,204,180
ATTTACT,1816,1459
TGTTACT,2851,2406
GGTTACT,571,526
CGTTACT,495,432
AGTTACT,648,519
TCTTACT,158,112
GCTTACT,1835,1528
CCTTACT,166,146
ACTTACT,262,204
TATTACT,680,636
GATTACT,934,835
CATTACT,257,179
AATTACT,463,372
TTGTACT,975,826
GTGTACT,3470,2755
CTGTACT,571,533
ATGTACT,1053,800
TGGTACT,555,506
GGGTACT,445,334
CGGTACT,421,380
AGGTACT,313,276
TCGTACT,355,305
GCGTACT,1173,995
CCGTACT,424,339
ACGTACT,404,307
TAGTACT,439,358
GAGTACT,374,305
CAGTACT,218,245
AAGTACT,275,236
TTCTACT,118,118
GTCTACT,560,489
CTCTACT,108,96
ATCTACT,165,159
TGCTACT,732,604
GGCTACT,329,291
CGCTACT,321,272
AGCTACT,268,239
TCCTACT,148,115
GCCTACT,445,410
CCCTACT,193,168
ACCTACT,176,183
TACTACT,320,247
GACTACT,258,217
CACTACT,176,139
AACTACT,144,141
TTATACT,240,214
GTATACT,2710,2308
CTATACT,253,198
ATATACT,359,356
TGATACT,671,565
GGATACT,404,339
CGATACT,436,335
AGATACT,371,292
TCATACT,208,172
GCATACT,946,741
CCATACT,224,198
ACATACT,387,252
TAATACT,255,199
GAATACT,316,237
CAATACT,206,191
AAATACT,240,189
TTTGACT,300,279
GTTGACT,3813,3145
CTTGACT,281,209
ATTGACT,1066,849
TGTGACT,1717,1421
GGTGACT,694,584
CGTGACT,509,429
AGTGACT,611,548
TCTGACT,261,198
GCTGACT,781,722
CCTGACT,239,237
ACTGACT,270,237
TATGACT,600,529
GATGACT,613,473
CATGACT,338,240
AATGACT,381,307
TTGGACT,367,296
GTGGACT,813,645
CTGGACT,261,228
ATGGACT,396,301
TGGGACT,464,346
GGGGACT,376,358
CGGGACT,351,269
AGGGACT,337,300
TCGGACT,311,255
GCGGACT,860,711
CCGGACT,245,235
ACGGACT,357,286
TAGGACT,278,276
GAGGACT,296,273
CAGGACT,209,162
AAGGACT,256,201
TTCGACT,282,263
GTCGACT,451,366
CTCGACT,252,220
ATCGACT,325,251
TGCGACT,1150,882
GGCGACT,732,594
CGCGACT,603,522
AGCGACT,628,499
TCCGACT,337,275
GCCGACT,684,598
CCCGACT,309,275
ACCGACT,367,326
TACGACT,433,356
GACGACT,352,305
CACGACT,242,225
AACGACT,274,221
TTAGACT,312,246
GTAGACT,418,375
CTAGACT,213,167
ATAGACT,305,257
TGAGACT,411,353
GGAGACT,304,240
CGAGACT,310,269
AGAGACT,299,239
TCAGACT,161,184
GCAGACT,534,443
CCAGACT,189,166
ACAGACT,298,222
TAAGACT,245,184
GAAGACT,229,192
CAAGACT,154,161
AAAGACT,194,156
TTTCACT,133,131
GTTCACT,323,248
CTTCACT,126,129
ATTCACT,182,153
TGTCACT,3793,3121
GGTCACT,600,466
CGTCACT,1278,1091
AGTCACT,1015,799
TCTCACT,163,120
GCTCACT,420,360
CCTCACT,190,139
ACTCACT,238,191
TATCACT,1230,1034
GATCACT,532,413
CATCACT,643,486
AATCACT,372,342
TTGCACT,1607,1311
GTGCACT,2468,1950
CTGCACT,966,862
ATGCACT,1633,1294
TGGCACT,931,767
GGGCACT,712,583
CGGCACT,623,512
AGGCACT,605,547
TCGCACT,941,773
GCGCACT,1844,1552
CCGCACT,979,790
ACGCACT,895,731
TAGCACT,725,591
GAGCACT,556,458
CAGCACT,399,330
AAGCACT,474,380
TTCCACT,169,134
GTCCACT,298,265
CTCCACT,127,119
ATCCACT,177,144
TGCCACT,2104,1839
GGCCACT,859,743
CGCCACT,1314,1023
AGCCACT,729,637
TCCCACT,178,139
GCCCACT,455,383
CCCCACT,175,143
ACCCACT,244,175
TACCACT,328,303
GACCACT,295,253
CACCACT,196,165
AACCACT,169,149
TTACACT,215,190
GTACACT,636,489
CTACACT,188,164
ATACACT,378,317
TGACACT,1145,1002
GGACACT,322,244
CGACACT,521,472
AGACACT,320,305
TCACACT,199,193
GCACACT,786,706
CCACACT,248,179
ACACACT,392,331
TAACACT,431,368
GAACACT,306,244
CAACACT,233,203
AAACACT,309,278
TTTAACT,157,138
GTTAACT,493,386
CTTAACT,171,140
ATTAACT,227,173
TGTAACT,1084,918
GGTAACT,406,382
CGTAACT,425,360
AGTAACT,374,318
TCTAACT,137,102
GCTAACT,536,412
CCTAACT,175,136
ACTAACT,295,250
TATAACT,280,231
GATAACT,311,249
CATAACT,265,208
AATAACT,257,186
TTGAACT,272,233
GTGAACT,520,399
CTGAACT,207,184
ATGAACT,229,205
TGGAACT,273,205
GGGAACT,218,177
CGGAACT,180,156
AGGAACT,177,128
TCGAACT,217,195
GCGAACT,492,459
CCGAACT,194,173
ACGAACT,266,178
TAGAACT,182,171
GAGAACT,163,114
CAGAACT,113,111
AAGAACT,133,93
TTCAACT,160,127
GTCAACT,522,426
CTCAACT,141,106
ATCAACT,210,170
TGCAACT,2873,2531
GGCAACT,1369,1105
CGCAACT,1867,1552
AGCAACT,1123,996
TCCAACT,162,141
GCCAACT,435,399
CCCAACT,169,169
ACCAACT,288,273
TACAACT,353,267
GACAACT,404,355
CACAACT,299,228
AACAACT,362,319
TTAAACT,121,113
GTAAACT,727,601
CTAAACT,217,182
ATAAACT,287,223
TGAAACT,204,158
GGAAACT,192,177
CGAAACT,220,183
AGAAACT,152,114
TCAAACT,151,111
GCAAACT,547,555
CCAAACT,188,152
ACAAACT,405,304
TAAAACT,114,105
GAAAACT,204,182
CAAAACT,159,141
AAAAACT,140,130
TTTTTAT,111,105
GTTTTAT,986,834
CTTTTAT,155,121
ATTTTAT,224,180
TGTTTAT,4060,3461
GGTTTAT,2815,2194
CGTTTAT,2715,2195
AGTTTAT,2675,2282
TCTTTAT,650,519
GCTTTAT,771,603
CCTTTAT,238,203
ACTTTAT,364,251
TATTTAT,2652,2154
GATTTAT,1434,1172
CATTTAT,1052,830
AATTTAT,1108,962
TTGTTAT,4333,3385
GTGTTAT,5853,4875
CTGTTAT,3919,3208
ATGTTAT,4070,3391
TGGTTAT,2340,1849
GGGTTAT,1133,946
CGGTTAT,1623,1378
AGGTTAT,1165,995
TCGTTAT,1626,1361
GCGTTAT,2284,2051
CCGTTAT,1619,1317
ACGTTAT,1340,1132
TAGTTAT,2110,1693
GAGTTAT,1450,1283
CAGTTAT,1307,1155
AAGTTAT,1725,1402
TTCTTAT,265,238
GTCTTAT,497,385
CTCTTAT,176,139
ATCTTAT,240,171
TGCTTAT,4145,3363
GGCTTAT,1536,1282
CGCTTAT,1485,1350
AGCTTAT,1600,1454
TCCTTAT,160,155
GCCTTAT,617,559
CCCTTAT,201,181
ACCTTAT,193,191
TACTTAT,1135,844
GACTTAT,385,317
CACTTAT,276,224
AACTTAT,274,218
TTATTAT,2420,2129
GTATTAT,3174,2612
CTATTAT,2041,1630
ATATTAT,1883,1559
TGATTAT,2782,2365
GGATTAT,853,679
CGATTAT,1634,1383
AGATTAT,946,754
TCATTAT,615,522
GCATTAT,2185,1748
CCATTAT,445,402
ACATTAT,411,373
TAATTAT,1487,1310
GAATTAT,710,545
CAATTAT,834,719
AAATTAT,465,373
TTTGTAT,1430,1199
GTTGTAT,3534,3001
CTTGTAT,959,760
ATTGTAT,1599,1348
TGTGTAT,4812,4123
GGTGTAT,2861,2230
CGTGTAT,2029,1761
AGTGTAT,2551,2183
TCTGTAT,810,627
GCTGTAT,1434,1165
CCTGTAT,728,593
ACTGTAT,778,672
TATGTAT,2496,2222
GATGTAT,1651,1342
CATGTAT,1015,890
AATGTAT,1539,1269
TTGGTAT,1340,1068
GTGGTAT,1865,1573
CTGGTAT,815,700
ATGGTAT,1018,874
TGGGTAT,899,811
GGGGTAT,816,634
CGGGTAT,680,498
AGGGTAT,614,520
TCGGTAT,731,580
GCGGTAT,1513,1268
CCGGTAT,658,563
ACGGTAT,680,561
TAGGTAT,745,631
GAGGTAT,630,513
CAGGTAT,458,409
AAGGTAT,486,462
TTCGTAT,799,592
GTCGTAT,1097,947
CTCGTAT,543,478
ATCGTAT,755,686
TGCGTAT,3867,3096
GGCGTAT,1398,1172
CGCGTAT,1271,982
AGCGTAT,1327,1126
TCCGTAT,783,612
GCCGTAT,1343,1110
CCCGTAT,694,550
ACCGTAT,771,636
TACGTAT,904,652
GACGTAT,826,736
CACGTAT,546,399
AACGTAT,657,598
TTAGTAT,776,603
GTAGTAT,1260,1043
CTAGTAT,560,396
ATAGTAT,651,507
TGAGTAT,1003,818
GGAGTAT,669,527
CGAGTAT,615,556
AGAGTAT,526,469
TCAGTAT,433,368
GCAGTAT,1047,887
CCAGTAT,502,366
ACAGTAT,533,454
TAAGTAT,668,535
GAAGTAT,525,492
CAAGTAT,362,347
AAAGTAT,565,497
TTTCTAT,110,113
GTTCTAT,260,231
CTTCTAT,115,115
ATTCTAT,172,152
TGTCTAT,3123,2636
GGTCTAT,465,410
CGTCTAT,634,493
AGTCTAT,676,584
TCTCTAT,138,89
GCTCTAT,352,299
CCTCTAT,173,129
ACTCTAT,169,118
TATCTAT,544,481
GATCTAT,231,196
CATCTAT,259,208
AATCTAT,148,153
TTGCTAT,3480,2849
GTGCTAT,3690,3106
CTGCTAT,2384,2010
ATGCTAT,2690,2208
TGGCTAT,1586,1275
GGGCTAT,1206,1029
CGGCTAT,1213,1112
AGGCTAT,1087,839
TCGCTAT,1463,1300
GCGCTAT,2783,2392
CCGCTAT,1804,1503
ACGCTAT,1485,1211
TAGCTAT,1318,1160
GAGCTAT,1061,914
CAGCTAT,911,704
AAGCTAT,1035,851
TTCCTAT,148,133
GTCCTAT,328,265
CTCCTAT,135,112
ATCCTAT,164,160
TGCCTAT,1086,864
GGCCTAT,432,314
CGCCTAT,360,345
AGCCTAT,324,234
TCCCTAT,196,151
GCCCTAT,382,370
CCCCTAT,197,140
ACCCTAT,235,164
TACCTAT,346,277
GACCTAT,224,235
CACCTAT,152,124
AACCTAT,160,152
TTACTAT,302,235
GTACTAT,418,366
CTACTAT,220,223
ATACTAT,295,256
TGACTAT,422,356
GGACTAT,289,219
CGACTAT,279,216
AGACTAT,235,183
TCACTAT,202,172
GCACTAT,718,607
CCACTAT,224,185
ACACTAT,289,271
TAACTAT,221,187
GAACTAT,207,168
CAACTAT,172,142
AAACTAT,165,152
TTTATAT,227,147
GTTATAT,810,668
CTTATAT,213,160
ATTATAT,293,246
TGTATAT,3783,3099
GGTATAT,1523,1373
CGTATAT,1628,1394
AGTATAT,1857,1571
TCTATAT,151,140
GCTATAT,536,468
CCTATAT,200,168
ACTATAT,270,176
TATATAT,1023,741
GATATAT,571,455
CATATAT,422,372
AATATAT,376,301
TTGATAT,1904,1684
GTGATAT,2603,2163
CTGATAT,1321,1105
ATGATAT,1570,1239
TGGATAT,948,726
GGGATAT,566,521
CGGATAT,518,396
AGGATAT,407,333
TCGATAT,768,683
GCGATAT,1441,1198
CCGATAT,704,600
ACGATAT,697,547
TAGATAT,566,533
GAGATAT,474,356
CAGATAT,344,300
AAGATAT,363,285
TTCATAT,172,189
GTCATAT,445,341
CTCATAT,215,166
ATCATAT,248,242
TGCATAT,1877,1594
GGCATAT,663,545
CGCATAT,695,613
AGCATAT,617,502
TCCATAT,170,170
GCCATAT,699,559
CCCATAT,222,183
ACCATAT,270,204
TACATAT,399,343
GACATAT,375,343
CACATAT,235,176
AACATAT,245,209
TTAATAT,847,741
GTAATAT,865,699
CTAATAT,656,526
ATAATAT,524,362
TGAATAT,514,446
GGAATAT,300,217
CGAATAT,316,276
AGAATAT,219,185
TCAATAT,412,293
GCAATAT,1124,851
CCAATAT,294,269
ACAATAT,422,367
TAAATAT,249,168
GAAATAT,196,235
CAAATAT,194,139
AAAATAT,180,148
TTTTGAT,166,131
GTTTGAT,1701,1234
CTTTGAT,158,139
ATTTGAT,324,262
TGTTGAT,5220,4144
GGTTGAT,2208,1862
CGTTGAT,1826,1591
AGTTGAT,2600,2141
TCTTGAT,228,186
GCTTGAT,533,410
CCTTGAT,186,152
ACTTGAT,216,171
TATTGAT,3078,2554
GATTGAT,1175,952
CATTGAT,609,508
AATTGAT,1022,867
TTGTGAT,3755,3130
GTGTGAT,4838,3995
CTGTGAT,2406,1960
ATGTGAT,3023,2474
TGGTGAT,1272,1102
GGGTGAT,842,714
CGGTGAT,848,703
AGGTGAT,687,598
TCGTGAT,619,541
GCGTGAT,1748,1382
CCGTGAT,708,624
ACGTGAT,632,530
TAGTGAT,1130,1071
GAGTGAT,1018,875
CAGTGAT,709,590
AAGTGAT,820,623
TTCTGAT,151,125
GTCTGAT,297,268
CTCTGAT,119,101
ATCTGAT,162,137
TGCTGAT,3480,2923
GGCTGAT,694,574
CGCTGAT,539,481
AGCTGAT,735,658
TCCTGAT,138,114
GCCTGAT,493,396
CCCTGAT,188,133
ACCTGAT,190,167
TACTGAT,463,376
GACTGAT,225,229
CACTGAT,162,129
AACTGAT,186,142
TTATGAT,1707,1439
GTATGAT,2028,1825
CTATGAT,1065,824
ATATGAT,1167,969
TGATGAT,2441,2075
GGATGAT,548,515
CGATGAT,839,677
AGATGAT,716,520
TCATGAT,376,281
GCATGAT,983,795
CCATGAT,363,327
ACATGAT,339,325
TAATGAT,833,699
GAATGAT,430,363
CAATGAT,446,313
AAATGAT,311,254
TTTGGAT,149,139
GTTGGAT,639,434
CTTGGAT,145,105
ATTGGAT,220,189
TGTGGAT,2688,2218
GGTGGAT,550,419
CGTGGAT,380,322
AGTGGAT,605,520
TCTGGAT,120,117
GCTGGAT,342,326
CCTGGAT,155,154
ACTGGAT,166,138
TATGGAT,494,435
GATGGAT,350,287
CATGGAT,180,165
AATGGAT,199,154
TTGGGAT,269,215
GTGGGAT,612,520
CTGGGAT,232,203
ATGGGAT,291,233
TGGGGAT,416,354
GGGGGAT,474,410
CGGGGAT,299,245
AGGGGAT,267,225
TCGGGAT,236,203
GCGGGAT,734,598
CCGGGAT,260,174
ACGGGAT,256,226
TAGGGAT,342,255
GAGGGAT,319,291
CAGGGAT,225,181
AAGGGAT,198,181
TTCGGAT,173,135
GTCGGAT,265,196
CTCGGAT,164,112
ATCGGAT,181,143
TGCGGAT,691,584
GGCGGAT,333,294
CGCGGAT,200,165
AGCGGAT,200,174
TCCGGAT,159,121
GCCGGAT,356,311
CCCGGAT,133,127
ACCGGAT,177,135
TACGGAT,257,286
GACGGAT,234,216
CACGGAT,127,123
AACGGAT,177,144
TTAGGAT,141,109
GTAGGAT,277,209
CTAGGAT,128,123
ATAGGAT,194,111
TGAGGAT,261,213
GGAGGAT,205,158
CGAGGAT,193,189
AGAGGAT,159,146
TCAGGAT,105,116
GCAGGAT,370,306
CCAGGAT,124,104
ACAGGAT,182,143
TAAGGAT,150,117
GAAGGAT,153,136
CAAGGAT,113,104
AAAGGAT,138,98
TTTCGAT,142,132
GTTCGAT,306,257
CTTCGAT,145,126
ATTCGAT,232,209
TGTCGAT,1435,1182
GGTCGAT,283,250
CGTCGAT,226,201
AGTCGAT,284,248
TCTCGAT,133,115
GCTCGAT,391,271
CCTCGAT,155,135
ACTCGAT,154,133
TATCGAT,302,247
GATCGAT,226,177
CATCGAT,182,154
AATCGAT,177,132
TTGCGAT,1954,1625
GTGCGAT,2850,2317
CTGCGAT,1245,1006
ATGCGAT,1809,1469
TGGCGAT,1092,897
GGGCGAT,950,795
CGGCGAT,829,678
AGGCGAT,828,709
TCGCGAT,938,745
GCGCGAT,1732,1493
CCGCGAT,994,795
ACGCGAT,846,726
TAGCGAT,859,750
GAGCGAT,763,645
CAGCGAT,550,475
AAGCGAT,671,608
TTCCGAT,192,116
GTCCGAT,231,211
CTCCGAT,104,101
ATCCGAT,158,145
TGCCGAT,455,345
GGCCGAT,290,258
CGCCGAT,219,194
AGCCGAT,202,172
TCCCGAT,142,102
GCCCGAT,369,304
CCCCGAT,161,154
ACCCGAT,179,158
TACCGAT,261,219
GACCGAT,198,210
CACCGAT,167,129
AACCGAT,160,128
TTACGAT,183,159
GTACGAT,306,235
CTACGAT,125,141
ATACGAT,233,213
TGACGAT,284,234
GGACGAT,231,193
CGACGAT,196,153
AGACGAT,236,154
TCACGAT,149,132
GCACGAT,550,426
CCACGAT,172,143
ACACGAT,205,187
TAACGAT,181,133
GAACGAT,216,158
CAACGAT,160,136
AAACGAT,186,158
TTTAGAT,163,94
GTTAGAT,411,328
CTTAGAT,147,104
ATTAGAT,157,141
TGTAGAT,1376,1099
GGTAGAT,263,246
CGTAGAT,276,197
AGTAGAT,346,293
TCTAGAT,136,95
GCTAGAT,387,305
CCTAGAT,126,101
ACTAGAT,151,142
TATAGAT,286,255
GATAGAT,267,226
CATAGAT,166,152
AATAGAT,134,127
TTGAGAT,435,377
GTGAGAT,733,615
CTGAGAT,305,265
ATGAGAT,402,321
TGGAGAT,271,230
GGGAGAT,271,234
CGGAGAT,244,194
AGGAGAT,203,163
TCGAGAT,228,190
GCGAGAT,592,504
CCGAGAT,255,206
ACGAGAT,263,212
TAGAGAT,244,187
GAGAGAT,235,199
CAGAGAT,160,122
AAGAGAT,185,142
TTCAGAT,107,99
GTCAGAT,178,167
CTCAGAT,93,75
ATCAGAT,126,123
TGCAGAT,270,247
GGCAGAT,209,161
CGCAGAT,233,176
AGCAGAT,142,153
TCCAGAT,117,99
GCCAGAT,328,254
CCCAGAT,99,103
ACCAGAT,166,107
TACAGAT,229,180
GACAGAT,200,163
CACAGAT,123,99
AACAGAT,138,111
TTAAGAT,125,120
GTAAGAT,208,147
CTAAGAT,106,114
ATAAGAT,159,126
TGAAGAT,154,141
GGAAGAT,146,150
CGAAGAT,165,113
AGAAGAT,108,93
TCAAGAT,115,71
GCAAGAT,377,289
CCAAGAT,121,101
ACAAGAT,175,150
TAAAGAT,139,85
GAAAGAT,128,110
CAAAGAT,88,83
AAAAGAT,91,99
TTTTCAT,119,101
GTTTCAT,628,541
CTTTCAT,144,98
ATTTCAT,186,162
TGTTCAT,1410,1194
GGTTCAT,297,252
CGTTCAT,242,205
AGTTCAT,266,234
TCTTCAT,109,111
GCTTCAT,388,311
CCTTCAT,165,121
ACTTCAT,181,141
TATTCAT,358,267
GATTCAT,257,212
CATTCAT,160,143
AATTCAT,195,122
TTGTCAT,3208,2754
GTGTCAT,4198,3425
CTGTCAT,2619,2165
ATGTCAT,2775,2438
TGGTCAT,605,471
GGGTCAT,535,400
CGGTCAT,510,456
AGGTCAT,393,361
TCGTCAT,879,821
GCGTCAT,1594,1349
CCGTCAT,1040,860
ACGTCAT,808,742
TAGTCAT,736,609
GAGTCAT,639,520
CAGTCAT,538,405
AAGTCAT,519,418
TTCTCAT,151,126
GTCTCAT,364,278
CTCTCAT,149,121
ATCTCAT,183,137
TGCTCAT,370,254
GGCTCAT,273,238
CGCTCAT,266,200
AGCTCAT,218,156
TCCTCAT,165,132
GCCTCAT,747,593
CCCTCAT,209,182
ACCTCAT,227,191
TACTCAT,266,234
GACTCAT,274,231
CACTCAT,206,156
AACTCAT,216,130
TTATCAT,1092,907
GTATCAT,1736,1443
CTATCAT,834,691
ATATCAT,754,634
TGATCAT,410,345
GGATCAT,260,274
CGATCAT,397,294
AGATCAT,277,237
TCATCAT,394,337
GCATCAT,3354,2648
CCATCAT,403,335
ACATCAT,471,382
TAATCAT,330,246
GAATCAT,404,364
CAATCAT,342,243
AAATCAT,249,199
TTTGCAT,5227,4110
GTTGCAT,7576,6359
CTTGCAT,4330,3531
ATTGCAT,5070,4037
TGTGCAT,7283,5979
GGTGCAT,7329,6067
CGTGCAT,5761,4836
AGTGCAT,5673,4788
TCTGCAT,4055,3313
GCTGCAT,5996,5231
CCTGCAT,4110,3311
ACTGCAT,4051,3284
TATGCAT,5239,4246
GATGCAT,6222,5320
CATGCAT,3731,3148
AATGCAT,4482,3725
TTGGCAT,4857,3944
GTGGCAT,6845,5659
CTGGCAT,3890,3224
ATGGCAT,4246,3705
TGGGCAT,4665,3905
GGGGCAT,4576,3755
CGGGCAT,4053,3550
AGGGCAT,3793,3010
TCGGCAT,3962,3360
GCGGCAT,6979,5754
CCGGCAT,3746,3118
ACGGCAT,3868,3156
TAGGCAT,3679,3217
GAGGCAT,4047,3256
CAGGCAT,2723,2261
AAGGCAT,3234,2664
TTCGCAT,4680,3926
GTCGCAT,5848,4756
CTCGCAT,3857,3379
ATCGCAT,4448,3701
TGCGCAT,7212,5982
GGCGCAT,7166,5905
CGCGCAT,6087,5082
AGCGCAT,5743,4617
TCCGCAT,4757,4042
GCCGCAT,7466,6232
CCCGCAT,4612,3856
ACCGCAT,4682,3850
TACGCAT,4797,4053
GACGCAT,5225,4168
CACGCAT,3626,3107
AACGCAT,4197,3540
TTAGCAT,3631,3084
GTAGCAT,4583,3770
CTAGCAT,3023,2465
ATAGCAT,3033,2546
TGAGCAT,4205,3571
GGAGCAT,3810,3202
CGAGCAT,3596,2900
AGAGCAT,3180,2667
TCAGCAT,2681,2313
GCAGCAT,4684,3982
CCAGCAT,2608,2253
ACAGCAT,2697,2339
TAAGCAT,3364,2781
GAAGCAT,3258,2635
CAAGCAT,2319,1910
AAAGCAT,3005,2395
TTTCCAT,177,146
GTTCCAT,418,379
CTTCCAT,150,121
ATTCCAT,275,188
TGTCCAT,1843,1558
GGTCCAT,345,289
CGTCCAT,380,298
AGTCCAT,370,297
TCTCCAT,142,112
GCTCCAT,398,324
CCTCCAT,161,136
ACTCCAT,152,164
TATCCAT,328,277
GATCCAT,272,222
CATCCAT,218,178
AATCCAT,151,134
TTGCCAT,4875,4207
GTGCCAT,6975,5774
CTGCCAT,3895,3320
ATGCCAT,4642,3877
TGGCCAT,4049,3346
GGGCCAT,3469,2810
CGGCCAT,3055,2490
AGGCCAT,2937,2375
TCGCCAT,3796,3224
GCGCCAT,6271,5292
CCGCCAT,4040,3409
ACGCCAT,3721,3004
TAGCCAT,3406,2846
GAGCCAT,3375,2666
CAGCCAT,2277,1850
AAGCCAT,2756,2239
TTCCCAT,162,150
GTCCCAT,384,331
CTCCCAT,115,119
ATCCCAT,213,197
TGCCCAT,567,460
GGCCCAT,404,321
CGCCCAT,343,248
AGCCCAT,296,248
TCCCCAT,188,147
GCCCCAT,494,366
CCCCCAT,192,153
ACCCCAT,209,170
TACCCAT,350,263
GACCCAT,333,264
CACCCAT,167,148
AACCCAT,173,157
TTACCAT,261,196
GTACCAT,551,481
CTACCAT,254,177
ATACCAT,324,306
TGACCAT,346,270
GGACCAT,295,297
CGACCAT,305,219
AGACCAT,294,241
TCACCAT,257,207
GCACCAT,879,739
CCACCAT,279,193
ACACCAT,405,329
TAACCAT,245,188
GAACCAT,377,306
CAACCAT,246,200
AAACCAT,275,252
TTTACAT,217,171
GTTACAT,966,810
CTTACAT,217,161
ATTACAT,337,290
TGTACAT,1785,1535
GGTACAT,624,465
CGTACAT,421,370
AGTACAT,504,453
TCTACAT,159,138
GCTACAT,653,586
CCTACAT,228,202
ACTACAT,308,286
TATACAT,611,549
GATACAT,1216,1048
CATACAT,306,274
AATACAT,443,376
TTGACAT,1580,1361
GTGACAT,2744,2194
CTGACAT,1140,945
ATGACAT,1475,1191
TGGACAT,842,686
GGGACAT,920,757
CGGACAT,648,580
AGGACAT,529,496
TCGACAT,906,779
GCGACAT,1913,1598
CCGACAT,975,779
ACGACAT,812,747
TAGACAT,841,692
GAGACAT,783,714
CAGACAT,503,379
AAGACAT,501,467
TTCACAT,229,162
GTCACAT,490,427
CTCACAT,210,156
ATCACAT,262,239
TGCACAT,725,546
GGCACAT,508,420
CGCACAT,437,322
AGCACAT,340,297
TCCACAT,214,173
GCCACAT,1320,1066
CCCACAT,233,174
ACCACAT,281,272
TACACAT,502,385
GACACAT,562,463
CACACAT,248,215
AACACAT,375,279
TTAACAT,426,349
GTAACAT,939,796
CTAACAT,404,353
ATAACAT,562,429
TGAACAT,349,290
GGAACAT,323,331
CGAACAT,322,258
AGAACAT,265,231
TCAACAT,292,240
GCAACAT,3194,2657
CCAACAT,354,310
ACAACAT,989,824
TAAACAT,394,335
GAAACAT,526,431
CAAACAT,617,472
AAAACAT,513,383
TTTTAAT,141,107
GTTTAAT,783,694
CTTTAAT,123,109
ATTTAAT,242,181
TGTTAAT,2459,2145
GGTTAAT,355,258
CGTTAAT,323,255
AGTTAAT,378,339
TCTTAAT,120,116
GCTTAAT,389,320
CCTTAAT,140,129
ACTTAAT,178,126
TATTAAT,544,502
GATTAAT,226,165
CATTAAT,167,128
AATTAAT,166,142
TTGTAAT,2331,1850
GTGTAAT,2741,2264
CTGTAAT,1381,1079
ATGTAAT,1816,1518
TGGTAAT,834,690
GGGTAAT,567,434
CGGTAAT,693,564
AGGTAAT,514,452
TCGTAAT,726,635
GCGTAAT,1337,1207
CCGTAAT,834,721
ACGTAAT,644,535
TAGTAAT,752,595
GAGTAAT,539,515
CAGTAAT,486,397
AAGTAAT,568,475
TTCTAAT,133,89
GTCTAAT,330,295
CTCTAAT,135,86
ATCTAAT,161,128
TGCTAAT,547,453
GGCTAAT,245,197
CGCTAAT,198,171
AGCTAAT,195,128
TCCTAAT,163,142
GCCTAAT,451,387
CCCTAAT,169,160
ACCTAAT,220,179
TACTAAT,305,275
GACTAAT,209,213
CACTAAT,138,125
AACTAAT,164,116
TTATAAT,285,214
GTATAAT,651,540
CTATAAT,205,181
ATATAAT,270,226
TGATAAT,347,293
GGATAAT,184,196
CGATAAT,227,202
AGATAAT,161,184
TCATAAT,158,133
GCATAAT,619,509
CCATAAT,180,159
ACATAAT,241,226
TAATAAT,206,185
GAATAAT,178,134
CAATAAT,155,161
AAATAAT,216,140
TTTGAAT,517,327
GTTGAAT,903,663
CTTGAAT,327,269
ATTGAAT,504,405
TGTGAAT,1258,928
GGTGAAT,763,641
CGTGAAT,558,468
AGTGAAT,632,533
TCTGAAT,345,295
GCTGAAT,757,630
CCTGAAT,348,263
ACTGAAT,407,307
TATGAAT,540,474
GATGAAT,520,421
CATGAAT,371,326
AATGAAT,384,320
TTGGAAT,514,420
GTGGAAT,779,624
CTGGAAT,362,325
ATGGAAT,511,380
TGGGAAT,595,528
GGGGAAT,573,491
CGGGAAT,499,437
AGGGAAT,510,397
TCGGAAT,468,315
GCGGAAT,1105,999
CCGGAAT,380,305
ACGGAAT,476,397
TAGGAAT,420,369
GAGGAAT,467,297
CAGGAAT,280,229
AAGGAAT,363,281
TTCGAAT,479,396
GTCGAAT,667,525
CTCGAAT,387,306
ATCGAAT,447,377
TGCGAAT,978,858
GGCGAAT,811,685
CGCGAAT,680,550
AGCGAAT,715,583
TCCGAAT,492,398
GCCGAAT,986,799
CCCGAAT,443,378
ACCGAAT,546,428
TACGAAT,513,369
GACGAAT,481,353
CACGAAT,330,258
AACGAAT,403,332
TTAGAAT,359,255
GTAGAAT,447,406
CTAGAAT,260,246
ATAGAAT,329,240
TGAGAAT,419,390
GGAGAAT,399,372
CGAGAAT,347,369
AGAGAAT,347,322
TCAGAAT,260,197
GCAGAAT,649,554
CCAGAAT,233,206
ACAGAAT,293,282
TAAGAAT,310,241
GAAGAAT,317,298
CAAGAAT,218,155
AAAGAAT,316,239
TTTCAAT,138,124
GTTCAAT,258,241
CTTCAAT,137,96
ATTCAAT,205,172
TGTCAAT,985,834
GGTCAAT,307,208
CGTCAAT,293,220
AGTCAAT,297,280
TCTCAAT,142,95
GCTCAAT,359,282
CCTCAAT,165,101
ACTCAAT,162,151
TATCAAT,339,287
GATCAAT,239,184
CATCAAT,208,152
AATCAAT,182,165
TTGCAAT,4152,3369
GTGCAAT,5798,4871
CTGCAAT,3110,2711
ATGCAAT,3858,3237
TGGCAAT,3347,2779
GGGCAAT,2808,2324
CGGCAAT,2589,2260
AGGCAAT,2420,2008
TCGCAAT,3464,2751
GCGCAAT,5098,4419
CCGCAAT,3406,2881
ACGCAAT,3154,2769
TAGCAAT,2590,2235
GAGCAAT,2698,2222
CAGCAAT,1877,1493
AAGCAAT,2328,1933
TTCCAAT,129,123
GTCCAAT,200,197
CTCCAAT,122,105
ATCCAAT,155,128
TGCCAAT,416,337
GGCCAAT,262,223
CGCCAAT,218,168
AGCCAAT,200,173
TCCCAAT,151,113
GCCCAAT,396,322
CCCCAAT,122,120
ACCCAAT,186,157
TACCAAT,349,238
GACCAAT,249,201
CACCAAT,147,103
AACCAAT,154,142
TTACAAT,172,148
GTACAAT,298,255
CTACAAT,171,132
ATACAAT,428,373
TGACAAT,339,279
GGACAAT,231,194
CGACAAT,236,177
AGACAAT,277,253
TCACAAT,169,166
GCACAAT,770,605
CCACAAT,203,168
ACACAAT,355,324
TAACAAT,234,180
GAACAAT,264,200
CAACAAT,222,190
AAACAAT,484,453
TTTAAAT,148,117
GTTAAAT,244,226
CTTAAAT,145,103
ATTAAAT,166,137
TGTAAAT,861,698
GGTAAAT,442,330
CGTAAAT,294,215
AGTAAAT,389,336
TCTAAAT,130,128
GCTAAAT,430,314
CCTAAAT,183,143
ACTAAAT,186,131
TATAAAT,204,199
GATAAAT,229,187
CATAAAT,162,136
AATAAAT,147,147
TTGAAAT,420,306
GTGAAAT,690,588
CTGAAAT,342,262
ATGAAAT,386,297
TGGAAAT,387,337
GGGAAAT,417,377
CGGAAAT,349,284
AGGAAAT,275,251
TCGAAAT,305,263
GCGAAAT,730,636
CCGAAAT,379,342
ACGAAAT,320,300
TAGAAAT,264,226
GAGAAAT,303,226
CAGAAAT,200,180
AAGAAAT,224,185
TTCAAAT,124,84
GTCAAAT,201,164
CTCAAAT,117,103
ATCAAAT,141,144
TGCAAAT,352,289
GGCAAAT,250,205
CGCAAAT,252,208
AGCAAAT,209,174
TCCAAAT,124,98
GCCAAAT,346,284
CCCAAAT,192,128
ACCAAAT,181,151
TACAAAT,250,215
GACAAAT,326,257
CACAAAT,175,146
AACAAAT,237,181
TTAAAAT,113,98
GTAAAAT,164,108
CTAAAAT,139,113
ATAAAAT,127,109
TGAAAAT,84,88
GGAAAAT,136,85
CGAAAAT,134,120
AGAAAAT,108,78
TCAAAAT,107,57
GCAAAAT,387,326
CCAAAAT,118,96
ACAAAAT,168,139
TAAAAAT,87,74
GAAAAAT,111,103
CAAAAAT,94,80
AAAAAAT,92,66
TTTTTTG,163,138
GTTTTTG,2915,2411
CTTTTTG,221,232
ATTTTTG,501,387
TGTTTTG,4885,4104
GGTTTTG,2283,1924
CGTTTTG,2536,2045
AGTTTTG,2764,2230
TCTTTTG,817,755
GCTTTTG,1155,916
CCTTTTG,339,276
ACTTTTG,422,308
TATTTTG,3142,2571
GATTTTG,1218,1054
CATTTTG,913,791
AATTTTG,1072,802
TTGTTTG,4940,4158
GTGTTTG,7504,5942
CTGTTTG,4852,4004
ATGTTTG,5143,4264
TGGTTTG,3097,2643
GGGTTTG,1927,1709
CGGTTTG,2368,1947
AGGTTTG,1988,1628
TCGTTTG,2517,2123
GCGTTTG,3505,2820
CCGTTTG,2466,2159
ACGTTTG,2404,1910
TAGTTTG,3083,2427
GAGTTTG,2473,2062
CAGTTTG,1962,1789
AAGTTTG,2694,2186
TTCTTTG,568,453
GTCTTTG,714,638
CTCTTTG,361,320
ATCTTTG,402,374
TGCTTTG,4645,3759
GGCTTTG,1461,1201
CGCTTTG,1448,1216
AGCTTTG,1610,1378
TCCTTTG,274,208
GCCTTTG,825,674
CCCTTTG,315,254
ACCTTTG,279,208
TACTTTG,940,788
GACTTTG,420,393
CACTTTG,350,299
AACTTTG,294,257
TTATTTG,3186,2674
GTATTTG,3981,3453
CTATTTG,2868,2436
ATATTTG,2693,2281
TGATTTG,3115,2529
GGATTTG,1204,915
CGATTTG,1819,1608
AGATTTG,1036,899
TCATTTG,1027,878
GCATTTG,2359,1974
CCATTTG,907,728
ACATTTG,820,671
TAATTTG,1626,1318
GAATTTG,935,826
CAATTTG,976,799
AAATTTG,653,586
TTTGTTG,1986,1640
GTTGTTG,6706,5534
CTTGTTG,1631,1360
ATTGTTG,2623,2220
TGTGTTG,5295,4497
GGTGTTG,2935,2379
CGTGTTG,2139,1841
AGTGTTG,2826,2325
TCTGTTG,862,730
GCTGTTG,2485,1976
CCTGTTG,1000,792
ACTGTTG,1009,760
TATGTTG,3144,2670
GATGTTG,2189,1776
CATGTTG,1236,977
AATGTTG,1458,1219
TTGGTTG,1468,1213
GTGGTTG,2306,1982
CTGGTTG,961,786
ATGGTTG,1336,1026
TGGGTTG,966,761
GGGGTTG,812,757
CGGGTTG,657,545
AGGGTTG,700,607
TCGGTTG,961,760
GCGGTTG,1807,1580
CCGGTTG,880,706
ACGGTTG,1009,863
TAGGTTG,685,563
GAGGTTG,618,520
CAGGTTG,471,421
AAGGTTG,504,397
TTCGTTG,452,377
GTCGTTG,908,763
CTCGTTG,389,300
ATCGTTG,489,361
TGCGTTG,3329,2815
GGCGTTG,1226,1018
CGCGTTG,1137,873
AGCGTTG,1023,788
TCCGTTG,418,345
GCCGTTG,1046,844
CCCGTTG,445,382
ACCGTTG,502,486
TACGTTG,680,546
GACGTTG,618,479
CACGTTG,436,337
AACGTTG,412,343
TTAGTTG,1013,735
GTAGTTG,1297,1107
CTAGTTG,654,566
ATAGTTG,831,680
TGAGTTG,1037,850
GGAGTTG,628,534
CGAGTTG,573,454
AGAGTTG,532,443
TCAGTTG,570,447
GCAGTTG,1156,977
CCAGTTG,542,429
ACAGTTG,610,499
TAAGTTG,557,507
GAAGTTG,424,399
CAAGTTG,321,283
AAAGTTG,345,309
TTTCTTG,136,111
GTTCTTG,270,238
CTTCTTG,144,130
ATTCTTG,149,136
TGTCTTG,2681,2238
GGTCTTG,333,260
CGTCTTG,353,308
AGTCTTG,430,388
TCTCTTG,126,117
GCTCTTG,414,333
CCTCTTG,180,149
ACTCTTG,171,151
TATCTTG,403,323
GATCTTG,201,166
CATCTTG,177,148
AATCTTG,150,116
TTGCTTG,4223,3704
GTGCTTG,4956,4286
CTGCTTG,3079,2562
ATGCTTG,3436,2995
TGGCTTG,2581,2190
GGGCTTG,2251,1985
CGGCTTG,2215,1868
AGGCTTG,1746,1519
TCGCTTG,2181,1859
GCGCTTG,4180,3551
CCGCTTG,2775,2409
ACGCTTG,2464,2019
TAGCTTG,2215,1704
GAGCTTG,2006,1655
CAGCTTG,1652,1362
AAGCTTG,1627,1382
TTCCTTG,193,143
GTCCTTG,309,257
CTCCTTG,124,100
ATCCTTG,180,143
TGCCTTG,1071,848
GGCCTTG,535,439
CGCCTTG,588,498
AGCCTTG,413,346
TCCCTTG,217,168
GCCCTTG,468,365
CCCCTTG,200,146
ACCCTTG,230,191
TACCTTG,300,256
GACCTTG,224,181
CACCTTG,169,154
AACCTTG,137,126
TTACTTG,585,463
GTACTTG,669,594
CTACTTG,389,321
ATACTTG,573,447
TGACTTG,494,422
GGACTTG,371,287
CGACTTG,370,380
AGACTTG,298,248
TCACTTG,349,250
GCACTTG,947,822
CCACTTG,316,287
ACACTTG,463,404
TAACTTG,243,224
GAACTTG,233,206
CAACTTG,211,201
AAACTTG,190,156
TTTATTG,522,413
GTTATTG,4734,3886
CTTATTG,568,484
ATTATTG,1336,1059
TGTATTG,3751,3109
GGTATTG,1748,1460
CGTATTG,1567,1343
AGTATTG,1901,1550
TCTATTG,355,314
GCTATTG,1543,1270
CCTATTG,501,399
ACTATTG,469,384
TATATTG,1339,1050
GATATTG,909,741
CATATTG,555,469
AATATTG,584,425
TTGATTG,3194,2697
GTGATTG,4612,3776
CTGATTG,2212,1797
ATGATTG,2829,2277
TGGATTG,968,864
GGGATTG,802,714
CGGATTG,736,620
AGGATTG,668,538
TCGATTG,2017,1574
GCGATTG,2599,2129
CCGATTG,1484,1283
ACGATTG,1447,1243
TAGATTG,942,781
GAGATTG,726,614
CAGATTG,564,479
AAGATTG,564,447
TTCATTG,358,267
GTCATTG,839,677
CTCATTG,319,265
ATCATTG,390,314
TGCATTG,4089,3461
GGCATTG,2228,1766
CGCATTG,2920,2522
AGCATTG,2003,1714
TCCATTG,276,242
GCCATTG,1088,820
CCCATTG,329,248
ACCATTG,379,268
TACATTG,449,369
GACATTG,443,413
CACATTG,285,226
AACATTG,330,238
TTAATTG,1373,1113
GTAATTG,1506,1297
CTAATTG,1012,894
ATAATTG,856,692
TGAATTG,701,578
GGAATTG,498,359
CGAATTG,543,446
AGAATTG,386,298
TCAATTG,715,599
GCAATTG,1805,1441
CCAATTG,556,478
ACAATTG,624,538
TAAATTG,354,268
GAAATTG,302,251
CAAATTG,275,250
AAAATTG,212,185
TTTTGTG,287,233
GTTTGTG,6520,5503
CTTTGTG,364,312
ATTTGTG,1563,1318
TGTTGTG,6631,5595
GGTTGTG,4843,3961
CGTTGTG,4716,3872
AGTTGTG,4373,3604
TCTTGTG,943,817
GCTTGTG,1742,1509
CCTTGTG,427,360
ACTTGTG,646,510
TATTGTG,4329,3484
GATTGTG,2922,2405
CATTGTG,2144,1758
AATTGTG,2485,2035
TTGTGTG,4266,3600
GTGTGTG,5444,4490
CTGTGTG,3053,2465
ATGTGTG,3665,2965
TGGTGTG,3627,3017
GGGTGTG,1432,1148
CGGTGTG,1919,1668
AGGTGTG,1537,1202
TCGTGTG,1275,1059
GCGTGTG,2485,2085
CCGTGTG,1396,1175
ACGTGTG,1147,921
TAGTGTG,2322,1921
GAGTGTG,1446,1173
CAGTGTG,1344,1153
AAGTGTG,1220,1047
TTCTGTG,262,181
GTCTGTG,442,361
CTCTGTG,199,176
ATCTGTG,244,208
TGCTGTG,5419,4510
GGCTGTG,1248,955
CGCTGTG,1540,1363
AGCTGTG,1780,1490
TCCTGTG,228,212
GCCTGTG,854,733
CCCTGTG,284,249
ACCTGTG,282,296
TACTGTG,1016,899
GACTGTG,485,420
CACTGTG,355,313
AACTGTG,333,269
TTATGTG,1658,1345
GTATGTG,2958,2356
CTATGTG,1165,1001
ATATGTG,1283,1040
TGATGTG,4751,3936
GGATGTG,1618,1404
CGATGTG,2772,2449
AGATGTG,1779,1545
TCATGTG,679,558
GCATGTG,1924,1646
CCATGTG,584,505
ACATGTG,636,584
TAATGTG,2458,1874
GAATGTG,917,772
CAATGTG,1167,916
AAATGTG,639,567
TTTGGTG,286,232
GTTGGTG,4316,3586
CTTGGTG,302,251
ATTGGTG,930,766
TGTGGTG,5423,4673
GGTGGTG,1909,1545
CGTGGTG,1798,1506
AGTGGTG,2259,1910
TCTGGTG,210,213
GCTGGTG,742,650
CCTGGTG,246,235
ACTGGTG,273,306
TATGGTG,2265,1932
GATGGTG,959,873
CATGGTG,843,634
AATGGTG,722,563
TTGGGTG,666,518
GTGGGTG,1197,1104
CTGGGTG,545,430
ATGGGTG,723,587
TGGGGTG,1312,1138
GGGGGTG,971,890
CGGGGTG,841,712
AGGGGTG,730,583
TCGGGTG,547,463
GCGGGTG,1415,1203
CCGGGTG,645,488
ACGGGTG,724,604
TAGGGTG,751,687
GAGGGTG,602,563
CAGGGTG,514,428
AAGGGTG,418,367
TTCGGTG,280,253
GTCGGTG,459,393
CTCGGTG,224,231
ATCGGTG,305,269
TGCGGTG,2563,2122
GGCGGTG,579,591
CGCGGTG,565,509
AGCGGTG,577,448
TCCGGTG,323,249
GCCGGTG,669,584
CCCGGTG,298,212
ACCGGTG,332,304
TACGGTG,550,478
GACGGTG,505,391
CACGGTG,339,270
AACGGTG,325,267
TTAGGTG,301,258
GTAGGTG,578,480
CTAGGTG,265,225
ATAGGTG,382,267
TGAGGTG,1118,996
GGAGGTG,440,363
CGAGGTG,594,456
AGAGGTG,452,351
TCAGGTG,325,282
GCAGGTG,795,684
CCAGGTG,305,276
ACAGGTG,399,323
TAAGGTG,433,366
GAAGGTG,322,253
CAAGGTG,263,220
AAAGGTG,214,186
TTTCGTG,226,168
GTTCGTG,506,383
CTTCGTG,199,157
ATTCGTG,294,216
TGTCGTG,4347,3591
GGTCGTG,741,606
CGTCGTG,1094,991
AGTCGTG,1069,883
TCTCGTG,217,192
GCTCGTG,511,364
CCTCGTG,248,189
ACTCGTG,268,229
TATCGTG,1517,1312
GATCGTG,540,450
CATCGTG,519,516
AATCGTG,387,333
TTGCGTG,5252,4196
GTGCGTG,7202,6176
CTGCGTG,4007,3507
ATGCGTG,4923,4066
TGGCGTG,3942,3396
GGGCGTG,3347,2790
CGGCGTG,3279,2706
AGGCGTG,2856,2439
TCGCGTG,3602,2957
GCGCGTG,5544,4605
CCGCGTG,3854,3015
ACGCGTG,3571,3063
TAGCGTG,2934,2606
GAGCGTG,2808,2312
CAGCGTG,2092,1801
AAGCGTG,2392,1989
TTCCGTG,207,180
GTCCGTG,329,263
CTCCGTG,158,155
ATCCGTG,235,191
TGCCGTG,1218,1048
GGCCGTG,400,356
CGCCGTG,460,374
AGCCGTG,358,301
TCCCGTG,234,184
GCCCGTG,621,509
CCCCGTG,231,207
ACCCGTG,247,215
TACCGTG,455,380
GACCGTG,354,281
CACCGTG,265,223
AACCGTG,231,202
TTACGTG,307,294
GTACGTG,568,472
CTACGTG,293,259
ATACGTG,406,323
TGACGTG,1402,1228
GGACGTG,406,374
CGACGTG,641,481
AGACGTG,415,365
TCACGTG,321,272
GCACGTG,1032,771
CCACGTG,351,261
ACACGTG,468,403
TAACGTG,576,468
GAACGTG,350,313
CAACGTG,333,288
AAACGTG,285,208
TTTAGTG,234,187
GTTAGTG,3034,2615
CTTAGTG,247,203
ATTAGTG,735,607
TGTAGTG,3015,2571
GGTAGTG,1137,906
CGTAGTG,1169,902
AGTAGTG,1499,1198
TCTAGTG,228,156
GCTAGTG,704,610
CCTAGTG,244,206
ACTAGTG,325,223
TATAGTG,1387,1221
GATAGTG,724,552
CATAGTG,536,369
AATAGTG,444,357
TTGAGTG,1398,1175
GTGAGTG,2647,2269
CTGAGTG,1176,922
ATGAGTG,1457,1093
TGGAGTG,1015,844
GGGAGTG,782,679
CGGAGTG,884,699
AGGAGTG,664,501
TCGAGTG,775,663
GCGAGTG,1493,1221
CCGAGTG,895,752
ACGAGTG,819,626
TAGAGTG,858,621
GAGAGTG,689,623
CAGAGTG,570,480
AAGAGTG,592,462
TTCAGTG,218,195
GTCAGTG,365,290
CTCAGTG,212,154
ATCAGTG,236,197
TGCAGTG,1382,1170
GGCAGTG,438,396
CGCAGTG,601,491
AGCAGTG,390,328
TCCAGTG,199,189
GCCAGTG,640,547
CCCAGTG,226,193
ACCAGTG,283,225
TACAGTG,444,372
GACAGTG,355,366
CACAGTG,294,227
AACAGTG,264,221
TTAAGTG,292,258
GTAAGTG,627,475
CTAAGTG,306,196
ATAAGTG,323,289
TGAAGTG,481,426
GGAAGTG,268,245
CGAAGTG,344,260
AGAAGTG,231,226
TCAAGTG,240,191
GCAAGTG,778,729
CCAAGTG,211,189
ACAAGTG,369,272
TAAAGTG,260,206
GAAAGTG,179,169
CAAAGTG,175,151
AAAAGTG,183,126
TTTTCTG,92,89
GTTTCTG,750,611
CTTTCTG,125,97
ATTTCTG,169,155
TGTTCTG,1598,1325
GGTTCTG,241,231
CGTTCTG,251,186
AGTTCTG,271,192
TCTTCTG,101,84
GCTTCTG,357,285
CCTTCTG,143,112
ACTTCTG,176,132
TATTCTG,272,264
GATTCTG,216,190
CATTCTG,157,108
AATTCTG,122,110
TTGTCTG,1285,1062
GTGTCTG,1344,1182
CTGTCTG,710,599
ATGTCTG,829,740
TGGTCTG,447,391
GGGTCTG,348,269
CGGTCTG,337,296
AGGTCTG,289,231
TCGTCTG,382,295
GCGTCTG,1069,921
CCGTCTG,483,413
ACGTCTG,449,345
TAGTCTG,332,288
GAGTCTG,327,312
CAGTCTG,233,195
AAGTCTG,282,224
TTCTCTG,118,104
GTCTCTG,255,182
CTCTCTG,122,86
ATCTCTG,125,114
TGCTCTG,335,247
GGCTCTG,242,197
CGCTCTG,228,167
AGCTCTG,183,159
TCCTCTG,144,125
GCCTCTG,735,640
CCCTCTG,156,135
ACCTCTG,208,171
TACTCTG,206,169
GACTCTG,249,196
CACTCTG,150,121
AACTCTG,145,117
TTATCTG,263,213
GTATCTG,660,525
CTATCTG,199,213
ATATCTG,282,207
TGATCTG,298,235
GGATCTG,184,168
CGATCTG,194,170
AGATCTG,209,163
TCATCTG,210,186
GCATCTG,2485,2113
CCATCTG,226,191
ACATCTG,299,266
TAATCTG,163,136
GAATCTG,191,170
CAATCTG,163,125
AAATCTG,92,92
TTTGCTG,382,326
GTTGCTG,2312,1909
CTTGCTG,388,315
ATTGCTG,616,541
TGTGCTG,2788,2424
GGTGCTG,704,602
CGTGCTG,512,512
AGTGCTG,727,578
TCTGCTG,239,222
GCTGCTG,642,614
CCTGCTG,280,249
ACTGCTG,291,282
TATGCTG,1086,916
GATGCTG,1865,1548
CATGCTG,503,417
AATGCTG,942,717
TTGGCTG,380,284
GTGGCTG,1370,1150
CTGGCTG,298,230
ATGGCTG,521,458
TGGGCTG,451,424
GGGGCTG,446,360
CGGGCTG,277,261
AGGGCTG,364,273
TCGGCTG,286,254
GCGGCTG,813,651
CCGGCTG,258,230
ACGGCTG,336,283
TAGGCTG,422,381
GAGGCTG,790,643
CAGGCTG,272,226
AAGGCTG,372,319
TTCGCTG,238,210
GTCGCTG,521,422
CTCGCTG,237,210
ATCGCTG,298,237
TGCGCTG,955,784
GGCGCTG,568,493
CGCGCTG,439,365
AGCGCTG,405,385
TCCGCTG,250,227
GCCGCTG,757,674
CCCGCTG,294,217
ACCGCTG,362,288
TACGCTG,486,426
GACGCTG,670,547
CACGCTG,422,362
AACGCTG,432,345
TTAGCTG,259,203
GTAGCTG,441,339
CTAGCTG,252,199
ATAGCTG,321,243
TGAGCTG,293,265
GGAGCTG,302,235
CGAGCTG,242,205
AGAGCTG,220,199
TCAGCTG,210,163
GCAGCTG,741,642
CCAGCTG,228,175
ACAGCTG,264,229
TAAGCTG,222,179
GAAGCTG,281,238
CAAGCTG,273,249
AAAGCTG,285,194
TTTCCTG,122,97
GTTCCTG,316,267
CTTCCTG,121,101
ATTCCTG,175,169
TGTCCTG,2756,2337
GGTCCTG,352,297
CGTCCTG,500,424
AGTCCTG,376,323
TCTCCTG,114,89
GCTCCTG,347,292
CCTCCTG,135,118
ACTCCTG,176,131
TATCCTG,608,437
GATCCTG,233,209
CATCCTG,244,171
AATCCTG,189,147
TTGCCTG,5411,4497
GTGCCTG,8142,6701
CTGCCTG,4391,3719
ATGCCTG,5307,4342
TGGCCTG,4999,4066
GGGCCTG,4511,3840
CGGCCTG,3927,3408
AGGCCTG,3577,3005
TCGCCTG,4247,3481
GCGCCTG,7073,5763
CCGCCTG,4584,3810
ACGCCTG,4580,3680
TAGCCTG,3845,3224
GAGCCTG,3876,3355
CAGCCTG,2793,2307
AAGCCTG,3113,2544
TTCCCTG,132,121
GTCCCTG,296,266
CTCCCTG,132,126
ATCCCTG,185,182
TGCCCTG,540,419
GGCCCTG,321,245
CGCCCTG,273,225
AGCCCTG,212,210
TCCCCTG,173,119
GCCCCTG,485,407
CCCCCTG,174,126
ACCCCTG,204,198
TACCCTG,278,266
GACCCTG,259,194
CACCCTG,177,127
AACCCTG,157,142
TTACCTG,245,211
GTACCTG,337,261
CTACCTG,165,137
ATACCTG,272,226
TGACCTG,521,370
GGACCTG,270,215
CGACCTG,308,215
AGACCTG,245,191
TCACCTG,191,185
GCACCTG,810,685
CCACCTG,189,200
ACACCTG,341,310
TAACCTG,206,195
GAACCTG,271,223
CAACCTG,158,172
AAACCTG,183,165
TTTACTG,161,126
GTTACTG,686,586
CTTACTG,173,156
ATTACTG,276,239
TGTACTG,2595,2104
GGTACTG,612,455
CGTACTG,514,444
AGTACTG,551,519
TCTACTG,144,119
GCTACTG,597,520
CCTACTG,212,183
ACTACTG,229,202
TATACTG,507,475
GATACTG,620,537
CATACTG,264,214
AATACTG,265,240
TTGACTG,1010,747
GTGACTG,1546,1312
CTGACTG,656,585
ATGACTG,924,690
TGGACTG,784,647
GGGACTG,671,591
CGGACTG,569,406
AGGACTG,481,441
TCGACTG,597,549
GCGACTG,1452,1304
CCGACTG,736,564
ACGACTG,588,499
TAGACTG,558,506
GAGACTG,570,487
CAGACTG,380,285
AAGACTG,392,336
TTCACTG,184,153
GTCACTG,394,370
CTCACTG,180,133
ATCACTG,209,204
TGCACTG,743,603
GGCACTG,388,321
CGCACTG,424,338
AGCACTG,335,245
TCCACTG,193,149
GCCACTG,1195,895
CCCACTG,216,185
ACCACTG,284,222
TACACTG,371,322
GACACTG,367,341
CACACTG,230,192
AACACTG,267,215
TTAACTG,234,176
GTAACTG,558,479
CTAACTG,215,203
ATAACTG,286,238
TGAACTG,275,257
GGAACTG,262,192
CGAACTG,256,187
AGAACTG,177,178
TCAACTG,230,170
GCAACTG,2112,1761
CCAACTG,215,163
ACAACTG,414,339
TAAACTG,189,155
GAAACTG,219,184
CAAACTG,201,171
AAAACTG,151,144
TTTTATG,157,137
GTTTATG,4918,4060
CTTTATG,197,215
ATTTATG,1238,1004
TGTTATG,5156,4122
GGTTATG,1957,1706
CGTTATG,2187,1755
AGTTATG,2443,1987
TCTTATG,393,300
GCTTATG,1394,1241
CCTTATG,209,188
ACTTATG,378,313
TATTATG,3058,2539
GATTATG,1244,1043
CATTATG,725,647
AATTATG,1022,837
TTGTATG,4288,3492
GTGTATG,5503,4648
CTGTATG,3375,2801
ATGTATG,3658,3106
TGGTATG,2408,2040
GGGTATG,1178,1031
CGGTATG,1727,1464
AGGTATG,1289,1062
TCGTATG,1963,1548
GCGTATG,2951,2480
CCGTATG,2112,1833
ACGTATG,1737,1379
TAGTATG,1910,1595
GAGTATG,1435,1064
CAGTATG,1241,1041
AAGTATG,1401,1218
TTCTATG,169,151
GTCTATG,582,532
CTCTATG,150,152
ATCTATG,235,160
TGCTATG,3609,3015
GGCTATG,608,558
CGCTATG,866,725
AGCTATG,726,647
TCCTATG,182,136
GCCTATG,573,458
CCCTATG,204,182
ACCTATG,280,205
TACTATG,587,432
GACTATG,309,260
CACTATG,229,223
AACTATG,215,142
TTATATG,753,612
GTATATG,1840,1577
CTATATG,562,438
ATATATG,651,509
TGATATG,2813,2279
GGATATG,688,610
CGATATG,1376,1085
AGATATG,704,582
TCATATG,422,334
GCATATG,1065,858
CCATATG,371,353
ACATATG,470,366
TAATATG,1565,1330
GAATATG,431,369
CAATATG,656,602
AAATATG,361,339
TTTGATG,271,239
GTTGATG,3175,2666
CTTGATG,281,240
ATTGATG,877,664
TGTGATG,4551,3869
GGTGATG,1120,975
CGTGATG,922,728
AGTGATG,1685,1448
TCTGATG,233,229
GCTGATG,783,683
CCTGATG,277,192
ACTGATG,339,264
TATGATG,2650,2039
GATGATG,841,660
CATGATG,643,490
AATGATG,679,485
TTGGATG,421,335
GTGGATG,793,637
CTGGATG,274,282
ATGGATG,465,358
TGGGATG,444,424
GGGGATG,445,374
CGGGATG,290,296
AGGGATG,386,335
TCGGATG,278,269
GCGGATG,763,640
CCGGATG,279,213
ACGGATG,393,342
TAGGATG,309,276
GAGGATG,270,251
CAGGATG,248,152
AAGGATG,214,161
TTCGATG,260,195
GTCGATG,439,313
CTCGATG,267,214
ATCGATG,311,235
TGCGATG,1497,1273
GGCGATG,602,417
CGCGATG,500,385
AGCGATG,435,400
TCCGATG,254,211
GCCGATG,643,528
CCCGATG,221,226
ACCGATG,326,301
TACGATG,405,420
GACGATG,373,338
CACGATG,215,211
AACGATG,239,210
TTAGATG,245,193
GTAGATG,369,256
CTAGATG,199,177
ATAGATG,315,216
TGAGATG,359,340
GGAGATG,255,213
CGAGATG,279,243
AGAGATG,223,208
TCAGATG,169,131
GCAGATG,492,404
CCAGATG,208,182
ACAGATG,296,211
TAAGATG,170,184
GAAGATG,190,192
CAAGATG,147,144
AAAGATG,159,126
TTTCATG,154,120
GTTCATG,417,270
CTTCATG,157,146
ATTCATG,229,173
TGTCATG,3679,3278
GGTCATG,606,496
CGTCATG,1266,1040
AGTCATG,873,733
TCTCATG,182,159
GCTCATG,480,386
CCTCATG,197,172
ACTCATG,220,181
TATCATG,1416,1121
GATCATG,438,387
CATCATG,632,475
AATCATG,371,281
TTGCATG,5192,4433
GTGCATG,7452,6086
CTGCATG,4330,3700
ATGCATG,4963,4157
TGGCATG,4627,4002
GGGCATG,4275,3689
CGGCATG,4007,3300
AGGCATG,3635,2986
TCGCATG,4489,3913
GCGCATG,6915,5873
CCGCATG,4723,3960
ACGCATG,4830,4015
TAGCATG,3519,3035
GAGCATG,3810,3179
CAGCATG,2727,2333
AAGCATG,3099,2613
TTCCATG,143,134
GTCCATG,316,276
CTCCATG,151,125
ATCCATG,198,171
TGCCATG,1416,1091
GGCCATG,489,468
CGCCATG,659,547
AGCCATG,440,319
TCCCATG,229,161
GCCCATG,614,451
CCCCATG,203,159
ACCCATG,222,170
TACCATG,367,322
GACCATG,281,237
CACCATG,189,162
AACCATG,227,148
TTACATG,277,234
GTACATG,434,399
CTACATG,249,193
ATACATG,443,344
TGACATG,1378,1188
GGACATG,397,315
CGACATG,635,550
AGACATG,349,321
TCACATG,231,221
GCACATG,938,701
CCACATG,258,239
ACACATG,413,354
TAACATG,531,403
GAACATG,256,214
CAACATG,255,238
AAACATG,355,274
TTTAATG,216,164
GTTAATG,631,523
CTTAATG,226,179
ATTAATG,286,235
TGTAATG,2786,2272
GGTAATG,620,507
CGTAATG,563,419
AGTAATG,670,553
TCTAATG,224,138
GCTAATG,530,473
CCTAATG,217,196
ACTAATG,272,234
TATAATG,582,440
GATAATG,338,283
CATAATG,244,211
AATAATG,255,201
TTGAATG,919,758
GTGAATG,1298,1123
CTGAATG,645,566
ATGAATG,749,616
TGGAATG,532,463
GGGAATG,518,457
CGGAATG,436,379
AGGAATG,377,326
TCGAATG,578,496
GCGAATG,1117,913
CCGAATG,608,480
ACGAATG,545,444
TAGAATG,408,383
GAGAATG,410,324
CAGAATG,266,229
AAGAATG,299,242
TTCAATG,179,173
GTCAATG,371,273
CTCAATG,186,169
ATCAATG,225,200
TGCAATG,2000,1738
GGCAATG,833,629
CGCAATG,1064,837
AGCAATG,701,547
TCCAATG,170,144
GCCAATG,502,374
CCCAATG,205,181
ACCAATG,228,219
TACAATG,337,288
GACAATG,347,315
CACAATG,245,198
AACAATG,277,246
TTAAATG,229,204
GTAAATG,367,321
CTAAATG,182,214
ATAAATG,231,207
TGAAATG,267,219
GGAAATG,206,194
CGAAATG,232,217
AGAAATG,166,146
TCAAATG,151,139
GCAAATG,598,467
CCAAATG,205,152
ACAAATG,297,248
TAAAATG,129,120
GAAAATG,151,135
CAAAATG,159,133
AAAAATG,124,104
TTTTTGG,172,128
GTTTTGG,2751,2327
CTTTTGG,166,151
ATTTTGG,508,412
TGTTTGG,5593,4359
GGTTTGG,2879,2434
CGTTTGG,3040,2505
AGTTTGG,3329,2766
TCTTTGG,548,433
GCTTTGG,789,672
CCTTTGG,234,212
ACTTTGG,293,251
TATTTGG,3270,2685
GATTTGG,1379,1128
CATTTGG,1031,931
AATTTGG,1132,979
TTGTTGG,4983,4031
GTGTTGG,6023,5072
CTGTTGG,3756,3118
ATGTTGG,4297,3695
TGGTTGG,2335,2109
GGGTTGG,907,743
CGGTTGG,1546,1266
AGGTTGG,992,908
TCGTTGG,1153,976
GCGTTGG,1735,1493
CCGTTGG,1005,912
ACGTTGG,923,806
TAGTTGG,2074,1711
GAGTTGG,1182,992
CAGTTGG,1215,1089
AAGTTGG,1372,1110
TTCTTGG,193,137
GTCTTGG,308,210
CTCTTGG,143,117
ATCTTGG,151,148
TGCTTGG,4232,3623
GGCTTGG,903,767
CGCTTGG,1091,918
AGCTTGG,1114,958
TCCTTGG,137,123
GCCTTGG,505,434
CCCTTGG,161,133
ACCTTGG,178,135
TACTTGG,632,565
GACTTGG,251,228
CACTTGG,235,194
AACTTGG,183,185
TTATTGG,2472,2086
GTATTGG,3078,2553
CTATTGG,1962,1576
ATATTGG,1657,1530
TGATTGG,3395,2905
GGATTGG,949,726
CGATTGG,2032,1874
AGATTGG,1002,826
TCATTGG,528,452
GCATTGG,1501,1302
CCATTGG,392,350
ACATTGG,418,384
TAATTGG,1737,1390
GAATTGG,715,547
CAATTGG,883,826
AAATTGG,490,392
TTTGTGG,270,281
GTTGTGG,4755,4063
CTTGTGG,277,218
ATTGTGG,912,828
TGTGTGG,4962,4163
GGTGTGG,1286,1106
CGTGTGG,1136,960
AGTGTGG,1674,1395
TCTGTGG,214,174
GCTGTGG,799,659
CCTGTGG,217,200
ACTGTGG,262,217
TATGTGG,2048,1685
GATGTGG,837,687
CATGTGG,405,393
AATGTGG,582,472
TTGGTGG,397,377
GTGGTGG,1115,858
CTGGTGG,311,259
ATGGTGG,427,320
TGGGTGG,558,539
GGGGTGG,452,371
CGGGTGG,415,317
AGGGTGG,366,293
TCGGTGG,333,266
GCGGTGG,854,787
CCGGTGG,334,287
ACGGTGG,372,303
TAGGTGG,388,297
GAGGTGG,305,273
CAGGTGG,245,197
AAGGTGG,235,159
TTCGTGG,190,195
GTCGTGG,479,353
CTCGTGG,166,149
ATCGTGG,216,168
TGCGTGG,3511,3013
GGCGTGG,1264,1060
CGCGTGG,1305,1082
AGCGTGG,939,845
TCCGTGG,215,180
GCCGTGG,614,526
CCCGTGG,235,177
ACCGTGG,297,260
TACGTGG,382,330
GACGTGG,317,303
CACGTGG,220,172
AACGTGG,206,210
TTAGTGG,265,221
GTAGTGG,693,554
CTAGTGG,219,171
ATAGTGG,306,274
TGAGTGG,802,659
GGAGTGG,340,315
CGAGTGG,368,295
AGAGTGG,307,257
TCAGTGG,245,207
GCAGTGG,597,544
CCAGTGG,253,203
ACAGTGG,277,257
TAAGTGG,271,272
GAAGTGG,215,197
CAAGTGG,190,176
AAAGTGG,202,112
TTTCTGG,119,84
GTTCTGG,194,145
CTTCTGG,108,72
ATTCTGG,129,97
TGTCTGG,2543,2183
GGTCTGG,281,215
CGTCTGG,265,258
AGTCTGG,321,252
TCTCTGG,105,70
GCTCTGG,238,237
CCTCTGG,120,95
ACTCTGG,124,100
TATCTGG,299,263
GATCTGG,124,136
CATCTGG,142,123
AATCTGG,111,93
TTGCTGG,1459,1342
GTGCTGG,1328,1166
CTGCTGG,739,674
ATGCTGG,1071,842
TGGCTGG,625,438
GGGCTGG,414,359
CGGCTGG,381,359
AGGCTGG,413,366
TCGCTGG,455,352
GCGCTGG,1100,934
CCGCTGG,538,413
ACGCTGG,489,388
TAGCTGG,437,385
GAGCTGG,311,274
CAGCTGG,179,149
AAGCTGG,313,257
TTCCTGG,113,88
GTCCTGG,224,183
CTCCTGG,86,84
ATCCTGG,113,94
TGCCTGG,875,670
GGCCTGG,353,338
CGCCTGG,364,383
AGCCTGG,299,254
TCCCTGG,129,101
GCCCTGG,293,325
CCCCTGG,139,100
ACCCTGG,149,133
TACCTGG,205,187
GACCTGG,164,142
CACCTGG,117,102
AACCTGG,114,84
TTACTGG,185,163
GTACTGG,306,241
CTACTGG,166,120
ATACTGG,231,163
TGACTGG,358,316
GGACTGG,194,171
CGACTGG,217,196
AGACTGG,193,151
TCACTGG,156,115
GCACTGG,481,403
CCACTGG,164,133
ACACTGG,216,215
TAACTGG,167,138
GAACTGG,156,105
CAACTGG,121,87
AAACTGG,146,121
TTTATGG,179,119
GTTATGG,2257,1930
CTTATGG,171,153
ATTATGG,461,390
TGTATGG,4473,3740
GGTATGG,1190,1004
CGTATGG,1327,1055
AGTATGG,1486,1191
TCTATGG,147,133
GCTATGG,681,522
CCTATGG,198,152
ACTATGG,226,156
TATATGG,1041,795
GATATGG,438,373
CATATGG,362,268
AATATGG,330,278
TTGATGG,1025,865
GTGATGG,1599,1247
CTGATGG,601,507
ATGATGG,868,660
TGGATGG,663,592
GGGATGG,398,296
CGGATGG,341,283
AGGATGG,308,251
TCGATGG,479,466
GCGATGG,903,727
CCGATGG,440,404
ACGATGG,503,376
TAGATGG,440,413
GAGATGG,319,291
CAGATGG,236,196
AAGATGG,246,184
TTCATGG,153,134
GTCATGG,404,307
CTCATGG,144,102
ATCATGG,163,178
TGCATGG,2393,2032
GGCATGG,774,678
CGCATGG,1065,940
AGCATGG,699,556
TCCATGG,155,135
GCCATGG,660,517
CCCATGG,173,163
ACCATGG,199,130
TACATGG,308,237
GACATGG,304,248
CACATGG,190,149
AACATGG,202,144
TTAATGG,356,284
GTAATGG,627,447
CTAATGG,281,222
ATAATGG,288,223
TGAATGG,732,679
GGAATGG,283,230
CGAATGG,324,321
AGAATGG,198,190
TCAATGG,214,195
GCAATGG,865,737
CCAATGG,220,174
ACAATGG,306,253
TAAATGG,276,219
GAAATGG,158,145
CAAATGG,160,145
AAAATGG,126,96
TTTTGGG,110,91
GTTTGGG,3407,2760
CTTTGGG,145,134
ATTTGGG,504,417
TGTTGGG,5436,4369
GGTTGGG,1948,1681
CGTTGGG,2157,1877
AGTTGGG,2468,2147
TCTTGGG,250,222
GCTTGGG,627,509
CCTTGGG,161,137
ACTTGGG,177,158
TATTGGG,2843,2390
GATTGGG,943,799
CATTGGG,644,563
AATTGGG,939,766
TTGTGGG,1358,1103
GTGTGGG,1934,1524
CTGTGGG,661,626
ATGTGGG,891,775
TGGTGGG,1241,1078
GGGTGGG,499,449
CGGTGGG,560,515
AGGTGGG,436,345
TCGTGGG,401,297
GCGTGGG,1588,1361
CCGTGGG,425,377
ACGTGGG,399,290
TAGTGGG,634,551
GAGTGGG,413,353
CAGTGGG,336,289
AAGTGGG,334,286
TTCTGGG,107,92
GTCTGGG,173,172
CTCTGGG,93,68
ATCTGGG,104,88
TGCTGGG,2666,2062
GGCTGGG,340,228
CGCTGGG,339,320
AGCTGGG,346,297
TCCTGGG,113,79
GCCTGGG,753,700
CCCTGGG,146,97
ACCTGGG,130,98
TACTGGG,282,218
GACTGGG,185,144
CACTGGG,133,94
AACTGGG,123,83
TTATGGG,305,238
GTATGGG,884,712
CTATGGG,246,223
ATATGGG,251,250
TGATGGG,2400,1960
GGATGGG,452,365
CGATGGG,867,776
AGATGGG,460,367
TCATGGG,205,148
GCATGGG,1679,1310
CCATGGG,206,183
ACATGGG,235,184
TAATGGG,692,585
GAATGGG,264,228
CAATGGG,285,264
AAATGGG,182,165
TTTGGGG,145,122
GTTGGGG,1499,1182
CTTGGGG,150,124
ATTGGGG,309,271
TGTGGGG,4013,3241
GGTGGGG,795,647
CGTGGGG,776,608
AGTGGGG,902,710
TCTGGGG,126,99
GCTGGGG,359,316
CCTGGGG,148,101
ACTGGGG,145,115
TATGGGG,748,674
GATGGGG,289,287
CATGGGG,251,210
AATGGGG,242,180
TTGGGGG,326,300
GTGGGGG,785,600
CTGGGGG,352,270
ATGGGGG,352,270
TGGGGGG,817,727
GGGGGGG,720,680
CGGGGGG,666,650
AGGGGGG,510,372
TCGGGGG,322,286
GCGGGGG,1020,856
CCGGGGG,471,389
ACGGGGG,429,344
TAGGGGG,448,358
GAGGGGG,407,352
CAGGGGG,299,254
AAGGGGG,253,212
TTCGGGG,157,116
GTCGGGG,215,221
CTCGGGG,115,98
ATCGGGG,147,120
TGCGGGG,1224,1043
GGCGGGG,308,276
CGCGGGG,268,247
AGCGGGG,252,240
TCCGGGG,131,106
GCCGGGG,391,330
CCCGGGG,142,123
ACCGGGG,162,138
TACGGGG,205,184
GACGGGG,205,186
CACGGGG,127,108
AACGGGG,125,142
TTAGGGG,171,127
GTAGGGG,316,297
CTAGGGG,170,125
ATAGGGG,138,140
TGAGGGG,486,435
GGAGGGG,235,178
CGAGGGG,239,188
AGAGGGG,207,185
TCAGGGG,157,158
GCAGGGG,528,457
CCAGGGG,190,155
ACAGGGG,235,166
TAAGGGG,184,155
GAAGGGG,171,147
CAAGGGG,108,116
AAAGGGG,136,108
TTTCGGG,119,84
GTTCGGG,210,193
CTTCGGG,110,118
ATTCGGG,146,131
TGTCGGG,2641,2316
GGTCGGG,282,240
CGTCGGG,356,334
AGTCGGG,338,256
TCTCGGG,113,97
GCTCGGG,255,237
CCTCGGG,141,96
ACTCGGG,152,119
TATCGGG,427,331
GATCGGG,201,148
CATCGGG,211,127
AATCGGG,160,120
TTGCGGG,1125,927
GTGCGGG,1583,1348
CTGCGGG,707,592
ATGCGGG,1047,905
TGGCGGG,640,537
GGGCGGG,522,468
CGGCGGG,460,353
AGGCGGG,490,432
TCGCGGG,494,420
GCGCGGG,1173,1005
CCGCGGG,564,433
ACGCGGG,481,423
TAGCGGG,410,327
GAGCGGG,350,300
CAGCGGG,278,229
AAGCGGG,309,255
TTCCGGG,113,72
GTCCGGG,152,160
CTCCGGG,107,75
ATCCGGG,119,91
TGCCGGG,426,414
GGCCGGG,205,189
CGCCGGG,166,145
AGCCGGG,134,125
TCCCGGG,101,87
GCCCGGG,262,277
CCCCGGG,118,87
ACCCGGG,140,94
TACCGGG,224,143
GACCGGG,163,180
CACCGGG,106,85
AACCGGG,104,91
TTACGGG,129,104
GTACGGG,219,216
CTACGGG,118,95
ATACGGG,162,159
TGACGGG,359,324
GGACGGG,168,166
CGACGGG,207,183
AGACGGG,177,148
TCACGGG,123,97
GCACGGG,419,365
CCACGGG,146,91
ACACGGG,194,157
TAACGGG,170,142
GAACGGG,158,155
CAACGGG,114,101
AAACGGG,121,98
TTTAGGG,83,94
GTTAGGG,651,502
CTTAGGG,101,98
ATTAGGG,169,131
TGTAGGG,2961,2446
GGTAGGG,529,450
CGTAGGG,612,558
AGTAGGG,685,564
TCTAGGG,101,93
GCTAGGG,324,269
CCTAGGG,102,108
ACTAGGG,118,97
TATAGGG,460,395
GATAGGG,266,213
CATAGGG,173,134
AATAGGG,182,173
TTGAGGG,282,213
GTGAGGG,484,439
CTGAGGG,210,202
ATGAGGG,272,214
TGGAGGG,411,379
GGGAGGG,247,228
CGGAGGG,247,199
AGGAGGG,185,172
TCGAGGG,203,196
GCGAGGG,574,466
CCGAGGG,238,170
ACGAGGG,211,199
TAGAGGG,243,207
GAGAGGG,171,164
CAGAGGG,142,108
AAGAGGG,156,116
TTCAGGG,112,70
GTCAGGG,176,137
CTCAGGG,92,57
ATCAGGG,127,95
TGCAGGG,652,517
GGCAGGG,217,211
CGCAGGG,208,207
AGCAGGG,213,149
TCCAGGG,87,64
GCCAGGG,530,460
CCCAGGG,124,96
ACCAGGG,149,108
TACAGGG,209,163
GACAGGG,188,155
CACAGGG,106,94
AACAGGG,124,99
TTAAGGG,127,107
GTAAGGG,238,189
CTAAGGG,106,89
ATAAGGG,141,93
TGAAGGG,269,207
GGAAGGG,150,133
CGAAGGG,176,150
AGAAGGG,130,115
TCAAGGG,96,96
GCAAGGG,584,514
CCAAGGG,109,100
ACAAGGG,153,163
TAAAGGG,108,91
GAAAGGG,114,102
CAAAGGG,77,71
AAAAGGG,91,70
TTTTCGG,99,87
GTTTCGG,689,568
CTTTCGG,125,95
ATTTCGG,168,160
TGTTCGG,2103,1757
GGTTCGG,229,188
CGTTCGG,245,191
AGTTCGG,256,210
TCTTCGG,89,89
GCTTCGG,331,245
CCTTCGG,124,90
ACTTCGG,111,101
TATTCGG,423,348
GATTCGG,231,197
CATTCGG,140,119
AATTCGG,154,138
TTGTCGG,702,541
GTGTCGG,935,758
CTGTCGG,410,318
ATGTCGG,500,374
TGGTCGG,266,217
GGGTCGG,208,191
CGGTCGG,201,156
AGGTCGG,211,128
TCGTCGG,197,157
GCGTCGG,799,646
CCGTCGG,239,167
ACGTCGG,249,204
TAGTCGG,198,152
GAGTCGG,249,185
CAGTCGG,137,115
AAGTCGG,161,138
TTCTCGG,89,91
GTCTCGG,226,176
CTCTCGG,118,75
ATCTCGG,98,96
TGCTCGG,290,250
GGCTCGG,232,184
CGCTCGG,141,130
AGCTCGG,115,127
TCCTCGG,109,73
GCCTCGG,487,434
CCCTCGG,127,108
ACCTCGG,141,117
TACTCGG,194,140
GACTCGG,149,153
CACTCGG,117,113
AACTCGG,107,104
TTATCGG,203,153
GTATCGG,577,536
CTATCGG,167,137
ATATCGG,211,174
TGATCGG,221,202
GGATCGG,161,130
CGATCGG,182,163
AGATCGG,151,118
TCATCGG,138,120
GCATCGG,990,903
CCATCGG,195,149
ACATCGG,195,213
TAATCGG,175,135
GAATCGG,150,144
CAATCGG,129,121
AAATCGG,98,94
TTTGCGG,290,253
GTTGCGG,2508,2186
CTTGCGG,260,212
ATTGCGG,597,550
TGTGCGG,1945,1643
GGTGCGG,592,524
CGTGCGG,409,360
AGTGCGG,469,386
TCTGCGG,176,152
GCTGCGG,613,478
CCTGCGG,197,187
ACTGCGG,266,225
TATGCGG,859,672
GATGCGG,2879,2480
CATGCGG,446,405
AATGCGG,1037,928
TTGGCGG,347,286
GTGGCGG,1885,1496
CTGGCGG,229,215
ATGGCGG,516,472
TGGGCGG,441,405
GGGGCGG,361,326
CGGGCGG,276,227
AGGGCGG,300,204
TCGGCGG,241,192
GCGGCGG,677,604
CCGGCGG,208,200
ACGGCGG,253,236
TAGGCGG,414,347
GAGGCGG,1003,753
CAGGCGG,278,223
AAGGCGG,451,367
TTCGCGG,193,159
GTCGCGG,443,360
CTCGCGG,176,155
ATCGCGG,250,186
TGCGCGG,747,630
GGCGCGG,502,396
CGCGCGG,401,366
AGCGCGG,335,292
TCCGCGG,177,160
GCCGCGG,528,476
CCCGCGG,199,154
ACCGCGG,227,182
TACGCGG,308,275
GACGCGG,582,441
CACGCGG,390,341
AACGCGG,313,247
TTAGCGG,181,174
GTAGCGG,520,367
CTAGCGG,203,162
ATAGCGG,265,229
TGAGCGG,258,219
GGAGCGG,269,199
CGAGCGG,224,189
AGAGCGG,158,154
TCAGCGG,165,144
GCAGCGG,479,397
CCAGCGG,194,169
ACAGCGG,209,177
TAAGCGG,201,152
GAAGCGG,236,216
CAAGCGG,212,203
AAAGCGG,242,194
TTTCCGG,104,88
GTTCCGG,228,199
CTTCCGG,97,89
ATTCCGG,153,122
TGTCCGG,1063,901
GGTCCGG,224,187
CGTCCGG,215,181
AGTCCGG,181,150
TCTCCGG,104,60
GCTCCGG,243,216
CCTCCGG,132,90
ACTCCGG,109,113
TATCCGG,212,180
GATCCGG,172,139
CATCCGG,145,135
AATCCGG,89,83
TTGCCGG,1008,829
GTGCCGG,1491,1291
CTGCCGG,654,542
ATGCCGG,1073,884
TGGCCGG,556,517
GGGCCGG,474,409
CGGCCGG,397,342
AGGCCGG,478,386
TCGCCGG,549,426
GCGCCGG,1356,1088
CCGCCGG,661,554
ACGCCGG,523,419
TAGCCGG,393,305
GAGCCGG,335,301
CAGCCGG,235,171
AAGCCGG,269,219
TTCCCGG,100,93
GTCCCGG,242,198
CTCCCGG,86,82
ATCCCGG,138,117
TGCCCGG,311,287
GGCCCGG,231,210
CGCCCGG,186,138
AGCCCGG,172,131
TCCCCGG,137,81
GCCCCGG,319,273
CCCCCGG,141,107
ACCCCGG,171,107
TACCCGG,187,152
GACCCGG,178,159
CACCCGG,114,109
AACCCGG,117,112
TTACCGG,148,130
GTACCGG,302,288
CTACCGG,148,125
ATACCGG,204,199
TGACCGG,185,189
GGACCGG,198,176
CGACCGG,160,133
AGACCGG,186,118
TCACCGG,138,101
GCACCGG,538,394
CCACCGG,124,113
ACACCGG,225,185
TAACCGG,132,111
GAACCGG,207,174
CAACCGG,129,116
AAACCGG,149,133
TTTACGG,133,124
GTTACGG,842,703
CTTACGG,164,157
ATTACGG,240,163
TGTACGG,1563,1249
GGTACGG,364,321
CGTACGG,315,234
AGTACGG,289,270
TCTACGG,121,99
GCTACGG,396,344
CCTACGG,150,129
ACTACGG,186,149
TATACGG,336,262
GATACGG,992,824
CATACGG,199,185
AATACGG,262,206
TTGACGG,257,225
GTGACGG,516,469
CTGACGG,217,195
ATGACGG,312,253
TGGACGG,256,233
GGGACGG,275,208
CGGACGG,198,138
AGGACGG,185,132
TCGACGG,169,161
GCGACGG,518,416
CCGACGG,192,154
ACGACGG,226,180
TAGACGG,209,161
GAGACGG,185,201
CAGACGG,146,128
AAGACGG,137,129
TTCACGG,115,109
GTCACGG,277,217
CTCACGG,128,110
ATCACGG,166,135
TGCACGG,453,392
GGCACGG,284,240
CGCACGG,262,234
AGCACGG,219,184
TCCACGG,119,118
GCCACGG,590,484
CCCACGG,157,125
ACCACGG,163,151
TACACGG,249,211
GACACGG,241,223
CACACGG,173,133
AACACGG,149,149
TTAACGG,171,146
GTAACGG,377,304
CTAACGG,166,172
ATAACGG,183,182
TGAACGG,212,170
GGAACGG,173,143
CGAACGG,186,138
AGAACGG,135,110
TCAACGG,128,113
GCAACGG,774,676
CCAACGG,135,121
ACAACGG,273,215
TAAACGG,163,130
GAAACGG,188,170
CAAACGG,160,115
AAAACGG,139,114
TTTTAGG,101,77
GTTTAGG,2727,2432
CTTTAGG,109,95
ATTTAGG,600,478
TGTTAGG,3939,3193
GGTTAGG,565,487
CGTTAGG,628,508
AGTTAGG,855,691
TCTTAGG,132,113
GCTTAGG,498,461
CCTTAGG,139,105
ACTTAGG,132,123
TATTAGG,1566,1288
GATTAGG,412,326
CATTAGG,265,202
AATTAGG,297,238
TTGTAGG,1034,812
GTGTAGG,1617,1264
CTGTAGG,604,485
ATGTAGG,796,638
TGGTAGG,449,387
GGGTAGG,311,230
CGGTAGG,346,262
AGGTAGG,295,180
TCGTAGG,244,224
GCGTAGG,695,559
CCGTAGG,299,264
ACGTAGG,290,233
TAGTAGG,312,294
GAGTAGG,252,193
CAGTAGG,221,159
AAGTAGG,254,187
TTCTAGG,88,77
GTCTAGG,216,205
CTCTAGG,96,78
ATCTAGG,85,94
TGCTAGG,1076,862
GGCTAGG,269,190
CGCTAGG,285,231
AGCTAGG,222,177
TCCTAGG,127,72
GCCTAGG,275,234
CCCTAGG,124,101
ACCTAGG,92,98
TACTAGG,201,150
GACTAGG,171,117
CACTAGG,119,75
AACTAGG,91,91
TTATAGG,189,174
GTATAGG,682,580
CTATAGG,175,137
ATATAGG,210,173
TGATAGG,926,722
GGATAGG,221,203
CGATAGG,418,350
AGATAGG,221,169
TCATAGG,169,127
GCATAGG,445,366
CCATAGG,155,116
ACATAGG,195,167
TAATAGG,433,353
GAATAGG,164,145
CAATAGG,225,190
AAATAGG,155,157
TTTGAGG,139,130
GTTGAGG,550,531
CTTGAGG,125,116
ATTGAGG,216,180
TGTGAGG,2326,1955
GGTGAGG,351,309
CGTGAGG,327,263
AGTGAGG,391,343
TCTGAGG,107,92
GCTGAGG,330,289
CCTGAGG,119,109
ACTGAGG,155,139
TATGAGG,673,519
GATGAGG,238,192
CATGAGG,184,177
AATGAGG,197,160
TTGGAGG,201,143
GTGGAGG,296,262
CTGGAGG,148,135
ATGGAGG,211,159
TGGGAGG,227,201
GGGGAGG,216,176
CGGGAGG,167,150
AGGGAGG,158,144
TCGGAGG,184,153
GCGGAGG,446,419
CCGGAGG,160,133
ACGGAGG,215,129
TAGGAGG,166,147
GAGGAGG,142,152
CAGGAGG,95,110
AAGGAGG,115,89
TTCGAGG,149,113
GTCGAGG,211,171
CTCGAGG,109,100
ATCGAGG,128,110
TGCGAGG,553,469
GGCGAGG,292,237
CGCGAGG,230,205
AGCGAGG,225,178
TCCGAGG,132,101
GCCGAGG,322,300
CCCGAGG,127,124
ACCGAGG,195,142
TACGAGG,239,186
GACGAGG,186,159
CACGAGG,137,93
AACGAGG,155,108
TTAGAGG,137,124
GTAGAGG,191,163
CTAGAGG,106,127
ATAGAGG,145,109
TGAGAGG,201,186
GGAGAGG,143,113
CGAGAGG,136,125
AGAGAGG,109,100
TCAGAGG,106,109
GCAGAGG,326,278
CCAGAGG,132,119
ACAGAGG,156,144
TAAGAGG,114,96
GAAGAGG,125,79
CAAGAGG,79,99
AAAGAGG,84,71
TTTCAGG,67,76
GTTCAGG,202,175
CTTCAGG,100,96
ATTCAGG,121,95
TGTCAGG,1642,1456
GGTCAGG,234,179
CGTCAGG,325,285
AGTCAGG,226,215
TCTCAGG,104,76
GCTCAGG,249,187
CCTCAGG,105,94
ACTCAGG,116,103
TATCAGG,302,260
GATCAGG,144,131
CATCAGG,151,120
AATCAGG,137,93
TTGCAGG,1193,1027
GTGCAGG,1755,1472
CTGCAGG,773,623
ATGCAGG,1081,979
TGGCAGG,573,482
GGGCAGG,493,391
CGGCAGG,368,345
AGGCAGG,438,319
TCGCAGG,622,551
GCGCAGG,1359,1062
CCGCAGG,653,508
ACGCAGG,554,528
TAGCAGG,419,362
GAGCAGG,342,293
CAGCAGG,230,222
AAGCAGG,271,233
TTCCAGG,97,73
GTCCAGG,156,132
CTCCAGG,87,79
ATCCAGG,99,76
TGCCAGG,323,280
GGCCAGG,165,174
CGCCAGG,201,175
AGCCAGG,143,127
TCCCAGG,109,101
GCCCAGG,241,253
CCCCAGG,90,96
ACCCAGG,107,83
TACCAGG,203,149
GACCAGG,138,121
CACCAGG,108,95
AACCAGG,78,67
TTACAGG,106,91
GTACAGG,238,186
CTACAGG,122,94
ATACAGG,230,203
TGACAGG,276,244
GGACAGG,170,134
CGACAGG,184,152
AGACAGG,146,143
TCACAGG,138,102
GCACAGG,438,352
CCACAGG,100,119
ACACAGG,214,190
TAACAGG,125,109
GAACAGG,126,104
CAACAGG,117,90
AAACAGG,207,176
TTTAAGG,96,93
GTTAAGG,286,252
CTTAAGG,85,86
ATTAAGG,156,108
TGTAAGG,1219,1047
GGTAAGG,255,218
CGTAAGG,219,194
AGTAAGG,255,218
TCTAAGG,115,78
GCTAAGG,314,250
CCTAAGG,154,92
ACTAAGG,122,121
TATAAGG,214,168
GATAAGG,151,142
CATAAGG,117,81
AATAAGG,141,105
TTGAAGG,205,187
GTGAAGG,315,271
CTGAAGG,136,116
ATGAAGG,179,149
TGGAAGG,163,154
GGGAAGG,180,166
CGGAAGG,141,135
AGGAAGG,139,108
TCGAAGG,184,136
GCGAAGG,412,331
CCGAAGG,161,136
ACGAAGG,157,167
TAGAAGG,165,140
GAGAAGG,125,122
CAGAAGG,102,89
AAGAAGG,101,92
TTCAAGG,96,76
GTCAAGG,155,147
CTCAAGG,78,83
ATCAAGG,93,80
TGCAAGG,479,407
GGCAAGG,244,231
CGCAAGG,269,239
AGCAAGG,187,181
TCCAAGG,107,87
GCCAAGG,244,233
CCCAAGG,111,93
ACCAAGG,105,106
TACAAGG,156,190
GACAAGG,154,171
CACAAGG,108,110
AACAAGG,135,97
TTAAAGG,88,89
GTAAAGG,180,131
CTAAAGG,90,96
ATAAAGG,106,76
TGAAAGG,136,103
GGAAAGG,94,99
CGAAAGG,146,102
AGAAAGG,79,73
TCAAAGG,96,78
GCAAAGG,298,282
CCAAAGG,97,82
ACAAAGG,146,108
TAAAAGG,122,65
GAAAAGG,80,68
CAAAAGG,99,79
AAAAAGG,59,58
TTTTTCG,174,135
GTTTTCG,3234,2609
CTTTTCG,205,143
ATTTTCG,511,403
TGTTTCG,4175,3485
GGTTTCG,1042,849
CGTTTCG,1179,979
AGTTTCG,1410,1259
TCTTTCG,203,218
GCTTTCG,951,747
CCTTTCG,249,204
ACTTTCG,220,228
TATTTCG,1695,1403
GATTTCG,622,487
CATTTCG,418,343
AATTTCG,408,371
TTGTTCG,1013,855
GTGTTCG,1606,1388
CTGTTCG,581,454
ATGTTCG,779,638
TGGTTCG,984,916
GGGTTCG,538,449
CGGTTCG,758,599
AGGTTCG,554,411
TCGTTCG,340,363
GCGTTCG,1215,949
CCGTTCG,433,339
ACGTTCG,385,365
TAGTTCG,618,531
GAGTTCG,402,367
CAGTTCG,425,363
AAGTTCG,309,238
TTCTTCG,153,91
GTCTTCG,280,244
CTCTTCG,145,129
ATCTTCG,128,115
TGCTTCG,1671,1422
GGCTTCG,413,315
CGCTTCG,410,350
AGCTTCG,346,291
TCCTTCG,185,138
GCCTTCG,713,546
CCCTTCG,215,171
ACCTTCG,202,168
TACTTCG,345,248
GACTTCG,221,193
CACTTCG,178,131
AACTTCG,122,128
TTATTCG,347,286
GTATTCG,1048,972
CTATTCG,338,233
ATATTCG,313,259
TGATTCG,1222,1037
GGATTCG,323,299
CGATTCG,757,597
AGATTCG,404,308
TCATTCG,220,238
GCATTCG,2931,2356
CCATTCG,283,245
ACATTCG,304,265
TAATTCG,427,394
GAATTCG,280,268
CAATTCG,299,276
AAATTCG,211,142
TTTGTCG,314,241
GTTGTCG,4718,4025
CTTGTCG,313,239
ATTGTCG,923,703
TGTGTCG,4429,3715
GGTGTCG,1245,1051
CGTGTCG,1049,823
AGTGTCG,1412,1129
TCTGTCG,228,181
GCTGTCG,841,719
CCTGTCG,276,220
ACTGTCG,327,244
TATGTCG,1443,1154
GATGTCG,787,704
CATGTCG,577,448
AATGTCG,547,429
TTGGTCG,379,321
GTGGTCG,934,725
CTGGTCG,366,301
ATGGTCG,511,420
TGGGTCG,693,556
GGGGTCG,530,453
CGGGTCG,563,487
AGGGTCG,547,459
TCGGTCG,334,299
GCGGTCG,920,698
CCGGTCG,340,287
ACGGTCG,447,382
TAGGTCG,424,295
GAGGTCG,383,307
CAGGTCG,306,263
AAGGTCG,257,236
TTCGTCG,239,233
GTCGTCG,496,377
CTCGTCG,231,193
ATCGTCG,275,213
TGCGTCG,1967,1663
GGCGTCG,935,820
CGCGTCG,876,723
AGCGTCG,749,669
TCCGTCG,308,243
GCCGTCG,756,667
CCCGTCG,290,246
ACCGTCG,420,305
TACGTCG,585,399
GACGTCG,421,405
CACGTCG,315,243
AACGTCG,321,249
TTAGTCG,227,229
GTAGTCG,511,419
CTAGTCG,237,205
ATAGTCG,322,247
TGAGTCG,569,446
GGAGTCG,352,307
CGAGTCG,397,315
AGAGTCG,325,275
TCAGTCG,268,224
GCAGTCG,639,577
CCAGTCG,303,249
ACAGTCG,350,323
TAAGTCG,256,210
GAAGTCG,242,203
CAAGTCG,164,162
AAAGTCG,200,168
TTTCTCG,119,98
GTTCTCG,260,189
CTTCTCG,121,107
ATTCTCG,164,146
TGTCTCG,1691,1357
GGTCTCG,260,219
CGTCTCG,268,206
AGTCTCG,315,242
TCTCTCG,127,107
GCTCTCG,391,281
CCTCTCG,138,120
ACTCTCG,167,126
TATCTCG,297,234
GATCTCG,170,158
CATCTCG,155,140
AATCTCG,111,91
TTGCTCG,519,458
GTGCTCG,982,796
CTGCTCG,458,338
ATGCTCG,699,616
TGGCTCG,606,520
GGGCTCG,555,448
CGGCTCG,394,351
AGGCTCG,466,382
TCGCTCG,485,427
GCGCTCG,1345,1103
CCGCTCG,599,481
ACGCTCG,604,497
TAGCTCG,425,318
GAGCTCG,395,315
CAGCTCG,295,241
AAGCTCG,294,243
TTCCTCG,142,125
GTCCTCG,239,230
CTCCTCG,123,88
ATCCTCG,175,145
TGCCTCG,960,767
GGCCTCG,588,555
CGCCTCG,728,634
AGCCTCG,484,451
TCCCTCG,181,132
GCCCTCG,483,336
CCCCTCG,179,134
ACCCTCG,226,202
TACCTCG,275,270
GACCTCG,235,197
CACCTCG,168,142
AACCTCG,138,139
TTACTCG,197,128
GTACTCG,338,297
CTACTCG,189,149
ATACTCG,241,236
TGACTCG,361,294
GGACTCG,302,225
CGACTCG,294,244
AGACTCG,225,197
TCACTCG,270,190
GCACTCG,792,663
CCACTCG,264,184
ACACTCG,371,281
TAACTCG,209,182
GAACTCG,194,151
CAACTCG,155,99
AAACTCG,155,130
TTTATCG,218,176
GTTATCG,2523,2122
CTTATCG,223,195
ATTATCG,503,449
TGTATCG,3147,2755
GGTATCG,915,721
CGTATCG,1001,853
AGTATCG,1155,991
TCTATCG,186,163
GCTATCG,744,603
CCTATCG,246,204
ACTATCG,306,234
TATATCG,870,650
GATATCG,593,457
CATATCG,460,410
AATATCG,366,282
TTGATCG,354,282
GTGATCG,1015,811
CTGATCG,292,304
ATGATCG,444,353
TGGATCG,358,332
GGGATCG,348,283
CGGATCG,270,229
AGGATCG,211,189
TCGATCG,325,245
GCGATCG,798,613
CCGATCG,294,270
ACGATCG,377,270
TAGATCG,280,249
GAGATCG,233,208
CAGATCG,175,168
AAGATCG,172,150
TTCATCG,191,183
GTCATCG,540,423
CTCATCG,192,132
ATCATCG,231,180
TGCATCG,3314,2606
GGCATCG,1494,1251
CGCATCG,2159,1793
AGCATCG,1414,1219
TCCATCG,192,187
GCCATCG,787,697
CCCATCG,225,229
ACCATCG,301,261
TACATCG,424,332
GACATCG,400,317
CACATCG,320,265
AACATCG,292,274
TTAATCG,238,207
GTAATCG,673,588
CTAATCG,227,161
ATAATCG,256,252
TGAATCG,386,320
GGAATCG,252,232
CGAATCG,306,225
AGAATCG,228,186
TCAATCG,203,199
GCAATCG,1283,1003
CCAATCG,257,198
ACAATCG,409,306
TAAATCG,220,183
GAAATCG,192,135
CAAATCG,169,136
AAAATCG,148,108
TTTTGCG,415,365
GTTTGCG,6871,5842
CTTTGCG,416,318
ATTTGCG,1584,1371
TGTTGCG,7173,5834
GGTTGCG,2316,1840
CGTTGCG,2258,1910
AGTTGCG,2826,2391
TCTTGCG,387,366
GCTTGCG,1544,1173
CCTTGCG,367,355
ACTTGCG,486,401
TATTGCG,2982,2486
GATTGCG,1354,1151
CATTGCG,781,623
AATTGCG,1072,822
TTGTGCG,1541,1304
GTGTGCG,2834,2507
CTGTGCG,992,836
ATGTGCG,1428,1153
TGGTGCG,1897,1576
GGGTGCG,1084,909
CGGTGCG,1189,938
AGGTGCG,942,822
TCGTGCG,698,589
GCGTGCG,2218,1850
CCGTGCG,756,593
ACGTGCG,833,655
TAGTGCG,1034,932
GAGTGCG,941,771
CAGTGCG,687,583
AAGTGCG,709,616
TTCTGCG,328,249
GTCTGCG,507,417
CTCTGCG,244,196
ATCTGCG,386,278
TGCTGCG,2241,1896
GGCTGCG,609,541
CGCTGCG,568,458
AGCTGCG,526,483
TCCTGCG,301,257
GCCTGCG,1022,819
CCCTGCG,369,298
ACCTGCG,436,325
TACTGCG,556,383
GACTGCG,423,384
CACTGCG,300,266
AACTGCG,325,287
TTATGCG,739,548
GTATGCG,2346,1948
CTATGCG,583,499
ATATGCG,742,615
TGATGCG,3182,2612
GGATGCG,1979,1681
CGATGCG,1663,1430
AGATGCG,1763,1366
TCATGCG,492,400
GCATGCG,2331,1852
CCATGCG,539,480
ACATGCG,795,645
TAATGCG,1170,986
GAATGCG,1246,978
CAATGCG,712,635
AAATGCG,931,786
TTTGGCG,405,344
GTTGGCG,2625,2296
CTTGGCG,297,301
ATTGGCG,689,572
TGTGGCG,4775,3965
GGTGGCG,1331,1094
CGTGGCG,1146,972
AGTGGCG,1452,1125
TCTGGCG,312,254
GCTGGCG,742,633
CCTGGCG,325,280
ACTGGCG,381,323
TATGGCG,1157,893
GATGGCG,808,721
CATGGCG,571,436
AATGGCG,634,544
TTGGGCG,557,449
GTGGGCG,932,797
CTGGGCG,438,403
ATGGGCG,647,535
TGGGGCG,755,640
GGGGGCG,734,630
CGGGGCG,586,476
AGGGGCG,606,465
TCGGGCG,465,381
GCGGGCG,1084,979
CCGGGCG,455,442
ACGGGCG,554,408
TAGGGCG,477,441
GAGGGCG,482,443
CAGGGCG,353,309
AAGGGCG,385,343
TTCGGCG,372,278
GTCGGCG,492,421
CTCGGCG,295,232
ATCGGCG,321,300
TGCGGCG,1198,973
GGCGGCG,607,542
CGCGGCG,536,436
AGCGGCG,551,436
TCCGGCG,291,285
GCCGGCG,665,605
CCCGGCG,332,294
ACCGGCG,387,321
TACGGCG,514,390
GACGGCG,465,413
CACGGCG,311,277
AACGGCG,325,275
TTAGGCG,394,288
GTAGGCG,661,554
CTAGGCG,323,243
ATAGGCG,436,343
TGAGGCG,777,648
GGAGGCG,834,742
CGAGGCG,543,508
AGAGGCG,836,698
TCAGGCG,331,251
GCAGGCG,923,747
CCAGGCG,369,286
ACAGGCG,540,456
TAAGGCG,422,330
GAAGGCG,510,420
CAAGGCG,277,252
AAAGGCG,394,344
TTTCGCG,325,258
GTTCGCG,491,421
CTTCGCG,254,299
ATTCGCG,433,316
TGTCGCG,2951,2465
GGTCGCG,640,506
CGTCGCG,653,496
AGTCGCG,708,581
TCTCGCG,323,257
GCTCGCG,712,629
CCTCGCG,358,305
ACTCGCG,364,322
TATCGCG,786,637
GATCGCG,491,366
CATCGCG,438,321
AATCGCG,380,303
TTGCGCG,3683,3133
GTGCGCG,5238,4356
CTGCGCG,2537,1991
ATGCGCG,3345,2773
TGGCGCG,1887,1521
GGGCGCG,1618,1324
CGGCGCG,1441,1209
AGGCGCG,1395,1211
TCGCGCG,1774,1558
GCGCGCG,3315,2796
CCGCGCG,1774,1506
ACGCGCG,1695,1431
TAGCGCG,1333,1243
GAGCGCG,1228,943
CAGCGCG,929,754
AAGCGCG,1146,885
TTCCGCG,371,310
GTCCGCG,499,370
CTCCGCG,261,178
ATCCGCG,370,270
TGCCGCG,768,708
GGCCGCG,578,503
CGCCGCG,483,417
AGCCGCG,442,369
TCCCGCG,343,308
GCCCGCG,781,672
CCCCGCG,331,255
ACCCGCG,388,330
TACCGCG,465,395
GACCGCG,492,349
CACCGCG,294,263
AACCGCG,369,262
TTACGCG,487,409
GTACGCG,700,593
CTACGCG,350,301
ATACGCG,520,392
TGACGCG,957,760
GGACGCG,630,585
CGACGCG,578,470
AGACGCG,564,468
TCACGCG,492,399
GCACGCG,1294,1004
CCACGCG,540,441
ACACGCG,628,482
TAACGCG,500,399
GAACGCG,478,391
CAACGCG,300,289
AAACGCG,414,333
TTTAGCG,314,260
GTTAGCG,1571,1301
CTTAGCG,276,248
ATTAGCG,471,423
TGTAGCG,3151,2613
GGTAGCG,830,680
CGTAGCG,808,663
AGTAGCG,942,832
TCTAGCG,263,258
GCTAGCG,740,615
CCTAGCG,335,256
ACTAGCG,332,269
TATAGCG,874,730
GATAGCG,561,488
CATAGCG,462,353
AATAGCG,370,346
TTGAGCG,556,435
GTGAGCG,1144,963
CTGAGCG,389,369
ATGAGCG,631,486
TGGAGCG,563,433
GGGAGCG,506,401
CGGAGCG,409,349
AGGAGCG,375,325
TCGAGCG,447,291
GCGAGCG,840,710
CCGAGCG,361,337
ACGAGCG,447,360
TAGAGCG,405,334
GAGAGCG,406,327
CAGAGCG,259,245
AAGAGCG,297,224
TTCAGCG,302,219
GTCAGCG,414,332
CTCAGCG,229,174
ATCAGCG,286,248
TGCAGCG,882,805
GGCAGCG,450,391
CGCAGCG,533,458
AGCAGCG,427,385
TCCAGCG,252,221
GCCAGCG,616,536
CCCAGCG,233,219
ACCAGCG,315,231
TACAGCG,407,332
GACAGCG,375,316
CACAGCG,270,227
AACAGCG,313,275
TTAAGCG,339,280
GTAAGCG,614,557
CTAAGCG,259,229
ATAAGCG,335,287
TGAAGCG,479,392
GGAAGCG,381,295
CGAAGCG,383,278
AGAAGCG,294,279
TCAAGCG,285,200
GCAAGCG,806,672
CCAAGCG,309,235
ACAAGCG,424,378
TAAAGCG,363,257
GAAAGCG,302,251
CAAAGCG,245,203
AAAAGCG,313,248
TTTTCCG,141,117
GTTTCCG,778,680
CTTTCCG,141,134
ATTTCCG,225,174
TGTTCCG,2019,1725
GGTTCCG,303,278
CGTTCCG,263,231
AGTTCCG,291,239
TCTTCCG,114,110
GCTTCCG,415,329
CCTTCCG,153,137
ACTTCCG,155,129
TATTCCG,386,327
GATTCCG,310,234
CATTCCG,169,120
AATTCCG,189,149
TTGTCCG,727,629
GTGTCCG,1224,950
CTGTCCG,424,347
ATGTCCG,625,549
TGGTCCG,376,335
GGGTCCG,318,299
CGGTCCG,257,228
AGGTCCG,273,219
TCGTCCG,304,253
GCGTCCG,1090,849
CCGTCCG,343,282
ACGTCCG,382,291
TAGTCCG,297,252
GAGTCCG,275,237
CAGTCCG,236,171
AAGTCCG,215,188
TTCTCCG,117,88
GTCTCCG,271,189
CTCTCCG,90,113
ATCTCCG,135,100
TGCTCCG,354,292
GGCTCCG,245,201
CGCTCCG,216,211
AGCTCCG,194,148
TCCTCCG,153,111
GCCTCCG,863,694
CCCTCCG,165,145
ACCTCCG,159,159
TACTCCG,254,194
GACTCCG,252,206
CACTCCG,146,129
AACTCCG,147,121
TTATCCG,240,191
GTATCCG,808,639
CTATCCG,206,166
ATATCCG,273,226
TGATCCG,285,248
GGATCCG,207,170
CGATCCG,201,191
AGATCCG,175,145
TCATCCG,215,178
GCATCCG,3716,3072
CCATCCG,234,177
ACATCCG,278,230
TAATCCG,182,133
GAATCCG,225,187
CAATCCG,194,150
AAATCCG,119,110
TTTGCCG,712,628
GTTGCCG,2800,2255
CTTGCCG,465,416
ATTGCCG,1041,833
TGTGCCG,2464,2062
GGTGCCG,1014,847
CGTGCCG,802,629
AGTGCCG,990,807
TCTGCCG,418,330
GCTGCCG,940,754
CCTGCCG,352,311
ACTGCCG,418,384
TATGCCG,1162,1066
GATGCCG,2558,2113
CATGCCG,625,557
AATGCCG,1317,1098
TTGGCCG,534,408
GTGGCCG,1821,1565
CTGGCCG,408,331
ATGGCCG,705,580
TGGGCCG,696,572
GGGGCCG,544,435
CGGGCCG,445,354
AGGGCCG,437,306
TCGGCCG,397,308
GCGGCCG,1017,842
CCGGCCG,320,293
ACGGCCG,389,356
TAGGCCG,623,551
GAGGCCG,1096,860
CAGGCCG,386,319
AAGGCCG,498,440
TTCGCCG,480,391
GTCGCCG,771,545
CTCGCCG,363,340
ATCGCCG,488,425
TGCGCCG,1098,898
GGCGCCG,800,656
CGCGCCG,669,582
AGCGCCG,608,486
TCCGCCG,466,390
GCCGCCG,1031,880
CCCGCCG,455,349
ACCGCCG,498,373
TACGCCG,589,541
GACGCCG,820,672
CACGCCG,544,460
AACGCCG,482,447
TTAGCCG,390,319
GTAGCCG,527,399
CTAGCCG,287,230
ATAGCCG,357,337
TGAGCCG,419,331
GGAGCCG,386,320
CGAGCCG,367,284
AGAGCCG,333,265
TCAGCCG,255,207
GCAGCCG,729,616
CCAGCCG,264,221
ACAGCCG,316,234
TAAGCCG,293,271
GAAGCCG,331,285
CAAGCCG,359,272
AAAGCCG,366,312
TTTCCCG,134,125
GTTCCCG,320,232
CTTCCCG,129,103
ATTCCCG,186,185
TGTCCCG,3115,2491
GGTCCCG,369,308
CGTCCCG,519,428
AGTCCCG,425,372
TCTCCCG,140,112
GCTCCCG,369,313
CCTCCCG,167,131
ACTCCCG,176,147
TATCCCG,489,432
GATCCCG,238,202
CATCCCG,214,201
AATCCCG,190,162
TTGCCCG,3023,2446
GTGCCCG,4989,4038
CTGCCCG,2049,1625
ATGCCCG,3090,2499
TGGCCCG,1815,1491
GGGCCCG,1518,1336
CGGCCCG,1305,1097
AGGCCCG,1336,1183
TCGCCCG,2220,1843
GCGCCCG,3996,3319
CCGCCCG,2317,1964
ACGCCCG,1998,1680
TAGCCCG,1487,1311
GAGCCCG,1326,1089
CAGCCCG,873,791
AAGCCCG,1082,948
TTCCCCG,145,135
GTCCCCG,319,260
CTCCCCG,149,100
ATCCCCG,178,124
TGCCCCG,438,340
GGCCCCG,356,245
CGCCCCG,297,229
AGCCCCG,210,188
TCCCCCG,171,144
GCCCCCG,501,388
CCCCCCG,205,155
ACCCCCG,223,195
TACCCCG,291,215
GACCCCG,250,212
CACCCCG,207,127
AACCCCG,167,147
TTACCCG,202,148
GTACCCG,353,278
CTACCCG,202,144
ATACCCG,240,209
TGACCCG,416,330
GGACCCG,286,234
CGACCCG,264,218
AGACCCG,255,215
TCACCCG,197,171
GCACCCG,736,625
CCACCCG,182,158
ACACCCG,292,245
TAACCCG,220,178
GAACCCG,210,192
CAACCCG,166,99
AAACCCG,167,148
TTTACCG,165,177
GTTACCG,788,681
CTTACCG,194,177
ATTACCG,296,227
TGTACCG,2595,2202
GGTACCG,548,478
CGTACCG,510,426
AGTACCG,585,449
TCTACCG,176,124
GCTACCG,604,494
CCTACCG,197,170
ACTACCG,315,213
TATACCG,572,443
GATACCG,592,481
CATACCG,303,268
AATACCG,314,247
TTGACCG,560,431
GTGACCG,947,837
CTGACCG,389,323
ATGACCG,510,461
TGGACCG,586,501
GGGACCG,500,414
CGGACCG,380,332
AGGACCG,330,278
TCGACCG,338,318
GCGACCG,1086,942
CCGACCG,408,310
ACGACCG,369,327
TAGACCG,412,389
GAGACCG,371,348
CAGACCG,239,227
AAGACCG,257,231
TTCACCG,166,124
GTCACCG,399,376
CTCACCG,179,133
ATCACCG,239,158
TGCACCG,657,582
GGCACCG,381,341
CGCACCG,379,342
AGCACCG,309,244
TCCACCG,180,183
GCCACCG,993,736
CCCACCG,188,173
ACCACCG,289,227
TACACCG,390,348
GACACCG,407,320
CACACCG,222,195
AACACCG,248,205
TTAACCG,189,184
GTAACCG,501,382
CTAACCG,228,207
ATAACCG,254,241
TGAACCG,278,263
GGAACCG,222,215
CGAACCG,219,193
AGAACCG,207,163
TCAACCG,179,139
GCAACCG,1769,1463
CCAACCG,180,184
ACAACCG,339,294
TAAACCG,206,170
GAAACCG,231,184
CAAACCG,190,145
AAAACCG,162,131
TTTTACG,164,155
GTTTACG,7181,6156
CTTTACG,262,220
ATTTACG,2038,1697
TGTTACG,3746,3045
GGTTACG,699,595
CGTTACG,656,541
AGTTACG,767,583
TCTTACG,174,152
GCTTACG,2121,1854
CCTTACG,227,161
ACTTACG,316,303
TATTACG,850,705
GATTACG,1054,910
CATTACG,335,224
AATTACG,492,362
TTGTACG,1013,861
GTGTACG,4192,3441
CTGTACG,693,551
ATGTACG,1136,974
TGGTACG,710,613
GGGTACG,522,429
CGGTACG,514,419
AGGTACG,424,363
TCGTACG,443,377
GCGTACG,1321,1074
CCGTACG,499,377
ACGTACG,488,384
TAGTACG,496,408
GAGTACG,423,352
CAGTACG,348,273
AAGTACG,313,273
TTCTACG,142,137
GTCTACG,768,700
CTCTACG,161,144
ATCTACG,206,153
TGCTACG,678,590
GGCTACG,359,302
CGCTACG,342,294
AGCTACG,303,280
TCCTACG,191,145
GCCTACG,514,445
CCCTACG,212,172
ACCTACG,243,190
TACTACG,312,290
GACTACG,274,208
CACTACG,201,154
AACTACG,157,153
TTATACG,299,237
GTATACG,3167,2651
CTATACG,293,225
ATATACG,458,364
TGATACG,895,685
GGATACG,514,422
CGATACG,533,495
AGATACG,407,329
TCATACG,259,204
GCATACG,1016,811
CCATACG,300,216
ACATACG,381,268
TAATACG,323,292
GAATACG,381,305
CAATACG,284,197
AAATACG,240,185
TTTGACG,235,205
GTTGACG,5104,4258
CTTGACG,236,175
ATTGACG,1199,1033
TGTGACG,1600,1444
GGTGACG,583,480
CGTGACG,471,374
AGTGACG,559,475
TCTGACG,197,178
GCTGACG,813,676
CCTGACG,193,209
ACTGACG,288,220
TATGACG,504,439
GATGACG,592,468
CATGACG,284,246
AATGACG,323,298
TTGGACG,266,245
GTGGACG,795,645
CTGGACG,222,190
ATGGACG,372,258
TGGGACG,378,297
GGGGACG,338,307
CGGGACG,292,215
AGGGACG,272,256
TCGGACG,256,200
GCGGACG,634,576
CCGGACG,235,199
ACGGACG,295,243
TAGGACG,272,241
GAGGACG,243,202
CAGGACG,203,154
AAGGACG,157,141
TTCGACG,237,180
GTCGACG,320,278
CTCGACG,184,158
ATCGACG,231,199
TGCGACG,648,525
GGCGACG,426,357
CGCGACG,409,316
AGCGACG,325,261
TCCGACG,197,197
GCCGACG,495,422
CCCGACG,213,165
ACCGACG,257,212
TACGACG,329,289
GACGACG,286,235
CACGACG,196,187
AACGACG,197,160
TTAGACG,201,179
GTAGACG,318,234
CTAGACG,159,160
ATAGACG,250,148
TGAGACG,277,217
GGAGACG,260,197
CGAGACG,238,194
AGAGACG,159,168
TCAGACG,179,118
GCAGACG,457,363
CCAGACG,183,114
ACAGACG,230,198
TAAGACG,185,140
GAAGACG,186,167
CAAGACG,141,126
AAAGACG,145,126
TTTCACG,163,113
GTTCACG,341,310
CTTCACG,166,145
ATTCACG,229,188
TGTCACG,4108,3594
GGTCACG,543,411
CGTCACG,1403,1093
AGTCACG,834,716
TCTCACG,174,147
GCTCACG,520,390
CCTCACG,183,156
ACTCACG,252,180
TATCACG,1159,861
GATCACG,425,342
CATCACG,605,473
AATCACG,344,274
TTGCACG,3232,2790
GTGCACG,4793,3893
CTGCACG,2320,1856
ATGCACG,2880,2385
TGGCACG,1543,1265
GGGCACG,1128,921
CGGCACG,1033,918
AGGCACG,942,758
TCGCACG,1808,1587
GCGCACG,3031,2516
CCGCACG,1856,1516
ACGCACG,1638,1294
TAGCACG,1181,1054
GAGCACG,900,770
CAGCACG,640,590
AAGCACG,919,695
TTCCACG,168,154
GTCCACG,321,256
CTCCACG,159,132
ATCCACG,198,159
TGCCACG,1256,1051
GGCCACG,596,476
CGCCACG,783,680
AGCCACG,513,467
TCCCACG,191,187
GCCCACG,495,407
CCCCACG,200,162
ACCCACG,227,204
TACCACG,364,321
GACCACG,247,218
CACCACG,201,153
AACCACG,194,149
TTACACG,285,178
GTACACG,539,437
CTACACG,202,208
ATACACG,454,357
TGACACG,1226,1027
GGACACG,339,303
CGACACG,547,447
AGACACG,373,299
TCACACG,212,191
GCACACG,783,677
CCACACG,239,160
ACACACG,423,335
TAACACG,423,340
GAACACG,257,276
CAACACG,263,225
AAACACG,344,284
TTTAACG,227,176
GTTAACG,599,530
CTTAACG,191,176
ATTAACG,273,247
TGTAACG,1505,1175
GGTAACG,492,425
CGTAACG,463,408
AGTAACG,428,372
TCTAACG,185,159
GCTAACG,610,473
CCTAACG,244,201
ACTAACG,328,303
TATAACG,361,309
GATAACG,321,330
CATAACG,261,232
AATAACG,305,234
TTGAACG,326,305
GTGAACG,560,531
CTGAACG,259,233
ATGAACG,325,315
TGGAACG,350,283
GGGAACG,333,255
CGGAACG,289,244
AGGAACG,230,185
TCGAACG,275,251
GCGAACG,674,569
CCGAACG,278,232
ACGAACG,322,255
TAGAACG,285,189
GAGAACG,240,174
CAGAACG,159,143
AAGAACG,195,122
TTCAACG,192,144
GTCAACG,515,422
CTCAACG,177,123
ATCAACG,229,189
TGCAACG,1992,1716
GGCAACG,896,791
CGCAACG,1245,1069
AGCAACG,772,634
TCCAACG,194,154
GCCAACG,494,376
CCCAACG,218,189
ACCAACG,297,257
TACAACG,359,295
GACAACG,391,353
CACAACG,307,248
AACAACG,359,265
TTAAACG,192,156
GTAAACG,692,613
CTAAACG,252,202
ATAAACG,339,266
TGAAACG,215,199
GGAAACG,219,180
CGAAACG,216,197
AGAAACG,202,150
TCAAACG,211,152
GCAAACG,680,576
CCAAACG,202,212
ACAAACG,390,342
TAAAACG,167,134
GAAAACG,201,169
CAAAACG,227,147
AAAAACG,151,160
TTTTTAG,117,96
GTTTTAG,772,662
CTTTTAG,138,105
ATTTTAG,214,161
TGTTTAG,4524,3687
GGTTTAG,1647,1338
CGTTTAG,1862,1553
AGTTTAG,2060,1786
TCTTTAG,365,324
GCTTTAG,474,428
CCTTTAG,167,183
ACTTTAG,226,183
TATTTAG,2645,2168
GATTTAG,913,787
CATTTAG,652,514
AATTTAG,796,664
TTGTTAG,4095,3405
GTGTTAG,4895,4011
CTGTTAG,3067,2586
ATGTTAG,3508,2965
TGGTTAG,1347,1207
GGGTTAG,632,507
CGGTTAG,932,784
AGGTTAG,684,531
TCGTTAG,887,722
GCGTTAG,1325,1167
CCGTTAG,884,704
ACGTTAG,675,599
TAGTTAG,1294,1010
GAGTTAG,832,636
CAGTTAG,744,673
AAGTTAG,934,812
TTCTTAG,159,117
GTCTTAG,303,236
CTCTTAG,122,119
ATCTTAG,155,147
TGCTTAG,3238,2707
GGCTTAG,589,510
CGCTTAG,620,555
AGCTTAG,664,560
TCCTTAG,111,128
GCCTTAG,432,353
CCCTTAG,172,121
ACCTTAG,144,121
TACTTAG,466,357
GACTTAG,237,172
CACTTAG,149,139
AACTTAG,134,108
TTATTAG,2037,1705
GTATTAG,2293,1917
CTATTAG,1442,1253
ATATTAG,1375,1170
TGATTAG,2205,1772
GGATTAG,506,457
CGATTAG,1078,950
AGATTAG,482,453
TCATTAG,374,305
GCATTAG,1291,1094
CCATTAG,317,273
ACATTAG,291,296
TAATTAG,1122,980
GAATTAG,398,377
CAATTAG,569,423
AAATTAG,314,253
TTTGTAG,293,254
GTTGTAG,1933,1662
CTTGTAG,267,206
ATTGTAG,458,338
TGTGTAG,4373,3598
GGTGTAG,1258,1000
CGTGTAG,1133,906
AGTGTAG,1395,1077
TCTGTAG,211,174
GCTGTAG,515,519
CCTGTAG,242,209
ACTGTAG,279,226
TATGTAG,1461,1143
GATGTAG,639,536
CATGTAG,413,335
AATGTAG,454,398
TTGGTAG,476,424
GTGGTAG,715,641
CTGGTAG,314,291
ATGGTAG,421,356
TGGGTAG,564,450
GGGGTAG,361,318
CGGGTAG,371,337
AGGGTAG,310,279
TCGGTAG,272,260
GCGGTAG,716,545
CCGGTAG,277,248
ACGGTAG,344,277
TAGGTAG,319,277
GAGGTAG,268,240
CAGGTAG,195,187
AAGGTAG,212,178
TTCGTAG,188,174
GTCGTAG,400,392
CTCGTAG,175,153
ATCGTAG,208,196
TGCGTAG,2508,2094
GGCGTAG,489,420
CGCGTAG,461,380
AGCGTAG,457,414
TCCGTAG,199,161
GCCGTAG,525,434
CCCGTAG,187,159
ACCGTAG,262,212
TACGTAG,350,257
GACGTAG,302,265
CACGTAG,170,192
AACGTAG,213,161
TTAGTAG,253,229
GTAGTAG,581,439
CTAGTAG,216,165
ATAGTAG,287,218
TGAGTAG,448,417
GGAGTAG,260,221
CGAGTAG,242,258
AGAGTAG,204,168
TCAGTAG,189,136
GCAGTAG,482,417
CCAGTAG,207,136
ACAGTAG,236,217
TAAGTAG,235,168
GAAGTAG,184,144
CAAGTAG,158,144
AAAGTAG,153,142
TTTCTAG,101,73
GTTCTAG,215,148
CTTCTAG,91,77
ATTCTAG,112,116
TGTCTAG,2173,1742
GGTCTAG,197,156
CGTCTAG,267,215
AGTCTAG,271,255
TCTCTAG,92,69
GCTCTAG,237,209
CCTCTAG,113,76
ACTCTAG,130,127
TATCTAG,276,219
GATCTAG,152,135
CATCTAG,151,113
AATCTAG,114,125
TTGCTAG,1947,1501
GTGCTAG,1917,1747
CTGCTAG,1172,1027
ATGCTAG,1324,1111
TGGCTAG,839,671
GGGCTAG,678,523
CGGCTAG,684,545
AGGCTAG,588,486
TCGCTAG,778,647
GCGCTAG,1661,1417
CCGCTAG,956,850
ACGCTAG,820,689
TAGCTAG,651,529
GAGCTAG,534,500
CAGCTAG,515,375
AAGCTAG,459,434
TTCCTAG,103,93
GTCCTAG,197,168
CTCCTAG,88,71
ATCCTAG,124,110
TGCCTAG,431,403
GGCCTAG,212,212
CGCCTAG,244,204
AGCCTAG,204,160
TCCCTAG,137,95
GCCCTAG,317,267
CCCCTAG,106,113
ACCCTAG,140,119
TACCTAG,197,150
GACCTAG,180,136
CACCTAG,133,85
AACCTAG,97,97
TTACTAG,144,150
GTACTAG,311,220
CTACTAG,160,124
ATACTAG,223,166
TGACTAG,237,196
GGACTAG,178,159
CGACTAG,203,168
AGACTAG,157,162
TCACTAG,126,118
GCACTAG,411,382
CCACTAG,159,116
ACACTAG,210,191
TAACTAG,141,150
GAACTAG,153,123
CAACTAG,118,116
AAACTAG,134,98
TTTATAG,147,107
GTTATAG,603,511
CTTATAG,135,104
ATTATAG,230,185
TGTATAG,3284,2693
GGTATAG,868,685
CGTATAG,884,764
AGTATAG,1065,927
TCTATAG,147,91
GCTATAG,397,350
CCTATAG,174,147
ACTATAG,199,123
TATATAG,711,532
GATATAG,388,319
CATATAG,308,256
AATATAG,285,225
TTGATAG,1032,920
GTGATAG,1237,1023
CTGATAG,673,526
ATGATAG,728,625
TGGATAG,472,400
GGGATAG,298,288
CGGATAG,335,274
AGGATAG,239,183
TCGATAG,473,409
GCGATAG,927,741
CCGATAG,410,355
ACGATAG,470,345
TAGATAG,338,263
GAGATAG,274,209
CAGATAG,217,171
AAGATAG,170,190
TTCATAG,127,115
GTCATAG,307,267
CTCATAG,128,110
ATCATAG,177,115
TGCATAG,1007,890
GGCATAG,365,320
CGCATAG,478,361
AGCATAG,327,288
TCCATAG,142,117
GCCATAG,551,465
CCCATAG,154,120
ACCATAG,163,172
TACATAG,264,189
GACATAG,265,210
CACATAG,169,129
AACATAG,180,159
TTAATAG,585,453
GTAATAG,606,521
CTAATAG,389,346
ATAATAG,349,258
TGAATAG,344,268
GGAATAG,202,167
CGAATAG,244,187
AGAATAG,192,99
TCAATAG,249,233
GCAATAG,785,621
CCAATAG,226,173
ACAATAG,328,295
TAAATAG,202,155
GAAATAG,167,153
CAAATAG,191,156
AAAATAG,147,130
TTTTGAG,137,123
GTTTGAG,914,777
CTTTGAG,164,120
ATTTGAG,246,204
TGTTGAG,4092,3462
GGTTGAG,576,493
CGTTGAG,581,486
AGTTGAG,830,719
TCTTGAG,124,137
GCTTGAG,383,303
CCTTGAG,152,124
ACTTGAG,159,145
TATTGAG,1160,892
GATTGAG,337,267
CATTGAG,210,156
AATTGAG,279,209
TTGTGAG,2915,2416
GTGTGAG,2645,2227
CTGTGAG,1525,1274
ATGTGAG,1798,1495
TGGTGAG,675,567
GGGTGAG,436,351
CGGTGAG,448,417
AGGTGAG,389,304
TCGTGAG,368,291
GCGTGAG,1105,906
CCGTGAG,412,312
ACGTGAG,383,333
TAGTGAG,621,511
GAGTGAG,517,406
CAGTGAG,374,302
AAGTGAG,481,364
TTCTGAG,137,106
GTCTGAG,193,155
CTCTGAG,112,80
ATCTGAG,140,117
TGCTGAG,678,546
GGCTGAG,233,179
CGCTGAG,186,184
AGCTGAG,190,134
TCCTGAG,124,94
GCCTGAG,390,258
CCCTGAG,138,126
ACCTGAG,131,86
TACTGAG,173,162
GACTGAG,203,151
CACTGAG,125,93
AACTGAG,112,101
TTATGAG,935,743
GTATGAG,983,875
CTATGAG,574,442
ATATGAG,619,516
TGATGAG,752,623
GGATGAG,341,246
CGATGAG,449,398
AGATGAG,281,258
TCATGAG,261,203
GCATGAG,659,567
CCATGAG,258,235
ACATGAG,254,218
TAATGAG,290,277
GAATGAG,241,249
CAATGAG,235,193
AAATGAG,216,163
TTTGGAG,161,107
GTTGGAG,403,304
CTTGGAG,133,116
ATTGGAG,191,137
TGTGGAG,1394,1175
GGTGGAG,350,282
CGTGGAG,277,227
AGTGGAG,344,270
TCTGGAG,116,93
GCTGGAG,310,225
CCTGGAG,142,106
ACTGGAG,137,118
TATGGAG,274,221
GATGGAG,249,222
CATGGAG,170,142
AATGGAG,175,140
TTGGGAG,181,147
GTGGGAG,364,275
CTGGGAG,161,126
ATGGGAG,201,169
TGGGGAG,318,258
GGGGGAG,282,264
CGGGGAG,297,199
AGGGGAG,225,203
TCGGGAG,162,120
GCGGGAG,497,391
CCGGGAG,183,156
ACGGGAG,211,175
TAGGGAG,220,176
GAGGGAG,220,190
CAGGGAG,160,142
AAGGGAG,142,115
TTCGGAG,145,108
GTCGGAG,236,152
CTCGGAG,123,88
ATCGGAG,137,135
TGCGGAG,385,290
GGCGGAG,227,227
CGCGGAG,185,182
AGCGGAG,174,132
TCCGGAG,119,107
GCCGGAG,320,274
CCCGGAG,143,107
ACCGGAG,141,143
TACGGAG,201,181
GACGGAG,224,191
CACGGAG,113,107
AACGGAG,119,114
TTAGGAG,98,106
GTAGGAG,197,163
CTAGGAG,115,106
ATAGGAG,124,100
TGAGGAG,215,145
GGAGGAG,145,139
CGAGGAG,181,143
AGAGGAG,123,122
TCAGGAG,106,95
GCAGGAG,290,250
CCAGGAG,94,91
ACAGGAG,151,110
TAAGGAG,112,97
GAAGGAG,153,110
CAAGGAG,96,78
AAAGGAG,112,86
TTTCGAG,150,125
GTTCGAG,280,211
CTTCGAG,131,112
ATTCGAG,201,159
TGTCGAG,796,621
GGTCGAG,233,179
CGTCGAG,178,142
AGTCGAG,222,171
TCTCGAG,108,100
GCTCGAG,284,236
CCTCGAG,130,122
ACTCGAG,156,119
TATCGAG,225,184
GATCGAG,215,186
CATCGAG,139,113
AATCGAG,137,118
TTGCGAG,1328,1124
GTGCGAG,1787,1586
CTGCGAG,781,641
ATGCGAG,1187,1022
TGGCGAG,647,536
GGGCGAG,613,512
CGGCGAG,477,414
AGGCGAG,512,422
TCGCGAG,534,448
GCGCGAG,1205,1015
CCGCGAG,586,476
ACGCGAG,598,497
TAGCGAG,493,399
GAGCGAG,411,374
CAGCGAG,326,252
AAGCGAG,368,339
TTCCGAG,137,127
GTCCGAG,199,148
CTCCGAG,109,95
ATCCGAG,132,124
TGCCGAG,260,228
GGCCGAG,192,208
CGCCGAG,134,145
AGCCGAG,151,117
TCCCGAG,125,112
GCCCGAG,281,277
CCCCGAG,112,116
ACCCGAG,142,108
TACCGAG,202,166
GACCGAG,164,123
CACCGAG,128,89
AACCGAG,128,105
TTACGAG,164,128
GTACGAG,262,195
CTACGAG,135,112
ATACGAG,201,196
TGACGAG,175,166
GGACGAG,185,139
CGACGAG,191,131
AGACGAG,149,123
TCACGAG,130,123
GCACGAG,419,370
CCACGAG,163,134
ACACGAG,206,170
TAACGAG,150,83
GAACGAG,160,141
CAACGAG,114,91
AAACGAG,169,106
TTTAGAG,155,83
GTTAGAG,364,272
CTTAGAG,117,105
ATTAGAG,151,147
TGTAGAG,871,677
GGTAGAG,219,148
CGTAGAG,178,184
AGTAGAG,236,180
TCTAGAG,96,86
GCTAGAG,320,232
CCTAGAG,141,88
ACTAGAG,143,112
TATAGAG,227,196
GATAGAG,231,169
CATAGAG,144,134
AATAGAG,140,128
TTGAGAG,300,254
GTGAGAG,397,329
CTGAGAG,240,163
ATGAGAG,275,192
TGGAGAG,203,179
GGGAGAG,169,138
CGGAGAG,169,155
AGGAGAG,142,128
TCGAGAG,160,151
GCGAGAG,435,327
CCGAGAG,188,152
ACGAGAG,225,161
TAGAGAG,160,135
GAGAGAG,181,131
CAGAGAG,109,73
AAGAGAG,118,102
TTCAGAG,103,97
GTCAGAG,160,129
CTCAGAG,97,102
ATCAGAG,122,95
TGCAGAG,213,206
GGCAGAG,144,144
CGCAGAG,158,156
AGCAGAG,130,111
TCCAGAG,98,75
GCCAGAG,246,210
CCCAGAG,93,94
ACCAGAG,114,126
TACAGAG,180,142
GACAGAG,176,151
CACAGAG,116,78
AACAGAG,110,95
TTAAGAG,116,104
GTAAGAG,213,165
CTAAGAG,117,104
ATAAGAG,123,116
TGAAGAG,136,129
GGAAGAG,131,113
CGAAGAG,157,128
AGAAGAG,106,93
TCAAGAG,113,97
GCAAGAG,307,278
CCAAGAG,124,104
ACAAGAG,161,148
TAAAGAG,110,102
GAAAGAG,107,93
CAAAGAG,93,77
AAAAGAG,92,66
TTTTCAG,99,80
GTTTCAG,332,309
CTTTCAG,108,88
ATTTCAG,148,106
TGTTCAG,1205,1069
GGTTCAG,219,202
CGTTCAG,170,176
AGTTCAG,209,156
TCTTCAG,84,83
GCTTCAG,267,250
CCTTCAG,130,119
ACTTCAG,100,110
TATTCAG,240,203
GATTCAG,211,145
CATTCAG,134,102
AATTCAG,108,90
TTGTCAG,897,683
GTGTCAG,1107,970
CTGTCAG,569,469
ATGTCAG,741,666
TGGTCAG,226,221
GGGTCAG,242,198
CGGTCAG,181,189
AGGTCAG,182,164
TCGTCAG,243,210
GCGTCAG,817,672
CCGTCAG,329,240
ACGTCAG,305,255
TAGTCAG,197,181
GAGTCAG,258,226
CAGTCAG,145,119
AAGTCAG,182,158
TTCTCAG,92,68
GTCTCAG,196,172
CTCTCAG,109,76
ATCTCAG,139,105
TGCTCAG,228,206
GGCTCAG,210,140
CGCTCAG,171,136
AGCTCAG,115,119
TCCTCAG,111,84
GCCTCAG,419,375
CCCTCAG,146,118
ACCTCAG,146,106
TACTCAG,153,133
GACTCAG,185,164
CACTCAG,137,118
AACTCAG,112,100
TTATCAG,269,181
GTATCAG,635,539
CTATCAG,231,180
ATATCAG,237,187
TGATCAG,172,170
GGATCAG,168,136
CGATCAG,186,172
AGATCAG,153,135
TCATCAG,164,129
GCATCAG,1592,1323
CCATCAG,216,148
ACATCAG,267,197
TAATCAG,156,115
GAATCAG,190,147
CAATCAG,154,115
AAATCAG,119,96
TTTGCAG,621,541
GTTGCAG,2599,2247
CTTGCAG,361,368
ATTGCAG,877,712
TGTGCAG,1357,1180
GGTGCAG,867,676
CGTGCAG,532,453
AGTGCAG,759,602
TCTGCAG,341,284
GCTGCAG,847,668
CCTGCAG,327,291
ACTGCAG,406,339
TATGCAG,819,663
GATGCAG,3070,2699
CATGCAG,525,446
AATGCAG,1240,975
TTGGCAG,401,289
GTGGCAG,1365,1163
CTGGCAG,258,225
ATGGCAG,521,412
TGGGCAG,378,326
GGGGCAG,431,338
CGGGCAG,276,244
AGGGCAG,286,239
TCGGCAG,278,253
GCGGCAG,832,710
CCGGCAG,273,210
ACGGCAG,318,269
TAGGCAG,360,272
GAGGCAG,603,561
CAGGCAG,245,225
AAGGCAG,353,307
TTCGCAG,357,280
GTCGCAG,593,487
CTCGCAG,331,234
ATCGCAG,378,335
TGCGCAG,701,630
GGCGCAG,643,519
CGCGCAG,551,489
AGCGCAG,501,397
TCCGCAG,336,300
GCCGCAG,822,646
CCCGCAG,338,254
ACCGCAG,369,310
TACGCAG,460,367
GACGCAG,675,591
CACGCAG,540,462
AACGCAG,404,367
TTAGCAG,289,242
GTAGCAG,487,426
CTAGCAG,216,209
ATAGCAG,286,256
TGAGCAG,267,257
GGAGCAG,293,242
CGAGCAG,250,183
AGAGCAG,223,208
TCAGCAG,174,120
GCAGCAG,519,489
CCAGCAG,180,155
ACAGCAG,266,240
TAAGCAG,245,250
GAAGCAG,328,267
CAAGCAG,262,213
AAAGCAG,274,233
TTTCCAG,122,110
GTTCCAG,282,219
CTTCCAG,122,111
ATTCCAG,155,151
TGTCCAG,864,751
GGTCCAG,205,217
CGTCCAG,189,162
AGTCCAG,196,146
TCTCCAG,96,67
GCTCCAG,264,186
CCTCCAG,113,82
ACTCCAG,112,105
TATCCAG,209,130
GATCCAG,208,165
CATCCAG,119,130
AATCCAG,115,67
TTGCCAG,2524,2125
GTGCCAG,3777,3338
CTGCCAG,1756,1515
ATGCCAG,2476,2126
TGGCCAG,1463,1268
GGGCCAG,1240,978
CGGCCAG,1067,879
AGGCCAG,959,889
TCGCCAG,1840,1554
GCGCCAG,3339,2837
CCGCCAG,2112,1810
ACGCCAG,1679,1441
TAGCCAG,1248,1114
GAGCCAG,1046,879
CAGCCAG,769,636
AAGCCAG,918,772
TTCCCAG,119,98
GTCCCAG,267,177
CTCCCAG,120,95
ATCCCAG,151,111
TGCCCAG,285,222
GGCCCAG,235,202
CGCCCAG,201,152
AGCCCAG,165,141
TCCCCAG,98,93
GCCCCAG,317,284
CCCCCAG,101,102
ACCCCAG,156,125
TACCCAG,186,160
GACCCAG,172,178
CACCCAG,102,109
AACCCAG,154,105
TTACCAG,117,107
GTACCAG,276,256
CTACCAG,133,94
ATACCAG,227,181
TGACCAG,199,157
GGACCAG,195,180
CGACCAG,198,167
AGACCAG,174,118
TCACCAG,110,96
GCACCAG,488,417
CCACCAG,120,109
ACACCAG,218,155
TAACCAG,114,108
GAACCAG,284,228
CAACCAG,107,132
AAACCAG,221,173
TTTACAG,123,123
GTTACAG,750,610
CTTACAG,154,144
ATTACAG,217,179
TGTACAG,1015,863
GGTACAG,420,285
CGTACAG,299,198
AGTACAG,329,255
TCTACAG,104,103
GCTACAG,463,334
CCTACAG,150,135
ACTACAG,198,202
TATACAG,316,269
GATACAG,921,717
CATACAG,208,191
AATACAG,303,274
TTGACAG,448,417
GTGACAG,832,703
CTGACAG,320,288
ATGACAG,422,385
TGGACAG,329,264
GGGACAG,348,270
CGGACAG,269,190
AGGACAG,264,207
TCGACAG,299,250
GCGACAG,800,640
CCGACAG,300,259
ACGACAG,320,268
TAGACAG,244,243
GAGACAG,290,249
CAGACAG,181,151
AAGACAG,195,183
TTCACAG,117,97
GTCACAG,273,241
CTCACAG,124,93
ATCACAG,151,146
TGCACAG,372,348
GGCACAG,276,261
CGCACAG,257,208
AGCACAG,229,189
TCCACAG,130,98
GCCACAG,829,715
CCCACAG,172,136
ACCACAG,207,163
TACACAG,256,233
GACACAG,325,293
CACACAG,188,141
AACACAG,221,172
TTAACAG,156,143
GTAACAG,582,432
CTAACAG,188,152
ATAACAG,319,247
TGAACAG,174,149
GGAACAG,184,156
CGAACAG,194,162
AGAACAG,148,122
TCAACAG,155,128
GCAACAG,1759,1368
CCAACAG,166,135
ACAACAG,549,517
TAAACAG,221,207
GAAACAG,263,265
CAAACAG,327,275
AAAACAG,303,266
TTTTAAG,103,108
GTTTAAG,536,437
CTTTAAG,112,78
ATTTAAG,194,155
TGTTAAG,1555,1326
GGTTAAG,268,186
CGTTAAG,211,206
AGTTAAG,218,195
TCTTAAG,118,83
GCTTAAG,299,275
CCTTAAG,129,78
ACTTAAG,141,123
TATTAAG,349,293
GATTAAG,166,153
CATTAAG,112,112
AATTAAG,144,129
TTGTAAG,1217,933
GTGTAAG,1275,959
CTGTAAG,603,473
ATGTAAG,768,631
TGGTAAG,331,282
GGGTAAG,247,208
CGGTAAG,283,238
AGGTAAG,233,181
TCGTAAG,258,233
GCGTAAG,606,510
CCGTAAG,304,252
ACGTAAG,271,251
TAGTAAG,271,249
GAGTAAG,260,209
CAGTAAG,218,180
AAGTAAG,233,199
TTCTAAG,103,84
GTCTAAG,193,179
CTCTAAG,98,82
ATCTAAG,124,110
TGCTAAG,302,250
GGCTAAG,195,126
CGCTAAG,152,148
AGCTAAG,133,119
TCCTAAG,116,92
GCCTAAG,308,274
CCCTAAG,124,119
ACCTAAG,156,118
TACTAAG,187,144
GACTAAG,138,129
CACTAAG,103,80
AACTAAG,122,71
TTATAAG,187,173
GTATAAG,446,337
CTATAAG,120,132
ATATAAG,169,148
TGATAAG,231,204
GGATAAG,153,117
CGATAAG,180,166
AGATAAG,172,123
TCATAAG,112,102
GCATAAG,448,347
CCATAAG,144,127
ACATAAG,208,157
TAATAAG,150,147
GAATAAG,144,111
CAATAAG,117,102
AAATAAG,156,141
TTTGAAG,130,123
GTTGAAG,309,318
CTTGAAG,122,138
ATTGAAG,186,160
TGTGAAG,457,364
GGTGAAG,254,201
CGTGAAG,213,169
AGTGAAG,223,206
TCTGAAG,131,87
GCTGAAG,290,252
CCTGAAG,122,105
ACTGAAG,154,116
TATGAAG,220,160
GATGAAG,230,172
CATGAAG,131,115
AATGAAG,120,109
TTGGAAG,155,104
GTGGAAG,262,195
CTGGAAG,112,88
ATGGAAG,174,111
TGGGAAG,161,146
GGGGAAG,160,149
CGGGAAG,126,125
AGGGAAG,135,100
TCGGAAG,135,114
GCGGAAG,410,318
CCGGAAG,115,99
ACGGAAG,172,153
TAGGAAG,136,107
GAGGAAG,118,122
CAGGAAG,87,80
AAGGAAG,89,102
TTCGAAG,152,103
GTCGAAG,244,148
CTCGAAG,127,109
ATCGAAG,150,119
TGCGAAG,273,212
GGCGAAG,217,193
CGCGAAG,218,136
AGCGAAG,164,121
TCCGAAG,117,90
GCCGAAG,335,287
CCCGAAG,109,110
ACCGAAG,169,135
TACGAAG,177,129
GACGAAG,203,143
CACGAAG,110,99
AACGAAG,131,93
TTAGAAG,101,72
GTAGAAG,130,123
CTAGAAG,110,72
ATAGAAG,145,104
TGAGAAG,129,91
GGAGAAG,117,109
CGAGAAG,97,98
AGAGAAG,101,102
TCAGAAG,85,71
GCAGAAG,270,218
CCAGAAG,105,76
ACAGAAG,93,107
TAAGAAG,82,103
GAAGAAG,108,79
CAAGAAG,72,73
AAAGAAG,78,69
TTTCAAG,129,86
GTTCAAG,194,182
CTTCAAG,107,85
ATTCAAG,165,132
TGTCAAG,526,461
GGTCAAG,168,144
CGTCAAG,191,171
AGTCAAG,180,134
TCTCAAG,85,76
GCTCAAG,273,226
CCTCAAG,111,99
ACTCAAG,138,118
TATCAAG,189,138
GATCAAG,144,150
CATCAAG,128,107
AATCAAG,130,98
TTGCAAG,2545,2193
GTGCAAG,3644,3117
CTGCAAG,1755,1487
ATGCAAG,2288,1914
TGGCAAG,1252,1197
GGGCAAG,973,867
CGGCAAG,970,800
AGGCAAG,840,664
TCGCAAG,1595,1339
GCGCAAG,2463,2162
CCGCAAG,1655,1359
ACGCAAG,1383,1171
TAGCAAG,1044,998
GAGCAAG,904,712
CAGCAAG,650,572
AAGCAAG,793,689
TTCCAAG,97,65
GTCCAAG,158,135
CTCCAAG,112,58
ATCCAAG,118,89
TGCCAAG,229,176
GGCCAAG,176,167
CGCCAAG,143,150
AGCCAAG,137,103
TCCCAAG,106,79
GCCCAAG,308,245
CCCCAAG,98,77
ACCCAAG,139,102
TACCAAG,192,136
GACCAAG,154,121
CACCAAG,84,85
AACCAAG,109,93
TTACAAG,126,88
GTACAAG,224,154
CTACAAG,130,103
ATACAAG,324,276
TGACAAG,181,177
GGACAAG,149,131
CGACAAG,165,150
AGACAAG,204,172
TCACAAG,139,97
GCACAAG,481,389
CCACAAG,114,102
ACACAAG,301,255
TAACAAG,109,118
GAACAAG,139,116
CAACAAG,170,123
AAACAAG,343,266
TTTAAAG,111,88
GTTAAAG,195,181
CTTAAAG,165,91
ATTAAAG,121,115
TGTAAAG,452,344
GGTAAAG,205,167
CGTAAAG,177,157
AGTAAAG,151,133
TCTAAAG,104,85
GCTAAAG,300,217
CCTAAAG,112,123
ACTAAAG,154,116
TATAAAG,170,124
GATAAAG,159,121
CATAAAG,127,105
AATAAAG,124,77
TTGAAAG,179,176
GTGAAAG,272,207
CTGAAAG,127,128
ATGAAAG,183,146
TGGAAAG,140,145
GGGAAAG,177,146
CGGAAAG,163,145
AGGAAAG,101,102
TCGAAAG,149,127
GCGAAAG,407,328
CCGAAAG,138,153
ACGAAAG,146,133
TAGAAAG,141,98
GAGAAAG,136,89
CAGAAAG,96,81
AAGAAAG,86,75
TTCAAAG,103,88
GTCAAAG,172,135
CTCAAAG,109,83
ATCAAAG,96,91
TGCAAAG,237,197
GGCAAAG,205,160
CGCAAAG,204,145
AGCAAAG,152,114
TCCAAAG,108,71
GCCAAAG,256,244
CCCAAAG,120,90
ACCAAAG,136,106
TACAAAG,135,137
GACAAAG,177,141
CACAAAG,112,81
AACAAAG,157,110
TTAAAAG,100,73
GTAAAAG,119,102
CTAAAAG,98,88
ATAAAAG,121,76
TGAAAAG,105,71
GGAAAAG,110,60
CGAAAAG,126,93
AGAAAAG,68,65
TCAAAAG,80,75
GCAAAAG,319,275
CCAAAAG,128,79
ACAAAAG,142,111
TAAAAAG,82,55
GAAAAAG,94,74
CAAAAAG,73,63
AAAAAAG,77,69
TTTTTTC,83,67
GTTTTTC,2554,2191
CTTTTTC,190,136
ATTTTTC,418,314
TGTTTTC,3540,2854
GGTTTTC,1833,1498
CGTTTTC,1923,1518
AGTTTTC,2122,1819
TCTTTTC,448,321
GCTTTTC,875,769
CCTTTTC,196,176
ACTTTTC,288,210
TATTTTC,2259,1856
GATTTTC,784,640
CATTTTC,628,515
AATTTTC,655,557
TTGTTTC,2736,2229
GTGTTTC,3243,2602
CTGTTTC,1690,1426
ATGTTTC,2490,1950
TGGTTTC,1382,1172
GGGTTTC,667,573
CGGTTTC,805,748
AGGTTTC,736,601
TCGTTTC,710,568
GCGTTTC,1593,1319
CCGTTTC,820,604
ACGTTTC,741,640
TAGTTTC,1159,899
GAGTTTC,663,655
CAGTTTC,627,520
AAGTTTC,795,574
TTCTTTC,121,103
GTCTTTC,296,275
CTCTTTC,154,115
ATCTTTC,170,133
TGCTTTC,3573,2946
GGCTTTC,1230,1063
CGCTTTC,1221,1019
AGCTTTC,1511,1266
TCCTTTC,169,156
GCCTTTC,676,604
CCCTTTC,179,146
ACCTTTC,204,157
TACTTTC,607,542
GACTTTC,260,221
CACTTTC,176,173
AACTTTC,184,172
TTATTTC,661,553
GTATTTC,1133,965
CTATTTC,509,489
ATATTTC,501,434
TGATTTC,2196,1842
GGATTTC,516,432
CGATTTC,1085,913
AGATTTC,559,444
TCATTTC,345,248
GCATTTC,1754,1544
CCATTTC,276,224
ACATTTC,351,339
TAATTTC,862,697
GAATTTC,354,277
CAATTTC,417,321
AAATTTC,245,221
TTTGTTC,268,184
GTTGTTC,5042,4364
CTTGTTC,288,252
ATTGTTC,1274,975
TGTGTTC,4519,3583
GGTGTTC,1784,1470
CGTGTTC,1317,1132
AGTGTTC,2047,1705
TCTGTTC,273,209
GCTGTTC,1230,1000
CCTGTTC,324,224
ACTGTTC,380,283
TATGTTC,2296,2032
GATGTTC,1112,940
CATGTTC,587,482
AATGTTC,751,673
TTGGTTC,596,503
GTGGTTC,1397,1258
CTGGTTC,454,389
ATGGTTC,745,638
TGGGTTC,723,559
GGGGTTC,595,508
CGGGTTC,486,415
AGGGTTC,533,450
TCGGTTC,518,464
GCGGTTC,1186,981
CCGGTTC,511,413
ACGGTTC,630,503
TAGGTTC,487,409
GAGGTTC,413,359
CAGGTTC,345,272
AAGGTTC,365,308
TTCGTTC,223,191
GTCGTTC,653,592
CTCGTTC,234,208
ATCGTTC,359,303
TGCGTTC,2401,2055
GGCGTTC,993,804
CGCGTTC,880,741
AGCGTTC,894,771
TCCGTTC,316,231
GCCGTTC,762,638
CCCGTTC,261,211
ACCGTTC,335,302
TACGTTC,453,384
GACGTTC,452,368
CACGTTC,280,237
AACGTTC,266,258
TTAGTTC,342,262
GTAGTTC,822,679
CTAGTTC,274,220
ATAGTTC,374,288
TGAGTTC,734,539
GGAGTTC,343,305
CGAGTTC,420,327
AGAGTTC,338,306
TCAGTTC,300,244
GCAGTTC,706,609
CCAGTTC,284,253
ACAGTTC,399,306
TAAGTTC,319,243
GAAGTTC,254,203
CAAGTTC,181,141
AAAGTTC,187,178
TTTCTTC,101,74
GTTCTTC,206,184
CTTCTTC,109,101
ATTCTTC,124,108
TGTCTTC,2103,1617
GGTCTTC,282,258
CGTCTTC,287,248
AGTCTTC,389,315
TCTCTTC,109,79
GCTCTTC,349,280
CCTCTTC,126,111
ACTCTTC,147,133
TATCTTC,316,303
GATCTTC,146,162
CATCTTC,171,131
AATCTTC,130,117
TTGCTTC,1468,1234
GTGCTTC,2302,1995
CTGCTTC,1191,973
ATGCTTC,1459,1298
TGGCTTC,1427,1251
GGGCTTC,1238,1045
CGGCTTC,1161,940
AGGCTTC,1044,819
TCGCTTC,1117,984
GCGCTTC,2447,2158
CCGCTTC,1561,1286
ACGCTTC,1326,1131
TAGCTTC,1135,939
GAGCTTC,1118,875
CAGCTTC,856,757
AAGCTTC,880,704
TTCCTTC,146,83
GTCCTTC,274,205
CTCCTTC,126,110
ATCCTTC,159,122
TGCCTTC,1341,1090
GGCCTTC,717,660
CGCCTTC,992,767
AGCCTTC,689,566
TCCCTTC,170,135
GCCCTTC,404,305
CCCCTTC,166,119
ACCCTTC,202,166
TACCTTC,318,242
GACCTTC,199,181
CACCTTC,150,113
AACCTTC,96,113
TTACTTC,182,151
GTACTTC,330,261
CTACTTC,145,123
ATACTTC,248,181
TGACTTC,380,284
GGACTTC,235,257
CGACTTC,262,213
AGACTTC,226,180
TCACTTC,186,167
GCACTTC,810,573
CCACTTC,195,169
ACACTTC,291,247
TAACTTC,156,159
GAACTTC,163,137
CAACTTC,113,106
AAACTTC,116,126
TTTATTC,159,145
GTTATTC,3235,2645
CTTATTC,205,180
ATTATTC,732,569
TGTATTC,3491,2810
GGTATTC,1229,1029
CGTATTC,1275,1028
AGTATTC,1544,1279
TCTATTC,191,169
GCTATTC,962,737
CCTATTC,238,192
ACTATTC,262,215
TATATTC,1027,815
GATATTC,492,442
CATATTC,406,281
AATATTC,380,304
TTGATTC,664,594
GTGATTC,1836,1617
CTGATTC,543,489
ATGATTC,927,695
TGGATTC,500,437
GGGATTC,440,314
CGGATTC,376,302
AGGATTC,283,236
TCGATTC,559,507
GCGATTC,1098,977
CCGATTC,523,436
ACGATTC,538,448
TAGATTC,401,379
GAGATTC,343,286
CAGATTC,254,212
AAGATTC,242,241
TTCATTC,181,155
GTCATTC,676,526
CTCATTC,176,155
ATCATTC,237,226
TGCATTC,4136,3358
GGCATTC,2590,2245
CGCATTC,3306,2802
AGCATTC,2594,2029
TCCATTC,204,156
GCCATTC,804,622
CCCATTC,237,186
ACCATTC,251,230
TACATTC,328,296
GACATTC,352,263
CACATTC,221,180
AACATTC,245,183
TTAATTC,289,195
GTAATTC,560,488
CTAATTC,185,213
ATAATTC,247,217
TGAATTC,457,370
GGAATTC,318,268
CGAATTC,343,263
AGAATTC,262,231
TCAATTC,231,199
GCAATTC,958,876
CCAATTC,231,185
ACAATTC,313,294
TAAATTC,206,166
GAAATTC,173,149
CAAATTC,165,149
AAAATTC,124,114
TTTTGTC,173,144
GTTTGTC,5508,4469
CTTTGTC,239,168
ATTTGTC,1375,1150
TGTTGTC,5324,4399
GGTTGTC,3578,3081
CGTTGTC,3485,2918
AGTTGTC,3573,2966
TCTTGTC,420,319
GCTTGTC,1309,1093
CCTTGTC,257,213
ACTTGTC,352,290
TATTGTC,3388,2761
GATTGTC,1871,1630
CATTGTC,1265,1005
AATTGTC,1552,1314
TTGTGTC,2953,2380
GTGTGTC,3884,3083
CTGTGTC,1939,1561
ATGTGTC,2346,2019
TGGTGTC,2823,2352
GGGTGTC,1186,970
CGGTGTC,1428,1296
AGGTGTC,1131,937
TCGTGTC,1088,918
GCGTGTC,2125,1702
CCGTGTC,1133,960
ACGTGTC,918,814
TAGTGTC,1686,1393
GAGTGTC,1054,839
CAGTGTC,1044,809
AAGTGTC,885,735
TTCTGTC,138,104
GTCTGTC,293,242
CTCTGTC,118,92
ATCTGTC,153,121
TGCTGTC,4572,3720
GGCTGTC,1074,922
CGCTGTC,1129,986
AGCTGTC,1447,1232
TCCTGTC,201,153
GCCTGTC,571,498
CCCTGTC,186,150
ACCTGTC,226,192
TACTGTC,777,630
GACTGTC,315,260
CACTGTC,191,214
AACTGTC,266,191
TTATGTC,608,521
GTATGTC,2062,1650
CTATGTC,523,390
ATATGTC,600,509
TGATGTC,3628,3073
GGATGTC,1101,912
CGATGTC,2175,1746
AGATGTC,1284,1108
TCATGTC,413,323
GCATGTC,1389,1175
CCATGTC,357,289
ACATGTC,413,426
TAATGTC,1488,1344
GAATGTC,554,534
CAATGTC,847,633
AAATGTC,420,357
TTTGGTC,205,172
GTTGGTC,3408,2792
CTTGGTC,198,183
ATTGGTC,693,559
TGTGGTC,4094,3588
GGTGGTC,1193,940
CGTGGTC,989,808
AGTGGTC,1438,1156
TCTGGTC,171,174
GCTGGTC,641,508
CCTGGTC,213,166
ACTGGTC,226,184
TATGGTC,1398,1239
GATGGTC,662,547
CATGGTC,477,349
AATGGTC,441,392
TTGGGTC,519,401
GTGGGTC,1060,984
CTGGGTC,410,326
ATGGGTC,526,446
TGGGGTC,876,656
GGGGGTC,666,560
CGGGGTC,525,412
AGGGGTC,445,390
TCGGGTC,456,349
GCGGGTC,1048,843
CCGGGTC,474,373
ACGGGTC,514,418
TAGGGTC,577,475
GAGGGTC,492,406
CAGGGTC,314,249
AAGGGTC,315,248
TTCGGTC,222,180
GTCGGTC,345,266
CTCGGTC,164,132
ATCGGTC,227,190
TGCGGTC,1301,1123
GGCGGTC,489,388
CGCGGTC,408,302
AGCGGTC,389,303
TCCGGTC,221,171
GCCGGTC,510,444
CCCGGTC,190,169
ACCGGTC,241,204
TACGGTC,379,308
GACGGTC,283,300
CACGGTC,219,202
AACGGTC,200,195
TTAGGTC,204,182
GTAGGTC,456,364
CTAGGTC,166,168
ATAGGTC,231,172
TGAGGTC,621,495
GGAGGTC,315,234
CGAGGTC,310,305
AGAGGTC,255,236
TCAGGTC,239,169
GCAGGTC,601,446
CCAGGTC,217,170
ACAGGTC,278,263
TAAGGTC,257,233
GAAGGTC,193,196
CAAGGTC,225,143
AAAGGTC,161,142
TTTCGTC,132,110
GTTCGTC,288,247
CTTCGTC,128,123
ATTCGTC,192,146
TGTCGTC,3347,2627
GGTCGTC,489,464
CGTCGTC,732,640
AGTCGTC,761,655
TCTCGTC,150,116
GCTCGTC,379,343
CCTCGTC,177,133
ACTCGTC,171,120
TATCGTC,1278,1029
GATCGTC,340,280
CATCGTC,402,308
AATCGTC,314,252
TTGCGTC,4050,3443
GTGCGTC,5691,4847
CTGCGTC,3161,2700
ATGCGTC,3881,3053
TGGCGTC,3308,2747
GGGCGTC,2761,2325
CGGCGTC,2830,2292
AGGCGTC,2371,1987
TCGCGTC,2834,2394
GCGCGTC,4571,3752
CCGCGTC,3211,2683
ACGCGTC,2894,2369
TAGCGTC,2514,2153
GAGCGTC,2511,2032
CAGCGTC,1910,1577
AAGCGTC,2076,1781
TTCCGTC,189,129
GTCCGTC,280,214
CTCCGTC,123,108
ATCCGTC,143,132
TGCCGTC,920,829
GGCCGTC,325,270
CGCCGTC,355,302
AGCCGTC,275,229
TCCCGTC,162,158
GCCCGTC,432,340
CCCCGTC,162,146
ACCCGTC,218,145
TACCGTC,329,309
GACCGTC,279,229
CACCGTC,187,169
AACCGTC,186,144
TTACGTC,256,235
GTACGTC,415,325
CTACGTC,177,184
ATACGTC,299,251
TGACGTC,978,795
GGACGTC,317,235
CGACGTC,433,347
AGACGTC,290,260
TCACGTC,213,154
GCACGTC,723,583
CCACGTC,229,161
ACACGTC,309,278
TAACGTC,445,336
GAACGTC,231,203
CAACGTC,241,181
AAACGTC,207,157
TTTAGTC,149,110
GTTAGTC,2013,1812
CTTAGTC,158,151
ATTAGTC,495,400
TGTAGTC,3149,2601
GGTAGTC,807,656
CGTAGTC,667,609
AGTAGTC,1094,877
TCTAGTC,141,127
GCTAGTC,555,450
CCTAGTC,157,129
ACTAGTC,214,160
TATAGTC,917,744
GATAGTC,460,397
CATAGTC,336,267
AATAGTC,292,249
TTGAGTC,1080,989
GTGAGTC,2247,1762
CTGAGTC,994,837
ATGAGTC,1190,1031
TGGAGTC,891,775
GGGAGTC,752,555
CGGAGTC,870,774
AGGAGTC,547,503
TCGAGTC,716,572
GCGAGTC,1341,1024
CCGAGTC,899,677
ACGAGTC,756,617
TAGAGTC,721,608
GAGAGTC,716,603
CAGAGTC,586,499
AAGAGTC,599,482
TTCAGTC,150,120
GTCAGTC,308,218
CTCAGTC,137,105
ATCAGTC,193,164
TGCAGTC,894,710
GGCAGTC,355,297
CGCAGTC,386,312
AGCAGTC,295,265
TCCAGTC,141,117
GCCAGTC,515,362
CCCAGTC,181,145
ACCAGTC,192,195
TACAGTC,313,243
GACAGTC,318,261
CACAGTC,186,158
AACAGTC,219,159
TTAAGTC,183,155
GTAAGTC,397,338
CTAAGTC,164,152
ATAAGTC,192,169
TGAAGTC,316,248
GGAAGTC,220,172
CGAAGTC,221,142
AGAAGTC,179,128
TCAAGTC,152,119
GCAAGTC,603,466
CCAAGTC,167,138
ACAAGTC,281,212
TAAAGTC,170,132
GAAAGTC,163,113
CAAAGTC,103,105
AAAAGTC,112,90
TTTTCTC,48,73
GTTTCTC,975,756
CTTTCTC,92,81
ATTTCTC,184,130
TGTTCTC,1358,1097
GGTTCTC,248,179
CGTTCTC,179,193
AGTTCTC,248,211
TCTTCTC,81,75
GCTTCTC,316,291
CCTTCTC,107,122
ACTTCTC,122,99
TATTCTC,264,216
GATTCTC,208,203
CATTCTC,135,96
AATTCTC,134,108
TTGTCTC,1446,1163
GTGTCTC,1824,1439
CTGTCTC,845,626
ATGTCTC,1175,981
TGGTCTC,468,418
GGGTCTC,379,316
CGGTCTC,370,337
AGGTCTC,332,292
TCGTCTC,543,423
GCGTCTC,1286,1084
CCGTCTC,648,530
ACGTCTC,515,474
TAGTCTC,460,369
GAGTCTC,425,346
CAGTCTC,303,252
AAGTCTC,386,292
TTCTCTC,94,88
GTCTCTC,262,222
CTCTCTC,102,74
ATCTCTC,149,121
TGCTCTC,299,265
GGCTCTC,254,184
CGCTCTC,215,170
AGCTCTC,176,143
TCCTCTC,159,123
GCCTCTC,733,642
CCCTCTC,142,151
ACCTCTC,174,158
TACTCTC,227,195
GACTCTC,242,218
CACTCTC,156,116
AACTCTC,134,110
TTATCTC,255,218
GTATCTC,872,709
CTATCTC,238,168
ATATCTC,270,223
TGATCTC,254,220
GGATCTC,216,139
CGATCTC,197,181
AGATCTC,202,132
TCATCTC,278,222
GCATCTC,2542,2023
CCATCTC,255,213
ACATCTC,318,289
TAATCTC,172,163
GAATCTC,227,191
CAATCTC,141,124
AAATCTC,117,102
TTTGCTC,274,198
GTTGCTC,2260,1843
CTTGCTC,183,159
ATTGCTC,519,437
TGTGCTC,2635,2168
GGTGCTC,623,552
CGTGCTC,524,410
AGTGCTC,624,498
TCTGCTC,181,135
GCTGCTC,570,457
CCTGCTC,206,170
ACTGCTC,254,217
TATGCTC,1021,908
GATGCTC,1716,1422
CATGCTC,407,358
AATGCTC,848,692
TTGGCTC,356,303
GTGGCTC,1392,1190
CTGGCTC,256,251
ATGGCTC,505,388
TGGGCTC,476,402
GGGGCTC,397,302
CGGGCTC,275,227
AGGGCTC,278,254
TCGGCTC,288,242
GCGGCTC,753,655
CCGGCTC,264,187
ACGGCTC,345,292
TAGGCTC,462,383
GAGGCTC,728,638
CAGGCTC,251,210
AAGGCTC,304,304
TTCGCTC,230,179
GTCGCTC,564,457
CTCGCTC,223,188
ATCGCTC,300,229
TGCGCTC,863,645
GGCGCTC,513,457
CGCGCTC,397,372
AGCGCTC,363,329
TCCGCTC,273,226
GCCGCTC,739,609
CCCGCTC,281,199
ACCGCTC,330,240
TACGCTC,483,443
GACGCTC,624,509
CACGCTC,382,337
AACGCTC,386,322
TTAGCTC,206,164
GTAGCTC,519,443
CTAGCTC,192,209
ATAGCTC,283,224
TGAGCTC,255,258
GGAGCTC,214,202
CGAGCTC,213,183
AGAGCTC,181,157
TCAGCTC,162,177
GCAGCTC,617,548
CCAGCTC,191,143
ACAGCTC,283,206
TAAGCTC,218,167
GAAGCTC,220,165
CAAGCTC,264,179
AAAGCTC,214,182
TTTCCTC,142,100
GTTCCTC,291,242
CTTCCTC,112,90
ATTCCTC,176,159
TGTCCTC,2251,1929
GGTCCTC,327,257
CGTCCTC,367,313
AGTCCTC,406,314
TCTCCTC,105,104
GCTCCTC,358,341
CCTCCTC,153,97
ACTCCTC,170,121
TATCCTC,456,377
GATCCTC,208,161
CATCCTC,185,157
AATCCTC,151,113
TTGCCTC,4890,4150
GTGCCTC,7347,6109
CTGCCTC,4059,3346
ATGCCTC,4888,4067
TGGCCTC,5075,4424
GGGCCTC,5195,4370
CGGCCTC,4114,3696
AGGCCTC,4168,3350
TCGCCTC,4100,3474
GCGCCTC,6722,5596
CCGCCTC,4356,3676
ACGCCTC,4280,3600
TAGCCTC,3694,3346
GAGCCTC,4543,3633
CAGCCTC,2997,2509
AAGCCTC,3323,2840
TTCCCTC,168,124
GTCCCTC,345,283
CTCCCTC,111,127
ATCCCTC,203,146
TGCCCTC,468,381
GGCCCTC,341,278
CGCCCTC,300,241
AGCCCTC,246,210
TCCCCTC,158,150
GCCCCTC,470,389
CCCCCTC,155,117
ACCCCTC,218,164
TACCCTC,289,269
GACCCTC,247,220
CACCCTC,193,122
AACCCTC,182,143
TTACCTC,265,198
GTACCTC,432,391
CTACCTC,213,164
ATACCTC,316,222
TGACCTC,372,334
GGACCTC,290,249
CGACCTC,233,193
AGACCTC,258,200
TCACCTC,260,204
GCACCTC,924,690
CCACCTC,281,199
ACACCTC,396,310
TAACCTC,254,177
GAACCTC,225,199
CAACCTC,199,147
AAACCTC,169,152
TTTACTC,148,116
GTTACTC,671,567
CTTACTC,163,153
ATTACTC,240,177
TGTACTC,1927,1707
GGTACTC,429,432
CGTACTC,421,344
AGTACTC,496,393
TCTACTC,124,107
GCTACTC,566,415
CCTACTC,171,144
ACTACTC,220,188
TATACTC,493,419
GATACTC,486,397
CATACTC,231,193
AATACTC,240,224
TTGACTC,1533,1275
GTGACTC,2583,2121
CTGACTC,1075,1050
ATGACTC,1491,1272
TGGACTC,1293,1111
GGGACTC,1479,1206
CGGACTC,1054,913
AGGACTC,976,735
TCGACTC,1207,1001
GCGACTC,2542,2089
CCGACTC,1377,1155
ACGACTC,1133,980
TAGACTC,1259,1057
GAGACTC,1210,1023
CAGACTC,723,625
AAGACTC,917,755
TTCACTC,170,144
GTCACTC,501,386
CTCACTC,156,134
ATCACTC,235,220
TGCACTC,709,597
GGCACTC,405,339
CGCACTC,384,328
AGCACTC,288,260
TCCACTC,207,172
GCCACTC,1076,872
CCCACTC,189,187
ACCACTC,270,237
TACACTC,420,312
GACACTC,420,367
CACACTC,240,186
AACACTC,258,195
TTAACTC,235,195
GTAACTC,579,460
CTAACTC,232,185
ATAACTC,294,246
TGAACTC,303,226
GGAACTC,246,232
CGAACTC,223,203
AGAACTC,204,184
TCAACTC,286,237
GCAACTC,1742,1377
CCAACTC,267,214
ACAACTC,444,382
TAAACTC,204,146
GAAACTC,232,177
CAAACTC,180,168
AAAACTC,116,144
TTTTATC,105,91
GTTTATC,4243,3581
CTTTATC,170,138
ATTTATC,1104,852
TGTTATC,4024,3411
GGTTATC,1562,1225
CGTTATC,1562,1224
AGTTATC,1924,1604
TCTTATC,227,192
GCTTATC,1282,1112
CCTTATC,167,145
ACTTATC,241,201
TATTATC,2438,1972
GATTATC,958,770
CATTATC,516,434
AATTATC,782,618
TTGTATC,3516,2811
GTGTATC,5295,4355
CTGTATC,2943,2427
ATGTATC,3476,3054
TGGTATC,2665,2179
GGGTATC,1934,1615
CGGTATC,2252,1855
AGGTATC,1971,1575
TCGTATC,2591,2075
GCGTATC,4060,3239
CCGTATC,2875,2324
ACGTATC,2589,2053
TAGTATC,2158,1748
GAGTATC,2102,1692
CAGTATC,1549,1300
AAGTATC,2028,1698
TTCTATC,120,108
GTCTATC,584,499
CTCTATC,114,122
ATCTATC,186,139
TGCTATC,3029,2491
GGCTATC,476,467
CGCTATC,689,557
AGCTATC,654,530
TCCTATC,176,149
GCCTATC,461,403
CCCTATC,185,164
ACCTATC,217,182
TACTATC,469,368
GACTATC,229,208
CACTATC,196,156
AACTATC,152,140
TTATATC,363,298
GTATATC,1876,1488
CTATATC,325,286
ATATATC,442,349
TGATATC,2019,1739
GGATATC,485,447
CGATATC,892,690
AGATATC,493,411
TCATATC,334,258
GCATATC,959,757
CCATATC,341,269
ACATATC,443,356
TAATATC,1032,799
GAATATC,335,297
CAATATC,401,381
AAATATC,234,216
TTTGATC,180,130
GTTGATC,2878,2566
CTTGATC,183,151
ATTGATC,689,583
TGTGATC,3826,3126
GGTGATC,714,596
CGTGATC,577,447
AGTGATC,1100,981
TCTGATC,140,118
GCTGATC,599,507
CCTGATC,198,116
ACTGATC,212,157
TATGATC,1904,1550
GATGATC,551,449
CATGATC,364,314
AATGATC,428,351
TTGGATC,257,179
GTGGATC,610,503
CTGGATC,198,149
ATGGATC,291,229
TGGGATC,344,290
GGGGATC,315,241
CGGGATC,198,184
AGGGATC,252,216
TCGGATC,199,180
GCGGATC,567,531
CCGGATC,181,146
ACGGATC,284,210
TAGGATC,264,190
GAGGATC,173,172
CAGGATC,164,116
AAGGATC,166,114
TTCGATC,182,157
GTCGATC,368,286
CTCGATC,154,135
ATCGATC,192,193
TGCGATC,1006,885
GGCGATC,435,351
CGCGATC,303,297
AGCGATC,321,304
TCCGATC,162,144
GCCGATC,449,438
CCCGATC,163,128
ACCGATC,223,201
TACGATC,313,253
GACGATC,276,249
CACGATC,155,128
AACGATC,171,148
TTAGATC,152,134
GTAGATC,275,257
CTAGATC,148,107
ATAGATC,160,147
TGAGATC,272,242
GGAGATC,167,159
CGAGATC,175,142
AGAGATC,176,126
TCAGATC,119,98
GCAGATC,392,291
CCAGATC,133,116
ACAGATC,217,152
TAAGATC,154,117
GAAGATC,131,117
CAAGATC,103,81
AAAGATC,108,94
TTTCATC,111,96
GTTCATC,296,259
CTTCATC,135,113
ATTCATC,189,152
TGTCATC,3559,2898
GGTCATC,654,484
CGTCATC,1163,948
AGTCATC,1198,927
TCTCATC,135,119
GCTCATC,403,327
CCTCATC,147,109
ACTCATC,213,157
TATCATC,1642,1325
GATCATC,438,379
CATCATC,560,448
AATCATC,420,337
TTGCATC,5153,4361
GTGCATC,7165,5867
CTGCATC,4273,3541
ATGCATC,4882,4082
TGGCATC,5231,4445
GGGCATC,5569,4526
CGGCATC,4648,3863
AGGCATC,4498,3643
TCGCATC,4552,3884
GCGCATC,7164,5881
CCGCATC,4758,4090
ACGCATC,4986,4099
TAGCATC,3965,3182
GAGCATC,4587,3809
CAGCATC,3078,2702
AAGCATC,3469,2835
TTCCATC,131,137
GTCCATC,344,294
CTCCATC,141,97
ATCCATC,200,140
TGCCATC,1815,1522
GGCCATC,608,508
CGCCATC,858,667
AGCCATC,560,504
TCCCATC,182,157
GCCCATC,448,358
CCCCATC,184,123
ACCCATC,189,168
TACCATC,441,329
GACCATC,274,248
CACCATC,187,168
AACCATC,162,145
TTACATC,238,213
GTACATC,523,407
CTACATC,220,195
ATACATC,394,325
TGACATC,1279,1082
GGACATC,432,308
CGACATC,511,472
AGACATC,392,348
TCACATC,289,238
GCACATC,943,800
CCACATC,282,240
ACACATC,482,375
TAACATC,636,501
GAACATC,284,264
CAACATC,330,262
AAACATC,370,280
TTTAATC,135,114
GTTAATC,458,360
CTTAATC,156,116
ATTAATC,194,185
TGTAATC,2368,1955
GGTAATC,561,448
CGTAATC,472,352
AGTAATC,565,511
TCTAATC,151,118
GCTAATC,454,356
CCTAATC,175,143
ACTAATC,228,200
TATAATC,477,423
GATAATC,263,187
CATAATC,172,148
AATAATC,182,172
TTGAATC,1543,1348
GTGAATC,2278,1994
CTGAATC,1200,1068
ATGAATC,1379,1153
TGGAATC,1147,971
GGGAATC,1113,921
CGGAATC,1023,829
AGGAATC,865,699
TCGAATC,1004,849
GCGAATC,1831,1585
CCGAATC,1216,983
ACGAATC,903,839
TAGAATC,881,712
GAGAATC,964,749
CAGAATC,574,482
AAGAATC,754,631
TTCAATC,132,107
GTCAATC,344,263
CTCAATC,136,110
ATCAATC,176,136
TGCAATC,1954,1703
GGCAATC,919,732
CGCAATC,1198,991
AGCAATC,860,707
TCCAATC,161,136
GCCAATC,376,347
CCCAATC,169,140
ACCAATC,236,197
TACAATC,279,209
GACAATC,319,272
CACAATC,209,158
AACAATC,263,205
TTAAATC,155,125
GTAAATC,353,325
CTAAATC,140,117
ATAAATC,202,139
TGAAATC,198,163
GGAAATC,162,144
CGAAATC,164,143
AGAAATC,124,110
TCAAATC,94,92
GCAAATC,501,391
CCAAATC,137,120
ACAAATC,270,174
TAAAATC,91,72
GAAAATC,108,109
CAAAATC,98,84
AAAAATC,80,95
TTTTTGC,209,140
GTTTTGC,3015,2677
CTTTTGC,243,194
ATTTTGC,584,515
TGTTTGC,5512,4521
GGTTTGC,3464,3049
CGTTTGC,3530,2953
AGTTTGC,3885,3171
TCTTTGC,804,723
GCTTTGC,1001,848
CCTTTGC,317,254
ACTTTGC,444,371
TATTTGC,3674,3065
GATTTGC,2018,1571
CATTTGC,1484,1205
AATTTGC,1654,1298
TTGTTGC,4327,3797
GTGTTGC,4892,4199
CTGTTGC,2874,2332
ATGTTGC,3349,2774
TGGTTGC,2711,2226
GGGTTGC,893,780
CGGTTGC,1404,1281
AGGTTGC,986,734
TCGTTGC,930,760
GCGTTGC,1733,1437
CCGTTGC,924,711
ACGTTGC,830,754
TAGTTGC,1972,1540
GAGTTGC,970,872
CAGTTGC,1044,850
AAGTTGC,1027,798
TTCTTGC,170,124
GTCTTGC,373,294
CTCTTGC,163,122
ATCTTGC,156,138
TGCTTGC,4841,4127
GGCTTGC,1277,1032
CGCTTGC,1525,1229
AGCTTGC,1679,1392
TCCTTGC,199,173
GCCTTGC,613,534
CCCTTGC,227,203
ACCTTGC,230,206
TACTTGC,981,826
GACTTGC,341,292
CACTTGC,332,255
AACTTGC,263,188
TTATTGC,1193,1022
GTATTGC,1960,1732
CTATTGC,808,708
ATATTGC,817,737
TGATTGC,3888,3305
GGATTGC,1027,888
CGATTGC,2675,2200
AGATTGC,1168,961
TCATTGC,556,404
GCATTGC,2012,1684
CCATTGC,369,374
ACATTGC,466,450
TAATTGC,2018,1685
GAATTGC,700,490
CAATTGC,1158,927
AAATTGC,509,378
TTTGTGC,339,258
GTTGTGC,5774,4889
CTTGTGC,305,258
ATTGTGC,1099,897
TGTGTGC,5773,4808
GGTGTGC,1591,1369
CGTGTGC,1300,1065
AGTGTGC,2110,1765
TCTGTGC,240,221
GCTGTGC,939,838
CCTGTGC,304,223
ACTGTGC,338,298
TATGTGC,2757,2277
GATGTGC,1121,893
CATGTGC,649,481
AATGTGC,802,640
TTGGTGC,596,504
GTGGTGC,1543,1313
CTGGTGC,452,395
ATGGTGC,659,513
TGGGTGC,724,593
GGGGTGC,568,429
CGGGTGC,465,419
AGGGTGC,441,362
TCGGTGC,428,393
GCGGTGC,1048,856
CCGGTGC,436,389
ACGGTGC,528,416
TAGGTGC,489,413
GAGGTGC,476,372
CAGGTGC,318,239
AAGGTGC,321,227
TTCGTGC,260,201
GTCGTGC,633,549
CTCGTGC,252,178
ATCGTGC,328,269
TGCGTGC,3234,2750
GGCGTGC,1212,1032
CGCGTGC,1157,1000
AGCGTGC,976,849
TCCGTGC,262,234
GCCGTGC,728,535
CCCGTGC,274,218
ACCGTGC,344,281
TACGTGC,456,400
GACGTGC,396,312
CACGTGC,284,226
AACGTGC,239,231
TTAGTGC,340,274
GTAGTGC,982,858
CTAGTGC,264,224
ATAGTGC,340,302
TGAGTGC,866,716
GGAGTGC,368,329
CGAGTGC,446,409
AGAGTGC,313,297
TCAGTGC,290,249
GCAGTGC,653,578
CCAGTGC,294,218
ACAGTGC,364,291
TAAGTGC,375,320
GAAGTGC,298,218
CAAGTGC,270,193
AAAGTGC,205,151
TTTCTGC,136,82
GTTCTGC,247,214
CTTCTGC,116,118
ATTCTGC,172,163
TGTCTGC,2547,2184
GGTCTGC,321,240
CGTCTGC,359,270
AGTCTGC,407,325
TCTCTGC,109,120
GCTCTGC,349,271
CCTCTGC,138,116
ACTCTGC,156,135
TATCTGC,446,311
GATCTGC,180,137
CATCTGC,158,144
AATCTGC,156,136
TTGCTGC,975,870
GTGCTGC,1233,982
CTGCTGC,570,450
ATGCTGC,909,791
TGGCTGC,539,460
GGGCTGC,521,411
CGGCTGC,398,303
AGGCTGC,494,415
TCGCTGC,458,409
GCGCTGC,1178,1040
CCGCTGC,466,423
ACGCTGC,493,446
TAGCTGC,485,369
GAGCTGC,345,312
CAGCTGC,230,211
AAGCTGC,305,261
TTCCTGC,146,115
GTCCTGC,276,243
CTCCTGC,129,102
ATCCTGC,156,107
TGCCTGC,1197,1018
GGCCTGC,508,430
CGCCTGC,544,450
AGCCTGC,398,364
TCCCTGC,167,154
GCCCTGC,396,295
CCCCTGC,168,122
ACCCTGC,207,153
TACCTGC,265,240
GACCTGC,198,186
CACCTGC,177,104
AACCTGC,138,132
TTACTGC,187,167
GTACTGC,399,299
CTACTGC,180,152
ATACTGC,277,220
TGACTGC,398,322
GGACTGC,266,210
CGACTGC,222,212
AGACTGC,235,193
TCACTGC,169,155
GCACTGC,590,521
CCACTGC,168,178
ACACTGC,300,244
TAACTGC,217,177
GAACTGC,204,145
CAACTGC,171,122
AAACTGC,159,121
TTTATGC,303,249
GTTATGC,2671,2203
CTTATGC,257,251
ATTATGC,573,525
TGTATGC,4931,4177
GGTATGC,1638,1467
CGTATGC,1736,1424
AGTATGC,2194,1770
TCTATGC,250,183
GCTATGC,757,625
CCTATGC,284,218
ACTATGC,304,270
TATATGC,1640,1259
GATATGC,658,554
CATATGC,502,411
AATATGC,536,440
TTGATGC,1236,963
GTGATGC,2035,1660
CTGATGC,837,702
ATGATGC,1357,1055
TGGATGC,1101,930
GGGATGC,832,675
CGGATGC,830,698
AGGATGC,802,700
TCGATGC,693,659
GCGATGC,1457,1167
CCGATGC,689,555
ACGATGC,772,642
TAGATGC,861,728
GAGATGC,619,501
CAGATGC,566,467
AAGATGC,721,557
TTCATGC,228,194
GTCATGC,549,486
CTCATGC,204,182
ATCATGC,293,256
TGCATGC,3448,3003
GGCATGC,1243,1039
CGCATGC,1764,1502
AGCATGC,1192,990
TCCATGC,278,188
GCCATGC,919,687
CCCATGC,280,253
ACCATGC,403,292
TACATGC,549,370
GACATGC,446,387
CACATGC,284,201
AACATGC,373,253
TTAATGC,428,345
GTAATGC,800,700
CTAATGC,385,313
ATAATGC,511,391
TGAATGC,958,900
GGAATGC,566,469
CGAATGC,728,618
AGAATGC,504,459
TCAATGC,331,274
GCAATGC,1216,1022
CCAATGC,309,308
ACAATGC,569,420
TAAATGC,543,461
GAAATGC,362,343
CAAATGC,393,309
AAAATGC,391,340
TTTTGGC,135,106
GTTTGGC,3286,2872
CTTTGGC,155,119
ATTTGGC,569,474
TGTTGGC,6034,5035
GGTTGGC,1835,1535
CGTTGGC,1827,1490
AGTTGGC,2578,2136
TCTTGGC,217,175
GCTTGGC,576,509
CCTTGGC,170,135
ACTTGGC,177,182
TATTGGC,3180,2592
GATTGGC,917,768
CATTGGC,592,435
AATTGGC,866,736
TTGTGGC,1569,1412
GTGTGGC,2292,1806
CTGTGGC,954,754
ATGTGGC,1228,1034
TGGTGGC,1055,914
GGGTGGC,537,477
CGGTGGC,563,519
AGGTGGC,486,435
TCGTGGC,479,331
GCGTGGC,1517,1331
CCGTGGC,482,433
ACGTGGC,523,493
TAGTGGC,750,614
GAGTGGC,534,419
CAGTGGC,443,371
AAGTGGC,385,374
TTCTGGC,105,79
GTCTGGC,234,211
CTCTGGC,115,73
ATCTGGC,140,121
TGCTGGC,2527,2098
GGCTGGC,329,283
CGCTGGC,333,320
AGCTGGC,324,302
TCCTGGC,144,156
GCCTGGC,576,495
CCCTGGC,173,151
ACCTGGC,210,165
TACTGGC,281,270
GACTGGC,187,172
CACTGGC,143,107
AACTGGC,119,106
TTATGGC,369,322
GTATGGC,1072,827
CTATGGC,278,256
ATATGGC,349,270
TGATGGC,1883,1568
GGATGGC,401,287
CGATGGC,723,636
AGATGGC,429,361
TCATGGC,231,204
GCATGGC,1001,896
CCATGGC,205,190
ACATGGC,346,311
TAATGGC,612,528
GAATGGC,303,258
CAATGGC,329,263
AAATGGC,249,199
TTTGGGC,214,143
GTTGGGC,1548,1329
CTTGGGC,170,118
ATTGGGC,393,367
TGTGGGC,3191,2643
GGTGGGC,526,442
CGTGGGC,444,413
AGTGGGC,617,518
TCTGGGC,153,100
GCTGGGC,400,318
CCTGGGC,162,123
ACTGGGC,205,150
TATGGGC,678,542
GATGGGC,327,283
CATGGGC,229,208
AATGGGC,249,214
TTGGGGC,254,224
GTGGGGC,686,629
CTGGGGC,206,184
ATGGGGC,351,256
TGGGGGC,502,426
GGGGGGC,484,418
CGGGGGC,382,307
AGGGGGC,329,246
TCGGGGC,247,191
GCGGGGC,726,656
CCGGGGC,240,203
ACGGGGC,316,237
TAGGGGC,324,259
GAGGGGC,300,233
CAGGGGC,193,182
AAGGGGC,193,181
TTCGGGC,159,144
GTCGGGC,255,228
CTCGGGC,131,142
ATCGGGC,156,139
TGCGGGC,711,575
GGCGGGC,334,273
CGCGGGC,262,230
AGCGGGC,250,220
TCCGGGC,163,121
GCCGGGC,402,340
CCCGGGC,155,139
ACCGGGC,198,191
TACGGGC,247,231
GACGGGC,255,215
CACGGGC,143,123
AACGGGC,150,116
TTAGGGC,182,158
GTAGGGC,349,304
CTAGGGC,151,124
ATAGGGC,192,136
TGAGGGC,335,304
GGAGGGC,229,178
CGAGGGC,225,182
AGAGGGC,166,168
TCAGGGC,142,106
GCAGGGC,442,348
CCAGGGC,170,118
ACAGGGC,176,146
TAAGGGC,141,108
GAAGGGC,157,111
CAAGGGC,133,98
AAAGGGC,122,93
TTTCGGC,122,121
GTTCGGC,251,185
CTTCGGC,97,95
ATTCGGC,156,124
TGTCGGC,1689,1489
GGTCGGC,241,210
CGTCGGC,236,206
AGTCGGC,257,209
TCTCGGC,114,91
GCTCGGC,258,236
CCTCGGC,131,108
ACTCGGC,144,116
TATCGGC,374,302
GATCGGC,166,130
CATCGGC,138,118
AATCGGC,143,114
TTGCGGC,1327,1082
GTGCGGC,1880,1552
CTGCGGC,792,657
ATGCGGC,1204,1025
TGGCGGC,709,537
GGGCGGC,573,520
CGGCGGC,501,484
AGGCGGC,531,449
TCGCGGC,478,431
GCGCGGC,1130,969
CCGCGGC,563,450
ACGCGGC,497,439
TAGCGGC,547,457
GAGCGGC,424,360
CAGCGGC,309,273
AAGCGGC,371,365
TTCCGGC,144,95
GTCCGGC,234,157
CTCCGGC,106,66
ATCCGGC,119,110
TGCCGGC,358,295
GGCCGGC,203,179
CGCCGGC,190,137
AGCCGGC,160,121
TCCCGGC,121,109
GCCCGGC,293,305
CCCCGGC,97,93
ACCCGGC,153,110
TACCGGC,203,184
GACCGGC,180,145
CACCGGC,120,101
AACCGGC,100,97
TTACGGC,162,118
GTACGGC,231,211
CTACGGC,133,129
ATACGGC,195,157
TGACGGC,292,237
GGACGGC,185,176
CGACGGC,203,155
AGACGGC,198,166
TCACGGC,115,129
GCACGGC,422,362
CCACGGC,151,123
ACACGGC,206,162
TAACGGC,179,151
GAACGGC,138,129
CAACGGC,132,97
AAACGGC,163,129
TTTAGGC,149,125
GTTAGGC,679,627
CTTAGGC,148,155
ATTAGGC,228,181
TGTAGGC,2734,2398
GGTAGGC,448,360
CGTAGGC,413,335
AGTAGGC,488,481
TCTAGGC,115,96
GCTAGGC,393,286
CCTAGGC,141,97
ACTAGGC,189,160
TATAGGC,452,391
GATAGGC,275,228
CATAGGC,196,157
AATAGGC,197,147
TTGAGGC,376,323
GTGAGGC,836,698
CTGAGGC,321,264
ATGAGGC,418,405
TGGAGGC,405,355
GGGAGGC,363,340
CGGAGGC,343,286
AGGAGGC,318,240
TCGAGGC,315,254
GCGAGGC,744,665
CCGAGGC,244,235
ACGAGGC,417,292
TAGAGGC,338,325
GAGAGGC,255,258
CAGAGGC,207,208
AAGAGGC,253,187
TTCAGGC,122,90
GTCAGGC,227,184
CTCAGGC,140,85
ATCAGGC,180,135
TGCAGGC,544,417
GGCAGGC,308,221
CGCAGGC,273,233
AGCAGGC,287,214
TCCAGGC,166,136
GCCAGGC,547,432
CCCAGGC,165,143
ACCAGGC,251,190
TACAGGC,278,217
GACAGGC,267,185
CACAGGC,166,98
AACAGGC,172,134
TTAAGGC,184,140
GTAAGGC,249,236
CTAAGGC,147,109
ATAAGGC,204,122
TGAAGGC,277,220
GGAAGGC,199,151
CGAAGGC,209,171
AGAAGGC,194,150
TCAAGGC,105,109
GCAAGGC,451,400
CCAAGGC,149,125
ACAAGGC,261,214
TAAAGGC,198,151
GAAAGGC,175,129
CAAAGGC,168,102
AAAAGGC,122,135
TTTTCGC,120,114
GTTTCGC,753,623
CTTTCGC,124,117
ATTTCGC,204,199
TGTTCGC,1874,1461
GGTTCGC,275,241
CGTTCGC,250,202
AGTTCGC,258,243
TCTTCGC,124,96
GCTTCGC,343,304
CCTTCGC,162,139
ACTTCGC,165,156
TATTCGC,365,274
GATTCGC,273,198
CATTCGC,182,138
AATTCGC,195,161
TTGTCGC,1308,1086
GTGTCGC,1496,1282
CTGTCGC,718,577
ATGTCGC,892,721
TGGTCGC,372,304
GGGTCGC,348,269
CGGTCGC,287,278
AGGTCGC,268,215
TCGTCGC,298,295
GCGTCGC,999,811
CCGTCGC,349,298
ACGTCGC,373,305
TAGTCGC,331,280
GAGTCGC,354,298
CAGTCGC,230,196
AAGTCGC,282,209
TTCTCGC,133,119
GTCTCGC,279,233
CTCTCGC,123,113
ATCTCGC,182,135
TGCTCGC,345,303
GGCTCGC,235,202
CGCTCGC,208,171
AGCTCGC,182,151
TCCTCGC,141,122
GCCTCGC,553,507
CCCTCGC,184,141
ACCTCGC,209,162
TACTCGC,221,193
GACTCGC,247,201
CACTCGC,144,115
AACTCGC,141,132
TTATCGC,323,305
GTATCGC,896,709
CTATCGC,293,227
ATATCGC,320,283
TGATCGC,274,229
GGATCGC,231,197
CGATCGC,269,202
AGATCGC,192,153
TCATCGC,207,175
GCATCGC,1184,1064
CCATCGC,242,178
ACATCGC,273,235
TAATCGC,201,159
GAATCGC,233,179
CAATCGC,158,162
AAATCGC,149,132
TTTGCGC,506,385
GTTGCGC,3296,2764
CTTGCGC,409,344
ATTGCGC,1031,871
TGTGCGC,2219,1803
GGTGCGC,875,794
CGTGCGC,649,563
AGTGCGC,746,622
TCTGCGC,363,273
GCTGCGC,865,732
CCTGCGC,342,304
ACTGCGC,427,351
TATGCGC,1231,925
GATGCGC,3688,3178
CATGCGC,746,592
AATGCGC,1717,1435
TTGGCGC,408,350
GTGGCGC,2635,2312
CTGGCGC,324,269
ATGGCGC,828,638
TGGGCGC,627,517
GGGGCGC,530,431
CGGGCGC,326,294
AGGGCGC,369,284
TCGGCGC,264,256
GCGGCGC,982,808
CCGGCGC,295,263
ACGGCGC,321,275
TAGGCGC,569,463
GAGGCGC,1330,1190
CAGGCGC,336,298
AAGGCGC,611,484
TTCGCGC,302,236
GTCGCGC,681,574
CTCGCGC,279,253
ATCGCGC,443,306
TGCGCGC,960,740
GGCGCGC,673,592
CGCGCGC,607,459
AGCGCGC,527,427
TCCGCGC,336,296
GCCGCGC,752,649
CCCGCGC,354,244
ACCGCGC,387,316
TACGCGC,496,387
GACGCGC,847,678
CACGCGC,604,534
AACGCGC,451,397
TTAGCGC,281,239
GTAGCGC,655,556
CTAGCGC,290,245
ATAGCGC,346,336
TGAGCGC,320,306
GGAGCGC,321,254
CGAGCGC,281,268
AGAGCGC,204,182
TCAGCGC,226,165
GCAGCGC,541,464
CCAGCGC,204,183
ACAGCGC,263,196
TAAGCGC,232,220
GAAGCGC,280,268
CAAGCGC,320,226
AAAGCGC,301,253
TTTCCGC,115,127
GTTCCGC,283,262
CTTCCGC,145,118
ATTCCGC,193,146
TGTCCGC,1231,1012
GGTCCGC,294,226
CGTCCGC,307,210
AGTCCGC,280,221
TCTCCGC,104,103
GCTCCGC,320,247
CCTCCGC,135,113
ACTCCGC,152,118
TATCCGC,279,232
GATCCGC,209,178
CATCCGC,143,111
AATCCGC,124,135
TTGCCGC,2731,2237
GTGCCGC,4246,3656
CTGCCGC,1888,1517
ATGCCGC,2708,2194
TGGCCGC,1566,1261
GGGCCGC,1274,1019
CGGCCGC,995,860
AGGCCGC,1101,957
TCGCCGC,1677,1434
GCGCCGC,3097,2569
CCGCCGC,1865,1546
ACGCCGC,1539,1264
TAGCCGC,1234,1025
GAGCCGC,1029,874
CAGCCGC,659,583
AAGCCGC,917,705
TTCCCGC,122,112
GTCCCGC,264,226
CTCCCGC,134,107
ATCCCGC,163,115
TGCCCGC,377,323
GGCCCGC,289,258
CGCCCGC,294,211
AGCCCGC,224,198
TCCCCGC,142,119
GCCCCGC,387,343
CCCCCGC,169,129
ACCCCGC,196,138
TACCCGC,230,219
GACCCGC,230,165
CACCCGC,142,142
AACCCGC,152,116
TTACCGC,223,163
GTACCGC,397,335
CTACCGC,180,155
ATACCGC,268,201
TGACCGC,271,227
GGACCGC,254,205
CGACCGC,189,161
AGACCGC,196,163
TCACCGC,166,143
GCACCGC,626,540
CCACCGC,174,140
ACACCGC,287,234
TAACCGC,190,163
GAACCGC,208,189
CAACCGC,134,104
AAACCGC,159,150
TTTACGC,181,172
GTTACGC,827,676
CTTACGC,194,141
ATTACGC,296,240
TGTACGC,1857,1582
GGTACGC,467,405
CGTACGC,373,312
AGTACGC,474,375
TCTACGC,158,118
GCTACGC,486,405
CCTACGC,164,152
ACTACGC,223,180
TATACGC,494,400
GATACGC,678,577
CATACGC,293,234
AATACGC,293,225
TTGACGC,551,483
GTGACGC,1049,885
CTGACGC,447,388
ATGACGC,543,474
TGGACGC,493,398
GGGACGC,465,419
CGGACGC,337,253
AGGACGC,369,329
TCGACGC,387,278
GCGACGC,906,706
CCGACGC,354,312
ACGACGC,383,334
TAGACGC,405,308
GAGACGC,373,290
CAGACGC,222,170
AAGACGC,294,181
TTCACGC,234,189
GTCACGC,469,377
CTCACGC,226,167
ATCACGC,296,201
TGCACGC,719,613
GGCACGC,438,382
CGCACGC,446,373
AGCACGC,350,307
TCCACGC,225,178
GCCACGC,816,711
CCCACGC,235,211
ACCACGC,335,276
TACACGC,383,336
GACACGC,379,337
CACACGC,250,226
AACACGC,304,230
TTAACGC,258,220
GTAACGC,519,408
CTAACGC,244,180
ATAACGC,307,261
TGAACGC,292,236
GGAACGC,236,227
CGAACGC,234,189
AGAACGC,220,189
TCAACGC,199,171
GCAACGC,958,774
CCAACGC,198,140
ACAACGC,328,285
TAAACGC,228,165
GAAACGC,233,156
CAAACGC,203,149
AAAACGC,185,131
TTTTAGC,100,93
GTTTAGC,2587,2278
CTTTAGC,120,124
ATTTAGC,589,435
TGTTAGC,4473,3836
GGTTAGC,853,742
CGTTAGC,974,838
AGTTAGC,1327,1096
TCTTAGC,192,165
GCTTAGC,606,447
CCTTAGC,162,111
ACTTAGC,161,132
TATTAGC,2372,1961
GATTAGC,595,480
CATTAGC,353,349
AATTAGC,547,486
TTGTAGC,1940,1584
GTGTAGC,2392,2084
CTGTAGC,1115,957
ATGTAGC,1599,1205
TGGTAGC,856,714
GGGTAGC,408,344
CGGTAGC,529,421
AGGTAGC,400,321
TCGTAGC,465,453
GCGTAGC,1092,933
CCGTAGC,548,502
ACGTAGC,516,373
TAGTAGC,697,550
GAGTAGC,415,355
CAGTAGC,363,347
AAGTAGC,421,401
TTCTAGC,130,103
GTCTAGC,242,213
CTCTAGC,124,82
ATCTAGC,123,99
TGCTAGC,1840,1458
GGCTAGC,303,276
CGCTAGC,334,281
AGCTAGC,331,265
TCCTAGC,133,122
GCCTAGC,361,279
CCCTAGC,145,118
ACCTAGC,199,142
TACTAGC,295,244
GACTAGC,204,162
CACTAGC,182,130
AACTAGC,104,90
TTATAGC,282,250
GTATAGC,708,666
CTATAGC,231,179
ATATAGC,261,205
TGATAGC,1382,1098
GGATAGC,298,259
CGATAGC,595,509
AGATAGC,295,268
TCATAGC,222,176
GCATAGC,556,411
CCATAGC,175,169
ACATAGC,272,215
TAATAGC,775,675
GAATAGC,210,186
CAATAGC,408,313
AAATAGC,205,153
TTTGAGC,160,119
GTTGAGC,613,471
CTTGAGC,140,125
ATTGAGC,275,217
TGTGAGC,3409,2968
GGTGAGC,448,385
CGTGAGC,391,328
AGTGAGC,707,534
TCTGAGC,146,108
GCTGAGC,394,316
CCTGAGC,167,113
ACTGAGC,172,159
TATGAGC,1095,889
GATGAGC,316,248
CATGAGC,253,237
AATGAGC,251,219
TTGGAGC,190,140
GTGGAGC,370,327
CTGGAGC,146,125
ATGGAGC,205,195
TGGGAGC,246,194
GGGGAGC,237,216
CGGGAGC,178,123
AGGGAGC,150,141
TCGGAGC,212,154
GCGGAGC,519,403
CCGGAGC,153,135
ACGGAGC,204,152
TAGGAGC,198,153
GAGGAGC,161,123
CAGGAGC,115,96
AAGGAGC,109,77
TTCGAGC,149,131
GTCGAGC,229,180
CTCGAGC,131,127
ATCGAGC,170,142
TGCGAGC,632,534
GGCGAGC,291,240
CGCGAGC,303,186
AGCGAGC,242,182
TCCGAGC,154,120
GCCGAGC,379,283
CCCGAGC,131,137
ACCGAGC,196,169
TACGAGC,233,171
GACGAGC,199,178
CACGAGC,134,86
AACGAGC,114,108
TTAGAGC,135,98
GTAGAGC,200,180
CTAGAGC,122,93
ATAGAGC,140,106
TGAGAGC,182,166
GGAGAGC,155,136
CGAGAGC,156,93
AGAGAGC,134,109
TCAGAGC,126,95
GCAGAGC,331,262
CCAGAGC,115,89
ACAGAGC,150,110
TAAGAGC,108,85
GAAGAGC,132,99
CAAGAGC,90,76
AAAGAGC,92,83
TTTCAGC,115,118
GTTCAGC,202,205
CTTCAGC,101,88
ATTCAGC,143,125
TGTCAGC,1673,1241
GGTCAGC,277,214
CGTCAGC,336,278
AGTCAGC,290,273
TCTCAGC,104,89
GCTCAGC,263,230
CCTCAGC,135,107
ACTCAGC,130,117
TATCAGC,385,345
GATCAGC,187,148
CATCAGC,193,151
AATCAGC,177,135
TTGCAGC,2667,2265
GTGCAGC,3822,3273
CTGCAGC,1880,1490
ATGCAGC,2411,2025
TGGCAGC,1264,1093
GGGCAGC,998,812
CGGCAGC,958,802
AGGCAGC,813,715
TCGCAGC,1521,1245
GCGCAGC,2534,2145
CCGCAGC,1587,1281
ACGCAGC,1267,1115
TAGCAGC,1068,874
GAGCAGC,833,700
CAGCAGC,524,486
AAGCAGC,793,632
TTCCAGC,109,83
GTCCAGC,192,152
CTCCAGC,94,106
ATCCAGC,134,101
TGCCAGC,412,312
GGCCAGC,236,206
CGCCAGC,228,176
AGCCAGC,166,172
TCCCAGC,142,106
GCCCAGC,323,261
CCCCAGC,131,94
ACCCAGC,142,130
TACCAGC,222,176
GACCAGC,165,144
CACCAGC,107,91
AACCAGC,130,86
TTACAGC,172,140
GTACAGC,258,228
CTACAGC,128,122
ATACAGC,271,239
TGACAGC,319,232
GGACAGC,206,149
CGACAGC,200,148
AGACAGC,218,147
TCACAGC,127,111
GCACAGC,521,393
CCACAGC,179,111
ACACAGC,243,212
TAACAGC,190,159
GAACAGC,138,134
CAACAGC,150,125
AAACAGC,204,171
TTTAAGC,103,96
GTTAAGC,292,263
CTTAAGC,135,121
ATTAAGC,171,155
TGTAAGC,1982,1647
GGTAAGC,446,369
CGTAAGC,357,294
AGTAAGC,450,413
TCTAAGC,123,117
GCTAAGC,366,286
CCTAAGC,165,111
ACTAAGC,164,132
TATAAGC,363,269
GATAAGC,263,231
CATAAGC,173,137
AATAAGC,166,155
TTGAAGC,281,247
GTGAAGC,432,377
CTGAAGC,203,172
ATGAAGC,268,200
TGGAAGC,231,220
GGGAAGC,197,159
CGGAAGC,193,153
AGGAAGC,143,119
TCGAAGC,208,168
GCGAAGC,520,392
CCGAAGC,181,173
ACGAAGC,209,174
TAGAAGC,150,146
GAGAAGC,159,110
CAGAAGC,118,89
AAGAAGC,98,117
TTCAAGC,152,103
GTCAAGC,229,209
CTCAAGC,123,100
ATCAAGC,171,128
TGCAAGC,679,581
GGCAAGC,299,268
CGCAAGC,373,297
AGCAAGC,268,236
TCCAAGC,134,133
GCCAAGC,360,311
CCCAAGC,179,111
ACCAAGC,202,160
TACAAGC,282,230
GACAAGC,267,228
CACAAGC,173,132
AACAAGC,201,159
TTAAAGC,134,117
GTAAAGC,225,202
CTAAAGC,135,116
ATAAAGC,140,130
TGAAAGC,163,141
GGAAAGC,166,113
CGAAAGC,138,136
AGAAAGC,143,105
TCAAAGC,116,107
GCAAAGC,416,336
CCAAAGC,113,125
ACAAAGC,206,180
TAAAAGC,119,99
GAAAAGC,122,89
CAAAAGC,94,90
AAAAAGC,91,80
TTTTTCC,102,96
GTTTTCC,3487,2989
CTTTTCC,187,143
ATTTTCC,549,536
TGTTTCC,3254,2708
GGTTTCC,1111,920
CGTTTCC,1218,969
AGTTTCC,1706,1542
TCTTTCC,212,164
GCTTTCC,915,781
CCTTTCC,193,189
ACTTTCC,219,203
TATTTCC,1912,1552
GATTTCC,672,549
CATTTCC,458,363
AATTTCC,463,376
TTGTTCC,1140,918
GTGTTCC,2430,2146
CTGTTCC,684,561
ATGTTCC,1095,897
TGGTTCC,1254,1094
GGGTTCC,646,516
CGGTTCC,904,763
AGGTTCC,657,500
TCGTTCC,459,384
GCGTTCC,1380,1099
CCGTTCC,569,432
ACGTTCC,521,411
TAGTTCC,854,749
GAGTTCC,491,427
CAGTTCC,513,457
AAGTTCC,365,371
TTCTTCC,100,71
GTCTTCC,274,235
CTCTTCC,123,104
ATCTTCC,147,161
TGCTTCC,2210,1849
GGCTTCC,494,396
CGCTTCC,561,420
AGCTTCC,549,464
TCCTTCC,157,147
GCCTTCC,697,574
CCCTTCC,166,126
ACCTTCC,187,178
TACTTCC,381,303
GACTTCC,234,193
CACTTCC,154,122
AACTTCC,111,112
TTATTCC,290,243
GTATTCC,1406,1256
CTATTCC,292,268
ATATTCC,365,308
TGATTCC,1692,1325
GGATTCC,390,350
CGATTCC,997,728
AGATTCC,492,352
TCATTCC,258,225
GCATTCC,2642,2204
CCATTCC,264,199
ACATTCC,297,276
TAATTCC,506,420
GAATTCC,306,280
CAATTCC,335,291
AAATTCC,178,163
TTTGTCC,211,168
GTTGTCC,5504,4598
CTTGTCC,247,202
ATTGTCC,1133,827
TGTGTCC,5005,4195
GGTGTCC,1370,1196
CGTGTCC,1134,970
AGTGTCC,1777,1374
TCTGTCC,173,196
GCTGTCC,959,750
CCTGTCC,250,185
ACTGTCC,278,200
TATGTCC,1946,1782
GATGTCC,981,790
CATGTCC,484,474
AATGTCC,615,498
TTGGTCC,350,264
GTGGTCC,1167,1036
CTGGTCC,269,240
ATGGTCC,427,389
TGGGTCC,640,526
GGGGTCC,489,460
CGGGTCC,502,432
AGGGTCC,405,382
TCGGTCC,309,260
GCGGTCC,851,684
CCGGTCC,327,272
ACGGTCC,399,305
TAGGTCC,445,351
GAGGTCC,343,299
CAGGTCC,284,257
AAGGTCC,268,228
TTCGTCC,191,168
GTCGTCC,554,464
CTCGTCC,202,144
ATCGTCC,293,266
TGCGTCC,2260,1962
GGCGTCC,1123,907
CGCGTCC,1021,820
AGCGTCC,909,754
TCCGTCC,262,200
GCCGTCC,635,527
CCCGTCC,270,149
ACCGTCC,333,242
TACGTCC,446,412
GACGTCC,423,332
CACGTCC,222,203
AACGTCC,271,162
TTAGTCC,213,190
GTAGTCC,736,613
CTAGTCC,196,154
ATAGTCC,236,252
TGAGTCC,660,499
GGAGTCC,311,303
CGAGTCC,401,381
AGAGTCC,334,241
TCAGTCC,229,200
GCAGTCC,606,467
CCAGTCC,294,180
ACAGTCC,321,251
TAAGTCC,269,203
GAAGTCC,216,176
CAAGTCC,165,162
AAAGTCC,153,146
TTTCTCC,91,72
GTTCTCC,275,210
CTTCTCC,109,61
ATTCTCC,155,126
TGTCTCC,1859,1624
GGTCTCC,290,224
CGTCTCC,265,253
AGTCTCC,355,279
TCTCTCC,106,77
GCTCTCC,297,264
CCTCTCC,133,121
ACTCTCC,151,108
TATCTCC,324,272
GATCTCC,193,159
CATCTCC,164,151
AATCTCC,124,102
TTGCTCC,711,551
GTGCTCC,1292,1097
CTGCTCC,520,406
ATGCTCC,954,726
TGGCTCC,769,596
GGGCTCC,631,597
CGGCTCC,551,498
AGGCTCC,577,506
TCGCTCC,640,509
GCGCTCC,1549,1278
CCGCTCC,742,617
ACGCTCC,743,595
TAGCTCC,545,502
GAGCTCC,494,430
CAGCTCC,348,333
AAGCTCC,380,345
TTCCTCC,146,116
GTCCTCC,262,241
CTCCTCC,111,73
ATCCTCC,159,125
TGCCTCC,1983,1624
GGCCTCC,1220,1047
CGCCTCC,1575,1309
AGCCTCC,1102,882
TCCCTCC,200,114
GCCCTCC,433,340
CCCCTCC,164,156
ACCCTCC,216,184
TACCTCC,372,328
GACCTCC,242,185
CACCTCC,175,125
AACCTCC,160,117
TTACTCC,190,183
GTACTCC,364,333
CTACTCC,178,125
ATACTCC,218,233
TGACTCC,368,345
GGACTCC,336,259
CGACTCC,347,240
AGACTCC,269,193
TCACTCC,256,259
GCACTCC,743,616
CCACTCC,273,193
ACACTCC,297,305
TAACTCC,200,158
GAACTCC,178,169
CAACTCC,134,117
AAACTCC,152,133
TTTATCC,164,151
GTTATCC,2055,1794
CTTATCC,159,120
ATTATCC,463,357
TGTATCC,4048,3190
GGTATCC,1190,957
CGTATCC,1321,1104
AGTATCC,1502,1314
TCTATCC,185,141
GCTATCC,611,537
CCTATCC,188,159
ACTATCC,232,217
TATATCC,913,777
GATATCC,492,419
CATATCC,473,341
AATATCC,315,334
TTGATCC,383,349
GTGATCC,1184,942
CTGATCC,347,232
ATGATCC,461,427
TGGATCC,406,326
GGGATCC,326,282
CGGATCC,336,262
AGGATCC,236,219
TCGATCC,363,287
GCGATCC,873,714
CCGATCC,344,276
ACGATCC,333,332
TAGATCC,350,286
GAGATCC,256,236
CAGATCC,217,161
AAGATCC,201,145
TTCATCC,163,143
GTCATCC,684,523
CTCATCC,173,123
ATCATCC,279,202
TGCATCC,5723,4852
GGCATCC,3854,3196
CGCATCC,4761,3897
AGCATCC,3457,2794
TCCATCC,163,172
GCCATCC,808,674
CCCATCC,207,185
ACCATCC,284,228
TACATCC,431,384
GACATCC,407,332
CACATCC,251,228
AACATCC,265,233
TTAATCC,202,164
GTAATCC,631,539
CTAATCC,189,160
ATAATCC,230,181
TGAATCC,512,452
GGAATCC,343,290
CGAATCC,345,263
AGAATCC,265,225
TCAATCC,203,149
GCAATCC,1112,869
CCAATCC,201,177
ACAATCC,330,253
TAAATCC,210,183
GAAATCC,155,134
CAAATCC,137,102
AAAATCC,122,108
TTTTGCC,360,278
GTTTGCC,6340,5191
CTTTGCC,361,271
ATTTGCC,1551,1261
TGTTGCC,7441,6279
GGTTGCC,2922,2507
CGTTGCC,2744,2324
AGTTGCC,3438,2938
TCTTGCC,407,303
GCTTGCC,1286,1026
CCTTGCC,342,288
ACTTGCC,401,357
TATTGCC,3886,3240
GATTGCC,1555,1289
CATTGCC,903,718
AATTGCC,1401,1096
TTGTGCC,1902,1612
GTGTGCC,3104,2763
CTGTGCC,1168,968
ATGTGCC,1623,1262
TGGTGCC,2401,1976
GGGTGCC,1222,1035
CGGTGCC,1253,1056
AGGTGCC,934,807
TCGTGCC,881,707
GCGTGCC,2690,2372
CCGTGCC,842,763
ACGTGCC,805,707
TAGTGCC,1332,1144
GAGTGCC,1079,836
CAGTGCC,733,663
AAGTGCC,718,586
TTCTGCC,245,196
GTCTGCC,467,392
CTCTGCC,222,157
ATCTGCC,310,237
TGCTGCC,3765,3233
GGCTGCC,686,535
CGCTGCC,744,598
AGCTGCC,694,569
TCCTGCC,274,235
GCCTGCC,1042,813
CCCTGCC,244,271
ACCTGCC,390,311
TACTGCC,542,529
GACTGCC,422,330
CACTGCC,265,173
AACTGCC,261,217
TTATGCC,646,533
GTATGCC,2255,1732
CTATGCC,533,406
ATATGCC,708,544
TGATGCC,3918,3245
GGATGCC,1743,1448
CGATGCC,1840,1633
AGATGCC,1593,1259
TCATGCC,500,420
GCATGCC,2267,1850
CCATGCC,511,408
ACATGCC,672,549
TAATGCC,1391,1093
GAATGCC,1011,879
CAATGCC,699,574
AAATGCC,856,670
TTTGGCC,335,312
GTTGGCC,2552,2220
CTTGGCC,290,244
ATTGGCC,686,571
TGTGGCC,4766,3917
GGTGGCC,1142,956
CGTGGCC,999,803
AGTGGCC,1187,1047
TCTGGCC,250,236
GCTGGCC,802,615
CCTGGCC,309,248
ACTGGCC,354,315
TATGGCC,1136,988
GATGGCC,724,661
CATGGCC,466,404
AATGGCC,547,442
TTGGGCC,515,417
GTGGGCC,992,768
CTGGGCC,389,289
ATGGGCC,560,434
TGGGGCC,687,592
GGGGGCC,785,642
CGGGGCC,489,461
AGGGGCC,507,374
TCGGGCC,405,313
GCGGGCC,1123,928
CCGGGCC,393,340
ACGGGCC,489,410
TAGGGCC,485,412
GAGGGCC,594,451
CAGGGCC,336,264
AAGGGCC,373,271
TTCGGCC,309,280
GTCGGCC,488,392
CTCGGCC,210,185
ATCGGCC,290,257
TGCGGCC,1278,1013
GGCGGCC,566,454
CGCGGCC,446,389
AGCGGCC,461,351
TCCGGCC,303,230
GCCGGCC,689,570
CCCGGCC,313,242
ACCGGCC,330,280
TACGGCC,492,404
GACGGCC,425,356
CACGGCC,258,218
AACGGCC,313,246
TTAGGCC,345,310
GTAGGCC,668,538
CTAGGCC,248,247
ATAGGCC,375,290
TGAGGCC,705,552
GGAGGCC,719,607
CGAGGCC,481,396
AGAGGCC,594,444
TCAGGCC,335,259
GCAGGCC,829,671
CCAGGCC,315,298
ACAGGCC,447,360
TAAGGCC,337,294
GAAGGCC,414,336
CAAGGCC,264,170
AAAGGCC,346,285
TTTCGCC,361,270
GTTCGCC,589,493
CTTCGCC,291,169
ATTCGCC,405,310
TGTCGCC,2721,2140
GGTCGCC,662,522
CGTCGCC,559,454
AGTCGCC,595,500
TCTCGCC,324,243
GCTCGCC,653,516
CCTCGCC,344,270
ACTCGCC,349,302
TATCGCC,739,615
GATCGCC,435,405
CATCGCC,360,306
AATCGCC,364,329
TTGCGCC,2893,2456
GTGCGCC,4033,3420
CTGCGCC,2025,1817
ATGCGCC,2694,2136
TGGCGCC,1587,1303
GGGCGCC,1462,1285
CGGCGCC,1244,998
AGGCGCC,1186,1054
TCGCGCC,1534,1251
GCGCGCC,2939,2522
CCGCGCC,1636,1336
ACGCGCC,1362,1176
TAGCGCC,1260,1096
GAGCGCC,1197,940
CAGCGCC,800,668
AAGCGCC,1022,836
TTCCGCC,403,349
GTCCGCC,573,472
CTCCGCC,268,245
ATCCGCC,355,294
TGCCGCC,969,786
GGCCGCC,634,587
CGCCGCC,528,475
AGCCGCC,473,347
TCCCGCC,361,281
GCCCGCC,785,688
CCCCGCC,327,288
ACCCGCC,403,302
TACCGCC,496,471
GACCGCC,462,443
CACCGCC,329,271
AACCGCC,325,279
TTACGCC,430,313
GTACGCC,713,634
CTACGCC,336,263
ATACGCC,456,353
TGACGCC,795,680
GGACGCC,646,504
CGACGCC,513,424
AGACGCC,459,381
TCACGCC,438,373
GCACGCC,1219,968
CCACGCC,445,386
ACACGCC,559,395
TAACGCC,474,360
GAACGCC,461,387
CAACGCC,309,301
AAACGCC,376,289
TTTAGCC,322,258
GTTAGCC,1405,1231
CTTAGCC,280,217
ATTAGCC,469,359
TGTAGCC,3593,2978
GGTAGCC,880,746
CGTAGCC,777,676
AGTAGCC,852,852
TCTAGCC,246,198
GCTAGCC,698,569
CCTAGCC,268,246
ACTAGCC,326,276
TATAGCC,829,687
GATAGCC,540,491
CATAGCC,343,271
AATAGCC,416,299
TTGAGCC,547,498
GTGAGCC,1200,1012
CTGAGCC,476,383
ATGAGCC,582,498
TGGAGCC,536,454
GGGAGCC,488,411
CGGAGCC,432,327
AGGAGCC,386,284
TCGAGCC,426,359
GCGAGCC,1001,839
CCGAGCC,411,323
ACGAGCC,410,373
TAGAGCC,423,343
GAGAGCC,393,341
CAGAGCC,278,250
AAGAGCC,276,261
TTCAGCC,246,172
GTCAGCC,474,367
CTCAGCC,204,167
ATCAGCC,300,227
TGCAGCC,1171,1010
GGCAGCC,522,449
CGCAGCC,593,523
AGCAGCC,431,362
TCCAGCC,227,199
GCCAGCC,636,469
CCCAGCC,228,169
ACCAGCC,253,194
TACAGCC,412,360
GACAGCC,403,325
CACAGCC,226,149
AACAGCC,269,255
TTAAGCC,264,219
GTAAGCC,629,567
CTAAGCC,224,190
ATAAGCC,317,241
TGAAGCC,425,344
GGAAGCC,334,280
CGAAGCC,315,259
AGAAGCC,260,216
TCAAGCC,235,192
GCAAGCC,818,640
CCAAGCC,229,238
ACAAGCC,384,317
TAAAGCC,293,219
GAAAGCC,276,231
CAAAGCC,204,166
AAAAGCC,249,204
TTTTCCC,103,85
GTTTCCC,1452,1146
CTTTCCC,166,103
ATTTCCC,301,241
TGTTCCC,2675,2333
GGTTCCC,385,298
CGTTCCC,347,295
AGTTCCC,429,398
TCTTCCC,131,111
GCTTCCC,516,368
CCTTCCC,167,150
ACTTCCC,177,154
TATTCCC,596,458
GATTCCC,348,316
CATTCCC,194,165
AATTCCC,202,199
TTGTCCC,2040,1685
GTGTCCC,2697,2247
CTGTCCC,1298,1044
ATGTCCC,1572,1331
TGGTCCC,511,437
GGGTCCC,420,342
CGGTCCC,433,324
AGGTCCC,337,277
TCGTCCC,633,567
GCGTCCC,1604,1258
CCGTCCC,718,583
ACGTCCC,602,459
TAGTCCC,534,506
GAGTCCC,472,445
CAGTCCC,326,268
AAGTCCC,313,276
TTCTCCC,107,89
GTCTCCC,275,248
CTCTCCC,110,107
ATCTCCC,145,131
TGCTCCC,476,385
GGCTCCC,273,220
CGCTCCC,272,220
AGCTCCC,214,193
TCCTCCC,153,127
GCCTCCC,863,712
CCCTCCC,168,173
ACCTCCC,189,192
TACTCCC,291,267
GACTCCC,285,249
CACTCCC,186,168
AACTCCC,165,131
TTATCCC,351,318
GTATCCC,1237,994
CTATCCC,280,230
ATATCCC,339,309
TGATCCC,408,367
GGATCCC,238,211
CGATCCC,297,230
AGATCCC,214,177
TCATCCC,270,226
GCATCCC,3780,3111
CCATCCC,294,248
ACATCCC,323,285
TAATCCC,198,207
GAATCCC,271,220
CAATCCC,210,143
AAATCCC,165,134
TTTGCCC,528,403
GTTGCCC,3365,2814
CTTGCCC,355,311
ATTGCCC,890,786
TGTGCCC,2819,2258
GGTGCCC,910,850
CGTGCCC,711,574
AGTGCCC,876,718
TCTGCCC,318,282
GCTGCCC,907,714
CCTGCCC,345,278
ACTGCCC,378,344
TATGCCC,1279,1078
GATGCCC,2330,2002
CATGCCC,590,515
AATGCCC,1172,1024
TTGGCCC,547,446
GTGGCCC,1962,1661
CTGGCCC,407,364
ATGGCCC,763,617
TGGGCCC,682,606
GGGGCCC,594,499
CGGGCCC,438,358
AGGGCCC,490,349
TCGGCCC,440,353
GCGGCCC,1193,1023
CCGGCCC,376,323
ACGGCCC,477,374
TAGGCCC,668,554
GAGGCCC,969,908
CAGGCCC,351,282
AAGGCCC,541,409
TTCGCCC,436,379
GTCGCCC,770,627
CTCGCCC,370,315
ATCGCCC,483,406
TGCGCCC,1394,1137
GGCGCCC,860,686
CGCGCCC,785,630
AGCGCCC,701,633
TCCGCCC,517,442
GCCGCCC,1071,888
CCCGCCC,458,374
ACCGCCC,540,424
TACGCCC,742,655
GACGCCC,869,709
CACGCCC,601,491
AACGCCC,531,403
TTAGCCC,397,332
GTAGCCC,807,719
CTAGCCC,361,271
ATAGCCC,426,366
TGAGCCC,465,422
GGAGCCC,450,348
CGAGCCC,411,301
AGAGCCC,320,286
TCAGCCC,292,273
GCAGCCC,839,717
CCAGCCC,322,240
ACAGCCC,381,320
TAAGCCC,320,290
GAAGCCC,303,286
CAAGCCC,340,303
AAAGCCC,380,318
TTTCCCC,144,130
GTTCCCC,354,310
CTTCCCC,144,124
ATTCCCC,208,201
TGTCCCC,3182,2755
GGTCCCC,453,343
CGTCCCC,552,499
AGTCCCC,520,429
TCTCCCC,135,135
GCTCCCC,400,365
CCTCCCC,147,107
ACTCCCC,222,147
TATCCCC,666,512
GATCCCC,270,241
CATCCCC,284,238
AATCCCC,256,197
TTGCCCC,2405,2122
GTGCCCC,4042,3416
CTGCCCC,1765,1403
ATGCCCC,2526,2067
TGGCCCC,1805,1463
GGGCCCC,1344,1177
CGGCCCC,1134,984
AGGCCCC,1188,962
TCGCCCC,1930,1525
GCGCCCC,3661,3087
CCGCCCC,2091,1757
ACGCCCC,1672,1422
TAGCCCC,1437,1172
GAGCCCC,1181,953
CAGCCCC,800,679
AAGCCCC,968,792
TTCCCCC,108,126
GTCCCCC,350,313
CTCCCCC,154,101
ATCCCCC,196,171
TGCCCCC,646,566
GGCCCCC,441,347
CGCCCCC,371,323
AGCCCCC,300,267
TCCCCCC,186,138
GCCCCCC,507,422
CCCCCCC,184,150
ACCCCCC,258,193
TACCCCC,380,320
GACCCCC,352,266
CACCCCC,202,151
AACCCCC,195,161
TTACCCC,193,200
GTACCCC,453,374
CTACCCC,179,166
ATACCCC,291,253
TGACCCC,438,453
GGACCCC,313,263
CGACCCC,330,275
AGACCCC,266,210
TCACCCC,223,175
GCACCCC,798,682
CCACCCC,218,169
ACACCCC,344,286
TAACCCC,251,198
GAACCCC,255,219
CAACCCC,186,138
AAACCCC,206,172
TTTACCC,186,125
GTTACCC,797,660
CTTACCC,168,181
ATTACCC,296,208
TGTACCC,2892,2385
GGTACCC,612,525
CGTACCC,550,486
AGTACCC,603,538
TCTACCC,168,149
GCTACCC,634,480
CCTACCC,220,158
ACTACCC,255,212
TATACCC,702,578
GATACCC,570,473
CATACCC,260,207
AATACCC,268,241
TTGACCC,510,496
GTGACCC,1046,820
CTGACCC,403,341
ATGACCC,586,445
TGGACCC,567,461
GGGACCC,493,395
CGGACCC,381,301
AGGACCC,357,320
TCGACCC,383,360
GCGACCC,1183,1058
CCGACCC,360,330
ACGACCC,411,304
TAGACCC,533,442
GAGACCC,425,384
CAGACCC,222,215
AAGACCC,261,228
TTCACCC,162,144
GTCACCC,406,391
CTCACCC,151,174
ATCACCC,227,215
TGCACCC,905,736
GGCACCC,408,357
CGCACCC,481,390
AGCACCC,359,290
TCCACCC,178,175
GCCACCC,1042,849
CCCACCC,210,175
ACCACCC,253,200
TACACCC,432,446
GACACCC,415,368
CACACCC,272,212
AACACCC,242,225
TTAACCC,212,197
GTAACCC,543,498
CTAACCC,209,181
ATAACCC,245,223
TGAACCC,336,290
GGAACCC,220,195
CGAACCC,254,165
AGAACCC,188,168
TCAACCC,170,142
GCAACCC,1875,1676
CCAACCC,154,172
ACAACCC,316,277
TAAACCC,211,157
GAAACCC,218,170
CAAACCC,190,140
AAAACCC,145,116
TTTTACC,164,125
GTTTACC,7008,5793
CTTTACC,261,166
ATTTACC,2022,1717
TGTTACC,4172,3385
GGTTACC,684,660
CGTTACC,770,631
AGTTACC,901,761
TCTTACC,192,150
GCTTACC,2061,1741
CCTTACC,217,171
ACTTACC,299,255
TATTACC,1148,975
GATTACC,1015,840
CATTACC,324,286
AATTACC,516,409
TTGTACC,1846,1503
GTGTACC,4201,3482
CTGTACC,1152,986
ATGTACC,1593,1403
TGGTACC,925,782
GGGTACC,546,449
CGGTACC,685,567
AGGTACC,462,388
TCGTACC,715,600
GCGTACC,1654,1457
CCGTACC,825,707
ACGTACC,699,539
TAGTACC,746,587
GAGTACC,549,414
CAGTACC,485,349
AAGTACC,415,347
TTCTACC,135,105
GTCTACC,625,509
CTCTACC,120,102
ATCTACC,191,157
TGCTACC,1034,819
GGCTACC,398,334
CGCTACC,386,352
AGCTACC,377,270
TCCTACC,170,166
GCCTACC,533,429
CCCTACC,202,150
ACCTACC,219,190
TACTACC,371,310
GACTACC,275,256
CACTACC,196,147
AACTACC,180,132
TTATACC,286,268
GTATACC,2965,2686
CTATACC,266,219
ATATACC,418,409
TGATACC,1004,853
GGATACC,497,368
CGATACC,584,490
AGATACC,416,330
TCATACC,258,198
GCATACC,980,836
CCATACC,261,209
ACATACC,361,314
TAATACC,370,350
GAATACC,345,284
CAATACC,263,207
AAATACC,268,212
TTTGACC,214,188
GTTGACC,3895,3217
CTTGACC,194,168
ATTGACC,901,803
TGTGACC,2590,2164
GGTGACC,572,491
CGTGACC,492,381
AGTGACC,589,516
TCTGACC,169,149
GCTGACC,715,559
CCTGACC,191,145
ACTGACC,238,205
TATGACC,790,644
GATGACC,540,431
CATGACC,288,242
AATGACC,310,234
TTGGACC,303,290
GTGGACC,748,602
CTGGACC,250,206
ATGGACC,347,271
TGGGACC,409,341
GGGGACC,380,288
CGGGACC,313,230
AGGGACC,269,226
TCGGACC,266,215
GCGGACC,806,607
CCGGACC,224,163
ACGGACC,251,237
TAGGACC,310,249
GAGGACC,224,199
CAGGACC,177,194
AAGGACC,200,138
TTCGACC,215,179
GTCGACC,363,261
CTCGACC,170,108
ATCGACC,180,181
TGCGACC,900,700
GGCGACC,535,418
CGCGACC,426,343
AGCGACC,376,312
TCCGACC,187,177
GCCGACC,429,391
CCCGACC,181,127
ACCGACC,246,185
TACGACC,386,301
GACGACC,281,226
CACGACC,184,145
AACGACC,182,114
TTAGACC,210,160
GTAGACC,367,306
CTAGACC,155,152
ATAGACC,222,186
TGAGACC,343,270
GGAGACC,199,220
CGAGACC,251,186
AGAGACC,183,175
TCAGACC,157,132
GCAGACC,479,379
CCAGACC,160,124
ACAGACC,209,144
TAAGACC,177,139
GAAGACC,162,131
CAAGACC,125,119
AAAGACC,139,116
TTTCACC,139,128
GTTCACC,410,308
CTTCACC,145,137
ATTCACC,223,171
TGTCACC,4403,3678
GGTCACC,601,481
CGTCACC,1455,1252
AGTCACC,1075,927
TCTCACC,134,162
GCTCACC,378,370
CCTCACC,174,147
ACTCACC,214,180
TATCACC,1370,1239
GATCACC,467,441
CATCACC,697,550
AATCACC,393,347
TTGCACC,2680,2176
GTGCACC,3750,3151
CTGCACC,1718,1547
ATGCACC,2381,2001
TGGCACC,1366,1136
GGGCACC,994,807
CGGCACC,952,767
AGGCACC,870,710
TCGCACC,1497,1282
GCGCACC,2608,2150
CCGCACC,1529,1309
ACGCACC,1303,1018
TAGCACC,1156,985
GAGCACC,870,656
CAGCACC,608,544
AAGCACC,724,555
TTCCACC,173,120
GTCCACC,270,260
CTCCACC,146,107
ATCCACC,150,115
TGCCACC,1860,1556
GGCCACC,836,590
CGCCACC,1140,958
AGCCACC,686,583
TCCCACC,174,138
GCCCACC,458,407
CCCCACC,157,118
ACCCACC,205,158
TACCACC,413,402
GACCACC,265,225
CACCACC,198,165
AACCACC,167,146
TTACACC,244,212
GTACACC,578,479
CTACACC,201,167
ATACACC,426,317
TGACACC,1351,1141
GGACACC,355,352
CGACACC,638,540
AGACACC,357,319
TCACACC,269,192
GCACACC,835,619
CCACACC,218,199
ACACACC,414,324
TAACACC,601,483
GAACACC,293,240
CAACACC,288,261
AAACACC,352,320
TTTAACC,152,136
GTTAACC,463,420
CTTAACC,155,139
ATTAACC,232,228
TGTAACC,1541,1314
GGTAACC,497,395
CGTAACC,481,435
AGTAACC,469,408
TCTAACC,173,127
GCTAACC,510,449
CCTAACC,174,196
ACTAACC,296,241
TATAACC,410,326
GATAACC,329,283
CATAACC,296,252
AATAACC,236,202
TTGAACC,375,289
GTGAACC,578,520
CTGAACC,329,244
ATGAACC,313,290
TGGAACC,318,276
GGGAACC,268,245
CGGAACC,292,191
AGGAACC,203,184
TCGAACC,266,223
GCGAACC,692,542
CCGAACC,286,233
ACGAACC,273,242
TAGAACC,314,259
GAGAACC,235,189
CAGAACC,150,155
AAGAACC,164,132
TTCAACC,161,142
GTCAACC,487,445
CTCAACC,140,105
ATCAACC,229,177
TGCAACC,3227,2645
GGCAACC,1322,1181
CGCAACC,1997,1596
AGCAACC,1236,1017
TCCAACC,175,144
GCCAACC,439,383
CCCAACC,175,168
ACCAACC,260,210
TACAACC,351,290
GACAACC,451,334
CACAACC,234,208
AACAACC,326,302
TTAAACC,188,124
GTAAACC,752,682
CTAAACC,228,208
ATAAACC,318,302
TGAAACC,279,245
GGAAACC,202,182
CGAAACC,220,182
AGAAACC,197,123
TCAAACC,146,131
GCAAACC,612,492
CCAAACC,195,169
ACAAACC,356,276
TAAAACC,152,135
GAAAACC,206,154
CAAAACC,161,134
AAAAACC,141,133
TTTTTAC,157,103
GTTTTAC,1104,999
CTTTTAC,205,137
ATTTTAC,286,236
TGTTTAC,3807,3185
GGTTTAC,3258,2744
CGTTTAC,3338,2732
AGTTTAC,3214,2671
TCTTTAC,1044,784
GCTTTAC,998,845
CCTTTAC,417,300
ACTTTAC,505,435
TATTTAC,3357,2804
GATTTAC,2368,1981
CATTTAC,1720,1330
AATTTAC,1842,1484
TTGTTAC,2541,2057
GTGTTAC,3173,2671
CTGTTAC,1658,1351
ATGTTAC,2199,1989
TGGTTAC,2424,2050
GGGTTAC,839,688
CGGTTAC,1231,1098
AGGTTAC,917,799
TCGTTAC,882,762
GCGTTAC,1708,1400
CCGTTAC,961,780
ACGTTAC,966,730
TAGTTAC,1723,1473
GAGTTAC,892,686
CAGTTAC,920,662
AAGTTAC,867,727
TTCTTAC,152,128
GTCTTAC,317,285
CTCTTAC,161,134
ATCTTAC,180,149
TGCTTAC,4905,4066
GGCTTAC,2352,1956
CGCTTAC,2287,1969
AGCTTAC,2419,2043
TCCTTAC,172,161
GCCTTAC,627,485
CCCTTAC,209,185
ACCTTAC,246,198
TACTTAC,1619,1374
GACTTAC,525,397
CACTTAC,353,264
AACTTAC,374,294
TTATTAC,539,434
GTATTAC,1153,1029
CTATTAC,449,358
ATATTAC,504,351
TGATTAC,3799,3136
GGATTAC,1341,1174
CGATTAC,2788,2240
AGATTAC,1488,1219
TCATTAC,619,551
GCATTAC,1731,1540
CCATTAC,348,302
ACATTAC,464,355
TAATTAC,2226,1942
GAATTAC,854,710
CAATTAC,1430,1106
AAATTAC,575,423
TTTGTAC,313,250
GTTGTAC,2805,2341
CTTGTAC,293,237
ATTGTAC,548,450
TGTGTAC,5815,4781
GGTGTAC,3352,2756
CGTGTAC,2719,2121
AGTGTAC,3402,2835
TCTGTAC,289,267
GCTGTAC,732,597
CCTGTAC,315,255
ACTGTAC,335,294
TATGTAC,3431,2741
GATGTAC,1517,1281
CATGTAC,962,787
AATGTAC,1361,1047
TTGGTAC,502,375
GTGGTAC,1059,938
CTGGTAC,368,339
ATGGTAC,529,469
TGGGTAC,950,849
GGGGTAC,599,551
CGGGTAC,536,456
AGGGTAC,511,429
TCGGTAC,383,326
GCGGTAC,985,852
CCGGTAC,415,331
ACGGTAC,491,394
TAGGTAC,610,468
GAGGTAC,395,404
CAGGTAC,296,282
AAGGTAC,290,253
TTCGTAC,313,240
GTCGTAC,601,486
CTCGTAC,252,199
ATCGTAC,324,268
TGCGTAC,4284,3552
GGCGTAC,953,794
CGCGTAC,918,835
AGCGTAC,983,854
TCCGTAC,262,200
GCCGTAC,674,583
CCCGTAC,284,233
ACCGTAC,302,303
TACGTAC,518,458
GACGTAC,429,352
CACGTAC,287,218
AACGTAC,291,249
TTAGTAC,287,234
GTAGTAC,832,725
CTAGTAC,262,212
ATAGTAC,333,265
TGAGTAC,1307,1023
GGAGTAC,435,335
CGAGTAC,537,472
AGAGTAC,396,315
TCAGTAC,213,145
GCAGTAC,618,561
CCAGTAC,238,197
ACAGTAC,245,262
TAAGTAC,428,356
GAAGTAC,303,244
CAAGTAC,225,173
AAAGTAC,226,172
TTTCTAC,128,119
GTTCTAC,277,239
CTTCTAC,134,111
ATTCTAC,187,153
TGTCTAC,3279,2772
GGTCTAC,526,448
CGTCTAC,673,532
AGTCTAC,796,690
TCTCTAC,158,104
GCTCTAC,339,264
CCTCTAC,152,145
ACTCTAC,139,131
TATCTAC,719,543
GATCTAC,254,214
CATCTAC,239,213
AATCTAC,226,146
TTGCTAC,1938,1580
GTGCTAC,2690,2268
CTGCTAC,1279,1120
ATGCTAC,1810,1430
TGGCTAC,1440,1048
GGGCTAC,1051,924
CGGCTAC,1055,864
AGGCTAC,922,796
TCGCTAC,1259,1098
GCGCTAC,2493,2087
CCGCTAC,1514,1264
ACGCTAC,1264,1087
TAGCTAC,1049,982
GAGCTAC,922,834
CAGCTAC,758,576
AAGCTAC,812,685
TTCCTAC,145,124
GTCCTAC,281,249
CTCCTAC,117,113
ATCCTAC,153,151
TGCCTAC,1123,902
GGCCTAC,393,328
CGCCTAC,375,311
AGCCTAC,337,263
TCCCTAC,198,165
GCCCTAC,405,337
CCCCTAC,186,149
ACCCTAC,217,157
TACCTAC,334,291
GACCTAC,243,223
CACCTAC,173,156
AACCTAC,162,139
TTACTAC,158,156
GTACTAC,370,311
CTACTAC,179,136
ATACTAC,293,209
TGACTAC,503,428
GGACTAC,260,213
CGACTAC,302,253
AGACTAC,277,204
TCACTAC,161,175
GCACTAC,631,526
CCACTAC,224,181
ACACTAC,324,237
TAACTAC,260,239
GAACTAC,235,169
CAACTAC,178,152
AAACTAC,181,169
TTTATAC,191,171
GTTATAC,917,794
CTTATAC,230,181
ATTATAC,298,281
TGTATAC,4762,4026
GGTATAC,2975,2432
CGTATAC,3011,2571
AGTATAC,3009,2490
TCTATAC,232,168
GCTATAC,568,456
CCTATAC,216,222
ACTATAC,291,225
TATATAC,1891,1508
GATATAC,847,709
CATATAC,774,637
AATATAC,725,604
TTGATAC,931,785
GTGATAC,1507,1210
CTGATAC,763,599
ATGATAC,883,742
TGGATAC,1406,1128
GGGATAC,669,528
CGGATAC,622,502
AGGATAC,526,463
TCGATAC,615,527
GCGATAC,1193,994
CCGATAC,671,541
ACGATAC,612,501
TAGATAC,777,640
GAGATAC,543,432
CAGATAC,379,325
AAGATAC,419,382
TTCATAC,213,148
GTCATAC,418,355
CTCATAC,254,159
ATCATAC,260,193
TGCATAC,2833,2385
GGCATAC,865,647
CGCATAC,953,898
AGCATAC,801,720
TCCATAC,217,177
GCCATAC,799,637
CCCATAC,229,183
ACCATAC,275,239
TACATAC,529,403
GACATAC,409,365
CACATAC,280,244
AACATAC,284,215
TTAATAC,274,239
GTAATAC,555,460
CTAATAC,244,206
ATAATAC,290,249
TGAATAC,1076,870
GGAATAC,339,269
CGAATAC,460,394
AGAATAC,329,256
TCAATAC,272,239
GCAATAC,1108,923
CCAATAC,315,255
ACAATAC,443,347
TAAATAC,350,298
GAAATAC,258,231
CAAATAC,244,219
AAAATAC,212,188
TTTTGAC,174,128
GTTTGAC,1284,979
CTTTGAC,142,133
ATTTGAC,342,239
TGTTGAC,5966,4852
GGTTGAC,3116,2587
CGTTGAC,2786,2280
AGTTGAC,3170,2726
TCTTGAC,325,277
GCTTGAC,578,506
CCTTGAC,205,198
ACTTGAC,268,222
TATTGAC,3765,2998
GATTGAC,1672,1460
CATTGAC,958,737
AATTGAC,1655,1364
TTGTGAC,2013,1602
GTGTGAC,2387,1925
CTGTGAC,1148,959
ATGTGAC,1497,1213
TGGTGAC,1511,1239
GGGTGAC,803,635
CGGTGAC,982,784
AGGTGAC,690,595
TCGTGAC,705,591
GCGTGAC,1662,1418
CCGTGAC,777,614
ACGTGAC,558,546
TAGTGAC,1061,897
GAGTGAC,730,619
CAGTGAC,515,484
AAGTGAC,619,501
TTCTGAC,138,134
GTCTGAC,274,177
CTCTGAC,110,101
ATCTGAC,145,119
TGCTGAC,4509,3777
GGCTGAC,825,728
CGCTGAC,787,686
AGCTGAC,1059,868
TCCTGAC,128,127
GCCTGAC,481,398
CCCTGAC,166,138
ACCTGAC,176,135
TACTGAC,576,497
GACTGAC,274,188
CACTGAC,129,125
AACTGAC,210,157
TTATGAC,314,267
GTATGAC,701,502
CTATGAC,230,207
ATATGAC,292,290
TGATGAC,3149,2721
GGATGAC,676,538
CGATGAC,1106,986
AGATGAC,760,622
TCATGAC,243,196
GCATGAC,689,651
CCATGAC,249,203
ACATGAC,281,240
TAATGAC,1134,1002
GAATGAC,415,302
CAATGAC,426,368
AAATGAC,315,229
TTTGGAC,172,137
GTTGGAC,555,510
CTTGGAC,151,135
ATTGGAC,232,185
TGTGGAC,3755,3139
GGTGGAC,733,597
CGTGGAC,532,387
AGTGGAC,873,750
TCTGGAC,122,110
GCTGGAC,386,314
CCTGGAC,178,142
ACTGGAC,204,165
TATGGAC,891,727
GATGGAC,420,321
CATGGAC,275,209
AATGGAC,253,245
TTGGGAC,276,226
GTGGGAC,609,502
CTGGGAC,265,208
ATGGGAC,299,288
TGGGGAC,433,403
GGGGGAC,442,378
CGGGGAC,331,262
AGGGGAC,305,242
TCGGGAC,287,230
GCGGGAC,759,635
CCGGGAC,282,241
ACGGGAC,318,230
TAGGGAC,365,281
GAGGGAC,299,286
CAGGGAC,212,186
AAGGGAC,249,177
TTCGGAC,187,144
GTCGGAC,272,232
CTCGGAC,121,126
ATCGGAC,186,135
TGCGGAC,981,810
GGCGGAC,365,260
CGCGGAC,254,251
AGCGGAC,241,192
TCCGGAC,158,112
GCCGGAC,383,328
CCCGGAC,153,114
ACCGGAC,181,178
TACGGAC,257,217
GACGGAC,237,200
CACGGAC,156,129
AACGGAC,150,149
TTAGGAC,187,115
GTAGGAC,268,230
CTAGGAC,152,114
ATAGGAC,184,125
TGAGGAC,389,297
GGAGGAC,233,183
CGAGGAC,197,199
AGAGGAC,193,135
TCAGGAC,141,117
GCAGGAC,363,303
CCAGGAC,161,124
ACAGGAC,170,150
TAAGGAC,168,130
GAAGGAC,176,158
CAAGGAC,114,111
AAAGGAC,132,112
TTTCGAC,163,134
GTTCGAC,305,264
CTTCGAC,134,117
ATTCGAC,221,170
TGTCGAC,1355,1093
GGTCGAC,287,208
CGTCGAC,262,172
AGTCGAC,257,227
TCTCGAC,120,106
GCTCGAC,323,243
CCTCGAC,147,108
ACTCGAC,182,124
TATCGAC,345,261
GATCGAC,231,164
CATCGAC,174,137
AATCGAC,173,121
TTGCGAC,2770,2175
GTGCGAC,3835,3332
CTGCGAC,1943,1574
ATGCGAC,2466,2046
TGGCGAC,1657,1355
GGGCGAC,1275,1076
CGGCGAC,1234,1022
AGGCGAC,1139,969
TCGCGAC,1525,1209
GCGCGAC,2423,2018
CCGCGAC,1561,1282
ACGCGAC,1255,1048
TAGCGAC,1271,1133
GAGCGAC,1215,956
CAGCGAC,815,700
AAGCGAC,826,603
TTCCGAC,142,147
GTCCGAC,226,178
CTCCGAC,143,100
ATCCGAC,138,140
TGCCGAC,344,302
GGCCGAC,250,186
CGCCGAC,190,174
AGCCGAC,141,133
TCCCGAC,167,118
GCCCGAC,338,304
CCCCGAC,149,101
ACCCGAC,176,142
TACCGAC,271,223
GACCGAC,198,160
CACCGAC,133,112
AACCGAC,114,107
TTACGAC,184,163
GTACGAC,286,228
CTACGAC,159,135
ATACGAC,242,191
TGACGAC,334,241
GGACGAC,204,178
CGACGAC,222,190
AGACGAC,180,146
TCACGAC,164,138
GCACGAC,510,388
CCACGAC,154,130
ACACGAC,216,188
TAACGAC,152,127
GAACGAC,186,144
CAACGAC,152,104
AAACGAC,57,33
TTTAGAC,135,136
GTTAGAC,414,300
CTTAGAC,149,105
ATTAGAC,181,138
TGTAGAC,1974,1631
GGTAGAC,357,333
CGTAGAC,352,255
AGTAGAC,513,342
TCTAGAC,138,95
GCTAGAC,348,318
CCTAGAC,148,110
ACTAGAC,139,115
TATAGAC,428,381
GATAGAC,300,217
CATAGAC,184,152
AATAGAC,196,164
TTGAGAC,757,611
GTGAGAC,1070,839
CTGAGAC,529,476
ATGAGAC,561,515
TGGAGAC,466,350
GGGAGAC,403,311
CGGAGAC,401,307
AGGAGAC,236,223
TCGAGAC,386,300
GCGAGAC,725,637
CCGAGAC,387,292
ACGAGAC,389,289
TAGAGAC,359,280
GAGAGAC,339,283
CAGAGAC,243,197
AAGAGAC,270,218
TTCAGAC,123,122
GTCAGAC,196,176
CTCAGAC,120,85
ATCAGAC,120,107
TGCAGAC,316,299
GGCAGAC,201,181
CGCAGAC,225,163
AGCAGAC,202,141
TCCAGAC,139,89
GCCAGAC,310,289
CCCAGAC,126,129
ACCAGAC,141,112
TACAGAC,228,187
GACAGAC,249,218
CACAGAC,131,99
AACAGAC,141,123
TTAAGAC,135,146
GTAAGAC,227,222
CTAAGAC,131,110
ATAAGAC,141,113
TGAAGAC,207,168
GGAAGAC,156,142
CGAAGAC,163,163
AGAAGAC,156,120
TCAAGAC,125,104
GCAAGAC,391,319
CCAAGAC,145,137
ACAAGAC,176,155
TAAAGAC,141,101
GAAAGAC,137,113
CAAAGAC,88,90
AAAAGAC,100,91
TTTTCAC,138,92
GTTTCAC,613,499
CTTTCAC,139,142
ATTTCAC,225,215
TGTTCAC,1706,1329
GGTTCAC,318,285
CGTTCAC,319,257
AGTTCAC,331,283
TCTTCAC,132,116
GCTTCAC,402,331
CCTTCAC,170,158
ACTTCAC,163,159
TATTCAC,423,381
GATTCAC,311,274
CATTCAC,180,158
AATTCAC,223,182
TTGTCAC,2741,2248
GTGTCAC,4083,3380
CTGTCAC,2264,1950
ATGTCAC,2941,2442
TGGTCAC,545,448
GGGTCAC,504,410
CGGTCAC,480,427
AGGTCAC,450,355
TCGTCAC,1001,854
GCGTCAC,1850,1536
CCGTCAC,1092,991
ACGTCAC,915,793
TAGTCAC,613,549
GAGTCAC,624,525
CAGTCAC,434,369
AAGTCAC,583,465
TTCTCAC,149,120
GTCTCAC,318,265
CTCTCAC,147,119
ATCTCAC,214,126
TGCTCAC,374,320
GGCTCAC,298,248
CGCTCAC,260,231
AGCTCAC,220,216
TCCTCAC,187,154
GCCTCAC,748,613
CCCTCAC,218,170
ACCTCAC,235,161
TACTCAC,360,273
GACTCAC,318,239
CACTCAC,192,175
AACTCAC,200,169
TTATCAC,656,561
GTATCAC,1369,1152
CTATCAC,520,463
ATATCAC,627,455
TGATCAC,398,318
GGATCAC,324,356
CGATCAC,321,286
AGATCAC,278,219
TCATCAC,390,333
GCATCAC,2334,1923
CCATCAC,434,361
ACATCAC,462,380
TAATCAC,282,265
GAATCAC,364,270
CAATCAC,280,225
AAATCAC,261,176
TTTGCAC,599,550
GTTGCAC,4118,3551
CTTGCAC,454,458
ATTGCAC,1170,932
TGTGCAC,3184,2653
GGTGCAC,1126,952
CGTGCAC,767,673
AGTGCAC,1007,853
TCTGCAC,327,302
GCTGCAC,1065,871
CCTGCAC,437,308
ACTGCAC,500,445
TATGCAC,1361,1125
GATGCAC,5147,4250
CATGCAC,857,780
AATGCAC,2028,1662
TTGGCAC,522,480
GTGGCAC,2501,2196
CTGGCAC,394,362
ATGGCAC,809,683
TGGGCAC,552,488
GGGGCAC,533,459
CGGGCAC,377,369
AGGGCAC,352,318
TCGGCAC,368,301
GCGGCAC,1016,872
CCGGCAC,323,296
ACGGCAC,427,378
TAGGCAC,504,440
GAGGCAC,1088,995
CAGGCAC,387,275
AAGGCAC,527,450
TTCGCAC,390,364
GTCGCAC,879,775
CTCGCAC,409,360
ATCGCAC,502,431
TGCGCAC,961,816
GGCGCAC,794,658
CGCGCAC,667,517
AGCGCAC,541,481
TCCGCAC,394,332
GCCGCAC,932,833
CCCGCAC,388,368
ACCGCAC,471,394
TACGCAC,648,547
GACGCAC,1030,887
CACGCAC,892,810
AACGCAC,622,547
TTAGCAC,364,353
GTAGCAC,815,700
CTAGCAC,358,281
ATAGCAC,430,390
TGAGCAC,430,342
GGAGCAC,385,301
CGAGCAC,415,300
AGAGCAC,272,217
TCAGCAC,282,216
GCAGCAC,757,629
CCAGCAC,245,205
ACAGCAC,337,289
TAAGCAC,325,277
GAAGCAC,409,318
CAAGCAC,330,248
AAAGCAC,338,305
TTTCCAC,163,159
GTTCCAC,431,326
CTTCCAC,176,131
ATTCCAC,233,203
TGTCCAC,1872,1537
GGTCCAC,319,338
CGTCCAC,318,326
AGTCCAC,334,314
TCTCCAC,146,119
GCTCCAC,372,330
CCTCCAC,180,114
ACTCCAC,187,194
TATCCAC,377,302
GATCCAC,287,221
CATCCAC,256,156
AATCCAC,202,165
TTGCCAC,5577,4665
GTGCCAC,8048,6881
CTGCCAC,4617,3891
ATGCCAC,5481,4509
TGGCCAC,5256,4451
GGGCCAC,5097,4445
CGGCCAC,4217,3563
AGGCCAC,4230,3463
TCGCCAC,4657,3842
GCGCCAC,7463,6195
CCGCCAC,4781,4188
ACGCCAC,4653,3922
TAGCCAC,4103,3450
GAGCCAC,4500,3684
CAGCCAC,3069,2572
AAGCCAC,3479,3024
TTCCCAC,144,131
GTCCCAC,366,340
CTCCCAC,142,107
ATCCCAC,235,158
TGCCCAC,478,476
GGCCCAC,401,324
CGCCCAC,348,251
AGCCCAC,306,246
TCCCCAC,175,139
GCCCCAC,488,420
CCCCCAC,170,154
ACCCCAC,240,176
TACCCAC,310,274
GACCCAC,285,276
CACCCAC,184,169
AACCCAC,230,183
TTACCAC,304,220
GTACCAC,553,439
CTACCAC,236,186
ATACCAC,377,318
TGACCAC,406,333
GGACCAC,356,322
CGACCAC,304,259
AGACCAC,302,232
TCACCAC,241,210
GCACCAC,838,707
CCACCAC,287,241
ACACCAC,404,359
TAACCAC,243,230
GAACCAC,364,307
CAACCAC,213,162
AAACCAC,291,223
TTTACAC,214,213
GTTACAC,1100,1006
CTTACAC,236,189
ATTACAC,363,275
TGTACAC,2301,2016
GGTACAC,729,588
CGTACAC,578,445
AGTACAC,712,612
TCTACAC,167,147
GCTACAC,701,570
CCTACAC,214,181
ACTACAC,318,244
TATACAC,675,617
GATACAC,1661,1328
CATACAC,386,340
AATACAC,504,392
TTGACAC,2499,2012
GTGACAC,3587,2977
CTGACAC,1840,1593
ATGACAC,2171,1770
TGGACAC,1361,1175
GGGACAC,1310,1039
CGGACAC,1185,967
AGGACAC,911,754
TCGACAC,1482,1163
GCGACAC,2619,2165
CCGACAC,1532,1357
ACGACAC,1318,1013
TAGACAC,1244,1078
GAGACAC,1179,945
CAGACAC,774,612
AAGACAC,872,689
TTCACAC,208,170
GTCACAC,488,414
CTCACAC,199,163
ATCACAC,266,231
TGCACAC,765,653
GGCACAC,472,394
CGCACAC,407,349
AGCACAC,374,258
TCCACAC,233,196
GCCACAC,1300,1111
CCCACAC,259,182
ACCACAC,310,264
TACACAC,468,444
GACACAC,524,431
CACACAC,273,243
AACACAC,337,260
TTAACAC,447,352
GTAACAC,939,744
CTAACAC,375,310
ATAACAC,534,421
TGAACAC,358,306
GGAACAC,410,342
CGAACAC,344,279
AGAACAC,286,281
TCAACAC,330,306
GCAACAC,2400,2070
CCAACAC,365,325
ACAACAC,929,754
TAAACAC,418,335
GAAACAC,443,386
CAAACAC,473,349
AAAACAC,437,358
TTTTAAC,107,110
GTTTAAC,752,606
CTTTAAC,118,116
ATTTAAC,251,192
TGTTAAC,2727,2281
GGTTAAC,376,325
CGTTAAC,387,333
AGTTAAC,504,367
TCTTAAC,122,102
GCTTAAC,432,360
CCTTAAC,154,144
ACTTAAC,159,161
TATTAAC,694,604
GATTAAC,273,216
CATTAAC,178,140
AATTAAC,236,155
TTGTAAC,2558,2139
GTGTAAC,3733,3086
CTGTAAC,1592,1399
ATGTAAC,2404,1976
TGGTAAC,1198,906
GGGTAAC,888,720
CGGTAAC,1038,921
AGGTAAC,809,778
TCGTAAC,1338,1066
GCGTAAC,2142,1776
CCGTAAC,1429,1270
ACGTAAC,1085,902
TAGTAAC,1067,848
GAGTAAC,863,747
CAGTAAC,751,665
AAGTAAC,944,786
TTCTAAC,134,113
GTCTAAC,273,250
CTCTAAC,118,100
ATCTAAC,175,131
TGCTAAC,551,459
GGCTAAC,257,239
CGCTAAC,229,192
AGCTAAC,205,188
TCCTAAC,181,116
GCCTAAC,438,356
CCCTAAC,193,157
ACCTAAC,233,173
TACTAAC,384,305
GACTAAC,261,238
CACTAAC,166,150
AACTAAC,137,132
TTATAAC,205,178
GTATAAC,603,495
CTATAAC,179,154
ATATAAC,241,195
TGATAAC,441,370
GGATAAC,246,204
CGATAAC,292,242
AGATAAC,197,171
TCATAAC,191,153
GCATAAC,662,509
CCATAAC,218,196
ACATAAC,327,270
TAATAAC,276,220
GAATAAC,237,185
CAATAAC,214,204
AAATAAC,238,214
TTTGAAC,176,149
GTTGAAC,465,392
CTTGAAC,170,132
ATTGAAC,285,215
TGTGAAC,1241,1027
GGTGAAC,359,331
CGTGAAC,280,232
AGTGAAC,370,284
TCTGAAC,167,111
GCTGAAC,400,342
CCTGAAC,166,157
ACTGAAC,213,168
TATGAAC,386,384
GATGAAC,274,246
CATGAAC,230,160
AATGAAC,183,169
TTGGAAC,204,159
GTGGAAC,371,334
CTGGAAC,144,152
ATGGAAC,249,188
TGGGAAC,243,186
GGGGAAC,234,228
CGGGAAC,176,148
AGGGAAC,163,156
TCGGAAC,167,142
GCGGAAC,571,458
CCGGAAC,163,152
ACGGAAC,199,211
TAGGAAC,215,142
GAGGAAC,167,138
CAGGAAC,127,91
AAGGAAC,122,126
TTCGAAC,191,147
GTCGAAC,304,229
CTCGAAC,158,119
ATCGAAC,199,151
TGCGAAC,371,272
GGCGAAC,277,235
CGCGAAC,209,184
AGCGAAC,189,173
TCCGAAC,142,138
GCCGAAC,477,333
CCCGAAC,157,121
ACCGAAC,200,179
TACGAAC,258,206
GACGAAC,215,191
CACGAAC,170,120
AACGAAC,155,121
TTAGAAC,130,89
GTAGAAC,222,183
CTAGAAC,116,81
ATAGAAC,136,116
TGAGAAC,181,126
GGAGAAC,166,123
CGAGAAC,150,121
AGAGAAC,137,115
TCAGAAC,101,81
GCAGAAC,371,307
CCAGAAC,102,97
ACAGAAC,174,129
TAAGAAC,99,100
GAAGAAC,102,95
CAAGAAC,108,80
AAAGAAC,121,91
TTTCAAC,157,127
GTTCAAC,334,268
CTTCAAC,106,117
ATTCAAC,214,179
TGTCAAC,1319,1090
GGTCAAC,364,299
CGTCAAC,368,277
AGTCAAC,414,318
TCTCAAC,147,112
GCTCAAC,359,245
CCTCAAC,157,124
ACTCAAC,200,138
TATCAAC,416,371
GATCAAC,319,242
CATCAAC,203,174
AATCAAC,232,165
TTGCAAC,4889,4210
GTGCAAC,7041,6132
CTGCAAC,4043,3586
ATGCAAC,4905,3998
TGGCAAC,4540,3764
GGGCAAC,4192,3389
CGGCAAC,3735,3176
AGGCAAC,3363,2798
TCGCAAC,4318,3669
GCGCAAC,6419,5338
CCGCAAC,4567,3763
ACGCAAC,4587,3682
TAGCAAC,3319,2903
GAGCAAC,3600,3040
CAGCAAC,2583,2154
AAGCAAC,2946,2468
TTCCAAC,141,130
GTCCAAC,244,211
CTCCAAC,132,107
ATCCAAC,167,108
TGCCAAC,404,327
GGCCAAC,288,216
CGCCAAC,208,180
AGCCAAC,188,179
TCCCAAC,174,112
GCCCAAC,428,288
CCCCAAC,160,121
ACCCAAC,198,121
TACCAAC,389,343
GACCAAC,268,244
CACCAAC,158,142
AACCAAC,170,150
TTACAAC,183,173
GTACAAC,331,289
CTACAAC,166,137
ATACAAC,522,420
TGACAAC,358,310
GGACAAC,265,265
CGACAAC,275,264
AGACAAC,351,278
TCACAAC,223,161
GCACAAC,746,597
CCACAAC,222,201
ACACAAC,516,396
TAACAAC,245,206
GAACAAC,296,243
CAACAAC,260,235
AAACAAC,494,456
TTTAAAC,185,148
GTTAAAC,285,265
CTTAAAC,170,143
ATTAAAC,202,150
TGTAAAC,1593,1274
GGTAAAC,752,667
CGTAAAC,509,463
AGTAAAC,670,552
TCTAAAC,186,149
GCTAAAC,473,357
CCTAAAC,239,208
ACTAAAC,258,212
TATAAAC,380,291
GATAAAC,390,315
CATAAAC,252,219
AATAAAC,297,225
TTGAAAC,774,603
GTGAAAC,1101,956
CTGAAAC,537,464
ATGAAAC,586,477
TGGAAAC,490,423
GGGAAAC,515,456
CGGAAAC,461,416
AGGAAAC,390,299
TCGAAAC,435,383
GCGAAAC,870,763
CCGAAAC,544,434
ACGAAAC,425,360
TAGAAAC,402,352
GAGAAAC,425,333
CAGAAAC,282,221
AAGAAAC,333,261
TTCAAAC,171,123
GTCAAAC,249,179
CTCAAAC,136,129
ATCAAAC,213,151
TGCAAAC,552,411
GGCAAAC,338,294
CGCAAAC,364,284
AGCAAAC,275,231
TCCAAAC,138,113
GCCAAAC,436,399
CCCAAAC,176,162
ACCAAAC,245,163
TACAAAC,442,293
GACAAAC,564,474
CACAAAC,222,177
AACAAAC,324,254
TTAAAAC,135,96
GTAAAAC,185,163
CTAAAAC,143,91
ATAAAAC,148,118
TGAAAAC,193,137
GGAAAAC,188,127
CGAAAAC,172,142
AGAAAAC,135,111
TCAAAAC,145,108
GCAAAAC,465,407
CCAAAAC,144,117
ACAAAAC,229,182
TAAAAAC,117,84
GAAAAAC,136,124
CAAAAAC,121,107
AAAAAAC,120,86
TTTTTTA,99,89
GTTTTTA,2264,1839
CTTTTTA,151,155
ATTTTTA,347,302
TGTTTTA,3755,3118
GGTTTTA,975,801
CGTTTTA,958,826
AGTTTTA,1211,982
TCTTTTA,242,188
GCTTTTA,801,640
CCTTTTA,189,175
ACTTTTA,215,202
TATTTTA,1611,1380
GATTTTA,506,363
CATTTTA,296,245
AATTTTA,346,299
TTGTTTA,3775,3095
GTGTTTA,6502,5488
CTGTTTA,4329,3634
ATGTTTA,4740,3994
TGGTTTA,2057,1721
GGGTTTA,1598,1260
CGGTTTA,1868,1659
AGGTTTA,1575,1225
TCGTTTA,2055,1712
GCGTTTA,2830,2381
CCGTTTA,2125,1698
ACGTTTA,1859,1499
TAGTTTA,2252,1925
GAGTTTA,1890,1622
CAGTTTA,1664,1445
AAGTTTA,1951,1663
TTCTTTA,506,426
GTCTTTA,690,566
CTCTTTA,314,301
ATCTTTA,411,297
TGCTTTA,2664,2216
GGCTTTA,917,728
CGCTTTA,790,645
AGCTTTA,786,723
TCCTTTA,234,194
GCCTTTA,884,752
CCCTTTA,266,196
ACCTTTA,281,231
TACTTTA,461,405
GACTTTA,374,317
CACTTTA,247,214
AACTTTA,214,182
TTATTTA,2851,2367
GTATTTA,4153,3377
CTATTTA,2751,2300
ATATTTA,2444,2032
TGATTTA,1703,1437
GGATTTA,869,735
CGATTTA,1151,917
AGATTTA,740,638
TCATTTA,797,660
GCATTTA,2589,2088
CCATTTA,712,624
ACATTTA,632,519
TAATTTA,1093,838
GAATTTA,778,672
CAATTTA,697,550
AAATTTA,533,446
TTTGTTA,1252,1082
GTTGTTA,5106,4219
CTTGTTA,1011,787
ATTGTTA,1879,1511
TGTGTTA,3998,3272
GGTGTTA,1746,1458
CGTGTTA,1197,1050
AGTGTTA,1589,1434
TCTGTTA,611,460
GCTGTTA,1589,1358
CCTGTTA,633,532
ACTGTTA,655,595
TATGTTA,1751,1504
GATGTTA,1419,1260
CATGTTA,710,569
AATGTTA,967,821
TTGGTTA,954,828
GTGGTTA,1754,1486
CTGGTTA,625,544
ATGGTTA,871,763
TGGGTTA,676,559
GGGGTTA,687,530
CGGGTTA,502,376
AGGGTTA,551,539
TCGGTTA,597,494
GCGGTTA,1369,1143
CCGGTTA,619,469
ACGGTTA,716,634
TAGGTTA,539,479
GAGGTTA,471,387
CAGGTTA,356,290
AAGGTTA,404,290
TTCGTTA,352,311
GTCGTTA,808,709
CTCGTTA,368,295
ATCGTTA,416,350
TGCGTTA,2243,1859
GGCGTTA,1160,933
CGCGTTA,977,760
AGCGTTA,923,843
TCCGTTA,400,342
GCCGTTA,1012,874
CCCGTTA,390,322
ACCGTTA,564,407
TACGTTA,681,577
GACGTTA,588,504
CACGTTA,384,339
AACGTTA,408,330
TTAGTTA,630,521
GTAGTTA,1002,879
CTAGTTA,479,412
ATAGTTA,533,397
TGAGTTA,534,490
GGAGTTA,474,413
CGAGTTA,490,377
AGAGTTA,424,334
TCAGTTA,349,301
GCAGTTA,895,739
CCAGTTA,388,309
ACAGTTA,457,384
TAAGTTA,378,328
GAAGTTA,343,318
CAAGTTA,246,209
AAAGTTA,294,289
TTTCTTA,119,111
GTTCTTA,275,221
CTTCTTA,134,123
ATTCTTA,166,123
TGTCTTA,2240,1815
GGTCTTA,321,275
CGTCTTA,338,277
AGTCTTA,392,289
TCTCTTA,117,121
GCTCTTA,391,323
CCTCTTA,190,139
ACTCTTA,217,173
TATCTTA,313,287
GATCTTA,197,174
CATCTTA,183,135
AATCTTA,157,118
TTGCTTA,4275,3510
GTGCTTA,4725,3875
CTGCTTA,3004,2592
ATGCTTA,3194,2604
TGGCTTA,1337,1080
GGGCTTA,901,769
CGGCTTA,952,855
AGGCTTA,909,730
TCGCTTA,1178,999
GCGCTTA,2198,1773
CCGCTTA,1276,1080
ACGCTTA,1070,941
TAGCTTA,1319,1145
GAGCTTA,901,790
CAGCTTA,824,762
AAGCTTA,916,788
TTCCTTA,156,145
GTCCTTA,328,266
CTCCTTA,129,107
ATCCTTA,179,134
TGCCTTA,1069,915
GGCCTTA,632,472
CGCCTTA,625,516
AGCCTTA,464,403
TCCCTTA,191,202
GCCCTTA,570,501
CCCCTTA,222,185
ACCCTTA,287,224
TACCTTA,451,353
GACCTTA,297,275
CACCTTA,165,167
AACCTTA,191,138
TTACTTA,722,594
GTACTTA,746,644
CTACTTA,481,389
ATACTTA,567,442
TGACTTA,569,410
GGACTTA,421,358
CGACTTA,354,353
AGACTTA,326,291
TCACTTA,337,247
GCACTTA,1368,1051
CCACTTA,359,306
ACACTTA,579,511
TAACTTA,294,263
GAACTTA,283,218
CAACTTA,244,175
AAACTTA,255,200
TTTATTA,318,308
GTTATTA,3291,2836
CTTATTA,366,314
ATTATTA,880,764
TGTATTA,3175,2660
GGTATTA,1160,936
CGTATTA,933,800
AGTATTA,1136,943
TCTATTA,261,230
GCTATTA,1100,890
CCTATTA,335,297
ACTATTA,350,302
TATATTA,679,561
GATATTA,650,520
CATATTA,390,332
AATATTA,353,267
TTGATTA,2563,2160
GTGATTA,3451,2906
CTGATTA,1806,1532
ATGATTA,2082,1769
TGGATTA,719,561
GGGATTA,576,435
CGGATTA,519,380
AGGATTA,423,333
TCGATTA,1189,1014
GCGATTA,1641,1379
CCGATTA,938,726
ACGATTA,924,777
TAGATTA,641,550
GAGATTA,560,446
CAGATTA,394,302
AAGATTA,387,345
TTCATTA,284,263
GTCATTA,793,624
CTCATTA,259,209
ATCATTA,379,309
TGCATTA,3416,2822
GGCATTA,1917,1699
CGCATTA,2603,2004
AGCATTA,1816,1560
TCCATTA,213,218
GCCATTA,918,818
CCCATTA,279,200
ACCATTA,362,276
TACATTA,459,340
GACATTA,459,389
CACATTA,295,247
AACATTA,328,227
TTAATTA,1192,1001
GTAATTA,1289,1046
CTAATTA,866,714
ATAATTA,656,526
TGAATTA,501,426
GGAATTA,391,344
CGAATTA,479,339
AGAATTA,335,290
TCAATTA,560,477
GCAATTA,1441,1179
CCAATTA,447,391
ACAATTA,578,448
TAAATTA,314,207
GAAATTA,301,222
CAAATTA,273,194
AAAATTA,167,167
TTTTGTA,264,210
GTTTGTA,5557,4573
CTTTGTA,324,253
ATTTGTA,1465,1263
TGTTGTA,5419,4429
GGTTGTA,3128,2575
CGTTGTA,3129,2474
AGTTGTA,3223,2730
TCTTGTA,342,295
GCTTGTA,1488,1180
CCTTGTA,313,265
ACTTGTA,470,364
TATTGTA,2874,2271
GATTGTA,1398,1200
CATTGTA,871,668
AATTGTA,1004,905
TTGTGTA,4770,4010
GTGTGTA,6081,4892
CTGTGTA,3953,3197
ATGTGTA,3896,3245
TGGTGTA,2703,2305
GGGTGTA,1458,1233
CGGTGTA,1681,1479
AGGTGTA,1291,1058
TCGTGTA,1280,1096
GCGTGTA,2401,2084
CCGTGTA,1356,1141
ACGTGTA,1155,1050
TAGTGTA,1932,1647
GAGTGTA,1482,1253
CAGTGTA,1310,1123
AAGTGTA,1301,1001
TTCTGTA,235,188
GTCTGTA,420,396
CTCTGTA,227,170
ATCTGTA,284,213
TGCTGTA,3542,2890
GGCTGTA,706,626
CGCTGTA,750,623
AGCTGTA,774,644
TCCTGTA,273,221
GCCTGTA,976,831
CCCTGTA,304,226
ACCTGTA,346,296
TACTGTA,642,578
GACTGTA,448,381
CACTGTA,311,262
AACTGTA,294,240
TTATGTA,1772,1534
GTATGTA,3111,2639
CTATGTA,1233,1046
ATATGTA,1196,1017
TGATGTA,3208,2633
GGATGTA,1072,928
CGATGTA,1487,1238
AGATGTA,1041,912
TCATGTA,585,462
GCATGTA,2114,1796
CCATGTA,601,418
ACATGTA,646,586
TAATGTA,1236,985
GAATGTA,776,595
CAATGTA,739,587
AAATGTA,545,469
TTTGGTA,253,227
GTTGGTA,3718,3165
CTTGGTA,237,233
ATTGGTA,906,753
TGTGGTA,3774,3160
GGTGGTA,1083,837
CGTGGTA,869,717
AGTGGTA,1189,977
TCTGGTA,248,182
GCTGGTA,741,613
CCTGGTA,231,213
ACTGGTA,298,231
TATGGTA,1139,906
GATGGTA,745,640
CATGGTA,469,349
AATGGTA,442,350
TTGGGTA,565,451
GTGGGTA,1120,869
CTGGGTA,412,352
ATGGGTA,535,468
TGGGGTA,748,626
GGGGGTA,777,670
CGGGGTA,482,368
AGGGGTA,499,411
TCGGGTA,414,338
GCGGGTA,1128,898
CCGGGTA,453,354
ACGGGTA,564,439
TAGGGTA,571,467
GAGGGTA,490,413
CAGGGTA,347,299
AAGGGTA,362,276
TTCGGTA,265,242
GTCGGTA,485,404
CTCGGTA,246,200
ATCGGTA,280,244
TGCGGTA,1307,1048
GGCGGTA,538,450
CGCGGTA,462,440
AGCGGTA,414,379
TCCGGTA,290,250
GCCGGTA,604,559
CCCGGTA,275,250
ACCGGTA,339,262
TACGGTA,584,453
GACGGTA,500,382
CACGGTA,301,245
AACGGTA,257,225
TTAGGTA,315,262
GTAGGTA,591,482
CTAGGTA,244,197
ATAGGTA,333,289
TGAGGTA,539,426
GGAGGTA,367,290
CGAGGTA,393,346
AGAGGTA,294,254
TCAGGTA,227,217
GCAGGTA,671,612
CCAGGTA,251,222
ACAGGTA,380,247
TAAGGTA,276,263
GAAGGTA,309,234
CAAGGTA,208,196
AAAGGTA,193,183
TTTCGTA,238,178
GTTCGTA,472,429
CTTCGTA,187,165
ATTCGTA,309,244
TGTCGTA,3837,3103
GGTCGTA,683,546
CGTCGTA,773,627
AGTCGTA,776,710
TCTCGTA,260,199
GCTCGTA,529,417
CCTCGTA,261,227
ACTCGTA,253,221
TATCGTA,1131,877
GATCGTA,433,444
CATCGTA,455,352
AATCGTA,345,281
TTGCGTA,3089,2697
GTGCGTA,3244,2796
CTGCGTA,1934,1625
ATGCGTA,2110,1847
TGGCGTA,1380,1116
GGGCGTA,1139,956
CGGCGTA,923,808
AGGCGTA,975,799
TCGCGTA,1024,899
GCGCGTA,2161,1749
CCGCGTA,1107,991
ACGCGTA,1056,954
TAGCGTA,1046,910
GAGCGTA,875,819
CAGCGTA,665,601
AAGCGTA,777,606
TTCCGTA,228,210
GTCCGTA,384,298
CTCCGTA,181,158
ATCCGTA,227,193
TGCCGTA,972,868
GGCCGTA,472,374
CGCCGTA,443,357
AGCCGTA,362,272
TCCCGTA,248,210
GCCCGTA,631,467
CCCCGTA,227,211
ACCCGTA,302,223
TACCGTA,533,434
GACCGTA,372,338
CACCGTA,292,235
AACCGTA,233,213
TTACGTA,390,292
GTACGTA,583,505
CTACGTA,283,209
ATACGTA,427,361
TGACGTA,995,874
GGACGTA,457,341
CGACGTA,507,366
AGACGTA,454,319
TCACGTA,329,254
GCACGTA,1061,799
CCACGTA,350,265
ACACGTA,504,412
TAACGTA,472,402
GAACGTA,369,299
CAACGTA,291,202
AAACGTA,313,243
TTTAGTA,191,164
GTTAGTA,2788,2273
CTTAGTA,236,184
ATTAGTA,763,651
TGTAGTA,3358,2671
GGTAGTA,1026,809
CGTAGTA,947,768
AGTAGTA,1209,1058
TCTAGTA,218,161
GCTAGTA,776,630
CCTAGTA,249,200
ACTAGTA,295,246
TATAGTA,1034,899
GATAGTA,633,563
CATAGTA,354,311
AATAGTA,395,304
TTGAGTA,630,587
GTGAGTA,1735,1434
CTGAGTA,459,385
ATGAGTA,690,563
TGGAGTA,499,406
GGGAGTA,457,360
CGGAGTA,406,306
AGGAGTA,362,285
TCGAGTA,477,369
GCGAGTA,999,801
CCGAGTA,402,314
ACGAGTA,483,370
TAGAGTA,464,383
GAGAGTA,348,309
CAGAGTA,252,223
AAGAGTA,257,247
TTCAGTA,218,143
GTCAGTA,361,315
CTCAGTA,172,168
ATCAGTA,241,193
TGCAGTA,1050,862
GGCAGTA,445,389
CGCAGTA,499,449
AGCAGTA,404,326
TCCAGTA,199,152
GCCAGTA,605,453
CCCAGTA,227,177
ACCAGTA,265,246
TACAGTA,504,451
GACAGTA,424,386
CACAGTA,279,227
AACAGTA,286,230
TTAAGTA,297,241
GTAAGTA,581,504
CTAAGTA,233,213
ATAAGTA,281,249
TGAAGTA,419,292
GGAAGTA,277,226
CGAAGTA,276,230
AGAAGTA,226,185
TCAAGTA,189,186
GCAAGTA,715,616
CCAAGTA,189,208
ACAAGTA,379,272
TAAAGTA,234,206
GAAAGTA,226,182
CAAAGTA,190,151
AAAAGTA,166,167
TTTTCTA,115,80
GTTTCTA,872,666
CTTTCTA,127,104
ATTTCTA,192,173
TGTTCTA,933,741
GGTTCTA,285,216
CGTTCTA,262,184
AGTTCTA,230,213
TCTTCTA,119,98
GCTTCTA,407,341
CCTTCTA,166,115
ACTTCTA,166,151
TATTCTA,260,210
GATTCTA,273,180
CATTCTA,140,124
AATTCTA,113,103
TTGTCTA,3000,2514
GTGTCTA,2396,1970
CTGTCTA,1667,1463
ATGTCTA,1582,1287
TGGTCTA,539,434
GGGTCTA,358,318
CGGTCTA,406,342
AGGTCTA,315,269
TCGTCTA,476,426
GCGTCTA,1208,963
CCGTCTA,561,442
ACGTCTA,488,370
TAGTCTA,583,479
GAGTCTA,454,361
CAGTCTA,332,324
AAGTCTA,359,307
TTCTCTA,109,91
GTCTCTA,281,261
CTCTCTA,123,114
ATCTCTA,165,120
TGCTCTA,292,231
GGCTCTA,270,235
CGCTCTA,239,178
AGCTCTA,191,148
TCCTCTA,170,127
GCCTCTA,1066,855
CCCTCTA,180,156
ACCTCTA,222,183
TACTCTA,261,183
GACTCTA,282,249
CACTCTA,164,135
AACTCTA,150,153
TTATCTA,466,402
GTATCTA,1165,979
CTATCTA,371,286
ATATCTA,344,302
TGATCTA,272,245
GGATCTA,224,218
CGATCTA,203,204
AGATCTA,224,180
TCATCTA,303,233
GCATCTA,3466,2820
CCATCTA,287,239
ACATCTA,351,290
TAATCTA,210,180
GAATCTA,248,218
CAATCTA,174,128
AAATCTA,155,116
TTTGCTA,550,461
GTTGCTA,2790,2203
CTTGCTA,465,367
ATTGCTA,881,724
TGTGCTA,2006,1629
GGTGCTA,960,750
CGTGCTA,657,579
AGTGCTA,824,668
TCTGCTA,385,289
GCTGCTA,899,749
CCTGCTA,363,299
ACTGCTA,439,324
TATGCTA,1003,817
GATGCTA,2356,1912
CATGCTA,649,486
AATGCTA,1125,952
TTGGCTA,599,476
GTGGCTA,1669,1369
CTGGCTA,418,321
ATGGCTA,660,523
TGGGCTA,646,552
GGGGCTA,563,530
CGGGCTA,447,367
AGGGCTA,443,345
TCGGCTA,389,373
GCGGCTA,1079,961
CCGGCTA,351,337
ACGGCTA,477,444
TAGGCTA,598,485
GAGGCTA,930,821
CAGGCTA,362,285
AAGGCTA,471,386
TTCGCTA,396,344
GTCGCTA,762,615
CTCGCTA,342,302
ATCGCTA,442,374
TGCGCTA,1217,972
GGCGCTA,825,712
CGCGCTA,670,606
AGCGCTA,662,529
TCCGCTA,451,418
GCCGCTA,1205,992
CCCGCTA,509,373
ACCGCTA,534,468
TACGCTA,799,648
GACGCTA,825,713
CACGCTA,592,460
AACGCTA,533,452
TTAGCTA,422,362
GTAGCTA,661,538
CTAGCTA,380,283
ATAGCTA,414,352
TGAGCTA,417,374
GGAGCTA,413,355
CGAGCTA,374,303
AGAGCTA,302,235
TCAGCTA,270,270
GCAGCTA,887,822
CCAGCTA,314,241
ACAGCTA,377,314
TAAGCTA,332,254
GAAGCTA,369,286
CAAGCTA,369,283
AAAGCTA,362,292
TTTCCTA,153,108
GTTCCTA,426,340
CTTCCTA,133,137
ATTCCTA,184,182
TGTCCTA,2097,1754
GGTCCTA,404,323
CGTCCTA,460,388
AGTCCTA,346,315
TCTCCTA,133,103
GCTCCTA,398,345
CCTCCTA,162,144
ACTCCTA,188,150
TATCCTA,527,398
GATCCTA,297,239
CATCCTA,242,198
AATCCTA,187,148
TTGCCTA,2407,1998
GTGCCTA,3769,3199
CTGCCTA,1798,1477
ATGCCTA,2341,1945
TGGCCTA,1998,1645
GGGCCTA,1720,1381
CGGCCTA,1451,1195
AGGCCTA,1322,1138
TCGCCTA,1763,1554
GCGCCTA,3709,2948
CCGCCTA,2225,1946
ACGCCTA,1912,1538
TAGCCTA,1596,1285
GAGCCTA,1525,1163
CAGCCTA,1000,860
AAGCCTA,1145,978
TTCCCTA,179,126
GTCCCTA,380,327
CTCCCTA,154,117
ATCCCTA,217,173
TGCCCTA,482,375
GGCCCTA,358,285
CGCCCTA,279,227
AGCCCTA,256,209
TCCCCTA,177,158
GCCCCTA,551,371
CCCCCTA,210,159
ACCCCTA,204,214
TACCCTA,342,298
GACCCTA,320,242
CACCCTA,186,118
AACCCTA,213,167
TTACCTA,220,206
GTACCTA,455,391
CTACCTA,219,178
ATACCTA,319,291
TGACCTA,405,339
GGACCTA,297,226
CGACCTA,257,232
AGACCTA,299,232
TCACCTA,222,196
GCACCTA,885,706
CCACCTA,239,208
ACACCTA,375,318
TAACCTA,240,169
GAACCTA,251,233
CAACCTA,190,158
AAACCTA,201,137
TTTACTA,193,184
GTTACTA,840,695
CTTACTA,205,147
ATTACTA,310,232
TGTACTA,1582,1345
GGTACTA,593,515
CGTACTA,415,368
AGTACTA,566,435
TCTACTA,185,145
GCTACTA,658,526
CCTACTA,231,174
ACTACTA,327,247
TATACTA,629,482
GATACTA,817,704
CATACTA,254,273
AATACTA,304,246
TTGACTA,544,460
GTGACTA,1133,915
CTGACTA,386,309
ATGACTA,504,451
TGGACTA,492,434
GGGACTA,551,424
CGGACTA,390,339
AGGACTA,360,310
TCGACTA,427,353
GCGACTA,1144,959
CCGACTA,409,337
ACGACTA,487,350
TAGACTA,470,397
GAGACTA,494,425
CAGACTA,236,243
AAGACTA,273,226
TTCACTA,205,179
GTCACTA,515,470
CTCACTA,190,155
ATCACTA,258,218
TGCACTA,658,554
GGCACTA,430,365
CGCACTA,408,317
AGCACTA,347,275
TCCACTA,219,200
GCCACTA,1771,1572
CCCACTA,229,164
ACCACTA,312,247
TACACTA,681,450
GACACTA,548,510
CACACTA,290,210
AACACTA,260,243
TTAACTA,285,213
GTAACTA,800,711
CTAACTA,266,203
ATAACTA,373,257
TGAACTA,279,220
GGAACTA,275,218
CGAACTA,256,177
AGAACTA,243,202
TCAACTA,244,204
GCAACTA,2952,2516
CCAACTA,227,247
ACAACTA,506,380
TAAACTA,255,199
GAAACTA,269,236
CAAACTA,222,182
AAAACTA,203,155
TTTTATA,131,117
GTTTATA,3825,3190
CTTTATA,172,154
ATTTATA,940,712
TGTTATA,3128,2667
GGTTATA,728,553
CGTTATA,641,544
AGTTATA,782,626
TCTTATA,195,149
GCTTATA,1162,952
CCTTATA,206,137
ACTTATA,224,180
TATTATA,1063,887
GATTATA,557,456
CATTATA,268,216
AATTATA,347,235
TTGTATA,4135,3501
GTGTATA,5261,4390
CTGTATA,3523,2986
ATGTATA,3522,2929
TGGTATA,1599,1325
GGGTATA,907,813
CGGTATA,1391,1137
AGGTATA,890,694
TCGTATA,1449,1213
GCGTATA,2059,1711
CCGTATA,1547,1355
ACGTATA,1141,935
TAGTATA,1595,1318
GAGTATA,1073,917
CAGTATA,1145,854
AAGTATA,1165,958
TTCTATA,133,139
GTCTATA,695,507
CTCTATA,136,108
ATCTATA,206,158
TGCTATA,1135,974
GGCTATA,407,375
CGCTATA,411,324
AGCTATA,376,306
TCCTATA,152,142
GCCTATA,472,423
CCCTATA,208,149
ACCTATA,220,215
TACTATA,323,288
GACTATA,252,260
CACTATA,189,154
AACTATA,170,169
TTATATA,731,613
GTATATA,1913,1591
CTATATA,550,475
ATATATA,580,462
TGATATA,909,754
GGATATA,481,356
CGATATA,496,438
AGATATA,365,328
TCATATA,312,291
GCATATA,962,808
CCATATA,334,288
ACATATA,449,356
TAATATA,414,349
GAATATA,346,269
CAATATA,296,267
AAATATA,268,219
TTTGATA,315,233
GTTGATA,2795,2348
CTTGATA,271,208
ATTGATA,784,627
TGTGATA,1710,1423
GGTGATA,605,462
CGTGATA,462,362
AGTGATA,526,473
TCTGATA,226,172
GCTGATA,689,591
CCTGATA,253,206
ACTGATA,262,231
TATGATA,649,535
GATGATA,559,486
CATGATA,295,255
AATGATA,314,252
TTGGATA,478,436
GTGGATA,787,720
CTGGATA,356,269
ATGGATA,388,366
TGGGATA,366,342
GGGGATA,385,305
CGGGATA,292,219
AGGGATA,329,250
TCGGATA,280,225
GCGGATA,759,653
CCGGATA,252,222
ACGGATA,308,279
TAGGATA,296,232
GAGGATA,279,201
CAGGATA,185,171
AAGGATA,192,175
TTCGATA,304,225
GTCGATA,474,382
CTCGATA,250,224
ATCGATA,310,246
TGCGATA,821,689
GGCGATA,533,464
CGCGATA,447,388
AGCGATA,429,325
TCCGATA,247,214
GCCGATA,593,480
CCCGATA,223,192
ACCGATA,334,268
TACGATA,432,363
GACGATA,434,337
CACGATA,254,201
AACGATA,276,215
TTAGATA,248,210
GTAGATA,326,296
CTAGATA,191,150
ATAGATA,233,205
TGAGATA,289,208
GGAGATA,230,211
CGAGATA,253,221
AGAGATA,196,140
TCAGATA,168,136
GCAGATA,475,423
CCAGATA,167,132
ACAGATA,264,197
TAAGATA,188,153
GAAGATA,195,177
CAAGATA,130,128
AAAGATA,133,125
TTTCATA,155,142
GTTCATA,409,359
CTTCATA,179,131
ATTCATA,247,198
TGTCATA,2658,2233
GGTCATA,450,358
CGTCATA,606,510
AGTCATA,482,441
TCTCATA,177,148
GCTCATA,436,395
CCTCATA,198,168
ACTCATA,282,252
TATCATA,719,582
GATCATA,363,386
CATCATA,377,309
AATCATA,307,244
TTGCATA,3144,2549
GTGCATA,4381,3758
CTGCATA,2316,1910
ATGCATA,3017,2371
TGGCATA,2181,1735
GGGCATA,1875,1529
CGGCATA,1715,1456
AGGCATA,1493,1225
TCGCATA,2182,1913
GCGCATA,3774,3239
CCGCATA,2357,1974
ACGCATA,2291,1812
TAGCATA,1854,1468
GAGCATA,1636,1453
CAGCATA,1145,1012
AAGCATA,1425,1263
TTCCATA,200,158
GTCCATA,353,280
CTCCATA,163,93
ATCCATA,191,139
TGCCATA,1227,994
GGCCATA,489,425
CGCCATA,654,555
AGCCATA,442,324
TCCCATA,185,159
GCCCATA,580,464
CCCCATA,178,140
ACCCATA,245,217
TACCATA,451,339
GACCATA,337,253
CACCATA,191,190
AACCATA,227,184
TTACATA,259,221
GTACATA,631,513
CTACATA,235,172
ATACATA,419,353
TGACATA,744,601
GGACATA,354,270
CGACATA,363,325
AGACATA,335,262
TCACATA,234,196
GCACATA,914,698
CCACATA,248,217
ACACATA,499,404
TAACATA,310,261
GAACATA,337,240
CAACATA,261,222
AAACATA,354,275
TTTAATA,207,174
GTTAATA,653,517
CTTAATA,207,167
ATTAATA,286,212
TGTAATA,1228,1065
GGTAATA,489,388
CGTAATA,395,334
AGTAATA,399,373
TCTAATA,170,152
GCTAATA,573,546
CCTAATA,223,177
ACTAATA,617,504
TATAATA,313,248
GATAATA,466,367
CATAATA,351,277
AATAATA,367,300
TTGAATA,533,488
GTGAATA,857,641
CTGAATA,402,338
ATGAATA,447,404
TGGAATA,384,321
GGGAATA,419,276
CGGAATA,302,258
AGGAATA,287,199
TCGAATA,321,301
GCGAATA,785,638
CCGAATA,346,309
ACGAATA,417,308
TAGAATA,317,233
GAGAATA,289,212
CAGAATA,207,168
AAGAATA,200,154
TTCAATA,219,157
GTCAATA,1081,917
CTCAATA,205,161
ATCAATA,307,281
TGCAATA,1803,1474
GGCAATA,908,733
CGCAATA,1048,840
AGCAATA,732,696
TCCAATA,204,131
GCCAATA,578,448
CCCAATA,250,201
ACCAATA,577,477
TACAATA,480,418
GACAATA,607,534
CACAATA,444,366
AACAATA,499,367
TTAAATA,223,148
GTAAATA,1327,1089
CTAAATA,366,320
ATAAATA,512,450
TGAAATA,227,177
GGAAATA,231,193
CGAAATA,209,184
AGAAATA,169,152
TCAAATA,157,120
GCAAATA,753,662
CCAAATA,297,267
ACAAATA,689,614
TAAAATA,147,125
GAAAATA,268,268
CAAAATA,329,264
AAAAATA,191,171
TTTTTGA,125,92
GTTTTGA,3224,2648
CTTTTGA,179,131
ATTTTGA,588,528
TGTTTGA,4258,3694
GGTTTGA,907,793
CGTTTGA,961,780
AGTTTGA,1439,1028
TCTTTGA,169,147
GCTTTGA,638,597
CCTTTGA,171,158
ACTTTGA,192,158
TATTTGA,1520,1207
GATTTGA,451,384
CATTTGA,269,227
AATTTGA,347,272
TTGTTGA,5218,4238
GTGTTGA,6857,5686
CTGTTGA,4490,3661
ATGTTGA,4839,3864
TGGTTGA,1616,1460
GGGTTGA,1001,840
CGGTTGA,1317,1099
AGGTTGA,998,817
TCGTTGA,1291,961
GCGTTGA,1736,1459
CCGTTGA,1180,956
ACGTTGA,1017,796
TAGTTGA,1802,1546
GAGTTGA,1319,1144
CAGTTGA,1133,981
AAGTTGA,1478,1187
TTCTTGA,171,122
GTCTTGA,296,277
CTCTTGA,134,114
ATCTTGA,183,155
TGCTTGA,1642,1398
GGCTTGA,520,418
CGCTTGA,465,384
AGCTTGA,512,380
TCCTTGA,149,123
GCCTTGA,507,376
CCCTTGA,178,162
ACCTTGA,194,159
TACTTGA,305,218
GACTTGA,206,169
CACTTGA,175,130
AACTTGA,130,120
TTATTGA,2899,2476
GTATTGA,3614,3031
CTATTGA,2358,1983
ATATTGA,2284,1859
TGATTGA,1535,1243
GGATTGA,615,496
CGATTGA,767,721
AGATTGA,503,419
TCATTGA,393,371
GCATTGA,1686,1356
CCATTGA,383,315
ACATTGA,368,330
TAATTGA,834,750
GAATTGA,582,480
CAATTGA,562,364
AAATTGA,423,361
TTTGTGA,438,370
GTTGTGA,5638,4755
CTTGTGA,358,306
ATTGTGA,1408,1153
TGTGTGA,2988,2501
GGTGTGA,916,751
CGTGTGA,611,514
AGTGTGA,868,712
TCTGTGA,263,231
GCTGTGA,982,873
CCTGTGA,357,268
ACTGTGA,361,262
TATGTGA,863,683
GATGTGA,745,627
CATGTGA,336,323
AATGTGA,508,385
TTGGTGA,520,455
GTGGTGA,1189,967
CTGGTGA,423,313
ATGGTGA,533,470
TGGGTGA,493,434
GGGGTGA,431,371
CGGGTGA,406,301
AGGGTGA,371,307
TCGGTGA,415,357
GCGGTGA,1043,811
CCGGTGA,398,296
ACGGTGA,512,362
TAGGTGA,382,327
GAGGTGA,351,350
CAGGTGA,285,235
AAGGTGA,288,237
TTCGTGA,244,210
GTCGTGA,462,398
CTCGTGA,213,161
ATCGTGA,267,219
TGCGTGA,2219,1851
GGCGTGA,1059,933
CGCGTGA,1005,789
AGCGTGA,894,703
TCCGTGA,275,234
GCCGTGA,695,608
CCCGTGA,323,245
ACCGTGA,372,282
TACGTGA,431,374
GACGTGA,403,355
CACGTGA,230,198
AACGTGA,270,243
TTAGTGA,321,292
GTAGTGA,792,717
CTAGTGA,272,212
ATAGTGA,355,286
TGAGTGA,471,383
GGAGTGA,358,291
CGAGTGA,351,290
AGAGTGA,303,252
TCAGTGA,235,215
GCAGTGA,644,550
CCAGTGA,288,236
ACAGTGA,313,259
TAAGTGA,261,222
GAAGTGA,283,234
CAAGTGA,191,167
AAAGTGA,245,213
TTTCTGA,123,103
GTTCTGA,240,182
CTTCTGA,107,82
ATTCTGA,142,109
TGTCTGA,847,715
GGTCTGA,229,184
CGTCTGA,185,168
AGTCTGA,227,186
TCTCTGA,104,87
GCTCTGA,327,265
CCTCTGA,168,112
ACTCTGA,167,133
TATCTGA,193,172
GATCTGA,175,120
CATCTGA,110,104
AATCTGA,105,99
TTGCTGA,2496,2135
GTGCTGA,2054,1692
CTGCTGA,1268,1094
ATGCTGA,1481,1219
TGGCTGA,547,489
GGGCTGA,443,338
CGGCTGA,330,303
AGGCTGA,396,345
TCGCTGA,404,350
GCGCTGA,932,769
CCGCTGA,441,348
ACGCTGA,415,365
TAGCTGA,494,391
GAGCTGA,350,309
CAGCTGA,276,283
AAGCTGA,331,272
TTCCTGA,141,115
GTCCTGA,230,199
CTCCTGA,108,78
ATCCTGA,108,110
TGCCTGA,508,480
GGCCTGA,361,246
CGCCTGA,304,236
AGCCTGA,254,178
TCCCTGA,128,125
GCCCTGA,359,310
CCCCTGA,154,124
ACCCTGA,188,167
TACCTGA,241,191
GACCTGA,202,168
CACCTGA,134,108
AACCTGA,116,111
TTACTGA,283,221
GTACTGA,378,312
CTACTGA,216,168
ATACTGA,261,214
TGACTGA,321,244
GGACTGA,180,150
CGACTGA,202,169
AGACTGA,191,164
TCACTGA,164,127
GCACTGA,540,462
CCACTGA,188,147
ACACTGA,263,221
TAACTGA,180,134
GAACTGA,187,155
CAACTGA,157,132
AAACTGA,154,131
TTTATGA,215,131
GTTATGA,3051,2493
CTTATGA,210,179
ATTATGA,707,557
TGTATGA,2843,2379
GGTATGA,628,503
CGTATGA,565,435
AGTATGA,648,491
TCTATGA,144,142
GCTATGA,654,590
CCTATGA,226,174
ACTATGA,233,232
TATATGA,404,342
GATATGA,488,352
CATATGA,203,201
AATATGA,255,237
TTGATGA,1574,1164
GTGATGA,2204,1884
CTGATGA,905,793
ATGATGA,1176,992
TGGATGA,451,412
GGGATGA,390,325
CGGATGA,357,272
AGGATGA,270,241
TCGATGA,568,500
GCGATGA,1104,829
CCGATGA,515,392
ACGATGA,470,387
TAGATGA,430,365
GAGATGA,363,288
CAGATGA,254,236
AAGATGA,290,240
TTCATGA,199,135
GTCATGA,394,344
CTCATGA,183,127
ATCATGA,191,172
TGCATGA,1283,1140
GGCATGA,567,492
CGCATGA,679,578
AGCATGA,478,438
TCCATGA,172,149
GCCATGA,611,479
CCCATGA,170,147
ACCATGA,218,173
TACATGA,323,298
GACATGA,340,250
CACATGA,179,147
AACATGA,201,157
TTAATGA,458,432
GTAATGA,675,582
CTAATGA,352,291
ATAATGA,354,237
TGAATGA,357,272
GGAATGA,257,225
CGAATGA,225,236
AGAATGA,176,163
TCAATGA,252,224
GCAATGA,822,693
CCAATGA,237,178
ACAATGA,284,278
TAAATGA,209,165
GAAATGA,167,170
CAAATGA,137,116
AAAATGA,135,109
TTTTGGA,114,81
GTTTGGA,2907,2401
CTTTGGA,119,100
ATTTGGA,526,473
TGTTGGA,3816,3231
GGTTGGA,467,390
CGTTGGA,518,396
AGTTGGA,716,564
TCTTGGA,110,97
GCTTGGA,453,399
CCTTGGA,118,123
ACTTGGA,142,117
TATTGGA,567,499
GATTGGA,342,259
CATTGGA,149,153
AATTGGA,234,166
TTGTGGA,1910,1687
GTGTGGA,2156,1795
CTGTGGA,929,797
ATGTGGA,1230,1064
TGGTGGA,542,467
GGGTGGA,388,343
CGGTGGA,410,330
AGGTGGA,326,284
TCGTGGA,297,258
GCGTGGA,1127,930
CCGTGGA,357,274
ACGTGGA,314,282
TAGTGGA,474,417
GAGTGGA,379,363
CAGTGGA,306,260
AAGTGGA,328,312
TTCTGGA,95,81
GTCTGGA,179,164
CTCTGGA,92,80
ATCTGGA,124,87
TGCTGGA,484,426
GGCTGGA,204,168
CGCTGGA,186,149
AGCTGGA,174,143
TCCTGGA,106,79
GCCTGGA,431,354
CCCTGGA,138,119
ACCTGGA,129,120
TACTGGA,196,165
GACTGGA,152,135
CACTGGA,108,94
AACTGGA,95,94
TTATGGA,352,287
GTATGGA,733,685
CTATGGA,257,213
ATATGGA,277,243
TGATGGA,532,400
GGATGGA,280,224
CGATGGA,309,227
AGATGGA,207,173
TCATGGA,163,134
GCATGGA,808,717
CCATGGA,156,158
ACATGGA,206,174
TAATGGA,227,208
GAATGGA,217,160
CAATGGA,164,132
AAATGGA,155,144
TTTGGGA,145,95
GTTGGGA,1606,1361
CTTGGGA,150,113
ATTGGGA,380,361
TGTGGGA,1110,895
GGTGGGA,380,306
CGTGGGA,277,241
AGTGGGA,387,287
TCTGGGA,128,106
GCTGGGA,353,297
CCTGGGA,145,124
ACTGGGA,140,121
TATGGGA,248,226
GATGGGA,304,247
CATGGGA,174,122
AATGGGA,186,146
TTGGGGA,250,199
GTGGGGA,535,425
CTGGGGA,218,150
ATGGGGA,247,223
TGGGGGA,339,300
GGGGGGA,322,298
CGGGGGA,271,207
AGGGGGA,238,221
TCGGGGA,218,164
GCGGGGA,654,488
CCGGGGA,243,171
ACGGGGA,245,173
TAGGGGA,236,185
GAGGGGA,252,202
CAGGGGA,171,144
AAGGGGA,192,126
TTCGGGA,156,139
GTCGGGA,238,217
CTCGGGA,123,111
ATCGGGA,194,121
TGCGGGA,466,410
GGCGGGA,309,260
CGCGGGA,271,197
AGCGGGA,235,179
TCCGGGA,139,137
GCCGGGA,410,293
CCCGGGA,175,130
ACCGGGA,180,128
TACGGGA,257,195
GACGGGA,249,204
CACGGGA,137,95
AACGGGA,163,151
TTAGGGA,163,133
GTAGGGA,299,265
CTAGGGA,123,122
ATAGGGA,161,127
TGAGGGA,229,229
GGAGGGA,158,127
CGAGGGA,192,173
AGAGGGA,173,134
TCAGGGA,114,84
GCAGGGA,374,334
CCAGGGA,143,127
ACAGGGA,182,144
TAAGGGA,141,114
GAAGGGA,175,131
CAAGGGA,105,86
AAAGGGA,122,86
TTTCGGA,96,87
GTTCGGA,243,181
CTTCGGA,115,92
ATTCGGA,140,138
TGTCGGA,803,709
GGTCGGA,211,196
CGTCGGA,188,144
AGTCGGA,190,151
TCTCGGA,106,81
GCTCGGA,261,200
CCTCGGA,109,103
ACTCGGA,152,116
TATCGGA,196,176
GATCGGA,149,144
CATCGGA,129,101
AATCGGA,122,89
TTGCGGA,521,444
GTGCGGA,642,596
CTGCGGA,258,250
ATGCGGA,570,557
TGGCGGA,341,278
GGGCGGA,374,356
CGGCGGA,243,184
AGGCGGA,408,353
TCGCGGA,232,183
GCGCGGA,712,601
CCGCGGA,209,182
ACGCGGA,288,205
TAGCGGA,200,169
GAGCGGA,216,211
CAGCGGA,162,136
AAGCGGA,198,187
TTCCGGA,108,79
GTCCGGA,174,151
CTCCGGA,93,59
ATCCGGA,100,76
TGCCGGA,261,227
GGCCGGA,196,173
CGCCGGA,153,122
AGCCGGA,142,132
TCCCGGA,129,88
GCCCGGA,313,258
CCCCGGA,116,95
ACCCGGA,99,100
TACCGGA,179,159
GACCGGA,190,148
CACCGGA,115,94
AACCGGA,106,94
TTACGGA,145,87
GTACGGA,219,196
CTACGGA,112,111
ATACGGA,169,139
TGACGGA,204,188
GGACGGA,160,135
CGACGGA,208,136
AGACGGA,151,131
TCACGGA,99,98
GCACGGA,423,364
CCACGGA,125,108
ACACGGA,181,161
TAACGGA,148,116
GAACGGA,139,156
CAACGGA,142,80
AAACGGA,135,96
TTTAGGA,127,87
GTTAGGA,617,547
CTTAGGA,100,97
ATTAGGA,191,153
TGTAGGA,1163,983
GGTAGGA,277,212
CGTAGGA,225,183
AGTAGGA,238,199
TCTAGGA,90,84
GCTAGGA,278,236
CCTAGGA,130,79
ACTAGGA,129,133
TATAGGA,191,171
GATAGGA,208,158
CATAGGA,147,103
AATAGGA,128,115
TTGAGGA,230,192
GTGAGGA,426,397
CTGAGGA,185,149
ATGAGGA,250,202
TGGAGGA,212,222
GGGAGGA,162,168
CGGAGGA,165,168
AGGAGGA,177,126
TCGAGGA,200,168
GCGAGGA,462,372
CCGAGGA,192,114
ACGAGGA,174,160
TAGAGGA,172,134
GAGAGGA,149,131
CAGAGGA,106,83
AAGAGGA,120,92
TTCAGGA,98,71
GTCAGGA,152,143
CTCAGGA,81,73
ATCAGGA,111,90
TGCAGGA,299,226
GGCAGGA,208,182
CGCAGGA,196,149
AGCAGGA,145,141
TCCAGGA,96,89
GCCAGGA,347,265
CCCAGGA,95,93
ACCAGGA,119,94
TACAGGA,176,153
GACAGGA,179,174
CACAGGA,97,92
AACAGGA,115,87
TTAAGGA,119,94
GTAAGGA,185,152
CTAAGGA,129,98
ATAAGGA,130,97
TGAAGGA,132,130
GGAAGGA,120,105
CGAAGGA,142,105
AGAAGGA,126,86
TCAAGGA,101,64
GCAAGGA,355,302
CCAAGGA,103,75
ACAAGGA,160,114
TAAAGGA,96,69
GAAAGGA,97,97
CAAAGGA,89,79
AAAAGGA,77,79
TTTTCGA,121,92
GTTTCGA,662,619
CTTTCGA,117,125
ATTTCGA,196,186
TGTTCGA,442,387
GGTTCGA,238,182
CGTTCGA,196,170
AGTTCGA,201,159
TCTTCGA,94,90
GCTTCGA,336,286
CCTTCGA,135,107
ACTTCGA,142,122
TATTCGA,195,149
GATTCGA,214,210
CATTCGA,125,120
AATTCGA,138,108
TTGTCGA,827,736
GTGTCGA,973,770
CTGTCGA,442,342
ATGTCGA,490,421
TGGTCGA,284,213
GGGTCGA,268,221
CGGTCGA,209,197
AGGTCGA,215,165
TCGTCGA,217,198
GCGTCGA,753,604
CCGTCGA,237,197
ACGTCGA,258,210
TAGTCGA,235,204
GAGTCGA,285,234
CAGTCGA,185,132
AAGTCGA,180,150
TTCTCGA,129,80
GTCTCGA,239,207
CTCTCGA,122,92
ATCTCGA,133,121
TGCTCGA,247,194
GGCTCGA,226,195
CGCTCGA,205,151
AGCTCGA,146,123
TCCTCGA,127,115
GCCTCGA,533,410
CCCTCGA,168,128
ACCTCGA,154,144
TACTCGA,216,169
GACTCGA,213,181
CACTCGA,131,94
AACTCGA,122,113
TTATCGA,274,229
GTATCGA,654,545
CTATCGA,204,178
ATATCGA,264,211
TGATCGA,169,160
GGATCGA,167,152
CGATCGA,198,150
AGATCGA,134,128
TCATCGA,202,143
GCATCGA,1080,932
CCATCGA,204,178
ACATCGA,254,178
TAATCGA,155,128
GAATCGA,184,142
CAATCGA,142,119
AAATCGA,158,117
TTTGCGA,633,535
GTTGCGA,2676,2408
CTTGCGA,451,346
ATTGCGA,874,728
TGTGCGA,1161,1011
GGTGCGA,869,723
CGTGCGA,589,490
AGTGCGA,710,570
TCTGCGA,357,323
GCTGCGA,817,601
CCTGCGA,365,309
ACTGCGA,386,355
TATGCGA,788,614
GATGCGA,3087,2551
CATGCGA,584,454
AATGCGA,1318,1087
TTGGCGA,542,449
GTGGCGA,2072,1718
CTGGCGA,392,315
ATGGCGA,707,573
TGGGCGA,568,492
GGGGCGA,580,434
CGGGCGA,442,320
AGGGCGA,358,310
TCGGCGA,386,335
GCGGCGA,949,766
CCGGCGA,339,281
ACGGCGA,401,349
TAGGCGA,485,422
GAGGCGA,1125,1009
CAGGCGA,352,299
AAGGCGA,538,423
TTCGCGA,366,316
GTCGCGA,631,529
CTCGCGA,343,259
ATCGCGA,354,314
TGCGCGA,934,809
GGCGCGA,716,589
CGCGCGA,592,541
AGCGCGA,545,455
TCCGCGA,403,336
GCCGCGA,829,683
CCCGCGA,362,305
ACCGCGA,426,349
TACGCGA,483,404
GACGCGA,717,593
CACGCGA,558,479
AACGCGA,425,401
TTAGCGA,389,270
GTAGCGA,662,573
CTAGCGA,289,242
ATAGCGA,346,331
TGAGCGA,382,352
GGAGCGA,406,354
CGAGCGA,377,318
AGAGCGA,330,265
TCAGCGA,235,243
GCAGCGA,643,490
CCAGCGA,250,209
ACAGCGA,301,247
TAAGCGA,341,236
GAAGCGA,348,256
CAAGCGA,255,193
AAAGCGA,345,321
TTTCCGA,130,104
GTTCCGA,271,204
CTTCCGA,139,96
ATTCCGA,131,125
TGTCCGA,434,309
GGTCCGA,227,212
CGTCCGA,154,143
AGTCCGA,172,170
TCTCCGA,107,92
GCTCCGA,302,247
CCTCCGA,126,117
ACTCCGA,126,102
TATCCGA,186,155
GATCCGA,178,140
CATCCGA,127,109
AATCCGA,128,88
TTGCCGA,794,677
GTGCCGA,1274,1083
CTGCCGA,439,434
ATGCCGA,997,766
TGGCCGA,518,448
GGGCCGA,585,457
CGGCCGA,372,346
AGGCCGA,511,369
TCGCCGA,497,406
GCGCCGA,1221,908
CCGCCGA,640,467
ACGCCGA,533,481
TAGCCGA,379,320
GAGCCGA,364,360
CAGCCGA,258,220
AAGCCGA,324,243
TTCCCGA,124,115
GTCCCGA,248,216
CTCCCGA,109,107
ATCCCGA,150,102
TGCCCGA,286,240
GGCCCGA,251,210
CGCCCGA,198,179
AGCCCGA,170,124
TCCCCGA,133,129
GCCCCGA,396,277
CCCCCGA,130,121
ACCCCGA,186,128
TACCCGA,201,194
GACCCGA,197,172
CACCCGA,147,85
AACCCGA,117,136
TTACCGA,176,133
GTACCGA,389,279
CTACCGA,171,143
ATACCGA,257,195
TGACCGA,218,171
GGACCGA,192,146
CGACCGA,175,147
AGACCGA,212,127
TCACCGA,200,159
GCACCGA,586,497
CCACCGA,199,173
ACACCGA,270,258
TAACCGA,153,128
GAACCGA,196,173
CAACCGA,143,109
AAACCGA,155,161
TTTACGA,168,124
GTTACGA,680,604
CTTACGA,165,131
ATTACGA,206,209
TGTACGA,589,442
GGTACGA,316,288
CGTACGA,256,229
AGTACGA,280,227
TCTACGA,135,100
GCTACGA,459,406
CCTACGA,182,135
ACTACGA,210,163
TATACGA,298,270
GATACGA,776,580
CATACGA,229,169
AATACGA,264,224
TTGACGA,287,230
GTGACGA,530,461
CTGACGA,216,170
ATGACGA,276,254
TGGACGA,245,187
GGGACGA,238,182
CGGACGA,185,153
AGGACGA,194,148
TCGACGA,212,181
GCGACGA,548,423
CCGACGA,226,190
ACGACGA,218,182
TAGACGA,215,169
GAGACGA,192,204
CAGACGA,138,127
AAGACGA,143,96
TTCACGA,134,107
GTCACGA,343,286
CTCACGA,138,126
ATCACGA,191,125
TGCACGA,411,321
GGCACGA,294,256
CGCACGA,281,206
AGCACGA,210,204
TCCACGA,128,129
GCCACGA,668,462
CCCACGA,170,154
ACCACGA,230,183
TACACGA,309,250
GACACGA,300,243
CACACGA,160,149
AACACGA,187,179
TTAACGA,221,139
GTAACGA,408,319
CTAACGA,195,166
ATAACGA,230,178
TGAACGA,179,150
GGAACGA,183,158
CGAACGA,187,165
AGAACGA,140,104
TCAACGA,160,143
GCAACGA,885,694
CCAACGA,178,166
ACAACGA,284,218
TAAACGA,156,123
GAAACGA,197,155
CAAACGA,164,128
AAAACGA,157,124
TTTTAGA,97,75
GTTTAGA,3740,3066
CTTTAGA,146,119
ATTTAGA,930,758
TGTTAGA,1372,1114
GGTTAGA,282,221
CGTTAGA,223,184
AGTTAGA,273,213
TCTTAGA,114,71
GCTTAGA,702,560
CCTTAGA,128,86
ACTTAGA,165,148
TATTAGA,284,239
GATTAGA,324,277
CATTAGA,136,85
AATTAGA,187,173
TTGTAGA,936,737
GTGTAGA,1634,1377
CTGTAGA,582,462
ATGTAGA,734,673
TGGTAGA,266,207
GGGTAGA,237,219
CGGTAGA,253,212
AGGTAGA,217,170
TCGTAGA,203,209
GCGTAGA,701,571
CCGTAGA,228,216
ACGTAGA,270,225
TAGTAGA,240,182
GAGTAGA,232,200
CAGTAGA,195,172
AAGTAGA,184,180
TTCTAGA,107,77
GTCTAGA,199,168
CTCTAGA,79,77
ATCTAGA,129,101
TGCTAGA,366,289
GGCTAGA,280,199
CGCTAGA,222,186
AGCTAGA,182,167
TCCTAGA,100,76
GCCTAGA,306,247
CCCTAGA,126,103
ACCTAGA,152,128
TACTAGA,168,128
GACTAGA,146,130
CACTAGA,104,79
AACTAGA,84,83
TTATAGA,179,184
GTATAGA,743,677
CTATAGA,168,143
ATATAGA,228,148
TGATAGA,223,190
GGATAGA,184,149
CGATAGA,209,196
AGATAGA,185,138
TCATAGA,147,103
GCATAGA,441,374
CCATAGA,149,110
ACATAGA,201,170
TAATAGA,122,125
GAATAGA,157,118
CAATAGA,126,101
AAATAGA,158,122
TTTGAGA,159,111
GTTGAGA,734,676
CTTGAGA,132,122
ATTGAGA,257,225
TGTGAGA,526,400
GGTGAGA,314,258
CGTGAGA,222,214
AGTGAGA,248,219
TCTGAGA,122,131
GCTGAGA,380,296
CCTGAGA,179,131
ACTGAGA,181,132
TATGAGA,222,180
GATGAGA,245,198
CATGAGA,143,145
AATGAGA,131,130
TTGGAGA,173,135
GTGGAGA,313,254
CTGGAGA,147,125
ATGGAGA,229,141
TGGGAGA,191,155
GGGGAGA,211,172
CGGGAGA,182,162
AGGGAGA,139,101
TCGGAGA,148,159
GCGGAGA,503,426
CCGGAGA,197,128
ACGGAGA,187,186
TAGGAGA,164,117
GAGGAGA,166,142
CAGGAGA,112,84
AAGGAGA,123,113
TTCGAGA,144,133
GTCGAGA,233,204
CTCGAGA,146,109
ATCGAGA,144,142
TGCGAGA,453,379
GGCGAGA,302,258
CGCGAGA,248,204
AGCGAGA,206,200
TCCGAGA,154,132
GCCGAGA,332,303
CCCGAGA,178,118
ACCGAGA,190,138
TACGAGA,197,186
GACGAGA,209,135
CACGAGA,150,112
AACGAGA,144,94
TTAGAGA,112,104
GTAGAGA,236,172
CTAGAGA,112,105
ATAGAGA,137,126
TGAGAGA,162,126
GGAGAGA,128,110
CGAGAGA,152,131
AGAGAGA,106,106
TCAGAGA,106,102
GCAGAGA,334,266
CCAGAGA,135,95
ACAGAGA,169,142
TAAGAGA,119,91
GAAGAGA,120,119
CAAGAGA,88,73
AAAGAGA,103,57
TTTCAGA,98,72
GTTCAGA,197,160
CTTCAGA,89,71
ATTCAGA,122,111
TGTCAGA,367,338
GGTCAGA,182,147
CGTCAGA,130,128
AGTCAGA,149,122
TCTCAGA,101,65
GCTCAGA,241,211
CCTCAGA,108,107
ACTCAGA,126,81
TATCAGA,164,151
GATCAGA,153,104
CATCAGA,106,87
AATCAGA,112,87
TTGCAGA,445,420
GTGCAGA,731,615
CTGCAGA,289,238
ATGCAGA,635,526
TGGCAGA,338,293
GGGCAGA,306,260
CGGCAGA,231,187
AGGCAGA,320,220
TCGCAGA,291,263
GCGCAGA,797,610
CCGCAGA,271,221
ACGCAGA,387,294
TAGCAGA,219,237
GAGCAGA,247,218
CAGCAGA,141,145
AAGCAGA,182,137
TTCCAGA,105,70
GTCCAGA,143,119
CTCCAGA,80,65
ATCCAGA,104,96
TGCCAGA,229,268
GGCCAGA,193,162
CGCCAGA,141,123
AGCCAGA,115,105
TCCCAGA,98,92
GCCCAGA,247,225
CCCCAGA,96,91
ACCCAGA,145,92
TACCAGA,194,143
GACCAGA,156,126
CACCAGA,93,80
AACCAGA,109,74
TTACAGA,112,96
GTACAGA,234,200
CTACAGA,109,93
ATACAGA,219,158
TGACAGA,147,128
GGACAGA,153,115
CGACAGA,115,90
AGACAGA,140,132
TCACAGA,96,81
GCACAGA,362,321
CCACAGA,139,96
ACACAGA,198,172
TAACAGA,130,84
GAACAGA,116,92
CAACAGA,123,101
AAACAGA,200,161
TTTAAGA,92,95
GTTAAGA,388,306
CTTAAGA,106,90
ATTAAGA,158,100
TGTAAGA,325,290
GGTAAGA,214,153
CGTAAGA,146,167
AGTAAGA,151,134
TCTAAGA,94,78
GCTAAGA,285,222
CCTAAGA,111,93
ACTAAGA,149,97
TATAAGA,143,142
GATAAGA,156,138
CATAAGA,112,88
AATAAGA,111,76
TTGAAGA,187,122
GTGAAGA,306,241
CTGAAGA,147,112
ATGAAGA,203,182
TGGAAGA,158,149
GGGAAGA,141,135
CGGAAGA,132,144
AGGAAGA,117,81
TCGAAGA,139,126
GCGAAGA,376,345
CCGAAGA,136,134
ACGAAGA,187,123
TAGAAGA,135,105
GAGAAGA,103,96
CAGAAGA,91,93
AAGAAGA,103,74
TTCAAGA,95,77
GTCAAGA,154,146
CTCAAGA,119,86
ATCAAGA,113,90
TGCAAGA,313,247
GGCAAGA,235,185
CGCAAGA,240,193
AGCAAGA,176,146
TCCAAGA,88,86
GCCAAGA,290,254
CCCAAGA,107,99
ACCAAGA,145,99
TACAAGA,166,168
GACAAGA,202,143
CACAAGA,115,100
AACAAGA,123,101
TTAAAGA,99,93
GTAAAGA,211,135
CTAAAGA,100,90
ATAAAGA,100,102
TGAAAGA,101,103
GGAAAGA,101,84
CGAAAGA,119,83
AGAAAGA,84,78
TCAAAGA,78,66
GCAAAGA,317,282
CCAAAGA,96,87
ACAAAGA,164,149
TAAAAGA,84,83
GAAAAGA,99,78
CAAAAGA,76,76
AAAAAGA,76,57
TTTTTCA,131,105
GTTTTCA,2307,1861
CTTTTCA,152,147
ATTTTCA,402,327
TGTTTCA,3628,2860
GGTTTCA,671,617
CGTTTCA,700,514
AGTTTCA,880,749
TCTTTCA,154,123
GCTTTCA,727,662
CCTTTCA,179,172
ACTTTCA,220,168
TATTTCA,802,647
GATTTCA,398,295
CATTTCA,240,174
AATTTCA,252,202
TTGTTCA,881,702
GTGTTCA,1572,1295
CTGTTCA,511,442
ATGTTCA,765,609
TGGTTCA,707,558
GGGTTCA,457,359
CGGTTCA,495,410
AGGTTCA,380,304
TCGTTCA,350,318
GCGTTCA,1090,974
CCGTTCA,364,332
ACGTTCA,403,349
TAGTTCA,506,380
GAGTTCA,360,266
CAGTTCA,340,255
AAGTTCA,267,241
TTCTTCA,119,92
GTCTTCA,319,263
CTCTTCA,134,98
ATCTTCA,145,147
TGCTTCA,905,748
GGCTTCA,365,289
CGCTTCA,338,269
AGCTTCA,287,256
TCCTTCA,199,165
GCCTTCA,816,645
CCCTTCA,191,189
ACCTTCA,194,192
TACTTCA,329,265
GACTTCA,220,204
CACTTCA,181,144
AACTTCA,152,122
TTATTCA,327,246
GTATTCA,1268,1058
CTATTCA,276,204
ATATTCA,348,276
TGATTCA,721,593
GGATTCA,285,240
CGATTCA,493,409
AGATTCA,311,240
TCATTCA,298,228
GCATTCA,3598,2940
CCATTCA,326,223
ACATTCA,325,277
TAATTCA,274,251
GAATTCA,273,218
CAATTCA,230,194
AAATTCA,169,159
TTTGTCA,412,346
GTTGTCA,4335,3667
CTTGTCA,379,289
ATTGTCA,1000,843
TGTGTCA,3501,3050
GGTGTCA,1132,953
CGTGTCA,860,719
AGTGTCA,1150,1013
TCTGTCA,283,258
GCTGTCA,918,807
CCTGTCA,321,278
ACTGTCA,353,286
TATGTCA,1234,1066
GATGTCA,881,719
CATGTCA,443,418
AATGTCA,514,487
TTGGTCA,494,346
GTGGTCA,1010,902
CTGGTCA,354,270
ATGGTCA,503,444
TGGGTCA,624,491
GGGGTCA,537,473
CGGGTCA,462,425
AGGGTCA,476,361
TCGGTCA,405,331
GCGGTCA,949,768
CCGGTCA,388,325
ACGGTCA,498,375
TAGGTCA,413,355
GAGGTCA,390,292
CAGGTCA,280,257
AAGGTCA,276,220
TTCGTCA,316,261
GTCGTCA,674,550
CTCGTCA,239,214
ATCGTCA,381,286
TGCGTCA,1862,1613
GGCGTCA,1082,851
CGCGTCA,933,753
AGCGTCA,814,721
TCCGTCA,377,280
GCCGTCA,938,788
CCCGTCA,298,257
ACCGTCA,458,367
TACGTCA,654,603
GACGTCA,564,437
CACGTCA,342,266
AACGTCA,332,290
TTAGTCA,292,235
GTAGTCA,703,564
CTAGTCA,235,200
ATAGTCA,319,258
TGAGTCA,534,434
GGAGTCA,348,285
CGAGTCA,431,331
AGAGTCA,345,264
TCAGTCA,292,233
GCAGTCA,810,615
CCAGTCA,263,239
ACAGTCA,389,314
TAAGTCA,243,225
GAAGTCA,286,246
CAAGTCA,202,154
AAAGTCA,230,194
TTTCTCA,136,97
GTTCTCA,297,229
CTTCTCA,109,106
ATTCTCA,202,148
TGTCTCA,1715,1409
GGTCTCA,345,237
CGTCTCA,284,220
AGTCTCA,388,284
TCTCTCA,144,113
GCTCTCA,442,302
CCTCTCA,172,146
ACTCTCA,188,142
TATCTCA,319,291
GATCTCA,231,179
CATCTCA,184,140
AATCTCA,149,128
TTGCTCA,399,334
GTGCTCA,759,570
CTGCTCA,293,247
ATGCTCA,668,528
TGGCTCA,479,394
GGGCTCA,443,352
CGGCTCA,277,273
AGGCTCA,432,394
TCGCTCA,363,309
GCGCTCA,1131,992
CCGCTCA,384,349
ACGCTCA,504,455
TAGCTCA,338,329
GAGCTCA,275,268
CAGCTCA,191,204
AAGCTCA,272,170
TTCCTCA,138,104
GTCCTCA,299,256
CTCCTCA,108,121
ATCCTCA,173,132
TGCCTCA,1173,1010
GGCCTCA,678,571
CGCCTCA,923,674
AGCCTCA,670,487
TCCCTCA,213,191
GCCCTCA,530,451
CCCCTCA,230,162
ACCCTCA,283,236
TACCTCA,415,320
GACCTCA,227,224
CACCTCA,178,164
AACCTCA,185,155
TTACTCA,205,206
GTACTCA,464,371
CTACTCA,202,181
ATACTCA,317,252
TGACTCA,423,326
GGACTCA,334,238
CGACTCA,347,259
AGACTCA,281,228
TCACTCA,319,250
GCACTCA,989,791
CCACTCA,331,244
ACACTCA,510,377
TAACTCA,227,185
GAACTCA,239,187
CAACTCA,189,158
AAACTCA,216,181
TTTATCA,231,160
GTTATCA,2332,1903
CTTATCA,189,162
ATTATCA,613,469
TGTATCA,3583,2729
GGTATCA,1046,911
CGTATCA,1033,874
AGTATCA,1271,1012
TCTATCA,224,182
GCTATCA,823,640
CCTATCA,260,214
ACTATCA,327,271
TATATCA,752,663
GATATCA,628,465
CATATCA,503,349
AATATCA,376,314
TTGATCA,360,305
GTGATCA,1156,956
CTGATCA,267,273
ATGATCA,512,421
TGGATCA,409,338
GGGATCA,320,313
CGGATCA,285,250
AGGATCA,280,207
TCGATCA,354,278
GCGATCA,806,685
CCGATCA,316,239
ACGATCA,401,324
TAGATCA,378,295
GAGATCA,265,202
CAGATCA,214,147
AAGATCA,182,170
TTCATCA,221,181
GTCATCA,792,652
CTCATCA,176,166
ATCATCA,291,288
TGCATCA,4649,3841
GGCATCA,2507,2069
CGCATCA,3297,2824
AGCATCA,2371,2003
TCCATCA,245,211
GCCATCA,1129,928
CCCATCA,256,247
ACCATCA,406,287
TACATCA,495,424
GACATCA,575,473
CACATCA,342,283
AACATCA,362,312
TTAATCA,289,196
GTAATCA,1080,864
CTAATCA,275,251
ATAATCA,364,303
TGAATCA,451,369
GGAATCA,330,268
CGAATCA,356,303
AGAATCA,278,245
TCAATCA,237,167
GCAATCA,1567,1255
CCAATCA,268,256
ACAATCA,470,384
TAAATCA,201,196
GAAATCA,275,233
CAAATCA,222,160
AAAATCA,168,188
TTTTGCA,942,780
GTTTGCA,5502,4871
CTTTGCA,709,576
ATTTGCA,1780,1424
TGTTGCA,6142,5206
GGTTGCA,2645,2198
CGTTGCA,2148,1735
AGTTGCA,2819,2400
TCTTGCA,611,552
GCTTGCA,1776,1500
CCTTGCA,702,510
ACTTGCA,882,658
TATTGCA,2097,1847
GATTGCA,1612,1342
CATTGCA,853,731
AATTGCA,1277,1036
TTGTGCA,2127,1900
GTGTGCA,3497,2849
CTGTGCA,1318,1071
ATGTGCA,2044,1613
TGGTGCA,1923,1599
GGGTGCA,1670,1514
CGGTGCA,1331,1125
AGGTGCA,1366,1198
TCGTGCA,978,859
GCGTGCA,3275,2720
CCGTGCA,1045,889
ACGTGCA,1286,1082
TAGTGCA,1378,1145
GAGTGCA,1569,1214
CAGTGCA,922,785
AAGTGCA,1247,1030
TTCTGCA,566,512
GTCTGCA,858,696
CTCTGCA,435,389
ATCTGCA,622,553
TGCTGCA,1832,1683
GGCTGCA,986,842
CGCTGCA,826,711
AGCTGCA,852,677
TCCTGCA,492,436
GCCTGCA,1497,1342
CCCTGCA,569,512
ACCTGCA,670,588
TACTGCA,831,725
GACTGCA,765,647
CACTGCA,491,413
AACTGCA,576,498
TTATGCA,1068,883
GTATGCA,2648,2241
CTATGCA,728,658
ATATGCA,1027,869
TGATGCA,2884,2384
GGATGCA,2619,2124
CGATGCA,1568,1277
AGATGCA,2183,1780
TCATGCA,706,571
GCATGCA,3184,2608
CCATGCA,727,577
ACATGCA,967,895
TAATGCA,1297,1106
GAATGCA,1715,1408
CAATGCA,894,702
AAATGCA,1386,1158
TTTGGCA,627,524
GTTGGCA,2666,2221
CTTGGCA,477,404
ATTGGCA,895,845
TGTGGCA,3351,2823
GGTGGCA,1457,1256
CGTGGCA,1070,877
AGTGGCA,1449,1218
TCTGGCA,478,428
GCTGGCA,899,794
CCTGGCA,491,414
ACTGGCA,540,525
TATGGCA,1089,941
GATGGCA,1057,901
CATGGCA,595,505
AATGGCA,749,650
TTGGGCA,707,564
GTGGGCA,1268,1002
CTGGGCA,499,443
ATGGGCA,790,612
TGGGGCA,886,678
GGGGGCA,939,768
CGGGGCA,709,569
AGGGGCA,692,515
TCGGGCA,550,475
GCGGGCA,1410,1201
CCGGGCA,523,459
ACGGGCA,702,559
TAGGGCA,665,608
GAGGGCA,628,654
CAGGGCA,444,404
AAGGGCA,482,440
TTCGGCA,579,466
GTCGGCA,717,612
CTCGGCA,399,365
ATCGGCA,546,498
TGCGGCA,1080,1007
GGCGGCA,870,748
CGCGGCA,689,585
AGCGGCA,708,540
TCCGGCA,499,395
GCCGGCA,991,820
CCCGGCA,446,381
ACCGGCA,618,444
TACGGCA,730,633
GACGGCA,706,572
CACGGCA,474,370
AACGGCA,479,406
TTAGGCA,536,438
GTAGGCA,805,714
CTAGGCA,383,280
ATAGGCA,540,484
TGAGGCA,700,656
GGAGGCA,909,790
CGAGGCA,724,577
AGAGGCA,839,699
TCAGGCA,422,326
GCAGGCA,1120,905
CCAGGCA,426,360
ACAGGCA,563,488
TAAGGCA,477,412
GAAGGCA,630,520
CAAGGCA,352,289
AAAGGCA,568,447
TTTCGCA,650,556
GTTCGCA,1011,853
CTTCGCA,485,411
ATTCGCA,713,635
TGTCGCA,3187,2660
GGTCGCA,1126,929
CGTCGCA,853,697
AGTCGCA,984,838
TCTCGCA,557,461
GCTCGCA,1071,858
CCTCGCA,573,438
ACTCGCA,583,525
TATCGCA,1008,890
GATCGCA,857,693
CATCGCA,613,508
AATCGCA,627,584
TTGCGCA,1959,1670
GTGCGCA,2853,2376
CTGCGCA,1302,1056
ATGCGCA,2151,1821
TGGCGCA,1515,1278
GGGCGCA,1728,1449
CGGCGCA,1124,900
AGGCGCA,1433,1211
TCGCGCA,1307,1019
GCGCGCA,2857,2341
CCGCGCA,1157,1057
ACGCGCA,1332,1159
TAGCGCA,1222,1113
GAGCGCA,1348,1111
CAGCGCA,808,683
AAGCGCA,1090,885
TTCCGCA,791,664
GTCCGCA,876,745
CTCCGCA,509,438
ATCCGCA,674,597
TGCCGCA,1367,1169
GGCCGCA,1069,920
CGCCGCA,773,676
AGCCGCA,704,676
TCCCGCA,720,593
GCCCGCA,1238,1010
CCCCGCA,590,500
ACCCGCA,729,614
TACCGCA,906,784
GACCGCA,762,676
CACCGCA,521,465
AACCGCA,593,480
TTACGCA,830,675
GTACGCA,1105,971
CTACGCA,550,470
ATACGCA,812,677
TGACGCA,1154,1036
GGACGCA,979,868
CGACGCA,812,649
AGACGCA,827,702
TCACGCA,747,628
GCACGCA,1879,1373
CCACGCA,689,577
ACACGCA,903,753
TAACGCA,748,648
GAACGCA,827,718
CAACGCA,551,469
AAACGCA,766,651
TTTAGCA,534,506
GTTAGCA,2043,1750
CTTAGCA,462,372
ATTAGCA,863,705
TGTAGCA,3659,3063
GGTAGCA,1223,994
CGTAGCA,1140,848
AGTAGCA,1234,1016
TCTAGCA,444,364
GCTAGCA,1046,892
CCTAGCA,512,407
ACTAGCA,613,532
TATAGCA,1053,935
GATAGCA,904,742
CATAGCA,598,492
AATAGCA,679,566
TTGAGCA,715,634
GTGAGCA,1427,1158
CTGAGCA,617,454
ATGAGCA,764,647
TGGAGCA,718,591
GGGAGCA,717,639
CGGAGCA,560,492
AGGAGCA,612,491
TCGAGCA,699,542
GCGAGCA,1231,1083
CCGAGCA,520,407
ACGAGCA,599,489
TAGAGCA,613,497
GAGAGCA,618,557
CAGAGCA,419,344
AAGAGCA,456,399
TTCAGCA,449,351
GTCAGCA,863,663
CTCAGCA,356,259
ATCAGCA,484,409
TGCAGCA,1348,1110
GGCAGCA,786,672
CGCAGCA,785,718
AGCAGCA,647,559
TCCAGCA,402,316
GCCAGCA,854,773
CCCAGCA,398,376
ACCAGCA,512,442
TACAGCA,683,538
GACAGCA,720,583
CACAGCA,452,387
AACAGCA,501,416
TTAAGCA,571,461
GTAAGCA,1353,1037
CTAAGCA,462,392
ATAAGCA,667,531
TGAAGCA,584,515
GGAAGCA,571,416
CGAAGCA,474,401
AGAAGCA,421,361
TCAAGCA,421,320
GCAAGCA,1120,943
CCAAGCA,468,340
ACAAGCA,703,538
TAAAGCA,481,388
GAAAGCA,532,475
CAAAGCA,410,370
AAAAGCA,539,436
TTTTCCA,153,109
GTTTCCA,1003,756
CTTTCCA,127,125
ATTTCCA,247,176
TGTTCCA,1390,1331
GGTTCCA,352,264
CGTTCCA,310,258
AGTTCCA,303,261
TCTTCCA,121,87
GCTTCCA,458,388
CCTTCCA,177,131
ACTTCCA,209,185
TATTCCA,302,316
GATTCCA,326,265
CATTCCA,171,165
AATTCCA,193,167
TTGTCCA,1201,1023
GTGTCCA,1436,1237
CTGTCCA,663,517
ATGTCCA,740,628
TGGTCCA,405,365
GGGTCCA,348,287
CGGTCCA,323,273
AGGTCCA,278,233
TCGTCCA,330,279
GCGTCCA,1211,1010
CCGTCCA,409,331
ACGTCCA,383,342
TAGTCCA,308,262
GAGTCCA,317,253
CAGTCCA,229,185
AAGTCCA,203,191
TTCTCCA,120,104
GTCTCCA,314,226
CTCTCCA,133,92
ATCTCCA,141,120
TGCTCCA,364,303
GGCTCCA,250,227
CGCTCCA,212,186
AGCTCCA,187,155
TCCTCCA,127,107
GCCTCCA,1062,953
CCCTCCA,199,143
ACCTCCA,208,185
TACTCCA,278,225
GACTCCA,301,218
CACTCCA,181,145
AACTCCA,135,144
TTATCCA,274,215
GTATCCA,1276,1010
CTATCCA,271,215
ATATCCA,271,256
TGATCCA,283,269
GGATCCA,239,183
CGATCCA,263,197
AGATCCA,217,154
TCATCCA,242,205
GCATCCA,4310,3647
CCATCCA,262,189
ACATCCA,307,282
TAATCCA,179,134
GAATCCA,272,221
CAATCCA,192,118
AAATCCA,141,127
TTTGCCA,2789,2199
GTTGCCA,4974,4059
CTTGCCA,1562,1238
ATTGCCA,2559,2095
TGTGCCA,4445,3777
GGTGCCA,3114,2623
CGTGCCA,2353,1901
AGTGCCA,2811,2435
TCTGCCA,1546,1400
GCTGCCA,2447,2053
CCTGCCA,1350,1110
ACTGCCA,1442,1230
TATGCCA,2986,2322
GATGCCA,3882,3151
CATGCCA,1462,1257
AATGCCA,2695,2205
TTGGCCA,1602,1436
GTGGCCA,3026,2505
CTGGCCA,1120,982
ATGGCCA,1548,1296
TGGGCCA,1471,1224
GGGGCCA,1305,1114
CGGGCCA,1112,954
AGGGCCA,1041,872
TCGGCCA,1098,928
GCGGCCA,2201,1899
CCGGCCA,963,819
ACGGCCA,1048,865
TAGGCCA,1278,1076
GAGGCCA,1706,1392
CAGGCCA,742,627
AAGGCCA,1109,918
TTCGCCA,1938,1737
GTCGCCA,2232,1879
CTCGCCA,1336,1103
ATCGCCA,1818,1398
TGCGCCA,3298,2774
GGCGCCA,2708,2276
CGCGCCA,2446,2029
AGCGCCA,2454,2014
TCCGCCA,2143,1703
GCCGCCA,3114,2646
CCCGCCA,1788,1430
ACCGCCA,1886,1513
TACGCCA,1888,1620
GACGCCA,1863,1554
CACGCCA,1312,1087
AACGCCA,1501,1378
TTAGCCA,1380,1167
GTAGCCA,1640,1379
CTAGCCA,927,755
ATAGCCA,1030,930
TGAGCCA,1146,1100
GGAGCCA,1017,896
CGAGCCA,1089,965
AGAGCCA,861,751
TCAGCCA,778,654
GCAGCCA,1684,1421
CCAGCCA,629,520
ACAGCCA,753,627
TAAGCCA,1010,948
GAAGCCA,825,733
CAAGCCA,734,555
AAAGCCA,934,789
TTTCCCA,157,134
GTTCCCA,425,413
CTTCCCA,128,139
ATTCCCA,235,196
TGTCCCA,2360,1913
GGTCCCA,457,381
CGTCCCA,441,401
AGTCCCA,432,371
TCTCCCA,135,114
GCTCCCA,412,339
CCTCCCA,189,147
ACTCCCA,175,182
TATCCCA,495,397
GATCCCA,286,280
CATCCCA,230,181
AATCCCA,203,138
TTGCCCA,1738,1477
GTGCCCA,3142,2554
CTGCCCA,1115,941
ATGCCCA,1972,1609
TGGCCCA,1386,1160
GGGCCCA,1252,969
CGGCCCA,875,764
AGGCCCA,1036,887
TCGCCCA,1337,1168
GCGCCCA,2752,2453
CCGCCCA,1588,1308
ACGCCCA,1238,1166
TAGCCCA,1133,928
GAGCCCA,1005,850
CAGCCCA,613,512
AAGCCCA,804,650
TTCCCCA,192,126
GTCCCCA,350,317
CTCCCCA,174,122
ATCCCCA,203,162
TGCCCCA,533,389
GGCCCCA,344,311
CGCCCCA,311,292
AGCCCCA,297,225
TCCCCCA,203,160
GCCCCCA,529,453
CCCCCCA,174,169
ACCCCCA,276,201
TACCCCA,371,307
GACCCCA,334,319
CACCCCA,208,191
AACCCCA,205,177
TTACCCA,206,210
GTACCCA,484,373
CTACCCA,193,157
ATACCCA,317,257
TGACCCA,391,315
GGACCCA,298,241
CGACCCA,311,228
AGACCCA,274,259
TCACCCA,208,166
GCACCCA,806,702
CCACCCA,266,177
ACACCCA,336,269
TAACCCA,238,180
GAACCCA,274,228
CAACCCA,218,171
AAACCCA,211,157
TTTACCA,203,217
GTTACCA,1152,913
CTTACCA,227,167
ATTACCA,372,310
TGTACCA,2253,1839
GGTACCA,749,591
CGTACCA,584,478
AGTACCA,663,550
TCTACCA,163,150
GCTACCA,766,662
CCTACCA,229,188
ACTACCA,347,280
TATACCA,775,625
GATACCA,907,778
CATACCA,394,304
AATACCA,393,278
TTGACCA,527,457
GTGACCA,1167,932
CTGACCA,389,328
ATGACCA,615,488
TGGACCA,675,516
GGGACCA,560,493
CGGACCA,404,356
AGGACCA,406,375
TCGACCA,432,413
GCGACCA,1130,952
CCGACCA,431,378
ACGACCA,472,391
TAGACCA,518,440
GAGACCA,482,413
CAGACCA,300,238
AAGACCA,332,284
TTCACCA,209,173
GTCACCA,547,493
CTCACCA,188,200
ATCACCA,275,253
TGCACCA,857,740
GGCACCA,488,428
CGCACCA,475,409
AGCACCA,371,341
TCCACCA,242,171
GCCACCA,1617,1329
CCCACCA,220,187
ACCACCA,300,295
TACACCA,631,532
GACACCA,631,523
CACACCA,293,262
AACACCA,349,261
TTAACCA,268,213
GTAACCA,963,890
CTAACCA,269,226
ATAACCA,322,243
TGAACCA,319,253
GGAACCA,309,234
CGAACCA,266,230
AGAACCA,227,170
TCAACCA,241,167
GCAACCA,3879,3103
CCAACCA,210,175
ACAACCA,426,357
TAAACCA,249,221
GAAACCA,333,257
CAAACCA,207,198
AAAACCA,196,153
TTTTACA,146,149
GTTTACA,6421,5490
CTTTACA,277,216
ATTTACA,2107,1663
TGTTACA,2377,1853
GGTTACA,673,532
CGTTACA,545,423
AGTTACA,602,528
TCTTACA,157,151
GCTTACA,2144,1704
CCTTACA,240,182
ACTTACA,346,332
TATTACA,588,451
GATTACA,1067,919
CATTACA,337,259
AATTACA,479,404
TTGTACA,1177,977
GTGTACA,4165,3430
CTGTACA,819,716
ATGTACA,1249,1053
TGGTACA,635,524
GGGTACA,497,427
CGGTACA,515,422
AGGTACA,419,309
TCGTACA,451,425
GCGTACA,1406,1081
CCGTACA,490,426
ACGTACA,549,426
TAGTACA,569,394
GAGTACA,471,383
CAGTACA,364,288
AAGTACA,328,295
TTCTACA,171,153
GTCTACA,967,858
CTCTACA,160,119
ATCTACA,260,217
TGCTACA,677,581
GGCTACA,409,366
CGCTACA,400,293
AGCTACA,351,309
TCCTACA,175,129
GCCTACA,623,477
CCCTACA,214,169
ACCTACA,315,268
TACTACA,412,315
GACTACA,361,301
CACTACA,268,233
AACTACA,255,192
TTATACA,332,327
GTATACA,4225,3552
CTATACA,343,249
ATATACA,699,547
TGATACA,696,557
GGATACA,664,557
CGATACA,528,414
AGATACA,528,486
TCATACA,257,217
GCATACA,1278,1052
CCATACA,308,242
ACATACA,657,506
TAATACA,349,306
GAATACA,536,461
CAATACA,393,301
AAATACA,374,306
TTTGACA,390,339
GTTGACA,5601,4803
CTTGACA,274,275
ATTGACA,1648,1441
TGTGACA,1561,1203
GGTGACA,916,741
CGTGACA,609,520
AGTGACA,759,613
TCTGACA,273,273
GCTGACA,1083,891
CCTGACA,302,258
ACTGACA,385,309
TATGACA,631,543
GATGACA,935,814
CATGACA,409,352
AATGACA,522,453
TTGGACA,412,352
GTGGACA,1062,856
CTGGACA,280,238
ATGGACA,452,381
TGGGACA,468,413
GGGGACA,498,407
CGGGACA,374,342
AGGGACA,412,364
TCGGACA,348,262
GCGGACA,838,731
CCGGACA,313,236
ACGGACA,415,300
TAGGACA,361,321
GAGGACA,323,316
CAGGACA,219,215
AAGGACA,281,220
TTCGACA,365,283
GTCGACA,515,437
CTCGACA,264,223
ATCGACA,340,275
TGCGACA,1073,953
GGCGACA,705,597
CGCGACA,579,502
AGCGACA,516,429
TCCGACA,304,247
GCCGACA,696,517
CCCGACA,318,239
ACCGACA,398,325
TACGACA,509,507
GACGACA,483,390
CACGACA,294,260
AACGACA,353,292
TTAGACA,306,231
GTAGACA,592,525
CTAGACA,221,212
ATAGACA,336,339
TGAGACA,385,346
GGAGACA,331,294
CGAGACA,337,333
AGAGACA,294,256
TCAGACA,199,160
GCAGACA,603,484
CCAGACA,215,161
ACAGACA,319,245
TAAGACA,282,206
GAAGACA,272,214
CAAGACA,196,161
AAAGACA,227,184
TTTCACA,204,178
GTTCACA,527,398
CTTCACA,207,147
ATTCACA,293,263
TGTCACA,2469,2108
GGTCACA,534,402
CGTCACA,731,559
AGTCACA,580,500
TCTCACA,213,167
GCTCACA,540,473
CCTCACA,280,220
ACTCACA,545,423
TATCACA,750,639
GATCACA,568,425
CATCACA,467,349
AATCACA,442,358
TTGCACA,1552,1372
GTGCACA,2385,2013
CTGCACA,971,795
ATGCACA,1652,1378
TGGCACA,1029,773
GGGCACA,910,704
CGGCACA,664,492
AGGCACA,747,616
TCGCACA,998,758
GCGCACA,1876,1702
CCGCACA,955,850
ACGCACA,943,833
TAGCACA,793,664
GAGCACA,636,555
CAGCACA,429,395
AAGCACA,559,497
TTCCACA,214,187
GTCCACA,566,472
CTCCACA,147,108
ATCCACA,287,248
TGCCACA,2131,1836
GGCCACA,1015,769
CGCCACA,1307,1116
AGCCACA,899,726
TCCCACA,212,198
GCCCACA,569,486
CCCCACA,223,194
ACCCACA,282,258
TACCACA,572,447
GACCACA,452,358
CACCACA,291,254
AACCACA,274,219
TTACACA,293,252
GTACACA,1457,1167
CTACACA,290,243
ATACACA,668,560
TGACACA,731,553
GGACACA,457,386
CGACACA,463,343
AGACACA,510,352
TCACACA,264,200
GCACACA,938,770
CCACACA,290,263
ACACACA,570,509
TAACACA,362,290
GAACACA,486,375
CAACACA,421,321
AAACACA,452,400
TTTAACA,257,222
GTTAACA,985,721
CTTAACA,279,230
ATTAACA,408,349
TGTAACA,1455,1172
GGTAACA,782,662
CGTAACA,618,495
AGTAACA,672,579
TCTAACA,226,169
GCTAACA,954,755
CCTAACA,344,305
ACTAACA,1408,1147
TATAACA,534,426
GATAACA,969,812
CATAACA,883,717
AATAACA,1036,828
TTGAACA,417,334
GTGAACA,826,715
CTGAACA,320,288
ATGAACA,411,346
TGGAACA,425,387
GGGAACA,389,327
CGGAACA,324,289
AGGAACA,292,271
TCGAACA,354,281
GCGAACA,792,629
CCGAACA,365,250
ACGAACA,399,305
TAGAACA,366,337
GAGAACA,284,239
CAGAACA,238,179
AAGAACA,198,171
TTCAACA,260,213
GTCAACA,2668,2157
CTCAACA,272,218
ATCAACA,789,650
TGCAACA,3943,3461
GGCAACA,2041,1718
CGCAACA,2610,2148
AGCAACA,1831,1442
TCCAACA,251,183
GCCAACA,953,818
CCCAACA,490,413
ACCAACA,1466,1172
TACAACA,769,649
GACAACA,1763,1504
CACAACA,1409,1109
AACAACA,1566,1215
TTAAACA,291,264
GTAAACA,4041,3645
CTAAACA,1023,868
ATAAACA,1665,1294
TGAAACA,368,309
GGAAACA,582,435
CGAAACA,467,380
AGAAACA,382,335
TCAAACA,341,275
GCAAACA,2046,1694
CCAAACA,825,705
ACAAACA,2107,1658
TAAAACA,340,254
GAAAACA,885,747
CAAAACA,904,760
AAAAACA,767,619
TTTTTAA,89,60
GTTTTAA,662,514
CTTTTAA,121,91
ATTTTAA,170,134
TGTTTAA,3201,2646
GGTTTAA,518,405
CGTTTAA,527,435
AGTTTAA,627,541
TCTTTAA,128,108
GCTTTAA,365,271
CCTTTAA,143,119
ACTTTAA,148,114
TATTTAA,1084,812
GATTTAA,268,243
CATTTAA,185,134
AATTTAA,223,192
TTGTTAA,1673,1384
GTGTTAA,1428,1212
CTGTTAA,816,617
ATGTTAA,911,762
TGGTTAA,348,328
GGGTTAA,278,179
CGGTTAA,327,231
AGGTTAA,224,208
TCGTTAA,270,209
GCGTTAA,763,621
CCGTTAA,307,208
ACGTTAA,288,240
TAGTTAA,295,270
GAGTTAA,253,193
CAGTTAA,219,184
AAGTTAA,234,181
TTCTTAA,94,71
GTCTTAA,248,189
CTCTTAA,92,84
ATCTTAA,131,93
TGCTTAA,968,770
GGCTTAA,270,217
CGCTTAA,228,199
AGCTTAA,219,206
TCCTTAA,115,94
GCCTTAA,417,364
CCCTTAA,154,122
ACCTTAA,149,132
TACTTAA,208,188
GACTTAA,162,124
CACTTAA,110,118
AACTTAA,133,88
TTATTAA,374,293
GTATTAA,627,577
CTATTAA,259,206
ATATTAA,279,233
TGATTAA,495,414
GGATTAA,202,131
CGATTAA,293,196
AGATTAA,174,159
TCATTAA,116,94
GCATTAA,1143,946
CCATTAA,165,104
ACATTAA,210,200
TAATTAA,246,187
GAATTAA,158,155
CAATTAA,162,131
AAATTAA,139,116
TTTGTAA,790,632
GTTGTAA,2203,1895
CTTGTAA,488,373
ATTGTAA,911,804
TGTGTAA,3389,2857
GGTGTAA,1275,1021
CGTGTAA,792,673
AGTGTAA,1164,1018
TCTGTAA,386,313
GCTGTAA,741,600
CCTGTAA,427,319
ACTGTAA,443,367
TATGTAA,1308,1006
GATGTAA,909,793
CATGTAA,413,379
AATGTAA,615,516
TTGGTAA,566,453
GTGGTAA,970,825
CTGGTAA,346,283
ATGGTAA,499,421
TGGGTAA,523,442
GGGGTAA,410,380
CGGGTAA,347,292
AGGGTAA,343,265
TCGGTAA,393,352
GCGGTAA,847,700
CCGGTAA,340,318
ACGGTAA,389,339
TAGGTAA,512,413
GAGGTAA,387,342
CAGGTAA,255,213
AAGGTAA,293,229
TTCGTAA,504,422
GTCGTAA,815,673
CTCGTAA,318,296
ATCGTAA,444,396
TGCGTAA,1553,1345
GGCGTAA,719,588
CGCGTAA,557,483
AGCGTAA,542,517
TCCGTAA,424,372
GCCGTAA,841,670
CCCGTAA,389,312
ACCGTAA,406,338
TACGTAA,819,714
GACGTAA,681,566
CACGTAA,296,265
AACGTAA,357,281
TTAGTAA,414,304
GTAGTAA,672,542
CTAGTAA,286,212
ATAGTAA,315,252
TGAGTAA,456,340
GGAGTAA,345,262
CGAGTAA,430,353
AGAGTAA,252,252
TCAGTAA,225,204
GCAGTAA,672,561
CCAGTAA,268,202
ACAGTAA,310,246
TAAGTAA,301,264
GAAGTAA,313,268
CAAGTAA,232,182
AAAGTAA,270,229
TTTCTAA,159,113
GTTCTAA,311,244
CTTCTAA,124,122
ATTCTAA,185,154
TGTCTAA,1971,1537
GGTCTAA,312,294
CGTCTAA,252,213
AGTCTAA,297,260
TCTCTAA,152,99
GCTCTAA,324,212
CCTCTAA,145,127
ACTCTAA,154,114
TATCTAA,337,314
GATCTAA,220,198
CATCTAA,137,118
AATCTAA,130,111
TTGCTAA,406,349
GTGCTAA,538,470
CTGCTAA,239,213
ATGCTAA,533,519
TGGCTAA,288,270
GGGCTAA,330,262
CGGCTAA,187,174
AGGCTAA,332,244
TCGCTAA,235,205
GCGCTAA,725,664
CCGCTAA,242,169
ACGCTAA,319,259
TAGCTAA,190,195
GAGCTAA,215,170
CAGCTAA,142,142
AAGCTAA,170,134
TTCCTAA,169,129
GTCCTAA,286,251
CTCCTAA,113,93
ATCCTAA,146,145
TGCCTAA,548,447
GGCCTAA,348,277
CGCCTAA,235,208
AGCCTAA,261,208
TCCCTAA,191,118
GCCCTAA,345,300
CCCCTAA,161,111
ACCCTAA,186,167
TACCTAA,402,312
GACCTAA,270,196
CACCTAA,148,106
AACCTAA,132,116
TTACTAA,174,115
GTACTAA,293,256
CTACTAA,136,119
ATACTAA,241,205
TGACTAA,201,195
GGACTAA,192,165
CGACTAA,168,149
AGACTAA,179,142
TCACTAA,124,78
GCACTAA,482,411
CCACTAA,150,137
ACACTAA,272,207
TAACTAA,143,89
GAACTAA,169,155
CAACTAA,156,122
AAACTAA,152,149
TTTATAA,219,158
GTTATAA,687,554
CTTATAA,177,144
ATTATAA,256,231
TGTATAA,2957,2335
GGTATAA,646,561
CGTATAA,504,439
AGTATAA,701,561
TCTATAA,139,134
GCTATAA,455,358
CCTATAA,167,152
ACTATAA,233,160
TATATAA,433,383
GATATAA,420,363
CATATAA,197,167
AATATAA,209,163
TTGATAA,387,322
GTGATAA,750,602
CTGATAA,232,216
ATGATAA,391,314
TGGATAA,335,320
GGGATAA,298,244
CGGATAA,195,167
AGGATAA,166,179
TCGATAA,275,227
GCGATAA,612,569
CCGATAA,210,167
ACGATAA,254,229
TAGATAA,337,248
GAGATAA,241,178
CAGATAA,160,124
AAGATAA,158,130
TTCATAA,204,162
GTCATAA,401,339
CTCATAA,182,117
ATCATAA,248,191
TGCATAA,956,794
GGCATAA,453,377
CGCATAA,411,356
AGCATAA,380,328
TCCATAA,188,157
GCCATAA,1006,891
CCCATAA,170,114
ACCATAA,233,221
TACATAA,511,433
GACATAA,468,375
CACATAA,164,127
AACATAA,213,177
TTAATAA,212,169
GTAATAA,451,382
CTAATAA,171,132
ATAATAA,254,177
TGAATAA,236,193
GGAATAA,223,139
CGAATAA,216,179
AGAATAA,156,111
TCAATAA,148,122
GCAATAA,1174,1060
CCAATAA,180,144
ACAATAA,307,300
TAAATAA,220,177
GAAATAA,219,177
CAAATAA,193,187
AAAATAA,199,156
TTTTGAA,117,125
GTTTGAA,885,675
CTTTGAA,154,101
ATTTGAA,204,201
TGTTGAA,2362,2020
GGTTGAA,371,280
CGTTGAA,296,250
AGTTGAA,422,290
TCTTGAA,126,101
GCTTGAA,379,314
CCTTGAA,143,113
ACTTGAA,145,141
TATTGAA,509,382
GATTGAA,259,207
CATTGAA,159,126
AATTGAA,179,136
TTGTGAA,615,519
GTGTGAA,712,607
CTGTGAA,340,314
ATGTGAA,457,361
TGGTGAA,341,239
GGGTGAA,290,255
CGGTGAA,237,202
AGGTGAA,194,225
TCGTGAA,212,179
GCGTGAA,929,846
CCGTGAA,239,187
ACGTGAA,250,232
TAGTGAA,268,234
GAGTGAA,276,218
CAGTGAA,168,151
AAGTGAA,204,149
TTCTGAA,110,89
GTCTGAA,190,163
CTCTGAA,94,81
ATCTGAA,128,110
TGCTGAA,361,326
GGCTGAA,210,179
CGCTGAA,211,138
AGCTGAA,168,136
TCCTGAA,91,94
GCCTGAA,358,295
CCCTGAA,154,99
ACCTGAA,181,123
TACTGAA,201,162
GACTGAA,187,144
CACTGAA,123,94
AACTGAA,125,96
TTATGAA,205,159
GTATGAA,431,349
CTATGAA,196,158
ATATGAA,230,194
TGATGAA,306,217
GGATGAA,215,167
CGATGAA,238,180
AGATGAA,194,182
TCATGAA,156,110
GCATGAA,606,495
CCATGAA,170,132
ACATGAA,225,167
TAATGAA,164,127
GAATGAA,178,168
CAATGAA,119,114
AAATGAA,132,109
TTTGGAA,164,122
GTTGGAA,368,323
CTTGGAA,131,88
ATTGGAA,190,158
TGTGGAA,621,539
GGTGGAA,278,197
CGTGGAA,200,165
AGTGGAA,241,187
TCTGGAA,122,94
GCTGGAA,315,262
CCTGGAA,131,85
ACTGGAA,176,123
TATGGAA,233,177
GATGGAA,201,199
CATGGAA,128,111
AATGGAA,152,114
TTGGGAA,185,153
GTGGGAA,375,335
CTGGGAA,151,112
ATGGGAA,190,158
TGGGGAA,252,214
GGGGGAA,266,217
CGGGGAA,192,149
AGGGGAA,136,126
TCGGGAA,130,148
GCGGGAA,507,409
CCGGGAA,138,143
ACGGGAA,187,158
TAGGGAA,195,162
GAGGGAA,235,149
CAGGGAA,97,86
AAGGGAA,115,97
TTCGGAA,149,114
GTCGGAA,174,185
CTCGGAA,116,98
ATCGGAA,155,117
TGCGGAA,318,286
GGCGGAA,248,211
CGCGGAA,193,131
AGCGGAA,131,147
TCCGGAA,114,98
GCCGGAA,333,303
CCCGGAA,99,102
ACCGGAA,163,117
TACGGAA,247,197
GACGGAA,207,156
CACGGAA,102,129
AACGGAA,124,96
TTAGGAA,114,68
GTAGGAA,161,138
CTAGGAA,83,86
ATAGGAA,129,94
TGAGGAA,173,123
GGAGGAA,128,123
CGAGGAA,141,126
AGAGGAA,120,89
TCAGGAA,101,75
GCAGGAA,277,282
CCAGGAA,95,80
ACAGGAA,136,107
TAAGGAA,107,109
GAAGGAA,118,80
CAAGGAA,80,82
AAAGGAA,99,97
TTTCGAA,141,152
GTTCGAA,271,249
CTTCGAA,113,97
ATTCGAA,187,151
TGTCGAA,555,465
GGTCGAA,252,215
CGTCGAA,158,125
AGTCGAA,214,194
TCTCGAA,117,106
GCTCGAA,298,263
CCTCGAA,133,121
ACTCGAA,146,146
TATCGAA,235,191
GATCGAA,203,156
CATCGAA,144,144
AATCGAA,150,85
TTGCGAA,363,294
GTGCGAA,499,426
CTGCGAA,240,168
ATGCGAA,585,509
TGGCGAA,340,284
GGGCGAA,359,321
CGGCGAA,225,193
AGGCGAA,341,289
TCGCGAA,193,144
GCGCGAA,692,579
CCGCGAA,186,183
ACGCGAA,295,229
TAGCGAA,220,155
GAGCGAA,217,186
CAGCGAA,133,137
AAGCGAA,219,159
TTCCGAA,158,111
GTCCGAA,236,197
CTCCGAA,103,84
ATCCGAA,126,123
TGCCGAA,332,281
GGCCGAA,236,186
CGCCGAA,175,122
AGCCGAA,164,141
TCCCGAA,128,127
GCCCGAA,341,257
CCCCGAA,125,127
ACCCGAA,145,113
TACCGAA,287,199
GACCGAA,204,161
CACCGAA,120,106
AACCGAA,135,114
TTACGAA,167,133
GTACGAA,256,223
CTACGAA,109,111
ATACGAA,204,176
TGACGAA,184,144
GGACGAA,151,157
CGACGAA,120,118
AGACGAA,171,119
TCACGAA,129,107
GCACGAA,436,351
CCACGAA,145,119
ACACGAA,202,177
TAACGAA,150,131
GAACGAA,160,133
CAACGAA,128,112
AAACGAA,178,119
TTTAGAA,92,101
GTTAGAA,303,257
CTTAGAA,107,95
ATTAGAA,142,139
TGTAGAA,492,380
GGTAGAA,187,160
CGTAGAA,150,149
AGTAGAA,204,123
TCTAGAA,70,82
GCTAGAA,311,270
CCTAGAA,109,86
ACTAGAA,139,112
TATAGAA,181,149
GATAGAA,196,171
CATAGAA,124,98
AATAGAA,121,84
TTGAGAA,181,171
GTGAGAA,302,256
CTGAGAA,128,109
ATGAGAA,178,151
TGGAGAA,188,136
GGGAGAA,172,182
CGGAGAA,125,127
AGGAGAA,109,96
TCGAGAA,141,129
GCGAGAA,357,328
CCGAGAA,139,119
ACGAGAA,157,111
TAGAGAA,154,132
GAGAGAA,134,117
CAGAGAA,94,81
AAGAGAA,88,76
TTCAGAA,89,79
GTCAGAA,161,116
CTCAGAA,96,62
ATCAGAA,115,75
TGCAGAA,224,191
GGCAGAA,151,168
CGCAGAA,154,119
AGCAGAA,116,95
TCCAGAA,83,73
GCCAGAA,233,171
CCCAGAA,125,73
ACCAGAA,128,93
TACAGAA,188,151
GACAGAA,171,153
CACAGAA,111,78
AACAGAA,115,105
TTAAGAA,103,86
GTAAGAA,160,143
CTAAGAA,108,90
ATAAGAA,130,88
TGAAGAA,104,102
GGAAGAA,120,121
CGAAGAA,119,93
AGAAGAA,87,85
TCAAGAA,91,69
GCAAGAA,252,234
CCAAGAA,94,66
ACAAGAA,144,139
TAAAGAA,85,81
GAAAGAA,99,91
CAAAGAA,80,77
AAAAGAA,88,78
TTTTCAA,138,86
GTTTCAA,469,381
CTTTCAA,150,101
ATTTCAA,198,132
TGTTCAA,417,333
GGTTCAA,211,200
CGTTCAA,184,137
AGTTCAA,174,176
TCTTCAA,122,75
GCTTCAA,317,246
CCTTCAA,142,103
ACTTCAA,135,105
TATTCAA,222,159
GATTCAA,193,190
CATTCAA,119,99
AATTCAA,140,129
TTGTCAA,599,549
GTGTCAA,1012,871
CTGTCAA,447,350
ATGTCAA,609,476
TGGTCAA,241,198
GGGTCAA,256,224
CGGTCAA,185,142
AGGTCAA,197,147
TCGTCAA,280,189
GCGTCAA,781,635
CCGTCAA,265,237
ACGTCAA,290,247
TAGTCAA,235,193
GAGTCAA,277,252
CAGTCAA,143,183
AAGTCAA,175,159
TTCTCAA,108,80
GTCTCAA,286,209
CTCTCAA,116,98
ATCTCAA,165,105
TGCTCAA,256,189
GGCTCAA,225,158
CGCTCAA,161,150
AGCTCAA,140,122
TCCTCAA,117,99
GCCTCAA,622,496
CCCTCAA,166,105
ACCTCAA,161,127
TACTCAA,204,153
GACTCAA,223,185
CACTCAA,164,106
AACTCAA,125,116
TTATCAA,227,179
GTATCAA,852,716
CTATCAA,178,146
ATATCAA,298,235
TGATCAA,204,155
GGATCAA,193,154
CGATCAA,218,141
AGATCAA,142,148
TCATCAA,151,127
GCATCAA,2289,1865
CCATCAA,193,145
ACATCAA,321,274
TAATCAA,139,121
GAATCAA,238,197
CAATCAA,184,178
AAATCAA,162,150
TTTGCAA,3149,2582
GTTGCAA,5417,4621
CTTGCAA,2075,1725
ATTGCAA,3142,2652
TGTGCAA,4630,3939
GGTGCAA,3695,3128
CGTGCAA,2879,2285
AGTGCAA,3364,2778
TCTGCAA,2072,1747
GCTGCAA,2730,2435
CCTGCAA,1663,1417
ACTGCAA,1726,1488
TATGCAA,2994,2518
GATGCAA,5022,4217
CATGCAA,1758,1490
AATGCAA,3043,2480
TTGGCAA,1972,1790
GTGGCAA,3527,2895
CTGGCAA,1506,1276
ATGGCAA,1908,1557
TGGGCAA,1771,1465
GGGGCAA,1582,1361
CGGGCAA,1493,1308
AGGGCAA,1263,993
TCGGCAA,1451,1281
GCGGCAA,2847,2370
CCGGCAA,1306,1195
ACGGCAA,1431,1199
TAGGCAA,1564,1257
GAGGCAA,1767,1501
CAGGCAA,974,779
AAGGCAA,1359,1125
TTCGCAA,2209,1900
GTCGCAA,2804,2220
CTCGCAA,1629,1278
ATCGCAA,2045,1821
TGCGCAA,3750,3179
GGCGCAA,3218,2765
CGCGCAA,2857,2331
AGCGCAA,2830,2389
TCCGCAA,2401,2002
GCCGCAA,3534,2989
CCCGCAA,1976,1702
ACCGCAA,1996,1600
TACGCAA,2437,2089
GACGCAA,2434,1939
CACGCAA,1726,1339
AACGCAA,1932,1614
TTAGCAA,1805,1521
GTAGCAA,2013,1737
CTAGCAA,1206,989
ATAGCAA,1255,1139
TGAGCAA,1778,1401
GGAGCAA,1458,1137
CGAGCAA,1510,1259
AGAGCAA,1154,1017
TCAGCAA,1061,906
GCAGCAA,1994,1672
CCAGCAA,951,867
ACAGCAA,1043,881
TAAGCAA,1521,1224
GAAGCAA,1237,1045
CAAGCAA,928,830
AAAGCAA,1301,1139
TTTCCAA,196,150
GTTCCAA,406,338
CTTCCAA,146,128
ATTCCAA,233,183
TGTCCAA,626,503
GGTCCAA,273,246
CGTCCAA,178,135
AGTCCAA,257,157
TCTCCAA,101,105
GCTCCAA,327,298
CCTCCAA,145,133
ACTCCAA,193,129
TATCCAA,297,263
GATCCAA,286,243
CATCCAA,182,138
AATCCAA,148,126
TTGCCAA,749,624
GTGCCAA,1278,1085
CTGCCAA,491,421
ATGCCAA,1009,804
TGGCCAA,665,583
GGGCCAA,638,591
CGGCCAA,414,326
AGGCCAA,546,483
TCGCCAA,568,508
GCGCCAA,1357,1142
CCGCCAA,659,544
ACGCCAA,623,535
TAGCCAA,539,439
GAGCCAA,452,401
CAGCCAA,331,271
AAGCCAA,360,300
TTCCCAA,202,166
GTCCCAA,360,277
CTCCCAA,147,99
ATCCCAA,196,186
TGCCCAA,455,352
GGCCCAA,334,295
CGCCCAA,244,181
AGCCCAA,189,190
TCCCCAA,182,145
GCCCCAA,533,459
CCCCCAA,153,137
ACCCCAA,202,166
TACCCAA,385,327
GACCCAA,334,254
CACCCAA,167,121
AACCCAA,183,154
TTACCAA,207,169
GTACCAA,470,341
CTACCAA,146,134
ATACCAA,292,243
TGACCAA,231,164
GGACCAA,269,216
CGACCAA,213,138
AGACCAA,188,182
TCACCAA,131,137
GCACCAA,636,553
CCACCAA,191,155
ACACCAA,273,253
TAACCAA,187,153
GAACCAA,301,222
CAACCAA,165,124
AAACCAA,206,183
TTTACAA,330,210
GTTACAA,1336,1089
CTTACAA,225,182
ATTACAA,411,375
TGTACAA,816,716
GGTACAA,684,577
CGTACAA,283,256
AGTACAA,527,439
TCTACAA,210,153
GCTACAA,664,592
CCTACAA,197,144
ACTACAA,360,329
TATACAA,629,635
GATACAA,1636,1358
CATACAA,339,300
AATACAA,538,424
TTGACAA,503,420
GTGACAA,1260,965
CTGACAA,282,269
ATGACAA,529,469
TGGACAA,453,355
GGGACAA,551,444
CGGACAA,268,214
AGGACAA,299,217
TCGACAA,298,294
GCGACAA,859,770
CCGACAA,243,206
ACGACAA,389,344
TAGACAA,547,424
GAGACAA,394,366
CAGACAA,176,153
AAGACAA,293,235
TTCACAA,281,235
GTCACAA,882,777
CTCACAA,213,182
ATCACAA,317,246
TGCACAA,607,469
GGCACAA,460,368
CGCACAA,289,248
AGCACAA,378,293
TCCACAA,239,186
GCCACAA,4309,3502
CCCACAA,208,161
ACCACAA,369,280
TACACAA,966,795
GACACAA,961,840
CACACAA,256,224
AACACAA,387,312
TTAACAA,277,252
GTAACAA,2309,1922
CTAACAA,371,300
ATAACAA,556,463
TGAACAA,296,208
GGAACAA,322,210
CGAACAA,257,216
AGAACAA,232,215
TCAACAA,259,222
GCAACAA,5719,4779
CCAACAA,313,281
ACAACAA,1584,1306
TAAACAA,575,468
GAAACAA,810,621
CAAACAA,848,731
AAAACAA,758,673
TTTTAAA,129,90
GTTTAAA,576,463
CTTTAAA,110,81
ATTTAAA,184,153
TGTTAAA,444,322
GGTTAAA,214,163
CGTTAAA,176,117
AGTTAAA,188,151
TCTTAAA,100,85
GCTTAAA,367,298
CCTTAAA,154,92
ACTTAAA,157,121
TATTAAA,185,152
GATTAAA,153,150
CATTAAA,96,71
AATTAAA,133,96
TTGTAAA,694,580
GTGTAAA,854,735
CTGTAAA,391,325
ATGTAAA,627,475
TGGTAAA,294,252
GGGTAAA,243,225
CGGTAAA,261,215
AGGTAAA,260,164
TCGTAAA,248,195
GCGTAAA,610,534
CCGTAAA,235,189
ACGTAAA,371,274
TAGTAAA,252,207
GAGTAAA,237,178
CAGTAAA,164,158
AAGTAAA,195,167
TTCTAAA,111,102
GTCTAAA,288,230
CTCTAAA,101,99
ATCTAAA,158,127
TGCTAAA,258,201
GGCTAAA,232,153
CGCTAAA,145,142
AGCTAAA,139,106
TCCTAAA,111,99
GCCTAAA,376,314
CCCTAAA,148,123
ACCTAAA,208,159
TACTAAA,222,163
GACTAAA,157,136
CACTAAA,124,86
AACTAAA,105,76
TTATAAA,152,126
GTATAAA,445,381
CTATAAA,135,116
ATATAAA,188,155
TGATAAA,176,143
GGATAAA,164,123
CGATAAA,173,151
AGATAAA,162,157
TCATAAA,118,99
GCATAAA,512,395
CCATAAA,108,138
ACATAAA,271,237
TAATAAA,131,90
GAATAAA,146,117
CAATAAA,110,94
AAATAAA,191,154
TTTGAAA,239,193
GTTGAAA,474,453
CTTGAAA,195,147
ATTGAAA,286,240
TGTGAAA,444,407
GGTGAAA,373,289
CGTGAAA,259,227
AGTGAAA,290,248
TCTGAAA,166,138
GCTGAAA,409,341
CCTGAAA,172,150
ACTGAAA,188,176
TATGAAA,265,235
GATGAAA,261,249
CATGAAA,185,140
AATGAAA,198,148
TTGGAAA,254,221
GTGGAAA,413,360
CTGGAAA,180,155
ATGGAAA,284,215
TGGGAAA,292,276
GGGGAAA,297,251
CGGGAAA,215,192
AGGGAAA,220,185
TCGGAAA,200,155
GCGGAAA,630,538
CCGGAAA,173,153
ACGGAAA,227,213
TAGGAAA,241,189
GAGGAAA,184,143
CAGGAAA,127,121
AAGGAAA,162,114
TTCGAAA,251,175
GTCGAAA,338,289
CTCGAAA,191,146
ATCGAAA,225,219
TGCGAAA,466,396
GGCGAAA,351,320
CGCGAAA,292,240
AGCGAAA,300,242
TCCGAAA,211,181
GCCGAAA,469,430
CCCGAAA,177,142
ACCGAAA,253,187
TACGAAA,347,272
GACGAAA,287,256
CACGAAA,133,136
AACGAAA,181,162
TTAGAAA,148,140
GTAGAAA,232,173
CTAGAAA,140,123
ATAGAAA,132,130
TGAGAAA,174,194
GGAGAAA,203,177
CGAGAAA,207,191
AGAGAAA,184,131
TCAGAAA,114,101
GCAGAAA,357,319
CCAGAAA,108,108
ACAGAAA,194,138
TAAGAAA,156,94
GAAGAAA,150,134
CAAGAAA,128,96
AAAGAAA,132,100
TTTCAAA,177,135
GTTCAAA,267,258
CTTCAAA,139,121
ATTCAAA,200,173
TGTCAAA,370,313
GGTCAAA,211,175
CGTCAAA,137,117
AGTCAAA,169,160
TCTCAAA,104,110
GCTCAAA,303,263
CCTCAAA,148,115
ACTCAAA,152,110
TATCAAA,280,209
GATCAAA,203,173
CATCAAA,119,105
AATCAAA,120,118
TTGCAAA,731,605
GTGCAAA,1146,891
CTGCAAA,469,401
ATGCAAA,833,698
TGGCAAA,508,419
GGGCAAA,485,427
CGGCAAA,378,340
AGGCAAA,396,360
TCGCAAA,473,425
GCGCAAA,1021,875
CCGCAAA,515,437
ACGCAAA,586,474
TAGCAAA,392,387
GAGCAAA,420,329
CAGCAAA,292,238
AAGCAAA,359,250
TTCCAAA,157,123
GTCCAAA,261,221
CTCCAAA,113,77
ATCCAAA,141,105
TGCCAAA,412,315
GGCCAAA,255,210
CGCCAAA,168,124
AGCCAAA,160,139
TCCCAAA,130,121
GCCCAAA,377,261
CCCCAAA,125,105
ACCCAAA,210,135
TACCAAA,320,282
GACCAAA,209,184
CACCAAA,108,91
AACCAAA,115,97
TTACAAA,139,130
GTACAAA,284,272
CTACAAA,132,121
ATACAAA,429,311
TGACAAA,177,136
GGACAAA,172,162
CGACAAA,154,146
AGACAAA,256,182
TCACAAA,126,111
GCACAAA,521,480
CCACAAA,125,118
ACACAAA,399,332
TAACAAA,134,129
GAACAAA,147,152
CAACAAA,197,140
AAACAAA,432,362
TTTAAAA,137,116
GTTAAAA,239,188
CTTAAAA,138,107
ATTAAAA,164,112
TGTAAAA,256,211
GGTAAAA,181,129
CGTAAAA,163,122
AGTAAAA,144,131
TCTAAAA,96,93
GCTAAAA,298,261
CCTAAAA,131,119
ACTAAAA,140,130
TATAAAA,155,121
GATAAAA,170,141
CATAAAA,80,90
AATAAAA,113,93
TTGAAAA,177,152
GTGAAAA,271,212
CTGAAAA,136,100
ATGAAAA,163,121
TGGAAAA,137,124
GGGAAAA,148,101
CGGAAAA,143,109
AGGAAAA,83,86
TCGAAAA,101,90
GCGAAAA,349,303
CCGAAAA,126,86
ACGAAAA,140,114
TAGAAAA,127,108
GAGAAAA,106,68
CAGAAAA,88,55
AAGAAAA,95,81
TTCAAAA,116,93
GTCAAAA,198,139
CTCAAAA,109,90
ATCAAAA,131,107
TGCAAAA,269,233
GGCAAAA,204,166
CGCAAAA,170,144
AGCAAAA,172,118
TCCAAAA,89,88
GCCAAAA,308,262
CCCAAAA,102,103
ACCAAAA,180,125
TACAAAA,296,209
GACAAAA,269,182
CACAAAA,101,105
AACAAAA,169,141
TTAAAAA,102,74
GTAAAAA,147,126
CTAAAAA,101,81
ATAAAAA,106,87
TGAAAAA,101,110
GGAAAAA,95,81
CGAAAAA,141,88
AGAAAAA,86,66
TCAAAAA,79,65
GCAAAAA,327,290
CCAAAAA,96,86
ACAAAAA,162,130
TAAAAAA,83,72
GAAAAAA,105,81
CAAAAAA,83,60
AAAAAAA,79,43
