sequence,Rep1_Count,Rep2_Count
AAAAAAA,410,232
AAAAAAC,688,465
AAAAAAG,535,332
AAAAAAT,507,319
AAAAACA,677,422
AAAAACC,843,490
AAAAACG,717,482
AAAAACT,581,409
AAAAAGA,488,305
AAAAAGC,799,511
AAAAAGG,680,435
AAAAAGT,588,368
AAAAATA,565,302
AAAAATC,660,435
AAAAATG,536,351
AAAAATT,505,346
AAAACAA,620,383
AAAACAC,876,625
AAAACAG,707,442
AAAACAT,707,453
AAAACCA,879,506
AAAACCC,855,571
AAAACCG,802,525
AAAACCT,700,447
AAAACGA,688,436
AAAACGC,1072,662
AAAACGG,862,573
AAAACGT,749,497
AAAACTA,640,387
AAAACTC,771,478
AAAACTG,584,378
AAAACTT,581,409
AAAAGAA,482,243
AAAAGAC,698,436
AAAAGAG,520,322
AAAAGAT,576,332
AAAAGCA,817,492
AAAAGCC,907,595
AAAAGCG,752,534
AAAAGCT,650,441
AAAAGGA,731,420
AAAAGGC,1010,622
AAAAGGG,782,494
AAAAGGT,709,457
AAAAGTA,564,418
AAAAGTC,756,458
AAAAGTG,552,378
AAAAGTT,615,411
AAAATAA,515,317
AAAATAC,679,476
AAAATAG,533,306
AAAATAT,483,355
AAAATCA,684,422
AAAATCC,798,500
AAAATCG,687,434
AAAATCT,627,382
AAAATGA,501,346
AAAATGC,778,464
AAAATGG,623,404
AAAATGT,578,357
AAAATTA,518,312
AAAATTC,610,386
AAAATTG,484,319
AAAATTT,480,297
AAACAAA,583,373
AAACAAC,896,513
AAACAAG,668,451
AAACAAT,735,462
AAACACA,917,572
AAACACC,1048,664
AAACACG,888,535
AAACACT,779,517
AAACAGA,666,372
AAACAGC,965,565
AAACAGG,894,491
AAACAGT,669,412
AAACATA,665,411
AAACATC,844,502
AAACATG,662,450
AAACATT,651,405
AAACCAA,708,407
AAACCAC,995,651
AAACCAG,761,511
AAACCAT,732,435
AAACCCA,914,521
AAACCCC,966,638
AAACCCG,922,545
AAACCCT,790,458
AAACCGA,827,490
AAACCGC,1089,668
AAACCGG,881,595
AAACCGT,824,595
AAACCTA,652,431
AAACCTC,846,531
AAACCTG,617,416
AAACCTT,609,420
AAACGAA,653,419
AAACGAC,888,584
AAACGAG,683,457
AAACGAT,693,453
AAACGCA,999,595
AAACGCC,1128,676
AAACGCG,1035,552
AAACGCT,789,543
AAACGGA,839,518
AAACGGC,1214,756
AAACGGG,902,590
AAACGGT,820,517
AAACGTA,740,488
AAACGTC,927,611
AAACGTG,704,493
AAACGTT,731,423
AAACTAA,574,356
AAACTAC,696,480
AAACTAG,619,398
AAACTAT,569,350
AAACTCA,778,475
AAACTCC,837,504
AAACTCG,661,470
AAACTCT,615,407
AAACTGA,551,373
AAACTGC,758,493
AAACTGG,690,407
AAACTGT,599,403
AAACTTA,575,358
AAACTTC,728,490
AAACTTG,549,372
AAACTTT,496,317
AAAGAAA,449,295
AAAGAAC,623,499
AAAGAAG,569,342
AAAGAAT,600,344
AAAGACA,722,417
AAAGACC,858,529
AAAGACG,675,408
AAAGACT,635,438
AAAGAGA,485,298
AAAGAGC,772,491
AAAGAGG,624,400
AAAGAGT,632,370
AAAGATA,585,354
AAAGATC,696,463
AAAGATG,521,313
AAAGATT,498,331
AAAGCAA,768,507
AAAGCAC,1091,719
AAAGCAG,782,500
AAAGCAT,818,520
AAAGCCA,966,596
AAAGCCC,1064,698
AAAGCCG,857,526
AAAGCCT,865,575
AAAGCGA,821,515
AAAGCGC,1143,679
AAAGCGG,826,607
AAAGCGT,813,552
AAAGCTA,695,428
AAAGCTC,836,548
AAAGCTG,631,416
AAAGCTT,654,414
AAAGGAA,714,454
AAAGGAC,884,583
AAAGGAG,629,372
AAAGGAT,704,414
AAAGGCA,903,602
AAAGGCC,1150,728
AAAGGCG,888,522
AAAGGCT,772,529
AAAGGGA,800,466
AAAGGGC,1085,707
AAAGGGG,841,524
AAAGGGT,855,588
AAAGGTA,720,501
AAAGGTC,941,600
AAAGGTG,618,374
AAAGGTT,683,439
AAAGTAA,661,369
AAAGTAC,786,543
AAAGTAG,527,364
AAAGTAT,557,353
AAAGTCA,832,486
AAAGTCC,809,545
AAAGTCG,685,423
AAAGTCT,689,411
AAAGTGA,533,416
AAAGTGC,848,522
AAAGTGG,652,408
AAAGTGT,631,398
AAAGTTA,607,411
AAAGTTC,733,460
AAAGTTG,512,309
AAAGTTT,512,338
AAATAAA,511,288
AAATAAC,770,481
AAATAAG,600,349
AAATAAT,558,336
AAATACA,749,484
AAATACC,864,612
AAATACG,815,521
AAATACT,606,413
AAATAGA,552,367
AAATAGC,775,504
AAATAGG,706,441
AAATAGT,632,370
AAATATA,577,348
AAATATC,743,440
AAATATG,566,335
AAATATT,546,308
AAATCAA,767,489
AAATCAC,999,585
AAATCAG,790,431
AAATCAT,717,471
AAATCCA,834,476
AAATCCC,894,563
AAATCCG,793,511
AAATCCT,646,437
AAATCGA,694,477
AAATCGC,999,675
AAATCGG,848,546
AAATCGT,766,507
AAATCTA,577,449
AAATCTC,760,459
AAATCTG,612,397
AAATCTT,622,372
AAATGAA,551,388
AAATGAC,746,473
AAATGAG,570,315
AAATGAT,567,350
AAATGCA,829,521
AAATGCC,921,594
AAATGCG,862,570
AAATGCT,670,440
AAATGGA,668,427
AAATGGC,953,546
AAATGGG,747,432
AAATGGT,691,453
AAATGTA,654,427
AAATGTC,781,479
AAATGTG,593,380
AAATGTT,582,341
AAATTAA,568,366
AAATTAC,734,500
AAATTAG,635,362
AAATTAT,525,367
AAATTCA,751,454
AAATTCC,780,466
AAATTCG,716,464
AAATTCT,543,337
AAATTGA,477,333
AAATTGC,736,408
AAATTGG,661,401
AAATTGT,580,359
AAATTTA,508,351
AAATTTC,616,376
AAATTTG,545,354
AAATTTT,488,297
AACAAAA,547,353
AACAAAC,898,566
AACAAAG,661,431
AACAAAT,632,389
AACAACA,872,519
AACAACC,995,608
AACAACG,882,562
AACAACT,701,405
AACAAGA,683,380
AACAAGC,954,639
AACAAGG,838,527
AACAAGT,672,409
AACAATA,591,431
AACAATC,850,511
AACAATG,628,446
AACAATT,595,393
AACACAA,784,543
AACACAC,1134,753
AACACAG,857,565
AACACAT,796,534
AACACCA,1020,591
AACACCC,1192,679
AACACCG,955,607
AACACCT,806,573
AACACGA,824,541
AACACGC,1202,800
AACACGG,1007,641
AACACGT,865,520
AACACTA,767,458
AACACTC,974,572
AACACTG,675,424
AACACTT,727,451
AACAGAA,692,403
AACAGAC,835,536
AACAGAG,648,406
AACAGAT,642,356
AACAGCA,919,609
AACAGCC,985,718
AACAGCG,836,548
AACAGCT,720,474
AACAGGA,793,476
AACAGGC,1070,703
AACAGGG,870,561
AACAGGT,775,509
AACAGTA,728,458
AACAGTC,861,581
AACAGTG,628,426
AACAGTT,657,394
AACATAA,705,416
AACATAC,807,514
AACATAG,623,367
AACATAT,611,369
AACATCA,838,601
AACATCC,906,609
AACATCG,817,563
AACATCT,742,456
AACATGA,678,405
AACATGC,889,575
AACATGG,768,469
AACATGT,683,420
AACATTA,644,395
AACATTC,803,557
AACATTG,571,340
AACATTT,562,362
AACCAAA,654,391
AACCAAC,931,594
AACCAAG,715,422
AACCAAT,694,442
AACCACA,934,601
AACCACC,1071,685
AACCACG,912,602
AACCACT,833,470
AACCAGA,651,462
AACCAGC,944,683
AACCAGG,835,557
AACCAGT,715,435
AACCATA,696,418
AACCATC,881,574
AACCATG,666,475
AACCATT,607,430
AACCCAA,835,508
AACCCAC,1063,698
AACCCAG,805,501
AACCCAT,803,444
AACCCCA,1036,607
AACCCCC,1082,662
AACCCCG,915,562
AACCCCT,798,496
AACCCGA,822,491
AACCCGC,1130,779
AACCCGG,947,574
AACCCGT,841,510
AACCCTA,671,435
AACCCTC,861,574
AACCCTG,651,431
AACCCTT,683,447
AACCGAA,759,442
AACCGAC,926,602
AACCGAG,786,445
AACCGAT,750,389
AACCGCA,1049,707
AACCGCC,1154,812
AACCGCG,975,649
AACCGCT,864,490
AACCGGA,862,539
AACCGGC,1124,783
AACCGGG,994,597
AACCGGT,863,566
AACCGTA,771,467
AACCGTC,1013,640
AACCGTG,706,464
AACCGTT,758,476
AACCTAA,593,420
AACCTAC,730,457
AACCTAG,614,360
AACCTAT,547,363
AACCTCA,903,550
AACCTCC,908,566
AACCTCG,724,496
AACCTCT,689,421
AACCTGA,620,411
AACCTGC,837,546
AACCTGG,695,453
AACCTGT,575,414
AACCTTA,613,407
AACCTTC,770,441
AACCTTG,595,395
AACCTTT,553,380
AACGAAA,649,387
AACGAAC,841,580
AACGAAG,624,338
AACGAAT,663,391
AACGACA,921,552
AACGACC,986,595
AACGACG,775,504
AACGACT,703,470
AACGAGA,705,432
AACGAGC,970,580
AACGAGG,811,523
AACGAGT,805,474
AACGATA,710,417
AACGATC,800,510
AACGATG,574,434
AACGATT,605,343
AACGCAA,987,639
AACGCAC,1319,847
AACGCAG,879,605
AACGCAT,971,630
AACGCCA,1176,771
AACGCCC,1321,847
AACGCCG,961,653
AACGCCT,1044,622
AACGCGA,950,573
AACGCGC,1198,802
AACGCGG,934,637
AACGCGT,948,588
AACGCTA,841,519
AACGCTC,1000,611
AACGCTG,753,449
AACGCTT,723,492
AACGGAA,814,499
AACGGAC,1103,655
AACGGAG,744,482
AACGGAT,743,457
AACGGCA,1127,762
AACGGCC,1237,786
AACGGCG,959,586
AACGGCT,911,625
AACGGGA,957,606
AACGGGC,1210,824
AACGGGG,916,558
AACGGGT,907,569
AACGGTA,899,574
AACGGTC,1040,627
AACGGTG,640,472
AACGGTT,692,490
AACGTAA,797,535
AACGTAC,978,592
AACGTAG,668,415
AACGTAT,670,428
AACGTCA,986,620
AACGTCC,1048,647
AACGTCG,802,527
AACGTCT,741,471
AACGTGA,734,461
AACGTGC,992,636
AACGTGG,779,499
AACGTGT,697,456
AACGTTA,725,482
AACGTTC,856,538
AACGTTG,623,410
AACGTTT,616,468
AACTAAA,576,335
AACTAAC,726,465
AACTAAG,665,412
AACTAAT,576,325
AACTACA,774,439
AACTACC,869,529
AACTACG,835,487
AACTACT,615,434
AACTAGA,633,381
AACTAGC,766,537
AACTAGG,686,481
AACTAGT,605,370
AACTATA,623,303
AACTATC,780,447
AACTATG,601,352
AACTATT,601,338
AACTCAA,806,502
AACTCAC,950,659
AACTCAG,805,479
AACTCAT,722,432
AACTCCA,876,605
AACTCCC,952,612
AACTCCG,903,543
AACTCCT,710,476
AACTCGA,796,475
AACTCGC,1044,646
AACTCGG,892,537
AACTCGT,770,495
AACTCTA,647,404
AACTCTC,794,511
AACTCTG,591,362
AACTCTT,567,393
AACTGAA,641,348
AACTGAC,762,499
AACTGAG,625,372
AACTGAT,577,390
AACTGCA,840,526
AACTGCC,977,615
AACTGCG,862,546
AACTGCT,688,457
AACTGGA,745,423
AACTGGC,909,619
AACTGGG,795,482
AACTGGT,704,451
AACTGTA,616,401
AACTGTC,726,509
AACTGTG,600,392
AACTGTT,562,396
AACTTAA,534,385
AACTTAC,801,499
AACTTAG,613,326
AACTTAT,599,329
AACTTCA,789,513
AACTTCC,805,505
AACTTCG,795,496
AACTTCT,602,393
AACTTGA,564,374
AACTTGC,839,538
AACTTGG,679,378
AACTTGT,610,344
AACTTTA,554,386
AACTTTC,627,440
AACTTTG,573,344
AACTTTT,478,317
AAGAAAA,468,291
AAGAAAC,825,458
AAGAAAG,603,377
AAGAAAT,588,340
AAGAACA,736,480
AAGAACC,895,531
AAGAACG,802,506
AAGAACT,689,397
AAGAAGA,554,370
AAGAAGC,851,510
AAGAAGG,664,434
AAGAAGT,644,424
AAGAATA,555,360
AAGAATC,714,465
AAGAATG,554,374
AAGAATT,546,336
AAGACAA,736,418
AAGACAC,1036,670
AAGACAG,757,496
AAGACAT,746,517
AAGACCA,902,552
AAGACCC,1080,648
AAGACCG,918,587
AAGACCT,746,502
AAGACGA,663,444
AAGACGC,945,688
AAGACGG,794,494
AAGACGT,731,464
AAGACTA,685,444
AAGACTC,782,524
AAGACTG,538,403
AAGACTT,669,410
AAGAGAA,528,328
AAGAGAC,775,496
AAGAGAG,552,368
AAGAGAT,597,346
AAGAGCA,713,461
AAGAGCC,927,502
AAGAGCG,803,482
AAGAGCT,677,453
AAGAGGA,618,408
AAGAGGC,867,624
AAGAGGG,824,516
AAGAGGT,691,511
AAGAGTA,688,396
AAGAGTC,752,446
AAGAGTG,618,392
AAGAGTT,561,377
AAGATAA,573,386
AAGATAC,742,482
AAGATAG,578,360
AAGATAT,565,381
AAGATCA,817,476
AAGATCC,854,547
AAGATCG,821,521
AAGATCT,652,433
AAGATGA,511,366
AAGATGC,790,506
AAGATGG,651,390
AAGATGT,602,405
AAGATTA,536,367
AAGATTC,734,467
AAGATTG,523,389
AAGATTT,505,328
AAGCAAA,762,467
AAGCAAC,1218,681
AAGCAAG,922,530
AAGCAAT,844,559
AAGCACA,1137,762
AAGCACC,1328,800
AAGCACG,1094,644
AAGCACT,1024,594
AAGCAGA,756,492
AAGCAGC,1014,745
AAGCAGG,909,628
AAGCAGT,788,495
AAGCATA,850,519
AAGCATC,1065,681
AAGCATG,746,536
AAGCATT,738,487
AAGCCAA,914,629
AAGCCAC,1347,795
AAGCCAG,934,636
AAGCCAT,1017,598
AAGCCCA,1131,754
AAGCCCC,1184,865
AAGCCCG,1077,688
AAGCCCT,931,593
AAGCCGA,893,559
AAGCCGC,1225,806
AAGCCGG,955,595
AAGCCGT,913,562
AAGCCTA,811,537
AAGCCTC,1033,738
AAGCCTG,834,522
AAGCCTT,783,490
AAGCGAA,807,534
AAGCGAC,1038,654
AAGCGAG,792,446
AAGCGAT,772,492
AAGCGCA,1143,705
AAGCGCC,1250,818
AAGCGCG,1053,640
AAGCGCT,943,612
AAGCGGA,916,623
AAGCGGC,1208,785
AAGCGGG,933,599
AAGCGGT,907,590
AAGCGTA,869,567
AAGCGTC,1032,638
AAGCGTG,804,505
AAGCGTT,799,489
AAGCTAA,703,488
AAGCTAC,832,547
AAGCTAG,654,428
AAGCTAT,680,463
AAGCTCA,1019,649
AAGCTCC,1035,644
AAGCTCG,881,589
AAGCTCT,762,488
AAGCTGA,641,391
AAGCTGC,922,595
AAGCTGG,681,480
AAGCTGT,721,444
AAGCTTA,728,460
AAGCTTC,863,557
AAGCTTG,721,391
AAGCTTT,641,396
AAGGAAA,740,452
AAGGAAC,977,604
AAGGAAG,695,452
AAGGAAT,701,478
AAGGACA,972,601
AAGGACC,1122,680
AAGGACG,881,536
AAGGACT,789,528
AAGGAGA,629,377
AAGGAGC,925,609
AAGGAGG,793,482
AAGGAGT,679,406
AAGGATA,732,445
AAGGATC,978,623
AAGGATG,587,444
AAGGATT,648,441
AAGGCAA,1010,724
AAGGCAC,1481,919
AAGGCAG,898,647
AAGGCAT,1070,712
AAGGCCA,1216,852
AAGGCCC,1524,873
AAGGCCG,1073,716
AAGGCCT,1073,697
AAGGCGA,925,591
AAGGCGC,1243,815
AAGGCGG,957,642
AAGGCGT,975,621
AAGGCTA,898,582
AAGGCTC,1124,658
AAGGCTG,685,503
AAGGCTT,826,576
AAGGGAA,842,576
AAGGGAC,1092,730
AAGGGAG,777,421
AAGGGAT,761,528
AAGGGCA,1267,735
AAGGGCC,1365,846
AAGGGCG,978,614
AAGGGCT,1048,672
AAGGGGA,987,607
AAGGGGC,1236,769
AAGGGGG,850,563
AAGGGGT,914,594
AAGGGTA,889,611
AAGGGTC,1101,670
AAGGGTG,705,470
AAGGGTT,829,467
AAGGTAA,809,550
AAGGTAC,1073,601
AAGGTAG,703,463
AAGGTAT,741,457
AAGGTCA,1094,688
AAGGTCC,1121,742
AAGGTCG,849,534
AAGGTCT,817,573
AAGGTGA,717,424
AAGGTGC,1024,619
AAGGTGG,753,476
AAGGTGT,686,503
AAGGTTA,782,476
AAGGTTC,843,575
AAGGTTG,629,377
AAGGTTT,692,417
AAGTAAA,656,451
AAGTAAC,967,549
AAGTAAG,695,480
AAGTAAT,712,444
AAGTACA,916,553
AAGTACC,1055,660
AAGTACG,947,600
AAGTACT,739,471
AAGTAGA,659,410
AAGTAGC,904,526
AAGTAGG,725,477
AAGTAGT,699,448
AAGTATA,676,425
AAGTATC,805,557
AAGTATG,699,429
AAGTATT,664,403
AAGTCAA,974,562
AAGTCAC,1143,739
AAGTCAG,882,537
AAGTCAT,866,568
AAGTCCA,1026,636
AAGTCCC,1143,707
AAGTCCG,971,617
AAGTCCT,785,496
AAGTCGA,837,440
AAGTCGC,969,602
AAGTCGG,864,554
AAGTCGT,751,519
AAGTCTA,749,483
AAGTCTC,894,580
AAGTCTG,685,422
AAGTCTT,708,414
AAGTGAA,668,390
AAGTGAC,895,602
AAGTGAG,674,420
AAGTGAT,628,435
AAGTGCA,895,559
AAGTGCC,1048,662
AAGTGCG,969,645
AAGTGCT,783,508
AAGTGGA,786,481
AAGTGGC,1052,597
AAGTGGG,850,505
AAGTGGT,759,497
AAGTGTA,747,418
AAGTGTC,869,645
AAGTGTG,653,436
AAGTGTT,667,388
AAGTTAA,692,450
AAGTTAC,868,521
AAGTTAG,697,417
AAGTTAT,621,404
AAGTTCA,881,543
AAGTTCC,921,603
AAGTTCG,879,540
AAGTTCT,727,439
AAGTTGA,550,381
AAGTTGC,795,527
AAGTTGG,712,428
AAGTTGT,625,418
AAGTTTA,695,439
AAGTTTC,786,506
AAGTTTG,555,359
AAGTTTT,580,359
AATAAAA,565,330
AATAAAC,796,502
AATAAAG,607,377
AATAAAT,567,361
AATAACA,711,431
AATAACC,835,623
AATAACG,773,485
AATAACT,618,412
AATAAGA,565,363
AATAAGC,868,538
AATAAGG,731,469
AATAAGT,638,371
AATAATA,597,329
AATAATC,723,475
AATAATG,582,341
AATAATT,546,354
AATACAA,738,467
AATACAC,966,634
AATACAG,698,453
AATACAT,789,482
AATACCA,882,571
AATACCC,1000,631
AATACCG,893,555
AATACCT,757,428
AATACGA,820,468
AATACGC,1038,640
AATACGG,878,563
AATACGT,823,552
AATACTA,633,405
AATACTC,844,495
AATACTG,640,390
AATACTT,608,357
AATAGAA,553,364
AATAGAC,723,482
AATAGAG,543,335
AATAGAT,574,401
AATAGCA,856,515
AATAGCC,867,601
AATAGCG,838,496
AATAGCT,676,432
AATAGGA,731,468
AATAGGC,918,599
AATAGGG,782,527
AATAGGT,739,429
AATAGTA,637,386
AATAGTC,793,490
AATAGTG,569,325
AATAGTT,588,393
AATATAA,577,374
AATATAC,725,450
AATATAG,512,372
AATATAT,537,367
AATATCA,707,448
AATATCC,828,537
AATATCG,774,495
AATATCT,589,405
AATATGA,623,346
AATATGC,858,492
AATATGG,614,408
AATATGT,652,391
AATATTA,519,388
AATATTC,704,396
AATATTG,504,349
AATATTT,522,304
AATCAAA,709,462
AATCAAC,945,594
AATCAAG,708,460
AATCAAT,772,468
AATCACA,972,598
AATCACC,1079,639
AATCACG,922,537
AATCACT,775,478
AATCAGA,742,427
AATCAGC,955,643
AATCAGG,812,546
AATCAGT,774,482
AATCATA,727,472
AATCATC,894,555
AATCATG,735,402
AATCATT,643,415
AATCCAA,843,513
AATCCAC,1040,682
AATCCAG,780,489
AATCCAT,821,528
AATCCCA,908,604
AATCCCC,965,622
AATCCCG,866,623
AATCCCT,733,462
AATCCGA,875,490
AATCCGC,1091,729
AATCCGG,975,554
AATCCGT,819,542
AATCCTA,630,443
AATCCTC,852,569
AATCCTG,665,452
AATCCTT,708,435
AATCGAA,727,462
AATCGAC,928,570
AATCGAG,807,496
AATCGAT,666,464
AATCGCA,1021,685
AATCGCC,1152,798
AATCGCG,939,621
AATCGCT,834,526
AATCGGA,861,518
AATCGGC,1108,709
AATCGGG,961,577
AATCGGT,850,540
AATCGTA,766,448
AATCGTC,937,591
AATCGTG,723,466
AATCGTT,676,502
AATCTAA,616,414
AATCTAC,677,406
AATCTAG,663,391
AATCTAT,601,355
AATCTCA,806,484
AATCTCC,830,527
AATCTCG,770,486
AATCTCT,611,428
AATCTGA,593,357
AATCTGC,844,541
AATCTGG,679,454
AATCTGT,672,344
AATCTTA,565,372
AATCTTC,712,411
AATCTTG,534,362
AATCTTT,550,316
AATGAAA,612,396
AATGAAC,803,517
AATGAAG,598,361
AATGAAT,571,347
AATGACA,780,487
AATGACC,898,543
AATGACG,751,451
AATGACT,606,429
AATGAGA,588,391
AATGAGC,775,513
AATGAGG,651,420
AATGAGT,626,385
AATGATA,593,401
AATGATC,751,419
AATGATG,543,333
AATGATT,552,350
AATGCAA,936,571
AATGCAC,1193,739
AATGCAG,818,475
AATGCAT,842,559
AATGCCA,1022,663
AATGCCC,1129,740
AATGCCG,913,588
AATGCCT,803,525
AATGCGA,847,513
AATGCGC,1088,759
AATGCGG,936,612
AATGCGT,957,551
AATGCTA,761,478
AATGCTC,910,570
AATGCTG,651,432
AATGCTT,690,462
AATGGAA,709,431
AATGGAC,947,563
AATGGAG,659,423
AATGGAT,766,447
AATGGCA,924,603
AATGGCC,1152,690
AATGGCG,842,534
AATGGCT,768,510
AATGGGA,851,515
AATGGGC,1093,711
AATGGGG,853,506
AATGGGT,788,553
AATGGTA,802,479
AATGGTC,963,564
AATGGTG,613,390
AATGGTT,705,460
AATGTAA,711,487
AATGTAC,902,527
AATGTAG,614,382
AATGTAT,644,399
AATGTCA,906,510
AATGTCC,896,543
AATGTCG,733,480
AATGTCT,648,460
AATGTGA,636,424
AATGTGC,869,560
AATGTGG,688,434
AATGTGT,646,428
AATGTTA,607,429
AATGTTC,807,494
AATGTTG,579,366
AATGTTT,574,379
AATTAAA,601,368
AATTAAC,839,569
AATTAAG,645,434
AATTAAT,570,383
AATTACA,784,484
AATTACC,861,586
AATTACG,848,469
AATTACT,711,428
AATTAGA,593,374
AATTAGC,862,515
AATTAGG,794,476
AATTAGT,686,424
AATTATA,584,394
AATTATC,774,453
AATTATG,580,386
AATTATT,615,384
AATTCAA,780,491
AATTCAC,1021,698
AATTCAG,806,471
AATTCAT,741,496
AATTCCA,927,540
AATTCCC,940,625
AATTCCG,856,524
AATTCCT,720,427
AATTCGA,832,507
AATTCGC,1023,595
AATTCGG,896,523
AATTCGT,771,503
AATTCTA,687,419
AATTCTC,827,522
AATTCTG,632,360
AATTCTT,595,404
AATTGAA,630,415
AATTGAC,795,545
AATTGAG,598,431
AATTGAT,632,358
AATTGCA,899,560
AATTGCC,927,643
AATTGCG,852,516
AATTGCT,710,447
AATTGGA,630,413
AATTGGC,923,591
AATTGGG,768,472
AATTGGT,735,449
AATTGTA,642,423
AATTGTC,769,485
AATTGTG,627,342
AATTGTT,566,367
AATTTAA,613,422
AATTTAC,776,519
AATTTAG,657,414
AATTTAT,564,368
AATTTCA,720,475
AATTTCC,802,509
AATTTCG,762,464
AATTTCT,551,388
AATTTGA,610,353
AATTTGC,804,501
AATTTGG,681,422
AATTTGT,637,413
AATTTTA,548,359
AATTTTC,632,423
AATTTTG,591,323
AATTTTT,500,300
ACAAAAA,499,329
ACAAAAC,951,542
ACAAAAG,681,419
ACAAAAT,630,429
ACAAACA,833,487
ACAAACC,995,588
ACAAACG,833,562
ACAAACT,786,449
ACAAAGA,669,382
ACAAAGC,1020,581
ACAAAGG,753,517
ACAAAGT,722,437
ACAAATA,645,421
ACAAATC,751,490
ACAAATG,638,367
ACAAATT,589,318
ACAACAA,778,476
ACAACAC,1088,727
ACAACAG,813,529
ACAACAT,865,512
ACAACCA,965,581
ACAACCC,1060,651
ACAACCG,939,550
ACAACCT,858,472
ACAACGA,799,528
ACAACGC,1197,785
ACAACGG,934,599
ACAACGT,911,600
ACAACTA,682,442
ACAACTC,955,549
ACAACTG,655,451
ACAACTT,683,414
ACAAGAA,593,407
ACAAGAC,896,530
ACAAGAG,668,425
ACAAGAT,656,382
ACAAGCA,894,548
ACAAGCC,1049,653
ACAAGCG,827,560
ACAAGCT,720,509
ACAAGGA,790,472
ACAAGGC,1107,726
ACAAGGG,891,572
ACAAGGT,797,482
ACAAGTA,660,446
ACAAGTC,838,517
ACAAGTG,597,436
ACAAGTT,636,359
ACAATAA,646,417
ACAATAC,813,573
ACAATAG,650,408
ACAATAT,636,355
ACAATCA,793,480
ACAATCC,834,537
ACAATCG,882,464
ACAATCT,683,416
ACAATGA,646,413
ACAATGC,942,583
ACAATGG,686,459
ACAATGT,650,407
ACAATTA,621,382
ACAATTC,749,474
ACAATTG,608,355
ACAATTT,571,366
ACACAAA,754,491
ACACAAC,1083,668
ACACAAG,810,565
ACACAAT,775,484
ACACACA,1142,712
ACACACC,1267,816
ACACACG,1044,681
ACACACT,888,596
ACACAGA,818,502
ACACAGC,1030,698
ACACAGG,971,614
ACACAGT,864,533
ACACATA,857,491
ACACATC,1073,626
ACACATG,758,472
ACACATT,736,452
ACACCAA,993,593
ACACCAC,1177,858
ACACCAG,848,597
ACACCAT,882,572
ACACCCA,1015,684
ACACCCC,1229,827
ACACCCG,1034,696
ACACCCT,848,513
ACACCGA,874,592
ACACCGC,1289,843
ACACCGG,1103,674
ACACCGT,934,601
ACACCTA,790,466
ACACCTC,929,626
ACACCTG,769,489
ACACCTT,702,507
ACACGAA,805,525
ACACGAC,1022,763
ACACGAG,850,544
ACACGAT,798,464
ACACGCA,1111,752
ACACGCC,1204,837
ACACGCG,1071,678
ACACGCT,955,638
ACACGGA,894,563
ACACGGC,1276,824
ACACGGG,974,680
ACACGGT,957,589
ACACGTA,857,550
ACACGTC,1035,605
ACACGTG,771,459
ACACGTT,760,476
ACACTAA,657,441
ACACTAC,843,627
ACACTAG,623,418
ACACTAT,610,423
ACACTCA,961,585
ACACTCC,968,652
ACACTCG,896,555
ACACTCT,723,416
ACACTGA,672,487
ACACTGC,911,652
ACACTGG,744,486
ACACTGT,707,440
ACACTTA,664,408
ACACTTC,839,531
ACACTTG,608,420
ACACTTT,626,402
ACAGAAA,662,421
ACAGAAC,817,568
ACAGAAG,632,419
ACAGAAT,625,380
ACAGACA,887,541
ACAGACC,1005,691
ACAGACG,801,482
ACAGACT,720,430
ACAGAGA,607,406
ACAGAGC,802,564
ACAGAGG,763,531
ACAGAGT,602,448
ACAGATA,683,465
ACAGATC,810,506
ACAGATG,577,377
ACAGATT,630,356
ACAGCAA,929,642
ACAGCAC,1239,864
ACAGCAG,897,550
ACAGCAT,964,590
ACAGCCA,1100,731
ACAGCCC,1308,766
ACAGCCG,934,570
ACAGCCT,926,592
ACAGCGA,901,588
ACAGCGC,1317,854
ACAGCGG,915,626
ACAGCGT,918,600
ACAGCTA,794,494
ACAGCTC,971,596
ACAGCTG,682,471
ACAGCTT,767,505
ACAGGAA,894,504
ACAGGAC,992,691
ACAGGAG,669,488
ACAGGAT,770,467
ACAGGCA,1143,762
ACAGGCC,1225,885
ACAGGCG,896,574
ACAGGCT,811,581
ACAGGGA,907,614
ACAGGGC,1199,819
ACAGGGG,982,617
ACAGGGT,870,574
ACAGGTA,801,497
ACAGGTC,1002,601
ACAGGTG,666,442
ACAGGTT,753,482
ACAGTAA,679,533
ACAGTAC,857,576
ACAGTAG,613,442
ACAGTAT,624,459
ACAGTCA,914,599
ACAGTCC,944,617
ACAGTCG,752,496
ACAGTCT,785,479
ACAGTGA,697,425
ACAGTGC,911,609
ACAGTGG,760,442
ACAGTGT,672,431
ACAGTTA,672,436
ACAGTTC,810,508
ACAGTTG,497,366
ACAGTTT,570,426
ACATAAA,674,412
ACATAAC,923,613
ACATAAG,735,413
ACATAAT,652,398
ACATACA,891,555
ACATACC,1022,662
ACATACG,913,588
ACATACT,746,469
ACATAGA,708,436
ACATAGC,923,602
ACATAGG,815,518
ACATAGT,693,452
ACATATA,664,467
ACATATC,851,488
ACATATG,623,378
ACATATT,626,393
ACATCAA,922,591
ACATCAC,1111,703
ACATCAG,872,562
ACATCAT,895,538
ACATCCA,958,654
ACATCCC,1119,705
ACATCCG,969,631
ACATCCT,818,503
ACATCGA,888,557
ACATCGC,1239,739
ACATCGG,1029,652
ACATCGT,844,521
ACATCTA,757,458
ACATCTC,884,550
ACATCTG,659,417
ACATCTT,685,458
ACATGAA,675,474
ACATGAC,871,528
ACATGAG,714,424
ACATGAT,678,423
ACATGCA,1043,628
ACATGCC,1063,665
ACATGCG,989,676
ACATGCT,785,508
ACATGGA,780,480
ACATGGC,1042,662
ACATGGG,914,554
ACATGGT,755,504
ACATGTA,735,483
ACATGTC,884,578
ACATGTG,577,405
ACATGTT,640,447
ACATTAA,664,414
ACATTAC,870,572
ACATTAG,683,443
ACATTAT,645,424
ACATTCA,909,589
ACATTCC,957,554
ACATTCG,847,534
ACATTCT,686,460
ACATTGA,632,406
ACATTGC,824,554
ACATTGG,745,447
ACATTGT,635,445
ACATTTA,660,438
ACATTTC,763,526
ACATTTG,619,358
ACATTTT,604,362
ACCAAAA,612,391
ACCAAAC,937,559
ACCAAAG,654,431
ACCAAAT,685,443
ACCAACA,881,560
ACCAACC,943,670
ACCAACG,898,582
ACCAACT,747,467
ACCAAGA,648,405
ACCAAGC,848,592
ACCAAGG,812,488
ACCAAGT,689,421
ACCAATA,689,428
ACCAATC,800,536
ACCAATG,628,422
ACCAATT,607,406
ACCACAA,872,578
ACCACAC,1147,793
ACCACAG,860,517
ACCACAT,851,558
ACCACCA,975,672
ACCACCC,1090,821
ACCACCG,982,663
ACCACCT,826,577
ACCACGA,879,562
ACCACGC,1201,762
ACCACGG,944,611
ACCACGT,791,551
ACCACTA,732,445
ACCACTC,877,621
ACCACTG,667,443
ACCACTT,639,444
ACCAGAA,602,421
ACCAGAC,857,602
ACCAGAG,657,425
ACCAGAT,582,425
ACCAGCA,945,607
ACCAGCC,1031,657
ACCAGCG,875,596
ACCAGCT,667,490
ACCAGGA,787,551
ACCAGGC,1033,724
ACCAGGG,896,585
ACCAGGT,757,531
ACCAGTA,689,458
ACCAGTC,875,580
ACCAGTG,622,418
ACCAGTT,656,421
ACCATAA,690,427
ACCATAC,837,571
ACCATAG,625,410
ACCATAT,613,404
ACCATCA,861,552
ACCATCC,925,645
ACCATCG,762,545
ACCATCT,695,464
ACCATGA,624,429
ACCATGC,901,578
ACCATGG,795,531
ACCATGT,680,410
ACCATTA,685,405
ACCATTC,777,521
ACCATTG,593,380
ACCATTT,586,349
ACCCAAA,785,478
ACCCAAC,1004,621
ACCCAAG,749,479
ACCCAAT,702,476
ACCCACA,1090,638
ACCCACC,1071,692
ACCCACG,922,641
ACCCACT,797,527
ACCCAGA,764,460
ACCCAGC,1021,675
ACCCAGG,891,584
ACCCAGT,761,471
ACCCATA,720,452
ACCCATC,929,552
ACCCATG,688,463
ACCCATT,677,465
ACCCCAA,916,542
ACCCCAC,1175,797
ACCCCAG,873,555
ACCCCAT,834,520
ACCCCCA,994,692
ACCCCCC,1141,720
ACCCCCG,1008,635
ACCCCCT,768,491
ACCCCGA,850,605
ACCCCGC,1161,827
ACCCCGG,1063,657
ACCCCGT,840,558
ACCCCTA,738,447
ACCCCTC,885,590
ACCCCTG,720,422
ACCCCTT,697,435
ACCCGAA,842,488
ACCCGAC,1042,630
ACCCGAG,753,510
ACCCGAT,740,468
ACCCGCA,1088,661
ACCCGCC,1215,782
ACCCGCG,955,601
ACCCGCT,859,574
ACCCGGA,876,527
ACCCGGC,1197,789
ACCCGGG,985,611
ACCCGGT,911,630
ACCCGTA,769,547
ACCCGTC,935,655
ACCCGTG,744,503
ACCCGTT,725,470
ACCCTAA,682,422
ACCCTAC,792,472
ACCCTAG,632,436
ACCCTAT,607,373
ACCCTCA,892,567
ACCCTCC,889,582
ACCCTCG,807,518
ACCCTCT,658,441
ACCCTGA,675,395
ACCCTGC,917,580
ACCCTGG,829,514
ACCCTGT,657,420
ACCCTTA,604,420
ACCCTTC,800,487
ACCCTTG,653,406
ACCCTTT,571,393
ACCGAAA,676,430
ACCGAAC,898,611
ACCGAAG,656,450
ACCGAAT,722,451
ACCGACA,944,600
ACCGACC,1022,643
ACCGACG,796,546
ACCGACT,707,501
ACCGAGA,686,398
ACCGAGC,893,593
ACCGAGG,813,571
ACCGAGT,741,496
ACCGATA,709,442
ACCGATC,916,548
ACCGATG,611,350
ACCGATT,645,397
ACCGCAA,1016,721
ACCGCAC,1273,867
ACCGCAG,937,604
ACCGCAT,960,651
ACCGCCA,1189,876
ACCGCCC,1383,878
ACCGCCG,984,733
ACCGCCT,974,627
ACCGCGA,1004,638
ACCGCGC,1297,851
ACCGCGG,996,669
ACCGCGT,913,620
ACCGCTA,845,588
ACCGCTC,1022,663
ACCGCTG,738,479
ACCGCTT,804,521
ACCGGAA,822,525
ACCGGAC,1061,701
ACCGGAG,735,465
ACCGGAT,793,463
ACCGGCA,1163,743
ACCGGCC,1309,887
ACCGGCG,956,641
ACCGGCT,845,639
ACCGGGA,920,666
ACCGGGC,1186,767
ACCGGGG,975,592
ACCGGGT,962,581
ACCGGTA,828,541
ACCGGTC,1041,699
ACCGGTG,703,454
ACCGGTT,727,517
ACCGTAA,794,493
ACCGTAC,937,569
ACCGTAG,735,460
ACCGTAT,695,439
ACCGTCA,982,645
ACCGTCC,1091,699
ACCGTCG,849,491
ACCGTCT,777,473
ACCGTGA,731,456
ACCGTGC,974,669
ACCGTGG,760,486
ACCGTGT,724,420
ACCGTTA,728,457
ACCGTTC,866,562
ACCGTTG,635,378
ACCGTTT,618,458
ACCTAAA,633,398
ACCTAAC,855,518
ACCTAAG,602,408
ACCTAAT,635,404
ACCTACA,800,529
ACCTACC,890,582
ACCTACG,809,550
ACCTACT,675,430
ACCTAGA,550,380
ACCTAGC,828,588
ACCTAGG,772,538
ACCTAGT,612,397
ACCTATA,589,410
ACCTATC,770,479
ACCTATG,613,384
ACCTATT,558,334
ACCTCAA,815,566
ACCTCAC,1135,734
ACCTCAG,879,527
ACCTCAT,807,529
ACCTCCA,990,633
ACCTCCC,1040,640
ACCTCCG,919,629
ACCTCCT,756,473
ACCTCGA,806,500
ACCTCGC,1027,730
ACCTCGG,965,601
ACCTCGT,783,497
ACCTCTA,666,403
ACCTCTC,798,562
ACCTCTG,653,398
ACCTCTT,602,371
ACCTGAA,678,409
ACCTGAC,810,568
ACCTGAG,660,405
ACCTGAT,618,407
ACCTGCA,958,680
ACCTGCC,1034,666
ACCTGCG,873,601
ACCTGCT,706,558
ACCTGGA,729,444
ACCTGGC,933,649
ACCTGGG,784,519
ACCTGGT,784,459
ACCTGTA,653,421
ACCTGTC,715,565
ACCTGTG,602,416
ACCTGTT,592,391
ACCTTAA,691,406
ACCTTAC,802,526
ACCTTAG,656,428
ACCTTAT,672,400
ACCTTCA,822,490
ACCTTCC,831,558
ACCTTCG,762,501
ACCTTCT,644,405
ACCTTGA,596,376
ACCTTGC,826,554
ACCTTGG,655,462
ACCTTGT,603,414
ACCTTTA,665,399
ACCTTTC,687,455
ACCTTTG,617,371
ACCTTTT,611,342
ACGAAAA,618,410
ACGAAAC,923,623
ACGAAAG,732,462
ACGAAAT,698,448
ACGAACA,879,565
ACGAACC,1025,679
ACGAACG,959,636
ACGAACT,780,445
ACGAAGA,710,422
ACGAAGC,901,596
ACGAAGG,805,487
ACGAAGT,701,465
ACGAATA,677,455
ACGAATC,855,534
ACGAATG,627,430
ACGAATT,619,394
ACGACAA,890,570
ACGACAC,1278,813
ACGACAG,867,617
ACGACAT,871,539
ACGACCA,1059,633
ACGACCC,1150,719
ACGACCG,1003,623
ACGACCT,792,548
ACGACGA,846,520
ACGACGC,1154,723
ACGACGG,921,629
ACGACGT,862,537
ACGACTA,760,447
ACGACTC,960,628
ACGACTG,685,447
ACGACTT,691,492
ACGAGAA,619,394
ACGAGAC,937,596
ACGAGAG,664,408
ACGAGAT,639,461
ACGAGCA,866,527
ACGAGCC,1051,657
ACGAGCG,856,552
ACGAGCT,717,493
ACGAGGA,677,511
ACGAGGC,1039,646
ACGAGGG,870,598
ACGAGGT,774,521
ACGAGTA,713,428
ACGAGTC,863,524
ACGAGTG,600,394
ACGAGTT,591,424
ACGATAA,703,426
ACGATAC,889,542
ACGATAG,658,429
ACGATAT,635,467
ACGATCA,865,544
ACGATCC,949,607
ACGATCG,862,523
ACGATCT,691,436
ACGATGA,629,412
ACGATGC,814,550
ACGATGG,755,457
ACGATGT,712,424
ACGATTA,656,391
ACGATTC,809,535
ACGATTG,590,362
ACGATTT,614,439
ACGCAAA,992,673
ACGCAAC,1290,847
ACGCAAG,939,657
ACGCAAT,1047,627
ACGCACA,1321,884
ACGCACC,1489,989
ACGCACG,1226,782
ACGCACT,1120,694
ACGCAGA,940,549
ACGCAGC,1307,862
ACGCAGG,1019,645
ACGCAGT,891,579
ACGCATA,996,616
ACGCATC,1253,820
ACGCATG,889,573
ACGCATT,975,544
ACGCCAA,1139,720
ACGCCAC,1461,1024
ACGCCAG,1173,732
ACGCCAT,1083,682
ACGCCCA,1337,827
ACGCCCC,1445,995
ACGCCCG,1288,845
ACGCCCT,1098,674
ACGCCGA,980,637
ACGCCGC,1422,904
ACGCCGG,1081,765
ACGCCGT,983,623
ACGCCTA,953,648
ACGCCTC,1220,821
ACGCCTG,830,586
ACGCCTT,846,555
ACGCGAA,952,631
ACGCGAC,1231,775
ACGCGAG,855,568
ACGCGAT,881,568
ACGCGCA,1316,846
ACGCGCC,1447,978
ACGCGCG,1169,755
ACGCGCT,1046,753
ACGCGGA,1053,653
ACGCGGC,1303,856
ACGCGGG,1038,665
ACGCGGT,975,629
ACGCGTA,963,641
ACGCGTC,1191,839
ACGCGTG,812,558
ACGCGTT,840,544
ACGCTAA,841,532
ACGCTAC,1042,672
ACGCTAG,765,502
ACGCTAT,817,523
ACGCTCA,1127,707
ACGCTCC,1167,743
ACGCTCG,958,650
ACGCTCT,886,543
ACGCTGA,754,485
ACGCTGC,1005,682
ACGCTGG,807,519
ACGCTGT,739,455
ACGCTTA,818,479
ACGCTTC,914,646
ACGCTTG,705,436
ACGCTTT,728,458
ACGGAAA,826,525
ACGGAAC,1064,696
ACGGAAG,851,475
ACGGAAT,780,560
ACGGACA,1130,678
ACGGACC,1262,840
ACGGACG,929,610
ACGGACT,864,578
ACGGAGA,701,432
ACGGAGC,1053,634
ACGGAGG,820,570
ACGGAGT,772,481
ACGGATA,817,505
ACGGATC,1010,680
ACGGATG,693,454
ACGGATT,675,491
ACGGCAA,1177,825
ACGGCAC,1566,1068
ACGGCAG,1086,651
ACGGCAT,1093,762
ACGGCCA,1481,890
ACGGCCC,1530,1039
ACGGCCG,1069,759
ACGGCCT,1124,733
ACGGCGA,1065,697
ACGGCGC,1310,930
ACGGCGG,1006,674
ACGGCGT,961,674
ACGGCTA,954,702
ACGGCTC,1197,834
ACGGCTG,860,629
ACGGCTT,863,598
ACGGGAA,1002,638
ACGGGAC,1231,792
ACGGGAG,758,484
ACGGGAT,840,565
ACGGGCA,1311,843
ACGGGCC,1400,981
ACGGGCG,1112,680
ACGGGCT,1039,664
ACGGGGA,995,591
ACGGGGC,1358,836
ACGGGGG,991,590
ACGGGGT,1042,636
ACGGGTA,949,615
ACGGGTC,1149,744
ACGGGTG,745,502
ACGGGTT,870,545
ACGGTAA,999,609
ACGGTAC,1160,719
ACGGTAG,800,453
ACGGTAT,804,527
ACGGTCA,1241,785
ACGGTCC,1225,824
ACGGTCG,945,631
ACGGTCT,946,557
ACGGTGA,879,533
ACGGTGC,1148,726
ACGGTGG,844,565
ACGGTGT,757,477
ACGGTTA,875,519
ACGGTTC,989,652
ACGGTTG,664,448
ACGGTTT,774,451
ACGTAAA,845,542
ACGTAAC,1086,726
ACGTAAG,836,557
ACGTAAT,778,518
ACGTACA,1064,702
ACGTACC,1224,810
ACGTACG,1102,691
ACGTACT,904,562
ACGTAGA,750,497
ACGTAGC,987,629
ACGTAGG,886,569
ACGTAGT,720,500
ACGTATA,785,487
ACGTATC,999,613
ACGTATG,746,475
ACGTATT,702,394
ACGTCAA,1075,659
ACGTCAC,1373,827
ACGTCAG,1027,635
ACGTCAT,989,640
ACGTCCA,1160,760
ACGTCCC,1257,815
ACGTCCG,1050,758
ACGTCCT,937,603
ACGTCGA,910,592
ACGTCGC,1193,769
ACGTCGG,947,669
ACGTCGT,850,565
ACGTCTA,844,539
ACGTCTC,1076,677
ACGTCTG,813,565
ACGTCTT,730,487
ACGTGAA,811,521
ACGTGAC,984,640
ACGTGAG,783,554
ACGTGAT,696,488
ACGTGCA,1239,666
ACGTGCC,1220,791
ACGTGCG,1048,703
ACGTGCT,886,620
ACGTGGA,825,542
ACGTGGC,1158,768
ACGTGGG,1005,618
ACGTGGT,845,540
ACGTGTA,800,549
ACGTGTC,1031,674
ACGTGTG,765,487
ACGTGTT,749,492
ACGTTAA,855,522
ACGTTAC,1069,647
ACGTTAG,789,520
ACGTTAT,722,448
ACGTTCA,1010,661
ACGTTCC,1032,637
ACGTTCG,932,628
ACGTTCT,816,501
ACGTTGA,710,471
ACGTTGC,955,624
ACGTTGG,785,513
ACGTTGT,736,423
ACGTTTA,724,472
ACGTTTC,877,590
ACGTTTG,691,447
ACGTTTT,678,378
ACTAAAA,558,374
ACTAAAC,831,564
ACTAAAG,636,423
ACTAAAT,596,374
ACTAACA,750,484
ACTAACC,934,588
ACTAACG,825,561
ACTAACT,682,427
ACTAAGA,606,393
ACTAAGC,874,590
ACTAAGG,770,499
ACTAAGT,641,423
ACTAATA,608,395
ACTAATC,731,453
ACTAATG,587,384
ACTAATT,583,306
ACTACAA,757,487
ACTACAC,1001,637
ACTACAG,786,458
ACTACAT,784,461
ACTACCA,888,572
ACTACCC,1017,621
ACTACCG,945,516
ACTACCT,743,490
ACTACGA,810,490
ACTACGC,1066,703
ACTACGG,919,534
ACTACGT,796,532
ACTACTA,629,406
ACTACTC,789,499
ACTACTG,636,421
ACTACTT,661,396
ACTAGAA,553,413
ACTAGAC,847,477
ACTAGAG,545,379
ACTAGAT,545,385
ACTAGCA,805,524
ACTAGCC,936,597
ACTAGCG,782,507
ACTAGCT,626,447
ACTAGGA,676,452
ACTAGGC,972,646
ACTAGGG,817,530
ACTAGGT,707,498
ACTAGTA,609,398
ACTAGTC,711,529
ACTAGTG,586,348
ACTAGTT,543,385
ACTATAA,599,368
ACTATAC,739,462
ACTATAG,602,380
ACTATAT,592,391
ACTATCA,711,468
ACTATCC,852,484
ACTATCG,779,454
ACTATCT,597,388
ACTATGA,618,377
ACTATGC,755,554
ACTATGG,684,477
ACTATGT,621,400
ACTATTA,555,320
ACTATTC,672,448
ACTATTG,529,375
ACTATTT,516,338
ACTCAAA,789,516
ACTCAAC,1061,690
ACTCAAG,790,529
ACTCAAT,811,474
ACTCACA,1085,617
ACTCACC,1149,685
ACTCACG,996,648
ACTCACT,854,502
ACTCAGA,759,493
ACTCAGC,1022,738
ACTCAGG,898,610
ACTCAGT,756,515
ACTCATA,705,493
ACTCATC,936,586
ACTCATG,733,450
ACTCATT,720,469
ACTCCAA,885,549
ACTCCAC,1075,721
ACTCCAG,828,583
ACTCCAT,835,560
ACTCCCA,948,607
ACTCCCC,1087,665
ACTCCCG,898,583
ACTCCCT,829,498
ACTCCGA,871,615
ACTCCGC,1251,784
ACTCCGG,980,609
ACTCCGT,875,566
ACTCCTA,704,462
ACTCCTC,884,649
ACTCCTG,723,445
ACTCCTT,668,391
ACTCGAA,790,549
ACTCGAC,995,625
ACTCGAG,851,500
ACTCGAT,734,517
ACTCGCA,1151,705
ACTCGCC,1208,690
ACTCGCG,964,624
ACTCGCT,856,570
ACTCGGA,871,536
ACTCGGC,1186,761
ACTCGGG,961,608
ACTCGGT,847,550
ACTCGTA,802,530
ACTCGTC,968,607
ACTCGTG,729,490
ACTCGTT,767,428
ACTCTAA,636,430
ACTCTAC,726,522
ACTCTAG,629,405
ACTCTAT,600,425
ACTCTCA,814,524
ACTCTCC,913,539
ACTCTCG,850,497
ACTCTCT,686,413
ACTCTGA,679,409
ACTCTGC,850,520
ACTCTGG,677,453
ACTCTGT,649,429
ACTCTTA,654,405
ACTCTTC,788,464
ACTCTTG,607,356
ACTCTTT,518,375
ACTGAAA,650,416
ACTGAAC,841,510
ACTGAAG,604,385
ACTGAAT,592,412
ACTGACA,853,527
ACTGACC,939,604
ACTGACG,772,459
ACTGACT,668,431
ACTGAGA,627,418
ACTGAGC,829,566
ACTGAGG,719,455
ACTGAGT,607,431
ACTGATA,607,390
ACTGATC,778,503
ACTGATG,573,360
ACTGATT,562,338
ACTGCAA,945,551
ACTGCAC,1138,793
ACTGCAG,833,544
ACTGCAT,866,596
ACTGCCA,1114,687
ACTGCCC,1120,800
ACTGCCG,964,560
ACTGCCT,890,596
ACTGCGA,869,641
ACTGCGC,1166,794
ACTGCGG,987,623
ACTGCGT,837,613
ACTGCTA,769,455
ACTGCTC,968,603
ACTGCTG,695,428
ACTGCTT,674,446
ACTGGAA,821,487
ACTGGAC,1008,618
ACTGGAG,628,408
ACTGGAT,741,493
ACTGGCA,959,628
ACTGGCC,1135,740
ACTGGCG,881,561
ACTGGCT,872,510
ACTGGGA,812,497
ACTGGGC,1061,722
ACTGGGG,817,518
ACTGGGT,882,503
ACTGGTA,802,500
ACTGGTC,969,608
ACTGGTG,694,373
ACTGGTT,754,474
ACTGTAA,679,437
ACTGTAC,865,550
ACTGTAG,584,422
ACTGTAT,617,409
ACTGTCA,886,538
ACTGTCC,1022,633
ACTGTCG,724,468
ACTGTCT,700,463
ACTGTGA,664,411
ACTGTGC,852,574
ACTGTGG,674,452
ACTGTGT,668,440
ACTGTTA,640,429
ACTGTTC,771,518
ACTGTTG,518,377
ACTGTTT,569,399
ACTTAAA,671,443
ACTTAAC,908,540
ACTTAAG,781,440
ACTTAAT,607,397
ACTTACA,915,529
ACTTACC,969,631
ACTTACG,925,568
ACTTACT,705,426
ACTTAGA,645,438
ACTTAGC,872,575
ACTTAGG,769,489
ACTTAGT,717,413
ACTTATA,627,430
ACTTATC,755,501
ACTTATG,642,424
ACTTATT,578,392
ACTTCAA,877,541
ACTTCAC,1104,720
ACTTCAG,781,515
ACTTCAT,847,526
ACTTCCA,909,594
ACTTCCC,959,633
ACTTCCG,939,579
ACTTCCT,665,469
ACTTCGA,875,544
ACTTCGC,1039,667
ACTTCGG,951,586
ACTTCGT,820,480
ACTTCTA,727,427
ACTTCTC,905,509
ACTTCTG,651,392
ACTTCTT,631,406
ACTTGAA,643,410
ACTTGAC,774,585
ACTTGAG,690,422
ACTTGAT,604,409
ACTTGCA,943,574
ACTTGCC,943,731
ACTTGCG,915,526
ACTTGCT,757,481
ACTTGGA,730,483
ACTTGGC,1000,670
ACTTGGG,844,545
ACTTGGT,728,478
ACTTGTA,656,426
ACTTGTC,837,538
ACTTGTG,697,380
ACTTGTT,603,435
ACTTTAA,668,411
ACTTTAC,808,520
ACTTTAG,690,380
ACTTTAT,600,384
ACTTTCA,791,466
ACTTTCC,835,557
ACTTTCG,818,479
ACTTTCT,595,383
ACTTTGA,622,414
ACTTTGC,860,531
ACTTTGG,684,446
ACTTTGT,614,388
ACTTTTA,651,359
ACTTTTC,682,494
ACTTTTG,574,364
ACTTTTT,528,330
AGAAAAA,461,299
AGAAAAC,840,558
AGAAAAG,556,395
AGAAAAT,596,325
AGAAACA,742,439
AGAAACC,880,596
AGAAACG,776,480
AGAAACT,626,428
AGAAAGA,592,337
AGAAAGC,889,555
AGAAAGG,784,444
AGAAAGT,669,450
AGAAATA,594,340
AGAAATC,765,500
AGAAATG,582,369
AGAAATT,543,359
AGAACAA,783,500
AGAACAC,1042,676
AGAACAG,765,516
AGAACAT,751,470
AGAACCA,856,544
AGAACCC,978,711
AGAACCG,881,582
AGAACCT,723,450
AGAACGA,751,473
AGAACGC,1131,704
AGAACGG,800,584
AGAACGT,779,510
AGAACTA,688,450
AGAACTC,816,523
AGAACTG,576,409
AGAACTT,594,409
AGAAGAA,537,332
AGAAGAC,792,514
AGAAGAG,510,370
AGAAGAT,541,369
AGAAGCA,775,536
AGAAGCC,800,606
AGAAGCG,740,503
AGAAGCT,588,417
AGAAGGA,696,470
AGAAGGC,1056,623
AGAAGGG,722,499
AGAAGGT,720,436
AGAAGTA,631,407
AGAAGTC,739,490
AGAAGTG,565,332
AGAAGTT,589,345
AGAATAA,579,416
AGAATAC,763,499
AGAATAG,584,379
AGAATAT,604,413
AGAATCA,753,478
AGAATCC,831,529
AGAATCG,733,495
AGAATCT,608,430
AGAATGA,602,382
AGAATGC,819,528
AGAATGG,670,420
AGAATGT,604,408
AGAATTA,562,335
AGAATTC,696,414
AGAATTG,562,315
AGAATTT,477,324
AGACAAA,711,448
AGACAAC,1019,612
AGACAAG,790,515
AGACAAT,777,526
AGACACA,982,599
AGACACC,1130,747
AGACACG,934,644
AGACACT,817,488
AGACAGA,716,425
AGACAGC,957,640
AGACAGG,869,555
AGACAGT,757,451
AGACATA,663,451
AGACATC,927,601
AGACATG,735,443
AGACATT,683,475
AGACCAA,917,574
AGACCAC,1089,706
AGACCAG,789,546
AGACCAT,829,519
AGACCCA,985,619
AGACCCC,1024,694
AGACCCG,942,597
AGACCCT,776,505
AGACCGA,856,506
AGACCGC,1207,832
AGACCGG,964,584
AGACCGT,827,533
AGACCTA,792,459
AGACCTC,930,582
AGACCTG,681,448
AGACCTT,685,439
AGACGAA,692,450
AGACGAC,869,555
AGACGAG,694,456
AGACGAT,646,438
AGACGCA,1004,652
AGACGCC,1105,652
AGACGCG,913,572
AGACGCT,742,505
AGACGGA,807,437
AGACGGC,1086,684
AGACGGG,834,645
AGACGGT,834,515
AGACGTA,759,425
AGACGTC,907,542
AGACGTG,652,426
AGACGTT,655,441
AGACTAA,696,407
AGACTAC,771,489
AGACTAG,632,418
AGACTAT,598,389
AGACTCA,805,500
AGACTCC,906,550
AGACTCG,769,500
AGACTCT,670,442
AGACTGA,625,411
AGACTGC,821,501
AGACTGG,737,441
AGACTGT,605,384
AGACTTA,585,398
AGACTTC,773,476
AGACTTG,587,379
AGACTTT,564,364
AGAGAAA,461,272
AGAGAAC,730,471
AGAGAAG,596,365
AGAGAAT,563,351
AGAGACA,761,475
AGAGACC,960,555
AGAGACG,697,487
AGAGACT,673,398
AGAGAGA,563,392
AGAGAGC,843,530
AGAGAGG,721,428
AGAGAGT,635,405
AGAGATA,578,349
AGAGATC,750,462
AGAGATG,549,361
AGAGATT,567,317
AGAGCAA,677,406
AGAGCAC,1105,672
AGAGCAG,716,445
AGAGCAT,855,537
AGAGCCA,849,562
AGAGCCC,1187,696
AGAGCCG,812,518
AGAGCCT,874,545
AGAGCGA,665,497
AGAGCGC,1111,677
AGAGCGG,849,522
AGAGCGT,840,588
AGAGCTA,713,439
AGAGCTC,898,551
AGAGCTG,638,412
AGAGCTT,665,447
AGAGGAA,662,373
AGAGGAC,933,591
AGAGGAG,659,422
AGAGGAT,661,412
AGAGGCA,938,540
AGAGGCC,1054,675
AGAGGCG,785,552
AGAGGCT,716,515
AGAGGGA,767,469
AGAGGGC,1035,644
AGAGGGG,826,512
AGAGGGT,836,475
AGAGGTA,755,468
AGAGGTC,945,641
AGAGGTG,601,385
AGAGGTT,658,470
AGAGTAA,595,361
AGAGTAC,795,550
AGAGTAG,614,342
AGAGTAT,650,405
AGAGTCA,715,454
AGAGTCC,853,504
AGAGTCG,662,384
AGAGTCT,616,412
AGAGTGA,584,369
AGAGTGC,818,545
AGAGTGG,647,414
AGAGTGT,629,427
AGAGTTA,565,374
AGAGTTC,765,466
AGAGTTG,484,343
AGAGTTT,612,375
AGATAAA,591,387
AGATAAC,882,516
AGATAAG,649,415
AGATAAT,665,403
AGATACA,696,493
AGATACC,982,576
AGATACG,819,523
AGATACT,695,418
AGATAGA,591,361
AGATAGC,845,537
AGATAGG,745,459
AGATAGT,642,386
AGATATA,613,369
AGATATC,815,452
AGATATG,589,386
AGATATT,599,346
AGATCAA,823,531
AGATCAC,1041,687
AGATCAG,743,503
AGATCAT,795,495
AGATCCA,912,600
AGATCCC,981,606
AGATCCG,938,620
AGATCCT,759,480
AGATCGA,790,512
AGATCGC,1056,667
AGATCGG,861,574
AGATCGT,774,478
AGATCTA,707,454
AGATCTC,869,509
AGATCTG,705,422
AGATCTT,629,419
AGATGAA,602,382
AGATGAC,756,472
AGATGAG,603,402
AGATGAT,540,351
AGATGCA,817,531
AGATGCC,993,605
AGATGCG,809,526
AGATGCT,671,478
AGATGGA,697,412
AGATGGC,896,605
AGATGGG,763,501
AGATGGT,710,425
AGATGTA,667,422
AGATGTC,739,490
AGATGTG,596,423
AGATGTT,571,394
AGATTAA,608,357
AGATTAC,795,506
AGATTAG,618,407
AGATTAT,598,381
AGATTCA,761,497
AGATTCC,861,504
AGATTCG,773,465
AGATTCT,646,376
AGATTGA,569,352
AGATTGC,849,508
AGATTGG,616,429
AGATTGT,607,389
AGATTTA,597,377
AGATTTC,684,408
AGATTTG,554,328
AGATTTT,530,314
AGCAAAA,750,420
AGCAAAC,1087,733
AGCAAAG,819,531
AGCAAAT,775,494
AGCAACA,1045,694
AGCAACC,1160,803
AGCAACG,1085,684
AGCAACT,891,612
AGCAAGA,799,470
AGCAAGC,1112,674
AGCAAGG,964,566
AGCAAGT,828,543
AGCAATA,841,476
AGCAATC,960,582
AGCAATG,761,491
AGCAATT,744,406
AGCACAA,1064,661
AGCACAC,1412,932
AGCACAG,1010,678
AGCACAT,1045,713
AGCACCA,1272,803
AGCACCC,1405,902
AGCACCG,1191,720
AGCACCT,1008,633
AGCACGA,957,605
AGCACGC,1306,882
AGCACGG,1084,719
AGCACGT,966,633
AGCACTA,899,554
AGCACTC,1060,717
AGCACTG,835,576
AGCACTT,852,521
AGCAGAA,668,496
AGCAGAC,952,577
AGCAGAG,649,450
AGCAGAT,701,479
AGCAGCA,1062,637
AGCAGCC,1202,741
AGCAGCG,995,613
AGCAGCT,846,557
AGCAGGA,821,588
AGCAGGC,1117,785
AGCAGGG,927,643
AGCAGGT,845,613
AGCAGTA,770,505
AGCAGTC,878,572
AGCAGTG,675,407
AGCAGTT,711,423
AGCATAA,841,508
AGCATAC,1003,656
AGCATAG,744,456
AGCATAT,776,488
AGCATCA,1007,639
AGCATCC,1114,732
AGCATCG,918,639
AGCATCT,806,558
AGCATGA,773,458
AGCATGC,1015,676
AGCATGG,850,517
AGCATGT,712,504
AGCATTA,742,482
AGCATTC,900,533
AGCATTG,729,487
AGCATTT,705,448
AGCCAAA,878,606
AGCCAAC,1215,763
AGCCAAG,904,614
AGCCAAT,889,552
AGCCACA,1220,764
AGCCACC,1421,856
AGCCACG,1163,720
AGCCACT,1017,625
AGCCAGA,818,575
AGCCAGC,1211,770
AGCCAGG,1063,669
AGCCAGT,899,568
AGCCATA,900,553
AGCCATC,1102,701
AGCCATG,824,549
AGCCATT,826,529
AGCCCAA,1064,708
AGCCCAC,1369,924
AGCCCAG,953,668
AGCCCAT,1023,626
AGCCCCA,1234,749
AGCCCCC,1353,816
AGCCCCG,1198,723
AGCCCCT,1006,612
AGCCCGA,1105,646
AGCCCGC,1360,891
AGCCCGG,1150,728
AGCCCGT,1031,619
AGCCCTA,924,565
AGCCCTC,1105,774
AGCCCTG,837,481
AGCCCTT,790,517
AGCCGAA,895,588
AGCCGAC,1083,704
AGCCGAG,821,515
AGCCGAT,777,530
AGCCGCA,1151,724
AGCCGCC,1321,832
AGCCGCG,1024,641
AGCCGCT,879,601
AGCCGGA,979,549
AGCCGGC,1106,770
AGCCGGG,980,629
AGCCGGT,893,579
AGCCGTA,760,519
AGCCGTC,1012,606
AGCCGTG,794,496
AGCCGTT,760,519
AGCCTAA,754,497
AGCCTAC,1115,588
AGCCTAG,817,460
AGCCTAT,709,465
AGCCTCA,998,661
AGCCTCC,1065,632
AGCCTCG,924,574
AGCCTCT,789,496
AGCCTGA,751,493
AGCCTGC,1083,682
AGCCTGG,887,562
AGCCTGT,699,484
AGCCTTA,845,415
AGCCTTC,861,574
AGCCTTG,709,446
AGCCTTT,707,402
AGCGAAA,792,526
AGCGAAC,1080,690
AGCGAAG,784,491
AGCGAAT,829,472
AGCGACA,1041,620
AGCGACC,1147,794
AGCGACG,891,581
AGCGACT,853,558
AGCGAGA,759,493
AGCGAGC,991,681
AGCGAGG,869,549
AGCGAGT,769,554
AGCGATA,822,515
AGCGATC,1020,615
AGCGATG,714,440
AGCGATT,684,409
AGCGCAA,1156,727
AGCGCAC,1534,938
AGCGCAG,1058,633
AGCGCAT,1176,736
AGCGCCA,1181,729
AGCGCCC,1468,919
AGCGCCG,997,693
AGCGCCT,1092,718
AGCGCGA,934,642
AGCGCGC,1456,879
AGCGCGG,1016,692
AGCGCGT,1003,690
AGCGCTA,947,639
AGCGCTC,1186,769
AGCGCTG,792,563
AGCGCTT,932,589
AGCGGAA,914,595
AGCGGAC,1191,784
AGCGGAG,702,509
AGCGGAT,836,490
AGCGGCA,1237,828
AGCGGCC,1264,808
AGCGGCG,961,632
AGCGGCT,955,599
AGCGGGA,937,649
AGCGGGC,1277,874
AGCGGGG,1020,660
AGCGGGT,964,630
AGCGGTA,936,566
AGCGGTC,1154,680
AGCGGTG,792,503
AGCGGTT,743,579
AGCGTAA,874,588
AGCGTAC,1162,691
AGCGTAG,780,488
AGCGTAT,810,518
AGCGTCA,1114,687
AGCGTCC,1164,762
AGCGTCG,908,651
AGCGTCT,897,587
AGCGTGA,848,466
AGCGTGC,1130,708
AGCGTGG,866,529
AGCGTGT,831,496
AGCGTTA,850,516
AGCGTTC,1005,638
AGCGTTG,707,451
AGCGTTT,789,466
AGCTAAA,781,468
AGCTAAC,942,654
AGCTAAG,746,511
AGCTAAT,705,440
AGCTACA,890,571
AGCTACC,976,661
AGCTACG,948,589
AGCTACT,750,480
AGCTAGA,701,443
AGCTAGC,898,618
AGCTAGG,826,551
AGCTAGT,706,478
AGCTATA,733,497
AGCTATC,875,548
AGCTATG,696,457
AGCTATT,628,422
AGCTCAA,1037,647
AGCTCAC,1210,810
AGCTCAG,915,601
AGCTCAT,940,545
AGCTCCA,1115,725
AGCTCCC,1147,745
AGCTCCG,1081,650
AGCTCCT,906,477
AGCTCGA,871,589
AGCTCGC,1178,771
AGCTCGG,940,624
AGCTCGT,866,597
AGCTCTA,803,560
AGCTCTC,969,567
AGCTCTG,725,449
AGCTCTT,687,445
AGCTGAA,664,438
AGCTGAC,865,589
AGCTGAG,680,451
AGCTGAT,621,422
AGCTGCA,967,647
AGCTGCC,1072,714
AGCTGCG,879,604
AGCTGCT,766,527
AGCTGGA,732,467
AGCTGGC,1027,673
AGCTGGG,696,485
AGCTGGT,752,489
AGCTGTA,753,458
AGCTGTC,923,520
AGCTGTG,669,448
AGCTGTT,653,435
AGCTTAA,799,489
AGCTTAC,925,565
AGCTTAG,750,488
AGCTTAT,696,472
AGCTTCA,898,546
AGCTTCC,954,658
AGCTTCG,954,574
AGCTTCT,677,471
AGCTTGA,718,434
AGCTTGC,945,608
AGCTTGG,772,525
AGCTTGT,687,409
AGCTTTA,716,437
AGCTTTC,820,484
AGCTTTG,688,381
AGCTTTT,598,376
AGGAAAA,751,427
AGGAAAC,1032,628
AGGAAAG,800,519
AGGAAAT,846,492
AGGAACA,994,655
AGGAACC,1215,711
AGGAACG,1019,621
AGGAACT,821,513
AGGAAGA,704,431
AGGAAGC,984,635
AGGAAGG,841,541
AGGAAGT,791,500
AGGAATA,791,484
AGGAATC,938,607
AGGAATG,766,438
AGGAATT,713,441
AGGACAA,983,603
AGGACAC,1319,825
AGGACAG,990,612
AGGACAT,991,621
AGGACCA,1196,750
AGGACCC,1289,818
AGGACCG,1085,710
AGGACCT,897,629
AGGACGA,857,596
AGGACGC,1268,840
AGGACGG,1049,635
AGGACGT,954,614
AGGACTA,877,549
AGGACTC,1116,658
AGGACTG,727,582
AGGACTT,809,518
AGGAGAA,638,450
AGGAGAC,834,541
AGGAGAG,686,417
AGGAGAT,696,423
AGGAGCA,895,604
AGGAGCC,1137,735
AGGAGCG,952,593
AGGAGCT,821,540
AGGAGGA,748,522
AGGAGGC,1102,660
AGGAGGG,945,601
AGGAGGT,848,515
AGGAGTA,760,441
AGGAGTC,864,585
AGGAGTG,688,454
AGGAGTT,705,432
AGGATAA,772,541
AGGATAC,970,669
AGGATAG,703,473
AGGATAT,714,461
AGGATCA,962,624
AGGATCC,1019,680
AGGATCG,1004,612
AGGATCT,843,519
AGGATGA,728,456
AGGATGC,1050,599
AGGATGG,788,464
AGGATGT,778,505
AGGATTA,704,492
AGGATTC,867,573
AGGATTG,640,428
AGGATTT,686,373
AGGCAAA,1139,752
AGGCAAC,1532,940
AGGCAAG,1110,680
AGGCAAT,1015,683
AGGCACA,1471,976
AGGCACC,1774,1176
AGGCACG,1446,847
AGGCACT,1312,832
AGGCAGA,946,593
AGGCAGC,1306,858
AGGCAGG,1111,737
AGGCAGT,1026,708
AGGCATA,1079,676
AGGCATC,1280,814
AGGCATG,1021,655
AGGCATT,966,667
AGGCCAA,1389,842
AGGCCAC,1697,1108
AGGCCAG,1165,795
AGGCCAT,1129,803
AGGCCCA,1556,926
AGGCCCC,1586,1134
AGGCCCG,1362,898
AGGCCCT,1260,778
AGGCCGA,1150,688
AGGCCGC,1564,964
AGGCCGG,1239,831
AGGCCGT,1075,718
AGGCCTA,1152,731
AGGCCTC,1356,840
AGGCCTG,971,714
AGGCCTT,1034,648
AGGCGAA,932,656
AGGCGAC,1265,857
AGGCGAG,951,583
AGGCGAT,932,593
AGGCGCA,1392,901
AGGCGCC,1413,928
AGGCGCG,1212,730
AGGCGCT,996,637
AGGCGGA,1013,674
AGGCGGC,1337,856
AGGCGGG,1062,630
AGGCGGT,951,644
AGGCGTA,1015,647
AGGCGTC,1187,789
AGGCGTG,895,534
AGGCGTT,881,556
AGGCTAA,1000,599
AGGCTAC,1148,798
AGGCTAG,863,536
AGGCTAT,906,504
AGGCTCA,1189,797
AGGCTCC,1356,838
AGGCTCG,1079,689
AGGCTCT,920,574
AGGCTGA,858,588
AGGCTGC,1056,688
AGGCTGG,860,560
AGGCTGT,843,567
AGGCTTA,945,595
AGGCTTC,1079,643
AGGCTTG,792,524
AGGCTTT,821,504
AGGGAAA,952,619
AGGGAAC,1218,773
AGGGAAG,872,559
AGGGAAT,901,572
AGGGACA,1295,766
AGGGACC,1398,923
AGGGACG,1050,680
AGGGACT,1032,617
AGGGAGA,723,439
AGGGAGC,1085,731
AGGGAGG,937,605
AGGGAGT,783,514
AGGGATA,900,608
AGGGATC,1045,717
AGGGATG,798,472
AGGGATT,864,494
AGGGCAA,1361,899
AGGGCAC,1752,1090
AGGGCAG,1098,763
AGGGCAT,1272,799
AGGGCCA,1513,1008
AGGGCCC,1718,1110
AGGGCCG,1246,780
AGGGCCT,1316,814
AGGGCGA,1199,732
AGGGCGC,1461,1032
AGGGCGG,1100,725
AGGGCGT,1103,762
AGGGCTA,1096,711
AGGGCTC,1364,916
AGGGCTG,862,554
AGGGCTT,1017,655
AGGGGAA,987,681
AGGGGAC,1255,795
AGGGGAG,809,507
AGGGGAT,932,572
AGGGGCA,1430,866
AGGGGCC,1531,909
AGGGGCG,1161,694
AGGGGCT,1146,690
AGGGGGA,1077,649
AGGGGGC,1447,843
AGGGGGG,1094,645
AGGGGGT,972,668
AGGGGTA,1096,658
AGGGGTC,1248,790
AGGGGTG,838,562
AGGGGTT,829,599
AGGGTAA,1069,624
AGGGTAC,1244,778
AGGGTAG,845,518
AGGGTAT,951,524
AGGGTCA,1168,814
AGGGTCC,1314,874
AGGGTCG,1020,635
AGGGTCT,930,618
AGGGTGA,835,506
AGGGTGC,1166,756
AGGGTGG,944,589
AGGGTGT,869,567
AGGGTTA,944,558
AGGGTTC,1135,676
AGGGTTG,753,434
AGGGTTT,873,499
AGGTAAA,912,568
AGGTAAC,1242,795
AGGTAAG,867,598
AGGTAAT,882,570
AGGTACA,1131,697
AGGTACC,1379,815
AGGTACG,1168,761
AGGTACT,986,637
AGGTAGA,809,483
AGGTAGC,1097,741
AGGTAGG,949,577
AGGTAGT,724,469
AGGTATA,888,571
AGGTATC,1027,686
AGGTATG,852,534
AGGTATT,796,507
AGGTCAA,1227,735
AGGTCAC,1484,929
AGGTCAG,1113,717
AGGTCAT,1151,689
AGGTCCA,1327,851
AGGTCCC,1398,892
AGGTCCG,1289,784
AGGTCCT,1035,686
AGGTCGA,1018,636
AGGTCGC,1305,816
AGGTCGG,1072,682
AGGTCGT,931,557
AGGTCTA,988,600
AGGTCTC,1098,739
AGGTCTG,896,555
AGGTCTT,874,596
AGGTGAA,890,512
AGGTGAC,1025,617
AGGTGAG,773,503
AGGTGAT,713,487
AGGTGCA,1142,714
AGGTGCC,1273,843
AGGTGCG,1111,667
AGGTGCT,967,592
AGGTGGA,826,507
AGGTGGC,1221,721
AGGTGGG,949,596
AGGTGGT,875,580
AGGTGTA,841,516
AGGTGTC,1018,646
AGGTGTG,814,491
AGGTGTT,762,497
AGGTTAA,949,533
AGGTTAC,1083,734
AGGTTAG,852,487
AGGTTAT,800,538
AGGTTCA,1107,699
AGGTTCC,1133,757
AGGTTCG,1087,612
AGGTTCT,868,587
AGGTTGA,766,473
AGGTTGC,993,643
AGGTTGG,849,576
AGGTTGT,797,509
AGGTTTA,884,533
AGGTTTC,986,666
AGGTTTG,779,464
AGGTTTT,729,474
AGTAAAA,643,416
AGTAAAC,975,618
AGTAAAG,736,458
AGTAAAT,736,483
AGTAACA,891,624
AGTAACC,1048,721
AGTAACG,915,584
AGTAACT,806,506
AGTAAGA,669,439
AGTAAGC,985,676
AGTAAGG,890,587
AGTAAGT,781,455
AGTAATA,669,426
AGTAATC,852,537
AGTAATG,647,449
AGTAATT,669,412
AGTACAA,1004,642
AGTACAC,1187,738
AGTACAG,934,605
AGTACAT,881,591
AGTACCA,1040,658
AGTACCC,1174,680
AGTACCG,1027,591
AGTACCT,917,552
AGTACGA,997,582
AGTACGC,1244,813
AGTACGG,1004,654
AGTACGT,990,592
AGTACTA,773,469
AGTACTC,879,626
AGTACTG,675,443
AGTACTT,738,479
AGTAGAA,607,420
AGTAGAC,835,512
AGTAGAG,606,404
AGTAGAT,585,442
AGTAGCA,927,557
AGTAGCC,1041,685
AGTAGCG,867,548
AGTAGCT,750,455
AGTAGGA,702,478
AGTAGGC,1085,683
AGTAGGG,820,571
AGTAGGT,785,488
AGTAGTA,710,423
AGTAGTC,827,539
AGTAGTG,627,368
AGTAGTT,619,374
AGTATAA,694,443
AGTATAC,884,581
AGTATAG,637,368
AGTATAT,664,484
AGTATCA,917,541
AGTATCC,941,640
AGTATCG,958,565
AGTATCT,754,454
AGTATGA,675,449
AGTATGC,965,576
AGTATGG,793,516
AGTATGT,758,486
AGTATTA,669,425
AGTATTC,782,541
AGTATTG,637,395
AGTATTT,626,438
AGTCAAA,946,556
AGTCAAC,1192,738
AGTCAAG,934,562
AGTCAAT,867,544
AGTCACA,1169,773
AGTCACC,1309,845
AGTCACG,1053,744
AGTCACT,939,675
AGTCAGA,828,537
AGTCAGC,1097,765
AGTCAGG,986,639
AGTCAGT,839,559
AGTCATA,879,572
AGTCATC,1125,704
AGTCATG,840,503
AGTCATT,824,517
AGTCCAA,979,640
AGTCCAC,1256,821
AGTCCAG,1023,635
AGTCCAT,948,619
AGTCCCA,1039,711
AGTCCCC,1260,789
AGTCCCG,1185,663
AGTCCCT,834,580
AGTCCGA,1043,643
AGTCCGC,1383,820
AGTCCGG,1125,756
AGTCCGT,944,614
AGTCCTA,834,541
AGTCCTC,1012,679
AGTCCTG,801,517
AGTCCTT,782,505
AGTCGAA,836,490
AGTCGAC,1013,652
AGTCGAG,798,514
AGTCGAT,781,474
AGTCGCA,998,684
AGTCGCC,1135,774
AGTCGCG,993,656
AGTCGCT,914,555
AGTCGGA,850,603
AGTCGGC,1170,779
AGTCGGG,911,607
AGTCGGT,930,597
AGTCGTA,794,495
AGTCGTC,978,600
AGTCGTG,765,474
AGTCGTT,677,507
AGTCTAA,844,530
AGTCTAC,928,588
AGTCTAG,763,459
AGTCTAT,683,448
AGTCTCA,978,600
AGTCTCC,964,658
AGTCTCG,915,569
AGTCTCT,763,479
AGTCTGA,727,498
AGTCTGC,948,582
AGTCTGG,779,511
AGTCTGT,748,470
AGTCTTA,775,473
AGTCTTC,841,535
AGTCTTG,729,413
AGTCTTT,675,416
AGTGAAA,753,474
AGTGAAC,942,604
AGTGAAG,687,455
AGTGAAT,701,419
AGTGACA,876,613
AGTGACC,1022,656
AGTGACG,886,522
AGTGACT,788,482
AGTGAGA,702,418
AGTGAGC,981,579
AGTGAGG,845,506
AGTGAGT,753,485
AGTGATA,771,446
AGTGATC,869,543
AGTGATG,637,388
AGTGATT,607,447
AGTGCAA,1102,642
AGTGCAC,1350,862
AGTGCAG,931,641
AGTGCAT,1063,643
AGTGCCA,1129,725
AGTGCCC,1233,830
AGTGCCG,984,641
AGTGCCT,1036,611
AGTGCGA,1037,657
AGTGCGC,1367,893
AGTGCGG,981,702
AGTGCGT,1002,603
AGTGCTA,826,527
AGTGCTC,1096,695
AGTGCTG,723,493
AGTGCTT,803,575
AGTGGAA,834,510
AGTGGAC,1059,665
AGTGGAG,737,416
AGTGGAT,688,429
AGTGGCA,1067,675
AGTGGCC,1186,771
AGTGGCG,979,615
AGTGGCT,877,578
AGTGGGA,882,529
AGTGGGC,1206,713
AGTGGGG,860,608
AGTGGGT,841,596
AGTGGTA,777,521
AGTGGTC,957,623
AGTGGTG,710,476
AGTGGTT,760,485
AGTGTAA,795,526
AGTGTAC,1034,622
AGTGTAG,696,458
AGTGTAT,761,462
AGTGTCA,970,640
AGTGTCC,1019,614
AGTGTCG,831,527
AGTGTCT,786,508
AGTGTGA,695,497
AGTGTGC,1009,587
AGTGTGG,871,496
AGTGTGT,770,518
AGTGTTA,698,490
AGTGTTC,870,533
AGTGTTG,664,416
AGTGTTT,692,419
AGTTAAA,767,504
AGTTAAC,1021,715
AGTTAAG,750,526
AGTTAAT,756,445
AGTTACA,972,606
AGTTACC,1045,736
AGTTACG,954,635
AGTTACT,713,496
AGTTAGA,706,455
AGTTAGC,899,622
AGTTAGG,921,640
AGTTAGT,720,446
AGTTATA,807,456
AGTTATC,901,591
AGTTATG,709,456
AGTTATT,721,411
AGTTCAA,945,621
AGTTCAC,1238,859
AGTTCAG,967,593
AGTTCAT,959,561
AGTTCCA,1081,651
AGTTCCC,1075,749
AGTTCCG,1021,676
AGTTCCT,806,548
AGTTCGA,939,652
AGTTCGC,1254,763
AGTTCGG,1046,638
AGTTCGT,952,587
AGTTCTA,737,501
AGTTCTC,966,566
AGTTCTG,795,467
AGTTCTT,726,442
AGTTGAA,665,423
AGTTGAC,923,582
AGTTGAG,680,438
AGTTGAT,661,416
AGTTGCA,925,555
AGTTGCC,1022,683
AGTTGCG,998,564
AGTTGCT,751,465
AGTTGGA,776,500
AGTTGGC,1024,661
AGTTGGG,832,577
AGTTGGT,800,495
AGTTGTA,725,441
AGTTGTC,792,575
AGTTGTG,674,436
AGTTGTT,639,456
AGTTTAA,741,543
AGTTTAC,905,569
AGTTTAG,721,496
AGTTTAT,704,482
AGTTTCA,919,585
AGTTTCC,948,627
AGTTTCG,874,590
AGTTTCT,705,443
AGTTTGA,659,443
AGTTTGC,915,593
AGTTTGG,831,524
AGTTTGT,731,444
AGTTTTA,729,497
AGTTTTC,832,512
AGTTTTG,673,432
AGTTTTT,622,398
ATAAAAA,477,324
ATAAAAC,793,481
ATAAAAG,527,389
ATAAAAT,594,366
ATAAACA,729,399
ATAAACC,911,529
ATAAACG,728,452
ATAAACT,673,417
ATAAAGA,529,357
ATAAAGC,896,565
ATAAAGG,730,428
ATAAAGT,675,421
ATAAATA,592,360
ATAAATC,728,444
ATAAATG,584,382
ATAAATT,555,368
ATAACAA,791,431
ATAACAC,981,602
ATAACAG,790,441
ATAACAT,730,468
ATAACCA,839,526
ATAACCC,1005,684
ATAACCG,881,569
ATAACCT,727,454
ATAACGA,772,511
ATAACGC,1076,697
ATAACGG,846,527
ATAACGT,818,519
ATAACTA,643,383
ATAACTC,769,511
ATAACTG,639,381
ATAACTT,625,370
ATAAGAA,548,324
ATAAGAC,800,487
ATAAGAG,594,345
ATAAGAT,601,429
ATAAGCA,808,467
ATAAGCC,948,603
ATAAGCG,785,538
ATAAGCT,711,437
ATAAGGA,693,419
ATAAGGC,1006,601
ATAAGGG,793,501
ATAAGGT,773,491
ATAAGTA,628,387
ATAAGTC,806,506
ATAAGTG,578,406
ATAAGTT,639,436
ATAATAA,567,388
ATAATAC,777,512
ATAATAG,545,307
ATAATAT,521,378
ATAATCA,698,507
ATAATCC,791,526
ATAATCG,836,492
ATAATCT,647,407
ATAATGA,551,365
ATAATGC,845,538
ATAATGG,673,434
ATAATGT,568,372
ATAATTA,544,359
ATAATTC,683,407
ATAATTG,518,280
ATAATTT,512,303
ATACAAA,750,440
ATACAAC,1036,595
ATACAAG,701,472
ATACAAT,669,460
ATACACA,963,527
ATACACC,1116,677
ATACACG,920,573
ATACACT,767,534
ATACAGA,731,481
ATACAGC,990,636
ATACAGG,826,543
ATACAGT,768,455
ATACATA,771,458
ATACATC,950,583
ATACATG,729,447
ATACATT,696,452
ATACCAA,817,521
ATACCAC,1083,744
ATACCAG,875,567
ATACCAT,836,515
ATACCCA,865,585
ATACCCC,1001,720
ATACCCG,869,615
ATACCCT,794,533
ATACCGA,859,517
ATACCGC,1216,721
ATACCGG,943,618
ATACCGT,836,552
ATACCTA,723,438
ATACCTC,813,550
ATACCTG,638,429
ATACCTT,625,449
ATACGAA,850,477
ATACGAC,1024,597
ATACGAG,742,475
ATACGAT,764,470
ATACGCA,1211,731
ATACGCC,1147,785
ATACGCG,995,598
ATACGCT,851,569
ATACGGA,838,502
ATACGGC,1171,776
ATACGGG,923,594
ATACGGT,870,591
ATACGTA,830,502
ATACGTC,952,621
ATACGTG,681,449
ATACGTT,730,461
ATACTAA,625,391
ATACTAC,798,499
ATACTAG,606,370
ATACTAT,552,392
ATACTCA,847,529
ATACTCC,817,539
ATACTCG,866,526
ATACTCT,611,416
ATACTGA,626,412
ATACTGC,854,470
ATACTGG,711,414
ATACTGT,555,386
ATACTTA,672,391
ATACTTC,783,474
ATACTTG,583,385
ATACTTT,594,342
ATAGAAA,548,334
ATAGAAC,777,454
ATAGAAG,606,359
ATAGAAT,587,416
ATAGACA,690,484
ATAGACC,869,558
ATAGACG,677,439
ATAGACT,646,451
ATAGAGA,562,352
ATAGAGC,800,518
ATAGAGG,665,437
ATAGAGT,594,380
ATAGATA,593,372
ATAGATC,704,442
ATAGATG,518,362
ATAGATT,554,325
ATAGCAA,813,611
ATAGCAC,1086,713
ATAGCAG,784,480
ATAGCAT,819,532
ATAGCCA,986,622
ATAGCCC,1046,707
ATAGCCG,907,505
ATAGCCT,826,588
ATAGCGA,793,519
ATAGCGC,1113,775
ATAGCGG,813,534
ATAGCGT,853,565
ATAGCTA,763,395
ATAGCTC,926,538
ATAGCTG,625,426
ATAGCTT,709,412
ATAGGAA,698,442
ATAGGAC,935,595
ATAGGAG,617,390
ATAGGAT,716,416
ATAGGCA,993,632
ATAGGCC,1105,697
ATAGGCG,852,508
ATAGGCT,849,495
ATAGGGA,801,487
ATAGGGC,1037,683
ATAGGGG,818,497
ATAGGGT,774,539
ATAGGTA,728,498
ATAGGTC,937,568
ATAGGTG,589,409
ATAGGTT,670,429
ATAGTAA,644,420
ATAGTAC,835,527
ATAGTAG,598,370
ATAGTAT,609,403
ATAGTCA,823,523
ATAGTCC,917,533
ATAGTCG,740,453
ATAGTCT,697,396
ATAGTGA,647,381
ATAGTGC,864,573
ATAGTGG,643,378
ATAGTGT,681,391
ATAGTTA,649,415
ATAGTTC,757,480
ATAGTTG,539,335
ATAGTTT,549,381
ATATAAA,590,401
ATATAAC,819,533
ATATAAG,629,431
ATATAAT,581,386
ATATACA,747,514
ATATACC,872,566
ATATACG,791,555
ATATACT,646,414
ATATAGA,541,366
ATATAGC,800,507
ATATAGG,682,459
ATATAGT,657,373
ATATATA,581,399
ATATATC,786,467
ATATATG,603,368
ATATATT,587,345
ATATCAA,764,484
ATATCAC,988,676
ATATCAG,835,489
ATATCAT,722,468
ATATCCA,843,546
ATATCCC,929,625
ATATCCG,862,551
ATATCCT,687,512
ATATCGA,805,499
ATATCGC,1117,685
ATATCGG,936,532
ATATCGT,777,578
ATATCTA,680,446
ATATCTC,816,517
ATATCTG,643,364
ATATCTT,693,401
ATATGAA,576,417
ATATGAC,821,515
ATATGAG,642,376
ATATGAT,624,384
ATATGCA,878,603
ATATGCC,952,600
ATATGCG,962,566
ATATGCT,711,485
ATATGGA,702,457
ATATGGC,958,578
ATATGGG,836,477
ATATGGT,773,438
ATATGTA,667,408
ATATGTC,803,540
ATATGTG,642,422
ATATGTT,563,361
ATATTAA,579,354
ATATTAC,722,485
ATATTAG,625,394
ATATTAT,619,331
ATATTCA,843,445
ATATTCC,767,525
ATATTCG,813,506
ATATTCT,583,410
ATATTGA,602,390
ATATTGC,783,450
ATATTGG,637,408
ATATTGT,597,356
ATATTTA,576,380
ATATTTC,706,466
ATATTTG,565,332
ATATTTT,523,340
ATCAAAA,666,407
ATCAAAC,1013,641
ATCAAAG,799,452
ATCAAAT,726,470
ATCAACA,911,578
ATCAACC,1068,685
ATCAACG,1002,564
ATCAACT,793,466
ATCAAGA,665,452
ATCAAGC,911,646
ATCAAGG,933,560
ATCAAGT,747,442
ATCAATA,691,440
ATCAATC,842,579
ATCAATG,621,476
ATCAATT,652,434
ATCACAA,959,563
ATCACAC,1154,793
ATCACAG,929,588
ATCACAT,882,596
ATCACCA,1015,648
ATCACCC,1161,743
ATCACCG,1023,668
ATCACCT,829,490
ATCACGA,908,536
ATCACGC,1144,812
ATCACGG,1005,691
ATCACGT,927,680
ATCACTA,866,471
ATCACTC,939,564
ATCACTG,727,467
ATCACTT,747,465
ATCAGAA,692,437
ATCAGAC,879,634
ATCAGAG,685,449
ATCAGAT,653,431
ATCAGCA,980,633
ATCAGCC,1057,780
ATCAGCG,937,624
ATCAGCT,820,568
ATCAGGA,805,529
ATCAGGC,1084,732
ATCAGGG,952,608
ATCAGGT,795,494
ATCAGTA,724,420
ATCAGTC,871,538
ATCAGTG,679,419
ATCAGTT,651,426
ATCATAA,676,414
ATCATAC,948,569
ATCATAG,663,433
ATCATAT,659,472
ATCATCA,914,601
ATCATCC,897,581
ATCATCG,913,571
ATCATCT,696,451
ATCATGA,669,433
ATCATGC,916,616
ATCATGG,794,488
ATCATGT,701,469
ATCATTA,668,414
ATCATTC,741,507
ATCATTG,641,361
ATCATTT,618,415
ATCCAAA,766,522
ATCCAAC,964,647
ATCCAAG,792,475
ATCCAAT,691,506
ATCCACA,995,709
ATCCACC,1105,725
ATCCACG,1039,632
ATCCACT,808,519
ATCCAGA,720,513
ATCCAGC,1036,666
ATCCAGG,864,580
ATCCAGT,727,475
ATCCATA,741,455
ATCCATC,882,586
ATCCATG,747,437
ATCCATT,732,434
ATCCCAA,880,587
ATCCCAC,1164,707
ATCCCAG,832,511
ATCCCAT,817,544
ATCCCCA,934,627
ATCCCCC,1094,768
ATCCCCG,987,612
ATCCCCT,808,516
ATCCCGA,871,545
ATCCCGC,1165,792
ATCCCGG,1017,648
ATCCCGT,840,533
ATCCCTA,684,490
ATCCCTC,825,536
ATCCCTG,716,458
ATCCCTT,658,441
ATCCGAA,833,472
ATCCGAC,1038,700
ATCCGAG,769,493
ATCCGAT,771,486
ATCCGCA,1084,683
ATCCGCC,1283,835
ATCCGCG,1050,648
ATCCGCT,861,581
ATCCGGA,875,559
ATCCGGC,1203,771
ATCCGGG,1006,641
ATCCGGT,882,632
ATCCGTA,820,522
ATCCGTC,1000,624
ATCCGTG,781,486
ATCCGTT,839,447
ATCCTAA,703,421
ATCCTAC,835,460
ATCCTAG,697,413
ATCCTAT,578,404
ATCCTCA,855,556
ATCCTCC,861,581
ATCCTCG,780,531
ATCCTCT,690,385
ATCCTGA,670,392
ATCCTGC,849,575
ATCCTGG,768,461
ATCCTGT,676,397
ATCCTTA,609,418
ATCCTTC,783,480
ATCCTTG,643,372
ATCCTTT,588,368
ATCGAAA,735,491
ATCGAAC,1000,603
ATCGAAG,775,471
ATCGAAT,687,472
ATCGACA,936,604
ATCGACC,1089,677
ATCGACG,778,557
ATCGACT,794,482
ATCGAGA,757,459
ATCGAGC,921,572
ATCGAGG,885,517
ATCGAGT,769,482
ATCGATA,730,462
ATCGATC,857,531
ATCGATG,653,400
ATCGATT,650,388
ATCGCAA,1024,709
ATCGCAC,1443,848
ATCGCAG,974,621
ATCGCAT,982,657
ATCGCCA,1156,760
ATCGCCC,1229,850
ATCGCCG,1043,639
ATCGCCT,1037,610
ATCGCGA,963,631
ATCGCGC,1230,832
ATCGCGG,1033,675
ATCGCGT,941,607
ATCGCTA,877,583
ATCGCTC,1048,644
ATCGCTG,757,466
ATCGCTT,859,502
ATCGGAA,914,548
ATCGGAC,1097,684
ATCGGAG,731,518
ATCGGAT,803,461
ATCGGCA,1183,776
ATCGGCC,1268,826
ATCGGCG,949,617
ATCGGCT,954,560
ATCGGGA,885,595
ATCGGGC,1199,761
ATCGGGG,1019,620
ATCGGGT,950,630
ATCGGTA,875,522
ATCGGTC,1096,670
ATCGGTG,749,479
ATCGGTT,796,530
ATCGTAA,787,503
ATCGTAC,1028,660
ATCGTAG,741,462
ATCGTAT,735,436
ATCGTCA,984,614
ATCGTCC,1042,719
ATCGTCG,772,532
ATCGTCT,776,533
ATCGTGA,768,473
ATCGTGC,968,657
ATCGTGG,714,498
ATCGTGT,756,470
ATCGTTA,766,460
ATCGTTC,853,540
ATCGTTG,606,412
ATCGTTT,710,429
ATCTAAA,694,407
ATCTAAC,839,513
ATCTAAG,663,472
ATCTAAT,621,418
ATCTACA,697,468
ATCTACC,798,479
ATCTACG,778,516
ATCTACT,660,366
ATCTAGA,623,460
ATCTAGC,853,520
ATCTAGG,789,493
ATCTAGT,682,405
ATCTATA,640,390
ATCTATC,691,467
ATCTATG,625,428
ATCTATT,633,324
ATCTCAA,784,548
ATCTCAC,1017,712
ATCTCAG,823,505
ATCTCAT,708,525
ATCTCCA,937,554
ATCTCCC,931,642
ATCTCCG,924,567
ATCTCCT,744,453
ATCTCGA,833,513
ATCTCGC,1050,651
ATCTCGG,912,548
ATCTCGT,720,543
ATCTCTA,644,447
ATCTCTC,804,501
ATCTCTG,633,413
ATCTCTT,584,378
ATCTGAA,662,457
ATCTGAC,823,497
ATCTGAG,662,403
ATCTGAT,645,341
ATCTGCA,884,585
ATCTGCC,937,606
ATCTGCG,914,587
ATCTGCT,696,484
ATCTGGA,727,496
ATCTGGC,1046,607
ATCTGGG,799,559
ATCTGGT,695,458
ATCTGTA,731,414
ATCTGTC,806,488
ATCTGTG,655,399
ATCTGTT,633,391
ATCTTAA,626,407
ATCTTAC,783,501
ATCTTAG,701,399
ATCTTAT,570,373
ATCTTCA,745,493
ATCTTCC,839,521
ATCTTCG,821,506
ATCTTCT,603,413
ATCTTGA,630,399
ATCTTGC,834,527
ATCTTGG,677,405
ATCTTGT,605,356
ATCTTTA,565,384
ATCTTTC,683,425
ATCTTTG,586,336
ATCTTTT,580,328
ATGAAAA,635,354
ATGAAAC,917,572
ATGAAAG,697,413
ATGAAAT,662,402
ATGAACA,833,524
ATGAACC,1040,636
ATGAACG,846,494
ATGAACT,753,480
ATGAAGA,622,415
ATGAAGC,883,590
ATGAAGG,676,507
ATGAAGT,661,407
ATGAATA,645,406
ATGAATC,845,542
ATGAATG,655,433
ATGAATT,671,397
ATGACAA,878,537
ATGACAC,1092,712
ATGACAG,797,491
ATGACAT,771,537
ATGACCA,919,599
ATGACCC,1044,653
ATGACCG,900,639
ATGACCT,785,496
ATGACGA,764,503
ATGACGC,986,645
ATGACGG,857,491
ATGACGT,750,500
ATGACTA,723,449
ATGACTC,864,529
ATGACTG,622,427
ATGACTT,688,392
ATGAGAA,546,396
ATGAGAC,828,556
ATGAGAG,665,383
ATGAGAT,590,387
ATGAGCA,764,504
ATGAGCC,969,647
ATGAGCG,808,495
ATGAGCT,718,505
ATGAGGA,699,478
ATGAGGC,989,595
ATGAGGG,842,554
ATGAGGT,751,461
ATGAGTA,725,396
ATGAGTC,806,462
ATGAGTG,626,387
ATGAGTT,641,406
ATGATAA,613,403
ATGATAC,817,584
ATGATAG,618,411
ATGATAT,616,360
ATGATCA,896,500
ATGATCC,852,554
ATGATCG,766,528
ATGATCT,694,421
ATGATGA,636,338
ATGATGC,853,503
ATGATGG,673,406
ATGATGT,645,419
ATGATTA,585,381
ATGATTC,713,417
ATGATTG,592,357
ATGATTT,588,329
ATGCAAA,975,673
ATGCAAC,1318,804
ATGCAAG,968,550
ATGCAAT,890,557
ATGCACA,1248,769
ATGCACC,1340,891
ATGCACG,1172,783
ATGCACT,1016,652
ATGCAGA,854,494
ATGCAGC,1160,759
ATGCAGG,935,600
ATGCAGT,878,537
ATGCATA,885,572
ATGCATC,1170,780
ATGCATG,815,569
ATGCATT,795,586
ATGCCAA,1092,744
ATGCCAC,1420,929
ATGCCAG,1016,694
ATGCCAT,1006,659
ATGCCCA,1245,832
ATGCCCC,1371,877
ATGCCCG,1123,680
ATGCCCT,980,584
ATGCCGA,921,556
ATGCCGC,1183,832
ATGCCGG,1089,711
ATGCCGT,960,625
ATGCCTA,879,608
ATGCCTC,1127,735
ATGCCTG,880,557
ATGCCTT,755,573
ATGCGAA,957,636
ATGCGAC,1229,776
ATGCGAG,867,576
ATGCGAT,861,564
ATGCGCA,1306,862
ATGCGCC,1336,841
ATGCGCG,1094,742
ATGCGCT,996,668
ATGCGGA,1016,621
ATGCGGC,1321,864
ATGCGGG,983,684
ATGCGGT,1012,669
ATGCGTA,970,643
ATGCGTC,1146,756
ATGCGTG,826,553
ATGCGTT,932,560
ATGCTAA,805,501
ATGCTAC,1021,662
ATGCTAG,717,516
ATGCTAT,734,453
ATGCTCA,1010,673
ATGCTCC,1141,685
ATGCTCG,933,583
ATGCTCT,777,542
ATGCTGA,692,470
ATGCTGC,1053,643
ATGCTGG,827,544
ATGCTGT,673,454
ATGCTTA,773,489
ATGCTTC,945,618
ATGCTTG,717,430
ATGCTTT,718,407
ATGGAAA,763,488
ATGGAAC,1000,599
ATGGAAG,719,450
ATGGAAT,738,501
ATGGACA,997,637
ATGGACC,1112,715
ATGGACG,909,595
ATGGACT,862,511
ATGGAGA,646,379
ATGGAGC,939,604
ATGGAGG,783,481
ATGGAGT,670,451
ATGGATA,743,494
ATGGATC,934,591
ATGGATG,678,441
ATGGATT,713,485
ATGGCAA,1130,735
ATGGCAC,1440,884
ATGGCAG,1044,643
ATGGCAT,1033,644
ATGGCCA,1286,831
ATGGCCC,1406,919
ATGGCCG,1021,622
ATGGCCT,1034,689
ATGGCGA,980,637
ATGGCGC,1279,782
ATGGCGG,952,624
ATGGCGT,952,598
ATGGCTA,929,606
ATGGCTC,1200,788
ATGGCTG,775,528
ATGGCTT,865,556
ATGGGAA,891,548
ATGGGAC,1146,706
ATGGGAG,688,428
ATGGGAT,908,508
ATGGGCA,1186,754
ATGGGCC,1328,907
ATGGGCG,1067,648
ATGGGCT,995,584
ATGGGGA,934,554
ATGGGGC,1255,797
ATGGGGG,932,583
ATGGGGT,883,586
ATGGGTA,917,574
ATGGGTC,1126,632
ATGGGTG,705,448
ATGGGTT,859,519
ATGGTAA,820,537
ATGGTAC,1052,705
ATGGTAG,715,486
ATGGTAT,807,530
ATGGTCA,1034,667
ATGGTCC,1078,761
ATGGTCG,879,541
ATGGTCT,862,548
ATGGTGA,730,493
ATGGTGC,986,694
ATGGTGG,727,488
ATGGTGT,720,457
ATGGTTA,803,508
ATGGTTC,948,600
ATGGTTG,707,419
ATGGTTT,781,500
ATGTAAA,769,533
ATGTAAC,1034,611
ATGTAAG,781,485
ATGTAAT,726,507
ATGTACA,995,665
ATGTACC,1168,702
ATGTACG,973,618
ATGTACT,802,517
ATGTAGA,741,429
ATGTAGC,945,610
ATGTAGG,769,530
ATGTAGT,724,455
ATGTATA,742,490
ATGTATC,909,521
ATGTATG,749,502
ATGTATT,664,504
ATGTCAA,1011,668
ATGTCAC,1237,854
ATGTCAG,918,629
ATGTCAT,958,511
ATGTCCA,1111,670
ATGTCCC,1113,761
ATGTCCG,1061,663
ATGTCCT,926,592
ATGTCGA,864,527
ATGTCGC,1146,685
ATGTCGG,921,594
ATGTCGT,802,522
ATGTCTA,843,523
ATGTCTC,935,617
ATGTCTG,711,467
ATGTCTT,759,470
ATGTGAA,754,469
ATGTGAC,954,600
ATGTGAG,689,487
ATGTGAT,698,427
ATGTGCA,1083,667
ATGTGCC,1161,713
ATGTGCG,1028,674
ATGTGCT,816,544
ATGTGGA,868,491
ATGTGGC,1045,655
ATGTGGG,884,531
ATGTGGT,811,511
ATGTGTA,790,486
ATGTGTC,924,622
ATGTGTG,745,422
ATGTGTT,697,493
ATGTTAA,784,501
ATGTTAC,915,563
ATGTTAG,694,472
ATGTTAT,698,460
ATGTTCA,925,576
ATGTTCC,925,646
ATGTTCG,886,554
ATGTTCT,799,499
ATGTTGA,681,422
ATGTTGC,824,551
ATGTTGG,698,458
ATGTTGT,637,449
ATGTTTA,754,447
ATGTTTC,857,509
ATGTTTG,661,469
ATGTTTT,658,444
ATTAAAA,651,381
ATTAAAC,870,562
ATTAAAG,705,444
ATTAAAT,683,446
ATTAACA,816,496
ATTAACC,971,591
ATTAACG,852,547
ATTAACT,658,460
ATTAAGA,611,382
ATTAAGC,921,544
ATTAAGG,790,510
ATTAAGT,673,420
ATTAATA,609,386
ATTAATC,762,482
ATTAATG,584,396
ATTAATT,600,355
ATTACAA,902,513
ATTACAC,1097,725
ATTACAG,850,534
ATTACAT,795,482
ATTACCA,913,622
ATTACCC,1001,662
ATTACCG,895,566
ATTACCT,748,468
ATTACGA,853,561
ATTACGC,1126,740
ATTACGG,894,579
ATTACGT,895,543
ATTACTA,716,431
ATTACTC,903,514
ATTACTG,638,419
ATTACTT,684,465
ATTAGAA,595,384
ATTAGAC,815,526
ATTAGAG,631,406
ATTAGAT,641,421
ATTAGCA,874,596
ATTAGCC,960,640
ATTAGCG,878,571
ATTAGCT,766,481
ATTAGGA,773,485
ATTAGGC,992,653
ATTAGGG,867,515
ATTAGGT,752,497
ATTAGTA,700,428
ATTAGTC,834,537
ATTAGTG,636,408
ATTAGTT,650,387
ATTATAA,609,395
ATTATAC,788,472
ATTATAG,622,393
ATTATAT,625,392
ATTATCA,788,470
ATTATCC,899,504
ATTATCG,794,554
ATTATCT,649,437
ATTATGA,631,410
ATTATGC,904,571
ATTATGG,734,452
ATTATGT,671,435
ATTATTA,572,374
ATTATTC,776,482
ATTATTG,615,370
ATTATTT,545,373
ATTCAAA,826,534
ATTCAAC,1104,711
ATTCAAG,885,517
ATTCAAT,830,491
ATTCACA,1048,698
ATTCACC,1116,767
ATTCACG,975,722
ATTCACT,848,539
ATTCAGA,768,476
ATTCAGC,1062,697
ATTCAGG,900,578
ATTCAGT,851,563
ATTCATA,777,467
ATTCATC,963,611
ATTCATG,750,449
ATTCATT,764,436
ATTCCAA,890,562
ATTCCAC,1154,766
ATTCCAG,842,535
ATTCCAT,828,556
ATTCCCA,961,586
ATTCCCC,1092,658
ATTCCCG,946,569
ATTCCCT,745,488
ATTCCGA,874,510
ATTCCGC,1206,762
ATTCCGG,944,650
ATTCCGT,934,593
ATTCCTA,738,464
ATTCCTC,885,573
ATTCCTG,700,454
ATTCCTT,708,392
ATTCGAA,853,534
ATTCGAC,972,644
ATTCGAG,791,523
ATTCGAT,761,520
ATTCGCA,1107,702
ATTCGCC,1175,766
ATTCGCG,999,644
ATTCGCT,861,562
ATTCGGA,885,552
ATTCGGC,1231,732
ATTCGGG,984,620
ATTCGGT,919,579
ATTCGTA,859,516
ATTCGTC,973,598
ATTCGTG,762,479
ATTCGTT,706,478
ATTCTAA,696,431
ATTCTAC,789,514
ATTCTAG,678,401
ATTCTAT,610,413
ATTCTCA,819,509
ATTCTCC,852,548
ATTCTCG,766,528
ATTCTCT,693,424
ATTCTGA,641,409
ATTCTGC,862,533
ATTCTGG,746,494
ATTCTGT,643,386
ATTCTTA,703,391
ATTCTTC,739,457
ATTCTTG,604,389
ATTCTTT,573,380
ATTGAAA,682,399
ATTGAAC,852,563
ATTGAAG,637,417
ATTGAAT,667,430
ATTGACA,821,510
ATTGACC,890,602
ATTGACG,811,460
ATTGACT,650,453
ATTGAGA,588,398
ATTGAGC,883,473
ATTGAGG,698,427
ATTGAGT,645,374
ATTGATA,645,428
ATTGATC,725,491
ATTGATG,594,389
ATTGATT,625,362
ATTGCAA,914,605
ATTGCAC,1179,760
ATTGCAG,849,550
ATTGCAT,894,583
ATTGCCA,1034,743
ATTGCCC,1154,736
ATTGCCG,861,535
ATTGCCT,858,514
ATTGCGA,969,618
ATTGCGC,1179,753
ATTGCGG,916,572
ATTGCGT,967,582
ATTGCTA,778,531
ATTGCTC,937,567
ATTGCTG,633,412
ATTGCTT,718,441
ATTGGAA,713,466
ATTGGAC,991,644
ATTGGAG,672,419
ATTGGAT,753,475
ATTGGCA,1031,681
ATTGGCC,1133,693
ATTGGCG,856,521
ATTGGCT,855,475
ATTGGGA,809,516
ATTGGGC,1129,671
ATTGGGG,869,542
ATTGGGT,822,533
ATTGGTA,740,544
ATTGGTC,927,562
ATTGGTG,673,394
ATTGGTT,720,468
ATTGTAA,726,472
ATTGTAC,868,578
ATTGTAG,591,403
ATTGTAT,692,397
ATTGTCA,868,527
ATTGTCC,873,609
ATTGTCG,686,471
ATTGTCT,723,445
ATTGTGA,699,419
ATTGTGC,947,588
ATTGTGG,670,500
ATTGTGT,699,402
ATTGTTA,687,413
ATTGTTC,802,513
ATTGTTG,544,338
ATTGTTT,672,443
ATTTAAA,716,393
ATTTAAC,905,619
ATTTAAG,718,470
ATTTAAT,665,424
ATTTACA,858,613
ATTTACC,974,600
ATTTACG,868,603
ATTTACT,763,476
ATTTAGA,667,462
ATTTAGC,916,540
ATTTAGG,825,495
ATTTAGT,720,461
ATTTATA,657,434
ATTTATC,783,483
ATTTATG,637,450
ATTTATT,604,388
ATTTCAA,838,587
ATTTCAC,1088,688
ATTTCAG,806,522
ATTTCAT,775,479
ATTTCCA,926,632
ATTTCCC,918,650
ATTTCCG,911,562
ATTTCCT,717,463
ATTTCGA,801,520
ATTTCGC,1020,669
ATTTCGG,933,566
ATTTCGT,822,573
ATTTCTA,619,469
ATTTCTC,806,519
ATTTCTG,651,416
ATTTCTT,631,416
ATTTGAA,651,427
ATTTGAC,828,540
ATTTGAG,664,430
ATTTGAT,583,382
ATTTGCA,924,577
ATTTGCC,929,585
ATTTGCG,946,542
ATTTGCT,774,492
ATTTGGA,761,491
ATTTGGC,971,645
ATTTGGG,808,531
ATTTGGT,772,483
ATTTGTA,699,436
ATTTGTC,857,496
ATTTGTG,666,395
ATTTGTT,590,392
ATTTTAA,690,443
ATTTTAC,819,547
ATTTTAG,648,432
ATTTTAT,581,396
ATTTTCA,696,478
ATTTTCC,773,539
ATTTTCG,754,487
ATTTTCT,645,429
ATTTTGA,633,398
ATTTTGC,795,506
ATTTTGG,695,469
ATTTTGT,660,408
ATTTTTA,584,388
ATTTTTC,713,468
ATTTTTG,537,329
ATTTTTT,544,336
CAAAAAA,584,386
CAAAAAC,929,556
CAAAAAG,731,469
CAAAAAT,674,414
CAAAACA,856,522
CAAAACC,1047,635
CAAAACG,890,611
CAAAACT,745,487
CAAAAGA,641,465
CAAAAGC,951,635
CAAAAGG,820,527
CAAAAGT,732,473
CAAAATA,686,430
CAAAATC,877,556
CAAAATG,625,418
CAAAATT,614,354
CAAACAA,888,558
CAAACAC,1125,723
CAAACAG,947,525
CAAACAT,931,511
CAAACCA,996,648
CAAACCC,1070,700
CAAACCG,928,630
CAAACCT,873,547
CAAACGA,872,544
CAAACGC,1232,823
CAAACGG,1030,620
CAAACGT,925,617
CAAACTA,736,458
CAAACTC,928,588
CAAACTG,659,467
CAAACTT,697,475
CAAAGAA,629,406
CAAAGAC,864,543
CAAAGAG,673,436
CAAAGAT,642,421
CAAAGCA,968,572
CAAAGCC,1054,755
CAAAGCG,980,666
CAAAGCT,818,535
CAAAGGA,815,474
CAAAGGC,1121,720
CAAAGGG,906,616
CAAAGGT,905,521
CAAAGTA,767,410
CAAAGTC,914,561
CAAAGTG,663,436
CAAAGTT,654,402
CAAATAA,682,414
CAAATAC,810,532
CAAATAG,646,403
CAAATAT,631,389
CAAATCA,889,488
CAAATCC,856,579
CAAATCG,836,507
CAAATCT,693,448
CAAATGA,624,368
CAAATGC,998,581
CAAATGG,792,450
CAAATGT,651,429
CAAATTA,607,402
CAAATTC,756,475
CAAATTG,546,378
CAAATTT,536,357
CAACAAA,762,536
CAACAAC,1094,765
CAACAAG,955,519
CAACAAT,782,527
CAACACA,1145,667
CAACACC,1205,737
CAACACG,976,702
CAACACT,920,600
CAACAGA,878,563
CAACAGC,1101,789
CAACAGG,974,667
CAACAGT,876,498
CAACATA,831,538
CAACATC,1107,697
CAACATG,851,555
CAACATT,751,438
CAACCAA,902,626
CAACCAC,1249,791
CAACCAG,928,600
CAACCAT,937,579
CAACCCA,1146,679
CAACCCC,1260,784
CAACCCG,1084,715
CAACCCT,823,582
CAACCGA,918,627
CAACCGC,1300,838
CAACCGG,1085,675
CAACCGT,941,611
CAACCTA,778,600
CAACCTC,1006,645
CAACCTG,732,489
CAACCTT,808,489
CAACGAA,821,530
CAACGAC,1057,693
CAACGAG,898,530
CAACGAT,829,528
CAACGCA,1214,746
CAACGCC,1382,866
CAACGCG,1102,688
CAACGCT,948,629
CAACGGA,940,638
CAACGGC,1333,803
CAACGGG,1129,702
CAACGGT,1001,644
CAACGTA,897,581
CAACGTC,1086,643
CAACGTG,783,526
CAACGTT,818,564
CAACTAA,717,472
CAACTAC,751,457
CAACTAG,675,453
CAACTAT,639,449
CAACTCA,915,591
CAACTCC,1002,678
CAACTCG,911,538
CAACTCT,779,491
CAACTGA,596,392
CAACTGC,997,579
CAACTGG,769,495
CAACTGT,671,435
CAACTTA,657,445
CAACTTC,811,513
CAACTTG,633,417
CAACTTT,641,391
CAAGAAA,651,393
CAAGAAC,884,546
CAAGAAG,651,399
CAAGAAT,713,397
CAAGACA,846,553
CAAGACC,941,648
CAAGACG,793,500
CAAGACT,714,471
CAAGAGA,649,414
CAAGAGC,914,547
CAAGAGG,774,519
CAAGAGT,709,471
CAAGATA,727,433
CAAGATC,872,576
CAAGATG,562,385
CAAGATT,580,378
CAAGCAA,945,619
CAAGCAC,1266,811
CAAGCAG,854,578
CAAGCAT,995,590
CAAGCCA,1062,723
CAAGCCC,1260,790
CAAGCCG,1008,632
CAAGCCT,923,594
CAAGCGA,896,532
CAAGCGC,1250,767
CAAGCGG,991,643
CAAGCGT,903,673
CAAGCTA,779,551
CAAGCTC,948,678
CAAGCTG,767,462
CAAGCTT,740,515
CAAGGAA,867,543
CAAGGAC,1037,658
CAAGGAG,715,472
CAAGGAT,812,526
CAAGGCA,1134,795
CAAGGCC,1329,856
CAAGGCG,916,602
CAAGGCT,928,637
CAAGGGA,945,618
CAAGGGC,1324,850
CAAGGGG,926,628
CAAGGGT,927,601
CAAGGTA,892,531
CAAGGTC,1067,695
CAAGGTG,667,432
CAAGGTT,754,483
CAAGTAA,837,457
CAAGTAC,877,589
CAAGTAG,644,407
CAAGTAT,685,446
CAAGTCA,932,592
CAAGTCC,1021,681
CAAGTCG,823,618
CAAGTCT,711,486
CAAGTGA,664,427
CAAGTGC,978,625
CAAGTGG,733,491
CAAGTGT,713,499
CAAGTTA,683,454
CAAGTTC,787,552
CAAGTTG,602,380
CAAGTTT,606,428
CAATAAA,699,419
CAATAAC,890,619
CAATAAG,700,477
CAATAAT,650,415
CAATACA,741,506
CAATACC,923,631
CAATACG,847,579
CAATACT,663,463
CAATAGA,780,453
CAATAGC,942,602
CAATAGG,851,517
CAATAGT,757,453
CAATATA,719,452
CAATATC,867,564
CAATATG,698,427
CAATATT,603,386
CAATCAA,890,555
CAATCAC,1248,734
CAATCAG,970,576
CAATCAT,828,559
CAATCCA,1028,617
CAATCCC,1147,715
CAATCCG,1069,643
CAATCCT,795,546
CAATCGA,866,568
CAATCGC,1137,789
CAATCGG,1033,633
CAATCGT,897,604
CAATCTA,738,509
CAATCTC,884,560
CAATCTG,683,420
CAATCTT,672,468
CAATGAA,686,447
CAATGAC,884,592
CAATGAG,679,440
CAATGAT,644,427
CAATGCA,985,671
CAATGCC,1099,776
CAATGCG,992,621
CAATGCT,781,473
CAATGGA,838,541
CAATGGC,1077,709
CAATGGG,932,547
CAATGGT,867,530
CAATGTA,776,466
CAATGTC,903,610
CAATGTG,724,480
CAATGTT,700,422
CAATTAA,702,439
CAATTAC,891,520
CAATTAG,713,423
CAATTAT,659,399
CAATTCA,896,569
CAATTCC,919,616
CAATTCG,878,541
CAATTCT,675,448
CAATTGA,671,447
CAATTGC,841,542
CAATTGG,785,468
CAATTGT,700,453
CAATTTA,684,423
CAATTTC,786,471
CAATTTG,677,374
CAATTTT,591,368
CACAAAA,681,458
CACAAAC,1074,623
CACAAAG,876,494
CACAAAT,747,465
CACAACA,997,703
CACAACC,1169,718
CACAACG,1059,694
CACAACT,918,576
CACAAGA,785,500
CACAAGC,1197,677
CACAAGG,964,622
CACAAGT,803,569
CACAATA,814,491
CACAATC,1021,641
CACAATG,797,496
CACAATT,747,481
CACACAA,1028,607
CACACAC,1353,860
CACACAG,1014,619
CACACAT,1025,665
CACACCA,1185,786
CACACCC,1408,946
CACACCG,1173,790
CACACCT,1011,670
CACACGA,947,648
CACACGC,1366,1025
CACACGG,1135,707
CACACGT,1015,699
CACACTA,850,585
CACACTC,1007,689
CACACTG,802,530
CACACTT,816,502
CACAGAA,782,458
CACAGAC,1020,636
CACAGAG,747,486
CACAGAT,766,461
CACAGCA,1082,751
CACAGCC,1212,827
CACAGCG,1053,681
CACAGCT,837,618
CACAGGA,884,570
CACAGGC,1288,805
CACAGGG,1059,726
CACAGGT,864,603
CACAGTA,874,518
CACAGTC,986,705
CACAGTG,712,516
CACAGTT,737,519
CACATAA,836,563
CACATAC,1011,633
CACATAG,739,547
CACATAT,791,444
CACATCA,1031,611
CACATCC,1178,743
CACATCG,998,645
CACATCT,884,541
CACATGA,800,504
CACATGC,1115,697
CACATGG,893,610
CACATGT,854,555
CACATTA,766,484
CACATTC,907,654
CACATTG,721,461
CACATTT,728,462
CACCAAA,882,638
CACCAAC,1182,766
CACCAAG,920,557
CACCAAT,837,519
CACCACA,1158,733
CACCACC,1305,834
CACCACG,1171,729
CACCACT,969,640
CACCAGA,829,562
CACCAGC,1234,782
CACCAGG,1051,688
CACCAGT,780,623
CACCATA,838,503
CACCATC,1100,689
CACCATG,791,524
CACCATT,782,519
CACCCAA,1032,677
CACCCAC,1259,852
CACCCAG,1076,645
CACCCAT,992,643
CACCCCA,1192,739
CACCCCC,1284,887
CACCCCG,1211,719
CACCCCT,935,568
CACCCGA,1022,636
CACCCGC,1426,885
CACCCGG,1211,758
CACCCGT,1077,691
CACCCTA,787,575
CACCCTC,1100,708
CACCCTG,862,532
CACCCTT,813,528
CACCGAA,944,592
CACCGAC,1076,706
CACCGAG,860,591
CACCGAT,808,515
CACCGCA,1264,854
CACCGCC,1481,915
CACCGCG,1111,749
CACCGCT,948,650
CACCGGA,1020,596
CACCGGC,1357,965
CACCGGG,1161,706
CACCGGT,1022,678
CACCGTA,968,593
CACCGTC,1077,748
CACCGTG,877,547
CACCGTT,859,531
CACCTAA,780,471
CACCTAC,812,556
CACCTAG,737,447
CACCTAT,701,467
CACCTCA,1068,678
CACCTCC,1086,698
CACCTCG,947,654
CACCTCT,770,493
CACCTGA,703,491
CACCTGC,1024,684
CACCTGG,868,543
CACCTGT,725,498
CACCTTA,730,471
CACCTTC,926,635
CACCTTG,729,462
CACCTTT,737,437
CACGAAA,774,488
CACGAAC,1074,698
CACGAAG,741,528
CACGAAT,803,487
CACGACA,973,670
CACGACC,1067,710
CACGACG,887,596
CACGACT,858,545
CACGAGA,818,501
CACGAGC,1068,675
CACGAGG,935,592
CACGAGT,847,500
CACGATA,733,514
CACGATC,964,670
CACGATG,705,458
CACGATT,704,425
CACGCAA,1180,794
CACGCAC,1510,1006
CACGCAG,1017,678
CACGCAT,1110,666
CACGCCA,1325,837
CACGCCC,1555,1029
CACGCCG,1161,701
CACGCCT,1130,733
CACGCGA,1072,643
CACGCGC,1427,989
CACGCGG,1106,713
CACGCGT,1051,739
CACGCTA,951,581
CACGCTC,1206,754
CACGCTG,831,543
CACGCTT,869,546
CACGGAA,908,575
CACGGAC,1148,727
CACGGAG,844,520
CACGGAT,854,550
CACGGCA,1328,835
CACGGCC,1483,932
CACGGCG,1131,673
CACGGCT,1053,703
CACGGGA,1033,655
CACGGGC,1384,948
CACGGGG,1108,710
CACGGGT,1057,667
CACGGTA,990,592
CACGGTC,1222,779
CACGGTG,806,529
CACGGTT,847,541
CACGTAA,948,583
CACGTAC,1152,715
CACGTAG,775,546
CACGTAT,760,489
CACGTCA,1080,798
CACGTCC,1183,772
CACGTCG,1030,622
CACGTCT,870,571
CACGTGA,881,506
CACGTGC,1124,667
CACGTGG,891,573
CACGTGT,856,529
CACGTTA,796,521
CACGTTC,989,593
CACGTTG,704,473
CACGTTT,760,493
CACTAAA,734,413
CACTAAC,953,611
CACTAAG,818,486
CACTAAT,745,465
CACTACA,726,481
CACTACC,856,554
CACTACG,801,533
CACTACT,680,454
CACTAGA,695,490
CACTAGC,939,669
CACTAGG,874,524
CACTAGT,763,455
CACTATA,670,447
CACTATC,898,586
CACTATG,695,451
CACTATT,659,386
CACTCAA,1026,627
CACTCAC,1212,770
CACTCAG,917,613
CACTCAT,963,602
CACTCCA,1135,721
CACTCCC,1169,751
CACTCCG,1130,699
CACTCCT,850,550
CACTCGA,921,626
CACTCGC,1221,752
CACTCGG,1039,705
CACTCGT,887,597
CACTCTA,834,533
CACTCTC,1004,578
CACTCTG,745,527
CACTCTT,771,495
CACTGAA,776,494
CACTGAC,926,583
CACTGAG,749,420
CACTGAT,683,419
CACTGCA,997,662
CACTGCC,1111,701
CACTGCG,1055,641
CACTGCT,788,512
CACTGGA,840,571
CACTGGC,1210,777
CACTGGG,920,610
CACTGGT,853,551
CACTGTA,760,503
CACTGTC,982,630
CACTGTG,721,455
CACTGTT,694,446
CACTTAA,742,481
CACTTAC,918,606
CACTTAG,739,474
CACTTAT,690,449
CACTTCA,906,602
CACTTCC,1001,606
CACTTCG,930,621
CACTTCT,821,496
CACTTGA,742,465
CACTTGC,916,596
CACTTGG,845,494
CACTTGT,740,427
CACTTTA,759,482
CACTTTC,840,507
CACTTTG,680,403
CACTTTT,642,424
CAGAAAA,666,388
CAGAAAC,959,619
CAGAAAG,776,493
CAGAAAT,705,420
CAGAACA,985,602
CAGAACC,1129,700
CAGAACG,898,569
CAGAACT,792,561
CAGAAGA,629,428
CAGAAGC,961,631
CAGAAGG,849,533
CAGAAGT,769,438
CAGAATA,684,484
CAGAATC,832,575
CAGAATG,698,434
CAGAATT,699,384
CAGACAA,897,564
CAGACAC,1171,816
CAGACAG,875,582
CAGACAT,982,611
CAGACCA,1096,734
CAGACCC,1177,808
CAGACCG,1077,691
CAGACCT,900,630
CAGACGA,831,532
CAGACGC,1149,789
CAGACGG,941,577
CAGACGT,891,559
CAGACTA,818,515
CAGACTC,990,649
CAGACTG,720,507
CAGACTT,744,528
CAGAGAA,617,465
CAGAGAC,871,585
CAGAGAG,691,434
CAGAGAT,701,458
CAGAGCA,916,610
CAGAGCC,1110,717
CAGAGCG,947,555
CAGAGCT,867,553
CAGAGGA,781,529
CAGAGGC,1099,756
CAGAGGG,968,518
CAGAGGT,888,566
CAGAGTA,765,491
CAGAGTC,917,603
CAGAGTG,651,478
CAGAGTT,717,438
CAGATAA,687,455
CAGATAC,700,448
CAGATAG,666,418
CAGATAT,608,436
CAGATCA,924,565
CAGATCC,931,579
CAGATCG,926,606
CAGATCT,737,541
CAGATGA,678,441
CAGATGC,853,534
CAGATGG,706,463
CAGATGT,649,475
CAGATTA,624,393
CAGATTC,804,494
CAGATTG,617,372
CAGATTT,668,405
CAGCAAA,909,591
CAGCAAC,1279,831
CAGCAAG,1028,576
CAGCAAT,954,614
CAGCACA,1242,861
CAGCACC,1452,934
CAGCACG,1149,780
CAGCACT,1069,666
CAGCAGA,859,558
CAGCAGC,1200,850
CAGCAGG,1009,686
CAGCAGT,884,607
CAGCATA,962,593
CAGCATC,1175,777
CAGCATG,937,619
CAGCATT,887,598
CAGCCAA,1110,727
CAGCCAC,1564,1016
CAGCCAG,1142,707
CAGCCAT,1099,758
CAGCCCA,1317,893
CAGCCCC,1566,915
CAGCCCG,1274,808
CAGCCCT,1089,746
CAGCCGA,1030,641
CAGCCGC,1431,837
CAGCCGG,1139,738
CAGCCGT,996,676
CAGCCTA,928,648
CAGCCTC,1189,719
CAGCCTG,885,587
CAGCCTT,906,603
CAGCGAA,913,592
CAGCGAC,1151,780
CAGCGAG,937,589
CAGCGAT,896,573
CAGCGCA,1322,896
CAGCGCC,1528,1069
CAGCGCG,1159,792
CAGCGCT,1143,736
CAGCGGA,964,684
CAGCGGC,1457,901
CAGCGGG,1094,655
CAGCGGT,1033,670
CAGCGTA,969,625
CAGCGTC,1222,762
CAGCGTG,875,613
CAGCGTT,884,569
CAGCTAA,809,516
CAGCTAC,842,513
CAGCTAG,818,514
CAGCTAT,761,492
CAGCTCA,1016,665
CAGCTCC,1184,814
CAGCTCG,955,642
CAGCTCT,836,554
CAGCTGA,758,435
CAGCTGC,1054,617
CAGCTGG,803,515
CAGCTGT,759,535
CAGCTTA,833,519
CAGCTTC,910,584
CAGCTTG,736,478
CAGCTTT,710,474
CAGGAAA,887,563
CAGGAAC,1192,734
CAGGAAG,886,548
CAGGAAT,896,541
CAGGACA,1179,770
CAGGACC,1283,844
CAGGACG,1012,651
CAGGACT,943,572
CAGGAGA,785,488
CAGGAGC,1094,644
CAGGAGG,910,575
CAGGAGT,862,549
CAGGATA,873,527
CAGGATC,1030,661
CAGGATG,724,427
CAGGATT,778,477
CAGGCAA,1266,783
CAGGCAC,1636,1048
CAGGCAG,1114,707
CAGGCAT,1181,728
CAGGCCA,1565,923
CAGGCCC,1658,1066
CAGGCCG,1221,784
CAGGCCT,1192,761
CAGGCGA,1042,674
CAGGCGC,1504,924
CAGGCGG,1120,725
CAGGCGT,1046,729
CAGGCTA,1008,695
CAGGCTC,1255,823
CAGGCTG,925,561
CAGGCTT,968,581
CAGGGAA,1079,640
CAGGGAC,1240,804
CAGGGAG,852,541
CAGGGAT,914,581
CAGGGCA,1361,925
CAGGGCC,1625,1008
CAGGGCG,1166,755
CAGGGCT,1109,747
CAGGGGA,1031,666
CAGGGGC,1469,933
CAGGGGG,1043,713
CAGGGGT,1050,654
CAGGGTA,998,646
CAGGGTC,1274,800
CAGGGTG,807,567
CAGGGTT,906,582
CAGGTAA,932,629
CAGGTAC,1024,656
CAGGTAG,813,503
CAGGTAT,863,514
CAGGTCA,1174,773
CAGGTCC,1297,831
CAGGTCG,1207,695
CAGGTCT,891,594
CAGGTGA,798,540
CAGGTGC,1173,707
CAGGTGG,892,613
CAGGTGT,836,512
CAGGTTA,922,540
CAGGTTC,1072,682
CAGGTTG,728,451
CAGGTTT,799,470
CAGTAAA,856,533
CAGTAAC,1187,704
CAGTAAG,829,553
CAGTAAT,784,510
CAGTACA,1074,682
CAGTACC,1165,769
CAGTACG,1046,624
CAGTACT,879,611
CAGTAGA,836,460
CAGTAGC,1025,626
CAGTAGG,904,588
CAGTAGT,718,437
CAGTATA,818,534
CAGTATC,1018,622
CAGTATG,787,505
CAGTATT,753,482
CAGTCAA,1161,641
CAGTCAC,1384,899
CAGTCAG,1003,695
CAGTCAT,1020,687
CAGTCCA,1248,779
CAGTCCC,1358,820
CAGTCCG,1284,766
CAGTCCT,946,626
CAGTCGA,916,601
CAGTCGC,1243,819
CAGTCGG,961,627
CAGTCGT,908,558
CAGTCTA,873,577
CAGTCTC,1051,650
CAGTCTG,873,536
CAGTCTT,827,550
CAGTGAA,835,500
CAGTGAC,994,583
CAGTGAG,762,514
CAGTGAT,749,464
CAGTGCA,1170,742
CAGTGCC,1253,821
CAGTGCG,1085,715
CAGTGCT,1024,569
CAGTGGA,879,573
CAGTGGC,1171,814
CAGTGGG,1038,635
CAGTGGT,884,550
CAGTGTA,863,534
CAGTGTC,1089,686
CAGTGTG,757,466
CAGTGTT,757,485
CAGTTAA,859,513
CAGTTAC,937,628
CAGTTAG,846,510
CAGTTAT,767,513
CAGTTCA,1017,660
CAGTTCC,1095,739
CAGTTCG,952,671
CAGTTCT,814,522
CAGTTGA,727,504
CAGTTGC,899,603
CAGTTGG,782,521
CAGTTGT,668,433
CAGTTTA,788,548
CAGTTTC,886,583
CAGTTTG,745,472
CAGTTTT,766,449
CATAAAA,690,411
CATAAAC,922,568
CATAAAG,708,476
CATAAAT,778,448
CATAACA,962,613
CATAACC,1118,669
CATAACG,896,627
CATAACT,833,524
CATAAGA,756,469
CATAAGC,1009,630
CATAAGG,894,563
CATAAGT,731,472
CATAATA,658,457
CATAATC,899,526
CATAATG,739,437
CATAATT,719,425
CATACAA,859,645
CATACAC,1254,765
CATACAG,842,606
CATACAT,916,659
CATACCA,1036,692
CATACCC,1171,793
CATACCG,1050,662
CATACCT,909,568
CATACGA,883,611
CATACGC,1284,797
CATACGG,1060,631
CATACGT,940,679
CATACTA,771,490
CATACTC,959,592
CATACTG,690,471
CATACTT,804,476
CATAGAA,681,440
CATAGAC,935,536
CATAGAG,707,433
CATAGAT,645,451
CATAGCA,976,618
CATAGCC,1027,687
CATAGCG,958,640
CATAGCT,827,501
CATAGGA,848,495
CATAGGC,1223,716
CATAGGG,959,632
CATAGGT,961,505
CATAGTA,764,490
CATAGTC,895,573
CATAGTG,662,427
CATAGTT,669,403
CATATAA,732,438
CATATAC,738,513
CATATAG,663,413
CATATAT,620,441
CATATCA,853,594
CATATCC,984,616
CATATCG,930,570
CATATCT,706,446
CATATGA,713,454
CATATGC,930,596
CATATGG,763,519
CATATGT,781,494
CATATTA,700,417
CATATTC,833,514
CATATTG,658,360
CATATTT,641,403
CATCAAA,809,512
CATCAAC,1153,736
CATCAAG,872,583
CATCAAT,861,523
CATCACA,1043,698
CATCACC,1136,791
CATCACG,1065,673
CATCACT,916,618
CATCAGA,783,535
CATCAGC,1218,800
CATCAGG,1048,665
CATCAGT,895,544
CATCATA,872,520
CATCATC,1051,684
CATCATG,833,497
CATCATT,773,500
CATCCAA,933,558
CATCCAC,1254,793
CATCCAG,960,601
CATCCAT,937,599
CATCCCA,1065,652
CATCCCC,1281,789
CATCCCG,1073,654
CATCCCT,978,640
CATCCGA,892,668
CATCCGC,1245,809
CATCCGG,1081,633
CATCCGT,1008,687
CATCCTA,752,547
CATCCTC,1090,621
CATCCTG,812,442
CATCCTT,749,456
CATCGAA,773,533
CATCGAC,1113,704
CATCGAG,903,598
CATCGAT,841,504
CATCGCA,1205,754
CATCGCC,1380,846
CATCGCG,1066,690
CATCGCT,968,623
CATCGGA,926,614
CATCGGC,1417,828
CATCGGG,1048,701
CATCGGT,986,659
CATCGTA,812,555
CATCGTC,1129,670
CATCGTG,851,553
CATCGTT,768,535
CATCTAA,613,490
CATCTAC,748,409
CATCTAG,653,454
CATCTAT,674,439
CATCTCA,866,582
CATCTCC,949,637
CATCTCG,843,570
CATCTCT,718,462
CATCTGA,713,435
CATCTGC,875,596
CATCTGG,858,531
CATCTGT,671,478
CATCTTA,684,417
CATCTTC,803,526
CATCTTG,714,447
CATCTTT,596,419
CATGAAA,684,486
CATGAAC,990,601
CATGAAG,728,455
CATGAAT,710,421
CATGACA,952,617
CATGACC,1090,696
CATGACG,866,525
CATGACT,745,488
CATGAGA,772,465
CATGAGC,1016,615
CATGAGG,805,516
CATGAGT,727,495
CATGATA,760,429
CATGATC,904,557
CATGATG,655,424
CATGATT,669,430
CATGCAA,1011,657
CATGCAC,1345,886
CATGCAG,915,652
CATGCAT,970,668
CATGCCA,1212,828
CATGCCC,1440,912
CATGCCG,1001,683
CATGCCT,1049,638
CATGCGA,1015,682
CATGCGC,1376,908
CATGCGG,1094,639
CATGCGT,996,674
CATGCTA,911,539
CATGCTC,1096,723
CATGCTG,766,483
CATGCTT,798,508
CATGGAA,891,602
CATGGAC,1080,730
CATGGAG,805,482
CATGGAT,794,523
CATGGCA,1253,752
CATGGCC,1307,831
CATGGCG,995,643
CATGGCT,966,630
CATGGGA,950,630
CATGGGC,1274,868
CATGGGG,997,619
CATGGGT,948,599
CATGGTA,820,561
CATGGTC,1092,725
CATGGTG,715,503
CATGGTT,808,531
CATGTAA,866,522
CATGTAC,893,599
CATGTAG,655,490
CATGTAT,722,471
CATGTCA,1015,628
CATGTCC,998,689
CATGTCG,845,551
CATGTCT,836,502
CATGTGA,799,508
CATGTGC,1028,663
CATGTGG,787,494
CATGTGT,829,485
CATGTTA,816,485
CATGTTC,921,594
CATGTTG,628,459
CATGTTT,662,458
CATTAAA,770,496
CATTAAC,1009,659
CATTAAG,740,533
CATTAAT,742,455
CATTACA,956,563
CATTACC,1041,691
CATTACG,959,619
CATTACT,758,502
CATTAGA,767,507
CATTAGC,951,651
CATTAGG,902,519
CATTAGT,761,481
CATTATA,751,473
CATTATC,874,584
CATTATG,720,479
CATTATT,691,493
CATTCAA,987,600
CATTCAC,1299,828
CATTCAG,969,614
CATTCAT,914,603
CATTCCA,1080,701
CATTCCC,1184,736
CATTCCG,1072,678
CATTCCT,885,546
CATTCGA,953,579
CATTCGC,1284,747
CATTCGG,1045,641
CATTCGT,990,639
CATTCTA,772,503
CATTCTC,913,601
CATTCTG,803,473
CATTCTT,759,484
CATTGAA,734,480
CATTGAC,947,577
CATTGAG,806,486
CATTGAT,712,435
CATTGCA,1000,711
CATTGCC,1146,768
CATTGCG,1012,673
CATTGCT,828,513
CATTGGA,821,543
CATTGGC,1189,678
CATTGGG,960,613
CATTGGT,906,519
CATTGTA,776,512
CATTGTC,928,592
CATTGTG,737,468
CATTGTT,744,446
CATTTAA,791,474
CATTTAC,865,587
CATTTAG,769,485
CATTTAT,702,439
CATTTCA,955,572
CATTTCC,952,652
CATTTCG,970,591
CATTTCT,722,479
CATTTGA,760,459
CATTTGC,903,635
CATTTGG,781,536
CATTTGT,671,480
CATTTTA,745,449
CATTTTC,830,528
CATTTTG,687,385
CATTTTT,656,412
CCAAAAA,681,428
CCAAAAC,996,621
CCAAAAG,719,469
CCAAAAT,650,425
CCAAACA,952,590
CCAAACC,1043,670
CCAAACG,974,641
CCAAACT,824,484
CCAAAGA,689,414
CCAAAGC,953,621
CCAAAGG,822,488
CCAAAGT,723,512
CCAAATA,683,438
CCAAATC,825,550
CCAAATG,618,421
CCAAATT,619,420
CCAACAA,933,546
CCAACAC,1141,787
CCAACAG,815,620
CCAACAT,830,583
CCAACCA,1072,670
CCAACCC,1149,786
CCAACCG,979,697
CCAACCT,865,497
CCAACGA,893,511
CCAACGC,1319,841
CCAACGG,992,679
CCAACGT,901,642
CCAACTA,759,458
CCAACTC,898,623
CCAACTG,643,460
CCAACTT,711,490
CCAAGAA,677,395
CCAAGAC,913,575
CCAAGAG,684,421
CCAAGAT,643,431
CCAAGCA,993,595
CCAAGCC,1132,664
CCAAGCG,872,625
CCAAGCT,775,530
CCAAGGA,746,518
CCAAGGC,1117,732
CCAAGGG,892,625
CCAAGGT,869,528
CCAAGTA,659,447
CCAAGTC,840,548
CCAAGTG,652,414
CCAAGTT,638,428
CCAATAA,647,424
CCAATAC,841,583
CCAATAG,637,425
CCAATAT,624,442
CCAATCA,873,582
CCAATCC,909,639
CCAATCG,892,555
CCAATCT,687,412
CCAATGA,611,415
CCAATGC,907,642
CCAATGG,801,505
CCAATGT,661,450
CCAATTA,607,446
CCAATTC,796,544
CCAATTG,552,421
CCAATTT,668,390
CCACAAA,792,563
CCACAAC,1168,724
CCACAAG,809,534
CCACAAT,840,554
CCACACA,1170,758
CCACACC,1249,848
CCACACG,998,735
CCACACT,959,604
CCACAGA,792,553
CCACAGC,1171,780
CCACAGG,963,636
CCACAGT,811,538
CCACATA,829,524
CCACATC,1004,721
CCACATG,768,567
CCACATT,746,504
CCACCAA,957,572
CCACCAC,1197,873
CCACCAG,918,623
CCACCAT,841,629
CCACCCA,1133,739
CCACCCC,1293,820
CCACCCG,1053,693
CCACCCT,889,594
CCACCGA,899,652
CCACCGC,1370,894
CCACCGG,1131,694
CCACCGT,959,601
CCACCTA,823,549
CCACCTC,1001,654
CCACCTG,813,554
CCACCTT,763,486
CCACGAA,861,544
CCACGAC,1132,722
CCACGAG,794,560
CCACGAT,813,512
CCACGCA,1267,796
CCACGCC,1301,917
CCACGCG,1079,637
CCACGCT,962,623
CCACGGA,966,662
CCACGGC,1333,845
CCACGGG,1041,658
CCACGGT,952,630
CCACGTA,904,583
CCACGTC,1000,691
CCACGTG,741,522
CCACGTT,834,531
CCACTAA,774,439
CCACTAC,849,540
CCACTAG,721,437
CCACTAT,648,444
CCACTCA,942,609
CCACTCC,1024,648
CCACTCG,925,628
CCACTCT,733,451
CCACTGA,685,507
CCACTGC,942,617
CCACTGG,745,534
CCACTGT,693,458
CCACTTA,688,421
CCACTTC,799,558
CCACTTG,666,450
CCACTTT,617,427
CCAGAAA,692,448
CCAGAAC,850,586
CCAGAAG,647,442
CCAGAAT,644,421
CCAGACA,924,603
CCAGACC,1115,708
CCAGACG,780,566
CCAGACT,806,549
CCAGAGA,621,420
CCAGAGC,989,624
CCAGAGG,788,494
CCAGAGT,666,473
CCAGATA,690,437
CCAGATC,835,580
CCAGATG,527,406
CCAGATT,665,393
CCAGCAA,1036,654
CCAGCAC,1318,834
CCAGCAG,810,575
CCAGCAT,943,582
CCAGCCA,1099,738
CCAGCCC,1252,860
CCAGCCG,977,658
CCAGCCT,900,623
CCAGCGA,856,596
CCAGCGC,1177,808
CCAGCGG,880,572
CCAGCGT,902,610
CCAGCTA,749,515
CCAGCTC,964,655
CCAGCTG,431,262
CCAGCTT,665,497
CCAGGAA,835,555
CCAGGAC,1073,695
CCAGGAG,814,451
CCAGGAT,831,500
CCAGGCA,1182,778
CCAGGCC,1367,827
CCAGGCG,981,620
CCAGGCT,953,657
CCAGGGA,912,546
CCAGGGC,1277,876
CCAGGGG,1010,620
CCAGGGT,918,594
CCAGGTA,849,537
CCAGGTC,1092,705
CCAGGTG,586,450
CCAGGTT,763,490
CCAGTAA,711,508
CCAGTAC,937,648
CCAGTAG,619,390
CCAGTAT,653,408
CCAGTCA,973,660
CCAGTCC,948,634
CCAGTCG,868,535
CCAGTCT,686,504
CCAGTGA,651,464
CCAGTGC,975,605
CCAGTGG,763,516
CCAGTGT,658,471
CCAGTTA,703,448
CCAGTTC,830,625
CCAGTTG,546,365
CCAGTTT,688,403
CCATAAA,762,486
CCATAAC,983,611
CCATAAG,684,493
CCATAAT,696,440
CCATACA,945,633
CCATACC,1033,723
CCATACG,989,596
CCATACT,786,467
CCATAGA,728,425
CCATAGC,933,680
CCATAGG,841,563
CCATAGT,713,458
CCATATA,672,426
CCATATC,854,535
CCATATG,650,434
CCATATT,627,462
CCATCAA,902,545
CCATCAC,1186,730
CCATCAG,898,618
CCATCAT,794,539
CCATCCA,1006,670
CCATCCC,1145,741
CCATCCG,1011,662
CCATCCT,796,526
CCATCGA,856,547
CCATCGC,1110,764
CCATCGG,1000,686
CCATCGT,937,555
CCATCTA,739,456
CCATCTC,837,601
CCATCTG,686,496
CCATCTT,657,446
CCATGAA,682,453
CCATGAC,899,601
CCATGAG,636,463
CCATGAT,610,442
CCATGCA,1072,700
CCATGCC,1065,785
CCATGCG,961,679
CCATGCT,772,517
CCATGGA,762,518
CCATGGC,1033,704
CCATGGG,896,593
CCATGGT,810,509
CCATGTA,734,549
CCATGTC,934,655
CCATGTG,688,434
CCATGTT,690,426
CCATTAA,711,435
CCATTAC,947,615
CCATTAG,672,467
CCATTAT,643,398
CCATTCA,884,635
CCATTCC,971,625
CCATTCG,907,582
CCATTCT,689,468
CCATTGA,655,388
CCATTGC,892,593
CCATTGG,755,481
CCATTGT,686,445
CCATTTA,704,450
CCATTTC,823,538
CCATTTG,613,401
CCATTTT,617,415
CCCAAAA,726,480
CCCAAAC,968,651
CCCAAAG,707,470
CCCAAAT,682,420
CCCAACA,921,575
CCCAACC,1039,694
CCCAACG,900,734
CCCAACT,767,466
CCCAAGA,783,480
CCCAAGC,1045,660
CCCAAGG,915,568
CCCAAGT,743,497
CCCAATA,697,471
CCCAATC,864,602
CCCAATG,671,439
CCCAATT,635,417
CCCACAA,866,591
CCCACAC,1268,796
CCCACAG,854,557
CCCACAT,942,539
CCCACCA,1002,717
CCCACCC,1213,780
CCCACCG,1139,756
CCCACCT,944,621
CCCACGA,906,594
CCCACGC,1323,811
CCCACGG,1066,661
CCCACGT,898,618
CCCACTA,795,500
CCCACTC,957,693
CCCACTG,708,460
CCCACTT,684,461
CCCAGAA,683,458
CCCAGAC,939,582
CCCAGAG,687,445
CCCAGAT,701,450
CCCAGCA,1028,680
CCCAGCC,1194,746
CCCAGCG,921,623
CCCAGCT,830,566
CCCAGGA,789,526
CCCAGGC,1106,764
CCCAGGG,919,588
CCCAGGT,856,589
CCCAGTA,761,494
CCCAGTC,892,592
CCCAGTG,708,455
CCCAGTT,646,431
CCCATAA,707,463
CCCATAC,925,633
CCCATAG,662,451
CCCATAT,684,469
CCCATCA,993,580
CCCATCC,1076,582
CCCATCG,898,641
CCCATCT,731,444
CCCATGA,708,452
CCCATGC,957,683
CCCATGG,820,530
CCCATGT,747,507
CCCATTA,694,447
CCCATTC,868,565
CCCATTG,613,410
CCCATTT,665,374
CCCCAAA,825,506
CCCCAAC,1062,679
CCCCAAG,784,532
CCCCAAT,766,455
CCCCACA,1032,677
CCCCACC,1202,754
CCCCACG,1024,702
CCCCACT,831,528
CCCCAGA,741,531
CCCCAGC,1102,748
CCCCAGG,950,607
CCCCAGT,798,509
CCCCATA,749,488
CCCCATC,990,667
CCCCATG,710,507
CCCCATT,767,481
CCCCCAA,934,570
CCCCCAC,1216,836
CCCCCAG,963,623
CCCCCAT,846,564
CCCCCCA,1016,705
CCCCCCC,1171,792
CCCCCCG,1045,680
CCCCCCT,890,590
CCCCCGA,933,558
CCCCCGC,1308,901
CCCCCGG,1181,674
CCCCCGT,928,585
CCCCCTA,729,506
CCCCCTC,960,593
CCCCCTG,766,509
CCCCCTT,682,495
CCCCGAA,871,558
CCCCGAC,1103,701
CCCCGAG,830,534
CCCCGAT,754,551
CCCCGCA,1176,760
CCCCGCC,1328,833
CCCCGCG,1004,699
CCCCGCT,871,602
CCCCGGA,940,633
CCCCGGC,1307,892
CCCCGGG,1019,705
CCCCGGT,985,606
CCCCGTA,819,580
CCCCGTC,1087,664
CCCCGTG,829,523
CCCCGTT,873,502
CCCCTAA,687,447
CCCCTAC,789,554
CCCCTAG,681,437
CCCCTAT,572,391
CCCCTCA,879,589
CCCCTCC,1049,612
CCCCTCG,825,594
CCCCTCT,677,477
CCCCTGA,695,416
CCCCTGC,909,574
CCCCTGG,755,488
CCCCTGT,653,410
CCCCTTA,660,443
CCCCTTC,838,490
CCCCTTG,649,383
CCCCTTT,639,377
CCCGAAA,790,490
CCCGAAC,1050,662
CCCGAAG,711,495
CCCGAAT,701,497
CCCGACA,961,663
CCCGACC,1140,717
CCCGACG,867,528
CCCGACT,835,557
CCCGAGA,787,477
CCCGAGC,1028,649
CCCGAGG,953,614
CCCGAGT,803,537
CCCGATA,730,484
CCCGATC,904,640
CCCGATG,638,476
CCCGATT,741,443
CCCGCAA,1102,701
CCCGCAC,1468,972
CCCGCAG,989,636
CCCGCAT,939,721
CCCGCCA,1379,831
CCCGCCC,1425,988
CCCGCCG,1109,697
CCCGCCT,1001,701
CCCGCGA,1055,715
CCCGCGC,1329,952
CCCGCGG,1055,678
CCCGCGT,1012,638
CCCGCTA,909,616
CCCGCTC,1137,749
CCCGCTG,815,519
CCCGCTT,771,482
CCCGGAA,964,586
CCCGGAC,1230,803
CCCGGAG,814,518
CCCGGAT,879,529
CCCGGCA,1286,846
CCCGGCC,1497,987
CCCGGCG,999,657
CCCGGCT,1040,643
CCCGGGA,955,623
CCCGGGC,1322,837
CCCGGGG,957,729
CCCGGGT,932,629
CCCGGTA,950,593
CCCGGTC,1174,770
CCCGGTG,762,477
CCCGGTT,819,490
CCCGTAA,860,528
CCCGTAC,1033,665
CCCGTAG,768,475
CCCGTAT,759,418
CCCGTCA,1053,630
CCCGTCC,1282,802
CCCGTCG,923,612
CCCGTCT,792,557
CCCGTGA,744,529
CCCGTGC,1093,687
CCCGTGG,780,593
CCCGTGT,753,506
CCCGTTA,773,490
CCCGTTC,982,602
CCCGTTG,608,431
CCCGTTT,647,435
CCCTAAA,661,410
CCCTAAC,864,568
CCCTAAG,730,434
CCCTAAT,683,445
CCCTACA,750,523
CCCTACC,830,603
CCCTACG,822,523
CCCTACT,675,360
CCCTAGA,721,436
CCCTAGC,910,578
CCCTAGG,807,512
CCCTAGT,640,427
CCCTATA,641,402
CCCTATC,732,510
CCCTATG,622,436
CCCTATT,612,363
CCCTCAA,924,580
CCCTCAC,1178,754
CCCTCAG,930,620
CCCTCAT,834,573
CCCTCCA,1037,638
CCCTCCC,1098,736
CCCTCCG,1079,684
CCCTCCT,817,488
CCCTCGA,886,551
CCCTCGC,1163,814
CCCTCGG,985,643
CCCTCGT,838,544
CCCTCTA,746,455
CCCTCTC,858,546
CCCTCTG,714,447
CCCTCTT,621,447
CCCTGAA,662,460
CCCTGAC,886,559
CCCTGAG,669,445
CCCTGAT,613,462
CCCTGCA,984,614
CCCTGCC,1070,718
CCCTGCG,968,592
CCCTGCT,765,451
CCCTGGA,859,526
CCCTGGC,1072,699
CCCTGGG,926,554
CCCTGGT,695,490
CCCTGTA,704,448
CCCTGTC,815,555
CCCTGTG,647,468
CCCTGTT,633,401
CCCTTAA,709,439
CCCTTAC,803,544
CCCTTAG,650,413
CCCTTAT,651,400
CCCTTCA,896,530
CCCTTCC,868,585
CCCTTCG,914,548
CCCTTCT,639,427
CCCTTGA,678,405
CCCTTGC,872,515
CCCTTGG,775,508
CCCTTGT,635,449
CCCTTTA,648,413
CCCTTTC,761,491
CCCTTTG,604,423
CCCTTTT,589,375
CCGAAAA,822,468
CCGAAAC,1108,625
CCGAAAG,768,537
CCGAAAT,762,472
CCGAACA,977,618
CCGAACC,1112,742
CCGAACG,1012,642
CCGAACT,879,569
CCGAAGA,711,435
CCGAAGC,939,640
CCGAAGG,855,573
CCGAAGT,760,480
CCGAATA,726,474
CCGAATC,896,583
CCGAATG,710,466
CCGAATT,710,466
CCGACAA,988,619
CCGACAC,1320,871
CCGACAG,873,623
CCGACAT,903,603
CCGACCA,986,719
CCGACCC,1320,828
CCGACCG,1078,664
CCGACCT,858,546
CCGACGA,798,523
CCGACGC,1211,740
CCGACGG,1021,600
CCGACGT,865,567
CCGACTA,799,526
CCGACTC,1080,626
CCGACTG,678,416
CCGACTT,675,469
CCGAGAA,721,450
CCGAGAC,921,582
CCGAGAG,671,448
CCGAGAT,704,453
CCGAGCA,969,670
CCGAGCC,1121,684
CCGAGCG,929,579
CCGAGCT,812,531
CCGAGGA,807,550
CCGAGGC,1150,740
CCGAGGG,868,551
CCGAGGT,830,514
CCGAGTA,779,463
CCGAGTC,904,620
CCGAGTG,612,452
CCGAGTT,633,420
CCGATAA,719,457
CCGATAC,919,546
CCGATAG,603,423
CCGATAT,669,483
CCGATCA,929,603
CCGATCC,1047,661
CCGATCG,910,631
CCGATCT,788,528
CCGATGA,633,463
CCGATGC,898,640
CCGATGG,751,507
CCGATGT,649,448
CCGATTA,742,428
CCGATTC,848,523
CCGATTG,598,413
CCGATTT,603,434
CCGCAAA,1043,727
CCGCAAC,1452,925
CCGCAAG,1049,716
CCGCAAT,1022,647
CCGCACA,1374,940
CCGCACC,1569,1126
CCGCACG,1278,851
CCGCACT,1102,755
CCGCAGA,893,568
CCGCAGC,1291,829
CCGCAGG,1133,695
CCGCAGT,937,653
CCGCATA,1000,632
CCGCATC,1218,763
CCGCATG,907,675
CCGCATT,847,617
CCGCCAA,1223,790
CCGCCAC,1634,1039
CCGCCAG,1091,746
CCGCCAT,1104,694
CCGCCCA,1396,957
CCGCCCC,1545,1032
CCGCCCG,1331,894
CCGCCCT,1157,760
CCGCCGA,1039,721
CCGCCGC,1456,972
CCGCCGG,1179,815
CCGCCGT,1000,724
CCGCCTA,994,650
CCGCCTC,1194,840
CCGCCTG,999,618
CCGCCTT,940,621
CCGCGAA,976,627
CCGCGAC,1246,806
CCGCGAG,844,570
CCGCGAT,893,596
CCGCGCA,1352,904
CCGCGCC,1497,1107
CCGCGCG,1183,776
CCGCGCT,1079,770
CCGCGGA,985,647
CCGCGGC,1332,900
CCGCGGG,1119,685
CCGCGGT,995,682
CCGCGTA,1025,639
CCGCGTC,1218,760
CCGCGTG,841,601
CCGCGTT,900,585
CCGCTAA,879,570
CCGCTAC,991,675
CCGCTAG,781,500
CCGCTAT,788,532
CCGCTCA,1110,736
CCGCTCC,1179,818
CCGCTCG,1066,637
CCGCTCT,918,606
CCGCTGA,733,481
CCGCTGC,950,681
CCGCTGG,791,557
CCGCTGT,711,476
CCGCTTA,795,586
CCGCTTC,998,651
CCGCTTG,711,499
CCGCTTT,763,475
CCGGAAA,909,576
CCGGAAC,1122,758
CCGGAAG,807,527
CCGGAAT,922,528
CCGGACA,1181,762
CCGGACC,1354,874
CCGGACG,1023,723
CCGGACT,911,618
CCGGAGA,729,514
CCGGAGC,1102,693
CCGGAGG,905,562
CCGGAGT,848,517
CCGGATA,886,514
CCGGATC,1080,707
CCGGATG,756,456
CCGGATT,717,523
CCGGCAA,1412,867
CCGGCAC,1716,1094
CCGGCAG,1064,787
CCGGCAT,1205,761
CCGGCCA,1458,890
CCGGCCC,1633,1127
CCGGCCG,1216,779
CCGGCCT,1259,775
CCGGCGA,1031,704
CCGGCGC,1476,957
CCGGCGG,1042,639
CCGGCGT,1033,649
CCGGCTA,994,731
CCGGCTC,1306,914
CCGGCTG,688,472
CCGGCTT,928,613
CCGGGAA,1063,687
CCGGGAC,1309,871
CCGGGAG,806,515
CCGGGAT,876,547
CCGGGCA,1366,921
CCGGGCC,1546,1011
CCGGGCG,1125,695
CCGGGCT,1062,688
CCGGGGA,1052,699
CCGGGGC,1457,935
CCGGGGG,1067,701
CCGGGGT,990,611
CCGGGTA,1027,664
CCGGGTC,1224,832
CCGGGTG,796,547
CCGGGTT,953,590
CCGGTAA,931,665
CCGGTAC,1185,747
CCGGTAG,854,549
CCGGTAT,855,585
CCGGTCA,1295,810
CCGGTCC,1273,859
CCGGTCG,1000,646
CCGGTCT,912,646
CCGGTGA,811,520
CCGGTGC,1154,714
CCGGTGG,829,546
CCGGTGT,815,520
CCGGTTA,889,573
CCGGTTC,1085,725
CCGGTTG,771,459
CCGGTTT,782,534
CCGTAAA,846,590
CCGTAAC,1151,740
CCGTAAG,866,565
CCGTAAT,894,490
CCGTACA,1128,729
CCGTACC,1312,863
CCGTACG,1035,691
CCGTACT,886,608
CCGTAGA,752,511
CCGTAGC,1055,667
CCGTAGG,909,610
CCGTAGT,734,502
CCGTATA,842,564
CCGTATC,1057,642
CCGTATG,702,545
CCGTATT,771,481
CCGTCAA,1098,764
CCGTCAC,1476,901
CCGTCAG,1064,620
CCGTCAT,1029,733
CCGTCCA,1207,809
CCGTCCC,1363,857
CCGTCCG,1149,794
CCGTCCT,986,672
CCGTCGA,953,583
CCGTCGC,1239,813
CCGTCGG,1007,682
CCGTCGT,861,563
CCGTCTA,900,561
CCGTCTC,1091,758
CCGTCTG,820,578
CCGTCTT,751,557
CCGTGAA,832,534
CCGTGAC,1054,661
CCGTGAG,832,523
CCGTGAT,714,499
CCGTGCA,1177,754
CCGTGCC,1322,877
CCGTGCG,1109,719
CCGTGCT,954,634
CCGTGGA,889,556
CCGTGGC,1188,756
CCGTGGG,1001,611
CCGTGGT,844,576
CCGTGTA,833,554
CCGTGTC,1025,707
CCGTGTG,772,536
CCGTGTT,765,508
CCGTTAA,904,526
CCGTTAC,983,701
CCGTTAG,833,530
CCGTTAT,782,458
CCGTTCA,1090,667
CCGTTCC,1127,714
CCGTTCG,988,704
CCGTTCT,778,476
CCGTTGA,689,472
CCGTTGC,1044,650
CCGTTGG,778,484
CCGTTGT,681,476
CCGTTTA,804,487
CCGTTTC,914,616
CCGTTTG,700,455
CCGTTTT,753,454
CCTAAAA,633,416
CCTAAAC,889,595
CCTAAAG,714,435
CCTAAAT,693,446
CCTAACA,893,550
CCTAACC,1000,621
CCTAACG,946,599
CCTAACT,728,462
CCTAAGA,631,409
CCTAAGC,923,571
CCTAAGG,799,526
CCTAAGT,647,471
CCTAATA,649,425
CCTAATC,780,516
CCTAATG,580,401
CCTAATT,560,389
CCTACAA,718,472
CCTACAC,1062,724
CCTACAG,808,525
CCTACAT,798,504
CCTACCA,811,563
CCTACCC,1013,660
CCTACCG,889,566
CCTACCT,704,494
CCTACGA,741,546
CCTACGC,1095,719
CCTACGG,915,627
CCTACGT,833,553
CCTACTA,590,410
CCTACTC,827,537
CCTACTG,644,410
CCTACTT,585,409
CCTAGAA,645,419
CCTAGAC,812,532
CCTAGAG,626,443
CCTAGAT,653,436
CCTAGCA,898,609
CCTAGCC,1062,666
CCTAGCG,883,539
CCTAGCT,733,449
CCTAGGA,725,483
CCTAGGC,1044,662
CCTAGGG,870,552
CCTAGGT,669,532
CCTAGTA,642,420
CCTAGTC,809,564
CCTAGTG,571,379
CCTAGTT,601,385
CCTATAA,703,379
CCTATAC,820,535
CCTATAG,592,379
CCTATAT,585,395
CCTATCA,824,539
CCTATCC,860,581
CCTATCG,848,584
CCTATCT,642,449
CCTATGA,606,392
CCTATGC,840,540
CCTATGG,712,465
CCTATGT,626,391
CCTATTA,576,400
CCTATTC,711,406
CCTATTG,538,360
CCTATTT,550,398
CCTCAAA,912,576
CCTCAAC,1146,710
CCTCAAG,835,552
CCTCAAT,794,544
CCTCACA,1074,660
CCTCACC,1218,773
CCTCACG,1006,715
CCTCACT,846,607
CCTCAGA,863,537
CCTCAGC,1083,713
CCTCAGG,949,653
CCTCAGT,827,553
CCTCATA,771,521
CCTCATC,1044,664
CCTCATG,752,465
CCTCATT,751,456
CCTCCAA,929,622
CCTCCAC,1258,814
CCTCCAG,933,586
CCTCCAT,883,535
CCTCCCA,1050,658
CCTCCCC,1161,776
CCTCCCG,1085,678
CCTCCCT,855,498
CCTCCGA,940,624
CCTCCGC,1269,808
CCTCCGG,1016,604
CCTCCGT,872,623
CCTCCTA,797,467
CCTCCTC,936,622
CCTCCTG,742,500
CCTCCTT,730,455
CCTCGAA,834,541
CCTCGAC,997,668
CCTCGAG,915,571
CCTCGAT,755,517
CCTCGCA,1117,774
CCTCGCC,1152,778
CCTCGCG,1016,646
CCTCGCT,832,627
CCTCGGA,950,624
CCTCGGC,1265,857
CCTCGGG,987,636
CCTCGGT,909,604
CCTCGTA,803,545
CCTCGTC,998,690
CCTCGTG,765,501
CCTCGTT,738,485
CCTCTAA,759,476
CCTCTAC,740,472
CCTCTAG,615,457
CCTCTAT,576,438
CCTCTCA,923,567
CCTCTCC,938,588
CCTCTCG,863,559
CCTCTCT,714,462
CCTCTGA,650,413
CCTCTGC,887,620
CCTCTGG,722,506
CCTCTGT,648,474
CCTCTTA,612,444
CCTCTTC,754,505
CCTCTTG,561,387
CCTCTTT,620,383
CCTGAAA,759,434
CCTGAAC,962,598
CCTGAAG,682,407
CCTGAAT,696,416
CCTGACA,909,616
CCTGACC,1040,635
CCTGACG,757,528
CCTGACT,712,470
CCTGAGA,729,478
CCTGAGC,874,635
CCTGAGG,844,465
CCTGAGT,711,441
CCTGATA,640,442
CCTGATC,845,530
CCTGATG,609,418
CCTGATT,628,427
CCTGCAA,1002,670
CCTGCAC,1277,914
CCTGCAG,888,628
CCTGCAT,916,646
CCTGCCA,1133,791
CCTGCCC,1284,856
CCTGCCG,917,621
CCTGCCT,905,579
CCTGCGA,951,644
CCTGCGC,1381,885
CCTGCGG,941,662
CCTGCGT,951,612
CCTGCTA,759,521
CCTGCTC,1010,686
CCTGCTG,675,439
CCTGCTT,750,496
CCTGGAA,831,515
CCTGGAC,1096,701
CCTGGAG,724,465
CCTGGAT,730,503
CCTGGCA,1142,724
CCTGGCC,1278,842
CCTGGCG,925,603
CCTGGCT,840,570
CCTGGGA,872,552
CCTGGGC,1143,794
CCTGGGG,901,578
CCTGGGT,836,603
CCTGGTA,795,508
CCTGGTC,1023,617
CCTGGTG,663,461
CCTGGTT,754,449
CCTGTAA,760,526
CCTGTAC,940,578
CCTGTAG,672,456
CCTGTAT,653,450
CCTGTCA,963,625
CCTGTCC,978,650
CCTGTCG,836,539
CCTGTCT,672,478
CCTGTGA,691,462
CCTGTGC,958,649
CCTGTGG,703,514
CCTGTGT,678,464
CCTGTTA,693,483
CCTGTTC,848,544
CCTGTTG,593,358
CCTGTTT,634,416
CCTTAAA,710,464
CCTTAAC,989,600
CCTTAAG,777,499
CCTTAAT,657,423
CCTTACA,918,540
CCTTACC,1028,578
CCTTACG,963,597
CCTTACT,701,476
CCTTAGA,735,452
CCTTAGC,930,627
CCTTAGG,869,571
CCTTAGT,694,415
CCTTATA,677,396
CCTTATC,865,539
CCTTATG,692,428
CCTTATT,632,407
CCTTCAA,928,548
CCTTCAC,1122,765
CCTTCAG,856,601
CCTTCAT,846,567
CCTTCCA,957,677
CCTTCCC,1053,665
CCTTCCG,943,598
CCTTCCT,753,492
CCTTCGA,954,615
CCTTCGC,1107,731
CCTTCGG,916,637
CCTTCGT,816,505
CCTTCTA,707,504
CCTTCTC,825,566
CCTTCTG,688,499
CCTTCTT,683,492
CCTTGAA,720,466
CCTTGAC,823,571
CCTTGAG,711,508
CCTTGAT,607,421
CCTTGCA,976,633
CCTTGCC,1070,690
CCTTGCG,955,606
CCTTGCT,761,506
CCTTGGA,792,530
CCTTGGC,1006,640
CCTTGGG,822,563
CCTTGGT,830,550
CCTTGTA,712,447
CCTTGTC,910,625
CCTTGTG,695,449
CCTTGTT,600,431
CCTTTAA,744,489
CCTTTAC,788,609
CCTTTAG,651,428
CCTTTAT,602,421
CCTTTCA,877,554
CCTTTCC,908,550
CCTTTCG,751,564
CCTTTCT,667,406
CCTTTGA,672,413
CCTTTGC,841,627
CCTTTGG,731,478
CCTTTGT,671,423
CCTTTTA,608,468
CCTTTTC,787,502
CCTTTTG,649,423
CCTTTTT,595,383
CGAAAAA,634,406
CGAAAAC,1063,655
CGAAAAG,814,483
CGAAAAT,749,472
CGAAACA,931,562
CGAAACC,1035,686
CGAAACG,923,565
CGAAACT,766,531
CGAAAGA,673,470
CGAAAGC,1052,652
CGAAAGG,850,547
CGAAAGT,803,504
CGAAATA,749,457
CGAAATC,906,617
CGAAATG,720,442
CGAAATT,685,434
CGAACAA,894,603
CGAACAC,1311,798
CGAACAG,915,565
CGAACAT,925,536
CGAACCA,1071,630
CGAACCC,1199,776
CGAACCG,1049,653
CGAACCT,865,558
CGAACGA,974,567
CGAACGC,1262,870
CGAACGG,1035,663
CGAACGT,925,644
CGAACTA,779,476
CGAACTC,920,649
CGAACTG,751,456
CGAACTT,746,467
CGAAGAA,636,414
CGAAGAC,887,539
CGAAGAG,680,424
CGAAGAT,664,475
CGAAGCA,950,633
CGAAGCC,1073,626
CGAAGCG,972,596
CGAAGCT,773,549
CGAAGGA,778,505
CGAAGGC,1057,760
CGAAGGG,919,615
CGAAGGT,812,549
CGAAGTA,749,483
CGAAGTC,885,577
CGAAGTG,640,387
CGAAGTT,686,419
CGAATAA,721,426
CGAATAC,816,538
CGAATAG,670,408
CGAATAT,680,471
CGAATCA,839,619
CGAATCC,950,624
CGAATCG,875,575
CGAATCT,742,489
CGAATGA,684,439
CGAATGC,974,609
CGAATGG,769,471
CGAATGT,734,433
CGAATTA,674,448
CGAATTC,803,503
CGAATTG,623,383
CGAATTT,649,414
CGACAAA,875,555
CGACAAC,1147,705
CGACAAG,831,605
CGACAAT,853,574
CGACACA,1149,743
CGACACC,1350,907
CGACACG,1119,729
CGACACT,1081,624
CGACAGA,820,537
CGACAGC,1124,797
CGACAGG,977,633
CGACAGT,887,549
CGACATA,892,562
CGACATC,1098,734
CGACATG,873,508
CGACATT,788,552
CGACCAA,1070,568
CGACCAC,1391,875
CGACCAG,1036,631
CGACCAT,949,592
CGACCCA,1184,695
CGACCCC,1301,792
CGACCCG,1135,726
CGACCCT,1008,648
CGACCGA,890,586
CGACCGC,1303,913
CGACCGG,1173,677
CGACCGT,1018,654
CGACCTA,911,562
CGACCTC,1041,685
CGACCTG,857,572
CGACCTT,801,531
CGACGAA,820,523
CGACGAC,1043,622
CGACGAG,835,516
CGACGAT,817,482
CGACGCA,1157,694
CGACGCC,1277,846
CGACGCG,1080,708
CGACGCT,913,619
CGACGGA,907,565
CGACGGC,1234,748
CGACGGG,1042,626
CGACGGT,972,560
CGACGTA,819,545
CGACGTC,984,725
CGACGTG,828,508
CGACGTT,782,460
CGACTAA,718,448
CGACTAC,864,558
CGACTAG,736,459
CGACTAT,736,438
CGACTCA,952,567
CGACTCC,1019,699
CGACTCG,875,627
CGACTCT,768,515
CGACTGA,749,456
CGACTGC,981,586
CGACTGG,798,501
CGACTGT,718,482
CGACTTA,707,496
CGACTTC,935,548
CGACTTG,676,431
CGACTTT,694,454
CGAGAAA,664,425
CGAGAAC,940,530
CGAGAAG,666,410
CGAGAAT,746,505
CGAGACA,890,489
CGAGACC,1026,629
CGAGACG,777,519
CGAGACT,725,451
CGAGAGA,599,446
CGAGAGC,943,600
CGAGAGG,794,537
CGAGAGT,786,449
CGAGATA,649,462
CGAGATC,838,541
CGAGATG,597,355
CGAGATT,618,431
CGAGCAA,946,607
CGAGCAC,1257,888
CGAGCAG,932,584
CGAGCAT,927,620
CGAGCCA,1212,757
CGAGCCC,1254,853
CGAGCCG,1028,663
CGAGCCT,1019,703
CGAGCGA,840,604
CGAGCGC,1292,810
CGAGCGG,966,653
CGAGCGT,946,649
CGAGCTA,855,566
CGAGCTC,1004,617
CGAGCTG,755,484
CGAGCTT,810,510
CGAGGAA,828,517
CGAGGAC,1034,645
CGAGGAG,706,511
CGAGGAT,762,508
CGAGGCA,1146,734
CGAGGCC,1337,810
CGAGGCG,965,596
CGAGGCT,942,603
CGAGGGA,961,598
CGAGGGC,1265,808
CGAGGGG,913,593
CGAGGGT,899,597
CGAGGTA,812,527
CGAGGTC,1066,670
CGAGGTG,719,496
CGAGGTT,701,440
CGAGTAA,747,530
CGAGTAC,974,578
CGAGTAG,667,441
CGAGTAT,722,486
CGAGTCA,896,586
CGAGTCC,1064,686
CGAGTCG,884,553
CGAGTCT,783,479
CGAGTGA,692,467
CGAGTGC,996,678
CGAGTGG,731,464
CGAGTGT,763,436
CGAGTTA,695,477
CGAGTTC,861,530
CGAGTTG,585,411
CGAGTTT,643,393
CGATAAA,729,478
CGATAAC,975,651
CGATAAG,796,535
CGATAAT,719,452
CGATACA,770,546
CGATACC,981,562
CGATACG,888,521
CGATACT,763,508
CGATAGA,700,460
CGATAGC,1091,667
CGATAGG,847,521
CGATAGT,729,505
CGATATA,780,478
CGATATC,870,533
CGATATG,733,462
CGATATT,707,448
CGATCAA,990,633
CGATCAC,1276,786
CGATCAG,943,650
CGATCAT,958,586
CGATCCA,1146,741
CGATCCC,1128,766
CGATCCG,1068,694
CGATCCT,898,603
CGATCGA,932,595
CGATCGC,1256,819
CGATCGG,1045,706
CGATCGT,961,601
CGATCTA,816,530
CGATCTC,999,627
CGATCTG,755,474
CGATCTT,701,476
CGATGAA,798,482
CGATGAC,932,627
CGATGAG,697,447
CGATGAT,673,471
CGATGCA,995,677
CGATGCC,1121,684
CGATGCG,1036,621
CGATGCT,778,501
CGATGGA,778,534
CGATGGC,1107,696
CGATGGG,888,552
CGATGGT,801,560
CGATGTA,724,488
CGATGTC,949,573
CGATGTG,703,419
CGATGTT,673,438
CGATTAA,756,458
CGATTAC,886,604
CGATTAG,710,464
CGATTAT,670,417
CGATTCA,941,632
CGATTCC,944,641
CGATTCG,896,592
CGATTCT,730,467
CGATTGA,703,423
CGATTGC,966,578
CGATTGG,812,495
CGATTGT,738,443
CGATTTA,689,486
CGATTTC,820,564
CGATTTG,666,434
CGATTTT,652,385
CGCAAAA,1081,649
CGCAAAC,1413,889
CGCAAAG,1053,691
CGCAAAT,1051,642
CGCAACA,1383,856
CGCAACC,1474,965
CGCAACG,1447,789
CGCAACT,1100,714
CGCAAGA,999,636
CGCAAGC,1409,858
CGCAAGG,1238,770
CGCAAGT,1019,646
CGCAATA,1037,655
CGCAATC,1251,786
CGCAATG,957,631
CGCAATT,893,617
CGCACAA,1329,850
CGCACAC,1738,1131
CGCACAG,1321,767
CGCACAT,1183,776
CGCACCA,1449,920
CGCACCC,1782,1075
CGCACCG,1432,982
CGCACCT,1195,818
CGCACGA,1245,809
CGCACGC,1656,994
CGCACGG,1356,819
CGCACGT,1265,784
CGCACTA,1073,714
CGCACTC,1300,883
CGCACTG,1017,681
CGCACTT,1012,637
CGCAGAA,892,561
CGCAGAC,1160,804
CGCAGAG,867,567
CGCAGAT,806,522
CGCAGCA,1250,900
CGCAGCC,1406,965
CGCAGCG,1164,780
CGCAGCT,992,690
CGCAGGA,1057,666
CGCAGGC,1381,902
CGCAGGG,1165,763
CGCAGGT,913,678
CGCAGTA,964,543
CGCAGTC,1109,683
CGCAGTG,818,552
CGCAGTT,853,486
CGCATAA,1010,608
CGCATAC,1262,741
CGCATAG,943,638
CGCATAT,891,582
CGCATCA,1336,835
CGCATCC,1336,899
CGCATCG,1193,754
CGCATCT,992,627
CGCATGA,930,599
CGCATGC,1316,861
CGCATGG,1055,666
CGCATGT,957,584
CGCATTA,932,607
CGCATTC,1173,760
CGCATTG,854,563
CGCATTT,824,531
CGCCAAA,1180,685
CGCCAAC,1515,981
CGCCAAG,1154,725
CGCCAAT,1057,694
CGCCACA,1401,942
CGCCACC,1726,1051
CGCCACG,1463,958
CGCCACT,1246,773
CGCCAGA,1065,732
CGCCAGC,1424,955
CGCCAGG,1259,829
CGCCAGT,1040,681
CGCCATA,1060,673
CGCCATC,1266,803
CGCCATG,1040,710
CGCCATT,950,620
CGCCCAA,1351,767
CGCCCAC,1667,1012
CGCCCAG,1275,809
CGCCCAT,1206,803
CGCCCCA,1476,957
CGCCCCC,1605,1001
CGCCCCG,1437,983
CGCCCCT,1208,765
CGCCCGA,1261,792
CGCCCGC,1729,1038
CGCCCGG,1336,908
CGCCCGT,1175,821
CGCCCTA,1089,674
CGCCCTC,1320,910
CGCCCTG,1016,668
CGCCCTT,1046,614
CGCCGAA,1015,698
CGCCGAC,1300,816
CGCCGAG,1006,632
CGCCGAT,909,593
CGCCGCA,1448,946
CGCCGCC,1495,985
CGCCGCG,1273,788
CGCCGCT,1149,724
CGCCGGA,1132,761
CGCCGGC,1459,989
CGCCGGG,1320,816
CGCCGGT,1089,730
CGCCGTA,1074,663
CGCCGTC,1238,769
CGCCGTG,979,593
CGCCGTT,907,590
CGCCTAA,977,616
CGCCTAC,1066,750
CGCCTAG,844,598
CGCCTAT,881,549
CGCCTCA,1299,778
CGCCTCC,1292,849
CGCCTCG,1169,759
CGCCTCT,899,599
CGCCTGA,868,597
CGCCTGC,1320,798
CGCCTGG,1108,635
CGCCTGT,908,576
CGCCTTA,954,577
CGCCTTC,1071,687
CGCCTTG,784,527
CGCCTTT,805,521
CGCGAAA,1018,617
CGCGAAC,1305,801
CGCGAAG,895,589
CGCGAAT,919,625
CGCGACA,1205,828
CGCGACC,1267,901
CGCGACG,1075,685
CGCGACT,1008,621
CGCGAGA,947,587
CGCGAGC,1241,800
CGCGAGG,1026,643
CGCGAGT,869,611
CGCGATA,939,599
CGCGATC,1154,692
CGCGATG,817,582
CGCGATT,805,568
CGCGCAA,1388,944
CGCGCAC,1748,1140
CGCGCAG,1196,799
CGCGCAT,1323,812
CGCGCCA,1452,913
CGCGCCC,1712,1069
CGCGCCG,1314,837
CGCGCCT,1249,843
CGCGCGA,1224,791
CGCGCGC,1588,1070
CGCGCGG,1142,824
CGCGCGT,1135,806
CGCGCTA,1129,756
CGCGCTC,1428,900
CGCGCTG,901,664
CGCGCTT,997,684
CGCGGAA,1043,671
CGCGGAC,1343,879
CGCGGAG,860,511
CGCGGAT,950,629
CGCGGCA,1552,980
CGCGGCC,1518,1031
CGCGGCG,1184,745
CGCGGCT,1117,775
CGCGGGA,1122,709
CGCGGGC,1535,977
CGCGGGG,1204,715
CGCGGGT,1095,700
CGCGGTA,1083,730
CGCGGTC,1290,832
CGCGGTG,932,575
CGCGGTT,933,580
CGCGTAA,1002,663
CGCGTAC,1359,886
CGCGTAG,900,553
CGCGTAT,920,613
CGCGTCA,1297,856
CGCGTCC,1387,857
CGCGTCG,1100,734
CGCGTCT,1016,674
CGCGTGA,923,609
CGCGTGC,1268,811
CGCGTGG,963,617
CGCGTGT,940,581
CGCGTTA,957,603
CGCGTTC,1146,743
CGCGTTG,790,554
CGCGTTT,855,573
CGCTAAA,888,607
CGCTAAC,1213,784
CGCTAAG,868,624
CGCTAAT,832,489
CGCTACA,919,621
CGCTACC,1068,724
CGCTACG,1031,699
CGCTACT,866,583
CGCTAGA,865,525
CGCTAGC,1210,731
CGCTAGG,986,689
CGCTAGT,893,552
CGCTATA,880,593
CGCTATC,963,616
CGCTATG,790,519
CGCTATT,788,469
CGCTCAA,1202,771
CGCTCAC,1533,958
CGCTCAG,1169,757
CGCTCAT,1100,686
CGCTCCA,1329,838
CGCTCCC,1426,922
CGCTCCG,1336,859
CGCTCCT,1028,672
CGCTCGA,1181,738
CGCTCGC,1431,928
CGCTCGG,1272,753
CGCTCGT,1007,667
CGCTCTA,1004,610
CGCTCTC,1171,761
CGCTCTG,927,580
CGCTCTT,813,585
CGCTGAA,831,548
CGCTGAC,1054,690
CGCTGAG,780,546
CGCTGAT,819,529
CGCTGCA,1136,748
CGCTGCC,1175,742
CGCTGCG,1158,725
CGCTGCT,891,571
CGCTGGA,818,594
CGCTGGC,1265,728
CGCTGGG,828,587
CGCTGGT,878,577
CGCTGTA,852,561
CGCTGTC,1049,678
CGCTGTG,801,523
CGCTGTT,727,493
CGCTTAA,876,607
CGCTTAC,1045,762
CGCTTAG,844,565
CGCTTAT,788,526
CGCTTCA,1113,727
CGCTTCC,1175,748
CGCTTCG,1101,686
CGCTTCT,808,558
CGCTTGA,832,546
CGCTTGC,1084,677
CGCTTGG,870,554
CGCTTGT,780,527
CGCTTTA,836,502
CGCTTTC,975,694
CGCTTTG,814,468
CGCTTTT,711,469
CGGAAAA,920,603
CGGAAAC,1209,749
CGGAAAG,945,636
CGGAAAT,972,599
CGGAACA,1215,710
CGGAACC,1389,871
CGGAACG,1155,745
CGGAACT,1044,664
CGGAAGA,861,557
CGGAAGC,1243,789
CGGAAGG,1066,632
CGGAAGT,879,580
CGGAATA,936,577
CGGAATC,1198,692
CGGAATG,878,533
CGGAATT,836,528
CGGACAA,1218,718
CGGACAC,1688,1000
CGGACAG,1208,747
CGGACAT,1187,754
CGGACCA,1338,937
CGGACCC,1614,981
CGGACCG,1343,842
CGGACCT,1190,694
CGGACGA,1094,638
CGGACGC,1429,989
CGGACGG,1187,781
CGGACGT,1070,663
CGGACTA,1003,614
CGGACTC,1242,787
CGGACTG,966,623
CGGACTT,908,611
CGGAGAA,743,456
CGGAGAC,1014,669
CGGAGAG,776,476
CGGAGAT,829,522
CGGAGCA,1206,736
CGGAGCC,1350,891
CGGAGCG,1044,673
CGGAGCT,955,611
CGGAGGA,896,534
CGGAGGC,1287,847
CGGAGGG,1027,644
CGGAGGT,901,620
CGGAGTA,890,551
CGGAGTC,1025,718
CGGAGTG,785,521
CGGAGTT,759,558
CGGATAA,923,562
CGGATAC,1040,645
CGGATAG,805,542
CGGATAT,920,530
CGGATCA,1197,656
CGGATCC,1217,790
CGGATCG,1045,696
CGGATCT,938,605
CGGATGA,758,472
CGGATGC,1164,711
CGGATGG,914,606
CGGATGT,805,566
CGGATTA,784,522
CGGATTC,1006,628
CGGATTG,731,473
CGGATTT,814,524
CGGCAAA,1286,788
CGGCAAC,1768,1146
CGGCAAG,1215,763
CGGCAAT,1251,867
CGGCACA,1679,1126
CGGCACC,1877,1170
CGGCACG,1455,1019
CGGCACT,1381,854
CGGCAGA,1110,704
CGGCAGC,1647,1049
CGGCAGG,1305,858
CGGCAGT,1181,779
CGGCATA,1246,788
CGGCATC,1477,931
CGGCATG,1174,728
CGGCATT,1118,751
CGGCCAA,1552,931
CGGCCAC,1974,1308
CGGCCAG,1507,909
CGGCCAT,1448,960
CGGCCCA,1743,1126
CGGCCCC,1885,1190
CGGCCCG,1589,1058
CGGCCCT,1447,954
CGGCCGA,1266,833
CGGCCGC,1694,1160
CGGCCGG,1392,874
CGGCCGT,1258,789
CGGCCTA,1265,760
CGGCCTC,1525,983
CGGCCTG,1085,726
CGGCCTT,1120,752
CGGCGAA,1090,683
CGGCGAC,1347,866
CGGCGAG,1001,653
CGGCGAT,1003,651
CGGCGCA,1459,1014
CGGCGCC,1688,1125
CGGCGCG,1354,897
CGGCGCT,1269,775
CGGCGGA,1079,713
CGGCGGC,1594,1003
CGGCGGG,1211,776
CGGCGGT,1062,718
CGGCGTA,1068,690
CGGCGTC,1311,851
CGGCGTG,998,608
CGGCGTT,962,630
CGGCTAA,1041,680
CGGCTAC,1016,716
CGGCTAG,952,638
CGGCTAT,914,688
CGGCTCA,1401,855
CGGCTCC,1482,925
CGGCTCG,1200,795
CGGCTCT,1131,685
CGGCTGA,875,631
CGGCTGC,1188,801
CGGCTGG,1019,627
CGGCTGT,955,596
CGGCTTA,961,677
CGGCTTC,1213,787
CGGCTTG,991,634
CGGCTTT,904,573
CGGGAAA,1092,666
CGGGAAC,1434,887
CGGGAAG,1034,635
CGGGAAT,1039,656
CGGGACA,1406,886
CGGGACC,1552,1023
CGGGACG,1259,778
CGGGACT,1155,715
CGGGAGA,846,477
CGGGAGC,1244,819
CGGGAGG,1055,687
CGGGAGT,916,637
CGGGATA,1071,628
CGGGATC,1380,799
CGGGATG,873,552
CGGGATT,959,609
CGGGCAA,1624,1025
CGGGCAC,2028,1243
CGGGCAG,1248,828
CGGGCAT,1388,888
CGGGCCA,1838,1135
CGGGCCC,1932,1202
CGGGCCG,1544,909
CGGGCCT,1435,910
CGGGCGA,1257,804
CGGGCGC,1690,1039
CGGGCGG,1264,736
CGGGCGT,1221,778
CGGGCTA,1216,826
CGGGCTC,1632,1021
CGGGCTG,1006,622
CGGGCTT,1099,760
CGGGGAA,1110,745
CGGGGAC,1388,905
CGGGGAG,998,622
CGGGGAT,1043,655
CGGGGCA,1666,1028
CGGGGCC,1920,1125
CGGGGCG,1313,833
CGGGGCT,1238,862
CGGGGGA,1192,789
CGGGGGC,1571,975
CGGGGGG,1252,761
CGGGGGT,1146,827
CGGGGTA,1163,725
CGGGGTC,1396,850
CGGGGTG,948,585
CGGGGTT,1050,653
CGGGTAA,1188,757
CGGGTAC,1315,864
CGGGTAG,971,661
CGGGTAT,1067,659
CGGGTCA,1558,933
CGGGTCC,1516,944
CGGGTCG,1261,859
CGGGTCT,1123,702
CGGGTGA,927,550
CGGGTGC,1338,807
CGGGTGG,1035,596
CGGGTGT,1010,627
CGGGTTA,1030,654
CGGGTTC,1295,769
CGGGTTG,799,495
CGGGTTT,933,604
CGGTAAA,1191,667
CGGTAAC,1434,923
CGGTAAG,1164,682
CGGTAAT,1049,648
CGGTACA,1368,805
CGGTACC,1597,962
CGGTACG,1374,871
CGGTACT,1121,713
CGGTAGA,959,611
CGGTAGC,1301,773
CGGTAGG,1187,703
CGGTAGT,1011,576
CGGTATA,1058,659
CGGTATC,1236,782
CGGTATG,1040,632
CGGTATT,901,620
CGGTCAA,1451,901
CGGTCAC,1901,1115
CGGTCAG,1309,823
CGGTCAT,1290,869
CGGTCCA,1579,996
CGGTCCC,1724,1149
CGGTCCG,1526,1017
CGGTCCT,1232,845
CGGTCGA,1167,730
CGGTCGC,1489,953
CGGTCGG,1226,717
CGGTCGT,1145,741
CGGTCTA,1132,728
CGGTCTC,1357,824
CGGTCTG,1008,643
CGGTCTT,1026,655
CGGTGAA,929,588
CGGTGAC,1257,790
CGGTGAG,945,572
CGGTGAT,905,585
CGGTGCA,1425,865
CGGTGCC,1530,976
CGGTGCG,1314,826
CGGTGCT,1090,617
CGGTGGA,1019,683
CGGTGGC,1273,891
CGGTGGG,1126,656
CGGTGGT,1083,640
CGGTGTA,1052,646
CGGTGTC,1169,765
CGGTGTG,905,603
CGGTGTT,897,584
CGGTTAA,1097,651
CGGTTAC,1223,758
CGGTTAG,978,632
CGGTTAT,957,626
CGGTTCA,1341,811
CGGTTCC,1368,896
CGGTTCG,1237,857
CGGTTCT,1015,629
CGGTTGA,934,584
CGGTTGC,1181,721
CGGTTGG,921,658
CGGTTGT,890,589
CGGTTTA,1035,635
CGGTTTC,1160,776
CGGTTTG,904,603
CGGTTTT,907,606
CGTAAAA,883,623
CGTAAAC,1221,804
CGTAAAG,944,562
CGTAAAT,825,571
CGTAACA,1129,739
CGTAACC,1264,889
CGTAACG,1158,752
CGTAACT,940,634
CGTAAGA,855,616
CGTAAGC,1249,725
CGTAAGG,1048,713
CGTAAGT,941,556
CGTAATA,936,551
CGTAATC,1095,638
CGTAATG,781,546
CGTAATT,786,502
CGTACAA,1123,716
CGTACAC,1487,950
CGTACAG,1081,733
CGTACAT,1105,719
CGTACCA,1288,819
CGTACCC,1532,970
CGTACCG,1278,827
CGTACCT,1077,707
CGTACGA,1121,710
CGTACGC,1598,993
CGTACGG,1231,766
CGTACGT,1189,748
CGTACTA,932,577
CGTACTC,1210,764
CGTACTG,812,569
CGTACTT,949,558
CGTAGAA,825,524
CGTAGAC,1050,679
CGTAGAG,849,499
CGTAGAT,713,496
CGTAGCA,1150,675
CGTAGCC,1296,771
CGTAGCG,1038,681
CGTAGCT,892,586
CGTAGGA,918,584
CGTAGGC,1226,789
CGTAGGG,1110,650
CGTAGGT,1018,643
CGTAGTA,822,534
CGTAGTC,1026,621
CGTAGTG,759,489
CGTAGTT,755,454
CGTATAA,869,541
CGTATAC,952,591
CGTATAG,803,520
CGTATAT,799,513
CGTATCA,1020,653
CGTATCC,1166,764
CGTATCG,1125,693
CGTATCT,913,553
CGTATGA,790,499
CGTATGC,1170,653
CGTATGG,948,573
CGTATGT,832,519
CGTATTA,798,531
CGTATTC,1006,624
CGTATTG,747,507
CGTATTT,761,510
CGTCAAA,1056,649
CGTCAAC,1475,965
CGTCAAG,1153,722
CGTCAAT,1015,749
CGTCACA,1389,814
CGTCACC,1592,948
CGTCACG,1342,815
CGTCACT,1144,694
CGTCAGA,1039,628
CGTCAGC,1403,929
CGTCAGG,1179,802
CGTCAGT,1038,668
CGTCATA,1022,668
CGTCATC,1253,845
CGTCATG,967,619
CGTCATT,991,647
CGTCCAA,1234,739
CGTCCAC,1544,1016
CGTCCAG,1222,748
CGTCCAT,1115,759
CGTCCCA,1350,866
CGTCCCC,1486,950
CGTCCCG,1308,745
CGTCCCT,1054,701
CGTCCGA,1146,770
CGTCCGC,1567,1048
CGTCCGG,1238,836
CGTCCGT,1178,745
CGTCCTA,1017,611
CGTCCTC,1268,819
CGTCCTG,971,627
CGTCCTT,919,584
CGTCGAA,912,561
CGTCGAC,1080,746
CGTCGAG,929,598
CGTCGAT,854,591
CGTCGCA,1212,773
CGTCGCC,1376,845
CGTCGCG,1166,755
CGTCGCT,998,642
CGTCGGA,1045,687
CGTCGGC,1397,828
CGTCGGG,1133,692
CGTCGGT,1041,683
CGTCGTA,929,583
CGTCGTC,1098,640
CGTCGTG,873,544
CGTCGTT,856,572
CGTCTAA,867,537
CGTCTAC,913,567
CGTCTAG,840,531
CGTCTAT,805,477
CGTCTCA,1107,734
CGTCTCC,1157,788
CGTCTCG,1107,705
CGTCTCT,893,539
CGTCTGA,872,514
CGTCTGC,1068,725
CGTCTGG,929,592
CGTCTGT,838,542
CGTCTTA,835,547
CGTCTTC,998,606
CGTCTTG,789,484
CGTCTTT,725,469
CGTGAAA,903,553
CGTGAAC,1171,735
CGTGAAG,841,526
CGTGAAT,864,544
CGTGACA,1052,689
CGTGACC,1254,802
CGTGACG,1018,618
CGTGACT,967,584
CGTGAGA,771,480
CGTGAGC,1141,774
CGTGAGG,884,579
CGTGAGT,857,577
CGTGATA,878,531
CGTGATC,982,659
CGTGATG,676,494
CGTGATT,769,475
CGTGCAA,1266,842
CGTGCAC,1652,1054
CGTGCAG,1079,714
CGTGCAT,1198,789
CGTGCCA,1484,898
CGTGCCC,1605,1079
CGTGCCG,1287,728
CGTGCCT,1166,740
CGTGCGA,1172,811
CGTGCGC,1605,1023
CGTGCGG,1249,796
CGTGCGT,1159,783
CGTGCTA,1058,662
CGTGCTC,1300,808
CGTGCTG,831,541
CGTGCTT,970,546
CGTGGAA,974,628
CGTGGAC,1247,739
CGTGGAG,853,483
CGTGGAT,879,588
CGTGGCA,1380,860
CGTGGCC,1455,912
CGTGGCG,1077,723
CGTGGCT,1007,733
CGTGGGA,936,669
CGTGGGC,1390,857
CGTGGGG,994,694
CGTGGGT,1051,613
CGTGGTA,991,600
CGTGGTC,1148,740
CGTGGTG,831,481
CGTGGTT,876,562
CGTGTAA,957,605
CGTGTAC,1040,686
CGTGTAG,835,518
CGTGTAT,892,556
CGTGTCA,1247,701
CGTGTCC,1199,806
CGTGTCG,1046,643
CGTGTCT,919,596
CGTGTGA,908,570
CGTGTGC,1228,771
CGTGTGG,914,630
CGTGTGT,863,524
CGTGTTA,816,534
CGTGTTC,1013,668
CGTGTTG,724,467
CGTGTTT,832,518
CGTTAAA,944,596
CGTTAAC,1271,768
CGTTAAG,943,577
CGTTAAT,872,512
CGTTACA,1116,650
CGTTACC,1317,832
CGTTACG,1141,751
CGTTACT,982,612
CGTTAGA,833,566
CGTTAGC,1208,783
CGTTAGG,1053,638
CGTTAGT,926,569
CGTTATA,893,530
CGTTATC,1016,682
CGTTATG,893,561
CGTTATT,783,503
CGTTCAA,1162,781
CGTTCAC,1462,978
CGTTCAG,1137,725
CGTTCAT,1037,678
CGTTCCA,1267,803
CGTTCCC,1300,899
CGTTCCG,1268,819
CGTTCCT,1003,642
CGTTCGA,1125,688
CGTTCGC,1452,872
CGTTCGG,1218,751
CGTTCGT,1086,663
CGTTCTA,987,606
CGTTCTC,1085,712
CGTTCTG,860,581
CGTTCTT,927,484
CGTTGAA,871,524
CGTTGAC,1019,654
CGTTGAG,792,491
CGTTGAT,781,475
CGTTGCA,1179,747
CGTTGCC,1336,824
CGTTGCG,1141,794
CGTTGCT,902,543
CGTTGGA,897,553
CGTTGGC,1222,801
CGTTGGG,1091,632
CGTTGGT,905,557
CGTTGTA,892,549
CGTTGTC,1043,629
CGTTGTG,821,462
CGTTGTT,837,490
CGTTTAA,877,541
CGTTTAC,1058,675
CGTTTAG,835,553
CGTTTAT,798,479
CGTTTCA,1041,764
CGTTTCC,1159,766
CGTTTCG,1046,660
CGTTTCT,850,493
CGTTTGA,851,546
CGTTTGC,1059,670
CGTTTGG,961,599
CGTTTGT,881,568
CGTTTTA,903,563
CGTTTTC,942,557
CGTTTTG,723,508
CGTTTTT,764,471
CTAAAAA,566,336
CTAAAAC,841,538
CTAAAAG,644,417
CTAAAAT,621,430
CTAAACA,813,508
CTAAACC,944,619
CTAAACG,787,566
CTAAACT,784,488
CTAAAGA,650,423
CTAAAGC,856,600
CTAAAGG,733,493
CTAAAGT,707,455
CTAAATA,604,412
CTAAATC,753,496
CTAAATG,602,340
CTAAATT,600,381
CTAACAA,785,517
CTAACAC,1063,667
CTAACAG,749,486
CTAACAT,804,490
CTAACCA,906,551
CTAACCC,1099,649
CTAACCG,899,620
CTAACCT,821,528
CTAACGA,780,523
CTAACGC,1073,739
CTAACGG,947,567
CTAACGT,771,521
CTAACTA,615,441
CTAACTC,856,500
CTAACTG,603,411
CTAACTT,639,441
CTAAGAA,609,411
CTAAGAC,771,525
CTAAGAG,611,415
CTAAGAT,608,416
CTAAGCA,863,577
CTAAGCC,967,649
CTAAGCG,794,602
CTAAGCT,674,484
CTAAGGA,754,491
CTAAGGC,1024,653
CTAAGGG,890,518
CTAAGGT,804,471
CTAAGTA,647,393
CTAAGTC,769,515
CTAAGTG,564,440
CTAAGTT,613,339
CTAATAA,609,408
CTAATAC,827,483
CTAATAG,550,357
CTAATAT,607,374
CTAATCA,782,433
CTAATCC,844,551
CTAATCG,811,528
CTAATCT,628,411
CTAATGA,597,391
CTAATGC,796,545
CTAATGG,723,427
CTAATGT,589,385
CTAATTA,524,401
CTAATTC,735,437
CTAATTG,580,342
CTAATTT,542,348
CTACAAA,724,473
CTACAAC,994,677
CTACAAG,776,491
CTACAAT,711,488
CTACACA,951,556
CTACACC,1163,694
CTACACG,992,611
CTACACT,836,573
CTACAGA,695,465
CTACAGC,973,646
CTACAGG,854,562
CTACAGT,742,469
CTACATA,769,480
CTACATC,996,627
CTACATG,688,460
CTACATT,666,417
CTACCAA,867,518
CTACCAC,1181,683
CTACCAG,795,504
CTACCAT,770,517
CTACCCA,958,621
CTACCCC,1004,710
CTACCCG,889,625
CTACCCT,819,462
CTACCGA,873,575
CTACCGC,1174,743
CTACCGG,918,674
CTACCGT,828,576
CTACCTA,706,438
CTACCTC,913,529
CTACCTG,631,441
CTACCTT,684,466
CTACGAA,757,490
CTACGAC,977,665
CTACGAG,791,479
CTACGAT,762,481
CTACGCA,1085,705
CTACGCC,1190,822
CTACGCG,1063,684
CTACGCT,832,573
CTACGGA,840,558
CTACGGC,1195,708
CTACGGG,1005,585
CTACGGT,840,630
CTACGTA,866,515
CTACGTC,1034,694
CTACGTG,800,535
CTACGTT,751,481
CTACTAA,596,424
CTACTAC,742,501
CTACTAG,623,404
CTACTAT,623,381
CTACTCA,755,536
CTACTCC,901,564
CTACTCG,830,544
CTACTCT,605,416
CTACTGA,600,371
CTACTGC,871,537
CTACTGG,737,436
CTACTGT,601,373
CTACTTA,610,394
CTACTTC,800,508
CTACTTG,569,382
CTACTTT,588,391
CTAGAAA,632,402
CTAGAAC,828,484
CTAGAAG,590,396
CTAGAAT,648,387
CTAGACA,791,564
CTAGACC,927,543
CTAGACG,761,481
CTAGACT,684,466
CTAGAGA,620,372
CTAGAGC,825,529
CTAGAGG,666,468
CTAGAGT,667,394
CTAGATA,557,393
CTAGATC,798,501
CTAGATG,546,319
CTAGATT,544,376
CTAGCAA,861,542
CTAGCAC,1132,746
CTAGCAG,787,516
CTAGCAT,838,560
CTAGCCA,962,738
CTAGCCC,1132,716
CTAGCCG,831,565
CTAGCCT,879,546
CTAGCGA,824,512
CTAGCGC,1192,759
CTAGCGG,873,571
CTAGCGT,860,563
CTAGCTA,710,448
CTAGCTC,883,592
CTAGCTG,634,399
CTAGCTT,687,472
CTAGGAA,732,500
CTAGGAC,969,634
CTAGGAG,678,450
CTAGGAT,665,469
CTAGGCA,1096,698
CTAGGCC,1138,762
CTAGGCG,940,570
CTAGGCT,861,541
CTAGGGA,785,530
CTAGGGC,1107,762
CTAGGGG,833,546
CTAGGGT,768,499
CTAGGTA,751,466
CTAGGTC,951,619
CTAGGTG,616,432
CTAGGTT,685,481
CTAGTAA,700,405
CTAGTAC,863,530
CTAGTAG,569,388
CTAGTAT,602,387
CTAGTCA,852,546
CTAGTCC,910,625
CTAGTCG,825,584
CTAGTCT,619,432
CTAGTGA,655,401
CTAGTGC,849,555
CTAGTGG,626,413
CTAGTGT,594,426
CTAGTTA,599,408
CTAGTTC,784,501
CTAGTTG,540,344
CTAGTTT,570,385
CTATAAA,605,420
CTATAAC,780,550
CTATAAG,711,408
CTATAAT,661,390
CTATACA,845,475
CTATACC,909,543
CTATACG,820,557
CTATACT,684,410
CTATAGA,622,378
CTATAGC,814,545
CTATAGG,720,466
CTATAGT,635,439
CTATATA,627,409
CTATATC,775,466
CTATATG,578,373
CTATATT,584,379
CTATCAA,830,551
CTATCAC,995,646
CTATCAG,785,526
CTATCAT,855,521
CTATCCA,933,610
CTATCCC,959,618
CTATCCG,924,547
CTATCCT,734,399
CTATCGA,843,534
CTATCGC,1039,730
CTATCGG,918,559
CTATCGT,873,509
CTATCTA,667,427
CTATCTC,799,486
CTATCTG,671,391
CTATCTT,616,424
CTATGAA,628,406
CTATGAC,811,549
CTATGAG,621,420
CTATGAT,587,420
CTATGCA,917,582
CTATGCC,982,603
CTATGCG,901,565
CTATGCT,722,475
CTATGGA,806,517
CTATGGC,984,612
CTATGGG,848,514
CTATGGT,751,477
CTATGTA,683,439
CTATGTC,852,502
CTATGTG,637,398
CTATGTT,627,427
CTATTAA,631,430
CTATTAC,762,488
CTATTAG,613,428
CTATTAT,628,373
CTATTCA,810,539
CTATTCC,833,549
CTATTCG,828,528
CTATTCT,638,351
CTATTGA,577,385
CTATTGC,818,505
CTATTGG,720,436
CTATTGT,626,401
CTATTTA,621,410
CTATTTC,738,468
CTATTTG,555,373
CTATTTT,550,360
CTCAAAA,784,489
CTCAAAC,1032,659
CTCAAAG,797,501
CTCAAAT,753,427
CTCAACA,950,634
CTCAACC,1123,697
CTCAACG,1023,651
CTCAACT,863,578
CTCAAGA,734,449
CTCAAGC,1013,715
CTCAAGG,867,650
CTCAAGT,817,535
CTCAATA,812,464
CTCAATC,927,573
CTCAATG,700,435
CTCAATT,720,406
CTCACAA,922,559
CTCACAC,1222,795
CTCACAG,922,625
CTCACAT,910,554
CTCACCA,1073,698
CTCACCC,1233,831
CTCACCG,1105,694
CTCACCT,942,576
CTCACGA,932,580
CTCACGC,1291,812
CTCACGG,1089,689
CTCACGT,921,614
CTCACTA,771,495
CTCACTC,1038,688
CTCACTG,813,481
CTCACTT,729,543
CTCAGAA,693,426
CTCAGAC,966,622
CTCAGAG,731,478
CTCAGAT,678,412
CTCAGCA,1020,732
CTCAGCC,1161,800
CTCAGCG,971,636
CTCAGCT,837,566
CTCAGGA,788,502
CTCAGGC,1141,796
CTCAGGG,985,631
CTCAGGT,863,590
CTCAGTA,800,482
CTCAGTC,893,595
CTCAGTG,710,445
CTCAGTT,676,426
CTCATAA,695,470
CTCATAC,933,653
CTCATAG,716,464
CTCATAT,744,446
CTCATCA,1019,623
CTCATCC,997,646
CTCATCG,932,600
CTCATCT,762,477
CTCATGA,700,498
CTCATGC,1027,691
CTCATGG,792,495
CTCATGT,694,456
CTCATTA,701,460
CTCATTC,859,518
CTCATTG,664,434
CTCATTT,649,402
CTCCAAA,833,531
CTCCAAC,1064,762
CTCCAAG,860,517
CTCCAAT,784,501
CTCCACA,989,680
CTCCACC,1157,774
CTCCACG,1013,682
CTCCACT,809,560
CTCCAGA,723,515
CTCCAGC,1106,697
CTCCAGG,994,639
CTCCAGT,824,574
CTCCATA,769,499
CTCCATC,934,622
CTCCATG,821,485
CTCCATT,749,451
CTCCCAA,902,593
CTCCCAC,1088,732
CTCCCAG,820,570
CTCCCAT,836,475
CTCCCCA,1048,612
CTCCCCC,1104,684
CTCCCCG,1016,660
CTCCCCT,904,570
CTCCCGA,895,519
CTCCCGC,1226,803
CTCCCGG,1008,680
CTCCCGT,916,554
CTCCCTA,732,498
CTCCCTC,928,619
CTCCCTG,738,448
CTCCCTT,726,474
CTCCGAA,844,492
CTCCGAC,1116,666
CTCCGAG,847,546
CTCCGAT,788,500
CTCCGCA,1194,759
CTCCGCC,1308,825
CTCCGCG,1113,744
CTCCGCT,925,604
CTCCGGA,965,559
CTCCGGC,1204,816
CTCCGGG,985,656
CTCCGGT,980,613
CTCCGTA,828,551
CTCCGTC,1130,724
CTCCGTG,847,532
CTCCGTT,852,475
CTCCTAA,749,449
CTCCTAC,813,538
CTCCTAG,646,453
CTCCTAT,652,396
CTCCTCA,882,552
CTCCTCC,947,639
CTCCTCG,873,616
CTCCTCT,696,509
CTCCTGA,686,405
CTCCTGC,882,592
CTCCTGG,781,448
CTCCTGT,686,406
CTCCTTA,665,398
CTCCTTC,814,467
CTCCTTG,659,404
CTCCTTT,629,378
CTCGAAA,835,512
CTCGAAC,979,634
CTCGAAG,718,498
CTCGAAT,796,521
CTCGACA,931,592
CTCGACC,1065,709
CTCGACG,887,527
CTCGACT,733,511
CTCGAGA,779,486
CTCGAGC,1027,648
CTCGAGG,824,529
CTCGAGT,817,468
CTCGATA,782,471
CTCGATC,957,623
CTCGATG,655,435
CTCGATT,654,428
CTCGCAA,1125,712
CTCGCAC,1376,873
CTCGCAG,898,610
CTCGCAT,1037,564
CTCGCCA,1204,770
CTCGCCC,1306,824
CTCGCCG,1054,709
CTCGCCT,1042,653
CTCGCGA,1002,687
CTCGCGC,1359,832
CTCGCGG,938,706
CTCGCGT,954,662
CTCGCTA,834,583
CTCGCTC,1068,678
CTCGCTG,766,507
CTCGCTT,735,548
CTCGGAA,887,597
CTCGGAC,1087,719
CTCGGAG,793,509
CTCGGAT,777,492
CTCGGCA,1138,799
CTCGGCC,1283,873
CTCGGCG,1002,649
CTCGGCT,902,603
CTCGGGA,997,613
CTCGGGC,1268,866
CTCGGGG,1055,644
CTCGGGT,983,605
CTCGGTA,840,612
CTCGGTC,1156,716
CTCGGTG,745,487
CTCGGTT,799,516
CTCGTAA,778,547
CTCGTAC,995,638
CTCGTAG,735,448
CTCGTAT,714,430
CTCGTCA,1034,651
CTCGTCC,1172,700
CTCGTCG,949,569
CTCGTCT,758,498
CTCGTGA,732,468
CTCGTGC,1084,690
CTCGTGG,837,506
CTCGTGT,753,459
CTCGTTA,769,531
CTCGTTC,828,538
CTCGTTG,684,475
CTCGTTT,761,446
CTCTAAA,713,417
CTCTAAC,888,576
CTCTAAG,772,514
CTCTAAT,673,411
CTCTACA,680,412
CTCTACC,822,488
CTCTACG,759,540
CTCTACT,586,380
CTCTAGA,701,442
CTCTAGC,889,571
CTCTAGG,776,493
CTCTAGT,621,437
CTCTATA,654,398
CTCTATC,807,481
CTCTATG,683,369
CTCTATT,650,413
CTCTCAA,854,529
CTCTCAC,1085,670
CTCTCAG,848,551
CTCTCAT,825,542
CTCTCCA,923,523
CTCTCCC,980,652
CTCTCCG,955,611
CTCTCCT,741,484
CTCTCGA,810,558
CTCTCGC,1027,765
CTCTCGG,984,604
CTCTCGT,816,551
CTCTCTA,719,414
CTCTCTC,885,568
CTCTCTG,660,437
CTCTCTT,689,445
CTCTGAA,664,441
CTCTGAC,837,598
CTCTGAG,721,423
CTCTGAT,606,405
CTCTGCA,874,628
CTCTGCC,1018,561
CTCTGCG,889,571
CTCTGCT,760,503
CTCTGGA,756,504
CTCTGGC,1006,670
CTCTGGG,861,588
CTCTGGT,724,483
CTCTGTA,684,471
CTCTGTC,862,566
CTCTGTG,734,430
CTCTGTT,727,412
CTCTTAA,687,433
CTCTTAC,856,545
CTCTTAG,640,408
CTCTTAT,604,379
CTCTTCA,872,569
CTCTTCC,880,547
CTCTTCG,854,542
CTCTTCT,656,426
CTCTTGA,687,425
CTCTTGC,851,578
CTCTTGG,777,434
CTCTTGT,653,403
CTCTTTA,610,422
CTCTTTC,757,456
CTCTTTG,596,409
CTCTTTT,606,363
CTGAAAA,677,438
CTGAAAC,911,580
CTGAAAG,700,426
CTGAAAT,689,455
CTGAACA,930,583
CTGAACC,1046,650
CTGAACG,883,608
CTGAACT,738,482
CTGAAGA,643,444
CTGAAGC,938,537
CTGAAGG,786,466
CTGAAGT,695,483
CTGAATA,643,445
CTGAATC,917,558
CTGAATG,623,441
CTGAATT,681,388
CTGACAA,941,536
CTGACAC,1225,755
CTGACAG,828,511
CTGACAT,830,532
CTGACCA,1037,631
CTGACCC,1216,734
CTGACCG,1015,583
CTGACCT,907,541
CTGACGA,835,475
CTGACGC,1130,725
CTGACGG,939,584
CTGACGT,775,511
CTGACTA,707,508
CTGACTC,944,593
CTGACTG,702,421
CTGACTT,721,466
CTGAGAA,622,403
CTGAGAC,800,546
CTGAGAG,664,422
CTGAGAT,629,401
CTGAGCA,894,582
CTGAGCC,1090,670
CTGAGCG,890,600
CTGAGCT,697,504
CTGAGGA,774,475
CTGAGGC,964,676
CTGAGGG,868,567
CTGAGGT,787,476
CTGAGTA,694,471
CTGAGTC,920,566
CTGAGTG,660,381
CTGAGTT,679,431
CTGATAA,716,419
CTGATAC,748,502
CTGATAG,658,427
CTGATAT,604,440
CTGATCA,780,548
CTGATCC,952,589
CTGATCG,911,520
CTGATCT,740,428
CTGATGA,687,414
CTGATGC,860,581
CTGATGG,742,437
CTGATGT,661,433
CTGATTA,691,378
CTGATTC,757,505
CTGATTG,596,376
CTGATTT,576,398
CTGCAAA,951,521
CTGCAAC,1213,807
CTGCAAG,948,684
CTGCAAT,973,595
CTGCACA,1336,744
CTGCACC,1338,942
CTGCACG,1163,749
CTGCACT,1077,678
CTGCAGA,854,515
CTGCAGC,1169,759
CTGCAGG,1002,623
CTGCAGT,847,573
CTGCATA,967,596
CTGCATC,1161,829
CTGCATG,789,553
CTGCATT,868,586
CTGCCAA,1082,729
CTGCCAC,1466,961
CTGCCAG,1015,637
CTGCCAT,1072,666
CTGCCCA,1233,858
CTGCCCC,1423,897
CTGCCCG,1125,778
CTGCCCT,992,628
CTGCCGA,956,593
CTGCCGC,1403,859
CTGCCGG,1011,628
CTGCCGT,948,606
CTGCCTA,963,596
CTGCCTC,1113,731
CTGCCTG,860,540
CTGCCTT,865,537
CTGCGAA,899,608
CTGCGAC,1123,774
CTGCGAG,899,605
CTGCGAT,899,568
CTGCGCA,1318,859
CTGCGCC,1388,950
CTGCGCG,1216,788
CTGCGCT,969,646
CTGCGGA,931,591
CTGCGGC,1341,871
CTGCGGG,1086,643
CTGCGGT,1052,567
CTGCGTA,954,638
CTGCGTC,1145,779
CTGCGTG,827,546
CTGCGTT,882,612
CTGCTAA,842,581
CTGCTAC,896,570
CTGCTAG,730,511
CTGCTAT,712,472
CTGCTCA,1053,731
CTGCTCC,1133,757
CTGCTCG,934,604
CTGCTCT,810,581
CTGCTGA,647,391
CTGCTGC,974,587
CTGCTGG,761,494
CTGCTGT,675,463
CTGCTTA,738,505
CTGCTTC,912,614
CTGCTTG,678,423
CTGCTTT,658,500
CTGGAAA,794,537
CTGGAAC,1117,707
CTGGAAG,792,515
CTGGAAT,791,506
CTGGACA,1040,649
CTGGACC,1283,860
CTGGACG,991,569
CTGGACT,913,557
CTGGAGA,677,471
CTGGAGC,1009,626
CTGGAGG,827,540
CTGGAGT,689,492
CTGGATA,820,489
CTGGATC,961,568
CTGGATG,709,457
CTGGATT,756,489
CTGGCAA,1138,719
CTGGCAC,1506,967
CTGGCAG,920,637
CTGGCAT,1028,669
CTGGCCA,1325,928
CTGGCCC,1470,984
CTGGCCG,1076,735
CTGGCCT,1066,706
CTGGCGA,915,609
CTGGCGC,1312,836
CTGGCGG,986,645
CTGGCGT,959,636
CTGGCTA,898,614
CTGGCTC,1122,767
CTGGCTG,813,467
CTGGCTT,867,563
CTGGGAA,856,578
CTGGGAC,1195,742
CTGGGAG,722,462
CTGGGAT,877,558
CTGGGCA,1270,831
CTGGGCC,1395,924
CTGGGCG,1063,623
CTGGGCT,1028,672
CTGGGGA,931,584
CTGGGGC,1181,830
CTGGGGG,995,599
CTGGGGT,982,587
CTGGGTA,916,638
CTGGGTC,1134,707
CTGGGTG,712,510
CTGGGTT,823,518
CTGGTAA,851,516
CTGGTAC,1120,705
CTGGTAG,800,476
CTGGTAT,812,536
CTGGTCA,1131,701
CTGGTCC,1149,798
CTGGTCG,1062,697
CTGGTCT,897,559
CTGGTGA,742,463
CTGGTGC,1062,668
CTGGTGG,805,528
CTGGTGT,756,521
CTGGTTA,833,499
CTGGTTC,1011,610
CTGGTTG,608,405
CTGGTTT,746,521
CTGTAAA,817,539
CTGTAAC,1093,642
CTGTAAG,819,531
CTGTAAT,766,545
CTGTACA,1048,632
CTGTACC,1149,747
CTGTACG,1034,620
CTGTACT,860,544
CTGTAGA,692,435
CTGTAGC,982,604
CTGTAGG,831,556
CTGTAGT,702,449
CTGTATA,730,486
CTGTATC,994,659
CTGTATG,705,502
CTGTATT,778,528
CTGTCAA,1028,662
CTGTCAC,1347,834
CTGTCAG,930,610
CTGTCAT,1004,630
CTGTCCA,1222,770
CTGTCCC,1220,757
CTGTCCG,1132,736
CTGTCCT,841,502
CTGTCGA,818,535
CTGTCGC,1227,736
CTGTCGG,962,596
CTGTCGT,836,484
CTGTCTA,837,514
CTGTCTC,984,609
CTGTCTG,769,527
CTGTCTT,854,502
CTGTGAA,782,450
CTGTGAC,1030,584
CTGTGAG,764,450
CTGTGAT,762,482
CTGTGCA,1138,690
CTGTGCC,1190,759
CTGTGCG,994,671
CTGTGCT,835,568
CTGTGGA,780,496
CTGTGGC,1146,682
CTGTGGG,869,603
CTGTGGT,886,539
CTGTGTA,823,477
CTGTGTC,957,623
CTGTGTG,810,445
CTGTGTT,739,459
CTGTTAA,768,470
CTGTTAC,925,688
CTGTTAG,738,507
CTGTTAT,688,421
CTGTTCA,1004,600
CTGTTCC,1039,686
CTGTTCG,990,616
CTGTTCT,738,502
CTGTTGA,675,420
CTGTTGC,912,587
CTGTTGG,698,481
CTGTTGT,648,473
CTGTTTA,773,472
CTGTTTC,867,606
CTGTTTG,723,466
CTGTTTT,734,438
CTTAAAA,746,456
CTTAAAC,992,573
CTTAAAG,771,497
CTTAAAT,754,521
CTTAACA,901,585
CTTAACC,1026,650
CTTAACG,896,569
CTTAACT,782,528
CTTAAGA,734,456
CTTAAGC,1042,640
CTTAAGG,868,536
CTTAAGT,776,473
CTTAATA,634,423
CTTAATC,861,547
CTTAATG,635,410
CTTAATT,622,390
CTTACAA,893,567
CTTACAC,1226,732
CTTACAG,872,499
CTTACAT,830,530
CTTACCA,933,633
CTTACCC,1096,646
CTTACCG,968,585
CTTACCT,795,505
CTTACGA,860,535
CTTACGC,1175,799
CTTACGG,975,665
CTTACGT,881,548
CTTACTA,727,438
CTTACTC,907,555
CTTACTG,675,441
CTTACTT,700,400
CTTAGAA,666,460
CTTAGAC,866,562
CTTAGAG,662,429
CTTAGAT,660,446
CTTAGCA,958,617
CTTAGCC,993,653
CTTAGCG,849,562
CTTAGCT,744,521
CTTAGGA,738,522
CTTAGGC,1046,702
CTTAGGG,974,612
CTTAGGT,849,499
CTTAGTA,698,505
CTTAGTC,872,552
CTTAGTG,684,419
CTTAGTT,684,407
CTTATAA,678,434
CTTATAC,817,509
CTTATAG,643,378
CTTATAT,639,359
CTTATCA,839,528
CTTATCC,898,540
CTTATCG,882,539
CTTATCT,736,474
CTTATGA,700,438
CTTATGC,890,586
CTTATGG,755,466
CTTATGT,748,455
CTTATTA,602,362
CTTATTC,789,489
CTTATTG,617,424
CTTATTT,623,331
CTTCAAA,857,567
CTTCAAC,1147,700
CTTCAAG,863,526
CTTCAAT,814,518
CTTCACA,1051,704
CTTCACC,1157,776
CTTCACG,1078,673
CTTCACT,900,602
CTTCAGA,833,530
CTTCAGC,1097,692
CTTCAGG,926,623
CTTCAGT,808,527
CTTCATA,846,524
CTTCATC,1031,652
CTTCATG,745,545
CTTCATT,772,479
CTTCCAA,970,571
CTTCCAC,1143,793
CTTCCAG,893,609
CTTCCAT,845,565
CTTCCCA,1018,667
CTTCCCC,1125,720
CTTCCCG,1044,651
CTTCCCT,799,504
CTTCCGA,977,564
CTTCCGC,1228,755
CTTCCGG,1006,647
CTTCCGT,859,553
CTTCCTA,718,490
CTTCCTC,981,583
CTTCCTG,705,419
CTTCCTT,712,502
CTTCGAA,876,549
CTTCGAC,1023,682
CTTCGAG,855,605
CTTCGAT,800,518
CTTCGCA,1097,715
CTTCGCC,1294,818
CTTCGCG,1106,713
CTTCGCT,899,557
CTTCGGA,945,625
CTTCGGC,1273,744
CTTCGGG,1060,645
CTTCGGT,1002,571
CTTCGTA,887,610
CTTCGTC,1080,729
CTTCGTG,770,496
CTTCGTT,810,492
CTTCTAA,662,436
CTTCTAC,770,467
CTTCTAG,635,422
CTTCTAT,652,425
CTTCTCA,899,491
CTTCTCC,878,624
CTTCTCG,824,589
CTTCTCT,653,386
CTTCTGA,673,449
CTTCTGC,872,567
CTTCTGG,775,447
CTTCTGT,663,433
CTTCTTA,666,420
CTTCTTC,791,445
CTTCTTG,623,386
CTTCTTT,627,363
CTTGAAA,774,434
CTTGAAC,946,548
CTTGAAG,721,417
CTTGAAT,669,480
CTTGACA,918,583
CTTGACC,1026,646
CTTGACG,818,493
CTTGACT,773,453
CTTGAGA,655,461
CTTGAGC,971,590
CTTGAGG,760,463
CTTGAGT,701,431
CTTGATA,739,446
CTTGATC,875,526
CTTGATG,626,439
CTTGATT,660,362
CTTGCAA,964,650
CTTGCAC,1276,819
CTTGCAG,853,595
CTTGCAT,906,614
CTTGCCA,1140,767
CTTGCCC,1243,816
CTTGCCG,904,624
CTTGCCT,866,597
CTTGCGA,943,637
CTTGCGC,1310,798
CTTGCGG,947,646
CTTGCGT,914,641
CTTGCTA,793,506
CTTGCTC,1078,662
CTTGCTG,682,445
CTTGCTT,673,468
CTTGGAA,759,490
CTTGGAC,1050,685
CTTGGAG,728,489
CTTGGAT,780,476
CTTGGCA,1120,744
CTTGGCC,1104,760
CTTGGCG,982,633
CTTGGCT,914,601
CTTGGGA,880,539
CTTGGGC,1181,752
CTTGGGG,892,554
CTTGGGT,932,582
CTTGGTA,833,538
CTTGGTC,1003,679
CTTGGTG,670,465
CTTGGTT,804,480
CTTGTAA,782,511
CTTGTAC,903,535
CTTGTAG,636,451
CTTGTAT,713,506
CTTGTCA,984,608
CTTGTCC,1047,656
CTTGTCG,874,560
CTTGTCT,730,448
CTTGTGA,720,462
CTTGTGC,1002,615
CTTGTGG,804,478
CTTGTGT,722,492
CTTGTTA,747,459
CTTGTTC,847,555
CTTGTTG,572,382
CTTGTTT,638,399
CTTTAAA,739,458
CTTTAAC,943,616
CTTTAAG,735,492
CTTTAAT,670,460
CTTTACA,913,544
CTTTACC,968,603
CTTTACG,930,584
CTTTACT,714,466
CTTTAGA,722,465
CTTTAGC,991,565
CTTTAGG,853,581
CTTTAGT,727,431
CTTTATA,752,403
CTTTATC,808,529
CTTTATG,689,436
CTTTATT,622,392
CTTTCAA,943,540
CTTTCAC,1224,773
CTTTCAG,934,514
CTTTCAT,867,570
CTTTCCA,975,605
CTTTCCC,1013,683
CTTTCCG,997,602
CTTTCCT,737,451
CTTTCGA,858,530
CTTTCGC,1140,710
CTTTCGG,866,610
CTTTCGT,910,601
CTTTCTA,675,409
CTTTCTC,914,558
CTTTCTG,699,398
CTTTCTT,659,388
CTTTGAA,664,422
CTTTGAC,975,575
CTTTGAG,685,483
CTTTGAT,674,441
CTTTGCA,989,618
CTTTGCC,1030,688
CTTTGCG,991,611
CTTTGCT,805,502
CTTTGGA,806,499
CTTTGGC,1007,664
CTTTGGG,931,574
CTTTGGT,837,494
CTTTGTA,759,467
CTTTGTC,903,590
CTTTGTG,721,469
CTTTGTT,653,390
CTTTTAA,734,419
CTTTTAC,852,534
CTTTTAG,695,460
CTTTTAT,655,424
CTTTTCA,849,560
CTTTTCC,886,579
CTTTTCG,863,573
CTTTTCT,625,446
CTTTTGA,702,415
CTTTTGC,915,534
CTTTTGG,802,489
CTTTTGT,647,434
CTTTTTA,632,429
CTTTTTC,729,481
CTTTTTG,654,390
CTTTTTT,590,378
GAAAAAA,412,239
GAAAAAC,784,482
GAAAAAG,644,375
GAAAAAT,556,350
GAAAACA,598,431
GAAAACC,774,535
GAAAACG,731,481
GAAAACT,602,389
GAAAAGA,476,300
GAAAAGC,836,511
GAAAAGG,749,423
GAAAAGT,668,395
GAAAATA,535,326
GAAAATC,689,442
GAAAATG,552,383
GAAAATT,530,324
GAAACAA,653,387
GAAACAC,935,637
GAAACAG,704,501
GAAACAT,755,478
GAAACCA,767,515
GAAACCC,950,624
GAAACCG,829,546
GAAACCT,755,499
GAAACGA,745,481
GAAACGC,1071,651
GAAACGG,841,533
GAAACGT,805,515
GAAACTA,677,442
GAAACTC,788,497
GAAACTG,555,392
GAAACTT,638,368
GAAAGAA,469,295
GAAAGAC,742,460
GAAAGAG,568,362
GAAAGAT,602,417
GAAAGCA,783,490
GAAAGCC,937,575
GAAAGCG,810,472
GAAAGCT,701,437
GAAAGGA,676,475
GAAAGGC,932,655
GAAAGGG,777,507
GAAAGGT,753,436
GAAAGTA,612,398
GAAAGTC,841,494
GAAAGTG,640,393
GAAAGTT,613,352
GAAATAA,551,371
GAAATAC,714,466
GAAATAG,608,363
GAAATAT,506,372
GAAATCA,721,445
GAAATCC,790,511
GAAATCG,780,487
GAAATCT,605,438
GAAATGA,517,344
GAAATGC,859,532
GAAATGG,637,402
GAAATGT,606,388
GAAATTA,543,372
GAAATTC,627,423
GAAATTG,512,290
GAAATTT,509,307
GAACAAA,629,433
GAACAAC,942,582
GAACAAG,788,445
GAACAAT,708,453
GAACACA,929,567
GAACACC,1052,694
GAACACG,955,592
GAACACT,794,569
GAACAGA,637,439
GAACAGC,1077,607
GAACAGG,822,558
GAACAGT,707,456
GAACATA,678,439
GAACATC,906,573
GAACATG,723,444
GAACATT,643,415
GAACCAA,811,510
GAACCAC,1088,733
GAACCAG,799,517
GAACCAT,807,548
GAACCCA,937,620
GAACCCC,981,657
GAACCCG,939,575
GAACCCT,829,511
GAACCGA,802,483
GAACCGC,1261,752
GAACCGG,873,605
GAACCGT,856,505
GAACCTA,695,474
GAACCTC,855,543
GAACCTG,634,433
GAACCTT,716,445
GAACGAA,715,435
GAACGAC,905,577
GAACGAG,733,427
GAACGAT,685,490
GAACGCA,995,657
GAACGCC,1148,765
GAACGCG,1030,601
GAACGCT,882,604
GAACGGA,748,513
GAACGGC,1124,710
GAACGGG,936,581
GAACGGT,844,535
GAACGTA,778,495
GAACGTC,948,606
GAACGTG,708,442
GAACGTT,651,454
GAACTAA,569,365
GAACTAC,746,508
GAACTAG,593,374
GAACTAT,578,374
GAACTCA,812,514
GAACTCC,823,552
GAACTCG,783,509
GAACTCT,636,400
GAACTGA,574,369
GAACTGC,805,545
GAACTGG,760,437
GAACTGT,646,373
GAACTTA,576,384
GAACTTC,715,447
GAACTTG,549,378
GAACTTT,492,330
GAAGAAA,463,281
GAAGAAC,714,415
GAAGAAG,549,337
GAAGAAT,566,345
GAAGACA,652,373
GAAGACC,928,532
GAAGACG,656,428
GAAGACT,598,420
GAAGAGA,488,343
GAAGAGC,811,509
GAAGAGG,662,427
GAAGAGT,638,347
GAAGATA,592,349
GAAGATC,710,427
GAAGATG,498,316
GAAGATT,555,309
GAAGCAA,763,452
GAAGCAC,1056,704
GAAGCAG,726,523
GAAGCAT,769,513
GAAGCCA,894,618
GAAGCCC,1015,676
GAAGCCG,792,524
GAAGCCT,774,503
GAAGCGA,780,516
GAAGCGC,1085,737
GAAGCGG,797,544
GAAGCGT,746,556
GAAGCTA,640,436
GAAGCTC,826,524
GAAGCTG,566,399
GAAGCTT,617,417
GAAGGAA,637,399
GAAGGAC,874,563
GAAGGAG,607,359
GAAGGAT,659,448
GAAGGCA,936,591
GAAGGCC,1171,677
GAAGGCG,825,543
GAAGGCT,758,509
GAAGGGA,762,439
GAAGGGC,1082,685
GAAGGGG,767,514
GAAGGGT,746,456
GAAGGTA,738,480
GAAGGTC,866,574
GAAGGTG,519,367
GAAGGTT,682,410
GAAGTAA,600,395
GAAGTAC,777,543
GAAGTAG,552,340
GAAGTAT,614,399
GAAGTCA,745,441
GAAGTCC,868,572
GAAGTCG,618,430
GAAGTCT,668,422
GAAGTGA,601,365
GAAGTGC,757,496
GAAGTGG,590,372
GAAGTGT,626,355
GAAGTTA,598,386
GAAGTTC,762,464
GAAGTTG,495,338
GAAGTTT,524,379
GAATAAA,539,363
GAATAAC,793,524
GAATAAG,633,405
GAATAAT,565,379
GAATACA,762,479
GAATACC,887,605
GAATACG,797,497
GAATACT,698,405
GAATAGA,551,349
GAATAGC,793,488
GAATAGG,771,405
GAATAGT,636,355
GAATATA,622,397
GAATATC,760,459
GAATATG,628,390
GAATATT,571,356
GAATCAA,820,495
GAATCAC,1054,637
GAATCAG,725,503
GAATCAT,767,506
GAATCCA,853,532
GAATCCC,909,603
GAATCCG,851,564
GAATCCT,692,445
GAATCGA,833,532
GAATCGC,1061,652
GAATCGG,908,549
GAATCGT,762,526
GAATCTA,653,457
GAATCTC,815,502
GAATCTG,626,388
GAATCTT,611,411
GAATGAA,614,399
GAATGAC,803,467
GAATGAG,644,385
GAATGAT,538,390
GAATGCA,833,552
GAATGCC,995,610
GAATGCG,886,563
GAATGCT,737,491
GAATGGA,634,457
GAATGGC,914,617
GAATGGG,802,486
GAATGGT,691,438
GAATGTA,633,443
GAATGTC,771,515
GAATGTG,588,385
GAATGTT,635,383
GAATTAA,561,387
GAATTAC,772,481
GAATTAG,559,378
GAATTAT,596,327
GAATTCA,728,498
GAATTCC,818,477
GAATTCG,774,489
GAATTCT,629,400
GAATTGA,542,375
GAATTGC,719,494
GAATTGG,594,366
GAATTGT,533,364
GAATTTA,599,359
GAATTTC,580,441
GAATTTG,508,348
GAATTTT,488,323
GACAAAA,621,383
GACAAAC,897,621
GACAAAG,713,432
GACAAAT,715,478
GACAACA,844,609
GACAACC,1063,664
GACAACG,908,591
GACAACT,771,521
GACAAGA,739,416
GACAAGC,1004,631
GACAAGG,810,570
GACAAGT,698,433
GACAATA,621,441
GACAATC,873,548
GACAATG,695,406
GACAATT,626,426
GACACAA,882,567
GACACAC,1262,798
GACACAG,898,574
GACACAT,939,601
GACACCA,1087,674
GACACCC,1171,775
GACACCG,1037,664
GACACCT,895,563
GACACGA,888,570
GACACGC,1293,844
GACACGG,1056,659
GACACGT,920,624
GACACTA,755,463
GACACTC,1025,630
GACACTG,699,471
GACACTT,754,463
GACAGAA,684,428
GACAGAC,925,550
GACAGAG,610,415
GACAGAT,637,413
GACAGCA,916,648
GACAGCC,1062,734
GACAGCG,895,612
GACAGCT,738,534
GACAGGA,775,503
GACAGGC,1078,705
GACAGGG,929,614
GACAGGT,772,522
GACAGTA,699,486
GACAGTC,912,567
GACAGTG,651,396
GACAGTT,618,443
GACATAA,727,440
GACATAC,925,565
GACATAG,687,385
GACATAT,662,433
GACATCA,874,583
GACATCC,994,580
GACATCG,839,552
GACATCT,688,492
GACATGA,701,453
GACATGC,930,627
GACATGG,792,475
GACATGT,720,455
GACATTA,718,355
GACATTC,863,548
GACATTG,636,430
GACATTT,629,408
GACCAAA,791,456
GACCAAC,990,660
GACCAAG,777,485
GACCAAT,706,512
GACCACA,1048,650
GACCACC,1248,756
GACCACG,1002,675
GACCACT,825,530
GACCAGA,736,444
GACCAGC,1057,739
GACCAGG,913,623
GACCAGT,791,521
GACCATA,704,472
GACCATC,927,607
GACCATG,725,521
GACCATT,703,470
GACCCAA,910,583
GACCCAC,1165,736
GACCCAG,883,545
GACCCAT,854,528
GACCCCA,996,628
GACCCCC,1056,666
GACCCCG,1009,639
GACCCCT,862,539
GACCCGA,890,579
GACCCGC,1223,783
GACCCGG,1012,719
GACCCGT,884,564
GACCCTA,718,425
GACCCTC,953,555
GACCCTG,747,419
GACCCTT,684,432
GACCGAA,789,484
GACCGAC,1035,636
GACCGAG,754,492
GACCGAT,775,491
GACCGCA,1103,680
GACCGCC,1251,796
GACCGCG,1033,645
GACCGCT,894,555
GACCGGA,884,536
GACCGGC,1155,789
GACCGGG,997,649
GACCGGT,925,598
GACCGTA,859,554
GACCGTC,991,627
GACCGTG,748,493
GACCGTT,766,476
GACCTAA,670,449
GACCTAC,799,456
GACCTAG,662,389
GACCTAT,648,372
GACCTCA,916,575
GACCTCC,980,611
GACCTCG,810,528
GACCTCT,742,432
GACCTGA,692,421
GACCTGC,898,598
GACCTGG,705,495
GACCTGT,670,381
GACCTTA,659,416
GACCTTC,715,493
GACCTTG,608,392
GACCTTT,587,394
GACGAAA,658,433
GACGAAC,783,530
GACGAAG,599,433
GACGAAT,621,396
GACGACA,842,527
GACGACC,973,638
GACGACG,750,466
GACGACT,703,435
GACGAGA,675,439
GACGAGC,840,571
GACGAGG,785,485
GACGAGT,713,434
GACGATA,644,325
GACGATC,795,493
GACGATG,609,353
GACGATT,614,387
GACGCAA,993,618
GACGCAC,1249,750
GACGCAG,935,562
GACGCAT,895,618
GACGCCA,1117,723
GACGCCC,1206,794
GACGCCG,1041,637
GACGCCT,936,557
GACGCGA,920,583
GACGCGC,1199,833
GACGCGG,869,603
GACGCGT,882,573
GACGCTA,782,524
GACGCTC,932,634
GACGCTG,725,461
GACGCTT,726,456
GACGGAA,772,491
GACGGAC,1004,636
GACGGAG,676,405
GACGGAT,707,479
GACGGCA,1047,691
GACGGCC,1272,782
GACGGCG,972,563
GACGGCT,840,580
GACGGGA,910,510
GACGGGC,1130,728
GACGGGG,864,554
GACGGGT,885,521
GACGGTA,819,536
GACGGTC,966,651
GACGGTG,689,465
GACGGTT,722,452
GACGTAA,748,479
GACGTAC,967,563
GACGTAG,680,403
GACGTAT,632,420
GACGTCA,941,603
GACGTCC,1026,624
GACGTCG,773,458
GACGTCT,728,466
GACGTGA,708,417
GACGTGC,884,594
GACGTGG,717,455
GACGTGT,663,394
GACGTTA,643,474
GACGTTC,790,507
GACGTTG,552,381
GACGTTT,602,387
GACTAAA,611,402
GACTAAC,793,519
GACTAAG,629,428
GACTAAT,622,398
GACTACA,809,495
GACTACC,886,556
GACTACG,823,565
GACTACT,702,400
GACTAGA,641,395
GACTAGC,873,509
GACTAGG,782,508
GACTAGT,708,382
GACTATA,618,413
GACTATC,784,485
GACTATG,677,408
GACTATT,573,355
GACTCAA,822,593
GACTCAC,1088,740
GACTCAG,825,492
GACTCAT,771,505
GACTCCA,930,609
GACTCCC,971,629
GACTCCG,1012,559
GACTCCT,699,512
GACTCGA,856,547
GACTCGC,1129,674
GACTCGG,905,617
GACTCGT,776,512
GACTCTA,661,481
GACTCTC,916,536
GACTCTG,642,416
GACTCTT,635,413
GACTGAA,673,369
GACTGAC,780,506
GACTGAG,627,403
GACTGAT,601,381
GACTGCA,915,585
GACTGCC,942,620
GACTGCG,911,573
GACTGCT,703,431
GACTGGA,727,465
GACTGGC,1034,640
GACTGGG,819,521
GACTGGT,755,487
GACTGTA,673,452
GACTGTC,788,542
GACTGTG,648,392
GACTGTT,612,431
GACTTAA,666,417
GACTTAC,824,497
GACTTAG,615,404
GACTTAT,591,404
GACTTCA,832,495
GACTTCC,783,541
GACTTCG,763,491
GACTTCT,617,369
GACTTGA,644,378
GACTTGC,847,545
GACTTGG,711,473
GACTTGT,622,378
GACTTTA,614,369
GACTTTC,690,439
GACTTTG,585,370
GACTTTT,538,342
GAGAAAA,484,318
GAGAAAC,819,547
GAGAAAG,637,426
GAGAAAT,600,430
GAGAACA,828,503
GAGAACC,889,562
GAGAACG,840,492
GAGAACT,664,421
GAGAAGA,520,323
GAGAAGC,837,507
GAGAAGG,742,438
GAGAAGT,654,438
GAGAATA,608,394
GAGAATC,755,457
GAGAATG,572,372
GAGAATT,551,365
GAGACAA,774,494
GAGACAC,1100,667
GAGACAG,865,455
GAGACAT,745,504
GAGACCA,932,525
GAGACCC,1064,689
GAGACCG,946,573
GAGACCT,807,519
GAGACGA,684,419
GAGACGC,1060,686
GAGACGG,840,540
GAGACGT,730,486
GAGACTA,667,418
GAGACTC,864,555
GAGACTG,673,433
GAGACTT,617,394
GAGAGAA,504,339
GAGAGAC,770,462
GAGAGAG,584,370
GAGAGAT,591,384
GAGAGCA,866,474
GAGAGCC,911,578
GAGAGCG,825,471
GAGAGCT,704,469
GAGAGGA,666,459
GAGAGGC,948,594
GAGAGGG,768,471
GAGAGGT,726,453
GAGAGTA,636,415
GAGAGTC,768,487
GAGAGTG,596,377
GAGAGTT,591,404
GAGATAA,634,368
GAGATAC,724,495
GAGATAG,566,358
GAGATAT,604,376
GAGATCA,823,486
GAGATCC,906,521
GAGATCG,813,499
GAGATCT,626,456
GAGATGA,590,328
GAGATGC,777,524
GAGATGG,633,384
GAGATGT,595,374
GAGATTA,581,344
GAGATTC,700,432
GAGATTG,526,325
GAGATTT,555,321
GAGCAAA,796,498
GAGCAAC,1250,756
GAGCAAG,864,590
GAGCAAT,921,571
GAGCACA,1232,701
GAGCACC,1345,892
GAGCACG,1117,668
GAGCACT,1011,609
GAGCAGA,792,531
GAGCAGC,1110,691
GAGCAGG,896,592
GAGCAGT,859,494
GAGCATA,899,558
GAGCATC,1119,669
GAGCATG,843,491
GAGCATT,814,492
GAGCCAA,979,631
GAGCCAC,1330,936
GAGCCAG,956,608
GAGCCAT,996,615
GAGCCCA,1158,735
GAGCCCC,1281,837
GAGCCCG,1156,707
GAGCCCT,908,721
GAGCCGA,829,555
GAGCCGC,1226,772
GAGCCGG,1046,564
GAGCCGT,860,601
GAGCCTA,900,530
GAGCCTC,1055,690
GAGCCTG,792,534
GAGCCTT,759,523
GAGCGAA,830,523
GAGCGAC,1123,717
GAGCGAG,790,509
GAGCGAT,783,531
GAGCGCA,1130,792
GAGCGCC,1325,840
GAGCGCG,1136,714
GAGCGCT,930,624
GAGCGGA,901,591
GAGCGGC,1232,811
GAGCGGG,1017,611
GAGCGGT,892,568
GAGCGTA,937,598
GAGCGTC,1122,648
GAGCGTG,757,465
GAGCGTT,848,510
GAGCTAA,801,476
GAGCTAC,889,524
GAGCTAG,741,470
GAGCTAT,688,461
GAGCTCA,1000,641
GAGCTCC,1031,720
GAGCTCG,921,602
GAGCTCT,721,480
GAGCTGA,724,442
GAGCTGC,867,597
GAGCTGG,742,463
GAGCTGT,693,439
GAGCTTA,744,481
GAGCTTC,819,514
GAGCTTG,585,419
GAGCTTT,649,371
GAGGAAA,708,455
GAGGAAC,929,558
GAGGAAG,705,441
GAGGAAT,679,474
GAGGACA,904,573
GAGGACC,1148,692
GAGGACG,823,574
GAGGACT,768,495
GAGGAGA,610,415
GAGGAGC,932,573
GAGGAGG,765,470
GAGGAGT,678,402
GAGGATA,715,441
GAGGATC,916,579
GAGGATG,610,404
GAGGATT,651,423
GAGGCAA,1078,739
GAGGCAC,1409,890
GAGGCAG,915,549
GAGGCAT,1008,664
GAGGCCA,1282,765
GAGGCCC,1395,923
GAGGCCG,1019,648
GAGGCCT,965,621
GAGGCGA,908,549
GAGGCGC,1183,811
GAGGCGG,867,614
GAGGCGT,909,618
GAGGCTA,882,530
GAGGCTC,1145,699
GAGGCTG,746,464
GAGGCTT,760,499
GAGGGAA,845,514
GAGGGAC,1028,657
GAGGGAG,681,479
GAGGGAT,749,515
GAGGGCA,1144,731
GAGGGCC,1233,775
GAGGGCG,976,620
GAGGGCT,977,632
GAGGGGA,918,572
GAGGGGC,1237,755
GAGGGGG,850,531
GAGGGGT,813,531
GAGGGTA,822,584
GAGGGTC,1074,618
GAGGGTG,684,445
GAGGGTT,805,456
GAGGTAA,871,482
GAGGTAC,969,642
GAGGTAG,725,430
GAGGTAT,763,427
GAGGTCA,1022,620
GAGGTCC,1085,707
GAGGTCG,904,528
GAGGTCT,813,554
GAGGTGA,674,445
GAGGTGC,950,605
GAGGTGG,693,453
GAGGTGT,706,456
GAGGTTA,728,469
GAGGTTC,855,547
GAGGTTG,632,403
GAGGTTT,682,421
GAGTAAA,785,504
GAGTAAC,1030,586
GAGTAAG,757,459
GAGTAAT,726,456
GAGTACA,911,587
GAGTACC,1039,764
GAGTACG,1021,634
GAGTACT,799,503
GAGTAGA,656,412
GAGTAGC,891,493
GAGTAGG,743,486
GAGTAGT,690,434
GAGTATA,682,450
GAGTATC,872,545
GAGTATG,629,418
GAGTATT,604,413
GAGTCAA,979,603
GAGTCAC,1237,854
GAGTCAG,916,558
GAGTCAT,882,516
GAGTCCA,1006,643
GAGTCCC,1154,727
GAGTCCG,929,654
GAGTCCT,871,544
GAGTCGA,848,539
GAGTCGC,1133,665
GAGTCGG,846,515
GAGTCGT,786,482
GAGTCTA,755,492
GAGTCTC,940,616
GAGTCTG,698,476
GAGTCTT,759,431
GAGTGAA,697,448
GAGTGAC,873,560
GAGTGAG,704,431
GAGTGAT,678,431
GAGTGCA,938,568
GAGTGCC,1086,652
GAGTGCG,919,600
GAGTGCT,791,500
GAGTGGA,762,480
GAGTGGC,1015,637
GAGTGGG,827,525
GAGTGGT,749,494
GAGTGTA,763,434
GAGTGTC,888,634
GAGTGTG,690,416
GAGTGTT,659,437
GAGTTAA,714,438
GAGTTAC,886,551
GAGTTAG,703,460
GAGTTAT,668,383
GAGTTCA,878,580
GAGTTCC,999,619
GAGTTCG,865,512
GAGTTCT,734,451
GAGTTGA,607,401
GAGTTGC,770,530
GAGTTGG,670,413
GAGTTGT,610,401
GAGTTTA,672,461
GAGTTTC,814,544
GAGTTTG,610,371
GAGTTTT,633,400
GATAAAA,579,359
GATAAAC,880,502
GATAAAG,707,402
GATAAAT,670,370
GATAACA,755,473
GATAACC,975,595
GATAACG,831,513
GATAACT,737,403
GATAAGA,603,379
GATAAGC,804,529
GATAAGG,819,491
GATAAGT,685,430
GATAATA,581,373
GATAATC,804,499
GATAATG,594,392
GATAATT,576,381
GATACAA,817,431
GATACAC,1087,674
GATACAG,770,495
GATACAT,789,529
GATACCA,897,599
GATACCC,1077,613
GATACCG,964,583
GATACCT,718,520
GATACGA,860,553
GATACGC,1142,767
GATACGG,872,547
GATACGT,917,522
GATACTA,719,452
GATACTC,813,501
GATACTG,620,402
GATACTT,627,410
GATAGAA,534,333
GATAGAC,770,510
GATAGAG,587,389
GATAGAT,613,367
GATAGCA,780,544
GATAGCC,960,573
GATAGCG,857,525
GATAGCT,667,459
GATAGGA,711,495
GATAGGC,959,646
GATAGGG,844,508
GATAGGT,757,445
GATAGTA,673,363
GATAGTC,789,453
GATAGTG,625,382
GATAGTT,618,402
GATATAA,618,382
GATATAC,793,496
GATATAG,616,387
GATATAT,562,364
GATATCA,778,474
GATATCC,861,572
GATATCG,830,530
GATATCT,617,453
GATATGA,620,357
GATATGC,868,558
GATATGG,695,426
GATATGT,571,429
GATATTA,581,370
GATATTC,755,457
GATATTG,584,370
GATATTT,547,321
GATCAAA,716,492
GATCAAC,1060,652
GATCAAG,866,509
GATCAAT,758,521
GATCACA,1050,623
GATCACC,1123,725
GATCACG,981,601
GATCACT,821,490
GATCAGA,781,504
GATCAGC,1029,661
GATCAGG,869,568
GATCAGT,765,538
GATCATA,789,499
GATCATC,936,628
GATCATG,728,436
GATCATT,719,463
GATCCAA,923,627
GATCCAC,1126,759
GATCCAG,895,563
GATCCAT,828,532
GATCCCA,1020,616
GATCCCC,1112,654
GATCCCG,955,610
GATCCCT,830,494
GATCCGA,937,565
GATCCGC,1196,775
GATCCGG,977,675
GATCCGT,850,588
GATCCTA,695,483
GATCCTC,874,588
GATCCTG,710,427
GATCCTT,678,468
GATCGAA,771,496
GATCGAC,973,633
GATCGAG,813,502
GATCGAT,682,479
GATCGCA,1100,686
GATCGCC,1194,770
GATCGCG,966,627
GATCGCT,910,557
GATCGGA,845,538
GATCGGC,1199,752
GATCGGG,983,560
GATCGGT,830,558
GATCGTA,794,508
GATCGTC,932,612
GATCGTG,699,497
GATCGTT,651,464
GATCTAA,653,417
GATCTAC,795,474
GATCTAG,648,411
GATCTAT,634,383
GATCTCA,854,488
GATCTCC,916,610
GATCTCG,815,518
GATCTCT,680,417
GATCTGA,632,384
GATCTGC,892,545
GATCTGG,752,454
GATCTGT,629,395
GATCTTA,591,436
GATCTTC,681,460
GATCTTG,564,362
GATCTTT,583,368
GATGAAA,619,358
GATGAAC,762,523
GATGAAG,572,434
GATGAAT,611,380
GATGACA,743,499
GATGACC,946,541
GATGACG,750,453
GATGACT,623,435
GATGAGA,579,362
GATGAGC,781,528
GATGAGG,717,488
GATGAGT,607,390
GATGATA,641,365
GATGATC,754,497
GATGATG,581,359
GATGATT,511,351
GATGCAA,953,584
GATGCAC,1187,697
GATGCAG,784,559
GATGCAT,843,550
GATGCCA,1104,661
GATGCCC,1143,686
GATGCCG,829,554
GATGCCT,830,554
GATGCGA,906,547
GATGCGC,1147,739
GATGCGG,903,576
GATGCGT,879,562
GATGCTA,764,501
GATGCTC,947,611
GATGCTG,628,405
GATGCTT,701,408
GATGGAA,714,439
GATGGAC,899,577
GATGGAG,604,397
GATGGAT,634,434
GATGGCA,883,629
GATGGCC,1083,715
GATGGCG,823,503
GATGGCT,783,510
GATGGGA,792,505
GATGGGC,1083,705
GATGGGG,757,508
GATGGGT,802,488
GATGGTA,746,465
GATGGTC,892,536
GATGGTG,657,377
GATGGTT,635,427
GATGTAA,711,463
GATGTAC,752,551
GATGTAG,556,392
GATGTAT,619,360
GATGTCA,874,559
GATGTCC,872,606
GATGTCG,736,456
GATGTCT,655,426
GATGTGA,652,404
GATGTGC,880,562
GATGTGG,660,467
GATGTGT,649,402
GATGTTA,609,405
GATGTTC,763,477
GATGTTG,566,393
GATGTTT,610,354
GATTAAA,682,402
GATTAAC,856,595
GATTAAG,640,486
GATTAAT,673,426
GATTACA,789,522
GATTACC,929,618
GATTACG,887,542
GATTACT,647,438
GATTAGA,674,411
GATTAGC,913,567
GATTAGG,741,529
GATTAGT,648,414
GATTATA,656,411
GATTATC,768,504
GATTATG,674,385
GATTATT,624,340
GATTCAA,883,541
GATTCAC,1105,715
GATTCAG,879,560
GATTCAT,784,497
GATTCCA,938,566
GATTCCC,1017,659
GATTCCG,917,535
GATTCCT,769,465
GATTCGA,879,555
GATTCGC,1096,743
GATTCGG,886,614
GATTCGT,808,479
GATTCTA,684,448
GATTCTC,824,508
GATTCTG,658,411
GATTCTT,623,390
GATTGAA,706,386
GATTGAC,837,578
GATTGAG,687,453
GATTGAT,611,396
GATTGCA,836,579
GATTGCC,963,626
GATTGCG,927,561
GATTGCT,751,479
GATTGGA,671,444
GATTGGC,879,593
GATTGGG,745,495
GATTGGT,764,448
GATTGTA,687,435
GATTGTC,784,474
GATTGTG,598,372
GATTGTT,577,390
GATTTAA,667,413
GATTTAC,858,535
GATTTAG,621,434
GATTTAT,549,366
GATTTCA,873,531
GATTTCC,811,579
GATTTCG,778,466
GATTTCT,595,389
GATTTGA,613,362
GATTTGC,789,542
GATTTGG,702,450
GATTTGT,612,402
GATTTTA,585,379
GATTTTC,743,425
GATTTTG,554,365
GATTTTT,536,326
GCAAAAA,677,429
GCAAAAC,1154,655
GCAAAAG,799,556
GCAAAAT,833,515
GCAAACA,931,614
GCAAACC,1109,676
GCAAACG,980,649
GCAAACT,873,593
GCAAAGA,751,428
GCAAAGC,1054,709
GCAAAGG,991,588
GCAAAGT,797,541
GCAAATA,803,476
GCAAATC,957,635
GCAAATG,670,400
GCAAATT,710,420
GCAACAA,1035,644
GCAACAC,1369,907
GCAACAG,951,646
GCAACAT,989,616
GCAACCA,1173,763
GCAACCC,1273,813
GCAACCG,1088,786
GCAACCT,1007,597
GCAACGA,1032,618
GCAACGC,1484,944
GCAACGG,1085,719
GCAACGT,931,688
GCAACTA,859,539
GCAACTC,1014,658
GCAACTG,748,551
GCAACTT,787,512
GCAAGAA,698,447
GCAAGAC,1020,658
GCAAGAG,739,476
GCAAGAT,699,474
GCAAGCA,1023,650
GCAAGCC,1151,763
GCAAGCG,1043,671
GCAAGCT,830,573
GCAAGGA,844,614
GCAAGGC,1234,827
GCAAGGG,1023,591
GCAAGGT,852,576
GCAAGTA,804,502
GCAAGTC,974,604
GCAAGTG,735,425
GCAAGTT,732,449
GCAATAA,746,501
GCAATAC,980,677
GCAATAG,719,483
GCAATAT,738,440
GCAATCA,932,600
GCAATCC,1053,666
GCAATCG,1050,657
GCAATCT,832,480
GCAATGA,751,495
GCAATGC,981,706
GCAATGG,848,547
GCAATGT,744,463
GCAATTA,680,464
GCAATTC,883,545
GCAATTG,628,421
GCAATTT,677,390
GCACAAA,955,617
GCACAAC,1419,863
GCACAAG,1064,688
GCACAAT,992,597
GCACACA,1334,832
GCACACC,1569,1001
GCACACG,1205,827
GCACACT,1098,684
GCACAGA,933,643
GCACAGC,1322,854
GCACAGG,1085,668
GCACAGT,970,655
GCACATA,927,650
GCACATC,1123,798
GCACATG,872,595
GCACATT,919,558
GCACCAA,1168,743
GCACCAC,1521,939
GCACCAG,1120,721
GCACCAT,1029,637
GCACCCA,1264,839
GCACCCC,1388,911
GCACCCG,1287,786
GCACCCT,1100,656
GCACCGA,1052,709
GCACCGC,1519,1014
GCACCGG,1266,703
GCACCGT,1123,693
GCACCTA,992,591
GCACCTC,1240,776
GCACCTG,880,584
GCACCTT,856,560
GCACGAA,918,646
GCACGAC,1322,765
GCACGAG,950,590
GCACGAT,779,545
GCACGCA,1293,849
GCACGCC,1438,986
GCACGCG,1242,734
GCACGCT,1063,662
GCACGGA,1062,670
GCACGGC,1366,945
GCACGGG,1194,735
GCACGGT,1005,668
GCACGTA,966,665
GCACGTC,1164,653
GCACGTG,845,622
GCACGTT,851,601
GCACTAA,776,504
GCACTAC,1057,656
GCACTAG,786,509
GCACTAT,753,511
GCACTCA,1132,734
GCACTCC,1118,739
GCACTCG,1064,670
GCACTCT,815,532
GCACTGA,773,468
GCACTGC,1085,679
GCACTGG,885,569
GCACTGT,781,465
GCACTTA,729,556
GCACTTC,964,590
GCACTTG,729,455
GCACTTT,719,436
GCAGAAA,731,446
GCAGAAC,883,607
GCAGAAG,715,438
GCAGAAT,733,450
GCAGACA,996,591
GCAGACC,1156,718
GCAGACG,854,552
GCAGACT,782,504
GCAGAGA,713,443
GCAGAGC,926,629
GCAGAGG,810,544
GCAGAGT,666,462
GCAGATA,678,465
GCAGATC,814,559
GCAGATG,602,440
GCAGATT,613,381
GCAGCAA,1010,621
GCAGCAC,1408,906
GCAGCAG,979,640
GCAGCAT,919,633
GCAGCCA,1156,773
GCAGCCC,1386,856
GCAGCCG,1046,639
GCAGCCT,971,682
GCAGCGA,1012,584
GCAGCGC,1384,877
GCAGCGG,1002,662
GCAGCGT,1016,648
GCAGCTA,758,563
GCAGCTC,1072,727
GCAGCTG,627,441
GCAGCTT,745,501
GCAGGAA,849,509
GCAGGAC,1098,674
GCAGGAG,689,460
GCAGGAT,783,519
GCAGGCA,1203,766
GCAGGCC,1333,913
GCAGGCG,1008,643
GCAGGCT,912,619
GCAGGGA,949,653
GCAGGGC,1241,852
GCAGGGG,941,645
GCAGGGT,958,576
GCAGGTA,855,609
GCAGGTC,1003,676
GCAGGTG,674,443
GCAGGTT,797,503
GCAGTAA,749,497
GCAGTAC,950,615
GCAGTAG,686,430
GCAGTAT,707,460
GCAGTCA,977,647
GCAGTCC,1083,714
GCAGTCG,836,518
GCAGTCT,787,534
GCAGTGA,695,457
GCAGTGC,958,659
GCAGTGG,813,476
GCAGTGT,699,492
GCAGTTA,707,452
GCAGTTC,859,572
GCAGTTG,623,408
GCAGTTT,616,475
GCATAAA,896,516
GCATAAC,1122,674
GCATAAG,789,543
GCATAAT,787,540
GCATACA,1002,623
GCATACC,1236,778
GCATACG,1122,703
GCATACT,917,547
GCATAGA,808,499
GCATAGC,1124,749
GCATAGG,940,599
GCATAGT,824,484
GCATATA,809,502
GCATATC,968,634
GCATATG,755,465
GCATATT,668,403
GCATCAA,1086,688
GCATCAC,1273,918
GCATCAG,1013,626
GCATCAT,954,662
GCATCCA,1255,770
GCATCCC,1231,794
GCATCCG,1156,704
GCATCCT,928,611
GCATCGA,1089,659
GCATCGC,1329,881
GCATCGG,1087,726
GCATCGT,977,658
GCATCTA,779,544
GCATCTC,1037,690
GCATCTG,815,527
GCATCTT,799,529
GCATGAA,810,507
GCATGAC,1008,652
GCATGAG,753,458
GCATGAT,758,490
GCATGCA,1128,756
GCATGCC,1199,791
GCATGCG,1080,714
GCATGCT,877,640
GCATGGA,917,586
GCATGGC,1111,750
GCATGGG,925,626
GCATGGT,853,533
GCATGTA,800,500
GCATGTC,1026,630
GCATGTG,796,449
GCATGTT,723,448
GCATTAA,792,524
GCATTAC,953,668
GCATTAG,751,535
GCATTAT,737,466
GCATTCA,1000,651
GCATTCC,1040,624
GCATTCG,973,682
GCATTCT,854,479
GCATTGA,703,467
GCATTGC,1003,630
GCATTGG,802,547
GCATTGT,711,488
GCATTTA,773,463
GCATTTC,869,542
GCATTTG,680,425
GCATTTT,641,492
GCCAAAA,825,548
GCCAAAC,1193,809
GCCAAAG,853,612
GCCAAAT,839,561
GCCAACA,1117,719
GCCAACC,1310,885
GCCAACG,1131,731
GCCAACT,1007,608
GCCAAGA,827,558
GCCAAGC,1221,704
GCCAAGG,940,654
GCCAAGT,855,525
GCCAATA,872,550
GCCAATC,1014,636
GCCAATG,773,528
GCCAATT,727,488
GCCACAA,1113,690
GCCACAC,1511,905
GCCACAG,1100,652
GCCACAT,1012,656
GCCACCA,1296,795
GCCACCC,1478,910
GCCACCG,1238,811
GCCACCT,1047,662
GCCACGA,1032,697
GCCACGC,1466,986
GCCACGG,1175,789
GCCACGT,1080,656
GCCACTA,919,639
GCCACTC,1197,733
GCCACTG,828,546
GCCACTT,832,568
GCCAGAA,794,511
GCCAGAC,1084,672
GCCAGAG,725,533
GCCAGAT,786,470
GCCAGCA,1085,706
GCCAGCC,1207,821
GCCAGCG,1046,676
GCCAGCT,895,631
GCCAGGA,922,617
GCCAGGC,1269,861
GCCAGGG,1062,691
GCCAGGT,981,659
GCCAGTA,844,515
GCCAGTC,990,630
GCCAGTG,755,505
GCCAGTT,710,513
GCCATAA,831,509
GCCATAC,1127,699
GCCATAG,776,544
GCCATAT,728,472
GCCATCA,966,640
GCCATCC,1033,702
GCCATCG,1014,656
GCCATCT,820,517
GCCATGA,798,538
GCCATGC,1106,750
GCCATGG,908,569
GCCATGT,787,557
GCCATTA,768,520
GCCATTC,929,583
GCCATTG,687,441
GCCATTT,780,466
GCCCAAA,943,664
GCCCAAC,1199,761
GCCCAAG,994,588
GCCCAAT,922,554
GCCCACA,1268,862
GCCCACC,1385,930
GCCCACG,1167,774
GCCCACT,1006,662
GCCCAGA,901,614
GCCCAGC,1282,804
GCCCAGG,1088,699
GCCCAGT,977,609
GCCCATA,952,622
GCCCATC,1063,704
GCCCATG,865,533
GCCCATT,765,518
GCCCCAA,1042,696
GCCCCAC,1427,904
GCCCCAG,1094,691
GCCCCAT,960,643
GCCCCCA,1196,710
GCCCCCC,1340,859
GCCCCCG,1217,833
GCCCCCT,950,601
GCCCCGA,1060,732
GCCCCGC,1477,936
GCCCCGG,1212,739
GCCCCGT,1066,703
GCCCCTA,855,556
GCCCCTC,1027,658
GCCCCTG,804,548
GCCCCTT,736,486
GCCCGAA,973,613
GCCCGAC,1142,748
GCCCGAG,951,602
GCCCGAT,878,527
GCCCGCA,1323,803
GCCCGCC,1500,952
GCCCGCG,1168,775
GCCCGCT,1045,698
GCCCGGA,1071,634
GCCCGGC,1473,903
GCCCGGG,1241,786
GCCCGGT,1081,684
GCCCGTA,971,625
GCCCGTC,1168,712
GCCCGTG,890,561
GCCCGTT,836,533
GCCCTAA,795,496
GCCCTAC,956,583
GCCCTAG,773,458
GCCCTAT,733,437
GCCCTCA,1098,672
GCCCTCC,1063,701
GCCCTCG,1047,684
GCCCTCT,781,496
GCCCTGA,769,510
GCCCTGC,1143,720
GCCCTGG,923,509
GCCCTGT,768,506
GCCCTTA,756,540
GCCCTTC,920,544
GCCCTTG,691,468
GCCCTTT,686,381
GCCGAAA,812,528
GCCGAAC,1044,659
GCCGAAG,793,484
GCCGAAT,724,481
GCCGACA,1022,625
GCCGACC,1138,726
GCCGACG,912,628
GCCGACT,828,522
GCCGAGA,809,529
GCCGAGC,1009,699
GCCGAGG,870,518
GCCGAGT,805,488
GCCGATA,769,479
GCCGATC,1015,608
GCCGATG,666,455
GCCGATT,724,435
GCCGCAA,1172,752
GCCGCAC,1455,985
GCCGCAG,1014,652
GCCGCAT,1058,670
GCCGCCA,1277,889
GCCGCCC,1470,948
GCCGCCG,1109,690
GCCGCCT,993,651
GCCGCGA,962,641
GCCGCGC,1403,891
GCCGCGG,984,723
GCCGCGT,1018,660
GCCGCTA,880,590
GCCGCTC,1145,733
GCCGCTG,764,524
GCCGCTT,838,521
GCCGGAA,887,660
GCCGGAC,1145,711
GCCGGAG,792,515
GCCGGAT,811,562
GCCGGCA,1197,773
GCCGGCC,1367,837
GCCGGCG,1015,670
GCCGGCT,933,676
GCCGGGA,951,699
GCCGGGC,1423,865
GCCGGGG,1040,649
GCCGGGT,926,634
GCCGGTA,938,560
GCCGGTC,1131,686
GCCGGTG,724,474
GCCGGTT,780,553
GCCGTAA,829,531
GCCGTAC,1030,690
GCCGTAG,725,488
GCCGTAT,696,451
GCCGTCA,1122,719
GCCGTCC,1103,742
GCCGTCG,869,605
GCCGTCT,800,474
GCCGTGA,735,460
GCCGTGC,1071,631
GCCGTGG,869,576
GCCGTGT,769,521
GCCGTTA,823,496
GCCGTTC,889,577
GCCGTTG,620,365
GCCGTTT,666,347
GCCTAAA,718,519
GCCTAAC,1041,685
GCCTAAG,839,522
GCCTAAT,747,447
GCCTACA,1000,666
GCCTACC,1143,700
GCCTACG,1032,721
GCCTACT,854,545
GCCTAGA,763,493
GCCTAGC,1088,654
GCCTAGG,904,565
GCCTAGT,757,515
GCCTATA,738,443
GCCTATC,885,597
GCCTATG,775,507
GCCTATT,625,446
GCCTCAA,1013,608
GCCTCAC,1310,874
GCCTCAG,991,617
GCCTCAT,995,595
GCCTCCA,1138,771
GCCTCCC,1190,792
GCCTCCG,1101,729
GCCTCCT,930,536
GCCTCGA,989,619
GCCTCGC,1362,784
GCCTCGG,1025,668
GCCTCGT,897,568
GCCTCTA,808,513
GCCTCTC,944,577
GCCTCTG,760,485
GCCTCTT,664,487
GCCTGAA,778,514
GCCTGAC,1001,619
GCCTGAG,699,510
GCCTGAT,706,513
GCCTGCA,1080,670
GCCTGCC,1205,734
GCCTGCG,1089,715
GCCTGCT,831,590
GCCTGGA,848,597
GCCTGGC,1190,806
GCCTGGG,930,633
GCCTGGT,903,531
GCCTGTA,815,489
GCCTGTC,891,584
GCCTGTG,748,459
GCCTGTT,694,434
GCCTTAA,808,491
GCCTTAC,928,606
GCCTTAG,731,465
GCCTTAT,647,401
GCCTTCA,967,624
GCCTTCC,1004,678
GCCTTCG,861,553
GCCTTCT,752,504
GCCTTGA,758,501
GCCTTGC,1002,574
GCCTTGG,854,517
GCCTTGT,713,460
GCCTTTA,620,417
GCCTTTC,780,501
GCCTTTG,711,399
GCCTTTT,599,367
GCGAAAA,773,508
GCGAAAC,1085,757
GCGAAAG,832,539
GCGAAAT,823,491
GCGAACA,1028,668
GCGAACC,1104,845
GCGAACG,1052,653
GCGAACT,901,591
GCGAAGA,807,492
GCGAAGC,1047,641
GCGAAGG,894,588
GCGAAGT,797,508
GCGAATA,796,475
GCGAATC,997,658
GCGAATG,678,442
GCGAATT,672,449
GCGACAA,954,599
GCGACAC,1322,875
GCGACAG,985,638
GCGACAT,1039,640
GCGACCA,1163,699
GCGACCC,1306,890
GCGACCG,1128,687
GCGACCT,1025,594
GCGACGA,835,527
GCGACGC,1255,861
GCGACGG,1068,635
GCGACGT,923,613
GCGACTA,825,559
GCGACTC,1075,671
GCGACTG,735,515
GCGACTT,813,480
GCGAGAA,712,500
GCGAGAC,974,682
GCGAGAG,738,474
GCGAGAT,710,477
GCGAGCA,1122,745
GCGAGCC,1152,792
GCGAGCG,993,640
GCGAGCT,845,576
GCGAGGA,874,542
GCGAGGC,1138,740
GCGAGGG,979,621
GCGAGGT,845,552
GCGAGTA,706,499
GCGAGTC,919,650
GCGAGTG,683,473
GCGAGTT,729,473
GCGATAA,825,519
GCGATAC,982,630
GCGATAG,756,460
GCGATAT,761,494
GCGATCA,1027,637
GCGATCC,1060,727
GCGATCG,984,629
GCGATCT,811,480
GCGATGA,741,466
GCGATGC,1030,662
GCGATGG,777,479
GCGATGT,761,451
GCGATTA,713,439
GCGATTC,888,552
GCGATTG,638,441
GCGATTT,674,434
GCGCAAA,1035,701
GCGCAAC,1482,997
GCGCAAG,1141,673
GCGCAAT,1078,708
GCGCACA,1488,1013
GCGCACC,1719,1106
GCGCACG,1340,877
GCGCACT,1257,890
GCGCAGA,1009,596
GCGCAGC,1378,878
GCGCAGG,1147,726
GCGCAGT,1072,677
GCGCATA,1095,676
GCGCATC,1365,853
GCGCATG,1003,645
GCGCATT,1052,647
GCGCCAA,1148,711
GCGCCAC,1688,1088
GCGCCAG,1224,781
GCGCCAT,1106,722
GCGCCCA,1309,885
GCGCCCC,1592,1070
GCGCCCG,1353,813
GCGCCCT,1269,786
GCGCCGA,1012,671
GCGCCGC,1549,928
GCGCCGG,1228,725
GCGCCGT,1075,711
GCGCCTA,988,640
GCGCCTC,1256,828
GCGCCTG,974,553
GCGCCTT,930,571
GCGCGAA,955,603
GCGCGAC,1340,843
GCGCGAG,919,634
GCGCGAT,994,625
GCGCGCA,1337,909
GCGCGCC,1502,1069
GCGCGCG,1181,769
GCGCGCT,1103,772
GCGCGGA,965,673
GCGCGGC,1431,957
GCGCGGG,1174,721
GCGCGGT,1091,650
GCGCGTA,1048,719
GCGCGTC,1278,838
GCGCGTG,908,552
GCGCGTT,924,638
GCGCTAA,909,572
GCGCTAC,1148,853
GCGCTAG,827,549
GCGCTAT,832,533
GCGCTCA,1137,746
GCGCTCC,1244,851
GCGCTCG,1127,709
GCGCTCT,913,599
GCGCTGA,752,500
GCGCTGC,1078,719
GCGCTGG,836,566
GCGCTGT,798,507
GCGCTTA,841,472
GCGCTTC,992,617
GCGCTTG,723,461
GCGCTTT,685,449
GCGGAAA,975,606
GCGGAAC,1186,715
GCGGAAG,856,520
GCGGAAT,935,578
GCGGACA,1147,800
GCGGACC,1324,877
GCGGACG,1036,689
GCGGACT,1004,665
GCGGAGA,724,472
GCGGAGC,1064,675
GCGGAGG,861,593
GCGGAGT,869,550
GCGGATA,869,504
GCGGATC,1007,635
GCGGATG,776,480
GCGGATT,789,478
GCGGCAA,1213,811
GCGGCAC,1690,1089
GCGGCAG,1085,678
GCGGCAT,1187,786
GCGGCCA,1418,857
GCGGCCC,1624,1029
GCGGCCG,1250,779
GCGGCCT,1181,770
GCGGCGA,978,700
GCGGCGC,1391,941
GCGGCGG,1038,710
GCGGCGT,1039,671
GCGGCTA,1064,618
GCGGCTC,1285,831
GCGGCTG,861,527
GCGGCTT,930,623
GCGGGAA,1025,626
GCGGGAC,1284,803
GCGGGAG,718,458
GCGGGAT,882,638
GCGGGCA,1414,881
GCGGGCC,1561,993
GCGGGCG,1082,666
GCGGGCT,1105,716
GCGGGGA,1105,677
GCGGGGC,1387,889
GCGGGGG,971,646
GCGGGGT,998,651
GCGGGTA,1043,659
GCGGGTC,1169,808
GCGGGTG,783,470
GCGGGTT,935,558
GCGGTAA,958,630
GCGGTAC,1263,848
GCGGTAG,856,531
GCGGTAT,898,569
GCGGTCA,1202,806
GCGGTCC,1326,809
GCGGTCG,944,625
GCGGTCT,929,594
GCGGTGA,836,504
GCGGTGC,1102,755
GCGGTGG,864,574
GCGGTGT,829,539
GCGGTTA,863,510
GCGGTTC,1012,667
GCGGTTG,740,455
GCGGTTT,743,540
GCGTAAA,977,612
GCGTAAC,1279,806
GCGTAAG,894,628
GCGTAAT,896,565
GCGTACA,1212,765
GCGTACC,1317,854
GCGTACG,1196,784
GCGTACT,1020,580
GCGTAGA,850,535
GCGTAGC,1093,720
GCGTAGG,951,611
GCGTAGT,828,573
GCGTATA,825,584
GCGTATC,1044,650
GCGTATG,898,555
GCGTATT,735,499
GCGTCAA,1172,700
GCGTCAC,1507,1008
GCGTCAG,1093,731
GCGTCAT,1056,684
GCGTCCA,1264,845
GCGTCCC,1400,895
GCGTCCG,1247,750
GCGTCCT,971,703
GCGTCGA,919,573
GCGTCGC,1282,818
GCGTCGG,1042,660
GCGTCGT,1003,593
GCGTCTA,897,578
GCGTCTC,1119,739
GCGTCTG,796,507
GCGTCTT,780,496
GCGTGAA,940,579
GCGTGAC,1151,722
GCGTGAG,845,514
GCGTGAT,818,503
GCGTGCA,1350,715
GCGTGCC,1312,864
GCGTGCG,1139,737
GCGTGCT,935,649
GCGTGGA,900,587
GCGTGGC,1241,803
GCGTGGG,1009,679
GCGTGGT,908,608
GCGTGTA,924,553
GCGTGTC,1008,667
GCGTGTG,794,431
GCGTGTT,795,485
GCGTTAA,886,533
GCGTTAC,1089,711
GCGTTAG,781,528
GCGTTAT,848,480
GCGTTCA,1107,746
GCGTTCC,1148,693
GCGTTCG,986,602
GCGTTCT,840,536
GCGTTGA,691,490
GCGTTGC,1012,645
GCGTTGG,861,569
GCGTTGT,806,454
GCGTTTA,699,500
GCGTTTC,878,583
GCGTTTG,701,406
GCGTTTT,633,396
GCTAAAA,768,492
GCTAAAC,933,612
GCTAAAG,831,512
GCTAAAT,807,469
GCTAACA,921,551
GCTAACC,1084,736
GCTAACG,997,557
GCTAACT,836,464
GCTAAGA,785,427
GCTAAGC,1023,677
GCTAAGG,882,550
GCTAAGT,806,518
GCTAATA,712,444
GCTAATC,886,553
GCTAATG,709,446
GCTAATT,653,435
GCTACAA,875,583
GCTACAC,1264,801
GCTACAG,909,573
GCTACAT,899,595
GCTACCA,1010,650
GCTACCC,1138,800
GCTACCG,1021,693
GCTACCT,804,588
GCTACGA,945,564
GCTACGC,1385,931
GCTACGG,1062,722
GCTACGT,926,621
GCTACTA,752,445
GCTACTC,974,562
GCTACTG,677,403
GCTACTT,665,429
GCTAGAA,698,439
GCTAGAC,917,578
GCTAGAG,704,442
GCTAGAT,682,394
GCTAGCA,916,617
GCTAGCC,1121,671
GCTAGCG,911,580
GCTAGCT,761,544
GCTAGGA,825,511
GCTAGGC,1174,709
GCTAGGG,986,620
GCTAGGT,767,505
GCTAGTA,677,466
GCTAGTC,890,541
GCTAGTG,733,393
GCTAGTT,604,439
GCTATAA,668,466
GCTATAC,942,583
GCTATAG,671,437
GCTATAT,639,420
GCTATCA,919,538
GCTATCC,935,610
GCTATCG,896,549
GCTATCT,722,492
GCTATGA,688,429
GCTATGC,1017,594
GCTATGG,778,526
GCTATGT,737,492
GCTATTA,637,398
GCTATTC,832,496
GCTATTG,580,374
GCTATTT,639,386
GCTCAAA,906,641
GCTCAAC,1259,847
GCTCAAG,960,621
GCTCAAT,936,620
GCTCACA,1228,748
GCTCACC,1371,819
GCTCACG,1217,715
GCTCACT,1050,646
GCTCAGA,940,545
GCTCAGC,1330,771
GCTCAGG,1053,640
GCTCAGT,903,586
GCTCATA,895,568
GCTCATC,1079,710
GCTCATG,851,558
GCTCATT,813,499
GCTCCAA,1084,668
GCTCCAC,1373,910
GCTCCAG,1042,635
GCTCCAT,922,601
GCTCCCA,1103,757
GCTCCCC,1265,823
GCTCCCG,1074,662
GCTCCCT,870,534
GCTCCGA,1078,640
GCTCCGC,1440,921
GCTCCGG,1148,722
GCTCCGT,1018,662
GCTCCTA,844,511
GCTCCTC,949,720
GCTCCTG,790,496
GCTCCTT,697,464
GCTCGAA,991,574
GCTCGAC,1154,746
GCTCGAG,965,620
GCTCGAT,829,524
GCTCGCA,1240,802
GCTCGCC,1349,882
GCTCGCG,1093,712
GCTCGCT,908,666
GCTCGGA,947,573
GCTCGGC,1293,841
GCTCGGG,1045,719
GCTCGGT,934,621
GCTCGTA,815,588
GCTCGTC,1124,672
GCTCGTG,787,481
GCTCGTT,798,536
GCTCTAA,719,522
GCTCTAC,921,589
GCTCTAG,750,483
GCTCTAT,712,441
GCTCTCA,966,596
GCTCTCC,942,618
GCTCTCG,967,538
GCTCTCT,696,470
GCTCTGA,755,462
GCTCTGC,983,680
GCTCTGG,787,490
GCTCTGT,725,472
GCTCTTA,664,475
GCTCTTC,861,505
GCTCTTG,656,380
GCTCTTT,592,392
GCTGAAA,779,487
GCTGAAC,959,572
GCTGAAG,681,464
GCTGAAT,707,428
GCTGACA,976,641
GCTGACC,1026,633
GCTGACG,865,540
GCTGACT,710,450
GCTGAGA,736,448
GCTGAGC,948,664
GCTGAGG,805,527
GCTGAGT,698,441
GCTGATA,756,433
GCTGATC,812,541
GCTGATG,708,436
GCTGATT,647,399
GCTGCAA,1069,628
GCTGCAC,1382,840
GCTGCAG,855,616
GCTGCAT,1020,636
GCTGCCA,1038,755
GCTGCCC,1347,833
GCTGCCG,872,629
GCTGCCT,936,630
GCTGCGA,956,638
GCTGCGC,1339,907
GCTGCGG,972,612
GCTGCGT,926,629
GCTGCTA,778,538
GCTGCTC,998,589
GCTGCTG,728,452
GCTGCTT,722,527
GCTGGAA,736,497
GCTGGAC,952,650
GCTGGAG,603,399
GCTGGAT,719,485
GCTGGCA,1105,676
GCTGGCC,1174,854
GCTGGCG,909,594
GCTGGCT,975,631
GCTGGGA,720,475
GCTGGGC,1173,686
GCTGGGG,882,522
GCTGGGT,840,505
GCTGGTA,835,491
GCTGGTC,994,639
GCTGGTG,679,408
GCTGGTT,686,454
GCTGTAA,714,479
GCTGTAC,919,587
GCTGTAG,681,422
GCTGTAT,738,437
GCTGTCA,948,634
GCTGTCC,982,609
GCTGTCG,814,515
GCTGTCT,750,502
GCTGTGA,692,425
GCTGTGC,954,577
GCTGTGG,746,476
GCTGTGT,721,470
GCTGTTA,657,443
GCTGTTC,865,519
GCTGTTG,595,364
GCTGTTT,644,398
GCTTAAA,847,549
GCTTAAC,1062,674
GCTTAAG,835,529
GCTTAAT,773,486
GCTTACA,1057,604
GCTTACC,1186,744
GCTTACG,1090,647
GCTTACT,818,486
GCTTAGA,737,532
GCTTAGC,1017,652
GCTTAGG,958,551
GCTTAGT,717,484
GCTTATA,759,497
GCTTATC,879,558
GCTTATG,765,459
GCTTATT,645,480
GCTTCAA,1006,644
GCTTCAC,1296,802
GCTTCAG,967,584
GCTTCAT,948,608
GCTTCCA,1048,685
GCTTCCC,1086,750
GCTTCCG,1061,633
GCTTCCT,796,488
GCTTCGA,960,649
GCTTCGC,1329,787
GCTTCGG,1041,656
GCTTCGT,884,592
GCTTCTA,792,502
GCTTCTC,871,594
GCTTCTG,706,444
GCTTCTT,634,407
GCTTGAA,794,531
GCTTGAC,922,584
GCTTGAG,707,446
GCTTGAT,742,482
GCTTGCA,1085,611
GCTTGCC,1128,695
GCTTGCG,1072,703
GCTTGCT,801,530
GCTTGGA,840,490
GCTTGGC,1056,729
GCTTGGG,928,559
GCTTGGT,842,539
GCTTGTA,813,468
GCTTGTC,927,623
GCTTGTG,731,482
GCTTGTT,688,472
GCTTTAA,692,497
GCTTTAC,1008,595
GCTTTAG,713,461
GCTTTAT,662,424
GCTTTCA,861,533
GCTTTCC,939,596
GCTTTCG,856,551
GCTTTCT,675,414
GCTTTGA,646,477
GCTTTGC,934,649
GCTTTGG,769,480
GCTTTGT,667,417
GCTTTTA,627,440
GCTTTTC,762,514
GCTTTTG,633,356
GCTTTTT,555,370
GGAAAAA,599,336
GGAAAAC,933,643
GGAAAAG,750,489
GGAAAAT,748,518
GGAAACA,733,436
GGAAACC,927,601
GGAAACG,903,536
GGAAACT,753,509
GGAAAGA,587,425
GGAAAGC,1033,684
GGAAAGG,938,601
GGAAAGT,747,553
GGAAATA,680,488
GGAAATC,943,546
GGAAATG,748,493
GGAAATT,654,459
GGAACAA,900,555
GGAACAC,1228,804
GGAACAG,926,615
GGAACAT,927,660
GGAACCA,1092,668
GGAACCC,1255,814
GGAACCG,1041,726
GGAACCT,946,592
GGAACGA,923,595
GGAACGC,1420,907
GGAACGG,1125,733
GGAACGT,1046,669
GGAACTA,851,592
GGAACTC,1065,644
GGAACTG,714,505
GGAACTT,806,509
GGAAGAA,558,411
GGAAGAC,916,596
GGAAGAG,665,460
GGAAGAT,714,507
GGAAGCA,966,588
GGAAGCC,1147,688
GGAAGCG,898,555
GGAAGCT,812,550
GGAAGGA,756,494
GGAAGGC,1176,730
GGAAGGG,956,577
GGAAGGT,842,534
GGAAGTA,737,460
GGAAGTC,919,578
GGAAGTG,663,428
GGAAGTT,661,398
GGAATAA,657,439
GGAATAC,979,587
GGAATAG,719,420
GGAATAT,689,439
GGAATCA,892,601
GGAATCC,1043,663
GGAATCG,1024,628
GGAATCT,717,509
GGAATGA,739,425
GGAATGC,1029,629
GGAATGG,758,552
GGAATGT,707,451
GGAATTA,770,451
GGAATTC,902,522
GGAATTG,642,451
GGAATTT,642,396
GGACAAA,920,541
GGACAAC,1215,868
GGACAAG,962,640
GGACAAT,962,616
GGACACA,1188,784
GGACACC,1395,903
GGACACG,1198,760
GGACACT,1111,640
GGACAGA,860,512
GGACAGC,1264,853
GGACAGG,1040,631
GGACAGT,987,567
GGACATA,923,565
GGACATC,1210,759
GGACATG,940,629
GGACATT,879,535
GGACCAA,1097,712
GGACCAC,1485,918
GGACCAG,1073,683
GGACCAT,1043,652
GGACCCA,1205,798
GGACCCC,1395,879
GGACCCG,1208,760
GGACCCT,1051,642
GGACCGA,1018,619
GGACCGC,1499,942
GGACCGG,1140,738
GGACCGT,1098,615
GGACCTA,876,567
GGACCTC,1120,728
GGACCTG,855,610
GGACCTT,801,560
GGACGAA,899,509
GGACGAC,1059,695
GGACGAG,854,551
GGACGAT,846,503
GGACGCA,1202,767
GGACGCC,1368,859
GGACGCG,1079,716
GGACGCT,982,660
GGACGGA,969,591
GGACGGC,1320,855
GGACGGG,1040,678
GGACGGT,992,623
GGACGTA,907,537
GGACGTC,1071,754
GGACGTG,801,596
GGACGTT,820,529
GGACTAA,854,469
GGACTAC,969,662
GGACTAG,804,512
GGACTAT,772,469
GGACTCA,1064,671
GGACTCC,1093,696
GGACTCG,1006,655
GGACTCT,823,532
GGACTGA,759,496
GGACTGC,1074,699
GGACTGG,811,539
GGACTGT,773,492
GGACTTA,821,470
GGACTTC,910,609
GGACTTG,736,430
GGACTTT,681,521
GGAGAAA,620,393
GGAGAAC,818,544
GGAGAAG,647,405
GGAGAAT,636,422
GGAGACA,854,526
GGAGACC,962,689
GGAGACG,764,512
GGAGACT,773,493
GGAGAGA,622,377
GGAGAGC,950,587
GGAGAGG,842,481
GGAGAGT,691,445
GGAGATA,696,400
GGAGATC,803,558
GGAGATG,649,385
GGAGATT,671,387
GGAGCAA,941,625
GGAGCAC,1288,840
GGAGCAG,882,580
GGAGCAT,946,620
GGAGCCA,1150,687
GGAGCCC,1342,824
GGAGCCG,994,613
GGAGCCT,943,600
GGAGCGA,938,657
GGAGCGC,1314,861
GGAGCGG,925,657
GGAGCGT,972,630
GGAGCTA,764,547
GGAGCTC,981,703
GGAGCTG,742,476
GGAGCTT,794,498
GGAGGAA,745,461
GGAGGAC,950,628
GGAGGAG,697,384
GGAGGAT,658,476
GGAGGCA,1028,742
GGAGGCC,1281,794
GGAGGCG,930,629
GGAGGCT,909,553
GGAGGGA,918,557
GGAGGGC,1141,767
GGAGGGG,883,604
GGAGGGT,950,599
GGAGGTA,868,549
GGAGGTC,968,631
GGAGGTG,717,410
GGAGGTT,738,438
GGAGTAA,835,468
GGAGTAC,964,576
GGAGTAG,600,445
GGAGTAT,749,467
GGAGTCA,904,548
GGAGTCC,1064,685
GGAGTCG,841,508
GGAGTCT,778,492
GGAGTGA,690,426
GGAGTGC,939,613
GGAGTGG,797,485
GGAGTGT,733,492
GGAGTTA,711,475
GGAGTTC,832,607
GGAGTTG,599,414
GGAGTTT,598,380
GGATAAA,765,509
GGATAAC,1057,636
GGATAAG,835,531
GGATAAT,750,506
GGATACA,979,577
GGATACC,1188,713
GGATACG,1024,689
GGATACT,893,476
GGATAGA,702,426
GGATAGC,1020,676
GGATAGG,904,585
GGATAGT,826,547
GGATATA,772,451
GGATATC,970,604
GGATATG,703,497
GGATATT,728,443
GGATCAA,1080,628
GGATCAC,1258,843
GGATCAG,1018,668
GGATCAT,961,629
GGATCCA,1158,696
GGATCCC,1223,822
GGATCCG,1132,686
GGATCCT,948,596
GGATCGA,1047,700
GGATCGC,1302,883
GGATCGG,1044,685
GGATCGT,932,588
GGATCTA,862,531
GGATCTC,1024,654
GGATCTG,792,531
GGATCTT,778,497
GGATGAA,732,506
GGATGAC,920,567
GGATGAG,752,447
GGATGAT,789,490
GGATGCA,1009,618
GGATGCC,1190,721
GGATGCG,1087,661
GGATGCT,819,588
GGATGGA,768,541
GGATGGC,1078,765
GGATGGG,830,551
GGATGGT,862,519
GGATGTA,771,537
GGATGTC,930,601
GGATGTG,714,436
GGATGTT,737,478
GGATTAA,777,500
GGATTAC,960,625
GGATTAG,781,497
GGATTAT,704,463
GGATTCA,990,590
GGATTCC,986,617
GGATTCG,887,611
GGATTCT,739,482
GGATTGA,682,423
GGATTGC,1030,598
GGATTGG,816,509
GGATTGT,746,477
GGATTTA,742,470
GGATTTC,919,553
GGATTTG,705,393
GGATTTT,673,438
GGCAAAA,1011,702
GGCAAAC,1430,933
GGCAAAG,1167,654
GGCAAAT,992,606
GGCAACA,1432,838
GGCAACC,1629,1012
GGCAACG,1351,881
GGCAACT,1168,743
GGCAAGA,1027,646
GGCAAGC,1405,945
GGCAAGG,1255,779
GGCAAGT,1029,713
GGCAATA,1050,597
GGCAATC,1289,850
GGCAATG,940,675
GGCAATT,955,628
GGCACAA,1358,862
GGCACAC,1843,1172
GGCACAG,1265,817
GGCACAT,1321,823
GGCACCA,1622,1040
GGCACCC,1728,1123
GGCACCG,1495,984
GGCACCT,1303,792
GGCACGA,1198,783
GGCACGC,1722,1126
GGCACGG,1393,949
GGCACGT,1265,789
GGCACTA,1066,768
GGCACTC,1378,929
GGCACTG,1035,640
GGCACTT,1048,664
GGCAGAA,879,552
GGCAGAC,1211,758
GGCAGAG,924,624
GGCAGAT,850,584
GGCAGCA,1386,835
GGCAGCC,1436,918
GGCAGCG,1191,805
GGCAGCT,1057,681
GGCAGGA,1073,659
GGCAGGC,1374,959
GGCAGGG,1186,732
GGCAGGT,1039,669
GGCAGTA,938,692
GGCAGTC,1091,751
GGCAGTG,842,561
GGCAGTT,788,531
GGCATAA,1010,612
GGCATAC,1362,877
GGCATAG,1011,623
GGCATAT,1012,578
GGCATCA,1228,811
GGCATCC,1453,949
GGCATCG,1223,763
GGCATCT,1032,645
GGCATGA,940,666
GGCATGC,1341,807
GGCATGG,1077,711
GGCATGT,990,601
GGCATTA,970,538
GGCATTC,1177,764
GGCATTG,857,554
GGCATTT,932,552
GGCCAAA,1227,751
GGCCAAC,1593,1037
GGCCAAG,1194,757
GGCCAAT,1153,666
GGCCACA,1548,985
GGCCACC,1728,1181
GGCCACG,1489,981
GGCCACT,1269,797
GGCCAGA,1144,737
GGCCAGC,1494,1019
GGCCAGG,1279,852
GGCCAGT,1111,740
GGCCATA,1213,701
GGCCATC,1320,875
GGCCATG,1064,719
GGCCATT,1015,657
GGCCCAA,1374,927
GGCCCAC,1736,1110
GGCCCAG,1338,851
GGCCCAT,1261,760
GGCCCCA,1504,950
GGCCCCC,1746,1076
GGCCCCG,1540,915
GGCCCCT,1278,749
GGCCCGA,1252,810
GGCCCGC,1797,1234
GGCCCGG,1424,890
GGCCCGT,1252,819
GGCCCTA,1125,723
GGCCCTC,1362,839
GGCCCTG,1089,637
GGCCCTT,1014,645
GGCCGAA,1068,661
GGCCGAC,1404,832
GGCCGAG,1102,695
GGCCGAT,905,594
GGCCGCA,1489,908
GGCCGCC,1566,1067
GGCCGCG,1341,853
GGCCGCT,1178,752
GGCCGGA,1070,768
GGCCGGC,1581,972
GGCCGGG,1346,834
GGCCGGT,1160,714
GGCCGTA,1101,674
GGCCGTC,1197,817
GGCCGTG,941,594
GGCCGTT,881,584
GGCCTAA,1013,708
GGCCTAC,1294,785
GGCCTAG,919,555
GGCCTAT,909,534
GGCCTCA,1274,786
GGCCTCC,1392,868
GGCCTCG,1220,804
GGCCTCT,951,640
GGCCTGA,973,575
GGCCTGC,1297,814
GGCCTGG,1057,631
GGCCTGT,895,609
GGCCTTA,949,563
GGCCTTC,1150,670
GGCCTTG,878,529
GGCCTTT,862,474
GGCGAAA,954,613
GGCGAAC,1153,768
GGCGAAG,865,576
GGCGAAT,893,568
GGCGACA,1123,740
GGCGACC,1370,907
GGCGACG,1045,657
GGCGACT,951,597
GGCGAGA,812,541
GGCGAGC,1125,739
GGCGAGG,1004,613
GGCGAGT,871,565
GGCGATA,896,569
GGCGATC,1144,648
GGCGATG,872,451
GGCGATT,810,485
GGCGCAA,1414,916
GGCGCAC,1797,1163
GGCGCAG,1174,766
GGCGCAT,1202,783
GGCGCCA,1474,902
GGCGCCC,1690,1056
GGCGCCG,1264,818
GGCGCCT,1178,747
GGCGCGA,1117,752
GGCGCGC,1700,1027
GGCGCGG,1259,795
GGCGCGT,1067,693
GGCGCTA,1046,708
GGCGCTC,1276,826
GGCGCTG,871,581
GGCGCTT,910,629
GGCGGAA,1002,683
GGCGGAC,1366,773
GGCGGAG,884,510
GGCGGAT,910,603
GGCGGCA,1452,862
GGCGGCC,1522,1015
GGCGGCG,1154,723
GGCGGCT,1036,708
GGCGGGA,1054,640
GGCGGGC,1426,915
GGCGGGG,1063,709
GGCGGGT,1059,678
GGCGGTA,997,647
GGCGGTC,1215,790
GGCGGTG,821,533
GGCGGTT,900,564
GGCGTAA,1071,633
GGCGTAC,1245,841
GGCGTAG,901,570
GGCGTAT,900,590
GGCGTCA,1208,716
GGCGTCC,1295,775
GGCGTCG,977,642
GGCGTCT,868,605
GGCGTGA,937,552
GGCGTGC,1205,772
GGCGTGG,982,666
GGCGTGT,885,575
GGCGTTA,920,621
GGCGTTC,1059,664
GGCGTTG,749,506
GGCGTTT,781,444
GGCTAAA,974,652
GGCTAAC,1310,759
GGCTAAG,924,625
GGCTAAT,988,575
GGCTACA,1143,675
GGCTACC,1250,795
GGCTACG,1156,774
GGCTACT,991,624
GGCTAGA,909,576
GGCTAGC,1154,726
GGCTAGG,1081,651
GGCTAGT,937,616
GGCTATA,894,586
GGCTATC,1161,669
GGCTATG,892,553
GGCTATT,827,495
GGCTCAA,1311,825
GGCTCAC,1531,1035
GGCTCAG,1212,722
GGCTCAT,1122,743
GGCTCCA,1319,802
GGCTCCC,1382,958
GGCTCCG,1325,833
GGCTCCT,1024,632
GGCTCGA,1165,750
GGCTCGC,1458,929
GGCTCGG,1180,816
GGCTCGT,1101,700
GGCTCTA,1017,597
GGCTCTC,1189,727
GGCTCTG,875,583
GGCTCTT,809,514
GGCTGAA,860,569
GGCTGAC,1068,696
GGCTGAG,751,498
GGCTGAT,811,499
GGCTGCA,1215,787
GGCTGCC,1342,797
GGCTGCG,1168,724
GGCTGCT,929,624
GGCTGGA,836,597
GGCTGGC,1190,804
GGCTGGG,928,607
GGCTGGT,923,601
GGCTGTA,917,583
GGCTGTC,1086,709
GGCTGTG,799,520
GGCTGTT,766,474
GGCTTAA,1019,612
GGCTTAC,1207,752
GGCTTAG,910,581
GGCTTAT,835,594
GGCTTCA,1182,760
GGCTTCC,1225,766
GGCTTCG,1132,700
GGCTTCT,851,538
GGCTTGA,800,519
GGCTTGC,1171,777
GGCTTGG,938,636
GGCTTGT,812,488
GGCTTTA,839,572
GGCTTTC,1003,615
GGCTTTG,822,497
GGCTTTT,745,460
GGGAAAA,881,513
GGGAAAC,1211,781
GGGAAAG,955,569
GGGAAAT,925,572
GGGAACA,1061,711
GGGAACC,1307,881
GGGAACG,1165,733
GGGAACT,978,578
GGGAAGA,773,524
GGGAAGC,1142,771
GGGAAGG,1064,675
GGGAAGT,934,632
GGGAATA,928,581
GGGAATC,1121,717
GGGAATG,825,529
GGGAATT,851,533
GGGACAA,1152,804
GGGACAC,1657,1083
GGGACAG,1145,657
GGGACAT,1150,779
GGGACCA,1408,862
GGGACCC,1615,979
GGGACCG,1395,883
GGGACCT,1147,739
GGGACGA,1037,707
GGGACGC,1543,1003
GGGACGG,1219,733
GGGACGT,1084,699
GGGACTA,1050,691
GGGACTC,1346,765
GGGACTG,956,619
GGGACTT,935,651
GGGAGAA,650,421
GGGAGAC,949,630
GGGAGAG,733,527
GGGAGAT,798,474
GGGAGCA,1036,678
GGGAGCC,1263,840
GGGAGCG,1129,726
GGGAGCT,965,658
GGGAGGA,937,535
GGGAGGC,1212,734
GGGAGGG,1008,640
GGGAGGT,960,625
GGGAGTA,861,540
GGGAGTC,954,650
GGGAGTG,809,495
GGGAGTT,807,517
GGGATAA,882,569
GGGATAC,1150,758
GGGATAG,909,486
GGGATAT,839,564
GGGATCA,1167,743
GGGATCC,1330,797
GGGATCG,1098,752
GGGATCT,965,611
GGGATGA,815,557
GGGATGC,1185,717
GGGATGG,897,565
GGGATGT,830,539
GGGATTA,837,574
GGGATTC,1128,669
GGGATTG,813,490
GGGATTT,823,541
GGGCAAA,1369,867
GGGCAAC,1801,1161
GGGCAAG,1342,867
GGGCAAT,1276,866
GGGCACA,1773,1101
GGGCACC,2016,1327
GGGCACG,1636,1059
GGGCACT,1472,920
GGGCAGA,1092,731
GGGCAGC,1653,1001
GGGCAGG,1397,859
GGGCAGT,1194,704
GGGCATA,1333,853
GGGCATC,1677,1041
GGGCATG,1195,733
GGGCATT,1241,740
GGGCCAA,1453,984
GGGCCAC,2014,1327
GGGCCAG,1429,885
GGGCCAT,1398,934
GGGCCCA,1737,1127
GGGCCCC,1918,1235
GGGCCCG,1733,1086
GGGCCCT,1396,857
GGGCCGA,1345,816
GGGCCGC,1805,1102
GGGCCGG,1497,887
GGGCCGT,1245,835
GGGCCTA,1286,817
GGGCCTC,1597,996
GGGCCTG,1194,737
GGGCCTT,1110,711
GGGCGAA,1188,730
GGGCGAC,1460,912
GGGCGAG,1128,655
GGGCGAT,1128,655
GGGCGCA,1599,1038
GGGCGCC,1729,1130
GGGCGCG,1416,925
GGGCGCT,1250,845
GGGCGGA,1088,684
GGGCGGC,1556,1066
GGGCGGG,1263,837
GGGCGGT,1275,747
GGGCGTA,1189,749
GGGCGTC,1475,857
GGGCGTG,1057,651
GGGCGTT,1065,614
GGGCTAA,1158,741
GGGCTAC,1418,916
GGGCTAG,1063,678
GGGCTAT,997,670
GGGCTCA,1428,946
GGGCTCC,1594,990
GGGCTCG,1402,986
GGGCTCT,1219,744
GGGCTGA,968,665
GGGCTGC,1225,899
GGGCTGG,1055,723
GGGCTGT,977,601
GGGCTTA,1113,654
GGGCTTC,1369,848
GGGCTTG,952,605
GGGCTTT,999,632
GGGGAAA,995,638
GGGGAAC,1345,783
GGGGAAG,933,634
GGGGAAT,1002,613
GGGGACA,1363,872
GGGGACC,1520,1057
GGGGACG,1206,775
GGGGACT,1154,714
GGGGAGA,775,498
GGGGAGC,1176,761
GGGGAGG,947,642
GGGGAGT,883,639
GGGGATA,1023,649
GGGGATC,1317,762
GGGGATG,832,564
GGGGATT,829,556
GGGGCAA,1483,963
GGGGCAC,1939,1221
GGGGCAG,1328,806
GGGGCAT,1418,900
GGGGCCA,1649,1044
GGGGCCC,1889,1192
GGGGCCG,1452,909
GGGGCCT,1457,948
GGGGCGA,1184,836
GGGGCGC,1752,1051
GGGGCGG,1190,865
GGGGCGT,1119,770
GGGGCTA,1205,795
GGGGCTC,1573,946
GGGGCTG,1067,689
GGGGCTT,1165,710
GGGGGAA,1102,625
GGGGGAC,1329,834
GGGGGAG,919,609
GGGGGAT,1075,658
GGGGGCA,1514,949
GGGGGCC,1798,1142
GGGGGCG,1289,787
GGGGGCT,1315,736
GGGGGGA,1121,712
GGGGGGC,1549,937
GGGGGGG,1145,727
GGGGGGT,1111,650
GGGGGTA,1117,719
GGGGGTC,1335,822
GGGGGTG,882,622
GGGGGTT,990,619
GGGGTAA,1093,689
GGGGTAC,1395,877
GGGGTAG,907,583
GGGGTAT,1030,662
GGGGTCA,1376,859
GGGGTCC,1540,948
GGGGTCG,1186,735
GGGGTCT,1091,704
GGGGTGA,854,539
GGGGTGC,1293,789
GGGGTGG,981,595
GGGGTGT,934,584
GGGGTTA,1015,624
GGGGTTC,1210,782
GGGGTTG,792,516
GGGGTTT,938,541
GGGTAAA,1130,656
GGGTAAC,1421,875
GGGTAAG,1084,722
GGGTAAT,1012,642
GGGTACA,1387,847
GGGTACC,1524,1009
GGGTACG,1351,909
GGGTACT,1103,706
GGGTAGA,949,600
GGGTAGC,1301,891
GGGTAGG,1137,698
GGGTAGT,989,601
GGGTATA,1065,668
GGGTATC,1326,826
GGGTATG,1033,622
GGGTATT,876,580
GGGTCAA,1399,941
GGGTCAC,1721,1210
GGGTCAG,1335,885
GGGTCAT,1253,818
GGGTCCA,1493,1008
GGGTCCC,1618,1060
GGGTCCG,1476,871
GGGTCCT,1205,713
GGGTCGA,1181,779
GGGTCGC,1585,1000
GGGTCGG,1243,792
GGGTCGT,1123,752
GGGTCTA,1173,679
GGGTCTC,1399,933
GGGTCTG,927,666
GGGTCTT,947,656
GGGTGAA,922,605
GGGTGAC,1166,743
GGGTGAG,868,641
GGGTGAT,853,548
GGGTGCA,1365,894
GGGTGCC,1488,948
GGGTGCG,1307,798
GGGTGCT,1096,695
GGGTGGA,887,606
GGGTGGC,1232,867
GGGTGGG,1021,736
GGGTGGT,1052,635
GGGTGTA,1005,630
GGGTGTC,1111,700
GGGTGTG,902,591
GGGTGTT,876,535
GGGTTAA,1103,667
GGGTTAC,1356,830
GGGTTAG,977,654
GGGTTAT,976,583
GGGTTCA,1340,845
GGGTTCC,1372,911
GGGTTCG,1282,775
GGGTTCT,997,641
GGGTTGA,867,544
GGGTTGC,1158,786
GGGTTGG,969,637
GGGTTGT,875,575
GGGTTTA,982,611
GGGTTTC,1156,761
GGGTTTG,884,541
GGGTTTT,915,609
GGTAAAA,890,588
GGTAAAC,1273,813
GGTAAAG,927,596
GGTAAAT,1000,618
GGTAACA,1172,761
GGTAACC,1401,920
GGTAACG,1145,742
GGTAACT,1048,611
GGTAAGA,873,531
GGTAAGC,1300,820
GGTAAGG,1038,746
GGTAAGT,949,603
GGTAATA,859,518
GGTAATC,1070,703
GGTAATG,847,522
GGTAATT,829,519
GGTACAA,1209,698
GGTACAC,1640,981
GGTACAG,1155,735
GGTACAT,1100,742
GGTACCA,1327,901
GGTACCC,1497,893
GGTACCG,1256,861
GGTACCT,1087,722
GGTACGA,1267,705
GGTACGC,1530,1013
GGTACGG,1187,811
GGTACGT,1253,751
GGTACTA,975,628
GGTACTC,1258,810
GGTACTG,902,554
GGTACTT,909,537
GGTAGAA,752,500
GGTAGAC,1068,637
GGTAGAG,874,519
GGTAGAT,765,512
GGTAGCA,1056,660
GGTAGCC,1226,795
GGTAGCG,1134,683
GGTAGCT,916,615
GGTAGGA,900,578
GGTAGGC,1310,724
GGTAGGG,1001,629
GGTAGGT,1000,613
GGTAGTA,793,527
GGTAGTC,1016,636
GGTAGTG,804,459
GGTAGTT,761,473
GGTATAA,838,531
GGTATAC,1080,728
GGTATAG,834,513
GGTATAT,822,530
GGTATCA,1093,704
GGTATCC,1141,768
GGTATCG,1183,668
GGTATCT,890,597
GGTATGA,791,526
GGTATGC,1218,719
GGTATGG,921,586
GGTATGT,877,587
GGTATTA,830,483
GGTATTC,1002,632
GGTATTG,795,472
GGTATTT,805,482
GGTCAAA,1221,751
GGTCAAC,1521,1008
GGTCAAG,1170,773
GGTCAAT,1129,757
GGTCACA,1466,892
GGTCACC,1691,1077
GGTCACG,1513,910
GGTCACT,1315,782
GGTCAGA,1100,645
GGTCAGC,1500,1005
GGTCAGG,1271,775
GGTCAGT,1094,713
GGTCATA,1149,724
GGTCATC,1317,826
GGTCATG,1059,655
GGTCATT,1013,631
GGTCCAA,1329,814
GGTCCAC,1687,1060
GGTCCAG,1286,834
GGTCCAT,1202,779
GGTCCCA,1434,870
GGTCCCC,1605,934
GGTCCCG,1393,878
GGTCCCT,1189,700
GGTCCGA,1271,783
GGTCCGC,1639,1044
GGTCCGG,1361,803
GGTCCGT,1265,848
GGTCCTA,1073,659
GGTCCTC,1288,863
GGTCCTG,961,696
GGTCCTT,895,557
GGTCGAA,971,610
GGTCGAC,1218,825
GGTCGAG,1043,673
GGTCGAT,926,553
GGTCGCA,1325,832
GGTCGCC,1476,904
GGTCGCG,1198,751
GGTCGCT,1100,667
GGTCGGA,1019,681
GGTCGGC,1381,968
GGTCGGG,1198,709
GGTCGGT,1017,646
GGTCGTA,978,678
GGTCGTC,1136,723
GGTCGTG,841,583
GGTCGTT,863,609
GGTCTAA,959,679
GGTCTAC,1165,726
GGTCTAG,916,582
GGTCTAT,890,571
GGTCTCA,1206,796
GGTCTCC,1286,810
GGTCTCG,1218,802
GGTCTCT,931,595
GGTCTGA,934,570
GGTCTGC,1264,746
GGTCTGG,1071,593
GGTCTGT,917,546
GGTCTTA,954,554
GGTCTTC,1061,671
GGTCTTG,846,509
GGTCTTT,773,478
GGTGAAA,850,481
GGTGAAC,1066,688
GGTGAAG,812,519
GGTGAAT,776,546
GGTGACA,1049,684
GGTGACC,1228,764
GGTGACG,913,658
GGTGACT,927,570
GGTGAGA,781,536
GGTGAGC,1120,739
GGTGAGG,943,544
GGTGAGT,797,513
GGTGATA,873,513
GGTGATC,966,621
GGTGATG,623,439
GGTGATT,698,432
GGTGCAA,1256,755
GGTGCAC,1687,1062
GGTGCAG,1137,736
GGTGCAT,1169,777
GGTGCCA,1432,870
GGTGCCC,1488,1004
GGTGCCG,1167,781
GGTGCCT,1136,720
GGTGCGA,1220,741
GGTGCGC,1639,966
GGTGCGG,1235,775
GGTGCGT,1181,815
GGTGCTA,984,680
GGTGCTC,1219,859
GGTGCTG,771,517
GGTGCTT,897,607
GGTGGAA,912,573
GGTGGAC,1163,712
GGTGGAG,792,503
GGTGGAT,830,568
GGTGGCA,1243,764
GGTGGCC,1425,861
GGTGGCG,1061,669
GGTGGCT,1059,658
GGTGGGA,945,576
GGTGGGC,1390,841
GGTGGGG,931,584
GGTGGGT,915,599
GGTGGTA,918,620
GGTGGTC,1141,680
GGTGGTG,713,480
GGTGGTT,866,477
GGTGTAA,938,633
GGTGTAC,1127,723
GGTGTAG,808,498
GGTGTAT,853,505
GGTGTCA,1046,769
GGTGTCC,1280,787
GGTGTCG,943,608
GGTGTCT,854,579
GGTGTGA,838,547
GGTGTGC,1141,734
GGTGTGG,917,519
GGTGTGT,807,506
GGTGTTA,853,592
GGTGTTC,961,608
GGTGTTG,736,416
GGTGTTT,770,480
GGTTAAA,1052,586
GGTTAAC,1302,799
GGTTAAG,1024,623
GGTTAAT,923,542
GGTTACA,1177,727
GGTTACC,1378,809
GGTTACG,1253,812
GGTTACT,944,535
GGTTAGA,933,563
GGTTAGC,1166,782
GGTTAGG,1027,701
GGTTAGT,932,542
GGTTATA,893,590
GGTTATC,1086,667
GGTTATG,871,558
GGTTATT,883,522
GGTTCAA,1223,793
GGTTCAC,1507,961
GGTTCAG,1224,800
GGTTCAT,1099,735
GGTTCCA,1325,764
GGTTCCC,1387,895
GGTTCCG,1289,792
GGTTCCT,990,623
GGTTCGA,1134,751
GGTTCGC,1415,899
GGTTCGG,1211,723
GGTTCGT,1131,713
GGTTCTA,895,631
GGTTCTC,1167,720
GGTTCTG,913,542
GGTTCTT,879,535
GGTTGAA,857,525
GGTTGAC,1050,680
GGTTGAG,817,502
GGTTGAT,783,506
GGTTGCA,1164,707
GGTTGCC,1233,801
GGTTGCG,1135,717
GGTTGCT,906,567
GGTTGGA,907,586
GGTTGGC,1223,781
GGTTGGG,985,648
GGTTGGT,873,558
GGTTGTA,863,520
GGTTGTC,1046,658
GGTTGTG,751,492
GGTTGTT,756,504
GGTTTAA,1021,574
GGTTTAC,1175,760
GGTTTAG,895,575
GGTTTAT,870,550
GGTTTCA,1104,689
GGTTTCC,1196,741
GGTTTCG,1088,702
GGTTTCT,883,546
GGTTTGA,850,520
GGTTTGC,1142,712
GGTTTGG,959,586
GGTTTGT,865,516
GGTTTTA,913,556
GGTTTTC,1008,637
GGTTTTG,756,487
GGTTTTT,740,448
GTAAAAA,526,337
GTAAAAC,1021,557
GTAAAAG,817,457
GTAAAAT,726,419
GTAAACA,748,502
GTAAACC,872,610
GTAAACG,824,587
GTAAACT,708,464
GTAAAGA,659,395
GTAAAGC,1077,679
GTAAAGG,893,553
GTAAAGT,773,472
GTAAATA,652,410
GTAAATC,832,586
GTAAATG,689,404
GTAAATT,669,396
GTAACAA,859,532
GTAACAC,1251,738
GTAACAG,868,536
GTAACAT,936,585
GTAACCA,972,639
GTAACCC,1097,713
GTAACCG,1000,621
GTAACCT,858,533
GTAACGA,942,554
GTAACGC,1225,815
GTAACGG,1031,667
GTAACGT,909,583
GTAACTA,754,466
GTAACTC,942,595
GTAACTG,723,461
GTAACTT,705,473
GTAAGAA,655,423
GTAAGAC,940,551
GTAAGAG,727,402
GTAAGAT,726,461
GTAAGCA,927,609
GTAAGCC,1065,689
GTAAGCG,923,587
GTAAGCT,809,507
GTAAGGA,757,488
GTAAGGC,1121,722
GTAAGGG,936,619
GTAAGGT,859,526
GTAAGTA,778,452
GTAAGTC,858,600
GTAAGTG,676,417
GTAAGTT,695,423
GTAATAA,671,418
GTAATAC,871,533
GTAATAG,706,415
GTAATAT,670,407
GTAATCA,813,510
GTAATCC,951,601
GTAATCG,888,579
GTAATCT,744,455
GTAATGA,614,417
GTAATGC,990,619
GTAATGG,772,472
GTAATGT,680,426
GTAATTA,610,386
GTAATTC,863,559
GTAATTG,543,359
GTAATTT,558,404
GTACAAA,796,537
GTACAAC,1156,788
GTACAAG,877,606
GTACAAT,901,561
GTACACA,1127,704
GTACACC,1290,862
GTACACG,1087,652
GTACACT,962,616
GTACAGA,821,544
GTACAGC,1297,801
GTACAGG,944,694
GTACAGT,929,570
GTACATA,875,507
GTACATC,1079,706
GTACATG,766,545
GTACATT,764,553
GTACCAA,967,621
GTACCAC,1348,838
GTACCAG,1028,608
GTACCAT,932,561
GTACCCA,1024,661
GTACCCC,1223,824
GTACCCG,1111,679
GTACCCT,901,575
GTACCGA,964,618
GTACCGC,1311,863
GTACCGG,1090,718
GTACCGT,990,634
GTACCTA,863,543
GTACCTC,1035,659
GTACCTG,800,541
GTACCTT,729,480
GTACGAA,935,606
GTACGAC,1160,722
GTACGAG,931,610
GTACGAT,820,543
GTACGCA,1252,741
GTACGCC,1343,858
GTACGCG,1149,709
GTACGCT,1016,675
GTACGGA,992,631
GTACGGC,1352,875
GTACGGG,1065,682
GTACGGT,1003,601
GTACGTA,911,591
GTACGTC,1136,743
GTACGTG,857,579
GTACGTT,899,546
GTACTAA,732,502
GTACTAC,917,635
GTACTAG,739,501
GTACTAT,645,412
GTACTCA,871,619
GTACTCC,1053,657
GTACTCG,980,679
GTACTCT,741,484
GTACTGA,787,430
GTACTGC,953,609
GTACTGG,783,506
GTACTGT,733,480
GTACTTA,693,433
GTACTTC,954,555
GTACTTG,664,437
GTACTTT,631,444
GTAGAAA,623,405
GTAGAAC,877,508
GTAGAAG,591,435
GTAGAAT,666,428
GTAGACA,755,462
GTAGACC,1068,630
GTAGACG,719,446
GTAGACT,729,430
GTAGAGA,590,380
GTAGAGC,911,522
GTAGAGG,700,433
GTAGAGT,662,376
GTAGATA,672,388
GTAGATC,787,492
GTAGATG,558,376
GTAGATT,595,400
GTAGCAA,975,601
GTAGCAC,1171,817
GTAGCAG,802,525
GTAGCAT,858,567
GTAGCCA,1046,649
GTAGCCC,1111,776
GTAGCCG,898,571
GTAGCCT,841,546
GTAGCGA,864,654
GTAGCGC,1218,801
GTAGCGG,905,629
GTAGCGT,925,535
GTAGCTA,768,522
GTAGCTC,894,653
GTAGCTG,718,455
GTAGCTT,728,475
GTAGGAA,789,490
GTAGGAC,1049,624
GTAGGAG,699,492
GTAGGAT,706,434
GTAGGCA,962,651
GTAGGCC,1243,765
GTAGGCG,924,541
GTAGGCT,909,568
GTAGGGA,868,506
GTAGGGC,1189,780
GTAGGGG,902,509
GTAGGGT,804,581
GTAGGTA,815,487
GTAGGTC,982,660
GTAGGTG,624,395
GTAGGTT,744,466
GTAGTAA,700,475
GTAGTAC,908,541
GTAGTAG,632,359
GTAGTAT,636,476
GTAGTCA,874,536
GTAGTCC,975,648
GTAGTCG,788,526
GTAGTCT,727,443
GTAGTGA,668,435
GTAGTGC,893,569
GTAGTGG,778,502
GTAGTGT,724,415
GTAGTTA,614,425
GTAGTTC,796,516
GTAGTTG,520,347
GTAGTTT,591,339
GTATAAA,723,445
GTATAAC,996,642
GTATAAG,798,502
GTATAAT,672,497
GTATACA,842,592
GTATACC,1091,703
GTATACG,954,622
GTATACT,753,528
GTATAGA,672,395
GTATAGC,967,653
GTATAGG,863,547
GTATAGT,718,484
GTATATA,714,450
GTATATC,916,568
GTATATG,687,427
GTATATT,699,420
GTATCAA,901,620
GTATCAC,1224,717
GTATCAG,955,650
GTATCAT,920,552
GTATCCA,972,620
GTATCCC,1199,698
GTATCCG,1058,668
GTATCCT,838,519
GTATCGA,990,592
GTATCGC,1257,759
GTATCGG,962,645
GTATCGT,921,601
GTATCTA,833,482
GTATCTC,931,552
GTATCTG,696,479
GTATCTT,756,436
GTATGAA,758,422
GTATGAC,915,593
GTATGAG,723,468
GTATGAT,710,466
GTATGCA,973,653
GTATGCC,1007,772
GTATGCG,944,667
GTATGCT,813,531
GTATGGA,780,508
GTATGGC,1102,666
GTATGGG,871,566
GTATGGT,868,536
GTATGTA,690,466
GTATGTC,913,582
GTATGTG,676,463
GTATGTT,698,494
GTATTAA,706,477
GTATTAC,930,628
GTATTAG,734,480
GTATTAT,654,429
GTATTCA,810,540
GTATTCC,934,622
GTATTCG,920,558
GTATTCT,730,480
GTATTGA,700,424
GTATTGC,920,605
GTATTGG,803,472
GTATTGT,770,438
GTATTTA,733,441
GTATTTC,760,538
GTATTTG,604,415
GTATTTT,636,376
GTCAAAA,798,487
GTCAAAC,1244,726
GTCAAAG,921,558
GTCAAAT,857,545
GTCAACA,1065,646
GTCAACC,1240,748
GTCAACG,1143,701
GTCAACT,976,591
GTCAAGA,759,519
GTCAAGC,1214,788
GTCAAGG,1070,697
GTCAAGT,942,568
GTCAATA,853,513
GTCAATC,1067,688
GTCAATG,804,518
GTCAATT,750,462
GTCACAA,1093,684
GTCACAC,1497,929
GTCACAG,1097,689
GTCACAT,1099,652
GTCACCA,1225,811
GTCACCC,1368,862
GTCACCG,1249,889
GTCACCT,995,666
GTCACGA,993,625
GTCACGC,1451,979
GTCACGG,1205,782
GTCACGT,1073,666
GTCACTA,877,554
GTCACTC,1155,748
GTCACTG,854,551
GTCACTT,804,511
GTCAGAA,833,508
GTCAGAC,1128,709
GTCAGAG,801,505
GTCAGAT,829,502
GTCAGCA,1164,724
GTCAGCC,1330,808
GTCAGCG,1094,685
GTCAGCT,937,622
GTCAGGA,994,636
GTCAGGC,1288,803
GTCAGGG,1069,706
GTCAGGT,964,612
GTCAGTA,883,544
GTCAGTC,1013,667
GTCAGTG,761,509
GTCAGTT,775,516
GTCATAA,869,504
GTCATAC,1078,688
GTCATAG,797,483
GTCATAT,807,523
GTCATCA,1101,613
GTCATCC,1091,741
GTCATCG,1027,645
GTCATCT,832,501
GTCATGA,797,512
GTCATGC,1114,759
GTCATGG,897,609
GTCATGT,816,539
GTCATTA,810,493
GTCATTC,929,599
GTCATTG,742,461
GTCATTT,717,436
GTCCAAA,964,573
GTCCAAC,1198,827
GTCCAAG,961,571
GTCCAAT,866,575
GTCCACA,1242,743
GTCCACC,1347,879
GTCCACG,1177,747
GTCCACT,953,627
GTCCAGA,809,590
GTCCAGC,1251,824
GTCCAGG,1143,737
GTCCAGT,887,616
GTCCATA,850,560
GTCCATC,1049,699
GTCCATG,793,595
GTCCATT,874,507
GTCCCAA,1059,700
GTCCCAC,1348,855
GTCCCAG,1012,625
GTCCCAT,980,590
GTCCCCA,1130,751
GTCCCCC,1319,805
GTCCCCG,1143,724
GTCCCCT,971,633
GTCCCGA,1011,667
GTCCCGC,1386,900
GTCCCGG,1185,799
GTCCCGT,1009,657
GTCCCTA,893,537
GTCCCTC,1096,671
GTCCCTG,841,491
GTCCCTT,768,517
GTCCGAA,968,627
GTCCGAC,1149,763
GTCCGAG,958,613
GTCCGAT,906,566
GTCCGCA,1252,823
GTCCGCC,1407,908
GTCCGCG,1213,691
GTCCGCT,1052,663
GTCCGGA,1085,639
GTCCGGC,1330,901
GTCCGGG,1142,752
GTCCGGT,1003,717
GTCCGTA,1010,585
GTCCGTC,1110,739
GTCCGTG,855,560
GTCCGTT,864,557
GTCCTAA,799,476
GTCCTAC,959,607
GTCCTAG,775,500
GTCCTAT,680,414
GTCCTCA,1121,661
GTCCTCC,1054,698
GTCCTCG,1023,677
GTCCTCT,794,481
GTCCTGA,794,464
GTCCTGC,936,643
GTCCTGG,950,531
GTCCTGT,749,504
GTCCTTA,715,474
GTCCTTC,836,538
GTCCTTG,714,436
GTCCTTT,651,433
GTCGAAA,791,509
GTCGAAC,953,644
GTCGAAG,736,483
GTCGAAT,704,474
GTCGACA,985,586
GTCGACC,1021,657
GTCGACG,870,563
GTCGACT,730,511
GTCGAGA,700,421
GTCGAGC,984,600
GTCGAGG,865,527
GTCGAGT,723,496
GTCGATA,799,484
GTCGATC,871,521
GTCGATG,634,416
GTCGATT,651,291
GTCGCAA,1138,674
GTCGCAC,1392,942
GTCGCAG,1004,583
GTCGCAT,1037,654
GTCGCCA,1207,744
GTCGCCC,1400,863
GTCGCCG,999,698
GTCGCCT,954,613
GTCGCGA,873,576
GTCGCGC,1266,829
GTCGCGG,1012,713
GTCGCGT,948,662
GTCGCTA,833,382
GTCGCTC,1082,547
GTCGCTG,737,428
GTCGCTT,536,34
GTCGGAA,858,556
GTCGGAC,1135,743
GTCGGAG,770,519
GTCGGAT,779,479
GTCGGCA,1095,775
GTCGGCC,1314,874
GTCGGCG,1003,719
GTCGGCT,926,625
GTCGGGA,971,601
GTCGGGC,1296,827
GTCGGGG,955,676
GTCGGGT,901,596
GTCGGTA,905,554
GTCGGTC,1013,683
GTCGGTG,739,459
GTCGGTT,735,456
GTCGTAA,773,546
GTCGTAC,1058,610
GTCGTAG,691,448
GTCGTAT,719,535
GTCGTCA,1005,636
GTCGTCC,1065,654
GTCGTCG,814,488
GTCGTCT,748,512
GTCGTGA,729,442
GTCGTGC,978,699
GTCGTGG,778,519
GTCGTGT,681,444
GTCGTTA,594,131
GTCGTTC,817,371
GTCGTTG,551,180
GTCGTTT,180,0
GTCTAAA,775,491
GTCTAAC,1095,591
GTCTAAG,818,549
GTCTAAT,642,463
GTCTACA,813,554
GTCTACC,958,704
GTCTACG,948,611
GTCTACT,701,471
GTCTAGA,741,488
GTCTAGC,1016,634
GTCTAGG,868,576
GTCTAGT,768,512
GTCTATA,722,491
GTCTATC,886,552
GTCTATG,750,479
GTCTATT,665,433
GTCTCAA,1028,623
GTCTCAC,1211,736
GTCTCAG,1043,618
GTCTCAT,941,565
GTCTCCA,1151,699
GTCTCCC,1056,789
GTCTCCG,1059,659
GTCTCCT,843,568
GTCTCGA,1016,637
GTCTCGC,1202,773
GTCTCGG,1095,657
GTCTCGT,936,546
GTCTCTA,766,504
GTCTCTC,922,596
GTCTCTG,725,475
GTCTCTT,801,428
GTCTGAA,792,460
GTCTGAC,963,628
GTCTGAG,756,476
GTCTGAT,720,512
GTCTGCA,1033,621
GTCTGCC,1142,729
GTCTGCG,1032,685
GTCTGCT,807,576
GTCTGGA,792,571
GTCTGGC,1132,706
GTCTGGG,943,593
GTCTGGT,837,554
GTCTGTA,761,483
GTCTGTC,936,626
GTCTGTG,680,500
GTCTGTT,730,445
GTCTTAA,743,441
GTCTTAC,848,547
GTCTTAG,753,459
GTCTTAT,686,406
GTCTTCA,961,618
GTCTTCC,933,647
GTCTTCG,869,582
GTCTTCT,668,442
GTCTTGA,754,435
GTCTTGC,940,634
GTCTTGG,825,493
GTCTTGT,724,451
GTCTTTA,683,462
GTCTTTC,798,527
GTCTTTG,619,419
GTCTTTT,652,418
GTGAAAA,671,406
GTGAAAC,999,651
GTGAAAG,812,453
GTGAAAT,769,545
GTGAACA,875,503
GTGAACC,1075,655
GTGAACG,880,562
GTGAACT,782,513
GTGAAGA,682,389
GTGAAGC,1001,603
GTGAAGG,789,509
GTGAAGT,738,433
GTGAATA,704,432
GTGAATC,870,596
GTGAATG,674,434
GTGAATT,679,431
GTGACAA,961,615
GTGACAC,1202,816
GTGACAG,909,610
GTGACAT,900,583
GTGACCA,1002,667
GTGACCC,1182,765
GTGACCG,1042,704
GTGACCT,881,605
GTGACGA,820,522
GTGACGC,1263,736
GTGACGG,1051,650
GTGACGT,951,534
GTGACTA,787,512
GTGACTC,1005,650
GTGACTG,750,454
GTGACTT,721,457
GTGAGAA,673,400
GTGAGAC,1020,586
GTGAGAG,752,410
GTGAGAT,671,450
GTGAGCA,951,638
GTGAGCC,1106,723
GTGAGCG,976,574
GTGAGCT,868,511
GTGAGGA,902,489
GTGAGGC,1155,700
GTGAGGG,977,507
GTGAGGT,867,506
GTGAGTA,728,457
GTGAGTC,953,638
GTGAGTG,664,448
GTGAGTT,689,433
GTGATAA,767,425
GTGATAC,964,600
GTGATAG,716,457
GTGATAT,759,438
GTGATCA,798,520
GTGATCC,970,644
GTGATCG,876,582
GTGATCT,760,435
GTGATGA,624,426
GTGATGC,940,571
GTGATGG,784,463
GTGATGT,798,449
GTGATTA,695,440
GTGATTC,835,500
GTGATTG,620,438
GTGATTT,622,374
GTGCAAA,1185,724
GTGCAAC,1442,914
GTGCAAG,1057,648
GTGCAAT,1079,722
GTGCACA,1419,923
GTGCACC,1642,999
GTGCACG,1332,831
GTGCACT,1185,687
GTGCAGA,953,585
GTGCAGC,1264,920
GTGCAGG,1098,736
GTGCAGT,1016,581
GTGCATA,1007,704
GTGCATC,1305,839
GTGCATG,936,575
GTGCATT,904,591
GTGCCAA,1110,744
GTGCCAC,1604,1013
GTGCCAG,1259,716
GTGCCAT,1006,802
GTGCCCA,1291,860
GTGCCCC,1553,984
GTGCCCG,1264,867
GTGCCCT,1036,727
GTGCCGA,1077,618
GTGCCGC,1471,907
GTGCCGG,1140,712
GTGCCGT,1024,666
GTGCCTA,939,650
GTGCCTC,1203,769
GTGCCTG,950,655
GTGCCTT,938,554
GTGCGAA,1038,701
GTGCGAC,1335,850
GTGCGAG,1009,627
GTGCGAT,1032,676
GTGCGCA,1423,947
GTGCGCC,1507,956
GTGCGCG,1380,749
GTGCGCT,1151,787
GTGCGGA,1110,718
GTGCGGC,1506,912
GTGCGGG,1169,748
GTGCGGT,1046,720
GTGCGTA,1094,678
GTGCGTC,1343,803
GTGCGTG,920,647
GTGCGTT,998,626
GTGCTAA,964,587
GTGCTAC,1092,742
GTGCTAG,836,557
GTGCTAT,873,498
GTGCTCA,1096,764
GTGCTCC,1230,747
GTGCTCG,1181,797
GTGCTCT,925,581
GTGCTGA,790,486
GTGCTGC,1020,679
GTGCTGG,829,570
GTGCTGT,736,485
GTGCTTA,817,532
GTGCTTC,1058,633
GTGCTTG,755,483
GTGCTTT,737,495
GTGGAAA,862,540
GTGGAAC,1083,689
GTGGAAG,760,454
GTGGAAT,848,491
GTGGACA,1008,612
GTGGACC,1226,747
GTGGACG,940,601
GTGGACT,880,541
GTGGAGA,720,413
GTGGAGC,1060,650
GTGGAGG,900,547
GTGGAGT,825,481
GTGGATA,769,470
GTGGATC,930,627
GTGGATG,671,484
GTGGATT,705,464
GTGGCAA,1194,801
GTGGCAC,1585,949
GTGGCAG,989,647
GTGGCAT,1160,695
GTGGCCA,1367,885
GTGGCCC,1506,982
GTGGCCG,1116,753
GTGGCCT,1113,719
GTGGCGA,1046,673
GTGGCGC,1329,875
GTGGCGG,1035,657
GTGGCGT,970,643
GTGGCTA,1042,641
GTGGCTC,1243,753
GTGGCTG,794,497
GTGGCTT,871,569
GTGGGAA,912,585
GTGGGAC,1244,796
GTGGGAG,707,467
GTGGGAT,851,565
GTGGGCA,1253,745
GTGGGCC,1505,907
GTGGGCG,1034,677
GTGGGCT,1064,674
GTGGGGA,956,594
GTGGGGC,1230,803
GTGGGGG,901,581
GTGGGGT,949,601
GTGGGTA,976,589
GTGGGTC,1145,705
GTGGGTG,749,483
GTGGGTT,902,500
GTGGTAA,946,596
GTGGTAC,1090,740
GTGGTAG,737,513
GTGGTAT,813,534
GTGGTCA,1084,770
GTGGTCC,1297,765
GTGGTCG,953,619
GTGGTCT,977,559
GTGGTGA,765,492
GTGGTGC,1097,641
GTGGTGG,831,478
GTGGTGT,803,484
GTGGTTA,812,522
GTGGTTC,1032,661
GTGGTTG,670,447
GTGGTTT,743,437
GTGTAAA,922,563
GTGTAAC,1169,738
GTGTAAG,930,543
GTGTAAT,816,563
GTGTACA,1109,715
GTGTACC,1254,811
GTGTACG,1128,735
GTGTACT,962,586
GTGTAGA,752,505
GTGTAGC,1049,651
GTGTAGG,900,620
GTGTAGT,759,482
GTGTATA,854,555
GTGTATC,1075,664
GTGTATG,737,524
GTGTATT,772,479
GTGTCAA,1089,711
GTGTCAC,1487,907
GTGTCAG,1044,692
GTGTCAT,1071,680
GTGTCCA,1234,797
GTGTCCC,1294,860
GTGTCCG,1259,746
GTGTCCT,978,611
GTGTCGA,956,607
GTGTCGC,1244,797
GTGTCGG,1059,646
GTGTCGT,935,607
GTGTCTA,979,576
GTGTCTC,1081,665
GTGTCTG,805,578
GTGTCTT,821,511
GTGTGAA,885,537
GTGTGAC,1081,720
GTGTGAG,812,497
GTGTGAT,743,527
GTGTGCA,1210,778
GTGTGCC,1300,804
GTGTGCG,1101,713
GTGTGCT,1005,631
GTGTGGA,886,519
GTGTGGC,1162,684
GTGTGGG,1017,623
GTGTGGT,849,543
GTGTGTA,877,545
GTGTGTC,1000,696
GTGTGTG,829,562
GTGTGTT,758,492
GTGTTAA,812,574
GTGTTAC,1129,689
GTGTTAG,810,568
GTGTTAT,863,508
GTGTTCA,1007,694
GTGTTCC,1052,745
GTGTTCG,950,631
GTGTTCT,828,575
GTGTTGA,764,431
GTGTTGC,1000,642
GTGTTGG,770,503
GTGTTGT,680,456
GTGTTTA,786,506
GTGTTTC,938,576
GTGTTTG,778,467
GTGTTTT,737,451
GTTAAAA,709,462
GTTAAAC,1072,682
GTTAAAG,817,534
GTTAAAT,826,488
GTTAACA,898,576
GTTAACC,1068,673
GTTAACG,941,614
GTTAACT,833,523
GTTAAGA,729,435
GTTAAGC,1143,704
GTTAAGG,946,613
GTTAAGT,808,534
GTTAATA,694,479
GTTAATC,927,608
GTTAATG,690,475
GTTAATT,707,417
GTTACAA,1034,598
GTTACAC,1274,817
GTTACAG,955,621
GTTACAT,972,583
GTTACCA,1090,681
GTTACCC,1319,821
GTTACCG,1127,683
GTTACCT,909,538
GTTACGA,1003,649
GTTACGC,1298,807
GTTACGG,1065,710
GTTACGT,1036,635
GTTACTA,766,489
GTTACTC,998,624
GTTACTG,714,515
GTTACTT,819,453
GTTAGAA,677,481
GTTAGAC,937,605
GTTAGAG,719,481
GTTAGAT,757,476
GTTAGCA,950,628
GTTAGCC,1154,721
GTTAGCG,969,605
GTTAGCT,877,567
GTTAGGA,860,497
GTTAGGC,1080,712
GTTAGGG,929,598
GTTAGGT,884,562
GTTAGTA,784,464
GTTAGTC,948,567
GTTAGTG,754,453
GTTAGTT,719,407
GTTATAA,726,441
GTTATAC,935,634
GTTATAG,711,465
GTTATAT,716,458
GTTATCA,847,584
GTTATCC,989,633
GTTATCG,961,582
GTTATCT,757,438
GTTATGA,746,458
GTTATGC,1077,594
GTTATGG,859,562
GTTATGT,737,463
GTTATTA,740,464
GTTATTC,871,558
GTTATTG,594,399
GTTATTT,676,377
GTTCAAA,975,629
GTTCAAC,1403,824
GTTCAAG,1003,612
GTTCAAT,1008,599
GTTCACA,1184,764
GTTCACC,1372,855
GTTCACG,1221,747
GTTCACT,1002,634
GTTCAGA,942,521
GTTCAGC,1297,751
GTTCAGG,1066,666
GTTCAGT,1049,613
GTTCATA,905,637
GTTCATC,1185,725
GTTCATG,827,525
GTTCATT,853,567
GTTCCAA,1037,685
GTTCCAC,1411,876
GTTCCAG,1098,634
GTTCCAT,1030,580
GTTCCCA,1087,689
GTTCCCC,1255,844
GTTCCCG,1112,703
GTTCCCT,924,528
GTTCCGA,1095,613
GTTCCGC,1436,865
GTTCCGG,1046,732
GTTCCGT,954,639
GTTCCTA,795,483
GTTCCTC,1069,653
GTTCCTG,803,533
GTTCCTT,773,478
GTTCGAA,981,662
GTTCGAC,1189,777
GTTCGAG,1043,622
GTTCGAT,847,557
GTTCGCA,1192,788
GTTCGCC,1358,889
GTTCGCG,1114,777
GTTCGCT,1039,655
GTTCGGA,1000,569
GTTCGGC,1413,844
GTTCGGG,1094,665
GTTCGGT,1000,635
GTTCGTA,982,628
GTTCGTC,1100,744
GTTCGTG,875,506
GTTCGTT,897,537
GTTCTAA,823,489
GTTCTAC,969,645
GTTCTAG,760,491
GTTCTAT,736,445
GTTCTCA,971,615
GTTCTCC,1061,592
GTTCTCG,953,615
GTTCTCT,795,482
GTTCTGA,739,519
GTTCTGC,998,660
GTTCTGG,849,509
GTTCTGT,779,467
GTTCTTA,690,473
GTTCTTC,853,541
GTTCTTG,669,425
GTTCTTT,676,440
GTTGAAA,696,454
GTTGAAC,919,519
GTTGAAG,737,447
GTTGAAT,729,470
GTTGACA,886,544
GTTGACC,1012,642
GTTGACG,813,580
GTTGACT,698,470
GTTGAGA,686,422
GTTGAGC,948,596
GTTGAGG,818,525
GTTGAGT,723,445
GTTGATA,646,410
GTTGATC,828,514
GTTGATG,657,391
GTTGATT,638,392
GTTGCAA,1067,626
GTTGCAC,1374,836
GTTGCAG,896,591
GTTGCAT,933,633
GTTGCCA,1098,676
GTTGCCC,1351,797
GTTGCCG,972,614
GTTGCCT,914,565
GTTGCGA,1034,641
GTTGCGC,1241,881
GTTGCGG,1009,575
GTTGCGT,986,605
GTTGCTA,820,499
GTTGCTC,1000,627
GTTGCTG,711,439
GTTGCTT,741,509
GTTGGAA,815,566
GTTGGAC,1026,630
GTTGGAG,689,471
GTTGGAT,761,536
GTTGGCA,1099,707
GTTGGCC,1293,700
GTTGGCG,966,575
GTTGGCT,929,569
GTTGGGA,891,507
GTTGGGC,1230,753
GTTGGGG,877,546
GTTGGGT,878,586
GTTGGTA,887,552
GTTGGTC,1014,674
GTTGGTG,679,454
GTTGGTT,733,458
GTTGTAA,774,489
GTTGTAC,999,612
GTTGTAG,702,458
GTTGTAT,774,461
GTTGTCA,953,574
GTTGTCC,1001,625
GTTGTCG,775,544
GTTGTCT,778,471
GTTGTGA,766,430
GTTGTGC,925,626
GTTGTGG,763,464
GTTGTGT,752,488
GTTGTTA,685,466
GTTGTTC,885,590
GTTGTTG,586,412
GTTGTTT,619,406
GTTTAAA,826,504
GTTTAAC,1104,715
GTTTAAG,854,505
GTTTAAT,763,512
GTTTACA,1023,644
GTTTACC,1199,753
GTTTACG,1030,685
GTTTACT,812,500
GTTTAGA,800,489
GTTTAGC,1116,680
GTTTAGG,906,612
GTTTAGT,851,504
GTTTATA,753,497
GTTTATC,934,588
GTTTATG,810,495
GTTTATT,684,455
GTTTCAA,1013,629
GTTTCAC,1240,749
GTTTCAG,974,641
GTTTCAT,912,576
GTTTCCA,1038,657
GTTTCCC,1118,717
GTTTCCG,1080,660
GTTTCCT,836,592
GTTTCGA,961,643
GTTTCGC,1266,780
GTTTCGG,1040,639
GTTTCGT,913,590
GTTTCTA,812,478
GTTTCTC,993,584
GTTTCTG,767,457
GTTTCTT,698,464
GTTTGAA,721,461
GTTTGAC,982,604
GTTTGAG,786,506
GTTTGAT,690,477
GTTTGCA,1002,658
GTTTGCC,1152,696
GTTTGCG,1084,663
GTTTGCT,850,567
GTTTGGA,860,512
GTTTGGC,1062,700
GTTTGGG,944,619
GTTTGGT,827,533
GTTTGTA,829,532
GTTTGTC,984,611
GTTTGTG,806,467
GTTTGTT,774,447
GTTTTAA,764,464
GTTTTAC,949,602
GTTTTAG,765,510
GTTTTAT,734,480
GTTTTCA,956,578
GTTTTCC,1015,616
GTTTTCG,902,582
GTTTTCT,716,453
GTTTTGA,748,473
GTTTTGC,934,574
GTTTTGG,810,494
GTTTTGT,806,474
GTTTTTA,771,438
GTTTTTC,838,566
GTTTTTG,673,423
GTTTTTT,599,419
TAAAAAA,466,274
TAAAAAC,820,454
TAAAAAG,673,396
TAAAAAT,580,385
TAAAACA,770,465
TAAAACC,887,561
TAAAACG,852,486
TAAAACT,651,436
TAAAAGA,535,378
TAAAAGC,920,588
TAAAAGG,778,446
TAAAAGT,684,415
TAAAATA,576,370
TAAAATC,737,491
TAAAATG,578,374
TAAAATT,550,393
TAAACAA,682,426
TAAACAC,1023,609
TAAACAG,681,486
TAAACAT,743,469
TAAACCA,777,483
TAAACCC,1022,587
TAAACCG,915,528
TAAACCT,713,495
TAAACGA,711,471
TAAACGC,1116,684
TAAACGG,876,565
TAAACGT,827,535
TAAACTA,596,365
TAAACTC,722,510
TAAACTG,586,395
TAAACTT,616,373
TAAAGAA,511,343
TAAAGAC,867,483
TAAAGAG,590,346
TAAAGAT,638,357
TAAAGCA,882,555
TAAAGCC,942,651
TAAAGCG,876,563
TAAAGCT,759,458
TAAAGGA,701,452
TAAAGGC,1004,656
TAAAGGG,839,493
TAAAGGT,780,490
TAAAGTA,670,386
TAAAGTC,796,528
TAAAGTG,590,380
TAAAGTT,632,400
TAAATAA,526,345
TAAATAC,779,500
TAAATAG,538,351
TAAATAT,587,339
TAAATCA,768,450
TAAATCC,771,495
TAAATCG,841,563
TAAATCT,620,372
TAAATGA,588,411
TAAATGC,828,506
TAAATGG,645,420
TAAATGT,605,390
TAAATTA,617,368
TAAATTC,718,456
TAAATTG,533,375
TAAATTT,494,287
TAACAAA,718,463
TAACAAC,981,637
TAACAAG,718,546
TAACAAT,657,449
TAACACA,972,620
TAACACC,1108,717
TAACACG,963,557
TAACACT,887,516
TAACAGA,728,439
TAACAGC,978,681
TAACAGG,864,493
TAACAGT,817,525
TAACATA,745,421
TAACATC,874,622
TAACATG,684,481
TAACATT,716,421
TAACCAA,848,495
TAACCAC,1098,755
TAACCAG,849,591
TAACCAT,757,538
TAACCCA,1021,593
TAACCCC,1115,648
TAACCCG,931,599
TAACCCT,794,507
TAACCGA,813,466
TAACCGC,1219,736
TAACCGG,956,546
TAACCGT,847,555
TAACCTA,664,502
TAACCTC,892,549
TAACCTG,710,433
TAACCTT,659,451
TAACGAA,730,539
TAACGAC,935,554
TAACGAG,803,543
TAACGAT,715,469
TAACGCA,974,673
TAACGCC,1158,803
TAACGCG,1010,640
TAACGCT,866,584
TAACGGA,886,514
TAACGGC,1156,775
TAACGGG,939,622
TAACGGT,911,566
TAACGTA,791,535
TAACGTC,947,662
TAACGTG,696,435
TAACGTT,722,477
TAACTAA,618,384
TAACTAC,755,463
TAACTAG,605,378
TAACTAT,572,390
TAACTCA,729,518
TAACTCC,919,554
TAACTCG,851,498
TAACTCT,727,419
TAACTGA,595,411
TAACTGC,853,508
TAACTGG,689,453
TAACTGT,594,390
TAACTTA,609,389
TAACTTC,823,447
TAACTTG,588,403
TAACTTT,601,397
TAAGAAA,572,318
TAAGAAC,804,459
TAAGAAG,622,414
TAAGAAT,625,393
TAAGACA,793,500
TAAGACC,951,565
TAAGACG,727,441
TAAGACT,656,434
TAAGAGA,581,352
TAAGAGC,742,491
TAAGAGG,667,450
TAAGAGT,621,418
TAAGATA,584,349
TAAGATC,777,479
TAAGATG,546,359
TAAGATT,584,346
TAAGCAA,836,564
TAAGCAC,1111,725
TAAGCAG,780,491
TAAGCAT,878,511
TAAGCCA,1031,604
TAAGCCC,1114,750
TAAGCCG,873,550
TAAGCCT,884,543
TAAGCGA,816,585
TAAGCGC,1128,730
TAAGCGG,915,605
TAAGCGT,897,587
TAAGCTA,716,463
TAAGCTC,946,619
TAAGCTG,645,454
TAAGCTT,687,498
TAAGGAA,716,413
TAAGGAC,915,618
TAAGGAG,695,418
TAAGGAT,707,437
TAAGGCA,1014,649
TAAGGCC,1203,811
TAAGGCG,903,543
TAAGGCT,899,529
TAAGGGA,828,509
TAAGGGC,1130,733
TAAGGGG,856,499
TAAGGGT,838,496
TAAGGTA,752,426
TAAGGTC,917,573
TAAGGTG,649,410
TAAGGTT,749,475
TAAGTAA,731,388
TAAGTAC,804,552
TAAGTAG,632,414
TAAGTAT,651,424
TAAGTCA,891,534
TAAGTCC,962,570
TAAGTCG,717,484
TAAGTCT,737,417
TAAGTGA,604,392
TAAGTGC,916,563
TAAGTGG,702,401
TAAGTGT,721,423
TAAGTTA,639,395
TAAGTTC,818,544
TAAGTTG,535,332
TAAGTTT,664,412
TAATAAA,586,348
TAATAAC,798,486
TAATAAG,657,432
TAATAAT,583,378
TAATACA,778,500
TAATACC,914,627
TAATACG,824,505
TAATACT,672,420
TAATAGA,571,364
TAATAGC,814,530
TAATAGG,728,451
TAATAGT,623,375
TAATATA,546,352
TAATATC,787,462
TAATATG,642,371
TAATATT,554,363
TAATCAA,750,487
TAATCAC,1033,675
TAATCAG,759,498
TAATCAT,767,500
TAATCCA,855,579
TAATCCC,982,666
TAATCCG,913,561
TAATCCT,703,444
TAATCGA,771,492
TAATCGC,1089,716
TAATCGG,859,572
TAATCGT,807,533
TAATCTA,610,444
TAATCTC,755,557
TAATCTG,623,408
TAATCTT,623,395
TAATGAA,717,397
TAATGAC,835,514
TAATGAG,631,388
TAATGAT,619,361
TAATGCA,903,603
TAATGCC,1017,656
TAATGCG,952,565
TAATGCT,700,475
TAATGGA,655,434
TAATGGC,927,600
TAATGGG,715,499
TAATGGT,743,488
TAATGTA,677,392
TAATGTC,794,535
TAATGTG,604,399
TAATGTT,607,391
TAATTAA,605,383
TAATTAC,764,492
TAATTAG,628,390
TAATTAT,563,341
TAATTCA,749,524
TAATTCC,809,554
TAATTCG,773,490
TAATTCT,630,393
TAATTGA,579,394
TAATTGC,722,493
TAATTGG,645,418
TAATTGT,571,428
TAATTTA,593,367
TAATTTC,650,488
TAATTTG,590,352
TAATTTT,555,322
TACAAAA,640,417
TACAAAC,932,589
TACAAAG,691,485
TACAAAT,695,420
TACAACA,924,589
TACAACC,1114,672
TACAACG,887,552
TACAACT,804,499
TACAAGA,722,418
TACAAGC,985,642
TACAAGG,870,561
TACAAGT,722,465
TACAATA,714,423
TACAATC,896,531
TACAATG,647,420
TACAATT,634,426
TACACAA,942,615
TACACAC,1221,773
TACACAG,876,543
TACACAT,898,549
TACACCA,1110,679
TACACCC,1164,769
TACACCG,1024,632
TACACCT,880,550
TACACGA,840,602
TACACGC,1215,801
TACACGG,997,650
TACACGT,901,571
TACACTA,729,555
TACACTC,1003,678
TACACTG,772,485
TACACTT,771,469
TACAGAA,700,375
TACAGAC,932,591
TACAGAG,616,428
TACAGAT,627,432
TACAGCA,942,639
TACAGCC,1038,678
TACAGCG,844,609
TACAGCT,776,551
TACAGGA,841,502
TACAGGC,1085,677
TACAGGG,906,616
TACAGGT,816,532
TACAGTA,644,481
TACAGTC,919,572
TACAGTG,599,463
TACAGTT,644,400
TACATAA,691,396
TACATAC,852,615
TACATAG,672,389
TACATAT,692,464
TACATCA,923,542
TACATCC,1006,633
TACATCG,882,591
TACATCT,792,473
TACATGA,720,434
TACATGC,966,612
TACATGG,816,479
TACATGT,745,495
TACATTA,711,458
TACATTC,857,582
TACATTG,642,385
TACATTT,671,379
TACCAAA,783,477
TACCAAC,1048,614
TACCAAG,797,474
TACCAAT,673,471
TACCACA,1051,609
TACCACC,1100,712
TACCACG,997,626
TACCACT,822,549
TACCAGA,784,453
TACCAGC,1032,688
TACCAGG,903,549
TACCAGT,745,511
TACCATA,708,496
TACCATC,945,613
TACCATG,761,499
TACCATT,651,480
TACCCAA,887,555
TACCCAC,1189,779
TACCCAG,852,548
TACCCAT,856,516
TACCCCA,997,623
TACCCCC,1048,670
TACCCCG,973,608
TACCCCT,809,556
TACCCGA,955,574
TACCCGC,1237,758
TACCCGG,995,650
TACCCGT,854,601
TACCCTA,729,446
TACCCTC,892,576
TACCCTG,744,485
TACCCTT,696,460
TACCGAA,806,492
TACCGAC,969,652
TACCGAG,842,503
TACCGAT,734,480
TACCGCA,1160,714
TACCGCC,1217,808
TACCGCG,997,663
TACCGCT,844,629
TACCGGA,854,570
TACCGGC,1194,796
TACCGGG,1024,584
TACCGGT,926,578
TACCGTA,833,535
TACCGTC,1013,660
TACCGTG,793,532
TACCGTT,753,480
TACCTAA,706,447
TACCTAC,756,537
TACCTAG,695,407
TACCTAT,581,389
TACCTCA,850,524
TACCTCC,938,597
TACCTCG,865,625
TACCTCT,640,471
TACCTGA,679,399
TACCTGC,855,577
TACCTGG,718,513
TACCTGT,627,437
TACCTTA,636,407
TACCTTC,804,503
TACCTTG,571,411
TACCTTT,635,405
TACGAAA,790,487
TACGAAC,958,584
TACGAAG,757,441
TACGAAT,713,461
TACGACA,885,640
TACGACC,1104,738
TACGACG,843,547
TACGACT,786,496
TACGAGA,776,483
TACGAGC,928,630
TACGAGG,900,507
TACGAGT,728,470
TACGATA,779,434
TACGATC,871,636
TACGATG,653,439
TACGATT,682,430
TACGCAA,1076,725
TACGCAC,1401,854
TACGCAG,965,619
TACGCAT,1049,626
TACGCCA,1277,859
TACGCCC,1355,927
TACGCCG,1044,669
TACGCCT,983,654
TACGCGA,942,621
TACGCGC,1326,883
TACGCGG,968,705
TACGCGT,1066,604
TACGCTA,871,599
TACGCTC,1061,766
TACGCTG,781,519
TACGCTT,866,480
TACGGAA,841,591
TACGGAC,1164,670
TACGGAG,716,466
TACGGAT,825,487
TACGGCA,1157,738
TACGGCC,1293,884
TACGGCG,984,586
TACGGCT,912,591
TACGGGA,884,571
TACGGGC,1242,829
TACGGGG,1025,619
TACGGGT,939,583
TACGGTA,974,558
TACGGTC,1108,745
TACGGTG,715,532
TACGGTT,770,516
TACGTAA,840,548
TACGTAC,979,665
TACGTAG,704,460
TACGTAT,746,472
TACGTCA,1054,659
TACGTCC,1153,671
TACGTCG,821,542
TACGTCT,850,519
TACGTGA,742,499
TACGTGC,1083,695
TACGTGG,795,545
TACGTGT,778,483
TACGTTA,790,491
TACGTTC,937,615
TACGTTG,657,431
TACGTTT,709,436
TACTAAA,664,421
TACTAAC,849,539
TACTAAG,704,457
TACTAAT,636,388
TACTACA,777,452
TACTACC,857,556
TACTACG,848,506
TACTACT,634,439
TACTAGA,647,434
TACTAGC,916,547
TACTAGG,813,520
TACTAGT,615,410
TACTATA,586,405
TACTATC,818,492
TACTATG,599,387
TACTATT,640,330
TACTCAA,850,546
TACTCAC,1115,656
TACTCAG,863,556
TACTCAT,769,468
TACTCCA,991,570
TACTCCC,1019,633
TACTCCG,926,622
TACTCCT,709,479
TACTCGA,839,530
TACTCGC,1077,712
TACTCGG,861,597
TACTCGT,736,531
TACTCTA,717,488
TACTCTC,875,559
TACTCTG,650,439
TACTCTT,598,397
TACTGAA,636,405
TACTGAC,893,530
TACTGAG,644,408
TACTGAT,614,396
TACTGCA,885,604
TACTGCC,1029,643
TACTGCG,907,583
TACTGCT,665,490
TACTGGA,724,474
TACTGGC,983,633
TACTGGG,849,457
TACTGGT,728,512
TACTGTA,698,492
TACTGTC,757,570
TACTGTG,616,397
TACTGTT,671,426
TACTTAA,678,371
TACTTAC,839,492
TACTTAG,702,399
TACTTAT,579,390
TACTTCA,817,524
TACTTCC,882,565
TACTTCG,794,532
TACTTCT,692,452
TACTTGA,648,406
TACTTGC,829,554
TACTTGG,700,432
TACTTGT,605,438
TACTTTA,639,380
TACTTTC,759,489
TACTTTG,619,392
TACTTTT,581,371
TAGAAAA,515,348
TAGAAAC,880,544
TAGAAAG,692,425
TAGAAAT,641,385
TAGAACA,815,497
TAGAACC,980,591
TAGAACG,815,507
TAGAACT,751,489
TAGAAGA,609,342
TAGAAGC,868,543
TAGAAGG,753,412
TAGAAGT,675,386
TAGAATA,631,365
TAGAATC,824,487
TAGAATG,644,439
TAGAATT,556,357
TAGACAA,823,456
TAGACAC,1000,657
TAGACAG,772,490
TAGACAT,835,531
TAGACCA,916,589
TAGACCC,1059,662
TAGACCG,905,574
TAGACCT,907,482
TAGACGA,708,445
TAGACGC,1020,644
TAGACGG,815,505
TAGACGT,769,525
TAGACTA,683,436
TAGACTC,937,554
TAGACTG,643,392
TAGACTT,640,487
TAGAGAA,555,376
TAGAGAC,794,548
TAGAGAG,562,381
TAGAGAT,612,339
TAGAGCA,798,460
TAGAGCC,944,610
TAGAGCG,845,512
TAGAGCT,711,463
TAGAGGA,709,423
TAGAGGC,1019,561
TAGAGGG,796,433
TAGAGGT,779,445
TAGAGTA,687,436
TAGAGTC,765,535
TAGAGTG,597,386
TAGAGTT,596,372
TAGATAA,653,395
TAGATAC,749,456
TAGATAG,591,394
TAGATAT,618,409
TAGATCA,759,506
TAGATCC,917,577
TAGATCG,809,563
TAGATCT,654,434
TAGATGA,575,379
TAGATGC,831,509
TAGATGG,677,423
TAGATGT,664,395
TAGATTA,584,372
TAGATTC,662,456
TAGATTG,576,372
TAGATTT,568,392
TAGCAAA,870,591
TAGCAAC,1164,784
TAGCAAG,891,569
TAGCAAT,924,570
TAGCACA,1135,730
TAGCACC,1330,896
TAGCACG,1028,710
TAGCACT,899,592
TAGCAGA,788,506
TAGCAGC,1079,736
TAGCAGG,938,547
TAGCAGT,839,532
TAGCATA,881,565
TAGCATC,1038,719
TAGCATG,819,508
TAGCATT,766,506
TAGCCAA,1009,677
TAGCCAC,1363,862
TAGCCAG,1004,618
TAGCCAT,1008,625
TAGCCCA,1142,775
TAGCCCC,1304,812
TAGCCCG,1129,725
TAGCCCT,938,565
TAGCCGA,855,564
TAGCCGC,1196,776
TAGCCGG,899,630
TAGCCGT,906,611
TAGCCTA,866,567
TAGCCTC,1035,684
TAGCCTG,878,546
TAGCCTT,826,573
TAGCGAA,871,498
TAGCGAC,1069,727
TAGCGAG,768,493
TAGCGAT,780,543
TAGCGCA,1152,756
TAGCGCC,1307,802
TAGCGCG,1141,723
TAGCGCT,1028,624
TAGCGGA,864,578
TAGCGGC,1264,773
TAGCGGG,940,667
TAGCGGT,872,601
TAGCGTA,904,623
TAGCGTC,1095,763
TAGCGTG,753,541
TAGCGTT,865,545
TAGCTAA,770,493
TAGCTAC,800,502
TAGCTAG,639,435
TAGCTAT,680,414
TAGCTCA,974,624
TAGCTCC,1065,665
TAGCTCG,1006,632
TAGCTCT,722,458
TAGCTGA,684,420
TAGCTGC,879,544
TAGCTGG,643,467
TAGCTGT,669,452
TAGCTTA,857,474
TAGCTTC,854,553
TAGCTTG,640,421
TAGCTTT,686,428
TAGGAAA,804,502
TAGGAAC,1004,594
TAGGAAG,747,402
TAGGAAT,737,428
TAGGACA,1019,617
TAGGACC,1155,752
TAGGACG,926,607
TAGGACT,836,554
TAGGAGA,641,395
TAGGAGC,974,601
TAGGAGG,752,485
TAGGAGT,798,471
TAGGATA,757,477
TAGGATC,967,578
TAGGATG,663,445
TAGGATT,668,455
TAGGCAA,1060,731
TAGGCAC,1393,944
TAGGCAG,937,639
TAGGCAT,1050,659
TAGGCCA,1371,803
TAGGCCC,1386,884
TAGGCCG,1100,667
TAGGCCT,1061,641
TAGGCGA,933,589
TAGGCGC,1312,788
TAGGCGG,954,598
TAGGCGT,918,601
TAGGCTA,917,618
TAGGCTC,1219,699
TAGGCTG,775,547
TAGGCTT,856,546
TAGGGAA,856,519
TAGGGAC,1170,717
TAGGGAG,680,439
TAGGGAT,815,523
TAGGGCA,1230,794
TAGGGCC,1359,886
TAGGGCG,1028,662
TAGGGCT,923,629
TAGGGGA,875,542
TAGGGGC,1216,794
TAGGGGG,967,583
TAGGGGT,930,583
TAGGGTA,892,537
TAGGGTC,1077,686
TAGGGTG,739,461
TAGGGTT,834,534
TAGGTAA,960,569
TAGGTAC,1059,694
TAGGTAG,760,441
TAGGTAT,752,522
TAGGTCA,1093,718
TAGGTCC,1139,740
TAGGTCG,935,555
TAGGTCT,877,592
TAGGTGA,784,453
TAGGTGC,1052,598
TAGGTGG,719,478
TAGGTGT,774,472
TAGGTTA,807,571
TAGGTTC,912,585
TAGGTTG,644,384
TAGGTTT,696,468
TAGTAAA,753,449
TAGTAAC,1011,604
TAGTAAG,791,456
TAGTAAT,728,447
TAGTACA,961,622
TAGTACC,1097,726
TAGTACG,936,644
TAGTACT,787,495
TAGTAGA,642,408
TAGTAGC,871,584
TAGTAGG,798,507
TAGTAGT,704,393
TAGTATA,667,441
TAGTATC,905,521
TAGTATG,724,422
TAGTATT,694,416
TAGTCAA,907,599
TAGTCAC,1239,812
TAGTCAG,897,527
TAGTCAT,891,586
TAGTCCA,1078,635
TAGTCCC,1193,765
TAGTCCG,1002,686
TAGTCCT,819,530
TAGTCGA,788,521
TAGTCGC,1004,634
TAGTCGG,831,523
TAGTCGT,793,542
TAGTCTA,772,507
TAGTCTC,944,598
TAGTCTG,671,516
TAGTCTT,765,467
TAGTGAA,772,415
TAGTGAC,869,616
TAGTGAG,653,407
TAGTGAT,646,448
TAGTGCA,960,613
TAGTGCC,1072,740
TAGTGCG,985,616
TAGTGCT,785,543
TAGTGGA,745,497
TAGTGGC,996,687
TAGTGGG,812,570
TAGTGGT,732,494
TAGTGTA,795,525
TAGTGTC,946,600
TAGTGTG,686,466
TAGTGTT,644,461
TAGTTAA,766,425
TAGTTAC,868,630
TAGTTAG,738,480
TAGTTAT,722,420
TAGTTCA,954,631
TAGTTCC,961,627
TAGTTCG,794,557
TAGTTCT,723,513
TAGTTGA,613,391
TAGTTGC,835,558
TAGTTGG,707,463
TAGTTGT,706,391
TAGTTTA,728,435
TAGTTTC,822,529
TAGTTTG,622,373
TAGTTTT,661,455
TATAAAA,540,389
TATAAAC,846,585
TATAAAG,653,406
TATAAAT,642,416
TATAACA,802,477
TATAACC,928,618
TATAACG,826,527
TATAACT,725,477
TATAAGA,645,408
TATAAGC,946,579
TATAAGG,750,517
TATAAGT,719,428
TATAATA,646,395
TATAATC,793,506
TATAATG,606,361
TATAATT,589,351
TATACAA,713,480
TATACAC,1051,672
TATACAG,812,509
TATACAT,770,487
TATACCA,804,553
TATACCC,1080,624
TATACCG,897,557
TATACCT,825,517
TATACGA,880,509
TATACGC,1149,719
TATACGG,909,600
TATACGT,906,569
TATACTA,745,411
TATACTC,814,544
TATACTG,658,436
TATACTT,665,413
TATAGAA,553,403
TATAGAC,833,530
TATAGAG,622,369
TATAGAT,557,373
TATAGCA,901,557
TATAGCC,963,628
TATAGCG,767,543
TATAGCT,729,458
TATAGGA,723,465
TATAGGC,1052,610
TATAGGG,840,503
TATAGGT,740,482
TATAGTA,653,392
TATAGTC,773,510
TATAGTG,645,397
TATAGTT,636,389
TATATAA,569,376
TATATAC,809,456
TATATAG,630,383
TATATAT,597,352
TATATCA,778,513
TATATCC,816,545
TATATCG,767,552
TATATCT,675,395
TATATGA,626,353
TATATGC,866,543
TATATGG,709,423
TATATGT,640,469
TATATTA,609,384
TATATTC,745,445
TATATTG,544,353
TATATTT,611,348
TATCAAA,764,519
TATCAAC,1054,657
TATCAAG,829,520
TATCAAT,835,527
TATCACA,1036,619
TATCACC,1165,683
TATCACG,1016,602
TATCACT,874,552
TATCAGA,754,491
TATCAGC,1056,667
TATCAGG,918,591
TATCAGT,771,519
TATCATA,741,495
TATCATC,1000,645
TATCATG,726,431
TATCATT,692,436
TATCCAA,826,589
TATCCAC,1108,745
TATCCAG,842,500
TATCCAT,820,528
TATCCCA,952,683
TATCCCC,1115,688
TATCCCG,993,577
TATCCCT,925,535
TATCCGA,878,525
TATCCGC,1174,756
TATCCGG,993,644
TATCCGT,901,603
TATCCTA,769,454
TATCCTC,929,599
TATCCTG,739,543
TATCCTT,682,463
TATCGAA,851,510
TATCGAC,967,639
TATCGAG,890,580
TATCGAT,799,504
TATCGCA,1027,658
TATCGCC,1184,762
TATCGCG,960,693
TATCGCT,858,572
TATCGGA,882,541
TATCGGC,1162,732
TATCGGG,1002,588
TATCGGT,989,594
TATCGTA,829,562
TATCGTC,984,645
TATCGTG,728,480
TATCGTT,736,475
TATCTAA,692,402
TATCTAC,705,410
TATCTAG,646,410
TATCTAT,603,415
TATCTCA,832,534
TATCTCC,878,588
TATCTCG,827,536
TATCTCT,655,449
TATCTGA,664,442
TATCTGC,853,549
TATCTGG,754,479
TATCTGT,676,425
TATCTTA,714,426
TATCTTC,733,492
TATCTTG,613,407
TATCTTT,568,373
TATGAAA,662,461
TATGAAC,823,487
TATGAAG,683,402
TATGAAT,653,357
TATGACA,816,513
TATGACC,976,659
TATGACG,723,545
TATGACT,711,441
TATGAGA,644,390
TATGAGC,908,559
TATGAGG,777,467
TATGAGT,678,410
TATGATA,675,396
TATGATC,817,506
TATGATG,585,353
TATGATT,637,389
TATGCAA,948,585
TATGCAC,1232,792
TATGCAG,903,533
TATGCAT,936,616
TATGCCA,1099,673
TATGCCC,1172,747
TATGCCG,877,575
TATGCCT,875,581
TATGCGA,890,586
TATGCGC,1205,789
TATGCGG,960,657
TATGCGT,946,586
TATGCTA,762,512
TATGCTC,998,700
TATGCTG,684,422
TATGCTT,753,499
TATGGAA,846,519
TATGGAC,946,609
TATGGAG,694,413
TATGGAT,745,468
TATGGCA,1038,697
TATGGCC,1181,719
TATGGCG,906,567
TATGGCT,857,554
TATGGGA,835,540
TATGGGC,1114,738
TATGGGG,833,567
TATGGGT,822,548
TATGGTA,754,520
TATGGTC,972,585
TATGGTG,634,414
TATGGTT,740,413
TATGTAA,763,463
TATGTAC,862,640
TATGTAG,637,409
TATGTAT,671,456
TATGTCA,905,610
TATGTCC,974,626
TATGTCG,789,424
TATGTCT,748,478
TATGTGA,721,425
TATGTGC,966,601
TATGTGG,733,469
TATGTGT,759,444
TATGTTA,704,489
TATGTTC,823,536
TATGTTG,602,405
TATGTTT,620,425
TATTAAA,708,369
TATTAAC,880,631
TATTAAG,688,491
TATTAAT,641,404
TATTACA,877,491
TATTACC,907,589
TATTACG,939,574
TATTACT,708,503
TATTAGA,636,393
TATTAGC,913,577
TATTAGG,761,481
TATTAGT,652,408
TATTATA,649,432
TATTATC,767,517
TATTATG,651,401
TATTATT,603,410
TATTCAA,885,560
TATTCAC,1160,752
TATTCAG,845,520
TATTCAT,816,544
TATTCCA,923,612
TATTCCC,941,637
TATTCCG,953,617
TATTCCT,728,473
TATTCGA,840,547
TATTCGC,1102,682
TATTCGG,959,583
TATTCGT,854,562
TATTCTA,792,452
TATTCTC,858,487
TATTCTG,670,444
TATTCTT,674,419
TATTGAA,650,418
TATTGAC,907,571
TATTGAG,643,431
TATTGAT,568,363
TATTGCA,853,610
TATTGCC,1015,637
TATTGCG,981,596
TATTGCT,736,497
TATTGGA,723,425
TATTGGC,977,623
TATTGGG,837,510
TATTGGT,761,488
TATTGTA,700,453
TATTGTC,833,572
TATTGTG,711,413
TATTGTT,658,374
TATTTAA,681,391
TATTTAC,796,495
TATTTAG,654,390
TATTTAT,612,387
TATTTCA,824,516
TATTTCC,905,518
TATTTCG,846,488
TATTTCT,692,401
TATTTGA,665,420
TATTTGC,893,508
TATTTGG,705,455
TATTTGT,640,416
TATTTTA,621,387
TATTTTC,765,462
TATTTTG,586,410
TATTTTT,588,366
TCAAAAA,669,424
TCAAAAC,1008,683
TCAAAAG,762,502
TCAAAAT,722,448
TCAAACA,905,636
TCAAACC,1097,678
TCAAACG,955,586
TCAAACT,932,500
TCAAAGA,708,421
TCAAAGC,1063,658
TCAAAGG,887,611
TCAAAGT,760,486
TCAAATA,750,458
TCAAATC,921,599
TCAAATG,735,412
TCAAATT,656,445
TCAACAA,897,601
TCAACAC,1309,753
TCAACAG,905,606
TCAACAT,833,559
TCAACCA,1016,661
TCAACCC,1236,780
TCAACCG,1054,657
TCAACCT,882,608
TCAACGA,940,575
TCAACGC,1349,830
TCAACGG,1123,674
TCAACGT,870,590
TCAACTA,769,490
TCAACTC,965,618
TCAACTG,706,475
TCAACTT,785,441
TCAAGAA,646,474
TCAAGAC,954,621
TCAAGAG,648,438
TCAAGAT,749,413
TCAAGCA,954,647
TCAAGCC,1068,743
TCAAGCG,897,560
TCAAGCT,828,529
TCAAGGA,879,537
TCAAGGC,1170,792
TCAAGGG,1051,597
TCAAGGT,929,540
TCAAGTA,689,513
TCAAGTC,932,615
TCAAGTG,688,428
TCAAGTT,740,458
TCAATAA,717,420
TCAATAC,926,615
TCAATAG,649,389
TCAATAT,682,436
TCAATCA,883,563
TCAATCC,1011,588
TCAATCG,914,569
TCAATCT,734,500
TCAATGA,666,384
TCAATGC,969,587
TCAATGG,754,506
TCAATGT,740,448
TCAATTA,713,398
TCAATTC,824,521
TCAATTG,620,388
TCAATTT,645,395
TCACAAA,876,554
TCACAAC,1172,739
TCACAAG,871,601
TCACAAT,830,551
TCACACA,1151,722
TCACACC,1345,813
TCACACG,1139,738
TCACACT,995,579
TCACAGA,847,559
TCACAGC,1186,783
TCACAGG,1027,655
TCACAGT,879,598
TCACATA,934,548
TCACATC,1111,687
TCACATG,836,552
TCACATT,806,473
TCACCAA,963,636
TCACCAC,1270,888
TCACCAG,947,624
TCACCAT,949,587
TCACCCA,1180,691
TCACCCC,1218,748
TCACCCG,1135,705
TCACCCT,947,635
TCACCGA,937,607
TCACCGC,1348,853
TCACCGG,1116,718
TCACCGT,1016,672
TCACCTA,848,523
TCACCTC,988,650
TCACCTG,787,533
TCACCTT,766,500
TCACGAA,939,553
TCACGAC,1082,666
TCACGAG,876,542
TCACGAT,793,548
TCACGCA,1199,810
TCACGCC,1375,927
TCACGCG,1055,718
TCACGCT,923,672
TCACGGA,1004,639
TCACGGC,1330,878
TCACGGG,1110,770
TCACGGT,1059,611
TCACGTA,878,570
TCACGTC,1050,742
TCACGTG,812,583
TCACGTT,881,559
TCACTAA,734,540
TCACTAC,892,569
TCACTAG,680,458
TCACTAT,699,446
TCACTCA,950,617
TCACTCC,1018,621
TCACTCG,1007,649
TCACTCT,833,583
TCACTGA,718,434
TCACTGC,946,595
TCACTGG,837,557
TCACTGT,736,464
TCACTTA,725,495
TCACTTC,840,545
TCACTTG,637,467
TCACTTT,689,438
TCAGAAA,767,476
TCAGAAC,907,626
TCAGAAG,640,434
TCAGAAT,746,440
TCAGACA,888,593
TCAGACC,1028,740
TCAGACG,840,528
TCAGACT,780,510
TCAGAGA,668,454
TCAGAGC,893,651
TCAGAGG,799,532
TCAGAGT,788,489
TCAGATA,702,430
TCAGATC,836,565
TCAGATG,598,401
TCAGATT,664,405
TCAGCAA,1092,672
TCAGCAC,1294,880
TCAGCAG,912,597
TCAGCAT,958,604
TCAGCCA,1175,781
TCAGCCC,1257,790
TCAGCCG,1027,615
TCAGCCT,941,662
TCAGCGA,986,632
TCAGCGC,1323,876
TCAGCGG,1013,653
TCAGCGT,1091,666
TCAGCTA,788,592
TCAGCTC,1016,702
TCAGCTG,770,449
TCAGCTT,838,529
TCAGGAA,855,512
TCAGGAC,1162,741
TCAGGAG,715,536
TCAGGAT,837,543
TCAGGCA,1220,763
TCAGGCC,1371,856
TCAGGCG,969,647
TCAGGCT,947,615
TCAGGGA,929,631
TCAGGGC,1266,853
TCAGGGG,950,610
TCAGGGT,1005,622
TCAGGTA,878,547
TCAGGTC,1031,697
TCAGGTG,720,477
TCAGGTT,797,528
TCAGTAA,778,547
TCAGTAC,923,710
TCAGTAG,670,477
TCAGTAT,725,470
TCAGTCA,1021,649
TCAGTCC,1019,662
TCAGTCG,777,546
TCAGTCT,807,553
TCAGTGA,726,463
TCAGTGC,1051,653
TCAGTGG,783,549
TCAGTGT,763,466
TCAGTTA,729,456
TCAGTTC,870,572
TCAGTTG,626,386
TCAGTTT,644,427
TCATAAA,717,449
TCATAAC,1090,612
TCATAAG,799,527
TCATAAT,709,471
TCATACA,979,601
TCATACC,1158,722
TCATACG,961,630
TCATACT,767,501
TCATAGA,736,461
TCATAGC,1030,612
TCATAGG,961,532
TCATAGT,775,481
TCATATA,748,446
TCATATC,948,568
TCATATG,733,436
TCATATT,679,427
TCATCAA,955,549
TCATCAC,1115,803
TCATCAG,952,595
TCATCAT,923,618
TCATCCA,1077,662
TCATCCC,1087,702
TCATCCG,1074,707
TCATCCT,835,501
TCATCGA,927,594
TCATCGC,1263,774
TCATCGG,1054,626
TCATCGT,852,612
TCATCTA,816,452
TCATCTC,879,608
TCATCTG,777,514
TCATCTT,684,449
TCATGAA,736,463
TCATGAC,867,645
TCATGAG,685,475
TCATGAT,679,445
TCATGCA,1033,691
TCATGCC,1104,736
TCATGCG,1052,614
TCATGCT,798,557
TCATGGA,812,572
TCATGGC,1043,734
TCATGGG,889,596
TCATGGT,838,523
TCATGTA,748,476
TCATGTC,894,572
TCATGTG,748,466
TCATGTT,772,487
TCATTAA,750,435
TCATTAC,887,538
TCATTAG,710,450
TCATTAT,660,414
TCATTCA,924,571
TCATTCC,961,601
TCATTCG,904,559
TCATTCT,741,489
TCATTGA,631,448
TCATTGC,924,567
TCATTGG,799,514
TCATTGT,677,451
TCATTTA,653,484
TCATTTC,839,524
TCATTTG,643,453
TCATTTT,724,388
TCCAAAA,709,473
TCCAAAC,1012,657
TCCAAAG,783,514
TCCAAAT,736,453
TCCAACA,979,593
TCCAACC,1099,707
TCCAACG,952,659
TCCAACT,837,565
TCCAAGA,762,469
TCCAAGC,985,670
TCCAAGG,952,552
TCCAAGT,801,534
TCCAATA,775,509
TCCAATC,850,589
TCCAATG,655,486
TCCAATT,700,396
TCCACAA,926,604
TCCACAC,1268,803
TCCACAG,864,631
TCCACAT,980,607
TCCACCA,1057,672
TCCACCC,1198,809
TCCACCG,1029,668
TCCACCT,919,565
TCCACGA,953,622
TCCACGC,1375,842
TCCACGG,1065,698
TCCACGT,919,599
TCCACTA,798,528
TCCACTC,976,651
TCCACTG,764,501
TCCACTT,715,458
TCCAGAA,776,481
TCCAGAC,931,632
TCCAGAG,788,456
TCCAGAT,668,459
TCCAGCA,982,669
TCCAGCC,1152,756
TCCAGCG,922,627
TCCAGCT,869,553
TCCAGGA,847,586
TCCAGGC,1168,860
TCCAGGG,964,611
TCCAGGT,887,595
TCCAGTA,796,468
TCCAGTC,904,656
TCCAGTG,657,507
TCCAGTT,694,454
TCCATAA,753,482
TCCATAC,946,565
TCCATAG,733,461
TCCATAT,714,437
TCCATCA,927,580
TCCATCC,977,661
TCCATCG,939,609
TCCATCT,751,474
TCCATGA,738,487
TCCATGC,994,617
TCCATGG,814,547
TCCATGT,797,473
TCCATTA,692,439
TCCATTC,887,583
TCCATTG,617,401
TCCATTT,666,438
TCCCAAA,757,492
TCCCAAC,1060,736
TCCCAAG,836,507
TCCCAAT,699,514
TCCCACA,1008,645
TCCCACC,1249,734
TCCCACG,1015,624
TCCCACT,855,523
TCCCAGA,782,498
TCCCAGC,985,695
TCCCAGG,927,593
TCCCAGT,739,489
TCCCATA,857,506
TCCCATC,944,678
TCCCATG,772,428
TCCCATT,720,438
TCCCCAA,883,626
TCCCCAC,1131,780
TCCCCAG,882,581
TCCCCAT,842,545
TCCCCCA,1080,669
TCCCCCC,1177,767
TCCCCCG,1045,674
TCCCCCT,846,506
TCCCCGA,954,588
TCCCCGC,1211,826
TCCCCGG,1035,699
TCCCCGT,919,565
TCCCCTA,678,505
TCCCCTC,899,623
TCCCCTG,741,475
TCCCCTT,747,446
TCCCGAA,911,576
TCCCGAC,1089,658
TCCCGAG,922,552
TCCCGAT,789,542
TCCCGCA,1139,731
TCCCGCC,1238,811
TCCCGCG,1077,660
TCCCGCT,912,645
TCCCGGA,917,576
TCCCGGC,1301,829
TCCCGGG,1074,705
TCCCGGT,976,693
TCCCGTA,870,575
TCCCGTC,1041,687
TCCCGTG,745,492
TCCCGTT,780,517
TCCCTAA,692,436
TCCCTAC,839,596
TCCCTAG,647,399
TCCCTAT,627,400
TCCCTCA,910,555
TCCCTCC,941,640
TCCCTCG,955,628
TCCCTCT,713,453
TCCCTGA,701,437
TCCCTGC,918,596
TCCCTGG,765,502
TCCCTGT,720,462
TCCCTTA,691,439
TCCCTTC,833,506
TCCCTTG,649,416
TCCCTTT,582,355
TCCGAAA,884,482
TCCGAAC,1022,617
TCCGAAG,808,495
TCCGAAT,770,494
TCCGACA,1030,643
TCCGACC,1157,730
TCCGACG,929,559
TCCGACT,824,510
TCCGAGA,756,502
TCCGAGC,1027,659
TCCGAGG,883,615
TCCGAGT,786,499
TCCGATA,766,473
TCCGATC,966,614
TCCGATG,700,438
TCCGATT,732,456
TCCGCAA,1135,740
TCCGCAC,1387,904
TCCGCAG,956,628
TCCGCAT,1052,685
TCCGCCA,1286,861
TCCGCCC,1389,930
TCCGCCG,1018,737
TCCGCCT,1071,652
TCCGCGA,1001,700
TCCGCGC,1382,870
TCCGCGG,1039,703
TCCGCGT,1011,685
TCCGCTA,903,565
TCCGCTC,1128,744
TCCGCTG,778,532
TCCGCTT,796,516
TCCGGAA,901,585
TCCGGAC,1165,752
TCCGGAG,776,516
TCCGGAT,829,518
TCCGGCA,1192,791
TCCGGCC,1316,970
TCCGGCG,1041,665
TCCGGCT,945,671
TCCGGGA,952,640
TCCGGGC,1306,922
TCCGGGG,1044,685
TCCGGGT,961,621
TCCGGTA,956,609
TCCGGTC,1165,694
TCCGGTG,717,542
TCCGGTT,775,519
TCCGTAA,888,572
TCCGTAC,1077,714
TCCGTAG,796,474
TCCGTAT,789,427
TCCGTCA,1083,729
TCCGTCC,1152,765
TCCGTCG,891,597
TCCGTCT,813,527
TCCGTGA,776,522
TCCGTGC,1087,680
TCCGTGG,929,527
TCCGTGT,819,498
TCCGTTA,806,563
TCCGTTC,1013,582
TCCGTTG,676,411
TCCGTTT,768,493
TCCTAAA,718,401
TCCTAAC,836,486
TCCTAAG,766,476
TCCTAAT,630,378
TCCTACA,811,538
TCCTACC,925,619
TCCTACG,833,544
TCCTACT,726,436
TCCTAGA,667,393
TCCTAGC,850,601
TCCTAGG,713,479
TCCTAGT,565,443
TCCTATA,632,383
TCCTATC,769,499
TCCTATG,636,450
TCCTATT,600,393
TCCTCAA,932,564
TCCTCAC,1200,747
TCCTCAG,845,521
TCCTCAT,816,546
TCCTCCA,942,629
TCCTCCC,1005,655
TCCTCCG,970,649
TCCTCCT,760,448
TCCTCGA,974,592
TCCTCGC,1071,730
TCCTCGG,1024,617
TCCTCGT,848,563
TCCTCTA,742,447
TCCTCTC,859,520
TCCTCTG,659,412
TCCTCTT,635,362
TCCTGAA,649,433
TCCTGAC,823,551
TCCTGAG,740,432
TCCTGAT,669,408
TCCTGCA,930,651
TCCTGCC,1009,663
TCCTGCG,923,574
TCCTGCT,723,542
TCCTGGA,797,474
TCCTGGC,1031,691
TCCTGGG,890,611
TCCTGGT,757,491
TCCTGTA,706,456
TCCTGTC,849,560
TCCTGTG,689,413
TCCTGTT,618,418
TCCTTAA,655,390
TCCTTAC,807,454
TCCTTAG,697,443
TCCTTAT,605,396
TCCTTCA,816,568
TCCTTCC,824,532
TCCTTCG,810,536
TCCTTCT,666,429
TCCTTGA,666,395
TCCTTGC,889,583
TCCTTGG,731,459
TCCTTGT,681,414
TCCTTTA,671,391
TCCTTTC,752,482
TCCTTTG,677,410
TCCTTTT,633,380
TCGAAAA,692,449
TCGAAAC,1113,701
TCGAAAG,767,494
TCGAAAT,770,452
TCGAACA,1004,599
TCGAACC,1167,720
TCGAACG,898,630
TCGAACT,835,509
TCGAAGA,692,449
TCGAAGC,969,659
TCGAAGG,872,502
TCGAAGT,800,440
TCGAATA,768,446
TCGAATC,941,621
TCGAATG,690,478
TCGAATT,707,463
TCGACAA,910,628
TCGACAC,1255,820
TCGACAG,926,560
TCGACAT,943,615
TCGACCA,1051,658
TCGACCC,1211,722
TCGACCG,966,661
TCGACCT,886,570
TCGACGA,814,518
TCGACGC,1222,779
TCGACGG,995,567
TCGACGT,811,554
TCGACTA,719,452
TCGACTC,967,643
TCGACTG,745,464
TCGACTT,705,471
TCGAGAA,683,421
TCGAGAC,923,577
TCGAGAG,686,424
TCGAGAT,727,420
TCGAGCA,918,602
TCGAGCC,1159,711
TCGAGCG,879,589
TCGAGCT,795,551
TCGAGGA,809,534
TCGAGGC,1078,713
TCGAGGG,877,618
TCGAGGT,816,494
TCGAGTA,707,437
TCGAGTC,937,575
TCGAGTG,639,434
TCGAGTT,670,461
TCGATAA,742,477
TCGATAC,913,605
TCGATAG,668,394
TCGATAT,696,452
TCGATCA,943,606
TCGATCC,1041,589
TCGATCG,854,574
TCGATCT,716,469
TCGATGA,610,408
TCGATGC,881,602
TCGATGG,766,468
TCGATGT,704,445
TCGATTA,730,417
TCGATTC,813,558
TCGATTG,609,407
TCGATTT,644,359
TCGCAAA,1037,701
TCGCAAC,1339,859
TCGCAAG,988,619
TCGCAAT,1071,657
TCGCACA,1417,872
TCGCACC,1492,1038
TCGCACG,1252,745
TCGCACT,1097,651
TCGCAGA,891,529
TCGCAGC,1271,850
TCGCAGG,1052,712
TCGCAGT,924,546
TCGCATA,1027,629
TCGCATC,1206,831
TCGCATG,913,641
TCGCATT,910,585
TCGCCAA,1090,784
TCGCCAC,1548,979
TCGCCAG,1097,741
TCGCCAT,1050,738
TCGCCCA,1258,872
TCGCCCC,1505,903
TCGCCCG,1184,798
TCGCCCT,1109,716
TCGCCGA,1000,663
TCGCCGC,1406,834
TCGCCGG,1157,699
TCGCCGT,1017,675
TCGCCTA,1000,602
TCGCCTC,1171,763
TCGCCTG,933,553
TCGCCTT,907,623
TCGCGAA,998,640
TCGCGAC,1250,790
TCGCGAG,869,613
TCGCGAT,918,575
TCGCGCA,1298,918
TCGCGCC,1392,1003
TCGCGCG,1176,777
TCGCGCT,1019,747
TCGCGGA,979,585
TCGCGGC,1416,877
TCGCGGG,1104,745
TCGCGGT,1066,657
TCGCGTA,1002,628
TCGCGTC,1141,768
TCGCGTG,883,579
TCGCGTT,937,603
TCGCTAA,887,579
TCGCTAC,1044,643
TCGCTAG,831,496
TCGCTAT,788,482
TCGCTCA,1148,696
TCGCTCC,1175,685
TCGCTCG,1166,774
TCGCTCT,860,554
TCGCTGA,756,459
TCGCTGC,991,700
TCGCTGG,824,499
TCGCTGT,697,454
TCGCTTA,823,509
TCGCTTC,954,600
TCGCTTG,792,463
TCGCTTT,675,491
TCGGAAA,843,569
TCGGAAC,1275,745
TCGGAAG,811,498
TCGGAAT,871,515
TCGGACA,1189,778
TCGGACC,1361,849
TCGGACG,1010,682
TCGGACT,999,643
TCGGAGA,763,457
TCGGAGC,1136,689
TCGGAGG,944,557
TCGGAGT,860,545
TCGGATA,864,554
TCGGATC,1112,700
TCGGATG,755,487
TCGGATT,860,502
TCGGCAA,1272,808
TCGGCAC,1585,1096
TCGGCAG,1058,690
TCGGCAT,1187,676
TCGGCCA,1442,930
TCGGCCC,1549,1054
TCGGCCG,1159,744
TCGGCCT,1152,769
TCGGCGA,1047,650
TCGGCGC,1406,914
TCGGCGG,1059,788
TCGGCGT,1058,656
TCGGCTA,1053,645
TCGGCTC,1179,832
TCGGCTG,892,519
TCGGCTT,949,591
TCGGGAA,1007,650
TCGGGAC,1287,742
TCGGGAG,753,538
TCGGGAT,910,567
TCGGGCA,1339,888
TCGGGCC,1507,953
TCGGGCG,1065,672
TCGGGCT,1108,708
TCGGGGA,1035,677
TCGGGGC,1431,926
TCGGGGG,1091,679
TCGGGGT,953,591
TCGGGTA,965,627
TCGGGTC,1168,774
TCGGGTG,829,518
TCGGGTT,908,542
TCGGTAA,943,640
TCGGTAC,1158,742
TCGGTAG,782,510
TCGGTAT,885,544
TCGGTCA,1210,770
TCGGTCC,1253,874
TCGGTCG,993,658
TCGGTCT,920,631
TCGGTGA,792,475
TCGGTGC,1059,713
TCGGTGG,793,577
TCGGTGT,838,502
TCGGTTA,926,590
TCGGTTC,1045,674
TCGGTTG,700,461
TCGGTTT,766,520
TCGTAAA,944,555
TCGTAAC,1142,740
TCGTAAG,870,547
TCGTAAT,845,516
TCGTACA,1101,676
TCGTACC,1234,776
TCGTACG,1046,654
TCGTACT,896,578
TCGTAGA,802,468
TCGTAGC,1041,660
TCGTAGG,893,528
TCGTAGT,781,500
TCGTATA,804,530
TCGTATC,975,626
TCGTATG,832,540
TCGTATT,708,463
TCGTCAA,1059,704
TCGTCAC,1437,890
TCGTCAG,1035,686
TCGTCAT,1091,614
TCGTCCA,1241,734
TCGTCCC,1289,794
TCGTCCG,1137,722
TCGTCCT,937,585
TCGTCGA,893,569
TCGTCGC,1284,791
TCGTCGG,1026,665
TCGTCGT,881,545
TCGTCTA,889,582
TCGTCTC,1083,670
TCGTCTG,877,507
TCGTCTT,784,558
TCGTGAA,760,539
TCGTGAC,1036,622
TCGTGAG,812,497
TCGTGAT,745,513
TCGTGCA,1114,780
TCGTGCC,1234,783
TCGTGCG,1019,665
TCGTGCT,976,567
TCGTGGA,888,529
TCGTGGC,1293,701
TCGTGGG,985,626
TCGTGGT,886,541
TCGTGTA,833,581
TCGTGTC,961,624
TCGTGTG,770,517
TCGTGTT,780,492
TCGTTAA,819,563
TCGTTAC,1017,688
TCGTTAG,830,493
TCGTTAT,750,461
TCGTTCA,1054,654
TCGTTCC,1004,652
TCGTTCG,971,631
TCGTTCT,844,499
TCGTTGA,774,465
TCGTTGC,1034,565
TCGTTGG,806,474
TCGTTGT,708,434
TCGTTTA,786,503
TCGTTTC,873,571
TCGTTTG,700,483
TCGTTTT,707,444
TCTAAAA,670,456
TCTAAAC,928,593
TCTAAAG,745,460
TCTAAAT,686,417
TCTAACA,903,523
TCTAACC,984,722
TCTAACG,889,584
TCTAACT,728,496
TCTAAGA,686,454
TCTAAGC,931,595
TCTAAGG,793,520
TCTAAGT,698,422
TCTAATA,679,404
TCTAATC,835,512
TCTAATG,613,409
TCTAATT,612,382
TCTACAA,773,451
TCTACAC,976,641
TCTACAG,841,487
TCTACAT,817,513
TCTACCA,863,555
TCTACCC,1017,628
TCTACCG,846,527
TCTACCT,736,431
TCTACGA,788,520
TCTACGC,1084,718
TCTACGG,899,629
TCTACGT,865,513
TCTACTA,635,378
TCTACTC,776,526
TCTACTG,642,401
TCTACTT,602,382
TCTAGAA,652,449
TCTAGAC,836,547
TCTAGAG,634,374
TCTAGAT,694,414
TCTAGCA,916,524
TCTAGCC,971,655
TCTAGCG,897,571
TCTAGCT,721,471
TCTAGGA,788,501
TCTAGGC,1072,668
TCTAGGG,865,583
TCTAGGT,786,544
TCTAGTA,650,416
TCTAGTC,850,516
TCTAGTG,650,364
TCTAGTT,643,369
TCTATAA,627,428
TCTATAC,812,513
TCTATAG,643,397
TCTATAT,623,374
TCTATCA,824,564
TCTATCC,892,562
TCTATCG,792,560
TCTATCT,654,445
TCTATGA,643,402
TCTATGC,859,583
TCTATGG,793,468
TCTATGT,669,427
TCTATTA,568,386
TCTATTC,759,482
TCTATTG,625,359
TCTATTT,623,360
TCTCAAA,798,547
TCTCAAC,1043,715
TCTCAAG,843,511
TCTCAAT,783,493
TCTCACA,1120,736
TCTCACC,1151,799
TCTCACG,1083,658
TCTCACT,920,601
TCTCAGA,837,530
TCTCAGC,1133,688
TCTCAGG,976,604
TCTCAGT,817,526
TCTCATA,766,503
TCTCATC,995,672
TCTCATG,792,530
TCTCATT,739,492
TCTCCAA,939,631
TCTCCAC,1170,770
TCTCCAG,919,553
TCTCCAT,874,587
TCTCCCA,1003,665
TCTCCCC,1095,697
TCTCCCG,925,659
TCTCCCT,785,524
TCTCCGA,943,621
TCTCCGC,1166,786
TCTCCGG,942,637
TCTCCGT,928,594
TCTCCTA,709,421
TCTCCTC,888,553
TCTCCTG,722,461
TCTCCTT,658,441
TCTCGAA,819,556
TCTCGAC,1045,686
TCTCGAG,925,600
TCTCGAT,811,526
TCTCGCA,1148,719
TCTCGCC,1273,761
TCTCGCG,1026,628
TCTCGCT,905,578
TCTCGGA,936,602
TCTCGGC,1240,769
TCTCGGG,954,602
TCTCGGT,873,602
TCTCGTA,810,502
TCTCGTC,992,626
TCTCGTG,743,465
TCTCGTT,705,457
TCTCTAA,718,419
TCTCTAC,847,561
TCTCTAG,737,455
TCTCTAT,626,430
TCTCTCA,873,572
TCTCTCC,885,585
TCTCTCG,911,613
TCTCTCT,642,424
TCTCTGA,691,418
TCTCTGC,896,561
TCTCTGG,741,458
TCTCTGT,650,457
TCTCTTA,634,383
TCTCTTC,786,465
TCTCTTG,599,402
TCTCTTT,570,345
TCTGAAA,717,483
TCTGAAC,902,556
TCTGAAG,668,441
TCTGAAT,716,414
TCTGACA,939,567
TCTGACC,1021,686
TCTGACG,813,514
TCTGACT,703,447
TCTGAGA,706,458
TCTGAGC,964,557
TCTGAGG,786,491
TCTGAGT,671,456
TCTGATA,684,466
TCTGATC,840,499
TCTGATG,623,393
TCTGATT,642,397
TCTGCAA,996,630
TCTGCAC,1286,830
TCTGCAG,890,557
TCTGCAT,950,609
TCTGCCA,1075,742
TCTGCCC,1196,806
TCTGCCG,972,611
TCTGCCT,921,531
TCTGCGA,978,666
TCTGCGC,1245,866
TCTGCGG,960,658
TCTGCGT,939,633
TCTGCTA,752,503
TCTGCTC,936,682
TCTGCTG,709,493
TCTGCTT,710,455
TCTGGAA,828,479
TCTGGAC,998,658
TCTGGAG,736,454
TCTGGAT,799,431
TCTGGCA,1139,691
TCTGGCC,1244,800
TCTGGCG,893,544
TCTGGCT,872,579
TCTGGGA,874,580
TCTGGGC,1204,707
TCTGGGG,900,572
TCTGGGT,868,539
TCTGGTA,817,498
TCTGGTC,1006,590
TCTGGTG,675,446
TCTGGTT,715,488
TCTGTAA,822,457
TCTGTAC,965,612
TCTGTAG,658,391
TCTGTAT,711,409
TCTGTCA,896,620
TCTGTCC,1008,597
TCTGTCG,789,523
TCTGTCT,725,552
TCTGTGA,712,423
TCTGTGC,907,620
TCTGTGG,777,507
TCTGTGT,739,468
TCTGTTA,704,445
TCTGTTC,848,535
TCTGTTG,630,390
TCTGTTT,589,439
TCTTAAA,717,484
TCTTAAC,936,577
TCTTAAG,730,431
TCTTAAT,691,427
TCTTACA,885,556
TCTTACC,977,627
TCTTACG,905,592
TCTTACT,754,458
TCTTAGA,713,455
TCTTAGC,884,594
TCTTAGG,808,550
TCTTAGT,693,432
TCTTATA,647,395
TCTTATC,795,520
TCTTATG,659,408
TCTTATT,619,413
TCTTCAA,842,569
TCTTCAC,1183,727
TCTTCAG,898,578
TCTTCAT,802,518
TCTTCCA,897,592
TCTTCCC,961,655
TCTTCCG,951,642
TCTTCCT,732,536
TCTTCGA,795,561
TCTTCGC,1109,712
TCTTCGG,997,624
TCTTCGT,831,531
TCTTCTA,688,449
TCTTCTC,851,534
TCTTCTG,703,461
TCTTCTT,638,412
TCTTGAA,739,437
TCTTGAC,863,572
TCTTGAG,706,434
TCTTGAT,616,420
TCTTGCA,978,584
TCTTGCC,1036,663
TCTTGCG,915,573
TCTTGCT,745,484
TCTTGGA,818,499
TCTTGGC,939,636
TCTTGGG,918,577
TCTTGGT,745,505
TCTTGTA,739,448
TCTTGTC,826,555
TCTTGTG,655,404
TCTTGTT,635,449
TCTTTAA,704,410
TCTTTAC,869,515
TCTTTAG,674,421
TCTTTAT,626,381
TCTTTCA,797,531
TCTTTCC,808,505
TCTTTCG,758,518
TCTTTCT,606,472
TCTTTGA,612,407
TCTTTGC,863,534
TCTTTGG,752,437
TCTTTGT,657,424
TCTTTTA,593,385
TCTTTTC,765,447
TCTTTTG,615,391
TCTTTTT,566,361
TGAAAAA,541,360
TGAAAAC,887,577
TGAAAAG,680,372
TGAAAAT,713,418
TGAAACA,828,549
TGAAACC,957,653
TGAAACG,881,592
TGAAACT,737,474
TGAAAGA,668,425
TGAAAGC,975,569
TGAAAGG,852,495
TGAAAGT,766,463
TGAAATA,715,444
TGAAATC,820,556
TGAAATG,719,412
TGAAATT,658,397
TGAACAA,867,502
TGAACAC,1156,724
TGAACAG,842,552
TGAACAT,891,571
TGAACCA,976,634
TGAACCC,1201,684
TGAACCG,953,584
TGAACCT,811,516
TGAACGA,814,513
TGAACGC,1221,742
TGAACGG,929,661
TGAACGT,864,544
TGAACTA,717,459
TGAACTC,858,577
TGAACTG,666,409
TGAACTT,709,388
TGAAGAA,570,321
TGAAGAC,881,517
TGAAGAG,619,359
TGAAGAT,571,371
TGAAGCA,844,561
TGAAGCC,968,677
TGAAGCG,844,562
TGAAGCT,710,447
TGAAGGA,666,469
TGAAGGC,991,621
TGAAGGG,810,528
TGAAGGT,731,468
TGAAGTA,622,360
TGAAGTC,826,476
TGAAGTG,590,382
TGAAGTT,557,418
TGAATAA,679,361
TGAATAC,820,520
TGAATAG,666,406
TGAATAT,624,397
TGAATCA,863,565
TGAATCC,883,574
TGAATCG,874,548
TGAATCT,721,432
TGAATGA,691,459
TGAATGC,933,616
TGAATGG,789,497
TGAATGT,763,453
TGAATTA,599,408
TGAATTC,716,464
TGAATTG,628,371
TGAATTT,593,371
TGACAAA,804,518
TGACAAC,1111,631
TGACAAG,734,507
TGACAAT,747,505
TGACACA,1095,645
TGACACC,1230,747
TGACACG,1025,706
TGACACT,849,588
TGACAGA,793,451
TGACAGC,1022,686
TGACAGG,900,545
TGACAGT,752,488
TGACATA,760,511
TGACATC,966,615
TGACATG,726,433
TGACATT,708,456
TGACCAA,959,632
TGACCAC,1199,745
TGACCAG,921,539
TGACCAT,872,540
TGACCCA,1092,696
TGACCCC,1155,692
TGACCCG,991,671
TGACCCT,848,517
TGACCGA,874,595
TGACCGC,1165,816
TGACCGG,968,663
TGACCGT,903,618
TGACCTA,809,545
TGACCTC,995,585
TGACCTG,738,500
TGACCTT,738,481
TGACGAA,765,468
TGACGAC,904,609
TGACGAG,762,508
TGACGAT,717,438
TGACGCA,1058,679
TGACGCC,1194,701
TGACGCG,946,629
TGACGCT,817,507
TGACGGA,781,535
TGACGGC,1125,701
TGACGGG,931,591
TGACGGT,859,567
TGACGTA,772,494
TGACGTC,925,584
TGACGTG,737,459
TGACGTT,679,445
TGACTAA,670,461
TGACTAC,882,507
TGACTAG,672,468
TGACTAT,657,421
TGACTCA,874,572
TGACTCC,965,601
TGACTCG,906,587
TGACTCT,721,521
TGACTGA,672,435
TGACTGC,888,576
TGACTGG,782,443
TGACTGT,696,359
TGACTTA,714,385
TGACTTC,859,541
TGACTTG,669,428
TGACTTT,621,391
TGAGAAA,594,393
TGAGAAC,848,502
TGAGAAG,640,392
TGAGAAT,632,391
TGAGACA,788,532
TGAGACC,1018,624
TGAGACG,742,496
TGAGACT,715,462
TGAGAGA,630,394
TGAGAGC,843,585
TGAGAGG,699,467
TGAGAGT,681,412
TGAGATA,666,361
TGAGATC,788,483
TGAGATG,573,384
TGAGATT,573,351
TGAGCAA,919,624
TGAGCAC,1193,799
TGAGCAG,883,495
TGAGCAT,891,569
TGAGCCA,1042,692
TGAGCCC,1172,823
TGAGCCG,969,613
TGAGCCT,816,589
TGAGCGA,861,586
TGAGCGC,1179,816
TGAGCGG,897,592
TGAGCGT,858,610
TGAGCTA,823,514
TGAGCTC,966,592
TGAGCTG,733,472
TGAGCTT,734,494
TGAGGAA,782,470
TGAGGAC,984,644
TGAGGAG,608,409
TGAGGAT,698,479
TGAGGCA,967,661
TGAGGCC,1189,756
TGAGGCG,894,550
TGAGGCT,870,536
TGAGGGA,802,523
TGAGGGC,1095,740
TGAGGGG,842,495
TGAGGGT,840,559
TGAGGTA,792,503
TGAGGTC,915,565
TGAGGTG,658,404
TGAGGTT,693,432
TGAGTAA,751,434
TGAGTAC,925,555
TGAGTAG,631,442
TGAGTAT,737,425
TGAGTCA,878,558
TGAGTCC,993,639
TGAGTCG,739,497
TGAGTCT,736,443
TGAGTGA,643,374
TGAGTGC,945,624
TGAGTGG,669,502
TGAGTGT,742,431
TGAGTTA,660,422
TGAGTTC,812,534
TGAGTTG,577,363
TGAGTTT,614,414
TGATAAA,609,365
TGATAAC,943,610
TGATAAG,733,436
TGATAAT,651,464
TGATACA,785,550
TGATACC,944,637
TGATACG,888,566
TGATACT,733,476
TGATAGA,663,421
TGATAGC,901,538
TGATAGG,805,478
TGATAGT,646,398
TGATATA,667,411
TGATATC,818,547
TGATATG,622,360
TGATATT,644,379
TGATCAA,823,556
TGATCAC,1150,681
TGATCAG,838,598
TGATCAT,851,571
TGATCCA,1001,599
TGATCCC,1079,675
TGATCCG,984,586
TGATCCT,776,472
TGATCGA,873,557
TGATCGC,1120,720
TGATCGG,985,608
TGATCGT,903,571
TGATCTA,747,466
TGATCTC,900,556
TGATCTG,695,452
TGATCTT,675,434
TGATGAA,595,390
TGATGAC,843,519
TGATGAG,652,394
TGATGAT,640,387
TGATGCA,968,588
TGATGCC,1011,628
TGATGCG,859,546
TGATGCT,737,506
TGATGGA,693,484
TGATGGC,920,610
TGATGGG,815,485
TGATGGT,744,469
TGATGTA,701,419
TGATGTC,724,522
TGATGTG,619,396
TGATGTT,588,364
TGATTAA,632,447
TGATTAC,821,543
TGATTAG,652,424
TGATTAT,652,389
TGATTCA,819,537
TGATTCC,842,540
TGATTCG,790,525
TGATTCT,686,461
TGATTGA,491,346
TGATTGC,719,455
TGATTGG,601,395
TGATTGT,537,357
TGATTTA,617,413
TGATTTC,760,433
TGATTTG,629,366
TGATTTT,589,386
TGCAAAA,883,575
TGCAAAC,1218,779
TGCAAAG,913,591
TGCAAAT,931,574
TGCAACA,1133,730
TGCAACC,1329,888
TGCAACG,1265,764
TGCAACT,989,579
TGCAAGA,830,520
TGCAAGC,1286,727
TGCAAGG,1037,666
TGCAAGT,887,546
TGCAATA,829,583
TGCAATC,1139,697
TGCAATG,865,528
TGCAATT,842,546
TGCACAA,1280,775
TGCACAC,1573,1060
TGCACAG,1130,698
TGCACAT,1210,708
TGCACCA,1363,827
TGCACCC,1480,957
TGCACCG,1288,770
TGCACCT,1101,689
TGCACGA,1081,664
TGCACGC,1521,943
TGCACGG,1178,755
TGCACGT,1019,704
TGCACTA,918,558
TGCACTC,1177,784
TGCACTG,861,588
TGCACTT,953,593
TGCAGAA,794,510
TGCAGAC,996,713
TGCAGAG,732,471
TGCAGAT,782,495
TGCAGCA,1200,739
TGCAGCC,1248,832
TGCAGCG,1040,708
TGCAGCT,841,580
TGCAGGA,930,569
TGCAGGC,1292,833
TGCAGGG,1008,674
TGCAGGT,955,639
TGCAGTA,895,543
TGCAGTC,981,680
TGCAGTG,697,506
TGCAGTT,752,533
TGCATAA,925,548
TGCATAC,1143,769
TGCATAG,815,517
TGCATAT,896,514
TGCATCA,1197,721
TGCATCC,1248,804
TGCATCG,1099,694
TGCATCT,943,620
TGCATGA,830,599
TGCATGC,1072,726
TGCATGG,962,585
TGCATGT,830,552
TGCATTA,884,520
TGCATTC,1057,626
TGCATTG,762,491
TGCATTT,789,464
TGCCAAA,1065,639
TGCCAAC,1315,934
TGCCAAG,1000,646
TGCCAAT,964,634
TGCCACA,1305,836
TGCCACC,1494,969
TGCCACG,1232,776
TGCCACT,1078,642
TGCCAGA,907,599
TGCCAGC,1254,904
TGCCAGG,1093,687
TGCCAGT,951,643
TGCCATA,1005,644
TGCCATC,1178,787
TGCCATG,910,589
TGCCATT,892,563
TGCCCAA,1118,770
TGCCCAC,1476,921
TGCCCAG,1184,728
TGCCCAT,1050,684
TGCCCCA,1242,747
TGCCCCC,1373,910
TGCCCCG,1330,832
TGCCCCT,1018,644
TGCCCGA,1056,741
TGCCCGC,1395,900
TGCCCGG,1266,812
TGCCCGT,1034,661
TGCCCTA,921,626
TGCCCTC,1193,712
TGCCCTG,953,624
TGCCCTT,873,529
TGCCGAA,937,550
TGCCGAC,1175,672
TGCCGAG,880,595
TGCCGAT,885,573
TGCCGCA,1243,876
TGCCGCC,1308,826
TGCCGCG,1166,780
TGCCGCT,973,660
TGCCGGA,1007,588
TGCCGGC,1311,784
TGCCGGG,1125,720
TGCCGGT,986,623
TGCCGTA,944,598
TGCCGTC,1081,742
TGCCGTG,842,514
TGCCGTT,794,498
TGCCTAA,896,554
TGCCTAC,1028,733
TGCCTAG,816,487
TGCCTAT,741,519
TGCCTCA,1087,707
TGCCTCC,1125,721
TGCCTCG,1170,760
TGCCTCT,870,525
TGCCTGA,861,563
TGCCTGC,1125,682
TGCCTGG,958,619
TGCCTGT,773,559
TGCCTTA,857,552
TGCCTTC,938,647
TGCCTTG,774,461
TGCCTTT,783,498
TGCGAAA,953,607
TGCGAAC,1235,731
TGCGAAG,877,591
TGCGAAT,855,545
TGCGACA,1218,760
TGCGACC,1332,827
TGCGACG,997,636
TGCGACT,1044,590
TGCGAGA,813,558
TGCGAGC,1118,799
TGCGAGG,898,628
TGCGAGT,939,595
TGCGATA,880,542
TGCGATC,1050,687
TGCGATG,789,507
TGCGATT,823,525
TGCGCAA,1281,852
TGCGCAC,1747,1101
TGCGCAG,1118,702
TGCGCAT,1242,758
TGCGCCA,1345,941
TGCGCCC,1598,1057
TGCGCCG,1243,763
TGCGCCT,1187,746
TGCGCGA,1153,746
TGCGCGC,1485,1037
TGCGCGG,1119,731
TGCGCGT,1121,749
TGCGCTA,1128,685
TGCGCTC,1315,816
TGCGCTG,900,608
TGCGCTT,979,614
TGCGGAA,957,625
TGCGGAC,1270,818
TGCGGAG,867,507
TGCGGAT,906,603
TGCGGCA,1348,832
TGCGGCC,1419,985
TGCGGCG,1056,686
TGCGGCT,1022,673
TGCGGGA,1028,637
TGCGGGC,1353,845
TGCGGGG,1006,715
TGCGGGT,941,681
TGCGGTA,1035,642
TGCGGTC,1152,729
TGCGGTG,829,560
TGCGGTT,851,597
TGCGTAA,1022,701
TGCGTAC,1247,869
TGCGTAG,891,495
TGCGTAT,913,619
TGCGTCA,1269,815
TGCGTCC,1316,816
TGCGTCG,1035,674
TGCGTCT,1037,629
TGCGTGA,1014,564
TGCGTGC,1192,754
TGCGTGG,950,562
TGCGTGT,901,605
TGCGTTA,999,613
TGCGTTC,1060,694
TGCGTTG,740,516
TGCGTTT,815,564
TGCTAAA,809,503
TGCTAAC,1045,674
TGCTAAG,811,515
TGCTAAT,755,494
TGCTACA,1004,593
TGCTACC,1078,776
TGCTACG,1054,717
TGCTACT,798,548
TGCTAGA,786,488
TGCTAGC,984,695
TGCTAGG,987,631
TGCTAGT,766,484
TGCTATA,807,511
TGCTATC,959,555
TGCTATG,722,466
TGCTATT,728,480
TGCTCAA,1073,655
TGCTCAC,1326,867
TGCTCAG,991,653
TGCTCAT,999,607
TGCTCCA,1229,789
TGCTCCC,1241,758
TGCTCCG,1141,752
TGCTCCT,916,569
TGCTCGA,1106,682
TGCTCGC,1290,802
TGCTCGG,1096,667
TGCTCGT,936,612
TGCTCTA,867,531
TGCTCTC,1074,692
TGCTCTG,864,502
TGCTCTT,823,475
TGCTGAA,712,485
TGCTGAC,950,571
TGCTGAG,675,451
TGCTGAT,722,464
TGCTGCA,1070,715
TGCTGCC,1118,794
TGCTGCG,1043,618
TGCTGCT,831,549
TGCTGGA,785,484
TGCTGGC,1146,696
TGCTGGG,841,524
TGCTGGT,864,540
TGCTGTA,804,523
TGCTGTC,877,566
TGCTGTG,752,464
TGCTGTT,642,447
TGCTTAA,803,555
TGCTTAC,1005,646
TGCTTAG,822,482
TGCTTAT,759,527
TGCTTCA,968,644
TGCTTCC,1060,693
TGCTTCG,987,612
TGCTTCT,802,507
TGCTTGA,763,486
TGCTTGC,1033,589
TGCTTGG,847,533
TGCTTGT,745,495
TGCTTTA,796,502
TGCTTTC,849,591
TGCTTTG,736,483
TGCTTTT,728,433
TGGAAAA,814,452
TGGAAAC,1099,693
TGGAAAG,788,471
TGGAAAT,847,548
TGGAACA,1002,657
TGGAACC,1222,786
TGGAACG,1128,679
TGGAACT,905,583
TGGAAGA,758,447
TGGAAGC,972,694
TGGAAGG,898,576
TGGAAGT,809,508
TGGAATA,839,515
TGGAATC,999,634
TGGAATG,787,489
TGGAATT,759,480
TGGACAA,1120,680
TGGACAC,1403,1003
TGGACAG,1079,657
TGGACAT,1007,683
TGGACCA,1237,813
TGGACCC,1346,830
TGGACCG,1154,703
TGGACCT,1009,585
TGGACGA,894,559
TGGACGC,1345,881
TGGACGG,1035,634
TGGACGT,988,643
TGGACTA,856,585
TGGACTC,1118,736
TGGACTG,811,532
TGGACTT,869,567
TGGAGAA,612,366
TGGAGAC,862,559
TGGAGAG,742,428
TGGAGAT,740,457
TGGAGCA,1012,635
TGGAGCC,1163,693
TGGAGCG,959,624
TGGAGCT,824,489
TGGAGGA,845,519
TGGAGGC,1142,690
TGGAGGG,933,578
TGGAGGT,866,535
TGGAGTA,802,463
TGGAGTC,898,583
TGGAGTG,696,434
TGGAGTT,719,462
TGGATAA,784,481
TGGATAC,1038,672
TGGATAG,755,479
TGGATAT,770,486
TGGATCA,1058,635
TGGATCC,1124,685
TGGATCG,1039,670
TGGATCT,872,570
TGGATGA,762,448
TGGATGC,1024,680
TGGATGG,816,538
TGGATGT,834,489
TGGATTA,832,519
TGGATTC,963,592
TGGATTG,653,379
TGGATTT,726,486
TGGCAAA,1139,733
TGGCAAC,1545,936
TGGCAAG,1075,696
TGGCAAT,1182,661
TGGCACA,1560,969
TGGCACC,1699,1145
TGGCACG,1418,850
TGGCACT,1234,792
TGGCAGA,983,643
TGGCAGC,1354,928
TGGCAGG,1157,702
TGGCAGT,1012,641
TGGCATA,1148,703
TGGCATC,1384,843
TGGCATG,1060,616
TGGCATT,1056,646
TGGCCAA,1362,837
TGGCCAC,1799,1196
TGGCCAG,1340,831
TGGCCAT,1266,785
TGGCCCA,1603,956
TGGCCCC,1699,1164
TGGCCCG,1356,916
TGGCCCT,1221,765
TGGCCGA,1222,733
TGGCCGC,1561,983
TGGCCGG,1254,780
TGGCCGT,1184,747
TGGCCTA,1170,714
TGGCCTC,1335,907
TGGCCTG,1061,644
TGGCCTT,1051,654
TGGCGAA,969,628
TGGCGAC,1250,828
TGGCGAG,926,598
TGGCGAT,986,588
TGGCGCA,1335,912
TGGCGCC,1459,948
TGGCGCG,1177,797
TGGCGCT,1124,697
TGGCGGA,1064,662
TGGCGGC,1357,895
TGGCGGG,1117,664
TGGCGGT,958,657
TGGCGTA,1063,648
TGGCGTC,1175,727
TGGCGTG,885,576
TGGCGTT,1023,534
TGGCTAA,1044,611
TGGCTAC,1102,657
TGGCTAG,856,592
TGGCTAT,901,556
TGGCTCA,1286,804
TGGCTCC,1296,906
TGGCTCG,1284,820
TGGCTCT,995,640
TGGCTGA,818,525
TGGCTGC,1097,737
TGGCTGG,883,566
TGGCTGT,846,555
TGGCTTA,937,614
TGGCTTC,1160,724
TGGCTTG,789,518
TGGCTTT,842,536
TGGGAAA,827,548
TGGGAAC,1256,781
TGGGAAG,849,600
TGGGAAT,911,592
TGGGACA,1281,801
TGGGACC,1341,896
TGGGACG,1039,686
TGGGACT,1029,622
TGGGAGA,697,441
TGGGAGC,939,675
TGGGAGG,882,547
TGGGAGT,825,528
TGGGATA,908,590
TGGGATC,1069,719
TGGGATG,728,519
TGGGATT,872,535
TGGGCAA,1387,833
TGGGCAC,1762,1150
TGGGCAG,1191,670
TGGGCAT,1317,866
TGGGCCA,1573,918
TGGGCCC,1763,1054
TGGGCCG,1303,837
TGGGCCT,1232,840
TGGGCGA,1170,689
TGGGCGC,1485,1023
TGGGCGG,1195,688
TGGGCGT,1093,745
TGGGCTA,1145,720
TGGGCTC,1469,813
TGGGCTG,962,623
TGGGCTT,1006,670
TGGGGAA,974,550
TGGGGAC,1199,764
TGGGGAG,804,518
TGGGGAT,921,557
TGGGGCA,1372,871
TGGGGCC,1555,956
TGGGGCG,1145,692
TGGGGCT,1163,706
TGGGGGA,974,686
TGGGGGC,1357,868
TGGGGGG,1028,675
TGGGGGT,1051,617
TGGGGTA,971,630
TGGGGTC,1223,767
TGGGGTG,766,502
TGGGGTT,964,555
TGGGTAA,1016,649
TGGGTAC,1309,798
TGGGTAG,860,581
TGGGTAT,950,590
TGGGTCA,1316,805
TGGGTCC,1410,871
TGGGTCG,1137,692
TGGGTCT,1009,617
TGGGTGA,823,515
TGGGTGC,1172,757
TGGGTGG,893,580
TGGGTGT,839,525
TGGGTTA,1016,600
TGGGTTC,1134,744
TGGGTTG,754,468
TGGGTTT,892,514
TGGTAAA,931,623
TGGTAAC,1296,879
TGGTAAG,962,615
TGGTAAT,902,569
TGGTACA,1207,797
TGGTACC,1388,842
TGGTACG,1225,760
TGGTACT,1002,606
TGGTAGA,860,509
TGGTAGC,1161,694
TGGTAGG,928,649
TGGTAGT,828,528
TGGTATA,923,536
TGGTATC,1154,684
TGGTATG,846,592
TGGTATT,856,516
TGGTCAA,1269,805
TGGTCAC,1597,999
TGGTCAG,1197,775
TGGTCAT,1146,697
TGGTCCA,1464,837
TGGTCCC,1461,986
TGGTCCG,1359,857
TGGTCCT,1111,704
TGGTCGA,1044,619
TGGTCGC,1301,872
TGGTCGG,1056,719
TGGTCGT,1054,603
TGGTCTA,1027,691
TGGTCTC,1266,806
TGGTCTG,948,599
TGGTCTT,886,593
TGGTGAA,813,528
TGGTGAC,1053,715
TGGTGAG,820,512
TGGTGAT,848,474
TGGTGCA,1152,798
TGGTGCC,1290,839
TGGTGCG,1131,691
TGGTGCT,1046,571
TGGTGGA,901,495
TGGTGGC,1100,732
TGGTGGG,982,605
TGGTGGT,851,495
TGGTGTA,936,597
TGGTGTC,1106,695
TGGTGTG,797,480
TGGTGTT,776,480
TGGTTAA,935,599
TGGTTAC,1222,728
TGGTTAG,935,554
TGGTTAT,874,549
TGGTTCA,1188,681
TGGTTCC,1241,803
TGGTTCG,1116,725
TGGTTCT,963,601
TGGTTGA,794,491
TGGTTGC,1107,705
TGGTTGG,905,509
TGGTTGT,798,514
TGGTTTA,871,570
TGGTTTC,1038,636
TGGTTTG,840,511
TGGTTTT,775,506
TGTAAAA,821,547
TGTAAAC,1050,661
TGTAAAG,768,564
TGTAAAT,758,501
TGTAACA,1052,651
TGTAACC,1266,789
TGTAACG,1049,659
TGTAACT,887,584
TGTAAGA,810,478
TGTAAGC,1129,704
TGTAAGG,957,631
TGTAAGT,795,575
TGTAATA,807,523
TGTAATC,981,575
TGTAATG,752,484
TGTAATT,730,477
TGTACAA,1051,653
TGTACAC,1407,814
TGTACAG,985,630
TGTACAT,1015,581
TGTACCA,1144,742
TGTACCC,1322,789
TGTACCG,1125,762
TGTACCT,922,586
TGTACGA,1003,657
TGTACGC,1400,855
TGTACGG,1070,727
TGTACGT,1069,680
TGTACTA,874,566
TGTACTC,1080,720
TGTACTG,816,534
TGTACTT,747,535
TGTAGAA,706,418
TGTAGAC,867,554
TGTAGAG,670,453
TGTAGAT,693,439
TGTAGCA,977,571
TGTAGCC,1167,710
TGTAGCG,955,616
TGTAGCT,798,529
TGTAGGA,867,502
TGTAGGC,1084,687
TGTAGGG,868,566
TGTAGGT,800,532
TGTAGTA,735,490
TGTAGTC,910,568
TGTAGTG,704,445
TGTAGTT,662,464
TGTATAA,776,501
TGTATAC,930,606
TGTATAG,724,505
TGTATAT,754,481
TGTATCA,930,621
TGTATCC,1041,713
TGTATCG,999,631
TGTATCT,841,493
TGTATGA,756,469
TGTATGC,1027,665
TGTATGG,806,542
TGTATGT,780,492
TGTATTA,781,450
TGTATTC,969,595
TGTATTG,691,431
TGTATTT,702,447
TGTCAAA,986,632
TGTCAAC,1303,808
TGTCAAG,1021,642
TGTCAAT,939,637
TGTCACA,1207,726
TGTCACC,1442,927
TGTCACG,1241,754
TGTCACT,994,610
TGTCAGA,963,581
TGTCAGC,1239,858
TGTCAGG,1147,686
TGTCAGT,972,620
TGTCATA,977,570
TGTCATC,1209,726
TGTCATG,887,597
TGTCATT,922,538
TGTCCAA,1095,672
TGTCCAC,1395,873
TGTCCAG,1033,652
TGTCCAT,1051,619
TGTCCCA,1226,756
TGTCCCC,1369,845
TGTCCCG,1175,772
TGTCCCT,1003,637
TGTCCGA,1080,686
TGTCCGC,1449,887
TGTCCGG,1182,789
TGTCCGT,1097,675
TGTCCTA,940,560
TGTCCTC,1168,709
TGTCCTG,851,559
TGTCCTT,828,540
TGTCGAA,838,571
TGTCGAC,1033,721
TGTCGAG,935,566
TGTCGAT,819,527
TGTCGCA,1065,750
TGTCGCC,1246,785
TGTCGCG,1016,720
TGTCGCT,907,638
TGTCGGA,952,592
TGTCGGC,1203,771
TGTCGGG,941,641
TGTCGGT,918,657
TGTCGTA,918,545
TGTCGTC,1113,647
TGTCGTG,815,505
TGTCGTT,742,473
TGTCTAA,900,484
TGTCTAC,892,591
TGTCTAG,776,510
TGTCTAT,704,478
TGTCTCA,1008,672
TGTCTCC,1110,689
TGTCTCG,1072,677
TGTCTCT,850,543
TGTCTGA,839,507
TGTCTGC,998,661
TGTCTGG,875,581
TGTCTGT,799,511
TGTCTTA,780,522
TGTCTTC,1012,591
TGTCTTG,774,480
TGTCTTT,766,471
TGTGAAA,872,556
TGTGAAC,1029,663
TGTGAAG,763,476
TGTGAAT,766,512
TGTGACA,1054,640
TGTGACC,1092,746
TGTGACG,966,605
TGTGACT,835,543
TGTGAGA,772,485
TGTGAGC,1071,643
TGTGAGG,923,616
TGTGAGT,814,525
TGTGATA,754,502
TGTGATC,935,583
TGTGATG,691,434
TGTGATT,674,457
TGTGCAA,1215,775
TGTGCAC,1519,938
TGTGCAG,1033,681
TGTGCAT,1056,637
TGTGCCA,1301,856
TGTGCCC,1479,915
TGTGCCG,1070,654
TGTGCCT,1102,675
TGTGCGA,1101,690
TGTGCGC,1469,957
TGTGCGG,1085,726
TGTGCGT,1133,717
TGTGCTA,962,651
TGTGCTC,1186,724
TGTGCTG,816,531
TGTGCTT,889,563
TGTGGAA,810,559
TGTGGAC,1079,687
TGTGGAG,777,470
TGTGGAT,798,530
TGTGGCA,1166,762
TGTGGCC,1357,884
TGTGGCG,1019,590
TGTGGCT,1012,570
TGTGGGA,879,547
TGTGGGC,1238,773
TGTGGGG,942,556
TGTGGGT,927,604
TGTGGTA,836,551
TGTGGTC,1059,727
TGTGGTG,742,482
TGTGGTT,807,505
TGTGTAA,896,544
TGTGTAC,1074,665
TGTGTAG,799,485
TGTGTAT,774,499
TGTGTCA,1098,760
TGTGTCC,1116,770
TGTGTCG,885,581
TGTGTCT,901,600
TGTGTGA,843,472
TGTGTGC,1141,746
TGTGTGG,789,586
TGTGTGT,900,561
TGTGTTA,854,500
TGTGTTC,975,564
TGTGTTG,708,421
TGTGTTT,772,488
TGTTAAA,797,503
TGTTAAC,1127,699
TGTTAAG,892,547
TGTTAAT,795,537
TGTTACA,1032,650
TGTTACC,1210,793
TGTTACG,1039,695
TGTTACT,850,456
TGTTAGA,776,471
TGTTAGC,1117,698
TGTTAGG,948,622
TGTTAGT,809,538
TGTTATA,826,511
TGTTATC,940,624
TGTTATG,732,507
TGTTATT,752,437
TGTTCAA,1076,675
TGTTCAC,1284,794
TGTTCAG,1083,706
TGTTCAT,970,648
TGTTCCA,1134,741
TGTTCCC,1305,786
TGTTCCG,1086,752
TGTTCCT,900,547
TGTTCGA,1013,656
TGTTCGC,1275,851
TGTTCGG,1136,747
TGTTCGT,891,615
TGTTCTA,843,566
TGTTCTC,1060,603
TGTTCTG,825,495
TGTTCTT,791,481
TGTTGAA,735,447
TGTTGAC,954,603
TGTTGAG,752,469
TGTTGAT,721,436
TGTTGCA,1014,615
TGTTGCC,1110,726
TGTTGCG,1014,636
TGTTGCT,836,535
TGTTGGA,772,517
TGTTGGC,1108,679
TGTTGGG,877,566
TGTTGGT,867,531
TGTTGTA,776,535
TGTTGTC,891,565
TGTTGTG,730,455
TGTTGTT,753,458
TGTTTAA,777,576
TGTTTAC,1086,631
TGTTTAG,838,522
TGTTTAT,744,535
TGTTTCA,1082,638
TGTTTCC,1033,600
TGTTTCG,912,613
TGTTTCT,822,483
TGTTTGA,802,457
TGTTTGC,968,661
TGTTTGG,861,563
TGTTTGT,759,469
TGTTTTA,728,480
TGTTTTC,913,579
TGTTTTG,745,411
TGTTTTT,699,428
TTAAAAA,542,380
TTAAAAC,942,596
TTAAAAG,746,408
TTAAAAT,648,363
TTAAACA,782,469
TTAAACC,960,623
TTAAACG,862,528
TTAAACT,733,481
TTAAAGA,590,339
TTAAAGC,929,662
TTAAAGG,807,511
TTAAAGT,681,433
TTAAATA,643,363
TTAAATC,877,561
TTAAATG,624,395
TTAAATT,624,376
TTAACAA,811,506
TTAACAC,1118,730
TTAACAG,777,553
TTAACAT,827,475
TTAACCA,964,637
TTAACCC,1084,729
TTAACCG,977,574
TTAACCT,834,530
TTAACGA,844,528
TTAACGC,1133,773
TTAACGG,1074,600
TTAACGT,911,542
TTAACTA,675,450
TTAACTC,860,544
TTAACTG,665,420
TTAACTT,661,402
TTAAGAA,609,400
TTAAGAC,904,513
TTAAGAG,681,379
TTAAGAT,605,429
TTAAGCA,855,598
TTAAGCC,1043,651
TTAAGCG,856,560
TTAAGCT,766,526
TTAAGGA,759,481
TTAAGGC,1087,649
TTAAGGG,870,559
TTAAGGT,774,501
TTAAGTA,669,460
TTAAGTC,807,553
TTAAGTG,686,438
TTAAGTT,697,409
TTAATAA,637,387
TTAATAC,811,529
TTAATAG,610,353
TTAATAT,603,398
TTAATCA,770,504
TTAATCC,870,557
TTAATCG,868,559
TTAATCT,686,429
TTAATGA,609,368
TTAATGC,872,567
TTAATGG,785,466
TTAATGT,678,442
TTAATTA,603,380
TTAATTC,723,510
TTAATTG,576,343
TTAATTT,570,373
TTACAAA,755,493
TTACAAC,1048,697
TTACAAG,802,560
TTACAAT,747,474
TTACACA,1008,611
TTACACC,1215,765
TTACACG,997,638
TTACACT,887,601
TTACAGA,742,483
TTACAGC,1053,659
TTACAGG,917,608
TTACAGT,780,489
TTACATA,781,441
TTACATC,964,620
TTACATG,752,460
TTACATT,762,490
TTACCAA,901,554
TTACCAC,1166,721
TTACCAG,928,523
TTACCAT,824,535
TTACCCA,966,619
TTACCCC,1042,722
TTACCCG,975,651
TTACCCT,818,500
TTACCGA,805,584
TTACCGC,1213,764
TTACCGG,1042,610
TTACCGT,929,591
TTACCTA,786,463
TTACCTC,906,615
TTACCTG,716,451
TTACCTT,717,446
TTACGAA,868,476
TTACGAC,1035,634
TTACGAG,767,563
TTACGAT,768,513
TTACGCA,1134,734
TTACGCC,1271,799
TTACGCG,1015,668
TTACGCT,917,567
TTACGGA,957,595
TTACGGC,1183,769
TTACGGG,1013,631
TTACGGT,888,572
TTACGTA,872,538
TTACGTC,1028,645
TTACGTG,800,501
TTACGTT,778,486
TTACTAA,704,398
TTACTAC,853,515
TTACTAG,628,429
TTACTAT,596,405
TTACTCA,870,553
TTACTCC,970,580
TTACTCG,887,607
TTACTCT,698,466
TTACTGA,639,465
TTACTGC,865,553
TTACTGG,664,482
TTACTGT,678,416
TTACTTA,648,403
TTACTTC,789,493
TTACTTG,610,403
TTACTTT,648,354
TTAGAAA,683,412
TTAGAAC,842,531
TTAGAAG,654,382
TTAGAAT,668,421
TTAGACA,876,514
TTAGACC,1016,650
TTAGACG,764,509
TTAGACT,695,416
TTAGAGA,612,369
TTAGAGC,922,499
TTAGAGG,738,452
TTAGAGT,683,473
TTAGATA,666,404
TTAGATC,833,531
TTAGATG,584,423
TTAGATT,639,388
TTAGCAA,888,639
TTAGCAC,1281,770
TTAGCAG,806,504
TTAGCAT,895,576
TTAGCCA,1108,672
TTAGCCC,1175,735
TTAGCCG,944,606
TTAGCCT,896,563
TTAGCGA,916,581
TTAGCGC,1221,816
TTAGCGG,874,635
TTAGCGT,935,612
TTAGCTA,769,499
TTAGCTC,909,642
TTAGCTG,685,454
TTAGCTT,701,474
TTAGGAA,738,504
TTAGGAC,970,623
TTAGGAG,709,452
TTAGGAT,762,487
TTAGGCA,1105,664
TTAGGCC,1180,833
TTAGGCG,916,568
TTAGGCT,825,583
TTAGGGA,851,574
TTAGGGC,1257,734
TTAGGGG,835,573
TTAGGGT,881,536
TTAGGTA,826,512
TTAGGTC,956,615
TTAGGTG,643,432
TTAGGTT,725,486
TTAGTAA,676,466
TTAGTAC,822,589
TTAGTAG,635,424
TTAGTAT,678,391
TTAGTCA,916,551
TTAGTCC,969,589
TTAGTCG,715,474
TTAGTCT,714,485
TTAGTGA,686,388
TTAGTGC,846,615
TTAGTGG,641,478
TTAGTGT,681,441
TTAGTTA,682,451
TTAGTTC,808,525
TTAGTTG,603,353
TTAGTTT,640,400
TTATAAA,606,389
TTATAAC,849,553
TTATAAG,661,378
TTATAAT,657,368
TTATACA,837,506
TTATACC,947,587
TTATACG,917,576
TTATACT,716,497
TTATAGA,652,378
TTATAGC,870,553
TTATAGG,744,471
TTATAGT,716,434
TTATATA,677,400
TTATATC,824,527
TTATATG,641,393
TTATATT,588,398
TTATCAA,853,576
TTATCAC,1113,695
TTATCAG,855,528
TTATCAT,779,476
TTATCCA,1020,606
TTATCCC,980,627
TTATCCG,958,586
TTATCCT,720,454
TTATCGA,852,561
TTATCGC,1098,732
TTATCGG,933,607
TTATCGT,845,540
TTATCTA,729,436
TTATCTC,871,556
TTATCTG,660,443
TTATCTT,616,395
TTATGAA,685,435
TTATGAC,830,569
TTATGAG,638,376
TTATGAT,645,397
TTATGCA,907,584
TTATGCC,986,629
TTATGCG,906,554
TTATGCT,803,476
TTATGGA,790,414
TTATGGC,1048,624
TTATGGG,793,487
TTATGGT,745,432
TTATGTA,774,467
TTATGTC,871,573
TTATGTG,634,468
TTATGTT,689,418
TTATTAA,649,417
TTATTAC,859,549
TTATTAG,666,393
TTATTAT,578,406
TTATTCA,836,508
TTATTCC,894,569
TTATTCG,819,515
TTATTCT,672,430
TTATTGA,606,380
TTATTGC,838,521
TTATTGG,715,444
TTATTGT,654,396
TTATTTA,631,429
TTATTTC,782,442
TTATTTG,621,363
TTATTTT,606,363
TTCAAAA,758,464
TTCAAAC,1051,675
TTCAAAG,798,482
TTCAAAT,775,471
TTCAACA,1004,651
TTCAACC,1123,732
TTCAACG,1006,640
TTCAACT,904,524
TTCAAGA,799,520
TTCAAGC,996,673
TTCAAGG,1001,586
TTCAAGT,783,556
TTCAATA,759,499
TTCAATC,959,632
TTCAATG,771,469
TTCAATT,764,489
TTCACAA,996,592
TTCACAC,1360,829
TTCACAG,994,601
TTCACAT,983,581
TTCACCA,1115,722
TTCACCC,1196,773
TTCACCG,1110,715
TTCACCT,894,563
TTCACGA,958,658
TTCACGC,1320,851
TTCACGG,1134,681
TTCACGT,960,618
TTCACTA,814,574
TTCACTC,1049,680
TTCACTG,763,513
TTCACTT,766,483
TTCAGAA,723,471
TTCAGAC,995,633
TTCAGAG,738,471
TTCAGAT,732,474
TTCAGCA,1053,687
TTCAGCC,1173,723
TTCAGCG,989,638
TTCAGCT,849,556
TTCAGGA,906,524
TTCAGGC,1196,820
TTCAGGG,1019,625
TTCAGGT,872,565
TTCAGTA,807,573
TTCAGTC,946,653
TTCAGTG,725,523
TTCAGTT,710,414
TTCATAA,772,506
TTCATAC,1028,601
TTCATAG,730,468
TTCATAT,713,462
TTCATCA,957,639
TTCATCC,1028,659
TTCATCG,1000,687
TTCATCT,776,502
TTCATGA,753,482
TTCATGC,1011,688
TTCATGG,830,508
TTCATGT,721,462
TTCATTA,772,470
TTCATTC,863,501
TTCATTG,739,416
TTCATTT,699,485
TTCCAAA,842,535
TTCCAAC,1103,708
TTCCAAG,852,587
TTCCAAT,766,526
TTCCACA,1084,707
TTCCACC,1211,787
TTCCACG,955,674
TTCCACT,879,599
TTCCAGA,813,532
TTCCAGC,1079,710
TTCCAGG,991,632
TTCCAGT,827,469
TTCCATA,777,489
TTCCATC,1025,618
TTCCATG,755,409
TTCCATT,706,542
TTCCCAA,960,530
TTCCCAC,1137,768
TTCCCAG,802,553
TTCCCAT,841,568
TTCCCCA,1041,652
TTCCCCC,1148,733
TTCCCCG,980,620
TTCCCCT,827,561
TTCCCGA,906,596
TTCCCGC,1153,773
TTCCCGG,1025,640
TTCCCGT,955,569
TTCCCTA,857,455
TTCCCTC,976,596
TTCCCTG,731,472
TTCCCTT,728,410
TTCCGAA,830,524
TTCCGAC,1072,658
TTCCGAG,753,524
TTCCGAT,765,489
TTCCGCA,1181,750
TTCCGCC,1305,831
TTCCGCG,1041,703
TTCCGCT,905,606
TTCCGGA,909,579
TTCCGGC,1236,837
TTCCGGG,1024,676
TTCCGGT,895,618
TTCCGTA,830,572
TTCCGTC,1109,686
TTCCGTG,825,509
TTCCGTT,760,536
TTCCTAA,736,455
TTCCTAC,816,548
TTCCTAG,669,422
TTCCTAT,647,381
TTCCTCA,848,575
TTCCTCC,919,609
TTCCTCG,1030,650
TTCCTCT,757,484
TTCCTGA,708,432
TTCCTGC,942,562
TTCCTGG,800,518
TTCCTGT,710,429
TTCCTTA,631,392
TTCCTTC,844,542
TTCCTTG,641,360
TTCCTTT,646,401
TTCGAAA,851,497
TTCGAAC,986,691
TTCGAAG,744,462
TTCGAAT,761,465
TTCGACA,997,659
TTCGACC,1103,711
TTCGACG,861,575
TTCGACT,789,550
TTCGAGA,780,445
TTCGAGC,1051,640
TTCGAGG,917,579
TTCGAGT,804,455
TTCGATA,845,479
TTCGATC,933,584
TTCGATG,680,437
TTCGATT,642,473
TTCGCAA,1097,750
TTCGCAC,1329,893
TTCGCAG,923,604
TTCGCAT,1049,697
TTCGCCA,1222,777
TTCGCCC,1290,861
TTCGCCG,1025,696
TTCGCCT,1015,677
TTCGCGA,1071,632
TTCGCGC,1291,906
TTCGCGG,1050,702
TTCGCGT,956,638
TTCGCTA,857,571
TTCGCTC,1142,736
TTCGCTG,786,524
TTCGCTT,798,482
TTCGGAA,886,602
TTCGGAC,1150,694
TTCGGAG,748,482
TTCGGAT,844,550
TTCGGCA,1208,852
TTCGGCC,1313,897
TTCGGCG,1048,624
TTCGGCT,1006,643
TTCGGGA,944,602
TTCGGGC,1377,853
TTCGGGG,983,660
TTCGGGT,1005,633
TTCGGTA,917,587
TTCGGTC,1141,723
TTCGGTG,805,474
TTCGGTT,844,525
TTCGTAA,840,551
TTCGTAC,1057,721
TTCGTAG,745,494
TTCGTAT,804,521
TTCGTCA,1133,701
TTCGTCC,1128,706
TTCGTCG,793,536
TTCGTCT,834,516
TTCGTGA,789,504
TTCGTGC,1051,709
TTCGTGG,813,525
TTCGTGT,777,503
TTCGTTA,848,499
TTCGTTC,956,579
TTCGTTG,703,441
TTCGTTT,772,528
TTCTAAA,684,430
TTCTAAC,1007,584
TTCTAAG,734,469
TTCTAAT,644,449
TTCTACA,793,510
TTCTACC,839,587
TTCTACG,864,548
TTCTACT,770,428
TTCTAGA,623,457
TTCTAGC,909,587
TTCTAGG,775,503
TTCTAGT,650,428
TTCTATA,703,435
TTCTATC,815,511
TTCTATG,673,401
TTCTATT,626,418
TTCTCAA,851,612
TTCTCAC,1022,688
TTCTCAG,865,518
TTCTCAT,786,558
TTCTCCA,966,578
TTCTCCC,1017,716
TTCTCCG,1003,581
TTCTCCT,765,455
TTCTCGA,922,633
TTCTCGC,1047,737
TTCTCGG,983,624
TTCTCGT,803,547
TTCTCTA,707,482
TTCTCTC,837,528
TTCTCTG,703,435
TTCTCTT,637,433
TTCTGAA,674,486
TTCTGAC,889,550
TTCTGAG,674,431
TTCTGAT,641,414
TTCTGCA,967,632
TTCTGCC,1020,649
TTCTGCG,967,560
TTCTGCT,704,499
TTCTGGA,806,453
TTCTGGC,964,649
TTCTGGG,861,586
TTCTGGT,696,486
TTCTGTA,718,479
TTCTGTC,871,557
TTCTGTG,713,431
TTCTGTT,632,420
TTCTTAA,680,447
TTCTTAC,797,569
TTCTTAG,710,411
TTCTTAT,627,376
TTCTTCA,861,554
TTCTTCC,907,581
TTCTTCG,873,503
TTCTTCT,664,406
TTCTTGA,610,432
TTCTTGC,902,521
TTCTTGG,727,461
TTCTTGT,686,421
TTCTTTA,678,411
TTCTTTC,741,490
TTCTTTG,565,386
TTCTTTT,629,353
TTGAAAA,636,420
TTGAAAC,974,636
TTGAAAG,715,465
TTGAAAT,725,450
TTGAACA,915,578
TTGAACC,1032,652
TTGAACG,857,597
TTGAACT,822,505
TTGAAGA,633,423
TTGAAGC,940,599
TTGAAGG,820,506
TTGAAGT,686,430
TTGAATA,644,412
TTGAATC,875,551
TTGAATG,652,451
TTGAATT,643,430
TTGACAA,845,576
TTGACAC,1161,815
TTGACAG,883,504
TTGACAT,948,563
TTGACCA,1043,667
TTGACCC,1204,690
TTGACCG,903,614
TTGACCT,860,520
TTGACGA,803,521
TTGACGC,1098,722
TTGACGG,932,552
TTGACGT,813,526
TTGACTA,737,526
TTGACTC,981,607
TTGACTG,641,422
TTGACTT,669,451
TTGAGAA,604,404
TTGAGAC,907,535
TTGAGAG,651,447
TTGAGAT,658,435
TTGAGCA,913,576
TTGAGCC,1009,670
TTGAGCG,845,571
TTGAGCT,729,487
TTGAGGA,751,484
TTGAGGC,1032,736
TTGAGGG,854,599
TTGAGGT,739,494
TTGAGTA,771,426
TTGAGTC,842,567
TTGAGTG,652,414
TTGAGTT,721,430
TTGATAA,727,414
TTGATAC,882,603
TTGATAG,628,424
TTGATAT,682,423
TTGATCA,867,552
TTGATCC,932,617
TTGATCG,893,590
TTGATCT,715,463
TTGATGA,634,406
TTGATGC,888,570
TTGATGG,721,479
TTGATGT,660,430
TTGATTA,696,429
TTGATTC,789,500
TTGATTG,612,378
TTGATTT,675,355
TTGCAAA,1029,654
TTGCAAC,1328,775
TTGCAAG,973,601
TTGCAAT,948,636
TTGCACA,1284,812
TTGCACC,1482,883
TTGCACG,1172,731
TTGCACT,1014,610
TTGCAGA,888,584
TTGCAGC,1097,739
TTGCAGG,990,623
TTGCAGT,878,548
TTGCATA,927,578
TTGCATC,1134,699
TTGCATG,847,551
TTGCATT,857,594
TTGCCAA,1091,688
TTGCCAC,1441,916
TTGCCAG,939,676
TTGCCAT,1069,623
TTGCCCA,1304,810
TTGCCCC,1329,901
TTGCCCG,1127,754
TTGCCCT,951,630
TTGCCGA,920,586
TTGCCGC,1290,738
TTGCCGG,996,650
TTGCCGT,939,644
TTGCCTA,1005,592
TTGCCTC,1175,727
TTGCCTG,822,534
TTGCCTT,895,533
TTGCGAA,911,656
TTGCGAC,1200,789
TTGCGAG,885,573
TTGCGAT,954,599
TTGCGCA,1283,859
TTGCGCC,1345,885
TTGCGCG,1205,706
TTGCGCT,1061,596
TTGCGGA,975,654
TTGCGGC,1342,847
TTGCGGG,1048,671
TTGCGGT,989,611
TTGCGTA,970,618
TTGCGTC,1210,696
TTGCGTG,830,532
TTGCGTT,930,566
TTGCTAA,809,541
TTGCTAC,1043,649
TTGCTAG,675,484
TTGCTAT,775,508
TTGCTCA,1049,667
TTGCTCC,1126,691
TTGCTCG,1146,807
TTGCTCT,796,546
TTGCTGA,701,475
TTGCTGC,954,610
TTGCTGG,749,544
TTGCTGT,749,454
TTGCTTA,799,488
TTGCTTC,991,555
TTGCTTG,733,501
TTGCTTT,672,458
TTGGAAA,848,474
TTGGAAC,1003,687
TTGGAAG,769,526
TTGGAAT,785,511
TTGGACA,1011,650
TTGGACC,1289,814
TTGGACG,869,575
TTGGACT,848,556
TTGGAGA,707,475
TTGGAGC,964,591
TTGGAGG,814,542
TTGGAGT,784,442
TTGGATA,820,492
TTGGATC,1022,650
TTGGATG,700,470
TTGGATT,734,430
TTGGCAA,1115,731
TTGGCAC,1543,960
TTGGCAG,936,610
TTGGCAT,1125,673
TTGGCCA,1398,831
TTGGCCC,1412,913
TTGGCCG,1053,670
TTGGCCT,1082,701
TTGGCGA,899,612
TTGGCGC,1336,842
TTGGCGG,945,612
TTGGCGT,932,678
TTGGCTA,897,569
TTGGCTC,1173,707
TTGGCTG,781,530
TTGGCTT,868,511
TTGGGAA,916,586
TTGGGAC,1147,788
TTGGGAG,773,455
TTGGGAT,887,540
TTGGGCA,1229,770
TTGGGCC,1461,908
TTGGGCG,1037,647
TTGGGCT,942,619
TTGGGGA,940,532
TTGGGGC,1248,832
TTGGGGG,849,627
TTGGGGT,959,597
TTGGGTA,875,548
TTGGGTC,1134,689
TTGGGTG,782,491
TTGGGTT,874,527
TTGGTAA,899,581
TTGGTAC,1145,711
TTGGTAG,730,481
TTGGTAT,798,519
TTGGTCA,1074,737
TTGGTCC,1151,752
TTGGTCG,911,600
TTGGTCT,903,571
TTGGTGA,755,448
TTGGTGC,990,669
TTGGTGG,770,549
TTGGTGT,787,490
TTGGTTA,778,533
TTGGTTC,994,621
TTGGTTG,690,444
TTGGTTT,790,511
TTGTAAA,849,496
TTGTAAC,1055,700
TTGTAAG,842,523
TTGTAAT,822,460
TTGTACA,1085,670
TTGTACC,1139,735
TTGTACG,983,621
TTGTACT,820,533
TTGTAGA,735,426
TTGTAGC,972,611
TTGTAGG,809,536
TTGTAGT,722,476
TTGTATA,777,499
TTGTATC,986,633
TTGTATG,766,516
TTGTATT,711,456
TTGTCAA,1029,681
TTGTCAC,1267,856
TTGTCAG,956,668
TTGTCAT,923,600
TTGTCCA,1160,728
TTGTCCC,1191,744
TTGTCCG,1080,669
TTGTCCT,881,616
TTGTCGA,799,558
TTGTCGC,1062,714
TTGTCGG,883,630
TTGTCGT,905,519
TTGTCTA,805,501
TTGTCTC,1089,644
TTGTCTG,778,450
TTGTCTT,796,465
TTGTGAA,850,487
TTGTGAC,975,645
TTGTGAG,749,482
TTGTGAT,808,490
TTGTGCA,1036,605
TTGTGCC,1101,720
TTGTGCG,991,637
TTGTGCT,881,529
TTGTGGA,784,539
TTGTGGC,1056,671
TTGTGGG,825,528
TTGTGGT,829,525
TTGTGTA,842,518
TTGTGTC,957,647
TTGTGTG,770,475
TTGTGTT,698,486
TTGTTAA,879,494
TTGTTAC,1017,676
TTGTTAG,740,482
TTGTTAT,769,482
TTGTTCA,1004,607
TTGTTCC,1034,572
TTGTTCG,1021,637
TTGTTCT,831,510
TTGTTGA,715,479
TTGTTGC,922,652
TTGTTGG,748,478
TTGTTGT,722,466
TTGTTTA,829,496
TTGTTTC,852,531
TTGTTTG,670,449
TTGTTTT,695,433
TTTAAAA,720,453
TTTAAAC,1072,648
TTTAAAG,772,485
TTTAAAT,742,470
TTTAACA,945,567
TTTAACC,1043,632
TTTAACG,951,637
TTTAACT,771,546
TTTAAGA,671,447
TTTAAGC,1038,652
TTTAAGG,851,557
TTTAAGT,756,469
TTTAATA,726,450
TTTAATC,841,609
TTTAATG,669,423
TTTAATT,643,427
TTTACAA,856,583
TTTACAC,1191,732
TTTACAG,965,581
TTTACAT,874,579
TTTACCA,1009,659
TTTACCC,1084,748
TTTACCG,966,615
TTTACCT,807,542
TTTACGA,919,613
TTTACGC,1223,782
TTTACGG,983,609
TTTACGT,967,634
TTTACTA,754,463
TTTACTC,918,583
TTTACTG,674,471
TTTACTT,744,433
TTTAGAA,650,437
TTTAGAC,952,623
TTTAGAG,642,417
TTTAGAT,701,449
TTTAGCA,1008,655
TTTAGCC,1057,729
TTTAGCG,939,592
TTTAGCT,790,474
TTTAGGA,782,514
TTTAGGC,1063,670
TTTAGGG,878,600
TTTAGGT,859,587
TTTAGTA,733,493
TTTAGTC,911,578
TTTAGTG,717,436
TTTAGTT,649,457
TTTATAA,656,446
TTTATAC,926,578
TTTATAG,666,426
TTTATAT,680,433
TTTATCA,925,549
TTTATCC,899,551
TTTATCG,899,592
TTTATCT,721,464
TTTATGA,760,456
TTTATGC,991,578
TTTATGG,739,493
TTTATGT,717,464
TTTATTA,649,409
TTTATTC,766,498
TTTATTG,637,396
TTTATTT,666,402
TTTCAAA,929,523
TTTCAAC,1186,745
TTTCAAG,886,486
TTTCAAT,838,485
TTTCACA,1189,726
TTTCACC,1218,791
TTTCACG,1094,662
TTTCACT,938,572
TTTCAGA,898,586
TTTCAGC,1146,784
TTTCAGG,986,592
TTTCAGT,933,557
TTTCATA,882,582
TTTCATC,1040,646
TTTCATG,810,496
TTTCATT,803,491
TTTCCAA,1012,636
TTTCCAC,1237,713
TTTCCAG,918,599
TTTCCAT,874,575
TTTCCCA,1031,652
TTTCCCC,1115,699
TTTCCCG,997,594
TTTCCCT,841,484
TTTCCGA,914,584
TTTCCGC,1198,774
TTTCCGG,994,610
TTTCCGT,957,601
TTTCCTA,756,542
TTTCCTC,936,605
TTTCCTG,829,452
TTTCCTT,680,412
TTTCGAA,888,608
TTTCGAC,1090,655
TTTCGAG,1052,571
TTTCGAT,833,518
TTTCGCA,1148,686
TTTCGCC,1235,748
TTTCGCG,1028,634
TTTCGCT,888,609
TTTCGGA,981,572
TTTCGGC,1255,833
TTTCGGG,959,655
TTTCGGT,953,606
TTTCGTA,890,576
TTTCGTC,1060,711
TTTCGTG,768,511
TTTCGTT,780,491
TTTCTAA,750,442
TTTCTAC,866,536
TTTCTAG,712,422
TTTCTAT,706,434
TTTCTCA,854,545
TTTCTCC,906,636
TTTCTCG,945,652
TTTCTCT,687,424
TTTCTGA,651,441
TTTCTGC,902,583
TTTCTGG,768,445
TTTCTGT,679,421
TTTCTTA,671,417
TTTCTTC,741,545
TTTCTTG,629,418
TTTCTTT,620,401
TTTGAAA,711,460
TTTGAAC,958,570
TTTGAAG,716,423
TTTGAAT,702,449
TTTGACA,991,564
TTTGACC,1038,643
TTTGACG,853,545
TTTGACT,772,462
TTTGAGA,716,423
TTTGAGC,997,622
TTTGAGG,786,549
TTTGAGT,735,425
TTTGATA,767,478
TTTGATC,896,542
TTTGATG,621,394
TTTGATT,669,434
TTTGCAA,1088,687
TTTGCAC,1319,811
TTTGCAG,885,567
TTTGCAT,944,595
TTTGCCA,1144,733
TTTGCCC,1248,781
TTTGCCG,982,596
TTTGCCT,935,525
TTTGCGA,976,669
TTTGCGC,1255,826
TTTGCGG,979,618
TTTGCGT,931,624
TTTGCTA,816,548
TTTGCTC,1011,615
TTTGCTG,688,455
TTTGCTT,758,456
TTTGGAA,831,529
TTTGGAC,1130,665
TTTGGAG,645,448
TTTGGAT,814,476
TTTGGCA,1116,764
TTTGGCC,1177,768
TTTGGCG,971,620
TTTGGCT,846,565
TTTGGGA,884,571
TTTGGGC,1193,732
TTTGGGG,948,598
TTTGGGT,965,585
TTTGGTA,813,536
TTTGGTC,973,651
TTTGGTG,669,451
TTTGGTT,794,523
TTTGTAA,801,503
TTTGTAC,917,603
TTTGTAG,683,442
TTTGTAT,737,470
TTTGTCA,1006,621
TTTGTCC,1027,664
TTTGTCG,753,516
TTTGTCT,745,473
TTTGTGA,693,466
TTTGTGC,1077,651
TTTGTGG,773,491
TTTGTGT,761,478
TTTGTTA,770,492
TTTGTTC,841,575
TTTGTTG,632,408
TTTGTTT,644,444
TTTTAAA,744,479
TTTTAAC,1002,696
TTTTAAG,821,482
TTTTAAT,708,427
TTTTACA,963,558
TTTTACC,1016,692
TTTTACG,972,602
TTTTACT,799,482
TTTTAGA,657,435
TTTTAGC,1004,645
TTTTAGG,915,561
TTTTAGT,741,456
TTTTATA,649,444
TTTTATC,860,609
TTTTATG,685,439
TTTTATT,676,410
TTTTCAA,882,549
TTTTCAC,1154,702
TTTTCAG,919,530
TTTTCAT,862,495
TTTTCCA,887,619
TTTTCCC,1012,685
TTTTCCG,911,600
TTTTCCT,850,455
TTTTCGA,860,563
TTTTCGC,1167,701
TTTTCGG,996,611
TTTTCGT,867,541
TTTTCTA,687,467
TTTTCTC,914,550
TTTTCTG,687,491
TTTTCTT,719,455
TTTTGAA,691,456
TTTTGAC,996,633
TTTTGAG,695,458
TTTTGAT,658,443
TTTTGCA,977,661
TTTTGCC,1054,630
TTTTGCG,973,628
TTTTGCT,743,500
TTTTGGA,814,473
TTTTGGC,1088,688
TTTTGGG,858,524
TTTTGGT,765,490
TTTTGTA,694,456
TTTTGTC,860,542
TTTTGTG,709,410
TTTTGTT,688,411
TTTTTAA,785,480
TTTTTAC,881,545
TTTTTAG,692,500
TTTTTAT,653,411
TTTTTCA,841,537
TTTTTCC,857,570
TTTTTCG,861,511
TTTTTCT,743,402
TTTTTGA,653,384
TTTTTGC,786,566
TTTTTGG,754,457
TTTTTGT,690,449
TTTTTTA,675,437
TTTTTTC,797,476
TTTTTTG,675,399
TTTTTTT,641,383
